Player,Year,Rk,Date,Age,Tm,home_away,Opp,win_margin,GS,MP,FG,FGA,FG%,3P,3PA,3P%,FT,FTA,FT%,ORB,DRB,TRB,AST,STL,BLK,TOV,PF,PTS,GmSc
Tianna Hawkins,2020,1,2020-07-25,29.4,WAS,home,IND,25.0,0,2.0,0,1,0.0,0,1,0.0,0,0,,0,0,0,0,0,0,0,0,0,-0.7
Tianna Hawkins,2020,2,2020-08-05,29.4,WAS,home,LVA,-6.0,0,16.2,3,8,0.375,1,4,0.25,0,0,,0,1,1,1,2,0,1,3,7,3.4
Tianna Hawkins,2020,3,2020-08-07,29.4,WAS,home,NYL,-8.0,0,17.2,0,4,0.0,0,3,0.0,0,0,,0,5,5,1,0,1,2,2,0,-2.7
Tianna Hawkins,2020,4,2020-08-09,29.4,WAS,home,IND,-7.0,0,22.0,5,11,0.455,2,5,0.4,5,7,0.714,3,7,10,0,2,0,0,3,17,15.5
Tianna Hawkins,2020,5,2020-08-11,29.4,WAS,home,MIN,-20.0,1,24.1,3,8,0.375,2,3,0.667,2,2,1.0,2,4,6,3,2,1,1,3,10,10.8
Tianna Hawkins,2020,6,2020-08-13,29.4,WAS,home,LAS,-17.0,1,23.0,1,5,0.2,1,4,0.25,0,0,,0,3,3,2,0,0,2,2,3,-0.6
Tianna Hawkins,2020,7,2020-08-15,29.5,WAS,home,LVA,-15.0,1,27.8,5,13,0.385,2,7,0.286,0,0,,4,3,7,2,1,0,4,3,12,5.8
Tianna Hawkins,2020,8,2020-08-19,29.5,WAS,home,ATL,7.0,0,16.4,3,7,0.429,1,3,0.333,2,3,0.667,1,1,2,1,2,0,1,4,9,6.0
Tianna Hawkins,2020,9,2020-08-21,29.5,WAS,home,DAL,-9.0,1,22.4,5,7,0.714,1,3,0.333,0,0,,0,5,5,1,1,1,2,1,11,9.6
Tianna Hawkins,2020,10,2020-08-23,29.5,WAS,home,PHO,-1.0,1,31.5,7,15,0.467,3,6,0.5,2,2,1.0,2,3,5,2,0,1,2,3,19,12.5
Tianna Hawkins,2020,11,2020-08-28,29.5,WAS,home,PHO,-22.0,0,17.7,5,10,0.5,2,3,0.667,1,2,0.5,0,1,1,0,0,0,1,5,13,4.9
Tianna Hawkins,2020,12,2020-08-30,29.5,WAS,home,CON,-13.0,0,23.2,1,7,0.143,0,2,0.0,1,1,1.0,0,2,2,1,1,1,3,3,3,-2.7
Tianna Hawkins,2020,13,2020-09-02,29.5,WAS,home,SEA,-7.0,0,22.4,4,9,0.444,1,3,0.333,1,1,1.0,0,3,3,1,1,1,0,4,10,7.0
Tianna Hawkins,2020,14,2020-09-04,29.5,WAS,home,CHI,10.0,0,18.7,1,6,0.167,0,3,0.0,0,0,,0,2,2,0,0,0,1,0,2,-2.2
Tianna Hawkins,2020,15,2020-09-06,29.5,WAS,home,DAL,-7.0,0,15.4,3,7,0.429,0,2,0.0,2,2,1.0,0,3,3,1,0,0,0,4,8,4.3
Tianna Hawkins,2020,16,2020-09-08,29.5,WAS,home,MIN,3.0,0,16.7,4,7,0.571,0,3,0.0,6,6,1.0,0,2,2,0,1,0,0,4,14,10.7
Tianna Hawkins,2020,17,2020-09-13,29.5,WAS,home,ATL,7.0,0,11.9,3,5,0.6,1,2,0.5,0,0,,0,3,3,1,1,0,0,0,7,7.3
Tianna Hawkins,2021,1,2021-05-14,30.2,ATL,home,CON,-11.0,1,31.4,5,12,.417,0,5,.000,1,1,1.000,1,0,1,3,2,1,1,2,11,8.3
Tianna Hawkins,2021,2,2021-05-19,30.2,ATL,home,CHI,-8.0,1,18.3,1,5,.200,0,3,.000,0,0,,0,2,2,1,2,0,2,4,2,-1.4
Tianna Hawkins,2021,3,2021-05-21,30.2,ATL,away,IND,4.0,1,16.2,0,5,.000,0,2,.000,0,0,,0,2,2,2,0,2,0,1,0,-0.5
Tianna Hawkins,2021,4,2021-05-25,30.2,ATL,away,CHI,7.0,1,15.9,2,3,.667,0,0,,0,0,,1,4,5,1,0,0,0,3,4,4.1
Tianna Hawkins,2021,5,2021-05-27,30.2,ATL,home,DAL,6.0,1,19.8,1,4,.250,0,2,.000,2,2,1.000,0,5,5,0,1,0,2,2,4,1.3
Tianna Hawkins,2021,6,2021-05-29,30.2,ATL,away,NYL,3.0,1,19.6,1,3,.333,0,2,.000,0,0,,1,3,4,0,1,1,3,1,2,0.2
Tianna Hawkins,2021,7,2021-06-04,30.3,ATL,away,MIN,-2.0,1,17.4,2,4,.500,1,3,.333,0,0,,0,4,4,1,0,0,1,3,5,2.7
Tianna Hawkins,2021,8,2021-06-06,30.3,ATL,away,MIN,-20.0,1,9.8,0,0,,0,0,,0,0,,1,0,1,0,0,0,0,0,0,0.7
Tianna Hawkins,2021,9,2021-06-09,30.3,ATL,home,SEA,-24.0,0,16.6,2,4,.500,1,1,1.000,0,0,,2,3,5,0,0,1,1,3,5,3.8
Tianna Hawkins,2021,10,2021-06-11,30.3,ATL,home,SEA,-11.0,0,17.9,2,4,.500,1,2,.500,0,0,,1,3,4,0,1,0,0,3,5,4.4
Tianna Hawkins,2021,11,2021-06-13,30.3,ATL,home,WAS,23.0,0,17.0,4,7,.571,2,5,.400,0,0,,1,5,6,2,1,0,2,3,10,8.1
Tianna Hawkins,2021,12,2021-06-17,30.3,ATL,away,WAS,-3.0,0,26.8,6,10,.600,1,3,.333,4,4,1.000,2,7,9,1,0,1,0,1,17,16.9
Tianna Hawkins,2021,13,2021-06-23,30.3,ATL,home,MIN,-2.0,0,20.8,1,2,.500,1,2,.500,2,2,1.000,0,4,4,0,0,0,1,2,5,3.4
Tianna Hawkins,2021,14,2021-06-26,30.3,ATL,home,NYL,-23.0,0,13.5,1,1,1.000,1,1,1.000,4,4,1.000,0,2,2,0,0,0,3,3,7,3.1
Tianna Hawkins,2021,15,2021-06-29,30.3,ATL,home,NYL,4.0,0,14.3,1,3,.333,0,1,.000,2,2,1.000,0,3,3,1,1,0,1,1,4,3.5
Tianna Hawkins,2021,16,2021-07-02,30.3,ATL,away,SEA,-3.0,0,16.9,4,7,.571,2,4,.500,0,0,,0,2,2,1,0,2,1,2,10,7.6
Tianna Hawkins,2021,17,2021-07-04,30.3,ATL,away,LVA,-23.0,0,16.4,2,6,.333,2,6,.333,2,2,1.000,0,3,3,0,0,1,0,2,8,5.4
Tianna Hawkins,2021,18,2021-07-09,30.4,ATL,away,CON,-12.0,0,19.2,2,8,.250,1,5,.200,1,2,.500,0,0,0,2,0,0,1,5,6,-0.8
Tianna Hawkins,2021,19,2021-07-11,30.4,ATL,home,IND,-11.0,0,22.6,3,8,.375,0,2,.000,0,0,,0,5,5,0,0,2,0,3,6,3.3
Tianna Hawkins,2021,20,2021-08-15,30.5,ATL,away,PHO,-11.0,0,13.3,2,5,.400,1,3,.333,0,0,,1,4,5,1,0,2,2,2,5,3.5
Tianna Hawkins,2021,21,2021-08-17,30.5,ATL,away,LAS,-5.0,0,8.3,1,4,.250,0,2,.000,0,0,,1,3,4,0,1,0,3,1,2,-1.2
Tianna Hawkins,2021,22,2021-08-19,30.5,ATL,away,LAS,-2.0,0,7.5,0,2,.000,0,1,.000,0,0,,0,0,0,0,0,0,3,2,0,-5.2
Tianna Hawkins,2021,23,2021-08-21,30.5,ATL,home,PHO,-15.0,0,16.9,1,5,.200,0,4,.000,0,0,,0,3,3,1,0,0,1,3,2,-1.7
Tianna Hawkins,2021,24,2021-08-24,30.5,ATL,home,CHI,-7.0,0,16.5,3,6,.500,2,3,.667,1,2,.500,2,2,4,0,1,0,2,4,9,5.0
Tianna Hawkins,2021,25,2021-08-26,30.5,ATL,home,LVA,-7.0,0,2.0,0,1,.000,0,1,.000,2,2,1.000,0,1,1,0,0,0,0,2,2,0.8
Tianna Hawkins,2021,26,2021-09-14,30.5,ATL,home,IND,7.0,0,2.8,0,0,,0,0,,0,0,,0,1,1,0,0,1,1,2,0,-0.8
Tianna Hawkins,2021,27,2021-09-16,30.5,ATL,home,LAS,-6.0,0,3.9,0,0,,0,0,,0,0,,0,0,0,0,0,0,1,2,0,-1.8
Tianna Hawkins,2021,28,2021-09-19,30.6,ATL,away,CON,-20.0,0,11.2,3,7,.429,0,3,.000,0,0,,0,2,2,0,0,0,0,0,6,2.9
Tianna Hawkins,2022,1,2022-05-06,31.2,WAS,home,IND,14.0,0,17.4,3,5,.600,1,3,.333,0,0,,0,3,3,0,0,0,2,3,7,2.4
Tianna Hawkins,2022,2,2022-05-10,31.2,WAS,home,LVA,13.0,0,18.1,5,8,.625,0,2,.000,0,0,,1,3,4,3,0,1,3,2,10,7.0
Tianna Hawkins,2022,3,2022-05-13,31.2,WAS,home,DAL,-8.0,0,17.4,3,5,.600,0,1,.000,0,0,,0,2,2,2,1,0,3,3,6,2.5
Tianna Hawkins,2022,4,2022-05-17,31.2,WAS,away,DAL,16.0,0,18.5,0,2,.000,0,0,,0,0,,0,4,4,3,1,0,2,3,0,-0.3
Tianna Hawkins,2022,5,2022-05-20,31.2,WAS,away,ATL,5.0,0,23.7,3,7,.429,0,3,.000,5,5,1.000,1,4,5,3,1,0,2,2,11,9.5
Tianna Hawkins,2022,6,2022-05-22,31.2,WAS,home,CHI,-9.0,0,3.3,0,1,.000,0,1,.000,0,0,,0,0,0,0,0,0,0,0,0,-0.7
Tianna Hawkins,2022,7,2022-05-24,31.2,WAS,home,ATL,20.0,0,2.7,0,2,.000,0,1,.000,0,0,,0,0,0,0,0,0,1,1,0,-2.8
Tianna Hawkins,2022,8,2022-05-28,31.2,WAS,away,CON,-8.0,0,14.7,3,6,.500,2,5,.400,2,2,1.000,0,1,1,0,1,0,0,3,10,7.1
Tianna Hawkins,2022,9,2022-06-05,31.3,WAS,away,CHI,-9.0,0,22.0,8,13,.615,1,4,.250,4,4,1.000,2,2,4,1,1,0,3,3,21,14.6
Tianna Hawkins,2022,10,2022-06-08,31.3,WAS,home,CHI,2.0,0,20.4,3,8,.375,2,5,.400,0,0,,1,5,6,0,2,0,5,3,8,1.6
Tianna Hawkins,2022,11,2022-06-10,31.3,WAS,away,MIN,17.0,0,18.6,1,5,.200,1,4,.250,0,0,,0,2,2,1,1,0,3,4,3,-2.4
Tianna Hawkins,2022,12,2022-06-12,31.3,WAS,home,PHO,-9.0,0,10.0,1,5,.200,0,1,.000,1,2,.500,2,1,3,1,1,0,0,2,3,2.1
Tianna Hawkins,2022,13,2022-06-14,31.3,WAS,home,PHO,18.0,0,1.4,0,0,,0,0,,0,0,,0,0,0,0,0,0,0,0,0,0.0
Tianna Hawkins,2022,14,2022-06-16,31.3,WAS,away,NYL,-12.0,0,16.3,0,4,.000,0,3,.000,4,4,1.000,1,2,3,2,0,0,0,0,4,3.9
Tianna Hawkins,2022,15,2022-06-19,31.3,WAS,home,CON,8.0,0,2.5,0,2,.000,0,1,.000,0,0,,0,0,0,0,0,0,1,1,0,-2.8
Tianna Hawkins,2022,16,2022-06-21,31.3,WAS,away,LAS,-2.0,0,16.9,1,5,.200,1,2,.500,0,0,,0,3,3,2,0,0,0,0,3,2.2
Tianna Hawkins,2022,17,2022-06-23,31.3,WAS,away,SEA,-14.0,0,10.8,1,4,.250,1,2,.500,0,0,,1,3,4,0,0,1,0,1,3,2.5
Tianna Hawkins,2022,18,2022-06-28,31.3,WAS,home,ATL,18.0,0,8.4,1,2,.500,0,1,.000,0,0,,0,0,0,0,0,0,1,0,2,0.0
Tianna Hawkins,2022,19,2022-07-03,31.3,WAS,away,CON,-2.0,0,15.8,3,5,.600,1,1,1.000,0,0,,2,1,3,0,0,0,0,2,7,5.6
Tianna Hawkins,2022,20,2022-07-06,31.3,WAS,away,ATL,19.0,0,0.7,0,0,,0,0,,0,0,,0,0,0,1,0,0,0,0,0,0.7
Tianna Hawkins,2022,21,2022-07-17,31.4,WAS,home,MIN,13.0,0,1.5,0,2,.000,0,2,.000,0,0,,0,0,0,0,0,0,0,1,0,-1.8
Tianna Hawkins,2022,22,2022-07-28,31.4,WAS,away,DAL,10.0,0,13.0,3,5,.600,1,2,.500,0,0,,0,1,1,0,0,0,1,2,7,3.2
Tianna Hawkins,2022,23,2022-08-05,31.4,WAS,away,CHI,-10.0,0,16.3,1,5,.200,1,3,.333,0,0,,1,4,5,1,0,0,2,1,3,0.1
Tianna Hawkins,2022,24,2022-08-12,31.4,WAS,away,IND,12.0,0,11.9,2,7,.286,0,3,.000,2,2,1.000,1,1,2,0,0,0,0,3,6,1.7
Tianna Hawkins,2022,25,2022-08-14,31.5,WAS,home,IND,12.0,0,17.4,2,6,.333,2,3,.667,2,2,1.000,2,2,4,0,0,0,1,3,8,4.4
Tianna Hawkins,2023,1,2023-05-19,32.2,WAS,home,NYL,16.0,0,15.8,4,8,.500,0,3,.000,0,0,,1,3,4,1,1,0,1,0,8,6.3
Tianna Hawkins,2023,2,2023-05-21,32.2,WAS,away,CON,-6.0,0,10.9,1,4,.250,0,1,.000,1,1,1.000,0,6,6,0,0,0,0,2,3,1.6
Tianna Hawkins,2023,3,2023-05-23,32.2,WAS,home,CON,-7.0,0,15.6,2,4,.500,1,3,.333,1,1,1.000,3,4,7,2,0,0,1,3,6,6.5
Tianna Hawkins,2023,4,2023-05-26,32.2,WAS,away,CHI,2.0,0,10.4,2,4,.500,0,0,,2,2,1.000,1,1,2,0,0,1,0,0,6,5.7
Tianna Hawkins,2023,5,2023-06-02,32.3,WAS,home,DAL,1.0,0,11.1,0,2,.000,0,1,.000,0,0,,0,1,1,0,0,0,1,1,0,-2.5
Tianna Hawkins,2023,6,2023-06-03,32.3,WAS,home,MIN,-2.0,0,7.7,1,2,.500,0,1,.000,0,0,,0,2,2,0,0,0,0,3,2,0.4
Tianna Hawkins,2023,7,2023-06-09,32.3,WAS,away,SEA,7.0,0,12.9,4,6,.667,1,1,1.000,0,0,,3,1,4,1,0,0,2,2,9,6.7
Tianna Hawkins,2023,8,2023-06-11,32.3,WAS,away,SEA,6.0,1,28.9,3,8,.375,1,4,.250,2,2,1.000,2,4,6,1,2,1,2,1,9,8.2
Tianna Hawkins,2023,9,2023-06-13,32.3,WAS,away,IND,-21.0,0,10.3,1,4,.250,0,0,,0,0,,0,0,0,1,1,0,2,3,2,-1.9
Tianna Hawkins,2023,10,2023-06-16,32.3,WAS,home,PHO,19.0,0,23.6,1,3,.333,0,0,,2,2,1.000,1,7,8,3,0,1,2,1,4,5.5
Tianna Hawkins,2023,11,2023-06-18,32.3,WAS,home,CHI,8.0,0,13.6,2,4,.500,0,0,,0,0,,0,2,2,1,0,0,1,0,4,2.3
Tianna Hawkins,2023,12,2023-06-22,32.3,WAS,away,CHI,21.0,0,16.7,2,3,.667,0,1,.000,0,0,,0,5,5,0,1,0,1,3,4,3.0
Tianna Hawkins,2023,13,2023-06-25,32.3,WAS,away,NYL,-1.0,0,21.3,1,1,1.000,0,0,,0,2,.000,0,4,4,1,1,0,1,6,2,0.4
Tianna Hawkins,2023,14,2023-06-28,32.3,WAS,home,ATL,23.0,1,25.4,5,8,.625,1,2,.500,2,2,1.000,2,9,11,1,1,0,1,4,13,12.6
Tianna Hawkins,2023,15,2023-06-30,32.3,WAS,away,ATL,-5.0,1,23.5,3,7,.429,0,2,.000,1,1,1.000,3,1,4,0,1,0,2,5,7,2.7
Tianna Hawkins,2023,16,2023-07-02,32.3,WAS,away,DAL,-17.0,1,36.6,3,10,.300,0,4,.000,2,4,.500,4,7,11,4,0,1,3,0,8,6.8
Tianna Hawkins,2023,17,2023-07-07,32.3,WAS,home,IND,8.0,1,33.8,3,10,.300,0,3,.000,4,5,.800,2,4,6,5,0,0,0,3,10,8.7
Tianna Hawkins,2023,18,2023-07-09,32.4,WAS,away,CON,-8.0,1,30.8,10,12,.833,1,1,1.000,3,3,1.000,0,4,4,2,2,1,2,1,24,22.5
Tianna Hawkins,2023,19,2023-07-11,32.4,WAS,home,SEA,7.0,1,32.5,4,6,.667,2,3,.667,3,4,.750,1,5,6,2,0,0,0,2,13,12.8
Tianna Hawkins,2023,20,2023-07-19,32.4,WAS,home,IND,-6.0,1,31.8,6,11,.545,1,4,.250,0,2,.000,2,7,9,3,2,0,0,4,13,12.9
Tianna Hawkins,2023,21,2023-07-21,32.4,WAS,home,NYL,-9.0,1,33.2,6,9,.667,2,2,1.000,0,0,,2,2,4,3,1,1,4,4,14,10.3
Tianna Hawkins,2023,22,2023-07-23,32.4,WAS,home,PHO,15.0,1,28.8,3,8,.375,0,4,.000,1,1,1.000,1,6,7,1,2,0,0,0,7,7.8
Tianna Hawkins,2023,23,2023-07-26,32.4,WAS,away,MIN,-5.0,1,19.8,3,3,1.000,1,1,1.000,0,0,,2,2,4,2,0,1,2,3,7,7.0
Tianna Hawkins,2023,24,2023-07-28,32.4,WAS,away,DAL,-28.0,1,25.8,3,8,.375,0,1,.000,0,1,.000,2,2,4,2,2,0,0,2,6,5.8
Tianna Hawkins,2023,25,2023-07-30,32.4,WAS,away,ATL,-7.0,1,32.0,5,12,.417,1,3,.333,6,7,.857,6,4,10,2,2,0,1,4,17,16.4
Tianna Hawkins,2023,26,2023-08-04,32.4,WAS,home,LAS,2.0,1,30.6,7,14,.500,2,6,.333,1,1,1.000,2,3,5,1,1,0,0,2,17,13.2
Tianna Hawkins,2023,27,2023-08-06,32.4,WAS,home,LAS,-8.0,1,29.3,9,13,.692,3,5,.600,2,3,.667,0,3,3,1,1,0,2,4,23,16.1
Tianna Hawkins,2023,28,2023-08-08,32.4,WAS,away,PHO,-19.0,1,24.2,2,6,.333,0,1,.000,0,0,,1,2,3,3,0,0,0,4,4,2.4
Tianna Hawkins,2023,29,2023-08-11,32.4,WAS,away,LVA,-24.0,1,24.5,8,11,.727,2,4,.500,1,1,1.000,3,7,10,2,2,1,1,2,19,21.0
Tianna Hawkins,2023,30,2023-08-13,32.4,WAS,home,CHI,7.0,1,29.2,5,9,.556,1,4,.250,2,4,.500,3,3,6,1,0,0,0,3,13,10.4
Tianna Hawkins,2023,31,2023-08-18,32.5,WAS,away,IND,4.0,0,22.9,2,6,.333,1,4,.250,0,0,,0,1,1,0,1,0,2,4,5,-0.7
Tianna Hawkins,2023,32,2023-08-20,32.5,WAS,home,DAL,-13.0,1,31.4,3,8,.375,2,4,.500,0,0,,1,3,4,3,0,0,2,1,8,4.9
Tianna Hawkins,2023,33,2023-08-22,32.5,WAS,home,CON,-4.0,1,26.3,2,8,.250,1,2,.500,0,0,,1,0,1,0,1,0,3,1,5,-1.5
Tianna Hawkins,2023,34,2023-08-26,32.5,WAS,home,LVA,16.0,0,19.4,2,5,.400,1,2,.500,0,0,,3,4,7,1,2,1,1,4,5,6.4
Tianna Hawkins,2023,35,2023-08-29,32.5,WAS,home,MIN,11.0,0,21.6,3,4,.750,3,3,1.000,0,0,,0,4,4,2,1,1,2,2,9,8.9
Tianna Hawkins,2023,36,2023-08-31,32.5,WAS,away,LVA,-9.0,0,22.4,1,6,.167,0,2,.000,0,0,,3,3,6,0,1,0,0,3,2,1.0
Tianna Hawkins,2023,37,2023-09-03,32.5,WAS,away,LAS,-8.0,1,25.1,3,7,.429,0,1,.000,2,2,1.000,3,4,7,2,2,1,2,4,8,8.1
Tianna Hawkins,2023,38,2023-09-05,32.5,WAS,away,PHO,23.0,0,23.4,1,3,.333,0,2,.000,0,0,,1,1,2,1,0,2,1,3,2,1.2
Tianna Hawkins,2023,39,2023-09-08,32.5,WAS,home,ATL,-5.0,0,19.2,2,4,.500,0,1,.000,1,1,1.000,1,3,4,0,1,0,2,3,5,2.4
Tianna Hawkins,2023,40,2023-09-10,32.5,WAS,away,NYL,2.0,0,20.2,2,4,.500,1,1,1.000,0,0,,1,4,5,1,0,1,0,2,5,5.5
Madi Williams,2023,1,2023-08-23,23.8,PHO,away,LAS,-29.0,0,10.2,1,2,0.5,0,0,,0,0,,1,1,2,0,0,1,2,1,2,0.3
Madi Williams,2023,2,2023-08-27,23.8,PHO,home,DAL,-3.0,0,7.0,1,1,1.0,0,0,,0,0,,0,0,0,0,0,0,2,2,2,-1.1
Madi Williams,2023,3,2023-08-29,23.8,PHO,away,ATL,-18.0,0,13.0,3,6,0.5,0,1,0.0,0,0,,0,0,0,0,0,0,0,1,6,2.6
Madi Williams,2023,4,2023-08-31,23.8,PHO,away,CON,-10.0,0,6.9,0,3,0.0,0,1,0.0,0,0,,1,0,1,1,0,0,2,2,0,-3.5
Madi Williams,2023,5,2023-09-03,23.8,PHO,away,MIN,-13.0,0,9.3,0,3,0.0,0,1,0.0,0,0,,0,2,2,0,2,0,0,0,0,0.5
Shavonte Zellous,2021,1,2021-05-15,34.7,WAS,home,CHI,-14.0,0,15.9,0,3,.000,0,1,.000,2,2,1.000,1,1,2,0,0,0,0,2,2,0.1
Shavonte Zellous,2021,2,2021-05-18,34.7,WAS,home,PHO,-21.0,0,13.1,0,3,.000,0,0,,0,0,,1,1,2,0,1,0,0,2,0,-0.9
Shavonte Zellous,2021,3,2021-05-21,34.7,WAS,home,NYL,29.0,0,17.8,4,5,.800,1,1,1.000,2,2,1.000,1,1,2,1,0,0,0,0,11,10.8
Shavonte Zellous,2021,4,2021-05-23,34.7,WAS,away,IND,-12.0,0,12.3,2,4,.500,1,1,1.000,0,0,,1,2,3,1,0,0,0,0,5,5.0
Shavonte Zellous,2021,5,2021-05-25,34.7,WAS,away,IND,16.0,0,13.8,1,2,.500,0,0,,2,2,1.000,0,1,1,1,0,0,1,0,4,3.0
Shavonte Zellous,2021,6,2021-05-28,34.7,WAS,away,CON,-5.0,0,5.2,0,2,.000,0,1,.000,0,0,,0,0,0,0,0,0,0,0,0,-1.4
Shavonte Zellous,2021,7,2021-06-05,34.8,WAS,home,LVA,-3.0,1,24.2,3,7,.429,0,3,.000,0,0,,0,2,2,2,0,0,0,3,6,3.1
Shavonte Zellous,2021,8,2021-06-08,34.8,WAS,home,MIN,4.0,1,19.6,1,3,.333,0,1,.000,0,0,,0,2,2,3,1,1,1,4,2,2.1
Shavonte Zellous,2021,9,2021-06-10,34.8,WAS,home,LAS,18.0,1,21.4,0,1,.000,0,1,.000,0,0,,0,5,5,2,0,0,2,4,0,-1.4
Shavonte Zellous,2021,10,2021-06-13,34.8,WAS,away,ATL,-23.0,1,16.3,0,3,.000,0,2,.000,4,4,1.000,0,2,2,0,1,0,0,2,4,2.7
Shavonte Zellous,2021,11,2021-06-17,34.8,WAS,home,ATL,3.0,0,15.6,0,5,.000,0,2,.000,2,2,1.000,0,1,1,1,0,0,0,4,2,-2.1
Shavonte Zellous,2021,12,2021-06-19,34.8,WAS,home,IND,5.0,0,16.5,1,6,.167,1,3,.333,1,2,.500,1,1,2,2,2,0,1,5,4,1.2
Shavonte Zellous,2021,13,2021-06-22,34.8,WAS,away,SEA,4.0,0,15.9,2,3,.667,0,1,.000,0,0,,1,1,2,1,0,0,1,1,4,3.0
Shavonte Zellous,2021,14,2021-06-24,34.8,WAS,away,LAS,-7.0,0,17.9,2,5,.400,0,2,.000,0,0,,1,0,1,2,0,0,0,4,4,1.8
Shavonte Zellous,2021,15,2021-06-26,34.8,WAS,away,DAL,-11.0,0,18.6,3,4,.750,0,0,,1,2,.500,1,1,2,4,1,0,2,1,7,7.4
Shavonte Zellous,2021,16,2021-06-29,34.8,WAS,home,CON,-19.0,0,24.7,2,6,.333,0,2,.000,0,0,,0,0,0,4,1,1,0,1,4,4.7
Shavonte Zellous,2021,17,2021-07-03,34.8,WAS,away,NYL,-3.0,1,31.5,2,9,.222,1,4,.250,0,3,.000,2,4,6,5,1,1,2,2,5,3.3
Shavonte Zellous,2021,18,2021-07-10,34.9,WAS,away,CHI,4.0,0,10.4,0,0,,0,0,,0,0,,0,1,1,2,0,0,1,0,0,0.7
Shavonte Zellous,2021,19,2021-08-24,35.0,WAS,home,LAS,10.0,0,14.5,3,7,.429,0,2,.000,0,0,,2,4,6,2,1,0,0,2,6,6.5
Shavonte Zellous,2021,20,2021-08-26,35.0,WAS,home,DAL,-5.0,0,9.2,1,2,.500,0,0,,0,0,,0,0,0,2,0,0,1,3,2,0.2
Shavonte Zellous,2021,21,2021-08-28,35.0,WAS,home,DAL,1.0,0,6.8,2,2,1.000,1,1,1.000,2,2,1.000,0,1,1,0,1,2,1,0,7,8.1
Shavonte Zellous,2021,22,2021-08-31,35.0,WAS,home,CON,-10.0,0,13.2,0,4,.000,0,1,.000,0,0,,1,2,3,0,1,0,1,2,0,-2.3
Shavonte Zellous,2021,23,2021-09-04,35.0,WAS,away,MIN,-18.0,0,13.5,2,4,.500,0,1,.000,2,2,1.000,1,0,1,0,0,0,1,0,6,3.7
Shavonte Zellous,2021,24,2021-09-07,35.0,WAS,away,SEA,-34.0,0,21.3,6,10,.600,4,7,.571,1,1,1.000,0,4,4,3,0,0,2,1,17,13.3
Shavonte Zellous,2021,25,2021-09-10,35.0,WAS,home,ATL,8.0,0,14.3,1,5,.200,0,1,.000,2,3,.667,0,4,4,2,0,1,1,0,4,2.8
Shavonte Zellous,2021,26,2021-09-12,35.0,WAS,away,CHI,8.0,0,16.3,2,4,.500,1,2,.500,0,0,,1,4,5,2,0,0,2,2,5,3.5
Shavonte Zellous,2021,27,2021-09-17,35.1,WAS,away,NYL,-11.0,0,4.4,1,2,.500,0,0,,0,0,,1,1,2,0,0,0,1,2,2,0.2
Shavonte Zellous,2021,28,2021-09-19,35.1,WAS,home,MIN,-6.0,0,18.2,2,3,.667,0,1,.000,4,4,1.000,0,4,4,2,0,0,2,1,8,6.9
Taylor Soule,2023,1,2023-06-09,23.4,CHI,away,LAS,-15.0,0,0.9,0,1,0.0,0,0,,0,0,,0,0,0,0,0,0,0,0,0,-0.7
Taylor Soule,2023,2,2023-06-11,23.4,CHI,away,LVA,-13.0,0,13.2,0,3,0.0,0,1,0.0,2,2,1.0,0,0,0,0,0,0,0,0,2,-0.1
Taylor Soule,2023,3,2023-06-18,23.4,CHI,away,WAS,-8.0,0,10.0,1,2,0.5,0,0,,3,6,0.5,2,2,4,1,0,0,2,2,5,2.7
Taylor Soule,2023,4,2023-06-22,23.5,CHI,home,WAS,-21.0,0,2.3,0,1,0.0,0,0,,0,0,,0,1,1,0,0,0,0,0,0,-0.4
Taylor Soule,2023,5,2023-06-28,23.5,CHI,home,LAS,17.0,0,1.2,0,0,,0,0,,0,0,,0,0,0,1,0,0,0,0,0,0.7
Taylor Soule,2023,6,2023-07-07,23.5,CHI,home,ATL,-14.0,0,1.2,0,0,,0,0,,0,0,,0,0,0,0,0,0,1,1,0,-1.4
Taylor Soule,2023,7,2023-07-20,23.5,CHI,away,PHO,-18.0,0,1.4,0,0,,0,0,,0,0,,1,0,1,0,0,0,1,0,0,-0.3
Taylor Soule,2023,8,2023-07-22,23.5,CHI,away,SEA,15.0,0,2.2,0,0,,0,0,,0,0,,0,0,0,0,0,0,0,0,0,0.0
Taylor Soule,2023,9,2023-07-30,23.6,CHI,home,PHO,19.0,0,2.0,0,0,,0,0,,0,0,,0,0,0,0,0,0,0,0,0,0.0
Taylor Soule,2023,10,2023-08-04,23.6,CHI,away,DAL,15.0,0,0.9,0,0,,0,0,,0,0,,0,0,0,1,0,0,0,0,0,0.7
Taylor Soule,2023,11,2023-08-11,23.6,CHI,away,NYL,-16.0,0,1.8,0,1,0.0,0,1,0.0,0,0,,0,0,0,0,0,0,0,0,0,-0.7
Taylor Soule,2023,12,2023-08-22,23.6,CHI,home,SEA,23.0,0,4.7,0,1,0.0,0,0,,0,0,,0,0,0,0,0,0,0,0,0,-0.7
Taylor Soule,2023,13,2023-09-03,23.7,CHI,home,NYL,-17.0,0,1.6,0,1,0.0,0,0,,0,0,,0,1,1,0,0,0,0,0,0,-0.4
Taylor Soule,2023,14,2023-09-05,23.7,CHI,away,IND,27.0,0,6.2,1,3,0.333,0,0,,0,0,,0,1,1,0,0,0,0,1,2,0.2
Taylor Soule,2023,15,2023-09-10,23.7,CHI,away,CON,11.0,0,3.4,0,1,0.0,0,1,0.0,0,0,,0,0,0,0,0,1,0,2,0,-0.8
Shyla Heal,2021,1,2021-05-23,19.7,CHI,home,NYL,-8.0,0,5.1,0,1,0.0,0,0,,0,0,,0,0,0,0,0,0,1,1,0,-2.1
Shyla Heal,2021,2,2021-05-25,19.7,CHI,home,ATL,-7.0,0,11.0,0,3,0.0,0,1,0.0,2,2,1.0,1,1,2,3,0,0,3,2,2,-0.8
Shyla Heal,2021,3,2021-05-28,19.7,CHI,home,LAS,-15.0,0,10.1,1,3,0.333,0,2,0.0,4,4,1.0,0,1,1,0,0,0,4,2,6,-0.2
Shyla Heal,2021,4,2021-05-30,19.7,CHI,home,LAS,-3.0,0,5.3,0,1,0.0,0,0,,0,0,,0,0,0,0,0,0,2,1,0,-3.1
Aisha Sheppard,2022,1,2022-05-06,23.5,LVA,away,PHO,18.0,0,15.2,2,2,1.000,2,2,1.000,0,0,,0,1,1,1,0,0,0,1,6,6.0
Aisha Sheppard,2022,2,2022-05-08,23.5,LVA,home,SEA,11.0,0,8.3,0,0,,0,0,,0,0,,0,0,0,0,0,0,2,3,0,-3.2
Aisha Sheppard,2022,3,2022-05-10,23.5,LVA,away,WAS,-13.0,0,4.7,0,2,.000,0,1,.000,2,2,1.000,0,0,0,1,1,0,1,1,2,0.9
Aisha Sheppard,2022,4,2022-05-13,23.5,LVA,away,ATL,23.0,0,9.7,2,3,.667,2,3,.667,0,0,,1,0,1,0,0,0,0,1,6,5.0
Aisha Sheppard,2022,5,2022-05-17,23.5,LVA,home,PHO,12.0,0,0.9,0,0,,0,0,,0,0,,0,0,0,0,0,0,0,0,0,0.0
Aisha Sheppard,2022,6,2022-05-19,23.5,LVA,home,MIN,6.0,0,11.6,1,4,.250,1,3,.333,0,0,,0,0,0,1,0,0,0,2,3,0.5
Aisha Sheppard,2022,7,2022-05-21,23.5,LVA,home,PHO,20.0,0,12.2,1,4,.250,1,3,.333,1,2,.500,0,2,2,0,1,1,1,6,4,0.1
Aisha Sheppard,2022,8,2022-05-23,23.5,LVA,home,LAS,28.0,0,20.4,1,5,.200,1,5,.200,1,2,.500,0,1,1,0,0,0,1,1,4,-0.6
Aisha Sheppard,2022,9,2022-05-28,23.5,LVA,away,CHI,7.0,0,9.1,0,2,.000,0,1,.000,0,0,,0,1,1,0,1,0,0,1,0,-0.5
Aisha Sheppard,2022,10,2022-05-31,23.5,LVA,home,CON,8.0,0,6.3,0,0,,0,0,,0,0,,0,0,0,0,0,0,0,0,0,0.0
Aisha Sheppard,2022,11,2022-06-02,23.6,LVA,home,CON,-7.0,0,3.1,0,0,,0,0,,0,0,,0,0,0,0,1,0,0,1,0,0.6
Aisha Sheppard,2022,12,2022-06-11,23.6,LVA,away,LAS,17.0,0,17.0,0,3,.000,0,2,.000,0,0,,0,2,2,1,0,0,1,1,0,-2.2
Aisha Sheppard,2022,13,2022-06-15,23.6,LVA,away,DAL,8.0,0,6.4,0,2,.000,0,2,.000,0,0,,1,0,1,0,0,0,0,1,0,-1.1
Aisha Sheppard,2022,14,2022-06-19,23.6,LVA,home,MIN,1.0,0,8.3,1,2,.500,0,1,.000,0,0,,0,1,1,0,0,0,0,1,2,0.9
Aisha Sheppard,2022,15,2022-06-21,23.6,LVA,home,CHI,-9.0,0,11.5,1,4,.250,1,4,.250,2,2,1.000,1,0,1,0,0,0,0,0,5,3.3
Aisha Sheppard,2022,16,2022-07-03,23.6,LVA,away,MIN,-31.0,0,6.7,0,0,,0,0,,0,0,,0,0,0,1,0,0,0,3,0,-0.5
Aisha Sheppard,2022,17,2022-07-14,23.7,LVA,away,NYL,34.0,0,8.8,0,4,.000,0,1,.000,0,0,,2,0,2,1,0,0,0,0,0,-0.7
Aisha Sheppard,2022,18,2022-07-19,23.7,LVA,home,ATL,-16.0,0,1.6,0,0,,0,0,,0,0,,0,0,0,0,0,0,1,0,0,-1.0
Aisha Sheppard,2022,19,2022-07-21,23.7,LVA,home,IND,13.0,0,1.4,0,2,.000,0,2,.000,0,0,,0,0,0,0,0,0,0,1,0,-1.8
Aisha Sheppard,2022,20,2022-07-23,23.7,LVA,home,LAS,18.0,0,0.6,0,0,,0,0,,0,0,,0,0,0,0,0,0,0,0,0,0.0
Aisha Sheppard,2022,21,2022-07-29,23.7,LVA,away,IND,21.0,0,3.9,0,1,.000,0,1,.000,0,0,,0,0,0,0,0,0,0,1,0,-1.1
Aisha Sheppard,2022,22,2022-07-31,23.7,LVA,away,IND,25.0,0,5.6,1,2,.500,1,2,.500,0,0,,1,0,1,1,1,0,0,1,3,4.0
Aisha Sheppard,2022,23,2022-08-11,23.7,LVA,home,CHI,11.0,0,0.4,0,0,,0,0,,0,0,,0,0,0,0,0,0,0,0,0,0.0
Robyn Parks,2023,1,2023-05-21,30.8,CHI,away,PHO,6.0,0,7.7,0,3,.000,0,1,.000,0,0,,0,0,0,0,1,1,2,1,0,-2.8
Robyn Parks,2023,2,2023-05-26,30.9,CHI,home,WAS,-2.0,0,5.5,0,1,.000,0,1,.000,0,0,,0,1,1,0,0,0,0,0,0,-0.4
Robyn Parks,2023,3,2023-05-30,30.9,CHI,away,ATL,-18.0,0,15.9,2,7,.286,1,4,.250,0,0,,0,1,1,0,0,0,0,0,5,1.2
Robyn Parks,2023,4,2023-06-02,30.9,CHI,home,NYL,-1.0,0,4.5,0,1,.000,0,0,,0,0,,1,0,1,0,0,0,0,0,0,0.0
Robyn Parks,2023,5,2023-06-04,30.9,CHI,away,NYL,4.0,0,20.4,3,7,.429,3,5,.600,0,0,,1,2,3,0,2,1,0,0,9,9.3
Robyn Parks,2023,6,2023-06-06,30.9,CHI,home,IND,5.0,0,15.2,0,2,.000,0,1,.000,0,0,,0,0,0,1,1,0,0,2,0,-0.5
Robyn Parks,2023,7,2023-06-09,30.9,CHI,away,LAS,-15.0,0,11.8,1,4,.250,0,2,.000,0,0,,1,0,1,0,0,0,0,0,2,0.3
Robyn Parks,2023,8,2023-06-11,30.9,CHI,away,LVA,-13.0,0,8.0,1,3,.333,1,2,.500,2,2,1.000,0,0,0,0,0,0,0,0,5,3.3
Robyn Parks,2023,9,2023-06-15,30.9,CHI,home,IND,-2.0,1,27.2,5,6,.833,3,4,.750,0,0,,0,3,3,1,0,1,1,5,13,10.1
Robyn Parks,2023,10,2023-06-22,30.9,CHI,home,WAS,-21.0,0,15.6,1,2,.500,1,2,.500,0,0,,0,0,0,0,0,0,0,0,3,2.0
Robyn Parks,2023,11,2023-06-25,30.9,CHI,away,CON,-24.0,0,14.5,0,3,.000,0,2,.000,0,0,,0,2,2,1,1,0,2,2,0,-2.6
Robyn Parks,2023,12,2023-06-28,30.9,CHI,home,LAS,17.0,0,10.0,0,3,.000,0,3,.000,0,0,,1,0,1,0,0,0,0,1,0,-1.8
Robyn Parks,2023,13,2023-06-30,30.9,CHI,home,LAS,8.0,0,7.9,0,1,.000,0,0,,0,0,,0,0,0,1,0,0,0,0,0,0.0
Robyn Parks,2023,14,2023-07-02,31.0,CHI,away,IND,2.0,0,5.2,0,0,,0,0,,0,0,,0,1,1,0,0,0,0,1,0,-0.1
Robyn Parks,2023,15,2023-07-07,31.0,CHI,home,ATL,-14.0,0,10.2,0,2,.000,0,1,.000,0,0,,1,3,4,0,0,0,1,1,0,-1.2
Robyn Parks,2023,16,2023-07-09,31.0,CHI,home,ATL,-11.0,0,5.3,0,2,.000,0,1,.000,0,0,,1,2,3,1,0,0,1,0,0,-0.4
Robyn Parks,2023,17,2023-07-12,31.0,CHI,home,CON,-12.0,0,0.0,0,0,,0,0,,0,0,,0,0,0,0,0,0,0,0,0,0.0
Robyn Parks,2023,18,2023-07-20,31.0,CHI,away,PHO,-18.0,0,13.9,2,5,.400,0,2,.000,0,0,,0,0,0,0,0,0,0,0,4,1.3
Robyn Parks,2023,19,2023-07-22,31.0,CHI,away,SEA,15.0,0,12.4,2,3,.667,1,1,1.000,0,0,,1,0,1,1,0,0,1,0,5,4.1
Robyn Parks,2023,20,2023-07-25,31.0,CHI,home,LVA,-12.0,0,21.5,3,4,.750,2,2,1.000,0,0,,1,5,6,0,0,0,1,3,8,6.4
Robyn Parks,2023,21,2023-07-28,31.0,CHI,home,SEA,-9.0,0,12.8,1,2,.500,1,2,.500,0,0,,0,1,1,1,1,0,0,0,3,4.0
Robyn Parks,2023,22,2023-07-30,31.0,CHI,home,PHO,19.0,0,18.8,5,7,.714,4,5,.800,0,0,,3,0,3,3,1,1,1,2,14,15.2
Robyn Parks,2023,23,2023-08-04,31.0,CHI,away,DAL,15.0,0,17.7,3,6,.500,2,3,.667,0,0,,1,3,4,0,0,0,1,1,8,5.2
Robyn Parks,2023,24,2023-08-06,31.0,CHI,away,DAL,8.0,0,8.9,2,6,.333,2,5,.400,0,0,,1,0,1,0,0,0,0,2,6,2.5
Robyn Parks,2023,25,2023-08-08,31.1,CHI,home,MIN,-9.0,0,11.0,2,5,.400,2,4,.500,0,0,,0,1,1,0,0,0,1,0,6,2.6
Robyn Parks,2023,26,2023-08-11,31.1,CHI,away,NYL,-16.0,0,14.7,0,2,.000,0,2,.000,3,3,1.000,0,1,1,1,0,0,0,1,3,2.2
Robyn Parks,2023,27,2023-08-13,31.1,CHI,away,WAS,-7.0,0,14.8,0,4,.000,0,2,.000,0,0,,0,2,2,0,1,0,0,1,0,-1.6
Robyn Parks,2023,28,2023-08-18,31.1,CHI,away,ATL,-11.0,0,11.0,3,4,.750,0,1,.000,0,0,,0,1,1,0,0,0,1,1,6,3.3
Robyn Parks,2023,29,2023-08-20,31.1,CHI,home,CON,-6.0,0,20.9,1,5,.200,0,2,.000,2,2,1.000,0,3,3,0,1,1,1,3,4,1.3
Robyn Parks,2023,30,2023-08-22,31.1,CHI,home,SEA,23.0,0,19.6,2,7,.286,1,5,.200,0,0,,1,3,4,1,1,0,0,0,5,4.2
Robyn Parks,2023,31,2023-08-24,31.1,CHI,home,LVA,-7.0,0,13.3,2,5,.400,0,3,.000,0,0,,0,1,1,0,1,0,0,0,4,2.6
Robyn Parks,2023,32,2023-08-27,31.1,CHI,away,SEA,5.0,0,13.8,1,2,.500,1,2,.500,0,0,,0,2,2,1,0,0,0,1,3,2.9
Robyn Parks,2023,33,2023-08-29,31.1,CHI,away,LAS,1.0,0,8.5,1,3,.333,0,2,.000,0,0,,0,2,2,0,0,0,0,1,2,0.5
Robyn Parks,2023,34,2023-09-03,31.1,CHI,home,NYL,-17.0,0,20.0,4,7,.571,2,3,.667,0,0,,1,1,2,1,1,0,3,0,10,6.4
Robyn Parks,2023,35,2023-09-05,31.1,CHI,away,IND,27.0,0,26.1,4,9,.444,3,7,.429,0,0,,0,1,1,2,0,0,0,2,11,7.2
Robyn Parks,2023,36,2023-09-08,31.1,CHI,home,MIN,5.0,0,8.4,0,1,.000,0,1,.000,0,0,,0,0,0,0,0,0,0,1,0,-1.1
Robyn Parks,2023,37,2023-09-10,31.1,CHI,away,CON,11.0,1,32.3,2,5,.400,2,4,.500,0,0,,0,2,2,0,0,0,2,3,6,0.7
Kadi Sissoko,2023,1,2023-05-19,24.3,PHO,away,LAS,-23.0,0,8.6,1,1,1.000,0,0,,0,0,,0,2,2,0,0,0,0,0,2,2.3
Kadi Sissoko,2023,2,2023-05-21,24.3,PHO,home,CHI,-6.0,0,3.6,0,0,,0,0,,0,0,,0,0,0,0,0,0,0,0,0,0.0
Kadi Sissoko,2023,3,2023-05-25,24.3,PHO,home,MIN,9.0,0,6.5,0,0,,0,0,,0,0,,0,0,0,0,0,1,1,3,0,-1.5
Kadi Sissoko,2023,4,2023-06-02,24.4,PHO,home,LAS,-6.0,0,1.8,0,0,,0,0,,0,0,,1,0,1,0,0,0,0,0,0,0.7
Kadi Sissoko,2023,5,2023-06-07,24.4,PHO,away,DAL,-5.0,0,3.8,1,1,1.000,0,0,,0,0,,0,1,1,0,0,0,0,1,2,1.6
Kadi Sissoko,2023,6,2023-06-09,24.4,PHO,away,DAL,-13.0,0,4.0,0,0,,0,0,,1,2,.500,0,0,0,0,1,0,0,0,1,1.6
Kadi Sissoko,2023,7,2023-06-11,24.4,PHO,away,IND,3.0,0,8.3,1,3,.333,0,0,,0,0,,1,1,2,0,0,0,2,2,2,-1.5
Kadi Sissoko,2023,8,2023-06-13,24.4,PHO,home,SEA,-14.0,0,9.0,0,0,,0,0,,0,0,,0,2,2,0,1,0,2,1,0,-0.8
Kadi Sissoko,2023,9,2023-06-16,24.4,PHO,away,WAS,-19.0,0,11.3,1,3,.333,0,0,,0,0,,0,2,2,1,0,0,3,5,2,-3.4
Kadi Sissoko,2023,10,2023-06-18,24.4,PHO,away,NYL,-18.0,0,16.2,1,4,.250,0,1,.000,2,2,1.000,1,4,5,1,0,0,2,0,4,2.2
Kadi Sissoko,2023,11,2023-06-21,24.4,PHO,home,LVA,-20.0,0,10.3,0,4,.000,0,2,.000,0,0,,0,2,2,0,0,0,1,0,0,-3.2
Kadi Sissoko,2023,12,2023-06-24,24.4,PHO,away,SEA,-23.0,0,4.1,0,0,,0,0,,0,0,,0,0,0,0,0,0,0,0,0,0.0
Kadi Sissoko,2023,13,2023-06-27,24.4,PHO,home,DAL,-15.0,0,3.9,0,1,.000,0,0,,0,0,,0,0,0,0,0,1,1,0,0,-1.0
Kadi Sissoko,2023,14,2023-06-29,24.4,PHO,home,IND,22.0,0,10.1,2,4,.500,0,0,,0,0,,0,1,1,1,0,1,0,1,4,3.3
Kadi Sissoko,2023,15,2023-07-01,24.4,PHO,home,MIN,-10.0,0,4.0,0,2,.000,0,1,.000,0,0,,0,0,0,0,0,0,0,1,0,-1.8
Kadi Sissoko,2023,16,2023-07-05,24.4,PHO,away,NYL,-4.0,0,3.9,0,0,,0,0,,0,0,,0,1,1,0,0,0,0,1,0,-0.1
Kadi Sissoko,2023,17,2023-07-07,24.4,PHO,away,MIN,-11.0,0,2.6,0,1,.000,0,1,.000,0,0,,0,0,0,0,0,0,0,0,0,-0.7
Kadi Sissoko,2023,18,2023-07-09,24.5,PHO,home,LAS,6.0,0,6.8,1,2,.500,0,1,.000,0,0,,1,0,1,0,0,0,1,0,2,0.7
Kadi Sissoko,2023,19,2023-07-11,24.5,PHO,away,LVA,-26.0,0,5.9,0,1,.000,0,0,,0,0,,1,3,4,0,0,0,0,0,0,0.9
Kadi Sissoko,2023,20,2023-07-18,24.5,PHO,home,CON,6.0,0,1.5,0,0,,0,0,,0,0,,0,0,0,0,0,0,0,1,0,-0.4
Kadi Sissoko,2023,21,2023-07-20,24.5,PHO,home,CHI,18.0,0,12.7,1,2,.500,0,1,.000,0,0,,0,0,0,0,0,0,0,1,2,0.6
Kadi Sissoko,2023,22,2023-07-23,24.5,PHO,away,WAS,-15.0,0,5.6,0,1,.000,0,0,,0,0,,0,0,0,0,0,0,1,0,0,-1.7
Kadi Sissoko,2023,23,2023-07-25,24.5,PHO,away,ATL,-13.0,0,13.4,0,2,.000,0,0,,0,0,,0,2,2,0,1,1,1,2,0,-0.9
Kadi Sissoko,2023,24,2023-07-30,24.5,PHO,away,CHI,-19.0,0,4.7,0,0,,0,0,,0,0,,0,0,0,0,0,0,1,0,0,-1.0
Kadi Sissoko,2023,25,2023-08-01,24.5,PHO,away,IND,-1.0,0,4.7,0,0,,0,0,,0,0,,0,0,0,0,0,0,1,2,0,-1.8
Kadi Sissoko,2023,26,2023-08-03,24.5,PHO,home,ATL,20.0,0,14.8,2,3,.667,0,1,.000,2,2,1.000,1,0,1,0,0,1,0,2,6,5.3
Kadi Sissoko,2023,27,2023-08-05,24.5,PHO,home,SEA,-6.0,0,8.2,0,2,.000,0,1,.000,0,0,,1,0,1,1,0,0,0,0,0,0.0
Kadi Sissoko,2023,28,2023-08-08,24.5,PHO,home,WAS,19.0,0,15.1,1,2,.500,1,2,.500,1,2,.500,0,1,1,1,0,0,2,3,4,0.4
Kadi Sissoko,2023,29,2023-08-10,24.5,PHO,home,CON,6.0,0,3.7,0,0,,0,0,,0,0,,0,1,1,0,0,0,1,2,0,-1.5
Kadi Sissoko,2023,30,2023-08-13,24.5,PHO,away,SEA,-10.0,0,1.8,0,0,,0,0,,0,0,,0,0,0,0,0,0,0,0,0,0.0
Kadi Sissoko,2023,31,2023-08-18,24.6,PHO,home,NYL,-22.0,0,16.3,0,1,.000,0,0,,0,0,,2,0,2,0,0,0,2,1,0,-1.7
Kadi Sissoko,2023,32,2023-08-20,24.6,PHO,home,IND,-10.0,0,3.7,0,0,,0,0,,0,0,,1,1,2,0,0,0,0,1,0,0.6
Kadi Sissoko,2023,33,2023-08-23,24.6,PHO,away,LAS,-29.0,0,12.0,1,1,1.000,0,0,,1,2,.500,2,2,4,0,0,0,0,0,3,4.3
Kadi Sissoko,2023,34,2023-08-27,24.6,PHO,home,DAL,-3.0,0,9.1,1,1,1.000,0,0,,0,0,,0,2,2,0,0,0,0,2,2,1.5
Kadi Sissoko,2023,35,2023-08-29,24.6,PHO,away,ATL,-18.0,0,14.8,2,3,.667,0,0,,1,2,.500,1,2,3,0,0,0,1,2,5,2.8
Kadi Sissoko,2023,36,2023-08-31,24.6,PHO,away,CON,-10.0,0,10.3,2,2,1.000,0,0,,0,0,,0,4,4,1,0,0,1,4,4,2.7
Kadi Sissoko,2023,37,2023-09-03,24.6,PHO,away,MIN,-13.0,0,18.9,2,4,.500,2,2,1.000,0,2,.000,2,4,6,0,0,0,0,2,6,5.0
Kadi Sissoko,2023,38,2023-09-05,24.6,PHO,home,WAS,-23.0,0,15.6,1,5,.200,0,3,.000,0,0,,1,2,3,1,0,0,1,2,2,-0.9
Kadi Sissoko,2023,39,2023-09-08,24.6,PHO,home,LVA,-21.0,0,11.7,1,3,.333,0,0,,2,2,1.000,1,3,4,0,0,0,0,0,4,3.9
Kadi Sissoko,2023,40,2023-09-10,24.6,PHO,away,LVA,-15.0,0,12.7,1,3,.333,0,2,.000,0,0,,0,2,2,1,0,0,1,1,2,0.2
Ruthy Hebard,2020,1,2020-07-26,22.2,CHI,home,LVA,2.0,0,7.4,2,5,.400,0,0,,0,0,,1,1,2,0,0,0,1,2,4,0.5
Ruthy Hebard,2020,2,2020-07-28,22.2,CHI,home,LAS,18.0,0,6.1,0,0,,0,0,,0,0,,0,1,1,0,0,0,0,0,0,0.3
Ruthy Hebard,2020,3,2020-07-30,22.3,CHI,home,MIN,-2.0,0,11.6,2,4,.500,0,0,,0,0,,0,1,1,0,0,0,0,2,4,1.5
Ruthy Hebard,2020,4,2020-08-01,22.3,CHI,home,WAS,2.0,0,7.6,1,1,1.000,0,0,,0,0,,2,4,6,1,0,0,0,2,2,4.2
Ruthy Hebard,2020,5,2020-08-04,22.3,CHI,home,DAL,3.0,0,10.8,1,3,.333,0,0,,0,0,,2,3,5,0,0,0,0,1,2,2.2
Ruthy Hebard,2020,6,2020-08-06,22.3,CHI,home,PHO,-10.0,0,16.4,2,2,1.000,0,0,,0,0,,2,3,5,1,1,0,2,4,4,3.8
Ruthy Hebard,2020,7,2020-08-08,22.3,CHI,home,CON,7.0,0,7.5,0,0,,0,0,,0,0,,1,2,3,1,0,0,0,2,0,1.2
Ruthy Hebard,2020,8,2020-08-10,22.3,CHI,home,SEA,-18.0,0,19.9,5,8,.625,0,0,,1,2,.500,3,2,5,0,1,0,2,1,11,8.3
Ruthy Hebard,2020,9,2020-08-12,22.3,CHI,home,PHO,18.0,0,5.5,1,1,1.000,0,0,,0,0,,0,0,0,0,0,0,0,1,2,1.3
Ruthy Hebard,2020,10,2020-08-14,22.3,CHI,home,CON,-3.0,0,7.5,3,5,.600,0,0,,1,1,1.000,0,0,0,0,0,0,0,0,7,4.7
Ruthy Hebard,2020,11,2020-08-16,22.3,CHI,home,ATL,25.0,1,10.1,2,3,.667,0,0,,0,0,,0,3,3,0,0,1,1,0,4,3.3
Ruthy Hebard,2020,12,2020-08-18,22.3,CHI,home,LVA,2.0,0,18.9,2,3,.667,0,0,,1,2,.500,0,6,6,0,0,0,2,3,5,1.9
Ruthy Hebard,2020,13,2020-08-20,22.3,CHI,home,NYL,16.0,0,23.0,5,7,.714,0,0,,1,2,.500,1,2,3,0,1,0,0,3,11,8.8
Ruthy Hebard,2020,14,2020-08-22,22.3,CHI,home,IND,11.0,0,16.5,1,2,.500,0,0,,0,0,,1,3,4,0,0,0,0,1,2,2.2
Ruthy Hebard,2020,15,2020-08-25,22.3,CHI,home,NYL,-2.0,0,10.7,3,4,.750,0,0,,0,0,,1,3,4,0,0,1,1,0,6,5.7
Ruthy Hebard,2020,16,2020-08-29,22.3,CHI,home,SEA,-14.0,0,18.3,5,6,.833,0,0,,1,1,1.000,2,4,6,0,3,1,1,3,11,12.9
Ruthy Hebard,2020,17,2020-08-31,22.3,CHI,home,IND,23.0,1,29.4,6,8,.750,0,0,,0,0,,0,11,11,0,0,2,1,4,12,10.9
Ruthy Hebard,2020,18,2020-09-02,22.3,CHI,home,MIN,-3.0,1,7.8,1,1,1.000,0,0,,0,0,,0,2,2,1,2,0,2,1,2,2.6
Ruthy Hebard,2020,19,2020-09-04,22.4,CHI,home,WAS,-10.0,0,17.7,2,3,.667,0,0,,0,0,,0,3,3,1,1,0,0,1,4,4.9
Ruthy Hebard,2020,20,2020-09-06,22.4,CHI,home,LAS,-6.0,1,14.3,1,1,1.000,0,0,,0,0,,0,3,3,0,0,0,1,2,2,0.8
Ruthy Hebard,2020,21,2020-09-09,22.4,CHI,home,ATL,-8.0,1,21.1,4,6,.667,0,0,,0,0,,2,3,5,0,0,1,0,2,8,7.6
Ruthy Hebard,2020,22,2020-09-11,22.4,CHI,home,DAL,7.0,1,32.1,9,12,.750,0,0,,4,4,1.000,0,8,8,2,1,2,1,0,22,22.4
Ruthy Hebard,2021,1,2021-05-15,23.0,CHI,away,WAS,14.0,0,14.3,1,3,.333,0,0,,1,2,.500,0,3,3,0,0,0,0,3,3,0.6
Ruthy Hebard,2021,2,2021-05-19,23.1,CHI,away,ATL,8.0,1,33.7,6,14,.429,0,1,.000,6,8,.750,4,6,10,3,1,3,6,3,18,12.4
Ruthy Hebard,2021,3,2021-05-23,23.1,CHI,home,NYL,-8.0,1,32.7,7,14,.500,0,0,,1,1,1.000,4,6,10,1,1,4,2,1,15,14.7
Ruthy Hebard,2021,4,2021-05-25,23.1,CHI,home,ATL,-7.0,1,20.8,1,6,.167,0,0,,1,2,.500,3,3,6,4,2,0,0,2,3,5.8
Ruthy Hebard,2021,5,2021-05-28,23.1,CHI,home,LAS,-15.0,1,35.2,5,7,.714,0,0,,2,2,1.000,2,6,8,1,2,1,2,3,12,12.5
Ruthy Hebard,2021,6,2021-05-30,23.1,CHI,home,LAS,-3.0,1,28.6,5,7,.714,0,0,,2,2,1.000,3,3,6,0,0,2,2,6,12,9.1
Ruthy Hebard,2021,7,2021-06-01,23.1,CHI,home,PHO,-1.0,1,29.7,6,9,.667,0,0,,2,2,1.000,3,6,9,1,0,1,0,3,14,14.2
Ruthy Hebard,2021,8,2021-06-03,23.1,CHI,away,PHO,-3.0,0,27.8,3,6,.500,0,1,.000,1,2,.500,1,6,7,0,3,1,1,3,7,7.6
Ruthy Hebard,2021,9,2021-06-05,23.1,CHI,away,LAS,-5.0,0,25.3,6,11,.545,0,0,,2,3,.667,3,7,10,1,0,1,0,3,14,12.7
Ruthy Hebard,2021,10,2021-06-09,23.1,CHI,home,IND,16.0,0,16.1,1,3,.333,0,0,,3,4,.750,3,6,9,1,0,0,0,1,5,7.1
Ruthy Hebard,2021,11,2021-06-12,23.1,CHI,away,IND,4.0,0,9.5,0,2,.000,0,0,,2,2,1.000,0,1,1,0,0,0,0,4,2,-0.7
Ruthy Hebard,2021,12,2021-06-15,23.1,CHI,away,MIN,16.0,0,8.4,2,2,1.000,0,0,,0,0,,0,1,1,0,1,0,0,1,4,4.3
Ruthy Hebard,2021,13,2021-06-17,23.1,CHI,home,CON,6.0,0,10.7,3,3,1.000,0,0,,0,0,,2,2,4,0,0,1,0,1,6,7.4
Ruthy Hebard,2021,14,2021-06-19,23.1,CHI,home,CON,10.0,0,17.7,6,7,.857,0,0,,1,1,1.000,1,0,1,1,4,0,0,4,13,14.3
Ruthy Hebard,2021,15,2021-06-22,23.2,CHI,away,NYL,20.0,0,22.9,4,6,.667,0,0,,0,0,,2,9,11,2,1,0,0,2,8,11.1
Ruthy Hebard,2021,16,2021-06-24,23.2,CHI,away,NYL,23.0,0,17.6,3,4,.750,0,0,,0,0,,1,2,3,2,1,1,3,2,6,5.0
Ruthy Hebard,2021,17,2021-06-27,23.2,CHI,away,CON,-16.0,0,17.0,4,6,.667,0,0,,1,1,1.000,3,2,5,1,1,1,1,0,9,10.5
Ruthy Hebard,2021,18,2021-06-30,23.2,CHI,away,DAL,10.0,0,20.0,4,7,.571,0,0,,0,0,,0,9,9,1,0,0,0,2,8,7.3
Ruthy Hebard,2021,19,2021-07-02,23.2,CHI,away,DAL,-9.0,0,6.5,0,1,.000,0,0,,0,0,,0,0,0,0,0,0,1,3,0,-2.9
Ruthy Hebard,2021,20,2021-07-10,23.2,CHI,home,WAS,-4.0,0,3.8,0,1,.000,0,0,,0,0,,0,0,0,0,0,0,0,0,0,-0.7
Ruthy Hebard,2021,21,2021-08-17,23.3,CHI,home,DAL,-4.0,0,12.0,0,1,.000,0,0,,0,0,,2,0,2,0,0,1,0,0,0,1.4
Ruthy Hebard,2021,22,2021-08-21,23.3,CHI,home,MIN,-6.0,0,11.6,0,1,.000,0,0,,0,0,,0,3,3,0,0,1,0,3,0,-0.3
Ruthy Hebard,2021,23,2021-08-24,23.3,CHI,away,ATL,7.0,0,10.9,2,3,.667,0,0,,0,0,,0,0,0,0,1,1,0,2,4,3.6
Ruthy Hebard,2021,24,2021-08-27,23.3,CHI,away,SEA,4.0,0,4.1,0,0,,0,0,,0,0,,0,0,0,0,0,0,0,0,0,0.0
Ruthy Hebard,2021,25,2021-08-29,23.3,CHI,away,SEA,32.0,0,10.0,0,1,.000,0,0,,0,0,,1,0,1,0,0,0,0,3,0,-1.2
Ruthy Hebard,2021,26,2021-08-31,23.3,CHI,away,PHO,-20.0,0,5.7,0,1,.000,0,0,,0,0,,0,0,0,1,0,0,0,0,0,0.0
Ruthy Hebard,2021,27,2021-09-02,23.3,CHI,away,LVA,-7.0,0,5.5,0,0,,0,0,,0,0,,1,0,1,0,0,0,0,0,0,0.7
Ruthy Hebard,2021,28,2021-09-12,23.4,CHI,home,WAS,-8.0,0,9.4,2,5,.400,0,0,,0,0,,1,2,3,0,1,0,0,1,4,3.2
Ruthy Hebard,2021,29,2021-09-17,23.4,CHI,home,LVA,-33.0,0,20.3,1,4,.250,0,0,,0,0,,1,4,5,1,0,0,0,1,2,1.8
Ruthy Hebard,2021,30,2021-09-19,23.4,CHI,home,IND,11.0,0,16.7,1,3,.333,0,0,,2,2,1.000,1,3,4,2,1,1,0,2,4,6.2
Ruthy Hebard,2022,1,2022-05-06,24.0,CHI,home,LAS,-7.0,0,13.4,1,1,1.000,0,0,,0,0,,1,1,2,0,0,0,1,2,2,0.9
Ruthy Hebard,2022,2,2022-05-11,24.0,CHI,home,NYL,33.0,0,21.5,1,2,.500,0,0,,3,4,.750,0,5,5,0,0,0,0,1,5,4.7
Ruthy Hebard,2022,3,2022-05-14,24.0,CHI,away,MIN,4.0,0,10.2,1,2,.500,0,0,,0,0,,0,1,1,0,0,0,0,1,2,0.9
Ruthy Hebard,2022,4,2022-05-18,24.1,CHI,away,SEA,-3.0,0,10.7,1,2,.500,0,0,,2,3,.667,0,1,1,0,0,0,0,0,4,2.9
Ruthy Hebard,2022,5,2022-05-22,24.1,CHI,away,WAS,9.0,0,1.9,0,0,,0,0,,0,0,,0,0,0,0,0,0,0,0,0,0.0
Ruthy Hebard,2022,6,2022-05-24,24.1,CHI,home,IND,5.0,0,8.8,1,2,.500,0,0,,0,0,,0,1,1,1,0,1,1,2,2,0.9
Ruthy Hebard,2022,7,2022-05-28,24.1,CHI,home,LVA,-7.0,0,10.7,2,2,1.000,0,0,,0,0,,1,1,2,1,0,0,0,1,4,4.7
Ruthy Hebard,2022,8,2022-05-31,24.1,CHI,home,PHO,3.0,0,18.0,2,4,.500,0,0,,0,0,,2,4,6,1,1,0,0,0,4,6.3
Ruthy Hebard,2022,9,2022-06-03,24.1,CHI,away,ATL,8.0,0,2.0,0,0,,0,0,,0,0,,0,0,0,0,0,0,0,1,0,-0.4
Ruthy Hebard,2022,10,2022-06-05,24.1,CHI,home,WAS,9.0,0,9.8,3,4,.750,0,0,,1,1,1.000,0,1,1,2,0,0,0,1,7,6.7
Ruthy Hebard,2022,11,2022-06-08,24.1,CHI,away,WAS,-2.0,0,7.2,2,3,.667,0,0,,0,0,,0,1,1,0,1,0,1,1,4,2.6
Ruthy Hebard,2022,12,2022-06-17,24.1,CHI,home,ATL,6.0,0,15.1,2,6,.333,0,0,,0,0,,2,4,6,1,0,1,2,1,4,2.2
Ruthy Hebard,2022,13,2022-06-19,24.1,CHI,away,IND,-2.0,0,20.0,3,7,.429,0,0,,0,0,,1,5,6,1,2,0,2,3,6,4.0
Ruthy Hebard,2022,14,2022-06-23,24.2,CHI,away,LAS,23.0,0,3.9,0,0,,0,0,,0,0,,0,0,0,0,0,0,1,0,0,-1.0
Ruthy Hebard,2022,15,2022-07-02,24.2,CHI,home,PHO,16.0,0,2.7,1,1,1.000,0,0,,0,0,,0,2,2,0,0,0,0,0,2,2.3
Ruthy Hebard,2022,16,2022-07-07,24.2,CHI,away,IND,9.0,0,10.8,0,0,,0,0,,0,0,,0,2,2,0,1,0,0,3,0,0.4
Ruthy Hebard,2022,17,2022-07-12,24.2,CHI,home,ATL,15.0,0,5.8,0,1,.000,0,0,,0,0,,0,0,0,0,0,0,1,1,0,-2.1
Ruthy Hebard,2022,18,2022-07-14,24.2,CHI,away,LAS,12.0,0,2.5,0,0,,0,0,,0,0,,0,1,1,0,0,1,0,0,0,1.0
Ruthy Hebard,2022,19,2022-07-29,24.3,CHI,home,NYL,8.0,0,14.2,1,2,.500,0,0,,0,0,,1,1,2,2,1,0,0,1,2,4.0
Ruthy Hebard,2022,20,2022-07-31,24.3,CHI,away,CON,3.0,0,13.3,2,4,.500,0,0,,0,0,,0,0,0,2,1,0,2,3,4,1.2
Ruthy Hebard,2022,21,2022-08-02,24.3,CHI,home,DAL,-6.0,0,2.9,0,0,,0,0,,0,0,,0,0,0,0,0,0,1,2,0,-1.8
Ruthy Hebard,2022,22,2022-08-05,24.3,CHI,home,WAS,10.0,0,6.0,0,0,,0,0,,0,0,,0,0,0,0,0,0,0,2,0,-0.8
Ruthy Hebard,2022,23,2022-08-11,24.3,CHI,away,LVA,-11.0,0,0.8,0,0,,0,0,,0,0,,0,0,0,0,0,0,0,0,0,0.0
Ruthy Hebard,2022,24,2022-08-14,24.3,CHI,away,PHO,15.0,0,19.8,2,6,.333,0,0,,0,0,,0,2,2,1,1,0,1,3,4,0.7
Ruthy Hebard,2023,1,2023-07-09,25.2,CHI,home,ATL,-11.0,0,5.1,0,0,,0,0,,0,0,,0,1,1,0,0,0,0,0,0,0.3
Ruthy Hebard,2023,2,2023-07-12,25.2,CHI,home,CON,-12.0,0,1.2,0,0,,0,0,,0,0,,0,0,0,0,0,0,0,0,0,0.0
Ruthy Hebard,2023,3,2023-07-20,25.2,CHI,away,PHO,-18.0,0,9.5,2,3,0.667,0,0,,1,2,0.5,3,3,6,0,0,0,0,1,5,5.9
Ruthy Hebard,2023,4,2023-07-22,25.2,CHI,away,SEA,15.0,0,14.4,3,3,1.0,0,0,,1,3,0.333,1,0,1,1,1,0,1,4,7,5.1
Ruthy Hebard,2023,5,2023-07-28,25.2,CHI,home,SEA,-9.0,0,10.4,4,6,0.667,0,0,,1,3,0.333,3,0,3,0,0,0,0,0,9,7.7
Ruthy Hebard,2023,6,2023-07-30,25.3,CHI,home,PHO,19.0,0,14.2,1,3,0.333,0,0,,4,4,1.0,1,1,2,2,0,2,0,1,6,7.7
Ruthy Hebard,2023,7,2023-08-04,25.3,CHI,away,DAL,15.0,0,8.7,1,3,0.333,0,0,,0,0,,1,1,2,0,0,0,0,0,2,1.3
Ruthy Hebard,2023,8,2023-08-06,25.3,CHI,away,DAL,8.0,0,7.4,1,3,0.333,0,0,,0,0,,2,1,3,0,0,0,1,4,2,-0.6
Ruthy Hebard,2023,9,2023-08-11,25.3,CHI,away,NYL,-16.0,0,12.9,4,6,0.667,0,0,,0,0,,1,5,6,2,2,1,0,0,8,11.7
Ruthy Hebard,2023,10,2023-08-13,25.3,CHI,away,WAS,-7.0,0,6.4,1,3,0.333,0,0,,0,0,,1,0,1,0,1,0,0,3,2,0.8
Ruthy Hebard,2023,11,2023-08-18,25.3,CHI,away,ATL,-11.0,0,8.5,0,0,,0,0,,0,0,,0,4,4,2,0,0,0,3,0,1.4
Ruthy Hebard,2023,12,2023-08-20,25.3,CHI,home,CON,-6.0,0,2.8,0,0,,0,0,,0,0,,0,0,0,0,0,0,0,1,0,-0.4
Ruthy Hebard,2023,13,2023-08-22,25.3,CHI,home,SEA,23.0,0,12.3,3,4,0.75,0,0,,1,2,0.5,0,1,1,0,0,1,0,2,7,5.2
Ruthy Hebard,2023,14,2023-08-24,25.3,CHI,home,LVA,-7.0,0,9.9,2,5,0.4,0,0,,2,2,1.0,2,2,4,0,1,0,0,1,6,5.9
Ruthy Hebard,2023,15,2023-08-27,25.3,CHI,away,SEA,5.0,0,3.6,0,1,0.0,0,0,,0,0,,0,0,0,0,0,0,0,0,0,-0.7
Ruthy Hebard,2023,16,2023-09-03,25.4,CHI,home,NYL,-17.0,0,10.8,1,1,1.0,0,0,,0,0,,1,4,5,0,0,1,0,1,2,3.9
Ruthy Hebard,2023,17,2023-09-05,25.4,CHI,away,IND,27.0,0,13.8,3,5,0.6,0,0,,1,2,0.5,2,2,4,0,0,1,0,2,7,6.2
Ruthy Hebard,2023,18,2023-09-08,25.4,CHI,home,MIN,5.0,0,11.6,4,5,0.8,0,0,,2,2,1.0,0,3,3,0,0,1,1,0,10,8.7
Ruthy Hebard,2023,19,2023-09-10,25.4,CHI,away,CON,11.0,0,11.0,1,2,0.5,0,0,,0,0,,0,0,0,0,0,0,1,2,2,-0.8
NaLyssa Smith,2022,1,2022-05-06,21.7,IND,away,WAS,-14.0,1,34.5,5,13,.385,0,3,.000,3,5,.600,3,10,13,1,0,0,3,4,13,6.3
NaLyssa Smith,2022,2,2022-05-08,21.7,IND,home,LAS,-10.0,1,27.6,6,12,.500,0,1,.000,1,3,.333,2,7,9,0,0,1,1,3,13,8.2
NaLyssa Smith,2022,3,2022-05-10,21.8,IND,home,MIN,6.0,1,27.7,4,9,.444,1,2,.500,0,3,.000,3,2,5,3,2,0,3,2,9,6.1
NaLyssa Smith,2022,4,2022-05-13,21.8,IND,away,NYL,6.0,1,34.4,5,15,.333,0,2,.000,2,4,.500,7,10,17,1,1,0,3,3,12,8.1
NaLyssa Smith,2022,5,2022-05-15,21.8,IND,home,ATL,-6.0,1,31.8,6,16,.375,3,5,.600,3,7,.429,2,4,6,3,0,0,3,0,18,9.3
NaLyssa Smith,2022,6,2022-05-27,21.8,IND,home,LAS,5.0,1,24.7,6,13,.462,3,4,.750,2,2,1.000,0,5,5,1,1,1,2,3,17,11.0
NaLyssa Smith,2022,7,2022-05-31,21.8,IND,home,WAS,-12.0,1,29.4,5,13,.385,2,4,.500,1,2,.500,0,4,4,3,0,0,3,5,13,3.8
NaLyssa Smith,2022,8,2022-06-01,21.8,IND,away,NYL,-13.0,1,31.6,2,9,.222,0,2,.000,0,0,,2,4,6,4,1,0,1,2,4,3.1
NaLyssa Smith,2022,9,2022-06-05,21.8,IND,away,ATL,-9.0,1,22.4,4,11,.364,0,2,.000,2,3,.667,1,3,4,0,0,1,5,3,10,-0.4
NaLyssa Smith,2022,10,2022-06-08,21.8,IND,away,CON,-19.0,1,29.9,8,15,.533,1,4,.250,2,2,1.000,3,4,7,0,2,1,2,2,19,14.9
NaLyssa Smith,2022,11,2022-06-10,21.8,IND,home,NYL,-14.0,1,29.9,7,13,.538,0,2,.000,1,2,.500,4,5,9,1,0,0,2,3,15,10.1
NaLyssa Smith,2022,12,2022-06-12,21.8,IND,away,MIN,4.0,1,35.4,8,10,.800,2,2,1.000,3,5,.600,3,11,14,4,1,2,2,3,21,23.8
NaLyssa Smith,2022,13,2022-06-15,21.9,IND,home,PHO,-13.0,1,30.2,1,7,.143,0,2,.000,2,2,1.000,6,8,14,1,0,0,3,3,4,2.6
NaLyssa Smith,2022,14,2022-06-19,21.9,IND,home,CHI,2.0,1,34.9,11,17,.647,1,1,1.000,3,5,.600,0,11,11,1,0,0,2,0,26,19.7
NaLyssa Smith,2022,15,2022-06-23,21.9,IND,away,DAL,-26.0,1,22.1,2,8,.250,0,3,.000,0,0,,0,4,4,0,0,0,2,4,4,-3.2
NaLyssa Smith,2022,16,2022-06-27,21.9,IND,away,PHO,-12.0,1,32.0,5,10,.500,1,1,1.000,4,6,.667,2,8,10,1,0,0,3,1,15,10.3
NaLyssa Smith,2022,17,2022-06-29,21.9,IND,away,PHO,-21.0,1,33.4,3,12,.250,0,2,.000,2,3,.667,1,3,4,0,0,0,2,1,8,-0.4
NaLyssa Smith,2022,18,2022-07-01,21.9,IND,away,SEA,-16.0,1,29.6,3,9,.333,1,2,.500,2,5,.400,1,5,6,1,1,0,5,4,9,0.0
NaLyssa Smith,2022,19,2022-07-05,21.9,IND,home,SEA,-22.0,1,32.6,4,13,.308,2,5,.400,4,6,.667,0,4,4,0,0,0,1,3,14,4.7
NaLyssa Smith,2022,20,2022-07-07,21.9,IND,home,CHI,-9.0,1,38.4,8,19,.421,3,4,.750,1,1,1.000,5,6,11,3,0,0,4,2,20,12.5
NaLyssa Smith,2022,21,2022-07-13,21.9,IND,home,CON,-8.0,1,34.9,6,12,.500,0,3,.000,0,2,.000,3,10,13,3,0,1,2,5,12,9.1
NaLyssa Smith,2022,22,2022-07-15,21.9,IND,home,MIN,-10.0,1,32.3,2,7,.286,0,2,.000,5,8,.625,3,6,9,0,0,0,3,4,9,3.0
NaLyssa Smith,2022,23,2022-07-17,21.9,IND,away,SEA,-16.0,1,26.8,5,13,.385,1,4,.250,4,4,1.000,4,5,9,2,1,0,1,4,15,12.0
NaLyssa Smith,2022,24,2022-07-19,21.9,IND,away,LAS,-7.0,1,32.1,5,8,.625,2,4,.500,2,4,.500,1,4,5,4,0,0,4,4,14,8.7
NaLyssa Smith,2022,25,2022-07-21,22.0,IND,away,LVA,-13.0,1,31.0,9,15,.600,5,7,.714,1,7,.143,1,4,5,0,1,0,1,2,24,15.8
NaLyssa Smith,2022,26,2022-07-24,22.0,IND,home,DAL,-10.0,1,35.5,6,15,.400,2,5,.400,2,2,1.000,0,5,5,1,1,0,4,4,16,5.5
NaLyssa Smith,2022,27,2022-07-29,22.0,IND,home,LVA,-21.0,1,32.3,3,13,.231,0,3,.000,3,5,.600,2,8,10,2,1,0,2,3,9,3.3
NaLyssa Smith,2022,28,2022-07-31,22.0,IND,home,LVA,-25.0,1,31.4,5,11,.455,2,4,.500,6,6,1.000,7,6,13,1,0,0,0,3,18,18.5
NaLyssa Smith,2022,29,2022-08-03,22.0,IND,away,ATL,-10.0,1,33.3,5,14,.357,2,5,.400,9,11,.818,1,4,5,1,2,0,0,1,21,16.6
NaLyssa Smith,2022,30,2022-08-06,22.0,IND,away,DAL,-4.0,1,23.9,4,11,.364,2,4,.500,1,2,.500,1,5,6,0,0,0,3,5,11,1.7
NaLyssa Smith,2022,31,2022-08-12,22.0,IND,home,WAS,-12.0,1,31.2,5,14,.357,1,3,.333,0,1,.000,2,4,6,3,0,0,2,4,11,3.9
NaLyssa Smith,2022,32,2022-08-14,22.0,IND,away,WAS,-12.0,1,25.4,2,5,.400,0,0,,5,5,1.000,0,4,4,0,0,1,2,3,9,5.0
NaLyssa Smith,2023,1,2023-05-19,22.8,IND,home,CON,-9.0,1,27.9,2,11,.182,0,3,.000,2,3,.667,2,7,9,1,0,0,5,4,6,-3.7
NaLyssa Smith,2023,2,2023-05-21,22.8,IND,away,NYL,-17.0,1,24.8,6,13,.462,1,1,1.000,3,4,.750,5,7,12,0,1,0,1,3,16,13.3
NaLyssa Smith,2023,3,2023-05-28,22.8,IND,away,ATL,3.0,1,31.3,10,16,.625,3,5,.600,0,0,,1,11,12,3,0,0,2,4,23,18.3
NaLyssa Smith,2023,4,2023-05-30,22.8,IND,away,CON,-3.0,1,31.8,5,13,.385,0,4,.000,4,4,1.000,4,11,15,1,0,1,3,3,14,10.2
NaLyssa Smith,2023,5,2023-06-04,22.8,IND,home,LVA,-4.0,1,27.2,4,14,.286,0,2,.000,2,4,.500,0,9,9,1,1,1,5,2,10,0.3
NaLyssa Smith,2023,6,2023-06-06,22.8,IND,away,CHI,-5.0,1,18.8,3,7,.429,0,0,,4,6,.667,1,4,5,1,0,0,2,3,10,4.9
NaLyssa Smith,2023,7,2023-06-09,22.8,IND,away,MIN,2.0,1,31.6,6,13,.462,0,1,.000,0,0,,1,11,12,2,1,0,1,2,12,9.9
NaLyssa Smith,2023,8,2023-06-11,22.8,IND,home,PHO,-3.0,1,34.8,11,19,.579,1,6,.167,6,8,.750,6,6,12,4,0,0,3,1,29,24.7
NaLyssa Smith,2023,9,2023-06-13,22.8,IND,home,WAS,21.0,1,32.4,4,12,.333,0,2,.000,0,0,,0,3,3,1,0,0,4,4,8,-2.8
NaLyssa Smith,2023,10,2023-06-15,22.9,IND,away,CHI,2.0,1,31.9,5,9,.556,0,1,.000,5,5,1.000,1,7,8,2,0,0,3,3,15,10.7
NaLyssa Smith,2023,11,2023-06-18,22.9,IND,home,ATL,-6.0,1,24.4,3,10,.300,0,2,.000,6,8,.750,3,4,7,1,1,0,1,2,12,8.6
NaLyssa Smith,2023,12,2023-06-22,22.9,IND,away,SEA,12.0,1,28.7,5,11,.455,1,3,.333,1,1,1.000,2,12,14,0,0,0,2,5,12,7.3
NaLyssa Smith,2023,13,2023-06-24,22.9,IND,away,LVA,-13.0,1,34.9,11,19,.579,1,3,.333,3,3,1.000,0,11,11,2,2,0,2,4,26,20.2
NaLyssa Smith,2023,14,2023-06-26,22.9,IND,away,LVA,-8.0,1,33.6,4,15,.267,0,2,.000,5,6,.833,5,9,14,2,0,1,2,2,13,9.2
NaLyssa Smith,2023,15,2023-06-29,22.9,IND,away,PHO,-22.0,1,23.4,4,9,.444,0,0,,2,2,1.000,3,6,9,1,1,0,5,3,10,4.7
NaLyssa Smith,2023,16,2023-07-02,22.9,IND,home,CHI,-2.0,1,26.7,11,16,.688,1,2,.500,4,6,.667,2,6,8,1,0,0,1,4,27,20.7
NaLyssa Smith,2023,17,2023-07-05,22.9,IND,away,MIN,-7.0,1,30.6,8,18,.444,1,3,.333,1,1,1.000,5,6,11,0,0,0,3,5,18,8.9
NaLyssa Smith,2023,18,2023-07-07,22.9,IND,away,WAS,-8.0,1,27.9,9,16,.563,1,2,.500,0,2,.000,1,6,7,2,0,0,4,5,19,8.5
NaLyssa Smith,2023,19,2023-07-09,22.9,IND,home,DAL,-1.0,1,25.2,7,12,.583,0,2,.000,3,5,.600,3,3,6,3,0,0,4,2,17,10.9
NaLyssa Smith,2023,20,2023-08-08,23.0,IND,home,LAS,-7.0,0,18.0,3,7,.429,0,2,.000,2,4,.500,0,6,6,0,0,0,1,1,8,3.9
NaLyssa Smith,2023,21,2023-08-10,23.0,IND,home,MIN,18.0,0,19.4,6,11,.545,0,1,.000,0,0,,2,5,7,1,0,0,2,3,12,7.1
NaLyssa Smith,2023,22,2023-08-13,23.0,IND,home,NYL,-11.0,0,27.3,5,10,.500,0,1,.000,5,7,.714,1,8,9,2,0,1,1,2,15,12.6
NaLyssa Smith,2023,23,2023-08-18,23.0,IND,home,WAS,-4.0,1,18.7,2,6,.333,0,2,.000,0,0,,0,4,4,1,0,1,5,5,4,-3.8
NaLyssa Smith,2023,24,2023-08-20,23.0,IND,away,PHO,10.0,1,32.5,9,12,.750,0,0,,7,11,.636,2,9,11,0,1,0,0,0,25,23.7
NaLyssa Smith,2023,25,2023-08-24,23.0,IND,home,SEA,4.0,1,32.4,4,10,.400,2,2,1.000,6,9,.667,3,8,11,1,0,1,3,5,16,10.3
NaLyssa Smith,2023,26,2023-08-27,23.1,IND,home,ATL,3.0,1,29.1,4,10,.400,0,1,.000,0,0,,3,10,13,2,0,0,3,2,8,5.3
NaLyssa Smith,2023,27,2023-09-01,23.1,IND,home,DAL,-10.0,1,28.1,6,14,.429,2,3,.667,4,5,.800,4,7,11,3,0,0,4,3,18,12.0
NaLyssa Smith,2023,28,2023-09-03,23.1,IND,away,DAL,13.0,1,36.6,12,18,.667,2,5,.400,4,8,.500,2,3,5,1,0,1,2,3,30,21.1
NaLyssa Smith,2023,29,2023-09-05,23.1,IND,home,CHI,-27.0,1,27.2,6,15,.400,1,3,.333,3,5,.600,0,7,7,1,0,1,3,2,16,6.8
NaLyssa Smith,2023,30,2023-09-08,23.1,IND,away,CON,-17.0,1,34.1,6,13,.462,1,1,1.000,1,2,.500,1,5,6,1,1,2,3,4,14,7.6
NaLyssa Smith,2023,31,2023-09-10,23.1,IND,home,MIN,15.0,1,33.6,7,15,.467,1,2,.500,1,5,.200,1,10,11,3,1,0,4,2,16,8.7
Brittany Boyd,2021,1,2021-05-15,27.9,CHI,away,WAS,14.0,0,11.6,1,3,0.333,1,2,0.5,0,0,,0,1,1,3,2,0,0,2,3,4.9
Brittany Boyd,2021,2,2021-05-19,27.9,CHI,away,ATL,8.0,0,10.8,0,1,0.0,0,0,,1,2,0.5,0,1,1,1,0,0,4,0,1,-3.1
Jordan Horston,2023,1,2023-05-20,22.0,SEA,home,LVA,-41.0,0,23.8,4,13,.308,0,0,,0,0,,1,4,5,3,3,0,2,2,8,4.7
Jordan Horston,2023,2,2023-05-26,22.0,SEA,home,DAL,-4.0,0,11.7,0,5,.000,0,1,.000,0,0,,1,1,2,1,1,0,1,1,0,-2.2
Jordan Horston,2023,3,2023-05-30,22.0,SEA,home,NYL,-8.0,0,18.3,2,11,.182,0,1,.000,0,2,.000,2,3,5,2,0,0,1,2,4,-1.8
Jordan Horston,2023,4,2023-06-03,22.0,SEA,away,LAS,-7.0,0,8.8,2,5,.400,0,1,.000,0,0,,0,2,2,0,0,2,1,1,4,1.9
Jordan Horston,2023,5,2023-06-06,22.0,SEA,home,LAS,3.0,0,26.1,7,15,.467,0,1,.000,0,0,,3,4,7,1,4,1,2,1,14,12.6
Jordan Horston,2023,6,2023-06-09,22.1,SEA,home,WAS,-7.0,0,27.1,4,13,.308,2,5,.400,0,0,,2,7,9,1,2,2,4,2,10,5.3
Jordan Horston,2023,7,2023-06-11,22.1,SEA,home,WAS,-6.0,1,29.1,4,10,.400,0,1,.000,2,2,1.000,1,4,5,1,0,2,4,6,10,2.2
Jordan Horston,2023,8,2023-06-13,22.1,SEA,away,PHO,14.0,1,32.6,3,9,.333,0,1,.000,7,8,.875,3,11,14,1,1,0,2,2,13,11.8
Jordan Horston,2023,9,2023-06-15,22.1,SEA,away,LVA,-33.0,1,21.6,1,7,.143,0,1,.000,2,2,1.000,1,4,5,0,0,2,2,1,4,0.4
Jordan Horston,2023,10,2023-06-17,22.1,SEA,away,DAL,6.0,0,16.0,3,5,.600,0,1,.000,2,2,1.000,0,1,1,0,1,1,1,2,8,5.9
Jordan Horston,2023,11,2023-06-20,22.1,SEA,home,CON,-6.0,0,28.9,5,10,.500,1,2,.500,0,0,,1,12,13,2,0,1,3,3,11,8.2
Jordan Horston,2023,12,2023-06-22,22.1,SEA,home,IND,-12.0,0,11.4,1,4,.250,0,1,.000,2,2,1.000,1,1,2,1,1,0,2,2,4,1.5
Jordan Horston,2023,13,2023-07-02,22.1,SEA,home,NYL,-15.0,0,16.5,0,1,.000,0,0,,0,0,,0,2,2,3,0,1,2,3,0,-0.5
Jordan Horston,2023,14,2023-07-06,22.1,SEA,away,CON,-20.0,1,22.8,3,9,.333,0,1,.000,0,0,,2,2,4,2,3,0,3,2,6,3.5
Jordan Horston,2023,15,2023-07-08,22.1,SEA,away,NYL,-4.0,0,29.7,4,11,.364,0,2,.000,0,0,,3,8,11,3,1,1,1,2,8,8.4
Jordan Horston,2023,16,2023-07-11,22.1,SEA,away,WAS,-7.0,0,11.2,1,2,.500,0,0,,0,0,,1,1,2,1,2,0,2,1,2,2.3
Jordan Horston,2023,17,2023-07-12,22.1,SEA,away,ATL,-10.0,1,35.4,8,16,.500,3,4,.750,4,7,.571,2,8,10,2,3,0,0,2,23,21.2
Jordan Horston,2023,18,2023-07-20,22.2,SEA,home,LVA,-16.0,0,24.0,4,6,.667,1,2,.500,2,2,1.000,1,4,5,2,2,0,3,3,11,9.5
Jordan Horston,2023,19,2023-07-22,22.2,SEA,home,CHI,-15.0,0,17.1,4,6,.667,0,0,,4,6,.667,0,1,1,1,3,1,2,2,12,10.5
Jordan Horston,2023,20,2023-07-28,22.2,SEA,away,CHI,9.0,0,15.1,4,7,.571,0,1,.000,0,0,,1,1,2,2,0,0,1,3,8,4.9
Jordan Horston,2023,21,2023-07-30,22.2,SEA,away,IND,23.0,0,25.6,7,11,.636,1,2,.500,0,0,,1,5,6,2,2,0,4,0,15,11.7
Jordan Horston,2023,22,2023-08-02,22.2,SEA,home,DAL,-11.0,0,12.2,1,2,.500,0,1,.000,0,0,,1,0,1,1,0,0,3,1,2,-1.0
Jordan Horston,2023,23,2023-08-05,22.2,SEA,away,PHO,6.0,0,8.3,1,3,.333,0,0,,0,0,,0,2,2,0,0,0,1,2,2,-0.9
Jordan Horston,2023,24,2023-08-08,22.2,SEA,home,CON,-12.0,0,15.3,3,6,.500,1,2,.500,2,4,.500,2,0,2,0,1,0,1,2,9,5.8
Jordan Horston,2023,25,2023-08-10,22.2,SEA,home,ATL,1.0,1,26.6,1,7,.143,0,1,.000,2,3,.667,3,5,8,2,3,1,1,4,4,5.2
Jordan Horston,2023,26,2023-08-13,22.2,SEA,home,PHO,10.0,1,16.2,2,4,.500,0,0,,0,0,,1,0,1,0,1,0,1,1,4,2.3
Jordan Horston,2023,27,2023-08-18,22.2,SEA,home,MIN,-8.0,1,24.1,3,9,.333,0,2,.000,0,0,,0,4,4,2,1,1,3,0,6,2.2
Jordan Horston,2023,28,2023-08-20,22.2,SEA,away,MIN,14.0,1,28.1,2,9,.222,0,2,.000,0,0,,0,4,4,2,1,0,1,1,4,0.7
Jordan Horston,2023,29,2023-08-22,22.3,SEA,away,CHI,-23.0,1,29.7,1,11,.091,0,0,,1,2,.500,5,6,11,4,0,0,2,2,3,0.6
Jordan Horston,2023,30,2023-08-24,22.3,SEA,away,IND,-4.0,1,37.5,3,10,.300,1,2,.500,2,4,.500,1,5,6,2,2,2,1,4,9,6.8
Jordan Horston,2023,31,2023-08-27,22.3,SEA,home,CHI,-5.0,1,29.5,2,8,.250,0,1,.000,0,0,,0,5,5,2,2,1,1,4,4,2.2
Jordan Horston,2023,32,2023-08-31,22.3,SEA,away,LAS,11.0,1,24.4,3,6,.500,0,1,.000,3,4,.750,0,8,8,1,2,1,6,3,9,4.2
Jordan Horston,2023,33,2023-09-02,22.3,SEA,away,LVA,-26.0,1,30.4,3,12,.250,0,0,,0,0,,3,4,7,4,2,0,1,3,6,4.7
Jordan Horston,2023,34,2023-09-06,22.3,SEA,away,ATL,-11.0,1,24.8,0,5,.000,0,1,.000,0,0,,0,1,1,3,0,1,2,3,0,-3.6
Jordan Horston,2023,35,2023-09-08,22.3,SEA,away,DAL,-15.0,1,20.7,2,3,.667,0,0,,1,1,1.000,2,2,4,2,0,0,2,4,5,3.5
Jordan Horston,2023,36,2023-09-10,22.3,SEA,home,LAS,-2.0,1,25.6,3,4,.750,0,0,,1,1,1.000,2,3,5,2,0,0,2,2,7,6.3
Laeticia Amihere,2023,1,2023-05-30,21.9,ATL,home,CHI,18.0,0,4.6,0,2,.000,0,0,,0,0,,0,0,0,0,0,1,1,1,0,-2.1
Laeticia Amihere,2023,2,2023-06-09,21.9,ATL,home,NYL,-23.0,0,10.4,3,3,1.000,0,0,,2,5,.400,0,0,0,0,0,1,0,2,8,5.8
Laeticia Amihere,2023,3,2023-06-11,21.9,ATL,home,CON,-12.0,0,2.2,2,2,1.000,0,0,,1,1,1.000,0,0,0,0,0,1,1,1,5,3.7
Laeticia Amihere,2023,4,2023-06-15,21.9,ATL,away,CON,4.0,0,0.0,0,0,,0,0,,0,0,,0,0,0,0,0,0,0,0,0,0.0
Laeticia Amihere,2023,5,2023-06-20,21.9,ATL,away,DAL,-12.0,0,8.8,2,3,.667,0,0,,0,0,,0,2,2,0,0,2,1,1,4,3.3
Laeticia Amihere,2023,6,2023-06-23,22.0,ATL,home,NYL,-30.0,0,11.6,0,3,.000,0,1,.000,2,4,.500,1,1,2,1,1,1,1,1,2,1.1
Laeticia Amihere,2023,7,2023-06-28,22.0,ATL,away,WAS,-23.0,0,17.1,0,2,.000,0,0,,7,12,.583,1,4,5,2,1,1,2,0,7,6.6
Laeticia Amihere,2023,8,2023-06-30,22.0,ATL,home,WAS,5.0,0,13.5,1,4,.250,0,0,,3,6,.500,0,1,1,0,0,0,0,0,5,1.7
Laeticia Amihere,2023,9,2023-07-02,22.0,ATL,home,LAS,28.0,0,12.1,3,3,1.000,0,0,,3,4,.750,0,3,3,0,0,0,1,1,9,7.2
Laeticia Amihere,2023,10,2023-07-05,22.0,ATL,away,LAS,11.0,0,4.3,0,0,,0,0,,0,0,,0,0,0,0,0,1,1,0,0,-0.3
Laeticia Amihere,2023,11,2023-07-12,22.0,ATL,home,SEA,10.0,0,7.3,0,1,.000,0,0,,0,0,,0,0,0,0,0,0,0,2,0,-1.5
Laeticia Amihere,2023,12,2023-07-25,22.0,ATL,home,PHO,13.0,0,9.3,0,3,.000,0,0,,0,0,,0,1,1,0,0,0,1,4,0,-4.4
Laeticia Amihere,2023,13,2023-07-27,22.0,ATL,away,NYL,-11.0,0,3.7,1,2,.500,0,0,,0,0,,0,0,0,0,0,0,0,2,2,0.2
Laeticia Amihere,2023,14,2023-08-01,22.1,ATL,away,LVA,-21.0,0,4.4,1,4,.250,0,0,,1,3,.333,1,0,1,0,0,0,0,0,3,0.5
Laeticia Amihere,2023,15,2023-08-03,22.1,ATL,away,PHO,-20.0,0,7.1,1,1,1.000,0,0,,1,2,.500,1,0,1,0,0,0,1,0,3,2.0
Laeticia Amihere,2023,16,2023-08-22,22.1,ATL,home,LVA,-12.0,0,11.2,2,4,.500,0,0,,2,2,1.000,0,2,2,0,1,0,0,4,6,4.0
Laeticia Amihere,2023,17,2023-08-27,22.1,ATL,away,IND,-3.0,0,4.6,0,2,.000,0,0,,0,0,,1,0,1,0,0,1,1,0,0,-1.0
Laeticia Amihere,2023,18,2023-08-29,22.1,ATL,home,PHO,18.0,0,3.0,1,1,1.000,0,0,,0,0,,0,0,0,0,0,0,0,0,2,1.7
Laeticia Amihere,2023,19,2023-09-01,22.1,ATL,away,MIN,-6.0,0,3.8,0,1,.000,0,0,,0,0,,0,0,0,0,1,0,0,0,0,0.3
Laeticia Amihere,2023,20,2023-09-08,22.2,ATL,away,WAS,5.0,0,0.9,0,0,,0,0,,0,0,,0,0,0,0,0,0,0,1,0,-0.4
Laeticia Amihere,2023,21,2023-09-10,22.2,ATL,home,DAL,-17.0,0,6.4,0,1,.000,0,0,,0,2,.000,0,1,1,1,1,0,0,1,0,0.1
Aaliyah Wilson,2021,1,2021-06-24,22.8,IND,home,DAL,-25.0,0,8.3,0,1,0.0,0,0,,0,0,,0,0,0,0,0,0,2,1,0,-3.1
Aaliyah Wilson,2021,2,2021-07-01,22.8,IND,home,CON,-6.0,0,2.0,1,1,1.0,0,0,,0,0,,0,0,0,0,0,0,0,0,2,1.7
Aaliyah Wilson,2021,3,2021-07-09,22.9,IND,home,NYL,13.0,0,18.5,2,5,0.4,0,2,0.0,0,0,,1,0,1,0,1,0,0,3,4,1.8
Aaliyah Wilson,2021,4,2021-07-11,22.9,IND,away,ATL,11.0,0,8.2,0,4,0.0,0,0,,0,0,,0,1,1,0,0,0,1,0,0,-3.5
Aaliyah Wilson,2021,5,2021-08-15,23.0,IND,away,LAS,-5.0,0,0.1,0,0,,0,0,,0,0,,0,0,0,0,0,0,0,0,0,0.0
Aaliyah Wilson,2021,6,2021-08-17,23.0,IND,away,PHO,-4.0,0,7.4,1,1,1.0,1,1,1.0,0,0,,0,0,0,1,0,0,0,1,3,3.0
Aaliyah Wilson,2021,7,2021-08-20,23.0,IND,away,DAL,2.0,0,14.1,0,1,0.0,0,1,0.0,0,0,,0,1,1,3,1,1,0,4,0,1.8
Aaliyah Wilson,2021,8,2021-08-28,23.0,IND,home,LVA,-16.0,0,7.2,1,2,0.5,0,0,,0,0,,1,0,1,0,0,0,1,1,2,0.3
Aaliyah Wilson,2021,9,2021-08-31,23.0,IND,home,LAS,2.0,0,3.8,0,1,0.0,0,0,,0,0,,1,1,2,0,0,0,1,0,0,-0.7
Aaliyah Wilson,2021,10,2021-09-04,23.0,IND,home,PHO,-22.0,0,7.9,0,2,0.0,0,0,,0,2,0.0,1,3,4,1,0,1,2,0,0,-1.2
Aaliyah Wilson,2021,11,2021-09-10,23.0,IND,away,MIN,-17.0,0,11.8,0,4,0.0,0,2,0.0,2,2,1.0,0,1,1,2,0,0,1,3,2,-1.3
Aaliyah Wilson,2021,12,2021-09-12,23.0,IND,away,MIN,-10.0,0,2.5,0,0,,0,0,,0,0,,0,0,0,0,0,0,0,1,0,-0.4
Aaliyah Wilson,2021,13,2021-09-14,23.0,IND,away,ATL,-7.0,0,17.4,1,2,0.5,0,1,0.0,0,0,,1,0,1,1,0,0,1,3,2,0.2
Aaliyah Wilson,2021,14,2021-09-17,23.1,IND,home,MIN,-19.0,0,10.3,0,2,0.0,0,0,,0,0,,0,0,0,0,1,0,0,0,0,-0.4
Avery Warley-Talbert,2020,1,2020-07-26,33.2,LVA,home,CHI,-2.0,0,9.8,1,2,0.5,0,0,,0,0,,1,1,2,1,0,0,2,3,2,-0.5
Avery Warley-Talbert,2020,2,2020-07-29,33.2,LVA,home,ATL,30.0,0,6.4,1,3,0.333,0,0,,2,2,1.0,3,1,4,1,0,0,0,1,4,5.0
Avery Warley-Talbert,2020,3,2020-07-31,33.2,LVA,home,PHO,-7.0,0,8.2,1,2,0.5,0,0,,0,1,0.0,1,1,2,1,0,0,0,2,2,1.5
Maddy Siegrist,2023,1,2023-05-20,23.0,DAL,home,ATL,7.0,0,3.1,0,1,.000,0,1,.000,0,0,,0,0,0,0,0,0,0,1,0,-1.1
Maddy Siegrist,2023,2,2023-05-26,23.0,DAL,away,SEA,4.0,0,5.1,0,1,.000,0,0,,0,0,,0,1,1,0,0,2,0,1,0,0.6
Maddy Siegrist,2023,3,2023-05-28,23.0,DAL,away,CHI,-6.0,0,7.4,2,2,1.000,2,2,1.000,0,0,,1,0,1,0,2,0,1,1,6,6.7
Maddy Siegrist,2023,4,2023-05-30,23.0,DAL,home,MIN,5.0,0,1.3,0,0,,0,0,,0,0,,0,0,0,0,0,0,0,0,0,0.0
Maddy Siegrist,2023,5,2023-06-02,23.0,DAL,away,WAS,-1.0,0,9.9,2,4,.500,0,0,,0,0,,0,0,0,0,0,0,0,2,4,1.2
Maddy Siegrist,2023,6,2023-06-04,23.0,DAL,away,CON,-6.0,0,10.3,0,3,.000,0,0,,2,2,1.000,1,0,1,0,0,0,0,3,2,-0.6
Maddy Siegrist,2023,7,2023-06-07,23.0,DAL,home,PHO,5.0,0,18.8,6,9,.667,0,0,,2,2,1.000,5,3,8,0,0,0,1,0,14,13.5
Maddy Siegrist,2023,8,2023-06-09,23.0,DAL,home,PHO,13.0,0,10.3,2,5,.400,0,1,.000,0,0,,1,0,1,0,0,1,0,0,4,2.7
Maddy Siegrist,2023,9,2023-06-11,23.1,DAL,away,NYL,-9.0,0,19.5,3,7,.429,0,1,.000,0,0,,3,3,6,0,0,0,0,1,6,4.9
Maddy Siegrist,2023,10,2023-06-14,23.1,DAL,home,LAS,-18.0,0,7.0,0,2,.000,0,0,,0,0,,1,1,2,0,0,0,0,0,0,-0.4
Maddy Siegrist,2023,11,2023-06-17,23.1,DAL,home,SEA,-6.0,0,2.8,0,0,,0,0,,0,0,,0,0,0,1,0,0,0,1,0,0.3
Maddy Siegrist,2023,12,2023-06-20,23.1,DAL,home,ATL,12.0,0,9.4,1,2,.500,0,1,.000,2,3,.667,1,0,1,0,0,0,0,1,4,2.9
Maddy Siegrist,2023,13,2023-06-23,23.1,DAL,away,LAS,-2.0,0,3.2,1,3,.333,0,1,.000,0,0,,1,1,2,0,1,0,0,1,2,1.9
Maddy Siegrist,2023,14,2023-06-25,23.1,DAL,away,LAS,-10.0,0,0.7,0,0,,0,0,,0,0,,0,0,0,0,0,0,0,0,0,0.0
Maddy Siegrist,2023,15,2023-06-27,23.1,DAL,away,PHO,15.0,0,11.7,1,3,.333,0,0,,0,0,,1,1,2,0,1,0,1,1,2,0.9
Maddy Siegrist,2023,16,2023-07-02,23.1,DAL,home,WAS,17.0,0,4.5,1,2,.500,0,0,,0,0,,1,0,1,0,0,0,0,1,2,1.3
Maddy Siegrist,2023,17,2023-07-05,23.1,DAL,away,LVA,-7.0,0,4.5,1,1,1.000,0,0,,0,0,,1,0,1,0,0,0,0,1,2,2.0
Maddy Siegrist,2023,18,2023-07-07,23.1,DAL,home,LVA,2.0,0,7.9,1,3,.333,0,1,.000,0,0,,0,0,0,0,1,0,0,0,2,1.3
Maddy Siegrist,2023,19,2023-07-09,23.1,DAL,away,IND,1.0,0,5.9,1,1,1.000,0,0,,2,2,1.000,0,1,1,0,0,0,0,0,4,4.0
Maddy Siegrist,2023,20,2023-07-12,23.1,DAL,away,MIN,40.0,0,9.3,1,3,.333,0,2,.000,2,2,1.000,1,1,2,1,0,1,0,2,4,3.9
Maddy Siegrist,2023,21,2023-07-19,23.2,DAL,away,NYL,10.0,0,7.3,2,5,.400,0,0,,2,2,1.000,2,0,2,0,0,0,0,2,6,3.9
Maddy Siegrist,2023,22,2023-07-22,23.2,DAL,home,LAS,14.0,0,3.4,0,0,,0,0,,0,0,,0,0,0,0,0,0,0,0,0,0.0
Maddy Siegrist,2023,23,2023-07-28,23.2,DAL,home,WAS,28.0,0,10.9,4,7,.571,0,0,,2,2,1.000,1,0,1,0,0,0,1,1,10,6.0
Maddy Siegrist,2023,24,2023-07-30,23.2,DAL,away,LVA,-13.0,0,0.4,0,0,,0,0,,0,0,,0,0,0,0,0,0,0,0,0,0.0
Maddy Siegrist,2023,25,2023-08-02,23.2,DAL,away,SEA,11.0,0,13.0,3,4,.750,1,1,1.000,0,0,,1,1,2,0,0,0,0,1,7,6.0
Maddy Siegrist,2023,26,2023-08-04,23.2,DAL,home,CHI,-15.0,0,16.8,5,6,.833,0,0,,0,0,,1,2,3,0,1,0,1,0,10,9.1
Maddy Siegrist,2023,27,2023-08-06,23.2,DAL,home,CHI,-8.0,0,10.1,2,6,.333,0,1,.000,2,2,1.000,5,0,5,1,2,1,1,0,6,8.5
Maddy Siegrist,2023,28,2023-08-08,23.2,DAL,home,LVA,-20.0,0,20.1,3,6,.500,1,2,.500,2,2,1.000,0,3,3,1,0,0,1,2,9,5.8
Maddy Siegrist,2023,29,2023-08-12,23.2,DAL,home,CON,10.0,0,4.9,0,0,,0,0,,0,0,,0,1,1,0,0,0,0,0,0,0.3
Maddy Siegrist,2023,30,2023-08-18,23.2,DAL,away,CON,20.0,0,6.1,2,2,1.000,0,0,,1,1,1.000,0,3,3,0,0,1,0,1,5,5.6
Maddy Siegrist,2023,31,2023-08-20,23.2,DAL,away,WAS,13.0,0,10.9,5,7,.714,0,0,,1,1,1.000,2,0,2,0,0,0,0,0,11,9.5
Maddy Siegrist,2023,32,2023-08-22,23.3,DAL,away,MIN,-5.0,0,4.6,1,1,1.000,0,0,,0,0,,2,0,2,0,0,0,0,0,2,3.1
Maddy Siegrist,2023,33,2023-08-24,23.3,DAL,home,MIN,-9.0,0,17.4,2,6,.333,1,1,1.000,4,4,1.000,1,0,1,2,0,1,1,1,9,7.0
Maddy Siegrist,2023,34,2023-08-27,23.3,DAL,away,PHO,3.0,0,12.0,1,2,.500,0,0,,0,0,,1,0,1,0,0,0,1,1,2,0.3
Maddy Siegrist,2023,35,2023-09-01,23.3,DAL,away,IND,10.0,0,8.4,3,4,.750,0,0,,0,0,,0,1,1,1,0,0,0,1,6,5.0
Maddy Siegrist,2023,36,2023-09-03,23.3,DAL,home,IND,-13.0,0,3.6,0,1,.000,0,0,,2,2,1.000,0,0,0,0,0,0,0,0,2,1.3
Maddy Siegrist,2023,37,2023-09-05,23.3,DAL,home,NYL,-1.0,0,5.4,0,1,.000,0,0,,1,2,.500,1,0,1,0,0,0,0,1,1,0.2
Maddy Siegrist,2023,38,2023-09-08,23.3,DAL,home,SEA,15.0,0,4.2,0,0,,0,0,,0,0,,0,0,0,1,0,0,0,0,0,0.7
Maddy Siegrist,2023,39,2023-09-10,23.3,DAL,away,ATL,17.0,0,6.8,1,2,.500,0,0,,0,0,,1,2,3,0,0,0,0,0,2,2.3
Sug Sutton,2020,1,2020-08-19,21.7,WAS,home,ATL,7.0,0,9.4,1,3,0.333,0,2,0.0,2,2,1.0,0,1,1,1,0,0,1,1,4,1.9
Sug Sutton,2020,2,2020-08-21,21.7,WAS,home,DAL,-9.0,0,24.7,1,4,0.25,0,1,0.0,2,3,0.667,0,2,2,2,0,0,1,2,4,1.4
Sug Sutton,2020,3,2020-08-23,21.7,WAS,home,PHO,-1.0,0,8.5,1,1,1.0,1,1,1.0,1,2,0.5,0,0,0,1,0,0,1,1,4,2.6
Sug Sutton,2020,4,2020-08-28,21.7,WAS,home,PHO,-22.0,0,12.7,3,5,0.6,2,3,0.667,0,0,,0,0,0,2,0,0,2,1,8,4.7
Sug Sutton,2020,5,2020-08-30,21.7,WAS,home,CON,-13.0,0,12.0,1,7,0.143,0,3,0.0,0,0,,0,0,0,0,0,0,0,0,2,-2.5
Sug Sutton,2020,6,2020-09-02,21.7,WAS,home,SEA,-7.0,0,14.4,1,2,0.5,1,2,0.5,0,0,,0,2,2,3,0,0,0,0,3,4.7
Sug Sutton,2020,7,2020-09-04,21.7,WAS,home,CHI,10.0,0,4.0,1,1,1.0,0,0,,0,0,,0,1,1,0,1,0,0,0,2,3.0
Sug Sutton,2020,8,2020-09-06,21.7,WAS,home,DAL,-7.0,0,4.2,1,1,1.0,1,1,1.0,0,0,,0,0,0,1,0,0,0,1,3,3.0
Sug Sutton,2020,9,2020-09-08,21.7,WAS,home,MIN,3.0,0,5.5,0,1,0.0,0,1,0.0,0,0,,0,0,0,0,0,0,1,2,0,-2.5
Sug Sutton,2020,10,2020-09-10,21.7,WAS,home,LAS,8.0,0,3.6,0,1,0.0,0,1,0.0,0,0,,0,0,0,1,0,0,0,1,0,-0.4
Sug Sutton,2020,11,2020-09-12,21.7,WAS,home,NYL,17.0,0,11.2,1,6,0.167,0,2,0.0,0,0,,0,2,2,1,0,0,0,1,2,-0.9
Sug Sutton,2020,12,2020-09-13,21.7,WAS,home,ATL,7.0,0,2.8,1,1,1.0,0,0,,0,0,,0,0,0,0,0,0,0,1,2,1.3
Sug Sutton,2023,1,2023-05-19,24.4,PHO,away,LAS,-23.0,0,26.4,4,10,.400,1,1,1.000,1,2,.500,1,2,3,3,1,0,2,3,10,5.4
Sug Sutton,2023,2,2023-05-21,24.4,PHO,home,CHI,-6.0,0,30.3,5,9,.556,1,1,1.000,2,4,.500,0,1,1,2,2,0,2,0,13,9.6
Sug Sutton,2023,3,2023-05-25,24.4,PHO,home,MIN,9.0,0,32.8,4,8,.500,1,3,.333,5,5,1.000,0,2,2,3,0,0,1,1,14,11.3
Sug Sutton,2023,4,2023-06-02,24.5,PHO,home,LAS,-6.0,0,29.9,5,8,.625,2,3,.667,0,0,,0,3,3,6,0,0,3,0,12,10.5
Sug Sutton,2023,5,2023-06-07,24.5,PHO,away,DAL,-5.0,0,30.6,2,5,.400,0,1,.000,0,0,,0,5,5,8,0,1,1,1,4,7.7
Sug Sutton,2023,6,2023-06-09,24.5,PHO,away,DAL,-13.0,1,29.3,5,15,.333,0,2,.000,6,6,1.000,1,3,4,9,2,0,2,2,16,14.6
Sug Sutton,2023,7,2023-06-11,24.5,PHO,away,IND,3.0,1,38.5,4,13,.308,1,5,.200,1,2,.500,0,0,0,7,0,0,3,2,10,3.2
Sug Sutton,2023,8,2023-06-13,24.5,PHO,home,SEA,-14.0,1,31.8,6,12,.500,0,2,.000,3,3,1.000,0,6,6,4,0,0,3,1,15,10.2
Sug Sutton,2023,9,2023-06-16,24.5,PHO,away,WAS,-19.0,1,35.0,2,8,.250,0,1,.000,3,3,1.000,0,1,1,8,2,0,3,1,7,6.7
Sug Sutton,2023,10,2023-06-18,24.5,PHO,away,NYL,-18.0,1,32.0,4,13,.308,1,2,.500,1,2,.500,1,2,3,9,1,0,3,1,10,7.3
Sug Sutton,2023,11,2023-06-21,24.5,PHO,home,LVA,-20.0,1,32.6,9,16,.563,1,3,.333,2,2,1.000,1,1,2,2,0,0,2,3,21,12.6
Sug Sutton,2023,12,2023-06-24,24.5,PHO,away,SEA,-23.0,1,35.6,1,6,.167,0,0,,0,1,.000,1,1,2,7,0,0,3,2,2,-0.1
Sug Sutton,2023,13,2023-06-27,24.5,PHO,home,DAL,-15.0,0,23.1,3,5,.600,0,2,.000,0,0,,0,1,1,4,0,0,3,0,6,3.8
Sug Sutton,2023,14,2023-06-29,24.5,PHO,home,IND,22.0,0,26.3,2,6,.333,1,3,.333,2,2,1.000,0,3,3,4,0,0,3,3,7,3.1
Sug Sutton,2023,15,2023-07-01,24.5,PHO,home,MIN,-10.0,0,23.5,3,7,.429,2,5,.400,2,2,1.000,0,1,1,2,0,1,4,1,10,4.3
Sug Sutton,2023,16,2023-07-05,24.5,PHO,away,NYL,-4.0,0,8.4,0,2,.000,0,0,,0,0,,0,1,1,2,0,0,0,2,0,-0.5
Sug Sutton,2023,17,2023-07-07,24.6,PHO,away,MIN,-11.0,0,25.9,1,6,.167,0,1,.000,0,0,,0,1,1,10,0,0,5,2,2,-0.3
Sug Sutton,2023,18,2023-07-09,24.6,PHO,home,LAS,6.0,0,14.7,1,3,.333,1,2,.500,0,0,,0,3,3,3,1,0,3,0,3,2.3
Sug Sutton,2023,19,2023-07-11,24.6,PHO,away,LVA,-26.0,0,17.0,1,5,.200,0,0,,0,0,,1,3,4,4,0,0,1,3,2,1.1
Sug Sutton,2023,20,2023-07-18,24.6,PHO,home,CON,6.0,0,14.8,3,7,.429,1,1,1.000,0,0,,0,4,4,2,0,0,1,3,7,3.7
Sug Sutton,2023,21,2023-07-20,24.6,PHO,home,CHI,18.0,0,25.2,5,14,.357,1,4,.250,0,0,,1,3,4,3,1,0,3,2,11,4.1
Sug Sutton,2023,22,2023-07-23,24.6,PHO,away,WAS,-15.0,0,24.1,2,11,.182,1,4,.250,3,4,.750,0,4,4,6,3,0,5,4,8,2.5
Sug Sutton,2023,23,2023-07-25,24.6,PHO,away,ATL,-13.0,0,22.0,2,7,.286,0,3,.000,0,0,,0,2,2,3,2,0,2,1,4,2.2
Sug Sutton,2023,24,2023-07-30,24.6,PHO,away,CHI,-19.0,0,15.8,2,2,1.000,1,1,1.000,0,0,,0,0,0,1,0,0,3,1,5,1.7
Sug Sutton,2023,25,2023-08-01,24.6,PHO,away,IND,-1.0,0,21.2,3,5,.600,0,0,,0,0,,0,3,3,3,0,0,2,0,6,4.7
Sug Sutton,2023,26,2023-08-03,24.6,PHO,home,ATL,20.0,0,17.3,1,4,.250,1,2,.500,2,2,1.000,1,2,3,3,0,0,2,1,5,3.6
Sug Sutton,2023,27,2023-08-05,24.6,PHO,home,SEA,-6.0,0,27.8,3,6,.500,0,2,.000,1,1,1.000,0,0,0,8,1,0,1,2,7,8.8
Sug Sutton,2023,28,2023-08-08,24.6,PHO,home,WAS,19.0,0,14.8,3,6,.500,0,2,.000,0,0,,0,0,0,4,1,0,3,0,6,3.8
Sug Sutton,2023,29,2023-08-10,24.6,PHO,home,CON,6.0,0,17.2,1,2,.500,0,0,,0,0,,0,3,3,4,2,0,2,2,2,3.9
Sug Sutton,2023,30,2023-08-13,24.7,PHO,away,SEA,-10.0,0,18.0,1,8,.125,1,3,.333,0,0,,1,0,1,3,0,0,1,0,3,-0.4
Sug Sutton,2023,31,2023-08-18,24.7,PHO,home,NYL,-22.0,0,22.0,1,7,.143,0,1,.000,0,0,,0,2,2,2,1,0,1,2,2,-1.3
Sug Sutton,2023,32,2023-08-20,24.7,PHO,home,IND,-10.0,0,17.4,4,9,.444,0,3,.000,0,0,,1,1,2,2,0,0,2,1,8,3.3
Sug Sutton,2023,33,2023-08-23,24.7,PHO,away,LAS,-29.0,0,29.6,2,7,.286,1,3,.333,0,0,,0,1,1,5,0,0,2,1,5,2.3
Sug Sutton,2023,34,2023-08-27,24.7,PHO,home,DAL,-3.0,0,26.4,4,7,.571,1,3,.333,0,0,,0,1,1,4,0,0,1,3,9,6.6
Sug Sutton,2023,35,2023-08-29,24.7,PHO,away,ATL,-18.0,0,31.9,6,7,.857,3,3,1.000,5,6,.833,0,2,2,5,0,1,5,0,20,16.9
Sug Sutton,2023,36,2023-08-31,24.7,PHO,away,CON,-10.0,1,35.8,6,12,.500,1,3,.333,0,1,.000,2,4,6,6,1,0,3,3,13,10.2
Sug Sutton,2023,37,2023-09-03,24.7,PHO,away,MIN,-13.0,1,34.8,2,10,.200,0,2,.000,1,1,1.000,0,1,1,5,2,0,1,3,5,2.4
Sug Sutton,2023,38,2023-09-05,24.7,PHO,home,WAS,-23.0,1,34.4,2,8,.250,0,1,.000,2,4,.500,0,2,2,7,1,0,3,1,6,3.5
Sug Sutton,2023,39,2023-09-08,24.7,PHO,home,LVA,-21.0,1,39.1,6,18,.333,2,4,.500,4,4,1.000,1,10,11,11,2,0,3,1,18,17.8
Sug Sutton,2023,40,2023-09-10,24.7,PHO,away,LVA,-15.0,1,37.1,5,13,.385,4,7,.571,0,0,,1,3,4,6,1,0,6,3,14,6.5
Satou Sabally,2020,1,2020-07-26,22.3,DAL,home,ATL,-10.0,1,27.4,5,11,0.455,1,3,0.333,0,0,,1,4,5,5,2,0,4,6,11,6.3
Satou Sabally,2020,2,2020-07-29,22.3,DAL,home,NYL,13.0,1,29.3,5,15,0.333,0,5,0.0,2,2,1.0,1,3,4,1,1,2,1,1,12,6.8
Satou Sabally,2020,3,2020-07-31,22.3,DAL,home,IND,3.0,1,34.0,7,15,0.467,0,4,0.0,9,9,1.0,7,10,17,1,1,1,1,4,23,23.0
Satou Sabally,2020,4,2020-08-02,22.3,DAL,home,LVA,-9.0,1,28.2,3,10,0.3,0,4,0.0,4,4,1.0,1,5,6,2,2,0,2,5,10,5.8
Satou Sabally,2020,5,2020-08-04,22.3,DAL,home,CHI,-3.0,1,26.5,2,9,0.222,1,3,0.333,5,5,1.0,2,2,4,1,0,1,1,2,10,6.1
Satou Sabally,2020,6,2020-08-06,22.3,DAL,home,CON,-23.0,1,21.5,3,9,0.333,0,3,0.0,0,0,,0,1,1,1,0,1,4,1,6,-1.8
Satou Sabally,2020,7,2020-08-08,22.3,DAL,home,ATL,10.0,1,23.1,3,8,0.375,1,3,0.333,2,2,1.0,2,5,7,3,1,1,2,3,9,8.1
Satou Sabally,2020,8,2020-08-10,22.3,DAL,home,PHO,-12.0,1,28.0,4,9,0.444,1,3,0.333,6,8,0.75,2,8,10,3,1,1,3,0,15,14.1
Satou Sabally,2020,9,2020-08-12,22.3,DAL,home,CON,-4.0,1,30.7,2,9,0.222,1,4,0.25,0,0,,3,6,9,3,0,1,2,3,5,3.0
Satou Sabally,2020,10,2020-08-23,22.3,DAL,home,LAS,-3.0,0,21.4,1,8,0.125,0,2,0.0,4,4,1.0,4,5,9,3,0,1,2,1,6,5.5
Satou Sabally,2020,11,2020-08-25,22.3,DAL,home,LVA,-4.0,0,27.3,7,15,0.467,4,9,0.444,10,13,0.769,5,6,11,2,0,3,2,4,28,24.3
Satou Sabally,2020,12,2020-08-29,22.3,DAL,home,IND,4.0,1,31.7,4,13,0.308,0,5,0.0,10,10,1.0,5,6,11,4,0,1,3,5,18,14.3
Satou Sabally,2020,13,2020-09-02,22.4,DAL,home,LAS,-8.0,1,31.9,5,16,0.313,1,6,0.167,5,7,0.714,5,6,11,3,1,0,2,4,16,10.8
Satou Sabally,2020,14,2020-09-04,22.4,DAL,home,MIN,-13.0,1,27.5,3,11,0.273,0,4,0.0,3,3,1.0,0,6,6,2,3,0,1,4,9,6.1
Satou Sabally,2020,15,2020-09-06,22.4,DAL,home,WAS,7.0,1,35.7,4,10,0.4,1,3,0.333,10,12,0.833,2,4,6,3,1,0,3,4,19,13.9
Satou Sabally,2020,16,2020-09-09,22.4,DAL,home,SEA,-12.0,1,25.8,9,14,0.643,2,5,0.4,5,7,0.714,1,6,7,3,1,1,2,3,25,21.1
Satou Sabally,2021,1,2021-06-04,23.1,DAL,away,SEA,-3.0,0,30.1,7,16,0.438,2,5,0.4,2,4,0.5,4,5,9,1,0,1,3,5,18,9.5
Satou Sabally,2021,2,2021-06-06,23.1,DAL,away,SEA,1.0,1,20.1,0,8,0.0,0,1,0.0,2,2,1.0,1,4,5,1,1,0,3,2,2,-3.8
Satou Sabally,2021,3,2021-06-08,23.1,DAL,away,PHO,4.0,1,25.8,3,5,0.6,1,1,1.0,4,4,1.0,1,6,7,4,1,0,0,3,11,13.8
Satou Sabally,2021,4,2021-06-11,23.1,DAL,away,PHO,18.0,1,27.1,6,8,0.75,0,1,0.0,5,6,0.833,1,5,6,4,0,1,3,0,17,16.1
Satou Sabally,2021,5,2021-06-13,23.1,DAL,away,LVA,-7.0,1,33.3,8,20,0.4,2,8,0.25,6,6,1.0,2,6,8,2,0,0,3,3,24,13.6
Satou Sabally,2021,6,2021-06-17,23.1,DAL,home,MIN,-12.0,1,22.5,2,7,0.286,1,2,0.5,5,8,0.625,1,2,3,2,0,0,0,2,10,6.6
Satou Sabally,2021,7,2021-06-19,23.2,DAL,home,MIN,18.0,1,15.7,3,6,0.5,0,2,0.0,1,1,1.0,0,2,2,1,0,1,1,2,7,4.2
Satou Sabally,2021,8,2021-06-22,23.2,DAL,away,CON,-10.0,1,30.3,6,13,0.462,3,6,0.5,1,2,0.5,1,3,4,0,0,0,2,5,16,6.5
Satou Sabally,2021,9,2021-06-24,23.2,DAL,away,IND,25.0,1,23.1,5,8,0.625,3,4,0.75,2,2,1.0,2,7,9,2,0,2,2,2,15,14.9
Satou Sabally,2021,10,2021-06-26,23.2,DAL,home,WAS,11.0,1,29.9,5,11,0.455,0,3,0.0,2,2,1.0,2,6,8,5,1,2,2,1,12,13.0
Satou Sabally,2021,11,2021-06-30,23.2,DAL,home,CHI,-10.0,1,20.7,3,7,0.429,1,4,0.25,2,4,0.5,0,3,3,3,0,0,4,6,9,1.1
Satou Sabally,2021,12,2021-07-02,23.2,DAL,home,CHI,9.0,1,32.4,5,10,0.5,0,1,0.0,2,5,0.4,3,6,9,6,1,3,2,1,12,14.6
Satou Sabally,2021,13,2021-07-05,23.2,DAL,away,NYL,-3.0,1,22.5,5,11,0.455,2,5,0.4,4,4,1.0,4,3,7,1,0,3,6,3,16,9.6
Satou Sabally,2021,14,2021-07-07,23.2,DAL,away,MIN,-6.0,1,24.6,5,10,0.5,2,5,0.4,0,0,,1,5,6,7,0,1,1,5,12,11.8
Satou Sabally,2021,15,2021-07-11,23.2,DAL,home,LVA,-16.0,1,23.1,0,10,0.0,0,4,0.0,5,6,0.833,3,6,9,3,0,0,1,5,5,0.6
Satou Sabally,2021,16,2021-09-11,23.4,DAL,home,NYL,1.0,0,22.7,4,9,0.444,1,1,1.0,4,5,0.8,1,2,3,3,0,0,2,5,13,7.3
Satou Sabally,2021,17,2021-09-19,23.4,DAL,home,LAS,3.0,0,19.5,2,6,0.333,0,2,0.0,0,0,,0,2,2,3,0,0,4,4,4,-2.3
Satou Sabally,2022,1,2022-05-21,24.1,DAL,home,MIN,16.0,0,19.0,4,11,0.364,0,4,0.0,3,3,1.0,2,3,5,0,0,0,3,5,11,2.2
Satou Sabally,2022,2,2022-05-24,24.1,DAL,away,CON,8.0,0,12.8,2,8,0.25,0,2,0.0,4,5,0.8,2,1,3,1,0,0,0,6,8,2.8
Satou Sabally,2022,3,2022-05-26,24.1,DAL,away,CON,-31.0,0,29.8,6,16,0.375,2,7,0.286,4,4,1.0,0,4,4,2,0,1,3,4,18,7.9
Satou Sabally,2022,4,2022-05-31,24.1,DAL,away,LAS,-2.0,1,22.2,3,7,0.429,2,5,0.4,4,5,0.8,0,4,4,4,1,0,1,4,12,10.3
Satou Sabally,2022,5,2022-06-03,24.1,DAL,away,SEA,17.0,1,28.0,4,8,0.5,2,5,0.4,1,1,1.0,4,7,11,6,0,0,3,2,11,12.3
Satou Sabally,2022,6,2022-06-05,24.1,DAL,away,LVA,-6.0,1,31.0,3,12,0.25,1,7,0.143,4,4,1.0,1,9,10,2,0,1,3,5,11,4.3
Satou Sabally,2022,7,2022-06-10,24.1,DAL,home,SEA,-1.0,1,18.3,3,6,0.5,1,2,0.5,2,2,1.0,0,2,2,0,1,0,1,3,9,5.4
Satou Sabally,2022,8,2022-06-12,24.1,DAL,home,SEA,-5.0,1,18.9,6,10,0.6,0,2,0.0,1,1,1.0,0,4,4,2,0,0,1,2,13,9.2
Satou Sabally,2022,9,2022-07-01,24.2,DAL,home,LAS,-8.0,0,16.4,1,5,0.2,0,1,0.0,5,5,1.0,0,2,2,1,1,0,6,1,7,-0.2
Satou Sabally,2022,10,2022-07-05,24.2,DAL,home,CON,11.0,0,19.4,6,11,0.545,2,5,0.4,0,0,,0,3,3,2,0,0,1,2,14,9.2
Satou Sabally,2022,11,2022-07-12,24.2,DAL,away,SEA,-9.0,1,23.0,3,9,0.333,0,3,0.0,4,5,0.8,0,5,5,3,2,0,3,1,10,6.7
Satou Sabally,2023,1,2023-05-20,25.1,DAL,home,ATL,7.0,1,34.9,7,13,.538,3,5,.600,8,9,.889,3,4,7,3,2,2,2,3,25,23.9
Satou Sabally,2023,2,2023-05-26,25.1,DAL,away,SEA,4.0,1,31.8,6,14,.429,1,5,.200,4,4,1.000,3,7,10,5,0,0,4,5,17,11.3
Satou Sabally,2023,3,2023-05-28,25.1,DAL,away,CHI,-6.0,1,28.1,9,16,.563,1,2,.500,5,5,1.000,2,6,8,0,1,0,1,4,24,18.0
Satou Sabally,2023,4,2023-05-30,25.1,DAL,home,MIN,5.0,1,38.7,7,16,.438,3,7,.429,6,6,1.000,3,8,11,5,3,0,3,2,23,21.8
Satou Sabally,2023,5,2023-06-02,25.1,DAL,away,WAS,-1.0,1,33.7,7,18,.389,3,10,.300,1,2,.500,2,12,14,7,3,0,3,5,18,15.7
Satou Sabally,2023,6,2023-06-04,25.1,DAL,away,CON,-6.0,1,40.0,8,17,.471,2,6,.333,8,9,.889,5,9,14,1,3,0,3,5,26,21.8
Satou Sabally,2023,7,2023-06-07,25.1,DAL,home,PHO,5.0,1,33.8,8,17,.471,3,9,.333,5,6,.833,3,7,10,0,1,1,2,4,24,17.2
Satou Sabally,2023,8,2023-06-09,25.1,DAL,home,PHO,13.0,1,37.0,5,15,.333,1,6,.167,6,6,1.000,4,12,16,2,1,0,6,3,17,10.1
Satou Sabally,2023,9,2023-06-11,25.1,DAL,away,NYL,-9.0,1,37.6,6,17,.353,1,6,.167,4,4,1.000,5,6,11,2,2,0,1,4,17,13.6
Satou Sabally,2023,10,2023-06-14,25.1,DAL,home,LAS,-18.0,1,38.2,5,15,.333,1,6,.167,3,3,1.000,3,10,13,4,0,0,3,2,14,9.6
Satou Sabally,2023,11,2023-06-17,25.1,DAL,home,SEA,-6.0,1,37.9,9,18,.500,1,5,.200,6,6,1.000,2,5,7,5,1,1,2,5,25,20.1
Satou Sabally,2023,12,2023-06-20,25.2,DAL,home,ATL,12.0,1,31.6,2,11,.182,1,3,.333,5,5,1.000,2,2,4,4,1,0,4,4,10,3.3
Satou Sabally,2023,13,2023-06-23,25.2,DAL,away,LAS,-2.0,1,34.2,5,14,.357,1,5,.200,2,3,.667,2,9,11,3,2,0,3,3,13,8.8
Satou Sabally,2023,14,2023-06-25,25.2,DAL,away,LAS,-10.0,1,21.9,2,7,.286,2,3,.667,2,2,1.000,0,3,3,5,2,0,2,5,8,6.3
Satou Sabally,2023,15,2023-06-27,25.2,DAL,away,PHO,15.0,1,36.2,6,15,.400,1,4,.250,5,6,.833,2,10,12,6,0,0,5,0,18,13.1
Satou Sabally,2023,16,2023-07-02,25.2,DAL,home,WAS,17.0,1,36.2,9,14,.643,2,2,1.000,7,10,.700,4,11,15,4,1,0,2,2,27,26.7
Satou Sabally,2023,17,2023-07-05,25.2,DAL,away,LVA,-7.0,1,17.9,2,5,.400,0,1,.000,5,5,1.000,0,1,1,2,1,0,0,1,9,8.6
Satou Sabally,2023,18,2023-07-07,25.2,DAL,home,LVA,2.0,1,31.2,4,10,.400,1,3,.333,1,4,.250,1,4,5,5,5,1,4,4,10,8.9
Satou Sabally,2023,19,2023-07-09,25.2,DAL,away,IND,1.0,1,22.3,2,8,.250,0,1,.000,3,3,1.000,2,2,4,1,0,0,5,6,7,-2.5
Satou Sabally,2023,20,2023-07-12,25.2,DAL,away,MIN,40.0,1,32.8,7,14,.500,5,8,.625,0,0,,3,5,8,5,2,0,2,2,19,18.3
Satou Sabally,2023,21,2023-07-19,25.2,DAL,away,NYL,10.0,1,27.3,4,13,.308,1,3,.333,6,6,1.000,1,4,5,7,2,0,0,3,15,15.1
Satou Sabally,2023,22,2023-07-22,25.2,DAL,home,LAS,14.0,1,38.0,10,16,.625,1,3,.333,5,5,1.000,4,7,11,6,1,0,5,4,26,22.3
Satou Sabally,2023,23,2023-07-25,25.2,DAL,home,CON,-5.0,1,32.5,6,15,.400,1,5,.200,3,5,.600,4,9,13,3,1,0,2,3,16,12.5
Satou Sabally,2023,24,2023-07-28,25.3,DAL,home,WAS,28.0,1,33.0,5,8,.625,1,2,.500,3,4,.750,1,10,11,10,0,1,3,4,14,16.8
Satou Sabally,2023,25,2023-07-30,25.3,DAL,away,LVA,-13.0,1,37.5,8,18,.444,3,5,.600,0,1,.000,2,4,6,3,3,1,4,5,19,11.6
Satou Sabally,2023,26,2023-08-02,25.3,DAL,away,SEA,11.0,1,34.8,7,20,.350,2,5,.400,2,2,1.000,3,6,9,2,3,1,3,4,18,11.2
Satou Sabally,2023,27,2023-08-04,25.3,DAL,home,CHI,-15.0,1,31.9,6,14,.429,1,4,.250,5,6,.833,2,2,4,4,2,1,3,4,18,13.1
Satou Sabally,2023,28,2023-08-06,25.3,DAL,home,CHI,-8.0,1,39.4,8,17,.471,2,5,.400,7,7,1.000,2,3,5,8,2,2,2,3,25,24.4
Satou Sabally,2023,29,2023-08-08,25.3,DAL,home,LVA,-20.0,1,30.9,6,17,.353,3,8,.375,6,8,.750,1,4,5,2,1,1,2,5,21,11.7
Satou Sabally,2023,30,2023-08-12,25.3,DAL,home,CON,10.0,1,36.2,8,16,.500,3,6,.500,9,9,1.000,3,5,8,5,5,2,4,1,28,29.1
Satou Sabally,2023,31,2023-08-18,25.3,DAL,away,CON,20.0,1,30.5,3,11,.273,1,5,.200,0,0,,0,2,2,5,2,1,2,5,7,3.3
Satou Sabally,2023,32,2023-08-20,25.3,DAL,away,WAS,13.0,1,33.0,3,8,.375,1,2,.500,2,2,1.000,1,5,6,10,3,0,4,1,9,12.4
Satou Sabally,2023,33,2023-08-22,25.3,DAL,away,MIN,-5.0,1,34.6,7,17,.412,2,5,.400,6,7,.857,5,2,7,7,4,0,5,2,22,19.7
Satou Sabally,2023,34,2023-09-01,25.4,DAL,away,IND,10.0,1,28.5,13,19,.684,7,10,.700,7,7,1.000,1,6,7,4,0,0,2,5,40,33.2
Satou Sabally,2023,35,2023-09-03,25.4,DAL,home,IND,-13.0,1,42.8,7,23,.304,2,10,.200,6,7,.857,2,7,9,5,2,0,2,4,22,13.7
Satou Sabally,2023,36,2023-09-05,25.4,DAL,home,NYL,-1.0,1,37.9,11,19,.579,1,4,.250,4,5,.800,2,2,4,4,2,0,4,5,27,18.5
Satou Sabally,2023,37,2023-09-08,25.4,DAL,home,SEA,15.0,1,31.9,6,12,.500,1,3,.333,8,10,.800,1,6,7,8,2,0,2,4,21,20.7
Satou Sabally,2023,38,2023-09-10,25.4,DAL,away,ATL,17.0,1,21.2,3,8,.375,0,1,.000,2,2,1.000,0,5,5,5,2,1,4,4,8,5.7
Lorela Cubaj,2022,1,2022-05-07,23.3,NYL,home,CON,2.0,0,17.9,1,3,0.333,0,0,,0,0,,0,3,3,2,0,0,3,4,2,-2.0
Lorela Cubaj,2022,2,2022-05-11,23.3,NYL,away,CHI,-33.0,0,17.6,0,2,0.0,0,0,,0,0,,2,3,5,2,0,1,1,2,0,1.2
Lorela Cubaj,2022,3,2022-05-13,23.3,NYL,home,IND,-6.0,0,15.8,0,2,0.0,0,0,,0,0,,3,3,6,0,0,1,0,1,0,1.9
Lorela Cubaj,2022,4,2022-05-15,23.3,NYL,home,DAL,-10.0,0,0.9,0,0,,0,0,,0,0,,0,0,0,0,0,0,0,0,0,0.0
Lorela Cubaj,2022,5,2022-05-17,23.4,NYL,home,CON,-27.0,0,8.6,0,0,,0,0,,0,0,,0,1,1,0,0,0,1,1,0,-1.1
Lorela Cubaj,2022,6,2022-06-01,23.4,NYL,home,IND,13.0,0,6.2,0,2,0.0,0,0,,0,0,,0,1,1,0,0,0,0,0,0,-1.1
Lorela Cubaj,2022,7,2022-06-07,23.4,NYL,home,MIN,19.0,0,6.2,0,0,,0,0,,0,0,,2,0,2,0,0,0,0,2,0,0.6
Lorela Cubaj,2022,8,2022-06-10,23.4,NYL,away,IND,14.0,0,4.0,1,1,1.0,0,0,,0,0,,1,0,1,0,0,0,0,1,2,2.0
Lorela Cubaj,2022,9,2022-06-19,23.4,NYL,home,SEA,-9.0,0,3.2,0,0,,0,0,,0,0,,1,2,3,0,0,0,0,0,0,1.3
Lorela Cubaj,2022,10,2022-06-22,23.5,NYL,away,CON,4.0,0,7.6,2,2,1.0,0,0,,0,0,,0,1,1,0,0,0,0,1,4,3.3
Lorela Cubaj,2022,11,2022-06-24,23.5,NYL,away,ATL,12.0,0,0.4,0,0,,0,0,,0,0,,0,0,0,0,0,0,0,0,0,0.0
Lorela Cubaj,2023,1,2023-05-20,24.4,ATL,away,DAL,-7.0,0,4.5,0,0,,0,0,,0,0,,0,1,1,0,0,1,0,0,0,1.0
Lorela Cubaj,2023,2,2023-05-30,24.4,ATL,home,CHI,18.0,0,4.6,0,1,0.0,0,0,,0,0,,0,3,3,0,0,0,0,0,0,0.2
Lorela Cubaj,2023,3,2023-06-02,24.4,ATL,home,LVA,-5.0,0,9.5,0,0,,0,0,,0,0,,0,3,3,0,0,0,1,4,0,-1.7
Danielle Robinson,2020,1,2020-07-26,31.2,LVA,home,CHI,-2.0,0,16.9,1,3,.333,0,0,,1,2,.500,0,3,3,2,3,0,0,2,3,5.4
Danielle Robinson,2020,2,2020-07-29,31.2,LVA,home,ATL,30.0,0,18.3,3,7,.429,0,0,,0,0,,0,1,1,1,0,0,0,0,6,3.3
Danielle Robinson,2020,3,2020-07-31,31.2,LVA,home,PHO,-7.0,1,27.8,3,9,.333,0,0,,2,2,1.000,0,1,1,2,0,0,3,1,8,1.2
Danielle Robinson,2020,4,2020-08-02,31.2,LVA,home,DAL,9.0,0,15.1,3,5,.600,0,1,.000,1,1,1.000,1,2,3,0,0,0,1,4,7,3.4
Danielle Robinson,2020,5,2020-08-05,31.2,LVA,home,WAS,6.0,0,23.6,7,12,.583,0,2,.000,6,7,.857,0,2,2,3,2,0,0,0,20,18.7
Danielle Robinson,2020,6,2020-08-07,31.2,LVA,home,LAS,4.0,0,18.4,2,4,.500,0,0,,0,0,,0,2,2,3,1,0,3,0,4,2.7
Danielle Robinson,2020,7,2020-08-09,31.2,LVA,home,NYL,2.0,0,22.6,2,8,.250,0,1,.000,0,0,,0,2,2,2,1,0,2,2,4,-0.6
Danielle Robinson,2020,8,2020-08-11,31.3,LVA,home,IND,19.0,0,24.1,4,8,.500,0,1,.000,2,2,1.000,0,1,1,4,1,0,1,0,10,9.1
Danielle Robinson,2020,9,2020-08-13,31.3,LVA,home,MIN,10.0,0,16.6,1,2,.500,0,0,,0,0,,0,2,2,2,0,0,2,0,2,1.0
Danielle Robinson,2020,10,2020-08-15,31.3,LVA,home,WAS,15.0,0,26.8,3,4,.750,0,0,,2,2,1.000,0,2,2,7,2,0,3,3,8,9.7
Danielle Robinson,2020,11,2020-08-18,31.3,LVA,home,CHI,-2.0,0,23.8,5,8,.625,1,2,.500,2,2,1.000,0,4,4,2,1,0,1,3,13,10.8
Danielle Robinson,2020,12,2020-08-20,31.3,LVA,home,CON,21.0,0,23.1,3,5,.600,0,0,,0,0,,2,1,3,9,1,0,0,2,6,11.9
Danielle Robinson,2020,13,2020-08-22,31.3,LVA,home,SEA,8.0,0,30.5,5,11,.455,1,1,1.000,5,6,.833,0,4,4,7,1,1,3,3,16,13.5
Danielle Robinson,2020,14,2020-08-25,31.3,LVA,home,DAL,4.0,0,18.4,3,4,.750,0,0,,0,0,,1,1,2,0,1,0,1,0,6,5.4
Danielle Robinson,2020,15,2020-08-29,31.3,LVA,home,NYL,17.0,0,24.6,1,4,.250,0,0,,0,0,,1,1,2,6,2,0,0,2,2,6.0
Danielle Robinson,2020,16,2020-09-01,31.3,LVA,home,PHO,-7.0,0,21.1,0,1,.000,0,0,,3,4,.750,0,1,1,2,0,0,1,2,3,1.8
Danielle Robinson,2020,17,2020-09-03,31.3,LVA,home,CON,15.0,0,22.4,0,2,.000,0,1,.000,2,2,1.000,0,3,3,5,0,0,1,3,2,2.8
Danielle Robinson,2020,18,2020-09-05,31.3,LVA,home,ATL,10.0,0,15.2,0,0,,0,0,,0,0,,0,1,1,0,0,0,2,3,0,-2.9
Danielle Robinson,2020,19,2020-09-08,31.3,LVA,home,IND,6.0,0,22.9,3,3,1.000,1,1,1.000,2,2,1.000,0,2,2,3,0,0,1,0,9,9.8
Danielle Robinson,2020,20,2020-09-10,31.3,LVA,home,MIN,15.0,0,26.9,4,7,.571,2,3,.667,2,2,1.000,0,1,1,6,3,0,1,4,12,13.6
Danielle Robinson,2020,21,2020-09-12,31.3,LVA,home,LAS,14.0,0,25.0,3,5,.600,0,0,,3,4,.750,0,5,5,1,0,0,1,1,9,7.1
Danielle Robinson,2020,22,2020-09-13,31.3,LVA,home,SEA,2.0,0,27.7,6,9,.667,0,0,,1,4,.250,0,6,6,4,0,1,1,3,13,11.0
Danielle Robinson,2021,1,2021-05-14,32.0,IND,away,NYL,-3.0,1,30.4,3,10,.300,0,1,.000,0,0,,0,2,2,4,4,0,2,4,6,4.0
Danielle Robinson,2021,2,2021-05-16,32.0,IND,home,NYL,-8.0,1,29.7,5,13,.385,0,1,.000,3,3,1.000,0,0,0,5,4,0,2,3,13,10.2
Danielle Robinson,2021,3,2021-05-19,32.0,IND,away,CON,-21.0,1,23.1,5,8,.625,2,3,.667,0,0,,0,4,4,3,1,0,1,2,12,10.9
Danielle Robinson,2021,4,2021-05-21,32.0,IND,home,ATL,-4.0,1,28.6,3,10,.300,1,2,.500,0,0,,0,2,2,1,0,0,3,0,7,-0.5
Danielle Robinson,2021,5,2021-05-23,32.0,IND,home,WAS,12.0,1,30.8,4,9,.444,0,2,.000,5,5,1.000,1,3,4,6,3,1,6,1,13,11.4
Danielle Robinson,2021,6,2021-05-25,32.0,IND,home,WAS,-16.0,1,30.2,3,7,.429,0,1,.000,4,4,1.000,0,5,5,4,1,0,1,2,10,9.8
Danielle Robinson,2021,7,2021-05-28,32.0,IND,away,LVA,-36.0,1,20.3,3,4,.750,0,1,.000,2,2,1.000,0,2,2,4,0,0,2,4,8,6.2
Danielle Robinson,2021,8,2021-05-30,32.1,IND,away,LVA,-23.0,1,17.2,2,7,.286,0,0,,0,0,,1,2,3,1,3,0,1,1,4,3.5
Danielle Robinson,2021,9,2021-06-01,32.1,IND,away,SEA,-15.0,1,20.6,4,10,.400,1,2,.500,2,2,1.000,1,3,4,4,1,0,0,3,11,9.8
Danielle Robinson,2021,10,2021-06-03,32.1,IND,away,LAS,-35.0,1,32.4,3,7,.429,0,0,,2,3,.667,1,7,8,4,0,0,3,2,8,5.7
Danielle Robinson,2021,11,2021-06-09,32.1,IND,away,CHI,-16.0,1,34.6,2,8,.250,0,1,.000,1,1,1.000,0,4,4,2,4,0,3,4,5,2.2
Danielle Robinson,2021,12,2021-06-12,32.1,IND,home,CHI,-4.0,1,16.4,1,5,.200,0,1,.000,1,2,.500,0,2,2,1,1,0,1,0,3,0.8
Danielle Robinson,2021,13,2021-06-15,32.1,IND,home,SEA,-17.0,1,23.5,1,4,.250,0,0,,4,6,.667,0,4,4,3,2,0,1,3,6,5.9
Danielle Robinson,2021,14,2021-06-17,32.1,IND,home,SEA,-10.0,1,22.1,2,7,.286,0,0,,2,2,1.000,0,0,0,3,0,0,1,1,6,2.6
Danielle Robinson,2021,15,2021-06-19,32.1,IND,away,WAS,-5.0,1,33.1,8,11,.727,1,1,1.000,2,2,1.000,0,4,4,6,2,0,0,6,19,19.5
Danielle Robinson,2021,16,2021-06-24,32.1,IND,home,DAL,-25.0,1,32.3,4,10,.400,0,0,,0,0,,1,2,3,4,2,0,4,2,8,3.9
Danielle Robinson,2021,17,2021-07-01,32.1,IND,home,CON,-6.0,1,25.9,3,8,.375,0,0,,4,4,1.000,0,3,3,7,3,0,1,1,10,13.0
Danielle Robinson,2021,18,2021-07-03,32.1,IND,home,CON,6.0,1,33.0,7,15,.467,0,4,.000,5,5,1.000,1,4,5,2,0,0,1,2,19,12.8
Danielle Robinson,2021,19,2021-07-09,32.2,IND,home,NYL,13.0,1,33.8,6,10,.600,0,0,,6,6,1.000,0,3,3,5,2,0,1,2,18,18.0
Danielle Robinson,2021,20,2021-07-11,32.2,IND,away,ATL,11.0,1,33.1,6,9,.667,0,0,,0,0,,0,3,3,9,1,0,2,2,12,13.5
Danielle Robinson,2021,21,2021-08-15,32.3,IND,away,LAS,-5.0,1,34.1,3,14,.214,0,3,.000,1,1,1.000,1,5,6,2,3,1,1,0,7,4.7
Danielle Robinson,2021,22,2021-08-17,32.3,IND,away,PHO,-4.0,1,33.0,4,9,.444,0,0,,6,8,.750,0,8,8,3,1,0,3,3,14,9.8
Danielle Robinson,2021,23,2021-08-20,32.3,IND,away,DAL,2.0,1,32.2,6,11,.545,0,1,.000,6,7,.857,1,4,5,5,0,0,1,2,18,15.9
Danielle Robinson,2021,24,2021-08-28,32.3,IND,home,LVA,-16.0,1,8.2,0,5,.000,0,1,.000,0,0,,0,1,1,1,0,0,1,0,0,-3.5
Danielle Robinson,2022,1,2022-05-13,33.0,IND,away,NYL,6.0,1,38.9,5,12,.417,2,4,.500,5,6,.833,0,8,8,1,2,0,2,2,17,12.5
Danielle Robinson,2022,2,2022-05-15,33.0,IND,home,ATL,-6.0,1,32.2,3,4,.750,0,0,,2,2,1.000,0,3,3,4,0,0,3,3,8,5.9
Danielle Robinson,2022,3,2022-05-17,33.0,IND,home,ATL,-22.0,1,26.4,5,12,.417,0,2,.000,2,3,.667,0,3,3,4,1,0,2,3,12,6.7
Danielle Robinson,2022,4,2022-05-20,33.0,IND,away,CON,-9.0,1,28.5,5,7,.714,0,0,,0,0,,0,1,1,6,0,0,2,0,10,9.6
Danielle Robinson,2022,5,2022-05-22,33.0,IND,home,CON,-22.0,1,19.4,1,2,.500,0,1,.000,0,0,,0,4,4,2,0,0,2,2,2,0.8
Danielle Robinson,2022,6,2022-05-24,33.0,IND,away,CHI,-5.0,1,17.9,2,6,.333,0,1,.000,0,0,,0,3,3,3,0,0,2,3,4,0.4
Danielle Robinson,2022,7,2022-05-27,33.0,IND,home,LAS,5.0,1,28.6,2,4,.500,0,1,.000,6,6,1.000,0,4,4,11,1,1,1,0,10,17.6
Danielle Robinson,2022,8,2022-05-31,33.1,IND,home,WAS,-12.0,1,16.6,3,4,.750,0,0,,0,0,,0,1,1,3,0,1,2,1,6,5.1
Danielle Robinson,2022,9,2022-06-01,33.1,IND,away,NYL,-13.0,1,26.1,1,8,.125,1,1,1.000,2,2,1.000,2,4,6,3,1,0,1,0,5,4.5
Danielle Robinson,2022,10,2022-06-05,33.1,IND,away,ATL,-9.0,1,21.6,1,6,.167,0,2,.000,4,4,1.000,1,3,4,3,2,0,0,0,6,7.9
Danielle Robinson,2022,11,2022-06-08,33.1,IND,away,CON,-19.0,1,23.8,5,11,.455,0,2,.000,2,2,1.000,2,3,5,3,1,0,2,1,12,9.3
Danielle Robinson,2022,12,2022-06-10,33.1,IND,home,NYL,-14.0,1,12.9,1,2,.500,0,0,,1,2,.500,0,0,0,2,1,0,0,1,3,3.6
Danielle Robinson,2022,13,2022-06-12,33.1,IND,away,MIN,4.0,1,30.2,7,12,.583,1,2,.500,1,2,.500,0,4,4,6,0,1,1,1,16,14.7
Danielle Robinson,2022,14,2022-06-15,33.1,IND,home,PHO,-13.0,1,27.6,0,4,.000,0,1,.000,3,4,.750,1,2,3,6,1,0,3,1,3,2.9
Danielle Robinson,2022,15,2022-06-19,33.1,IND,home,CHI,2.0,1,16.2,2,4,.500,0,0,,2,2,1.000,0,2,2,1,1,0,0,0,6,6.3
Danielle Robinson,2022,16,2022-06-23,33.1,IND,away,DAL,-26.0,1,17.9,1,2,.500,0,1,.000,0,0,,0,3,3,5,1,0,4,0,2,2.4
Danielle Robinson,2022,17,2022-06-27,33.1,IND,away,PHO,-12.0,1,24.9,3,6,.500,1,1,1.000,0,1,.000,0,2,2,4,2,0,3,4,7,4.4
Danielle Robinson,2022,18,2022-06-29,33.1,IND,away,PHO,-21.0,1,21.2,2,5,.400,1,1,1.000,2,2,1.000,0,3,3,3,0,0,1,0,7,6.3
Danielle Robinson,2022,19,2022-07-01,33.1,IND,away,SEA,-16.0,1,12.6,2,5,.400,0,0,,0,0,,1,1,2,2,1,0,1,2,4,2.9
Danielle Robinson,2022,20,2022-07-05,33.2,IND,home,SEA,-22.0,1,21.5,5,9,.556,0,0,,1,2,.500,1,5,6,4,0,0,1,2,11,9.5
Danielle Robinson,2022,21,2022-07-07,33.2,IND,home,CHI,-9.0,1,29.1,1,10,.100,0,1,.000,2,2,1.000,0,0,0,5,2,0,0,1,4,2.5
Danielle Robinson,2022,22,2022-07-13,33.2,IND,home,CON,-8.0,0,24.3,4,7,.571,1,3,.333,2,2,1.000,0,1,1,3,0,0,1,2,11,8.3
Danielle Robinson,2022,23,2022-07-15,33.2,IND,home,MIN,-10.0,1,21.2,3,9,.333,0,1,.000,2,2,1.000,0,3,3,2,2,0,0,3,8,6.0
Danielle Robinson,2022,24,2022-07-17,33.2,IND,away,SEA,-16.0,1,26.7,2,7,.286,0,3,.000,0,0,,0,1,1,4,0,0,3,1,4,-0.4
Danielle Robinson,2022,25,2022-07-19,33.2,IND,away,LAS,-7.0,1,31.9,2,4,.500,0,0,,2,2,1.000,0,1,1,5,2,0,3,1,6,6.4
Danielle Robinson,2022,26,2022-07-21,33.2,IND,away,LVA,-13.0,1,20.0,3,8,.375,0,3,.000,0,0,,1,2,3,4,0,1,1,0,6,5.4
Danielle Robinson,2022,27,2022-07-24,33.2,IND,home,DAL,-10.0,1,28.2,2,4,.500,0,1,.000,4,4,1.000,0,5,5,5,0,1,2,0,8,9.7
Danielle Robinson,2022,28,2022-07-29,33.2,IND,home,LVA,-21.0,1,16.5,0,2,.000,0,1,.000,0,0,,1,1,2,4,0,0,2,2,0,-0.4
Danielle Robinson,2022,29,2022-07-31,33.2,IND,home,LVA,-25.0,1,8.7,1,6,.167,1,4,.250,0,0,,0,1,1,1,0,0,2,3,3,-3.0
Danielle Robinson,2022,30,2022-08-03,33.2,IND,away,ATL,-10.0,1,29.3,6,10,.600,1,2,.500,1,2,.500,2,2,4,2,0,0,2,4,14,8.8
Danielle Robinson,2022,31,2022-08-06,33.2,IND,away,DAL,-4.0,1,31.0,5,11,.455,0,1,.000,5,6,.833,0,1,1,8,1,0,2,1,15,13.4
Danielle Robinson,2023,1,2023-05-20,34.0,ATL,away,DAL,-7.0,0,7.0,1,2,.500,0,0,,0,0,,0,1,1,2,0,0,0,1,2,2.3
Danielle Robinson,2023,2,2023-06-18,34.1,ATL,away,IND,6.0,0,14.7,3,5,.600,0,0,,1,2,.500,0,2,2,2,0,0,2,3,7,3.1
Danielle Robinson,2023,3,2023-06-20,34.1,ATL,away,DAL,-12.0,0,16.2,2,4,.500,1,2,.500,1,1,1.000,0,0,0,1,0,0,2,6,6,0.3
Danielle Robinson,2023,4,2023-06-23,34.1,ATL,home,NYL,-30.0,0,15.9,3,6,.500,0,1,.000,0,1,.000,1,3,4,2,1,0,2,1,6,4.2
Danielle Robinson,2023,5,2023-06-28,34.1,ATL,away,WAS,-23.0,1,17.9,2,6,.333,2,2,1.000,0,0,,0,0,0,6,1,0,2,4,6,4.2
Danielle Robinson,2023,6,2023-06-30,34.1,ATL,home,WAS,5.0,1,17.0,1,2,.500,0,0,,0,0,,0,2,2,2,1,0,1,4,2,1.4
Danielle Robinson,2023,7,2023-07-02,34.1,ATL,home,LAS,28.0,1,20.7,2,6,.333,0,2,.000,0,0,,0,5,5,5,2,1,0,1,4,7.9
Danielle Robinson,2023,8,2023-07-05,34.2,ATL,away,LAS,11.0,1,23.4,3,6,.500,0,1,.000,1,2,.500,0,4,4,6,0,0,1,1,7,7.6
Danielle Robinson,2023,9,2023-07-07,34.2,ATL,away,CHI,14.0,1,32.8,6,8,.750,1,2,.500,1,2,.500,2,7,9,6,3,0,2,1,14,18.7
Danielle Robinson,2023,10,2023-07-09,34.2,ATL,away,CHI,11.0,1,27.6,5,8,.625,1,1,1.000,0,0,,0,1,1,6,0,1,0,3,11,11.4
Danielle Robinson,2023,11,2023-07-12,34.2,ATL,home,SEA,10.0,1,18.4,2,3,.667,0,0,,0,0,,0,2,2,5,1,0,3,3,4,3.6
Danielle Robinson,2023,12,2023-07-18,34.2,ATL,home,MIN,9.0,1,27.9,2,4,.500,0,0,,2,2,1.000,1,2,3,2,0,1,1,0,6,6.4
Danielle Robinson,2023,13,2023-07-20,34.2,ATL,away,CON,-11.0,1,19.9,1,4,.250,0,0,,0,0,,0,0,0,1,0,0,2,4,2,-3.3
Danielle Robinson,2023,14,2023-07-22,34.2,ATL,home,CON,-8.0,1,12.6,0,3,.000,0,0,,0,0,,0,2,2,0,0,0,3,1,0,-4.9
Danielle Robinson,2023,15,2023-07-25,34.2,ATL,home,PHO,13.0,1,22.4,1,2,.500,0,0,,1,1,1.000,0,1,1,4,0,0,0,2,3,4.3
Danielle Robinson,2023,16,2023-07-27,34.2,ATL,away,NYL,-11.0,1,13.8,2,4,.500,1,1,1.000,0,0,,0,2,2,1,0,0,1,2,5,2.5
Danielle Robinson,2023,17,2023-07-30,34.2,ATL,home,WAS,7.0,1,8.4,0,1,.000,0,0,,0,0,,0,0,0,2,0,0,2,3,0,-2.5
Danielle Robinson,2023,18,2023-08-01,34.2,ATL,away,LVA,-21.0,1,18.1,3,6,.500,1,4,.250,0,1,.000,1,0,1,3,1,0,1,1,7,6.0
Danielle Robinson,2023,19,2023-08-03,34.2,ATL,away,PHO,-20.0,1,16.6,1,3,.333,0,0,,0,0,,0,0,0,1,1,0,3,0,2,-1.0
Danielle Robinson,2023,20,2023-08-06,34.2,ATL,home,IND,9.0,0,24.7,3,6,.500,0,2,.000,3,3,1.000,0,3,3,3,0,0,1,0,9,8.0
Danielle Robinson,2023,21,2023-08-10,34.3,ATL,away,SEA,-1.0,1,20.6,1,6,.167,0,0,,1,1,1.000,0,1,1,1,1,0,1,2,3,-0.6
Danielle Robinson,2023,22,2023-08-12,34.3,ATL,away,LAS,-11.0,1,28.5,4,9,.444,0,3,.000,1,2,.500,0,3,3,5,1,0,3,3,9,5.1
Danielle Robinson,2023,23,2023-08-13,34.3,ATL,away,LVA,-21.0,1,18.1,0,1,.000,0,0,,0,0,,0,3,3,3,0,0,0,1,0,1.9
Danielle Robinson,2023,24,2023-08-18,34.3,ATL,home,CHI,11.0,1,34.2,2,6,.333,1,2,.500,5,6,.833,0,4,4,7,1,0,1,2,10,11.5
Danielle Robinson,2023,25,2023-08-22,34.3,ATL,home,LVA,-12.0,1,29.0,3,7,.429,0,1,.000,11,12,.917,0,2,2,5,1,0,2,2,17,15.2
Danielle Robinson,2023,26,2023-08-25,34.3,ATL,home,LAS,-5.0,1,39.0,5,9,.556,0,3,.000,2,2,1.000,0,2,2,4,1,0,0,2,12,11.3
Danielle Robinson,2023,27,2023-08-27,34.3,ATL,away,IND,-3.0,1,22.7,0,0,,0,0,,1,2,.500,0,2,2,3,1,0,3,2,1,0.5
Danielle Robinson,2023,28,2023-08-29,34.3,ATL,home,PHO,18.0,1,18.1,3,4,.750,1,1,1.000,0,0,,1,1,2,5,3,0,1,0,7,11.9
Danielle Robinson,2023,29,2023-09-01,34.3,ATL,away,MIN,-6.0,1,26.2,2,6,.333,0,0,,0,0,,0,2,2,4,1,0,2,1,4,2.6
Danielle Robinson,2023,30,2023-09-06,34.3,ATL,home,SEA,11.0,1,27.6,4,5,.800,0,0,,1,2,.500,1,2,3,4,0,0,0,3,9,9.6
Danielle Robinson,2023,31,2023-09-08,34.3,ATL,away,WAS,5.0,1,28.9,1,5,.200,0,2,.000,4,6,.667,1,2,3,3,1,0,1,3,6,4.3
Danielle Robinson,2023,32,2023-09-10,34.3,ATL,home,DAL,-17.0,1,20.9,3,7,.429,0,1,.000,0,0,,0,0,0,0,1,0,0,2,6,2.5
Cayla George,2023,1,2023-05-20,34.1,LVA,away,SEA,41.0,0,4.6,2,2,1.000,1,1,1.000,0,0,,0,2,2,0,0,0,0,0,5,5.0
Cayla George,2023,2,2023-05-27,34.1,LVA,home,LAS,28.0,0,12.2,2,7,.286,0,4,.000,0,0,,1,0,1,1,1,0,2,1,4,-0.1
Cayla George,2023,3,2023-05-28,34.1,LVA,home,MIN,21.0,0,2.4,1,2,.500,1,1,1.000,0,0,,0,1,1,0,0,0,0,1,3,1.9
Cayla George,2023,4,2023-06-08,34.1,LVA,away,CON,-17.0,0,6.0,2,6,.333,2,4,.500,0,0,,0,2,2,1,1,0,1,2,6,3.1
Cayla George,2023,5,2023-06-11,34.1,LVA,home,CHI,13.0,0,6.8,0,3,.000,0,2,.000,0,0,,1,1,2,0,0,1,2,1,0,-2.8
Cayla George,2023,6,2023-06-15,34.1,LVA,home,SEA,33.0,0,10.0,1,2,.500,0,1,.000,0,0,,0,1,1,1,0,2,1,3,2,1.2
Cayla George,2023,7,2023-06-18,34.1,LVA,home,MIN,31.0,0,9.8,0,3,.000,0,2,.000,0,0,,0,2,2,0,0,0,1,2,0,-3.3
Cayla George,2023,8,2023-06-21,34.1,LVA,away,PHO,20.0,0,10.0,3,6,.500,0,1,.000,0,0,,0,2,2,0,0,0,1,0,6,2.6
Cayla George,2023,9,2023-06-24,34.1,LVA,home,IND,13.0,0,0.7,0,0,,0,0,,0,0,,0,0,0,0,0,0,0,0,0,0.0
Cayla George,2023,10,2023-06-29,34.2,LVA,home,NYL,17.0,0,4.6,1,2,.500,0,0,,0,0,,0,1,1,0,0,0,0,1,2,0.9
Cayla George,2023,11,2023-07-01,34.2,LVA,home,CON,18.0,0,5.1,1,6,.167,0,3,.000,0,0,,3,0,3,0,0,0,1,0,2,-0.7
Cayla George,2023,12,2023-07-09,34.2,LVA,away,MIN,24.0,0,15.1,0,3,.000,0,3,.000,0,0,,0,4,4,1,0,1,2,2,0,-2.3
Cayla George,2023,13,2023-07-11,34.2,LVA,home,PHO,26.0,0,15.7,1,5,.200,1,4,.250,0,0,,1,4,5,0,0,0,0,0,3,1.8
Cayla George,2023,14,2023-07-12,34.2,LVA,away,LAS,19.0,0,6.6,1,3,.333,0,1,.000,0,0,,1,0,1,1,0,0,4,2,2,-3.1
Cayla George,2023,15,2023-07-20,34.2,LVA,away,SEA,16.0,0,2.2,0,0,,0,0,,0,0,,1,0,1,0,0,0,1,2,0,-1.1
Cayla George,2023,16,2023-07-22,34.2,LVA,away,MIN,17.0,0,10.0,1,3,.333,0,1,.000,0,0,,1,2,3,2,1,0,1,1,2,2.6
Cayla George,2023,17,2023-07-30,34.2,LVA,home,DAL,13.0,0,5.8,0,2,.000,0,1,.000,0,0,,0,1,1,0,0,0,0,1,0,-1.5
Cayla George,2023,18,2023-08-01,34.3,LVA,home,ATL,21.0,0,9.3,0,1,.000,0,1,.000,0,0,,1,2,3,0,0,0,2,4,0,-3.0
Cayla George,2023,19,2023-08-06,34.3,LVA,away,NYL,-38.0,0,10.0,0,2,.000,0,2,.000,0,0,,0,1,1,0,3,0,0,0,0,1.9
Cayla George,2023,20,2023-08-08,34.3,LVA,away,DAL,20.0,0,13.8,0,3,.000,0,2,.000,0,0,,1,0,1,1,0,0,1,1,0,-2.1
Cayla George,2023,21,2023-08-11,34.3,LVA,home,WAS,24.0,0,2.7,1,2,.500,1,2,.500,0,0,,0,2,2,0,0,0,1,0,3,1.6
Cayla George,2023,22,2023-08-13,34.3,LVA,home,ATL,21.0,0,20.9,4,8,.500,3,5,.600,0,1,.000,0,1,1,1,0,0,0,1,11,7.2
Cayla George,2023,23,2023-08-17,34.3,LVA,home,NYL,13.0,0,4.7,1,3,.333,0,2,.000,0,0,,0,0,0,0,0,0,0,1,2,-0.1
Cayla George,2023,24,2023-08-19,34.3,LVA,home,LAS,-6.0,0,8.5,2,7,.286,2,3,.667,0,0,,2,1,3,1,0,0,1,1,6,2.9
Cayla George,2023,25,2023-08-22,34.3,LVA,away,ATL,12.0,0,9.1,0,2,.000,0,1,.000,0,0,,0,0,0,0,0,0,0,1,0,-1.8
Cayla George,2023,26,2023-08-24,34.3,LVA,away,CHI,7.0,0,5.7,1,3,.333,1,1,1.000,0,0,,1,0,1,0,0,0,0,0,3,2.0
Cayla George,2023,27,2023-08-26,34.3,LVA,away,WAS,-16.0,0,13.3,2,5,.400,1,4,.250,0,0,,0,4,4,0,0,0,2,3,5,0.3
Cayla George,2023,28,2023-08-28,34.3,LVA,away,NYL,-9.0,0,7.0,0,1,.000,0,1,.000,0,2,.000,0,2,2,1,1,0,1,1,0,-0.6
Cayla George,2023,29,2023-08-31,34.3,LVA,home,WAS,9.0,0,7.4,1,3,.333,1,3,.333,0,0,,0,0,0,0,0,0,1,1,3,-0.1
Cayla George,2023,30,2023-09-02,34.3,LVA,home,SEA,26.0,0,8.0,1,3,.333,0,2,.000,0,0,,0,1,1,0,2,0,0,2,2,1.8
Cayla George,2023,31,2023-09-08,34.4,LVA,away,PHO,21.0,0,13.0,1,3,.333,1,3,.333,0,0,,0,3,3,0,1,1,1,0,3,2.9
Cayla George,2023,32,2023-09-10,34.4,LVA,home,PHO,15.0,0,12.3,0,3,.000,0,3,.000,0,0,,1,3,4,2,0,0,0,1,0,0.5
Jennie Simms,2022,1,2022-05-06,28.0,PHO,home,LVA,-18.0,0,12.2,1,2,.500,0,1,.000,0,0,,3,1,4,1,0,0,2,0,2,2.1
Jennie Simms,2022,2,2022-06-12,28.1,PHO,away,WAS,9.0,0,8.6,2,3,.667,2,3,.667,0,0,,0,0,0,1,0,0,1,3,6,3.2
Jennie Simms,2022,3,2022-06-14,28.1,PHO,away,WAS,-18.0,0,7.6,0,0,,0,0,,0,0,,0,2,2,0,1,0,1,1,0,0.2
Jennie Simms,2022,4,2022-06-15,28.2,PHO,away,IND,13.0,0,12.2,1,3,.333,0,2,.000,0,0,,0,0,0,3,0,0,0,4,2,0.8
Jennie Simms,2022,5,2022-06-17,28.2,PHO,away,DAL,-5.0,0,1.4,0,0,,0,0,,0,0,,0,0,0,0,0,0,0,1,0,-0.4
Jennie Simms,2022,6,2022-06-21,28.2,PHO,home,MIN,-13.0,0,9.2,2,3,.667,0,1,.000,0,0,,1,2,3,0,0,0,2,0,4,2.0
Jennie Simms,2022,7,2022-06-27,28.2,PHO,home,IND,12.0,0,4.4,0,0,,0,0,,0,0,,0,0,0,0,0,0,0,1,0,-0.4
Jennie Simms,2022,8,2022-06-29,28.2,PHO,home,IND,21.0,0,4.5,0,1,.000,0,0,,2,2,1.000,0,0,0,0,0,0,0,3,2,0.1
Jennie Simms,2022,9,2022-07-02,28.2,PHO,away,CHI,-16.0,0,0.9,0,0,,0,0,,0,0,,0,0,0,0,0,0,1,0,0,-1.0
Jennie Simms,2022,10,2022-07-04,28.2,PHO,away,LAS,-3.0,0,2.2,1,1,1.000,0,0,,0,0,,0,0,0,0,1,0,0,0,2,2.7
Jennie Simms,2022,11,2022-07-07,28.2,PHO,home,NYL,3.0,0,4.5,0,1,.000,0,0,,0,0,,0,1,1,1,1,0,0,1,0,0.9
Jennie Simms,2022,12,2022-07-12,28.2,PHO,away,MIN,-11.0,0,6.0,1,2,.500,0,1,.000,0,0,,1,0,1,0,0,0,0,0,2,1.7
Jennie Simms,2022,13,2022-07-14,28.2,PHO,home,WAS,5.0,0,7.2,0,1,.000,0,0,,0,0,,0,1,1,0,1,0,0,0,0,0.6
Jennie Simms,2022,14,2022-07-17,28.2,PHO,home,ATL,-10.0,0,13.8,1,2,.500,0,1,.000,2,2,1.000,2,1,3,1,1,0,1,2,4,4.6
Jennie Simms,2022,15,2022-07-22,28.3,PHO,home,SEA,16.0,0,9.6,1,1,1.000,0,0,,0,0,,0,1,1,0,0,0,1,2,2,0.2
Jennie Simms,2022,16,2022-07-28,28.3,PHO,home,LAS,10.0,0,20.7,2,2,1.000,0,0,,2,4,.500,0,5,5,1,0,0,1,2,6,5.0
Jennie Simms,2022,17,2022-07-31,28.3,PHO,away,NYL,-20.0,0,11.5,0,0,,0,0,,0,0,,0,0,0,2,1,0,1,1,0,1.0
Jennie Simms,2022,18,2022-08-02,28.3,PHO,away,CON,-24.0,0,19.2,2,6,.333,0,1,.000,3,4,.750,1,3,4,0,1,0,4,2,7,1.0
Jennie Simms,2022,19,2022-08-04,28.3,PHO,away,CON,-13.0,0,19.3,2,4,.500,0,0,,0,0,,1,3,4,1,3,0,0,3,4,6.1
Jennie Simms,2022,20,2022-08-06,28.3,PHO,home,NYL,14.0,1,31.2,2,8,.250,1,3,.333,1,2,.500,2,6,8,3,0,0,2,2,6,3.3
Jennie Simms,2022,21,2022-08-10,28.3,PHO,home,MIN,-9.0,1,28.3,1,5,.200,0,3,.000,2,2,1.000,1,1,2,2,1,0,2,3,4,1.1
Jennie Simms,2022,22,2022-08-12,28.3,PHO,home,DAL,12.0,1,33.8,6,10,.600,1,2,.500,1,1,1.000,0,4,4,2,1,1,1,5,14,10.7
Jennie Simms,2022,23,2022-08-14,28.3,PHO,home,CHI,-15.0,1,34.8,5,8,.625,0,1,.000,2,2,1.000,1,7,8,2,0,0,4,2,12,7.8
Jennie Simms,2023,1,2023-06-24,29.2,PHO,away,SEA,-23.0,0,20.1,2,3,0.667,0,1,0.0,0,2,0.0,1,2,3,1,0,0,1,2,4,2.1
Jennie Simms,2023,2,2023-06-27,29.2,PHO,home,DAL,-15.0,0,15.4,1,4,0.25,0,1,0.0,1,1,1.0,1,2,3,0,0,0,1,2,3,0.1
Jennie Simms,2023,3,2023-06-29,29.2,PHO,home,IND,22.0,0,15.0,1,5,0.2,0,2,0.0,0,0,,1,3,4,1,1,0,2,2,2,-0.6
Jennie Simms,2023,4,2023-07-01,29.2,PHO,home,MIN,-10.0,0,12.5,0,2,0.0,0,1,0.0,2,2,1.0,1,1,2,1,1,0,2,1,2,0.9
Jennie Simms,2023,5,2023-07-07,29.2,PHO,away,MIN,-11.0,0,1.3,0,0,,0,0,,0,0,,0,0,0,0,0,0,0,0,0,0.0
Jennie Simms,2023,6,2023-07-11,29.2,PHO,away,LVA,-26.0,0,5.9,0,0,,0,0,,2,2,1.0,0,1,1,0,0,0,0,0,2,2.3
Han Xu,2022,1,2022-05-11,22.5,NYL,away,CHI,-33.0,0,9.1,3,4,.750,1,1,1.000,3,3,1.000,0,0,0,1,0,0,1,2,10,7.3
Han Xu,2022,2,2022-05-15,22.5,NYL,home,DAL,-10.0,0,15.2,4,7,.571,1,2,.500,1,2,.500,0,2,2,2,2,1,0,1,10,10.6
Han Xu,2022,3,2022-05-24,22.6,NYL,away,MIN,-6.0,0,21.5,5,6,.833,1,2,.500,0,0,,2,5,7,0,0,2,0,0,11,13.1
Han Xu,2022,4,2022-05-27,22.6,NYL,away,SEA,-8.0,0,18.7,3,9,.333,0,0,,6,6,1.000,6,2,8,0,0,0,0,0,12,11.7
Han Xu,2022,5,2022-05-29,22.6,NYL,away,SEA,-31.0,0,24.6,5,13,.385,0,1,.000,3,3,1.000,2,6,8,1,1,1,2,0,13,9.5
Han Xu,2022,6,2022-06-01,22.6,NYL,home,IND,13.0,0,14.9,3,6,.500,1,1,1.000,0,1,.000,2,4,6,0,0,2,0,0,7,7.6
Han Xu,2022,7,2022-06-03,22.6,NYL,away,WAS,4.0,0,16.3,2,5,.400,0,1,.000,0,0,,1,3,4,0,1,1,1,1,4,3.2
Han Xu,2022,8,2022-06-05,22.6,NYL,home,MIN,-7.0,0,23.1,4,5,.800,0,1,.000,1,2,.500,0,5,5,0,2,1,1,1,9,9.5
Han Xu,2022,9,2022-06-07,22.6,NYL,home,MIN,19.0,0,25.1,6,12,.500,0,2,.000,3,3,1.000,2,3,5,1,1,0,2,2,15,10.2
Han Xu,2022,10,2022-06-10,22.6,NYL,away,IND,14.0,0,15.5,6,8,.750,2,2,1.000,2,2,1.000,1,4,5,0,0,2,0,0,16,16.1
Han Xu,2022,11,2022-06-12,22.6,NYL,home,CHI,-2.0,0,21.1,4,8,.500,0,0,,2,3,.667,1,1,2,0,1,1,1,1,10,6.9
Han Xu,2022,12,2022-06-16,22.6,NYL,home,WAS,12.0,0,19.6,6,7,.857,0,0,,0,0,,0,1,1,0,1,0,1,3,12,8.6
Han Xu,2022,13,2022-06-19,22.6,NYL,home,SEA,-9.0,0,19.8,3,9,.333,0,0,,0,1,.000,2,2,4,1,1,0,2,2,6,1.4
Han Xu,2022,14,2022-06-24,22.6,NYL,away,ATL,12.0,0,18.9,3,5,.600,0,1,.000,1,2,.500,2,3,5,0,0,0,0,0,7,6.6
Han Xu,2022,15,2022-06-30,22.7,NYL,home,ATL,-11.0,0,13.2,1,1,1.000,0,0,,0,0,,0,2,2,0,2,1,1,2,2,3.2
Han Xu,2022,16,2022-07-03,22.7,NYL,away,LAS,-10.0,0,18.2,4,8,.500,1,2,.500,1,2,.500,1,1,2,2,1,0,0,0,10,9.0
Han Xu,2022,17,2022-07-06,22.7,NYL,away,LVA,9.0,0,19.9,11,12,.917,2,2,1.000,0,0,,2,6,8,3,0,0,0,3,24,24.1
Han Xu,2022,18,2022-07-07,22.7,NYL,away,PHO,-3.0,0,19.1,2,6,.333,0,1,.000,1,2,.500,0,1,1,1,1,1,1,3,5,1.7
Han Xu,2022,19,2022-07-12,22.7,NYL,home,LVA,-6.0,0,8.7,2,5,.400,0,0,,1,2,.500,0,0,0,1,0,0,0,0,5,2.6
Han Xu,2022,20,2022-07-14,22.7,NYL,home,LVA,-34.0,0,19.1,1,6,.167,1,3,.333,0,0,,0,2,2,2,1,2,0,0,3,3.6
Han Xu,2022,21,2022-07-19,22.7,NYL,away,CON,-19.0,0,19.5,3,5,.600,1,2,.500,1,1,1.000,0,0,0,1,0,2,1,1,8,6.4
Han Xu,2022,22,2022-07-21,22.7,NYL,away,WAS,-9.0,0,12.5,1,6,.167,1,2,.500,0,0,,1,2,3,0,0,0,1,0,3,-0.5
Han Xu,2022,23,2022-07-23,22.7,NYL,home,CHI,3.0,0,21.6,5,13,.385,0,1,.000,2,2,1.000,3,3,6,2,0,0,1,0,12,8.3
Han Xu,2022,24,2022-07-29,22.7,NYL,away,CHI,-8.0,0,15.3,3,8,.375,1,1,1.000,2,2,1.000,1,5,6,0,0,1,1,1,9,6.1
Han Xu,2022,25,2022-07-31,22.7,NYL,home,PHO,20.0,0,10.8,3,5,.600,1,1,1.000,0,0,,1,2,3,0,0,0,1,2,7,4.2
Han Xu,2022,26,2022-08-02,22.8,NYL,home,LAS,29.0,0,26.6,5,12,.417,1,2,.500,2,2,1.000,4,3,7,8,0,1,1,2,13,14.8
Han Xu,2022,27,2022-08-03,22.8,NYL,home,LAS,3.0,0,13.5,2,8,.250,0,1,.000,2,2,1.000,1,0,1,1,1,1,0,0,6,4.3
Han Xu,2022,28,2022-08-06,22.8,NYL,away,PHO,-14.0,0,11.9,3,7,.429,0,0,,0,0,,1,0,1,0,1,0,2,1,6,1.6
Han Xu,2022,29,2022-08-08,22.8,NYL,away,DAL,-9.0,0,16.9,2,2,1.000,0,0,,0,0,,0,5,5,2,0,0,1,2,4,4.5
Han Xu,2022,30,2022-08-10,22.8,NYL,away,DAL,18.0,0,15.2,2,6,.333,0,2,.000,2,2,1.000,2,2,4,0,0,1,0,0,6,5.3
Han Xu,2022,31,2022-08-12,22.8,NYL,away,ATL,10.0,0,7.1,1,5,.200,0,1,.000,0,0,,0,2,2,0,0,0,1,0,2,-1.5
Han Xu,2022,32,2022-08-14,22.8,NYL,home,ATL,4.0,0,5.8,1,2,.500,1,1,1.000,3,4,.750,0,0,0,1,0,0,0,1,6,4.9
Han Xu,2023,1,2023-05-19,23.5,NYL,away,WAS,-16.0,0,4.7,0,1,0.0,0,1,0.0,0,0,,0,0,0,0,0,0,0,0,0,-0.7
Han Xu,2023,2,2023-05-21,23.6,NYL,home,IND,17.0,0,7.1,0,3,0.0,0,2,0.0,0,0,,0,0,0,0,0,1,1,1,0,-2.8
Han Xu,2023,3,2023-05-27,23.6,NYL,home,CON,16.0,0,1.3,1,2,0.5,0,1,0.0,0,0,,1,0,1,0,0,0,0,0,2,1.7
Han Xu,2023,4,2023-06-09,23.6,NYL,away,ATL,23.0,0,4.0,1,2,0.5,0,0,,0,0,,0,1,1,0,1,0,0,0,2,2.3
Han Xu,2023,5,2023-06-11,23.6,NYL,home,DAL,9.0,0,1.3,0,1,0.0,0,0,,0,0,,0,0,0,0,0,0,1,0,0,-1.7
Han Xu,2023,6,2023-08-26,23.8,NYL,away,MIN,35.0,0,10.0,3,6,0.5,0,2,0.0,0,0,,1,1,2,0,0,0,1,0,6,3.0
Han Xu,2023,7,2023-09-01,23.8,NYL,home,CON,31.0,0,5.6,1,2,0.5,0,1,0.0,0,0,,0,2,2,0,1,0,2,1,2,0.2
Han Xu,2023,8,2023-09-03,23.8,NYL,away,CHI,17.0,0,1.6,0,3,0.0,0,0,,0,0,,1,0,1,0,0,0,0,0,0,-1.4
Epiphanny Prince,2020,1,2020-07-25,32.5,SEA,home,NYL,16.0,0,17.0,2,7,0.286,1,4,0.25,0,0,,0,1,1,0,0,0,0,1,5,0.8
Epiphanny Prince,2020,2,2020-07-28,32.5,SEA,home,MIN,24.0,0,12.1,3,5,0.6,1,2,0.5,0,1,0.0,0,0,0,2,1,0,1,0,7,5.7
Epiphanny Prince,2020,3,2020-07-30,32.6,SEA,home,WAS,-18.0,0,9.9,0,4,0.0,0,3,0.0,0,0,,0,3,3,1,0,0,0,4,0,-2.8
Epiphanny Prince,2020,4,2020-08-01,32.6,SEA,home,LAS,6.0,0,7.1,0,3,0.0,0,3,0.0,0,0,,0,1,1,0,0,0,1,2,0,-3.6
Epiphanny Prince,2020,5,2020-08-18,32.6,SEA,home,NYL,41.0,0,16.9,6,8,0.75,4,4,1.0,0,0,,0,2,2,2,2,1,1,1,16,16.1
Epiphanny Prince,2020,6,2020-08-20,32.6,SEA,home,IND,-6.0,0,7.1,0,1,0.0,0,1,0.0,2,2,1.0,0,1,1,0,1,0,1,1,2,1.2
Epiphanny Prince,2020,7,2020-08-22,32.6,SEA,home,LVA,-8.0,0,13.1,0,3,0.0,0,3,0.0,0,0,,0,0,0,2,0,0,1,2,0,-2.5
Epiphanny Prince,2020,8,2020-08-25,32.6,SEA,home,IND,13.0,0,13.8,1,3,0.333,0,0,,0,0,,0,0,0,0,0,0,2,3,2,-2.9
Epiphanny Prince,2020,9,2020-08-29,32.6,SEA,home,CHI,14.0,0,17.6,3,4,0.75,1,1,1.0,3,3,1.0,0,3,3,1,0,0,0,0,10,10.0
Epiphanny Prince,2020,10,2020-09-02,32.6,SEA,home,WAS,7.0,0,11.8,0,0,,0,0,,0,0,,0,1,1,1,0,0,1,0,0,0.0
Epiphanny Prince,2020,11,2020-09-04,32.6,SEA,home,LAS,1.0,0,12.7,2,3,0.667,0,1,0.0,0,0,,0,1,1,2,0,0,1,1,4,3.0
Epiphanny Prince,2020,12,2020-09-06,32.7,SEA,home,MIN,15.0,0,12.3,1,6,0.167,1,3,0.333,4,4,1.0,0,0,0,3,1,0,0,2,7,5.5
Epiphanny Prince,2020,13,2020-09-09,32.7,SEA,home,DAL,12.0,0,5.3,0,0,,0,0,,0,0,,0,0,0,1,1,0,0,0,0,1.7
Epiphanny Prince,2020,14,2020-09-11,32.7,SEA,home,PHO,23.0,0,20.4,1,5,0.2,0,1,0.0,2,3,0.667,0,3,3,3,0,1,2,4,4,0.6
Epiphanny Prince,2020,15,2020-09-13,32.7,SEA,home,LVA,-2.0,0,12.8,3,5,0.6,1,1,1.0,0,0,,1,1,2,3,0,0,1,1,7,6.4
Epiphanny Prince,2021,1,2021-05-22,33.4,SEA,away,DAL,3.0,0,9.1,0,1,.000,0,1,.000,2,2,1.000,0,0,0,1,2,0,0,1,2,3.6
Epiphanny Prince,2021,2,2021-05-25,33.4,SEA,home,CON,3.0,0,8.8,0,2,.000,0,0,,0,0,,0,3,3,3,0,0,0,2,0,0.8
Epiphanny Prince,2021,3,2021-05-28,33.4,SEA,home,MIN,10.0,0,15.2,4,6,.667,0,1,.000,2,2,1.000,0,0,0,5,2,1,2,1,10,11.2
Epiphanny Prince,2021,4,2021-06-01,33.4,SEA,home,IND,15.0,0,16.4,2,4,.500,1,1,1.000,2,2,1.000,0,2,2,2,0,1,0,0,7,7.7
Epiphanny Prince,2021,5,2021-06-04,33.4,SEA,home,DAL,3.0,0,14.6,0,4,.000,0,1,.000,2,2,1.000,1,1,2,1,1,2,1,0,2,2.3
Epiphanny Prince,2021,6,2021-06-06,33.4,SEA,home,DAL,-1.0,0,8.6,0,1,.000,0,1,.000,2,2,1.000,0,0,0,0,0,0,2,2,2,-1.5
Epiphanny Prince,2021,7,2021-06-09,33.4,SEA,away,ATL,24.0,0,12.9,2,4,.500,1,1,1.000,0,0,,1,0,1,2,1,1,0,0,5,6.8
Epiphanny Prince,2021,8,2021-06-11,33.4,SEA,away,ATL,11.0,0,12.4,4,7,.571,3,4,.750,0,0,,0,1,1,2,0,0,0,2,11,8.6
Epiphanny Prince,2021,9,2021-06-13,33.4,SEA,away,CON,23.0,0,9.6,2,4,.500,0,1,.000,3,3,1.000,0,1,1,2,1,0,0,0,7,7.7
Epiphanny Prince,2021,10,2021-06-15,33.4,SEA,away,IND,17.0,0,15.6,2,6,.333,0,1,.000,1,2,.500,0,1,1,3,0,0,0,3,5,2.4
Epiphanny Prince,2021,11,2021-06-17,33.4,SEA,away,IND,10.0,0,10.2,1,4,.250,0,1,.000,0,0,,0,1,1,1,0,0,1,1,2,-0.8
Epiphanny Prince,2021,12,2021-06-22,33.4,SEA,home,WAS,-4.0,0,15.7,0,2,.000,0,0,,0,0,,0,1,1,2,0,0,0,0,0,0.3
Epiphanny Prince,2021,13,2021-06-27,33.5,SEA,away,LVA,-3.0,0,9.5,1,2,.500,0,0,,1,2,.500,0,2,2,2,0,0,1,0,3,2.6
Epiphanny Prince,2021,14,2021-07-02,33.5,SEA,home,ATL,3.0,0,15.5,2,4,.500,2,3,.667,0,0,,0,3,3,1,0,0,2,1,6,3.2
Epiphanny Prince,2021,15,2021-07-04,33.5,SEA,away,LAS,10.0,1,31.3,6,12,.500,2,5,.400,4,4,1.000,0,2,2,2,3,1,2,3,18,14.5
Epiphanny Prince,2021,16,2021-07-07,33.5,SEA,home,LAS,9.0,0,9.1,1,3,.333,1,2,.500,0,0,,0,0,0,0,0,0,1,2,3,-0.5
Epiphanny Prince,2021,17,2021-07-09,33.5,SEA,away,PHO,-8.0,0,20.6,0,7,.000,0,3,.000,2,2,1.000,2,2,4,3,2,0,2,1,2,0.8
Epiphanny Prince,2021,18,2021-07-11,33.5,SEA,home,PHO,7.0,0,14.7,4,6,.667,3,5,.600,4,4,1.000,1,2,3,1,0,0,1,1,15,13.0
Epiphanny Prince,2021,19,2021-08-15,33.6,SEA,away,CHI,-2.0,1,37.0,5,10,.500,3,3,1.000,0,0,,2,5,7,4,1,0,1,3,13,12.5
Epiphanny Prince,2021,20,2021-08-18,33.6,SEA,away,NYL,-4.0,0,14.7,3,7,.429,1,1,1.000,0,0,,1,1,2,0,2,0,1,1,7,4.9
Epiphanny Prince,2021,21,2021-08-20,33.6,SEA,away,NYL,16.0,0,10.1,2,5,.400,1,1,1.000,0,0,,1,1,2,2,1,0,0,1,5,5.3
Epiphanny Prince,2021,22,2021-08-22,33.6,SEA,away,WAS,7.0,0,8.8,1,2,.500,0,1,.000,0,0,,0,0,0,1,1,0,0,1,2,2.3
Epiphanny Prince,2021,23,2021-08-24,33.6,SEA,away,MIN,-6.0,0,8.1,1,1,1.000,0,0,,0,0,,0,0,0,1,0,0,0,0,2,2.4
Epiphanny Prince,2021,24,2021-08-27,33.6,SEA,home,CHI,-4.0,0,11.3,1,5,.200,0,2,.000,0,0,,1,0,1,0,0,0,0,1,2,-0.8
Epiphanny Prince,2021,25,2021-08-29,33.6,SEA,home,CHI,-32.0,0,8.8,1,2,.500,1,2,.500,0,0,,0,1,1,1,0,0,1,1,3,1.6
Epiphanny Prince,2021,26,2021-09-02,33.6,SEA,home,NYL,10.0,0,12.8,2,4,.500,0,1,.000,0,0,,0,0,0,1,1,0,1,2,4,1.9
Epiphanny Prince,2021,27,2021-09-07,33.7,SEA,home,WAS,34.0,0,20.3,3,5,.600,2,2,1.000,1,2,.500,0,5,5,5,0,0,2,2,9,8.5
Epiphanny Prince,2021,28,2021-09-12,33.7,SEA,away,LAS,-28.0,0,23.8,5,9,.556,2,4,.500,0,0,,0,1,1,0,2,0,2,1,12,7.6
Epiphanny Prince,2021,29,2021-09-17,33.7,SEA,home,PHO,9.0,0,10.0,3,3,1.000,2,2,1.000,0,0,,0,1,1,0,0,0,2,0,8,5.4
Epiphanny Prince,2022,1,2022-05-06,34.3,SEA,home,MIN,23.0,0,17.3,5,6,.833,3,3,1.000,0,0,,0,0,0,2,2,0,0,0,13,14.2
Epiphanny Prince,2022,2,2022-05-08,34.3,SEA,away,LVA,-11.0,0,10.4,3,4,.750,2,3,.667,3,3,1.000,0,1,1,0,1,1,0,0,11,11.4
Epiphanny Prince,2022,3,2022-05-18,34.3,SEA,home,CHI,3.0,0,13.9,2,4,.500,2,3,.667,0,0,,0,0,0,2,0,0,1,1,6,4.0
Epiphanny Prince,2022,4,2022-05-20,34.4,SEA,home,LAS,3.0,0,16.1,2,5,.400,0,1,.000,4,4,1.000,1,0,1,2,1,0,1,1,8,7.0
Epiphanny Prince,2022,5,2022-05-27,34.4,SEA,home,NYL,8.0,0,29.0,0,4,.000,0,3,.000,2,2,1.000,0,4,4,4,2,0,1,2,2,3.4
Epiphanny Prince,2022,6,2022-05-29,34.4,SEA,home,NYL,31.0,0,20.8,0,6,.000,0,1,.000,0,0,,0,2,2,4,2,0,0,1,0,0.8
Epiphanny Prince,2022,7,2022-06-03,34.4,SEA,home,DAL,-17.0,0,14.7,0,4,.000,0,2,.000,0,0,,0,2,2,2,1,0,2,1,0,-2.2
Epiphanny Prince,2022,8,2022-06-05,34.4,SEA,home,CON,-7.0,0,8.2,2,3,.667,0,0,,1,1,1.000,1,0,1,0,0,0,0,2,5,3.6
Epiphanny Prince,2022,9,2022-06-07,34.4,SEA,home,ATL,12.0,0,11.0,2,6,.333,0,3,.000,0,0,,0,1,1,1,0,0,0,0,4,1.6
Epiphanny Prince,2022,10,2022-06-10,34.4,SEA,away,DAL,1.0,0,6.5,0,2,.000,0,0,,0,0,,0,0,0,1,0,0,0,1,0,-1.1
Epiphanny Prince,2022,11,2022-06-12,34.4,SEA,away,DAL,5.0,0,8.4,1,3,.333,1,1,1.000,0,0,,0,0,0,1,0,0,0,1,3,1.6
Epiphanny Prince,2022,12,2022-06-14,34.4,SEA,away,MIN,2.0,0,18.5,5,10,.500,5,8,.625,0,0,,0,3,3,2,0,0,0,2,15,11.5
Epiphanny Prince,2022,13,2022-06-17,34.4,SEA,away,CON,-11.0,0,6.5,0,1,.000,0,0,,0,0,,0,0,0,1,0,0,0,0,0,0.0
Epiphanny Prince,2022,14,2022-06-23,34.4,SEA,home,WAS,14.0,0,7.7,1,2,.500,0,0,,0,0,,0,0,0,0,0,0,0,2,2,0.2
Epiphanny Prince,2022,15,2022-06-25,34.5,SEA,home,LAS,-8.0,0,11.6,2,6,.333,0,2,.000,0,0,,0,1,1,0,0,0,1,0,4,-0.1
Epiphanny Prince,2022,16,2022-06-29,34.5,SEA,home,LVA,10.0,0,8.4,1,3,.333,1,2,.500,0,0,,0,0,0,2,0,0,1,2,3,0.9
Epiphanny Prince,2022,17,2022-07-01,34.5,SEA,home,IND,16.0,0,15.8,0,2,.000,0,1,.000,0,0,,0,1,1,1,0,0,1,0,0,-1.4
Epiphanny Prince,2022,18,2022-07-03,34.5,SEA,away,ATL,-14.0,0,18.7,2,6,.333,1,4,.250,2,2,1.000,0,2,2,4,3,0,0,0,7,10.0
Epiphanny Prince,2022,19,2022-07-05,34.5,SEA,away,IND,22.0,0,11.0,1,2,.500,0,1,.000,0,0,,0,0,0,1,0,0,0,0,2,1.7
Epiphanny Prince,2022,20,2022-07-07,34.5,SEA,away,LAS,37.0,0,23.5,2,4,.500,1,1,1.000,0,0,,0,0,0,5,2,0,2,0,5,6.5
Epiphanny Prince,2022,21,2022-07-12,34.5,SEA,home,DAL,9.0,0,9.1,1,3,.333,0,1,.000,1,2,.500,0,3,3,3,1,0,0,0,3,4.9
Epiphanny Prince,2022,22,2022-07-17,34.5,SEA,home,IND,16.0,0,14.8,0,2,.000,0,1,.000,3,4,.750,0,1,1,5,0,1,2,2,3,2.9
Epiphanny Prince,2022,23,2022-07-20,34.5,SEA,away,CHI,-4.0,0,7.0,0,2,.000,0,1,.000,0,0,,0,0,0,1,0,1,0,1,0,-0.4
Epiphanny Prince,2022,24,2022-07-22,34.5,SEA,away,PHO,-16.0,0,12.6,1,7,.143,1,5,.200,1,2,.500,2,0,2,0,1,0,0,2,4,0.7
Epiphanny Prince,2022,25,2022-07-24,34.5,SEA,home,ATL,10.0,0,13.8,3,6,.500,1,2,.500,1,1,1.000,1,2,3,1,0,0,1,2,8,5.2
Epiphanny Prince,2022,26,2022-07-28,34.5,SEA,away,CON,-5.0,0,3.7,0,0,,0,0,,0,0,,0,0,0,0,0,0,0,1,0,-0.4
Epiphanny Prince,2022,27,2022-07-30,34.5,SEA,away,WAS,5.0,0,9.5,2,5,.400,0,2,.000,0,0,,1,0,1,0,2,0,0,0,4,4.0
Epiphanny Prince,2022,28,2022-07-31,34.6,SEA,away,WAS,-3.0,0,8.7,0,2,.000,0,1,.000,1,2,.500,0,1,1,2,0,0,1,0,1,-0.1
Epiphanny Prince,2022,29,2022-08-03,34.6,SEA,home,MIN,12.0,0,13.0,0,3,.000,0,3,.000,0,0,,0,2,2,2,2,0,1,1,0,0.5
Epiphanny Prince,2022,30,2022-08-07,34.6,SEA,home,LVA,-8.0,0,9.7,1,4,.250,1,1,1.000,2,2,1.000,0,0,0,1,0,0,0,0,5,3.3
Epiphanny Prince,2022,31,2022-08-09,34.6,SEA,away,CHI,11.0,0,9.4,1,3,.333,0,1,.000,0,0,,0,0,0,4,0,0,0,1,2,2.7
Epiphanny Prince,2022,32,2022-08-12,34.6,SEA,away,MIN,27.0,0,11.9,2,2,1.000,1,1,1.000,0,0,,0,0,0,3,0,0,0,2,5,5.7
Epiphanny Prince,2022,33,2022-08-14,34.6,SEA,away,LVA,-9.0,0,4.6,2,2,1.000,1,1,1.000,0,0,,0,0,0,1,1,0,0,2,5,5.3
Epiphanny Prince,2023,1,2023-05-19,35.4,NYL,away,WAS,-16.0,0,13.3,1,2,0.5,0,1,0.0,0,0,,0,2,2,0,0,0,3,1,2,-1.8
Epiphanny Prince,2023,2,2023-05-21,35.4,NYL,home,IND,17.0,0,21.9,1,3,0.333,1,3,0.333,0,0,,0,2,2,2,2,1,1,3,3,3.8
Epiphanny Prince,2023,3,2023-06-18,35.4,NYL,home,PHO,18.0,0,10.7,0,3,0.0,0,1,0.0,0,0,,1,0,1,2,0,0,2,0,0,-2.0
Epiphanny Prince,2023,4,2023-06-29,35.5,NYL,away,LVA,-17.0,0,6.6,2,3,0.667,1,2,0.5,3,3,1.0,0,0,0,2,0,0,1,0,8,7.1
Epiphanny Prince,2023,5,2023-07-19,35.5,NYL,home,DAL,-10.0,0,4.2,1,1,1.0,1,1,1.0,0,0,,0,1,1,0,0,0,0,0,3,3.0
Epiphanny Prince,2023,6,2023-07-21,35.5,NYL,away,WAS,9.0,0,0.5,0,0,,0,0,,0,0,,0,0,0,0,0,0,0,0,0,0.0
Epiphanny Prince,2023,7,2023-07-23,35.5,NYL,home,IND,18.0,0,4.3,0,0,,0,0,,0,0,,0,0,0,2,0,0,0,1,0,1.0
Epiphanny Prince,2023,8,2023-07-27,35.5,NYL,home,ATL,11.0,0,3.1,0,0,,0,0,,0,0,,0,0,0,0,0,0,0,1,0,-0.4
Epiphanny Prince,2023,9,2023-07-28,35.5,NYL,home,MIN,-5.0,0,2.7,0,2,0.0,0,2,0.0,0,0,,0,0,0,0,0,0,0,0,0,-1.4
Epiphanny Prince,2023,10,2023-08-06,35.6,NYL,home,LVA,38.0,0,4.1,1,1,1.0,0,0,,0,0,,0,0,0,0,0,0,0,0,2,1.7
Bella Alarie,2020,1,2020-07-26,22.3,DAL,home,ATL,-10.0,0,2.8,0,0,,0,0,,0,0,,0,0,0,0,0,0,0,0,0,0.0
Bella Alarie,2020,2,2020-07-29,22.3,DAL,home,NYL,13.0,0,9.1,1,2,.500,0,0,,0,0,,1,0,1,1,0,1,1,0,2,2.1
Bella Alarie,2020,3,2020-07-31,22.3,DAL,home,IND,3.0,0,22.1,2,4,.500,0,0,,2,2,1.000,3,1,4,0,2,2,2,5,6,5.8
Bella Alarie,2020,4,2020-08-02,22.3,DAL,home,LVA,-9.0,0,15.8,1,6,.167,0,3,.000,2,2,1.000,4,2,6,1,2,1,0,1,4,6.6
Bella Alarie,2020,5,2020-08-04,22.3,DAL,home,CHI,-3.0,0,28.7,2,6,.333,0,2,.000,0,0,,3,6,9,1,1,4,0,2,4,8.2
Bella Alarie,2020,6,2020-08-06,22.3,DAL,home,CON,-23.0,0,13.6,1,1,1.000,0,0,,0,0,,0,2,2,1,2,0,1,1,2,3.6
Bella Alarie,2020,7,2020-08-08,22.3,DAL,home,ATL,10.0,0,13.2,0,0,,0,0,,0,0,,1,4,5,0,1,0,0,1,0,2.5
Bella Alarie,2020,8,2020-08-10,22.3,DAL,home,PHO,-12.0,0,17.0,1,3,.333,0,0,,0,0,,1,2,3,0,1,1,0,5,2,1.3
Bella Alarie,2020,9,2020-08-12,22.3,DAL,home,CON,-4.0,0,9.1,2,2,1.000,0,0,,0,0,,0,1,1,0,0,1,1,1,4,3.0
Bella Alarie,2020,10,2020-08-14,22.3,DAL,home,SEA,-18.0,1,17.0,0,6,.000,0,0,,2,2,1.000,0,4,4,2,0,1,0,1,2,0.7
Bella Alarie,2020,11,2020-08-16,22.3,DAL,home,PHO,6.0,0,14.1,1,3,.333,0,1,.000,0,0,,2,1,3,0,1,0,0,1,2,2.6
Bella Alarie,2020,12,2020-08-19,22.3,DAL,home,MIN,-7.0,0,17.2,1,2,.500,0,0,,0,0,,0,3,3,1,1,3,0,1,2,5.3
Bella Alarie,2020,13,2020-08-21,22.3,DAL,home,WAS,9.0,0,13.1,2,5,.400,0,1,.000,0,0,,0,2,2,1,0,2,1,1,4,2.6
Bella Alarie,2020,14,2020-08-23,22.3,DAL,home,LAS,-3.0,0,4.1,0,0,,0,0,,0,0,,0,0,0,1,0,0,0,1,0,0.3
Bella Alarie,2020,15,2020-08-25,22.3,DAL,home,LVA,-4.0,0,18.0,0,3,.000,0,2,.000,0,0,,2,4,6,0,0,0,1,4,0,-2.1
Bella Alarie,2020,16,2020-08-29,22.4,DAL,home,IND,4.0,0,11.7,1,2,.500,0,1,.000,1,2,.500,0,0,0,0,0,0,1,3,3,-0.6
Bella Alarie,2020,17,2020-09-02,22.4,DAL,home,LAS,-8.0,0,9.1,1,2,.500,0,0,,0,0,,1,0,1,0,1,0,1,0,2,1.7
Bella Alarie,2020,18,2020-09-04,22.4,DAL,home,MIN,-13.0,0,2.1,0,0,,0,0,,0,0,,0,0,0,0,0,0,0,0,0,0.0
Bella Alarie,2020,19,2020-09-06,22.4,DAL,home,WAS,7.0,0,9.0,0,2,.000,0,0,,2,2,1.000,0,1,1,0,0,0,1,0,2,-0.1
Bella Alarie,2020,20,2020-09-09,22.4,DAL,home,SEA,-12.0,0,14.2,3,5,.600,0,1,.000,1,2,.500,0,3,3,1,0,0,0,2,7,5.1
Bella Alarie,2020,21,2020-09-11,22.4,DAL,home,CHI,-7.0,1,19.9,2,6,.333,1,1,1.000,0,0,,3,1,4,0,1,0,0,2,5,4.2
Bella Alarie,2020,22,2020-09-13,22.4,DAL,home,NYL,3.0,1,27.9,3,6,.500,0,1,.000,0,0,,2,3,5,1,1,2,1,3,6,6.2
Bella Alarie,2021,1,2021-05-14,23.1,DAL,away,LAS,23.0,0,6.6,0,1,.000,0,0,,0,0,,1,1,2,0,0,1,1,0,0,0.0
Bella Alarie,2021,2,2021-05-22,23.1,DAL,home,SEA,-3.0,0,13.4,1,2,.500,0,0,,0,0,,0,2,2,1,0,0,0,1,2,1.9
Bella Alarie,2021,3,2021-05-24,23.1,DAL,away,NYL,-7.0,0,1.9,0,0,,0,0,,0,0,,1,0,1,1,0,1,2,0,0,0.1
Bella Alarie,2021,4,2021-05-27,23.1,DAL,away,ATL,-6.0,0,3.2,0,1,.000,0,1,.000,0,0,,0,1,1,0,0,0,0,0,0,-0.4
Bella Alarie,2021,5,2021-06-01,23.1,DAL,home,LAS,10.0,0,8.8,1,1,1.000,0,0,,0,0,,2,0,2,1,0,1,0,0,2,4.5
Bella Alarie,2021,6,2021-06-04,23.1,DAL,away,SEA,-3.0,0,13.4,1,2,.500,0,0,,0,0,,0,5,5,0,2,2,0,2,2,5.1
Bella Alarie,2021,7,2021-06-06,23.1,DAL,away,SEA,1.0,0,12.1,2,2,1.000,0,0,,0,0,,1,0,1,0,0,0,0,1,4,3.7
Bella Alarie,2021,8,2021-06-08,23.1,DAL,away,PHO,4.0,0,14.2,2,4,.500,0,0,,0,0,,4,3,7,0,0,2,0,3,4,5.9
Bella Alarie,2021,9,2021-06-11,23.1,DAL,away,PHO,18.0,0,23.3,2,5,.400,0,1,.000,2,2,1.000,5,4,9,1,1,0,1,2,6,7.9
Bella Alarie,2021,10,2021-06-13,23.1,DAL,away,LVA,-7.0,0,11.7,0,1,.000,0,0,,0,0,,1,0,1,0,0,1,0,4,0,-0.9
Bella Alarie,2021,11,2021-06-17,23.2,DAL,home,MIN,-12.0,0,17.7,1,1,1.000,0,0,,2,2,1.000,5,1,6,1,1,0,0,1,4,8.8
Bella Alarie,2021,12,2021-06-19,23.2,DAL,home,MIN,18.0,0,22.8,0,0,,0,0,,0,0,,2,6,8,2,1,1,1,3,0,4.1
Bella Alarie,2021,13,2021-06-22,23.2,DAL,away,CON,-10.0,0,13.8,2,5,.400,0,0,,0,0,,2,2,4,0,0,1,0,4,4,2.4
Bella Alarie,2021,14,2021-06-24,23.2,DAL,away,IND,25.0,0,12.8,0,0,,0,0,,2,2,1.000,0,3,3,0,0,1,3,4,2,-1.0
Bella Alarie,2021,15,2021-06-26,23.2,DAL,home,WAS,11.0,0,5.8,0,1,.000,0,0,,0,0,,2,1,3,0,0,0,0,0,0,1.0
Bella Alarie,2021,16,2021-06-30,23.2,DAL,home,CHI,-10.0,0,3.6,0,2,.000,0,0,,0,0,,0,0,0,0,0,0,0,0,0,-1.4
Bella Alarie,2021,17,2021-07-02,23.2,DAL,home,CHI,9.0,0,2.5,0,1,.000,0,0,,0,0,,0,0,0,0,0,0,0,0,0,-0.7
Bella Alarie,2021,18,2021-07-05,23.2,DAL,away,NYL,-3.0,0,1.3,0,1,.000,0,0,,0,0,,0,0,0,0,0,0,0,0,0,-0.7
Bella Alarie,2021,19,2021-07-07,23.2,DAL,away,MIN,-6.0,0,11.9,0,0,,0,0,,0,0,,1,0,1,0,2,0,1,2,0,0.9
Bella Alarie,2021,20,2021-07-11,23.2,DAL,home,LVA,-16.0,0,11.5,4,6,.667,0,0,,3,4,.750,3,3,6,0,0,1,0,1,11,11.3
Bella Alarie,2021,21,2021-08-15,23.3,DAL,home,CON,-21.0,1,18.1,2,2,1.000,0,0,,2,2,1.000,0,4,4,0,1,1,1,4,6,5.7
Bella Alarie,2021,22,2021-08-17,23.3,DAL,away,CHI,4.0,1,25.3,4,8,.500,0,0,,0,0,,3,5,8,1,0,1,1,0,8,8.0
Bella Alarie,2021,23,2021-08-20,23.3,DAL,home,IND,-2.0,1,20.8,1,1,1.000,0,0,,0,0,,1,4,5,1,0,0,1,0,2,3.3
Bella Alarie,2021,24,2021-08-26,23.3,DAL,away,WAS,5.0,1,20.9,3,4,.750,0,0,,0,0,,1,5,6,1,1,1,0,3,6,7.8
Bella Alarie,2021,25,2021-08-28,23.3,DAL,away,WAS,-1.0,1,13.8,1,1,1.000,0,0,,0,0,,1,2,3,0,1,0,3,4,2,-0.6
Bella Alarie,2021,26,2021-09-02,23.4,DAL,home,ATL,4.0,1,24.1,2,4,.500,0,0,,1,2,.500,2,3,5,0,3,2,0,0,5,9.3
Bella Alarie,2021,27,2021-09-05,23.4,DAL,home,ATL,-5.0,1,17.8,0,4,.000,0,0,,0,0,,1,1,2,1,1,1,1,0,0,-0.4
Bella Alarie,2021,28,2021-09-07,23.4,DAL,home,CON,-27.0,1,11.1,0,0,,0,0,,1,2,.500,0,1,1,2,0,0,0,1,1,1.9
Bella Alarie,2021,29,2021-09-11,23.4,DAL,home,NYL,1.0,1,13.5,0,0,,0,0,,0,0,,1,2,3,0,1,1,1,0,0,2.0
Bella Alarie,2021,30,2021-09-13,23.4,DAL,away,LVA,-10.0,1,22.2,1,2,.500,0,0,,2,2,1.000,2,1,3,3,3,0,0,2,4,9.0
Bella Alarie,2021,31,2021-09-19,23.4,DAL,home,LAS,3.0,1,7.3,2,2,1.000,0,0,,2,2,1.000,0,0,0,0,0,1,1,0,6,5.1
Chennedy Carter,2020,1,2020-07-26,21.7,ATL,home,DAL,10.0,1,30.4,5,16,0.313,0,4,0.0,8,9,0.889,0,5,5,8,1,1,2,5,18,13.2
Chennedy Carter,2020,2,2020-07-29,21.7,ATL,home,LVA,-30.0,1,23.6,3,11,0.273,1,3,0.333,4,6,0.667,0,4,4,3,1,0,3,3,11,3.8
Chennedy Carter,2020,3,2020-07-31,21.7,ATL,home,NYL,6.0,1,25.2,6,15,0.4,1,2,0.5,4,4,1.0,0,0,0,3,0,0,2,6,17,6.6
Chennedy Carter,2020,4,2020-08-02,21.7,ATL,home,IND,-16.0,1,20.8,7,11,0.636,0,0,,1,1,1.0,1,1,2,2,0,0,5,5,15,5.5
Chennedy Carter,2020,5,2020-08-04,21.7,ATL,home,PHO,-7.0,1,33.1,11,21,0.524,1,3,0.333,3,3,1.0,0,1,1,4,2,1,5,3,26,15.3
Chennedy Carter,2020,6,2020-08-06,21.7,ATL,home,SEA,-1.0,1,36.5,11,17,0.647,3,4,0.75,10,10,1.0,0,3,3,7,2,1,6,5,35,28.0
Chennedy Carter,2020,7,2020-08-08,21.7,ATL,home,DAL,-10.0,1,31.6,5,14,0.357,2,3,0.667,2,3,0.667,2,2,4,3,1,0,4,3,14,5.7
Chennedy Carter,2020,8,2020-08-10,21.7,ATL,home,CON,-11.0,1,3.1,0,2,0.0,0,0,,0,0,,0,0,0,1,0,0,0,0,0,-0.7
Chennedy Carter,2020,9,2020-08-28,21.8,ATL,home,MIN,-9.0,1,16.8,1,3,0.333,0,0,,1,2,0.5,0,0,0,1,2,0,3,4,3,-1.0
Chennedy Carter,2020,10,2020-08-30,21.8,ATL,home,LAS,-5.0,1,26.4,11,19,0.579,1,1,1.0,3,4,0.75,0,4,4,1,0,0,1,4,26,16.0
Chennedy Carter,2020,11,2020-09-01,21.8,ATL,home,IND,12.0,1,27.6,7,15,0.467,0,2,0.0,8,10,0.8,1,1,2,6,1,0,1,2,22,17.9
Chennedy Carter,2020,12,2020-09-03,21.8,ATL,home,NYL,6.0,1,20.7,4,15,0.267,0,3,0.0,1,2,0.5,1,2,3,1,0,1,2,3,9,-0.8
Chennedy Carter,2020,13,2020-09-05,21.8,ATL,home,LVA,-10.0,1,32.5,8,15,0.533,0,1,0.0,3,6,0.5,0,0,0,6,2,1,4,2,19,12.6
Chennedy Carter,2020,14,2020-09-09,21.8,ATL,home,CHI,8.0,1,15.8,6,9,0.667,2,3,0.667,2,2,1.0,1,1,2,5,0,0,0,3,16,15.4
Chennedy Carter,2020,15,2020-09-11,21.8,ATL,home,CON,7.0,1,28.3,9,19,0.474,1,1,1.0,3,3,1.0,0,1,1,2,2,0,3,3,22,11.8
Chennedy Carter,2020,16,2020-09-13,21.8,ATL,home,WAS,-7.0,1,33.5,12,22,0.545,0,2,0.0,2,2,1.0,2,3,5,2,0,0,2,6,26,14.7
Chennedy Carter,2021,1,2021-05-14,22.5,ATL,home,CON,-11.0,1,25.9,4,12,0.333,0,2,0.0,2,2,1.0,1,0,1,2,1,0,3,3,10,2.1
Chennedy Carter,2021,2,2021-05-19,22.5,ATL,home,CHI,-8.0,1,28.7,8,15,0.533,0,0,,5,5,1.0,1,3,4,6,1,0,6,4,21,12.9
Chennedy Carter,2021,3,2021-05-21,22.5,ATL,away,IND,4.0,1,31.6,9,17,0.529,1,1,1.0,4,6,0.667,1,0,1,4,1,1,2,3,23,15.9
Chennedy Carter,2021,4,2021-05-25,22.5,ATL,away,CHI,7.0,1,22.0,3,8,0.375,0,0,,1,1,1.0,0,0,0,3,2,1,1,4,7,4.8
Chennedy Carter,2021,5,2021-05-27,22.5,ATL,home,DAL,6.0,1,28.9,5,10,0.5,0,1,0.0,11,11,1.0,2,2,4,4,0,1,1,4,21,18.9
Chennedy Carter,2021,6,2021-05-29,22.5,ATL,away,NYL,3.0,1,18.8,6,12,0.5,0,2,0.0,0,0,,0,1,1,2,1,0,4,2,12,3.9
Chennedy Carter,2021,7,2021-06-23,22.6,ATL,home,MIN,-2.0,1,25.9,7,12,0.583,0,0,,2,2,1.0,0,1,1,4,0,0,4,2,16,8.7
Chennedy Carter,2021,8,2021-06-26,22.6,ATL,home,NYL,-23.0,1,33.0,10,19,0.526,0,1,0.0,4,5,0.8,0,1,1,2,1,0,0,5,24,15.0
Chennedy Carter,2021,9,2021-06-29,22.6,ATL,home,NYL,4.0,1,34.0,3,13,0.231,0,1,0.0,5,6,0.833,0,1,1,4,1,1,0,2,11,6.7
Chennedy Carter,2021,10,2021-07-02,22.6,ATL,away,SEA,-3.0,1,25.7,4,12,0.333,0,0,,1,2,0.5,0,0,0,3,0,0,2,2,9,1.1
Chennedy Carter,2021,11,2021-07-04,22.6,ATL,away,LVA,-23.0,1,5.6,1,2,0.5,0,1,0.0,0,0,,0,0,0,2,0,0,0,2,2,1.6
Chennedy Carter,2022,1,2022-05-06,23.5,LAS,away,CHI,7.0,0,12.3,4,5,.800,0,0,,4,5,.800,0,1,1,0,0,0,3,2,12,6.2
Chennedy Carter,2022,2,2022-05-08,23.5,LAS,away,IND,10.0,0,21.3,5,12,.417,0,1,.000,2,2,1.000,0,1,1,5,1,2,3,0,12,8.8
Chennedy Carter,2022,3,2022-05-11,23.5,LAS,away,ATL,-2.0,0,14.4,0,7,.000,0,1,.000,0,0,,1,0,1,3,1,1,0,2,0,-1.2
Chennedy Carter,2022,4,2022-05-14,23.5,LAS,away,CON,-17.0,0,7.6,1,5,.200,0,0,,0,0,,1,1,2,1,1,0,2,3,2,-1.6
Chennedy Carter,2022,5,2022-05-17,23.5,LAS,home,MIN,-3.0,0,11.5,4,6,.667,0,0,,0,0,,0,0,0,1,0,1,4,2,8,2.0
Chennedy Carter,2022,6,2022-05-20,23.5,LAS,away,SEA,-3.0,0,11.4,2,3,.667,0,0,,1,3,.333,0,1,1,0,0,1,2,1,5,1.5
Chennedy Carter,2022,7,2022-05-23,23.5,LAS,away,LVA,-28.0,0,13.8,7,13,.538,0,0,,3,3,1.000,0,3,3,2,0,0,0,1,17,12.6
Chennedy Carter,2022,8,2022-05-25,23.5,LAS,home,PHO,5.0,0,17.0,6,9,.667,0,0,,0,0,,0,1,1,3,0,1,2,2,12,8.4
Chennedy Carter,2022,9,2022-05-27,23.5,LAS,away,IND,-5.0,0,19.1,4,7,.571,0,0,,1,2,.500,0,1,1,5,1,0,2,3,9,6.9
Chennedy Carter,2022,10,2022-05-29,23.5,LAS,away,MIN,2.0,1,28.7,8,15,.533,0,2,.000,4,4,1.000,0,6,6,4,1,0,2,3,20,15.1
Chennedy Carter,2022,11,2022-05-31,23.5,LAS,home,DAL,2.0,1,20.5,4,7,.571,0,1,.000,1,3,.333,0,2,2,3,2,0,3,0,9,6.6
Chennedy Carter,2022,12,2022-06-05,23.6,LAS,away,PHO,-7.0,0,12.5,5,5,1.000,0,0,,0,0,,0,0,0,3,0,0,1,3,10,8.4
Chennedy Carter,2022,13,2022-06-11,23.6,LAS,home,LVA,-17.0,0,23.6,3,14,.214,1,2,.500,2,2,1.000,0,3,3,0,0,2,2,1,9,0.3
Chennedy Carter,2022,14,2022-06-19,23.6,LAS,away,DAL,-10.0,0,14.4,1,5,.200,0,0,,1,2,.500,0,1,1,1,0,0,2,2,3,-2.3
Chennedy Carter,2022,15,2022-06-21,23.6,LAS,home,WAS,2.0,0,2.1,0,1,.000,0,0,,0,0,,0,0,0,1,1,0,0,1,0,0.6
Chennedy Carter,2022,16,2022-06-27,23.6,LAS,home,LVA,-6.0,0,8.6,0,4,.000,0,0,,0,0,,1,0,1,0,0,0,0,1,0,-2.5
Chennedy Carter,2022,17,2022-07-01,23.6,LAS,away,DAL,8.0,0,14.7,2,5,.400,0,0,,1,3,.333,0,3,3,2,1,0,0,2,5,4.0
Chennedy Carter,2022,18,2022-07-21,23.7,LAS,home,ATL,7.0,0,12.4,3,6,.500,0,0,,1,2,.500,0,0,0,1,2,0,0,2,7,5.5
Chennedy Carter,2022,19,2022-07-23,23.7,LAS,away,LVA,-18.0,0,24.7,5,11,.455,0,1,.000,5,8,.625,0,5,5,2,1,0,2,4,15,8.4
Chennedy Carter,2022,20,2022-07-28,23.7,LAS,away,PHO,-10.0,0,20.1,8,10,.800,1,1,1.000,6,6,1.000,0,1,1,0,1,0,3,3,23,16.3
Chennedy Carter,2022,21,2022-07-31,23.7,LAS,home,MIN,-7.0,0,17.8,4,10,.400,0,0,,2,2,1.000,1,2,3,2,0,0,0,3,10,6.1
Chennedy Carter,2022,22,2022-08-02,23.7,LAS,away,NYL,-29.0,0,15.5,2,9,.222,0,0,,0,0,,2,2,4,3,2,0,5,4,4,-2.0
Chennedy Carter,2022,23,2022-08-11,23.7,LAS,home,CON,-24.0,0,20.7,3,9,.333,0,1,.000,2,2,1.000,1,1,2,1,0,0,3,1,8,1.2
Chennedy Carter,2022,24,2022-08-14,23.7,LAS,home,DAL,-28.0,0,28.2,4,11,.364,0,0,,5,6,.833,2,1,3,3,0,1,2,6,13,6.6
Karima Christmas-Kelly,2020,1,2020-07-26,30.9,MIN,home,CON,8.0,0,19.8,1,5,0.2,0,2,0.0,5,6,0.833,1,4,5,1,3,1,3,2,7,6.0
Karima Christmas-Kelly,2020,2,2020-07-28,30.9,MIN,home,SEA,-24.0,0,5.5,0,2,0.0,0,1,0.0,2,2,1.0,0,1,1,0,0,0,1,0,2,-0.1
Li Yueru,2022,1,2022-05-28,23.2,CHI,home,LVA,-7.0,0,4.4,0,2,0.0,0,0,,2,2,1.0,2,1,3,0,1,1,1,1,2,2.6
Li Yueru,2022,2,2022-05-31,23.2,CHI,home,PHO,3.0,0,4.3,1,2,0.5,0,0,,0,0,,0,2,2,0,0,0,1,0,2,0.6
Li Yueru,2022,3,2022-06-05,23.2,CHI,home,WAS,9.0,0,5.5,0,0,,0,0,,0,0,,0,0,0,0,0,0,0,1,0,-0.4
Li Yueru,2022,4,2022-06-10,23.2,CHI,away,CON,4.0,0,7.3,1,1,1.0,0,0,,0,0,,0,1,1,0,1,0,0,2,2,2.2
Li Yueru,2022,5,2022-06-12,23.2,CHI,away,NYL,2.0,0,6.1,0,0,,0,0,,2,2,1.0,1,2,3,1,0,0,0,0,2,4.0
Li Yueru,2022,6,2022-06-17,23.2,CHI,home,ATL,6.0,0,4.5,1,2,0.5,0,0,,2,2,1.0,0,2,2,0,0,0,2,0,4,1.6
Li Yueru,2022,7,2022-06-19,23.2,CHI,away,IND,-2.0,0,6.2,0,1,0.0,0,0,,2,2,1.0,0,2,2,0,0,1,1,0,2,1.6
Li Yueru,2022,8,2022-06-23,23.2,CHI,away,LAS,23.0,0,10.0,2,5,0.4,0,0,,0,0,,1,4,5,0,0,0,1,0,4,2.2
Li Yueru,2022,9,2022-06-29,23.3,CHI,home,CON,8.0,0,3.4,0,0,,0,0,,0,0,,0,2,2,0,0,0,0,0,0,0.6
Li Yueru,2022,10,2022-07-02,23.3,CHI,home,PHO,16.0,0,4.2,0,0,,0,0,,2,2,1.0,0,0,0,0,0,0,1,1,2,0.6
Li Yueru,2022,11,2022-07-07,23.3,CHI,away,IND,9.0,0,4.1,0,1,0.0,0,0,,2,2,1.0,0,0,0,1,0,0,1,1,2,0.6
Li Yueru,2022,12,2022-07-12,23.3,CHI,home,ATL,15.0,0,0.9,1,1,1.0,0,0,,0,0,,0,0,0,0,0,0,0,0,2,1.7
Li Yueru,2022,13,2022-07-14,23.3,CHI,away,LAS,12.0,0,12.1,1,1,1.0,0,0,,0,0,,0,3,3,0,0,0,2,1,2,0.2
Li Yueru,2022,14,2022-07-22,23.3,CHI,home,DAL,6.0,0,3.1,1,2,0.5,0,0,,0,0,,1,0,1,0,0,0,0,1,2,1.3
Li Yueru,2022,15,2022-07-23,23.3,CHI,away,NYL,-3.0,0,4.1,0,0,,0,0,,0,0,,0,0,0,0,0,0,2,1,0,-2.4
Li Yueru,2022,16,2022-07-29,23.3,CHI,home,NYL,8.0,0,2.0,0,0,,0,0,,0,0,,0,0,0,0,0,0,1,0,0,-1.0
Shakira Austin,2022,1,2022-05-06,21.8,WAS,home,IND,14.0,0,11.7,1,4,.250,0,0,,1,1,1.000,1,2,3,0,0,1,0,1,3,2.2
Shakira Austin,2022,2,2022-05-08,21.8,WAS,away,MIN,12.0,1,35.1,6,8,.750,0,0,,1,1,1.000,2,8,10,1,0,1,3,4,13,10.4
Shakira Austin,2022,3,2022-05-10,21.8,WAS,home,LVA,13.0,0,13.9,1,5,.200,0,0,,1,2,.500,1,1,2,0,1,0,0,2,3,0.7
Shakira Austin,2022,4,2022-05-13,21.8,WAS,home,DAL,-8.0,0,13.5,2,2,1.000,0,0,,2,3,.667,1,5,6,0,0,2,3,2,6,4.8
Shakira Austin,2022,5,2022-05-17,21.8,WAS,away,DAL,16.0,0,28.8,9,11,.818,0,0,,2,3,.667,4,4,8,2,1,2,1,3,20,21.1
Shakira Austin,2022,6,2022-05-20,21.8,WAS,away,ATL,5.0,1,24.6,5,7,.714,0,0,,0,0,,2,5,7,2,3,1,2,2,10,12.3
Shakira Austin,2022,7,2022-05-22,21.8,WAS,home,CHI,-9.0,1,22.9,6,10,.600,0,0,,2,2,1.000,0,5,5,3,1,1,0,0,14,14.7
Shakira Austin,2022,8,2022-05-24,21.8,WAS,home,ATL,20.0,1,23.6,3,6,.500,0,0,,3,4,.750,3,4,7,1,1,2,1,1,9,10.6
Shakira Austin,2022,9,2022-05-28,21.8,WAS,away,CON,-8.0,1,15.0,4,6,.667,0,0,,0,1,.000,2,3,5,0,0,0,4,4,8,1.7
Shakira Austin,2022,10,2022-05-31,21.8,WAS,away,IND,12.0,1,16.3,0,3,.000,0,0,,0,0,,2,1,3,0,0,0,0,2,0,-1.2
Shakira Austin,2022,11,2022-06-03,21.9,WAS,home,NYL,-4.0,1,19.6,2,4,.500,0,0,,2,3,.667,0,4,4,0,1,1,0,1,6,6.1
Shakira Austin,2022,12,2022-06-05,21.9,WAS,away,CHI,-9.0,1,19.0,2,2,1.000,0,0,,2,2,1.000,1,6,7,1,1,0,1,3,6,7.4
Shakira Austin,2022,13,2022-06-08,21.9,WAS,home,CHI,2.0,1,22.1,5,6,.833,0,0,,4,4,1.000,2,4,6,0,1,2,0,4,14,15.2
Shakira Austin,2022,14,2022-06-10,21.9,WAS,away,MIN,17.0,1,19.9,3,7,.429,0,0,,0,0,,4,9,13,0,0,0,3,3,6,3.6
Shakira Austin,2022,15,2022-06-12,21.9,WAS,home,PHO,-9.0,1,32.1,5,11,.455,0,0,,2,5,.400,1,5,6,0,0,1,2,1,12,5.6
Shakira Austin,2022,16,2022-06-14,21.9,WAS,home,PHO,18.0,1,25.7,6,11,.545,0,1,.000,4,4,1.000,1,9,10,0,1,1,1,1,16,14.4
Shakira Austin,2022,17,2022-06-16,21.9,WAS,away,NYL,-12.0,1,21.9,4,8,.500,0,0,,0,2,.000,1,5,6,0,2,0,0,2,8,6.6
Shakira Austin,2022,18,2022-06-19,21.9,WAS,home,CON,8.0,1,15.7,2,6,.333,0,0,,1,2,.500,2,6,8,1,0,1,2,3,5,2.6
Shakira Austin,2022,19,2022-06-21,21.9,WAS,away,LAS,-2.0,1,20.8,2,8,.250,0,0,,0,0,,3,3,6,2,0,1,0,3,4,3.1
Shakira Austin,2022,20,2022-06-23,21.9,WAS,away,SEA,-14.0,1,20.1,2,5,.400,0,0,,4,6,.667,4,5,9,1,0,0,2,2,8,6.7
Shakira Austin,2022,21,2022-06-25,21.9,WAS,away,LVA,1.0,1,24.3,3,4,.750,0,0,,0,3,.000,1,4,5,1,1,0,3,3,6,2.6
Shakira Austin,2022,22,2022-06-28,21.9,WAS,home,ATL,18.0,1,22.3,3,5,.600,0,0,,3,5,.600,1,6,7,2,1,1,2,2,9,8.7
Shakira Austin,2022,23,2022-07-03,21.9,WAS,away,CON,-2.0,1,29.3,4,6,.667,0,0,,5,8,.625,1,2,3,2,0,1,2,2,13,9.8
Shakira Austin,2022,24,2022-07-06,21.9,WAS,away,ATL,19.0,1,12.6,0,0,,0,0,,1,4,.250,0,2,2,0,2,1,1,3,1,0.9
Shakira Austin,2022,25,2022-07-12,22.0,WAS,away,LAS,13.0,1,20.6,2,5,.400,0,0,,2,2,1.000,2,6,8,0,2,1,3,3,6,5.0
Shakira Austin,2022,26,2022-07-14,22.0,WAS,away,PHO,-5.0,1,13.5,1,3,.333,0,0,,3,4,.750,0,2,2,1,0,0,1,3,5,2.0
Shakira Austin,2022,27,2022-07-17,22.0,WAS,home,MIN,13.0,1,22.2,2,5,.400,0,0,,0,0,,0,6,6,0,3,1,0,1,4,6.4
Shakira Austin,2022,28,2022-07-21,22.0,WAS,home,NYL,9.0,1,12.7,0,3,.000,0,0,,1,2,.500,3,2,5,2,0,0,1,2,1,0.8
Shakira Austin,2022,29,2022-07-28,22.0,WAS,away,DAL,10.0,1,22.4,6,7,.857,0,0,,0,3,.000,2,3,5,0,1,1,5,6,12,4.9
Shakira Austin,2022,30,2022-07-30,22.0,WAS,home,SEA,-5.0,1,25.1,4,10,.400,0,0,,2,4,.500,2,8,10,2,1,1,2,2,10,7.9
Shakira Austin,2022,31,2022-07-31,22.0,WAS,home,SEA,3.0,1,26.7,3,4,.750,0,0,,3,4,.750,2,7,9,2,0,1,1,3,9,10.4
Shakira Austin,2022,32,2022-08-02,22.0,WAS,home,LVA,10.0,1,27.8,5,11,.455,0,0,,5,7,.714,1,7,8,1,0,1,1,3,15,10.5
Shakira Austin,2022,33,2022-08-05,22.0,WAS,away,CHI,-10.0,1,21.7,6,7,.857,0,0,,5,7,.714,1,3,4,0,1,0,2,1,17,13.9
Shakira Austin,2022,34,2022-08-07,22.0,WAS,home,LAS,-3.0,1,28.5,6,9,.667,0,0,,4,6,.667,4,6,10,2,1,1,2,2,16,16.2
Shakira Austin,2022,35,2022-08-12,22.0,WAS,away,IND,12.0,1,22.5,3,8,.375,0,0,,0,1,.000,4,7,11,3,1,2,3,2,6,6.8
Shakira Austin,2022,36,2022-08-14,22.1,WAS,home,IND,12.0,1,22.2,4,6,.667,0,0,,3,4,.750,2,4,6,1,0,1,0,2,11,11.2
Shakira Austin,2023,1,2023-05-19,22.8,WAS,home,NYL,16.0,1,24.5,3,7,0.429,0,0,,0,1,0.0,1,2,3,3,0,1,1,5,6,3.0
Shakira Austin,2023,2,2023-05-21,22.8,WAS,away,CON,-6.0,1,26.4,10,14,0.714,0,0,,1,3,0.333,1,10,11,2,0,1,1,4,21,17.6
Shakira Austin,2023,3,2023-05-23,22.8,WAS,home,CON,-7.0,1,27.1,5,10,0.5,0,0,,4,4,1.0,1,7,8,1,3,0,1,3,14,13.3
Shakira Austin,2023,4,2023-05-26,22.8,WAS,away,CHI,2.0,1,29.9,5,9,0.556,0,0,,5,6,0.833,1,10,11,1,2,1,4,3,15,12.2
Shakira Austin,2023,5,2023-06-02,22.9,WAS,home,DAL,1.0,1,30.9,4,9,0.444,0,0,,4,6,0.667,2,9,11,0,0,1,5,5,12,4.3
Shakira Austin,2023,6,2023-06-03,22.9,WAS,home,MIN,-2.0,1,31.1,5,10,0.5,0,0,,4,4,1.0,2,8,10,0,1,1,1,0,14,13.5
Shakira Austin,2023,7,2023-06-09,22.9,WAS,away,SEA,7.0,1,28.9,7,13,0.538,0,0,,1,2,0.5,3,8,11,1,2,2,1,2,15,15.1
Shakira Austin,2023,8,2023-06-11,22.9,WAS,away,SEA,6.0,1,31.1,5,12,0.417,0,0,,1,4,0.25,1,8,9,1,1,1,4,3,11,3.7
Shakira Austin,2023,9,2023-06-13,22.9,WAS,away,IND,-21.0,1,28.4,3,5,0.6,0,0,,0,0,,2,3,5,1,0,1,1,3,6,5.2
Shakira Austin,2023,10,2023-06-16,22.9,WAS,home,PHO,19.0,1,8.7,3,4,0.75,0,0,,0,0,,2,4,6,1,0,0,3,2,6,3.9
Shakira Austin,2023,11,2023-06-18,22.9,WAS,home,CHI,8.0,1,26.4,3,8,0.375,0,0,,6,10,0.6,2,2,4,1,0,1,1,1,12,8.0
Shakira Austin,2023,12,2023-06-22,22.9,WAS,away,CHI,21.0,1,26.2,4,9,0.444,0,0,,2,4,0.5,2,5,7,0,0,2,2,2,10,6.0
Shakira Austin,2023,13,2023-06-25,22.9,WAS,away,NYL,-1.0,1,21.5,3,8,0.375,0,0,,0,0,,1,4,5,0,1,1,3,2,6,1.4
Shakira Austin,2023,14,2023-08-13,23.1,WAS,home,CHI,7.0,0,13.5,1,2,0.5,0,0,,2,2,1.0,1,3,4,2,0,1,2,0,4,4.7
Shakira Austin,2023,15,2023-08-18,23.1,WAS,away,IND,4.0,0,15.4,3,7,0.429,0,0,,0,2,0.0,1,4,5,2,1,1,0,0,6,6.5
Shakira Austin,2023,16,2023-08-22,23.1,WAS,home,CON,-4.0,1,19.2,5,10,0.5,0,0,,3,4,0.75,3,4,7,0,2,1,3,4,13,9.0
Shakira Austin,2023,17,2023-08-26,23.1,WAS,home,LVA,16.0,1,21.3,2,4,0.5,0,0,,1,4,0.25,1,6,7,0,2,1,0,2,5,6.2
Shakira Austin,2023,18,2023-08-29,23.1,WAS,home,MIN,11.0,1,19.4,3,9,0.333,0,0,,1,1,1.0,0,4,4,1,0,0,2,1,7,1.4
Shakira Austin,2023,19,2023-08-31,23.1,WAS,away,LVA,-9.0,1,10.1,3,4,0.75,0,0,,1,2,0.5,2,3,5,0,1,0,0,2,7,7.5
Kristine Anigwe,2020,1,2020-07-25,23.3,LAS,home,PHO,23.0,0,14.4,2,4,0.5,0,0,,0,0,,0,3,3,0,2,1,3,2,4,1.8
Kristine Anigwe,2020,2,2020-07-28,23.3,LAS,home,CHI,-18.0,0,12.2,1,2,0.5,0,0,,1,2,0.5,1,2,3,0,1,0,1,2,3,2.1
Kristine Anigwe,2020,3,2020-08-05,23.3,LAS,home,IND,11.0,0,4.6,0,0,,0,0,,0,0,,0,2,2,0,0,1,1,2,0,-0.5
Kristine Anigwe,2020,4,2020-08-07,23.4,LAS,home,LVA,-4.0,0,10.2,3,4,0.75,0,0,,2,2,1.0,1,1,2,0,2,1,1,1,8,8.7
Kristine Anigwe,2020,5,2020-08-09,23.4,LAS,home,MIN,16.0,0,3.3,2,2,1.0,0,0,,0,0,,0,0,0,0,0,0,0,1,4,3.0
Kristine Anigwe,2020,6,2020-08-13,23.4,LAS,home,WAS,17.0,0,15.9,4,4,1.0,0,0,,0,0,,2,1,3,0,1,0,2,4,8,5.9
Kristine Anigwe,2020,7,2020-08-15,23.4,LAS,home,IND,14.0,0,21.6,3,5,0.6,0,0,,1,2,0.5,2,3,5,1,2,0,1,5,7,6.3
Kristine Anigwe,2020,8,2020-08-19,23.4,LAS,home,PHO,9.0,0,6.8,1,2,0.5,0,0,,1,2,0.5,0,0,0,0,1,0,1,2,3,0.8
Kristine Anigwe,2020,9,2020-08-21,23.4,LAS,home,ATL,8.0,0,3.8,2,4,0.5,0,0,,0,0,,0,1,1,0,0,0,0,2,4,1.5
Kristine Anigwe,2020,10,2020-08-23,23.4,LAS,home,DAL,3.0,0,3.3,0,0,,0,0,,0,0,,1,0,1,0,0,0,0,1,0,0.3
Kristine Anigwe,2020,11,2020-08-30,23.4,LAS,home,ATL,5.0,0,20.6,4,7,0.571,0,0,,1,2,0.5,3,3,6,2,1,0,1,1,9,9.3
Kristine Anigwe,2020,12,2020-08-31,23.4,LAS,home,MIN,-18.0,0,17.4,4,5,0.8,0,0,,0,3,0.0,4,2,6,0,0,0,1,0,8,7.3
Kristine Anigwe,2020,13,2020-09-02,23.4,LAS,home,DAL,8.0,0,13.1,0,1,0.0,0,0,,4,8,0.5,2,0,2,0,0,2,1,2,4,2.7
Kristine Anigwe,2020,14,2020-09-04,23.4,LAS,home,SEA,-1.0,1,14.5,1,3,0.333,0,0,,0,0,,0,3,3,0,0,1,3,3,2,-2.3
Kristine Anigwe,2020,15,2020-09-08,23.4,LAS,home,NYL,26.0,0,20.0,5,7,0.714,0,0,,4,5,0.8,1,5,6,1,0,1,0,3,14,13.1
Kristine Anigwe,2020,16,2020-09-10,23.4,LAS,home,WAS,-8.0,0,10.4,0,1,0.0,0,0,,0,0,,1,1,2,0,1,0,0,0,0,1.3
Kristine Anigwe,2020,17,2020-09-12,23.5,LAS,home,LVA,-14.0,0,5.1,0,2,0.0,0,0,,0,0,,0,0,0,0,0,0,0,2,0,-2.2
Kristine Anigwe,2021,1,2021-05-22,24.1,DAL,home,SEA,-3.0,0,4.4,1,1,1.0,0,0,,0,0,,1,1,2,0,0,0,1,0,2,1.7
Kristine Anigwe,2021,2,2021-05-24,24.1,DAL,away,NYL,-7.0,0,2.7,0,0,,0,0,,0,0,,0,0,0,0,1,0,1,2,0,-0.8
Kristine Anigwe,2021,3,2021-05-29,24.2,DAL,home,PHO,-4.0,0,23.0,2,5,0.4,0,0,,1,2,0.5,0,4,4,0,0,0,0,5,5,1.1
Kristine Anigwe,2021,4,2021-06-10,24.2,LAS,away,WAS,-18.0,0,27.6,2,2,1.0,0,0,,3,6,0.5,4,5,9,1,0,0,3,6,7,4.8
Kristine Anigwe,2021,5,2021-06-12,24.2,LAS,away,MIN,-16.0,0,5.6,0,0,,0,0,,0,0,,1,1,2,0,0,0,0,1,0,0.6
Kristine Anigwe,2021,6,2021-06-16,24.2,LAS,home,PHO,5.0,0,13.0,2,3,0.667,0,0,,0,0,,1,1,2,1,1,0,2,3,4,2.2
Kristine Anigwe,2021,7,2021-06-18,24.2,LAS,home,PHO,-14.0,0,18.3,1,5,0.2,0,0,,2,4,0.5,0,0,0,1,1,0,1,3,4,-0.4
Kristine Anigwe,2021,8,2021-06-20,24.2,LAS,home,NYL,-3.0,0,11.9,1,3,0.333,0,0,,1,2,0.5,1,1,2,1,1,0,1,2,3,1.8
Kristine Anigwe,2021,9,2021-06-24,24.2,LAS,home,WAS,7.0,1,11.8,1,3,0.333,0,0,,0,0,,0,3,3,1,1,0,2,3,2,-0.3
Kristine Anigwe,2021,10,2021-06-27,24.2,LAS,away,PHO,-9.0,0,17.9,2,7,0.286,0,0,,3,4,0.75,3,6,9,0,0,1,1,3,7,4.9
Kristine Anigwe,2022,1,2022-05-06,25.1,PHO,home,LVA,-18.0,1,13.8,0,1,0.0,0,0,,0,0,,0,3,3,1,0,0,2,2,0,-1.9
Kristine Anigwe,2022,2,2022-05-11,25.1,PHO,home,SEA,20.0,0,0.9,1,1,1.0,0,0,,0,0,,1,1,2,0,0,0,0,0,2,2.7
Kristine Anigwe,2022,3,2022-05-19,25.1,PHO,home,DAL,-10.0,0,6.9,0,1,0.0,0,0,,2,2,1.0,1,0,1,1,0,0,0,3,2,1.5
Kristine Anigwe,2022,4,2022-05-21,25.1,PHO,away,LVA,-20.0,0,5.7,1,3,0.333,0,0,,2,6,0.333,1,2,3,0,0,0,0,0,4,2.0
Kristine Anigwe,2022,5,2022-05-25,25.2,PHO,away,LAS,-5.0,0,1.5,0,0,,0,0,,0,0,,0,0,0,0,0,0,0,0,0,0.0
Kristine Anigwe,2022,6,2022-05-29,25.2,PHO,away,ATL,-27.0,0,12.7,1,1,1.0,0,0,,0,0,,1,0,1,0,1,2,3,0,2,1.8
Kristine Anigwe,2022,7,2022-06-03,25.2,PHO,home,CON,-4.0,0,2.9,0,0,,0,0,,0,0,,0,0,0,0,0,0,1,2,0,-1.8
Kristine Anigwe,2022,8,2022-06-12,25.2,PHO,away,WAS,9.0,0,4.6,0,0,,0,0,,0,0,,0,0,0,0,0,0,0,1,0,-0.4
Kristine Anigwe,2022,9,2022-06-14,25.2,PHO,away,WAS,-18.0,0,13.5,2,3,0.667,0,0,,1,2,0.5,1,2,3,0,0,0,0,3,5,3.4
Kristine Anigwe,2022,10,2022-06-17,25.2,PHO,away,DAL,-5.0,0,2.9,0,0,,0,0,,0,0,,0,0,0,0,0,0,0,1,0,-0.4
Kristine Anigwe,2023,1,2023-05-19,26.1,CHI,away,MIN,11.0,0,10.7,0,0,,0,0,,0,0,,0,2,2,0,1,0,0,3,0,0.4
Kristine Anigwe,2023,2,2023-05-21,26.1,CHI,away,PHO,6.0,0,12.7,2,3,0.667,0,0,,0,0,,2,3,5,0,0,2,0,3,4,5.2
Kristine Anigwe,2023,3,2023-05-26,26.2,CHI,home,WAS,-2.0,0,5.2,0,1,0.0,0,0,,0,0,,1,2,3,0,0,0,1,1,0,-0.8
Kristine Anigwe,2023,4,2023-05-28,26.2,CHI,home,DAL,6.0,0,5.0,1,2,0.5,0,0,,1,2,0.5,1,0,1,1,1,0,1,1,3,2.6
Kristine Anigwe,2023,5,2023-05-30,26.2,CHI,away,ATL,-18.0,0,19.8,4,6,0.667,0,0,,2,2,1.0,3,4,7,1,1,1,2,5,10,9.1
Kristine Anigwe,2023,6,2023-06-02,26.2,CHI,home,NYL,-1.0,0,8.9,1,3,0.333,0,0,,0,0,,1,0,1,0,0,0,0,2,2,0.2
Kristine Anigwe,2023,7,2023-06-04,26.2,CHI,away,NYL,4.0,0,6.4,1,3,0.333,0,1,0.0,0,0,,0,0,0,1,0,0,0,3,2,-0.2
Kristine Anigwe,2023,8,2023-06-22,26.2,CHI,home,WAS,-21.0,0,7.0,1,2,0.5,0,0,,1,2,0.5,0,1,1,1,0,0,2,1,3,0.2
Kristine Anigwe,2023,9,2023-06-25,26.2,CHI,away,CON,-24.0,0,6.2,0,2,0.0,0,0,,1,2,0.5,0,1,1,0,0,2,0,0,1,0.9
Kristine Anigwe,2023,10,2023-07-02,26.3,CHI,away,IND,2.0,0,1.2,0,0,,0,0,,0,0,,0,0,0,0,0,0,0,1,0,-0.4
Kristine Anigwe,2023,11,2023-07-18,26.3,CON,away,PHO,-6.0,0,1.9,0,0,,0,0,,0,0,,0,0,0,0,0,0,0,1,0,-0.4
Kristine Anigwe,2023,12,2023-07-20,26.3,CON,home,ATL,11.0,0,1.6,0,1,0.0,0,0,,0,0,,0,1,1,0,0,0,1,1,0,-1.8
Kristine Anigwe,2023,13,2023-07-22,26.3,CON,away,ATL,8.0,0,2.5,0,1,0.0,0,0,,0,0,,0,0,0,0,0,0,0,1,0,-1.1
Crystal Langhorne,2020,1,2020-07-25,33.7,SEA,home,NYL,16.0,0,7.1,0,0,,0,0,,0,0,,0,2,2,0,0,0,2,3,0,-2.6
Crystal Langhorne,2020,2,2020-07-30,33.8,SEA,home,WAS,-18.0,0,12.7,2,3,0.667,0,1,0.0,0,0,,2,1,3,1,0,0,2,2,4,2.3
Crystal Langhorne,2020,3,2020-08-06,33.8,SEA,home,ATL,1.0,0,6.4,0,0,,0,0,,0,0,,0,5,5,0,0,1,2,0,0,0.2
Crystal Langhorne,2020,4,2020-08-08,33.8,SEA,home,PHO,6.0,0,4.5,0,1,0.0,0,0,,1,2,0.5,0,3,3,0,0,0,1,0,1,-0.2
Crystal Langhorne,2020,5,2020-08-12,33.8,SEA,home,ATL,37.0,0,13.1,0,1,0.0,0,1,0.0,0,0,,0,7,7,1,0,0,0,0,0,2.1
Crystal Langhorne,2020,6,2020-08-16,33.8,SEA,home,CON,23.0,0,8.0,0,0,,0,0,,0,0,,0,2,2,0,0,0,0,0,0,0.6
Crystal Langhorne,2020,7,2020-08-18,33.8,SEA,home,NYL,41.0,0,14.5,1,5,0.2,0,0,,1,1,1.0,0,4,4,1,0,0,1,1,3,0.4
Crystal Langhorne,2020,8,2020-08-25,33.8,SEA,home,IND,13.0,0,2.4,0,0,,0,0,,0,0,,0,0,0,0,0,0,0,0,0,0.0
Crystal Langhorne,2020,9,2020-08-29,33.8,SEA,home,CHI,14.0,0,2.5,0,0,,0,0,,0,0,,0,0,0,0,0,0,0,0,0,0.0
Crystal Langhorne,2020,10,2020-09-04,33.9,SEA,home,LAS,1.0,0,6.0,0,1,0.0,0,0,,0,0,,0,0,0,0,0,0,0,0,0,-0.7
Crystal Langhorne,2020,11,2020-09-06,33.9,SEA,home,MIN,15.0,0,5.0,0,0,,0,0,,0,0,,0,1,1,0,0,0,1,0,0,-0.7
Crystal Langhorne,2020,12,2020-09-11,33.9,SEA,home,PHO,23.0,0,18.9,4,6,0.667,1,3,0.333,1,3,0.333,1,0,1,2,0,0,0,1,10,8.3
Crystal Langhorne,2020,13,2020-09-13,33.9,SEA,home,LVA,-2.0,0,5.8,0,0,,0,0,,0,0,,0,0,0,1,1,0,2,0,0,-0.3
Michaela Onyenwere,2021,1,2021-05-14,21.8,NYL,home,IND,3.0,1,28.7,6,12,.500,3,6,.500,3,3,1.000,1,4,5,1,1,0,0,3,18,14.4
Michaela Onyenwere,2021,2,2021-05-16,21.8,NYL,away,IND,8.0,1,25.1,4,7,.571,1,2,.500,2,3,.667,1,4,5,0,1,0,2,2,11,7.4
Michaela Onyenwere,2021,3,2021-05-18,21.8,NYL,home,MIN,11.0,1,30.1,3,11,.273,1,4,.250,0,0,,0,2,2,1,0,1,1,3,7,0.3
Michaela Onyenwere,2021,4,2021-05-21,21.8,NYL,away,WAS,-29.0,1,10.3,2,7,.286,1,3,.333,0,0,,0,1,1,0,0,0,0,2,5,0.4
Michaela Onyenwere,2021,5,2021-05-23,21.8,NYL,away,CHI,8.0,1,21.0,4,9,.444,2,4,.500,0,0,,2,2,4,0,0,1,0,1,10,7.6
Michaela Onyenwere,2021,6,2021-05-24,21.8,NYL,home,DAL,7.0,1,12.5,2,2,1.000,1,1,1.000,0,0,,1,0,1,0,0,0,1,4,5,2.5
Michaela Onyenwere,2021,7,2021-05-29,21.8,NYL,home,ATL,-3.0,1,39.4,10,22,.455,6,14,.429,3,3,1.000,2,3,5,2,1,0,1,1,29,20.9
Michaela Onyenwere,2021,8,2021-06-03,21.8,NYL,home,LVA,-12.0,1,19.6,3,10,.300,2,4,.500,3,4,.750,1,0,1,0,1,1,0,3,11,6.0
Michaela Onyenwere,2021,9,2021-06-05,21.8,NYL,away,CON,-21.0,1,22.8,3,4,.750,1,2,.500,0,0,,1,3,4,1,0,1,2,3,7,5.2
Michaela Onyenwere,2021,10,2021-06-13,21.8,NYL,away,PHO,2.0,1,20.4,0,7,.000,0,3,.000,3,3,1.000,0,3,3,0,0,1,1,2,3,-2.1
Michaela Onyenwere,2021,11,2021-06-15,21.8,NYL,away,LVA,-22.0,1,25.1,2,6,.333,2,6,.333,0,0,,0,0,0,0,0,0,2,2,6,-0.2
Michaela Onyenwere,2021,12,2021-06-17,21.9,NYL,away,LVA,-27.0,1,21.4,3,9,.333,2,7,.286,1,2,.500,1,2,3,1,0,0,1,5,9,2.5
Michaela Onyenwere,2021,13,2021-06-20,21.9,NYL,away,LAS,3.0,1,20.3,1,4,.250,0,3,.000,2,3,.667,1,1,2,1,1,0,1,2,4,2.1
Michaela Onyenwere,2021,14,2021-06-22,21.9,NYL,home,CHI,-20.0,1,18.6,1,7,.143,0,4,.000,0,0,,1,0,1,2,1,2,1,0,2,1.0
Michaela Onyenwere,2021,15,2021-06-24,21.9,NYL,home,CHI,-23.0,1,31.7,5,17,.294,1,5,.200,5,5,1.000,3,3,6,0,1,0,3,4,16,5.5
Michaela Onyenwere,2021,16,2021-06-26,21.9,NYL,away,ATL,23.0,1,25.4,6,8,.750,0,2,.000,6,7,.857,1,1,2,0,0,0,3,3,18,11.2
Michaela Onyenwere,2021,17,2021-06-29,21.9,NYL,away,ATL,-4.0,1,27.7,4,9,.444,2,4,.500,3,4,.750,0,3,3,1,0,0,2,4,13,5.9
Michaela Onyenwere,2021,18,2021-07-03,21.9,NYL,home,WAS,3.0,1,31.6,4,9,.444,0,4,.000,3,4,.750,0,4,4,2,2,2,0,2,11,11.1
Michaela Onyenwere,2021,19,2021-07-05,21.9,NYL,home,DAL,3.0,1,20.5,3,6,.500,1,3,.333,1,2,.500,0,0,0,2,1,0,1,4,8,4.4
Michaela Onyenwere,2021,20,2021-07-09,21.9,NYL,away,IND,-13.0,1,16.2,0,3,.000,0,2,.000,0,0,,1,3,4,0,0,0,0,0,0,-0.5
Michaela Onyenwere,2021,21,2021-07-11,21.9,NYL,home,CON,-17.0,1,30.8,3,9,.333,1,4,.250,5,6,.833,0,4,4,1,0,0,2,2,12,5.6
Michaela Onyenwere,2021,22,2021-08-15,22.0,NYL,away,MIN,-10.0,1,20.0,1,3,.333,0,1,.000,4,4,1.000,0,3,3,0,0,0,1,5,6,2.2
Michaela Onyenwere,2021,23,2021-08-18,22.0,NYL,home,SEA,4.0,1,18.7,2,5,.400,1,3,.333,2,2,1.000,0,3,3,0,0,0,0,3,7,4.0
Michaela Onyenwere,2021,24,2021-08-20,22.0,NYL,home,SEA,-16.0,1,17.0,0,2,.000,0,1,.000,0,0,,0,1,1,0,0,0,0,2,0,-1.9
Michaela Onyenwere,2021,25,2021-08-22,22.0,NYL,home,LAS,-3.0,1,20.0,2,4,.500,1,3,.333,2,2,1.000,1,1,2,0,0,0,1,1,7,4.6
Michaela Onyenwere,2021,26,2021-08-25,22.0,NYL,home,PHO,-27.0,1,9.5,3,3,1.000,2,2,1.000,0,0,,0,1,1,0,0,0,0,0,8,7.4
Michaela Onyenwere,2021,27,2021-08-27,22.0,NYL,home,PHO,-16.0,1,20.0,1,2,.500,1,2,.500,0,0,,0,4,4,0,0,0,1,3,3,1.0
Michaela Onyenwere,2021,28,2021-08-31,22.1,NYL,away,MIN,-8.0,1,35.2,3,12,.250,2,7,.286,3,3,1.000,1,9,10,0,1,0,2,3,11,5.0
Michaela Onyenwere,2021,29,2021-09-02,22.1,NYL,away,SEA,-10.0,1,22.3,1,5,.200,1,2,.500,1,2,.500,0,2,2,1,1,0,0,5,4,0.8
Michaela Onyenwere,2021,30,2021-09-11,22.1,NYL,away,DAL,-1.0,0,17.5,2,3,.667,0,1,.000,2,2,1.000,1,3,4,0,1,0,0,3,6,6.1
Michaela Onyenwere,2021,31,2021-09-15,22.1,NYL,away,CON,-29.0,0,18.9,5,6,.833,2,3,.667,2,3,.667,0,0,0,1,1,0,3,2,14,9.3
Michaela Onyenwere,2021,32,2021-09-17,22.1,NYL,home,WAS,11.0,0,13.1,2,4,.500,0,1,.000,0,0,,1,3,4,1,0,0,2,1,4,1.9
Michaela Onyenwere,2022,1,2022-05-07,22.7,NYL,home,CON,2.0,0,16.6,1,1,1.000,1,1,1.000,3,4,.750,1,0,1,0,1,1,0,4,6,6.1
Michaela Onyenwere,2022,2,2022-05-11,22.8,NYL,away,CHI,-33.0,0,18.9,2,7,.286,0,3,.000,3,4,.750,1,1,2,0,0,1,1,0,7,3.2
Michaela Onyenwere,2022,3,2022-05-13,22.8,NYL,home,IND,-6.0,0,16.1,2,4,.500,1,1,1.000,3,3,1.000,0,1,1,0,1,0,0,3,8,6.1
Michaela Onyenwere,2022,4,2022-05-15,22.8,NYL,home,DAL,-10.0,0,15.1,1,3,.333,0,2,.000,0,0,,0,2,2,0,0,0,1,3,2,-1.3
Michaela Onyenwere,2022,5,2022-05-17,22.8,NYL,home,CON,-27.0,0,21.8,2,6,.333,1,4,.250,4,5,.800,0,2,2,0,1,0,3,4,9,2.2
Michaela Onyenwere,2022,6,2022-05-24,22.8,NYL,away,MIN,-6.0,0,11.6,3,7,.429,0,0,,2,2,1.000,1,3,4,0,1,0,2,2,8,4.1
Michaela Onyenwere,2022,7,2022-05-27,22.8,NYL,away,SEA,-8.0,0,10.5,0,0,,0,0,,0,0,,0,0,0,0,0,0,0,1,0,-0.4
Michaela Onyenwere,2022,8,2022-05-29,22.8,NYL,away,SEA,-31.0,0,22.3,2,8,.250,1,2,.500,4,4,1.000,1,2,3,2,0,0,2,1,9,4.5
Michaela Onyenwere,2022,9,2022-06-01,22.8,NYL,home,IND,13.0,0,4.8,0,2,.000,0,2,.000,1,2,.500,0,0,0,0,2,0,1,1,1,-0.2
Michaela Onyenwere,2022,10,2022-06-03,22.8,NYL,away,WAS,4.0,0,7.3,0,2,.000,0,1,.000,0,0,,2,1,3,1,0,1,0,1,0,1.3
Michaela Onyenwere,2022,11,2022-06-05,22.8,NYL,home,MIN,-7.0,0,17.6,2,2,1.000,1,1,1.000,3,4,.750,0,6,6,0,0,0,0,2,8,8.0
Michaela Onyenwere,2022,12,2022-06-07,22.8,NYL,home,MIN,19.0,0,22.0,1,3,.333,1,2,.500,0,0,,0,2,2,0,1,0,3,4,3,-1.7
Michaela Onyenwere,2022,13,2022-06-10,22.8,NYL,away,IND,14.0,0,12.1,2,3,.667,1,2,.500,0,0,,0,0,0,0,0,0,0,1,5,3.3
Michaela Onyenwere,2022,14,2022-06-12,22.8,NYL,home,CHI,-2.0,0,9.1,1,4,.250,1,3,.333,2,2,1.000,0,0,0,0,0,0,1,2,5,0.8
Michaela Onyenwere,2022,15,2022-06-16,22.8,NYL,home,WAS,12.0,0,9.4,1,5,.200,1,3,.333,2,4,.500,0,1,1,0,1,0,1,2,5,0.6
Michaela Onyenwere,2022,16,2022-06-19,22.9,NYL,home,SEA,-9.0,0,4.5,0,1,.000,0,1,.000,0,0,,0,1,1,0,0,0,0,1,0,-0.8
Michaela Onyenwere,2022,17,2022-06-22,22.9,NYL,away,CON,4.0,0,7.5,2,4,.500,0,1,.000,0,0,,0,1,1,0,0,0,0,2,4,1.5
Michaela Onyenwere,2022,18,2022-06-24,22.9,NYL,away,ATL,12.0,0,7.8,2,7,.286,2,4,.500,0,0,,0,1,1,0,0,1,0,2,6,2.1
Michaela Onyenwere,2022,19,2022-06-30,22.9,NYL,home,ATL,-11.0,0,11.9,2,4,.500,1,2,.500,0,0,,0,1,1,1,1,0,0,1,5,4.6
Michaela Onyenwere,2022,20,2022-07-03,22.9,NYL,away,LAS,-10.0,0,13.0,3,6,.500,0,0,,0,0,,2,3,5,0,1,0,0,3,6,5.1
Michaela Onyenwere,2022,21,2022-07-06,22.9,NYL,away,LVA,9.0,0,20.1,3,7,.429,0,2,.000,0,0,,1,3,4,1,0,1,0,2,6,4.5
Michaela Onyenwere,2022,22,2022-07-07,22.9,NYL,away,PHO,-3.0,0,22.2,1,4,.250,0,0,,0,0,,2,3,5,2,0,0,0,4,2,1.7
Michaela Onyenwere,2022,23,2022-07-12,22.9,NYL,home,LVA,-6.0,0,16.6,1,5,.200,0,1,.000,2,2,1.000,0,3,3,2,0,0,1,1,4,1.8
Michaela Onyenwere,2022,24,2022-07-14,22.9,NYL,home,LVA,-34.0,0,25.2,4,10,.400,0,3,.000,6,6,1.000,0,4,4,0,1,1,1,2,14,9.7
Michaela Onyenwere,2022,25,2022-07-23,23.0,NYL,home,CHI,3.0,0,13.3,2,5,.400,1,3,.333,2,2,1.000,0,3,3,0,0,0,0,3,7,4.0
Michaela Onyenwere,2022,26,2022-07-29,23.0,NYL,away,CHI,-8.0,0,10.4,1,3,.333,0,1,.000,1,2,.500,0,1,1,0,0,0,0,1,3,0.8
Michaela Onyenwere,2022,27,2022-07-31,23.0,NYL,home,PHO,20.0,0,8.9,1,1,1.000,0,0,,0,0,,0,1,1,0,0,0,1,2,2,0.2
Michaela Onyenwere,2022,28,2022-08-02,23.0,NYL,home,LAS,29.0,0,21.4,1,2,.500,0,0,,2,2,1.000,1,2,3,1,1,0,3,3,4,1.8
Michaela Onyenwere,2022,29,2022-08-03,23.0,NYL,home,LAS,3.0,0,10.7,0,1,.000,0,0,,0,0,,0,1,1,1,0,0,1,3,0,-1.9
Michaela Onyenwere,2022,30,2022-08-06,23.0,NYL,away,PHO,-14.0,0,9.4,0,3,.000,0,0,,2,2,1.000,0,2,2,0,1,0,1,1,2,0.1
Michaela Onyenwere,2022,31,2022-08-08,23.0,NYL,away,DAL,-9.0,1,21.1,2,5,.400,1,4,.250,0,0,,0,2,2,0,1,0,1,2,5,2.1
Michaela Onyenwere,2022,32,2022-08-10,23.0,NYL,away,DAL,18.0,0,14.9,2,3,.667,0,0,,1,2,.500,1,3,4,1,0,2,0,1,5,6.6
Michaela Onyenwere,2022,33,2022-08-12,23.0,NYL,away,ATL,10.0,0,4.9,1,1,1.000,0,0,,1,1,1.000,0,0,0,0,0,0,0,1,3,2.3
Michaela Onyenwere,2022,34,2022-08-14,23.0,NYL,home,ATL,4.0,0,7.4,1,1,1.000,1,1,1.000,2,2,1.000,0,1,1,1,0,0,1,3,5,3.5
Michaela Onyenwere,2023,1,2023-05-19,23.8,PHO,away,LAS,-23.0,1,26.3,2,6,.333,2,3,.667,1,2,.500,1,3,4,3,1,0,2,5,7,3.9
Michaela Onyenwere,2023,2,2023-05-21,23.8,PHO,home,CHI,-6.0,1,29.6,2,6,.333,0,1,.000,0,0,,0,3,3,1,1,1,2,3,4,0.7
Michaela Onyenwere,2023,3,2023-05-25,23.8,PHO,home,MIN,9.0,1,18.6,2,2,1.000,2,2,1.000,0,0,,2,1,3,2,0,1,1,4,6,6.6
Michaela Onyenwere,2023,4,2023-06-02,23.8,PHO,home,LAS,-6.0,0,27.0,4,9,.444,2,5,.400,0,0,,0,5,5,1,0,1,2,3,10,5.0
Michaela Onyenwere,2023,5,2023-06-07,23.8,PHO,away,DAL,-5.0,1,17.1,2,5,.400,0,0,,0,0,,0,2,2,1,1,0,3,4,4,-1.0
Michaela Onyenwere,2023,6,2023-06-09,23.8,PHO,away,DAL,-13.0,1,26.6,4,11,.364,0,4,.000,1,1,1.000,2,4,6,2,1,2,3,2,9,5.5
Michaela Onyenwere,2023,7,2023-06-11,23.8,PHO,away,IND,3.0,1,32.4,4,9,.444,3,5,.600,0,0,,4,8,12,1,0,0,0,3,11,11.0
Michaela Onyenwere,2023,8,2023-06-13,23.8,PHO,home,SEA,-14.0,1,26.2,4,7,.571,2,2,1.000,0,0,,0,4,4,0,1,0,3,3,10,4.7
Michaela Onyenwere,2023,9,2023-06-16,23.8,PHO,away,WAS,-19.0,1,32.0,7,11,.636,0,3,.000,6,7,.857,1,8,9,1,3,2,5,3,20,16.7
Michaela Onyenwere,2023,10,2023-06-18,23.9,PHO,away,NYL,-18.0,1,11.9,2,3,.667,0,0,,1,2,.500,0,0,0,2,0,0,2,2,5,1.9
Michaela Onyenwere,2023,11,2023-06-21,23.9,PHO,home,LVA,-20.0,1,29.4,3,12,.250,1,4,.250,2,2,1.000,2,5,7,3,1,0,1,5,9,4.8
Michaela Onyenwere,2023,12,2023-06-24,23.9,PHO,away,SEA,-23.0,1,29.4,4,9,.444,1,5,.200,5,5,1.000,1,2,3,2,1,0,3,5,14,8.0
Michaela Onyenwere,2023,13,2023-06-27,23.9,PHO,home,DAL,-15.0,1,35.5,3,11,.273,2,7,.286,4,6,.667,2,1,3,3,0,1,2,4,12,5.6
Michaela Onyenwere,2023,14,2023-06-29,23.9,PHO,home,IND,22.0,0,29.0,3,6,.500,1,3,.333,2,2,1.000,3,4,7,4,1,3,4,1,9,10.8
Michaela Onyenwere,2023,15,2023-07-01,23.9,PHO,home,MIN,-10.0,1,19.8,3,5,.600,1,1,1.000,3,5,.600,3,2,5,1,0,1,3,6,10,5.6
Michaela Onyenwere,2023,16,2023-07-05,23.9,PHO,away,NYL,-4.0,0,24.9,7,13,.538,0,2,.000,5,6,.833,2,1,3,2,2,1,2,3,19,14.9
Michaela Onyenwere,2023,17,2023-07-07,23.9,PHO,away,MIN,-11.0,1,32.0,9,18,.500,3,7,.429,3,4,.750,1,3,4,1,2,0,3,1,24,15.5
Michaela Onyenwere,2023,18,2023-07-09,23.9,PHO,home,LAS,6.0,0,17.0,0,4,.000,0,0,,0,0,,4,1,5,2,0,0,3,5,0,-3.3
Michaela Onyenwere,2023,19,2023-07-11,23.9,PHO,away,LVA,-26.0,0,23.3,7,13,.538,1,3,.333,3,3,1.000,2,0,2,0,1,0,0,2,18,13.3
Michaela Onyenwere,2023,20,2023-07-18,23.9,PHO,home,CON,6.0,0,10.1,0,3,.000,0,2,.000,1,2,.500,0,3,3,0,0,0,2,3,1,-3.8
Michaela Onyenwere,2023,21,2023-07-20,23.9,PHO,home,CHI,18.0,1,16.6,3,4,.750,2,2,1.000,0,0,,1,1,2,0,1,1,6,1,8,2.7
Michaela Onyenwere,2023,22,2023-07-23,24.0,PHO,away,WAS,-15.0,1,21.9,2,8,.250,0,2,.000,0,0,,0,2,2,1,1,0,4,3,4,-3.7
Michaela Onyenwere,2023,23,2023-07-25,24.0,PHO,away,ATL,-13.0,1,26.3,3,6,.500,2,4,.500,1,2,.500,1,3,4,2,1,0,1,2,9,7.8
Michaela Onyenwere,2023,24,2023-07-30,24.0,PHO,away,CHI,-19.0,0,27.4,7,16,.438,1,5,.200,3,3,1.000,2,3,5,5,0,2,1,2,18,15.0
Michaela Onyenwere,2023,25,2023-08-01,24.0,PHO,away,IND,-1.0,0,13.8,1,9,.111,1,5,.200,1,2,.500,0,1,1,1,1,2,1,2,4,-0.7
Michaela Onyenwere,2023,26,2023-08-03,24.0,PHO,home,ATL,20.0,0,12.2,3,9,.333,2,5,.400,0,0,,0,1,1,1,0,0,0,2,8,3.1
Michaela Onyenwere,2023,27,2023-08-05,24.0,PHO,home,SEA,-6.0,0,3.9,0,1,.000,0,1,.000,0,0,,0,0,0,0,0,0,2,0,0,-2.7
Michaela Onyenwere,2023,28,2023-08-08,24.0,PHO,home,WAS,19.0,0,15.2,4,7,.571,3,5,.600,0,0,,1,1,2,0,0,0,1,1,11,7.3
Michaela Onyenwere,2023,29,2023-08-10,24.0,PHO,home,CON,6.0,0,15.1,1,2,.500,0,0,,3,4,.750,0,1,1,0,0,0,0,4,5,2.3
Michaela Onyenwere,2023,30,2023-08-13,24.0,PHO,away,SEA,-10.0,0,11.8,1,3,.333,0,0,,0,0,,0,3,3,0,0,0,0,1,2,0.8
Michaela Onyenwere,2023,31,2023-08-18,24.0,PHO,home,NYL,-22.0,1,26.1,4,10,.400,0,2,.000,1,2,.500,3,3,6,1,1,0,3,2,9,4.1
Michaela Onyenwere,2023,32,2023-08-20,24.0,PHO,home,IND,-10.0,1,32.9,6,12,.500,0,3,.000,0,3,.000,2,2,4,0,1,0,2,5,12,3.8
Michaela Onyenwere,2023,33,2023-08-23,24.0,PHO,away,LAS,-29.0,1,18.4,1,10,.100,0,2,.000,1,2,.500,0,2,2,2,0,0,3,5,3,-7.0
Michaela Onyenwere,2023,34,2023-08-27,24.0,PHO,home,DAL,-3.0,1,28.7,2,6,.333,0,4,.000,1,2,.500,2,4,6,0,1,0,3,2,5,1.0
Michaela Onyenwere,2023,35,2023-08-29,24.1,PHO,away,ATL,-18.0,1,23.3,1,7,.143,0,0,,0,0,,0,4,4,2,1,0,1,2,2,-0.7
Michaela Onyenwere,2023,36,2023-08-31,24.1,PHO,away,CON,-10.0,1,35.0,5,12,.417,0,1,.000,1,1,1.000,1,1,2,0,2,0,2,3,11,4.4
Michaela Onyenwere,2023,37,2023-09-03,24.1,PHO,away,MIN,-13.0,1,31.4,3,9,.333,1,2,.500,2,2,1.000,0,2,2,1,0,1,3,4,9,1.3
Michaela Onyenwere,2023,38,2023-09-05,24.1,PHO,home,WAS,-23.0,1,28.4,6,8,.750,0,1,.000,7,7,1.000,2,1,3,1,2,0,0,1,19,19.8
Michaela Onyenwere,2023,39,2023-09-08,24.1,PHO,home,LVA,-21.0,1,33.2,1,10,.100,1,4,.250,2,2,1.000,2,1,3,0,2,0,1,2,5,0.3
Michaela Onyenwere,2023,40,2023-09-10,24.1,PHO,away,LVA,-15.0,1,33.4,4,10,.400,1,4,.250,0,0,,1,3,4,2,0,0,1,3,9,4.4
Candace Parker,2020,1,2020-07-25,34.3,LAS,home,PHO,23.0,1,20.5,6,10,.600,1,2,.500,0,0,,1,6,7,1,0,0,2,3,13,8.4
Candace Parker,2020,2,2020-07-28,34.3,LAS,home,CHI,-18.0,1,30.9,4,11,.364,0,1,.000,0,1,.000,3,6,9,3,3,2,2,1,8,9.5
Candace Parker,2020,3,2020-07-30,34.3,LAS,home,CON,5.0,1,30.9,3,6,.500,0,1,.000,4,7,.571,0,11,11,3,2,3,4,3,10,10.1
Candace Parker,2020,4,2020-08-01,34.3,LAS,home,SEA,-6.0,1,30.5,8,16,.500,1,2,.500,2,4,.500,2,10,12,3,1,1,6,3,19,11.2
Candace Parker,2020,5,2020-08-05,34.3,LAS,home,IND,11.0,1,23.6,7,13,.538,0,1,.000,4,5,.800,0,11,11,3,1,2,2,1,18,16.7
Candace Parker,2020,6,2020-08-07,34.3,LAS,home,LVA,-4.0,1,32.6,8,18,.444,2,6,.333,2,2,1.000,1,11,12,4,0,3,2,3,20,16.3
Candace Parker,2020,7,2020-08-09,34.3,LAS,home,MIN,16.0,1,28.3,5,9,.556,0,2,.000,1,2,.500,3,7,10,9,2,0,3,1,11,15.4
Candace Parker,2020,8,2020-08-11,34.3,LAS,home,NYL,15.0,1,27.6,7,16,.438,2,3,.667,0,0,,2,4,6,4,2,0,6,3,16,7.8
Candace Parker,2020,9,2020-08-13,34.3,LAS,home,WAS,17.0,1,22.2,2,8,.250,1,2,.500,1,3,.333,1,8,9,2,0,1,1,2,6,3.8
Candace Parker,2020,10,2020-08-15,34.3,LAS,home,IND,14.0,1,24.3,1,6,.167,0,0,,4,4,1.000,0,5,5,5,2,1,2,3,6,6.7
Candace Parker,2020,11,2020-08-19,34.3,LAS,home,PHO,9.0,1,27.4,3,8,.375,2,3,.667,8,10,.800,2,10,12,4,2,1,2,1,16,18.3
Candace Parker,2020,12,2020-08-21,34.3,LAS,home,ATL,8.0,1,38.3,6,9,.667,0,1,.000,5,6,.833,2,7,9,5,2,1,6,2,17,15.6
Candace Parker,2020,13,2020-08-23,34.3,LAS,home,DAL,3.0,1,35.9,9,16,.563,1,2,.500,3,4,.750,3,11,14,6,0,1,1,1,22,22.9
Candace Parker,2020,14,2020-08-28,34.4,LAS,home,CON,4.0,1,37.7,5,8,.625,1,1,1.000,1,2,.500,2,2,4,7,2,0,3,3,12,12.7
Candace Parker,2020,15,2020-08-30,34.4,LAS,home,ATL,5.0,1,29.6,4,11,.364,1,2,.500,0,1,.000,1,9,10,7,0,0,3,4,9,6.2
Candace Parker,2020,16,2020-08-31,34.4,LAS,home,MIN,-18.0,1,30.1,2,5,.400,0,0,,4,4,1.000,3,6,9,3,0,0,1,1,8,9.9
Candace Parker,2020,17,2020-09-02,34.4,LAS,home,DAL,8.0,1,29.5,8,15,.533,1,3,.333,5,6,.833,4,6,10,6,0,1,4,4,22,18.2
Candace Parker,2020,18,2020-09-04,34.4,LAS,home,SEA,-1.0,1,32.3,9,14,.643,5,6,.833,2,2,1.000,1,6,7,6,2,3,2,3,25,26.4
Candace Parker,2020,19,2020-09-06,34.4,LAS,home,CHI,6.0,1,36.0,10,12,.833,1,2,.500,3,5,.600,2,13,15,2,0,2,4,3,24,21.7
Candace Parker,2020,20,2020-09-08,34.4,LAS,home,NYL,26.0,1,24.6,6,10,.600,0,2,.000,2,2,1.000,0,5,5,7,2,1,2,2,14,15.7
Candace Parker,2020,21,2020-09-10,34.4,LAS,home,WAS,-8.0,1,34.9,4,9,.444,0,3,.000,1,2,.500,4,13,17,6,2,2,4,2,9,13.4
Candace Parker,2020,22,2020-09-12,34.4,LAS,home,LVA,-14.0,1,37.1,7,13,.538,0,3,.000,5,6,.833,0,10,10,5,1,2,2,2,19,18.4
Candace Parker,2021,1,2021-05-15,35.1,CHI,away,WAS,14.0,1,25.0,5,10,.500,3,4,.750,3,4,.750,0,8,8,4,1,3,4,1,16,14.5
Candace Parker,2021,2,2021-06-09,35.1,CHI,home,IND,16.0,1,17.8,1,9,.111,0,3,.000,1,2,.500,2,3,5,2,1,1,4,0,3,-1.9
Candace Parker,2021,3,2021-06-12,35.1,CHI,away,IND,4.0,1,30.2,5,11,.455,2,5,.400,8,9,.889,3,11,14,4,2,1,6,2,20,18.0
Candace Parker,2021,4,2021-06-15,35.2,CHI,away,MIN,16.0,1,27.1,5,9,.556,1,4,.250,1,2,.500,1,6,7,7,0,0,3,2,12,10.9
Candace Parker,2021,5,2021-06-17,35.2,CHI,home,CON,6.0,1,31.0,5,11,.455,1,5,.200,4,4,1.000,3,5,8,3,1,0,1,5,15,13.0
Candace Parker,2021,6,2021-06-19,35.2,CHI,home,CON,10.0,1,26.4,1,6,.167,0,2,.000,1,2,.500,1,5,6,3,0,3,3,1,3,1.8
Candace Parker,2021,7,2021-06-22,35.2,CHI,away,NYL,20.0,1,23.1,9,16,.563,3,4,.750,2,2,1.000,3,9,12,6,1,0,2,0,23,23.4
Candace Parker,2021,8,2021-06-24,35.2,CHI,away,NYL,23.0,1,22.4,4,7,.571,2,2,1.000,2,2,1.000,0,11,11,4,1,2,3,0,12,14.2
Candace Parker,2021,9,2021-06-27,35.2,CHI,away,CON,-16.0,1,26.1,3,11,.273,0,3,.000,0,0,,3,1,4,0,0,0,2,4,6,-1.7
Candace Parker,2021,10,2021-06-30,35.2,CHI,away,DAL,10.0,1,27.4,4,9,.444,0,0,,2,4,.500,2,8,10,3,0,2,5,1,10,6.4
Candace Parker,2021,11,2021-07-02,35.2,CHI,away,DAL,-9.0,1,32.0,9,14,.643,2,2,1.000,2,2,1.000,0,7,7,3,0,1,2,1,22,18.3
Candace Parker,2021,12,2021-07-10,35.2,CHI,home,WAS,-4.0,1,37.7,7,14,.500,1,4,.250,2,2,1.000,2,11,13,6,2,2,3,4,17,17.7
Candace Parker,2021,13,2021-08-15,35.3,CHI,home,SEA,2.0,1,30.5,5,11,.455,0,1,.000,2,2,1.000,2,7,9,3,1,2,2,0,12,12.3
Candace Parker,2021,14,2021-08-17,35.3,CHI,home,DAL,-4.0,1,16.3,1,4,.250,0,1,.000,0,0,,2,4,6,2,0,0,2,1,2,1.2
Candace Parker,2021,15,2021-08-24,35.3,CHI,away,ATL,7.0,1,29.0,6,14,.429,1,4,.250,5,6,.833,0,9,9,4,1,2,0,1,18,17.7
Candace Parker,2021,16,2021-08-27,35.4,CHI,away,SEA,4.0,1,25.4,4,11,.364,0,1,.000,0,1,.000,1,4,5,6,2,0,5,2,8,3.8
Candace Parker,2021,17,2021-08-29,35.4,CHI,away,SEA,32.0,1,24.1,11,17,.647,2,5,.400,1,1,1.000,2,7,9,3,1,2,0,1,25,25.1
Candace Parker,2021,18,2021-08-31,35.4,CHI,away,PHO,-20.0,1,24.0,0,2,.000,0,1,.000,2,2,1.000,0,6,6,4,0,0,2,1,2,2.8
Candace Parker,2021,19,2021-09-02,35.4,CHI,away,LVA,-7.0,1,34.5,12,20,.600,4,5,.800,2,2,1.000,1,13,14,3,2,1,4,2,30,25.4
Candace Parker,2021,20,2021-09-05,35.4,CHI,home,LVA,8.0,1,32.9,4,13,.308,0,4,.000,4,8,.500,1,12,13,8,0,1,1,2,12,11.7
Candace Parker,2021,21,2021-09-12,35.4,CHI,home,WAS,-8.0,1,26.0,5,12,.417,0,3,.000,2,2,1.000,2,9,11,5,2,0,1,1,12,13.8
Candace Parker,2021,22,2021-09-17,35.4,CHI,home,LVA,-33.0,1,23.1,7,14,.500,2,7,.286,4,4,1.000,1,1,2,4,1,4,0,3,20,19.4
Candace Parker,2021,23,2021-09-19,35.4,CHI,home,IND,11.0,1,23.3,3,8,.375,0,3,.000,0,0,,0,4,4,4,0,0,1,2,6,3.8
Candace Parker,2022,1,2022-05-06,36.0,CHI,home,LAS,-7.0,1,32.6,8,14,.571,3,7,.429,2,3,.667,0,6,6,6,3,1,6,4,21,16.1
Candace Parker,2022,2,2022-05-11,36.1,CHI,home,NYL,33.0,1,27.3,4,11,.364,3,5,.600,0,0,,1,5,6,4,0,3,1,1,11,10.6
Candace Parker,2022,3,2022-05-14,36.1,CHI,away,MIN,4.0,1,29.8,4,9,.444,0,3,.000,3,3,1.000,1,5,6,1,0,1,0,0,11,9.9
Candace Parker,2022,4,2022-05-18,36.1,CHI,away,SEA,-3.0,1,28.0,5,10,.500,1,3,.333,0,0,,2,7,9,3,1,0,1,2,11,10.8
Candace Parker,2022,5,2022-05-22,36.1,CHI,away,WAS,9.0,1,30.2,7,13,.538,2,6,.333,0,0,,1,12,13,10,0,0,1,3,16,18.8
Candace Parker,2022,6,2022-05-24,36.1,CHI,home,IND,5.0,1,28.3,6,9,.667,1,3,.333,3,5,.600,1,5,6,7,3,3,4,1,16,19.1
Candace Parker,2022,7,2022-05-28,36.1,CHI,home,LVA,-7.0,1,30.0,4,15,.267,1,8,.125,2,2,1.000,3,8,11,3,0,3,3,4,11,6.2
Candace Parker,2022,8,2022-05-31,36.1,CHI,home,PHO,3.0,1,25.1,2,9,.222,1,3,.333,0,0,,1,10,11,2,1,0,4,4,5,0.0
Candace Parker,2022,9,2022-06-03,36.1,CHI,away,ATL,8.0,1,30.6,3,6,.500,0,1,.000,3,4,.750,0,6,6,5,0,0,4,2,9,6.1
Candace Parker,2022,10,2022-06-05,36.1,CHI,home,WAS,9.0,1,28.1,4,9,.444,2,3,.667,2,2,1.000,1,12,13,6,2,0,3,1,12,14.4
Candace Parker,2022,11,2022-06-08,36.1,CHI,away,WAS,-2.0,1,27.0,6,15,.400,1,4,.250,3,4,.750,2,7,9,3,0,0,2,4,16,9.5
Candace Parker,2022,12,2022-06-10,36.1,CHI,away,CON,4.0,1,33.7,5,10,.500,3,4,.750,5,5,1.000,0,3,3,5,1,2,3,5,18,14.8
Candace Parker,2022,13,2022-06-12,36.1,CHI,away,NYL,2.0,1,21.2,1,4,.250,0,2,.000,2,2,1.000,0,4,4,4,0,1,1,1,4,4.9
Candace Parker,2022,14,2022-06-21,36.2,CHI,away,LVA,9.0,1,28.3,7,13,.538,1,4,.250,2,2,1.000,0,10,10,4,2,0,2,3,17,15.3
Candace Parker,2022,15,2022-06-23,36.2,CHI,away,LAS,23.0,1,26.4,4,14,.286,1,5,.200,1,1,1.000,1,13,14,10,1,2,1,1,10,14.4
Candace Parker,2022,16,2022-06-26,36.2,CHI,home,MIN,3.0,1,30.9,4,8,.500,2,4,.500,3,5,.600,1,7,8,2,2,0,1,1,13,13.0
Candace Parker,2022,17,2022-06-29,36.2,CHI,home,CON,8.0,1,32.8,7,11,.636,4,5,.800,7,7,1.000,0,11,11,7,0,4,3,2,25,27.3
Candace Parker,2022,18,2022-07-02,36.2,CHI,home,PHO,16.0,1,25.6,5,8,.625,2,3,.667,2,2,1.000,0,8,8,7,0,1,7,2,14,10.6
Candace Parker,2022,19,2022-07-06,36.2,CHI,away,MIN,-3.0,1,30.4,5,13,.385,3,8,.375,0,0,,1,9,10,6,0,0,1,4,13,10.9
Candace Parker,2022,20,2022-07-07,36.2,CHI,away,IND,9.0,1,23.8,4,7,.571,1,2,.500,3,3,1.000,3,6,9,5,0,1,4,0,12,12.8
Candace Parker,2022,21,2022-07-12,36.2,CHI,home,ATL,15.0,1,33.4,12,20,.600,3,8,.375,4,4,1.000,2,9,11,3,3,0,1,4,31,28.4
Candace Parker,2022,22,2022-07-14,36.2,CHI,away,LAS,12.0,1,26.9,0,11,.000,0,4,.000,0,0,,0,11,11,4,1,2,2,3,0,-2.4
Candace Parker,2022,23,2022-07-16,36.2,CHI,away,DAL,8.0,1,29.0,5,14,.357,2,7,.286,1,1,1.000,0,8,8,2,0,1,3,4,13,5.1
Candace Parker,2022,24,2022-07-20,36.3,CHI,home,SEA,4.0,1,26.0,5,12,.417,0,3,.000,0,0,,1,7,8,3,1,1,1,0,10,9.2
Candace Parker,2022,25,2022-07-22,36.3,CHI,home,DAL,6.0,1,30.9,6,12,.500,1,5,.200,1,2,.500,3,7,10,3,3,1,2,1,14,15.2
Candace Parker,2022,26,2022-07-23,36.3,CHI,away,NYL,-3.0,1,29.1,7,14,.500,1,5,.200,6,8,.750,3,8,11,3,2,0,2,3,21,18.6
Candace Parker,2022,27,2022-08-02,36.3,CHI,home,DAL,-6.0,1,22.4,4,8,.500,0,3,.000,0,0,,0,2,2,4,1,0,0,0,8,8.4
Candace Parker,2022,28,2022-08-05,36.3,CHI,home,WAS,10.0,1,22.4,4,8,.500,1,2,.500,0,0,,0,4,4,4,0,0,3,4,9,4.4
Candace Parker,2022,29,2022-08-07,36.3,CHI,home,CON,3.0,1,33.4,7,13,.538,1,4,.250,3,4,.750,1,11,12,5,1,2,4,3,18,16.0
Candace Parker,2022,30,2022-08-09,36.3,CHI,home,SEA,-11.0,1,27.8,6,10,.600,1,5,.200,1,2,.500,0,7,7,5,2,0,3,2,14,12.8
Candace Parker,2022,31,2022-08-11,36.3,CHI,away,LVA,-11.0,1,33.6,6,12,.500,0,5,.000,3,5,.600,0,12,12,6,1,1,4,1,15,13.3
Candace Parker,2022,32,2022-08-14,36.3,CHI,away,PHO,15.0,1,18.5,2,5,.400,0,1,.000,0,0,,1,5,6,3,0,1,1,0,4,5.3
Candace Parker,2023,1,2023-05-20,37.1,LVA,away,SEA,41.0,1,23.1,4,9,0.444,1,2,0.5,3,3,1.0,0,4,4,5,1,3,1,2,12,13.3
Candace Parker,2023,2,2023-05-25,37.1,LVA,away,LAS,9.0,1,22.3,3,7,0.429,2,4,0.5,2,2,1.0,0,8,8,1,0,1,4,1,10,5.7
Candace Parker,2023,3,2023-05-27,37.1,LVA,home,LAS,28.0,1,19.6,2,6,0.333,1,3,0.333,2,2,1.0,1,6,7,2,4,1,1,3,7,10.0
Candace Parker,2023,4,2023-05-28,37.1,LVA,home,MIN,21.0,1,22.8,1,9,0.111,1,5,0.2,0,0,,1,7,8,0,2,1,1,1,3,1.2
Candace Parker,2023,5,2023-06-02,37.1,LVA,away,ATL,5.0,1,22.9,4,10,0.4,1,6,0.167,4,4,1.0,0,3,3,3,1,0,1,2,13,9.8
Candace Parker,2023,6,2023-06-04,37.1,LVA,away,IND,4.0,1,23.7,2,5,0.4,0,2,0.0,3,3,1.0,0,2,2,2,0,1,0,1,7,6.6
Candace Parker,2023,7,2023-06-06,37.1,LVA,away,CON,6.0,1,23.2,2,6,0.333,0,2,0.0,1,2,0.5,0,3,3,4,1,2,2,4,5,3.7
Candace Parker,2023,8,2023-06-08,37.1,LVA,away,CON,-17.0,1,20.8,2,6,0.333,0,2,0.0,2,2,1.0,0,4,4,2,1,0,1,1,6,4.8
Candace Parker,2023,9,2023-06-11,37.1,LVA,home,CHI,13.0,1,23.2,5,6,0.833,0,1,0.0,0,0,,1,5,6,7,5,0,1,2,10,18.1
Candace Parker,2023,10,2023-06-15,37.2,LVA,home,SEA,33.0,1,25.2,3,6,0.5,1,1,1.0,0,0,,1,3,4,6,3,0,1,3,7,10.6
Candace Parker,2023,11,2023-06-18,37.2,LVA,home,MIN,31.0,1,23.9,4,9,0.444,1,3,0.333,2,3,0.667,2,4,6,5,2,0,0,2,11,13.2
Candace Parker,2023,12,2023-06-21,37.2,LVA,away,PHO,20.0,1,23.3,4,6,0.667,0,2,0.0,0,0,,4,2,6,6,1,1,1,2,8,12.9
Candace Parker,2023,13,2023-06-24,37.2,LVA,home,IND,13.0,1,24.9,6,7,0.857,2,2,1.0,1,1,1.0,1,4,5,3,0,1,5,2,15,11.4
Candace Parker,2023,14,2023-06-26,37.2,LVA,home,IND,8.0,1,25.0,0,4,0.0,0,1,0.0,1,2,0.5,3,9,12,3,0,2,3,3,1,1.9
Candace Parker,2023,15,2023-06-29,37.2,LVA,home,NYL,17.0,1,24.1,6,12,0.5,3,4,0.75,0,0,,0,6,6,5,2,1,1,2,15,15.2
Candace Parker,2023,16,2023-07-01,37.2,LVA,home,CON,18.0,1,26.6,7,10,0.7,1,3,0.333,0,0,,2,1,3,8,3,1,2,1,15,19.4
Candace Parker,2023,17,2023-07-05,37.2,LVA,home,DAL,7.0,1,26.0,2,4,0.5,1,2,0.5,2,2,1.0,0,4,4,4,1,0,3,2,7,6.2
Candace Parker,2023,18,2023-07-07,37.2,LVA,away,DAL,-2.0,1,25.1,3,7,0.429,2,6,0.333,2,2,1.0,0,6,6,1,0,1,3,1,10,6.1
Dorka Juhász,2023,1,2023-05-19,23.4,MIN,home,CHI,-11.0,0,14.8,2,3,.667,0,0,,1,1,1.000,1,2,3,0,0,1,1,0,5,4.7
Dorka Juhász,2023,2,2023-05-23,23.4,MIN,home,ATL,-6.0,0,13.2,0,2,.000,0,2,.000,0,0,,1,3,4,2,3,0,0,0,0,4.6
Dorka Juhász,2023,3,2023-05-25,23.4,MIN,away,PHO,-9.0,0,6.9,0,3,.000,0,1,.000,0,0,,0,0,0,1,0,0,0,1,0,-1.8
Dorka Juhász,2023,4,2023-05-28,23.4,MIN,away,LVA,-21.0,0,1.2,0,0,,0,0,,0,0,,0,0,0,0,0,0,0,0,0,0.0
Dorka Juhász,2023,5,2023-05-30,23.4,MIN,away,DAL,-5.0,0,8.9,0,1,.000,0,0,,0,0,,2,1,3,2,0,1,2,2,0,0.3
Dorka Juhász,2023,6,2023-06-01,23.5,MIN,home,CON,-5.0,1,37.0,2,4,.500,1,1,1.000,2,4,.500,2,7,9,1,0,2,1,3,7,7.6
Dorka Juhász,2023,7,2023-06-03,23.5,MIN,away,WAS,2.0,1,33.8,2,6,.333,1,3,.333,2,2,1.000,3,5,8,3,0,0,2,2,7,6.5
Dorka Juhász,2023,8,2023-06-09,23.5,MIN,home,IND,-2.0,1,24.7,2,4,.500,0,2,.000,2,2,1.000,0,2,2,0,2,2,0,3,6,6.8
Dorka Juhász,2023,9,2023-06-11,23.5,MIN,home,LAS,5.0,1,22.0,1,5,.200,1,2,.500,0,0,,1,3,4,2,0,1,2,1,3,1.2
Dorka Juhász,2023,10,2023-06-16,23.5,MIN,away,LAS,5.0,1,28.9,3,4,.750,1,1,1.000,2,6,.333,1,3,4,3,2,1,2,2,9,9.4
Dorka Juhász,2023,11,2023-06-18,23.5,MIN,away,LVA,-31.0,1,28.8,2,6,.333,0,3,.000,0,0,,3,6,9,3,1,1,3,1,4,4.9
Dorka Juhász,2023,12,2023-06-20,23.5,MIN,away,LAS,6.0,1,7.8,0,0,,0,0,,0,0,,0,0,0,0,1,0,0,0,0,1.0
Dorka Juhász,2023,13,2023-06-22,23.5,MIN,home,CON,-21.0,1,25.9,4,7,.571,0,1,.000,0,0,,2,4,6,2,0,1,1,5,8,6.4
Dorka Juhász,2023,14,2023-06-27,23.5,MIN,home,SEA,11.0,1,28.9,5,7,.714,0,0,,0,0,,0,12,12,3,1,0,2,1,10,11.4
Dorka Juhász,2023,15,2023-06-29,23.5,MIN,away,SEA,2.0,1,31.1,4,5,.800,0,0,,3,4,.750,1,7,8,3,1,2,1,3,11,13.8
Dorka Juhász,2023,16,2023-07-01,23.5,MIN,away,PHO,10.0,1,30.3,2,3,.667,0,1,.000,2,4,.500,2,4,6,2,3,1,1,3,6,9.4
Dorka Juhász,2023,17,2023-07-05,23.5,MIN,home,IND,7.0,1,28.4,3,6,.500,0,1,.000,0,1,.000,1,2,3,3,1,0,2,3,6,3.8
Dorka Juhász,2023,18,2023-07-07,23.6,MIN,home,PHO,11.0,1,31.6,1,6,.167,1,2,.500,2,2,1.000,2,8,10,4,2,1,4,3,5,5.3
Dorka Juhász,2023,19,2023-07-09,23.6,MIN,home,LVA,-24.0,1,23.8,2,6,.333,0,0,,0,1,.000,0,3,3,4,0,0,2,2,4,1.1
Dorka Juhász,2023,20,2023-07-12,23.6,MIN,home,DAL,-40.0,1,25.2,2,5,.400,1,2,.500,0,1,.000,1,0,1,2,1,1,2,3,5,2.5
Dorka Juhász,2023,21,2023-07-18,23.6,MIN,away,ATL,-9.0,1,25.8,1,4,.250,1,2,.500,3,4,.750,1,11,12,1,0,1,2,2,6,5.8
Dorka Juhász,2023,22,2023-07-20,23.6,MIN,home,LAS,3.0,1,33.1,7,10,.700,2,3,.667,0,2,.000,4,6,10,3,2,1,1,1,16,19.0
Dorka Juhász,2023,23,2023-07-22,23.6,MIN,home,LVA,-17.0,1,26.1,4,8,.500,0,2,.000,0,0,,2,6,8,3,2,0,1,2,8,9.5
Dorka Juhász,2023,24,2023-07-26,23.6,MIN,home,WAS,5.0,1,25.1,3,7,.429,0,0,,1,2,.500,5,4,9,2,0,0,0,1,7,8.6
Dorka Juhász,2023,25,2023-07-28,23.6,MIN,away,NYL,5.0,1,29.6,6,10,.600,0,1,.000,1,2,.500,6,4,10,1,1,0,1,3,13,12.9
Dorka Juhász,2023,26,2023-07-30,23.6,MIN,away,CON,4.0,1,24.4,5,10,.500,1,3,.333,0,1,.000,2,4,6,2,1,1,3,3,11,7.1
Dorka Juhász,2023,27,2023-08-01,23.6,MIN,away,CON,-10.0,1,27.5,2,6,.333,0,1,.000,0,0,,0,11,11,3,0,0,1,3,4,3.8
Dorka Juhász,2023,28,2023-08-10,23.6,MIN,away,IND,-18.0,0,13.3,0,2,.000,0,0,,0,0,,1,3,4,1,0,0,0,0,0,0.9
Dorka Juhász,2023,29,2023-08-18,23.7,MIN,away,SEA,8.0,0,29.4,3,6,.500,0,2,.000,1,1,1.000,4,8,12,4,1,0,0,1,7,12.6
Dorka Juhász,2023,30,2023-08-20,23.7,MIN,home,SEA,-14.0,0,15.4,0,2,.000,0,1,.000,2,2,1.000,2,4,6,3,0,0,1,1,2,3.9
Dorka Juhász,2023,31,2023-08-22,23.7,MIN,home,DAL,5.0,0,14.0,1,2,.500,0,0,,0,0,,3,2,5,7,3,0,2,0,2,9.6
Dorka Juhász,2023,32,2023-08-24,23.7,MIN,away,DAL,9.0,0,21.9,4,9,.444,1,3,.333,0,0,,1,2,3,3,1,1,1,2,9,7.6
Dorka Juhász,2023,33,2023-08-26,23.7,MIN,home,NYL,-35.0,0,24.2,3,3,1.000,1,1,1.000,0,0,,1,1,2,1,0,0,1,2,7,6.0
Dorka Juhász,2023,34,2023-08-29,23.7,MIN,away,WAS,-11.0,1,22.4,4,5,.800,0,1,.000,0,0,,2,4,6,4,1,0,0,2,8,11.7
Dorka Juhász,2023,35,2023-09-01,23.7,MIN,home,ATL,6.0,1,35.7,6,14,.429,0,1,.000,0,0,,5,11,16,6,1,1,0,3,12,16.1
Dorka Juhász,2023,36,2023-09-03,23.7,MIN,home,PHO,13.0,1,34.1,4,8,.500,1,2,.500,1,5,.200,0,11,11,8,1,2,1,2,10,13.9
Dorka Juhász,2023,37,2023-09-08,23.7,MIN,away,CHI,-5.0,1,29.2,3,6,.500,0,2,.000,2,2,1.000,1,9,10,5,2,1,2,2,8,11.8
Dorka Juhász,2023,38,2023-09-10,23.7,MIN,away,IND,-15.0,1,35.0,1,4,.250,0,1,.000,0,1,.000,1,9,10,2,2,0,2,2,2,3.2
Ezi Magbegor,2020,1,2020-07-25,21.0,SEA,home,NYL,16.0,0,11.8,3,4,.750,0,0,,1,1,1.000,2,1,3,0,0,0,0,0,7,7.1
Ezi Magbegor,2020,2,2020-07-28,21.0,SEA,home,MIN,24.0,0,12.3,3,4,.750,0,0,,0,0,,0,0,0,0,1,2,1,3,6,4.6
Ezi Magbegor,2020,3,2020-07-30,21.0,SEA,home,WAS,-18.0,0,12.3,3,3,1.000,0,0,,0,0,,1,2,3,1,0,1,0,1,6,7.4
Ezi Magbegor,2020,4,2020-08-01,21.0,SEA,home,LAS,6.0,0,17.8,5,8,.625,0,0,,2,2,1.000,2,3,5,0,0,0,1,3,12,8.5
Ezi Magbegor,2020,5,2020-08-04,21.0,SEA,home,CON,13.0,0,13.4,2,4,.500,0,0,,1,3,.333,2,0,2,0,1,0,0,1,5,4.2
Ezi Magbegor,2020,6,2020-08-06,21.0,SEA,home,ATL,1.0,0,9.3,2,3,.667,1,1,1.000,0,0,,0,1,1,0,0,0,0,1,5,3.6
Ezi Magbegor,2020,7,2020-08-08,21.0,SEA,home,PHO,6.0,0,9.4,0,0,,0,0,,0,0,,0,2,2,0,0,2,0,1,0,1.6
Ezi Magbegor,2020,8,2020-08-10,21.0,SEA,home,CHI,18.0,0,15.8,6,8,.750,0,0,,1,4,.250,2,1,3,0,1,1,0,3,13,10.8
Ezi Magbegor,2020,9,2020-08-12,21.0,SEA,home,ATL,37.0,0,15.1,4,8,.500,0,0,,0,0,,1,0,1,3,0,2,1,0,8,7.2
Ezi Magbegor,2020,10,2020-08-14,21.0,SEA,home,DAL,18.0,0,20.2,3,11,.273,0,1,.000,2,4,.500,4,2,6,0,0,2,1,2,8,3.7
Ezi Magbegor,2020,11,2020-08-16,21.0,SEA,home,CON,23.0,0,12.1,3,7,.429,0,0,,2,2,1.000,1,2,3,0,0,0,0,3,8,4.4
Ezi Magbegor,2020,12,2020-08-18,21.0,SEA,home,NYL,41.0,0,15.0,4,6,.667,0,0,,0,1,.000,3,2,5,0,2,1,1,1,8,9.0
Ezi Magbegor,2020,13,2020-08-20,21.0,SEA,home,IND,-6.0,0,14.4,0,2,.000,0,0,,2,2,1.000,1,1,2,1,0,2,0,1,2,3.3
Ezi Magbegor,2020,14,2020-08-22,21.0,SEA,home,LVA,-8.0,0,7.8,1,1,1.000,0,0,,0,0,,0,0,0,1,0,0,1,4,2,-0.2
Ezi Magbegor,2020,15,2020-08-25,21.0,SEA,home,IND,13.0,0,9.8,2,5,.400,0,0,,0,0,,0,1,1,0,2,1,0,1,4,3.9
Ezi Magbegor,2020,16,2020-08-29,21.0,SEA,home,CHI,14.0,0,14.1,4,8,.500,0,1,.000,3,3,1.000,0,1,1,0,2,0,0,2,11,8.5
Ezi Magbegor,2020,17,2020-09-02,21.1,SEA,home,WAS,7.0,0,12.5,2,3,.667,0,0,,0,0,,1,0,1,0,0,0,0,2,4,2.6
Ezi Magbegor,2020,18,2020-09-04,21.1,SEA,home,LAS,1.0,0,13.2,2,3,.667,0,0,,1,1,1.000,0,2,2,0,0,1,1,1,5,3.6
Ezi Magbegor,2020,19,2020-09-06,21.1,SEA,home,MIN,15.0,0,11.2,4,5,.800,0,0,,4,4,1.000,2,0,2,0,1,0,1,3,12,10.3
Ezi Magbegor,2020,20,2020-09-09,21.1,SEA,home,DAL,12.0,0,7.7,1,2,.500,0,0,,0,0,,1,2,3,0,0,0,0,1,2,1.9
Ezi Magbegor,2020,21,2020-09-11,21.1,SEA,home,PHO,23.0,0,19.7,5,8,.625,0,0,,0,0,,2,5,7,1,2,0,1,4,10,9.4
Ezi Magbegor,2020,22,2020-09-13,21.1,SEA,home,LVA,-2.0,0,16.3,3,6,.500,0,0,,0,0,,0,1,1,0,0,1,0,5,6,2.0
Ezi Magbegor,2021,1,2021-05-15,21.8,SEA,home,LVA,14.0,0,14.2,3,4,.750,1,1,1.000,0,0,,1,3,4,0,1,2,0,4,7,7.8
Ezi Magbegor,2021,2,2021-05-18,21.8,SEA,home,LVA,-16.0,1,26.1,6,14,.429,1,2,.500,1,2,.500,7,6,13,2,1,1,1,2,14,14.2
Ezi Magbegor,2021,3,2021-05-20,21.8,SEA,away,MIN,12.0,1,12.5,1,3,.333,0,1,.000,0,0,,0,2,2,0,0,1,1,3,2,-0.6
Ezi Magbegor,2021,4,2021-05-22,21.8,SEA,away,DAL,3.0,0,5.5,0,0,,0,0,,0,0,,0,0,0,1,0,0,0,1,0,0.3
Ezi Magbegor,2021,5,2021-05-25,21.8,SEA,home,CON,3.0,0,7.0,1,1,1.000,0,0,,0,0,,0,0,0,0,0,0,2,2,2,-1.1
Ezi Magbegor,2021,6,2021-05-28,21.8,SEA,home,MIN,10.0,0,14.4,1,5,.200,0,0,,0,0,,2,1,3,1,2,1,2,2,2,1.2
Ezi Magbegor,2021,7,2021-06-01,21.8,SEA,home,IND,15.0,0,13.6,0,5,.000,0,0,,0,0,,2,6,8,1,0,0,1,1,0,-1.0
Ezi Magbegor,2021,8,2021-06-04,21.8,SEA,home,DAL,3.0,0,8.8,4,4,1.000,0,0,,1,1,1.000,0,2,2,0,0,0,0,1,9,8.0
Ezi Magbegor,2021,9,2021-06-06,21.8,SEA,home,DAL,-1.0,0,10.0,1,2,.500,0,0,,0,2,.000,2,1,3,0,0,0,0,2,2,1.1
Ezi Magbegor,2021,10,2021-06-09,21.8,SEA,away,ATL,24.0,0,9.7,1,2,.500,0,0,,2,2,1.000,0,2,2,1,0,3,0,2,4,5.6
Ezi Magbegor,2021,11,2021-06-11,21.8,SEA,away,ATL,11.0,0,8.8,0,0,,0,0,,0,0,,0,4,4,0,0,0,3,1,0,-2.2
Ezi Magbegor,2021,12,2021-06-13,21.8,SEA,away,CON,23.0,0,7.9,1,1,1.000,0,0,,0,0,,0,1,1,0,0,3,0,1,2,3.7
Ezi Magbegor,2021,13,2021-06-15,21.8,SEA,away,IND,17.0,0,9.2,2,3,.667,0,0,,0,0,,0,2,2,0,2,0,0,3,4,4.1
Ezi Magbegor,2021,14,2021-06-17,21.8,SEA,away,IND,10.0,0,15.1,1,4,.250,1,1,1.000,1,2,.500,3,2,5,1,1,0,0,1,4,5.2
Ezi Magbegor,2021,15,2021-06-22,21.9,SEA,home,WAS,-4.0,0,7.3,2,3,.667,0,0,,0,0,,1,0,1,0,0,1,0,2,4,3.3
Ezi Magbegor,2021,16,2021-06-27,21.9,SEA,away,LVA,-3.0,0,10.3,0,1,.000,0,0,,0,0,,2,3,5,1,1,0,0,3,0,2.1
Ezi Magbegor,2021,17,2021-07-02,21.9,SEA,home,ATL,3.0,0,14.6,3,7,.429,1,1,1.000,5,6,.833,1,1,2,2,1,1,0,0,12,12.0
Ezi Magbegor,2021,18,2021-07-04,21.9,SEA,away,LAS,10.0,0,23.3,7,11,.636,0,0,,6,6,1.000,3,6,9,0,0,1,3,5,20,14.7
Ezi Magbegor,2021,19,2021-07-07,21.9,SEA,home,LAS,9.0,0,20.5,2,6,.333,0,0,,3,3,1.000,3,3,6,0,0,2,2,1,7,5.6
Ezi Magbegor,2021,20,2021-08-15,22.0,SEA,away,CHI,-2.0,0,30.9,9,19,.474,0,1,.000,3,3,1.000,5,4,9,2,0,3,0,2,21,18.7
Ezi Magbegor,2021,21,2021-08-18,22.0,SEA,away,NYL,-4.0,0,17.2,2,5,.400,0,0,,0,0,,0,1,1,1,2,0,2,2,4,1.5
Ezi Magbegor,2021,22,2021-08-20,22.0,SEA,away,NYL,16.0,0,15.1,4,7,.571,0,0,,2,2,1.000,3,0,3,2,0,2,0,3,10,10.4
Ezi Magbegor,2021,23,2021-08-22,22.0,SEA,away,WAS,7.0,0,15.7,7,8,.875,0,0,,0,0,,0,0,0,1,1,3,0,3,14,13.8
Ezi Magbegor,2021,24,2021-08-24,22.0,SEA,away,MIN,-6.0,0,15.3,4,6,.667,0,0,,0,0,,5,3,8,0,0,0,2,3,8,6.6
Ezi Magbegor,2021,25,2021-08-27,22.0,SEA,home,CHI,-4.0,0,18.8,4,8,.500,0,0,,0,0,,1,1,2,0,1,2,1,3,8,5.2
Ezi Magbegor,2021,26,2021-08-29,22.0,SEA,home,CHI,-32.0,0,15.4,0,1,.000,0,0,,2,2,1.000,0,2,2,2,1,0,1,2,2,2.5
Ezi Magbegor,2021,27,2021-09-02,22.1,SEA,home,NYL,10.0,0,6.8,0,1,.000,0,0,,2,2,1.000,0,1,1,1,0,0,0,0,2,2.3
Ezi Magbegor,2021,28,2021-09-07,22.1,SEA,home,WAS,34.0,0,24.1,7,11,.636,0,1,.000,1,1,1.000,2,4,6,0,1,1,2,3,15,11.2
Ezi Magbegor,2021,29,2021-09-12,22.1,SEA,away,LAS,-28.0,0,24.0,2,8,.250,0,0,,2,2,1.000,1,5,6,1,1,1,2,4,6,2.2
Ezi Magbegor,2021,30,2021-09-17,22.1,SEA,home,PHO,9.0,1,34.2,6,10,.600,1,1,1.000,2,3,.667,2,4,6,4,2,1,1,3,15,15.9
Ezi Magbegor,2022,1,2022-05-06,22.7,SEA,home,MIN,23.0,1,22.9,3,7,.429,0,1,.000,2,2,1.000,1,4,5,2,2,0,1,2,8,7.8
Ezi Magbegor,2022,2,2022-05-08,22.7,SEA,away,LVA,-11.0,1,24.7,4,12,.333,0,2,.000,0,0,,3,2,5,1,1,4,1,3,8,6.2
Ezi Magbegor,2022,3,2022-05-11,22.7,SEA,away,PHO,-20.0,1,27.9,5,12,.417,0,1,.000,1,3,.333,3,2,5,0,2,1,0,4,11,7.6
Ezi Magbegor,2022,4,2022-05-14,22.8,SEA,home,PHO,-5.0,1,33.6,4,10,.400,0,1,.000,0,0,,2,8,10,0,2,7,1,1,8,11.9
Ezi Magbegor,2022,5,2022-05-18,22.8,SEA,home,CHI,3.0,1,30.9,9,13,.692,0,1,.000,3,4,.750,1,5,6,4,0,2,1,1,21,20.1
Ezi Magbegor,2022,6,2022-05-20,22.8,SEA,home,LAS,3.0,1,33.1,3,10,.300,0,2,.000,3,4,.750,6,5,11,2,2,3,1,3,9,11.8
Ezi Magbegor,2022,7,2022-06-05,22.8,SEA,home,CON,-7.0,1,29.1,8,13,.615,1,1,1.000,2,4,.500,2,5,7,3,2,3,0,6,19,19.0
Ezi Magbegor,2022,8,2022-06-07,22.8,SEA,home,ATL,12.0,1,30.1,5,6,.833,2,2,1.000,0,0,,1,6,7,2,0,5,3,1,12,13.8
Ezi Magbegor,2022,9,2022-06-10,22.8,SEA,away,DAL,1.0,1,29.2,6,9,.667,0,0,,1,4,.250,2,4,6,0,0,2,4,6,13,5.5
Ezi Magbegor,2022,10,2022-06-12,22.8,SEA,away,DAL,5.0,1,32.9,4,7,.571,2,3,.667,3,3,1.000,0,2,2,2,1,5,1,5,13,13.2
Ezi Magbegor,2022,11,2022-06-14,22.8,SEA,away,MIN,2.0,1,28.5,4,7,.571,1,1,1.000,0,0,,3,3,6,1,1,1,1,5,9,8.1
Ezi Magbegor,2022,12,2022-06-17,22.8,SEA,away,CON,-11.0,1,30.3,5,8,.625,0,1,.000,2,4,.500,0,3,3,2,1,0,1,4,12,8.3
Ezi Magbegor,2022,13,2022-06-19,22.8,SEA,away,NYL,9.0,1,34.6,5,11,.455,0,1,.000,0,0,,0,5,5,2,1,2,0,1,10,9.2
Ezi Magbegor,2022,14,2022-06-23,22.9,SEA,home,WAS,14.0,1,36.1,9,16,.563,0,1,.000,2,2,1.000,1,4,5,1,1,2,0,2,20,16.6
Ezi Magbegor,2022,15,2022-06-25,22.9,SEA,home,LAS,-8.0,1,30.1,6,7,.857,1,1,1.000,3,4,.750,3,1,4,1,3,3,3,5,16,16.3
Ezi Magbegor,2022,16,2022-06-29,22.9,SEA,home,LVA,10.0,1,24.7,2,4,.500,0,1,.000,0,0,,0,8,8,1,1,2,2,2,4,4.7
Ezi Magbegor,2022,17,2022-07-01,22.9,SEA,home,IND,16.0,1,23.1,5,7,.714,0,0,,1,1,1.000,1,6,7,2,0,2,2,4,11,9.8
Ezi Magbegor,2022,18,2022-07-03,22.9,SEA,away,ATL,-14.0,1,24.6,3,6,.500,1,2,.500,0,0,,0,7,7,0,0,4,3,2,7,5.1
Ezi Magbegor,2022,19,2022-07-05,22.9,SEA,away,IND,22.0,1,22.4,5,8,.625,0,0,,2,2,1.000,2,9,11,3,0,1,3,5,12,10.3
Ezi Magbegor,2022,20,2022-07-07,22.9,SEA,away,LAS,37.0,1,24.8,4,4,1.000,1,1,1.000,1,1,1.000,4,7,11,3,1,1,3,3,10,13.3
Ezi Magbegor,2022,21,2022-07-12,22.9,SEA,home,DAL,9.0,1,26.1,3,5,.600,0,1,.000,7,7,1.000,2,6,8,1,2,2,1,4,13,15.4
Ezi Magbegor,2022,22,2022-07-17,22.9,SEA,home,IND,16.0,1,24.2,5,8,.625,0,0,,0,0,,3,3,6,2,3,1,2,3,10,11.3
Ezi Magbegor,2022,23,2022-07-20,22.9,SEA,away,CHI,-4.0,1,26.7,2,5,.400,0,0,,0,0,,1,3,4,3,1,0,1,2,4,4.2
Ezi Magbegor,2022,24,2022-07-22,22.9,SEA,away,PHO,-16.0,0,16.1,1,6,.167,0,0,,2,2,1.000,1,2,3,2,0,0,0,3,4,1.7
Ezi Magbegor,2022,25,2022-07-24,22.9,SEA,home,ATL,10.0,0,19.1,2,3,.667,0,1,.000,0,0,,0,2,2,0,0,1,2,1,4,1.6
Ezi Magbegor,2022,26,2022-07-28,23.0,SEA,away,CON,-5.0,0,13.6,2,7,.286,0,1,.000,2,2,1.000,2,2,4,0,0,1,1,3,6,2.4
Ezi Magbegor,2022,27,2022-07-30,23.0,SEA,away,WAS,5.0,0,20.9,4,6,.667,0,1,.000,0,1,.000,2,4,6,1,1,1,1,3,8,7.8
Ezi Magbegor,2022,28,2022-07-31,23.0,SEA,away,WAS,-3.0,0,16.6,2,3,.667,0,0,,2,2,1.000,0,1,1,0,0,0,3,3,6,0.8
Ezi Magbegor,2022,29,2022-08-03,23.0,SEA,home,MIN,12.0,0,16.3,2,5,.400,0,0,,0,1,.000,1,3,4,1,1,0,1,2,4,2.4
Ezi Magbegor,2022,30,2022-08-07,23.0,SEA,home,LVA,-8.0,0,16.6,3,3,1.000,0,0,,0,0,,3,1,4,0,0,0,1,3,6,5.3
Ezi Magbegor,2022,31,2022-08-09,23.0,SEA,away,CHI,11.0,0,16.2,6,7,.857,1,1,1.000,0,0,,2,1,3,1,0,0,0,1,13,12.5
Ezi Magbegor,2022,32,2022-08-12,23.0,SEA,away,MIN,27.0,0,14.8,2,4,.500,0,0,,0,0,,0,2,2,1,0,2,1,2,4,2.9
Ezi Magbegor,2022,33,2022-08-14,23.0,SEA,away,LVA,-9.0,0,15.7,0,3,.000,0,1,.000,0,0,,1,5,6,1,0,0,1,0,0,-0.2
Ezi Magbegor,2023,1,2023-05-20,23.8,SEA,home,LVA,-41.0,1,28.9,3,9,.333,0,2,.000,1,2,.500,0,5,5,0,4,0,3,4,7,2.4
Ezi Magbegor,2023,2,2023-05-26,23.8,SEA,home,DAL,-4.0,1,34.6,6,9,.667,0,1,.000,3,3,1.000,3,9,12,1,1,2,3,3,15,14.8
Ezi Magbegor,2023,3,2023-05-30,23.8,SEA,home,NYL,-8.0,1,37.7,5,16,.313,0,1,.000,2,3,.667,5,9,14,2,2,3,1,3,12,11.9
Ezi Magbegor,2023,4,2023-06-03,23.8,SEA,away,LAS,-7.0,1,32.8,4,8,.500,2,2,1.000,4,4,1.000,2,7,9,0,0,3,4,5,14,9.6
Ezi Magbegor,2023,5,2023-06-06,23.8,SEA,home,LAS,3.0,1,32.0,4,9,.444,1,2,.500,4,6,.667,2,8,10,3,2,3,1,4,13,14.9
Ezi Magbegor,2023,6,2023-06-09,23.8,SEA,home,WAS,-7.0,1,36.9,10,16,.625,0,3,.000,4,4,1.000,0,5,5,3,0,3,4,3,24,17.3
Ezi Magbegor,2023,7,2023-06-11,23.8,SEA,home,WAS,-6.0,1,37.9,6,12,.500,1,4,.250,0,4,.000,1,6,7,4,3,4,4,1,13,12.1
Ezi Magbegor,2023,8,2023-06-13,23.8,SEA,away,PHO,14.0,1,34.0,4,10,.400,0,2,.000,1,2,.500,0,7,7,2,2,3,1,2,9,9.0
Ezi Magbegor,2023,9,2023-06-15,23.8,SEA,away,LVA,-33.0,1,33.8,9,17,.529,0,2,.000,5,8,.625,1,10,11,2,0,1,0,4,23,17.7
Ezi Magbegor,2023,10,2023-06-17,23.8,SEA,away,DAL,6.0,1,26.3,5,9,.556,4,4,1.000,1,1,1.000,1,4,5,2,1,4,2,4,15,14.2
Ezi Magbegor,2023,11,2023-06-20,23.9,SEA,home,CON,-6.0,1,32.7,4,7,.571,0,1,.000,5,6,.833,3,8,11,1,2,1,1,3,13,15.0
Ezi Magbegor,2023,12,2023-06-22,23.9,SEA,home,IND,-12.0,1,38.1,7,14,.500,2,4,.500,2,3,.667,0,6,6,1,1,0,3,3,18,9.9
Ezi Magbegor,2023,13,2023-06-24,23.9,SEA,home,PHO,23.0,1,26.7,6,7,.857,1,1,1.000,2,2,1.000,1,4,5,3,1,0,2,0,15,15.5
Ezi Magbegor,2023,14,2023-06-27,23.9,SEA,away,MIN,-11.0,1,37.1,9,14,.643,0,2,.000,2,2,1.000,1,5,6,1,1,2,1,5,20,16.1
Ezi Magbegor,2023,15,2023-06-29,23.9,SEA,home,MIN,-2.0,1,41.5,5,14,.357,2,3,.667,4,4,1.000,7,9,16,4,1,1,3,5,16,15.3
Ezi Magbegor,2023,16,2023-07-02,23.9,SEA,home,NYL,-15.0,1,35.0,5,12,.417,0,2,.000,2,4,.500,2,7,9,4,0,1,5,1,12,6.4
Ezi Magbegor,2023,17,2023-07-06,23.9,SEA,away,CON,-20.0,1,20.3,4,9,.444,0,1,.000,0,0,,0,5,5,1,0,2,2,3,8,3.7
Ezi Magbegor,2023,18,2023-07-08,23.9,SEA,away,NYL,-4.0,1,27.6,5,11,.455,0,1,.000,0,0,,3,5,8,6,2,2,1,4,10,12.9
Ezi Magbegor,2023,19,2023-07-11,23.9,SEA,away,WAS,-7.0,1,32.9,5,9,.556,0,1,.000,2,4,.500,0,9,9,2,0,0,3,3,12,6.8
Ezi Magbegor,2023,20,2023-07-12,23.9,SEA,away,ATL,-10.0,1,25.6,0,8,.000,0,0,,0,0,,1,7,8,4,1,2,3,0,0,-0.6
Ezi Magbegor,2023,21,2023-07-20,23.9,SEA,home,LVA,-16.0,1,28.5,5,9,.556,1,2,.500,1,4,.250,0,7,7,0,2,3,3,3,12,8.5
Ezi Magbegor,2023,22,2023-07-22,23.9,SEA,home,CHI,-15.0,1,28.7,6,10,.600,0,2,.000,2,2,1.000,0,3,3,2,0,0,1,4,14,9.1
Ezi Magbegor,2023,23,2023-07-25,23.9,SEA,away,NYL,-4.0,1,38.8,9,15,.600,1,3,.333,3,5,.600,3,9,12,5,3,3,3,2,22,23.9
Ezi Magbegor,2023,24,2023-07-28,24.0,SEA,away,CHI,9.0,1,31.9,7,16,.438,1,3,.333,2,3,.667,3,6,9,5,2,2,3,3,17,14.8
Ezi Magbegor,2023,25,2023-07-30,24.0,SEA,away,IND,23.0,1,29.5,2,4,.500,0,0,,2,4,.500,0,3,3,1,2,4,1,4,6,7.0
Ezi Magbegor,2023,26,2023-08-02,24.0,SEA,home,DAL,-11.0,1,38.0,6,12,.500,0,2,.000,2,3,.667,1,8,9,1,0,1,4,3,14,6.9
Ezi Magbegor,2023,27,2023-08-05,24.0,SEA,away,PHO,6.0,1,35.4,7,10,.700,0,1,.000,5,5,1.000,3,4,7,4,1,0,3,3,19,17.7
Ezi Magbegor,2023,28,2023-08-08,24.0,SEA,home,CON,-12.0,1,27.8,4,8,.500,1,2,.500,1,1,1.000,2,4,6,4,0,2,2,3,10,9.6
Ezi Magbegor,2023,29,2023-08-10,24.0,SEA,home,ATL,1.0,1,39.1,6,13,.462,2,3,.667,3,4,.750,1,10,11,2,1,2,4,4,17,11.8
Ezi Magbegor,2023,30,2023-08-13,24.0,SEA,home,PHO,10.0,1,36.5,8,13,.615,1,1,1.000,0,0,,0,7,7,0,2,3,3,1,17,13.9
Ezi Magbegor,2023,31,2023-08-18,24.0,SEA,home,MIN,-8.0,1,25.7,5,9,.556,1,2,.500,2,6,.333,3,4,7,2,3,2,5,6,13,8.8
Ezi Magbegor,2023,32,2023-08-20,24.0,SEA,away,MIN,14.0,1,33.3,5,8,.625,0,1,.000,2,2,1.000,1,4,5,4,0,2,1,4,12,11.9
Ezi Magbegor,2023,33,2023-08-22,24.0,SEA,away,CHI,-23.0,1,28.4,5,8,.625,1,1,1.000,2,3,.667,1,3,4,5,0,1,3,1,13,11.4
Ezi Magbegor,2023,34,2023-08-24,24.0,SEA,away,IND,-4.0,1,37.9,7,11,.636,3,4,.750,2,4,.500,4,9,13,0,1,2,1,5,19,18.2
Ezi Magbegor,2023,35,2023-08-27,24.0,SEA,home,CHI,-5.0,1,30.6,7,14,.500,0,2,.000,1,2,.500,2,12,14,1,2,1,2,4,15,12.4
Ezi Magbegor,2023,36,2023-08-31,24.0,SEA,away,LAS,11.0,1,33.4,2,5,.400,0,2,.000,2,2,1.000,2,6,8,2,0,2,0,4,6,7.7
Ezi Magbegor,2023,37,2023-09-02,24.1,SEA,away,LVA,-26.0,1,29.1,5,9,.556,1,2,.500,1,1,1.000,1,3,4,3,0,0,1,3,12,9.2
Ezi Magbegor,2023,38,2023-09-06,24.1,SEA,away,ATL,-11.0,1,32.7,3,7,.429,1,2,.500,5,6,.833,1,7,8,4,1,4,1,3,12,15.1
Ezi Magbegor,2023,39,2023-09-08,24.1,SEA,away,DAL,-15.0,1,34.0,5,11,.455,1,2,.500,4,4,1.000,3,6,9,4,0,1,4,4,15,11.1
Ezi Magbegor,2023,40,2023-09-10,24.1,SEA,home,LAS,-2.0,1,32.4,7,11,.636,2,2,1.000,0,0,,0,8,8,7,1,2,2,5,16,16.8
Nyara Sabally,2023,1,2023-05-27,23.2,NYL,home,CON,16.0,0,13.8,3,6,.500,0,0,,0,0,,2,1,3,0,0,0,1,2,6,2.9
Nyara Sabally,2023,2,2023-05-30,23.3,NYL,away,SEA,8.0,0,7.3,2,4,.500,0,1,.000,3,4,.750,0,0,0,0,0,0,1,2,7,2.8
Nyara Sabally,2023,3,2023-06-02,23.3,NYL,away,CHI,1.0,0,7.0,1,1,1.000,1,1,1.000,0,0,,0,0,0,0,0,0,1,0,3,1.7
Nyara Sabally,2023,4,2023-06-04,23.3,NYL,home,CHI,-4.0,0,11.5,1,3,.333,1,2,.500,2,4,.500,0,3,3,0,0,0,1,1,5,2.0
Nyara Sabally,2023,5,2023-06-09,23.3,NYL,away,ATL,23.0,0,11.8,1,4,.250,0,1,.000,0,0,,3,4,7,0,0,2,0,3,2,3.1
Nyara Sabally,2023,6,2023-06-11,23.3,NYL,home,DAL,9.0,0,8.7,0,1,.000,0,0,,0,0,,0,4,4,0,0,0,1,2,0,-1.3
Nyara Sabally,2023,7,2023-06-13,23.3,NYL,home,ATL,-7.0,0,6.2,0,1,.000,0,0,,0,0,,0,2,2,0,0,0,0,1,0,-0.5
Nyara Sabally,2023,8,2023-06-18,23.3,NYL,home,PHO,18.0,0,8.1,2,2,1.000,0,0,,1,2,.500,0,1,1,0,0,0,0,1,5,3.9
Nyara Sabally,2023,9,2023-06-23,23.3,NYL,away,ATL,30.0,0,14.1,0,2,.000,0,0,,2,2,1.000,0,3,3,0,0,0,1,0,2,0.5
Nyara Sabally,2023,10,2023-06-25,23.3,NYL,home,WAS,1.0,0,13.1,1,3,.333,0,1,.000,2,2,1.000,1,3,4,0,1,0,0,1,4,4.5
Nyara Sabally,2023,11,2023-06-27,23.3,NYL,away,CON,8.0,0,8.4,1,2,.500,0,0,,0,0,,1,0,1,1,0,1,0,3,2,1.9
Nyara Sabally,2023,12,2023-06-29,23.3,NYL,away,LVA,-17.0,0,8.8,3,4,.750,0,0,,0,0,,0,2,2,0,0,0,1,1,6,3.6
Nyara Sabally,2023,13,2023-07-02,23.3,NYL,away,SEA,15.0,0,12.3,1,2,.500,0,0,,1,2,.500,2,3,5,0,0,1,0,0,3,4.6
Nyara Sabally,2023,14,2023-07-05,23.4,NYL,home,PHO,4.0,0,9.2,0,0,,0,0,,2,2,1.000,0,2,2,0,0,0,0,0,2,2.6
Nyara Sabally,2023,15,2023-07-08,23.4,NYL,home,SEA,4.0,0,15.3,2,6,.333,0,0,,4,4,1.000,1,2,3,1,1,0,0,3,8,6.4
Nyara Sabally,2023,16,2023-07-12,23.4,NYL,away,IND,8.0,0,15.7,2,3,.667,0,1,.000,3,4,.750,1,6,7,0,0,2,4,4,7,3.6
Nyara Sabally,2023,17,2023-07-19,23.4,NYL,home,DAL,-10.0,0,9.6,0,0,,0,0,,0,0,,2,2,4,2,0,0,0,6,0,1.0
Nyara Sabally,2023,18,2023-07-21,23.4,NYL,away,WAS,9.0,0,0.2,0,0,,0,0,,0,0,,0,0,0,0,0,0,0,0,0,0.0
Nyara Sabally,2023,19,2023-07-23,23.4,NYL,home,IND,18.0,0,13.6,1,1,1.000,0,0,,2,2,1.000,1,2,3,1,0,0,2,2,4,2.9
Nyara Sabally,2023,20,2023-07-25,23.4,NYL,home,SEA,4.0,0,7.4,0,3,.000,0,1,.000,0,0,,0,2,2,0,0,0,0,0,0,-1.5
Nyara Sabally,2023,21,2023-07-27,23.4,NYL,home,ATL,11.0,0,6.2,1,3,.333,0,0,,0,0,,1,0,1,0,0,0,1,2,2,-0.8
Nyara Sabally,2023,22,2023-07-28,23.4,NYL,home,MIN,-5.0,0,9.6,0,0,,0,0,,0,0,,1,1,2,1,0,0,1,1,0,0.3
Nyara Sabally,2023,23,2023-07-30,23.4,NYL,away,LAS,8.0,0,2.9,0,0,,0,0,,0,0,,0,0,0,0,0,0,0,1,0,-0.4
Nyara Sabally,2023,24,2023-08-01,23.4,NYL,away,LAS,7.0,0,7.6,1,2,.500,0,1,.000,0,0,,1,1,2,0,1,1,0,0,2,3.7
Nyara Sabally,2023,25,2023-08-04,23.4,NYL,away,MIN,10.0,0,5.1,0,1,.000,0,0,,0,0,,1,0,1,0,0,0,0,0,0,0.0
Nyara Sabally,2023,26,2023-08-06,23.4,NYL,home,LVA,38.0,0,4.1,0,0,,0,0,,0,0,,0,1,1,0,0,0,1,0,0,-0.7
Nyara Sabally,2023,27,2023-08-11,23.5,NYL,home,CHI,16.0,0,1.8,0,0,,0,0,,0,0,,0,1,1,0,0,0,0,0,0,0.3
Nyara Sabally,2023,28,2023-08-13,23.5,NYL,away,IND,11.0,0,0.3,0,0,,0,0,,0,0,,0,0,0,0,0,0,0,0,0,0.0
Nyara Sabally,2023,29,2023-08-17,23.5,NYL,away,LVA,-13.0,0,2.4,0,0,,0,0,,1,2,.500,0,0,0,0,0,0,0,1,1,0.2
Nyara Sabally,2023,30,2023-08-18,23.5,NYL,away,PHO,22.0,0,3.3,0,2,.000,0,0,,0,0,,1,0,1,0,1,0,2,0,0,-1.7
Nyara Sabally,2023,31,2023-08-26,23.5,NYL,away,MIN,35.0,0,6.2,1,2,.500,0,0,,0,0,,0,1,1,1,0,0,0,1,2,1.6
Nyara Sabally,2023,32,2023-09-01,23.5,NYL,home,CON,31.0,0,7.1,1,1,1.000,0,0,,1,2,.500,0,4,4,0,0,0,0,0,3,3.5
Nyara Sabally,2023,33,2023-09-03,23.5,NYL,away,CHI,17.0,0,1.6,0,0,,0,0,,0,0,,0,0,0,0,0,0,0,0,0,0.0
Kaila Charles,2020,1,2020-07-26,22.3,CON,home,MIN,-8.0,0,13.4,0,2,.000,0,1,.000,2,2,1.000,1,1,2,0,0,2,2,3,2,-0.2
Kaila Charles,2020,2,2020-07-28,22.3,CON,home,WAS,-5.0,0,0.9,0,0,,0,0,,0,0,,0,1,1,0,0,0,2,0,0,-1.7
Kaila Charles,2020,3,2020-08-01,22.4,CON,home,MIN,-9.0,0,2.1,0,1,.000,0,0,,0,0,,0,0,0,0,1,1,0,1,0,0.6
Kaila Charles,2020,4,2020-08-04,22.4,CON,home,SEA,-13.0,0,4.7,2,3,.667,0,1,.000,0,0,,1,0,1,0,1,0,0,1,4,4.0
Kaila Charles,2020,5,2020-08-06,22.4,CON,home,DAL,23.0,0,10.3,2,2,1.000,1,1,1.000,0,0,,1,0,1,0,0,0,1,2,5,3.3
Kaila Charles,2020,6,2020-08-08,22.4,CON,home,CHI,-7.0,0,25.5,4,5,.800,1,1,1.000,6,6,1.000,1,1,2,1,1,0,1,5,15,12.8
Kaila Charles,2020,7,2020-08-10,22.4,CON,home,ATL,11.0,1,27.5,2,4,.500,1,1,1.000,2,4,.500,1,3,4,1,2,1,0,1,7,8.8
Kaila Charles,2020,8,2020-08-12,22.4,CON,home,DAL,4.0,1,26.0,2,5,.400,0,1,.000,0,0,,1,2,3,1,2,1,0,5,4,4.0
Kaila Charles,2020,9,2020-08-14,22.4,CON,home,CHI,3.0,1,18.8,1,4,.250,0,1,.000,2,4,.500,0,1,1,0,0,0,0,2,4,0.3
Kaila Charles,2020,10,2020-08-16,22.4,CON,home,SEA,-23.0,1,16.0,0,3,.000,0,1,.000,0,0,,4,0,4,2,2,0,1,1,0,2.7
Kaila Charles,2020,11,2020-08-18,22.4,CON,home,IND,22.0,0,5.7,0,1,.000,0,1,.000,0,0,,0,1,1,1,0,0,0,1,0,-0.1
Kaila Charles,2020,12,2020-08-20,22.4,CON,home,LVA,-21.0,0,13.9,2,3,.667,1,2,.500,0,0,,1,0,1,1,1,0,0,4,5,4.5
Kaila Charles,2020,13,2020-08-22,22.4,CON,home,NYL,17.0,0,10.6,0,3,.000,0,1,.000,0,0,,0,1,1,1,1,0,2,2,0,-2.9
Kaila Charles,2020,14,2020-08-28,22.4,CON,home,LAS,-4.0,0,8.9,3,5,.600,1,1,1.000,0,0,,0,4,4,1,0,0,1,0,7,5.6
Kaila Charles,2020,15,2020-08-30,22.4,CON,home,WAS,13.0,0,33.2,6,10,.600,3,5,.600,1,2,.500,0,3,3,0,0,0,0,4,16,10.3
Kaila Charles,2020,16,2020-09-01,22.4,CON,home,NYL,5.0,1,26.2,3,6,.500,1,2,.500,0,0,,1,5,6,2,0,0,2,5,7,3.6
Kaila Charles,2020,17,2020-09-03,22.4,CON,home,LVA,-15.0,1,25.3,3,9,.333,0,3,.000,3,4,.750,2,0,2,0,0,0,1,2,9,3.1
Kaila Charles,2020,18,2020-09-05,22.5,CON,home,IND,19.0,0,15.1,2,4,.500,0,0,,2,3,.667,1,1,2,2,0,2,0,1,6,7.0
Kaila Charles,2020,19,2020-09-07,22.5,CON,home,PHO,15.0,0,25.4,2,7,.286,1,2,.500,1,2,.500,3,2,5,3,2,0,2,1,6,5.9
Kaila Charles,2020,20,2020-09-09,22.5,CON,home,PHO,-5.0,1,34.4,1,7,.143,1,3,.333,0,0,,4,1,5,1,1,0,1,1,3,1.9
Kaila Charles,2020,21,2020-09-11,22.5,CON,home,ATL,-7.0,0,31.3,5,13,.385,0,2,.000,3,4,.750,1,4,5,2,2,0,3,3,13,6.6
Kaila Charles,2021,1,2021-05-14,23.1,CON,away,ATL,11.0,0,14.5,0,3,.000,0,0,,0,0,,2,3,5,3,1,0,1,2,0,1.5
Kaila Charles,2021,2,2021-05-16,23.1,CON,home,PHO,8.0,0,4.9,0,1,.000,0,1,.000,0,0,,0,1,1,0,0,0,0,2,0,-1.2
Kaila Charles,2021,3,2021-05-19,23.2,CON,home,IND,21.0,0,18.5,1,4,.250,1,2,.500,0,0,,1,3,4,2,0,2,2,2,3,2.2
Kaila Charles,2021,4,2021-05-21,23.2,CON,away,PHO,17.0,0,19.7,2,7,.286,1,2,.500,0,0,,3,2,5,0,0,0,1,1,5,2.2
Kaila Charles,2021,5,2021-05-23,23.2,CON,away,LVA,7.0,0,13.4,0,2,.000,0,2,.000,0,0,,0,4,4,1,0,1,1,2,0,-0.6
Kaila Charles,2021,6,2021-05-25,23.2,CON,away,SEA,-3.0,0,10.8,0,3,.000,0,2,.000,0,0,,0,2,2,0,0,0,1,2,0,-3.3
Kaila Charles,2021,7,2021-06-01,23.2,CON,home,LVA,7.0,0,2.9,0,0,,0,0,,0,0,,0,0,0,0,0,0,0,0,0,0.0
Kaila Charles,2021,8,2021-06-05,23.2,CON,home,NYL,21.0,0,1.9,0,0,,0,0,,0,0,,0,1,1,0,0,0,0,1,0,-0.1
Kaila Charles,2021,9,2021-06-13,23.2,CON,home,SEA,-23.0,0,16.0,6,9,.667,1,2,.500,1,1,1.000,1,3,4,1,0,0,0,1,14,12.0
Kaila Charles,2021,10,2021-06-17,23.2,CON,away,CHI,-6.0,1,25.3,4,9,.444,1,1,1.000,6,6,1.000,2,5,7,1,1,0,1,6,15,11.5
Kaila Charles,2021,11,2021-06-19,23.2,CON,away,CHI,-10.0,1,29.1,2,5,.400,1,3,.333,5,6,.833,1,3,4,3,1,0,1,3,10,9.4
Kaila Charles,2021,12,2021-06-22,23.2,CON,home,DAL,10.0,1,32.4,5,10,.500,1,2,.500,1,1,1.000,6,6,12,2,3,1,1,3,12,15.9
Kaila Charles,2021,13,2021-06-27,23.3,CON,home,CHI,16.0,1,28.4,0,5,.000,0,1,.000,0,0,,1,0,1,1,1,0,3,5,0,-6.1
Kaila Charles,2021,14,2021-06-29,23.3,CON,away,WAS,19.0,0,18.1,5,11,.455,0,1,.000,0,0,,4,4,8,2,0,0,3,1,10,6.3
Kaila Charles,2021,15,2021-07-01,23.3,CON,away,IND,6.0,0,17.1,2,5,.400,1,2,.500,1,2,.500,1,0,1,1,0,0,1,2,6,2.5
Kaila Charles,2021,16,2021-07-03,23.3,CON,away,IND,-6.0,0,17.4,2,3,.667,0,1,.000,0,0,,0,1,1,4,0,0,0,0,4,5.8
Kaila Charles,2021,17,2021-07-09,23.3,CON,home,ATL,12.0,0,12.9,1,2,.500,0,0,,0,0,,0,0,0,2,0,0,0,1,2,2.0
Kaila Charles,2021,18,2021-07-11,23.3,CON,away,NYL,17.0,0,14.6,0,3,.000,0,1,.000,0,0,,1,2,3,0,0,0,1,2,0,-2.6
Kaila Charles,2021,19,2021-08-15,23.4,CON,away,DAL,21.0,0,15.8,1,4,.250,0,0,,2,2,1.000,1,0,1,2,0,2,0,0,4,5.1
Kaila Charles,2021,20,2021-08-17,23.4,CON,home,MIN,12.0,0,12.4,2,4,.500,0,1,.000,0,0,,0,1,1,1,1,0,1,3,4,1.8
Kaila Charles,2021,21,2021-08-19,23.4,CON,home,MIN,11.0,0,11.7,1,4,.250,0,2,.000,1,1,1.000,0,1,1,0,1,0,2,3,3,-1.3
Kaila Charles,2021,22,2021-08-24,23.4,CON,home,LVA,14.0,0,7.0,2,2,1.000,2,2,1.000,0,0,,0,0,0,0,0,0,0,1,6,5.0
Kaila Charles,2021,23,2021-08-26,23.4,CON,home,LAS,4.0,0,9.4,1,3,.333,0,0,,0,0,,1,2,3,0,0,1,0,1,2,1.9
Kaila Charles,2021,24,2021-08-28,23.4,CON,home,LAS,15.0,0,20.9,5,7,.714,1,1,1.000,1,1,1.000,1,0,1,0,1,1,0,1,12,11.1
Kaila Charles,2021,25,2021-08-31,23.4,CON,away,WAS,10.0,0,20.6,2,6,.333,0,0,,0,0,,1,1,2,2,1,1,0,2,4,3.9
Kaila Charles,2021,26,2021-09-07,23.5,CON,away,DAL,27.0,0,17.7,2,6,.333,0,0,,0,0,,0,2,2,2,2,0,2,1,4,2.2
Kaila Charles,2021,27,2021-09-09,23.5,CON,away,LAS,18.0,0,23.6,1,4,.250,0,0,,0,0,,1,0,1,0,1,1,0,4,2,0.4
Kaila Charles,2021,28,2021-09-11,23.5,CON,away,PHO,9.0,0,9.4,0,1,.000,0,1,.000,2,2,1.000,1,0,1,1,0,0,1,1,2,1.3
Kaila Charles,2021,29,2021-09-15,23.5,CON,home,NYL,29.0,0,15.8,0,3,.000,0,2,.000,1,2,.500,1,1,2,0,0,1,1,2,1,-1.6
Kaila Charles,2021,30,2021-09-19,23.5,CON,home,ATL,20.0,0,25.8,2,7,.286,0,1,.000,0,0,,3,3,6,2,0,0,2,4,4,0.7
Kaila Charles,2022,1,2022-08-12,24.4,ATL,home,NYL,-10.0,0,2.0,0,0,,0,0,,0,0,,0,0,0,0,0,0,0,1,0,-0.4
Kaila Charles,2023,1,2023-05-20,25.2,SEA,home,LVA,-41.0,0,13.8,1,5,0.2,0,1,0.0,0,0,,0,1,1,0,1,0,0,3,2,-1.0
Kaila Charles,2023,2,2023-05-26,25.2,SEA,home,DAL,-4.0,0,18.9,1,6,0.167,0,1,0.0,0,0,,1,0,1,1,0,0,0,2,2,-1.2
Kaila Charles,2023,3,2023-05-30,25.2,SEA,home,NYL,-8.0,0,0.4,0,0,,0,0,,0,0,,0,0,0,0,0,0,0,0,0,0.0
Kaila Charles,2023,4,2023-06-03,25.2,SEA,away,LAS,-7.0,0,8.0,1,1,1.0,0,0,,0,0,,2,1,3,0,0,0,0,4,2,1.8
Anneli Maley,2022,1,2022-05-06,23.7,CHI,home,LAS,-7.0,0,18.9,1,2,0.5,0,0,,0,0,,1,3,4,1,3,0,1,2,2,4.5
Anneli Maley,2022,2,2022-05-11,23.7,CHI,home,NYL,33.0,0,14.1,2,4,0.5,2,3,0.667,0,0,,1,1,2,0,0,1,0,2,6,4.9
Anneli Maley,2022,3,2022-05-14,23.7,CHI,away,MIN,4.0,0,2.4,0,0,,0,0,,0,0,,1,0,1,1,0,0,0,1,0,1.0
Anneli Maley,2022,4,2022-05-18,23.7,CHI,away,SEA,-3.0,0,9.1,0,0,,0,0,,0,0,,0,0,0,1,0,0,0,1,0,0.3
Arella Guirantes,2021,1,2021-05-14,23.6,LAS,home,DAL,-23.0,0,8.2,2,5,.400,0,2,.000,0,0,,0,0,0,0,1,0,0,0,4,2.3
Arella Guirantes,2021,2,2021-05-21,23.6,LAS,away,LVA,-28.0,0,21.3,2,9,.222,0,3,.000,2,2,1.000,1,4,5,1,1,0,0,2,6,3.3
Arella Guirantes,2021,3,2021-05-28,23.6,LAS,away,CHI,15.0,1,14.4,2,7,.286,1,1,1.000,0,0,,1,0,1,2,0,0,0,1,5,2.6
Arella Guirantes,2021,4,2021-05-30,23.6,LAS,away,CHI,3.0,1,5.3,1,2,.500,1,1,1.000,0,0,,1,1,2,1,0,0,1,0,3,2.7
Arella Guirantes,2021,5,2021-06-03,23.6,LAS,home,IND,35.0,0,19.9,2,6,.333,1,1,1.000,0,0,,0,2,2,1,2,1,0,0,5,5.6
Arella Guirantes,2021,6,2021-06-05,23.6,LAS,home,CHI,5.0,0,3.6,0,2,.000,0,0,,0,0,,0,1,1,0,0,0,2,1,0,-3.5
Arella Guirantes,2021,7,2021-06-10,23.7,LAS,away,WAS,-18.0,0,17.0,2,6,.333,2,3,.667,2,4,.500,0,0,0,0,1,1,0,0,8,5.5
Arella Guirantes,2021,8,2021-06-12,23.7,LAS,away,MIN,-16.0,0,6.3,0,2,.000,0,0,,0,0,,1,1,2,0,0,0,1,1,0,-1.8
Arella Guirantes,2021,9,2021-06-16,23.7,LAS,home,PHO,5.0,0,5.5,0,1,.000,0,0,,0,0,,0,0,0,0,0,0,0,1,0,-1.1
Arella Guirantes,2021,10,2021-06-18,23.7,LAS,home,PHO,-14.0,0,2.0,1,1,1.000,0,0,,0,0,,0,1,1,0,0,0,1,0,2,1.0
Arella Guirantes,2021,11,2021-06-27,23.7,LAS,away,PHO,-9.0,0,8.7,1,4,.250,0,3,.000,2,2,1.000,0,0,0,1,0,0,0,1,4,1.9
Arella Guirantes,2021,12,2021-06-30,23.7,LAS,home,LVA,-24.0,0,16.6,1,8,.125,0,2,.000,0,0,,0,3,3,0,2,0,1,3,2,-2.5
Arella Guirantes,2021,13,2021-07-02,23.7,LAS,home,LVA,-8.0,0,3.8,0,0,,0,0,,0,0,,0,0,0,1,0,0,0,0,0,0.7
Arella Guirantes,2021,14,2021-07-07,23.7,LAS,away,SEA,-9.0,0,20.6,2,5,.400,0,1,.000,2,2,1.000,1,1,2,2,0,0,0,2,6,4.9
Arella Guirantes,2021,15,2021-07-11,23.7,LAS,home,MIN,-25.0,0,9.8,1,4,.250,0,0,,2,2,1.000,0,1,1,0,0,1,2,1,4,0.2
Arella Guirantes,2021,16,2021-08-15,23.8,LAS,home,IND,5.0,0,2.5,0,0,,0,0,,0,0,,0,1,1,0,0,0,0,0,0,0.3
Arella Guirantes,2021,17,2021-08-24,23.9,LAS,away,WAS,-10.0,0,17.1,2,6,.333,0,2,.000,4,5,.800,0,2,2,0,0,0,0,2,8,4.0
Arella Guirantes,2021,18,2021-08-26,23.9,LAS,away,CON,-4.0,0,18.1,2,5,.400,0,2,.000,2,2,1.000,0,2,2,0,0,1,1,3,6,2.4
Arella Guirantes,2021,19,2021-08-28,23.9,LAS,away,CON,-15.0,0,16.2,1,4,.250,0,2,.000,0,2,.000,0,0,0,0,0,0,0,0,2,-1.2
Arella Guirantes,2021,20,2021-08-31,23.9,LAS,away,IND,-2.0,0,13.4,1,4,.250,0,0,,0,0,,0,1,1,2,0,0,1,0,2,0.3
Arella Guirantes,2021,21,2021-09-02,23.9,LAS,away,MIN,-9.0,0,3.9,0,1,.000,0,0,,2,2,1.000,0,0,0,0,0,0,0,0,2,1.3
Arella Guirantes,2021,22,2021-09-09,23.9,LAS,home,CON,-18.0,0,15.4,0,3,.000,0,0,,0,0,,0,2,2,1,0,0,1,0,0,-1.8
Arella Guirantes,2021,23,2021-09-12,23.9,LAS,home,SEA,28.0,0,9.3,0,1,.000,0,0,,0,0,,1,1,2,0,0,0,0,2,0,-0.5
Arella Guirantes,2021,24,2021-09-16,23.9,LAS,away,ATL,6.0,0,20.3,2,7,.286,0,2,.000,3,3,1.000,0,2,2,3,1,0,1,3,7,4.4
Arella Guirantes,2021,25,2021-09-19,23.9,LAS,away,DAL,-3.0,0,11.7,1,2,.500,1,2,.500,0,0,,0,1,1,0,0,0,0,3,3,1.1
Arella Guirantes,2023,1,2023-05-20,25.6,SEA,home,LVA,-41.0,0,12.0,1,4,0.25,1,2,0.5,2,2,1.0,0,1,1,0,0,2,1,0,5,3.3
Arella Guirantes,2023,2,2023-05-26,25.6,SEA,home,DAL,-4.0,0,6.3,1,1,1.0,0,0,,0,0,,1,1,2,1,0,1,1,1,2,2.7
Arella Guirantes,2023,3,2023-05-30,25.6,SEA,home,NYL,-8.0,0,2.8,0,0,,0,0,,0,0,,0,0,0,0,0,0,0,1,0,-0.4
Arella Guirantes,2023,4,2023-06-03,25.6,SEA,away,LAS,-7.0,0,0.9,0,0,,0,0,,0,0,,0,0,0,0,0,0,0,0,0,0.0
Arella Guirantes,2023,5,2023-06-09,25.6,SEA,home,WAS,-7.0,0,13.5,2,6,0.333,0,3,0.0,0,1,0.0,0,1,1,0,1,1,1,1,4,0.8
Arella Guirantes,2023,6,2023-06-11,25.7,SEA,home,WAS,-6.0,0,2.5,0,1,0.0,0,1,0.0,0,0,,0,1,1,0,0,0,0,0,0,-0.4
Arella Guirantes,2023,7,2023-06-13,25.7,SEA,away,PHO,14.0,0,2.5,0,2,0.0,0,0,,0,0,,0,0,0,0,0,0,0,0,0,-1.4
Arella Guirantes,2023,8,2023-06-15,25.7,SEA,away,LVA,-33.0,0,2.8,0,1,0.0,0,0,,1,2,0.5,0,0,0,0,0,0,0,0,1,-0.1
Arella Guirantes,2023,9,2023-06-24,25.7,SEA,home,PHO,23.0,0,4.1,0,1,0.0,0,0,,0,0,,0,1,1,2,0,0,0,0,0,1.0
Kierstan Bell,2022,1,2022-05-06,22.1,LVA,away,PHO,18.0,0,14.0,0,1,.000,0,1,.000,0,0,,0,0,0,1,0,1,0,2,0,-0.1
Kierstan Bell,2022,2,2022-05-08,22.1,LVA,home,SEA,11.0,0,3.4,0,1,.000,0,1,.000,0,0,,0,0,0,0,0,0,1,0,0,-1.7
Kierstan Bell,2022,3,2022-05-10,22.2,LVA,away,WAS,-13.0,0,5.2,0,2,.000,0,2,.000,0,0,,0,1,1,1,0,0,0,0,0,-0.4
Kierstan Bell,2022,4,2022-05-13,22.2,LVA,away,ATL,23.0,0,3.6,0,3,.000,0,1,.000,0,0,,1,1,2,1,0,0,0,0,0,-0.4
Kierstan Bell,2022,5,2022-05-21,22.2,LVA,home,PHO,20.0,0,6.7,1,2,.500,0,1,.000,0,0,,0,0,0,0,0,1,0,0,2,1.7
Kierstan Bell,2022,6,2022-05-23,22.2,LVA,home,LAS,28.0,0,11.0,4,6,.667,2,4,.500,2,2,1.000,0,2,2,0,0,0,1,0,12,9.0
Kierstan Bell,2022,7,2022-05-31,22.2,LVA,home,CON,8.0,0,1.1,0,0,,0,0,,0,0,,0,0,0,0,0,0,0,0,0,0.0
Kierstan Bell,2022,8,2022-06-05,22.2,LVA,home,DAL,6.0,0,8.4,0,1,.000,0,1,.000,0,0,,0,0,0,0,0,0,1,0,0,-1.7
Kierstan Bell,2022,9,2022-06-11,22.2,LVA,away,LAS,17.0,0,1.9,0,1,.000,0,1,.000,0,0,,1,1,2,0,0,0,0,0,0,0.3
Kierstan Bell,2022,10,2022-06-27,22.3,LVA,away,LAS,6.0,1,15.8,0,1,.000,0,1,.000,0,0,,0,1,1,0,1,0,0,0,0,0.6
Kierstan Bell,2022,11,2022-07-03,22.3,LVA,away,MIN,-31.0,0,5.8,0,1,.000,0,1,.000,0,0,,0,0,0,1,0,0,0,2,0,-0.8
Kierstan Bell,2022,12,2022-07-14,22.3,LVA,away,NYL,34.0,0,11.4,1,4,.250,1,4,.250,2,2,1.000,0,5,5,1,0,0,1,2,5,3.0
Kierstan Bell,2022,13,2022-07-19,22.3,LVA,home,ATL,-16.0,0,1.6,0,1,.000,0,1,.000,0,0,,0,0,0,0,0,0,0,0,0,-0.7
Kierstan Bell,2022,14,2022-07-21,22.3,LVA,home,IND,13.0,0,7.7,1,1,1.000,0,0,,0,0,,0,0,0,0,0,0,0,2,2,0.9
Kierstan Bell,2022,15,2022-07-23,22.4,LVA,home,LAS,18.0,0,0.6,0,0,,0,0,,0,0,,0,0,0,0,0,0,0,0,0,0.0
Kierstan Bell,2022,16,2022-07-29,22.4,LVA,away,IND,21.0,0,10.0,2,5,.400,0,2,.000,0,0,,1,3,4,0,1,1,1,2,4,2.8
Kierstan Bell,2022,17,2022-07-31,22.4,LVA,away,IND,25.0,0,5.6,1,1,1.000,0,0,,0,0,,0,1,1,2,0,0,0,0,2,3.4
Kierstan Bell,2022,18,2022-08-07,22.4,LVA,away,SEA,8.0,0,2.1,0,1,.000,0,0,,0,0,,0,0,0,0,0,0,0,0,0,-0.7
Kierstan Bell,2022,19,2022-08-09,22.4,LVA,home,ATL,7.0,0,3.1,0,0,,0,0,,0,0,,1,0,1,0,0,0,0,0,0,0.7
Kierstan Bell,2022,20,2022-08-11,22.4,LVA,home,CHI,11.0,0,0.4,0,0,,0,0,,0,0,,0,0,0,0,0,0,0,0,0,0.0
Kierstan Bell,2022,21,2022-08-14,22.4,LVA,home,SEA,9.0,0,1.7,0,1,.000,0,1,.000,0,0,,0,0,0,0,0,0,0,0,0,-0.7
Kierstan Bell,2023,1,2023-05-20,23.2,LVA,away,SEA,41.0,0,5.2,1,1,1.000,1,1,1.000,0,0,,0,3,3,1,0,0,0,1,3,3.9
Kierstan Bell,2023,2,2023-05-27,23.2,LVA,home,LAS,28.0,0,14.8,2,5,.400,0,2,.000,0,0,,0,4,4,1,0,2,2,1,4,2.2
Kierstan Bell,2023,3,2023-05-28,23.2,LVA,home,MIN,21.0,0,8.2,1,4,.250,1,4,.250,0,0,,0,2,2,1,0,0,0,2,3,1.1
Kierstan Bell,2023,4,2023-06-04,23.2,LVA,away,IND,4.0,0,1.9,0,0,,0,0,,0,0,,0,1,1,0,0,0,0,1,0,-0.1
Kierstan Bell,2023,5,2023-06-06,23.2,LVA,away,CON,6.0,0,2.7,0,0,,0,0,,0,0,,0,0,0,1,0,0,0,0,0,0.7
Kierstan Bell,2023,6,2023-06-08,23.2,LVA,away,CON,-17.0,0,12.6,2,7,.286,1,3,.333,0,2,.000,3,2,5,1,0,0,1,0,5,2.5
Kierstan Bell,2023,7,2023-06-11,23.2,LVA,home,CHI,13.0,0,10.6,1,4,.250,1,3,.333,0,0,,0,2,2,0,1,0,1,1,3,0.8
Kierstan Bell,2023,8,2023-06-15,23.2,LVA,home,SEA,33.0,0,12.8,5,8,.625,2,5,.400,0,0,,0,3,3,0,1,0,0,0,12,10.3
Kierstan Bell,2023,9,2023-06-18,23.3,LVA,home,MIN,31.0,0,13.9,2,6,.333,0,2,.000,0,0,,0,1,1,0,2,0,0,1,4,2.5
Kierstan Bell,2023,10,2023-06-21,23.3,LVA,away,PHO,20.0,0,15.5,2,8,.250,1,3,.333,0,0,,1,2,3,0,0,0,1,2,5,-0.3
Kierstan Bell,2023,11,2023-06-24,23.3,LVA,home,IND,13.0,0,4.4,0,1,.000,0,0,,0,0,,0,0,0,0,1,0,0,0,0,0.3
Kierstan Bell,2023,12,2023-06-26,23.3,LVA,home,IND,8.0,0,4.5,1,1,1.000,0,0,,0,0,,1,0,1,0,0,0,0,0,2,2.4
Kierstan Bell,2023,13,2023-06-29,23.3,LVA,home,NYL,17.0,0,4.6,1,2,.500,0,0,,0,0,,0,0,0,0,1,0,0,1,2,1.6
Kierstan Bell,2023,14,2023-07-01,23.3,LVA,home,CON,18.0,0,10.0,2,4,.500,1,2,.500,1,2,.500,0,0,0,0,1,1,0,2,6,4.5
Kierstan Bell,2023,15,2023-07-05,23.3,LVA,home,DAL,7.0,0,12.9,0,1,.000,0,0,,0,0,,0,1,1,1,0,0,0,2,0,-0.5
Kierstan Bell,2023,16,2023-07-09,23.3,LVA,away,MIN,24.0,0,15.1,3,7,.429,1,5,.200,0,0,,0,0,0,0,0,1,0,2,7,3.2
Kierstan Bell,2023,17,2023-07-11,23.3,LVA,home,PHO,26.0,0,14.9,1,7,.143,1,4,.250,0,0,,0,0,0,0,1,0,0,3,3,-1.7
Kierstan Bell,2023,18,2023-07-12,23.3,LVA,away,LAS,19.0,0,14.8,2,5,.400,0,2,.000,0,0,,0,0,0,1,1,0,0,0,4,3.0
Kierstan Bell,2023,19,2023-07-20,23.3,LVA,away,SEA,16.0,0,11.3,1,4,.250,0,1,.000,0,0,,1,0,1,0,1,0,2,1,2,-1.1
Kierstan Bell,2023,20,2023-07-22,23.4,LVA,away,MIN,17.0,0,16.0,1,5,.200,0,4,.000,0,0,,0,1,1,1,0,0,1,0,2,-1.1
Kierstan Bell,2023,21,2023-07-25,23.4,LVA,away,CHI,12.0,0,14.3,2,4,.500,1,1,1.000,0,0,,0,0,0,0,0,0,0,1,5,2.6
Kierstan Bell,2023,22,2023-07-30,23.4,LVA,home,DAL,13.0,0,11.4,1,1,1.000,0,0,,0,0,,0,0,0,0,1,0,0,3,2,1.5
Kierstan Bell,2023,23,2023-08-01,23.4,LVA,home,ATL,21.0,0,18.2,5,9,.556,3,6,.500,2,2,1.000,0,3,3,0,0,0,0,2,15,10.8
Kierstan Bell,2023,24,2023-08-06,23.4,LVA,away,NYL,-38.0,0,16.7,2,7,.286,0,2,.000,0,0,,0,0,0,0,0,0,0,0,4,-0.1
Kierstan Bell,2023,25,2023-08-08,23.4,LVA,away,DAL,20.0,0,19.4,3,7,.429,2,6,.333,0,0,,0,2,2,2,1,0,1,5,8,4.3
Kierstan Bell,2023,26,2023-08-11,23.4,LVA,home,WAS,24.0,0,13.9,4,9,.444,3,6,.500,0,0,,0,2,2,1,1,0,0,1,11,8.2
Kierstan Bell,2023,27,2023-08-13,23.4,LVA,home,ATL,21.0,0,17.8,1,2,.500,0,1,.000,2,2,1.000,0,3,3,0,0,0,0,1,4,3.5
Kierstan Bell,2023,28,2023-08-17,23.4,LVA,home,NYL,13.0,0,16.3,2,6,.333,0,2,.000,0,0,,3,1,4,1,2,0,1,2,4,3.9
Kierstan Bell,2023,29,2023-08-19,23.4,LVA,home,LAS,-6.0,0,15.5,1,6,.167,0,4,.000,0,0,,2,1,3,1,0,0,1,3,2,-1.6
Kierstan Bell,2023,30,2023-08-22,23.4,LVA,away,ATL,12.0,0,16.0,1,3,.333,1,2,.500,0,0,,0,2,2,1,0,1,0,3,3,2.1
Kierstan Bell,2023,31,2023-08-24,23.4,LVA,away,CHI,7.0,0,8.0,0,3,.000,0,1,.000,0,0,,0,0,0,0,0,0,0,1,0,-2.5
Kierstan Bell,2023,32,2023-08-26,23.4,LVA,away,WAS,-16.0,0,12.3,0,4,.000,0,3,.000,0,0,,0,0,0,1,0,0,1,0,0,-3.1
Kierstan Bell,2023,33,2023-08-28,23.5,LVA,away,NYL,-9.0,0,6.4,0,1,.000,0,1,.000,0,0,,0,1,1,0,0,0,0,2,0,-1.2
Kierstan Bell,2023,34,2023-09-02,23.5,LVA,home,SEA,26.0,0,12.3,1,3,.333,0,2,.000,0,0,,0,2,2,1,0,0,0,0,2,1.6
Kierstan Bell,2023,35,2023-09-08,23.5,LVA,away,PHO,21.0,0,9.0,1,4,.250,0,3,.000,0,0,,1,3,4,2,0,0,2,3,2,-0.6
Kierstan Bell,2023,36,2023-09-10,23.5,LVA,home,PHO,15.0,0,9.2,1,4,.250,0,1,.000,1,2,.500,2,0,2,0,0,0,0,0,3,1.6
Chiney Ogwumike,2021,1,2021-05-14,29.1,LAS,home,DAL,-23.0,1,27.2,5,11,0.455,2,3,0.667,0,0,,1,5,6,2,1,0,1,4,12,8.3
Chiney Ogwumike,2021,2,2021-05-21,29.2,LAS,away,LVA,-28.0,1,30.7,4,10,0.4,0,0,,3,5,0.6,3,2,5,2,1,0,2,5,11,5.9
Chiney Ogwumike,2021,3,2021-05-28,29.2,LAS,away,CHI,15.0,1,23.6,1,8,0.125,0,0,,2,2,1.0,2,4,6,2,0,1,3,4,4,-1.1
Chiney Ogwumike,2021,4,2021-08-22,29.4,LAS,away,NYL,3.0,0,9.3,3,4,0.75,0,0,,0,0,,1,1,2,0,1,1,0,3,6,5.9
Chiney Ogwumike,2021,5,2021-08-24,29.4,LAS,away,WAS,-10.0,0,18.9,4,9,0.444,0,0,,1,1,1.0,4,4,8,0,1,0,0,2,9,8.5
Chiney Ogwumike,2021,6,2021-08-26,29.4,LAS,away,CON,-4.0,0,18.7,2,5,0.4,1,1,1.0,0,0,,0,2,2,2,1,1,0,3,5,4.8
Chiney Ogwumike,2021,7,2021-09-09,29.5,LAS,home,CON,-18.0,0,5.8,1,2,0.5,0,0,,0,0,,0,0,0,1,1,0,0,2,2,1.9
Chiney Ogwumike,2022,1,2022-05-06,30.1,LAS,away,CHI,7.0,0,19.5,3,6,.500,0,0,,2,4,.500,5,1,6,0,2,0,1,3,8,7.8
Chiney Ogwumike,2022,2,2022-05-08,30.1,LAS,away,IND,10.0,0,16.8,3,6,.500,0,0,,0,0,,4,5,9,0,1,0,4,4,6,2.7
Chiney Ogwumike,2022,3,2022-05-11,30.1,LAS,away,ATL,-2.0,0,18.6,2,4,.500,1,1,1.000,0,0,,1,4,5,0,0,0,1,1,5,3.5
Chiney Ogwumike,2022,4,2022-05-14,30.1,LAS,away,CON,-17.0,0,23.6,0,5,.000,0,1,.000,7,8,.875,2,0,2,0,0,0,0,3,7,3.3
Chiney Ogwumike,2022,5,2022-05-17,30.2,LAS,home,MIN,-3.0,0,9.6,2,5,.400,0,1,.000,2,3,.667,1,1,2,1,1,0,0,2,6,4.8
Chiney Ogwumike,2022,6,2022-05-25,30.2,LAS,home,PHO,5.0,0,13.1,1,3,.333,0,1,.000,1,2,.500,0,2,2,1,1,0,1,3,3,1.0
Chiney Ogwumike,2022,7,2022-05-27,30.2,LAS,away,IND,-5.0,0,14.1,2,4,.500,0,0,,0,0,,2,3,5,2,2,0,1,3,4,5.5
Chiney Ogwumike,2022,8,2022-05-29,30.2,LAS,away,MIN,2.0,0,15.9,2,3,.667,0,0,,4,4,1.000,2,1,3,2,0,0,3,4,8,5.2
Chiney Ogwumike,2022,9,2022-05-31,30.2,LAS,home,DAL,2.0,0,16.2,2,3,.667,0,0,,0,0,,0,2,2,1,0,0,1,4,4,1.4
Chiney Ogwumike,2022,10,2022-06-05,30.2,LAS,away,PHO,-7.0,0,22.7,3,9,.333,0,2,.000,3,4,.750,1,3,4,1,0,2,1,3,9,5.0
Chiney Ogwumike,2022,11,2022-06-11,30.2,LAS,home,LVA,-17.0,0,16.8,1,5,.200,0,1,.000,2,2,1.000,0,3,3,0,1,1,1,3,4,1.3
Chiney Ogwumike,2022,12,2022-06-19,30.2,LAS,away,DAL,-10.0,0,18.4,4,8,.500,1,1,1.000,3,4,.750,3,7,10,1,2,0,0,1,12,14.1
Chiney Ogwumike,2022,13,2022-06-21,30.3,LAS,home,WAS,2.0,0,15.2,5,7,.714,0,0,,0,0,,4,5,9,1,1,1,1,3,10,11.6
Chiney Ogwumike,2022,14,2022-06-25,30.3,LAS,away,SEA,8.0,0,5.9,0,4,.000,0,1,.000,2,2,1.000,2,4,6,1,0,0,0,0,2,2.5
Chiney Ogwumike,2022,15,2022-06-27,30.3,LAS,home,LVA,-6.0,0,17.6,4,7,.571,0,0,,1,2,.500,3,1,4,3,0,0,1,3,9,7.6
Chiney Ogwumike,2022,16,2022-07-01,30.3,LAS,away,DAL,8.0,0,12.3,3,4,.750,0,1,.000,0,0,,2,2,4,1,0,1,1,3,6,5.6
Chiney Ogwumike,2022,17,2022-07-03,30.3,LAS,home,NYL,10.0,0,17.2,4,6,.667,0,0,,4,4,1.000,2,8,10,1,0,0,2,4,12,10.3
Chiney Ogwumike,2022,18,2022-07-04,30.3,LAS,home,PHO,3.0,0,16.7,1,3,.333,0,0,,0,2,.000,0,0,0,1,0,0,2,2,2,-2.6
Chiney Ogwumike,2022,19,2022-07-12,30.3,LAS,home,WAS,-13.0,1,31.7,3,10,.300,1,1,1.000,3,4,.750,2,8,10,2,1,1,4,4,10,5.1
Chiney Ogwumike,2022,20,2022-07-14,30.3,LAS,home,CHI,-12.0,1,30.2,6,12,.500,2,2,1.000,0,0,,4,9,13,0,3,2,3,3,14,13.7
Chiney Ogwumike,2022,21,2022-07-19,30.3,LAS,home,IND,7.0,1,27.9,3,6,.500,1,2,.500,1,4,.250,4,6,10,1,2,0,1,4,8,8.5
Chiney Ogwumike,2022,22,2022-07-21,30.3,LAS,home,ATL,7.0,1,26.2,7,12,.583,1,1,1.000,0,0,,5,2,7,2,2,0,2,3,15,13.7
Chiney Ogwumike,2022,23,2022-07-28,30.4,LAS,away,PHO,-10.0,1,21.1,2,6,.333,0,0,,0,0,,0,3,3,3,0,1,2,3,4,1.1
Chiney Ogwumike,2022,24,2022-07-31,30.4,LAS,home,MIN,-7.0,1,27.7,3,7,.429,0,1,.000,1,2,.500,2,4,6,2,0,0,1,3,7,4.7
Chiney Ogwumike,2022,25,2022-08-02,30.4,LAS,away,NYL,-29.0,1,10.3,2,2,1.000,0,0,,0,0,,1,1,2,1,0,0,0,0,4,5.1
Chiney Ogwumike,2022,26,2022-08-09,30.4,LAS,home,CON,-26.0,0,13.1,1,1,1.000,1,1,1.000,0,0,,0,5,5,0,0,0,3,2,3,0.4
Chiney Ogwumike,2023,1,2023-05-19,31.2,LAS,home,PHO,23.0,1,24.6,6,12,0.5,1,3,0.333,2,2,1.0,3,4,7,1,1,0,1,4,15,11.4
Chiney Ogwumike,2023,2,2023-05-25,31.2,LAS,home,LVA,-9.0,1,28.2,8,16,0.5,0,1,0.0,3,6,0.5,1,7,8,3,2,2,0,4,19,16.5
Chiney Ogwumike,2023,3,2023-06-02,31.2,LAS,away,PHO,6.0,1,20.7,1,6,0.167,0,2,0.0,0,0,,2,1,3,2,1,1,2,6,2,-1.4
Chiney Ogwumike,2023,4,2023-06-03,31.2,LAS,home,SEA,7.0,1,30.2,7,11,0.636,0,0,,1,3,0.333,0,3,3,3,3,0,0,2,15,14.5
Chiney Ogwumike,2023,5,2023-06-16,31.2,LAS,home,MIN,-5.0,0,13.3,2,3,0.667,0,0,,1,2,0.5,0,0,0,0,1,0,2,4,5,0.7
Chiney Ogwumike,2023,6,2023-06-18,31.2,LAS,home,CON,-9.0,0,13.5,3,4,0.75,0,0,,0,0,,1,2,3,0,0,0,0,3,6,4.5
Chiney Ogwumike,2023,7,2023-06-20,31.2,LAS,home,MIN,-6.0,0,22.4,2,9,0.222,0,3,0.0,0,0,,2,4,6,2,0,0,1,3,4,0.3
Chiney Ogwumike,2023,8,2023-06-23,31.3,LAS,home,DAL,2.0,0,20.9,1,6,0.167,0,3,0.0,3,3,1.0,2,3,5,1,2,0,1,6,5,2.8
Chiney Ogwumike,2023,9,2023-06-25,31.3,LAS,home,DAL,10.0,0,16.4,0,4,0.0,0,1,0.0,2,2,1.0,1,2,3,1,2,0,2,1,2,0.8
Chiney Ogwumike,2023,10,2023-06-28,31.3,LAS,away,CHI,-17.0,0,21.9,4,8,0.5,0,0,,3,3,1.0,2,3,5,0,1,0,3,4,11,5.7
Jasmine Dickey,2022,1,2022-05-07,22.2,DAL,home,ATL,-7.0,0,2.1,0,2,0.0,0,0,,0,0,,0,0,0,0,1,0,0,0,0,-0.4
Jasmine Dickey,2022,2,2022-05-13,22.2,DAL,away,WAS,8.0,0,1.5,0,0,,0,0,,0,0,,0,0,0,0,0,0,0,0,0,0.0
Jasmine Dickey,2022,3,2022-05-15,22.2,DAL,away,NYL,10.0,0,2.8,0,0,,0,0,,0,0,,0,0,0,1,0,0,0,0,0,0.7
Jasmine Dickey,2022,4,2022-05-21,22.2,DAL,home,MIN,16.0,0,2.3,0,0,,0,0,,0,0,,1,1,2,0,0,0,1,1,0,-0.4
Jasmine Dickey,2022,5,2022-05-26,22.3,DAL,away,CON,-31.0,0,3.5,0,1,0.0,0,1,0.0,0,0,,0,0,0,0,0,0,0,0,0,-0.7
Jasmine Dickey,2022,6,2022-06-03,22.3,DAL,away,SEA,17.0,0,1.6,0,0,,0,0,,0,0,,1,1,2,0,0,0,0,0,0,1.0
Jasmine Dickey,2022,7,2022-06-10,22.3,DAL,home,SEA,-1.0,0,10.0,1,3,0.333,0,0,,2,2,1.0,1,2,3,0,0,0,2,0,4,1.6
Jasmine Dickey,2022,8,2022-06-12,22.3,DAL,home,SEA,-5.0,0,4.0,2,2,1.0,0,0,,1,1,1.0,0,0,0,0,0,1,0,0,5,5.1
Jasmine Dickey,2022,9,2022-06-15,22.3,DAL,home,LVA,-8.0,0,4.7,1,2,0.5,1,1,1.0,0,0,,0,0,0,0,0,0,0,1,3,1.6
Jasmine Dickey,2022,10,2022-06-17,22.3,DAL,home,PHO,5.0,0,1.7,0,0,,0,0,,1,2,0.5,0,0,0,0,0,0,0,2,1,-0.2
Jasmine Dickey,2022,11,2022-06-19,22.3,DAL,home,LAS,10.0,0,3.7,0,2,0.0,0,1,0.0,0,0,,1,0,1,0,0,0,1,2,0,-2.5
Jasmine Dickey,2022,12,2022-06-23,22.3,DAL,home,IND,26.0,0,5.3,0,1,0.0,0,0,,0,0,,0,0,0,1,1,0,0,0,0,1.0
Jasmine Dickey,2022,13,2022-06-25,22.3,DAL,home,PHO,-11.0,0,5.5,0,0,,0,0,,0,0,,0,0,0,0,0,0,0,0,0,0.0
Jasmine Dickey,2022,14,2022-06-28,22.3,DAL,away,MIN,-28.0,0,17.1,2,10,0.2,0,0,,1,2,0.5,1,2,3,0,1,0,0,2,5,-0.1
Jasmine Dickey,2022,15,2022-07-14,22.4,DAL,away,MIN,5.0,0,2.8,0,1,0.0,0,0,,0,0,,0,0,0,0,0,0,0,1,0,-1.1
Jasmine Dickey,2022,16,2022-07-22,22.4,DAL,away,CHI,-6.0,0,1.5,0,0,,0,0,,0,0,,0,0,0,0,0,0,0,0,0,0.0
Jasmine Dickey,2022,17,2022-08-02,22.4,DAL,away,CHI,6.0,0,7.5,0,3,0.0,0,1,0.0,0,0,,1,0,1,0,1,0,0,0,0,-0.4
Jasmine Dickey,2022,18,2022-08-08,22.5,DAL,home,NYL,9.0,0,3.7,0,1,0.0,0,0,,1,2,0.5,0,0,0,0,0,0,0,0,1,-0.1
Jasmine Dickey,2022,19,2022-08-10,22.5,DAL,home,NYL,-18.0,0,4.5,0,2,0.0,0,0,,0,0,,0,0,0,0,0,0,1,0,0,-2.4
Jasmine Dickey,2022,20,2022-08-14,22.5,DAL,away,LAS,28.0,0,7.6,1,3,0.333,0,0,,0,0,,0,0,0,0,0,0,0,0,2,0.3
Jasmine Dickey,2023,1,2023-05-20,23.2,DAL,home,ATL,7.0,0,12.8,1,3,0.333,0,0,,0,2,0.0,2,0,2,0,0,0,0,1,2,0.5
Jasmine Dickey,2023,2,2023-05-26,23.3,DAL,away,SEA,4.0,0,13.9,5,6,0.833,0,1,0.0,0,0,,0,1,1,1,0,0,0,4,10,7.2
Jasmine Dickey,2023,3,2023-05-28,23.3,DAL,away,CHI,-6.0,0,14.2,2,5,0.4,0,0,,0,0,,0,1,1,0,0,1,0,1,4,1.9
Jasmine Dickey,2023,4,2023-05-30,23.3,DAL,home,MIN,5.0,0,6.2,0,3,0.0,0,0,,0,0,,1,0,1,0,0,0,0,0,0,-1.4
Jasmine Dickey,2023,5,2023-06-02,23.3,DAL,away,WAS,-1.0,0,11.8,3,3,1.0,0,0,,0,0,,0,0,0,0,2,0,0,3,6,5.9
Jasmine Dickey,2023,6,2023-06-04,23.3,DAL,away,CON,-6.0,0,4.8,0,2,0.0,0,0,,0,0,,0,0,0,0,1,0,0,0,0,-0.4
Jasmine Dickey,2023,7,2023-06-07,23.3,DAL,home,PHO,5.0,0,4.3,0,2,0.0,0,0,,0,0,,1,1,2,0,0,0,0,0,0,-0.4
Jasmine Dickey,2023,8,2023-06-09,23.3,DAL,home,PHO,13.0,0,3.8,0,4,0.0,0,0,,0,0,,1,0,1,0,0,0,2,2,0,-4.9
Jasmine Dickey,2023,9,2023-06-11,23.3,DAL,away,NYL,-9.0,0,4.1,2,4,0.5,0,0,,3,4,0.75,0,0,0,0,0,0,1,2,7,2.8
Jasmine Dickey,2023,10,2023-06-14,23.3,DAL,home,LAS,-18.0,0,2.4,0,1,0.0,0,0,,0,0,,0,0,0,0,0,0,0,0,0,-0.7
Jasmine Dickey,2023,11,2023-06-17,23.3,DAL,home,SEA,-6.0,0,1.4,0,0,,0,0,,0,0,,0,0,0,0,0,0,0,0,0,0.0
Jasmine Dickey,2023,12,2023-06-20,23.3,DAL,home,ATL,12.0,0,3.6,0,1,0.0,0,0,,0,0,,1,0,1,0,1,0,0,0,0,1.0
Jasmine Dickey,2023,13,2023-06-23,23.3,DAL,away,LAS,-2.0,0,1.9,0,0,,0,0,,0,0,,0,0,0,0,0,0,0,1,0,-0.4
Jasmine Dickey,2023,14,2023-06-25,23.3,DAL,away,LAS,-10.0,0,2.2,0,0,,0,0,,0,0,,1,1,2,0,0,0,2,1,0,-1.4
Emma Meesseman,2020,1,2020-07-25,27.2,WAS,home,IND,25.0,1,26.4,7,13,0.538,0,2,0.0,0,0,,1,4,5,3,1,0,4,4,14,7.1
Emma Meesseman,2020,2,2020-07-28,27.2,WAS,home,CON,5.0,1,35.1,6,14,0.429,0,0,,0,0,,1,5,6,8,2,0,5,1,12,9.0
Emma Meesseman,2020,3,2020-07-30,27.2,WAS,home,SEA,18.0,1,32.4,4,10,0.4,0,1,0.0,2,2,1.0,3,2,5,4,3,1,0,1,10,13.4
Emma Meesseman,2020,4,2020-08-01,27.2,WAS,home,CHI,-2.0,1,30.4,4,10,0.4,0,0,,1,1,1.0,1,8,9,6,1,1,3,1,9,9.2
Emma Meesseman,2020,5,2020-08-05,27.2,WAS,home,LVA,-6.0,1,33.1,10,23,0.435,3,7,0.429,1,2,0.5,4,9,13,2,1,0,1,3,24,17.2
Emma Meesseman,2020,6,2020-08-07,27.2,WAS,home,NYL,-8.0,1,32.2,6,10,0.6,2,3,0.667,3,4,0.75,0,2,2,2,0,0,2,1,17,11.6
Emma Meesseman,2020,7,2020-08-09,27.2,WAS,home,IND,-7.0,1,31.5,8,16,0.5,0,1,0.0,3,3,1.0,1,1,2,3,0,1,2,3,19,11.6
Emma Meesseman,2020,8,2020-08-11,27.2,WAS,home,MIN,-20.0,1,27.6,4,9,0.444,0,2,0.0,2,2,1.0,1,5,6,2,1,2,1,2,10,9.5
Emma Meesseman,2020,9,2020-08-13,27.3,WAS,home,LAS,-17.0,1,34.8,5,14,0.357,1,4,0.25,1,1,1.0,3,8,11,5,2,0,6,2,12,7.4
Emma Meesseman,2020,10,2020-08-15,27.3,WAS,home,LVA,-15.0,1,31.6,1,8,0.125,0,2,0.0,0,0,,6,3,9,4,2,0,3,2,2,2.9
Emma Meesseman,2020,11,2020-08-19,27.3,WAS,home,ATL,7.0,1,33.5,5,10,0.5,0,2,0.0,2,2,1.0,1,5,6,10,1,0,2,1,12,14.8
Emma Meesseman,2020,12,2020-08-28,27.3,WAS,home,PHO,-22.0,1,26.2,1,10,0.1,1,4,0.25,0,0,,4,2,6,3,1,3,1,2,3,3.2
Emma Meesseman,2020,13,2020-08-30,27.3,WAS,home,CON,-13.0,1,29.9,4,5,0.8,1,1,1.0,5,6,0.833,2,2,4,3,1,0,3,2,14,13.0
Emma Meesseman,2020,14,2020-09-02,27.3,WAS,home,SEA,-7.0,1,30.1,8,18,0.444,1,3,0.333,0,0,,0,3,3,3,0,1,0,1,17,10.9
Emma Meesseman,2020,15,2020-09-04,27.3,WAS,home,CHI,10.0,1,33.0,5,10,0.5,2,5,0.4,3,4,0.75,1,0,1,5,3,1,2,2,15,14.7
Emma Meesseman,2020,16,2020-09-06,27.3,WAS,home,DAL,-7.0,1,36.9,6,14,0.429,0,1,0.0,4,6,0.667,0,5,5,7,1,2,3,2,16,12.8
Emma Meesseman,2020,17,2020-09-08,27.3,WAS,home,MIN,3.0,1,33.0,8,10,0.8,2,4,0.5,0,0,,1,1,2,1,1,1,0,1,18,17.2
Emma Meesseman,2020,18,2020-09-10,27.3,WAS,home,LAS,8.0,1,32.6,7,12,0.583,0,3,0.0,0,0,,1,1,2,5,1,1,0,1,14,14.2
Emma Meesseman,2020,19,2020-09-12,27.3,WAS,home,NYL,17.0,1,30.8,3,11,0.273,0,0,,2,2,1.0,2,4,6,7,2,0,1,1,8,9.6
Emma Meesseman,2020,20,2020-09-13,27.3,WAS,home,ATL,7.0,1,33.4,7,13,0.538,0,0,,0,0,,0,3,3,7,0,2,1,2,14,13.1
Emma Meesseman,2022,1,2022-05-06,29.0,CHI,home,LAS,-7.0,1,35.7,6,11,.545,0,1,.000,0,0,,2,6,8,5,1,0,4,1,12,10.0
Emma Meesseman,2022,2,2022-05-11,29.0,CHI,home,NYL,33.0,1,24.9,4,8,.500,0,1,.000,2,2,1.000,2,4,6,4,1,1,0,2,10,12.3
Emma Meesseman,2022,3,2022-05-14,29.0,CHI,away,MIN,4.0,1,32.3,5,11,.455,3,6,.500,4,4,1.000,2,5,7,2,7,1,2,6,17,18.9
Emma Meesseman,2022,4,2022-05-18,29.0,CHI,away,SEA,-3.0,1,33.0,5,10,.500,0,1,.000,1,2,.500,2,5,7,2,1,0,4,2,11,6.1
Emma Meesseman,2022,5,2022-05-22,29.0,CHI,away,WAS,9.0,1,26.2,5,7,.714,0,0,,1,2,.500,1,3,4,0,2,1,2,3,11,8.8
Emma Meesseman,2022,6,2022-05-24,29.0,CHI,home,IND,5.0,1,27.5,3,5,.600,0,0,,3,3,1.000,1,3,4,1,2,0,3,3,9,6.8
Emma Meesseman,2022,7,2022-05-28,29.0,CHI,home,LVA,-7.0,1,19.8,2,9,.222,0,3,.000,0,0,,2,4,6,2,1,1,1,4,4,1.6
Emma Meesseman,2022,8,2022-05-31,29.0,CHI,home,PHO,3.0,1,32.6,5,8,.625,0,0,,0,0,,1,4,5,3,0,0,0,1,10,10.0
Emma Meesseman,2022,9,2022-06-03,29.1,CHI,away,ATL,8.0,1,29.9,6,10,.600,0,2,.000,4,4,1.000,0,6,6,2,2,2,1,2,16,16.2
Emma Meesseman,2022,10,2022-06-05,29.1,CHI,home,WAS,9.0,1,25.4,6,7,.857,0,0,,1,3,.333,1,3,4,6,5,0,1,2,13,18.7
Emma Meesseman,2022,11,2022-06-08,29.1,CHI,away,WAS,-2.0,1,25.4,3,9,.333,0,2,.000,1,1,1.000,4,3,7,1,1,3,0,3,7,8.2
Emma Meesseman,2022,12,2022-06-10,29.1,CHI,away,CON,4.0,1,31.6,11,14,.786,1,1,1.000,3,3,1.000,1,4,5,4,2,0,1,1,26,25.9
Emma Meesseman,2022,13,2022-06-12,29.1,CHI,away,NYL,2.0,1,31.3,10,14,.714,0,1,.000,0,0,,5,6,11,5,2,2,1,1,20,25.0
Emma Meesseman,2022,14,2022-06-17,29.1,CHI,home,ATL,6.0,1,38.4,7,16,.438,1,2,.500,2,3,.667,4,8,12,3,3,1,1,4,17,16.6
Emma Meesseman,2022,15,2022-06-19,29.1,CHI,away,IND,-2.0,1,32.7,6,13,.462,0,1,.000,0,0,,3,5,8,4,1,3,3,6,12,9.4
Emma Meesseman,2022,16,2022-06-21,29.1,CHI,away,LVA,9.0,1,29.3,8,14,.571,1,1,1.000,0,0,,0,6,6,6,0,2,2,0,17,15.8
Emma Meesseman,2022,17,2022-06-23,29.1,CHI,away,LAS,23.0,1,18.4,5,7,.714,0,0,,1,1,1.000,2,2,4,4,0,0,2,1,11,10.5
Emma Meesseman,2022,18,2022-06-26,29.1,CHI,home,MIN,3.0,1,30.9,7,14,.500,0,0,,1,1,1.000,0,3,3,4,0,0,2,4,15,8.1
Emma Meesseman,2022,19,2022-06-29,29.1,CHI,home,CON,8.0,1,27.6,1,4,.250,0,0,,2,2,1.000,1,0,1,1,0,1,2,3,4,0.5
Emma Meesseman,2022,20,2022-07-02,29.1,CHI,home,PHO,16.0,1,26.0,3,7,.429,0,0,,4,4,1.000,2,2,4,4,1,0,0,3,10,10.9
Emma Meesseman,2022,21,2022-07-06,29.1,CHI,away,MIN,-3.0,1,26.5,2,5,.400,0,1,.000,0,0,,1,5,6,1,0,2,3,1,4,2.2
Emma Meesseman,2022,22,2022-07-07,29.2,CHI,away,IND,9.0,1,17.8,9,13,.692,0,0,,2,2,1.000,1,6,7,3,0,1,1,2,20,18.0
Emma Meesseman,2022,23,2022-07-12,29.2,CHI,home,ATL,15.0,1,32.9,5,9,.556,0,1,.000,0,0,,3,3,6,8,0,1,1,3,10,12.8
Emma Meesseman,2022,24,2022-07-14,29.2,CHI,away,LAS,12.0,1,19.0,4,6,.667,0,0,,1,1,1.000,0,1,1,3,3,1,0,2,9,11.7
Emma Meesseman,2022,25,2022-07-16,29.2,CHI,away,DAL,8.0,1,31.8,10,14,.714,0,0,,3,3,1.000,5,3,8,7,0,1,2,3,23,24.0
Emma Meesseman,2022,26,2022-07-20,29.2,CHI,home,SEA,4.0,1,33.9,7,12,.583,0,1,.000,2,2,1.000,4,6,10,6,1,0,2,3,16,17.0
Emma Meesseman,2022,27,2022-07-22,29.2,CHI,home,DAL,6.0,1,26.1,6,11,.545,1,2,.500,0,0,,1,4,5,9,2,3,1,2,13,18.2
Emma Meesseman,2022,28,2022-07-23,29.2,CHI,away,NYL,-3.0,1,27.9,3,8,.375,0,1,.000,2,2,1.000,2,2,4,2,1,0,0,2,8,7.2
Emma Meesseman,2022,29,2022-07-29,29.2,CHI,home,NYL,8.0,1,32.7,4,7,.571,0,0,,0,0,,0,2,2,4,3,0,1,4,8,8.5
Emma Meesseman,2022,30,2022-07-31,29.2,CHI,away,CON,3.0,1,37.7,5,9,.556,0,0,,0,0,,0,3,3,5,1,1,1,1,10,10.4
Emma Meesseman,2022,31,2022-08-02,29.2,CHI,home,DAL,-6.0,1,32.1,5,8,.625,2,2,1.000,2,3,.667,2,4,6,5,0,1,1,3,14,14.6
Emma Meesseman,2022,32,2022-08-05,29.2,CHI,home,WAS,10.0,1,27.2,4,9,.444,0,0,,2,2,1.000,3,1,4,5,2,1,1,3,10,11.7
Emma Meesseman,2022,33,2022-08-07,29.2,CHI,home,CON,3.0,1,29.9,6,8,.750,3,4,.750,0,0,,0,4,4,5,2,0,0,3,15,17.3
Emma Meesseman,2022,34,2022-08-09,29.2,CHI,home,SEA,-11.0,1,32.0,5,6,.833,1,2,.500,0,0,,0,4,4,6,0,0,1,2,11,12.4
Emma Meesseman,2022,35,2022-08-11,29.2,CHI,away,LVA,-11.0,1,28.7,6,10,.600,0,2,.000,2,2,1.000,2,5,7,1,1,0,2,3,14,10.8
Emma Meesseman,2022,36,2022-08-14,29.3,CHI,away,PHO,15.0,1,14.6,5,7,.714,0,0,,1,1,1.000,2,3,5,4,2,0,2,1,11,12.8
Leaonna Odom,2020,1,2020-07-25,22.3,NYL,home,SEA,-16.0,0,27.8,4,6,.667,1,2,.500,0,0,,2,1,3,0,0,0,3,1,9,4.7
Leaonna Odom,2020,2,2020-07-29,22.3,NYL,home,DAL,-13.0,0,13.4,0,1,.000,0,0,,0,0,,3,1,4,0,1,0,0,0,0,2.7
Leaonna Odom,2020,3,2020-07-31,22.3,NYL,home,ATL,-6.0,0,20.9,1,3,.333,1,2,.500,0,0,,2,0,2,1,0,1,0,1,3,3.7
Leaonna Odom,2020,4,2020-08-02,22.4,NYL,home,PHO,-29.0,0,15.6,2,4,.500,0,0,,0,0,,0,1,1,0,1,1,0,2,4,3.2
Leaonna Odom,2020,5,2020-08-05,22.4,NYL,home,MIN,-26.0,0,28.0,4,6,.667,1,2,.500,1,1,1.000,2,0,2,1,1,0,1,0,10,9.5
Leaonna Odom,2020,6,2020-08-07,22.4,NYL,home,WAS,8.0,1,27.3,3,6,.500,1,2,.500,2,2,1.000,3,1,4,1,0,0,0,4,9,7.5
Leaonna Odom,2020,7,2020-08-09,22.4,NYL,home,LVA,-2.0,1,26.1,3,4,.750,0,1,.000,0,0,,0,0,0,0,0,0,2,2,6,1.6
Leaonna Odom,2020,8,2020-08-11,22.4,NYL,home,LAS,-15.0,1,21.2,2,2,1.000,0,0,,0,0,,1,3,4,0,0,1,1,2,4,3.9
Leaonna Odom,2020,9,2020-08-13,22.4,NYL,home,IND,-7.0,1,10.3,0,2,.000,0,1,.000,2,2,1.000,0,0,0,1,0,1,0,3,2,0.8
Leaonna Odom,2020,10,2020-08-15,22.4,NYL,home,MIN,-30.0,1,18.3,3,7,.429,0,0,,2,2,1.000,1,0,1,0,0,0,1,1,8,3.6
Leaonna Odom,2020,11,2020-08-18,22.4,NYL,home,SEA,-41.0,1,24.2,2,4,.500,0,0,,3,4,.750,4,1,5,0,1,1,2,1,7,7.0
Leaonna Odom,2020,12,2020-08-20,22.4,NYL,home,CHI,-16.0,1,27.7,2,9,.222,0,1,.000,1,2,.500,2,0,2,3,2,1,1,3,5,3.1
Leaonna Odom,2020,13,2020-08-22,22.4,NYL,home,CON,-17.0,1,27.4,2,4,.500,0,0,,1,2,.500,4,1,5,1,1,0,2,2,5,4.6
Leaonna Odom,2020,14,2020-08-25,22.4,NYL,home,CHI,2.0,1,14.8,1,1,1.000,0,0,,0,0,,1,0,1,2,1,0,0,1,2,4.4
Leaonna Odom,2020,15,2020-08-29,22.4,NYL,home,LVA,-17.0,1,10.4,0,3,.000,0,0,,0,0,,1,0,1,2,1,0,0,3,0,-0.2
Leaonna Odom,2020,16,2020-09-01,22.4,NYL,home,CON,-5.0,1,13.4,1,2,.500,0,0,,0,0,,1,2,3,0,0,1,0,1,2,2.6
Leaonna Odom,2020,17,2020-09-03,22.4,NYL,home,ATL,-6.0,1,19.4,4,9,.444,1,4,.250,3,3,1.000,2,1,3,0,1,0,2,1,12,7.6
Leaonna Odom,2020,18,2020-09-05,22.4,NYL,home,PHO,-16.0,1,33.5,2,7,.286,0,1,.000,4,4,1.000,4,3,7,2,0,0,0,3,8,7.8
Leaonna Odom,2020,19,2020-09-08,22.5,NYL,home,LAS,-26.0,1,18.9,0,4,.000,0,3,.000,0,0,,0,1,1,1,1,0,0,0,0,-0.8
Leaonna Odom,2020,20,2020-09-10,22.5,NYL,home,IND,-10.0,1,18.1,2,2,1.000,0,0,,1,1,1.000,0,0,0,0,1,0,0,3,5,4.2
Leaonna Odom,2020,21,2020-09-12,22.5,NYL,home,WAS,-17.0,0,5.3,0,0,,0,0,,0,0,,0,0,0,0,0,0,0,1,0,-0.4
Leaonna Odom,2020,22,2020-09-13,22.5,NYL,home,DAL,-3.0,1,30.9,10,12,.833,0,1,.000,0,0,,1,0,1,1,3,1,0,2,20,19.9
Leaonna Odom,2021,1,2021-06-03,23.2,NYL,home,LVA,-12.0,0,11.7,3,3,1.0,1,1,1.0,0,0,,1,0,1,1,1,1,1,2,7,7.4
Leaonna Odom,2021,2,2021-06-05,23.2,NYL,away,CON,-21.0,0,13.5,2,3,0.667,1,2,0.5,0,0,,0,1,1,0,0,1,2,3,5,1.5
Leaonna Odom,2021,3,2021-06-13,23.2,NYL,away,PHO,2.0,0,14.3,2,3,0.667,0,1,0.0,0,0,,0,1,1,0,0,0,0,2,4,2.2
Leaonna Odom,2021,4,2021-06-15,23.2,NYL,away,LVA,-22.0,0,17.4,2,4,0.5,1,2,0.5,0,0,,0,0,0,2,1,1,2,2,5,3.3
Leaonna Odom,2021,5,2021-06-17,23.2,NYL,away,LVA,-27.0,0,13.7,0,3,0.0,0,1,0.0,0,0,,1,1,2,2,0,0,2,1,0,-2.1
Leaonna Odom,2021,6,2021-06-22,23.2,NYL,home,CHI,-20.0,0,18.7,4,8,0.5,0,2,0.0,0,1,0.0,0,0,0,1,0,0,0,1,8,3.9
Leaonna Odom,2021,7,2021-06-24,23.2,NYL,home,CHI,-23.0,0,11.0,1,3,0.333,0,2,0.0,0,0,,0,0,0,0,1,0,1,0,2,0.3
Leaonna Odom,2021,8,2021-06-26,23.3,NYL,away,ATL,23.0,0,16.6,1,2,0.5,0,1,0.0,2,2,1.0,1,0,1,0,2,1,0,1,4,6.0
Leaonna Odom,2021,9,2021-06-29,23.3,NYL,away,ATL,-4.0,0,16.2,2,4,0.5,1,1,1.0,5,5,1.0,2,0,2,1,0,1,0,3,10,9.6
Leaonna Odom,2021,10,2021-07-03,23.3,NYL,home,WAS,3.0,0,8.9,1,1,1.0,1,1,1.0,0,0,,0,2,2,0,0,0,0,4,3,1.7
Leaonna Odom,2021,11,2021-07-05,23.3,NYL,home,DAL,3.0,0,12.7,1,3,0.333,0,0,,0,0,,1,1,2,0,0,0,0,1,2,0.9
Leaonna Odom,2021,12,2021-07-09,23.3,NYL,away,IND,-13.0,0,18.5,2,3,0.667,0,1,0.0,0,0,,2,2,4,0,0,0,1,2,4,2.9
Leaonna Odom,2021,13,2021-07-11,23.3,NYL,home,CON,-17.0,0,7.8,0,3,0.0,0,2,0.0,0,2,0.0,2,0,2,0,0,0,0,0,0,-1.5
Leaonna Odom,2021,14,2021-08-15,23.4,NYL,away,MIN,-10.0,0,2.4,0,1,0.0,0,0,,0,0,,0,1,1,0,0,0,0,0,0,-0.4
Leaonna Odom,2021,15,2021-08-22,23.4,NYL,home,LAS,-3.0,0,1.6,0,0,,0,0,,0,0,,0,0,0,0,0,0,0,0,0,0.0
Leaonna Odom,2021,16,2021-08-25,23.4,NYL,home,PHO,-27.0,0,18.5,0,0,,0,0,,2,2,1.0,1,1,2,1,0,0,0,1,2,3.3
Leaonna Odom,2021,17,2021-08-27,23.4,NYL,home,PHO,-16.0,0,4.3,0,0,,0,0,,0,0,,0,0,0,0,0,0,0,1,0,-0.4
Leaonna Odom,2021,18,2021-09-02,23.4,NYL,away,SEA,-10.0,0,9.2,0,1,0.0,0,0,,0,0,,0,0,0,0,0,0,1,1,0,-2.1
Sydney Wiese,2020,1,2020-07-25,25.1,LAS,home,PHO,23.0,0,18.1,2,3,0.667,0,1,0.0,1,1,1.0,0,1,1,0,0,0,2,0,5,2.0
Sydney Wiese,2020,2,2020-07-28,25.1,LAS,home,CHI,-18.0,0,16.9,2,4,0.5,2,4,0.5,2,2,1.0,0,1,1,2,0,0,1,2,8,5.9
Sydney Wiese,2020,3,2020-07-30,25.1,LAS,home,CON,5.0,0,13.4,0,0,,0,0,,0,0,,0,4,4,0,0,0,0,0,0,1.2
Sydney Wiese,2020,4,2020-08-01,25.1,LAS,home,SEA,-6.0,0,4.9,0,1,0.0,0,1,0.0,0,0,,0,1,1,0,1,0,0,0,0,0.6
Sydney Wiese,2020,5,2020-08-05,25.1,LAS,home,IND,11.0,1,27.5,3,7,0.429,2,4,0.5,0,0,,1,3,4,1,0,0,2,3,8,3.4
Sydney Wiese,2020,6,2020-08-07,25.1,LAS,home,LVA,-4.0,1,28.2,6,9,0.667,2,4,0.5,4,4,1.0,0,1,1,2,0,0,0,1,18,15.4
Sydney Wiese,2020,7,2020-08-09,25.1,LAS,home,MIN,16.0,1,16.5,6,8,0.75,3,4,0.75,0,0,,0,3,3,0,0,0,2,1,15,10.3
Sydney Wiese,2020,8,2020-08-11,25.2,LAS,home,NYL,15.0,1,28.5,6,10,0.6,5,7,0.714,0,0,,0,1,1,2,1,1,2,1,17,13.4
Sydney Wiese,2020,9,2020-08-13,25.2,LAS,home,WAS,17.0,1,20.1,0,5,0.0,0,3,0.0,0,0,,1,0,1,1,0,0,1,2,0,-3.9
Sydney Wiese,2020,10,2020-08-15,25.2,LAS,home,IND,14.0,1,25.5,2,2,1.0,2,2,1.0,2,2,1.0,0,1,1,5,2,0,3,1,8,9.8
Sydney Wiese,2020,11,2020-08-19,25.2,LAS,home,PHO,9.0,1,24.9,2,5,0.4,1,4,0.25,0,0,,0,4,4,1,0,0,0,1,5,3.8
Sydney Wiese,2020,12,2020-08-21,25.2,LAS,home,ATL,8.0,1,28.0,5,11,0.455,4,5,0.8,1,2,0.5,2,4,6,1,4,0,3,0,15,13.2
Sydney Wiese,2020,13,2020-08-23,25.2,LAS,home,DAL,3.0,1,19.7,2,4,0.5,0,1,0.0,0,0,,0,0,0,1,0,1,1,2,4,1.6
Sydney Wiese,2020,14,2020-08-28,25.2,LAS,home,CON,4.0,1,21.7,3,5,0.6,0,1,0.0,0,0,,1,2,3,2,1,0,1,1,6,6.0
Sydney Wiese,2020,15,2020-08-30,25.2,LAS,home,ATL,5.0,1,21.3,2,3,0.667,1,2,0.5,0,0,,0,0,0,1,2,0,1,0,5,5.4
Sydney Wiese,2020,16,2020-08-31,25.2,LAS,home,MIN,-18.0,1,20.4,3,10,0.3,1,7,0.143,1,1,1.0,0,1,1,1,0,0,1,0,8,2.2
Sydney Wiese,2020,17,2020-09-02,25.2,LAS,home,DAL,8.0,1,12.1,2,4,0.5,1,2,0.5,0,0,,0,1,1,1,0,0,0,2,5,3.2
Sydney Wiese,2020,18,2020-09-04,25.2,LAS,home,SEA,-1.0,1,13.6,1,2,0.5,1,1,1.0,0,0,,0,0,0,1,0,0,2,0,3,0.7
Sydney Wiese,2020,19,2020-09-06,25.2,LAS,home,CHI,6.0,1,1.5,0,0,,0,0,,0,0,,0,0,0,0,0,0,0,0,0,0.0
Sydney Wiese,2021,1,2021-05-15,25.9,WAS,home,CHI,-14.0,0,3.9,0,1,.000,0,1,.000,0,0,,0,0,0,0,0,0,0,0,0,-0.7
Sydney Wiese,2021,2,2021-05-18,25.9,WAS,home,PHO,-21.0,0,18.9,1,2,.500,1,2,.500,5,5,1.000,1,0,1,1,1,0,2,2,8,6.6
Sydney Wiese,2021,3,2021-05-21,25.9,WAS,home,NYL,29.0,0,15.1,2,6,.333,2,5,.400,0,0,,0,2,2,0,0,0,0,0,6,3.2
Sydney Wiese,2021,4,2021-05-23,25.9,WAS,away,IND,-12.0,0,26.6,2,5,.400,1,3,.333,0,0,,0,3,3,3,1,0,0,0,5,6.3
Sydney Wiese,2021,5,2021-05-25,25.9,WAS,away,IND,16.0,1,34.2,2,4,.500,2,4,.500,0,0,,0,0,0,4,0,0,1,0,6,5.8
Sydney Wiese,2021,6,2021-05-28,25.9,WAS,away,CON,-5.0,1,24.1,4,6,.667,4,6,.667,0,0,,0,2,2,1,0,0,0,2,12,9.9
Sydney Wiese,2021,7,2021-06-17,26.0,WAS,home,ATL,3.0,1,32.8,2,9,.222,1,6,.167,2,3,.667,0,3,3,2,1,0,3,0,7,1.4
Sydney Wiese,2021,8,2021-06-19,26.0,WAS,home,IND,5.0,1,33.6,1,6,.167,1,5,.200,0,0,,0,1,1,1,0,0,0,1,3,-0.2
Sydney Wiese,2021,9,2021-06-22,26.0,WAS,away,SEA,4.0,1,34.0,2,6,.333,1,5,.200,0,0,,1,2,3,3,0,0,0,3,5,3.8
Sydney Wiese,2021,10,2021-06-24,26.0,WAS,away,LAS,-7.0,1,29.6,0,2,.000,0,2,.000,0,0,,0,2,2,2,0,0,2,3,0,-2.6
Sydney Wiese,2021,11,2021-06-26,26.0,WAS,away,DAL,-11.0,1,22.5,1,6,.167,0,5,.000,0,0,,0,3,3,6,0,0,1,0,2,2.3
Sydney Wiese,2021,12,2021-06-29,26.0,WAS,home,CON,-19.0,1,37.6,1,3,.333,1,3,.333,0,0,,0,0,0,3,2,0,0,1,3,5.0
Sydney Wiese,2021,13,2021-07-03,26.0,WAS,away,NYL,-3.0,0,25.6,3,6,.500,1,2,.500,2,2,1.000,0,1,1,1,0,0,0,1,9,6.6
Sydney Wiese,2021,14,2021-07-10,26.1,WAS,away,CHI,4.0,0,19.8,3,8,.375,1,3,.333,0,0,,0,1,1,0,0,0,4,0,7,-1.1
Sydney Wiese,2021,15,2021-08-15,26.2,WAS,away,LVA,-1.0,0,17.9,1,3,.333,0,1,.000,0,0,,0,0,0,1,0,0,0,1,2,0.6
Sydney Wiese,2021,16,2021-08-17,26.2,WAS,away,LVA,-10.0,0,18.7,1,6,.167,0,3,.000,0,0,,0,1,1,0,1,0,2,1,2,-2.9
Sydney Wiese,2021,17,2021-08-19,26.2,WAS,away,PHO,-13.0,0,20.0,3,8,.375,2,4,.500,0,0,,0,1,1,1,3,0,0,0,8,7.6
Sydney Wiese,2021,18,2021-08-22,26.2,WAS,home,SEA,-7.0,0,21.5,3,6,.500,1,2,.500,0,0,,1,3,4,2,0,0,1,1,7,5.6
Sydney Wiese,2021,19,2021-08-24,26.2,WAS,home,LAS,10.0,0,15.4,1,2,.500,0,0,,0,0,,0,1,1,0,0,0,3,1,2,-2.1
Sydney Wiese,2021,20,2021-08-26,26.2,WAS,home,DAL,-5.0,0,19.8,4,8,.500,1,4,.250,0,0,,1,2,3,1,1,0,1,0,9,7.0
Sydney Wiese,2021,21,2021-08-28,26.2,WAS,home,DAL,1.0,0,26.6,0,6,.000,0,3,.000,1,4,.250,0,0,0,4,0,0,2,0,1,-3.6
Sydney Wiese,2021,22,2021-08-31,26.2,WAS,home,CON,-10.0,0,16.7,2,5,.400,1,2,.500,2,2,1.000,0,1,1,0,0,0,1,0,7,3.6
Sydney Wiese,2021,23,2021-09-04,26.2,WAS,away,MIN,-18.0,0,13.8,0,3,.000,0,2,.000,0,0,,0,0,0,1,0,0,1,1,0,-2.8
Sydney Wiese,2021,24,2021-09-07,26.2,WAS,away,SEA,-34.0,0,18.7,0,2,.000,0,1,.000,2,2,1.000,1,1,2,4,0,0,1,1,2,3.0
Sydney Wiese,2021,25,2021-09-10,26.2,WAS,home,ATL,8.0,0,18.3,2,6,.333,2,4,.500,0,0,,0,0,0,1,0,0,2,0,6,1.3
Sydney Wiese,2021,26,2021-09-12,26.2,WAS,away,CHI,8.0,0,11.8,0,2,.000,0,1,.000,0,0,,0,1,1,1,0,0,0,1,0,-0.8
Sydney Wiese,2021,27,2021-09-19,26.3,WAS,home,MIN,-6.0,0,1.0,0,0,,0,0,,0,0,,0,0,0,0,0,0,0,0,0,0.0
Alexis Jones,2020,1,2020-07-26,26.2,ATL,home,DAL,10.0,0,2.4,0,1,0.0,0,1,0.0,0,0,,0,0,0,0,0,0,0,0,0,-0.7
Alexis Jones,2020,2,2020-07-29,26.2,ATL,home,LVA,-30.0,0,20.2,1,7,0.143,1,7,0.143,0,0,,0,0,0,0,2,0,3,1,3,-2.9
Alexis Jones,2020,3,2020-08-10,26.3,ATL,home,CON,-11.0,0,12.8,3,5,0.6,3,5,0.6,0,0,,0,0,0,1,1,0,2,0,9,6.4
Alexis Jones,2020,4,2020-08-12,26.3,ATL,home,SEA,-37.0,0,6.9,1,3,0.333,1,2,0.5,0,0,,0,0,0,2,0,0,1,0,3,1.7
Alexis Jones,2020,5,2020-08-14,26.3,ATL,home,PHO,-16.0,0,7.8,2,3,0.667,2,3,0.667,1,2,0.5,0,0,0,2,0,0,0,1,7,6.3
Alexis Jones,2020,6,2020-08-16,26.3,ATL,home,CHI,-25.0,0,2.9,1,2,0.5,0,1,0.0,0,0,,0,0,0,0,0,0,0,1,2,0.6
Blake Dietrick,2020,1,2020-07-26,27.0,ATL,home,DAL,10.0,0,27.3,2,3,.667,1,1,1.000,0,0,,0,4,4,5,1,0,3,3,5,5.2
Blake Dietrick,2020,2,2020-07-29,27.0,ATL,home,LVA,-30.0,0,26.7,6,13,.462,1,8,.125,0,0,,0,2,2,4,1,0,3,4,13,6.1
Blake Dietrick,2020,3,2020-07-31,27.0,ATL,home,NYL,6.0,0,12.0,0,1,.000,0,0,,0,0,,0,1,1,0,0,0,1,1,0,-1.8
Blake Dietrick,2020,4,2020-08-02,27.0,ATL,home,IND,-16.0,0,19.4,0,1,.000,0,0,,0,0,,0,1,1,4,1,0,0,2,0,2.6
Blake Dietrick,2020,5,2020-08-04,27.0,ATL,home,PHO,-7.0,0,20.8,3,3,1.000,1,1,1.000,0,0,,0,3,3,2,0,0,2,2,7,5.6
Blake Dietrick,2020,6,2020-08-06,27.0,ATL,home,SEA,-1.0,0,3.5,0,2,.000,0,1,.000,0,0,,0,0,0,0,0,0,2,0,0,-3.4
Blake Dietrick,2020,7,2020-08-08,27.1,ATL,home,DAL,-10.0,0,8.4,0,0,,0,0,,0,0,,0,0,0,0,0,0,0,1,0,-0.4
Blake Dietrick,2020,8,2020-08-10,27.1,ATL,home,CON,-11.0,0,23.5,1,4,.250,0,1,.000,0,0,,0,2,2,6,0,0,3,2,2,0.6
Blake Dietrick,2020,9,2020-08-12,27.1,ATL,home,SEA,-37.0,1,40.0,6,12,.500,4,9,.444,0,0,,2,3,5,4,1,0,3,1,16,12.7
Blake Dietrick,2020,10,2020-08-14,27.1,ATL,home,PHO,-16.0,1,29.6,4,8,.500,3,6,.500,0,0,,0,2,2,7,1,3,3,3,11,11.4
Blake Dietrick,2020,11,2020-08-16,27.1,ATL,home,CHI,-25.0,1,30.0,3,9,.333,1,4,.250,0,0,,1,1,2,2,3,0,3,4,7,2.7
Blake Dietrick,2020,12,2020-08-19,27.1,ATL,home,WAS,-7.0,1,19.7,1,2,.500,1,1,1.000,0,0,,0,0,0,2,0,0,2,0,3,1.4
Blake Dietrick,2020,13,2020-08-21,27.1,ATL,home,LAS,-8.0,0,11.7,1,3,.333,1,2,.500,1,4,.250,0,1,1,1,1,0,4,4,4,-2.5
Blake Dietrick,2020,14,2020-08-23,27.1,ATL,home,MIN,3.0,0,26.8,5,7,.714,3,4,.750,0,0,,0,0,0,5,1,0,2,4,13,11.0
Blake Dietrick,2020,15,2020-08-28,27.1,ATL,home,MIN,-9.0,0,20.3,4,6,.667,3,4,.750,0,0,,0,0,0,5,0,0,2,3,11,8.7
Blake Dietrick,2020,16,2020-08-30,27.1,ATL,home,LAS,-5.0,0,18.8,2,5,.400,1,2,.500,0,0,,2,1,3,5,0,0,1,0,5,6.5
Blake Dietrick,2020,17,2020-09-01,27.1,ATL,home,IND,12.0,0,22.1,3,4,.750,1,1,1.000,0,0,,0,2,2,5,2,0,2,1,7,9.1
Blake Dietrick,2020,18,2020-09-03,27.1,ATL,home,NYL,6.0,0,24.8,1,4,.250,1,4,.250,0,0,,0,1,1,2,0,0,0,3,3,1.1
Blake Dietrick,2020,19,2020-09-05,27.1,ATL,home,LVA,-10.0,0,10.4,2,4,.500,1,2,.500,0,0,,0,0,0,3,0,0,1,0,5,4.1
Blake Dietrick,2020,20,2020-09-09,27.1,ATL,home,CHI,8.0,0,30.3,4,5,.800,3,3,1.000,4,4,1.000,1,2,3,5,3,0,2,3,15,17.7
Blake Dietrick,2020,21,2020-09-11,27.1,ATL,home,CON,7.0,0,19.1,1,6,.167,0,3,.000,0,0,,2,0,2,4,3,0,0,1,2,5.0
Blake Dietrick,2020,22,2020-09-13,27.2,ATL,home,WAS,-7.0,0,17.9,0,2,.000,0,1,.000,0,0,,0,2,2,4,0,0,1,0,0,1.0
Blake Dietrick,2021,1,2021-08-24,28.1,ATL,home,CHI,-7.0,0,22.5,3,5,0.6,2,4,0.5,0,0,,0,2,2,2,1,0,0,3,8,7.5
Blake Dietrick,2021,2,2021-08-26,28.1,ATL,home,LVA,-7.0,0,16.8,0,5,0.0,0,4,0.0,0,0,,0,2,2,1,1,0,2,1,0,-3.6
Blake Dietrick,2021,3,2021-09-02,28.1,ATL,away,DAL,-4.0,0,26.7,1,3,0.333,1,2,0.5,0,0,,0,3,3,3,2,0,1,1,3,4.9
Blake Dietrick,2021,4,2021-09-05,28.1,ATL,away,DAL,5.0,0,13.3,0,1,0.0,0,0,,0,0,,0,2,2,1,0,0,1,1,0,-0.8
Blake Dietrick,2021,5,2021-09-08,28.1,ATL,home,PHO,-1.0,0,15.9,1,3,0.333,1,2,0.5,0,0,,0,1,1,2,1,0,1,2,3,2.2
Blake Dietrick,2021,6,2021-09-10,28.1,ATL,away,WAS,-8.0,0,15.5,1,4,0.25,0,2,0.0,0,0,,2,1,3,1,0,0,0,3,2,0.8
Blake Dietrick,2021,7,2021-09-14,28.2,ATL,home,IND,7.0,0,8.0,0,1,0.0,0,0,,0,0,,0,0,0,1,0,0,0,1,0,-0.4
Blake Dietrick,2021,8,2021-09-16,28.2,ATL,home,LAS,-6.0,0,7.3,1,2,0.5,1,1,1.0,0,0,,0,0,0,0,0,0,0,3,3,0.8
Blake Dietrick,2021,9,2021-09-19,28.2,ATL,away,CON,-20.0,0,15.0,1,3,0.333,0,1,0.0,0,0,,1,0,1,0,0,1,0,5,2,-0.3
Khayla Pointer,2022,1,2022-06-23,23.6,IND,away,DAL,-26.0,0,6.7,1,1,1.0,1,1,1.0,3,4,0.75,0,0,0,0,0,0,2,0,6,3.3
Khayla Pointer,2022,2,2022-06-29,23.6,IND,away,PHO,-21.0,0,0.5,0,0,,0,0,,0,0,,0,0,0,0,0,0,0,0,0,0.0
Khayla Pointer,2022,3,2022-07-01,23.6,IND,away,SEA,-16.0,0,6.5,0,0,,0,0,,1,4,0.25,0,1,1,0,0,0,1,0,1,-0.9
Khayla Pointer,2022,4,2022-07-05,23.6,IND,home,SEA,-22.0,0,5.5,1,2,0.5,0,1,0.0,1,2,0.5,0,1,1,1,1,0,0,0,3,3.6
Khayla Pointer,2022,5,2022-07-07,23.6,IND,home,CHI,-9.0,0,5.8,2,2,1.0,0,0,,0,0,,0,0,0,0,1,0,1,0,4,3.4
Khayla Pointer,2022,6,2022-07-17,23.6,IND,away,SEA,-16.0,0,7.1,0,1,0.0,0,1,0.0,0,2,0.0,1,1,2,0,0,0,0,0,0,-0.5
Khayla Pointer,2022,7,2022-07-29,23.7,IND,home,LVA,-21.0,0,0.8,0,0,,0,0,,0,0,,0,0,0,0,0,0,0,0,0,0.0
Khayla Pointer,2022,8,2022-08-03,23.7,IND,away,ATL,-10.0,0,4.7,0,1,0.0,0,0,,0,0,,0,1,1,0,0,0,1,1,0,-1.8
Khayla Pointer,2022,9,2022-08-12,23.7,IND,home,WAS,-12.0,0,7.2,1,2,0.5,0,1,0.0,0,0,,0,1,1,1,0,0,1,1,2,0.6
Khayla Pointer,2022,10,2022-08-14,23.7,IND,away,WAS,-12.0,0,12.9,2,3,0.667,0,0,,2,2,1.0,0,2,2,0,0,0,3,0,6,2.3
Jocelyn Willoughby,2020,1,2020-07-25,22.3,NYL,home,SEA,-16.0,0,23.6,2,7,.286,2,3,.667,3,4,.750,0,4,4,0,0,1,2,2,9,3.6
Jocelyn Willoughby,2020,2,2020-07-29,22.3,NYL,home,DAL,-13.0,0,17.9,1,4,.250,1,1,1.000,0,0,,0,3,3,2,1,0,1,1,3,2.5
Jocelyn Willoughby,2020,3,2020-07-31,22.4,NYL,home,ATL,-6.0,1,25.6,5,10,.500,2,3,.667,2,2,1.000,1,2,3,1,3,2,0,3,14,14.2
Jocelyn Willoughby,2020,4,2020-08-02,22.4,NYL,home,PHO,-29.0,1,18.4,0,5,.000,0,2,.000,2,2,1.000,2,1,3,0,0,0,2,5,2,-3.8
Jocelyn Willoughby,2020,5,2020-08-05,22.4,NYL,home,MIN,-26.0,1,13.8,1,3,.333,0,1,.000,0,0,,0,1,1,1,1,0,1,5,2,-0.7
Jocelyn Willoughby,2020,6,2020-08-07,22.4,NYL,home,WAS,8.0,0,14.4,1,4,.250,0,1,.000,7,9,.778,0,1,1,0,0,0,1,3,9,3.9
Jocelyn Willoughby,2020,7,2020-08-09,22.4,NYL,home,LVA,-2.0,0,10.5,1,3,.333,0,0,,1,1,1.000,0,0,0,1,0,0,1,2,3,0.2
Jocelyn Willoughby,2020,8,2020-08-11,22.4,NYL,home,LAS,-15.0,0,15.5,1,5,.200,0,2,.000,2,2,1.000,0,2,2,0,2,0,3,1,4,0.1
Jocelyn Willoughby,2020,9,2020-08-13,22.4,NYL,home,IND,-7.0,0,8.6,0,1,.000,0,0,,2,2,1.000,2,1,3,0,0,0,1,0,2,2.0
Jocelyn Willoughby,2020,10,2020-08-15,22.4,NYL,home,MIN,-30.0,0,16.5,2,6,.333,0,2,.000,2,2,1.000,0,2,2,1,1,0,2,2,6,2.1
Jocelyn Willoughby,2020,11,2020-08-18,22.4,NYL,home,SEA,-41.0,0,9.9,1,4,.250,0,1,.000,0,0,,1,0,1,2,2,0,1,0,2,2.7
Jocelyn Willoughby,2020,12,2020-08-20,22.4,NYL,home,CHI,-16.0,0,7.5,1,2,.500,0,0,,0,0,,0,0,0,1,1,0,0,1,2,2.3
Jocelyn Willoughby,2020,13,2020-08-22,22.4,NYL,home,CON,-17.0,0,4.0,0,1,.000,0,1,.000,0,0,,0,1,1,0,0,1,1,0,0,-0.7
Jocelyn Willoughby,2020,14,2020-08-25,22.4,NYL,home,CHI,2.0,0,17.5,5,5,1.000,3,3,1.000,1,2,.500,0,2,2,3,0,0,1,2,14,13.0
Jocelyn Willoughby,2020,15,2020-08-29,22.4,NYL,home,LVA,-17.0,0,29.0,1,8,.125,0,3,.000,1,2,.500,1,0,1,0,0,1,1,3,3,-3.4
Jocelyn Willoughby,2020,16,2020-09-01,22.4,NYL,home,CON,-5.0,0,22.4,2,5,.400,1,1,1.000,2,2,1.000,0,3,3,1,2,0,1,4,7,5.3
Jocelyn Willoughby,2020,17,2020-09-03,22.4,NYL,home,ATL,-6.0,0,17.4,1,5,.200,0,1,.000,1,1,1.000,1,0,1,1,0,0,1,1,3,-0.1
Jocelyn Willoughby,2020,18,2020-09-05,22.4,NYL,home,PHO,-16.0,0,23.5,1,7,.143,1,4,.250,4,5,.800,6,3,9,2,0,0,1,1,7,7.2
Jocelyn Willoughby,2020,19,2020-09-08,22.5,NYL,home,LAS,-26.0,1,25.3,7,8,.875,5,5,1.000,2,2,1.000,1,2,3,2,1,1,6,4,21,15.0
Jocelyn Willoughby,2020,20,2020-09-10,22.5,NYL,home,IND,-10.0,1,30.9,4,8,.500,0,1,.000,0,0,,0,8,8,1,0,0,2,5,8,3.1
Jocelyn Willoughby,2020,21,2020-09-12,22.5,NYL,home,WAS,-17.0,0,17.8,2,4,.500,0,0,,0,0,,0,2,2,0,1,0,3,3,4,-0.6
Jocelyn Willoughby,2020,22,2020-09-13,22.5,NYL,home,DAL,-3.0,0,12.9,0,4,.000,0,2,.000,3,4,.750,0,0,0,1,0,0,0,2,3,-0.3
Jocelyn Willoughby,2022,1,2022-05-07,24.1,NYL,home,CON,2.0,1,28.6,5,10,0.5,1,4,0.25,2,5,0.4,1,4,5,1,2,1,1,1,13,10.7
Jocelyn Willoughby,2022,2,2022-05-11,24.1,NYL,away,CHI,-33.0,1,19.1,4,8,0.5,1,2,0.5,0,0,,0,1,1,0,0,1,2,1,9,3.6
Jocelyn Willoughby,2022,3,2022-05-13,24.1,NYL,home,IND,-6.0,1,13.9,1,3,0.333,1,3,0.333,0,0,,0,3,3,0,0,0,1,1,3,0.8
Jocelyn Willoughby,2022,4,2022-05-15,24.1,NYL,home,DAL,-10.0,1,16.7,1,1,1.0,0,0,,0,1,0.0,0,2,2,1,2,0,1,1,2,3.2
Jocelyn Willoughby,2022,5,2022-07-19,24.3,NYL,away,CON,-19.0,0,10.1,0,1,0.0,0,1,0.0,2,2,1.0,0,1,1,1,0,0,1,0,2,1.3
Jocelyn Willoughby,2022,6,2022-07-21,24.3,NYL,away,WAS,-9.0,0,6.2,0,1,0.0,0,0,,0,0,,0,2,2,0,0,0,2,3,0,-3.3
Jocelyn Willoughby,2022,7,2022-07-31,24.4,NYL,home,PHO,20.0,0,4.4,0,1,0.0,0,0,,0,0,,0,1,1,0,0,0,0,0,0,-0.4
Jocelyn Willoughby,2022,8,2022-08-02,24.4,NYL,home,LAS,29.0,0,9.4,0,0,,0,0,,0,0,,0,0,0,0,0,0,1,0,0,-1.0
Jocelyn Willoughby,2022,9,2022-08-06,24.4,NYL,away,PHO,-14.0,0,5.4,0,1,0.0,0,1,0.0,0,0,,1,2,3,0,1,0,0,0,0,1.6
Jocelyn Willoughby,2022,10,2022-08-08,24.4,NYL,away,DAL,-9.0,0,6.6,0,0,,0,0,,0,0,,0,0,0,1,0,0,0,1,0,0.3
Jocelyn Willoughby,2022,11,2022-08-10,24.4,NYL,away,DAL,18.0,0,0.8,0,0,,0,0,,0,0,,0,0,0,0,0,0,0,0,0,0.0
Jocelyn Willoughby,2023,1,2023-05-19,25.2,NYL,away,WAS,-16.0,0,5.4,0,0,,0,0,,0,0,,0,0,0,1,1,0,0,0,0,1.7
Jocelyn Willoughby,2023,2,2023-05-21,25.2,NYL,home,IND,17.0,0,6.9,0,1,.000,0,1,.000,0,0,,0,0,0,1,0,0,1,0,0,-1.0
Jocelyn Willoughby,2023,3,2023-05-27,25.2,NYL,home,CON,16.0,0,1.3,0,0,,0,0,,0,0,,0,0,0,0,0,0,0,0,0,0.0
Jocelyn Willoughby,2023,4,2023-06-09,25.2,NYL,away,ATL,23.0,0,3.0,0,0,,0,0,,0,0,,0,0,0,0,0,0,0,0,0,0.0
Jocelyn Willoughby,2023,5,2023-06-11,25.2,NYL,home,DAL,9.0,0,1.3,0,0,,0,0,,0,0,,0,0,0,0,0,0,0,0,0,0.0
Jocelyn Willoughby,2023,6,2023-06-13,25.2,NYL,home,ATL,-7.0,0,5.4,0,0,,0,0,,2,2,1.000,0,2,2,0,0,0,0,0,2,2.6
Jocelyn Willoughby,2023,7,2023-06-18,25.2,NYL,home,PHO,18.0,0,11.7,2,4,.500,1,3,.333,0,0,,0,0,0,2,0,0,0,1,5,4.0
Jocelyn Willoughby,2023,8,2023-06-23,25.2,NYL,away,ATL,30.0,0,4.2,1,1,1.000,1,1,1.000,0,0,,0,0,0,1,1,0,0,1,3,4.0
Jocelyn Willoughby,2023,9,2023-06-29,25.3,NYL,away,LVA,-17.0,0,10.0,2,2,1.000,1,1,1.000,0,0,,0,0,0,0,0,0,0,1,5,4.0
Jocelyn Willoughby,2023,10,2023-07-05,25.3,NYL,home,PHO,4.0,0,4.0,0,2,.000,0,1,.000,0,0,,1,0,1,0,0,0,0,0,0,-0.7
Jocelyn Willoughby,2023,11,2023-07-12,25.3,NYL,away,IND,8.0,0,7.8,1,1,1.000,0,0,,0,0,,1,1,2,0,0,0,0,1,2,2.3
Jocelyn Willoughby,2023,12,2023-07-19,25.3,NYL,home,DAL,-10.0,0,6.2,0,1,.000,0,0,,0,0,,0,1,1,0,0,0,0,1,0,-0.8
Jocelyn Willoughby,2023,13,2023-07-21,25.3,NYL,away,WAS,9.0,0,9.6,0,1,.000,0,0,,0,0,,0,0,0,0,0,0,2,1,0,-3.1
Jocelyn Willoughby,2023,14,2023-07-23,25.3,NYL,home,IND,18.0,0,6.0,1,2,.500,1,1,1.000,0,0,,1,1,2,1,0,0,0,1,3,3.3
Jocelyn Willoughby,2023,15,2023-07-25,25.3,NYL,home,SEA,4.0,0,4.2,0,0,,0,0,,0,0,,0,0,0,0,0,0,0,0,0,0.0
Jocelyn Willoughby,2023,16,2023-07-27,25.3,NYL,home,ATL,11.0,0,12.2,0,2,.000,0,1,.000,0,0,,0,0,0,1,1,0,0,1,0,-0.1
Jocelyn Willoughby,2023,17,2023-07-28,25.3,NYL,home,MIN,-5.0,0,6.9,0,1,.000,0,0,,0,0,,1,0,1,0,0,0,0,2,0,-0.8
Jocelyn Willoughby,2023,18,2023-07-30,25.3,NYL,away,LAS,8.0,0,10.7,1,1,1.000,1,1,1.000,0,0,,1,0,1,2,0,0,0,1,3,4.4
Jocelyn Willoughby,2023,19,2023-08-01,25.4,NYL,away,LAS,7.0,0,8.7,0,0,,0,0,,0,0,,0,0,0,0,0,0,0,0,0,0.0
Jocelyn Willoughby,2023,20,2023-08-04,25.4,NYL,away,MIN,10.0,0,4.5,0,1,.000,0,0,,0,0,,1,0,1,0,0,0,0,1,0,-0.4
Jocelyn Willoughby,2023,21,2023-08-06,25.4,NYL,home,LVA,38.0,0,4.1,0,1,.000,0,0,,0,0,,0,1,1,0,0,0,0,0,0,-0.4
Jocelyn Willoughby,2023,22,2023-08-11,25.4,NYL,home,CHI,16.0,0,1.8,0,1,.000,0,1,.000,0,0,,0,1,1,0,0,0,1,0,0,-1.4
Jocelyn Willoughby,2023,23,2023-08-13,25.4,NYL,away,IND,11.0,0,0.3,0,0,,0,0,,0,0,,0,0,0,0,0,0,0,0,0,0.0
Jocelyn Willoughby,2023,24,2023-08-17,25.4,NYL,away,LVA,-13.0,0,1.4,0,0,,0,0,,0,0,,0,0,0,0,0,0,0,0,0,0.0
Jocelyn Willoughby,2023,25,2023-08-18,25.4,NYL,away,PHO,22.0,0,3.3,1,1,1.000,0,0,,0,0,,0,0,0,0,0,0,0,1,2,1.3
Jocelyn Willoughby,2023,26,2023-08-26,25.4,NYL,away,MIN,35.0,0,20.9,0,2,.000,0,1,.000,0,0,,2,1,3,1,0,0,1,1,0,-0.4
Jocelyn Willoughby,2023,27,2023-09-01,25.4,NYL,home,CON,31.0,0,11.5,0,1,.000,0,1,.000,0,0,,1,0,1,1,0,0,1,3,0,-1.5
Jocelyn Willoughby,2023,28,2023-09-03,25.4,NYL,away,CHI,17.0,0,16.4,3,4,.750,2,3,.667,2,2,1.000,1,3,4,0,0,0,2,2,10,7.2
Jocelyn Willoughby,2023,29,2023-09-05,25.4,NYL,away,DAL,1.0,0,2.7,0,0,,0,0,,0,0,,0,2,2,0,0,0,0,0,0,0.6
Beatrice Mompremier,2020,1,2020-07-26,24.0,CON,home,MIN,-8.0,0,8.6,1,1,1.000,0,0,,0,2,.000,2,1,3,1,0,0,1,1,2,1.9
Beatrice Mompremier,2020,2,2020-07-30,24.0,CON,home,LAS,-5.0,0,2.3,0,1,.000,0,0,,0,0,,0,0,0,0,0,0,0,0,0,-0.7
Beatrice Mompremier,2020,3,2020-08-01,24.0,CON,home,MIN,-9.0,0,0.5,0,0,,0,0,,1,2,.500,1,0,1,0,0,0,0,0,1,1.3
Beatrice Mompremier,2020,4,2020-08-04,24.0,CON,home,SEA,-13.0,0,3.0,0,0,,0,0,,0,0,,0,0,0,0,0,0,0,0,0,0.0
Beatrice Mompremier,2020,5,2020-08-06,24.0,CON,home,DAL,23.0,0,3.5,1,1,1.000,0,0,,0,0,,0,1,1,0,0,1,0,0,2,2.7
Beatrice Mompremier,2020,6,2020-08-08,24.0,CON,home,CHI,-7.0,0,1.6,1,1,1.000,0,0,,0,0,,0,0,0,0,0,0,0,0,2,1.7
Beatrice Mompremier,2020,7,2020-08-10,24.0,CON,home,ATL,11.0,0,17.3,2,7,.286,0,0,,3,7,.429,3,2,5,0,2,0,1,2,7,4.2
Beatrice Mompremier,2020,8,2020-08-12,24.0,CON,home,DAL,4.0,0,4.5,1,1,1.000,0,0,,1,2,.500,1,2,3,0,0,0,0,3,3,2.4
Beatrice Mompremier,2020,9,2020-08-14,24.0,CON,home,CHI,3.0,0,5.4,0,1,.000,0,0,,0,0,,0,3,3,0,0,2,0,1,0,1.2
Beatrice Mompremier,2020,10,2020-08-16,24.0,CON,home,SEA,-23.0,0,17.4,0,4,.000,0,0,,0,0,,2,2,4,0,0,2,1,2,0,-1.2
Beatrice Mompremier,2020,11,2020-08-18,24.0,CON,home,IND,22.0,0,4.1,0,2,.000,0,0,,0,0,,1,0,1,0,0,0,0,1,0,-1.1
Beatrice Mompremier,2020,12,2020-08-20,24.0,CON,home,LVA,-21.0,0,10.1,2,4,.500,0,0,,0,0,,2,1,3,0,0,0,1,2,4,1.9
Beatrice Mompremier,2020,13,2020-08-22,24.0,CON,home,NYL,17.0,0,1.8,0,0,,0,0,,0,0,,0,1,1,0,0,0,0,0,0,0.3
Beatrice Mompremier,2020,14,2020-08-28,24.1,CON,home,LAS,-4.0,0,9.9,2,2,1.000,0,0,,0,0,,2,1,3,0,2,1,2,2,4,5.0
Beatrice Mompremier,2020,15,2020-08-30,24.1,CON,home,WAS,13.0,0,16.5,3,5,.600,0,0,,1,1,1.000,2,4,6,1,1,0,1,1,7,7.6
Beatrice Mompremier,2020,16,2020-09-01,24.1,CON,home,NYL,5.0,0,4.2,0,0,,0,0,,0,0,,1,1,2,0,0,0,1,2,0,-0.8
Beatrice Mompremier,2020,17,2020-09-03,24.1,CON,home,LVA,-15.0,0,20.3,3,8,.375,0,0,,0,0,,8,8,16,0,0,4,5,2,6,6.6
Beatrice Mompremier,2020,18,2020-09-05,24.1,CON,home,IND,19.0,0,10.9,1,2,.500,0,0,,0,0,,2,4,6,0,0,0,0,2,2,2.8
Beatrice Mompremier,2020,19,2020-09-07,24.1,CON,home,PHO,15.0,0,15.6,2,3,.667,0,0,,0,0,,2,1,3,0,0,0,1,3,4,2.2
Beatrice Mompremier,2020,20,2020-09-09,24.1,CON,home,PHO,-5.0,0,9.2,0,1,.000,0,0,,2,2,1.000,2,2,4,1,0,1,0,2,2,3.9
Beatrice Mompremier,2020,21,2020-09-11,24.1,CON,home,ATL,-7.0,0,20.1,1,3,.333,0,0,,0,2,.000,1,4,5,0,0,2,0,2,2,2.0
Beatrice Mompremier,2021,1,2021-05-14,24.8,CON,away,ATL,11.0,0,12.1,2,3,.667,0,0,,0,2,.000,1,2,3,0,1,0,1,1,4,2.8
Beatrice Mompremier,2021,2,2021-05-16,24.8,CON,home,PHO,8.0,0,11.5,2,2,1.000,0,0,,0,0,,1,2,3,0,1,0,0,1,4,5.3
Beatrice Mompremier,2021,3,2021-05-19,24.8,CON,home,IND,21.0,0,11.5,2,3,.667,0,0,,0,0,,1,0,1,0,1,0,0,4,4,2.8
Beatrice Mompremier,2021,4,2021-05-21,24.8,CON,away,PHO,17.0,0,13.9,3,5,.600,0,0,,0,2,.000,1,5,6,0,0,1,0,2,6,5.0
Beatrice Mompremier,2021,5,2021-05-23,24.8,CON,away,LVA,7.0,0,12.7,0,3,.000,0,0,,0,0,,1,1,2,1,0,1,2,4,0,-3.3
Beatrice Mompremier,2021,6,2021-05-25,24.8,CON,away,SEA,-3.0,0,7.5,0,0,,0,0,,0,0,,0,3,3,0,0,2,0,1,0,1.9
Beatrice Mompremier,2021,7,2021-05-28,24.8,CON,home,WAS,5.0,0,2.1,0,0,,0,0,,0,0,,1,0,1,0,0,0,1,3,0,-1.5
Beatrice Mompremier,2021,8,2021-05-30,24.8,CON,away,MIN,-5.0,0,8.1,0,1,.000,0,0,,0,0,,0,4,4,0,0,0,0,2,0,-0.3
Beatrice Mompremier,2021,9,2021-06-01,24.8,CON,home,LVA,7.0,0,6.6,1,2,.500,0,0,,0,0,,0,1,1,0,0,0,1,2,2,-0.5
Beatrice Mompremier,2021,10,2021-06-05,24.8,CON,home,NYL,21.0,0,11.0,0,1,.000,0,0,,0,0,,0,2,2,0,1,0,1,1,0,-0.5
Beatrice Mompremier,2021,11,2021-06-13,24.8,CON,home,SEA,-23.0,0,13.4,0,2,.000,0,0,,0,0,,1,2,3,1,0,0,1,1,0,-0.8
Beatrice Mompremier,2021,12,2021-06-17,24.9,CON,away,CHI,-6.0,0,4.3,0,0,,0,0,,0,0,,0,0,0,0,0,0,1,1,0,-1.4
Beatrice Mompremier,2021,13,2021-06-19,24.9,CON,away,CHI,-10.0,0,2.8,0,0,,0,0,,0,0,,0,1,1,0,0,1,0,0,0,1.0
Beatrice Mompremier,2021,14,2021-06-22,24.9,CON,home,DAL,10.0,0,3.2,0,2,.000,0,0,,0,0,,0,0,0,0,0,0,1,0,0,-2.4
Beatrice Mompremier,2021,15,2021-06-27,24.9,CON,home,CHI,16.0,0,18.0,1,3,.333,0,0,,2,4,.500,4,7,11,1,2,1,1,2,4,8.0
Beatrice Mompremier,2021,16,2021-06-29,24.9,CON,away,WAS,19.0,0,9.1,0,2,.000,0,0,,1,2,.500,2,1,3,0,0,0,1,1,1,-0.5
Beatrice Mompremier,2021,17,2021-07-01,24.9,CON,away,IND,6.0,0,7.2,0,1,.000,0,0,,0,0,,1,0,1,0,1,0,0,1,0,0.6
Beatrice Mompremier,2021,18,2021-07-03,24.9,CON,away,IND,-6.0,0,7.2,1,1,1.000,0,0,,0,0,,0,2,2,0,0,0,0,2,2,1.5
Beatrice Mompremier,2021,19,2021-07-09,24.9,CON,home,ATL,12.0,0,4.4,1,1,1.000,0,0,,0,0,,0,0,0,0,0,0,0,0,2,1.7
Beatrice Mompremier,2021,20,2021-07-11,24.9,CON,away,NYL,17.0,0,15.0,2,4,.500,0,0,,0,0,,2,2,4,0,0,0,1,1,4,2.6
Beatrice Mompremier,2021,21,2021-08-15,25.0,CON,away,DAL,21.0,0,5.6,0,2,.000,0,0,,0,0,,0,1,1,0,0,0,0,1,0,-1.5
Beatrice Mompremier,2021,22,2021-08-17,25.0,CON,home,MIN,12.0,0,3.0,0,0,,0,0,,0,0,,0,0,0,1,0,0,0,1,0,0.3
Beatrice Mompremier,2021,23,2021-08-19,25.0,CON,home,MIN,11.0,0,4.4,0,0,,0,0,,0,0,,0,0,0,0,0,0,0,0,0,0.0
Beatrice Mompremier,2021,24,2021-08-24,25.0,CON,home,LVA,14.0,0,7.5,0,0,,0,0,,0,0,,3,1,4,0,0,0,0,0,0,2.4
Beatrice Mompremier,2021,25,2021-08-26,25.0,CON,home,LAS,4.0,0,9.1,0,0,,0,0,,0,0,,0,3,3,1,1,1,0,3,0,2.1
Beatrice Mompremier,2021,26,2021-08-28,25.1,CON,home,LAS,15.0,0,12.1,1,1,1.000,0,0,,0,0,,0,3,3,0,0,0,1,3,2,0.4
Beatrice Mompremier,2021,27,2021-08-31,25.1,CON,away,WAS,10.0,0,7.9,1,1,1.000,0,0,,0,0,,1,0,1,0,0,0,2,0,2,0.4
Beatrice Mompremier,2021,28,2021-09-07,25.1,CON,away,DAL,27.0,0,11.9,3,3,1.000,0,0,,0,0,,2,2,4,1,2,0,0,3,6,8.6
Beatrice Mompremier,2021,29,2021-09-09,25.1,CON,away,LAS,18.0,0,4.9,1,1,1.000,0,0,,0,0,,1,0,1,0,0,0,1,2,2,0.6
Beatrice Mompremier,2021,30,2021-09-11,25.1,CON,away,PHO,9.0,0,14.2,1,3,.333,0,0,,2,2,1.000,2,1,3,1,1,0,0,1,4,5.3
Beatrice Mompremier,2021,31,2021-09-15,25.1,CON,home,NYL,29.0,0,6.7,2,4,.500,0,0,,0,0,,3,1,4,0,1,0,2,0,4,3.4
Beatrice Mompremier,2021,32,2021-09-19,25.1,CON,home,ATL,20.0,0,6.8,2,2,1.000,0,0,,0,0,,0,2,2,0,0,1,0,0,4,4.7
Beatrice Mompremier,2022,1,2022-05-11,25.8,ATL,home,LAS,2.0,0,2.2,0,0,,0,0,,0,0,,0,0,0,0,0,0,0,0,0,0.0
Beatrice Mompremier,2022,2,2022-05-17,25.8,ATL,away,IND,22.0,0,4.3,1,3,.333,0,0,,0,0,,1,1,2,0,0,0,0,2,2,0.5
Beatrice Mompremier,2022,3,2022-05-24,25.8,ATL,away,WAS,-20.0,0,4.4,0,0,,0,0,,1,2,.500,0,2,2,0,0,1,1,2,1,0.1
Beatrice Mompremier,2022,4,2022-05-29,25.8,ATL,home,PHO,27.0,0,5.5,0,0,,0,0,,0,0,,0,2,2,1,0,0,1,2,0,-0.5
Beatrice Mompremier,2022,5,2022-06-01,25.8,ATL,home,MIN,8.0,0,3.5,1,1,1.000,0,0,,0,0,,0,1,1,0,0,0,0,2,2,1.2
Beatrice Mompremier,2022,6,2022-06-15,25.9,ATL,away,CON,-13.0,0,15.3,3,6,.500,0,0,,0,0,,2,1,3,1,1,2,0,2,6,7.0
Beatrice Mompremier,2022,7,2022-06-17,25.9,ATL,away,CHI,-6.0,0,6.7,1,1,1.000,0,0,,0,0,,2,1,3,0,0,1,0,0,2,4.1
Beatrice Mompremier,2022,8,2022-06-21,25.9,ATL,home,DAL,5.0,0,9.8,1,1,1.000,0,0,,0,0,,2,3,5,0,0,0,1,2,2,2.2
Beatrice Mompremier,2022,9,2022-06-24,25.9,ATL,home,NYL,-12.0,0,13.9,2,4,.500,0,0,,2,2,1.000,3,5,8,1,0,0,0,1,6,7.9
Beatrice Mompremier,2022,10,2022-06-26,25.9,ATL,home,CON,-11.0,0,24.9,2,7,.286,0,0,,0,0,,0,3,3,1,1,2,4,2,4,-0.9
Beatrice Mompremier,2022,11,2022-06-28,25.9,ATL,away,WAS,-18.0,0,15.4,1,3,.333,0,0,,0,0,,2,3,5,1,0,0,1,2,2,1.5
Beatrice Mompremier,2022,12,2022-07-03,25.9,ATL,home,SEA,14.0,0,4.2,1,2,.500,0,0,,0,0,,1,1,2,0,0,0,1,1,2,0.6
Beatrice Mompremier,2022,13,2022-07-15,25.9,ATL,home,CON,-25.0,0,19.9,2,5,.400,0,0,,1,2,.500,1,4,5,1,0,2,0,2,5,5.1
Beatrice Mompremier,2022,14,2022-07-17,25.9,ATL,away,PHO,10.0,0,1.1,0,0,,0,0,,0,0,,0,0,0,0,0,0,1,0,0,-1.0
Beatrice Mompremier,2022,15,2022-07-19,25.9,ATL,away,LVA,16.0,0,1.6,0,0,,0,0,,0,0,,0,0,0,0,0,0,0,0,0,0.0
Beatrice Mompremier,2022,16,2022-07-21,26.0,ATL,away,LAS,-7.0,0,9.2,1,2,.500,0,0,,1,2,.500,1,3,4,2,0,0,0,3,3,3.4
Beatrice Mompremier,2022,17,2022-07-28,26.0,ATL,home,MIN,-7.0,0,7.0,1,3,.333,0,0,,0,1,.000,1,2,3,0,0,1,1,2,2,0.1
Beatrice Mompremier,2022,18,2022-07-30,26.0,ATL,home,DAL,-13.0,0,9.7,0,0,,0,0,,0,2,.000,2,1,3,0,0,1,1,0,0,0.6
Beatrice Mompremier,2022,19,2022-08-03,26.0,ATL,home,IND,10.0,0,8.2,1,3,.333,0,0,,0,2,.000,1,4,5,0,0,1,1,1,2,0.7
Beatrice Mompremier,2022,20,2022-08-05,26.0,ATL,home,LAS,2.0,0,5.7,2,2,1.000,0,0,,0,0,,1,1,2,0,0,1,2,2,4,2.3
Beatrice Mompremier,2022,21,2022-08-07,26.0,ATL,away,MIN,-10.0,0,2.6,0,1,.000,0,0,,0,0,,0,1,1,0,0,0,0,0,0,-0.4
Tierra Ruffin-Pratt,2020,1,2020-07-25,29.3,LAS,home,PHO,23.0,1,14.0,1,5,0.2,0,0,,2,4,0.5,1,0,1,1,0,0,0,2,4,0.7
Tierra Ruffin-Pratt,2020,2,2020-07-28,29.3,LAS,home,CHI,-18.0,1,18.6,1,4,0.25,1,2,0.5,2,2,1.0,0,2,2,1,2,0,2,4,5,2.3
Tierra Ruffin-Pratt,2020,3,2020-07-30,29.3,LAS,home,CON,5.0,1,16.6,0,4,0.0,0,1,0.0,2,2,1.0,0,3,3,2,0,0,0,5,2,-0.5
Tierra Ruffin-Pratt,2020,4,2020-08-01,29.3,LAS,home,SEA,-6.0,1,12.3,0,2,0.0,0,0,,0,0,,3,0,3,1,0,0,1,2,0,-0.4
Tierra Ruffin-Pratt,2020,5,2020-08-05,29.3,LAS,home,IND,11.0,1,20.3,2,4,0.5,1,1,1.0,3,4,0.75,0,2,2,1,2,1,0,0,8,9.6
Tierra Ruffin-Pratt,2020,6,2020-08-07,29.3,LAS,home,LVA,-4.0,1,24.5,1,4,0.25,1,3,0.333,2,2,1.0,1,2,3,2,1,0,2,1,5,3.9
Tierra Ruffin-Pratt,2020,7,2020-08-09,29.3,LAS,home,MIN,16.0,1,3.3,0,0,,0,0,,1,2,0.5,0,0,0,0,0,0,0,0,1,0.6
Tierra Ruffin-Pratt,2020,8,2020-08-19,29.4,LAS,home,PHO,9.0,0,13.5,0,1,0.0,0,0,,2,2,1.0,0,0,0,1,1,1,1,1,2,2.3
Tierra Ruffin-Pratt,2020,9,2020-08-21,29.4,LAS,home,ATL,8.0,0,25.0,0,2,0.0,0,1,0.0,0,0,,0,6,6,1,1,0,2,2,0,-0.7
Tierra Ruffin-Pratt,2020,10,2020-08-23,29.4,LAS,home,DAL,3.0,0,16.1,1,6,0.167,1,2,0.5,0,0,,0,4,4,0,0,0,0,2,3,-0.4
Tierra Ruffin-Pratt,2020,11,2020-08-28,29.4,LAS,home,CON,4.0,0,7.2,0,2,0.0,0,1,0.0,2,2,1.0,0,1,1,0,0,0,0,0,2,0.9
Tierra Ruffin-Pratt,2020,12,2020-08-30,29.4,LAS,home,ATL,5.0,0,12.4,1,2,0.5,0,0,,0,0,,0,2,2,0,1,0,0,0,2,2.6
Tierra Ruffin-Pratt,2020,13,2020-08-31,29.4,LAS,home,MIN,-18.0,1,5.7,0,1,0.0,0,0,,0,0,,1,0,1,3,0,0,0,4,0,0.5
Tierra Ruffin-Pratt,2020,14,2020-09-02,29.4,LAS,home,DAL,8.0,1,29.0,3,3,1.0,1,1,1.0,3,6,0.5,1,3,4,1,1,0,0,1,10,10.8
Tierra Ruffin-Pratt,2020,15,2020-09-04,29.4,LAS,home,SEA,-1.0,0,7.8,0,0,,0,0,,0,0,,0,2,2,0,0,0,1,1,0,-0.8
Tierra Ruffin-Pratt,2020,16,2020-09-06,29.4,LAS,home,CHI,6.0,0,24.4,1,4,0.25,1,1,1.0,0,0,,2,0,2,1,2,1,0,3,3,4.2
Tierra Ruffin-Pratt,2020,17,2020-09-08,29.4,LAS,home,NYL,26.0,1,0.6,1,1,1.0,0,0,,0,0,,0,0,0,0,0,0,0,0,2,1.7
Seimone Augustus,2020,1,2020-07-25,36.2,LAS,home,PHO,23.0,0,17.6,6,6,1.000,2,2,1.000,0,0,,0,3,3,2,1,0,0,0,14,15.5
Seimone Augustus,2020,2,2020-07-28,36.2,LAS,home,CHI,-18.0,0,12.5,1,6,.167,1,1,1.000,0,0,,0,2,2,2,2,0,0,0,3,3.2
Seimone Augustus,2020,3,2020-07-30,36.2,LAS,home,CON,5.0,0,20.2,6,12,.500,1,1,1.000,0,0,,1,1,2,0,0,0,1,2,13,6.2
Seimone Augustus,2020,4,2020-08-01,36.3,LAS,home,SEA,-6.0,0,23.4,5,9,.556,2,5,.400,0,0,,0,0,0,1,1,0,0,2,12,8.6
Seimone Augustus,2020,5,2020-08-05,36.3,LAS,home,IND,11.0,0,13.4,2,3,.667,0,0,,0,0,,0,0,0,1,1,0,0,2,4,3.6
Seimone Augustus,2020,6,2020-08-09,36.3,LAS,home,MIN,16.0,0,19.9,5,9,.556,2,4,.500,1,2,.500,0,3,3,1,1,0,1,0,13,9.9
Seimone Augustus,2020,7,2020-08-11,36.3,LAS,home,NYL,15.0,0,8.5,0,2,.000,0,0,,0,0,,0,0,0,1,0,0,0,0,0,-0.7
Seimone Augustus,2020,8,2020-08-13,36.3,LAS,home,WAS,17.0,0,16.2,4,7,.571,1,2,.500,0,0,,1,2,3,2,1,0,1,1,9,8.0
Seimone Augustus,2020,9,2020-08-15,36.3,LAS,home,IND,14.0,0,4.6,1,2,.500,0,0,,0,0,,0,0,0,1,0,0,0,1,2,1.3
Seimone Augustus,2020,10,2020-08-19,36.3,LAS,home,PHO,9.0,0,18.8,4,7,.571,0,0,,1,2,.500,0,3,3,1,1,0,0,0,9,7.9
Seimone Augustus,2020,11,2020-08-21,36.3,LAS,home,ATL,8.0,0,20.3,2,4,.500,0,0,,0,0,,0,1,1,2,1,0,0,1,4,4.3
Seimone Augustus,2020,12,2020-08-23,36.3,LAS,home,DAL,3.0,0,15.0,0,1,.000,0,0,,0,0,,0,1,1,2,0,0,1,0,0,0.0
Seimone Augustus,2020,13,2020-08-28,36.3,LAS,home,CON,4.0,0,8.2,0,1,.000,0,1,.000,0,0,,0,1,1,0,0,0,2,1,0,-2.8
Seimone Augustus,2020,14,2020-08-30,36.3,LAS,home,ATL,5.0,0,17.4,4,6,.667,0,1,.000,0,0,,0,0,0,0,0,1,0,5,8,4.1
Seimone Augustus,2020,15,2020-08-31,36.3,LAS,home,MIN,-18.0,0,16.5,4,7,.571,1,1,1.000,0,0,,0,3,3,3,0,1,1,1,9,8.0
Seimone Augustus,2020,16,2020-09-02,36.3,LAS,home,DAL,8.0,0,15.6,3,5,.600,2,2,1.000,0,0,,0,3,3,1,1,0,1,0,8,7.3
Seimone Augustus,2020,17,2020-09-04,36.3,LAS,home,SEA,-1.0,0,18.6,2,8,.250,0,1,.000,0,0,,0,2,2,0,0,0,0,3,4,-1.4
Seimone Augustus,2020,18,2020-09-06,36.4,LAS,home,CHI,6.0,0,14.8,0,5,.000,0,0,,0,0,,0,3,3,0,0,0,0,1,0,-3.0
Seimone Augustus,2020,19,2020-09-08,36.4,LAS,home,NYL,26.0,0,22.1,2,3,.667,0,0,,2,2,1.000,1,5,6,4,2,0,0,0,6,11.7
Seimone Augustus,2020,20,2020-09-10,36.4,LAS,home,WAS,-8.0,0,13.0,2,4,.500,0,0,,0,0,,0,0,0,0,0,0,0,0,4,2.0
Seimone Augustus,2020,21,2020-09-12,36.4,LAS,home,LVA,-14.0,0,15.1,1,3,.333,0,1,.000,0,0,,0,1,1,1,0,0,0,0,2,1.3
Crystal Bradford,2021,1,2021-05-14,27.5,ATL,home,CON,-11.0,0,10.5,0,1,.000,0,0,,3,4,.750,0,5,5,2,1,0,0,0,3,5.8
Crystal Bradford,2021,2,2021-05-19,27.5,ATL,home,CHI,-8.0,0,17.8,5,8,.625,2,4,.500,0,0,,2,2,4,1,4,1,1,5,12,12.8
Crystal Bradford,2021,3,2021-05-21,27.6,ATL,away,IND,4.0,0,11.9,3,8,.375,2,4,.500,0,0,,2,1,3,3,1,1,0,2,8,8.3
Crystal Bradford,2021,4,2021-05-25,27.6,ATL,away,CHI,7.0,0,20.2,4,8,.500,1,3,.333,0,0,,1,5,6,2,1,1,1,1,9,8.9
Crystal Bradford,2021,5,2021-05-27,27.6,ATL,home,DAL,6.0,0,9.8,2,7,.286,0,3,.000,0,2,.000,2,2,4,0,1,0,0,4,4,0.5
Crystal Bradford,2021,6,2021-05-29,27.6,ATL,away,NYL,3.0,0,13.9,2,5,.400,1,2,.500,0,2,.000,0,2,2,1,2,1,2,3,5,2.3
Crystal Bradford,2021,7,2021-06-04,27.6,ATL,away,MIN,-2.0,0,10.2,4,6,.667,4,5,.800,0,0,,0,1,1,0,0,0,0,3,12,8.5
Crystal Bradford,2021,8,2021-06-06,27.6,ATL,away,MIN,-20.0,0,17.7,5,12,.417,1,4,.250,1,3,.333,3,1,4,2,1,0,3,3,12,5.4
Crystal Bradford,2021,9,2021-06-09,27.6,ATL,home,SEA,-24.0,0,14.2,1,4,.250,0,1,.000,0,0,,0,2,2,0,1,0,1,0,2,0.2
Crystal Bradford,2021,10,2021-06-11,27.6,ATL,home,SEA,-11.0,0,3.3,2,3,.667,1,2,.500,2,2,1.000,0,1,1,0,0,0,0,0,7,6.0
Crystal Bradford,2021,11,2021-06-13,27.6,ATL,home,WAS,23.0,0,5.9,2,6,.333,1,4,.250,1,2,.500,1,1,2,0,1,0,0,0,6,4.2
Crystal Bradford,2021,12,2021-06-17,27.6,ATL,away,WAS,-3.0,0,16.9,3,8,.375,0,2,.000,0,0,,3,0,3,2,1,0,2,4,6,2.5
Crystal Bradford,2021,13,2021-06-23,27.6,ATL,home,MIN,-2.0,0,15.5,3,4,.750,1,1,1.000,0,2,.000,0,0,0,1,0,0,0,1,7,4.9
Crystal Bradford,2021,14,2021-06-26,27.6,ATL,home,NYL,-23.0,0,17.9,2,5,.400,1,3,.333,3,3,1.000,1,1,2,1,3,0,1,3,8,7.8
Crystal Bradford,2021,15,2021-06-29,27.7,ATL,home,NYL,4.0,0,23.9,5,10,.500,4,6,.667,0,0,,3,4,7,2,1,0,0,1,14,14.3
Crystal Bradford,2021,16,2021-07-02,27.7,ATL,away,SEA,-3.0,1,29.3,7,15,.467,3,7,.429,0,0,,0,3,3,7,4,0,1,4,17,16.5
Crystal Bradford,2021,17,2021-07-04,27.7,ATL,away,LVA,-23.0,1,30.7,3,12,.250,1,4,.250,0,0,,2,4,6,2,0,0,3,1,7,0.4
Crystal Bradford,2021,18,2021-07-09,27.7,ATL,away,CON,-12.0,1,22.1,4,8,.500,2,6,.333,2,4,.500,0,5,5,0,1,0,1,3,12,7.5
Crystal Bradford,2021,19,2021-07-11,27.7,ATL,home,IND,-11.0,1,25.1,5,8,.625,0,1,.000,4,7,.571,0,1,1,1,1,1,1,3,14,9.7
Crystal Bradford,2021,20,2021-08-15,27.8,ATL,away,PHO,-11.0,1,26.8,4,15,.267,0,3,.000,1,2,.500,4,3,7,1,0,0,0,4,9,2.5
Crystal Bradford,2021,21,2021-08-17,27.8,ATL,away,LAS,-5.0,1,32.9,4,11,.364,1,4,.250,1,4,.250,3,5,8,3,0,0,2,2,10,5.6
Crystal Bradford,2021,22,2021-08-19,27.8,ATL,away,LAS,-2.0,1,22.3,3,7,.429,1,4,.250,0,1,.000,0,5,5,2,1,2,2,3,7,5.0
Crystal Bradford,2021,23,2021-08-21,27.8,ATL,home,PHO,-15.0,1,27.6,6,13,.462,1,4,.250,0,1,.000,2,3,5,1,3,2,1,5,13,10.3
Crystal Bradford,2021,24,2021-08-24,27.8,ATL,home,CHI,-7.0,1,13.7,3,7,.429,1,4,.250,0,0,,2,3,5,2,0,0,1,1,7,5.6
Sugar Rodgers,2020,1,2020-07-26,30.6,LVA,home,CHI,-2.0,0,2.2,0,1,.000,0,1,.000,0,0,,0,0,0,0,0,0,0,1,0,-1.1
Sugar Rodgers,2020,2,2020-07-29,30.6,LVA,home,ATL,30.0,0,15.7,1,4,.250,0,1,.000,0,0,,1,2,3,2,1,0,3,1,2,-0.1
Sugar Rodgers,2020,3,2020-07-31,30.6,LVA,home,PHO,-7.0,1,24.6,5,9,.556,4,8,.500,2,2,1.000,0,1,1,4,1,0,0,0,16,15.8
Sugar Rodgers,2020,4,2020-08-02,30.7,LVA,home,DAL,9.0,0,7.3,0,1,.000,0,1,.000,0,0,,0,0,0,1,0,0,2,0,0,-2.0
Sugar Rodgers,2020,5,2020-08-05,30.7,LVA,home,WAS,6.0,0,14.1,1,4,.250,0,2,.000,0,0,,0,1,1,2,0,0,0,0,2,1.3
Sugar Rodgers,2020,6,2020-08-07,30.7,LVA,home,LAS,4.0,0,7.8,0,1,.000,0,1,.000,0,0,,0,1,1,1,0,0,3,3,0,-3.9
Sugar Rodgers,2020,7,2020-08-09,30.7,LVA,home,NYL,2.0,0,16.8,0,1,.000,0,1,.000,1,2,.500,0,2,2,3,0,0,0,2,1,1.8
Sugar Rodgers,2020,8,2020-08-11,30.7,LVA,home,IND,19.0,0,13.5,3,5,.600,1,2,.500,0,0,,1,2,3,1,0,0,0,1,7,6.3
Sugar Rodgers,2020,9,2020-08-13,30.7,LVA,home,MIN,10.0,0,8.2,1,4,.250,1,3,.333,0,0,,0,1,1,1,0,0,1,0,3,0.6
Sugar Rodgers,2020,10,2020-08-15,30.7,LVA,home,WAS,15.0,0,21.6,4,6,.667,4,6,.667,0,0,,0,0,0,1,0,1,0,0,12,10.8
Sugar Rodgers,2020,11,2020-08-18,30.7,LVA,home,CHI,-2.0,0,10.2,0,3,.000,0,3,.000,0,0,,0,1,1,1,0,0,0,0,0,-1.1
Sugar Rodgers,2020,12,2020-08-20,30.7,LVA,home,CON,21.0,0,11.0,2,4,.500,2,4,.500,0,0,,0,4,4,1,0,0,2,2,6,3.1
Sugar Rodgers,2020,13,2020-08-22,30.7,LVA,home,SEA,8.0,0,8.7,1,3,.333,1,3,.333,0,0,,0,0,0,0,1,0,1,0,3,1.3
Sugar Rodgers,2020,14,2020-08-25,30.7,LVA,home,DAL,4.0,0,11.3,0,3,.000,0,1,.000,0,0,,0,2,2,2,1,0,0,1,0,0.5
Sugar Rodgers,2020,15,2020-08-29,30.7,LVA,home,NYL,17.0,0,19.8,4,9,.444,4,9,.444,0,0,,0,1,1,1,1,1,0,4,12,8.4
Sugar Rodgers,2020,16,2020-09-01,30.7,LVA,home,PHO,-7.0,0,12.2,2,6,.333,1,4,.250,0,0,,1,0,1,2,0,0,1,2,5,1.9
Sugar Rodgers,2020,17,2020-09-03,30.7,LVA,home,CON,15.0,0,15.2,0,3,.000,0,2,.000,0,0,,0,2,2,1,0,0,1,3,0,-3.0
Sugar Rodgers,2020,18,2020-09-05,30.7,LVA,home,ATL,10.0,0,7.8,1,3,.333,1,3,.333,0,0,,0,0,0,2,0,0,0,0,3,2.7
Sugar Rodgers,2020,19,2020-09-08,30.8,LVA,home,IND,6.0,0,9.4,0,3,.000,0,2,.000,0,0,,0,2,2,3,1,0,0,0,0,1.6
Sugar Rodgers,2020,20,2020-09-10,30.8,LVA,home,MIN,15.0,0,4.1,0,1,.000,0,1,.000,0,0,,0,0,0,0,1,0,0,2,0,-0.5
Sugar Rodgers,2020,21,2020-09-12,30.8,LVA,home,LAS,14.0,0,4.4,0,1,.000,0,1,.000,0,0,,0,1,1,0,0,1,2,2,0,-2.5
Sugar Rodgers,2020,22,2020-09-13,30.8,LVA,home,SEA,2.0,0,16.8,1,6,.167,1,5,.200,0,0,,0,2,2,2,0,0,0,1,3,0.8
Alaina Coates,2020,1,2020-07-25,25.3,WAS,home,IND,25.0,0,18.4,1,3,0.333,0,0,,4,4,1.0,2,7,9,1,1,0,1,3,6,7.3
Alaina Coates,2020,2,2020-07-28,25.3,WAS,home,CON,5.0,0,6.7,0,1,0.0,0,0,,5,6,0.833,0,1,1,0,0,0,1,5,5,1.2
Alaina Coates,2020,3,2020-07-30,25.3,WAS,home,SEA,18.0,0,10.5,0,2,0.0,0,0,,0,0,,2,1,3,0,1,0,1,2,0,-0.5
Alaina Coates,2020,4,2020-08-01,25.3,WAS,home,CHI,-2.0,0,4.2,0,0,,0,0,,0,2,0.0,0,1,1,0,0,0,0,0,0,-0.5
Alaina Coates,2020,5,2020-08-05,25.3,WAS,home,LVA,-6.0,0,2.0,0,0,,0,0,,0,0,,0,0,0,0,0,0,0,0,0,0.0
Alaina Coates,2020,6,2020-08-07,25.3,WAS,home,NYL,-8.0,0,4.2,0,0,,0,0,,0,0,,0,1,1,0,0,0,0,1,0,-0.1
Alaina Coates,2020,7,2020-08-09,25.3,WAS,home,IND,-7.0,0,7.0,0,0,,0,0,,0,0,,0,1,1,0,1,0,0,2,0,0.5
Alaina Coates,2020,8,2020-08-11,25.3,WAS,home,MIN,-20.0,0,13.1,0,1,0.0,0,0,,0,0,,1,2,3,0,0,0,0,1,0,0.2
Alaina Coates,2020,9,2020-08-13,25.4,WAS,home,LAS,-17.0,0,7.7,0,1,0.0,0,0,,0,0,,1,0,1,1,0,0,0,2,0,-0.1
Alaina Coates,2020,10,2020-08-15,25.4,WAS,home,LVA,-15.0,0,16.6,4,5,0.8,0,0,,0,1,0.0,4,2,6,0,0,0,0,0,8,9.1
Alaina Coates,2020,11,2020-08-19,25.4,WAS,home,ATL,7.0,0,3.1,0,0,,0,0,,0,2,0.0,1,1,2,1,0,0,0,1,0,0.5
Alaina Coates,2020,12,2020-08-21,25.4,WAS,home,DAL,-9.0,0,22.4,3,5,0.6,0,0,,5,7,0.714,4,3,7,2,0,0,7,5,11,4.0
Alaina Coates,2020,13,2020-08-23,25.4,WAS,home,PHO,-1.0,0,17.3,1,2,0.5,0,0,,0,2,0.0,2,2,4,3,1,1,0,2,2,5.2
Alaina Coates,2020,14,2020-08-28,25.4,WAS,home,PHO,-22.0,0,11.6,1,2,0.5,0,0,,0,0,,0,0,0,0,0,0,1,1,2,-0.4
Alaina Coates,2020,15,2020-08-30,25.4,WAS,home,CON,-13.0,0,4.1,0,1,0.0,0,0,,0,0,,1,0,1,0,0,0,0,1,0,-0.4
Alaina Coates,2020,16,2020-09-02,25.4,WAS,home,SEA,-7.0,0,11.7,2,2,1.0,0,0,,0,0,,0,3,3,0,0,0,0,1,4,3.9
Alaina Coates,2020,17,2020-09-04,25.4,WAS,home,CHI,10.0,0,3.8,0,2,0.0,0,0,,0,0,,1,1,2,1,0,0,0,0,0,0.3
Alaina Coates,2020,18,2020-09-10,25.4,WAS,home,LAS,8.0,0,12.3,2,2,1.0,0,0,,0,2,0.0,0,5,5,0,0,1,0,2,4,4.0
Alaina Coates,2020,19,2020-09-12,25.4,WAS,home,NYL,17.0,0,17.2,3,3,1.0,0,0,,0,0,,0,4,4,0,3,2,1,2,6,8.9
Alaina Coates,2020,20,2020-09-13,25.4,WAS,home,ATL,7.0,0,3.3,1,2,0.5,0,0,,0,0,,1,0,1,0,0,0,0,2,2,0.9
Alaina Coates,2022,1,2022-05-15,27.1,IND,home,ATL,-6.0,0,7.7,1,2,0.5,0,0,,0,0,,0,2,2,0,1,0,0,1,2,2.2
Alaina Coates,2022,2,2022-05-17,27.1,IND,home,ATL,-22.0,0,11.6,1,2,0.5,0,0,,3,4,0.75,0,1,1,1,0,2,0,3,5,4.8
Alaina Coates,2022,3,2022-05-20,27.1,IND,away,CON,-9.0,0,13.2,1,1,1.0,0,0,,0,0,,0,1,1,0,0,0,3,5,2,-3.0
Alaina Coates,2022,4,2022-05-22,27.1,IND,home,CON,-22.0,0,14.8,1,1,1.0,0,0,,4,4,1.0,1,2,3,0,0,0,1,3,6,4.8
Alaina Coates,2022,5,2022-05-24,27.1,IND,away,CHI,-5.0,0,10.3,1,2,0.5,0,0,,2,2,1.0,0,1,1,0,0,1,1,1,4,2.6
Alaina Coates,2022,6,2022-05-27,27.1,IND,home,LAS,5.0,0,8.2,0,0,,0,0,,4,4,1.0,2,3,5,1,0,0,0,3,4,5.8
Alaina Coates,2022,7,2022-05-31,27.1,IND,home,WAS,-12.0,0,0.6,0,1,0.0,0,0,,0,0,,1,0,1,0,0,0,0,0,0,0.0
Alaina Coates,2022,8,2022-06-05,27.2,IND,away,ATL,-9.0,0,8.5,2,2,1.0,0,0,,1,1,1.0,2,0,2,0,1,0,0,2,5,6.0
Alaina Coates,2023,1,2023-06-27,28.2,PHO,home,DAL,-15.0,0,1.8,0,0,,0,0,,0,0,,0,0,0,0,0,0,0,0,0,0.0
Alaina Coates,2023,2,2023-06-29,28.2,PHO,home,IND,22.0,0,3.5,1,1,1.0,0,0,,0,0,,0,0,0,0,1,0,0,1,2,2.3
Alaina Coates,2023,3,2023-08-06,28.3,LVA,away,NYL,-38.0,0,7.2,1,1,1.0,0,0,,0,0,,1,2,3,0,1,0,2,0,2,2.0
Alaina Coates,2023,4,2023-08-08,28.3,LVA,away,DAL,20.0,0,6.3,1,2,0.5,0,0,,1,2,0.5,0,1,1,0,0,0,4,6,3,-4.5
Alaina Coates,2023,5,2023-08-11,28.3,LVA,home,WAS,24.0,0,2.7,1,1,1.0,0,0,,0,0,,0,1,1,0,0,0,0,0,2,2.0
Alaina Coates,2023,6,2023-08-13,28.4,LVA,home,ATL,21.0,0,1.3,0,0,,0,0,,0,0,,0,0,0,0,0,0,0,0,0,0.0
Alaina Coates,2023,7,2023-08-17,28.4,LVA,home,NYL,13.0,0,1.3,0,0,,0,0,,0,0,,0,2,2,0,0,0,0,1,0,0.2
Alaina Coates,2023,8,2023-08-22,28.4,LVA,away,ATL,12.0,0,1.8,1,1,1.0,0,0,,0,0,,0,0,0,0,0,0,0,0,2,1.7
Alaina Coates,2023,9,2023-08-26,28.4,LVA,away,WAS,-16.0,0,3.1,0,0,,0,0,,0,2,0.0,1,0,1,0,0,0,0,0,0,-0.1
Alaina Coates,2023,10,2023-09-02,28.4,LVA,home,SEA,26.0,0,2.4,0,0,,0,0,,0,0,,0,2,2,0,0,0,0,1,0,0.2
Alaina Coates,2023,11,2023-09-08,28.4,LVA,away,PHO,21.0,0,3.0,0,0,,0,0,,0,0,,0,0,0,0,1,0,1,1,0,-0.4
Alaina Coates,2023,12,2023-09-10,28.4,LVA,home,PHO,15.0,0,0.8,0,0,,0,0,,0,0,,0,0,0,0,0,0,0,0,0,0.0
Kaleena Mosqueda-Lewis,2020,1,2020-07-26,26.7,CON,home,MIN,-8.0,0,17.8,1,5,0.2,0,4,0.0,0,0,,0,2,2,1,0,0,0,5,2,-1.8
Kaleena Mosqueda-Lewis,2020,2,2020-07-28,26.7,CON,home,WAS,-5.0,0,21.7,1,5,0.2,1,5,0.2,2,2,1.0,0,4,4,1,0,0,3,3,5,-0.4
Kaleena Mosqueda-Lewis,2020,3,2020-07-30,26.7,CON,home,LAS,-5.0,0,13.2,2,5,0.4,1,4,0.25,0,0,,0,2,2,0,0,0,0,1,5,2.5
Kaleena Mosqueda-Lewis,2020,4,2020-08-01,26.7,CON,home,MIN,-9.0,0,14.0,1,5,0.2,1,3,0.333,0,0,,0,2,2,0,0,1,0,2,3,0.4
Kaleena Mosqueda-Lewis,2020,5,2020-08-04,26.8,CON,home,SEA,-13.0,0,14.5,2,9,0.222,1,7,0.143,0,0,,0,2,2,1,0,0,0,1,5,0.4
Kaleena Mosqueda-Lewis,2020,6,2020-08-06,26.8,CON,home,DAL,23.0,0,15.1,3,5,0.6,1,3,0.333,0,1,0.0,0,3,3,0,0,0,1,0,7,4.2
Kaleena Mosqueda-Lewis,2020,7,2020-08-08,26.8,CON,home,CHI,-7.0,0,2.6,0,0,,0,0,,0,0,,0,0,0,0,0,0,0,0,0,0.0
Kaleena Mosqueda-Lewis,2020,8,2020-08-10,26.8,CON,home,ATL,11.0,0,12.3,1,5,0.2,1,4,0.25,0,0,,1,1,2,0,1,0,0,2,3,1.1
Kaleena Mosqueda-Lewis,2020,9,2020-08-16,26.8,CON,home,SEA,-23.0,0,10.0,2,6,0.333,1,4,0.25,0,0,,0,0,0,0,0,0,0,0,5,1.6
Kaleena Mosqueda-Lewis,2020,10,2020-08-18,26.8,CON,home,IND,22.0,0,2.7,1,1,1.0,1,1,1.0,0,0,,0,0,0,0,1,0,0,0,3,3.7
Kaleena Mosqueda-Lewis,2020,11,2020-08-20,26.8,CON,home,LVA,-21.0,0,3.4,1,3,0.333,0,2,0.0,0,0,,0,0,0,0,0,0,0,0,2,0.3
Kaleena Mosqueda-Lewis,2020,12,2020-08-22,26.8,CON,home,NYL,17.0,0,1.8,0,1,0.0,0,0,,0,0,,0,0,0,0,0,0,1,1,0,-2.1
Kaleena Mosqueda-Lewis,2020,13,2020-09-03,26.8,CON,home,LVA,-15.0,0,11.6,2,5,0.4,2,3,0.667,1,2,0.5,0,1,1,0,0,0,1,1,7,2.8
Kaleena Mosqueda-Lewis,2020,14,2020-09-07,26.8,CON,home,PHO,15.0,0,6.2,0,2,0.0,0,1,0.0,0,0,,0,0,0,1,0,0,0,0,0,-0.7
Kaleena Mosqueda-Lewis,2020,15,2020-09-09,26.9,CON,home,PHO,-5.0,0,8.2,2,4,0.5,2,4,0.5,0,0,,0,1,1,0,0,0,0,0,6,4.3
Kaleena Mosqueda-Lewis,2020,16,2020-09-11,26.9,CON,home,ATL,-7.0,0,8.6,0,3,0.0,0,2,0.0,1,2,0.5,0,2,2,0,1,0,1,1,1,-1.3
Yvonne Anderson,2022,1,2022-05-14,32.2,CON,home,LAS,17.0,0,12.8,1,4,0.25,0,2,0.0,0,0,,1,0,1,0,1,0,3,3,2,-2.9
Yvonne Anderson,2022,2,2022-05-17,32.2,CON,away,NYL,27.0,0,5.8,1,2,0.5,1,2,0.5,0,0,,0,0,0,1,0,0,2,1,3,0.3
Yvonne Anderson,2022,3,2022-05-22,32.2,CON,away,IND,22.0,0,18.5,2,3,0.667,0,0,,5,5,1.0,0,1,1,2,0,1,0,3,9,8.9
Yvonne Anderson,2022,4,2022-05-24,32.2,CON,home,DAL,-8.0,0,18.2,3,6,0.5,1,2,0.5,0,0,,0,0,0,4,0,0,1,2,7,5.0
Yvonne Anderson,2022,5,2022-05-26,32.2,CON,home,DAL,31.0,0,8.8,2,4,0.5,0,2,0.0,2,2,1.0,2,2,4,1,1,0,0,0,6,7.7
Yvonne Anderson,2022,6,2022-05-28,32.2,CON,home,WAS,8.0,0,11.9,2,2,1.0,2,2,1.0,0,0,,0,2,2,3,0,1,2,2,6,6.0
Yvonne Anderson,2022,7,2022-05-31,32.2,CON,away,LVA,-8.0,0,13.7,1,2,0.5,0,0,,0,0,,0,1,1,1,1,0,2,2,2,0.2
Yvonne Anderson,2022,8,2022-06-02,32.2,CON,away,LVA,7.0,0,0.5,0,0,,0,0,,0,0,,0,0,0,0,0,0,0,0,0,0.0
Yvonne Anderson,2022,9,2022-06-03,32.2,CON,away,PHO,4.0,0,4.4,0,1,0.0,0,0,,0,0,,0,0,0,0,0,0,1,0,0,-1.7
Yvonne Anderson,2022,10,2022-06-05,32.2,CON,away,SEA,7.0,0,4.2,0,1,0.0,0,0,,0,0,,0,0,0,0,0,0,0,0,0,-0.7
Yvonne Anderson,2022,11,2022-06-08,32.3,CON,home,IND,19.0,0,1.9,0,1,0.0,0,0,,0,0,,0,0,0,0,0,0,0,1,0,-1.1
Kylee Shook,2020,1,2020-07-25,22.4,NYL,home,SEA,-16.0,0,11.7,1,4,0.25,0,0,,0,0,,0,1,1,0,0,0,0,2,2,-0.9
Kylee Shook,2020,2,2020-07-29,22.4,NYL,home,DAL,-13.0,0,8.8,0,2,0.0,0,0,,0,0,,1,1,2,0,0,0,1,0,0,-1.4
Kylee Shook,2020,3,2020-07-31,22.4,NYL,home,ATL,-6.0,0,23.5,3,5,0.6,0,0,,3,4,0.75,1,3,4,2,1,2,0,2,9,10.9
Kylee Shook,2020,4,2020-08-02,22.4,NYL,home,PHO,-29.0,0,13.7,3,6,0.5,0,2,0.0,1,1,1.0,3,2,5,1,0,0,2,3,7,4.2
Kylee Shook,2020,5,2020-08-05,22.4,NYL,home,MIN,-26.0,0,17.6,3,5,0.6,1,2,0.5,2,2,1.0,2,4,6,0,0,0,0,1,9,8.9
Kylee Shook,2020,6,2020-08-07,22.4,NYL,home,WAS,8.0,0,9.1,0,3,0.0,0,1,0.0,0,0,,0,0,0,0,0,0,0,0,0,-2.1
Kylee Shook,2020,7,2020-08-11,22.4,NYL,home,LAS,-15.0,0,12.6,1,1,1.0,0,0,,3,4,0.75,1,2,3,1,1,1,1,1,5,6.6
Kylee Shook,2020,8,2020-08-13,22.4,NYL,home,IND,-7.0,0,17.1,1,5,0.2,0,1,0.0,0,0,,1,2,3,0,2,2,0,2,2,2.8
Kylee Shook,2020,9,2020-08-15,22.4,NYL,home,MIN,-30.0,0,24.0,4,9,0.444,1,2,0.5,0,0,,1,2,3,0,0,1,2,2,9,3.5
Kylee Shook,2020,10,2020-08-18,22.4,NYL,home,SEA,-41.0,0,17.6,2,3,0.667,0,0,,0,0,,0,6,6,1,1,0,2,1,4,3.8
Kylee Shook,2020,11,2020-08-20,22.4,NYL,home,CHI,-16.0,0,15.2,2,5,0.4,0,1,0.0,2,2,1.0,0,4,4,2,0,0,3,2,6,2.1
Kylee Shook,2020,12,2020-08-22,22.4,NYL,home,CON,-17.0,0,12.4,0,3,0.0,0,1,0.0,0,0,,0,1,1,0,0,0,1,1,0,-3.2
Kylee Shook,2020,13,2020-08-25,22.4,NYL,home,CHI,2.0,0,15.6,4,7,0.571,0,1,0.0,0,0,,2,1,3,1,0,0,1,1,8,5.7
Kylee Shook,2020,14,2020-08-29,22.4,NYL,home,LVA,-17.0,0,13.5,0,4,0.0,0,1,0.0,0,0,,1,3,4,0,0,0,1,1,0,-2.6
Kylee Shook,2020,15,2020-09-01,22.5,NYL,home,CON,-5.0,0,17.4,4,4,1.0,1,1,1.0,0,0,,0,4,4,1,1,2,2,1,9,9.7
Kylee Shook,2020,16,2020-09-03,22.5,NYL,home,ATL,-6.0,0,5.0,0,0,,0,0,,0,0,,0,0,0,1,0,1,0,1,0,1.0
Kylee Shook,2020,17,2020-09-08,22.5,NYL,home,LAS,-26.0,0,15.0,2,4,0.5,0,0,,1,2,0.5,0,2,2,0,0,1,1,3,5,1.7
Kylee Shook,2020,18,2020-09-10,22.5,NYL,home,IND,-10.0,0,8.8,1,4,0.25,0,1,0.0,0,0,,0,0,0,0,0,0,1,1,2,-1.8
Kylee Shook,2020,19,2020-09-12,22.5,NYL,home,WAS,-17.0,0,20.8,1,4,0.25,0,2,0.0,2,2,1.0,2,3,5,1,1,0,2,0,4,3.6
Kylee Shook,2020,20,2020-09-13,22.5,NYL,home,DAL,-3.0,0,10.7,0,1,0.0,0,1,0.0,0,0,,0,0,0,0,0,0,0,1,0,-1.1
Kylee Shook,2021,1,2021-05-14,23.2,NYL,home,IND,3.0,1,25.9,3,8,.375,0,1,.000,0,0,,0,3,3,3,1,1,2,2,6,3.5
Kylee Shook,2021,2,2021-05-16,23.2,NYL,away,IND,8.0,1,28.1,3,7,.429,0,1,.000,0,0,,2,5,7,1,1,0,0,3,6,5.7
Kylee Shook,2021,3,2021-05-18,23.2,NYL,home,MIN,11.0,1,27.9,4,5,.800,2,2,1.000,0,0,,0,6,6,3,0,0,3,3,10,7.8
Kylee Shook,2021,4,2021-05-21,23.2,NYL,away,WAS,-29.0,1,22.2,5,7,.714,1,2,.500,0,0,,0,2,2,3,0,1,1,1,11,10.1
Kylee Shook,2021,5,2021-05-23,23.2,NYL,away,CHI,8.0,0,18.3,2,6,.333,1,1,1.000,0,0,,1,5,6,1,1,2,1,1,5,5.5
Kylee Shook,2021,6,2021-05-24,23.2,NYL,home,DAL,7.0,0,12.9,1,5,.200,0,1,.000,0,0,,1,2,3,1,0,0,1,2,2,-0.9
Kylee Shook,2021,7,2021-05-29,23.2,NYL,home,ATL,-3.0,1,18.7,2,7,.286,1,3,.333,0,0,,1,2,3,3,0,1,0,0,5,5.0
Kylee Shook,2021,8,2021-06-03,23.2,NYL,home,LVA,-12.0,1,5.3,1,2,.500,0,1,.000,0,0,,0,0,0,1,1,0,0,2,2,1.9
Kylee Shook,2021,9,2021-06-05,23.2,NYL,away,CON,-21.0,1,19.7,1,7,.143,0,3,.000,0,0,,0,0,0,1,0,0,0,2,2,-2.6
Kylee Shook,2021,10,2021-06-13,23.2,NYL,away,PHO,2.0,1,22.4,4,7,.571,2,3,.667,0,0,,1,4,5,0,1,1,1,1,10,8.9
Kylee Shook,2021,11,2021-06-15,23.2,NYL,away,LVA,-22.0,1,20.6,5,11,.455,2,8,.250,0,0,,1,8,9,1,1,0,2,2,12,8.3
Kylee Shook,2021,12,2021-06-17,23.2,NYL,away,LVA,-27.0,1,15.1,0,6,.000,0,4,.000,0,0,,1,3,4,2,0,1,1,3,0,-2.7
Kylee Shook,2021,13,2021-06-20,23.3,NYL,away,LAS,3.0,1,21.3,5,7,.714,1,2,.500,0,0,,3,4,7,2,2,0,4,0,11,10.8
Kylee Shook,2021,14,2021-06-22,23.3,NYL,home,CHI,-20.0,1,25.4,3,4,.750,2,3,.667,0,0,,0,3,3,2,0,1,2,1,8,7.0
Kylee Shook,2021,15,2021-06-24,23.3,NYL,home,CHI,-23.0,1,32.0,3,7,.429,0,2,.000,0,0,,3,8,11,0,0,1,5,4,6,0.9
Kylee Shook,2021,16,2021-06-26,23.3,NYL,away,ATL,23.0,1,27.4,3,7,.429,0,3,.000,0,0,,0,11,11,1,0,1,1,3,6,4.8
Kylee Shook,2021,17,2021-06-29,23.3,NYL,away,ATL,-4.0,1,38.0,3,5,.600,1,2,.500,1,2,.500,1,7,8,2,1,0,2,2,8,7.7
Kylee Shook,2021,18,2021-07-03,23.3,NYL,home,WAS,3.0,1,21.6,0,7,.000,0,1,.000,0,0,,0,5,5,3,0,1,2,2,0,-3.4
Kylee Shook,2021,19,2021-07-05,23.3,NYL,home,DAL,3.0,1,16.1,2,5,.400,0,1,.000,1,1,1.000,2,6,8,1,0,1,1,2,5,5.1
Kylee Shook,2021,20,2021-07-09,23.3,NYL,away,IND,-13.0,1,25.3,5,7,.714,3,4,.750,0,0,,1,5,6,4,0,2,0,0,13,16.5
Kylee Shook,2021,21,2021-07-11,23.3,NYL,home,CON,-17.0,1,32.8,6,8,.750,4,5,.800,0,0,,0,1,1,2,0,1,2,2,16,12.4
Kylee Shook,2021,22,2021-08-15,23.4,NYL,away,MIN,-10.0,0,3.9,0,0,,0,0,,0,0,,0,2,2,0,1,0,1,0,0,0.6
Kylee Shook,2021,23,2021-08-18,23.4,NYL,home,SEA,4.0,0,17.4,2,4,.500,0,1,.000,0,0,,1,1,2,0,0,0,0,1,4,2.6
Kylee Shook,2021,24,2021-08-20,23.4,NYL,home,SEA,-16.0,0,15.1,1,3,.333,0,2,.000,0,0,,0,1,1,2,0,0,0,0,2,2.0
Kylee Shook,2021,25,2021-08-25,23.4,NYL,home,PHO,-27.0,0,11.8,1,2,.500,1,2,.500,0,0,,0,2,2,1,0,0,1,2,3,1.5
Kylee Shook,2021,26,2021-08-27,23.4,NYL,home,PHO,-16.0,0,5.7,0,1,.000,0,0,,0,0,,0,1,1,0,0,0,1,0,0,-1.4
Kylee Shook,2021,27,2021-08-31,23.5,NYL,away,MIN,-8.0,0,11.3,3,3,1.000,0,0,,0,0,,1,1,2,0,0,0,1,2,6,4.3
Kylee Shook,2021,28,2021-09-02,23.5,NYL,away,SEA,-10.0,0,12.8,2,3,.667,2,2,1.000,2,2,1.000,0,2,2,1,0,0,2,3,8,4.8
Kylee Shook,2021,29,2021-09-15,23.5,NYL,away,CON,-29.0,0,2.3,0,0,,0,0,,0,0,,0,0,0,0,0,0,0,0,0,0.0
Kylee Shook,2021,30,2021-09-17,23.5,NYL,home,WAS,11.0,0,9.2,1,1,1.000,1,1,1.000,0,0,,0,1,1,0,0,0,1,1,3,1.6
Kristy Wallace,2022,1,2022-05-07,26.3,ATL,away,DAL,7.0,1,28.9,1,3,.333,0,2,.000,4,5,.800,2,3,5,2,1,0,1,4,6,6.0
Kristy Wallace,2022,2,2022-05-11,26.4,ATL,home,LAS,2.0,1,21.7,3,8,.375,1,3,.333,3,4,.750,0,1,1,2,1,0,2,4,10,4.3
Kristy Wallace,2022,3,2022-05-13,26.4,ATL,home,LVA,-23.0,1,23.5,1,7,.143,0,2,.000,0,0,,1,1,2,3,0,1,3,2,2,-2.5
Kristy Wallace,2022,4,2022-05-15,26.4,ATL,away,IND,6.0,1,33.6,1,3,.333,0,2,.000,0,2,.000,0,1,1,3,2,0,2,1,2,1.5
Kristy Wallace,2022,5,2022-05-17,26.4,ATL,away,IND,22.0,1,26.1,4,6,.667,3,4,.750,4,5,.800,0,3,3,1,1,0,1,2,15,12.8
Kristy Wallace,2022,6,2022-05-20,26.4,ATL,home,WAS,-5.0,1,29.4,3,7,.429,0,3,.000,0,0,,0,2,2,5,2,0,1,2,6,6.6
Kristy Wallace,2022,7,2022-05-24,26.4,ATL,away,WAS,-20.0,1,27.6,4,6,.667,0,1,.000,0,0,,3,4,7,2,2,1,2,1,8,10.4
Kristy Wallace,2022,8,2022-05-29,26.4,ATL,home,PHO,27.0,1,26.0,7,15,.467,1,4,.250,2,2,1.000,1,2,3,2,1,0,3,3,17,8.8
Kristy Wallace,2022,9,2022-06-01,26.4,ATL,home,MIN,8.0,1,28.9,6,9,.667,5,6,.833,1,3,.333,1,2,3,0,2,1,3,2,18,13.5
Kristy Wallace,2022,10,2022-06-03,26.4,ATL,home,CHI,-8.0,1,29.9,2,9,.222,1,4,.250,0,0,,1,2,3,4,0,0,1,2,5,1.8
Kristy Wallace,2022,11,2022-06-05,26.4,ATL,home,IND,9.0,1,25.7,2,4,.500,0,1,.000,2,2,1.000,0,3,3,3,2,0,3,2,6,5.2
Kristy Wallace,2022,12,2022-06-07,26.4,ATL,away,SEA,-12.0,1,30.2,5,12,.417,2,5,.400,0,0,,0,3,3,4,1,0,1,6,12,6.9
Kristy Wallace,2022,13,2022-06-10,26.4,ATL,away,PHO,-2.0,1,18.5,3,10,.300,2,5,.400,0,0,,0,3,3,1,0,0,1,3,8,1.6
Kristy Wallace,2022,14,2022-06-15,26.4,ATL,away,CON,-13.0,1,20.5,3,7,.429,1,3,.333,0,0,,1,2,3,1,0,0,1,1,7,3.9
Kristy Wallace,2022,15,2022-06-17,26.5,ATL,away,CHI,-6.0,1,10.9,1,5,.200,1,1,1.000,0,0,,2,0,2,2,0,0,0,1,3,2.3
Kristy Wallace,2022,16,2022-06-28,26.5,ATL,away,WAS,-18.0,1,24.2,2,3,.667,0,1,.000,5,6,.833,0,1,1,2,0,0,0,1,9,8.6
Kristy Wallace,2022,17,2022-06-30,26.5,ATL,away,NYL,11.0,0,16.5,3,6,.500,1,2,.500,3,3,1.000,1,1,2,1,1,1,0,3,10,9.2
Kristy Wallace,2022,18,2022-07-03,26.5,ATL,home,SEA,14.0,0,19.5,1,5,.200,1,3,.333,2,2,1.000,1,7,8,6,0,0,1,1,5,7.5
Kristy Wallace,2022,19,2022-07-06,26.5,ATL,home,WAS,-19.0,0,13.1,0,5,.000,0,1,.000,2,2,1.000,1,0,1,1,0,0,2,2,2,-2.9
Kristy Wallace,2022,20,2022-07-12,26.5,ATL,away,CHI,-15.0,0,10.2,1,1,1.000,1,1,1.000,0,0,,0,2,2,2,0,0,0,1,3,4.3
Kristy Wallace,2022,21,2022-07-15,26.5,ATL,home,CON,-25.0,0,20.4,1,1,1.000,1,1,1.000,3,4,.750,0,0,0,4,1,0,2,2,6,6.3
Kristy Wallace,2022,22,2022-07-17,26.5,ATL,away,PHO,10.0,0,19.1,2,5,.400,2,5,.400,0,0,,0,0,0,0,0,1,1,2,6,2.2
Kristy Wallace,2022,23,2022-07-19,26.5,ATL,away,LVA,16.0,0,11.4,0,2,.000,0,1,.000,0,0,,1,0,1,2,0,0,0,2,0,-0.1
Kristy Wallace,2022,24,2022-07-21,26.5,ATL,away,LAS,-7.0,0,5.1,0,0,,0,0,,0,0,,0,0,0,0,0,0,0,1,0,-0.4
Kristy Wallace,2022,25,2022-07-24,26.6,ATL,away,SEA,-10.0,0,12.3,2,7,.286,0,3,.000,0,0,,1,1,2,3,0,0,2,2,4,0.2
Kristy Wallace,2022,26,2022-07-28,26.6,ATL,home,MIN,-7.0,0,9.3,1,3,.333,0,0,,2,2,1.000,0,0,0,0,0,0,1,1,4,0.9
Kristy Wallace,2022,27,2022-07-30,26.6,ATL,home,DAL,-13.0,0,19.1,1,4,.250,0,0,,0,0,,1,2,3,2,0,0,3,2,2,-1.5
Kristy Wallace,2022,28,2022-08-03,26.6,ATL,home,IND,10.0,1,18.0,5,7,.714,2,3,.667,0,0,,0,2,2,4,0,1,3,2,12,9.4
Kristy Wallace,2022,29,2022-08-05,26.6,ATL,home,LAS,2.0,1,22.2,1,2,.500,0,1,.000,0,0,,0,2,2,1,0,0,4,0,2,-1.7
Kristy Wallace,2023,1,2023-05-19,27.4,IND,home,CON,-9.0,0,11.5,2,6,.333,1,2,.500,0,0,,0,2,2,0,1,0,2,2,5,0.4
Kristy Wallace,2023,2,2023-05-21,27.4,IND,away,NYL,-17.0,0,25.7,3,6,.500,1,2,.500,4,6,.667,0,3,3,1,1,0,5,3,11,3.6
Kristy Wallace,2023,3,2023-05-28,27.4,IND,away,ATL,3.0,0,20.9,4,8,.500,2,3,.667,0,0,,0,3,3,3,2,0,0,1,10,10.6
Kristy Wallace,2023,4,2023-05-30,27.4,IND,away,CON,-3.0,0,17.6,2,7,.286,0,2,.000,0,0,,1,1,2,1,0,0,1,1,4,0.2
Kristy Wallace,2023,5,2023-06-04,27.4,IND,home,LVA,-4.0,0,28.2,3,6,.500,1,1,1.000,0,0,,0,2,2,1,0,0,1,0,7,4.3
Kristy Wallace,2023,6,2023-06-06,27.4,IND,away,CHI,-5.0,0,28.0,5,12,.417,2,3,.667,4,4,1.000,1,2,3,3,0,0,3,2,16,9.2
Kristy Wallace,2023,7,2023-06-09,27.4,IND,away,MIN,2.0,0,23.1,2,8,.250,1,5,.200,0,0,,0,1,1,2,0,0,1,3,5,-0.3
Kristy Wallace,2023,8,2023-06-11,27.4,IND,home,PHO,-3.0,0,20.0,2,4,.500,1,2,.500,0,0,,0,1,1,1,0,0,0,1,5,3.6
Kristy Wallace,2023,9,2023-06-13,27.4,IND,home,WAS,21.0,0,28.4,2,9,.222,1,3,.333,3,5,.600,0,4,4,3,1,1,1,2,8,4.9
Kristy Wallace,2023,10,2023-06-15,27.4,IND,away,CHI,2.0,0,18.0,3,6,.500,0,0,,2,3,.667,1,1,2,3,1,1,1,2,8,7.6
Kristy Wallace,2023,11,2023-06-18,27.5,IND,home,ATL,-6.0,0,25.1,6,11,.545,1,4,.250,0,0,,3,2,5,3,2,0,3,1,13,11.1
Kristy Wallace,2023,12,2023-06-22,27.5,IND,away,SEA,12.0,0,22.9,1,9,.111,0,2,.000,2,2,1.000,2,4,6,5,2,2,4,2,4,2.8
Kristy Wallace,2023,13,2023-06-24,27.5,IND,away,LVA,-13.0,0,25.2,5,8,.625,1,1,1.000,2,2,1.000,0,1,1,6,0,0,3,2,13,10.1
Kristy Wallace,2023,14,2023-06-26,27.5,IND,away,LVA,-8.0,0,20.1,1,2,.500,1,1,1.000,0,0,,0,1,1,1,0,1,1,4,3,1.1
Kristy Wallace,2023,15,2023-06-29,27.5,IND,away,PHO,-22.0,0,19.9,4,13,.308,1,2,.500,0,0,,0,1,1,0,0,0,0,2,9,1.0
Kristy Wallace,2023,16,2023-07-02,27.5,IND,home,CHI,-2.0,0,18.5,3,6,.500,0,1,.000,1,2,.500,3,1,4,3,1,0,2,0,7,7.1
Kristy Wallace,2023,17,2023-07-05,27.5,IND,away,MIN,-7.0,0,17.8,3,7,.429,0,2,.000,0,0,,0,1,1,0,1,0,0,1,6,3.2
Kristy Wallace,2023,18,2023-07-07,27.5,IND,away,WAS,-8.0,0,13.4,1,2,.500,0,0,,0,0,,0,1,1,2,0,1,1,4,2,0.8
Kristy Wallace,2023,19,2023-07-09,27.5,IND,home,DAL,-1.0,0,9.7,2,4,.500,0,1,.000,0,0,,0,0,0,0,0,0,0,0,4,2.0
Kristy Wallace,2023,20,2023-07-12,27.5,IND,home,NYL,-8.0,0,10.1,0,2,.000,0,1,.000,0,0,,1,1,2,2,0,0,1,0,0,0.0
Kristy Wallace,2023,21,2023-07-19,27.5,IND,away,WAS,6.0,1,24.1,3,7,.429,1,3,.333,0,0,,3,2,5,3,0,0,1,3,7,5.9
Kristy Wallace,2023,22,2023-07-23,27.6,IND,away,NYL,-18.0,0,8.8,1,2,.500,1,1,1.000,0,0,,0,2,2,0,0,0,1,0,3,1.6
Kristy Wallace,2023,23,2023-07-25,27.6,IND,away,LAS,-1.0,0,16.4,0,2,.000,0,1,.000,2,2,1.000,1,2,3,1,0,0,1,1,2,1.2
Kristy Wallace,2023,24,2023-07-27,27.6,IND,away,LAS,-13.0,0,21.9,5,10,.500,3,5,.600,0,0,,0,3,3,2,2,0,1,0,13,11.3
Kristy Wallace,2023,25,2023-07-30,27.6,IND,home,SEA,-23.0,0,12.6,1,5,.200,0,2,.000,0,0,,0,2,2,2,0,0,2,2,2,-1.9
Kristy Wallace,2023,26,2023-08-01,27.6,IND,home,PHO,1.0,0,10.1,0,2,.000,0,0,,0,0,,0,1,1,1,0,0,2,2,0,-3.2
Kristy Wallace,2023,27,2023-08-04,27.6,IND,home,CON,-16.0,0,14.2,1,6,.167,1,2,.500,0,0,,1,1,2,2,1,0,1,1,3,1.2
Kristy Wallace,2023,28,2023-08-06,27.6,IND,away,ATL,-9.0,0,10.9,2,2,1.000,0,0,,1,2,.500,0,0,0,1,0,1,1,1,5,4.0
Kristy Wallace,2023,29,2023-08-08,27.6,IND,home,LAS,-7.0,0,30.2,3,14,.214,0,5,.000,0,0,,0,3,3,7,4,0,2,4,6,3.6
Kristy Wallace,2023,30,2023-08-10,27.6,IND,home,MIN,18.0,1,23.4,5,10,.500,3,6,.500,0,0,,2,2,4,1,0,0,1,0,13,9.7
Kristy Wallace,2023,31,2023-08-13,27.6,IND,home,NYL,-11.0,1,12.9,0,3,.000,0,1,.000,0,0,,0,3,3,0,0,0,0,3,0,-2.4
Kristy Wallace,2023,32,2023-08-18,27.6,IND,home,WAS,-4.0,1,24.9,3,6,.500,2,2,1.000,0,0,,0,4,4,1,0,0,2,2,8,4.1
Kristy Wallace,2023,33,2023-08-20,27.6,IND,away,PHO,10.0,1,22.9,1,4,.250,1,2,.500,0,0,,0,0,0,3,1,1,0,4,3,2.8
Kristy Wallace,2023,34,2023-08-24,27.6,IND,home,SEA,4.0,1,30.3,1,5,.200,1,4,.250,0,0,,0,1,1,5,1,0,1,1,3,3.3
Kristy Wallace,2023,35,2023-08-27,27.6,IND,home,ATL,3.0,1,27.1,7,10,.700,6,8,.750,0,0,,0,0,0,0,0,0,2,4,20,12.2
Kristy Wallace,2023,36,2023-09-01,27.7,IND,home,DAL,-10.0,1,26.7,5,6,.833,4,5,.800,0,0,,1,1,2,2,1,1,1,2,14,14.1
Kristy Wallace,2023,37,2023-09-03,27.7,IND,away,DAL,13.0,1,7.2,1,2,.500,0,0,,0,0,,2,0,2,0,1,0,0,1,2,3.0
Ashley Joens,2023,1,2023-05-20,23.2,DAL,home,ATL,7.0,0,3.2,1,1,1.0,0,0,,0,0,,0,0,0,0,0,0,0,0,2,1.7
Ashley Joens,2023,2,2023-05-26,23.2,DAL,away,SEA,4.0,0,2.2,0,1,0.0,0,0,,0,0,,0,0,0,0,0,0,0,0,0,-0.7
Ashley Joens,2023,3,2023-05-28,23.2,DAL,away,CHI,-6.0,0,1.9,0,1,0.0,0,1,0.0,0,0,,0,0,0,0,1,0,0,0,0,0.3
Ashley Joens,2023,4,2023-06-09,23.2,DAL,home,PHO,13.0,0,1.7,0,1,0.0,0,1,0.0,0,0,,0,0,0,0,0,0,0,0,0,-0.7
Ashley Joens,2023,5,2023-06-11,23.2,DAL,away,NYL,-9.0,0,1.5,0,0,,0,0,,0,0,,0,0,0,0,0,0,0,0,0,0.0
Ashley Joens,2023,6,2023-06-14,23.2,DAL,home,LAS,-18.0,0,0.9,0,0,,0,0,,0,0,,0,0,0,0,0,0,0,0,0,0.0
Ashley Joens,2023,7,2023-06-20,23.3,DAL,home,ATL,12.0,0,2.5,0,0,,0,0,,0,2,0.0,0,2,2,0,0,0,0,0,0,-0.2
Ashley Joens,2023,8,2023-06-23,23.3,DAL,away,LAS,-2.0,0,0.1,0,0,,0,0,,0,0,,0,0,0,0,0,0,0,0,0,0.0
Ashley Joens,2023,9,2023-07-22,23.4,LVA,away,MIN,17.0,0,2.8,0,1,0.0,0,1,0.0,0,0,,0,0,0,0,0,0,0,0,0,-0.7
Ashley Joens,2023,10,2023-08-01,23.4,LVA,home,ATL,21.0,0,3.6,0,0,,0,0,,0,0,,0,0,0,0,0,0,0,0,0,0.0
Ashley Joens,2023,11,2023-08-06,23.4,DAL,home,CHI,-8.0,0,0.1,0,0,,0,0,,1,2,0.5,0,0,0,0,0,0,0,0,1,0.6
Ashley Joens,2023,12,2023-08-18,23.4,PHO,home,NYL,-22.0,0,4.2,1,2,0.5,0,1,0.0,0,0,,0,0,0,0,0,0,1,0,2,0.0
Ashley Joens,2023,13,2023-08-23,23.4,PHO,away,LAS,-29.0,0,3.8,0,1,0.0,0,0,,0,0,,0,0,0,0,0,0,1,1,0,-2.1
Ashley Joens,2023,14,2023-08-29,23.5,PHO,away,ATL,-18.0,0,7.5,1,3,0.333,1,1,1.0,0,0,,0,1,1,0,1,0,0,0,3,2.6
Ashley Joens,2023,15,2023-08-31,23.5,PHO,away,CON,-10.0,0,13.4,3,3,1.0,3,3,1.0,0,0,,0,2,2,0,0,0,0,0,9,8.7
Ashley Joens,2023,16,2023-09-03,23.5,PHO,away,MIN,-13.0,0,11.7,1,4,0.25,1,2,0.5,0,0,,0,0,0,0,0,0,1,0,3,-0.4
Ashley Joens,2023,17,2023-09-05,23.5,PHO,home,WAS,-23.0,0,29.7,3,8,0.375,2,5,0.4,0,0,,0,3,3,0,1,0,0,3,8,4.3
Ashley Joens,2023,18,2023-09-08,23.5,PHO,home,LVA,-21.0,0,20.3,1,5,0.2,1,4,0.25,2,2,1.0,0,2,2,0,0,0,0,3,5,1.3
Ashley Joens,2023,19,2023-09-10,23.5,PHO,away,LVA,-15.0,0,16.6,2,5,0.4,2,4,0.5,0,0,,0,1,1,1,0,0,2,0,6,2.3
Naz Hillmon,2022,1,2022-05-07,22.1,ATL,away,DAL,7.0,0,10.9,0,1,.000,0,0,,0,0,,0,1,1,1,0,0,0,1,0,-0.1
Naz Hillmon,2022,2,2022-05-11,22.1,ATL,home,LAS,2.0,0,2.1,0,0,,0,0,,0,0,,1,0,1,0,0,0,1,0,0,-0.3
Naz Hillmon,2022,3,2022-05-13,22.1,ATL,home,LVA,-23.0,0,11.0,0,1,.000,0,0,,1,2,.500,1,1,2,0,0,0,0,0,1,0.9
Naz Hillmon,2022,4,2022-05-17,22.1,ATL,away,IND,22.0,0,18.0,3,5,.600,0,0,,2,2,1.000,2,3,5,3,1,0,0,6,8,8.7
Naz Hillmon,2022,5,2022-05-20,22.1,ATL,home,WAS,-5.0,0,10.5,0,0,,0,0,,1,2,.500,1,1,2,0,0,0,0,2,1,0.8
Naz Hillmon,2022,6,2022-05-24,22.1,ATL,away,WAS,-20.0,0,17.8,3,4,.750,0,0,,1,2,.500,1,3,4,1,0,0,2,1,7,4.9
Naz Hillmon,2022,7,2022-05-29,22.1,ATL,home,PHO,27.0,0,9.5,1,2,.500,0,0,,0,0,,0,1,1,1,1,0,1,2,2,1.2
Naz Hillmon,2022,8,2022-06-03,22.2,ATL,home,CHI,-8.0,0,6.0,1,1,1.000,0,0,,0,0,,1,3,4,1,0,1,0,0,2,4.7
Naz Hillmon,2022,9,2022-06-05,22.2,ATL,home,IND,9.0,0,9.2,0,1,.000,0,0,,0,0,,0,2,2,0,0,0,1,3,0,-2.3
Naz Hillmon,2022,10,2022-06-07,22.2,ATL,away,SEA,-12.0,0,7.2,0,1,.000,0,0,,0,0,,1,0,1,0,0,0,0,0,0,0.0
Naz Hillmon,2022,11,2022-06-10,22.2,ATL,away,PHO,-2.0,0,9.5,0,3,.000,0,0,,0,0,,1,1,2,2,0,1,0,0,0,1.0
Naz Hillmon,2022,12,2022-06-15,22.2,ATL,away,CON,-13.0,0,19.1,3,4,.750,0,0,,2,2,1.000,4,5,9,3,0,0,3,6,8,7.4
Naz Hillmon,2022,13,2022-06-17,22.2,ATL,away,CHI,-6.0,0,25.9,3,4,.750,0,0,,0,0,,2,4,6,0,1,1,2,0,6,6.7
Naz Hillmon,2022,14,2022-06-21,22.2,ATL,home,DAL,5.0,0,18.8,1,2,.500,0,0,,1,2,.500,2,5,7,2,0,0,3,2,3,2.1
Naz Hillmon,2022,15,2022-06-24,22.2,ATL,home,NYL,-12.0,0,18.2,1,6,.167,0,1,.000,2,2,1.000,2,1,3,1,3,1,1,4,4,3.7
Naz Hillmon,2022,16,2022-06-26,22.2,ATL,home,CON,-11.0,0,24.5,1,4,.250,0,0,,2,2,1.000,1,5,6,1,1,0,0,3,4,4.3
Naz Hillmon,2022,17,2022-06-28,22.2,ATL,away,WAS,-18.0,0,21.5,3,3,1.000,0,0,,5,5,1.000,1,3,4,2,1,0,2,0,11,12.1
Naz Hillmon,2022,18,2022-06-30,22.2,ATL,away,NYL,11.0,0,13.2,1,2,.500,0,0,,0,0,,1,6,7,2,0,0,0,1,2,4.5
Naz Hillmon,2022,19,2022-07-03,22.2,ATL,home,SEA,14.0,0,15.7,0,1,.000,0,0,,0,0,,0,1,1,0,0,0,2,2,0,-3.2
Naz Hillmon,2022,20,2022-07-06,22.3,ATL,home,WAS,-19.0,0,11.9,1,2,.500,0,1,.000,0,0,,0,5,5,0,0,0,0,0,2,2.5
Naz Hillmon,2022,21,2022-07-12,22.3,ATL,away,CHI,-15.0,0,1.7,0,0,,0,0,,0,0,,0,1,1,0,0,0,0,0,0,0.3
Naz Hillmon,2022,22,2022-07-15,22.3,ATL,home,CON,-25.0,0,29.9,6,10,.600,0,0,,1,1,1.000,0,11,11,0,1,0,4,2,13,7.9
Naz Hillmon,2022,23,2022-07-17,22.3,ATL,away,PHO,10.0,1,30.3,3,8,.375,0,0,,0,0,,3,4,7,2,2,1,1,3,6,6.8
Naz Hillmon,2022,24,2022-07-19,22.3,ATL,away,LVA,16.0,1,32.8,3,5,.600,0,0,,1,2,.500,2,8,10,3,1,2,4,0,7,8.6
Naz Hillmon,2022,25,2022-07-21,22.3,ATL,away,LAS,-7.0,1,31.4,3,7,.429,0,0,,0,0,,2,1,3,2,1,0,4,2,6,1.6
Naz Hillmon,2022,26,2022-07-24,22.3,ATL,away,SEA,-10.0,1,36.9,3,10,.300,0,0,,3,4,.750,7,7,14,4,0,2,4,1,9,9.6
Naz Hillmon,2022,27,2022-07-28,22.3,ATL,home,MIN,-7.0,1,31.0,2,5,.400,0,0,,0,0,,1,5,6,1,1,0,0,0,4,5.2
Naz Hillmon,2022,28,2022-07-30,22.3,ATL,home,DAL,-13.0,1,31.1,2,3,.667,0,0,,2,2,1.000,1,5,6,0,1,0,0,1,6,7.5
Naz Hillmon,2022,29,2022-08-03,22.3,ATL,home,IND,10.0,1,30.4,3,4,.750,0,0,,1,1,1.000,2,2,4,1,2,1,1,2,7,9.0
Naz Hillmon,2022,30,2022-08-05,22.3,ATL,home,LAS,2.0,1,30.1,3,5,.600,0,0,,1,2,.500,4,5,9,0,1,0,0,2,7,8.8
Naz Hillmon,2022,31,2022-08-07,22.3,ATL,away,MIN,-10.0,1,28.4,3,6,.500,0,0,,4,4,1.000,4,3,7,2,2,0,0,0,10,14.1
Naz Hillmon,2022,32,2022-08-09,22.3,ATL,away,LVA,-7.0,1,37.1,4,5,.800,0,0,,2,2,1.000,0,8,8,2,1,0,1,2,10,11.1
Naz Hillmon,2022,33,2022-08-12,22.4,ATL,home,NYL,-10.0,1,21.2,2,4,.500,0,0,,0,0,,3,3,6,2,0,0,1,2,4,4.6
Naz Hillmon,2022,34,2022-08-14,22.4,ATL,away,NYL,-4.0,1,21.1,0,4,.000,0,0,,0,0,,1,6,7,2,1,0,2,1,0,-0.3
Naz Hillmon,2023,1,2023-05-20,23.1,ATL,away,DAL,-7.0,0,18.6,2,3,.667,0,0,,3,3,1.000,2,6,8,0,0,0,3,3,7,4.7
Naz Hillmon,2023,2,2023-05-23,23.1,ATL,away,MIN,6.0,0,19.4,6,9,.667,0,1,.000,1,1,1.000,1,3,4,0,0,0,3,2,13,6.9
Naz Hillmon,2023,3,2023-05-28,23.1,ATL,home,IND,-3.0,0,20.7,2,4,.500,0,0,,6,6,1.000,2,0,2,1,0,0,2,1,10,7.7
Naz Hillmon,2023,4,2023-05-30,23.2,ATL,home,CHI,18.0,0,13.8,1,2,.500,0,0,,2,2,1.000,0,3,3,4,1,1,2,0,4,6.4
Naz Hillmon,2023,5,2023-06-02,23.2,ATL,home,LVA,-5.0,0,14.6,1,2,.500,0,0,,0,0,,0,2,2,3,0,0,1,3,2,1.5
Naz Hillmon,2023,6,2023-06-09,23.2,ATL,home,NYL,-23.0,1,24.5,1,2,.500,0,0,,0,0,,2,2,4,1,1,0,1,4,2,2.1
Naz Hillmon,2023,7,2023-06-11,23.2,ATL,home,CON,-12.0,0,15.2,2,4,.500,0,0,,0,0,,0,2,2,1,1,0,3,4,4,-0.3
Naz Hillmon,2023,8,2023-06-13,23.2,ATL,away,NYL,7.0,0,4.6,1,1,1.000,0,0,,0,0,,1,0,1,1,0,0,1,0,2,2.1
Naz Hillmon,2023,9,2023-06-15,23.2,ATL,away,CON,4.0,0,16.6,2,5,.400,0,0,,0,0,,1,4,5,1,1,0,1,2,4,3.1
Naz Hillmon,2023,10,2023-06-18,23.2,ATL,away,IND,6.0,0,19.3,2,2,1.000,0,0,,2,2,1.000,1,2,3,0,0,0,2,1,6,4.3
Naz Hillmon,2023,11,2023-06-20,23.2,ATL,away,DAL,-12.0,0,13.4,0,1,.000,0,0,,4,4,1.000,3,2,5,0,0,1,1,1,4,5.3
Naz Hillmon,2023,12,2023-06-23,23.2,ATL,home,NYL,-30.0,0,12.1,1,2,.500,0,0,,0,0,,1,3,4,1,0,0,0,2,2,2.5
Naz Hillmon,2023,13,2023-06-28,23.2,ATL,away,WAS,-23.0,0,8.4,2,5,.400,0,0,,0,2,.000,2,1,3,0,0,0,1,0,4,1.2
Naz Hillmon,2023,14,2023-06-30,23.2,ATL,home,WAS,5.0,0,2.3,1,2,.500,0,0,,0,0,,0,1,1,0,0,0,0,0,2,1.3
Naz Hillmon,2023,15,2023-07-02,23.2,ATL,home,LAS,28.0,0,17.0,1,2,.500,0,0,,0,0,,0,7,7,1,1,0,1,4,2,2.2
Naz Hillmon,2023,16,2023-07-05,23.2,ATL,away,LAS,11.0,0,13.6,2,4,.500,0,0,,0,0,,1,1,2,1,0,1,0,0,4,4.4
Naz Hillmon,2023,17,2023-07-07,23.3,ATL,away,CHI,14.0,0,11.9,3,5,.600,0,0,,2,3,.667,1,0,1,0,0,0,0,1,8,5.6
Naz Hillmon,2023,18,2023-07-09,23.3,ATL,away,CHI,11.0,0,15.4,1,5,.200,0,0,,0,0,,5,3,8,2,1,0,0,0,2,5.7
Naz Hillmon,2023,19,2023-07-12,23.3,ATL,home,SEA,10.0,0,14.6,1,2,.500,0,0,,0,0,,1,3,4,1,0,0,0,2,2,2.5
Naz Hillmon,2023,20,2023-07-18,23.3,ATL,home,MIN,9.0,0,12.9,1,1,1.000,0,0,,1,2,.500,1,1,2,0,0,0,2,1,3,0.9
Naz Hillmon,2023,21,2023-07-20,23.3,ATL,away,CON,-11.0,0,5.8,0,0,,0,0,,1,2,.500,0,1,1,0,1,0,0,0,1,1.9
Naz Hillmon,2023,22,2023-07-22,23.3,ATL,home,CON,-8.0,0,4.0,0,1,.000,0,0,,2,2,1.000,0,1,1,0,0,0,0,0,2,1.6
Naz Hillmon,2023,23,2023-07-25,23.3,ATL,home,PHO,13.0,0,8.8,0,0,,0,0,,0,0,,1,0,1,1,0,0,1,2,0,-0.4
Naz Hillmon,2023,24,2023-07-27,23.3,ATL,away,NYL,-11.0,0,2.5,0,0,,0,0,,1,2,.500,0,0,0,0,0,0,0,0,1,0.6
Naz Hillmon,2023,25,2023-07-30,23.3,ATL,home,WAS,7.0,0,10.0,1,2,.500,0,0,,0,0,,0,2,2,0,0,0,0,1,2,1.2
Naz Hillmon,2023,26,2023-08-01,23.3,ATL,away,LVA,-21.0,0,16.8,1,3,.333,0,0,,0,0,,0,4,4,0,0,0,0,0,2,1.5
Naz Hillmon,2023,27,2023-08-03,23.3,ATL,away,PHO,-20.0,0,15.8,0,3,.000,0,0,,0,0,,1,4,5,0,0,0,3,3,0,-4.4
Naz Hillmon,2023,28,2023-08-06,23.3,ATL,home,IND,9.0,0,10.2,0,2,.000,0,0,,0,2,.000,0,2,2,1,0,0,0,1,0,-1.3
Naz Hillmon,2023,29,2023-08-10,23.3,ATL,away,SEA,-1.0,0,9.8,0,1,.000,0,0,,0,0,,0,2,2,0,0,0,1,3,0,-2.3
Naz Hillmon,2023,30,2023-08-12,23.4,ATL,away,LAS,-11.0,0,10.5,0,1,.000,0,0,,4,4,1.000,0,1,1,0,0,0,0,1,4,3.2
Naz Hillmon,2023,31,2023-08-13,23.4,ATL,away,LVA,-21.0,0,4.0,1,1,1.000,0,0,,0,0,,0,1,1,0,0,0,1,1,2,0.6
Naz Hillmon,2023,32,2023-08-18,23.4,ATL,home,CHI,11.0,1,15.0,4,7,.571,0,0,,0,0,,1,3,4,0,0,0,0,0,8,6.3
Naz Hillmon,2023,33,2023-08-22,23.4,ATL,home,LVA,-12.0,1,19.0,2,5,.400,0,0,,2,2,1.000,1,1,2,1,0,0,1,2,6,3.2
Naz Hillmon,2023,34,2023-08-25,23.4,ATL,home,LAS,-5.0,0,13.5,2,3,.667,0,0,,0,0,,2,0,2,0,0,0,1,1,4,2.7
Naz Hillmon,2023,35,2023-08-27,23.4,ATL,away,IND,-3.0,0,20.6,3,7,.429,0,0,,6,6,1.000,4,4,8,1,0,0,1,2,12,11.2
Naz Hillmon,2023,36,2023-08-29,23.4,ATL,home,PHO,18.0,0,15.9,3,5,.600,0,0,,0,0,,4,2,6,1,0,0,1,2,6,6.0
Naz Hillmon,2023,37,2023-09-01,23.4,ATL,away,MIN,-6.0,0,26.1,4,6,.667,0,0,,5,5,1.000,4,5,9,2,0,0,2,2,13,13.3
Naz Hillmon,2023,38,2023-09-06,23.4,ATL,home,SEA,11.0,0,10.3,0,0,,0,0,,0,0,,1,2,3,0,0,0,2,5,0,-2.7
Naz Hillmon,2023,39,2023-09-08,23.4,ATL,away,WAS,5.0,0,16.7,2,2,1.000,0,0,,2,2,1.000,3,3,6,1,0,0,0,0,6,9.1
Naz Hillmon,2023,40,2023-09-10,23.4,ATL,home,DAL,-17.0,0,16.8,3,4,.750,0,0,,2,2,1.000,3,3,6,1,1,0,1,1,8,9.7
Jazmine Jones,2020,1,2020-07-29,23.8,NYL,home,DAL,-13.0,0,11.9,3,10,0.3,1,2,0.5,1,1,1.0,0,1,1,0,1,0,1,2,8,1.7
Jazmine Jones,2020,2,2020-07-31,23.8,NYL,home,ATL,-6.0,0,20.9,6,10,0.6,2,4,0.5,6,7,0.857,0,1,1,1,2,2,2,5,20,15.4
Jazmine Jones,2020,3,2020-08-02,23.8,NYL,home,PHO,-29.0,0,21.4,1,6,0.167,0,0,,1,2,0.5,2,5,7,4,0,0,3,3,3,0.3
Jazmine Jones,2020,4,2020-08-05,23.8,NYL,home,MIN,-26.0,0,21.6,1,6,0.167,0,1,0.0,1,2,0.5,1,3,4,3,0,2,4,2,3,-0.9
Jazmine Jones,2020,5,2020-08-07,23.8,NYL,home,WAS,8.0,0,10.1,1,4,0.25,0,1,0.0,1,1,1.0,0,4,4,1,0,0,2,2,3,-0.3
Jazmine Jones,2020,6,2020-08-09,23.8,NYL,home,LVA,-2.0,0,13.8,1,3,0.333,0,1,0.0,1,2,0.5,0,0,0,2,1,0,2,4,3,-0.3
Jazmine Jones,2020,7,2020-08-11,23.8,NYL,home,LAS,-15.0,0,26.2,8,16,0.5,1,2,0.5,7,7,1.0,1,1,2,1,5,0,5,3,24,16.5
Jazmine Jones,2020,8,2020-08-13,23.8,NYL,home,IND,-7.0,0,24.4,4,11,0.364,2,2,1.0,1,2,0.5,2,2,4,3,1,0,1,3,11,7.4
Jazmine Jones,2020,9,2020-08-15,23.8,NYL,home,MIN,-30.0,0,21.1,4,12,0.333,1,3,0.333,4,6,0.667,2,2,4,2,0,0,0,5,13,6.8
Jazmine Jones,2020,10,2020-08-18,23.8,NYL,home,SEA,-41.0,0,28.0,2,8,0.25,1,1,1.0,5,6,0.833,0,6,6,2,1,0,7,4,10,0.4
Jazmine Jones,2020,11,2020-08-20,23.8,NYL,home,CHI,-16.0,0,26.0,7,14,0.5,1,4,0.25,3,3,1.0,1,3,4,2,3,2,2,1,18,16.0
Jazmine Jones,2020,12,2020-08-22,23.9,NYL,home,CON,-17.0,0,20.3,3,6,0.5,1,2,0.5,4,4,1.0,0,4,4,5,2,0,4,2,11,9.9
Jazmine Jones,2020,13,2020-08-25,23.9,NYL,home,CHI,2.0,0,23.4,3,7,0.429,0,3,0.0,3,4,0.75,0,3,3,3,1,0,1,4,9,6.3
Jazmine Jones,2020,14,2020-08-29,23.9,NYL,home,LVA,-17.0,0,18.9,2,4,0.5,0,0,,5,6,0.833,3,0,3,1,0,0,4,0,9,5.4
Jazmine Jones,2020,15,2020-09-01,23.9,NYL,home,CON,-5.0,0,18.5,3,8,0.375,2,4,0.5,7,10,0.7,0,2,2,1,2,0,1,5,15,9.7
Jazmine Jones,2020,16,2020-09-03,23.9,NYL,home,ATL,-6.0,0,15.0,3,9,0.333,0,3,0.0,2,4,0.5,1,2,3,0,1,1,1,1,8,3.7
Jazmine Jones,2020,17,2020-09-05,23.9,NYL,home,PHO,-16.0,0,13.1,3,6,0.5,0,2,0.0,4,6,0.667,2,3,5,0,2,1,3,6,10,5.8
Jazmine Jones,2020,18,2020-09-10,23.9,NYL,home,IND,-10.0,0,29.2,4,9,0.444,1,4,0.25,0,0,,1,9,10,4,4,0,5,3,9,8.3
Jazmine Jones,2020,19,2020-09-12,23.9,NYL,home,WAS,-17.0,1,32.8,2,8,0.25,0,3,0.0,4,4,1.0,0,7,7,6,2,1,3,1,8,8.8
Jazmine Jones,2020,20,2020-09-13,23.9,NYL,home,DAL,-3.0,1,31.1,8,14,0.571,2,3,0.667,3,3,1.0,2,5,7,4,0,0,6,3,21,12.9
Jazmine Jones,2021,1,2021-05-14,24.6,NYL,home,IND,3.0,0,14.4,0,1,.000,0,1,.000,0,0,,0,1,1,0,0,1,2,3,0,-2.9
Jazmine Jones,2021,2,2021-05-16,24.6,NYL,away,IND,8.0,0,15.9,4,7,.571,2,2,1.000,0,0,,1,1,2,2,2,1,1,3,10,9.6
Jazmine Jones,2021,3,2021-05-18,24.6,NYL,home,MIN,11.0,0,10.6,1,4,.250,0,1,.000,0,0,,0,2,2,1,0,1,2,2,2,-1.2
Jazmine Jones,2021,4,2021-05-21,24.6,NYL,away,WAS,-29.0,0,24.2,1,5,.200,0,1,.000,1,2,.500,0,1,1,3,1,1,2,1,3,1.2
Jazmine Jones,2021,5,2021-05-23,24.6,NYL,away,CHI,8.0,0,10.2,1,1,1.000,1,1,1.000,0,0,,0,3,3,1,0,0,2,2,3,1.5
Jazmine Jones,2021,6,2021-05-24,24.6,NYL,home,DAL,7.0,0,18.0,2,4,.500,0,1,.000,1,2,.500,1,2,3,1,1,0,1,3,5,3.4
Jazmine Jones,2021,7,2021-05-29,24.6,NYL,home,ATL,-3.0,0,13.2,1,3,.333,0,0,,2,2,1.000,0,4,4,0,0,0,3,0,4,0.5
Jazmine Jones,2021,8,2021-06-03,24.6,NYL,home,LVA,-12.0,0,4.3,0,1,.000,0,0,,0,0,,1,1,2,2,0,0,2,3,0,-1.5
Jazmine Jones,2021,9,2021-06-05,24.6,NYL,away,CON,-21.0,0,19.3,2,5,.400,0,1,.000,4,4,1.000,0,3,3,3,0,0,3,4,8,3.7
Jazmine Jones,2021,10,2021-06-13,24.7,NYL,away,PHO,2.0,0,21.4,6,13,.462,1,1,1.000,3,4,.750,3,4,7,1,0,0,1,4,16,10.3
Jazmine Jones,2021,11,2021-06-15,24.7,NYL,away,LVA,-22.0,0,26.7,6,8,.750,3,4,.750,2,3,.667,0,0,0,3,2,1,1,4,17,15.6
Jazmine Jones,2021,12,2021-06-17,24.7,NYL,away,LVA,-27.0,0,24.1,3,14,.214,2,7,.286,0,0,,1,2,3,1,2,0,3,6,8,-2.0
Jazmine Jones,2021,13,2021-06-20,24.7,NYL,away,LAS,3.0,0,13.1,0,3,.000,0,0,,0,0,,1,1,2,2,0,0,4,2,0,-4.5
Jazmine Jones,2021,14,2021-06-22,24.7,NYL,home,CHI,-20.0,0,24.9,5,8,.625,1,2,.500,0,0,,0,5,5,0,0,2,4,2,11,5.5
Jazmine Jones,2021,15,2021-06-24,24.7,NYL,home,CHI,-23.0,0,23.2,2,6,.333,1,3,.333,1,1,1.000,0,3,3,1,0,0,0,4,6,2.6
Jazmine Jones,2021,16,2021-06-26,24.7,NYL,away,ATL,23.0,0,17.9,1,6,.167,0,3,.000,1,2,.500,0,2,2,2,0,0,4,3,3,-4.4
Jazmine Jones,2021,17,2021-06-29,24.7,NYL,away,ATL,-4.0,0,12.7,2,6,.333,1,2,.500,0,0,,1,3,4,1,0,1,2,1,5,2.2
Jazmine Jones,2021,18,2021-07-03,24.7,NYL,home,WAS,3.0,0,21.3,4,9,.444,2,3,.667,7,7,1.000,2,3,5,0,1,1,0,1,17,15.9
Jazmine Jones,2021,19,2021-07-05,24.7,NYL,home,DAL,3.0,0,24.7,6,11,.545,3,7,.429,1,4,.250,0,2,2,0,2,1,3,2,16,9.0
Jazmine Jones,2021,20,2021-07-09,24.7,NYL,away,IND,-13.0,0,20.6,2,8,.250,1,3,.333,0,0,,0,1,1,3,0,0,0,6,5,0.2
Jazmine Jones,2021,21,2021-07-11,24.7,NYL,home,CON,-17.0,0,21.7,2,11,.182,0,3,.000,6,9,.667,0,4,4,2,0,0,2,1,10,2.1
Jazmine Jones,2021,22,2021-08-15,24.8,NYL,away,MIN,-10.0,0,17.6,0,2,.000,0,0,,2,2,1.000,1,0,1,0,1,0,0,2,2,1.5
Jazmine Jones,2021,23,2021-08-27,24.9,NYL,home,PHO,-16.0,0,9.3,1,4,.250,0,0,,0,0,,0,2,2,0,0,0,0,2,2,-0.6
Jazmine Jones,2021,24,2021-09-02,24.9,NYL,away,SEA,-10.0,0,6.0,0,1,.000,0,0,,0,0,,0,0,0,0,0,0,0,1,0,-1.1
Jazmine Jones,2021,25,2021-09-11,24.9,NYL,away,DAL,-1.0,0,9.2,0,1,.000,0,0,,0,0,,0,2,2,1,0,0,0,1,0,0.2
Jazmine Jones,2021,26,2021-09-15,24.9,NYL,away,CON,-29.0,0,17.0,1,6,.167,0,1,.000,2,2,1.000,0,2,2,1,2,0,1,0,4,2.5
Jazmine Jones,2021,27,2021-09-17,24.9,NYL,home,WAS,11.0,0,6.4,0,1,.000,0,0,,2,2,1.000,0,0,0,0,0,0,0,1,2,0.9
Jazmine Jones,2022,1,2022-06-15,25.7,CON,home,ATL,13.0,0,11.4,0,1,0.0,0,0,,1,3,0.333,0,0,0,1,0,0,1,1,1,-1.2
Jazmine Jones,2022,2,2022-06-19,25.7,CON,away,WAS,-8.0,0,5.4,0,0,,0,0,,0,0,,0,0,0,0,0,0,0,0,0,0.0
Jazmine Jones,2022,3,2022-06-26,25.7,CON,away,ATL,11.0,0,1.5,0,0,,0,0,,1,2,0.5,0,0,0,0,0,0,0,0,1,0.6
Jazmine Jones,2022,4,2022-07-13,25.7,CON,away,IND,8.0,0,6.6,0,0,,0,0,,0,0,,0,0,0,0,2,0,1,1,0,0.6
Jazmine Jones,2022,5,2022-07-15,25.7,CON,away,ATL,25.0,0,13.0,2,6,0.333,0,2,0.0,0,0,,0,0,0,0,0,0,1,2,4,-1.2
Jazmine Jones,2022,6,2022-07-17,25.8,CON,home,LVA,-8.0,0,3.6,0,0,,0,0,,0,0,,0,1,1,0,0,0,0,1,0,-0.1
Jazmine Jones,2022,7,2022-07-19,25.8,CON,home,NYL,19.0,0,2.1,0,0,,0,0,,0,0,,0,0,0,0,0,0,0,0,0,0.0
Jazmine Jones,2022,8,2022-08-14,25.8,WAS,home,IND,12.0,0,3.0,0,1,0.0,0,1,0.0,0,0,,0,1,1,0,0,0,0,0,0,-0.4
Li Meng,2023,1,2023-05-19,28.4,WAS,home,NYL,16.0,0,0.8,0,0,,0,0,,0,0,,0,0,0,0,0,0,0,0,0,0.0
Li Meng,2023,2,2023-05-23,28.4,WAS,home,CON,-7.0,0,2.5,0,0,,0,0,,0,0,,0,0,0,0,0,0,0,0,0,0.0
Li Meng,2023,3,2023-05-26,28.4,WAS,away,CHI,2.0,0,2.8,1,1,1.000,1,1,1.000,0,0,,0,0,0,0,0,0,1,1,3,1.3
Li Meng,2023,4,2023-06-02,28.4,WAS,home,DAL,1.0,0,8.9,1,2,.500,1,1,1.000,2,2,1.000,1,0,1,0,0,0,0,1,5,4.3
Li Meng,2023,5,2023-06-03,28.4,WAS,home,MIN,-2.0,0,9.4,1,4,.250,1,3,.333,0,0,,0,0,0,0,0,0,0,2,3,-0.2
Li Meng,2023,6,2023-06-09,28.4,WAS,away,SEA,7.0,0,12.0,2,2,1.000,1,1,1.000,0,0,,1,2,3,1,0,0,0,2,5,5.6
Li Meng,2023,7,2023-06-11,28.4,WAS,away,SEA,6.0,0,13.1,1,2,.500,0,1,.000,2,2,1.000,1,2,3,2,1,0,1,2,4,4.9
Li Meng,2023,8,2023-06-13,28.4,WAS,away,IND,-21.0,0,17.9,2,7,.286,2,7,.286,0,0,,0,2,2,1,0,0,0,1,6,2.8
Li Meng,2023,9,2023-06-16,28.5,WAS,home,PHO,19.0,1,26.9,5,12,.417,4,9,.444,0,0,,1,1,2,0,0,0,2,3,14,5.4
Li Meng,2023,10,2023-06-18,28.5,WAS,home,CHI,8.0,0,18.8,2,6,.333,2,5,.400,0,0,,0,2,2,2,1,0,0,1,6,5.2
Li Meng,2023,11,2023-07-07,28.5,WAS,home,IND,8.0,0,24.3,2,5,.400,2,5,.400,3,3,1.000,0,0,0,0,1,0,1,0,9,6.3
Li Meng,2023,12,2023-07-09,28.5,WAS,away,CON,-8.0,0,16.2,1,3,.333,1,3,.333,0,0,,0,2,2,1,0,0,2,3,3,-0.6
Li Meng,2023,13,2023-07-11,28.5,WAS,home,SEA,7.0,0,24.5,3,7,.429,1,5,.200,2,3,.667,1,1,2,2,1,0,0,1,9,7.9
Li Meng,2023,14,2023-07-19,28.5,WAS,home,IND,-6.0,0,17.7,3,6,.500,2,4,.500,0,0,,0,2,2,1,0,0,0,0,8,6.3
Li Meng,2023,15,2023-07-21,28.5,WAS,home,NYL,-9.0,0,17.7,1,7,.143,1,6,.167,0,0,,0,2,2,2,0,0,0,2,3,-0.3
Li Meng,2023,16,2023-07-23,28.6,WAS,home,PHO,15.0,0,18.2,3,7,.429,1,4,.250,0,0,,0,1,1,1,1,0,2,1,7,2.9
Li Meng,2023,17,2023-07-26,28.6,WAS,away,MIN,-5.0,0,20.0,3,6,.500,2,3,.667,0,0,,0,1,1,0,1,0,2,0,8,4.3
Li Meng,2023,18,2023-07-28,28.6,WAS,away,DAL,-28.0,0,24.2,2,7,.286,2,6,.333,0,0,,0,2,2,1,0,0,1,1,6,1.8
Li Meng,2023,19,2023-07-30,28.6,WAS,away,ATL,-7.0,0,18.8,0,4,.000,0,3,.000,2,3,.667,1,1,2,1,0,0,2,1,2,-1.9
Li Meng,2023,20,2023-08-04,28.6,WAS,home,LAS,2.0,0,19.4,4,8,.500,1,3,.333,1,1,1.000,0,1,1,2,0,0,1,3,10,5.5
Li Meng,2023,21,2023-08-06,28.6,WAS,home,LAS,-8.0,0,18.4,2,6,.333,2,5,.400,3,4,.750,0,1,1,0,0,0,2,0,9,3.5
Li Meng,2023,22,2023-08-08,28.6,WAS,away,PHO,-19.0,0,19.4,2,7,.286,2,4,.500,0,0,,0,2,2,1,0,0,1,1,6,1.8
Li Meng,2023,23,2023-08-11,28.6,WAS,away,LVA,-24.0,0,25.7,2,9,.222,2,6,.333,0,0,,0,0,0,5,0,0,1,1,6,2.6
Li Meng,2023,24,2023-08-13,28.6,WAS,home,CHI,7.0,0,18.0,1,3,.333,0,1,.000,1,1,1.000,0,1,1,1,0,0,1,0,3,1.3
Li Meng,2023,25,2023-08-18,28.6,WAS,away,IND,4.0,0,11.9,0,0,,0,0,,0,0,,0,0,0,2,0,0,0,1,0,1.0
Li Meng,2023,26,2023-08-20,28.6,WAS,home,DAL,-13.0,0,13.9,2,5,.400,1,4,.250,0,0,,0,0,0,0,1,0,0,0,5,3.3
Li Meng,2023,27,2023-08-22,28.6,WAS,home,CON,-4.0,0,11.6,1,5,.200,1,5,.200,1,2,.500,0,1,1,3,0,0,4,1,4,-1.5
Li Meng,2023,28,2023-08-26,28.6,WAS,home,LVA,16.0,0,11.1,1,4,.250,0,3,.000,2,2,1.000,0,1,1,0,1,0,1,2,4,1.1
Li Meng,2023,29,2023-08-29,28.7,WAS,home,MIN,11.0,0,11.3,2,5,.400,2,4,.500,0,0,,0,0,0,1,0,0,0,1,6,3.6
Li Meng,2023,30,2023-08-31,28.7,WAS,away,LVA,-9.0,0,12.1,0,3,.000,0,2,.000,3,3,1.000,0,0,0,1,2,0,1,1,3,2.2
Li Meng,2023,31,2023-09-03,28.7,WAS,away,LAS,-8.0,0,19.9,4,7,.571,3,5,.600,0,0,,0,1,1,2,0,0,0,3,11,8.2
Li Meng,2023,32,2023-09-05,28.7,WAS,away,PHO,23.0,0,21.8,4,6,.667,3,5,.600,0,0,,0,0,0,2,0,1,1,0,11,9.5
Li Meng,2023,33,2023-09-08,28.7,WAS,home,ATL,-5.0,0,11.2,1,3,.333,1,3,.333,0,0,,0,0,0,0,0,0,0,1,3,0.9
Li Meng,2023,34,2023-09-10,28.7,WAS,away,NYL,2.0,0,18.9,3,5,.600,2,4,.500,0,0,,0,1,1,0,0,0,1,1,8,4.6
Cyesha Goree,2023,1,2023-07-19,30.0,WAS,home,IND,-6.0,0,9.3,1,1,1.0,0,0,,0,0,,0,0,0,0,0,0,0,1,2,1.3
Cyesha Goree,2023,2,2023-07-21,30.0,WAS,home,NYL,-9.0,0,6.1,0,1,0.0,0,1,0.0,1,2,0.5,0,0,0,0,0,0,0,0,1,-0.1
Cyesha Goree,2023,3,2023-07-23,30.0,WAS,home,PHO,15.0,0,11.2,0,2,0.0,0,1,0.0,0,0,,2,2,4,0,1,0,2,2,0,-1.2
Cyesha Goree,2023,4,2023-07-26,30.0,WAS,away,MIN,-5.0,0,13.1,4,5,0.8,1,2,0.5,0,0,,0,1,1,0,0,0,0,1,9,7.0
Cyesha Goree,2023,5,2023-07-28,30.0,WAS,away,DAL,-28.0,0,23.0,4,8,0.5,0,3,0.0,0,0,,1,0,1,1,1,1,1,5,8,4.1
Cyesha Goree,2023,6,2023-07-30,30.0,WAS,away,ATL,-7.0,0,8.5,1,4,0.25,0,1,0.0,0,0,,1,0,1,0,0,0,0,0,2,0.3
Cyesha Goree,2023,7,2023-08-04,30.0,WAS,home,LAS,2.0,0,7.7,3,4,0.75,1,2,0.5,0,0,,0,0,0,0,0,0,0,1,7,5.0
Cyesha Goree,2023,8,2023-08-06,30.0,WAS,home,LAS,-8.0,0,8.4,1,2,0.5,0,0,,1,1,1.0,2,2,4,0,0,0,0,1,3,3.6
Cyesha Goree,2023,9,2023-08-08,30.0,WAS,away,PHO,-19.0,0,21.6,0,3,0.0,0,2,0.0,4,4,1.0,1,0,1,0,1,0,1,1,4,2.2
Cyesha Goree,2023,10,2023-08-11,30.0,WAS,away,LVA,-24.0,0,7.5,1,2,0.5,1,2,0.5,0,0,,0,0,0,0,0,0,0,0,3,2.0
Joyner Holmes,2020,1,2020-07-25,22.4,NYL,home,SEA,-16.0,0,10.4,0,4,0.0,0,2,0.0,2,2,1.0,1,2,3,3,0,0,1,0,2,1.6
Joyner Holmes,2020,2,2020-07-29,22.4,NYL,home,DAL,-13.0,0,10.0,3,4,0.75,0,0,,1,1,1.0,1,3,4,0,0,0,1,2,7,5.2
Joyner Holmes,2020,3,2020-07-31,22.4,NYL,home,ATL,-6.0,0,12.8,1,4,0.25,0,2,0.0,0,0,,0,3,3,0,0,0,0,1,2,0.1
Joyner Holmes,2020,4,2020-08-02,22.4,NYL,home,PHO,-29.0,0,14.7,1,4,0.25,0,3,0.0,1,2,0.5,0,1,1,1,1,1,1,3,3,0.7
Joyner Holmes,2020,5,2020-08-05,22.5,NYL,home,MIN,-26.0,0,0.8,0,0,,0,0,,0,0,,0,0,0,0,0,0,0,0,0,0.0
Joyner Holmes,2020,6,2020-08-07,22.5,NYL,home,WAS,8.0,0,4.2,1,4,0.25,0,2,0.0,1,2,0.5,1,1,2,1,0,0,0,0,3,1.9
Joyner Holmes,2020,7,2020-08-09,22.5,NYL,home,LVA,-2.0,0,19.7,4,8,0.5,1,3,0.333,2,2,1.0,0,2,2,0,0,0,0,2,11,6.8
Joyner Holmes,2020,8,2020-08-11,22.5,NYL,home,LAS,-15.0,0,2.4,0,1,0.0,0,0,,0,0,,0,0,0,0,0,0,0,1,0,-1.1
Joyner Holmes,2020,9,2020-08-13,22.5,NYL,home,IND,-7.0,0,1.5,0,1,0.0,0,0,,0,0,,0,0,0,0,0,0,0,0,0,-0.7
Joyner Holmes,2020,10,2020-08-15,22.5,NYL,home,MIN,-30.0,0,17.3,1,6,0.167,0,2,0.0,0,0,,3,2,5,2,1,0,3,0,2,0.3
Joyner Holmes,2020,11,2020-08-18,22.5,NYL,home,SEA,-41.0,0,11.7,0,1,0.0,0,1,0.0,0,0,,0,4,4,1,0,0,1,0,0,0.2
Joyner Holmes,2020,12,2020-08-22,22.5,NYL,home,CON,-17.0,0,9.5,0,0,,0,0,,2,2,1.0,0,1,1,1,0,0,1,2,2,1.2
Joyner Holmes,2020,13,2020-09-01,22.5,NYL,home,CON,-5.0,0,11.7,0,3,0.0,0,1,0.0,0,0,,0,3,3,1,0,0,3,1,0,-3.9
Joyner Holmes,2020,14,2020-09-03,22.5,NYL,home,ATL,-6.0,0,9.4,1,3,0.333,0,0,,0,0,,3,3,6,1,0,0,1,0,2,3.0
Joyner Holmes,2020,15,2020-09-05,22.5,NYL,home,PHO,-16.0,0,24.0,6,17,0.353,1,7,0.143,0,1,0.0,5,8,13,0,0,0,0,0,13,9.0
Joyner Holmes,2020,16,2020-09-08,22.5,NYL,home,LAS,-26.0,0,20.2,2,5,0.4,1,4,0.25,0,0,,0,1,1,2,0,1,1,2,5,2.9
Joyner Holmes,2020,17,2020-09-10,22.6,NYL,home,IND,-10.0,0,5.4,1,6,0.167,0,1,0.0,0,0,,1,1,2,0,0,0,0,0,2,-0.8
Joyner Holmes,2020,18,2020-09-12,22.6,NYL,home,WAS,-17.0,0,1.3,0,0,,0,0,,0,0,,0,0,0,0,0,0,0,0,0,0.0
Joyner Holmes,2020,19,2020-09-13,22.6,NYL,home,DAL,-3.0,0,3.2,1,1,1.0,0,0,,0,0,,0,1,1,0,0,0,0,0,2,2.0
Joyner Holmes,2021,1,2021-05-14,23.2,NYL,home,IND,3.0,0,5.3,0,0,,0,0,,0,0,,0,0,0,1,0,0,1,1,0,-0.7
Joyner Holmes,2021,2,2021-05-30,23.3,LVA,home,IND,23.0,0,6.7,3,4,0.75,2,2,1.0,0,0,,0,0,0,1,0,0,0,0,8,7.1
Joyner Holmes,2021,3,2021-06-03,23.3,LVA,away,NYL,12.0,0,0.7,0,0,,0,0,,0,0,,0,0,0,0,0,0,0,0,0,0.0
Joyner Holmes,2021,4,2021-06-15,23.3,LVA,home,NYL,22.0,0,4.0,1,1,1.0,0,0,,0,0,,0,1,1,1,0,0,0,0,2,2.7
Joyner Holmes,2021,5,2021-06-17,23.3,LVA,home,NYL,27.0,0,11.4,1,5,0.2,1,2,0.5,0,0,,0,3,3,0,0,1,1,2,3,-0.3
Joyner Holmes,2022,1,2022-05-07,24.2,CON,away,NYL,-2.0,0,7.6,0,0,,0,0,,0,0,,0,2,2,0,0,0,0,0,0,0.6
Joyner Holmes,2022,2,2022-05-14,24.2,CON,home,LAS,17.0,0,4.6,0,1,.000,0,0,,0,0,,0,1,1,0,0,0,2,1,0,-2.8
Joyner Holmes,2022,3,2022-05-17,24.2,CON,away,NYL,27.0,0,11.7,0,2,.000,0,1,.000,2,2,1.000,0,3,3,0,1,1,1,2,2,1.4
Joyner Holmes,2022,4,2022-05-20,24.2,CON,home,IND,9.0,0,3.4,0,1,.000,0,1,.000,0,0,,0,0,0,1,0,0,1,0,0,-1.0
Joyner Holmes,2022,5,2022-05-22,24.2,CON,away,IND,22.0,0,18.4,0,3,.000,0,1,.000,0,0,,1,2,3,2,0,0,0,2,0,-0.2
Joyner Holmes,2022,6,2022-05-26,24.3,CON,home,DAL,31.0,0,7.3,0,1,.000,0,0,,0,0,,0,0,0,0,0,0,1,2,0,-2.5
Joyner Holmes,2022,7,2022-06-05,24.3,CON,away,SEA,7.0,0,3.4,0,1,.000,0,1,.000,0,0,,0,0,0,0,0,0,0,1,0,-1.1
Joyner Holmes,2022,8,2022-06-08,24.3,CON,home,IND,19.0,0,5.1,3,4,.750,2,2,1.000,0,0,,0,2,2,1,1,0,0,0,8,8.7
Joyner Holmes,2022,9,2022-06-15,24.3,CON,home,ATL,13.0,0,17.5,4,8,.500,1,3,.333,0,0,,0,0,0,3,3,0,0,4,9,8.5
Joyner Holmes,2022,10,2022-06-17,24.3,CON,home,SEA,11.0,0,3.2,0,0,,0,0,,0,0,,0,0,0,1,0,0,0,0,0,0.7
Joyner Holmes,2022,11,2022-06-19,24.3,CON,away,WAS,-8.0,0,3.5,0,0,,0,0,,0,0,,0,0,0,0,0,0,1,0,0,-1.0
Joyner Holmes,2022,12,2022-06-22,24.3,CON,home,NYL,-4.0,0,4.6,0,0,,0,0,,2,2,1.000,0,0,0,0,0,0,1,0,2,1.0
Joyner Holmes,2022,13,2022-06-26,24.3,CON,away,ATL,11.0,0,1.5,0,1,.000,0,0,,0,0,,0,0,0,0,0,0,0,0,0,-0.7
Joyner Holmes,2022,14,2022-07-03,24.4,CON,home,WAS,2.0,0,5.5,1,2,.500,0,1,.000,1,2,.500,0,2,2,1,0,0,1,1,3,1.5
Joyner Holmes,2022,15,2022-07-05,24.4,CON,away,DAL,-11.0,0,2.3,0,1,.000,0,1,.000,0,0,,0,0,0,0,0,0,0,1,0,-1.1
Joyner Holmes,2022,16,2022-07-13,24.4,CON,away,IND,8.0,0,5.8,1,3,.333,0,1,.000,0,0,,0,1,1,0,0,0,0,1,2,0.2
Joyner Holmes,2022,17,2022-07-15,24.4,CON,away,ATL,25.0,0,15.9,3,6,.500,0,2,.000,0,0,,2,3,5,1,2,0,2,2,6,5.2
Joyner Holmes,2022,18,2022-07-17,24.4,CON,home,LVA,-8.0,0,13.7,3,5,.600,1,1,1.000,0,0,,0,4,4,1,0,0,2,1,7,4.2
Joyner Holmes,2022,19,2022-07-19,24.4,CON,home,NYL,19.0,0,6.8,0,1,.000,0,1,.000,0,0,,0,0,0,0,0,1,1,0,0,-1.0
Joyner Holmes,2022,20,2022-07-22,24.4,CON,away,MIN,10.0,0,16.4,1,7,.143,0,1,.000,2,3,.667,2,1,3,0,0,0,0,1,4,0.4
Joyner Holmes,2022,21,2022-07-24,24.4,CON,away,MIN,7.0,0,4.0,0,1,.000,0,1,.000,0,0,,0,0,0,0,0,0,0,0,0,-0.7
Joyner Holmes,2022,22,2022-08-02,24.4,CON,home,PHO,24.0,0,6.3,0,3,.000,0,1,.000,0,0,,0,1,1,0,0,0,1,0,0,-2.8
Joyner Holmes,2022,23,2022-08-04,24.4,CON,home,PHO,13.0,0,3.0,1,1,1.000,0,0,,0,0,,0,0,0,0,1,0,1,0,2,1.7
Joyner Holmes,2022,24,2022-08-09,24.5,CON,away,LAS,26.0,0,10.0,2,5,.400,1,2,.500,0,0,,0,2,2,0,0,0,0,0,5,2.9
Joyner Holmes,2022,25,2022-08-11,24.5,CON,away,LAS,24.0,0,13.4,0,3,.000,0,1,.000,2,2,1.000,1,4,5,0,0,0,2,1,2,-0.6
Joyner Holmes,2022,26,2022-08-14,24.5,CON,home,MIN,7.0,0,10.2,0,1,.000,0,0,,1,2,.500,0,1,1,1,0,0,2,0,1,-1.1
Joyner Holmes,2023,1,2023-05-19,25.2,LAS,home,PHO,23.0,0,13.2,1,6,.167,0,2,.000,0,0,,2,1,3,0,0,0,0,1,2,-0.5
Joyner Holmes,2023,2,2023-05-25,25.3,LAS,home,LVA,-9.0,0,16.9,3,7,.429,0,2,.000,0,0,,0,5,5,1,0,1,0,2,6,4.4
Joyner Holmes,2023,3,2023-05-27,25.3,LAS,away,LVA,-28.0,0,22.8,2,7,.286,2,3,.667,3,4,.750,2,4,6,0,0,1,3,0,9,4.8
Joyner Holmes,2023,4,2023-06-02,25.3,LAS,away,PHO,6.0,0,2.1,0,0,,0,0,,0,0,,0,0,0,0,0,0,1,2,0,-1.8
Joyner Holmes,2023,5,2023-06-03,25.3,LAS,home,SEA,7.0,0,5.2,2,3,.667,0,0,,0,0,,1,2,3,0,0,0,0,1,4,3.6
Joyner Holmes,2023,6,2023-06-11,25.3,SEA,home,WAS,-6.0,0,3.5,0,1,.000,0,1,.000,0,0,,0,1,1,1,0,0,0,0,0,0.3
Joyner Holmes,2023,7,2023-06-13,25.3,SEA,away,PHO,14.0,0,2.0,0,1,.000,0,1,.000,0,0,,1,0,1,0,0,0,0,1,0,-0.4
Joyner Holmes,2023,8,2023-06-15,25.3,SEA,away,LVA,-33.0,0,2.8,0,1,.000,0,1,.000,0,0,,0,0,0,0,0,0,1,0,0,-1.7
Joyner Holmes,2023,9,2023-06-20,25.3,SEA,home,CON,-6.0,0,12.6,1,2,.500,0,0,,1,1,1.000,0,1,1,2,0,1,0,2,3,3.6
Joyner Holmes,2023,10,2023-06-22,25.3,SEA,home,IND,-12.0,0,7.3,0,1,.000,0,1,.000,0,0,,0,1,1,1,0,0,1,1,0,-1.1
Joyner Holmes,2023,11,2023-06-24,25.3,SEA,home,PHO,23.0,0,25.5,3,7,.429,2,5,.400,4,4,1.000,2,4,6,2,1,3,1,4,12,12.8
Joyner Holmes,2023,12,2023-06-27,25.3,SEA,away,MIN,-11.0,0,27.2,4,10,.400,1,3,.333,2,2,1.000,3,5,8,3,1,0,1,1,11,10.9
Joyner Holmes,2023,13,2023-06-29,25.3,SEA,home,MIN,-2.0,1,21.1,0,6,.000,0,2,.000,0,0,,0,4,4,1,1,0,1,6,0,-4.7
Joyner Holmes,2023,14,2023-07-02,25.4,SEA,home,NYL,-15.0,1,16.4,0,3,.000,0,1,.000,0,0,,0,2,2,0,0,0,1,0,0,-2.5
Joyner Holmes,2023,15,2023-07-06,25.4,SEA,away,CON,-20.0,0,17.2,2,5,.400,0,2,.000,1,2,.500,1,3,4,3,1,0,1,0,5,5.6
Joyner Holmes,2023,16,2023-07-11,25.4,SEA,away,WAS,-7.0,0,4.7,1,1,1.000,0,0,,0,0,,0,0,0,1,0,0,0,1,2,2.0
Joyner Holmes,2023,17,2023-07-12,25.4,SEA,away,ATL,-10.0,0,16.9,4,8,.500,2,4,.500,0,0,,0,2,2,2,0,1,0,2,10,7.9
Joyner Holmes,2023,18,2023-07-22,25.4,SEA,home,CHI,-15.0,0,10.3,1,2,.500,0,0,,0,0,,1,3,4,2,0,0,1,3,2,1.8
Joyner Holmes,2023,19,2023-07-25,25.4,SEA,away,NYL,-4.0,0,3.9,0,0,,0,0,,0,0,,1,0,1,0,1,0,0,0,0,1.7
Joyner Holmes,2023,20,2023-07-28,25.4,SEA,away,CHI,9.0,0,2.4,0,0,,0,0,,0,0,,0,0,0,0,0,0,0,0,0,0.0
Joyner Holmes,2023,21,2023-07-30,25.4,SEA,away,IND,23.0,0,3.2,1,2,.500,1,2,.500,0,0,,0,0,0,0,0,0,0,0,3,2.0
Joyner Holmes,2023,22,2023-08-02,25.4,SEA,home,DAL,-11.0,0,4.9,0,0,,0,0,,0,0,,0,1,1,0,0,0,0,0,0,0.3
Joyner Holmes,2023,23,2023-08-08,25.5,SEA,home,CON,-12.0,0,8.6,2,4,.500,0,2,.000,0,0,,0,2,2,1,1,1,1,0,4,4.0
Joyner Holmes,2023,24,2023-08-13,25.5,SEA,home,PHO,10.0,0,5.8,2,2,1.000,1,1,1.000,1,1,1.000,0,0,0,0,0,0,0,2,6,4.6
Joyner Holmes,2023,25,2023-08-18,25.5,SEA,home,MIN,-8.0,0,14.3,1,6,.167,0,2,.000,2,3,.667,2,3,5,2,2,0,0,2,4,4.7
Joyner Holmes,2023,26,2023-08-20,25.5,SEA,away,MIN,14.0,0,4.1,1,3,.333,1,2,.500,0,0,,2,1,3,1,0,0,1,1,3,2.3
Joyner Holmes,2023,27,2023-08-22,25.5,SEA,away,CHI,-23.0,0,11.1,1,4,.250,1,2,.500,0,0,,0,3,3,2,0,1,0,1,3,3.2
Joyner Holmes,2023,28,2023-08-24,25.5,SEA,away,IND,-4.0,0,10.0,1,3,.333,1,3,.333,1,2,.500,0,2,2,0,0,0,1,2,4,0.7
Joyner Holmes,2023,29,2023-08-27,25.5,SEA,home,CHI,-5.0,0,11.3,3,3,1.000,1,1,1.000,0,0,,1,3,4,0,0,0,0,1,7,7.3
Joyner Holmes,2023,30,2023-08-31,25.5,SEA,away,LAS,11.0,0,4.3,1,2,.500,0,1,.000,0,0,,1,0,1,0,0,0,0,0,2,1.7
Joyner Holmes,2023,31,2023-09-02,25.5,SEA,away,LVA,-26.0,0,13.3,1,2,.500,1,2,.500,1,2,.500,2,2,4,1,0,0,2,1,4,2.9
Joyner Holmes,2023,32,2023-09-06,25.5,SEA,away,ATL,-11.0,0,7.3,0,0,,0,0,,0,0,,0,1,1,0,0,0,0,0,0,0.3
Joyner Holmes,2023,33,2023-09-08,25.5,SEA,away,DAL,-15.0,0,10.4,0,4,.000,0,1,.000,0,0,,1,0,1,0,1,1,0,2,0,-1.2
Joyner Holmes,2023,34,2023-09-10,25.5,SEA,home,LAS,-2.0,0,12.9,3,4,.750,1,1,1.000,0,0,,1,4,5,2,0,0,2,0,7,6.7
Sylvia Fowles,2020,1,2020-07-26,34.8,MIN,home,CON,8.0,1,32.8,7,11,0.636,0,0,,3,4,0.75,2,16,18,2,0,4,1,2,17,20.3
Sylvia Fowles,2020,2,2020-07-28,34.8,MIN,home,SEA,-24.0,1,25.6,4,7,0.571,0,0,,7,8,0.875,4,7,11,2,2,0,1,1,15,18.2
Sylvia Fowles,2020,3,2020-07-30,34.8,MIN,home,CHI,2.0,1,26.4,4,4,1.0,0,0,,2,4,0.5,2,5,7,1,0,2,3,6,10,7.6
Sylvia Fowles,2020,4,2020-08-01,34.8,MIN,home,CON,9.0,1,26.6,8,15,0.533,0,0,,5,6,0.833,6,7,13,0,2,1,1,5,21,19.3
Sylvia Fowles,2020,5,2020-08-07,34.8,MIN,home,IND,7.0,1,30.7,8,14,0.571,0,0,,5,5,1.0,1,5,6,0,2,1,1,2,21,17.5
Sylvia Fowles,2020,6,2020-08-11,34.8,MIN,home,WAS,20.0,1,24.8,7,12,0.583,0,0,,2,2,1.0,6,7,13,1,0,0,1,2,16,15.6
Sylvia Fowles,2020,7,2020-08-13,34.9,MIN,home,LVA,-10.0,1,1.4,1,1,1.0,0,0,,0,0,,0,0,0,0,0,0,0,0,2,1.7
Sylvia Fowles,2021,1,2021-05-14,35.6,MIN,home,PHO,-2.0,1,30.4,5,12,.417,0,0,,1,2,.500,2,9,11,2,3,2,4,4,11,8.5
Sylvia Fowles,2021,2,2021-05-18,35.6,MIN,away,NYL,-11.0,1,31.0,11,17,.647,0,0,,4,7,.571,2,9,11,1,0,0,2,2,26,19.3
Sylvia Fowles,2021,3,2021-05-20,35.6,MIN,home,SEA,-12.0,1,31.0,9,14,.643,0,0,,2,7,.286,3,6,9,0,2,1,3,2,20,14.6
Sylvia Fowles,2021,4,2021-05-28,35.6,MIN,away,SEA,-10.0,1,19.6,6,8,.750,0,0,,3,4,.750,1,5,6,1,2,0,2,2,15,13.5
Sylvia Fowles,2021,5,2021-05-30,35.6,MIN,home,CON,5.0,1,34.2,9,14,.643,0,0,,6,6,1.000,1,8,9,4,1,3,2,2,24,24.0
Sylvia Fowles,2021,6,2021-06-04,35.7,MIN,home,ATL,2.0,1,32.2,4,8,.500,0,0,,0,2,.000,0,11,11,2,1,1,3,3,8,5.4
Sylvia Fowles,2021,7,2021-06-06,35.7,MIN,home,ATL,20.0,1,22.9,6,7,.857,0,0,,5,6,.833,4,3,7,2,5,0,3,5,17,19.2
Sylvia Fowles,2021,8,2021-06-08,35.7,MIN,away,WAS,-4.0,1,30.8,4,6,.667,0,0,,7,8,.875,1,4,5,2,3,1,4,4,15,13.4
Sylvia Fowles,2021,9,2021-06-12,35.7,MIN,home,LAS,16.0,1,27.4,5,6,.833,0,0,,5,6,.833,2,7,9,1,5,4,5,3,15,18.2
Sylvia Fowles,2021,10,2021-06-15,35.7,MIN,home,CHI,-16.0,1,29.6,7,12,.583,0,0,,0,2,.000,3,6,9,1,2,1,3,4,14,10.3
Sylvia Fowles,2021,11,2021-06-17,35.7,MIN,away,DAL,12.0,1,34.3,7,10,.700,0,0,,0,0,,2,10,12,2,3,1,3,3,14,15.1
Sylvia Fowles,2021,12,2021-06-19,35.7,MIN,away,DAL,-18.0,1,26.5,3,6,.500,0,0,,2,4,.500,1,6,7,1,0,2,1,1,8,7.4
Sylvia Fowles,2021,13,2021-06-23,35.7,MIN,away,ATL,2.0,1,38.0,11,16,.688,0,0,,4,5,.800,6,13,19,1,2,5,3,2,26,29.3
Sylvia Fowles,2021,14,2021-06-25,35.7,MIN,home,LVA,1.0,1,40.5,12,20,.600,0,0,,6,7,.857,1,13,14,4,4,4,3,5,30,29.6
Sylvia Fowles,2021,15,2021-06-30,35.7,MIN,away,PHO,6.0,1,35.6,7,12,.583,0,0,,1,2,.500,3,8,11,3,1,2,4,3,15,12.8
Sylvia Fowles,2021,16,2021-07-03,35.7,MIN,away,PHO,31.0,1,24.0,3,10,.300,0,0,,0,0,,2,8,10,0,2,3,2,2,6,5.3
Sylvia Fowles,2021,17,2021-07-07,35.8,MIN,home,DAL,6.0,1,28.7,6,10,.600,0,0,,3,4,.750,1,10,11,2,0,1,3,1,15,12.4
Sylvia Fowles,2021,18,2021-07-09,35.8,MIN,away,LVA,10.0,1,33.4,7,14,.500,0,0,,0,0,,2,7,9,1,0,2,0,2,14,11.8
Sylvia Fowles,2021,19,2021-07-11,35.8,MIN,away,LAS,25.0,1,26.2,5,7,.714,0,0,,0,0,,0,7,7,0,2,3,1,3,10,11.1
Sylvia Fowles,2021,20,2021-08-15,35.9,MIN,home,NYL,10.0,1,30.4,9,10,.900,0,0,,2,2,1.000,3,8,11,1,3,0,2,2,20,22.0
Sylvia Fowles,2021,21,2021-08-17,35.9,MIN,away,CON,-12.0,1,33.0,7,10,.700,0,0,,0,0,,1,4,5,1,1,1,3,3,14,9.9
Sylvia Fowles,2021,22,2021-08-19,35.9,MIN,away,CON,-11.0,1,34.2,8,12,.667,0,0,,2,2,1.000,3,8,11,2,0,1,4,2,18,14.6
Sylvia Fowles,2021,23,2021-08-21,35.9,MIN,away,CHI,6.0,1,32.0,6,9,.667,0,0,,3,4,.750,1,5,6,2,0,3,2,5,15,12.4
Sylvia Fowles,2021,24,2021-08-24,35.9,MIN,home,SEA,6.0,1,36.9,10,17,.588,0,0,,9,9,1.000,3,17,20,1,4,3,0,0,29,35.1
Sylvia Fowles,2021,25,2021-09-02,35.9,MIN,home,LAS,9.0,1,35.9,7,10,.700,0,0,,1,2,.500,1,16,17,1,0,1,3,1,15,13.9
Sylvia Fowles,2021,26,2021-09-04,35.9,MIN,home,WAS,18.0,1,18.3,5,6,.833,0,0,,2,2,1.000,1,5,6,0,0,3,3,4,12,9.5
Sylvia Fowles,2021,27,2021-09-08,35.9,MIN,away,LVA,-21.0,1,28.2,5,9,.556,0,0,,0,0,,1,10,11,1,0,0,0,0,10,10.1
Sylvia Fowles,2021,28,2021-09-10,35.9,MIN,home,IND,17.0,1,20.3,6,8,.750,0,0,,1,1,1.000,2,5,7,3,4,5,2,2,13,19.5
Sylvia Fowles,2021,29,2021-09-12,35.9,MIN,home,IND,10.0,1,32.5,7,10,.700,0,0,,4,4,1.000,4,4,8,1,2,3,2,2,18,19.8
Sylvia Fowles,2021,30,2021-09-17,35.9,MIN,away,IND,19.0,1,24.3,8,9,.889,0,0,,5,6,.833,4,6,10,0,2,0,0,2,21,23.3
Sylvia Fowles,2021,31,2021-09-19,36.0,MIN,away,WAS,6.0,1,31.8,3,6,.500,0,0,,2,2,1.000,4,9,13,1,2,0,0,3,8,12.0
Sylvia Fowles,2022,1,2022-05-06,36.6,MIN,away,SEA,-23.0,1,22.6,8,14,.571,0,0,,0,0,,2,2,4,2,1,1,0,0,16,14.5
Sylvia Fowles,2022,2,2022-05-08,36.6,MIN,home,WAS,-12.0,1,27.8,5,12,.417,0,0,,3,3,1.000,3,5,8,0,1,1,2,2,13,9.1
Sylvia Fowles,2022,3,2022-05-10,36.6,MIN,away,IND,-6.0,1,37.3,12,17,.706,0,0,,2,4,.500,6,8,14,3,4,2,3,2,26,28.4
Sylvia Fowles,2022,4,2022-05-14,36.6,MIN,home,CHI,-4.0,1,32.7,7,9,.778,0,0,,2,5,.400,2,9,11,1,1,1,3,1,16,14.4
Sylvia Fowles,2022,5,2022-05-17,36.6,MIN,away,LAS,3.0,1,38.7,8,10,.800,0,0,,4,5,.800,5,7,12,2,1,2,3,6,20,19.8
Sylvia Fowles,2022,6,2022-05-19,36.6,MIN,away,LVA,-6.0,1,35.3,8,11,.727,0,0,,4,4,1.000,2,8,10,0,0,0,1,3,20,17.1
Sylvia Fowles,2022,7,2022-05-21,36.6,MIN,away,DAL,-16.0,1,31.8,6,9,.667,0,0,,2,2,1.000,0,9,9,2,3,4,4,0,14,16.0
Sylvia Fowles,2022,8,2022-05-24,36.6,MIN,home,NYL,6.0,1,33.7,6,12,.500,0,0,,2,5,.400,5,9,14,0,2,1,2,3,14,12.5
Sylvia Fowles,2022,9,2022-05-29,36.6,MIN,home,LAS,-2.0,1,30.9,4,8,.500,0,0,,7,13,.538,2,5,7,0,2,1,3,6,15,8.8
Sylvia Fowles,2022,10,2022-06-01,36.7,MIN,away,ATL,-8.0,1,35.6,7,9,.778,0,0,,2,4,.500,1,19,20,1,2,1,5,2,16,15.7
Sylvia Fowles,2022,11,2022-06-05,36.7,MIN,away,NYL,7.0,1,36.0,7,10,.700,0,0,,4,7,.571,3,5,8,1,0,0,4,3,18,11.7
Sylvia Fowles,2022,12,2022-06-07,36.7,MIN,away,NYL,-19.0,1,24.0,4,7,.571,0,0,,2,2,1.000,3,3,6,0,1,0,0,0,10,10.7
Sylvia Fowles,2022,13,2022-06-23,36.7,MIN,home,PHO,12.0,1,22.1,7,12,.583,0,0,,0,0,,3,7,10,0,0,0,1,2,14,10.8
Sylvia Fowles,2022,14,2022-06-26,36.7,MIN,away,CHI,-3.0,1,24.1,6,6,1.000,0,0,,0,0,,0,6,6,3,0,3,3,2,12,12.4
Sylvia Fowles,2022,15,2022-06-28,36.7,MIN,home,DAL,28.0,1,15.4,5,7,.714,0,0,,0,2,.000,1,2,3,0,2,1,1,2,10,8.5
Sylvia Fowles,2022,16,2022-07-01,36.7,MIN,home,LVA,-6.0,1,20.8,6,7,.857,0,0,,0,0,,2,3,5,0,1,2,1,2,12,12.4
Sylvia Fowles,2022,17,2022-07-03,36.7,MIN,home,LVA,31.0,1,20.3,3,9,.333,0,0,,2,2,1.000,4,7,11,1,0,2,0,2,8,9.1
Sylvia Fowles,2022,18,2022-07-06,36.7,MIN,home,CHI,3.0,1,24.3,5,8,.625,0,0,,4,4,1.000,1,6,7,0,2,0,5,2,14,9.1
Sylvia Fowles,2022,19,2022-07-12,36.8,MIN,home,PHO,11.0,1,36.6,6,10,.600,0,0,,2,5,.400,4,10,14,0,0,0,2,5,14,10.0
Sylvia Fowles,2022,20,2022-07-14,36.8,MIN,home,DAL,-5.0,1,26.9,9,14,.643,0,0,,2,4,.500,6,11,17,3,0,1,1,3,20,21.1
Sylvia Fowles,2022,21,2022-07-15,36.8,MIN,away,IND,10.0,1,29.3,8,12,.667,0,0,,6,6,1.000,4,8,12,3,1,2,4,2,22,21.7
Sylvia Fowles,2022,22,2022-07-17,36.8,MIN,away,WAS,-13.0,1,20.5,3,8,.375,0,0,,3,4,.750,0,12,12,0,1,0,3,1,9,5.4
Sylvia Fowles,2022,23,2022-07-22,36.8,MIN,home,CON,-10.0,1,19.9,6,9,.667,0,0,,0,0,,2,2,4,3,0,0,2,2,12,9.4
Sylvia Fowles,2022,24,2022-07-28,36.8,MIN,away,ATL,7.0,1,27.1,5,11,.455,0,0,,2,4,.500,1,13,14,1,0,2,0,4,12,10.6
Sylvia Fowles,2022,25,2022-07-31,36.8,MIN,away,LAS,7.0,1,22.5,8,9,.889,0,0,,0,1,.000,2,7,9,3,1,1,3,3,16,15.6
Sylvia Fowles,2022,26,2022-08-03,36.8,MIN,away,SEA,-12.0,1,22.1,6,10,.600,0,0,,0,0,,1,5,6,1,1,2,2,1,12,10.3
Sylvia Fowles,2022,27,2022-08-07,36.8,MIN,home,ATL,10.0,1,25.9,3,5,.600,0,0,,2,2,1.000,1,7,8,2,0,3,2,3,8,8.8
Sylvia Fowles,2022,28,2022-08-10,36.8,MIN,away,PHO,9.0,1,30.1,7,10,.700,0,0,,2,3,.667,3,6,9,1,0,1,1,2,16,14.9
Sylvia Fowles,2022,29,2022-08-12,36.8,MIN,home,SEA,-27.0,1,26.2,5,11,.455,0,0,,3,3,1.000,2,10,12,2,2,1,2,3,13,12.6
Sylvia Fowles,2022,30,2022-08-14,36.9,MIN,away,CON,-7.0,1,30.8,4,10,.400,0,0,,2,3,.667,3,9,12,1,2,1,1,4,10,9.8
Jade Melbourne,2023,1,2023-05-20,20.8,SEA,home,LVA,-41.0,0,6.2,1,2,.500,0,0,,0,0,,0,0,0,1,0,0,0,1,2,1.3
Jade Melbourne,2023,2,2023-05-30,20.8,SEA,home,NYL,-8.0,0,15.0,2,5,.400,0,0,,0,0,,1,1,2,3,0,0,0,3,4,3.2
Jade Melbourne,2023,3,2023-06-03,20.8,SEA,away,LAS,-7.0,0,20.8,3,5,.600,1,2,.500,3,4,.750,1,4,5,2,1,1,0,3,10,11.1
Jade Melbourne,2023,4,2023-06-06,20.8,SEA,home,LAS,3.0,0,14.2,0,3,.000,0,2,.000,0,0,,2,1,3,0,2,0,1,3,0,-0.6
Jade Melbourne,2023,5,2023-06-09,20.8,SEA,home,WAS,-7.0,0,23.5,1,7,.143,0,2,.000,2,3,.667,0,4,4,5,0,0,2,3,4,0.6
Jade Melbourne,2023,6,2023-06-11,20.8,SEA,home,WAS,-6.0,0,15.4,0,1,.000,0,0,,2,2,1.000,0,2,2,1,1,0,1,3,2,1.4
Jade Melbourne,2023,7,2023-06-13,20.8,SEA,away,PHO,14.0,0,14.0,2,6,.333,0,2,.000,0,0,,0,0,0,2,0,0,0,1,4,1.6
Jade Melbourne,2023,8,2023-06-15,20.8,SEA,away,LVA,-33.0,0,5.9,0,0,,0,0,,0,0,,0,0,0,0,0,0,2,0,0,-2.0
Jade Melbourne,2023,9,2023-06-17,20.8,SEA,away,DAL,6.0,0,7.5,0,0,,0,0,,0,0,,0,1,1,0,0,0,1,0,0,-0.7
Jade Melbourne,2023,10,2023-06-20,20.8,SEA,home,CON,-6.0,0,1.4,0,1,.000,0,0,,0,0,,0,0,0,0,0,0,0,0,0,-0.7
Jade Melbourne,2023,11,2023-06-24,20.8,SEA,home,PHO,23.0,0,4.1,0,0,,0,0,,0,0,,0,0,0,1,0,0,0,0,0,0.7
Jade Melbourne,2023,12,2023-06-29,20.9,SEA,home,MIN,-2.0,0,3.9,0,0,,0,0,,0,0,,0,0,0,0,0,0,1,0,0,-1.0
Jade Melbourne,2023,13,2023-07-02,20.9,SEA,home,NYL,-15.0,0,8.3,0,3,.000,0,1,.000,0,0,,0,1,1,0,0,0,0,1,0,-2.2
Jade Melbourne,2023,14,2023-07-06,20.9,SEA,away,CON,-20.0,0,16.6,2,3,.667,1,1,1.000,0,1,.000,0,1,1,0,1,0,2,2,5,1.8
Jade Melbourne,2023,15,2023-07-11,20.9,SEA,away,WAS,-7.0,0,12.0,3,4,.750,0,1,.000,2,2,1.000,0,1,1,3,4,0,0,2,8,12.0
Jade Melbourne,2023,16,2023-07-12,20.9,SEA,away,ATL,-10.0,0,23.6,2,5,.400,0,2,.000,3,4,.750,0,0,0,5,1,0,3,4,7,3.8
Jade Melbourne,2023,17,2023-07-22,20.9,SEA,home,CHI,-15.0,0,18.1,2,4,.500,0,1,.000,1,2,.500,0,2,2,1,1,0,2,5,5,0.9
Jade Melbourne,2023,18,2023-07-30,20.9,SEA,away,IND,23.0,0,2.2,1,1,1.000,1,1,1.000,0,0,,1,0,1,0,0,0,0,0,3,3.4
Jade Melbourne,2023,19,2023-08-08,21.0,SEA,home,CON,-12.0,0,12.7,3,3,1.000,0,0,,0,0,,0,4,4,1,0,0,1,2,6,5.2
Jade Melbourne,2023,20,2023-08-10,21.0,SEA,home,ATL,1.0,0,15.0,1,2,.500,0,1,.000,1,2,.500,1,1,2,1,0,0,2,3,3,0.1
Jade Melbourne,2023,21,2023-08-13,21.0,SEA,home,PHO,10.0,0,12.9,0,1,.000,0,1,.000,4,4,1.000,0,2,2,3,0,0,1,0,4,5.0
Jade Melbourne,2023,22,2023-08-18,21.0,SEA,home,MIN,-8.0,0,9.6,0,1,.000,0,0,,0,0,,0,0,0,0,0,0,1,0,0,-1.7
Jade Melbourne,2023,23,2023-08-20,21.0,SEA,away,MIN,14.0,0,10.2,1,2,.500,0,1,.000,0,0,,0,1,1,2,0,0,1,3,2,0.5
Jade Melbourne,2023,24,2023-08-22,21.0,SEA,away,CHI,-23.0,0,9.4,0,2,.000,0,1,.000,2,2,1.000,0,1,1,1,0,0,1,2,2,-0.2
Jade Melbourne,2023,25,2023-08-24,21.0,SEA,away,IND,-4.0,0,8.0,1,2,.500,0,0,,1,1,1.000,0,0,0,3,1,0,2,1,3,2.7
Jade Melbourne,2023,26,2023-08-31,21.0,SEA,away,LAS,11.0,0,7.1,0,0,,0,0,,0,0,,0,1,1,0,0,0,2,1,0,-2.1
Jade Melbourne,2023,27,2023-09-02,21.0,SEA,away,LVA,-26.0,0,4.4,0,1,.000,0,1,.000,0,0,,0,0,0,0,0,0,0,2,0,-1.5
Jade Melbourne,2023,28,2023-09-06,21.1,SEA,away,ATL,-11.0,0,3.0,0,0,,0,0,,0,0,,0,0,0,0,0,0,0,1,0,-0.4
Jade Melbourne,2023,29,2023-09-08,21.1,SEA,away,DAL,-15.0,0,1.8,0,0,,0,0,,2,2,1.000,0,0,0,0,0,0,0,0,2,2.0
Nikolina Milic,2022,1,2022-05-06,28.1,MIN,away,SEA,-23.0,0,12.1,3,5,.600,0,0,,1,1,1.000,4,2,6,1,1,0,2,3,7,6.6
Nikolina Milic,2022,2,2022-05-08,28.1,MIN,home,WAS,-12.0,0,5.6,1,1,1.000,0,0,,0,0,,0,0,0,0,0,2,2,4,2,-0.5
Nikolina Milic,2022,3,2022-05-10,28.1,MIN,away,IND,-6.0,0,4.4,0,2,.000,0,0,,0,0,,2,0,2,1,0,0,1,0,0,-0.3
Nikolina Milic,2022,4,2022-05-14,28.1,MIN,home,CHI,-4.0,0,22.4,6,10,.600,2,3,.667,4,4,1.000,4,1,5,2,0,1,5,2,18,12.8
Nikolina Milic,2022,5,2022-05-17,28.1,MIN,away,LAS,3.0,0,6.8,0,1,.000,0,0,,0,0,,1,2,3,1,0,0,1,4,0,-1.3
Nikolina Milic,2022,6,2022-05-19,28.1,MIN,away,LVA,-6.0,0,9.2,2,4,.500,0,1,.000,0,0,,1,0,1,0,0,0,2,3,4,-0.5
Nikolina Milic,2022,7,2022-05-21,28.1,MIN,away,DAL,-16.0,0,8.2,0,3,.000,0,0,,0,0,,2,0,2,1,0,1,0,3,0,-0.5
Nikolina Milic,2022,8,2022-05-24,28.1,MIN,home,NYL,6.0,0,11.6,3,5,.600,0,0,,0,0,,2,3,5,0,1,0,1,1,6,5.6
Nikolina Milic,2022,9,2022-05-29,28.1,MIN,home,LAS,-2.0,0,4.8,0,0,,0,0,,0,0,,1,0,1,0,1,0,2,2,0,-1.1
Nikolina Milic,2022,10,2022-06-01,28.1,MIN,away,ATL,-8.0,0,27.8,5,10,.500,1,3,.333,3,3,1.000,2,1,3,2,0,1,1,1,14,11.4
Nikolina Milic,2022,11,2022-06-05,28.1,MIN,away,NYL,7.0,0,8.0,1,3,.333,0,0,,2,2,1.000,1,0,1,0,0,0,1,3,4,0.8
Nikolina Milic,2022,12,2022-06-07,28.2,MIN,away,NYL,-19.0,0,16.0,2,6,.333,0,1,.000,4,6,.667,0,3,3,1,2,0,0,0,8,7.4
Nikolina Milic,2022,13,2022-06-10,28.2,MIN,home,WAS,-17.0,0,13.3,3,5,.600,0,1,.000,2,3,.667,0,1,1,1,0,0,3,1,8,2.9
Nikolina Milic,2022,14,2022-06-12,28.2,MIN,home,IND,-4.0,0,30.4,11,19,.579,1,4,.250,0,2,.000,3,3,6,3,0,0,0,2,23,17.6
Nikolina Milic,2022,15,2022-06-14,28.2,MIN,home,SEA,-2.0,1,32.9,5,11,.455,0,3,.000,1,1,1.000,2,5,7,4,0,0,3,3,11,6.8
Nikolina Milic,2022,16,2022-06-19,28.2,MIN,away,LVA,-1.0,1,23.3,3,7,.429,1,2,.500,0,0,,2,7,9,3,0,1,1,3,7,7.4
Nikolina Milic,2022,17,2022-06-21,28.2,MIN,away,PHO,13.0,1,8.2,1,3,.333,1,2,.500,2,2,1.000,0,1,1,1,0,0,0,2,5,3.5
Nikolina Milic,2022,18,2022-06-26,28.2,MIN,away,CHI,-3.0,0,3.3,0,1,.000,0,0,,0,0,,0,1,1,0,0,0,0,1,0,-0.8
Nikolina Milic,2022,19,2022-06-28,28.2,MIN,home,DAL,28.0,0,5.7,3,3,1.000,0,0,,1,1,1.000,3,1,4,0,0,0,2,3,7,5.3
Nikolina Milic,2022,20,2022-07-01,28.2,MIN,home,LVA,-6.0,0,9.0,1,2,.500,0,0,,3,4,.750,1,3,4,0,1,0,1,1,5,4.8
Nikolina Milic,2022,21,2022-07-03,28.2,MIN,home,LVA,31.0,0,7.7,1,2,.500,0,0,,1,4,.250,3,1,4,0,0,1,1,1,3,2.5
Nikolina Milic,2022,22,2022-07-12,28.2,MIN,home,PHO,11.0,0,0.6,0,0,,0,0,,0,0,,0,0,0,0,0,0,0,0,0,0.0
Nikolina Milic,2022,23,2022-07-14,28.3,MIN,home,DAL,-5.0,0,7.2,1,2,.500,0,0,,2,2,1.000,1,1,2,1,1,0,0,1,4,5.3
Nikolina Milic,2022,24,2022-07-15,28.3,MIN,away,IND,10.0,0,2.7,0,1,.000,0,0,,0,0,,0,0,0,0,0,0,1,0,0,-1.7
Nikolina Milic,2022,25,2022-07-17,28.3,MIN,away,WAS,-13.0,0,1.5,0,0,,0,0,,0,0,,0,1,1,0,1,0,0,0,0,1.3
Nikolina Milic,2022,26,2022-07-22,28.3,MIN,home,CON,-10.0,0,17.0,4,4,1.000,0,0,,4,4,1.000,3,2,5,0,0,1,2,0,12,12.2
Nikolina Milic,2022,27,2022-07-24,28.3,MIN,home,CON,-7.0,1,26.1,7,9,.778,0,1,.000,0,0,,3,1,4,0,1,0,3,6,14,8.5
Nikolina Milic,2022,28,2022-07-28,28.3,MIN,away,ATL,7.0,0,12.1,3,4,.750,0,0,,0,2,.000,1,1,2,1,1,0,2,2,6,3.5
Nikolina Milic,2022,29,2022-07-31,28.3,MIN,away,LAS,7.0,0,5.5,1,2,.500,0,0,,0,0,,0,2,2,0,0,0,2,2,2,-1.2
Nikolina Milic,2022,30,2022-08-03,28.3,MIN,away,SEA,-12.0,0,15.0,6,8,.750,0,1,.000,1,1,1.000,3,3,6,0,0,0,3,2,13,9.0
Nikolina Milic,2022,31,2022-08-07,28.3,MIN,home,ATL,10.0,0,5.4,1,2,.500,0,0,,0,0,,1,1,2,0,0,0,0,1,2,1.6
Nikolina Milic,2023,1,2023-05-19,29.1,MIN,home,CHI,-11.0,0,7.2,1,3,.333,0,0,,0,0,,1,0,1,0,0,0,0,0,2,1.0
Nikolina Milic,2023,2,2023-05-23,29.1,MIN,home,ATL,-6.0,0,2.7,2,2,1.000,1,1,1.000,0,0,,0,0,0,0,0,0,1,3,5,2.2
Nikolina Milic,2023,3,2023-05-25,29.1,MIN,away,PHO,-9.0,0,13.4,2,4,.500,0,0,,2,2,1.000,2,1,3,1,0,0,1,0,6,5.4
Nikolina Milic,2023,4,2023-05-28,29.1,MIN,away,LVA,-21.0,0,14.5,2,5,.400,0,1,.000,0,0,,1,1,2,1,0,0,1,2,4,1.2
Nikolina Milic,2023,5,2023-05-30,29.1,MIN,away,DAL,-5.0,0,4.3,0,1,.000,0,0,,0,0,,0,1,1,1,0,1,0,3,0,-0.2
Nikolina Milic,2023,6,2023-06-03,29.1,MIN,away,WAS,2.0,0,4.6,0,0,,0,0,,0,0,,0,0,0,1,0,0,1,2,0,-1.1
Nikolina Milic,2023,7,2023-06-09,29.2,MIN,home,IND,-2.0,0,15.3,1,2,.500,0,0,,2,2,1.000,0,0,0,2,0,0,0,0,4,4.4
Nikolina Milic,2023,8,2023-06-11,29.2,MIN,home,LAS,5.0,0,16.7,3,6,.500,0,2,.000,4,4,1.000,1,3,4,0,0,0,1,2,10,6.8
Nikolina Milic,2023,9,2023-06-16,29.2,MIN,away,LAS,5.0,0,14.8,4,9,.444,0,2,.000,2,2,1.000,0,2,2,1,0,0,0,4,10,5.0
Nikolina Milic,2023,10,2023-06-18,29.2,MIN,away,LVA,-31.0,0,19.0,2,8,.250,0,1,.000,1,2,.500,1,4,5,1,0,0,0,1,5,2.0
Nikolina Milic,2023,11,2023-06-20,29.2,MIN,away,LAS,6.0,0,28.2,4,10,.400,1,1,1.000,0,0,,0,5,5,4,0,0,3,2,9,4.1
Nikolina Milic,2023,12,2023-06-22,29.2,MIN,home,CON,-21.0,0,15.3,1,8,.125,0,1,.000,4,4,1.000,1,2,3,2,0,1,1,3,6,2.0
Nikolina Milic,2023,13,2023-06-27,29.2,MIN,home,SEA,11.0,0,13.2,4,8,.500,0,1,.000,1,1,1.000,0,2,2,1,0,0,1,2,9,4.5
Nikolina Milic,2023,14,2023-06-29,29.2,MIN,away,SEA,2.0,0,13.9,2,6,.333,0,0,,1,2,.500,1,2,3,2,1,0,1,0,5,3.9
Nikolina Milic,2023,15,2023-07-01,29.2,MIN,away,PHO,10.0,0,9.7,1,5,.200,0,0,,2,2,1.000,0,3,3,0,0,0,1,3,4,-0.4
Nikolina Milic,2023,16,2023-07-05,29.2,MIN,home,IND,7.0,0,11.7,2,2,1.000,0,0,,1,1,1.000,1,0,1,1,0,0,0,3,5,4.6
Nikolina Milic,2023,17,2023-07-07,29.2,MIN,home,PHO,11.0,0,12.8,4,5,.800,0,0,,2,2,1.000,1,2,3,0,0,0,1,0,10,8.4
Nikolina Milic,2023,18,2023-07-09,29.2,MIN,home,LVA,-24.0,0,16.2,6,10,.600,0,1,.000,2,3,.667,2,3,5,0,2,0,1,0,14,12.3
Nikolina Milic,2023,19,2023-07-12,29.2,MIN,home,DAL,-40.0,0,19.1,3,6,.500,0,2,.000,0,0,,2,3,5,0,0,1,2,2,6,3.2
Nikolina Milic,2023,20,2023-07-18,29.3,MIN,away,ATL,-9.0,0,14.3,3,5,.600,1,1,1.000,0,0,,1,3,4,1,0,0,2,2,7,4.2
Nikolina Milic,2023,21,2023-07-20,29.3,MIN,home,LAS,3.0,0,15.1,4,4,1.000,1,1,1.000,0,0,,0,0,0,1,0,0,1,1,9,7.1
Nikolina Milic,2023,22,2023-07-22,29.3,MIN,home,LVA,-17.0,0,15.6,2,6,.333,1,1,1.000,3,3,1.000,0,3,3,1,0,0,3,3,8,2.0
Nikolina Milic,2023,23,2023-07-26,29.3,MIN,home,WAS,5.0,0,7.3,3,5,.600,0,0,,2,2,1.000,0,3,3,1,0,0,1,0,8,6.3
Nikolina Milic,2023,24,2023-07-28,29.3,MIN,away,NYL,5.0,1,15.0,3,7,.429,0,0,,0,1,.000,2,2,4,2,0,0,3,1,6,1.9
Nikolina Milic,2023,25,2023-07-30,29.3,MIN,away,CON,4.0,1,21.8,3,7,.429,0,1,.000,0,0,,0,6,6,1,0,1,2,4,6,1.9
Nikolina Milic,2023,26,2023-08-01,29.3,MIN,away,CON,-10.0,1,17.4,3,4,.750,0,0,,1,3,.333,1,5,6,0,1,0,3,1,7,4.4
Nikolina Milic,2023,27,2023-08-04,29.3,MIN,home,NYL,-10.0,0,15.3,4,7,.571,1,2,.500,0,1,.000,1,2,3,2,0,0,0,3,9,6.8
Nikolina Milic,2023,28,2023-08-08,29.3,MIN,away,CHI,9.0,0,16.8,5,8,.625,1,1,1.000,1,2,.500,2,1,3,1,0,0,1,1,12,9.0
Nikolina Milic,2023,29,2023-08-10,29.3,MIN,away,IND,-18.0,0,18.9,2,3,.667,1,1,1.000,4,4,1.000,2,0,2,0,0,0,3,1,9,5.7
Nikolina Milic,2023,30,2023-08-18,29.4,MIN,away,SEA,8.0,0,6.1,0,1,.000,0,0,,0,0,,0,1,1,0,0,0,0,2,0,-1.2
Nikolina Milic,2023,31,2023-08-20,29.4,MIN,home,SEA,-14.0,0,10.7,2,4,.500,0,0,,0,0,,1,0,1,1,0,0,1,1,4,2.0
Nikolina Milic,2023,32,2023-08-22,29.4,MIN,home,DAL,5.0,0,2.8,2,3,.667,0,0,,0,0,,0,0,0,1,0,0,0,1,4,3.0
Nikolina Milic,2023,33,2023-08-24,29.4,MIN,away,DAL,9.0,0,7.0,1,3,.333,0,0,,1,1,1.000,0,0,0,0,0,0,1,2,3,-0.5
Nikolina Milic,2023,34,2023-08-26,29.4,MIN,home,NYL,-35.0,0,19.2,2,10,.200,0,0,,0,0,,0,0,0,1,0,0,0,1,4,-1.9
Nikolina Milic,2023,35,2023-08-29,29.4,MIN,away,WAS,-11.0,0,5.5,1,4,.250,0,1,.000,0,0,,1,1,2,0,0,1,1,2,2,-0.5
Nikolina Milic,2023,36,2023-09-01,29.4,MIN,home,ATL,6.0,0,8.4,3,4,.750,0,0,,4,4,1.000,2,2,4,0,0,0,1,3,10,8.2
Nikolina Milic,2023,37,2023-09-03,29.4,MIN,home,PHO,13.0,0,9.1,2,5,.400,0,0,,1,2,.500,0,1,1,1,0,0,1,3,5,0.7
Nikolina Milic,2023,38,2023-09-08,29.4,MIN,away,CHI,-5.0,0,7.8,0,2,.000,0,0,,1,2,.500,1,1,2,0,0,0,1,1,1,-1.2
Nikolina Milic,2023,39,2023-09-10,29.4,MIN,away,IND,-15.0,0,7.3,0,0,,0,0,,3,4,.750,0,0,0,1,0,0,1,3,3,1.1
Liz Cambage,2021,1,2021-05-15,29.7,LVA,away,SEA,-14.0,1,19.3,7,12,.583,0,0,,2,3,.667,2,3,5,0,0,1,0,2,16,12.2
Liz Cambage,2021,2,2021-05-18,29.7,LVA,away,SEA,16.0,1,22.0,8,10,.800,0,1,.000,2,3,.667,3,5,8,1,1,3,0,1,18,20.8
Liz Cambage,2021,3,2021-05-21,29.8,LVA,home,LAS,28.0,1,20.6,4,8,.500,0,1,.000,3,5,.600,1,9,10,0,0,2,3,3,11,6.8
Liz Cambage,2021,4,2021-05-23,29.8,LVA,home,CON,-7.0,1,21.5,3,3,1.000,0,0,,4,6,.667,0,7,7,1,0,4,1,4,10,11.3
Liz Cambage,2021,5,2021-05-26,29.8,LVA,away,PHO,6.0,1,32.1,4,11,.364,0,0,,2,3,.667,2,6,8,0,0,2,1,1,10,6.7
Liz Cambage,2021,6,2021-05-28,29.8,LVA,home,IND,36.0,1,15.5,4,7,.571,0,0,,4,6,.667,2,5,7,1,2,1,2,4,12,10.6
Liz Cambage,2021,7,2021-05-30,29.8,LVA,home,IND,23.0,1,22.4,5,7,.714,0,1,.000,3,5,.600,1,12,13,4,1,5,2,3,13,17.7
Liz Cambage,2021,8,2021-06-01,29.8,LVA,away,CON,-7.0,1,35.0,11,17,.647,0,0,,6,6,1.000,1,6,7,2,1,3,3,4,28,22.9
Liz Cambage,2021,9,2021-06-03,29.8,LVA,away,NYL,12.0,1,23.8,6,11,.545,0,0,,0,0,,1,5,6,1,2,1,1,1,12,10.9
Liz Cambage,2021,10,2021-06-05,29.8,LVA,away,WAS,3.0,1,27.0,11,17,.647,0,0,,2,2,1.000,4,7,11,2,1,0,3,4,24,19.2
Liz Cambage,2021,11,2021-06-13,29.8,LVA,home,DAL,7.0,1,27.4,5,10,.500,1,1,1.000,3,6,.500,1,7,8,1,0,2,2,5,14,8.7
Liz Cambage,2021,12,2021-06-15,29.8,LVA,home,NYL,22.0,1,26.8,6,11,.545,0,0,,2,2,1.000,3,8,11,2,0,1,3,1,14,11.9
Liz Cambage,2021,13,2021-06-17,29.8,LVA,home,NYL,27.0,1,17.8,4,5,.800,0,0,,5,5,1.000,0,9,9,1,0,1,1,4,13,12.6
Liz Cambage,2021,14,2021-06-25,29.9,LVA,away,MIN,-1.0,1,33.9,5,13,.385,2,2,1.000,6,6,1.000,6,14,20,3,1,1,3,5,18,18.1
Liz Cambage,2021,15,2021-06-27,29.9,LVA,home,SEA,3.0,1,31.0,4,8,.500,0,0,,1,2,.500,1,6,7,3,2,0,3,3,9,7.0
Liz Cambage,2021,16,2021-06-30,29.9,LVA,away,LAS,24.0,1,18.1,4,11,.364,0,1,.000,5,6,.833,4,7,11,1,0,2,5,4,13,6.9
Liz Cambage,2021,17,2021-07-02,29.9,LVA,away,LAS,8.0,1,18.7,3,7,.429,1,2,.500,3,4,.750,0,4,4,1,1,2,1,5,10,7.2
Liz Cambage,2021,18,2021-07-04,29.9,LVA,home,ATL,23.0,1,16.7,6,13,.462,0,0,,5,7,.714,3,7,10,1,0,1,2,2,17,12.3
Liz Cambage,2021,19,2021-07-07,29.9,LVA,home,PHO,-9.0,1,36.1,7,16,.438,0,0,,2,8,.250,2,6,8,1,0,1,0,5,16,7.8
Liz Cambage,2021,20,2021-08-15,30.0,LVA,home,WAS,1.0,1,20.6,7,11,.636,0,1,.000,3,4,.750,1,6,7,0,1,1,3,3,17,11.7
Liz Cambage,2021,21,2021-08-17,30.0,LVA,home,WAS,10.0,1,25.0,7,11,.636,0,1,.000,1,3,.333,0,4,4,0,1,0,1,2,15,9.7
Liz Cambage,2021,22,2021-08-24,30.0,LVA,away,CON,-14.0,1,30.1,6,9,.667,1,1,1.000,0,0,,0,6,6,0,2,1,3,4,13,9.0
Liz Cambage,2021,23,2021-08-26,30.0,LVA,away,ATL,7.0,1,21.3,7,14,.500,0,1,.000,3,4,.750,1,5,6,4,4,2,0,1,17,19.6
Liz Cambage,2021,24,2021-08-28,30.0,LVA,away,IND,16.0,1,22.4,4,11,.364,0,0,,4,4,1.000,0,9,9,2,1,3,1,3,12,10.9
Liz Cambage,2021,25,2021-09-19,30.1,LVA,away,PHO,1.0,0,9.5,2,5,.400,0,1,.000,0,0,,0,4,4,1,1,1,0,0,4,4.9
Liz Cambage,2022,1,2022-05-06,30.7,LAS,away,CHI,7.0,1,24.2,4,12,.333,0,1,.000,4,6,.667,1,3,4,0,4,2,5,3,12,5.2
Liz Cambage,2022,2,2022-05-08,30.7,LAS,away,IND,10.0,1,21.9,8,11,.727,0,1,.000,6,6,1.000,0,11,11,2,0,1,1,2,22,21.1
Liz Cambage,2022,3,2022-05-11,30.7,LAS,away,ATL,-2.0,1,25.7,4,10,.400,1,1,1.000,7,8,.875,0,2,2,2,0,5,2,1,16,13.3
Liz Cambage,2022,4,2022-05-14,30.7,LAS,away,CON,-17.0,1,19.8,4,9,.444,0,0,,2,2,1.000,1,3,4,0,0,0,3,4,10,2.3
Liz Cambage,2022,5,2022-05-17,30.7,LAS,home,MIN,-3.0,1,24.6,5,8,.625,1,2,.500,1,3,.333,1,6,7,3,0,3,3,5,12,9.3
Liz Cambage,2022,6,2022-05-20,30.8,LAS,away,SEA,-3.0,1,32.0,9,17,.529,2,3,.667,5,7,.714,2,6,8,3,0,0,0,2,25,20.4
Liz Cambage,2022,7,2022-05-23,30.8,LAS,away,LVA,-28.0,1,22.4,4,9,.444,0,1,.000,2,3,.667,0,4,4,1,0,3,1,2,10,7.1
Liz Cambage,2022,8,2022-05-25,30.8,LAS,home,PHO,5.0,1,30.7,8,13,.615,0,0,,5,5,1.000,3,4,7,5,2,1,5,4,21,18.0
Liz Cambage,2022,9,2022-05-27,30.8,LAS,away,IND,-5.0,1,25.0,2,11,.182,0,0,,9,12,.750,5,4,9,0,0,1,2,6,13,5.9
Liz Cambage,2022,10,2022-05-29,30.8,LAS,away,MIN,2.0,1,27.4,6,10,.600,0,1,.000,3,5,.600,0,3,3,1,1,2,2,5,15,9.6
Liz Cambage,2022,11,2022-05-31,30.8,LAS,home,DAL,2.0,1,26.9,7,10,.700,0,0,,5,6,.833,1,7,8,6,0,4,0,5,19,22.2
Liz Cambage,2022,12,2022-06-05,30.8,LAS,away,PHO,-7.0,1,13.5,3,5,.600,0,0,,2,4,.500,2,4,6,1,0,2,2,0,8,7.6
Liz Cambage,2022,13,2022-06-11,30.8,LAS,home,LVA,-17.0,1,19.8,3,6,.500,0,0,,0,0,,1,5,6,2,1,3,1,2,6,7.9
Liz Cambage,2022,14,2022-06-19,30.8,LAS,away,DAL,-10.0,1,21.4,4,8,.500,0,1,.000,1,2,.500,2,6,8,5,2,3,5,5,9,8.4
Liz Cambage,2022,15,2022-06-21,30.8,LAS,home,WAS,2.0,1,22.0,4,8,.500,0,0,,1,4,.250,2,4,6,3,1,1,3,6,9,4.8
Liz Cambage,2022,16,2022-06-23,30.8,LAS,home,CHI,-23.0,1,15.5,3,7,.429,0,1,.000,0,0,,2,3,5,0,0,0,3,3,6,0.4
Liz Cambage,2022,17,2022-06-25,30.9,LAS,away,SEA,8.0,1,15.1,1,5,.200,0,0,,1,1,1.000,1,7,8,2,0,1,1,3,3,2.6
Liz Cambage,2022,18,2022-06-27,30.9,LAS,home,LVA,-6.0,1,23.2,4,8,.500,0,0,,4,5,.800,4,7,11,3,1,1,3,0,12,13.3
Liz Cambage,2022,19,2022-07-01,30.9,LAS,away,DAL,8.0,1,29.4,7,13,.538,0,0,,7,7,1.000,2,9,11,3,2,1,1,5,21,20.6
Liz Cambage,2022,20,2022-07-03,30.9,LAS,home,NYL,10.0,1,27.0,6,8,.750,0,1,.000,4,4,1.000,1,7,8,3,0,1,1,3,16,16.2
Liz Cambage,2022,21,2022-07-04,30.9,LAS,home,PHO,3.0,1,28.5,7,10,.700,0,0,,5,5,1.000,0,7,7,0,0,0,2,1,19,14.5
Liz Cambage,2022,22,2022-07-07,30.9,LAS,home,SEA,-37.0,1,25.3,4,9,.444,0,0,,6,6,1.000,0,4,4,3,0,2,2,3,14,10.8
Liz Cambage,2022,23,2022-07-12,30.9,LAS,home,WAS,-13.0,1,25.3,3,9,.333,0,0,,2,4,.500,1,2,3,3,0,1,4,3,8,1.0
Liz Cambage,2022,24,2022-07-21,30.9,LAS,home,ATL,7.0,0,15.5,3,7,.429,0,1,.000,2,2,1.000,0,5,5,0,0,0,2,2,8,3.0
Liz Cambage,2022,25,2022-07-23,30.9,LAS,away,LVA,-18.0,1,22.3,4,7,.571,0,0,,3,4,.750,1,4,5,1,2,3,3,4,11,9.4
AD Durr,2022,1,2022-05-07,25.1,NYL,home,CON,2.0,0,5.8,0,0,,0,0,,0,0,,0,0,0,0,0,0,0,0,0,0.0
AD Durr,2022,2,2022-05-13,25.1,NYL,home,IND,-6.0,0,3.3,0,1,.000,0,0,,0,0,,0,1,1,0,1,0,1,0,0,-0.4
AD Durr,2022,3,2022-05-15,25.1,NYL,home,DAL,-10.0,0,6.6,0,0,,0,0,,0,0,,0,0,0,0,0,1,0,0,0,0.7
AD Durr,2022,4,2022-05-17,25.1,NYL,home,CON,-27.0,0,11.1,1,2,.500,0,0,,5,6,.833,0,0,0,0,1,0,0,1,7,6.2
AD Durr,2022,5,2022-05-24,25.1,NYL,away,MIN,-6.0,0,9.9,0,1,.000,0,1,.000,0,0,,0,0,0,1,0,1,1,1,0,-0.7
AD Durr,2022,6,2022-05-27,25.1,NYL,away,SEA,-8.0,0,3.0,0,1,.000,0,0,,0,0,,0,0,0,0,1,0,1,1,0,-1.1
AD Durr,2022,7,2022-05-29,25.1,NYL,away,SEA,-31.0,0,17.9,0,7,.000,0,5,.000,2,2,1.000,0,0,0,2,1,0,1,1,2,-1.9
AD Durr,2022,8,2022-06-01,25.2,NYL,home,IND,13.0,0,7.1,1,3,.333,1,2,.500,0,0,,0,0,0,0,0,0,1,0,3,0.3
AD Durr,2022,9,2022-06-03,25.2,NYL,away,WAS,4.0,0,3.5,1,1,1.000,0,0,,0,0,,0,0,0,1,1,0,0,0,2,3.4
AD Durr,2022,10,2022-06-05,25.2,NYL,home,MIN,-7.0,0,1.6,0,1,.000,0,1,.000,0,0,,0,0,0,0,0,0,0,0,0,-0.7
AD Durr,2022,11,2022-06-10,25.2,ATL,away,PHO,-2.0,0,25.3,2,9,.222,0,2,.000,2,2,1.000,1,2,3,3,0,1,1,4,6,2.0
AD Durr,2022,12,2022-06-15,25.2,ATL,away,CON,-13.0,0,25.3,8,17,.471,4,6,.667,1,2,.500,3,1,4,2,1,0,4,4,21,11.1
AD Durr,2022,13,2022-06-17,25.2,ATL,away,CHI,-6.0,0,31.8,8,17,.471,1,3,.333,4,6,.667,0,3,3,3,0,1,1,3,21,13.0
AD Durr,2022,14,2022-06-21,25.2,ATL,home,DAL,5.0,0,19.7,2,7,.286,0,1,.000,4,5,.800,0,1,1,2,1,0,1,2,8,4.4
AD Durr,2022,15,2022-06-24,25.2,ATL,home,NYL,-12.0,0,29.0,8,13,.615,4,6,.667,3,5,.600,1,2,3,1,2,0,1,0,23,19.3
AD Durr,2022,16,2022-06-26,25.2,ATL,home,CON,-11.0,0,26.0,3,10,.300,1,5,.200,1,1,1.000,0,1,1,2,0,0,2,3,8,0.7
AD Durr,2022,17,2022-06-28,25.2,ATL,away,WAS,-18.0,0,27.8,6,11,.545,1,3,.333,0,0,,1,1,2,4,1,0,2,2,13,9.7
AD Durr,2022,18,2022-06-30,25.2,ATL,away,NYL,11.0,0,16.4,1,8,.125,0,3,.000,3,4,.750,0,0,0,1,0,0,0,1,5,-0.3
AD Durr,2022,19,2022-07-03,25.2,ATL,home,SEA,14.0,0,15.9,4,5,.800,3,3,1.000,2,2,1.000,0,2,2,1,0,0,1,3,13,10.2
AD Durr,2022,20,2022-07-06,25.3,ATL,home,WAS,-19.0,0,7.6,2,3,.667,0,0,,0,0,,0,0,0,1,0,0,1,1,4,2.0
AD Durr,2022,21,2022-07-12,25.3,ATL,away,CHI,-15.0,0,9.0,1,4,.250,0,1,.000,0,0,,0,2,2,0,0,0,1,1,2,-1.2
AD Durr,2022,22,2022-07-15,25.3,ATL,home,CON,-25.0,1,25.1,4,12,.333,0,3,.000,4,4,1.000,1,2,3,3,0,0,0,1,12,8.2
AD Durr,2022,23,2022-07-17,25.3,ATL,away,PHO,10.0,1,19.5,4,6,.667,4,5,.800,0,0,,0,0,0,0,0,0,1,2,12,7.6
AD Durr,2022,24,2022-07-19,25.3,ATL,away,LVA,16.0,0,10.5,2,7,.286,2,4,.500,0,0,,0,3,3,3,0,0,0,1,6,4.5
AD Durr,2022,25,2022-07-21,25.3,ATL,away,LAS,-7.0,0,9.5,2,6,.333,2,3,.667,0,0,,0,2,2,0,0,0,1,0,6,2.2
AD Durr,2023,1,2023-05-20,26.1,ATL,away,DAL,-7.0,0,18.0,4,10,.400,2,4,.500,2,2,1.000,0,1,1,2,1,0,2,0,12,7.3
AD Durr,2023,2,2023-05-23,26.1,ATL,away,MIN,6.0,0,16.7,2,5,.400,1,4,.250,2,2,1.000,0,0,0,3,0,0,2,1,7,4.0
AD Durr,2023,3,2023-05-28,26.1,ATL,home,IND,-3.0,0,15.1,1,6,.167,0,2,.000,2,2,1.000,0,1,1,1,0,0,0,1,4,0.8
AD Durr,2023,4,2023-05-30,26.2,ATL,home,CHI,18.0,0,15.5,0,5,.000,0,1,.000,1,2,.500,0,2,2,0,1,1,0,2,1,-1.4
AD Durr,2023,5,2023-06-02,26.2,ATL,home,LVA,-5.0,0,12.1,5,7,.714,3,4,.750,0,0,,0,1,1,1,0,0,0,0,13,11.1
AD Durr,2023,6,2023-06-09,26.2,ATL,home,NYL,-23.0,0,16.1,3,9,.333,0,2,.000,1,1,1.000,1,1,2,2,0,0,2,1,7,1.9
AD Durr,2023,7,2023-06-11,26.2,ATL,home,CON,-12.0,0,17.4,4,9,.444,1,3,.333,0,0,,0,1,1,1,1,0,0,4,9,4.7
AD Durr,2023,8,2023-06-13,26.2,ATL,away,NYL,7.0,0,18.3,5,12,.417,1,6,.167,2,3,.667,1,0,1,3,1,1,1,1,13,9.3
AD Durr,2023,9,2023-06-15,26.2,ATL,away,CON,4.0,0,14.8,3,7,.429,0,1,.000,1,2,.500,0,2,2,1,0,0,0,0,7,4.2
AD Durr,2023,10,2023-06-18,26.2,ATL,away,IND,6.0,0,14.9,3,6,.500,1,2,.500,0,0,,0,0,0,1,0,0,1,1,7,3.3
AD Durr,2023,11,2023-06-20,26.2,ATL,away,DAL,-12.0,0,7.2,1,6,.167,0,2,.000,0,0,,0,2,2,0,0,0,0,1,2,-1.6
AD Durr,2023,12,2023-06-23,26.2,ATL,home,NYL,-30.0,0,16.4,1,7,.143,0,1,.000,3,3,1.000,0,3,3,0,0,0,3,1,5,-2.0
AD Durr,2023,13,2023-06-28,26.2,ATL,away,WAS,-23.0,0,9.8,1,4,.250,0,2,.000,1,2,.500,1,0,1,0,0,0,0,1,3,0.5
AD Durr,2023,14,2023-06-30,26.2,ATL,home,WAS,5.0,0,16.6,4,7,.571,2,2,1.000,5,7,.714,0,2,2,2,0,0,3,1,15,9.5
AD Durr,2023,15,2023-07-02,26.2,ATL,home,LAS,28.0,0,12.8,0,4,.000,0,0,,0,0,,0,3,3,0,1,1,2,0,0,-2.2
AD Durr,2023,16,2023-07-05,26.2,ATL,away,LAS,11.0,0,17.5,2,5,.400,0,2,.000,3,4,.750,0,1,1,2,0,0,0,1,7,5.2
AD Durr,2023,17,2023-07-07,26.3,ATL,away,CHI,14.0,0,3.1,0,0,,0,0,,0,0,,0,0,0,0,0,0,1,1,0,-1.4
AD Durr,2023,18,2023-07-09,26.3,ATL,away,CHI,11.0,0,5.3,0,2,.000,0,0,,0,0,,0,2,2,1,0,0,0,0,0,-0.1
AD Durr,2023,19,2023-07-12,26.3,ATL,home,SEA,10.0,0,16.0,3,7,.429,1,4,.250,0,0,,0,2,2,1,0,0,2,1,7,2.2
AD Durr,2023,20,2023-07-18,26.3,ATL,home,MIN,9.0,0,14.5,4,6,.667,3,5,.600,2,2,1.000,0,2,2,1,0,0,0,2,13,10.9
AD Durr,2023,21,2023-07-20,26.3,ATL,away,CON,-11.0,0,4.6,0,1,.000,0,0,,0,0,,0,0,0,0,1,0,1,0,0,-0.7
AD Durr,2023,22,2023-07-22,26.3,ATL,home,CON,-8.0,0,10.8,0,1,.000,0,1,.000,0,0,,0,3,3,0,0,0,1,1,0,-1.2
AD Durr,2023,23,2023-07-25,26.3,ATL,home,PHO,13.0,0,16.1,5,7,.714,2,3,.667,0,0,,0,0,0,0,1,0,1,1,12,8.7
AD Durr,2023,24,2023-07-27,26.3,ATL,away,NYL,-11.0,0,2.7,0,1,.000,0,0,,2,2,1.000,0,1,1,0,0,0,0,0,2,1.6
AD Durr,2023,25,2023-07-30,26.3,ATL,home,WAS,7.0,0,7.2,0,3,.000,0,0,,2,2,1.000,0,1,1,0,0,0,0,1,2,-0.2
AD Durr,2023,26,2023-08-01,26.3,ATL,away,LVA,-21.0,0,8.4,2,2,1.000,1,1,1.000,0,0,,0,1,1,0,0,0,0,0,5,4.7
AD Durr,2023,27,2023-08-03,26.3,ATL,away,PHO,-20.0,0,5.8,0,1,.000,0,0,,0,0,,0,0,0,2,0,0,0,2,0,-0.1
AD Durr,2023,28,2023-08-10,26.3,ATL,away,SEA,-1.0,0,7.2,1,3,.333,1,1,1.000,0,0,,0,0,0,1,0,0,2,1,3,-0.4
AD Durr,2023,29,2023-08-13,26.4,ATL,away,LVA,-21.0,0,9.6,2,5,.400,0,2,.000,1,2,.500,0,2,2,0,0,0,4,1,5,-1.9
AD Durr,2023,30,2023-08-18,26.4,ATL,home,CHI,11.0,0,4.2,0,1,.000,0,1,.000,0,0,,0,0,0,0,0,0,0,0,0,-0.7
AD Durr,2023,31,2023-08-22,26.4,ATL,home,LVA,-12.0,0,1.2,0,0,,0,0,,0,0,,0,0,0,0,0,0,0,0,0,0.0
AD Durr,2023,32,2023-08-25,26.4,ATL,home,LAS,-5.0,0,9.2,4,6,.667,0,1,.000,0,0,,0,1,1,0,2,0,0,0,8,7.7
AD Durr,2023,33,2023-08-27,26.4,ATL,away,IND,-3.0,0,2.6,1,2,.500,0,0,,0,0,,0,0,0,0,0,0,0,0,2,1.0
AD Durr,2023,34,2023-08-29,26.4,ATL,home,PHO,18.0,0,8.1,0,2,.000,0,1,.000,0,0,,0,0,0,0,0,0,0,0,0,-1.4
AD Durr,2023,35,2023-09-01,26.4,ATL,away,MIN,-6.0,0,9.0,0,3,.000,0,1,.000,0,1,.000,0,0,0,0,1,0,0,0,0,-1.5
AD Durr,2023,36,2023-09-06,26.4,ATL,home,SEA,11.0,0,7.1,1,1,1.000,0,0,,0,0,,0,0,0,0,0,0,0,1,2,1.3
Katie Benzan,2022,1,2022-05-08,24.0,WAS,away,MIN,12.0,0,2.1,0,0,,0,0,,0,0,,0,0,0,1,0,0,0,0,0,0.7
Katie Benzan,2022,2,2022-05-10,24.0,WAS,home,LVA,13.0,0,15.2,3,5,0.6,3,4,0.75,3,4,0.75,1,1,2,0,0,1,1,4,12,8.4
Katie Benzan,2022,3,2022-05-13,24.0,WAS,home,DAL,-8.0,0,9.6,2,4,0.5,2,3,0.667,0,0,,0,0,0,0,0,0,1,3,6,1.8
DiDi Richards,2021,1,2021-05-14,22.3,NYL,home,IND,3.0,0,8.7,1,1,1.000,0,0,,0,0,,1,1,2,0,1,0,1,0,2,2.7
DiDi Richards,2021,2,2021-05-16,22.3,NYL,away,IND,8.0,0,17.2,1,3,.333,0,0,,0,0,,0,2,2,0,2,0,1,0,2,1.9
DiDi Richards,2021,3,2021-05-18,22.3,NYL,home,MIN,11.0,0,4.3,1,1,1.000,0,0,,0,0,,0,1,1,0,0,0,1,0,2,1.0
DiDi Richards,2021,4,2021-05-21,22.3,NYL,away,WAS,-29.0,0,9.1,2,4,.500,0,0,,1,2,.500,0,0,0,1,2,0,1,2,5,3.5
DiDi Richards,2021,5,2021-05-23,22.3,NYL,away,CHI,8.0,0,3.9,0,0,,0,0,,0,0,,1,0,1,0,0,0,0,1,0,0.3
DiDi Richards,2021,6,2021-05-24,22.3,NYL,home,DAL,7.0,0,19.5,1,2,.500,1,2,.500,0,0,,1,2,3,5,2,1,1,1,3,8.1
DiDi Richards,2021,7,2021-05-29,22.3,NYL,home,ATL,-3.0,0,5.0,0,0,,0,0,,0,0,,0,0,0,1,0,0,1,0,0,-0.3
DiDi Richards,2021,8,2021-06-03,22.3,NYL,home,LVA,-12.0,0,4.7,0,2,.000,0,0,,0,0,,0,0,0,0,0,0,0,1,0,-1.8
DiDi Richards,2021,9,2021-06-05,22.3,NYL,away,CON,-21.0,0,1.9,0,0,,0,0,,1,2,.500,0,0,0,2,0,0,0,0,1,2.0
DiDi Richards,2021,10,2021-06-13,22.3,NYL,away,PHO,2.0,0,8.8,0,1,.000,0,1,.000,0,0,,0,0,0,0,0,0,0,1,0,-1.1
DiDi Richards,2021,11,2021-06-15,22.3,NYL,away,LVA,-22.0,0,15.3,1,3,.333,0,0,,0,0,,0,2,2,1,1,0,0,0,2,2.6
DiDi Richards,2021,12,2021-06-17,22.4,NYL,away,LVA,-27.0,0,14.2,0,4,.000,0,2,.000,0,0,,1,1,2,1,0,1,2,1,0,-2.8
DiDi Richards,2021,13,2021-06-22,22.4,NYL,home,CHI,-20.0,0,5.5,1,2,.500,0,0,,0,0,,0,0,0,0,0,0,1,0,2,0.0
DiDi Richards,2021,14,2021-06-24,22.4,NYL,home,CHI,-23.0,0,10.9,1,2,.500,0,0,,1,2,.500,0,2,2,1,1,0,0,0,3,3.9
DiDi Richards,2021,15,2021-06-26,22.4,NYL,away,ATL,23.0,0,1.0,0,1,.000,0,0,,0,0,,0,0,0,0,0,0,0,0,0,-0.7
DiDi Richards,2021,16,2021-06-29,22.4,NYL,away,ATL,-4.0,0,6.7,0,1,.000,0,0,,0,0,,0,1,1,0,0,0,0,0,0,-0.4
DiDi Richards,2021,17,2021-07-03,22.4,NYL,home,WAS,3.0,0,4.8,0,1,.000,0,0,,0,0,,0,0,0,0,0,0,0,1,0,-1.1
DiDi Richards,2021,18,2021-07-05,22.4,NYL,home,DAL,3.0,0,3.6,0,0,,0,0,,0,0,,0,0,0,0,0,0,0,0,0,0.0
DiDi Richards,2021,19,2021-07-09,22.4,NYL,away,IND,-13.0,0,12.1,0,1,.000,0,0,,0,0,,0,1,1,2,1,0,0,1,0,1.6
DiDi Richards,2021,20,2021-07-11,22.4,NYL,home,CON,-17.0,0,12.0,0,1,.000,0,1,.000,0,0,,0,0,0,3,0,0,0,0,0,1.4
DiDi Richards,2021,21,2021-08-15,22.5,NYL,away,MIN,-10.0,0,17.6,0,1,.000,0,1,.000,0,0,,2,2,4,0,1,1,0,0,0,3.0
DiDi Richards,2021,22,2021-08-18,22.5,NYL,home,SEA,4.0,0,21.9,3,3,1.000,2,2,1.000,1,2,.500,0,1,1,2,0,0,2,1,9,7.0
DiDi Richards,2021,23,2021-08-20,22.5,NYL,home,SEA,-16.0,0,23.7,3,4,.750,0,0,,0,0,,0,0,0,1,3,1,0,5,6,6.8
DiDi Richards,2021,24,2021-08-22,22.5,NYL,home,LAS,-3.0,0,11.5,1,1,1.000,1,1,1.000,0,0,,0,1,1,0,0,0,1,4,3,0.4
DiDi Richards,2021,25,2021-08-25,22.5,NYL,home,PHO,-27.0,0,25.1,5,8,.625,4,5,.800,0,0,,1,2,3,1,0,1,2,0,14,11.1
DiDi Richards,2021,26,2021-08-27,22.5,NYL,home,PHO,-16.0,0,21.8,3,7,.429,1,4,.250,0,0,,1,0,1,2,1,0,1,0,7,5.4
DiDi Richards,2021,27,2021-08-31,22.6,NYL,away,MIN,-8.0,0,8.7,0,1,.000,0,0,,0,0,,0,0,0,1,0,0,0,1,0,-0.4
DiDi Richards,2021,28,2021-09-02,22.6,NYL,away,SEA,-10.0,0,15.9,2,2,1.000,1,1,1.000,0,0,,0,4,4,0,0,0,1,2,5,3.8
DiDi Richards,2021,29,2021-09-11,22.6,NYL,away,DAL,-1.0,0,5.0,0,1,.000,0,0,,0,0,,0,0,0,1,0,0,0,1,0,-0.4
DiDi Richards,2021,30,2021-09-15,22.6,NYL,away,CON,-29.0,0,11.1,0,2,.000,0,1,.000,0,0,,0,1,1,0,1,1,0,0,0,0.6
DiDi Richards,2021,31,2021-09-17,22.6,NYL,home,WAS,11.0,0,14.4,1,4,.250,0,1,.000,2,2,1.000,1,1,2,0,1,0,0,1,4,3.2
DiDi Richards,2022,1,2022-05-13,23.3,NYL,home,IND,-6.0,0,4.3,0,0,,0,0,,2,2,1.0,0,0,0,0,0,0,0,0,2,2.0
DiDi Richards,2022,2,2022-06-19,23.4,NYL,home,SEA,-9.0,0,13.0,0,0,,0,0,,1,2,0.5,0,4,4,1,0,0,0,2,1,1.7
DiDi Richards,2022,3,2022-06-22,23.4,NYL,away,CON,4.0,0,15.2,1,3,0.333,0,1,0.0,0,0,,1,3,4,1,0,1,1,2,2,1.5
DiDi Richards,2022,4,2022-06-24,23.4,NYL,away,ATL,12.0,0,12.6,1,5,0.2,0,2,0.0,0,0,,1,2,3,1,0,0,1,3,2,-1.3
DiDi Richards,2022,5,2022-06-30,23.4,NYL,home,ATL,-11.0,0,13.6,1,2,0.5,1,1,1.0,4,4,1.0,0,0,0,1,0,1,2,6,7,3.0
DiDi Richards,2022,6,2022-07-03,23.4,NYL,away,LAS,-10.0,0,15.7,1,5,0.2,0,2,0.0,0,0,,1,0,1,3,0,0,2,1,2,-0.7
DiDi Richards,2022,7,2022-07-06,23.4,NYL,away,LVA,9.0,0,17.6,1,3,0.333,1,2,0.5,0,0,,0,1,1,4,1,1,2,3,3,2.9
DiDi Richards,2022,8,2022-07-07,23.4,NYL,away,PHO,-3.0,0,21.8,2,6,0.333,0,1,0.0,0,0,,1,4,5,2,0,1,2,3,4,1.4
DiDi Richards,2022,9,2022-07-12,23.4,NYL,home,LVA,-6.0,0,11.8,2,4,0.5,0,1,0.0,0,0,,0,0,0,2,0,0,1,1,4,2.0
DiDi Richards,2022,10,2022-07-14,23.4,NYL,home,LVA,-34.0,0,10.4,1,2,0.5,1,1,1.0,0,2,0.0,0,3,3,1,0,1,0,2,3,2.7
DiDi Richards,2022,11,2022-07-19,23.4,NYL,away,CON,-19.0,0,7.8,0,3,0.0,0,0,,0,0,,1,1,2,3,0,0,0,1,0,0.6
DiDi Richards,2022,12,2022-07-21,23.4,NYL,away,WAS,-9.0,0,3.9,0,1,0.0,0,0,,0,0,,0,0,0,0,0,0,1,1,0,-2.1
DiDi Richards,2022,13,2022-08-02,23.5,NYL,home,LAS,29.0,0,6.9,1,2,0.5,0,0,,0,0,,0,0,0,1,0,0,1,0,2,0.7
DiDi Richards,2022,14,2022-08-10,23.5,NYL,away,DAL,18.0,0,0.8,0,0,,0,0,,0,0,,0,1,1,0,0,0,0,0,0,0.3
Kiara Leslie,2020,1,2020-07-25,24.6,WAS,home,IND,25.0,0,15.2,2,5,0.4,1,2,0.5,2,2,1.0,1,1,2,0,0,1,1,1,7,4.6
Kiara Leslie,2020,2,2020-07-28,24.6,WAS,home,CON,5.0,0,7.0,1,5,0.2,0,1,0.0,1,1,1.0,1,3,4,0,0,0,0,2,3,0.7
Kiara Leslie,2020,3,2020-07-30,24.6,WAS,home,SEA,18.0,0,10.6,3,8,0.375,2,4,0.5,0,0,,1,3,4,0,0,0,0,1,8,4.8
Kiara Leslie,2020,4,2020-08-01,24.7,WAS,home,CHI,-2.0,0,7.8,0,3,0.0,0,2,0.0,0,0,,0,0,0,4,0,0,1,0,0,-0.3
Kiara Leslie,2020,5,2020-08-05,24.7,WAS,home,LVA,-6.0,0,11.9,1,3,0.333,0,2,0.0,0,0,,0,1,1,1,0,1,0,1,2,1.6
Kiara Leslie,2020,6,2020-08-07,24.7,WAS,home,NYL,-8.0,0,18.1,3,4,0.75,0,0,,0,0,,1,3,4,0,1,0,1,0,6,6.0
Kiara Leslie,2020,7,2020-08-09,24.7,WAS,home,IND,-7.0,1,27.1,1,6,0.167,1,1,1.0,3,4,0.75,1,3,4,1,1,0,1,5,6,2.1
Kiara Leslie,2020,8,2020-08-11,24.7,WAS,home,MIN,-20.0,0,14.6,0,6,0.0,0,2,0.0,0,0,,0,0,0,1,1,2,0,0,0,-1.1
Kiara Leslie,2020,9,2020-08-21,24.7,WAS,home,DAL,-9.0,0,24.5,3,6,0.5,2,3,0.667,2,2,1.0,0,4,4,3,1,0,2,3,10,8.1
Kiara Leslie,2020,10,2020-08-23,24.7,WAS,home,PHO,-1.0,1,21.9,2,7,0.286,1,2,0.5,0,0,,1,4,5,0,1,1,2,2,5,1.7
Kiara Leslie,2020,11,2020-08-28,24.7,WAS,home,PHO,-22.0,1,35.1,4,8,0.5,2,3,0.667,0,0,,2,0,2,3,0,0,2,2,10,6.7
Kiara Leslie,2020,12,2020-08-30,24.7,WAS,home,CON,-13.0,1,25.9,4,9,0.444,3,5,0.6,0,0,,1,1,2,1,0,0,1,1,11,6.6
Kiara Leslie,2020,13,2020-09-02,24.7,WAS,home,SEA,-7.0,1,24.8,1,5,0.2,0,3,0.0,0,0,,1,2,3,1,1,0,1,3,2,-0.3
Kiara Leslie,2020,14,2020-09-04,24.7,WAS,home,CHI,10.0,1,28.2,2,7,0.286,0,2,0.0,0,0,,2,2,4,2,1,0,0,0,4,4.3
Kiara Leslie,2020,15,2020-09-06,24.8,WAS,home,DAL,-7.0,1,21.5,2,3,0.667,1,1,1.0,0,0,,0,4,4,0,0,0,1,2,5,3.1
Kiara Leslie,2020,16,2020-09-08,24.8,WAS,home,MIN,3.0,0,23.2,2,3,0.667,1,2,0.5,0,0,,1,1,2,2,1,0,1,1,5,5.7
Kiara Leslie,2020,17,2020-09-10,24.8,WAS,home,LAS,8.0,1,34.2,3,5,0.6,2,3,0.667,0,0,,0,3,3,1,0,1,2,1,8,5.6
Kiara Leslie,2020,18,2020-09-12,24.8,WAS,home,NYL,17.0,1,28.1,1,7,0.143,0,5,0.0,0,0,,1,3,4,0,1,1,2,2,2,-2.0
Kiara Leslie,2020,19,2020-09-13,24.8,WAS,home,ATL,7.0,1,34.1,3,8,0.375,1,4,0.25,4,4,1.0,1,4,5,0,0,0,0,0,11,8.5
Kiara Leslie,2021,1,2021-05-15,25.4,WAS,home,CHI,-14.0,0,14.8,1,3,0.333,0,1,0.0,4,4,1.0,0,2,2,0,1,0,1,2,6,4.1
Kiara Leslie,2021,2,2021-05-18,25.4,WAS,home,PHO,-21.0,0,5.9,0,2,0.0,0,0,,0,0,,0,0,0,0,0,0,1,0,0,-2.4
Kiara Leslie,2021,3,2021-05-21,25.5,WAS,home,NYL,29.0,0,2.8,1,1,1.0,0,0,,0,0,,0,0,0,0,0,0,0,0,2,1.7
Kiara Leslie,2021,4,2021-05-28,25.5,WAS,away,CON,-5.0,0,0.1,0,0,,0,0,,0,0,,0,0,0,0,0,0,0,0,0,0.0
Kiara Leslie,2021,5,2021-06-05,25.5,WAS,home,LVA,-3.0,0,4.2,0,0,,0,0,,0,0,,1,1,2,0,0,0,0,1,0,0.6
Kiara Leslie,2021,6,2021-06-08,25.5,WAS,home,MIN,4.0,0,13.9,1,3,0.333,1,2,0.5,0,0,,0,4,4,0,1,0,0,3,3,2.3
Kiara Leslie,2021,7,2021-06-10,25.5,WAS,home,LAS,18.0,0,13.0,3,7,0.429,1,1,1.0,1,2,0.5,0,2,2,0,0,0,1,2,8,2.7
Kiara Leslie,2021,8,2021-06-13,25.5,WAS,away,ATL,-23.0,0,19.3,2,6,0.333,0,2,0.0,2,2,1.0,1,6,7,2,1,0,1,1,6,6.1
Kiara Leslie,2021,9,2021-06-26,25.6,WAS,away,DAL,-11.0,0,12.1,0,2,0.0,0,1,0.0,0,0,,0,3,3,0,1,0,0,2,0,-0.3
Aliyah Boston,2023,1,2023-05-19,21.4,IND,home,CON,-9.0,1,24.3,6,10,.600,0,1,.000,3,6,.500,4,5,9,1,1,1,1,6,15,12.5
Aliyah Boston,2023,2,2023-05-21,21.4,IND,away,NYL,-17.0,1,29.4,5,7,.714,0,0,,5,6,.833,2,2,4,2,1,2,1,2,15,15.7
Aliyah Boston,2023,3,2023-05-28,21.5,IND,away,ATL,3.0,1,25.6,5,7,.714,0,0,,3,4,.750,2,5,7,1,1,0,2,4,13,10.7
Aliyah Boston,2023,4,2023-05-30,21.5,IND,away,CON,-3.0,1,28.8,8,12,.667,1,1,1.000,3,4,.750,2,2,4,4,0,2,0,4,20,19.0
Aliyah Boston,2023,5,2023-06-04,21.5,IND,home,LVA,-4.0,1,22.3,3,4,.750,0,0,,1,2,.500,2,2,4,1,0,1,2,5,7,4.4
Aliyah Boston,2023,6,2023-06-06,21.5,IND,away,CHI,-5.0,1,39.2,12,15,.800,0,0,,1,1,1.000,3,8,11,1,1,2,0,2,25,26.1
Aliyah Boston,2023,7,2023-06-09,21.5,IND,away,MIN,2.0,1,32.9,3,9,.333,0,0,,4,6,.667,5,6,11,2,2,2,1,3,10,12.0
Aliyah Boston,2023,8,2023-06-11,21.5,IND,home,PHO,-3.0,1,22.8,2,4,.500,0,0,,0,0,,4,3,7,5,0,2,1,5,4,7.6
Aliyah Boston,2023,9,2023-06-13,21.5,IND,home,WAS,21.0,1,30.2,11,14,.786,0,0,,1,2,.500,5,9,14,6,1,1,1,1,23,27.9
Aliyah Boston,2023,10,2023-06-15,21.5,IND,away,CHI,2.0,1,33.3,6,10,.600,0,0,,7,7,1.000,3,5,8,0,0,0,1,2,19,16.2
Aliyah Boston,2023,11,2023-06-18,21.5,IND,home,ATL,-6.0,1,31.8,10,15,.667,0,0,,5,5,1.000,2,4,6,0,1,4,2,6,25,20.5
Aliyah Boston,2023,12,2023-06-22,21.5,IND,away,SEA,12.0,1,31.5,3,8,.375,0,0,,3,4,.750,4,7,11,5,0,2,1,2,9,12.2
Aliyah Boston,2023,13,2023-06-24,21.5,IND,away,LVA,-13.0,1,30.6,8,11,.727,0,0,,2,2,1.000,3,6,9,0,3,1,0,5,18,19.1
Aliyah Boston,2023,14,2023-06-26,21.5,IND,away,LVA,-8.0,1,33.6,7,14,.500,0,0,,6,7,.857,7,7,14,3,2,2,1,2,20,23.3
Aliyah Boston,2023,15,2023-06-29,21.5,IND,away,PHO,-22.0,1,26.8,3,7,.429,0,0,,0,0,,3,6,9,4,0,0,3,5,6,4.0
Aliyah Boston,2023,16,2023-07-02,21.6,IND,home,CHI,-2.0,1,37.0,2,5,.400,0,0,,0,0,,1,6,7,4,2,1,4,3,4,4.1
Aliyah Boston,2023,17,2023-07-05,21.6,IND,away,MIN,-7.0,1,37.8,8,9,.889,0,0,,6,6,1.000,3,6,9,1,2,2,5,3,22,20.7
Aliyah Boston,2023,18,2023-07-07,21.6,IND,away,WAS,-8.0,1,33.0,3,8,.375,0,0,,6,7,.857,1,6,7,4,0,0,2,4,12,8.9
Aliyah Boston,2023,19,2023-07-09,21.6,IND,home,DAL,-1.0,1,32.0,7,12,.583,0,0,,4,4,1.000,4,4,8,0,2,1,4,3,18,13.9
Aliyah Boston,2023,20,2023-07-12,21.6,IND,home,NYL,-8.0,1,37.0,10,19,.526,1,1,1.000,2,3,.667,5,4,9,2,1,0,1,0,23,19.4
Aliyah Boston,2023,21,2023-07-19,21.6,IND,away,WAS,6.0,1,28.1,3,8,.375,0,0,,5,8,.625,2,6,8,2,1,0,1,3,11,8.8
Aliyah Boston,2023,22,2023-07-23,21.6,IND,away,NYL,-18.0,1,21.7,2,3,.667,0,0,,2,2,1.000,0,1,1,3,0,2,2,4,6,4.9
Aliyah Boston,2023,23,2023-07-25,21.6,IND,away,LAS,-1.0,1,26.2,3,9,.333,0,0,,3,4,.750,2,2,4,2,2,0,4,4,9,3.3
Aliyah Boston,2023,24,2023-07-27,21.6,IND,away,LAS,-13.0,1,32.5,6,10,.600,0,0,,0,0,,0,6,6,0,2,2,1,3,12,10.4
Aliyah Boston,2023,25,2023-07-30,21.6,IND,home,SEA,-23.0,1,32.2,6,9,.667,0,0,,2,3,.667,4,3,7,0,2,0,2,1,14,13.0
Aliyah Boston,2023,26,2023-08-01,21.6,IND,home,PHO,1.0,1,32.5,3,7,.429,0,0,,0,2,.000,3,8,11,4,3,2,2,1,6,10.8
Aliyah Boston,2023,27,2023-08-04,21.6,IND,home,CON,-16.0,1,33.0,6,11,.545,1,1,1.000,6,6,1.000,4,4,8,4,3,1,2,4,19,20.6
Aliyah Boston,2023,28,2023-08-06,21.7,IND,away,ATL,-9.0,1,33.7,12,22,.545,0,1,.000,1,7,.143,4,6,10,2,4,2,1,5,25,20.4
Aliyah Boston,2023,29,2023-08-08,21.7,IND,home,LAS,-7.0,1,26.8,7,8,.875,1,1,1.000,3,3,1.000,2,7,9,2,1,1,2,3,18,18.6
Aliyah Boston,2023,30,2023-08-10,21.7,IND,home,MIN,18.0,1,31.9,7,9,.778,0,0,,1,2,.500,5,8,13,1,0,3,4,3,15,14.6
Aliyah Boston,2023,31,2023-08-13,21.7,IND,home,NYL,-11.0,1,37.3,7,10,.700,0,0,,3,4,.750,3,6,9,5,1,2,3,2,17,18.4
Aliyah Boston,2023,32,2023-08-18,21.7,IND,home,WAS,-4.0,1,35.1,6,12,.500,0,0,,4,4,1.000,5,5,10,1,1,0,3,3,16,12.5
Aliyah Boston,2023,33,2023-08-20,21.7,IND,away,PHO,10.0,1,33.0,4,6,.667,0,0,,1,2,.500,4,1,5,0,3,2,3,4,9,8.9
Aliyah Boston,2023,34,2023-08-24,21.7,IND,home,SEA,4.0,1,33.7,4,10,.400,0,1,.000,4,4,1.000,3,7,10,1,0,4,0,1,12,13.9
Aliyah Boston,2023,35,2023-08-27,21.7,IND,home,ATL,3.0,1,21.0,4,9,.444,0,0,,1,1,1.000,2,7,9,2,4,1,2,1,9,11.5
Aliyah Boston,2023,36,2023-09-01,21.7,IND,home,DAL,-10.0,1,36.7,11,17,.647,0,1,.000,5,7,.714,3,8,11,5,0,0,3,3,27,22.5
Aliyah Boston,2023,37,2023-09-03,21.7,IND,away,DAL,13.0,1,44.7,6,15,.400,0,1,.000,1,1,1.000,3,8,11,5,2,2,1,5,13,13.3
Aliyah Boston,2023,38,2023-09-05,21.7,IND,home,CHI,-27.0,1,23.6,2,5,.400,0,0,,2,4,.500,2,4,6,1,2,0,4,3,6,2.6
Aliyah Boston,2023,39,2023-09-08,21.7,IND,away,CON,-17.0,1,29.2,3,10,.300,0,1,.000,1,2,.500,3,4,7,2,1,0,1,2,7,4.7
Aliyah Boston,2023,40,2023-09-10,21.7,IND,home,MIN,15.0,1,36.1,9,13,.692,0,0,,1,3,.333,6,6,12,1,1,0,1,3,19,18.2
Marine Johannes,2022,1,2022-06-10,27.4,NYL,away,IND,14.0,0,23.5,4,7,.571,3,5,.600,0,0,,0,2,2,6,0,0,1,1,11,11.1
Marine Johannes,2022,2,2022-06-12,27.4,NYL,home,CHI,-2.0,0,28.0,2,3,.667,0,0,,0,0,,0,1,1,1,0,0,1,2,4,1.9
Marine Johannes,2022,3,2022-06-16,27.4,NYL,home,WAS,12.0,1,36.2,1,7,.143,0,6,.000,2,3,.667,0,4,4,7,1,1,3,0,4,3.9
Marine Johannes,2022,4,2022-06-19,27.4,NYL,home,SEA,-9.0,1,34.8,9,12,.750,5,8,.625,0,0,,1,2,3,4,1,0,2,0,23,21.3
Marine Johannes,2022,5,2022-06-22,27.4,NYL,away,CON,4.0,1,34.8,4,10,.400,3,7,.429,0,0,,0,2,2,5,1,0,2,2,11,7.9
Marine Johannes,2022,6,2022-06-24,27.4,NYL,away,ATL,12.0,1,30.2,6,10,.600,5,8,.625,0,0,,1,1,2,3,0,0,4,3,17,10.3
Marine Johannes,2022,7,2022-06-30,27.4,NYL,home,ATL,-11.0,1,38.0,3,9,.333,3,6,.500,3,4,.750,0,0,0,4,0,0,3,5,12,4.3
Marine Johannes,2022,8,2022-07-03,27.4,NYL,away,LAS,-10.0,1,35.8,5,11,.455,5,9,.556,2,3,.667,0,4,4,4,2,1,3,1,17,14.2
Marine Johannes,2022,9,2022-07-06,27.5,NYL,away,LVA,9.0,1,31.4,4,12,.333,3,8,.375,0,0,,0,1,1,9,1,0,1,1,11,10.4
Marine Johannes,2022,10,2022-07-07,27.5,NYL,away,PHO,-3.0,1,23.5,1,6,.167,0,4,.000,0,0,,0,1,1,6,0,0,0,0,2,2.7
Marine Johannes,2022,11,2022-07-12,27.5,NYL,home,LVA,-6.0,1,27.7,2,7,.286,2,5,.400,0,0,,1,1,2,5,0,0,2,3,6,3.2
Marine Johannes,2022,12,2022-07-14,27.5,NYL,home,LVA,-34.0,1,17.6,3,6,.500,1,3,.333,3,3,1.000,0,0,0,4,0,0,1,1,10,8.4
Marine Johannes,2022,13,2022-07-19,27.5,NYL,away,CON,-19.0,0,17.3,1,8,.125,1,7,.143,1,1,1.000,0,1,1,1,2,0,2,0,4,-0.2
Marine Johannes,2022,14,2022-07-21,27.5,NYL,away,WAS,-9.0,0,23.8,4,9,.444,2,6,.333,2,2,1.000,0,1,1,2,1,0,1,2,12,8.2
Marine Johannes,2022,15,2022-07-23,27.5,NYL,home,CHI,3.0,0,26.3,3,5,.600,2,3,.667,0,0,,0,1,1,3,0,1,5,2,8,3.0
Marine Johannes,2022,16,2022-07-29,27.5,NYL,away,CHI,-8.0,0,27.6,4,6,.667,1,2,.500,4,4,1.000,1,0,1,5,0,0,1,3,13,12.4
Marine Johannes,2022,17,2022-07-31,27.5,NYL,home,PHO,20.0,0,14.2,0,3,.000,0,3,.000,0,0,,0,0,0,0,1,0,0,1,0,-1.5
Marine Johannes,2022,18,2022-08-02,27.5,NYL,home,LAS,29.0,0,21.7,4,10,.400,1,6,.167,3,3,1.000,0,3,3,1,4,0,3,0,12,9.2
Marine Johannes,2022,19,2022-08-03,27.5,NYL,home,LAS,3.0,0,25.7,3,6,.500,2,5,.400,0,0,,1,3,4,3,0,0,0,2,8,7.9
Marine Johannes,2022,20,2022-08-06,27.5,NYL,away,PHO,-14.0,0,15.2,2,4,.500,2,4,.500,0,0,,0,3,3,3,0,0,2,2,6,4.2
Marine Johannes,2022,21,2022-08-08,27.5,NYL,away,DAL,-9.0,0,29.1,7,11,.636,5,8,.625,0,0,,0,3,3,0,0,0,3,2,19,11.2
Marine Johannes,2022,22,2022-08-10,27.6,NYL,away,DAL,18.0,0,19.1,5,7,.714,3,4,.750,0,0,,0,0,0,2,0,0,1,2,13,9.7
Marine Johannes,2022,23,2022-08-12,27.6,NYL,away,ATL,10.0,0,6.0,0,2,.000,0,1,.000,0,0,,0,0,0,0,0,0,1,2,0,-3.2
Marine Johannes,2022,24,2022-08-14,27.6,NYL,home,ATL,4.0,0,24.3,6,8,.750,6,8,.750,0,0,,0,1,1,4,0,0,2,1,18,15.5
Marine Johannes,2023,1,2023-06-02,28.4,NYL,away,CHI,1.0,0,20.6,1,4,.250,0,2,.000,1,2,.500,0,0,0,2,0,0,2,0,3,-0.4
Marine Johannes,2023,2,2023-06-04,28.4,NYL,home,CHI,-4.0,0,21.4,5,10,.500,1,5,.200,0,0,,0,0,0,2,0,0,1,2,11,5.6
Marine Johannes,2023,3,2023-06-09,28.4,NYL,away,ATL,23.0,0,15.2,3,8,.375,0,3,.000,0,0,,1,1,2,1,3,0,0,2,6,5.5
Marine Johannes,2023,4,2023-06-11,28.4,NYL,home,DAL,9.0,0,19.3,4,8,.500,4,8,.500,0,0,,0,1,1,3,0,0,3,0,12,7.4
Marine Johannes,2023,5,2023-06-13,28.4,NYL,home,ATL,-7.0,1,33.5,7,15,.467,4,10,.400,0,0,,0,1,1,4,1,0,4,4,18,8.8
Marine Johannes,2023,6,2023-06-18,28.4,NYL,home,PHO,18.0,1,26.4,4,8,.500,2,5,.400,0,0,,1,1,2,3,3,0,3,3,10,7.9
Marine Johannes,2023,7,2023-06-23,28.4,NYL,away,ATL,30.0,0,23.6,6,10,.600,5,7,.714,1,1,1.000,0,1,1,2,1,0,1,1,18,14.7
Marine Johannes,2023,8,2023-06-25,28.4,NYL,home,WAS,1.0,0,17.5,1,4,.250,1,4,.250,0,0,,1,4,5,0,1,0,0,2,3,2.7
Marine Johannes,2023,9,2023-06-27,28.4,NYL,away,CON,8.0,0,15.2,1,4,.250,1,3,.333,0,0,,1,1,2,2,1,0,0,0,3,4.0
Marine Johannes,2023,10,2023-06-29,28.4,NYL,away,LVA,-17.0,0,18.8,4,7,.571,2,4,.500,0,0,,0,2,2,2,0,0,1,1,10,7.3
Marine Johannes,2023,11,2023-07-02,28.4,NYL,away,SEA,15.0,0,17.2,2,7,.286,2,5,.400,0,0,,0,0,0,1,1,0,2,1,6,1.2
Marine Johannes,2023,12,2023-07-05,28.5,NYL,home,PHO,4.0,0,15.0,1,4,.250,0,2,.000,0,0,,0,1,1,2,0,0,1,2,2,-0.5
Marine Johannes,2023,13,2023-07-08,28.5,NYL,home,SEA,4.0,0,12.7,0,4,.000,0,2,.000,0,0,,0,1,1,1,0,0,0,1,0,-2.2
Marine Johannes,2023,14,2023-07-12,28.5,NYL,away,IND,8.0,0,16.1,0,5,.000,0,4,.000,0,0,,0,2,2,3,0,0,1,2,0,-2.6
Marine Johannes,2023,15,2023-07-19,28.5,NYL,home,DAL,-10.0,0,17.3,3,9,.333,3,7,.429,0,0,,0,0,0,0,0,0,1,0,9,2.9
Marine Johannes,2023,16,2023-07-21,28.5,NYL,away,WAS,9.0,0,17.1,2,6,.333,1,5,.200,0,0,,1,5,6,2,0,1,2,2,5,3.1
Marine Johannes,2023,17,2023-07-23,28.5,NYL,home,IND,18.0,0,20.2,4,7,.571,4,7,.571,0,0,,0,2,2,4,3,0,4,2,12,10.3
Marine Johannes,2023,18,2023-07-25,28.5,NYL,home,SEA,4.0,0,20.7,4,9,.444,2,6,.333,0,0,,0,1,1,1,3,0,3,1,10,5.9
Marine Johannes,2023,19,2023-07-27,28.5,NYL,home,ATL,11.0,0,17.9,1,5,.200,1,5,.200,0,0,,0,0,0,2,0,0,1,2,3,-0.5
Marine Johannes,2023,20,2023-07-28,28.5,NYL,home,MIN,-5.0,1,20.1,2,6,.333,0,4,.000,0,0,,0,0,0,1,0,0,0,3,4,0.1
Marine Johannes,2023,21,2023-07-30,28.5,NYL,away,LAS,8.0,0,23.5,5,8,.625,5,7,.714,0,0,,0,1,1,0,1,0,2,4,15,9.1
Marine Johannes,2023,22,2023-08-01,28.5,NYL,away,LAS,7.0,0,14.1,1,3,.333,1,3,.333,0,0,,1,2,3,1,0,0,1,2,3,1.5
Marine Johannes,2023,23,2023-08-04,28.5,NYL,away,MIN,10.0,0,16.3,0,3,.000,0,3,.000,2,2,1.000,0,0,0,1,0,0,1,2,2,-1.2
Marine Johannes,2023,24,2023-08-06,28.5,NYL,home,LVA,38.0,0,9.5,0,2,.000,0,2,.000,0,0,,0,1,1,0,1,0,2,0,0,-2.1
Marine Johannes,2023,25,2023-08-11,28.6,NYL,home,CHI,16.0,0,18.6,2,5,.400,1,3,.333,1,2,.500,0,2,2,1,2,0,2,1,6,3.8
Marine Johannes,2023,26,2023-08-13,28.6,NYL,away,IND,11.0,0,11.5,2,4,.500,0,1,.000,0,0,,1,0,1,1,0,0,1,1,4,2.0
Marine Johannes,2023,27,2023-08-17,28.6,NYL,away,LVA,-13.0,0,13.8,2,4,.500,2,4,.500,0,0,,0,1,1,1,0,0,0,0,6,5.0
Marine Johannes,2023,28,2023-08-18,28.6,NYL,away,PHO,22.0,0,27.9,7,13,.538,4,7,.571,0,0,,1,0,1,2,1,1,1,0,18,14.5
Marine Johannes,2023,29,2023-08-24,28.6,NYL,away,CON,5.0,0,22.6,2,3,.667,1,1,1.000,3,5,.600,0,1,1,2,0,0,1,1,8,6.2
Marine Johannes,2023,30,2023-08-28,28.6,NYL,home,LVA,9.0,0,14.4,3,3,1.000,2,2,1.000,0,0,,0,4,4,0,0,0,0,3,8,7.1
Marine Johannes,2023,31,2023-09-01,28.6,NYL,home,CON,31.0,1,30.1,5,9,.556,3,6,.500,5,6,.833,0,3,3,2,0,0,1,4,18,13.0
Marine Johannes,2023,32,2023-09-03,28.6,NYL,away,CHI,17.0,1,27.9,1,8,.125,1,7,.143,0,0,,0,0,0,2,0,0,2,1,3,-3.2
Marine Johannes,2023,33,2023-09-05,28.6,NYL,away,DAL,1.0,0,14.3,0,2,.000,0,1,.000,0,0,,0,1,1,2,0,0,1,1,0,-1.1
Marine Johannes,2023,34,2023-09-07,28.6,NYL,home,LAS,7.0,0,15.1,1,2,.500,0,1,.000,0,0,,0,0,0,2,1,0,1,2,2,1.6
Marine Johannes,2023,35,2023-09-10,28.6,NYL,home,WAS,-2.0,0,16.4,3,6,.500,3,6,.500,2,2,1.000,0,2,2,3,0,0,1,2,11,8.9
Chelsea Dungee,2021,1,2021-05-14,24.0,DAL,away,LAS,23.0,0,2.4,1,1,1.0,1,1,1.0,0,0,,0,0,0,0,0,0,0,0,3,2.7
Chelsea Dungee,2021,2,2021-05-24,24.0,DAL,away,NYL,-7.0,0,5.4,0,1,0.0,0,0,,0,0,,0,0,0,0,0,0,0,0,0,-0.7
Chelsea Dungee,2021,3,2021-05-29,24.0,DAL,home,PHO,-4.0,0,4.4,0,0,,0,0,,0,0,,0,0,0,0,0,0,0,0,0,0.0
Chelsea Dungee,2021,4,2021-06-01,24.1,DAL,home,LAS,10.0,0,6.9,0,1,0.0,0,1,0.0,0,0,,0,1,1,0,0,0,0,0,0,-0.4
Chelsea Dungee,2021,5,2021-06-04,24.1,DAL,away,SEA,-3.0,0,3.3,0,0,,0,0,,0,0,,0,0,0,0,0,0,1,1,0,-1.4
Chelsea Dungee,2021,6,2021-06-06,24.1,DAL,away,SEA,1.0,0,2.4,0,1,0.0,0,1,0.0,0,0,,0,0,0,0,0,0,0,2,0,-1.5
Chelsea Dungee,2021,7,2021-06-11,24.1,DAL,away,PHO,18.0,0,1.2,0,0,,0,0,,0,0,,0,0,0,0,0,0,0,0,0,0.0
Chelsea Dungee,2021,8,2021-06-19,24.1,DAL,home,MIN,18.0,0,1.4,0,0,,0,0,,0,0,,0,0,0,0,0,0,0,0,0,0.0
Chelsea Dungee,2021,9,2021-06-24,24.1,DAL,away,IND,25.0,0,7.6,0,2,0.0,0,2,0.0,0,0,,0,0,0,0,0,1,0,1,0,-1.1
Chelsea Dungee,2021,10,2021-06-26,24.1,DAL,home,WAS,11.0,0,2.0,0,1,0.0,0,0,,0,0,,0,0,0,0,0,0,0,0,0,-0.7
Chelsea Dungee,2021,11,2021-08-15,24.3,DAL,home,CON,-21.0,0,0.7,0,0,,0,0,,0,0,,0,0,0,0,0,0,0,0,0,0.0
Chelsea Dungee,2021,12,2021-09-07,24.3,DAL,home,CON,-27.0,0,17.5,1,5,0.2,1,3,0.333,0,0,,0,1,1,1,0,0,1,0,3,-0.1
Chelsea Dungee,2021,13,2021-09-11,24.3,DAL,home,NYL,1.0,0,0.6,0,0,,0,0,,0,0,,0,0,0,0,0,0,0,0,0,0.0
Chelsea Dungee,2021,14,2021-09-13,24.3,DAL,away,LVA,-10.0,0,8.3,1,5,0.2,0,2,0.0,0,0,,1,0,1,0,0,0,0,3,2,-1.6
Kianna Smith,2022,1,2022-07-04,23.1,LAS,home,PHO,3.0,0,8.5,0,1,0.0,0,1,0.0,0,0,,3,0,3,2,1,0,0,1,0,3.4
Kianna Smith,2022,2,2022-07-07,23.1,LAS,home,SEA,-37.0,0,18.2,1,6,0.167,0,5,0.0,0,0,,0,1,1,0,0,0,0,1,2,-1.9
Kianna Smith,2022,3,2022-07-28,23.1,LAS,away,PHO,-10.0,0,5.5,1,2,0.5,1,2,0.5,0,0,,0,1,1,1,1,0,0,1,3,3.6
Kianna Smith,2022,4,2022-07-31,23.1,LAS,home,MIN,-7.0,0,2.4,0,0,,0,0,,0,0,,0,0,0,0,0,0,0,0,0,0.0
Kianna Smith,2022,5,2022-08-02,23.1,LAS,away,NYL,-29.0,0,11.3,0,4,0.0,0,1,0.0,0,0,,0,0,0,0,1,0,0,1,0,-2.2
Kianna Smith,2022,6,2022-08-03,23.1,LAS,away,NYL,-3.0,0,16.1,1,5,0.2,0,2,0.0,0,0,,0,0,0,1,0,0,1,2,2,-2.2
Kianna Smith,2022,7,2022-08-05,23.2,LAS,away,ATL,-2.0,0,5.5,1,3,0.333,0,0,,2,2,1.0,0,0,0,1,1,0,1,1,4,2.6
Kianna Smith,2022,8,2022-08-07,23.2,LAS,away,WAS,3.0,0,4.1,0,0,,0,0,,0,0,,2,0,2,0,0,0,0,2,0,0.6
Kianna Smith,2022,9,2022-08-09,23.2,LAS,home,CON,-26.0,0,11.2,2,2,1.0,1,1,1.0,0,0,,0,2,2,0,0,0,1,0,5,4.0
Kianna Smith,2022,10,2022-08-11,23.2,LAS,home,CON,-24.0,0,7.8,1,1,1.0,1,1,1.0,0,0,,0,0,0,1,0,0,1,2,3,1.6
Kianna Smith,2022,11,2022-08-14,23.2,LAS,home,DAL,-28.0,0,22.2,4,11,0.364,2,5,0.4,0,0,,0,0,0,0,0,0,0,0,10,3.9
Reshanda Gray,2020,1,2020-07-25,27.1,LAS,home,PHO,23.0,0,7.4,0,2,0.0,0,0,,0,0,,3,2,5,1,0,0,0,1,0,1.6
Reshanda Gray,2020,2,2020-07-28,27.2,LAS,home,CHI,-18.0,0,1.9,0,1,0.0,0,0,,0,0,,0,1,1,0,0,0,0,0,0,-0.4
Reshanda Gray,2020,3,2020-07-30,27.2,LAS,home,CON,5.0,0,2.6,2,2,1.0,0,0,,0,0,,0,2,2,0,0,0,1,0,4,3.0
Reshanda Gray,2020,4,2020-08-01,27.2,LAS,home,SEA,-6.0,0,5.2,0,0,,0,0,,0,0,,0,2,2,0,0,0,0,1,0,0.2
Reshanda Gray,2020,5,2020-08-05,27.2,LAS,home,IND,11.0,0,12.7,0,1,0.0,0,0,,1,1,1.0,1,2,3,1,1,0,4,3,1,-1.9
Reshanda Gray,2020,6,2020-08-07,27.2,LAS,home,LVA,-4.0,0,7.1,0,1,0.0,0,0,,3,4,0.75,1,3,4,0,0,0,2,1,3,1.1
Reshanda Gray,2020,7,2020-08-11,27.2,LAS,home,NYL,15.0,0,11.0,1,1,1.0,0,0,,2,2,1.0,0,7,7,1,0,2,2,1,4,5.5
Reshanda Gray,2020,8,2020-08-30,27.2,LAS,home,ATL,5.0,0,3.8,1,2,0.5,0,0,,0,0,,1,2,3,0,0,0,0,0,2,2.3
Reshanda Gray,2020,9,2020-08-31,27.2,LAS,home,MIN,-18.0,0,6.5,0,0,,0,0,,0,0,,0,1,1,0,0,1,0,1,0,0.6
Reshanda Gray,2020,10,2020-09-08,27.3,LAS,home,NYL,26.0,0,4.3,0,1,0.0,0,0,,0,0,,0,0,0,0,0,1,1,2,0,-1.8
Reshanda Gray,2021,1,2021-05-14,28.0,NYL,home,IND,3.0,0,11.8,1,2,0.5,0,0,,1,2,0.5,0,1,1,0,0,0,1,3,3,-0.3
Reshanda Gray,2021,2,2021-05-16,28.0,NYL,away,IND,8.0,0,11.7,2,3,0.667,0,0,,0,0,,1,3,4,0,1,0,3,5,4,0.3
Reshanda Gray,2021,3,2021-06-13,28.0,NYL,away,PHO,2.0,0,17.6,3,7,0.429,0,2,0.0,2,3,0.667,0,5,5,0,0,0,1,5,8,2.4
Reshanda Gray,2021,4,2021-06-15,28.0,NYL,away,LVA,-22.0,0,19.4,1,5,0.2,0,1,0.0,3,4,0.75,2,2,4,2,0,1,2,3,5,2.4
Reshanda Gray,2021,5,2021-06-17,28.0,NYL,away,LVA,-27.0,0,20.8,7,11,0.636,0,1,0.0,3,4,0.75,0,4,4,0,0,0,0,3,17,11.7
Reshanda Gray,2021,6,2021-06-20,28.1,NYL,away,LAS,3.0,0,15.6,0,2,0.0,0,0,,2,2,1.0,1,0,1,0,0,0,4,4,2,-4.3
Reshanda Gray,2021,7,2021-07-03,28.1,NYL,home,WAS,3.0,0,18.4,5,9,0.556,0,1,0.0,1,2,0.5,1,5,6,0,0,1,0,6,11,6.8
Reshanda Gray,2021,8,2021-07-05,28.1,NYL,home,DAL,3.0,0,23.9,5,6,0.833,0,0,,1,1,1.0,1,5,6,1,2,1,0,3,11,13.2
Reshanda Gray,2021,9,2021-07-09,28.1,NYL,away,IND,-13.0,0,14.7,3,5,0.6,0,0,,4,4,1.0,1,4,5,0,0,1,3,4,10,5.7
Reshanda Gray,2021,10,2021-07-11,28.1,NYL,home,CON,-17.0,0,20.9,3,4,0.75,2,2,1.0,0,0,,2,3,5,0,0,0,2,3,8,5.5
Reshanda Gray,2021,11,2021-08-15,28.2,NYL,away,MIN,-10.0,0,6.0,1,3,0.333,0,1,0.0,0,2,0.0,1,0,1,0,0,0,1,2,2,-1.6
Reshanda Gray,2021,12,2021-08-22,28.2,NYL,home,LAS,-3.0,0,12.4,1,2,0.5,0,0,,0,0,,1,4,5,0,1,0,4,4,2,-1.7
Reshanda Gray,2021,13,2021-08-25,28.2,NYL,home,PHO,-27.0,0,5.7,1,2,0.5,0,1,0.0,1,2,0.5,0,1,1,0,0,0,0,1,3,1.5
Reshanda Gray,2021,14,2021-08-27,28.2,NYL,home,PHO,-16.0,0,1.4,0,0,,0,0,,0,0,,0,0,0,0,0,0,0,0,0,0.0
Reshanda Gray,2021,15,2021-09-11,28.3,NYL,away,DAL,-1.0,0,10.0,1,3,0.333,0,0,,0,0,,2,3,5,2,0,0,0,1,2,3.6
Reshanda Gray,2022,1,2022-05-06,28.9,SEA,home,MIN,23.0,0,8.6,1,2,.500,0,0,,0,0,,0,1,1,0,1,0,1,2,2,0.5
Reshanda Gray,2022,2,2022-05-08,28.9,SEA,away,LVA,-11.0,0,6.9,1,2,.500,0,0,,0,0,,1,0,1,0,0,0,0,1,2,1.3
Reshanda Gray,2022,3,2022-05-11,28.9,SEA,away,PHO,-20.0,0,10.4,2,3,.667,1,1,1.000,3,4,.750,2,0,2,0,0,0,3,4,8,3.1
Reshanda Gray,2022,4,2022-05-14,29.0,SEA,home,PHO,-5.0,0,4.5,1,2,.500,0,0,,0,0,,0,1,1,0,0,0,0,0,2,1.3
Reshanda Gray,2022,5,2022-05-18,29.0,SEA,home,CHI,3.0,0,7.4,1,1,1.000,0,0,,0,0,,2,1,3,0,0,0,0,0,2,3.4
Reshanda Gray,2022,6,2022-05-20,29.0,SEA,home,LAS,3.0,0,2.2,0,0,,0,0,,0,0,,0,0,0,0,0,0,0,0,0,0.0
Reshanda Gray,2022,7,2022-05-27,29.0,SEA,home,NYL,8.0,0,13.0,1,2,.500,0,0,,0,0,,1,2,3,1,0,0,1,4,2,0.4
Reshanda Gray,2022,8,2022-05-29,29.0,SEA,home,NYL,31.0,0,14.9,2,4,.500,1,1,1.000,2,2,1.000,3,2,5,0,0,0,1,3,7,5.5
Reshanda Gray,2022,9,2022-06-03,29.0,SEA,home,DAL,-17.0,0,4.6,0,1,.000,0,1,.000,0,0,,1,1,2,0,1,0,1,0,0,0.3
Reshanda Gray,2022,10,2022-06-14,29.0,SEA,away,MIN,2.0,0,3.6,0,1,.000,0,0,,0,0,,0,2,2,0,0,0,1,1,0,-1.5
Reshanda Gray,2022,11,2022-06-17,29.0,SEA,away,CON,-11.0,0,9.1,1,2,.500,0,0,,0,0,,1,3,4,0,0,0,1,4,2,0.0
Reshanda Gray,2022,12,2022-06-27,29.1,PHO,home,IND,12.0,0,4.8,1,3,.333,0,1,.000,0,0,,2,1,3,1,0,0,1,1,2,1.3
Reshanda Gray,2022,13,2022-06-29,29.1,PHO,home,IND,21.0,0,12.9,5,5,1.000,0,0,,1,2,.500,1,1,2,0,1,0,1,4,11,8.5
Reshanda Gray,2022,14,2022-07-02,29.1,PHO,away,CHI,-16.0,0,7.5,1,3,.333,0,1,.000,0,0,,0,0,0,0,0,0,0,1,2,-0.1
Reshanda Gray,2022,15,2022-07-04,29.1,PHO,away,LAS,-3.0,0,16.9,3,5,.600,1,2,.500,0,0,,0,3,3,2,1,1,1,5,7,5.7
Reshanda Gray,2022,16,2022-07-07,29.1,PHO,home,NYL,3.0,0,17.3,1,2,.500,0,0,,0,0,,1,3,4,0,1,0,2,2,2,0.8
Reshanda Gray,2022,17,2022-07-12,29.1,PHO,away,MIN,-11.0,0,9.2,2,3,.667,0,1,.000,0,1,.000,0,2,2,0,0,1,2,4,4,0.0
Reshanda Gray,2022,18,2022-07-14,29.1,PHO,home,WAS,5.0,0,10.2,0,1,.000,0,0,,0,0,,1,1,2,0,1,1,1,2,0,0.2
Reshanda Gray,2022,19,2022-07-17,29.1,PHO,home,ATL,-10.0,0,5.7,0,2,.000,0,1,.000,0,0,,0,0,0,1,0,0,1,1,0,-2.1
Reshanda Gray,2022,20,2022-07-22,29.1,PHO,home,SEA,16.0,0,9.4,0,1,.000,0,0,,0,0,,0,1,1,1,0,1,1,3,0,-1.2
Reshanda Gray,2022,21,2022-07-31,29.2,PHO,away,NYL,-20.0,0,7.8,0,1,.000,0,1,.000,0,0,,0,0,0,0,1,0,3,3,0,-3.9
Reshanda Gray,2022,22,2022-08-02,29.2,PHO,away,CON,-24.0,0,10.8,0,1,.000,0,1,.000,0,0,,0,3,3,0,0,0,1,3,0,-2.0
Reshanda Gray,2022,23,2022-08-04,29.2,PHO,away,CON,-13.0,0,6.8,1,2,.500,0,0,,0,0,,0,2,2,2,0,0,1,1,2,1.6
Reshanda Gray,2022,24,2022-08-06,29.2,PHO,home,NYL,14.0,0,9.0,0,0,,0,0,,0,0,,0,0,0,1,0,0,1,1,0,-0.7
Reshanda Gray,2022,25,2022-08-10,29.2,PHO,home,MIN,-9.0,0,4.0,0,1,.000,0,1,.000,0,0,,0,0,0,0,0,0,1,2,0,-2.5
Reshanda Gray,2022,26,2022-08-12,29.2,PHO,home,DAL,12.0,0,1.9,0,1,.000,0,1,.000,0,0,,0,2,2,0,0,0,0,0,0,-0.1
Reshanda Gray,2022,27,2022-08-14,29.2,PHO,home,CHI,-15.0,0,17.5,1,6,.167,0,1,.000,0,0,,0,5,5,2,0,1,1,4,2,-0.8
Amy Atwell,2022,1,2022-05-06,23.8,LAS,away,CHI,7.0,1,7.8,0,2,0.0,0,2,0.0,0,0,,0,0,0,0,0,0,0,1,0,-1.8
Amy Atwell,2022,2,2022-05-08,23.9,LAS,away,IND,10.0,0,5.1,0,2,0.0,0,1,0.0,0,0,,0,0,0,0,0,0,0,0,0,-1.4
Amy Atwell,2022,3,2022-05-14,23.9,LAS,away,CON,-17.0,0,13.4,0,3,0.0,0,1,0.0,0,0,,0,1,1,2,0,0,2,0,0,-2.4
Amy Atwell,2022,4,2022-05-23,23.9,LAS,away,LVA,-28.0,0,5.2,1,2,0.5,1,2,0.5,0,0,,1,0,1,0,0,0,0,0,3,2.7
Shey Peddy,2020,1,2020-07-25,31.7,WAS,home,IND,25.0,0,16.9,3,5,0.6,0,1,0.0,4,4,1.0,1,3,4,2,2,0,2,2,10,9.9
Shey Peddy,2020,2,2020-07-28,31.8,WAS,home,CON,5.0,0,15.6,0,2,0.0,0,0,,2,2,1.0,1,1,2,1,0,0,0,0,2,2.3
Shey Peddy,2020,3,2020-07-30,31.8,WAS,home,SEA,18.0,0,14.0,1,4,0.25,1,2,0.5,0,0,,0,1,1,2,1,0,2,1,3,0.9
Shey Peddy,2020,4,2020-08-01,31.8,WAS,home,CHI,-2.0,0,10.5,2,3,0.667,0,1,0.0,0,0,,0,0,0,0,0,0,0,1,4,2.3
Shey Peddy,2020,5,2020-08-05,31.8,WAS,home,LVA,-6.0,0,9.4,0,2,0.0,0,2,0.0,0,0,,0,0,0,3,0,0,1,1,0,-0.7
Shey Peddy,2020,6,2020-08-07,31.8,WAS,home,NYL,-8.0,0,10.7,0,1,0.0,0,1,0.0,0,0,,0,0,0,1,0,0,2,2,0,-2.8
Shey Peddy,2020,7,2020-08-09,31.8,WAS,home,IND,-7.0,0,13.3,0,3,0.0,0,3,0.0,4,4,1.0,0,1,1,0,1,0,0,0,4,3.2
Shey Peddy,2020,8,2020-08-11,31.8,WAS,home,MIN,-20.0,0,15.0,2,6,0.333,1,3,0.333,0,0,,0,3,3,2,2,0,1,1,5,4.5
Shey Peddy,2020,9,2020-08-13,31.8,WAS,home,LAS,-17.0,0,10.2,1,3,0.333,0,2,0.0,2,2,1.0,0,0,0,0,1,0,0,0,4,3.3
Shey Peddy,2020,10,2020-08-28,31.8,PHO,home,WAS,22.0,0,8.3,1,2,0.5,1,2,0.5,0,0,,0,1,1,1,1,0,0,1,3,3.6
Shey Peddy,2020,11,2020-08-30,31.8,PHO,home,MIN,4.0,0,22.0,2,7,0.286,0,2,0.0,0,0,,3,2,5,5,2,1,0,3,4,7.6
Shey Peddy,2020,12,2020-09-01,31.8,PHO,home,LVA,7.0,0,13.5,0,1,0.0,0,1,0.0,0,0,,1,1,2,4,0,0,0,0,0,3.1
Shey Peddy,2020,13,2020-09-03,31.9,PHO,home,IND,24.0,0,23.4,4,7,0.571,1,3,0.333,0,0,,0,5,5,2,3,0,2,3,9,8.4
Shey Peddy,2020,14,2020-09-05,31.9,PHO,home,NYL,16.0,0,9.8,0,1,0.0,0,1,0.0,0,0,,0,0,0,0,0,0,0,1,0,-1.1
Shey Peddy,2020,15,2020-09-07,31.9,PHO,home,CON,-15.0,0,11.2,0,2,0.0,0,2,0.0,4,4,1.0,1,1,2,0,0,0,1,1,4,2.2
Shey Peddy,2020,16,2020-09-09,31.9,PHO,home,CON,5.0,0,25.2,3,9,0.333,0,4,0.0,4,4,1.0,1,5,6,1,2,0,3,2,10,6.0
Shey Peddy,2020,17,2020-09-11,31.9,PHO,home,SEA,-23.0,0,27.9,0,5,0.0,0,4,0.0,2,2,1.0,1,2,3,6,4,0,1,3,2,5.8
Shey Peddy,2021,1,2021-05-14,32.5,PHO,away,MIN,2.0,0,15.3,1,3,.333,1,3,.333,0,0,,0,1,1,2,1,0,0,1,3,3.6
Shey Peddy,2021,2,2021-05-16,32.5,PHO,away,CON,-8.0,0,12.3,1,1,1.000,1,1,1.000,0,0,,0,3,3,3,0,0,1,1,3,4.3
Shey Peddy,2021,3,2021-05-18,32.6,PHO,away,WAS,21.0,0,15.9,1,4,.250,1,1,1.000,0,0,,4,1,5,6,2,0,1,1,3,8.5
Shey Peddy,2021,4,2021-05-21,32.6,PHO,home,CON,-17.0,0,18.4,4,6,.667,1,2,.500,0,0,,0,1,1,2,1,0,0,1,9,8.7
Shey Peddy,2021,5,2021-05-26,32.6,PHO,home,LVA,-6.0,0,19.6,5,10,.500,1,4,.250,1,1,1.000,0,2,2,2,0,0,1,1,12,7.6
Shey Peddy,2021,6,2021-05-29,32.6,PHO,away,DAL,4.0,0,10.6,0,2,.000,0,2,.000,0,0,,1,2,3,2,0,0,2,1,0,-1.1
Shey Peddy,2021,7,2021-06-01,32.6,PHO,away,CHI,1.0,0,19.5,1,3,.333,0,1,.000,0,0,,1,1,2,6,2,0,3,1,2,4.1
Shey Peddy,2021,8,2021-06-03,32.6,PHO,home,CHI,3.0,0,10.6,0,3,.000,0,3,.000,0,0,,0,2,2,2,0,0,2,1,0,-2.5
Shey Peddy,2021,9,2021-06-08,32.6,PHO,home,DAL,-4.0,0,17.8,1,2,.500,0,1,.000,2,2,1.000,0,0,0,1,1,0,0,1,4,4.3
Shey Peddy,2021,10,2021-06-11,32.6,PHO,home,DAL,-18.0,0,16.5,1,5,.200,0,3,.000,0,0,,0,0,0,1,0,1,1,1,2,-1.1
Shey Peddy,2021,11,2021-06-13,32.6,PHO,home,NYL,-2.0,0,8.0,0,3,.000,0,1,.000,2,2,1.000,1,2,3,2,0,0,0,1,2,2.2
Shey Peddy,2021,12,2021-06-16,32.6,PHO,away,LAS,-5.0,0,23.1,0,4,.000,0,3,.000,0,0,,1,3,4,1,1,0,0,2,0,-0.3
Shey Peddy,2021,13,2021-06-18,32.6,PHO,away,LAS,14.0,0,10.4,1,2,.500,1,1,1.000,2,2,1.000,0,0,0,0,1,0,1,2,5,3.2
Shey Peddy,2021,14,2021-06-27,32.7,PHO,home,LAS,9.0,0,5.1,0,1,.000,0,0,,0,0,,0,3,3,0,0,0,0,0,0,0.2
Shey Peddy,2021,15,2021-06-30,32.7,PHO,home,MIN,-6.0,0,8.8,2,3,.667,1,2,.500,0,0,,0,0,0,2,0,0,0,0,5,5.1
Shey Peddy,2021,16,2021-07-03,32.7,PHO,home,MIN,-31.0,0,13.0,2,2,1.000,2,2,1.000,0,0,,0,1,1,2,0,0,0,0,6,7.1
Shey Peddy,2021,17,2021-07-07,32.7,PHO,away,LVA,9.0,0,19.8,2,8,.250,2,6,.333,2,2,1.000,2,3,5,2,0,0,1,0,8,5.9
Shey Peddy,2021,18,2021-07-09,32.7,PHO,home,SEA,8.0,0,26.4,3,8,.375,0,2,.000,2,4,.500,2,2,4,3,4,0,2,0,8,8.9
Shey Peddy,2021,19,2021-07-11,32.7,PHO,away,SEA,-7.0,1,37.1,1,6,.167,1,5,.200,0,0,,3,3,6,7,1,0,1,4,3,5.5
Shey Peddy,2021,20,2021-08-15,32.8,PHO,home,ATL,11.0,0,14.0,1,3,.333,1,2,.500,0,0,,2,1,3,2,1,0,3,0,3,2.4
Shey Peddy,2021,21,2021-08-17,32.8,PHO,home,IND,4.0,0,20.9,2,6,.333,0,4,.000,3,3,1.000,1,0,1,1,2,0,4,3,7,1.8
Shey Peddy,2021,22,2021-08-19,32.8,PHO,home,WAS,13.0,0,15.7,0,1,.000,0,1,.000,0,0,,1,1,2,2,0,0,0,1,0,1.3
Shey Peddy,2021,23,2021-08-21,32.8,PHO,away,ATL,15.0,0,4.7,0,1,.000,0,0,,0,0,,1,0,1,0,0,0,1,0,0,-1.0
Shey Peddy,2021,24,2021-08-25,32.8,PHO,away,NYL,27.0,0,13.8,1,2,.500,0,0,,0,0,,1,3,4,4,1,0,0,1,2,6.0
Shey Peddy,2021,25,2021-08-27,32.8,PHO,away,NYL,16.0,0,5.4,1,2,.500,0,0,,0,0,,0,1,1,0,0,0,0,0,2,1.3
Shey Peddy,2021,26,2021-08-31,32.8,PHO,home,CHI,20.0,0,18.7,4,9,.444,3,6,.500,0,0,,0,4,4,1,1,0,0,2,11,8.4
Shey Peddy,2021,27,2021-09-04,32.9,PHO,away,IND,22.0,0,21.3,3,8,.375,2,7,.286,0,0,,0,1,1,1,1,0,0,1,8,5.2
Shey Peddy,2021,28,2021-09-06,32.9,PHO,away,IND,5.0,0,13.8,3,4,.750,1,1,1.000,0,0,,1,1,2,5,1,1,0,0,7,11.6
Shey Peddy,2021,29,2021-09-08,32.9,PHO,away,ATL,1.0,1,26.4,5,7,.714,2,3,.667,6,6,1.000,0,3,3,3,2,1,3,1,18,17.4
Shey Peddy,2021,30,2021-09-11,32.9,PHO,home,CON,-9.0,1,31.6,5,8,.625,2,3,.667,0,0,,0,1,1,4,2,0,2,2,12,10.7
Shey Peddy,2021,31,2021-09-17,32.9,PHO,away,SEA,-9.0,1,34.8,6,12,.500,2,6,.333,3,3,1.000,1,1,2,4,2,0,1,3,17,14.6
Shey Peddy,2021,32,2021-09-19,32.9,PHO,home,LVA,-1.0,1,30.8,4,9,.444,2,5,.400,0,0,,1,4,5,6,2,0,1,0,10,12.4
Shey Peddy,2022,1,2022-05-06,33.5,PHO,home,LVA,-18.0,1,29.1,6,12,.500,2,5,.400,2,2,1.000,0,1,1,2,2,1,0,1,16,14.0
Shey Peddy,2022,2,2022-05-11,33.5,PHO,home,SEA,20.0,1,21.7,3,4,.750,1,1,1.000,3,3,1.000,0,1,1,6,4,0,3,4,10,12.3
Shey Peddy,2022,3,2022-05-14,33.5,PHO,away,SEA,5.0,1,15.5,2,4,.500,1,3,.333,0,0,,2,2,4,2,1,0,0,0,5,7.4
Shey Peddy,2022,4,2022-05-17,33.6,PHO,away,LVA,-12.0,0,19.9,5,8,.625,2,4,.500,1,1,1.000,0,1,1,4,0,0,1,2,13,10.7
Shey Peddy,2022,5,2022-05-19,33.6,PHO,home,DAL,-10.0,1,33.9,5,9,.556,0,3,.000,0,0,,1,3,4,5,0,1,1,4,10,8.9
Shey Peddy,2022,6,2022-05-21,33.6,PHO,away,LVA,-20.0,1,28.9,2,6,.333,1,3,.333,0,0,,2,2,4,0,1,0,1,3,5,2.4
Shey Peddy,2022,7,2022-05-31,33.6,PHO,away,CHI,-3.0,0,13.6,1,6,.167,1,4,.250,0,0,,0,1,1,3,0,0,0,0,3,1.6
Shey Peddy,2022,8,2022-06-03,33.6,PHO,home,CON,-4.0,0,19.3,0,1,.000,0,0,,2,2,1.000,0,2,2,3,4,0,1,2,2,6.2
Shey Peddy,2022,9,2022-06-05,33.6,PHO,home,LAS,7.0,0,20.7,3,6,.500,1,4,.250,3,3,1.000,0,2,2,1,2,0,1,0,10,9.3
Shey Peddy,2022,10,2022-06-10,33.6,PHO,home,ATL,2.0,0,26.3,3,6,.500,2,5,.400,2,2,1.000,2,1,3,2,0,1,0,3,10,9.6
Shey Peddy,2022,11,2022-06-12,33.6,PHO,away,WAS,9.0,0,27.3,4,5,.800,2,3,.667,2,2,1.000,1,1,2,3,3,1,2,3,12,13.7
Shey Peddy,2022,12,2022-06-14,33.6,PHO,away,WAS,-18.0,0,17.5,0,4,.000,0,1,.000,0,0,,1,1,2,1,1,0,2,0,0,-2.1
Shey Peddy,2022,13,2022-06-15,33.6,PHO,away,IND,13.0,0,24.0,0,4,.000,0,4,.000,4,4,1.000,1,4,5,7,2,0,3,2,4,6.2
Shey Peddy,2022,14,2022-06-17,33.6,PHO,away,DAL,-5.0,0,24.5,3,4,.750,3,4,.750,0,0,,0,1,1,1,1,0,0,3,9,8.2
Shey Peddy,2022,15,2022-06-21,33.6,PHO,home,MIN,-13.0,0,27.4,4,10,.400,3,8,.375,1,1,1.000,0,3,3,2,1,0,0,3,12,8.7
Shey Peddy,2022,16,2022-06-23,33.7,PHO,away,MIN,-12.0,1,30.4,3,7,.429,3,7,.429,3,4,.750,0,0,0,3,0,0,0,1,12,9.6
Shey Peddy,2022,17,2022-06-25,33.7,PHO,away,DAL,11.0,1,34.7,2,6,.333,1,4,.250,0,0,,1,4,5,6,2,0,0,1,5,9.3
Shey Peddy,2022,18,2022-06-27,33.7,PHO,home,IND,12.0,1,29.0,0,5,.000,0,3,.000,4,4,1.000,2,2,4,5,3,0,0,1,4,8.6
Shey Peddy,2022,19,2022-06-29,33.7,PHO,home,IND,21.0,1,31.3,6,10,.600,0,1,.000,1,1,1.000,0,1,1,6,0,0,2,0,13,10.9
Shey Peddy,2022,20,2022-07-02,33.7,PHO,away,CHI,-16.0,1,30.7,1,6,.167,0,3,.000,1,2,.500,1,0,1,6,1,0,3,3,3,0.5
Shey Peddy,2022,21,2022-07-04,33.7,PHO,away,LAS,-3.0,1,32.2,4,7,.571,2,3,.667,0,0,,0,6,6,3,4,0,3,2,10,10.8
Shey Peddy,2022,22,2022-07-07,33.7,PHO,home,NYL,3.0,1,33.5,4,9,.444,1,4,.250,4,5,.800,0,2,2,2,4,1,0,2,13,13.8
Shey Peddy,2022,23,2022-07-12,33.7,PHO,away,MIN,-11.0,1,30.8,2,13,.154,1,6,.167,2,2,1.000,7,3,10,4,2,0,0,4,7,7.7
Shey Peddy,2022,24,2022-07-14,33.7,PHO,home,WAS,5.0,1,35.7,4,11,.364,0,2,.000,4,6,.667,2,2,4,1,3,0,3,3,12,6.6
Shey Peddy,2022,25,2022-07-17,33.7,PHO,home,ATL,-10.0,1,37.8,6,11,.545,3,8,.375,1,1,1.000,2,4,6,5,1,0,2,1,16,15.4
Shey Peddy,2022,26,2022-07-22,33.7,PHO,home,SEA,16.0,1,36.4,2,11,.182,0,5,.000,4,4,1.000,4,3,7,1,1,1,2,0,8,5.2
Shey Peddy,2022,27,2022-07-28,33.7,PHO,home,LAS,10.0,1,32.9,5,8,.625,1,2,.500,1,1,1.000,1,3,4,4,3,0,5,1,12,10.4
Shey Peddy,2022,28,2022-07-31,33.8,PHO,away,NYL,-20.0,1,33.9,4,10,.400,0,3,.000,5,5,1.000,3,9,12,3,1,0,2,2,13,12.7
Shey Peddy,2022,29,2022-08-02,33.8,PHO,away,CON,-24.0,1,30.7,4,9,.444,1,4,.250,0,0,,1,3,4,4,1,0,0,1,9,9.3
Shey Peddy,2022,30,2022-08-04,33.8,PHO,away,CON,-13.0,1,37.1,4,14,.286,3,9,.333,2,2,1.000,2,2,4,4,1,0,3,2,13,6.8
Shey Peddy,2022,31,2022-08-06,33.8,PHO,home,NYL,14.0,1,35.1,7,17,.412,4,11,.364,2,2,1.000,2,5,7,3,0,0,1,2,20,14.1
Shey Peddy,2022,32,2022-08-10,33.8,PHO,home,MIN,-9.0,1,34.5,7,15,.467,5,10,.500,2,2,1.000,3,7,10,4,3,1,1,3,21,21.8
Shey Peddy,2022,33,2022-08-12,33.8,PHO,home,DAL,12.0,1,36.9,7,15,.467,4,8,.500,0,1,.000,4,1,5,8,2,0,4,1,18,16.2
Shey Peddy,2022,34,2022-08-14,33.8,PHO,home,CHI,-15.0,1,21.1,4,7,.571,0,1,.000,0,1,.000,0,0,0,3,0,0,2,2,8,3.6
Shey Peddy,2023,1,2023-06-02,34.6,PHO,home,LAS,-6.0,0,8.4,0,1,0.0,0,1,0.0,2,3,0.667,0,0,0,0,0,0,0,0,2,0.9
Shey Peddy,2023,2,2023-06-07,34.6,PHO,away,DAL,-5.0,0,14.8,4,6,0.667,1,3,0.333,1,1,1.0,1,1,2,2,2,0,0,2,10,11.0
Shey Peddy,2023,3,2023-06-09,34.6,PHO,away,DAL,-13.0,0,15.2,1,2,0.5,1,2,0.5,0,0,,0,0,0,1,1,0,0,2,3,2.9
Shey Peddy,2023,4,2023-06-13,34.6,PHO,home,SEA,-14.0,0,16.1,4,7,0.571,1,2,0.5,0,0,,0,2,2,7,1,0,1,0,9,11.2
Shey Peddy,2023,5,2023-06-16,34.6,PHO,away,WAS,-19.0,0,16.3,2,6,0.333,2,3,0.667,0,0,,0,0,0,3,0,0,0,0,6,4.7
Shey Peddy,2023,6,2023-06-18,34.6,PHO,away,NYL,-18.0,0,19.3,0,6,0.0,0,4,0.0,2,2,1.0,1,1,2,1,1,0,1,4,2,-2.1
Shey Peddy,2023,7,2023-07-01,34.7,PHO,home,MIN,-10.0,0,12.4,3,4,0.75,1,2,0.5,1,1,1.0,0,1,1,1,1,0,0,1,8,8.0
Shey Peddy,2023,8,2023-07-05,34.7,PHO,away,NYL,-4.0,0,11.3,1,4,0.25,0,2,0.0,0,0,,0,1,1,3,1,0,1,1,2,1.6
Shey Peddy,2023,9,2023-07-07,34.7,PHO,away,MIN,-11.0,0,18.1,1,6,0.167,1,3,0.333,2,2,1.0,1,2,3,1,0,0,0,3,5,2.0
Shey Peddy,2023,10,2023-07-11,34.7,PHO,away,LVA,-26.0,0,12.8,3,7,0.429,2,4,0.5,2,3,0.667,1,1,2,1,1,0,0,1,10,8.2
Shey Peddy,2023,11,2023-07-18,34.7,PHO,home,CON,6.0,0,18.8,1,2,0.5,1,2,0.5,0,0,,0,1,1,2,0,0,0,3,3,2.5
Shey Peddy,2023,12,2023-07-20,34.7,PHO,home,CHI,18.0,0,21.4,7,11,0.636,5,8,0.625,1,2,0.5,1,5,6,1,0,0,1,1,20,16.2
Shey Peddy,2023,13,2023-07-23,34.7,PHO,away,WAS,-15.0,0,18.1,0,2,0.0,0,1,0.0,1,2,0.5,0,1,1,0,2,0,1,1,1,0.1
Shey Peddy,2023,14,2023-07-25,34.7,PHO,away,ATL,-13.0,0,21.3,0,4,0.0,0,3,0.0,1,1,1.0,1,2,3,2,0,0,2,3,1,-2.3
Shey Peddy,2023,15,2023-07-30,34.8,PHO,away,CHI,-19.0,0,11.2,0,1,0.0,0,1,0.0,0,0,,0,1,1,2,0,0,1,1,0,-0.4
Shey Peddy,2023,16,2023-08-01,34.8,PHO,away,IND,-1.0,0,21.4,3,8,0.375,1,3,0.333,0,0,,1,2,3,3,2,0,0,3,7,6.8
Shey Peddy,2023,17,2023-08-03,34.8,PHO,home,ATL,20.0,0,22.4,1,6,0.167,0,2,0.0,3,3,1.0,0,4,4,3,3,1,2,3,5,5.0
Shey Peddy,2023,18,2023-08-05,34.8,PHO,home,SEA,-6.0,0,6.3,0,1,0.0,0,0,,0,0,,0,1,1,0,0,0,0,1,0,-0.8
Allie Quigley,2020,1,2020-07-26,34.1,CHI,home,LVA,2.0,1,25.3,4,12,.333,2,6,.333,0,0,,0,2,2,4,1,0,2,0,10,5.6
Allie Quigley,2020,2,2020-07-28,34.1,CHI,home,LAS,18.0,1,24.0,5,10,.500,1,3,.333,0,0,,0,4,4,1,0,0,1,2,11,6.1
Allie Quigley,2020,3,2020-07-30,34.1,CHI,home,MIN,-2.0,1,20.5,4,11,.364,1,8,.125,2,2,1.000,0,2,2,3,1,0,1,1,11,7.2
Allie Quigley,2020,4,2020-08-01,34.1,CHI,home,WAS,2.0,1,29.6,6,13,.462,3,6,.500,0,0,,0,4,4,4,0,1,2,1,15,10.6
Allie Quigley,2020,5,2020-08-04,34.1,CHI,home,DAL,3.0,1,26.1,6,11,.545,3,5,.600,0,0,,0,4,4,1,1,0,1,1,15,11.2
Allie Quigley,2020,6,2020-08-06,34.1,CHI,home,PHO,-10.0,1,26.0,5,16,.313,3,9,.333,0,0,,2,1,3,3,1,0,0,2,13,7.8
Allie Quigley,2020,7,2020-08-08,34.1,CHI,home,CON,7.0,1,30.1,8,12,.667,3,4,.750,3,5,.600,1,2,3,2,2,0,2,2,22,17.9
Allie Quigley,2020,8,2020-08-10,34.1,CHI,home,SEA,-18.0,1,32.5,5,8,.625,3,5,.600,0,0,,0,4,4,2,1,0,2,0,13,11.0
Allie Quigley,2020,9,2020-08-12,34.1,CHI,home,PHO,18.0,1,25.0,8,17,.471,0,3,.000,4,4,1.000,0,2,2,3,0,0,1,1,20,12.6
Allie Quigley,2020,10,2020-08-14,34.2,CHI,home,CON,-3.0,1,33.9,6,12,.500,1,5,.200,3,3,1.000,0,3,3,0,1,0,1,1,16,10.5
Allie Quigley,2020,11,2020-08-16,34.2,CHI,home,ATL,25.0,1,21.1,6,9,.667,2,4,.500,0,0,,0,3,3,2,0,0,2,3,14,9.2
Allie Quigley,2020,12,2020-08-18,34.2,CHI,home,LVA,2.0,1,25.2,3,8,.375,1,4,.250,0,0,,0,3,3,4,1,2,1,1,7,7.3
Allie Quigley,2020,13,2020-08-20,34.2,CHI,home,NYL,16.0,1,27.3,7,14,.500,3,7,.429,2,2,1.000,0,5,5,5,1,0,0,2,19,17.2
Allie Quigley,2020,14,2020-08-22,34.2,CHI,home,IND,11.0,1,35.5,6,13,.462,1,3,.333,2,2,1.000,1,0,1,2,1,0,3,1,15,8.0
Allie Quigley,2020,15,2020-08-25,34.2,CHI,home,NYL,-2.0,1,34.3,9,22,.409,4,11,.364,7,7,1.000,0,3,3,0,1,0,1,1,29,17.7
Allie Quigley,2020,16,2020-08-29,34.2,CHI,home,SEA,-14.0,1,27.4,4,8,.500,1,4,.250,2,2,1.000,1,2,3,1,1,0,0,1,11,9.6
Allie Quigley,2020,17,2020-08-31,34.2,CHI,home,IND,23.0,1,26.4,7,14,.500,4,7,.571,1,1,1.000,0,2,2,2,0,0,2,2,19,11.2
Allie Quigley,2020,18,2020-09-02,34.2,CHI,home,MIN,-3.0,1,37.1,9,18,.500,2,10,.200,3,3,1.000,0,3,3,2,1,1,2,3,23,14.8
Allie Quigley,2020,19,2020-09-04,34.2,CHI,home,WAS,-10.0,1,27.7,4,14,.286,2,10,.200,2,2,1.000,0,2,2,2,0,0,0,2,12,5.0
Allie Quigley,2020,20,2020-09-06,34.2,CHI,home,LAS,-6.0,1,37.5,8,23,.348,5,13,.385,1,2,.500,1,2,3,2,0,2,1,1,22,11.4
Allie Quigley,2020,21,2020-09-09,34.2,CHI,home,ATL,-8.0,1,31.0,7,19,.368,1,6,.167,2,2,1.000,0,2,2,5,0,0,1,1,17,9.2
Allie Quigley,2020,22,2020-09-11,34.2,CHI,home,DAL,7.0,1,27.1,2,4,.500,0,0,,0,0,,0,2,2,2,0,0,2,2,4,1.2
Allie Quigley,2021,1,2021-05-15,34.9,CHI,away,WAS,14.0,0,23.1,2,9,.222,1,3,.333,2,2,1.000,1,1,2,3,0,0,1,0,7,3.6
Allie Quigley,2021,2,2021-06-03,35.0,CHI,away,PHO,-3.0,0,18.8,3,9,.333,2,4,.500,0,0,,1,1,2,3,0,0,0,1,8,5.6
Allie Quigley,2021,3,2021-06-05,35.0,CHI,away,LAS,-5.0,1,22.9,2,9,.222,1,5,.200,3,4,.750,0,1,1,1,3,1,3,4,8,2.2
Allie Quigley,2021,4,2021-06-09,35.0,CHI,home,IND,16.0,0,26.1,4,8,.500,2,2,1.000,0,0,,1,3,4,3,0,1,0,1,10,10.0
Allie Quigley,2021,5,2021-06-12,35.0,CHI,away,IND,4.0,0,21.5,5,9,.556,2,3,.667,4,5,.800,0,2,2,1,0,0,0,3,16,11.4
Allie Quigley,2021,6,2021-06-15,35.0,CHI,away,MIN,16.0,0,23.8,8,12,.667,3,3,1.000,4,4,1.000,1,1,2,4,2,1,0,1,23,23.9
Allie Quigley,2021,7,2021-06-17,35.0,CHI,home,CON,6.0,0,17.7,2,5,.400,0,2,.000,7,7,1.000,1,0,1,0,1,0,2,1,11,7.6
Allie Quigley,2021,8,2021-06-19,35.0,CHI,home,CON,10.0,0,24.5,6,13,.462,1,4,.250,0,0,,0,0,0,3,0,0,1,0,13,7.4
Allie Quigley,2021,9,2021-06-22,35.0,CHI,away,NYL,20.0,0,21.4,5,12,.417,1,4,.250,3,3,1.000,0,0,0,2,0,0,0,1,14,8.6
Allie Quigley,2021,10,2021-06-24,35.0,CHI,away,NYL,23.0,0,23.2,5,13,.385,3,7,.429,0,0,,1,0,1,0,0,0,0,4,13,5.0
Allie Quigley,2021,11,2021-06-27,35.0,CHI,away,CON,-16.0,0,21.6,4,8,.500,1,3,.333,2,2,1.000,1,0,1,0,2,1,4,2,11,5.6
Allie Quigley,2021,12,2021-06-30,35.0,CHI,away,DAL,10.0,0,18.6,4,10,.400,2,6,.333,0,0,,0,2,2,3,1,0,1,1,10,6.9
Allie Quigley,2021,13,2021-07-02,35.0,CHI,away,DAL,-9.0,0,14.2,3,7,.429,1,5,.200,3,3,1.000,0,1,1,2,0,0,0,2,10,7.2
Allie Quigley,2021,14,2021-07-10,35.1,CHI,home,WAS,-4.0,0,27.8,6,12,.500,4,8,.500,0,0,,0,2,2,3,0,1,1,0,16,12.4
Allie Quigley,2021,15,2021-08-15,35.2,CHI,home,SEA,2.0,0,30.6,6,16,.375,5,12,.417,0,0,,1,7,8,4,1,0,2,1,17,12.4
Allie Quigley,2021,16,2021-08-17,35.2,CHI,home,DAL,-4.0,0,25.9,9,16,.563,7,9,.778,2,2,1.000,0,1,1,3,1,0,2,2,27,20.0
Allie Quigley,2021,17,2021-08-21,35.2,CHI,home,MIN,-6.0,1,34.8,10,16,.625,4,6,.667,3,3,1.000,1,4,5,3,1,0,0,2,27,24.0
Allie Quigley,2021,18,2021-08-24,35.2,CHI,away,ATL,7.0,1,35.2,8,11,.727,3,3,1.000,2,2,1.000,1,6,7,3,0,0,2,1,21,18.7
Allie Quigley,2021,19,2021-08-27,35.2,CHI,away,SEA,4.0,1,34.0,2,9,.222,2,6,.333,0,0,,1,3,4,3,0,0,3,1,6,0.8
Allie Quigley,2021,20,2021-08-29,35.2,CHI,away,SEA,32.0,1,25.5,1,5,.200,1,1,1.000,2,2,1.000,2,5,7,3,0,0,1,1,5,5.5
Allie Quigley,2021,21,2021-08-31,35.2,CHI,away,PHO,-20.0,1,27.2,4,13,.308,0,4,.000,0,0,,1,0,1,1,0,0,1,1,8,0.5
Allie Quigley,2021,22,2021-09-02,35.2,CHI,away,LVA,-7.0,1,26.8,2,8,.250,0,3,.000,2,2,1.000,1,3,4,3,0,1,2,3,6,2.4
Allie Quigley,2021,23,2021-09-05,35.2,CHI,home,LVA,8.0,1,28.4,8,13,.615,4,5,.800,2,2,1.000,0,3,3,4,1,1,0,2,22,20.7
Allie Quigley,2021,24,2021-09-12,35.2,CHI,home,WAS,-8.0,1,22.2,5,8,.625,0,3,.000,5,5,1.000,0,0,0,3,0,0,3,2,15,9.7
Allie Quigley,2021,25,2021-09-17,35.2,CHI,home,LVA,-33.0,1,18.7,2,7,.286,0,1,.000,0,0,,0,0,0,1,0,0,0,0,4,0.6
Allie Quigley,2021,26,2021-09-19,35.2,CHI,home,IND,11.0,1,20.7,5,12,.417,4,7,.571,1,1,1.000,2,6,8,1,0,0,1,0,15,11.5
Allie Quigley,2022,1,2022-05-14,35.9,CHI,away,MIN,4.0,1,20.6,3,8,.375,1,4,.250,0,0,,1,0,1,4,0,0,1,0,7,5.1
Allie Quigley,2022,2,2022-05-18,35.9,CHI,away,SEA,-3.0,1,23.0,3,8,.375,2,4,.500,0,0,,0,0,0,0,1,0,2,1,8,2.2
Allie Quigley,2022,3,2022-05-22,35.9,CHI,away,WAS,9.0,1,30.5,4,11,.364,0,3,.000,2,2,1.000,1,3,4,2,0,1,3,4,10,3.0
Allie Quigley,2022,4,2022-05-24,35.9,CHI,home,IND,5.0,1,29.0,4,9,.444,0,3,.000,4,5,.800,1,2,3,2,1,0,1,2,12,8.8
Allie Quigley,2022,5,2022-05-28,35.9,CHI,home,LVA,-7.0,1,22.8,1,10,.100,0,4,.000,6,6,1.000,1,3,4,2,0,0,1,3,8,2.2
Allie Quigley,2022,6,2022-05-31,35.9,CHI,home,PHO,3.0,1,24.4,2,7,.286,1,3,.333,2,2,1.000,0,4,4,1,0,1,2,0,7,3.5
Allie Quigley,2022,7,2022-06-03,36.0,CHI,away,ATL,8.0,1,21.0,0,4,.000,0,2,.000,3,3,1.000,0,4,4,4,0,2,1,0,3,4.6
Allie Quigley,2022,8,2022-06-05,36.0,CHI,home,WAS,9.0,1,24.0,3,5,.600,2,4,.500,0,0,,0,1,1,1,0,0,0,2,8,5.9
Allie Quigley,2022,9,2022-06-08,36.0,CHI,away,WAS,-2.0,1,24.5,3,9,.333,2,5,.400,3,3,1.000,1,0,1,2,3,0,1,1,11,9.6
Allie Quigley,2022,10,2022-06-10,36.0,CHI,away,CON,4.0,1,32.7,2,4,.500,1,3,.333,2,3,.667,0,4,4,6,0,0,0,1,7,9.6
Allie Quigley,2022,11,2022-06-12,36.0,CHI,away,NYL,2.0,1,32.9,6,15,.400,2,6,.333,2,2,1.000,2,1,3,4,1,0,2,2,16,10.6
Allie Quigley,2022,12,2022-06-17,36.0,CHI,home,ATL,6.0,1,22.8,5,8,.625,3,5,.600,4,4,1.000,1,0,1,0,1,0,2,2,17,12.3
Allie Quigley,2022,13,2022-06-19,36.0,CHI,away,IND,-2.0,1,25.8,2,6,.333,2,5,.400,2,2,1.000,0,1,1,2,1,0,1,2,8,5.5
Allie Quigley,2022,14,2022-06-21,36.0,CHI,away,LVA,9.0,1,34.7,5,8,.625,2,5,.400,1,1,1.000,0,2,2,7,0,0,1,1,13,13.5
Allie Quigley,2022,15,2022-06-23,36.0,CHI,away,LAS,23.0,1,21.4,3,6,.500,1,1,1.000,0,0,,0,3,3,2,0,0,2,1,7,3.9
Allie Quigley,2022,16,2022-06-26,36.0,CHI,home,MIN,3.0,1,30.4,3,6,.500,0,1,.000,5,5,1.000,0,0,0,7,1,0,1,2,11,12.1
Allie Quigley,2022,17,2022-06-29,36.0,CHI,home,CON,8.0,1,30.6,6,10,.600,1,5,.200,0,0,,1,4,5,4,2,0,3,1,13,11.7
Allie Quigley,2022,18,2022-07-02,36.0,CHI,home,PHO,16.0,1,26.6,6,10,.600,3,5,.600,4,5,.800,0,5,5,1,0,0,1,1,19,14.8
Allie Quigley,2022,19,2022-07-06,36.0,CHI,away,MIN,-3.0,1,27.9,7,18,.389,4,11,.364,0,0,,2,5,7,3,1,0,2,3,18,11.0
Allie Quigley,2022,20,2022-07-07,36.0,CHI,away,IND,9.0,1,19.6,5,7,.714,1,3,.333,2,2,1.000,0,2,2,4,0,0,0,1,13,13.1
Allie Quigley,2022,21,2022-07-12,36.1,CHI,home,ATL,15.0,1,29.8,2,6,.333,0,1,.000,5,6,.833,1,4,5,4,1,0,2,3,9,7.7
Allie Quigley,2022,22,2022-07-14,36.1,CHI,away,LAS,12.0,1,17.6,4,9,.444,3,6,.500,0,0,,0,2,2,1,0,0,2,1,11,5.2
Allie Quigley,2022,23,2022-07-16,36.1,CHI,away,DAL,8.0,1,30.8,4,10,.400,1,4,.250,7,7,1.000,0,2,2,5,1,1,1,3,16,14.2
Allie Quigley,2022,24,2022-07-20,36.1,CHI,home,SEA,4.0,1,31.9,6,10,.600,3,5,.600,3,3,1.000,2,2,4,3,1,0,4,4,18,12.9
Allie Quigley,2022,25,2022-07-22,36.1,CHI,home,DAL,6.0,1,31.1,5,11,.455,0,3,.000,0,0,,0,3,3,5,1,0,0,1,10,9.3
Allie Quigley,2022,26,2022-07-23,36.1,CHI,away,NYL,-3.0,1,22.6,1,10,.100,0,4,.000,0,0,,1,1,2,2,0,0,1,0,2,-3.2
Allie Quigley,2022,27,2022-07-29,36.1,CHI,home,NYL,8.0,1,27.8,4,12,.333,2,4,.500,6,6,1.000,1,1,2,0,2,0,3,0,16,9.2
Allie Quigley,2022,28,2022-07-31,36.1,CHI,away,CON,3.0,1,24.2,4,8,.500,2,3,.667,3,3,1.000,0,1,1,5,2,0,1,0,13,13.8
Allie Quigley,2022,29,2022-08-02,36.1,CHI,home,DAL,-6.0,1,28.5,4,14,.286,2,8,.250,4,4,1.000,0,0,0,2,0,0,2,2,14,4.4
Allie Quigley,2022,30,2022-08-05,36.1,CHI,home,WAS,10.0,1,26.8,7,11,.636,2,3,.667,2,2,1.000,0,3,3,1,2,0,0,2,18,15.9
Allie Quigley,2022,31,2022-08-07,36.1,CHI,home,CON,3.0,1,30.1,6,10,.600,1,3,.333,2,2,1.000,0,2,2,4,1,2,2,2,15,13.4
Allie Quigley,2022,32,2022-08-09,36.1,CHI,home,SEA,-11.0,1,25.9,4,10,.400,2,4,.500,0,0,,2,1,3,3,1,0,0,0,10,9.4
Allie Quigley,2022,33,2022-08-11,36.1,CHI,away,LVA,-11.0,1,22.5,1,7,.143,0,5,.000,2,2,1.000,0,2,2,3,0,0,0,2,4,1.4
Allie Quigley,2022,34,2022-08-14,36.2,CHI,away,PHO,15.0,1,19.7,5,7,.714,4,6,.667,0,0,,0,0,0,1,0,0,0,0,14,11.8
Bria Hartley,2020,1,2020-07-25,27.8,PHO,home,LAS,-23.0,0,28.8,2,11,0.182,2,7,0.286,5,7,0.714,0,5,5,5,2,0,5,2,11,4.5
Bria Hartley,2020,2,2020-07-29,27.8,PHO,home,IND,-6.0,0,25.4,9,15,0.6,4,6,0.667,4,8,0.5,0,3,3,5,2,0,1,1,26,22.5
Bria Hartley,2020,3,2020-07-31,27.8,PHO,home,LVA,7.0,0,23.0,5,11,0.455,3,6,0.5,2,2,1.0,0,5,5,1,0,0,4,5,15,5.5
Bria Hartley,2020,4,2020-08-02,27.8,PHO,home,NYL,29.0,0,25.6,10,18,0.556,3,8,0.375,4,4,1.0,2,3,5,4,2,0,1,0,27,24.5
Bria Hartley,2020,5,2020-08-04,27.8,PHO,home,ATL,7.0,0,26.9,4,15,0.267,1,4,0.25,3,4,0.75,1,1,2,5,1,0,1,3,12,6.0
Bria Hartley,2020,6,2020-08-10,27.9,PHO,home,DAL,12.0,0,23.1,4,10,0.4,1,6,0.167,0,0,,0,1,1,6,2,0,1,2,9,8.3
Bria Hartley,2020,7,2020-08-12,27.9,PHO,home,CHI,-18.0,0,24.6,6,18,0.333,1,4,0.25,0,0,,0,1,1,2,2,0,1,1,13,5.1
Bria Hartley,2020,8,2020-08-14,27.9,PHO,home,ATL,16.0,0,23.6,6,12,0.5,4,7,0.571,8,8,1.0,0,4,4,5,0,0,3,4,24,18.1
Bria Hartley,2020,9,2020-08-16,27.9,PHO,home,DAL,-6.0,0,25.5,1,7,0.143,1,3,0.333,0,0,,0,2,2,6,0,0,1,4,3,0.7
Bria Hartley,2020,10,2020-08-19,27.9,PHO,home,LAS,-9.0,0,24.2,4,9,0.444,2,5,0.4,0,0,,0,3,3,9,2,0,3,3,10,10.3
Bria Hartley,2020,11,2020-08-21,27.9,PHO,home,MIN,-10.0,1,31.6,8,16,0.5,2,6,0.333,6,7,0.857,1,3,4,5,1,0,4,4,24,16.1
Bria Hartley,2020,12,2020-08-23,27.9,PHO,home,WAS,1.0,1,32.1,5,13,0.385,0,2,0.0,1,1,1.0,1,1,2,5,1,0,1,4,11,6.8
Bria Hartley,2020,13,2020-08-28,27.9,PHO,home,WAS,22.0,1,7.6,2,2,1.0,1,1,1.0,0,0,,0,1,1,0,0,0,1,0,5,3.7
Bria Hartley,2021,1,2021-09-04,28.9,PHO,away,IND,22.0,0,8.4,1,3,0.333,1,2,0.5,0,0,,0,0,0,0,0,0,1,0,3,0.3
Bria Hartley,2021,2,2021-09-06,28.9,PHO,away,IND,5.0,0,4.3,0,0,,0,0,,0,0,,0,0,0,1,0,0,0,0,0,0.7
Bria Hartley,2021,3,2021-09-08,28.9,PHO,away,ATL,1.0,0,9.7,4,5,0.8,1,1,1.0,0,0,,0,0,0,0,1,0,3,0,9,5.1
Bria Hartley,2021,4,2021-09-11,28.9,PHO,home,CON,-9.0,0,7.3,0,1,0.0,0,1,0.0,0,0,,0,1,1,1,0,0,0,1,0,-0.1
Bria Hartley,2021,5,2021-09-17,29.0,PHO,away,SEA,-9.0,0,2.3,0,0,,0,0,,0,0,,0,0,0,0,0,0,0,0,0,0.0
Bria Hartley,2021,6,2021-09-19,29.0,PHO,home,LVA,-1.0,0,19.0,4,7,0.571,2,3,0.667,0,0,,2,1,3,3,0,0,1,0,10,9.5
Bria Hartley,2022,1,2022-06-01,29.7,IND,away,NYL,-13.0,0,15.0,4,7,0.571,2,2,1.0,0,0,,1,1,2,2,1,0,0,0,10,10.1
Bria Hartley,2022,2,2022-06-05,29.7,IND,away,ATL,-9.0,0,3.8,0,0,,0,0,,0,0,,0,0,0,1,0,0,2,0,0,-1.3
Bria Hartley,2022,3,2022-06-08,29.7,IND,away,CON,-19.0,0,11.4,2,5,0.4,0,1,0.0,0,0,,0,1,1,2,0,0,2,0,4,1.0
Bria Hartley,2022,4,2022-06-10,29.7,IND,home,NYL,-14.0,0,9.1,0,2,0.0,0,0,,3,4,0.75,0,0,0,0,0,0,0,1,3,0.8
Bria Hartley,2022,5,2022-06-12,29.7,IND,away,MIN,4.0,0,2.5,0,1,0.0,0,1,0.0,0,0,,0,0,0,0,0,0,0,1,0,-1.1
Bria Hartley,2022,6,2022-06-23,29.7,IND,away,DAL,-26.0,0,6.3,2,3,0.667,1,2,0.5,0,0,,0,0,0,0,0,0,1,0,5,2.7
Bria Hartley,2022,7,2022-06-29,29.7,IND,away,PHO,-21.0,0,6.3,0,0,,0,0,,1,2,0.5,0,1,1,1,0,0,1,1,1,0.2
Bria Hartley,2022,8,2022-07-01,29.8,IND,away,SEA,-16.0,0,9.9,0,1,0.0,0,1,0.0,0,0,,0,1,1,2,0,0,0,1,0,0.6
Bria Hartley,2022,9,2022-07-05,29.8,IND,home,SEA,-22.0,0,17.6,1,6,0.167,0,2,0.0,0,0,,0,3,3,1,0,0,3,1,2,-3.6
Bria Hartley,2022,10,2022-07-07,29.8,IND,home,CHI,-9.0,0,5.0,0,1,0.0,0,0,,0,0,,0,2,2,1,0,0,0,0,0,0.6
Bria Hartley,2022,11,2022-07-19,29.8,CON,home,NYL,19.0,0,12.1,0,2,0.0,0,0,,0,0,,0,1,1,2,1,0,1,0,0,0.3
Bria Hartley,2022,12,2022-07-22,29.8,CON,away,MIN,10.0,0,18.6,4,7,0.571,3,6,0.5,0,0,,0,0,0,2,2,0,0,2,11,10.3
Bria Hartley,2022,13,2022-07-24,29.8,CON,away,MIN,7.0,0,5.6,1,2,0.5,1,2,0.5,0,0,,0,1,1,0,0,0,0,0,3,2.3
Destanni Henderson,2022,1,2022-05-06,23.3,IND,away,WAS,-14.0,1,17.2,2,6,.333,0,1,.000,0,0,,1,1,2,5,0,0,0,0,4,5.1
Destanni Henderson,2022,2,2022-05-08,23.3,IND,home,LAS,-10.0,1,30.3,6,13,.462,3,4,.750,4,6,.667,3,0,3,3,2,0,4,3,19,12.5
Destanni Henderson,2022,3,2022-05-10,23.3,IND,home,MIN,6.0,1,19.1,3,6,.500,0,0,,2,2,1.000,0,0,0,5,1,0,0,1,8,9.1
Destanni Henderson,2022,4,2022-05-13,23.3,IND,away,NYL,6.0,0,9.4,1,2,.500,0,0,,0,2,.000,1,0,1,1,0,0,1,1,2,0.2
Destanni Henderson,2022,5,2022-05-15,23.3,IND,home,ATL,-6.0,0,11.7,1,5,.200,1,2,.500,0,0,,1,0,1,3,1,0,0,1,3,3.3
Destanni Henderson,2022,6,2022-05-17,23.3,IND,home,ATL,-22.0,0,16.9,3,6,.500,3,4,.750,0,0,,1,0,1,2,0,0,1,0,9,7.1
Destanni Henderson,2022,7,2022-05-20,23.3,IND,away,CON,-9.0,0,11.5,3,4,.750,0,0,,1,1,1.000,0,1,1,1,1,0,2,0,7,5.4
Destanni Henderson,2022,8,2022-05-22,23.3,IND,home,CON,-22.0,0,20.6,1,3,.333,0,0,,4,4,1.000,1,1,2,4,0,0,1,1,6,6.7
Destanni Henderson,2022,9,2022-05-24,23.3,IND,away,CHI,-5.0,0,25.7,4,15,.267,3,6,.500,2,2,1.000,3,0,3,3,4,1,0,5,13,11.0
Destanni Henderson,2022,10,2022-05-27,23.3,IND,home,LAS,5.0,0,12.7,2,3,.667,1,2,.500,0,0,,0,1,1,3,0,0,1,3,5,3.9
Destanni Henderson,2022,11,2022-05-31,23.3,IND,home,WAS,-12.0,0,23.4,4,10,.400,1,3,.333,0,0,,3,1,4,2,1,0,3,0,9,5.4
Destanni Henderson,2022,12,2022-06-01,23.3,IND,away,NYL,-13.0,0,11.0,1,2,.500,1,2,.500,0,0,,1,0,1,0,0,0,1,0,3,1.7
Destanni Henderson,2022,13,2022-06-05,23.3,IND,away,ATL,-9.0,0,18.4,2,6,.333,1,3,.333,0,1,.000,0,2,2,5,0,0,1,2,5,3.5
Destanni Henderson,2022,14,2022-06-08,23.3,IND,away,CON,-19.0,0,16.2,1,5,.200,1,3,.333,0,0,,1,1,2,2,1,0,1,0,3,2.3
Destanni Henderson,2022,15,2022-06-10,23.4,IND,home,NYL,-14.0,0,16.9,2,6,.333,0,2,.000,0,0,,0,1,1,2,0,0,0,1,4,1.9
Destanni Henderson,2022,16,2022-06-12,23.4,IND,away,MIN,4.0,0,7.5,1,3,.333,1,1,1.000,0,0,,1,0,1,1,0,0,1,0,3,1.7
Destanni Henderson,2022,17,2022-06-15,23.4,IND,home,PHO,-13.0,0,9.4,1,2,.500,1,2,.500,0,0,,0,1,1,1,2,0,3,0,3,2.0
Destanni Henderson,2022,18,2022-06-19,23.4,IND,home,CHI,2.0,0,22.4,0,4,.000,0,1,.000,1,2,.500,2,2,4,4,2,0,4,2,1,-0.2
Destanni Henderson,2022,19,2022-06-23,23.4,IND,away,DAL,-26.0,0,9.1,1,1,1.000,1,1,1.000,0,0,,0,1,1,2,1,0,0,0,3,5.4
Destanni Henderson,2022,20,2022-06-27,23.4,IND,away,PHO,-12.0,0,10.2,0,0,,0,0,,0,0,,0,1,1,1,0,0,0,1,0,0.6
Destanni Henderson,2022,21,2022-06-29,23.4,IND,away,PHO,-21.0,0,13.2,2,3,.667,1,2,.500,0,0,,0,1,1,3,0,0,2,0,5,4.1
Destanni Henderson,2022,22,2022-07-01,23.4,IND,away,SEA,-16.0,0,23.3,3,10,.300,1,6,.167,0,0,,0,2,2,0,1,0,1,1,7,1.4
Destanni Henderson,2022,23,2022-07-05,23.4,IND,home,SEA,-22.0,0,13.0,2,4,.500,0,0,,0,0,,1,0,1,1,0,0,1,1,4,2.0
Destanni Henderson,2022,24,2022-07-07,23.4,IND,home,CHI,-9.0,0,8.3,0,0,,0,0,,0,0,,0,1,1,0,0,0,1,0,0,-0.7
Destanni Henderson,2022,25,2022-07-13,23.4,IND,home,CON,-8.0,0,5.2,0,1,.000,0,1,.000,0,0,,1,0,1,1,1,0,2,0,0,-0.3
Destanni Henderson,2022,26,2022-07-15,23.4,IND,home,MIN,-10.0,0,18.8,3,5,.600,1,2,.500,0,0,,0,1,1,3,1,0,2,0,7,6.1
Destanni Henderson,2022,27,2022-07-17,23.5,IND,away,SEA,-16.0,0,13.3,2,4,.500,0,2,.000,1,2,.500,2,1,3,1,2,0,1,1,5,5.6
Destanni Henderson,2022,28,2022-07-19,23.5,IND,away,LAS,-7.0,0,8.1,1,1,1.000,0,0,,0,0,,0,2,2,1,1,0,3,0,2,1.0
Destanni Henderson,2022,29,2022-07-21,23.5,IND,away,LVA,-13.0,0,11.8,0,2,.000,0,2,.000,0,0,,0,1,1,4,0,0,2,0,0,-0.3
Destanni Henderson,2022,30,2022-07-24,23.5,IND,home,DAL,-10.0,0,9.1,0,2,.000,0,2,.000,0,0,,0,0,0,1,0,0,0,1,0,-1.1
Destanni Henderson,2022,31,2022-07-29,23.5,IND,home,LVA,-21.0,0,23.5,4,6,.667,4,6,.667,0,0,,1,2,3,4,1,0,2,0,12,12.5
Destanni Henderson,2022,32,2022-07-31,23.5,IND,home,LVA,-25.0,0,31.3,6,14,.429,0,4,.000,4,5,.800,1,1,2,4,0,0,4,2,16,7.2
Destanni Henderson,2022,33,2022-08-03,23.5,IND,away,ATL,-10.0,0,9.0,1,2,.500,0,1,.000,1,1,1.000,0,0,0,1,1,1,3,1,3,1.0
Destanni Henderson,2022,34,2022-08-06,23.5,IND,away,DAL,-4.0,0,27.4,6,12,.500,1,2,.500,3,4,.750,1,1,2,6,1,1,5,3,16,10.3
Destanni Henderson,2022,35,2022-08-12,23.5,IND,home,WAS,-12.0,1,30.2,0,5,.000,0,2,.000,0,0,,0,2,2,6,1,0,4,1,0,-2.1
Destanni Henderson,2022,36,2022-08-14,23.5,IND,away,WAS,-12.0,1,24.4,2,4,.500,0,2,.000,0,0,,1,1,2,3,1,0,3,0,4,3.1
Destanni Henderson,2023,1,2023-06-18,24.4,LAS,home,CON,-9.0,0,5.7,1,1,1.0,0,0,,0,0,,0,1,1,3,0,0,0,0,2,4.1
Destanni Henderson,2023,2,2023-06-20,24.4,LAS,home,MIN,-6.0,0,6.0,1,3,0.333,0,2,0.0,0,0,,0,0,0,0,1,0,1,0,2,0.3
Destanni Henderson,2023,3,2023-06-23,24.4,LAS,home,DAL,2.0,0,26.2,7,14,0.5,1,4,0.25,3,4,0.75,1,0,1,1,2,0,2,1,18,11.6
Destanni Henderson,2023,4,2023-06-25,24.4,LAS,home,DAL,10.0,0,17.8,3,6,0.5,1,3,0.333,2,2,1.0,0,2,2,3,0,1,3,2,9,5.6
Destanni Henderson,2023,5,2023-06-28,24.4,LAS,away,CHI,-17.0,0,10.7,0,2,0.0,0,2,0.0,0,0,,0,0,0,1,0,0,1,2,0,-2.5
Destanni Henderson,2023,6,2023-06-30,24.4,LAS,away,CHI,-8.0,0,24.4,1,6,0.167,0,2,0.0,4,8,0.5,0,0,0,3,1,0,0,2,6,2.9
Destanni Henderson,2023,7,2023-07-02,24.4,LAS,away,ATL,-28.0,1,36.5,1,7,0.143,0,4,0.0,0,0,,0,1,1,6,1,0,3,2,2,-0.8
Destanni Henderson,2023,8,2023-07-05,24.4,LAS,home,ATL,-11.0,0,10.4,0,1,0.0,0,1,0.0,0,0,,0,0,0,3,0,0,2,1,0,-1.0
Destanni Henderson,2023,9,2023-07-09,24.4,LAS,away,PHO,-6.0,0,17.8,1,3,0.333,0,1,0.0,2,2,1.0,1,1,2,2,1,0,1,3,4,3.5
Destanni Henderson,2023,10,2023-07-12,24.4,LAS,home,LVA,-19.0,0,13.3,2,4,0.5,0,0,,3,3,1.0,0,1,1,3,1,0,0,1,7,8.0
Destanni Henderson,2023,11,2023-08-08,24.5,PHO,home,WAS,19.0,0,16.1,1,5,0.2,1,3,0.333,0,0,,0,3,3,1,0,0,0,1,3,1.1
Destanni Henderson,2023,12,2023-08-10,24.5,PHO,home,CON,6.0,0,6.6,1,2,0.5,0,0,,2,2,1.0,1,0,1,1,0,0,1,1,4,3.0
Destanni Henderson,2023,13,2023-08-13,24.5,PHO,away,SEA,-10.0,0,3.3,0,1,0.0,0,1,0.0,0,0,,0,0,0,0,0,0,0,2,0,-1.5
Destanni Henderson,2023,14,2023-08-18,24.5,PHO,home,NYL,-22.0,0,3.9,0,2,0.0,0,1,0.0,0,0,,0,0,0,0,0,0,0,0,0,-1.4
Destanni Henderson,2023,15,2023-08-20,24.5,PHO,home,IND,-10.0,0,0.9,0,0,,0,0,,0,0,,0,0,0,0,0,0,0,0,0,0.0
Te'a Cooper,2020,1,2020-07-25,23.3,LAS,home,PHO,23.0,0,16.5,4,7,0.571,1,3,0.333,1,2,0.5,0,0,0,2,2,0,1,3,10,7.5
Te'a Cooper,2020,2,2020-07-30,23.3,LAS,home,CON,5.0,0,17.5,4,9,0.444,0,2,0.0,0,0,,0,1,1,2,0,0,0,4,8,3.4
Te'a Cooper,2020,3,2020-08-01,23.3,LAS,home,SEA,-6.0,0,16.0,1,3,0.333,0,2,0.0,2,2,1.0,0,0,0,2,0,0,0,1,4,3.3
Te'a Cooper,2020,4,2020-08-07,23.3,LAS,home,LVA,-4.0,0,12.2,1,3,0.333,0,1,0.0,0,0,,0,1,1,3,2,0,1,1,2,3.3
Te'a Cooper,2020,5,2020-08-09,23.3,LAS,home,MIN,16.0,0,13.5,2,4,0.5,0,1,0.0,0,0,,0,0,0,1,0,0,3,2,4,-1.1
Te'a Cooper,2020,6,2020-08-11,23.3,LAS,home,NYL,15.0,0,20.5,2,3,0.667,0,0,,0,0,,0,2,2,1,1,0,2,2,4,2.2
Te'a Cooper,2020,7,2020-08-13,23.3,LAS,home,WAS,17.0,0,18.6,5,6,0.833,0,0,,0,0,,0,1,1,3,1,0,2,2,10,8.4
Te'a Cooper,2020,8,2020-08-15,23.3,LAS,home,IND,14.0,0,18.7,4,8,0.5,1,1,1.0,5,6,0.833,0,1,1,2,1,0,0,3,14,11.1
Te'a Cooper,2020,9,2020-08-19,23.3,LAS,home,PHO,9.0,0,6.2,0,1,0.0,0,0,,0,0,,0,0,0,1,1,0,3,1,0,-2.4
Te'a Cooper,2020,10,2020-08-21,23.3,LAS,home,ATL,8.0,0,12.5,0,2,0.0,0,1,0.0,3,4,0.75,0,1,1,3,1,0,4,0,3,0.6
Te'a Cooper,2020,11,2020-08-23,23.4,LAS,home,DAL,3.0,0,20.1,2,6,0.333,1,2,0.5,1,2,0.5,0,0,0,2,0,0,0,3,6,2.4
Te'a Cooper,2020,12,2020-08-28,23.4,LAS,home,CON,4.0,0,20.7,4,9,0.444,2,4,0.5,4,5,0.8,1,5,6,2,1,0,6,5,14,5.5
Te'a Cooper,2020,13,2020-08-30,23.4,LAS,home,ATL,5.0,0,12.9,3,6,0.5,0,0,,1,2,0.5,0,1,1,0,1,0,1,1,7,3.5
Te'a Cooper,2020,14,2020-08-31,23.4,LAS,home,MIN,-18.0,0,23.4,4,10,0.4,1,3,0.333,3,5,0.6,0,1,1,3,1,0,1,1,12,7.8
Te'a Cooper,2020,15,2020-09-02,23.4,LAS,home,DAL,8.0,0,7.6,0,1,0.0,0,0,,1,1,1.0,0,0,0,1,1,0,2,1,1,-0.4
Te'a Cooper,2020,16,2020-09-04,23.4,LAS,home,SEA,-1.0,0,12.6,2,3,0.667,0,1,0.0,2,2,1.0,0,1,1,1,0,0,0,1,6,5.3
Te'a Cooper,2020,17,2020-09-06,23.4,LAS,home,CHI,6.0,0,20.4,3,7,0.429,0,1,0.0,3,3,1.0,0,1,1,4,0,0,0,1,9,8.0
Te'a Cooper,2020,18,2020-09-08,23.4,LAS,home,NYL,26.0,1,32.0,6,11,0.545,3,4,0.75,0,0,,0,0,0,3,0,0,1,4,15,9.2
Te'a Cooper,2020,19,2020-09-10,23.4,LAS,home,WAS,-8.0,1,21.0,3,7,0.429,1,1,1.0,0,0,,0,1,1,1,0,0,2,2,7,1.5
Te'a Cooper,2020,20,2020-09-12,23.4,LAS,home,LVA,-14.0,1,21.9,1,7,0.143,1,5,0.2,0,0,,1,1,2,3,0,0,0,1,3,1.2
Te'a Cooper,2021,1,2021-05-14,24.1,LAS,home,DAL,-23.0,0,17.5,1,10,.100,1,3,.333,1,2,.500,0,2,2,1,2,0,1,2,4,-1.5
Te'a Cooper,2021,2,2021-05-21,24.1,LAS,away,LVA,-28.0,0,21.2,2,5,.400,2,3,.667,2,2,1.000,0,1,1,1,1,0,2,3,8,4.1
Te'a Cooper,2021,3,2021-05-28,24.1,LAS,away,CHI,15.0,0,13.7,2,9,.222,0,3,.000,1,2,.500,0,0,0,0,0,0,1,4,5,-3.5
Te'a Cooper,2021,4,2021-05-30,24.1,LAS,away,CHI,3.0,0,10.2,0,6,.000,0,0,,0,0,,0,3,3,1,1,0,3,0,0,-4.6
Te'a Cooper,2021,5,2021-06-01,24.1,LAS,away,DAL,-10.0,1,32.8,4,12,.333,0,3,.000,4,4,1.000,0,3,3,4,1,0,0,3,12,8.7
Te'a Cooper,2021,6,2021-06-03,24.1,LAS,home,IND,35.0,1,17.2,5,8,.625,1,2,.500,4,5,.800,0,1,1,0,0,0,1,3,15,9.1
Te'a Cooper,2021,7,2021-06-05,24.1,LAS,home,CHI,5.0,1,32.4,4,9,.444,1,4,.250,4,6,.667,0,2,2,0,0,0,2,3,13,4.9
Te'a Cooper,2021,8,2021-06-10,24.2,LAS,away,WAS,-18.0,1,21.6,3,14,.214,0,2,.000,5,6,.833,1,2,3,2,2,1,2,2,11,4.6
Te'a Cooper,2021,9,2021-06-12,24.2,LAS,away,MIN,-16.0,1,31.4,6,10,.600,2,3,.667,3,3,1.000,0,1,1,2,2,2,4,2,17,12.7
Te'a Cooper,2021,10,2021-06-18,24.2,LAS,home,PHO,-14.0,0,13.7,0,3,.000,0,1,.000,0,0,,0,2,2,1,1,0,1,1,0,-1.2
Te'a Cooper,2021,11,2021-06-20,24.2,LAS,home,NYL,-3.0,0,14.9,1,3,.333,0,0,,1,2,.500,0,1,1,1,0,0,1,1,3,0.5
Te'a Cooper,2021,12,2021-06-24,24.2,LAS,home,WAS,7.0,0,26.9,10,15,.667,1,1,1.000,5,6,.833,0,3,3,4,2,0,0,2,26,24.0
Te'a Cooper,2021,13,2021-06-27,24.2,LAS,away,PHO,-9.0,1,31.0,8,14,.571,2,4,.500,2,2,1.000,0,1,1,2,1,0,3,3,20,11.9
Te'a Cooper,2021,14,2021-06-30,24.2,LAS,home,LVA,-24.0,1,24.6,4,14,.286,1,3,.333,6,10,.600,2,4,6,3,0,0,2,2,15,7.1
Te'a Cooper,2021,15,2021-07-02,24.2,LAS,home,LVA,-8.0,1,34.0,5,11,.455,2,5,.400,0,0,,0,4,4,1,2,0,3,3,12,6.0
Te'a Cooper,2021,16,2021-07-04,24.2,LAS,home,SEA,-10.0,0,16.9,1,5,.200,1,2,.500,0,0,,0,1,1,1,0,0,3,0,3,-2.1
Te'a Cooper,2021,17,2021-07-07,24.2,LAS,away,SEA,-9.0,0,16.4,0,4,.000,0,1,.000,2,2,1.000,0,2,2,1,1,1,2,2,2,-0.6
Te'a Cooper,2021,18,2021-07-11,24.2,LAS,home,MIN,-25.0,0,16.2,0,5,.000,0,1,.000,0,0,,0,1,1,1,1,0,2,1,0,-3.9
Te'a Cooper,2021,19,2021-08-15,24.3,LAS,home,IND,5.0,0,15.5,4,5,.800,1,1,1.000,0,0,,0,3,3,1,1,0,2,2,9,6.9
Te'a Cooper,2021,20,2021-08-17,24.3,LAS,home,ATL,5.0,0,13.3,0,5,.000,0,3,.000,0,0,,0,0,0,1,1,0,1,3,0,-4.0
Te'a Cooper,2021,21,2021-08-19,24.3,LAS,home,ATL,2.0,0,13.1,2,5,.400,0,1,.000,3,4,.750,0,0,0,2,0,0,1,2,7,3.5
Te'a Cooper,2021,22,2021-08-22,24.4,LAS,away,NYL,3.0,0,17.7,2,4,.500,1,1,1.000,2,3,.667,0,1,1,1,2,0,0,3,7,6.4
Te'a Cooper,2021,23,2021-08-24,24.4,LAS,away,WAS,-10.0,0,19.1,1,7,.143,0,1,.000,2,2,1.000,0,0,0,1,1,0,2,2,4,-1.6
Te'a Cooper,2021,24,2021-08-26,24.4,LAS,away,CON,-4.0,0,8.0,1,3,.333,0,1,.000,0,0,,0,1,1,0,0,0,0,0,2,0.6
Te'a Cooper,2021,25,2021-08-28,24.4,LAS,away,CON,-15.0,1,33.8,3,7,.429,2,5,.400,5,6,.833,0,1,1,1,0,0,4,3,13,4.7
Te'a Cooper,2021,26,2021-08-31,24.4,LAS,away,IND,-2.0,1,21.6,4,7,.571,0,3,.000,1,1,1.000,0,4,4,0,1,0,4,1,9,3.5
Te'a Cooper,2021,27,2021-09-02,24.4,LAS,away,MIN,-9.0,0,24.6,2,11,.182,1,3,.333,0,0,,1,1,2,1,1,1,1,1,5,0.1
Te'a Cooper,2021,28,2021-09-09,24.4,LAS,home,CON,-18.0,1,29.0,1,7,.143,0,2,.000,0,0,,0,1,1,0,1,1,2,4,2,-4.1
Te'a Cooper,2021,29,2021-09-12,24.4,LAS,home,SEA,28.0,0,21.9,7,13,.538,2,4,.500,3,4,.750,0,2,2,2,2,0,1,5,19,13.3
Te'a Cooper,2021,30,2021-09-16,24.4,LAS,away,ATL,6.0,1,33.9,5,11,.455,0,3,.000,4,6,.667,0,1,1,2,0,0,1,4,14,6.6
Te'a Cooper,2021,31,2021-09-19,24.4,LAS,away,DAL,-3.0,1,38.6,9,14,.643,3,5,.600,3,6,.500,0,1,1,6,1,0,5,2,24,16.3
Rae Burrell,2022,1,2022-05-06,21.9,LAS,away,CHI,7.0,0,14.6,1,3,0.333,1,3,0.333,2,2,1.0,0,2,2,0,1,0,1,0,5,3.9
Rae Burrell,2022,2,2022-05-08,21.9,LAS,away,IND,10.0,0,10.1,0,2,0.0,0,1,0.0,0,0,,0,0,0,0,1,0,0,1,0,-0.8
Rae Burrell,2022,3,2022-05-11,21.9,LAS,away,ATL,-2.0,1,18.9,0,4,0.0,0,2,0.0,0,0,,1,0,1,1,0,0,0,3,0,-2.6
Rae Burrell,2023,1,2023-05-27,22.9,LAS,away,LVA,-28.0,0,14.5,2,7,.286,0,3,.000,1,1,1.000,0,4,4,1,1,1,0,2,5,3.7
Rae Burrell,2023,2,2023-06-20,23.0,LAS,home,MIN,-6.0,0,7.8,3,4,.750,1,1,1.000,0,0,,0,2,2,0,0,0,2,1,7,3.6
Rae Burrell,2023,3,2023-06-23,23.0,LAS,home,DAL,2.0,0,7.2,0,3,.000,0,2,.000,2,2,1.000,0,0,0,0,0,0,0,1,2,-0.5
Rae Burrell,2023,4,2023-06-25,23.0,LAS,home,DAL,10.0,0,5.8,1,4,.250,1,3,.333,0,0,,0,0,0,1,0,0,0,0,3,1.3
Rae Burrell,2023,5,2023-06-28,23.0,LAS,away,CHI,-17.0,0,6.0,0,2,.000,0,0,,0,0,,1,0,1,0,0,0,0,2,0,-1.5
Rae Burrell,2023,6,2023-06-30,23.0,LAS,away,CHI,-8.0,0,6.3,1,1,1.000,1,1,1.000,0,0,,1,0,1,1,1,0,0,1,3,4.7
Rae Burrell,2023,7,2023-07-02,23.0,LAS,away,ATL,-28.0,0,24.2,1,7,.143,0,2,.000,4,5,.800,1,3,4,0,0,0,1,2,6,0.9
Rae Burrell,2023,8,2023-07-05,23.0,LAS,home,ATL,-11.0,0,16.3,3,5,.600,1,2,.500,0,1,.000,0,1,1,0,0,0,0,2,7,3.8
Rae Burrell,2023,9,2023-07-09,23.0,LAS,away,PHO,-6.0,0,21.6,1,4,.250,1,2,.500,3,4,.750,0,2,2,1,0,1,1,0,6,4.2
Rae Burrell,2023,10,2023-07-12,23.1,LAS,home,LVA,-19.0,0,5.5,1,3,.333,0,1,.000,0,0,,0,1,1,1,1,0,2,0,2,0.3
Rae Burrell,2023,11,2023-07-20,23.1,LAS,away,MIN,-3.0,0,11.9,2,2,1.000,1,1,1.000,0,0,,0,2,2,1,1,0,2,3,5,3.5
Rae Burrell,2023,12,2023-07-22,23.1,LAS,away,DAL,-14.0,0,9.7,0,1,.000,0,0,,0,0,,0,0,0,1,1,0,0,1,0,0.6
Rae Burrell,2023,13,2023-07-25,23.1,LAS,home,IND,1.0,0,5.3,0,0,,0,0,,0,0,,1,0,1,0,0,0,1,0,0,-0.3
Rae Burrell,2023,14,2023-07-27,23.1,LAS,home,IND,13.0,0,2.7,0,1,.000,0,1,.000,0,0,,0,0,0,0,0,0,0,0,0,-0.7
Rae Burrell,2023,15,2023-07-30,23.1,LAS,home,NYL,-8.0,0,13.0,1,4,.250,0,1,.000,0,0,,1,1,2,0,2,0,0,1,2,2.2
Rae Burrell,2023,16,2023-08-01,23.1,LAS,home,NYL,-7.0,0,6.4,0,3,.000,0,1,.000,0,0,,2,0,2,0,0,0,0,0,0,-0.7
Rae Burrell,2023,17,2023-08-04,23.1,LAS,away,WAS,-2.0,0,3.5,0,1,.000,0,1,.000,0,0,,0,1,1,0,0,0,0,1,0,-0.8
Rae Burrell,2023,18,2023-08-06,23.1,LAS,away,WAS,8.0,0,3.6,0,1,.000,0,1,.000,5,6,.833,0,0,0,0,0,0,0,1,5,3.5
Rae Burrell,2023,19,2023-08-08,23.1,LAS,away,IND,7.0,0,1.4,0,0,,0,0,,0,0,,0,0,0,0,0,0,0,1,0,-0.4
Rae Burrell,2023,20,2023-08-12,23.1,LAS,home,ATL,11.0,0,9.2,0,1,.000,0,0,,0,0,,0,1,1,0,1,0,1,1,0,-0.8
Rae Burrell,2023,21,2023-08-19,23.2,LAS,away,LVA,6.0,0,2.7,0,0,,0,0,,0,0,,0,0,0,0,0,0,0,0,0,0.0
Rae Burrell,2023,22,2023-08-23,23.2,LAS,home,PHO,29.0,0,13.3,1,4,.250,1,1,1.000,0,0,,1,0,1,1,1,0,0,2,3,2.2
Rae Burrell,2023,23,2023-08-27,23.2,LAS,away,CON,-15.0,0,6.1,1,1,1.000,0,0,,0,0,,0,1,1,1,0,0,0,0,2,2.7
Rae Burrell,2023,24,2023-08-29,23.2,LAS,home,CHI,-1.0,0,5.8,0,1,.000,0,1,.000,0,0,,1,1,2,2,0,0,0,1,0,1.3
Rae Burrell,2023,25,2023-08-31,23.2,LAS,home,SEA,-11.0,0,16.9,4,7,.571,2,3,.667,0,0,,1,0,1,0,0,0,0,0,10,7.4
Rae Burrell,2023,26,2023-09-03,23.2,LAS,home,WAS,8.0,0,5.8,1,2,.500,0,0,,0,0,,0,0,0,0,1,0,0,1,2,1.6
Rae Burrell,2023,27,2023-09-05,23.2,LAS,away,CON,-14.0,1,33.4,5,9,.556,3,6,.500,0,0,,1,1,2,3,1,1,1,0,13,12.5
Rae Burrell,2023,28,2023-09-07,23.2,LAS,away,NYL,-7.0,1,35.0,6,12,.500,4,6,.667,2,2,1.000,1,1,2,2,1,0,2,1,18,13.0
Rae Burrell,2023,29,2023-09-10,23.2,LAS,away,SEA,2.0,1,20.5,2,3,.667,0,1,.000,0,0,,1,1,2,2,1,0,2,1,4,3.7
Sparkle Taylor,2022,1,2022-05-06,26.8,CHI,home,LAS,-7.0,0,18.9,3,4,0.75,0,1,0.0,0,0,,0,2,2,0,0,0,1,2,6,3.2
Sparkle Taylor,2022,2,2022-05-11,26.8,CHI,home,NYL,33.0,0,5.7,2,2,1.0,0,0,,1,1,1.0,0,0,0,0,0,0,0,1,5,4.0
Rhyne Howard,2022,1,2022-05-07,22.0,ATL,away,DAL,7.0,1,35.6,4,15,.267,4,12,.333,4,5,.800,0,3,3,4,2,4,1,2,16,13.4
Rhyne Howard,2022,2,2022-05-11,22.0,ATL,home,LAS,2.0,1,34.2,7,18,.389,5,10,.500,2,2,1.000,1,7,8,1,1,1,1,2,21,14.6
Rhyne Howard,2022,3,2022-05-13,22.0,ATL,home,LVA,-23.0,1,25.3,4,10,.400,2,2,1.000,3,3,1.000,0,4,4,2,0,1,1,3,13,8.7
Rhyne Howard,2022,4,2022-05-15,22.0,ATL,away,IND,6.0,1,32.5,9,18,.500,3,8,.375,12,17,.706,2,1,3,2,3,0,3,2,33,24.3
Rhyne Howard,2022,5,2022-05-17,22.0,ATL,away,IND,22.0,1,24.8,7,10,.700,3,5,.600,2,2,1.000,0,5,5,1,1,0,0,1,19,17.6
Rhyne Howard,2022,6,2022-05-20,22.1,ATL,home,WAS,-5.0,1,34.5,7,16,.438,4,8,.500,3,3,1.000,2,1,3,4,2,0,0,4,21,17.5
Rhyne Howard,2022,7,2022-05-24,22.1,ATL,away,WAS,-20.0,1,28.6,0,9,.000,0,4,.000,0,0,,2,0,2,2,2,0,2,3,0,-4.7
Rhyne Howard,2022,8,2022-05-29,22.1,ATL,home,PHO,27.0,1,25.8,5,10,.500,2,5,.400,0,2,.000,0,2,2,6,1,1,1,1,12,11.3
Rhyne Howard,2022,9,2022-06-01,22.1,ATL,home,MIN,8.0,1,30.1,9,19,.474,3,7,.429,1,2,.500,0,4,4,2,3,0,1,4,22,14.9
Rhyne Howard,2022,10,2022-06-03,22.1,ATL,home,CHI,-8.0,1,31.5,2,12,.167,1,6,.167,0,0,,0,4,4,0,0,1,1,3,5,-2.9
Rhyne Howard,2022,11,2022-06-05,22.1,ATL,home,IND,9.0,1,32.6,6,11,.545,2,3,.667,2,2,1.000,1,4,5,1,2,0,1,1,16,13.9
Rhyne Howard,2022,12,2022-06-07,22.1,ATL,away,SEA,-12.0,1,36.5,5,17,.294,0,6,.000,1,2,.500,2,4,6,0,3,1,1,0,11,6.0
Rhyne Howard,2022,13,2022-06-10,22.1,ATL,away,PHO,-2.0,1,37.1,9,18,.500,6,12,.500,1,2,.500,0,3,3,5,0,1,0,5,25,18.7
Rhyne Howard,2022,14,2022-06-15,22.1,ATL,away,CON,-13.0,1,22.5,5,15,.333,4,10,.400,0,0,,1,4,5,2,3,1,3,2,14,8.7
Rhyne Howard,2022,15,2022-06-17,22.1,ATL,away,CHI,-6.0,1,28.9,7,15,.467,2,7,.286,0,1,.000,1,3,4,7,1,2,4,5,16,10.8
Rhyne Howard,2022,16,2022-06-21,22.1,ATL,home,DAL,5.0,1,35.6,5,19,.263,3,9,.333,3,4,.750,3,5,8,4,1,1,4,3,16,7.2
Rhyne Howard,2022,17,2022-06-24,22.2,ATL,home,NYL,-12.0,1,35.1,6,18,.333,2,5,.400,5,5,1.000,0,8,8,2,1,1,2,3,19,11.1
Rhyne Howard,2022,18,2022-06-26,22.2,ATL,home,CON,-11.0,1,36.0,5,16,.313,1,7,.143,1,2,.500,2,5,7,4,2,1,3,2,12,7.0
Rhyne Howard,2022,19,2022-06-28,22.2,ATL,away,WAS,-18.0,1,24.6,2,14,.143,0,7,.000,1,2,.500,0,3,3,3,0,0,1,1,5,-2.8
Rhyne Howard,2022,20,2022-06-30,22.2,ATL,away,NYL,11.0,1,29.2,3,11,.273,1,5,.200,3,4,.750,0,5,5,2,0,0,2,3,10,2.8
Rhyne Howard,2022,21,2022-07-03,22.2,ATL,home,SEA,14.0,1,24.1,7,12,.583,2,4,.500,0,0,,0,5,5,2,3,0,0,3,16,15.1
Rhyne Howard,2022,22,2022-07-06,22.2,ATL,home,WAS,-19.0,1,28.1,5,13,.385,0,6,.000,0,0,,0,3,3,2,1,0,0,2,10,5.4
Rhyne Howard,2022,23,2022-07-12,22.2,ATL,away,CHI,-15.0,1,29.9,3,10,.300,1,3,.333,0,0,,1,1,2,3,2,1,0,3,7,5.8
Rhyne Howard,2022,24,2022-07-19,22.2,ATL,away,LVA,16.0,1,31.6,8,15,.533,6,9,.667,2,2,1.000,0,5,5,3,2,3,3,0,24,21.4
Rhyne Howard,2022,25,2022-07-21,22.2,ATL,away,LAS,-7.0,1,32.4,2,14,.143,1,8,.125,5,6,.833,5,4,9,3,2,0,5,3,10,3.2
Rhyne Howard,2022,26,2022-07-24,22.2,ATL,away,SEA,-10.0,1,34.0,9,30,.300,4,14,.286,1,1,1.000,1,5,6,3,1,0,0,3,23,9.7
Rhyne Howard,2022,27,2022-07-28,22.2,ATL,home,MIN,-7.0,1,31.5,7,20,.350,2,6,.333,2,2,1.000,1,1,2,2,1,0,1,2,18,8.4
Rhyne Howard,2022,28,2022-07-30,22.3,ATL,home,DAL,-13.0,1,34.4,5,15,.333,3,9,.333,9,10,.900,0,6,6,1,1,2,3,3,22,13.8
Rhyne Howard,2022,29,2022-08-03,22.3,ATL,home,IND,10.0,1,32.2,5,13,.385,3,10,.300,7,8,.875,0,5,5,4,5,2,3,4,20,18.6
Rhyne Howard,2022,30,2022-08-05,22.3,ATL,home,LAS,2.0,1,27.7,7,12,.583,4,8,.500,10,11,.909,0,4,4,3,1,0,2,2,28,23.5
Rhyne Howard,2022,31,2022-08-07,22.3,ATL,away,MIN,-10.0,1,32.1,6,16,.375,2,8,.250,2,4,.500,0,2,2,3,2,0,1,3,16,8.9
Rhyne Howard,2022,32,2022-08-09,22.3,ATL,away,LVA,-7.0,1,36.9,4,16,.250,1,5,.200,5,7,.714,0,3,3,4,1,0,2,1,14,5.9
Rhyne Howard,2022,33,2022-08-12,22.3,ATL,home,NYL,-10.0,1,32.8,3,14,.214,3,8,.375,5,6,.833,0,6,6,2,2,1,1,3,14,8.7
Rhyne Howard,2022,34,2022-08-14,22.3,ATL,away,NYL,-4.0,1,37.0,6,18,.333,5,12,.417,7,8,.875,2,2,4,7,2,1,0,5,24,21.0
Rhyne Howard,2023,1,2023-05-20,23.1,ATL,away,DAL,-7.0,1,35.6,8,24,.333,4,12,.333,0,0,,3,7,10,2,0,1,0,5,20,10.7
Rhyne Howard,2023,2,2023-05-23,23.1,ATL,away,MIN,6.0,1,28.4,3,12,.250,1,4,.250,1,1,1.000,2,2,4,6,3,1,2,4,8,7.1
Rhyne Howard,2023,3,2023-05-28,23.1,ATL,home,IND,-3.0,1,31.9,8,18,.444,3,7,.429,4,7,.571,1,3,4,1,1,0,1,3,23,13.5
Rhyne Howard,2023,4,2023-05-30,23.1,ATL,home,CHI,18.0,1,28.9,8,11,.727,2,4,.500,2,4,.500,0,4,4,1,1,0,0,0,20,17.6
Rhyne Howard,2023,5,2023-06-02,23.1,ATL,home,LVA,-5.0,1,32.6,5,15,.333,2,7,.286,3,3,1.000,1,3,4,5,1,1,1,2,15,11.5
Rhyne Howard,2023,6,2023-06-09,23.1,ATL,home,NYL,-23.0,1,30.1,4,12,.333,3,7,.429,4,7,.571,0,2,2,2,1,0,1,2,15,8.2
Rhyne Howard,2023,7,2023-06-11,23.1,ATL,home,CON,-12.0,1,34.9,4,13,.308,2,10,.200,6,8,.750,2,6,8,2,0,0,5,2,16,6.5
Rhyne Howard,2023,8,2023-06-13,23.1,ATL,away,NYL,7.0,1,34.1,4,11,.364,2,5,.400,2,2,1.000,0,5,5,4,0,0,3,5,12,5.2
Rhyne Howard,2023,9,2023-06-15,23.1,ATL,away,CON,4.0,1,40.0,6,14,.429,2,7,.286,5,6,.833,1,3,4,6,0,0,4,3,19,11.8
Rhyne Howard,2023,10,2023-06-18,23.1,ATL,away,IND,6.0,1,33.4,7,15,.467,2,5,.400,5,6,.833,1,5,6,1,1,1,1,1,21,16.1
Rhyne Howard,2023,11,2023-06-20,23.1,ATL,away,DAL,-12.0,1,30.5,3,13,.231,2,5,.400,7,10,.700,1,3,4,2,1,1,1,1,15,9.2
Rhyne Howard,2023,12,2023-06-23,23.2,ATL,home,NYL,-30.0,1,25.8,6,13,.462,3,5,.600,9,9,1.000,2,4,6,2,0,0,5,4,24,14.7
Rhyne Howard,2023,13,2023-06-28,23.2,ATL,away,WAS,-23.0,1,25.9,3,9,.333,2,4,.500,0,0,,0,1,1,4,1,0,0,4,8,5.4
Rhyne Howard,2023,14,2023-06-30,23.2,ATL,home,WAS,5.0,1,38.6,5,10,.500,2,3,.667,2,3,.667,2,3,5,8,3,0,1,3,14,17.3
Rhyne Howard,2023,15,2023-07-02,23.2,ATL,home,LAS,28.0,1,32.3,14,20,.700,6,12,.500,9,9,1.000,0,2,2,4,2,2,3,5,43,36.4
Rhyne Howard,2023,16,2023-07-05,23.2,ATL,away,LAS,11.0,1,24.5,5,9,.556,5,9,.556,0,0,,0,5,5,6,1,0,0,4,15,15.8
Rhyne Howard,2023,17,2023-07-07,23.2,ATL,away,CHI,14.0,1,38.8,7,16,.438,3,9,.333,0,1,.000,0,5,5,2,1,0,2,2,17,9.3
Rhyne Howard,2023,18,2023-07-09,23.2,ATL,away,CHI,11.0,1,38.3,12,22,.545,4,9,.444,4,5,.800,1,5,6,4,4,1,1,1,32,29.3
Rhyne Howard,2023,19,2023-07-12,23.2,ATL,home,SEA,10.0,1,31.4,5,15,.333,3,10,.300,2,3,.667,1,5,6,5,2,0,5,3,15,7.6
Rhyne Howard,2023,20,2023-07-18,23.2,ATL,home,MIN,9.0,1,36.3,8,21,.381,3,13,.231,2,3,.667,0,3,3,7,0,0,2,4,21,11.3
Rhyne Howard,2023,21,2023-07-20,23.2,ATL,away,CON,-11.0,1,38.1,7,19,.368,4,9,.444,4,5,.800,0,2,2,3,3,0,4,3,22,11.6
Rhyne Howard,2023,22,2023-07-22,23.2,ATL,home,CON,-8.0,1,34.9,5,18,.278,4,9,.444,8,9,.889,1,5,6,2,2,4,2,3,22,16.2
Rhyne Howard,2023,23,2023-07-25,23.2,ATL,home,PHO,13.0,1,20.6,4,7,.571,2,4,.500,0,0,,0,3,3,0,2,0,2,1,10,7.2
Rhyne Howard,2023,24,2023-07-27,23.2,ATL,away,NYL,-11.0,1,34.8,4,17,.235,1,8,.125,1,2,.500,0,5,5,2,0,0,1,4,10,-0.4
Rhyne Howard,2023,25,2023-07-30,23.3,ATL,home,WAS,7.0,1,30.2,4,10,.400,3,7,.429,0,0,,0,5,5,0,5,2,5,3,11,7.3
Rhyne Howard,2023,26,2023-08-01,23.3,ATL,away,LVA,-21.0,1,33.6,3,10,.300,0,3,.000,0,0,,0,6,6,6,1,1,2,2,6,5.1
Rhyne Howard,2023,27,2023-08-03,23.3,ATL,away,PHO,-20.0,1,34.4,4,12,.333,1,7,.143,5,6,.833,0,2,2,2,0,2,1,3,14,8.0
Rhyne Howard,2023,28,2023-08-06,23.3,ATL,home,IND,9.0,1,36.2,9,18,.500,3,7,.429,3,6,.500,0,4,4,3,2,2,1,1,24,19.1
Rhyne Howard,2023,29,2023-08-10,23.3,ATL,away,SEA,-1.0,1,33.6,6,20,.300,4,10,.400,4,5,.800,0,6,6,1,3,0,4,4,20,7.9
Rhyne Howard,2023,30,2023-08-12,23.3,ATL,away,LAS,-11.0,1,36.6,5,14,.357,3,9,.333,4,4,1.000,0,5,5,1,1,0,1,2,17,10.6
Rhyne Howard,2023,31,2023-08-13,23.3,ATL,away,LVA,-21.0,1,31.6,4,14,.286,1,5,.200,3,3,1.000,0,5,5,4,1,0,1,1,12,7.7
Rhyne Howard,2023,32,2023-08-22,23.3,ATL,home,LVA,-12.0,1,35.3,9,16,.563,3,7,.429,6,8,.750,0,6,6,5,2,0,0,2,27,25.1
Rhyne Howard,2023,33,2023-08-25,23.3,ATL,home,LAS,-5.0,1,31.2,5,12,.417,3,3,1.000,2,2,1.000,0,1,1,2,0,0,3,3,15,6.1
Rhyne Howard,2023,34,2023-08-27,23.3,ATL,away,IND,-3.0,1,33.0,4,16,.250,2,7,.286,7,8,.875,2,4,6,3,2,0,2,4,17,10.1
Rhyne Howard,2023,35,2023-08-29,23.3,ATL,home,PHO,18.0,1,27.7,5,15,.333,3,9,.333,2,2,1.000,0,7,7,6,1,3,0,3,15,14.7
Rhyne Howard,2023,36,2023-09-01,23.3,ATL,away,MIN,-6.0,1,39.8,5,27,.185,1,10,.100,5,6,.833,2,6,8,6,1,2,1,5,16,5.5
Rhyne Howard,2023,37,2023-09-06,23.4,ATL,home,SEA,11.0,1,31.9,3,12,.250,1,4,.250,3,3,1.000,0,6,6,7,0,0,0,2,10,8.7
Rhyne Howard,2023,38,2023-09-08,23.4,ATL,away,WAS,5.0,1,36.9,8,20,.400,1,9,.111,4,7,.571,3,9,12,4,2,1,3,2,21,15.5
Rhyne Howard,2023,39,2023-09-10,23.4,ATL,home,DAL,-17.0,1,30.1,7,17,.412,3,7,.429,2,2,1.000,0,4,4,7,0,0,4,4,19,10.4
Aleah Goodman,2021,1,2021-05-14,22.5,CON,away,ATL,11.0,0,3.2,0,0,,0,0,,0,0,,0,0,0,1,0,0,0,1,0,0.3
Jasmine Walker,2021,1,2021-05-14,23.3,LAS,home,DAL,-23.0,0,17.4,0,4,0.0,0,3,0.0,0,0,,0,1,1,2,2,0,1,1,0,-0.5
Jasmine Walker,2021,2,2021-05-21,23.3,LAS,away,LVA,-28.0,0,2.6,0,1,0.0,0,1,0.0,0,2,0.0,0,0,0,0,0,1,0,0,0,-0.8
Jasmine Walker,2022,1,2022-05-06,24.3,LAS,away,CHI,7.0,0,9.8,0,2,.000,0,2,.000,0,0,,0,3,3,1,1,0,0,1,0,0.8
Jasmine Walker,2022,2,2022-05-08,24.3,LAS,away,IND,10.0,1,12.7,1,2,.500,0,1,.000,0,0,,1,1,2,0,1,0,0,2,2,2.2
Jasmine Walker,2022,3,2022-05-11,24.3,LAS,away,ATL,-2.0,0,8.6,1,4,.250,0,3,.000,0,0,,0,0,0,0,0,0,0,1,2,-0.8
Jasmine Walker,2022,4,2022-05-14,24.3,LAS,away,CON,-17.0,0,21.6,2,6,.333,2,4,.500,0,0,,1,3,4,0,0,1,2,2,6,2.1
Jasmine Walker,2022,5,2022-05-17,24.3,LAS,home,MIN,-3.0,0,6.4,0,1,.000,0,1,.000,0,0,,0,0,0,0,0,0,0,0,0,-0.7
Jasmine Walker,2022,6,2022-05-20,24.3,LAS,away,SEA,-3.0,0,6.6,0,2,.000,0,1,.000,0,0,,0,0,0,1,0,0,2,1,0,-3.1
Jasmine Walker,2022,7,2022-05-23,24.3,LAS,away,LVA,-28.0,0,14.5,2,6,.333,1,5,.200,0,0,,0,4,4,0,0,0,2,1,5,0.4
Jasmine Walker,2022,8,2022-05-31,24.3,LAS,home,DAL,2.0,0,3.7,0,0,,0,0,,0,0,,0,0,0,0,0,0,1,1,0,-1.4
Jasmine Walker,2022,9,2022-06-05,24.3,LAS,away,PHO,-7.0,0,1.9,0,0,,0,0,,0,0,,0,0,0,0,0,0,1,0,0,-1.0
Jasmine Walker,2022,10,2022-06-11,24.4,LAS,home,LVA,-17.0,0,6.0,1,4,.250,1,3,.333,0,0,,0,0,0,0,0,0,0,2,3,-0.2
Jasmine Walker,2022,11,2022-06-19,24.4,LAS,away,DAL,-10.0,0,4.4,0,1,.000,0,1,.000,0,0,,0,2,2,0,0,0,0,0,0,-0.1
Jasmine Walker,2022,12,2022-06-21,24.4,LAS,home,WAS,2.0,0,6.1,0,1,.000,0,1,.000,0,0,,0,0,0,0,0,0,0,1,0,-1.1
Jasmine Walker,2022,13,2022-06-23,24.4,LAS,home,CHI,-23.0,0,12.4,2,5,.400,0,3,.000,0,0,,1,1,2,1,0,0,0,1,4,2.6
Jasmine Walker,2022,14,2022-06-25,24.4,LAS,away,SEA,8.0,0,2.7,0,1,.000,0,1,.000,0,0,,0,0,0,0,0,0,0,1,0,-1.1
Jasmine Walker,2022,15,2022-07-01,24.4,LAS,away,DAL,8.0,0,2.2,0,0,,0,0,,0,0,,0,0,0,0,0,0,2,0,0,-2.0
Jasmine Walker,2022,16,2022-07-03,24.4,LAS,home,NYL,10.0,0,9.2,0,1,.000,0,1,.000,0,0,,0,0,0,0,0,1,1,0,0,-1.0
Jasmine Walker,2022,17,2022-07-04,24.4,LAS,home,PHO,3.0,0,4.9,0,1,.000,0,1,.000,0,0,,0,3,3,0,1,0,0,0,0,1.2
Jasmine Walker,2022,18,2022-07-07,24.4,LAS,home,SEA,-37.0,0,11.8,1,5,.200,1,3,.333,0,0,,2,2,4,0,0,0,1,1,3,0.5
Jasmine Walker,2022,19,2022-07-12,24.4,LAS,home,WAS,-13.0,0,2.0,0,0,,0,0,,0,0,,0,0,0,0,0,0,0,0,0,0.0
Jasmine Walker,2022,20,2022-07-14,24.4,LAS,home,CHI,-12.0,0,6.5,1,2,.500,1,2,.500,0,0,,0,2,2,0,0,0,0,0,3,2.6
Jasmine Walker,2022,21,2022-07-19,24.5,LAS,home,IND,7.0,0,7.2,1,1,1.000,0,0,,0,0,,1,0,1,0,0,0,0,0,2,2.4
Jasmine Walker,2022,22,2022-07-21,24.5,LAS,home,ATL,7.0,0,0.6,0,0,,0,0,,0,0,,0,0,0,0,0,0,0,0,0,0.0
Jasmine Walker,2022,23,2022-07-23,24.5,LAS,away,LVA,-18.0,0,3.1,0,0,,0,0,,0,0,,0,0,0,0,0,0,0,0,0,0.0
Jasmine Walker,2022,24,2022-07-28,24.5,LAS,away,PHO,-10.0,0,7.0,0,3,.000,0,1,.000,0,0,,0,0,0,0,0,0,0,1,0,-2.5
Jasmine Walker,2022,25,2022-07-31,24.5,LAS,home,MIN,-7.0,0,5.5,0,1,.000,0,0,,0,0,,0,0,0,0,1,0,0,1,0,-0.1
Jasmine Walker,2022,26,2022-08-02,24.5,LAS,away,NYL,-29.0,0,6.9,0,1,.000,0,0,,0,0,,1,2,3,0,0,0,0,1,0,0.2
Jasmine Walker,2022,27,2022-08-03,24.5,LAS,away,NYL,-3.0,0,8.7,1,4,.250,1,3,.333,0,0,,1,3,4,0,0,0,1,2,3,0.4
Jasmine Walker,2022,28,2022-08-05,24.5,LAS,away,ATL,-2.0,0,13.9,1,3,.333,0,1,.000,2,2,1.000,1,3,4,1,1,1,0,2,4,5.5
Jasmine Walker,2022,29,2022-08-07,24.5,LAS,away,WAS,3.0,0,14.9,1,5,.200,1,3,.333,0,0,,1,1,2,0,0,0,0,1,3,0.5
Jasmine Walker,2022,30,2022-08-09,24.5,LAS,home,CON,-26.0,0,14.6,0,2,.000,0,1,.000,0,0,,0,0,0,0,0,0,0,1,0,-1.8
Jasmine Walker,2022,31,2022-08-11,24.5,LAS,home,CON,-24.0,0,15.8,1,4,.250,1,3,.333,0,0,,0,2,2,1,0,0,1,2,3,0.1
Jasmine Walker,2022,32,2022-08-14,24.5,LAS,home,DAL,-28.0,0,28.8,3,8,.375,1,5,.200,1,1,1.000,2,4,6,1,1,0,1,4,8,5.3
Diamond Miller,2023,1,2023-05-19,22.3,MIN,home,CHI,-11.0,1,22.7,3,9,.333,0,2,.000,3,4,.750,0,7,7,2,0,1,1,2,9,5.9
Diamond Miller,2023,2,2023-05-23,22.3,MIN,home,ATL,-6.0,1,22.5,3,10,.300,0,2,.000,2,2,1.000,1,0,1,3,3,0,2,4,8,4.4
Diamond Miller,2023,3,2023-05-25,22.3,MIN,away,PHO,-9.0,1,26.1,2,9,.222,0,4,.000,9,9,1.000,0,1,1,1,1,0,1,3,13,7.3
Diamond Miller,2023,4,2023-05-28,22.3,MIN,away,LVA,-21.0,1,21.1,4,10,.400,0,1,.000,6,7,.857,0,1,1,1,1,1,0,2,14,10.1
Diamond Miller,2023,5,2023-05-30,22.3,MIN,away,DAL,-5.0,1,11.8,3,3,1.000,1,1,1.000,1,2,.500,0,5,5,4,0,0,0,2,8,10.2
Diamond Miller,2023,6,2023-06-27,22.4,MIN,home,SEA,11.0,1,30.7,8,13,.615,1,2,.500,1,1,1.000,1,3,4,5,0,1,1,2,18,16.1
Diamond Miller,2023,7,2023-06-29,22.4,MIN,away,SEA,2.0,1,25.1,7,15,.467,1,3,.333,4,6,.667,0,4,4,2,2,2,2,5,19,12.5
Diamond Miller,2023,8,2023-07-01,22.4,MIN,away,PHO,10.0,1,29.0,9,15,.600,2,4,.500,5,5,1.000,2,4,6,0,5,0,2,5,25,21.7
Diamond Miller,2023,9,2023-07-05,22.4,MIN,home,IND,7.0,1,23.9,0,5,.000,0,2,.000,1,2,.500,1,4,5,2,0,0,3,1,1,-3.0
Diamond Miller,2023,10,2023-07-07,22.4,MIN,home,PHO,11.0,1,21.2,3,9,.333,1,3,.333,3,4,.750,1,4,5,1,2,1,3,5,10,4.8
Diamond Miller,2023,11,2023-07-09,22.4,MIN,home,LVA,-24.0,1,23.9,7,19,.368,1,2,.500,0,0,,1,3,4,3,0,0,0,2,15,7.4
Diamond Miller,2023,12,2023-07-12,22.4,MIN,home,DAL,-40.0,1,23.6,4,12,.333,0,2,.000,1,1,1.000,1,1,2,0,0,0,2,2,9,0.4
Diamond Miller,2023,13,2023-07-18,22.4,MIN,away,ATL,-9.0,1,16.9,3,10,.300,1,4,.250,1,2,.500,1,1,2,0,2,0,2,3,8,1.6
Diamond Miller,2023,14,2023-07-20,22.4,MIN,home,LAS,3.0,1,34.5,5,13,.385,1,3,.333,2,2,1.000,1,6,7,9,1,1,4,4,13,10.8
Diamond Miller,2023,15,2023-07-22,22.4,MIN,home,LVA,-17.0,1,31.3,7,15,.467,1,5,.200,2,3,.667,0,5,5,3,0,1,5,3,17,7.0
Diamond Miller,2023,16,2023-07-26,22.5,MIN,home,WAS,5.0,1,34.5,9,17,.529,2,3,.667,1,1,1.000,2,1,3,9,0,0,1,3,21,18.5
Diamond Miller,2023,17,2023-07-28,22.5,MIN,away,NYL,5.0,1,33.8,6,15,.400,2,5,.400,8,12,.667,0,5,5,2,1,0,3,4,22,11.6
Diamond Miller,2023,18,2023-07-30,22.5,MIN,away,CON,4.0,1,18.6,2,7,.286,0,3,.000,3,3,1.000,0,0,0,2,1,0,3,3,7,1.1
Diamond Miller,2023,19,2023-08-01,22.5,MIN,away,CON,-10.0,1,33.8,4,14,.286,1,2,.500,4,4,1.000,0,0,0,6,0,0,6,1,13,2.6
Diamond Miller,2023,20,2023-08-04,22.5,MIN,home,NYL,-10.0,1,32.6,2,12,.167,0,5,.000,3,4,.750,0,5,5,2,1,1,3,0,7,0.6
Diamond Miller,2023,21,2023-08-08,22.5,MIN,away,CHI,9.0,1,33.8,2,7,.286,1,3,.333,0,0,,3,8,11,2,3,1,4,0,5,6.5
Diamond Miller,2023,22,2023-08-10,22.5,MIN,away,IND,-18.0,1,22.4,4,12,.333,1,2,.500,2,3,.667,0,3,3,2,0,1,1,2,11,5.0
Diamond Miller,2023,23,2023-08-18,22.5,MIN,away,SEA,8.0,1,28.9,3,9,.333,1,2,.500,0,0,,1,1,2,3,0,0,5,2,7,-0.8
Diamond Miller,2023,24,2023-08-20,22.5,MIN,home,SEA,-14.0,1,28.7,3,12,.250,0,4,.000,3,3,1.000,2,1,3,6,1,0,3,3,9,4.5
Diamond Miller,2023,25,2023-08-22,22.5,MIN,home,DAL,5.0,1,11.0,1,6,.167,0,1,.000,0,0,,1,1,2,2,0,0,1,3,2,-1.6
Diamond Miller,2023,26,2023-08-24,22.5,MIN,away,DAL,9.0,1,18.3,3,6,.500,0,3,.000,2,2,1.000,1,0,1,1,0,0,1,1,8,5.0
Diamond Miller,2023,27,2023-08-26,22.5,MIN,home,NYL,-35.0,1,30.5,7,12,.583,4,7,.571,0,0,,1,8,9,1,0,0,4,3,18,11.0
Diamond Miller,2023,28,2023-08-29,22.5,MIN,away,WAS,-11.0,1,30.1,9,18,.500,4,7,.571,3,3,1.000,0,1,1,0,2,0,2,5,25,14.3
Diamond Miller,2023,29,2023-09-01,22.6,MIN,home,ATL,6.0,1,12.8,1,4,.250,1,2,.500,0,2,.000,0,1,1,1,0,0,0,1,3,0.4
Diamond Miller,2023,30,2023-09-03,22.6,MIN,home,PHO,13.0,1,32.5,2,8,.250,0,2,.000,3,4,.750,0,4,4,3,2,0,1,0,7,6.1
Diamond Miller,2023,31,2023-09-08,22.6,MIN,away,CHI,-5.0,1,34.7,10,11,.909,3,4,.750,1,3,.333,1,2,3,0,1,0,3,2,24,18.0
Diamond Miller,2023,32,2023-09-10,22.6,MIN,away,IND,-15.0,1,32.6,4,10,.400,1,6,.167,2,2,1.000,0,1,1,2,1,0,4,3,11,3.1
Hannah Sjerven,2022,1,2022-05-14,23.9,MIN,home,CHI,-4.0,0,3.9,0,0,,0,0,,0,0,,0,0,0,0,0,0,0,2,0,-0.8
Hannah Sjerven,2022,2,2022-05-17,23.9,MIN,away,LAS,3.0,0,2.0,0,1,0.0,0,0,,0,0,,0,0,0,0,0,0,0,0,0,-0.7
Hannah Sjerven,2022,3,2022-05-21,23.9,MIN,away,DAL,-16.0,0,3.1,0,0,,0,0,,0,0,,0,0,0,0,0,1,0,0,0,0.7
Linnae Harper,2021,1,2021-05-18,26.3,MIN,away,NYL,-11.0,0,5.3,0,0,,0,0,,0,0,,0,1,1,0,0,0,0,2,0,-0.5
Linnae Harper,2023,1,2023-06-30,28.4,WAS,away,ATL,-5.0,0,0.8,0,0,,0,0,,0,0,,0,0,0,0,0,0,0,1,0,-0.4
Linnae Harper,2023,2,2023-07-02,28.4,WAS,away,DAL,-17.0,0,8.8,0,3,0.0,0,2,0.0,0,0,,0,0,0,1,1,0,0,2,0,-1.2
Linnae Harper,2023,3,2023-07-07,28.4,WAS,home,IND,8.0,0,9.9,2,3,0.667,0,1,0.0,0,0,,0,1,1,0,0,0,0,1,4,2.6
Linnae Harper,2023,4,2023-07-09,28.4,WAS,away,CON,-8.0,0,12.8,2,2,1.0,0,0,,0,0,,1,1,2,0,0,0,0,1,4,4.0
Linnae Harper,2023,5,2023-07-11,28.4,WAS,home,SEA,7.0,0,8.1,1,3,0.333,1,2,0.5,0,0,,0,1,1,0,0,0,1,1,3,0.2
Linnae Harper,2023,6,2023-07-19,28.5,WAS,home,IND,-6.0,0,9.8,2,4,0.5,2,2,1.0,0,0,,0,2,2,0,0,0,1,2,6,2.8
Linnae Harper,2023,7,2023-07-21,28.5,WAS,home,NYL,-9.0,0,4.6,0,2,0.0,0,0,,0,0,,0,0,0,0,0,0,0,0,0,-1.4
Linnae Harper,2023,8,2023-07-23,28.5,WAS,home,PHO,15.0,0,1.4,0,1,0.0,0,0,,0,0,,0,0,0,0,0,0,1,1,0,-2.1
Linnae Harper,2023,9,2023-07-26,28.5,WAS,away,MIN,-5.0,0,2.4,0,1,0.0,0,0,,0,0,,1,0,1,0,0,0,0,0,0,0.0
Linnae Harper,2023,10,2023-07-28,28.5,WAS,away,DAL,-28.0,0,5.1,0,3,0.0,0,1,0.0,0,0,,1,0,1,3,1,0,0,0,0,1.7
Linnae Harper,2023,11,2023-07-30,28.5,WAS,away,ATL,-7.0,0,2.9,1,1,1.0,1,1,1.0,0,0,,0,0,0,0,0,0,1,1,3,1.3
Linnae Harper,2023,12,2023-08-06,28.5,WAS,home,LAS,-8.0,0,0.1,0,0,,0,0,,0,0,,0,0,0,0,0,0,0,0,0,0.0
Linnae Harper,2023,13,2023-08-08,28.5,WAS,away,PHO,-19.0,0,3.1,0,1,0.0,0,1,0.0,0,0,,0,1,1,0,0,0,0,0,0,-0.4
Linnae Harper,2023,14,2023-08-11,28.5,WAS,away,LVA,-24.0,0,2.7,0,2,0.0,0,1,0.0,0,0,,0,0,0,0,0,0,0,1,0,-1.8
Tina Krajisnik,2022,1,2022-05-06,31.3,CHI,home,LAS,-7.0,0,0.5,0,0,,0,0,,0,0,,0,0,0,0,0,0,0,0,0,0.0
Tina Krajisnik,2022,2,2022-05-11,31.3,CHI,home,NYL,33.0,0,4.9,0,1,0.0,0,0,,0,0,,0,0,0,2,1,0,0,2,0,0.9
Tyasha Harris,2020,1,2020-07-26,22.2,DAL,home,ATL,-10.0,0,19.9,4,7,.571,3,6,.500,2,2,1.000,0,0,0,4,0,0,2,1,13,10.1
Tyasha Harris,2020,2,2020-07-29,22.2,DAL,home,NYL,13.0,0,11.1,3,5,.600,1,2,.500,0,0,,0,1,1,4,0,0,1,2,7,6.0
Tyasha Harris,2020,3,2020-07-31,22.2,DAL,home,IND,3.0,0,24.7,3,9,.333,0,4,.000,1,2,.500,0,1,1,5,1,0,1,0,7,5.3
Tyasha Harris,2020,4,2020-08-02,22.3,DAL,home,LVA,-9.0,0,17.2,1,2,.500,0,1,.000,1,2,.500,0,1,1,1,1,0,0,2,3,2.8
Tyasha Harris,2020,5,2020-08-04,22.3,DAL,home,CHI,-3.0,0,20.7,2,5,.400,1,1,1.000,0,0,,0,1,1,2,1,0,0,1,5,4.6
Tyasha Harris,2020,6,2020-08-06,22.3,DAL,home,CON,-23.0,0,20.9,4,7,.571,1,2,.500,1,1,1.000,0,1,1,7,2,0,1,1,10,12.5
Tyasha Harris,2020,7,2020-08-10,22.3,DAL,home,PHO,-12.0,0,5.0,2,2,1.000,1,1,1.000,0,0,,0,0,0,1,0,0,0,1,5,4.7
Tyasha Harris,2020,8,2020-08-12,22.3,DAL,home,CON,-4.0,0,23.7,4,9,.444,3,6,.500,2,2,1.000,0,2,2,1,2,0,2,3,13,8.4
Tyasha Harris,2020,9,2020-08-14,22.3,DAL,home,SEA,-18.0,1,16.7,0,4,.000,0,1,.000,0,0,,0,0,0,0,0,0,1,2,0,-4.6
Tyasha Harris,2020,10,2020-08-16,22.3,DAL,home,PHO,6.0,0,18.5,2,8,.250,1,4,.250,0,0,,0,2,2,3,2,0,0,1,5,4.5
Tyasha Harris,2020,11,2020-08-19,22.3,DAL,home,MIN,-7.0,0,17.9,1,3,.333,0,1,.000,0,0,,0,1,1,1,1,0,2,1,2,-0.1
Tyasha Harris,2020,12,2020-08-21,22.3,DAL,home,WAS,9.0,0,26.2,4,6,.667,1,2,.500,1,1,1.000,0,1,1,3,1,0,0,1,10,10.4
Tyasha Harris,2020,13,2020-08-23,22.3,DAL,home,LAS,-3.0,0,15.2,2,3,.667,1,1,1.000,0,0,,0,1,1,1,0,1,2,1,5,3.0
Tyasha Harris,2020,14,2020-08-25,22.3,DAL,home,LVA,-4.0,0,22.8,5,10,.500,2,5,.400,1,3,.333,0,2,2,5,0,0,1,5,13,8.3
Tyasha Harris,2020,15,2020-08-29,22.3,DAL,home,IND,4.0,0,13.7,1,7,.143,0,2,.000,0,0,,0,3,3,2,1,0,1,0,2,-0.2
Tyasha Harris,2020,16,2020-09-02,22.3,DAL,home,LAS,-8.0,0,16.2,2,4,.500,1,2,.500,0,0,,0,2,2,0,0,0,0,4,5,2.0
Tyasha Harris,2020,17,2020-09-04,22.3,DAL,home,MIN,-13.0,0,23.1,3,5,.600,0,2,.000,0,0,,0,0,0,3,0,0,0,3,6,4.6
Tyasha Harris,2020,18,2020-09-06,22.4,DAL,home,WAS,7.0,0,17.2,2,2,1.000,0,0,,0,0,,0,2,2,1,1,0,0,0,4,5.7
Tyasha Harris,2020,19,2020-09-09,22.4,DAL,home,SEA,-12.0,0,19.2,3,5,.600,1,3,.333,3,4,.750,0,1,1,5,1,1,2,2,10,10.0
Tyasha Harris,2020,20,2020-09-11,22.4,DAL,home,CHI,-7.0,1,31.8,3,12,.250,1,4,.250,1,3,.333,0,2,2,2,0,1,0,3,8,1.5
Tyasha Harris,2020,21,2020-09-13,22.4,DAL,home,NYL,3.0,1,30.2,4,12,.333,1,6,.167,1,2,.500,0,2,2,5,4,0,2,2,10,8.1
Tyasha Harris,2021,1,2021-05-14,23.0,DAL,away,LAS,23.0,0,21.5,3,6,.500,1,3,.333,0,0,,0,0,0,7,1,0,2,0,7,7.9
Tyasha Harris,2021,2,2021-05-22,23.1,DAL,home,SEA,-3.0,0,15.8,1,2,.500,0,1,.000,0,0,,0,0,0,1,1,0,1,3,2,0.5
Tyasha Harris,2021,3,2021-05-24,23.1,DAL,away,NYL,-7.0,1,33.2,3,9,.333,0,3,.000,2,2,1.000,1,2,3,7,2,1,3,5,8,6.8
Tyasha Harris,2021,4,2021-05-27,23.1,DAL,away,ATL,-6.0,0,32.0,4,9,.444,1,3,.333,1,2,.500,1,3,4,3,3,1,1,4,10,9.7
Tyasha Harris,2021,5,2021-05-29,23.1,DAL,home,PHO,-4.0,0,25.0,4,9,.444,1,4,.250,4,5,.800,0,3,3,1,0,1,0,4,13,8.6
Tyasha Harris,2021,6,2021-06-01,23.1,DAL,home,LAS,10.0,0,21.7,5,10,.500,4,6,.667,4,4,1.000,0,1,1,3,1,0,1,3,18,14.2
Tyasha Harris,2021,7,2021-06-04,23.1,DAL,away,SEA,-3.0,0,12.3,1,5,.200,1,3,.333,0,0,,1,0,1,5,0,0,1,4,3,1.5
Tyasha Harris,2021,8,2021-06-06,23.1,DAL,away,SEA,1.0,0,9.7,0,3,.000,0,1,.000,0,0,,0,0,0,2,0,0,1,0,0,-1.7
Tyasha Harris,2021,9,2021-06-08,23.1,DAL,away,PHO,4.0,0,22.1,2,6,.333,1,4,.250,0,0,,1,0,1,7,2,0,1,2,5,7.4
Tyasha Harris,2021,10,2021-06-11,23.1,DAL,away,PHO,18.0,0,18.0,0,6,.000,0,2,.000,2,2,1.000,0,3,3,4,1,1,1,0,2,2.2
Tyasha Harris,2021,11,2021-06-13,23.1,DAL,away,LVA,-7.0,0,12.7,0,1,.000,0,0,,2,2,1.000,0,3,3,0,0,0,0,1,2,1.8
Tyasha Harris,2021,12,2021-06-17,23.1,DAL,home,MIN,-12.0,0,18.6,2,5,.400,1,2,.500,0,0,,0,3,3,2,0,1,4,1,5,0.9
Tyasha Harris,2021,13,2021-06-19,23.1,DAL,home,MIN,18.0,0,17.9,5,10,.500,3,5,.600,0,0,,1,1,2,2,0,1,0,0,13,11.1
Tyasha Harris,2021,14,2021-06-22,23.1,DAL,away,CON,-10.0,0,13.8,2,5,.400,0,0,,0,0,,0,2,2,2,2,0,2,0,4,3.3
Tyasha Harris,2021,15,2021-06-24,23.1,DAL,away,IND,25.0,0,18.6,2,6,.333,1,4,.250,0,0,,0,0,0,4,0,0,1,1,5,3.0
Tyasha Harris,2021,16,2021-06-26,23.2,DAL,home,WAS,11.0,0,23.9,1,3,.333,1,3,.333,0,0,,0,0,0,4,0,0,1,1,3,2.7
Tyasha Harris,2021,17,2021-06-30,23.2,DAL,home,CHI,-10.0,0,10.7,0,1,.000,0,1,.000,0,0,,0,2,2,1,0,0,1,0,0,-0.4
Tyasha Harris,2021,18,2021-07-02,23.2,DAL,home,CHI,9.0,0,15.3,0,2,.000,0,1,.000,1,2,.500,1,0,1,3,0,0,2,2,1,-0.8
Tyasha Harris,2021,19,2021-07-05,23.2,DAL,away,NYL,-3.0,0,3.4,0,1,.000,0,0,,0,0,,0,1,1,0,0,0,0,0,0,-0.4
Tyasha Harris,2021,20,2021-07-07,23.2,DAL,away,MIN,-6.0,0,17.3,2,6,.333,1,2,.500,2,2,1.000,0,3,3,1,0,0,0,1,7,4.8
Tyasha Harris,2021,21,2021-07-11,23.2,DAL,home,LVA,-16.0,0,18.3,0,3,.000,0,0,,0,0,,0,2,2,3,0,1,1,0,0,0.3
Tyasha Harris,2021,22,2021-08-15,23.3,DAL,home,CON,-21.0,1,18.9,2,4,.500,1,1,1.000,0,0,,0,1,1,2,0,1,2,0,5,3.4
Tyasha Harris,2021,23,2021-08-17,23.3,DAL,away,CHI,4.0,0,5.2,0,0,,0,0,,2,2,1.000,0,1,1,2,0,0,1,0,2,2.7
Tyasha Harris,2021,24,2021-08-20,23.3,DAL,home,IND,-2.0,0,12.9,3,3,1.000,1,1,1.000,0,0,,0,0,0,1,0,0,0,1,7,6.4
Tyasha Harris,2021,25,2021-08-26,23.3,DAL,away,WAS,5.0,0,7.0,0,2,.000,0,1,.000,0,0,,0,0,0,1,0,0,0,0,0,-0.7
Tyasha Harris,2021,26,2021-08-28,23.3,DAL,away,WAS,-1.0,0,13.8,1,3,.333,0,0,,1,3,.333,1,3,4,1,0,0,0,0,3,2.8
Tyasha Harris,2021,27,2021-09-02,23.3,DAL,home,ATL,4.0,0,9.1,0,0,,0,0,,0,0,,0,0,0,2,0,0,0,0,0,1.4
Tyasha Harris,2021,28,2021-09-05,23.3,DAL,home,ATL,-5.0,0,24.2,3,9,.333,0,2,.000,0,0,,1,2,3,6,0,0,1,2,6,4.6
Tyasha Harris,2021,29,2021-09-07,23.4,DAL,home,CON,-27.0,1,16.8,0,6,.000,0,2,.000,2,2,1.000,0,1,1,2,0,1,0,2,2,-0.6
Tyasha Harris,2021,30,2021-09-11,23.4,DAL,home,NYL,1.0,0,10.2,0,3,.000,0,1,.000,0,0,,0,2,2,4,0,1,1,2,0,0.2
Tyasha Harris,2021,31,2021-09-13,23.4,DAL,away,LVA,-10.0,0,12.5,0,3,.000,0,1,.000,2,2,1.000,1,1,2,1,0,0,2,1,2,-0.8
Tyasha Harris,2021,32,2021-09-19,23.4,DAL,home,LAS,3.0,0,10.0,2,2,1.000,2,2,1.000,0,0,,0,2,2,1,0,0,1,0,6,5.7
Tyasha Harris,2022,1,2022-05-07,24.0,DAL,home,ATL,-7.0,1,9.2,1,3,.333,0,1,.000,0,0,,0,0,0,1,0,0,0,2,2,0.2
Tyasha Harris,2022,2,2022-05-13,24.0,DAL,away,WAS,8.0,0,28.4,2,5,.400,0,0,,2,3,.667,1,1,2,10,2,1,1,2,6,11.8
Tyasha Harris,2022,3,2022-05-17,24.0,DAL,home,WAS,-16.0,0,14.2,0,3,.000,0,1,.000,0,0,,0,0,0,0,0,0,3,0,0,-5.1
Tyasha Harris,2022,4,2022-05-19,24.0,DAL,away,PHO,10.0,0,10.9,3,4,.750,0,0,,0,0,,0,1,1,2,1,0,1,0,6,6.1
Tyasha Harris,2022,5,2022-05-21,24.1,DAL,home,MIN,16.0,0,18.1,2,4,.500,1,2,.500,2,2,1.000,2,2,4,3,0,1,1,2,7,8.0
Tyasha Harris,2022,6,2022-05-24,24.1,DAL,away,CON,8.0,0,14.4,3,5,.600,1,2,.500,0,0,,0,0,0,2,0,0,3,1,7,2.7
Tyasha Harris,2022,7,2022-05-26,24.1,DAL,away,CON,-31.0,0,14.9,0,2,.000,0,0,,0,0,,0,0,0,4,0,0,0,0,0,1.4
Tyasha Harris,2022,8,2022-05-31,24.1,DAL,away,LAS,-2.0,0,12.3,3,3,1.000,2,2,1.000,0,0,,0,1,1,1,0,0,1,1,8,6.7
Tyasha Harris,2022,9,2022-06-03,24.1,DAL,away,SEA,17.0,0,21.1,1,8,.125,1,4,.250,0,0,,0,0,0,4,3,0,2,1,3,1.2
Tyasha Harris,2022,10,2022-06-05,24.1,DAL,away,LVA,-6.0,0,17.6,3,9,.333,1,3,.333,0,0,,1,0,1,5,0,0,3,3,7,1.9
Tyasha Harris,2022,11,2022-06-10,24.1,DAL,home,SEA,-1.0,1,18.4,2,6,.333,0,0,,0,0,,1,1,2,6,2,0,3,0,4,4.8
Tyasha Harris,2022,12,2022-06-12,24.1,DAL,home,SEA,-5.0,1,28.6,4,11,.364,1,3,.333,1,1,1.000,0,1,1,6,0,0,3,2,10,4.6
Tyasha Harris,2022,13,2022-06-15,24.1,DAL,home,LVA,-8.0,1,16.3,2,6,.333,0,1,.000,1,1,1.000,0,0,0,2,0,0,0,0,5,3.0
Tyasha Harris,2022,14,2022-06-17,24.1,DAL,home,PHO,5.0,0,2.5,0,2,.000,0,2,.000,0,0,,0,1,1,0,0,0,0,2,0,-1.9
Tyasha Harris,2022,15,2022-06-19,24.1,DAL,home,LAS,10.0,0,8.7,0,1,.000,0,0,,0,0,,0,2,2,2,0,1,1,0,0,1.0
Tyasha Harris,2022,16,2022-06-21,24.1,DAL,away,ATL,-5.0,0,4.0,0,0,,0,0,,0,0,,0,0,0,0,0,0,0,1,0,-0.4
Tyasha Harris,2022,17,2022-06-23,24.1,DAL,home,IND,26.0,0,22.4,2,5,.400,0,2,.000,2,2,1.000,0,3,3,4,0,0,1,0,6,6.0
Tyasha Harris,2022,18,2022-06-25,24.2,DAL,home,PHO,-11.0,0,28.9,3,6,.500,1,3,.333,1,2,.500,0,1,1,4,0,0,1,1,8,6.3
Tyasha Harris,2022,19,2022-06-28,24.2,DAL,away,MIN,-28.0,1,14.9,0,3,.000,0,2,.000,3,3,1.000,1,0,1,1,0,0,3,1,3,-1.1
Tyasha Harris,2022,20,2022-07-01,24.2,DAL,home,LAS,-8.0,0,16.2,2,6,.333,0,2,.000,0,0,,0,1,1,3,0,0,1,0,4,2.0
Tyasha Harris,2022,21,2022-07-05,24.2,DAL,home,CON,11.0,0,12.7,2,4,.500,0,1,.000,0,0,,0,0,0,0,1,0,2,0,4,1.0
Tyasha Harris,2022,22,2022-07-12,24.2,DAL,away,SEA,-9.0,0,26.7,3,11,.273,3,4,.750,1,2,.500,0,1,1,3,1,0,1,0,10,5.5
Tyasha Harris,2022,23,2022-07-14,24.2,DAL,away,MIN,5.0,0,20.8,3,6,.500,1,2,.500,0,0,,0,2,2,6,0,0,0,5,7,6.8
Tyasha Harris,2022,24,2022-07-16,24.2,DAL,home,CHI,-8.0,0,12.2,0,1,.000,0,1,.000,0,0,,0,0,0,1,0,0,1,0,0,-1.0
Tyasha Harris,2022,25,2022-07-22,24.2,DAL,away,CHI,-6.0,0,22.7,3,7,.429,0,0,,1,1,1.000,0,1,1,6,0,0,1,2,7,6.0
Tyasha Harris,2022,26,2022-07-24,24.2,DAL,away,IND,10.0,0,7.7,2,2,1.000,0,0,,0,0,,0,0,0,1,0,0,1,1,4,2.7
Tyasha Harris,2022,27,2022-07-28,24.2,DAL,home,WAS,-10.0,0,5.3,0,1,.000,0,1,.000,1,2,.500,0,0,0,0,0,0,1,1,1,-1.5
Tyasha Harris,2022,28,2022-07-30,24.2,DAL,away,ATL,13.0,0,6.4,0,2,.000,0,2,.000,0,0,,0,0,0,1,0,0,0,0,0,-0.7
Tyasha Harris,2022,29,2022-08-02,24.3,DAL,away,CHI,6.0,0,17.0,2,5,.400,0,1,.000,0,0,,0,2,2,2,1,0,1,0,4,3.3
Tyasha Harris,2022,30,2022-08-04,24.3,DAL,home,LVA,2.0,0,23.5,7,8,.875,1,2,.500,0,0,,0,0,0,6,1,0,1,1,15,16.0
Tyasha Harris,2022,31,2022-08-06,24.3,DAL,home,IND,4.0,0,4.9,0,1,.000,0,1,.000,0,0,,0,0,0,0,1,0,1,0,0,-0.7
Tyasha Harris,2022,32,2022-08-08,24.3,DAL,home,NYL,9.0,0,11.9,2,6,.333,1,4,.250,0,0,,0,2,2,2,0,1,0,2,5,3.5
Tyasha Harris,2022,33,2022-08-10,24.3,DAL,home,NYL,-18.0,0,15.2,1,4,.250,0,0,,0,0,,0,1,1,0,0,0,0,2,2,-0.9
Tyasha Harris,2022,34,2022-08-12,24.3,DAL,away,PHO,-12.0,0,21.9,5,8,.625,1,2,.500,0,0,,0,0,0,0,0,0,1,1,11,6.0
Tyasha Harris,2022,35,2022-08-14,24.3,DAL,away,LAS,28.0,0,21.4,6,7,.857,2,3,.667,4,5,.800,0,2,2,11,0,0,0,1,18,23.0
Tyasha Harris,2023,1,2023-05-19,25.0,CON,away,IND,9.0,0,17.0,0,5,.000,0,2,.000,0,0,,1,4,5,3,1,0,2,0,0,-0.5
Tyasha Harris,2023,2,2023-05-21,25.1,CON,home,WAS,6.0,0,20.4,1,4,.250,1,2,.500,1,2,.500,0,1,1,1,0,0,0,2,4,1.4
Tyasha Harris,2023,3,2023-05-23,25.1,CON,away,WAS,7.0,0,6.6,1,3,.333,1,2,.500,0,0,,0,0,0,1,1,0,0,1,3,2.6
Tyasha Harris,2023,4,2023-05-27,25.1,CON,away,NYL,-16.0,0,7.4,3,5,.600,2,2,1.000,0,0,,0,0,0,0,0,0,1,0,8,4.7
Tyasha Harris,2023,5,2023-05-30,25.1,CON,home,IND,3.0,0,11.2,1,4,.250,0,2,.000,0,0,,0,0,0,0,0,0,1,2,2,-2.2
Tyasha Harris,2023,6,2023-06-01,25.1,CON,away,MIN,5.0,0,8.7,1,3,.333,0,2,.000,0,0,,0,0,0,0,1,0,2,1,2,-1.1
Tyasha Harris,2023,7,2023-06-04,25.1,CON,home,DAL,6.0,0,3.8,1,1,1.000,0,0,,0,0,,0,1,1,1,0,0,2,0,2,0.7
Tyasha Harris,2023,8,2023-06-06,25.1,CON,home,LVA,-6.0,0,3.0,0,2,.000,0,1,.000,0,0,,0,0,0,0,0,0,1,1,0,-2.8
Tyasha Harris,2023,9,2023-06-08,25.1,CON,home,LVA,17.0,0,10.9,2,3,.667,0,0,,2,2,1.000,0,1,1,1,1,0,1,1,6,5.3
Tyasha Harris,2023,10,2023-06-11,25.1,CON,away,ATL,12.0,0,23.9,6,9,.667,2,3,.667,1,2,.500,0,2,2,1,3,0,1,0,15,14.0
Tyasha Harris,2023,11,2023-06-15,25.1,CON,home,ATL,-4.0,0,15.8,0,5,.000,0,3,.000,0,0,,0,1,1,2,0,0,1,0,0,-2.8
Tyasha Harris,2023,12,2023-06-18,25.1,CON,away,LAS,9.0,0,14.8,3,6,.500,1,2,.500,0,0,,0,0,0,1,0,0,1,0,7,3.7
Tyasha Harris,2023,13,2023-06-20,25.1,CON,away,SEA,6.0,0,4.6,0,1,.000,0,1,.000,0,0,,0,0,0,0,0,1,0,0,0,0.0
Tyasha Harris,2023,14,2023-06-22,25.1,CON,away,MIN,21.0,0,19.0,3,5,.600,0,1,.000,0,0,,1,1,2,2,0,0,1,0,6,5.1
Tyasha Harris,2023,15,2023-06-25,25.2,CON,home,CHI,24.0,0,11.4,1,1,1.000,1,1,1.000,0,0,,0,1,1,2,0,0,3,1,3,1.0
Tyasha Harris,2023,16,2023-06-27,25.2,CON,home,NYL,-8.0,0,25.0,3,11,.273,1,3,.333,0,0,,1,1,2,1,1,0,1,2,7,1.4
Tyasha Harris,2023,17,2023-07-01,25.2,CON,away,LVA,-18.0,0,15.3,2,5,.400,1,2,.500,1,2,.500,0,1,1,0,0,0,0,4,6,1.6
Tyasha Harris,2023,18,2023-07-06,25.2,CON,home,SEA,20.0,0,22.9,4,8,.500,1,1,1.000,2,2,1.000,0,1,1,5,1,0,3,3,11,7.6
Tyasha Harris,2023,19,2023-07-09,25.2,CON,home,WAS,8.0,0,26.2,3,7,.429,2,2,1.000,2,2,1.000,0,0,0,3,0,0,0,1,10,8.0
Tyasha Harris,2023,20,2023-07-12,25.2,CON,away,CHI,12.0,0,34.2,3,6,.500,0,0,,0,2,.000,0,3,3,8,2,0,4,3,6,5.5
Tyasha Harris,2023,21,2023-07-18,25.2,CON,away,PHO,-6.0,0,24.2,3,6,.500,3,4,.750,0,0,,0,0,0,1,2,0,1,1,9,7.3
Tyasha Harris,2023,22,2023-07-20,25.2,CON,home,ATL,11.0,0,7.9,1,1,1.000,1,1,1.000,0,0,,0,1,1,2,1,0,1,0,3,4.4
Tyasha Harris,2023,23,2023-07-22,25.2,CON,away,ATL,8.0,0,15.6,1,2,.500,0,1,.000,0,0,,0,1,1,1,1,1,0,0,2,3.7
Tyasha Harris,2023,24,2023-07-25,25.2,CON,away,DAL,5.0,0,3.5,0,3,.000,0,1,.000,0,0,,0,0,0,0,0,0,0,0,0,-2.1
Tyasha Harris,2023,25,2023-07-30,25.2,CON,home,MIN,-4.0,0,4.0,0,2,.000,0,0,,0,0,,0,0,0,0,1,0,0,0,0,-0.4
Tyasha Harris,2023,26,2023-08-01,25.3,CON,home,MIN,10.0,0,27.3,8,12,.667,1,3,.333,0,1,.000,0,1,1,4,1,0,1,1,17,14.1
Tyasha Harris,2023,27,2023-08-04,25.3,CON,away,IND,16.0,0,23.8,3,7,.429,3,6,.500,0,0,,0,0,0,1,1,0,0,3,9,5.8
Tyasha Harris,2023,28,2023-08-08,25.3,CON,away,SEA,12.0,0,23.0,2,9,.222,0,1,.000,0,0,,1,0,1,3,0,0,0,0,4,1.3
Tyasha Harris,2023,29,2023-08-10,25.3,CON,away,PHO,-6.0,0,21.1,2,6,.333,0,1,.000,3,3,1.000,0,1,1,2,1,0,1,4,7,3.7
Tyasha Harris,2023,30,2023-08-12,25.3,CON,away,DAL,-10.0,0,2.8,0,1,.000,0,0,,0,0,,0,0,0,1,0,1,0,1,0,0.3
Tyasha Harris,2023,31,2023-08-18,25.3,CON,home,DAL,-20.0,0,17.8,2,5,.400,2,2,1.000,0,0,,0,1,1,3,2,0,1,0,6,6.7
Tyasha Harris,2023,32,2023-08-20,25.3,CON,away,CHI,6.0,0,10.7,1,3,.333,1,2,.500,0,0,,0,0,0,0,2,0,1,1,3,1.9
Tyasha Harris,2023,33,2023-08-22,25.3,CON,away,WAS,4.0,0,15.0,2,5,.400,2,4,.500,0,0,,0,1,1,1,0,0,0,1,6,3.9
Tyasha Harris,2023,34,2023-08-24,25.3,CON,home,NYL,-5.0,0,30.6,2,7,.286,1,3,.333,0,0,,0,0,0,4,0,0,1,1,5,2.3
Tyasha Harris,2023,35,2023-08-27,25.3,CON,home,LAS,15.0,0,20.8,2,6,.333,2,5,.400,0,0,,1,0,1,5,2,0,4,1,6,4.4
Tyasha Harris,2023,36,2023-08-31,25.3,CON,home,PHO,10.0,0,19.8,6,7,.857,4,4,1.000,2,2,1.000,0,0,0,2,1,0,0,2,18,17.1
Tyasha Harris,2023,37,2023-09-01,25.3,CON,away,NYL,-31.0,0,20.2,1,8,.125,1,5,.200,1,2,.500,0,2,2,3,0,0,1,0,4,0.1
Tyasha Harris,2023,38,2023-09-05,25.3,CON,home,LAS,14.0,0,24.1,4,10,.400,2,6,.333,0,0,,0,0,0,1,0,0,1,2,10,3.5
Tyasha Harris,2023,39,2023-09-08,25.4,CON,home,IND,17.0,0,21.1,3,3,1.000,0,0,,0,0,,0,1,1,1,0,0,1,2,6,4.3
Tyasha Harris,2023,40,2023-09-10,25.4,CON,home,CHI,-11.0,0,32.8,6,12,.500,3,3,1.000,2,3,.667,0,2,2,1,3,0,2,1,17,12.5
Grace Berger,2023,1,2023-05-21,24.0,IND,away,NYL,-17.0,0,3.1,1,2,.500,0,0,,0,0,,0,0,0,1,1,1,0,0,2,3.4
Grace Berger,2023,2,2023-05-28,24.0,IND,away,ATL,3.0,0,7.0,1,2,.500,0,1,.000,1,1,1.000,0,0,0,1,0,0,0,3,3,1.5
Grace Berger,2023,3,2023-05-30,24.0,IND,away,CON,-3.0,0,6.1,1,3,.333,0,0,,0,0,,0,0,0,1,0,0,0,2,2,0.2
Grace Berger,2023,4,2023-06-04,24.0,IND,home,LVA,-4.0,0,16.3,1,2,.500,0,0,,0,0,,0,2,2,4,0,0,2,2,2,1.6
Grace Berger,2023,5,2023-06-06,24.0,IND,away,CHI,-5.0,0,7.5,0,1,.000,0,1,.000,0,0,,0,1,1,0,0,0,2,1,0,-2.8
Grace Berger,2023,6,2023-06-09,24.0,IND,away,MIN,2.0,0,16.0,2,3,.667,0,0,,0,0,,0,2,2,4,0,0,1,0,4,5.1
Grace Berger,2023,7,2023-06-11,24.0,IND,home,PHO,-3.0,0,4.9,0,1,.000,0,0,,0,0,,0,0,0,0,0,0,1,0,0,-1.7
Grace Berger,2023,8,2023-06-13,24.0,IND,home,WAS,21.0,0,8.2,1,1,1.000,0,0,,2,2,1.000,1,0,1,2,0,0,0,0,4,5.8
Grace Berger,2023,9,2023-06-15,24.0,IND,away,CHI,2.0,0,4.4,0,1,.000,0,0,,0,0,,0,0,0,0,0,0,0,0,0,-0.7
Grace Berger,2023,10,2023-06-18,24.0,IND,home,ATL,-6.0,0,6.1,1,1,1.000,0,0,,0,0,,0,1,1,0,1,0,0,2,2,2.2
Grace Berger,2023,11,2023-06-29,24.1,IND,away,PHO,-22.0,0,4.8,0,0,,0,0,,2,2,1.000,0,0,0,1,0,1,1,0,2,2.4
Grace Berger,2023,12,2023-07-02,24.1,IND,home,CHI,-2.0,0,4.1,1,1,1.000,1,1,1.000,0,0,,0,0,0,1,0,0,0,0,3,3.4
Grace Berger,2023,13,2023-07-05,24.1,IND,away,MIN,-7.0,0,5.0,0,2,.000,0,0,,2,2,1.000,0,0,0,0,0,0,0,2,2,-0.2
Grace Berger,2023,14,2023-07-07,24.1,IND,away,WAS,-8.0,0,1.6,0,0,,0,0,,0,0,,0,0,0,0,0,0,0,0,0,0.0
Grace Berger,2023,15,2023-07-09,24.1,IND,home,DAL,-1.0,0,13.9,2,2,1.000,1,1,1.000,0,1,.000,0,1,1,3,1,0,4,2,5,2.6
Grace Berger,2023,16,2023-07-12,24.1,IND,home,NYL,-8.0,0,36.2,5,16,.313,1,3,.333,4,6,.667,0,7,7,4,3,0,1,4,15,10.3
Grace Berger,2023,17,2023-07-19,24.1,IND,away,WAS,6.0,0,22.4,1,3,.333,1,2,.500,0,0,,0,3,3,3,0,0,1,1,3,2.9
Grace Berger,2023,18,2023-07-23,24.1,IND,away,NYL,-18.0,0,19.0,3,6,.500,1,2,.500,2,2,1.000,1,3,4,5,0,0,2,1,9,8.7
Grace Berger,2023,19,2023-07-25,24.1,IND,away,LAS,-1.0,0,11.0,0,3,.000,0,1,.000,0,0,,0,2,2,0,0,0,1,0,0,-2.5
Grace Berger,2023,20,2023-07-27,24.1,IND,away,LAS,-13.0,0,19.7,5,7,.714,1,2,.500,0,0,,0,1,1,3,0,0,0,1,11,10.1
Grace Berger,2023,21,2023-07-30,24.2,IND,home,SEA,-23.0,0,13.1,0,1,.000,0,0,,0,0,,0,0,0,0,0,0,3,0,0,-3.7
Grace Berger,2023,22,2023-08-01,24.2,IND,home,PHO,1.0,0,10.0,1,1,1.000,0,0,,0,0,,0,1,1,0,0,0,0,1,2,1.6
Grace Berger,2023,23,2023-08-04,24.2,IND,home,CON,-16.0,0,18.6,1,3,.333,1,1,1.000,1,1,1.000,0,1,1,0,0,1,1,0,4,2.3
Grace Berger,2023,24,2023-08-06,24.2,IND,away,ATL,-9.0,0,8.5,1,1,1.000,0,0,,0,0,,0,0,0,1,0,0,1,0,2,1.4
Grace Berger,2023,25,2023-08-08,24.2,IND,home,LAS,-7.0,0,22.2,6,11,.545,2,3,.667,0,0,,0,2,2,4,1,1,1,2,14,12.0
Grace Berger,2023,26,2023-08-10,24.2,IND,home,MIN,18.0,0,18.5,0,3,.000,0,2,.000,2,2,1.000,0,4,4,1,2,0,0,1,2,3.4
Grace Berger,2023,27,2023-08-13,24.2,IND,home,NYL,-11.0,0,22.6,2,6,.333,1,2,.500,0,0,,1,1,2,2,0,1,3,1,5,1.3
Grace Berger,2023,28,2023-08-18,24.2,IND,home,WAS,-4.0,0,14.3,2,3,.667,1,1,1.000,0,0,,0,2,2,2,0,0,1,1,5,4.3
Grace Berger,2023,29,2023-08-20,24.2,IND,away,PHO,10.0,0,30.4,1,6,.167,1,3,.333,0,0,,0,2,2,5,2,0,1,3,3,3.1
Grace Berger,2023,30,2023-08-24,24.2,IND,home,SEA,4.0,0,24.2,6,9,.667,2,3,.667,0,0,,1,3,4,4,2,1,1,2,14,15.4
Grace Berger,2023,31,2023-08-27,24.2,IND,home,ATL,3.0,0,25.8,5,8,.625,1,2,.500,1,2,.500,1,1,2,3,1,0,0,1,12,11.7
Grace Berger,2023,32,2023-09-01,24.2,IND,home,DAL,-10.0,0,12.1,0,1,.000,0,0,,0,0,,1,0,1,0,0,0,1,1,0,-1.4
Grace Berger,2023,33,2023-09-03,24.3,IND,away,DAL,13.0,0,22.2,2,5,.400,0,1,.000,0,0,,0,1,1,3,1,0,2,1,4,2.3
Grace Berger,2023,34,2023-09-05,24.3,IND,home,CHI,-27.0,0,28.5,1,6,.167,0,0,,2,2,1.000,1,5,6,6,0,0,2,1,4,4.2
Grace Berger,2023,35,2023-09-08,24.3,IND,away,CON,-17.0,0,15.8,1,3,.333,0,1,.000,0,0,,0,0,0,1,0,0,2,1,2,-1.4
Grace Berger,2023,36,2023-09-10,24.3,IND,home,MIN,15.0,0,20.0,3,3,1.000,1,1,1.000,2,2,1.000,0,3,3,2,2,0,2,1,9,10.0
Megan Walker,2020,1,2020-07-29,21.7,NYL,home,DAL,-13.0,0,2.0,1,2,0.5,0,1,0.0,0,0,,0,0,0,0,0,0,0,1,2,0.6
Megan Walker,2020,2,2020-07-31,21.7,NYL,home,ATL,-6.0,0,13.7,1,6,0.167,0,4,0.0,0,0,,1,2,3,0,0,0,0,0,2,-0.5
Megan Walker,2020,3,2020-08-02,21.7,NYL,home,PHO,-29.0,0,14.4,1,8,0.125,0,6,0.0,0,0,,0,1,1,0,0,0,0,2,2,-3.7
Megan Walker,2020,4,2020-08-05,21.7,NYL,home,MIN,-26.0,0,21.2,3,8,0.375,1,5,0.2,1,1,1.0,1,0,1,1,1,0,1,3,8,3.8
Megan Walker,2020,5,2020-08-07,21.7,NYL,home,WAS,8.0,0,7.5,1,3,0.333,0,1,0.0,0,0,,0,3,3,1,1,0,0,1,2,2.5
Megan Walker,2020,6,2020-08-09,21.7,NYL,home,LVA,-2.0,0,9.6,2,7,0.286,0,2,0.0,1,2,0.5,1,0,1,0,0,0,0,0,5,1.2
Megan Walker,2020,7,2020-08-11,21.7,NYL,home,LAS,-15.0,0,9.8,3,7,0.429,1,4,0.25,0,0,,2,0,2,0,0,0,1,2,7,2.9
Megan Walker,2020,8,2020-08-13,21.7,NYL,home,IND,-7.0,0,8.3,2,2,1.0,0,0,,0,0,,0,0,0,1,1,0,0,1,4,4.7
Megan Walker,2020,9,2020-08-15,21.7,NYL,home,MIN,-30.0,0,19.4,2,5,0.4,2,4,0.5,0,0,,0,0,0,1,0,0,2,1,6,1.6
Megan Walker,2020,10,2020-08-18,21.7,NYL,home,SEA,-41.0,0,21.6,2,5,0.4,0,2,0.0,0,0,,2,2,4,1,1,0,0,2,4,4.2
Megan Walker,2020,11,2020-08-22,21.7,NYL,home,CON,-17.0,0,12.6,1,2,0.5,0,1,0.0,0,0,,0,1,1,0,0,0,1,0,2,0.3
Megan Walker,2020,12,2020-08-25,21.8,NYL,home,CHI,2.0,0,2.6,0,1,0.0,0,1,0.0,0,0,,0,0,0,0,0,0,0,0,0,-0.7
Megan Walker,2020,13,2020-09-03,21.8,NYL,home,ATL,-6.0,0,7.0,0,3,0.0,0,2,0.0,0,0,,0,1,1,0,0,0,0,0,0,-1.8
Megan Walker,2020,14,2020-09-05,21.8,NYL,home,PHO,-16.0,0,10.3,0,4,0.0,0,2,0.0,1,2,0.5,1,4,5,0,0,0,0,0,1,-0.3
Megan Walker,2020,15,2020-09-08,21.8,NYL,home,LAS,-26.0,0,22.3,3,11,0.273,2,7,0.286,0,0,,1,0,1,0,0,0,2,2,8,-0.6
Megan Walker,2020,16,2020-09-10,21.8,NYL,home,IND,-10.0,0,5.7,1,2,0.5,0,1,0.0,0,0,,1,1,2,0,0,0,0,0,2,2.0
Megan Walker,2020,17,2020-09-12,21.8,NYL,home,WAS,-17.0,0,14.2,2,2,1.0,0,0,,0,0,,1,1,2,1,0,0,0,0,4,5.1
Megan Walker,2020,18,2020-09-13,21.8,NYL,home,DAL,-3.0,0,2.9,0,0,,0,0,,0,0,,0,0,0,0,0,0,0,0,0,0.0
Megan Walker,2021,1,2021-05-16,22.5,PHO,away,CON,-8.0,0,16.4,3,7,.429,1,5,.200,1,2,.500,0,1,1,2,1,0,1,3,8,4.4
Megan Walker,2021,2,2021-05-18,22.5,PHO,away,WAS,21.0,0,9.2,1,5,.200,1,3,.333,2,2,1.000,1,1,2,0,0,0,2,0,5,0.9
Megan Walker,2021,3,2021-05-21,22.5,PHO,home,CON,-17.0,0,14.5,3,5,.600,0,2,.000,1,2,.500,0,1,1,0,0,0,1,1,7,3.2
Megan Walker,2021,4,2021-05-26,22.5,PHO,home,LVA,-6.0,1,22.9,3,10,.300,1,5,.200,0,0,,0,0,0,1,0,0,1,2,7,0.1
Megan Walker,2021,5,2021-05-29,22.5,PHO,away,DAL,4.0,1,24.6,2,7,.286,0,3,.000,1,2,.500,0,2,2,1,0,1,1,3,5,0.3
Megan Walker,2021,6,2021-06-01,22.5,PHO,away,CHI,1.0,1,25.9,4,9,.444,1,3,.333,2,3,.667,0,2,2,2,1,1,1,5,11,6.6
Megan Walker,2021,7,2021-06-03,22.5,PHO,home,CHI,3.0,1,32.2,4,13,.308,3,6,.500,0,0,,0,3,3,4,0,0,2,4,11,3.6
Megan Walker,2021,8,2021-06-08,22.5,PHO,home,DAL,-4.0,1,28.8,3,11,.273,2,6,.333,2,2,1.000,2,0,2,3,0,2,0,0,10,8.4
Megan Walker,2021,9,2021-06-11,22.5,PHO,home,DAL,-18.0,1,18.6,1,5,.200,0,3,.000,0,0,,0,1,1,0,0,0,1,2,2,-2.6
Megan Walker,2021,10,2021-06-13,22.6,PHO,home,NYL,-2.0,1,30.9,2,9,.222,1,4,.250,1,2,.500,1,3,4,3,0,1,1,4,6,1.9
Megan Walker,2021,11,2021-06-16,22.6,PHO,away,LAS,-5.0,0,12.4,2,6,.333,1,3,.333,0,0,,0,0,0,0,0,0,0,1,5,1.2
Megan Walker,2021,12,2021-06-18,22.6,PHO,away,LAS,14.0,0,25.5,3,10,.300,2,7,.286,2,4,.500,0,3,3,1,1,0,2,3,10,2.8
Megan Walker,2021,13,2021-06-27,22.6,PHO,home,LAS,9.0,0,6.5,0,1,.000,0,1,.000,0,2,.000,0,0,0,0,0,0,1,1,0,-2.9
Megan Walker,2021,14,2021-06-30,22.6,PHO,home,MIN,-6.0,0,15.7,2,5,.400,1,3,.333,0,0,,0,2,2,2,0,1,1,1,5,3.6
Megan Walker,2021,15,2021-07-03,22.6,PHO,home,MIN,-31.0,0,18.7,3,11,.273,3,6,.500,0,0,,1,0,1,1,0,0,1,4,9,1.3
Megan Walker,2021,16,2021-07-07,22.6,PHO,away,LVA,9.0,0,17.8,1,3,.333,1,3,.333,2,2,1.000,0,2,2,1,0,0,3,2,5,0.8
Megan Walker,2021,17,2021-07-09,22.6,PHO,home,SEA,8.0,0,21.1,3,6,.500,1,2,.500,1,1,1.000,1,1,2,1,0,0,0,1,8,6.3
Megan Walker,2021,18,2021-07-11,22.6,PHO,away,SEA,-7.0,0,8.8,0,1,.000,0,1,.000,0,0,,0,0,0,0,1,0,0,3,0,-0.9
Megan Walker,2021,19,2021-08-15,22.7,PHO,home,ATL,11.0,0,4.3,1,1,1.000,0,0,,0,0,,0,0,0,0,0,1,0,1,2,2.0
Megan Walker,2021,20,2021-08-17,22.7,PHO,home,IND,4.0,0,15.9,0,5,.000,0,1,.000,0,0,,0,3,3,0,0,0,0,1,0,-3.0
Megan Walker,2021,21,2021-08-19,22.7,PHO,home,WAS,13.0,0,5.5,0,1,.000,0,1,.000,0,0,,0,0,0,0,0,0,0,1,0,-1.1
Megan Walker,2021,22,2021-08-21,22.7,PHO,away,ATL,15.0,0,3.3,0,1,.000,0,0,,0,0,,0,0,0,0,0,0,0,0,0,-0.7
Megan Walker,2021,23,2021-08-25,22.8,PHO,away,NYL,27.0,0,1.6,0,0,,0,0,,0,0,,0,0,0,0,0,0,0,0,0,0.0
Megan Walker,2021,24,2021-08-27,22.8,PHO,away,NYL,16.0,0,9.2,0,3,.000,0,2,.000,2,2,1.000,0,2,2,0,0,1,1,3,2,-1.0
Megan Walker,2021,25,2021-08-31,22.8,PHO,home,CHI,20.0,0,2.2,0,0,,0,0,,0,0,,0,0,0,0,0,0,0,0,0,0.0
Megan Walker,2021,26,2021-09-04,22.8,PHO,away,IND,22.0,0,7.5,2,5,.400,0,1,.000,1,2,.500,0,3,3,0,0,0,1,1,5,1.4
Megan Walker,2021,27,2021-09-08,22.8,PHO,away,ATL,1.0,0,14.4,2,3,.667,1,2,.500,1,2,.500,0,1,1,0,0,0,0,2,6,3.8
Megan Walker,2021,28,2021-09-17,22.8,PHO,away,SEA,-9.0,0,4.1,0,0,,0,0,,0,0,,0,1,1,2,0,0,0,2,0,0.9
Megan Walker,2021,29,2021-09-19,22.8,PHO,home,LVA,-1.0,0,7.4,1,5,.200,0,2,.000,0,0,,0,1,1,1,1,0,2,1,2,-1.5
Megan Walker,2022,1,2022-05-07,23.5,ATL,away,DAL,7.0,0,8.3,2,3,0.667,1,2,0.5,0,0,,0,2,2,0,1,0,2,0,5,3.3
Megan Walker,2022,2,2022-05-11,23.5,ATL,home,LAS,2.0,0,18.9,3,5,0.6,2,3,0.667,3,4,0.75,1,0,1,1,0,0,0,0,11,9.7
Megan Walker,2022,3,2022-05-13,23.5,ATL,home,LVA,-23.0,0,16.1,2,5,0.4,1,2,0.5,1,2,0.5,0,0,0,1,1,0,1,1,6,3.2
Megan Walker,2022,4,2022-05-15,23.5,ATL,away,IND,6.0,0,7.5,0,0,,0,0,,0,0,,0,2,2,0,0,0,3,0,0,-2.4
Megan Walker,2022,5,2022-05-17,23.5,ATL,away,IND,22.0,0,16.1,1,4,0.25,0,2,0.0,0,0,,0,1,1,0,0,0,2,2,2,-2.9
Megan Walker,2022,6,2022-05-20,23.5,ATL,home,WAS,-5.0,0,4.9,0,2,0.0,0,1,0.0,0,0,,0,0,0,0,0,0,2,3,0,-4.6
Megan Walker,2022,7,2022-05-24,23.5,ATL,away,WAS,-20.0,0,4.4,1,2,0.5,1,1,1.0,0,0,,0,0,0,0,0,0,0,0,3,2.0
Megan Walker,2022,8,2022-05-29,23.5,ATL,home,PHO,27.0,0,13.3,3,8,0.375,2,4,0.5,0,0,,2,0,2,1,1,0,1,1,8,5.3
Megan Walker,2022,9,2022-06-01,23.5,ATL,home,MIN,8.0,0,3.2,0,1,0.0,0,1,0.0,0,0,,0,1,1,0,0,0,1,0,0,-1.4
Megan Walker,2022,10,2022-06-03,23.5,ATL,home,CHI,-8.0,0,10.3,1,3,0.333,0,1,0.0,0,0,,0,0,0,1,0,0,0,1,2,0.6
Megan Walker,2022,11,2022-06-05,23.5,ATL,home,IND,9.0,0,5.6,1,2,0.5,0,1,0.0,0,0,,0,0,0,1,0,0,0,0,2,1.7
Megan Walker,2022,12,2022-06-07,23.5,ATL,away,SEA,-12.0,0,6.5,0,3,0.0,0,1,0.0,0,0,,0,0,0,0,0,0,0,0,0,-2.1
Kysre Gondrezick,2021,1,2021-05-14,23.8,IND,away,NYL,-3.0,0,12.5,2,5,0.4,1,2,0.5,0,0,,0,1,1,1,0,0,0,2,5,2.5
Kysre Gondrezick,2021,2,2021-05-16,23.8,IND,home,NYL,-8.0,0,10.4,0,6,0.0,0,3,0.0,0,0,,0,0,0,3,1,0,1,0,0,-2.1
Kysre Gondrezick,2021,3,2021-05-19,23.8,IND,away,CON,-21.0,0,15.5,2,7,0.286,1,4,0.25,0,0,,0,1,1,1,2,0,2,0,5,1.9
Kysre Gondrezick,2021,4,2021-05-21,23.8,IND,home,ATL,-4.0,0,11.4,3,3,1.0,2,2,1.0,0,0,,1,2,3,0,0,0,3,1,8,5.0
Kysre Gondrezick,2021,5,2021-05-23,23.8,IND,home,WAS,12.0,0,8.5,1,1,1.0,1,1,1.0,0,0,,0,3,3,3,0,0,0,0,3,5.7
Kysre Gondrezick,2021,6,2021-05-25,23.8,IND,home,WAS,-16.0,0,10.9,1,2,0.5,1,2,0.5,0,0,,1,2,3,0,0,0,0,0,3,3.3
Kysre Gondrezick,2021,7,2021-05-28,23.8,IND,away,LVA,-36.0,0,8.6,0,2,0.0,0,1,0.0,0,0,,1,2,3,0,0,0,3,0,0,-3.1
Kysre Gondrezick,2021,8,2021-05-30,23.8,IND,away,LVA,-23.0,0,15.0,3,4,0.75,2,2,1.0,0,0,,0,0,0,3,1,0,2,0,8,7.5
Kysre Gondrezick,2021,9,2021-06-01,23.8,IND,away,SEA,-15.0,0,9.3,0,2,0.0,0,2,0.0,0,0,,0,1,1,2,0,0,0,1,0,-0.1
Kysre Gondrezick,2021,10,2021-06-03,23.9,IND,away,LAS,-35.0,0,4.8,0,1,0.0,0,0,,0,0,,0,0,0,0,0,0,1,3,0,-2.9
Kysre Gondrezick,2021,11,2021-06-09,23.9,IND,away,CHI,-16.0,0,3.1,0,0,,0,0,,0,0,,0,1,1,1,0,0,1,0,0,0.0
Kysre Gondrezick,2021,12,2021-06-12,23.9,IND,home,CHI,-4.0,0,17.8,0,5,0.0,0,3,0.0,2,2,1.0,0,0,0,1,3,0,1,3,2,0.0
Kysre Gondrezick,2021,13,2021-06-15,23.9,IND,home,SEA,-17.0,0,10.1,0,1,0.0,0,1,0.0,0,2,0.0,0,1,1,1,0,0,1,1,0,-1.9
Kysre Gondrezick,2021,14,2021-06-17,23.9,IND,home,SEA,-10.0,0,11.8,1,3,0.333,0,1,0.0,0,0,,0,0,0,1,0,0,0,1,2,0.6
Kysre Gondrezick,2021,15,2021-06-19,23.9,IND,away,WAS,-5.0,0,8.4,0,1,0.0,0,1,0.0,0,0,,0,1,1,0,0,0,1,1,0,-1.8
Kysre Gondrezick,2021,16,2021-06-24,23.9,IND,home,DAL,-25.0,0,5.0,0,2,0.0,0,2,0.0,0,0,,0,0,0,1,0,0,0,0,0,-0.7
Kysre Gondrezick,2021,17,2021-07-01,23.9,IND,home,CON,-6.0,0,4.1,0,0,,0,0,,0,0,,0,1,1,0,0,0,0,0,0,0.3
Kysre Gondrezick,2021,18,2021-07-09,24.0,IND,home,NYL,13.0,0,3.5,0,1,0.0,0,1,0.0,0,0,,0,0,0,0,0,0,0,0,0,-0.7
Kysre Gondrezick,2021,19,2021-07-11,24.0,IND,away,ATL,11.0,0,2.4,0,0,,0,0,,0,0,,0,0,0,0,0,0,1,1,0,-1.4
Bernadett Hatar,2021,1,2021-05-19,26.7,IND,away,CON,-21.0,0,18.6,3,6,0.5,0,0,,0,0,,2,3,5,1,0,0,1,1,6,4.6
Bernadett Hatar,2021,2,2021-05-21,26.7,IND,home,ATL,-4.0,0,20.9,4,6,0.667,0,0,,4,4,1.0,0,2,2,0,0,2,2,4,12,7.8
Bernadett Hatar,2021,3,2021-05-23,26.7,IND,home,WAS,12.0,0,8.3,1,3,0.333,0,0,,0,0,,1,0,1,0,0,0,0,2,2,0.2
Bernadett Hatar,2021,4,2021-06-19,26.8,IND,away,WAS,-5.0,0,13.1,2,5,0.4,0,0,,0,0,,0,3,3,0,0,0,1,1,4,0.8
Bernadett Hatar,2021,5,2021-06-24,26.8,IND,home,DAL,-25.0,0,9.4,0,2,0.0,0,0,,0,0,,1,1,2,0,0,0,2,1,0,-2.8
Bernadett Hatar,2021,6,2021-07-01,26.9,IND,home,CON,-6.0,1,17.6,1,2,0.5,0,0,,0,0,,0,0,0,1,1,1,3,5,2,-1.6
Bernadett Hatar,2021,7,2021-07-03,26.9,IND,home,CON,6.0,1,18.3,3,5,0.6,0,0,,2,3,0.667,3,2,5,0,2,0,2,4,8,6.4
Bernadett Hatar,2023,1,2023-08-08,29.0,CON,away,SEA,12.0,0,5.0,0,0,,0,0,,0,0,,0,0,0,0,0,0,1,2,0,-1.8
Bernadett Hatar,2023,2,2023-08-10,29.0,CON,away,PHO,-6.0,0,15.5,3,7,0.429,0,0,,0,0,,0,2,2,0,0,0,1,2,6,1.1
Bernadett Hatar,2023,3,2023-08-24,29.0,CON,home,NYL,-5.0,0,5.1,1,2,0.5,0,0,,0,0,,0,2,2,0,0,0,1,1,2,0.2
Bernadett Hatar,2023,4,2023-08-27,29.0,CON,home,LAS,15.0,0,2.1,0,1,0.0,0,0,,0,0,,0,0,0,0,0,0,0,0,0,-0.7
Bernadett Hatar,2023,5,2023-08-31,29.0,CON,home,PHO,10.0,0,5.2,0,1,0.0,0,0,,0,0,,1,0,1,1,0,1,1,2,0,-0.4
Bernadett Hatar,2023,6,2023-09-01,29.0,CON,away,NYL,-31.0,0,14.4,2,5,0.4,0,0,,0,0,,2,2,4,0,4,1,0,2,4,7.2
Glory Johnson,2020,1,2020-07-31,30.0,ATL,home,NYL,6.0,0,7.5,1,2,0.5,0,1,0.0,0,2,0.0,0,1,1,0,1,0,1,1,2,0.1
Glory Johnson,2020,2,2020-08-02,30.0,ATL,home,IND,-16.0,0,6.8,0,0,,0,0,,0,0,,0,0,0,0,0,0,0,0,0,0.0
Glory Johnson,2020,3,2020-08-04,30.0,ATL,home,PHO,-7.0,0,19.4,2,3,0.667,0,1,0.0,1,2,0.5,0,5,5,0,1,0,1,3,5,3.6
Glory Johnson,2020,4,2020-08-06,30.0,ATL,home,SEA,-1.0,0,19.5,1,4,0.25,1,3,0.333,0,0,,1,6,7,1,2,1,0,3,3,5.3
Glory Johnson,2020,5,2020-08-08,30.0,ATL,home,DAL,-10.0,0,17.4,2,4,0.5,2,3,0.667,0,0,,1,6,7,0,1,3,0,1,6,9.2
Glory Johnson,2020,6,2020-08-10,30.0,ATL,home,CON,-11.0,0,10.9,1,2,0.5,1,2,0.5,3,4,0.75,0,3,3,1,0,0,1,0,6,5.2
Glory Johnson,2020,7,2020-08-12,30.0,ATL,home,SEA,-37.0,0,17.3,2,7,0.286,0,4,0.0,0,0,,1,4,5,1,1,1,1,0,4,3.2
Glory Johnson,2020,8,2020-08-14,30.0,ATL,home,PHO,-16.0,0,7.8,1,1,1.0,1,1,1.0,0,2,0.0,0,1,1,1,0,0,0,0,3,2.9
Glory Johnson,2020,9,2020-08-16,30.1,ATL,home,CHI,-25.0,0,21.4,2,5,0.4,0,2,0.0,3,4,0.75,0,3,3,0,1,0,2,0,7,3.8
Glory Johnson,2020,10,2020-08-19,30.1,ATL,home,WAS,-7.0,0,7.8,1,3,0.333,0,2,0.0,0,0,,0,2,2,0,1,0,2,1,2,-0.5
Glory Johnson,2020,11,2020-08-21,30.1,ATL,home,LAS,-8.0,0,32.4,10,16,0.625,2,6,0.333,1,2,0.5,1,4,5,2,2,0,4,4,23,15.1
Glory Johnson,2020,12,2020-08-23,30.1,ATL,home,MIN,3.0,0,16.7,0,4,0.0,0,2,0.0,1,2,0.5,0,6,6,2,0,1,0,0,1,1.7
Glory Johnson,2020,13,2020-08-28,30.1,ATL,home,MIN,-9.0,0,11.5,0,4,0.0,0,2,0.0,1,4,0.25,0,2,2,0,0,0,0,1,1,-2.8
Glory Johnson,2020,14,2020-08-30,30.1,ATL,home,LAS,-5.0,0,14.6,1,3,0.333,1,2,0.5,0,0,,1,2,3,1,0,0,1,1,3,1.9
Glory Johnson,2020,15,2020-09-01,30.1,ATL,home,IND,12.0,0,23.7,4,8,0.5,3,6,0.5,2,2,1.0,1,7,8,0,0,1,0,6,13,10.1
Glory Johnson,2020,16,2020-09-03,30.1,ATL,home,NYL,6.0,0,16.8,2,7,0.286,0,3,0.0,0,0,,0,3,3,1,4,0,0,2,4,4.7
Glory Johnson,2020,17,2020-09-05,30.1,ATL,home,LVA,-10.0,1,20.8,1,8,0.125,0,2,0.0,0,0,,1,5,6,1,1,0,0,4,2,-0.9
Glory Johnson,2020,18,2020-09-09,30.1,ATL,home,CHI,8.0,0,5.2,0,2,0.0,0,0,,0,0,,0,0,0,0,0,0,0,0,0,-1.4
Kathleen Doyle,2020,1,2020-08-02,22.1,IND,home,ATL,16.0,0,6.7,0,1,0.0,0,1,0.0,0,0,,0,0,0,1,0,0,1,0,0,-1.0
Kathleen Doyle,2020,2,2020-08-05,22.2,IND,home,LAS,-11.0,0,11.1,1,5,0.2,1,3,0.333,0,0,,1,0,1,1,2,0,2,3,3,0.1
Kathleen Doyle,2020,3,2020-08-07,22.2,IND,home,MIN,-7.0,0,4.6,0,1,0.0,0,0,,0,0,,0,0,0,0,0,0,2,0,0,-2.7
Kathleen Doyle,2020,4,2020-08-11,22.2,IND,home,LVA,-19.0,0,3.2,0,1,0.0,0,1,0.0,0,0,,0,0,0,0,0,0,1,1,0,-2.1
Kathleen Doyle,2020,5,2020-08-13,22.2,IND,home,NYL,7.0,0,8.1,0,0,,0,0,,0,0,,1,0,1,1,0,0,0,4,0,-0.2
Kathleen Doyle,2020,6,2020-08-15,22.2,IND,home,LAS,-14.0,0,12.2,2,4,0.5,1,1,1.0,0,0,,0,2,2,0,0,0,1,1,5,2.2
Kathleen Doyle,2020,7,2020-08-18,22.2,IND,home,CON,-22.0,0,7.6,0,1,0.0,0,1,0.0,0,0,,0,1,1,0,0,0,1,0,0,-1.4
Kathleen Doyle,2020,8,2020-08-20,22.2,IND,home,SEA,6.0,0,19.1,2,7,0.286,2,5,0.4,0,0,,0,0,0,4,1,0,2,4,6,2.1
Kathleen Doyle,2020,9,2020-08-22,22.2,IND,home,CHI,-11.0,0,10.3,0,1,0.0,0,0,,0,0,,0,0,0,1,1,0,0,2,0,0.2
Kathleen Doyle,2020,10,2020-08-25,22.2,IND,home,SEA,-13.0,0,8.5,1,3,0.333,0,2,0.0,0,0,,0,0,0,0,0,0,1,3,2,-1.9
Kathleen Doyle,2020,11,2020-08-29,22.2,IND,home,DAL,-4.0,0,7.9,0,1,0.0,0,0,,0,0,,0,0,0,1,1,0,0,1,0,0.6
Kathleen Doyle,2020,12,2020-08-31,22.2,IND,home,CHI,-23.0,0,9.6,0,2,0.0,0,2,0.0,1,2,0.5,0,2,2,1,0,0,2,2,1,-2.3
Kathleen Doyle,2020,13,2020-09-01,22.2,IND,home,ATL,-12.0,0,7.4,0,1,0.0,0,1,0.0,0,0,,0,0,0,2,1,0,0,0,0,1.7
Kathleen Doyle,2020,14,2020-09-03,22.2,IND,home,PHO,-24.0,0,3.0,0,1,0.0,0,0,,0,0,,0,0,0,1,0,0,2,0,0,-2.0
Kathleen Doyle,2020,15,2020-09-05,22.2,IND,home,CON,-19.0,0,4.8,1,2,0.5,0,0,,0,0,,0,1,1,1,0,0,2,1,2,-0.4
Kathleen Doyle,2020,16,2020-09-08,22.2,IND,home,LVA,-6.0,0,4.4,0,0,,0,0,,0,0,,0,0,0,1,0,0,1,0,0,-0.3
Kathleen Doyle,2020,17,2020-09-10,22.2,IND,home,NYL,10.0,0,10.9,0,3,0.0,0,0,,0,0,,0,4,4,1,0,0,0,3,0,-1.4
Kathleen Doyle,2020,18,2020-09-12,22.3,IND,home,MIN,-12.0,0,15.8,3,7,0.429,1,4,0.25,1,2,0.5,1,2,3,3,1,0,0,1,8,7.9
Jessica Breland,2021,1,2021-05-14,33.2,IND,away,NYL,-3.0,0,17.8,3,6,.500,0,0,,2,2,1.000,0,4,4,1,1,1,0,1,8,8.2
Jessica Breland,2021,2,2021-05-16,33.2,IND,home,NYL,-8.0,0,18.3,1,3,.333,0,0,,0,0,,0,2,2,1,0,2,2,3,2,-0.2
Jessica Breland,2021,3,2021-05-19,33.2,IND,away,CON,-21.0,0,16.4,1,8,.125,0,0,,0,0,,2,3,5,2,0,1,2,4,2,-2.4
Jessica Breland,2021,4,2021-05-21,33.2,IND,home,ATL,-4.0,1,27.8,6,13,.462,0,0,,3,4,.750,5,11,16,2,0,0,2,0,15,14.1
Jessica Breland,2021,5,2021-05-23,33.2,IND,home,WAS,12.0,1,29.5,8,12,.667,1,1,1.000,0,0,,3,7,10,5,1,2,2,2,17,19.1
Jessica Breland,2021,6,2021-05-25,33.2,IND,home,WAS,-16.0,1,28.7,5,13,.385,0,1,.000,0,0,,2,5,7,5,0,2,1,1,10,9.3
Jessica Breland,2021,7,2021-05-28,33.3,IND,away,LVA,-36.0,1,13.9,3,6,.500,0,0,,0,1,.000,2,4,6,0,0,0,3,6,6,-0.2
Jessica Breland,2021,8,2021-05-30,33.3,IND,away,LVA,-23.0,1,19.3,2,7,.286,0,1,.000,0,0,,2,3,5,4,0,0,3,4,4,0.4
Jessica Breland,2021,9,2021-06-01,33.3,IND,away,SEA,-15.0,0,20.4,6,9,.667,0,0,,0,0,,0,2,2,0,0,1,2,1,12,7.0
Jessica Breland,2021,10,2021-06-03,33.3,IND,away,LAS,-35.0,0,21.4,3,5,.600,1,1,1.000,0,2,.000,0,7,7,1,0,2,5,2,7,2.3
Jessica Breland,2021,11,2021-06-09,33.3,IND,away,CHI,-16.0,1,23.9,2,9,.222,0,0,,0,0,,2,7,9,6,3,4,4,2,4,7.2
Jessica Breland,2021,12,2021-06-12,33.3,IND,home,CHI,-4.0,1,14.2,1,3,.333,0,0,,2,2,1.000,3,3,6,2,2,2,2,5,4,6.1
Jessica Breland,2021,13,2021-06-15,33.3,IND,home,SEA,-17.0,1,27.2,5,12,.417,0,1,.000,0,2,.000,2,7,9,2,0,3,1,2,10,8.0
Jessica Breland,2021,14,2021-06-17,33.3,IND,home,SEA,-10.0,1,26.3,4,9,.444,2,4,.500,0,0,,0,11,11,3,2,4,5,1,10,10.1
Jessica Breland,2021,15,2021-06-19,33.3,IND,away,WAS,-5.0,1,29.0,3,11,.273,1,2,.500,0,0,,1,9,10,3,1,2,2,2,7,5.6
Jessica Breland,2021,16,2021-06-24,33.3,IND,home,DAL,-25.0,1,11.2,0,2,.000,0,0,,0,0,,2,5,7,1,0,0,1,2,0,0.4
Jessica Breland,2021,17,2021-07-03,33.4,IND,home,CON,6.0,0,16.1,1,2,.500,0,1,.000,2,2,1.000,0,3,3,1,1,3,2,4,4,4.1
Jessica Breland,2021,18,2021-07-09,33.4,IND,home,NYL,13.0,1,30.6,1,5,.200,0,0,,0,0,,0,6,6,3,2,1,0,2,2,4.7
Jessica Breland,2021,19,2021-07-11,33.4,IND,away,ATL,11.0,1,23.5,5,14,.357,0,2,.000,0,0,,4,3,7,2,0,1,3,2,10,4.2
Jessica Breland,2021,20,2021-08-15,33.5,IND,away,LAS,-5.0,1,26.8,0,4,.000,0,0,,0,0,,4,4,8,1,0,2,2,2,0,0.5
Jessica Breland,2021,21,2021-08-17,33.5,IND,away,PHO,-4.0,1,14.8,1,4,.250,0,0,,0,0,,1,3,4,2,0,0,0,0,2,2.6
Jessica Breland,2021,22,2021-08-28,33.5,IND,home,LVA,-16.0,0,14.3,0,6,.000,0,0,,0,0,,0,2,2,1,1,1,1,1,0,-2.6
Jessica Breland,2021,23,2021-08-31,33.5,IND,home,LAS,2.0,0,20.7,0,3,.000,0,0,,4,4,1.000,0,3,3,2,2,0,0,0,4,6.2
Jessica Breland,2021,24,2021-09-04,33.5,IND,home,PHO,-22.0,1,26.3,3,6,.500,0,2,.000,0,0,,1,7,8,1,0,3,0,1,6,8.2
Jessica Breland,2021,25,2021-09-06,33.5,IND,home,PHO,-5.0,1,21.9,2,7,.286,0,0,,0,0,,1,4,5,2,0,1,3,1,4,0.5
Jessica Breland,2021,26,2021-09-10,33.5,IND,away,MIN,-17.0,1,3.9,1,1,1.000,0,0,,0,0,,0,1,1,0,0,1,0,0,2,2.7
Abby Meyers,2023,1,2023-06-22,23.9,WAS,away,CHI,21.0,0,6.5,1,4,0.25,0,0,,0,0,,0,0,0,0,0,0,0,1,2,-0.8
Abby Meyers,2023,2,2023-06-25,23.9,WAS,away,NYL,-1.0,0,5.7,0,1,0.0,0,1,0.0,0,0,,0,0,0,0,0,0,0,2,0,-1.5
Abby Meyers,2023,3,2023-06-28,24.0,WAS,home,ATL,23.0,0,9.9,1,2,0.5,0,1,0.0,0,0,,1,1,2,0,0,1,1,1,2,1.3
Abby Meyers,2023,4,2023-06-30,24.0,WAS,away,ATL,-5.0,0,3.2,1,1,1.0,0,0,,0,0,,0,2,2,0,0,0,0,0,2,2.3
Abby Meyers,2023,5,2023-07-02,24.0,WAS,away,DAL,-17.0,0,1.8,1,2,0.5,0,0,,1,1,1.0,0,0,0,0,0,1,0,0,3,2.7
Abby Meyers,2023,6,2023-07-21,24.0,WAS,home,NYL,-9.0,0,0.5,0,0,,0,0,,0,0,,0,0,0,0,0,0,0,0,0,0.0
Abby Meyers,2023,7,2023-07-23,24.0,WAS,home,PHO,15.0,0,1.4,0,1,0.0,0,1,0.0,2,2,1.0,0,0,0,0,1,0,0,0,2,2.3
Abby Meyers,2023,8,2023-07-26,24.0,WAS,away,MIN,-5.0,0,2.4,0,1,0.0,0,1,0.0,0,0,,0,0,0,0,0,0,0,1,0,-1.1
Abby Meyers,2023,9,2023-07-28,24.0,WAS,away,DAL,-28.0,0,5.1,1,1,1.0,0,0,,0,0,,0,0,0,0,0,0,0,0,2,1.7
Jasmine Thomas,2020,1,2020-07-26,30.8,CON,home,MIN,-8.0,1,30.9,1,10,0.1,0,3,0.0,4,4,1.0,0,3,3,4,0,0,2,0,6,1.1
Jasmine Thomas,2020,2,2020-07-28,30.8,CON,home,WAS,-5.0,1,31.4,3,9,0.333,0,1,0.0,1,1,1.0,0,0,0,3,2,0,1,3,7,3.8
Jasmine Thomas,2020,3,2020-07-30,30.8,CON,home,LAS,-5.0,1,31.4,3,12,0.25,1,3,0.333,4,6,0.667,0,3,3,2,3,0,1,2,11,6.5
Jasmine Thomas,2020,4,2020-08-01,30.8,CON,home,MIN,-9.0,1,31.2,4,14,0.286,1,5,0.2,0,0,,2,3,5,4,1,0,4,3,9,1.7
Jasmine Thomas,2020,5,2020-08-04,30.8,CON,home,SEA,-13.0,1,29.1,4,11,0.364,3,5,0.6,0,0,,0,1,1,4,0,0,4,1,11,3.6
Jasmine Thomas,2020,6,2020-08-06,30.9,CON,home,DAL,23.0,1,30.3,5,10,0.5,0,2,0.0,4,4,1.0,0,0,0,9,3,0,4,2,14,13.5
Jasmine Thomas,2020,7,2020-08-08,30.9,CON,home,CHI,-7.0,1,31.7,9,15,0.6,4,7,0.571,0,0,,0,1,1,6,5,1,7,2,22,17.5
Jasmine Thomas,2020,8,2020-08-10,30.9,CON,home,ATL,11.0,1,20.7,5,10,0.5,1,2,0.5,4,4,1.0,0,1,1,7,0,1,1,1,15,14.5
Jasmine Thomas,2020,9,2020-08-12,30.9,CON,home,DAL,4.0,1,32.2,4,12,0.333,2,8,0.25,0,0,,0,3,3,3,0,1,1,2,10,5.1
Jasmine Thomas,2020,10,2020-08-14,30.9,CON,home,CHI,3.0,1,34.3,6,17,0.353,3,6,0.5,0,0,,0,1,1,4,1,0,1,2,15,7.8
Jasmine Thomas,2020,11,2020-08-16,30.9,CON,home,SEA,-23.0,1,22.4,8,13,0.615,0,3,0.0,1,1,1.0,0,0,0,0,1,0,1,0,17,11.1
Jasmine Thomas,2020,12,2020-08-18,30.9,CON,home,IND,22.0,1,32.2,5,12,0.417,3,6,0.5,2,2,1.0,1,1,2,6,1,0,1,2,15,13.0
Jasmine Thomas,2020,13,2020-08-20,30.9,CON,home,LVA,-21.0,1,25.5,1,4,0.25,0,2,0.0,0,0,,0,1,1,4,0,1,4,2,2,-1.4
Jasmine Thomas,2020,14,2020-08-22,30.9,CON,home,NYL,17.0,1,29.9,7,15,0.467,1,4,0.25,1,1,1.0,1,2,3,5,3,0,4,2,16,11.3
Jasmine Thomas,2020,15,2020-08-28,30.9,CON,home,LAS,-4.0,1,32.4,5,10,0.5,2,5,0.4,0,0,,0,3,3,6,0,1,7,4,12,4.2
Jasmine Thomas,2020,16,2020-08-30,30.9,CON,home,WAS,13.0,1,10.0,1,5,0.2,0,0,,0,0,,0,1,1,0,1,0,0,0,2,0.2
Jasmine Thomas,2020,17,2020-09-05,30.9,CON,home,IND,19.0,1,22.6,4,7,0.571,0,0,,0,0,,0,3,3,7,3,0,3,1,8,10.1
Jasmine Thomas,2020,18,2020-09-07,30.9,CON,home,PHO,15.0,1,1.6,1,1,1.0,0,0,,0,0,,0,0,0,1,0,0,0,0,2,2.4
Jasmine Thomas,2020,19,2020-09-11,31.0,CON,home,ATL,-7.0,1,5.4,0,1,0.0,0,1,0.0,0,0,,0,2,2,1,0,0,0,1,0,0.2
Jasmine Thomas,2021,1,2021-05-19,31.6,CON,home,IND,21.0,1,19.8,3,5,.600,1,2,.500,1,1,1.000,0,0,0,3,0,0,3,2,8,4.0
Jasmine Thomas,2021,2,2021-05-21,31.6,CON,away,PHO,17.0,1,28.9,6,13,.462,3,6,.500,0,0,,1,3,4,3,1,0,1,4,15,10.4
Jasmine Thomas,2021,3,2021-05-23,31.6,CON,away,LVA,7.0,1,32.4,3,14,.214,0,4,.000,1,2,.500,1,8,9,5,2,0,1,1,7,5.2
Jasmine Thomas,2021,4,2021-05-25,31.6,CON,away,SEA,-3.0,1,41.1,3,12,.250,1,2,.500,2,3,.667,0,5,5,6,2,0,5,3,9,2.9
Jasmine Thomas,2021,5,2021-05-28,31.7,CON,home,WAS,5.0,1,30.9,6,9,.667,4,5,.800,3,4,.750,1,2,3,2,0,0,2,1,19,15.0
Jasmine Thomas,2021,6,2021-05-30,31.7,CON,away,MIN,-5.0,1,33.7,5,12,.417,2,4,.500,2,2,1.000,0,2,2,5,0,1,2,1,14,10.0
Jasmine Thomas,2021,7,2021-06-01,31.7,CON,home,LVA,7.0,1,35.8,3,13,.231,0,4,.000,5,5,1.000,1,3,4,6,1,0,4,3,11,4.7
Jasmine Thomas,2021,8,2021-06-05,31.7,CON,home,NYL,21.0,1,32.6,2,9,.222,2,4,.500,0,0,,2,3,5,9,1,1,1,1,6,9.4
Jasmine Thomas,2021,9,2021-06-13,31.7,CON,home,SEA,-23.0,1,22.5,3,8,.375,0,0,,0,0,,0,2,2,3,1,0,2,3,6,2.1
Jasmine Thomas,2021,10,2021-06-17,31.7,CON,away,CHI,-6.0,1,33.9,8,14,.571,0,2,.000,4,6,.667,0,1,1,4,0,0,5,3,20,9.5
Jasmine Thomas,2021,11,2021-06-19,31.7,CON,away,CHI,-10.0,1,33.8,3,10,.300,1,3,.333,3,3,1.000,1,0,1,2,0,0,4,1,10,1.9
Jasmine Thomas,2021,12,2021-06-22,31.7,CON,home,DAL,10.0,1,33.2,4,12,.333,1,4,.250,2,2,1.000,0,2,2,4,0,2,2,0,11,7.0
Jasmine Thomas,2021,13,2021-06-27,31.7,CON,home,CHI,16.0,1,25.6,8,13,.615,1,2,.500,1,1,1.000,0,1,1,3,3,0,3,1,18,14.1
Jasmine Thomas,2021,14,2021-06-29,31.7,CON,away,WAS,19.0,1,29.1,7,13,.538,7,9,.778,0,0,,0,1,1,1,0,0,3,4,21,11.1
Jasmine Thomas,2021,15,2021-07-01,31.8,CON,away,IND,6.0,1,31.5,2,9,.222,0,4,.000,3,4,.750,0,1,1,7,1,0,2,3,7,4.1
Jasmine Thomas,2021,16,2021-07-03,31.8,CON,away,IND,-6.0,1,23.1,1,8,.125,0,3,.000,0,0,,1,2,3,1,1,0,1,2,2,-2.0
Jasmine Thomas,2021,17,2021-07-09,31.8,CON,home,ATL,12.0,1,29.7,2,9,.222,1,3,.333,0,0,,0,4,4,3,3,0,1,1,5,4.4
Jasmine Thomas,2021,18,2021-07-11,31.8,CON,away,NYL,17.0,1,21.4,3,6,.500,2,3,.667,4,4,1.000,0,3,3,1,1,1,1,3,12,10.1
Jasmine Thomas,2021,19,2021-08-15,31.9,CON,away,DAL,21.0,1,29.4,5,12,.417,2,4,.500,0,0,,1,1,2,4,4,0,1,0,12,12.4
Jasmine Thomas,2021,20,2021-08-17,31.9,CON,home,MIN,12.0,1,34.6,6,12,.500,2,4,.500,5,5,1.000,0,3,3,5,3,0,3,2,19,16.6
Jasmine Thomas,2021,21,2021-08-19,31.9,CON,home,MIN,11.0,1,28.6,2,6,.333,0,3,.000,2,2,1.000,0,1,1,7,1,0,2,1,6,6.4
Jasmine Thomas,2021,22,2021-08-24,31.9,CON,home,LVA,14.0,1,29.7,4,12,.333,0,3,.000,0,0,,0,4,4,6,1,0,2,2,8,4.8
Jasmine Thomas,2021,23,2021-08-26,31.9,CON,home,LAS,4.0,1,35.9,4,11,.364,3,6,.500,2,3,.667,0,2,2,6,4,0,2,2,13,12.5
Jasmine Thomas,2021,24,2021-08-28,31.9,CON,home,LAS,15.0,1,28.8,1,10,.100,0,6,.000,2,2,1.000,0,0,0,5,3,0,3,2,4,0.1
Jasmine Thomas,2021,25,2021-08-31,31.9,CON,away,WAS,10.0,1,30.6,3,8,.375,1,2,.500,0,0,,2,1,3,6,1,0,3,1,7,6.1
Jasmine Thomas,2021,26,2021-09-07,31.9,CON,away,DAL,27.0,1,24.3,1,2,.500,1,1,1.000,0,0,,1,2,3,6,0,1,0,2,3,7.4
Jasmine Thomas,2021,27,2021-09-09,31.9,CON,away,LAS,18.0,1,29.9,2,6,.333,1,3,.333,5,5,1.000,1,2,3,3,0,0,5,0,10,5.0
Jasmine Thomas,2021,28,2021-09-11,31.9,CON,away,PHO,9.0,1,29.2,6,11,.545,3,4,.750,2,2,1.000,0,0,0,2,1,0,2,0,17,12.1
Jasmine Thomas,2021,29,2021-09-15,32.0,CON,home,NYL,29.0,1,22.5,4,6,.667,2,2,1.000,0,0,,0,0,0,2,3,0,1,2,10,10.0
Jasmine Thomas,2021,30,2021-09-19,32.0,CON,home,ATL,20.0,1,24.4,3,8,.375,1,3,.333,0,0,,0,1,1,2,1,0,0,2,7,4.5
Jasmine Thomas,2022,1,2022-05-07,32.6,CON,away,NYL,-2.0,1,28.9,3,7,0.429,1,4,0.25,6,7,0.857,0,4,4,3,0,1,4,5,13,6.9
Jasmine Thomas,2022,2,2022-05-14,32.6,CON,home,LAS,17.0,1,29.6,1,9,0.111,1,2,0.5,4,4,1.0,1,3,4,4,1,0,1,1,7,5.1
Jasmine Thomas,2022,3,2022-05-17,32.6,CON,away,NYL,27.0,1,20.3,1,5,0.2,0,2,0.0,2,2,1.0,0,0,0,3,2,0,1,1,4,3.6
Jasmine Thomas,2022,4,2022-05-20,32.6,CON,home,IND,9.0,1,22.2,2,6,0.333,2,4,0.5,0,0,,1,1,2,2,0,0,1,0,6,4.0
Jasmine Thomas,2022,5,2022-05-22,32.6,CON,away,IND,22.0,1,8.0,1,3,0.333,1,1,1.0,0,0,,0,1,1,3,0,0,0,0,3,3.7
Jasmine Thomas,2023,1,2023-06-09,33.7,LAS,home,CHI,15.0,0,11.8,1,4,.250,1,4,.250,2,2,1.000,0,1,1,0,0,0,1,1,5,1.5
Jasmine Thomas,2023,2,2023-06-11,33.7,LAS,away,MIN,-5.0,0,12.5,1,4,.250,1,4,.250,0,0,,0,0,0,3,0,0,0,1,3,2.3
Jasmine Thomas,2023,3,2023-06-14,33.7,LAS,away,DAL,18.0,0,3.8,0,0,,0,0,,0,0,,0,1,1,1,0,0,1,0,0,0.0
Jasmine Thomas,2023,4,2023-06-16,33.7,LAS,home,MIN,-5.0,0,19.4,2,7,.286,1,6,.167,0,0,,0,2,2,1,0,0,1,1,5,0.8
Jasmine Thomas,2023,5,2023-06-18,33.7,LAS,home,CON,-9.0,0,11.5,0,3,.000,0,2,.000,0,0,,0,0,0,0,0,0,1,1,0,-3.5
Jasmine Thomas,2023,6,2023-06-20,33.7,LAS,home,MIN,-6.0,0,10.8,0,1,.000,0,1,.000,0,0,,0,3,3,1,0,0,2,0,0,-1.1
Jasmine Thomas,2023,7,2023-06-23,33.7,LAS,home,DAL,2.0,0,4.5,0,2,.000,0,1,.000,0,0,,0,1,1,1,1,0,0,0,0,0.6
Jasmine Thomas,2023,8,2023-06-28,33.7,LAS,away,CHI,-17.0,0,17.1,2,6,.333,0,2,.000,0,0,,3,1,4,1,0,1,0,2,4,3.6
Jasmine Thomas,2023,9,2023-06-30,33.7,LAS,away,CHI,-8.0,1,18.5,0,5,.000,0,1,.000,0,0,,0,0,0,1,0,0,3,1,0,-6.2
Jasmine Thomas,2023,10,2023-07-02,33.8,LAS,away,ATL,-28.0,1,14.0,1,5,.200,1,2,.500,0,0,,0,2,2,4,2,0,2,2,3,2.5
Jasmine Thomas,2023,11,2023-07-05,33.8,LAS,home,ATL,-11.0,1,14.2,1,4,.250,1,4,.250,0,0,,0,0,0,1,0,1,0,2,3,1.2
Jasmine Thomas,2023,12,2023-07-09,33.8,LAS,away,PHO,-6.0,1,28.6,4,9,.444,2,4,.500,0,0,,0,0,0,4,0,1,0,1,10,8.4
Jasmine Thomas,2023,13,2023-07-12,33.8,LAS,home,LVA,-19.0,1,16.8,1,5,.200,1,2,.500,0,0,,0,2,2,1,1,0,1,1,3,0.8
Jasmine Thomas,2023,14,2023-07-20,33.8,LAS,away,MIN,-3.0,0,5.1,0,2,.000,0,1,.000,0,0,,0,2,2,0,0,0,1,0,0,-1.8
Jasmine Thomas,2023,15,2023-07-22,33.8,LAS,away,DAL,-14.0,0,4.9,0,0,,0,0,,0,0,,0,0,0,0,0,0,0,0,0,0.0
Jasmine Thomas,2023,16,2023-07-25,33.8,LAS,home,IND,1.0,0,3.7,0,1,.000,0,0,,0,0,,0,0,0,1,0,0,0,0,0,0.0
Jasmine Thomas,2023,17,2023-07-27,33.8,LAS,home,IND,13.0,0,24.4,3,6,.500,1,3,.333,1,1,1.000,1,1,2,2,1,1,0,1,8,8.7
Jasmine Thomas,2023,18,2023-07-30,33.8,LAS,home,NYL,-8.0,0,20.6,1,4,.250,0,2,.000,2,2,1.000,0,3,3,2,0,0,0,0,4,3.9
Jasmine Thomas,2023,19,2023-08-01,33.8,LAS,home,NYL,-7.0,0,12.9,1,4,.250,1,3,.333,0,0,,0,2,2,2,0,0,1,0,3,1.6
Jasmine Thomas,2023,20,2023-08-04,33.8,LAS,away,WAS,-2.0,0,8.9,0,3,.000,0,0,,0,0,,0,0,0,0,0,0,0,2,0,-2.9
Jasmine Thomas,2023,21,2023-08-06,33.8,LAS,away,WAS,8.0,0,6.5,0,0,,0,0,,0,0,,0,0,0,2,1,0,0,2,0,1.6
Jasmine Thomas,2023,22,2023-08-08,33.9,LAS,away,IND,7.0,0,13.7,2,6,.333,1,4,.250,0,0,,2,0,2,2,1,0,0,0,5,5.4
Jasmine Thomas,2023,23,2023-08-12,33.9,LAS,home,ATL,11.0,0,4.1,0,0,,0,0,,2,2,1.000,0,0,0,0,0,0,1,0,2,1.0
Jasmine Thomas,2023,24,2023-08-23,33.9,LAS,home,PHO,29.0,0,14.4,4,5,.800,1,2,.500,0,0,,1,1,2,1,0,0,1,2,9,7.0
Jasmine Thomas,2023,25,2023-08-25,33.9,LAS,away,ATL,5.0,0,4.2,0,0,,0,0,,0,0,,0,0,0,0,0,0,0,0,0,0.0
Jasmine Thomas,2023,26,2023-08-27,33.9,LAS,away,CON,-15.0,0,11.4,0,1,.000,0,1,.000,0,0,,0,0,0,2,0,0,1,1,0,-0.7
Jasmine Thomas,2023,27,2023-08-29,33.9,LAS,home,CHI,-1.0,1,23.4,1,4,.250,1,4,.250,0,0,,2,1,3,4,0,0,1,1,3,3.7
Jasmine Thomas,2023,28,2023-08-31,33.9,LAS,home,SEA,-11.0,1,22.8,0,6,.000,0,3,.000,0,0,,0,0,0,2,1,0,2,4,0,-5.4
Jasmine Thomas,2023,29,2023-09-03,33.9,LAS,home,WAS,8.0,0,13.0,2,3,.667,1,2,.500,2,2,1.000,0,0,0,0,0,1,0,1,7,6.0
Jasmine Thomas,2023,30,2023-09-05,33.9,LAS,away,CON,-14.0,0,6.0,1,3,.333,0,1,.000,0,0,,0,1,1,1,0,0,0,0,2,1.3
Jasmine Thomas,2023,31,2023-09-07,33.9,LAS,away,NYL,-7.0,0,9.8,0,0,,0,0,,0,0,,0,0,0,1,0,1,1,0,0,0.4
Jasmine Thomas,2023,32,2023-09-10,33.9,LAS,away,SEA,2.0,0,16.4,2,7,.286,1,3,.333,1,2,.500,1,0,1,1,1,0,0,1,6,3.5
Paris Kea,2020,1,2020-08-18,24.4,NYL,home,SEA,-41.0,0,6.0,2,8,0.25,0,3,0.0,0,0,,1,0,1,0,0,0,1,1,4,-1.5
Paris Kea,2020,2,2020-08-20,24.4,NYL,home,CHI,-16.0,0,2.3,0,1,0.0,0,1,0.0,0,0,,0,1,1,1,0,0,0,0,0,0.3
Paris Kea,2020,3,2020-08-25,24.4,NYL,home,CHI,2.0,0,17.4,3,8,0.375,2,4,0.5,2,2,1.0,0,1,1,2,1,0,0,2,10,7.5
Paris Kea,2020,4,2020-08-29,24.4,NYL,home,LVA,-17.0,0,17.7,5,7,0.714,4,6,0.667,0,0,,0,1,1,3,1,0,2,0,14,12.5
Paris Kea,2020,5,2020-09-01,24.4,NYL,home,CON,-5.0,1,17.6,1,2,0.5,0,0,,0,0,,0,0,0,2,2,0,3,0,2,1.4
Paris Kea,2020,6,2020-09-03,24.4,NYL,home,ATL,-6.0,1,18.6,3,8,0.375,1,4,0.25,1,2,0.5,1,7,8,1,1,0,2,0,8,5.7
Paris Kea,2020,7,2020-09-05,24.4,NYL,home,PHO,-16.0,1,4.3,0,4,0.0,0,1,0.0,0,0,,2,1,3,1,0,0,1,2,0,-2.2
Paris Kea,2020,8,2020-09-08,24.4,NYL,home,LAS,-26.0,0,14.8,3,5,0.6,3,5,0.6,2,2,1.0,0,1,1,1,1,0,2,1,11,8.3
Paris Kea,2020,9,2020-09-10,24.4,NYL,home,IND,-10.0,1,30.8,8,18,0.444,3,7,0.429,2,2,1.0,1,0,1,2,1,1,3,5,21,10.4
Paris Kea,2020,10,2020-09-12,24.4,NYL,home,WAS,-17.0,1,24.6,1,7,0.143,0,0,,0,0,,0,4,4,2,0,2,3,0,2,-1.5
Paris Kea,2020,11,2020-09-13,24.4,NYL,home,DAL,-3.0,0,10.7,2,5,0.4,0,2,0.0,0,0,,0,1,1,1,0,0,2,1,4,-0.1
Alisia Jenkins,2020,1,2020-08-25,26.5,IND,home,SEA,-13.0,0,1.9,0,0,,0,0,,0,0,,0,1,1,0,0,0,0,0,0,0.3
Alisia Jenkins,2020,2,2020-08-31,26.5,CHI,home,IND,23.0,0,1.9,0,0,,0,0,,0,0,,0,0,0,0,0,0,0,0,0,0.0
Alisia Jenkins,2020,3,2020-09-04,26.5,CHI,home,WAS,-10.0,0,1.0,0,0,,0,0,,0,0,,0,0,0,0,0,0,0,0,0,0.0
Alisia Jenkins,2020,4,2020-09-07,26.5,PHO,home,CON,-15.0,0,1.3,0,0,,0,0,,1,2,0.5,0,0,0,0,0,0,0,0,1,0.6
Alisia Jenkins,2020,5,2020-09-11,26.6,PHO,home,SEA,-23.0,0,21.4,2,8,0.25,0,3,0.0,3,4,0.75,0,3,3,0,0,0,3,3,7,-1.5
Briann January,2020,1,2020-08-12,33.6,CON,home,DAL,4.0,0,15.9,0,2,0.0,0,1,0.0,0,0,,0,1,1,3,0,0,0,1,0,0.6
Briann January,2020,2,2020-08-14,33.6,CON,home,CHI,3.0,0,18.5,0,4,0.0,0,1,0.0,0,0,,1,0,1,1,0,0,0,2,0,-2.2
Briann January,2020,3,2020-08-16,33.6,CON,home,SEA,-23.0,0,18.4,1,4,0.25,1,2,0.5,0,0,,0,1,1,3,1,0,1,3,3,1.8
Briann January,2020,4,2020-08-18,33.6,CON,home,IND,22.0,1,27.6,1,5,0.2,0,2,0.0,1,2,0.5,0,0,0,1,0,0,1,2,3,-1.6
Briann January,2020,5,2020-08-20,33.6,CON,home,LVA,-21.0,1,24.2,6,9,0.667,3,3,1.0,0,0,,0,1,1,2,1,1,1,2,15,12.7
Briann January,2020,6,2020-08-22,33.6,CON,home,NYL,17.0,1,29.4,3,10,0.3,1,6,0.167,4,4,1.0,1,1,2,4,2,0,0,3,11,9.8
Briann January,2020,7,2020-08-28,33.6,CON,home,LAS,-4.0,1,29.3,1,8,0.125,1,3,0.333,2,2,1.0,1,2,3,3,1,0,2,2,5,1.4
Briann January,2020,8,2020-08-30,33.6,CON,home,WAS,13.0,1,29.5,1,5,0.2,1,2,0.5,0,0,,0,0,0,7,1,0,3,1,3,2.4
Briann January,2020,9,2020-09-01,33.6,CON,home,NYL,5.0,1,26.1,2,9,0.222,0,0,,1,2,0.5,1,1,2,3,2,1,2,3,5,1.7
Briann January,2020,10,2020-09-03,33.6,CON,home,LVA,-15.0,1,26.1,2,4,0.5,0,2,0.0,0,0,,0,0,0,5,0,0,4,1,4,1.1
Briann January,2020,11,2020-09-05,33.7,CON,home,IND,19.0,1,24.4,0,5,0.0,0,3,0.0,2,2,1.0,0,2,2,6,0,0,0,2,2,2.5
Briann January,2020,12,2020-09-07,33.7,CON,home,PHO,15.0,1,17.3,3,6,0.5,2,3,0.667,0,0,,0,3,3,3,0,0,1,3,8,5.8
Briann January,2020,13,2020-09-11,33.7,CON,home,ATL,-7.0,1,16.2,2,4,0.5,2,3,0.667,0,0,,0,0,0,3,0,0,0,0,6,6.1
Briann January,2021,1,2021-05-14,34.3,CON,away,ATL,11.0,1,29.7,2,8,.250,2,6,.333,0,0,,1,3,4,3,0,0,1,5,6,1.9
Briann January,2021,2,2021-05-16,34.3,CON,home,PHO,8.0,1,37.0,4,7,.571,1,1,1.000,6,7,.857,1,0,1,6,1,0,2,4,15,13.6
Briann January,2021,3,2021-05-19,34.4,CON,home,IND,21.0,1,17.1,0,4,.000,0,2,.000,0,0,,0,0,0,5,0,0,1,0,0,-0.3
Briann January,2021,4,2021-05-28,34.4,CON,home,WAS,5.0,1,28.7,1,4,.250,0,2,.000,1,2,.500,0,1,1,2,0,0,1,5,3,-1.1
Briann January,2021,5,2021-05-30,34.4,CON,away,MIN,-5.0,1,37.6,3,10,.300,1,6,.167,0,0,,0,2,2,1,1,0,1,1,7,2.1
Briann January,2021,6,2021-06-01,34.4,CON,home,LVA,7.0,1,28.6,4,8,.500,1,2,.500,2,2,1.000,2,0,2,2,0,0,2,0,11,7.8
Briann January,2021,7,2021-06-05,34.4,CON,home,NYL,21.0,1,23.4,3,6,.500,0,2,.000,0,0,,0,0,0,2,1,0,2,1,6,3.0
Briann January,2021,8,2021-06-13,34.4,CON,home,SEA,-23.0,1,29.4,2,5,.400,1,2,.500,0,0,,0,1,1,4,0,0,2,2,5,2.6
Briann January,2021,9,2021-06-17,34.4,CON,away,CHI,-6.0,1,35.6,0,5,.000,0,3,.000,0,1,.000,1,1,2,3,1,0,1,3,0,-2.0
Briann January,2021,10,2021-06-19,34.4,CON,away,CHI,-10.0,1,36.9,5,11,.455,1,2,.500,1,2,.500,0,2,2,6,1,0,3,3,12,7.5
Briann January,2021,11,2021-06-22,34.4,CON,home,DAL,10.0,1,34.4,1,5,.200,1,2,.500,2,2,1.000,1,0,1,3,2,0,2,4,5,3.1
Briann January,2021,12,2021-06-27,34.5,CON,home,CHI,16.0,1,33.8,0,6,.000,0,0,,2,2,1.000,0,1,1,3,0,0,0,1,2,-0.2
Briann January,2021,13,2021-06-29,34.5,CON,away,WAS,19.0,1,26.6,2,5,.400,0,1,.000,0,0,,0,0,0,2,2,0,1,4,4,2.1
Briann January,2021,14,2021-07-01,34.5,CON,away,IND,6.0,1,26.8,1,2,.500,1,1,1.000,0,0,,0,3,3,2,0,1,1,2,3,3.2
Briann January,2021,15,2021-07-03,34.5,CON,away,IND,-6.0,1,24.1,1,3,.333,0,1,.000,0,0,,0,2,2,0,0,0,1,0,2,-0.1
Briann January,2021,16,2021-07-09,34.5,CON,home,ATL,12.0,1,31.0,5,8,.625,1,3,.333,0,0,,0,2,2,2,0,0,2,1,11,7.0
Briann January,2021,17,2021-07-11,34.5,CON,away,NYL,17.0,1,29.8,4,8,.500,2,5,.400,0,0,,0,4,4,3,3,0,1,2,10,10.5
Briann January,2021,18,2021-08-15,34.6,CON,away,DAL,21.0,1,29.5,4,5,.800,1,2,.500,0,0,,1,0,1,5,0,1,3,2,9,8.2
Briann January,2021,19,2021-08-17,34.6,CON,home,MIN,12.0,1,33.9,4,8,.500,1,2,.500,1,1,1.000,1,0,1,3,1,0,4,1,10,5.4
Briann January,2021,20,2021-08-19,34.6,CON,home,MIN,11.0,1,37.1,1,4,.250,0,0,,5,5,1.000,0,3,3,4,1,0,4,2,7,4.5
Briann January,2021,21,2021-08-24,34.6,CON,home,LVA,14.0,1,36.9,7,10,.700,2,4,.500,3,4,.750,1,1,2,3,3,0,2,1,19,18.1
Briann January,2021,22,2021-08-26,34.6,CON,home,LAS,4.0,1,40.0,0,2,.000,0,1,.000,2,2,1.000,0,0,0,3,1,0,1,2,2,1.9
Briann January,2021,23,2021-08-28,34.6,CON,home,LAS,15.0,1,31.4,4,5,.800,2,3,.667,0,0,,0,1,1,4,2,1,2,2,10,11.1
Briann January,2021,24,2021-08-31,34.6,CON,away,WAS,10.0,1,25.2,3,5,.600,3,5,.600,0,0,,0,2,2,1,0,0,3,2,9,4.2
Briann January,2021,25,2021-09-07,34.7,CON,away,DAL,27.0,1,25.8,4,5,.800,3,4,.750,2,2,1.000,0,1,1,3,2,1,2,0,13,14.2
Briann January,2021,26,2021-09-09,34.7,CON,away,LAS,18.0,1,23.3,0,3,.000,0,3,.000,4,4,1.000,0,1,1,3,3,0,2,1,4,4.9
Briann January,2021,27,2021-09-11,34.7,CON,away,PHO,9.0,1,30.9,2,4,.500,1,2,.500,2,2,1.000,0,0,0,5,0,0,2,2,7,5.7
Briann January,2021,28,2021-09-15,34.7,CON,home,NYL,29.0,1,20.4,1,5,.200,1,2,.500,0,0,,0,0,0,2,0,0,2,1,3,-1.1
Briann January,2021,29,2021-09-19,34.7,CON,home,ATL,20.0,1,32.0,3,6,.500,1,2,.500,0,0,,0,2,2,4,0,0,1,4,7,4.8
Briann January,2022,1,2022-05-06,35.3,SEA,home,MIN,23.0,0,19.0,1,3,.333,0,2,.000,2,2,1.000,0,3,3,3,1,3,3,1,4,5.0
Briann January,2022,2,2022-05-08,35.3,SEA,away,LVA,-11.0,0,17.0,1,2,.500,1,1,1.000,0,0,,0,2,2,2,0,0,1,2,3,2.2
Briann January,2022,3,2022-05-11,35.3,SEA,away,PHO,-20.0,0,25.5,1,4,.250,0,3,.000,2,2,1.000,0,2,2,3,1,0,1,3,4,3.1
Briann January,2022,4,2022-05-14,35.3,SEA,home,PHO,-5.0,0,24.1,2,8,.250,0,4,.000,1,1,1.000,1,0,1,1,2,0,1,1,5,2.2
Briann January,2022,5,2022-05-18,35.3,SEA,home,CHI,3.0,0,18.1,1,5,.200,1,3,.333,0,0,,0,0,0,3,0,0,1,1,3,0.6
Briann January,2022,6,2022-05-20,35.4,SEA,home,LAS,3.0,0,15.6,2,5,.400,1,3,.333,0,2,.000,0,0,0,5,0,0,0,4,5,3.4
Briann January,2022,7,2022-05-27,35.4,SEA,home,NYL,8.0,1,31.6,4,7,.571,3,4,.750,0,0,,0,0,0,2,1,0,0,2,11,9.3
Briann January,2022,8,2022-05-29,35.4,SEA,home,NYL,31.0,1,25.2,4,6,.667,2,3,.667,2,2,1.000,0,3,3,2,2,0,2,2,12,10.9
Briann January,2022,9,2022-06-03,35.4,SEA,home,DAL,-17.0,1,30.1,1,5,.200,1,4,.250,0,0,,1,1,2,7,0,1,3,2,3,2.7
Briann January,2022,10,2022-06-05,35.4,SEA,home,CON,-7.0,0,10.7,1,2,.500,0,1,.000,0,0,,0,1,1,2,0,0,3,2,2,-1.1
Briann January,2022,11,2022-06-07,35.4,SEA,home,ATL,12.0,0,13.3,0,3,.000,0,2,.000,0,0,,0,1,1,1,0,1,2,1,0,-2.8
Briann January,2022,12,2022-06-10,35.4,SEA,away,DAL,1.0,0,13.3,1,2,.500,0,0,,1,2,.500,0,1,1,3,3,0,2,0,3,5.0
Briann January,2022,13,2022-06-12,35.4,SEA,away,DAL,5.0,0,14.8,2,3,.667,1,2,.500,1,2,.500,0,1,1,3,1,0,1,1,6,6.3
Briann January,2022,14,2022-06-14,35.4,SEA,away,MIN,2.0,1,26.4,1,5,.200,1,3,.333,0,0,,0,0,0,4,1,1,4,0,3,0.4
Briann January,2022,15,2022-06-17,35.4,SEA,away,CON,-11.0,0,12.7,2,4,.500,1,2,.500,0,0,,0,1,1,4,1,1,1,1,5,6.4
Briann January,2022,16,2022-06-19,35.4,SEA,away,NYL,9.0,0,13.8,2,5,.400,1,2,.500,2,2,1.000,1,2,3,1,3,0,0,1,7,8.9
Briann January,2022,17,2022-06-23,35.4,SEA,home,WAS,14.0,0,13.4,0,4,.000,0,1,.000,0,0,,1,1,2,1,0,0,1,1,0,-2.5
Briann January,2022,18,2022-06-25,35.5,SEA,home,LAS,-8.0,0,10.8,1,1,1.000,0,0,,0,0,,0,0,0,2,1,0,1,2,2,2.3
Briann January,2022,19,2022-06-29,35.5,SEA,home,LVA,10.0,0,14.9,0,1,.000,0,1,.000,0,0,,0,1,1,6,0,0,0,2,0,3.0
Briann January,2022,20,2022-07-01,35.5,SEA,home,IND,16.0,0,19.3,1,3,.333,0,2,.000,0,0,,0,0,0,1,0,0,3,2,2,-2.8
Briann January,2022,21,2022-07-03,35.5,SEA,away,ATL,-14.0,0,20.6,1,4,.250,0,3,.000,6,6,1.000,0,0,0,4,2,0,1,3,8,8.2
Briann January,2022,22,2022-07-05,35.5,SEA,away,IND,22.0,0,17.2,0,1,.000,0,1,.000,2,2,1.000,0,1,1,2,0,0,1,1,2,1.6
Briann January,2022,23,2022-07-07,35.5,SEA,away,LAS,37.0,1,28.2,2,3,.667,1,2,.500,0,0,,0,2,2,3,2,0,1,2,5,6.6
Briann January,2022,24,2022-07-12,35.5,SEA,home,DAL,9.0,0,11.8,0,0,,0,0,,0,0,,0,0,0,0,0,0,3,0,0,-3.0
Briann January,2022,25,2022-07-17,35.5,SEA,home,IND,16.0,0,15.9,1,3,.333,0,2,.000,0,0,,0,1,1,3,0,0,2,1,2,0.3
Briann January,2022,26,2022-07-20,35.5,SEA,away,CHI,-4.0,0,10.1,1,1,1.000,1,1,1.000,0,0,,0,0,0,0,0,0,2,2,3,-0.1
Briann January,2022,27,2022-07-22,35.5,SEA,away,PHO,-16.0,0,14.9,0,2,.000,0,2,.000,0,0,,1,0,1,3,0,0,0,2,0,0.6
Briann January,2022,28,2022-07-24,35.5,SEA,home,ATL,10.0,0,20.7,3,7,.429,1,4,.250,0,0,,0,0,0,1,0,0,2,2,7,1.2
Briann January,2022,29,2022-07-28,35.5,SEA,away,CON,-5.0,0,10.7,0,2,.000,0,1,.000,0,0,,0,0,0,0,1,0,2,1,0,-2.8
Briann January,2022,30,2022-07-30,35.5,SEA,away,WAS,5.0,0,10.8,1,2,.500,1,1,1.000,0,0,,0,2,2,0,1,0,2,0,3,1.6
Briann January,2022,31,2022-07-31,35.6,SEA,away,WAS,-3.0,0,13.2,0,2,.000,0,1,.000,0,0,,0,0,0,2,0,0,1,2,0,-1.8
Briann January,2022,32,2022-08-03,35.6,SEA,home,MIN,12.0,0,12.9,1,4,.250,0,2,.000,0,0,,0,0,0,0,0,1,2,0,2,-1.7
Briann January,2022,33,2022-08-07,35.6,SEA,home,LVA,-8.0,0,8.3,0,1,.000,0,1,.000,0,0,,0,1,1,0,0,0,1,0,0,-1.4
Briann January,2022,34,2022-08-09,35.6,SEA,away,CHI,11.0,0,11.0,1,1,1.000,0,0,,0,0,,0,0,0,4,0,0,1,4,2,1.9
Briann January,2022,35,2022-08-12,35.6,SEA,away,MIN,27.0,0,19.2,4,5,.800,3,4,.750,0,0,,1,0,1,5,0,0,1,5,11,10.3
Briann January,2022,36,2022-08-14,35.6,SEA,away,LVA,-9.0,0,13.1,3,6,.500,3,6,.500,0,0,,1,2,3,2,0,0,1,3,9,6.5
Jillian Alleyne,2021,1,2021-05-15,26.7,WAS,home,CHI,-14.0,0,5.7,0,2,0.0,0,0,,0,0,,1,2,3,0,0,0,0,0,0,-0.1
Jillian Alleyne,2021,2,2021-05-18,26.7,WAS,home,PHO,-21.0,0,2.1,0,0,,0,0,,0,0,,0,1,1,0,1,0,0,0,0,1.3
Haley Gorecki,2021,1,2021-05-29,24.5,PHO,away,DAL,4.0,0,2.6,0,0,,0,0,,0,0,,0,0,0,0,0,0,1,0,0,-1.0
Haley Gorecki,2021,2,2021-06-11,24.6,PHO,home,DAL,-18.0,0,3.3,0,1,0.0,0,1,0.0,0,0,,0,2,2,0,0,0,0,0,0,-0.1
Haley Gorecki,2021,3,2021-06-18,24.6,PHO,away,LAS,14.0,0,0.4,0,0,,0,0,,0,0,,0,0,0,0,0,0,0,0,0,0.0
Morgan Tuck,2020,1,2020-07-28,26.2,SEA,home,MIN,24.0,0,11.4,1,3,0.333,0,1,0.0,1,2,0.5,0,0,0,2,1,0,1,1,3,1.9
Morgan Tuck,2020,2,2020-07-30,26.2,SEA,home,WAS,-18.0,0,6.1,0,2,0.0,0,2,0.0,2,2,1.0,0,0,0,0,1,0,0,0,2,1.6
Morgan Tuck,2020,3,2020-08-01,26.3,SEA,home,LAS,6.0,0,4.1,0,0,,0,0,,0,0,,0,1,1,0,0,0,0,0,0,0.3
Morgan Tuck,2020,4,2020-08-04,26.3,SEA,home,CON,13.0,0,9.1,0,1,0.0,0,1,0.0,0,2,0.0,1,0,1,0,0,0,0,2,0,-1.6
Morgan Tuck,2020,5,2020-08-06,26.3,SEA,home,ATL,1.0,0,9.7,1,3,0.333,0,0,,2,2,1.0,1,1,2,0,1,0,0,0,4,4.3
Morgan Tuck,2020,6,2020-08-08,26.3,SEA,home,PHO,6.0,0,5.6,0,0,,0,0,,0,0,,0,0,0,0,0,0,1,0,0,-1.0
Morgan Tuck,2020,7,2020-08-10,26.3,SEA,home,CHI,18.0,0,6.2,1,1,1.0,0,0,,0,0,,0,1,1,0,1,0,1,1,2,1.6
Morgan Tuck,2020,8,2020-08-12,26.3,SEA,home,ATL,37.0,0,13.4,2,3,0.667,2,3,0.667,0,0,,0,0,0,0,0,0,0,3,6,3.5
Morgan Tuck,2020,9,2020-08-14,26.3,SEA,home,DAL,18.0,0,7.4,0,1,0.0,0,1,0.0,0,0,,0,1,1,0,1,0,1,0,0,-0.4
Morgan Tuck,2020,10,2020-09-11,26.4,SEA,home,PHO,23.0,0,15.2,0,2,0.0,0,1,0.0,0,0,,0,0,0,0,0,0,2,5,0,-5.4
Awak Kuier,2021,1,2021-05-27,19.8,DAL,away,ATL,-6.0,0,6.8,0,2,0.0,0,2,0.0,1,2,0.5,1,0,1,1,0,0,1,1,1,-0.8
Awak Kuier,2021,2,2021-05-29,19.8,DAL,home,PHO,-4.0,0,1.4,0,0,,0,0,,0,0,,0,0,0,0,0,0,0,0,0,0.0
Awak Kuier,2021,3,2021-06-01,19.8,DAL,home,LAS,10.0,0,11.2,0,2,0.0,0,1,0.0,2,2,1.0,0,5,5,1,0,1,1,0,2,2.5
Awak Kuier,2021,4,2021-06-04,19.8,DAL,away,SEA,-3.0,0,1.4,0,0,,0,0,,0,0,,0,1,1,0,0,0,0,0,0,0.3
Awak Kuier,2021,5,2021-06-19,19.8,DAL,home,MIN,18.0,0,2.2,1,1,1.0,0,0,,0,0,,1,1,2,0,0,0,1,0,2,1.7
Awak Kuier,2021,6,2021-06-24,19.8,DAL,away,IND,25.0,0,4.0,0,1,0.0,0,1,0.0,2,2,1.0,0,1,1,0,0,0,0,0,2,1.6
Awak Kuier,2021,7,2021-06-30,19.9,DAL,home,CHI,-10.0,0,7.7,1,2,0.5,0,0,,2,2,1.0,0,0,0,0,1,1,1,1,4,3.3
Awak Kuier,2021,8,2021-07-11,19.9,DAL,home,LVA,-16.0,0,8.8,1,4,0.25,0,2,0.0,0,0,,1,0,1,0,0,0,0,1,2,-0.1
Awak Kuier,2021,9,2021-08-15,20.0,DAL,home,CON,-21.0,0,1.6,0,0,,0,0,,0,0,,0,0,0,0,1,1,2,0,0,-0.3
Awak Kuier,2021,10,2021-08-26,20.0,DAL,away,WAS,5.0,0,22.6,4,10,0.4,1,4,0.25,0,0,,2,3,5,1,1,0,1,2,9,5.8
Awak Kuier,2021,11,2021-08-28,20.0,DAL,away,WAS,-1.0,0,17.9,0,2,0.0,0,0,,2,2,1.0,0,3,3,1,0,0,3,2,2,-1.6
Awak Kuier,2021,12,2021-09-05,20.0,DAL,home,ATL,-5.0,0,12.6,0,5,0.0,0,2,0.0,0,0,,1,5,6,1,0,1,3,2,0,-3.7
Awak Kuier,2021,13,2021-09-07,20.1,DAL,home,CON,-27.0,0,20.5,3,6,0.5,2,4,0.5,2,4,0.5,3,5,8,2,1,5,1,0,10,14.7
Awak Kuier,2021,14,2021-09-11,20.1,DAL,home,NYL,1.0,0,3.2,0,0,,0,0,,0,0,,0,0,0,0,0,0,0,0,0,0.0
Awak Kuier,2021,15,2021-09-13,20.1,DAL,away,LVA,-10.0,0,10.9,2,3,0.667,0,1,0.0,0,0,,0,5,5,0,0,3,2,0,4,4.3
Awak Kuier,2021,16,2021-09-19,20.1,DAL,home,LAS,3.0,0,9.0,0,1,0.0,0,1,0.0,0,0,,0,1,1,2,1,0,0,1,0,1.6
Awak Kuier,2022,1,2022-05-07,20.7,DAL,home,ATL,-7.0,0,19.3,0,3,.000,0,1,.000,2,2,1.000,1,2,3,0,1,2,0,1,2,3.2
Awak Kuier,2022,2,2022-05-13,20.7,DAL,away,WAS,8.0,0,16.4,1,2,.500,0,1,.000,0,0,,0,2,2,1,0,1,0,1,2,2.6
Awak Kuier,2022,3,2022-05-15,20.7,DAL,away,NYL,10.0,0,8.5,0,0,,0,0,,0,0,,0,0,0,1,1,0,2,1,0,-0.7
Awak Kuier,2022,4,2022-05-17,20.7,DAL,home,WAS,-16.0,0,3.2,0,0,,0,0,,1,2,.500,1,0,1,0,0,0,0,0,1,1.3
Awak Kuier,2022,5,2022-05-19,20.7,DAL,away,PHO,10.0,0,9.4,2,3,.667,0,1,.000,0,0,,2,1,3,0,0,1,0,1,4,4.7
Awak Kuier,2022,6,2022-05-21,20.8,DAL,home,MIN,16.0,0,12.3,1,4,.250,0,0,,0,0,,0,3,3,0,0,2,0,0,2,1.9
Awak Kuier,2022,7,2022-05-24,20.8,DAL,away,CON,8.0,0,5.2,0,0,,0,0,,0,0,,0,2,2,1,0,1,0,1,0,1.6
Awak Kuier,2022,8,2022-05-26,20.8,DAL,away,CON,-31.0,0,5.0,2,2,1.000,1,1,1.000,0,0,,0,0,0,0,0,0,0,2,5,3.6
Awak Kuier,2022,9,2022-05-31,20.8,DAL,away,LAS,-2.0,0,2.4,0,0,,0,0,,0,0,,0,0,0,0,0,0,0,0,0,0.0
Awak Kuier,2022,10,2022-06-03,20.8,DAL,away,SEA,17.0,0,7.5,1,3,.333,0,0,,0,0,,0,3,3,0,0,1,1,0,2,0.9
Awak Kuier,2022,11,2022-06-10,20.8,DAL,home,SEA,-1.0,0,23.8,4,6,.667,0,0,,1,1,1.000,1,1,2,1,1,1,1,3,9,7.6
Awak Kuier,2022,12,2022-06-12,20.8,DAL,home,SEA,-5.0,0,20.3,2,4,.500,0,1,.000,0,0,,2,3,5,2,0,1,0,0,4,6.4
Awak Kuier,2022,13,2022-06-15,20.8,DAL,home,LVA,-8.0,0,23.6,0,5,.000,0,0,,0,0,,4,5,9,3,0,2,1,2,0,2.5
Awak Kuier,2022,14,2022-06-17,20.8,DAL,home,PHO,5.0,0,4.1,0,2,.000,0,0,,0,0,,1,0,1,0,0,1,1,0,0,-1.0
Awak Kuier,2022,15,2022-06-19,20.8,DAL,home,LAS,10.0,0,9.6,0,1,.000,0,1,.000,0,0,,1,4,5,0,0,1,0,0,0,1.9
Awak Kuier,2022,16,2022-06-21,20.8,DAL,away,ATL,-5.0,0,3.1,3,3,1.000,1,1,1.000,0,0,,0,1,1,0,0,0,0,0,7,6.4
Awak Kuier,2022,17,2022-06-23,20.8,DAL,home,IND,26.0,0,25.8,3,8,.375,0,3,.000,1,3,.333,1,4,5,3,2,3,2,0,7,7.9
Awak Kuier,2022,18,2022-06-25,20.8,DAL,home,PHO,-11.0,0,25.3,3,6,.500,0,0,,0,2,.000,0,5,5,2,0,1,1,5,6,2.8
Awak Kuier,2022,19,2022-06-28,20.9,DAL,away,MIN,-28.0,0,21.7,1,3,.333,0,1,.000,3,8,.375,0,4,4,1,0,2,0,3,5,3.4
Awak Kuier,2022,20,2022-07-01,20.9,DAL,home,LAS,-8.0,0,11.8,1,2,.500,1,1,1.000,0,0,,1,1,2,0,0,0,1,0,3,2.0
Awak Kuier,2022,21,2022-07-05,20.9,DAL,home,CON,11.0,0,8.6,1,3,.333,0,1,.000,0,0,,1,1,2,3,0,1,0,0,2,4.1
Awak Kuier,2022,22,2022-07-12,20.9,DAL,away,SEA,-9.0,0,3.8,0,1,.000,0,0,,0,0,,0,0,0,0,0,0,1,1,0,-2.1
Awak Kuier,2022,23,2022-07-14,20.9,DAL,away,MIN,5.0,0,11.4,1,1,1.000,0,0,,1,1,1.000,0,0,0,2,1,0,0,1,3,4.7
Awak Kuier,2022,24,2022-07-16,20.9,DAL,home,CHI,-8.0,0,11.2,1,2,.500,0,1,.000,0,0,,0,2,2,1,0,1,2,0,2,1.0
Awak Kuier,2022,25,2022-07-22,20.9,DAL,away,CHI,-6.0,0,3.2,0,0,,0,0,,0,0,,0,0,0,0,0,0,1,0,0,-1.0
Awak Kuier,2022,26,2022-07-30,20.9,DAL,away,ATL,13.0,0,14.3,2,2,1.000,1,1,1.000,0,0,,0,2,2,0,3,0,2,1,5,5.6
Awak Kuier,2022,27,2022-08-02,21.0,DAL,away,CHI,6.0,0,12.1,3,5,.600,0,0,,0,0,,1,1,2,1,0,0,0,0,6,5.4
Awak Kuier,2022,28,2022-08-04,21.0,DAL,home,LVA,2.0,0,8.8,1,1,1.000,0,0,,0,0,,0,2,2,1,0,2,1,1,2,3.0
Awak Kuier,2022,29,2022-08-06,21.0,DAL,home,IND,4.0,0,10.2,0,1,.000,0,1,.000,2,2,1.000,0,1,1,1,0,0,2,0,2,0.3
Awak Kuier,2022,30,2022-08-08,21.0,DAL,home,NYL,9.0,0,18.7,0,3,.000,0,1,.000,1,2,.500,1,2,3,2,2,1,0,0,1,3.9
Awak Kuier,2022,31,2022-08-10,21.0,DAL,home,NYL,-18.0,0,20.6,0,4,.000,0,1,.000,3,4,.750,2,3,5,0,1,1,0,0,3,3.8
Awak Kuier,2022,32,2022-08-12,21.0,DAL,away,PHO,-12.0,0,16.4,1,3,.333,0,2,.000,2,2,1.000,2,3,5,1,1,2,0,0,4,7.7
Awak Kuier,2022,33,2022-08-14,21.0,DAL,away,LAS,28.0,0,18.6,0,3,.000,0,1,.000,2,2,1.000,2,1,3,2,0,1,0,2,2,2.9
Awak Kuier,2023,1,2023-05-20,21.8,DAL,home,ATL,7.0,0,8.8,0,1,.000,0,1,.000,1,2,.500,0,0,0,2,0,0,0,1,1,0.9
Awak Kuier,2023,2,2023-05-26,21.8,DAL,away,SEA,4.0,0,5.6,0,0,,0,0,,0,0,,0,1,1,0,0,0,0,0,0,0.3
Awak Kuier,2023,3,2023-05-28,21.8,DAL,away,CHI,-6.0,0,11.3,0,1,.000,0,0,,0,0,,0,2,2,0,0,0,0,1,0,-0.5
Awak Kuier,2023,4,2023-05-30,21.8,DAL,home,MIN,5.0,0,7.5,0,3,.000,0,1,.000,0,0,,0,0,0,1,0,0,0,0,0,-1.4
Awak Kuier,2023,5,2023-06-02,21.8,DAL,away,WAS,-1.0,0,2.8,0,0,,0,0,,0,0,,0,1,1,0,0,1,0,1,0,0.6
Awak Kuier,2023,6,2023-06-04,21.8,DAL,away,CON,-6.0,0,16.3,1,3,.333,0,2,.000,2,2,1.000,1,2,3,0,0,1,0,1,4,3.9
Awak Kuier,2023,7,2023-06-07,21.8,DAL,home,PHO,5.0,0,6.5,0,1,.000,0,0,,0,0,,0,2,2,0,0,2,0,0,0,1.3
Awak Kuier,2023,8,2023-06-09,21.8,DAL,home,PHO,13.0,0,2.6,0,0,,0,0,,0,0,,0,0,0,0,1,0,0,0,0,1.0
Awak Kuier,2023,9,2023-06-11,21.8,DAL,away,NYL,-9.0,0,14.1,0,1,.000,0,0,,3,4,.750,0,3,3,1,1,2,0,0,3,5.9
Awak Kuier,2023,10,2023-06-14,21.8,DAL,home,LAS,-18.0,0,13.4,2,4,.500,0,2,.000,0,0,,1,3,4,0,0,1,2,2,4,1.5
Awak Kuier,2023,11,2023-06-17,21.8,DAL,home,SEA,-6.0,0,1.0,0,1,.000,0,0,,0,0,,0,0,0,0,0,0,1,1,0,-2.1
Awak Kuier,2023,12,2023-06-20,21.8,DAL,home,ATL,12.0,0,3.5,0,0,,0,0,,0,0,,1,0,1,0,0,1,0,0,0,1.4
Awak Kuier,2023,13,2023-06-23,21.8,DAL,away,LAS,-2.0,0,1.5,1,1,1.000,0,0,,0,0,,1,0,1,0,0,0,0,0,2,2.4
Awak Kuier,2023,14,2023-06-25,21.8,DAL,away,LAS,-10.0,0,12.8,1,2,.500,0,1,.000,0,0,,0,1,1,1,1,0,0,2,2,2.2
Awak Kuier,2023,15,2023-06-27,21.9,DAL,away,PHO,15.0,0,10.7,2,4,.500,0,1,.000,0,0,,1,2,3,1,0,1,1,2,4,2.9
Awak Kuier,2023,16,2023-07-02,21.9,DAL,home,WAS,17.0,0,11.7,1,6,.167,0,2,.000,0,1,.000,2,2,4,0,0,1,0,2,2,-0.3
Awak Kuier,2023,17,2023-07-05,21.9,DAL,away,LVA,-7.0,0,11.6,0,3,.000,0,1,.000,0,0,,1,3,4,0,1,0,0,2,0,-0.3
Awak Kuier,2023,18,2023-07-07,21.9,DAL,home,LVA,2.0,0,4.4,0,1,.000,0,0,,0,0,,0,1,1,0,0,0,1,1,0,-1.8
Awak Kuier,2023,19,2023-07-09,21.9,DAL,away,IND,1.0,0,7.1,0,0,,0,0,,0,0,,0,2,2,0,0,0,1,1,0,-0.8
Awak Kuier,2023,20,2023-07-12,21.9,DAL,away,MIN,40.0,0,11.3,4,5,.800,0,0,,0,0,,0,3,3,0,0,2,1,0,8,7.4
Awak Kuier,2023,21,2023-07-19,21.9,DAL,away,NYL,10.0,0,17.6,3,4,.750,1,1,1.000,0,0,,1,3,4,1,1,0,0,1,7,8.3
Awak Kuier,2023,22,2023-07-22,21.9,DAL,home,LAS,14.0,0,9.7,0,2,.000,0,1,.000,0,0,,1,3,4,0,0,0,1,0,0,-0.8
Awak Kuier,2023,23,2023-07-25,21.9,DAL,home,CON,-5.0,0,15.8,0,3,.000,0,0,,0,0,,2,3,5,0,0,2,0,1,0,1.2
Awak Kuier,2023,24,2023-07-28,21.9,DAL,home,WAS,28.0,0,13.9,6,8,.750,0,1,.000,0,0,,0,4,4,3,1,1,1,0,12,12.8
Awak Kuier,2023,25,2023-07-30,21.9,DAL,away,LVA,-13.0,0,5.5,0,1,.000,0,0,,1,2,.500,0,1,1,0,0,0,0,0,1,0.2
Awak Kuier,2023,26,2023-08-02,22.0,DAL,away,SEA,11.0,0,4.3,1,2,.500,0,0,,0,0,,2,0,2,0,0,0,1,0,2,1.4
Awak Kuier,2023,27,2023-08-12,22.0,DAL,home,CON,10.0,0,1.7,0,1,.000,0,0,,0,0,,0,0,0,0,0,0,0,0,0,-0.7
Awak Kuier,2023,28,2023-08-18,22.0,DAL,away,CON,20.0,0,18.6,0,3,.000,0,1,.000,0,0,,1,4,5,1,0,3,1,2,0,0.8
Awak Kuier,2023,29,2023-08-20,22.0,DAL,away,WAS,13.0,0,6.9,0,1,.000,0,1,.000,0,0,,0,0,0,0,0,1,1,2,0,-1.8
Awak Kuier,2023,30,2023-08-22,22.0,DAL,away,MIN,-5.0,0,5.4,0,1,.000,0,0,,0,0,,2,1,3,0,0,0,2,1,0,-1.4
Awak Kuier,2023,31,2023-08-24,22.0,DAL,home,MIN,-9.0,1,28.9,3,8,.375,0,2,.000,6,7,.857,2,4,6,3,0,1,1,2,12,10.8
Awak Kuier,2023,32,2023-08-27,22.0,DAL,away,PHO,3.0,1,30.9,1,5,.200,0,1,.000,3,4,.750,2,7,9,0,0,1,1,0,5,4.7
Awak Kuier,2023,33,2023-09-01,22.0,DAL,away,IND,10.0,1,13.0,4,4,1.000,1,1,1.000,1,1,1.000,1,5,6,2,0,1,3,0,10,10.1
Awak Kuier,2023,34,2023-09-03,22.0,DAL,home,IND,-13.0,0,20.1,0,1,.000,0,0,,0,0,,0,1,1,0,1,0,1,1,0,-0.8
Awak Kuier,2023,35,2023-09-05,22.0,DAL,home,NYL,-1.0,1,15.5,2,3,.667,0,1,.000,1,1,1.000,1,1,2,2,0,0,0,1,5,5.7
Awak Kuier,2023,36,2023-09-08,22.1,DAL,home,SEA,15.0,0,6.6,3,3,1.000,0,0,,1,1,1.000,0,1,1,0,0,0,0,1,7,6.0
Awak Kuier,2023,37,2023-09-10,22.1,DAL,away,ATL,17.0,0,20.0,1,4,.250,0,2,.000,2,2,1.000,0,5,5,2,0,2,2,1,4,3.5
Sam Thomas,2022,1,2022-05-06,22.9,PHO,home,LVA,-18.0,0,8.2,0,1,.000,0,1,.000,0,0,,0,1,1,1,0,0,0,3,0,-0.9
Sam Thomas,2022,2,2022-05-11,22.9,PHO,home,SEA,20.0,0,0.9,0,0,,0,0,,0,0,,0,0,0,0,0,0,0,0,0,0.0
Sam Thomas,2022,3,2022-05-17,22.9,PHO,away,LVA,-12.0,0,1.5,0,0,,0,0,,0,0,,0,0,0,0,0,0,0,0,0,0.0
Sam Thomas,2022,4,2022-05-19,22.9,PHO,home,DAL,-10.0,0,1.5,0,0,,0,0,,0,0,,0,0,0,0,0,0,0,0,0,0.0
Sam Thomas,2022,5,2022-05-21,22.9,PHO,away,LVA,-20.0,0,5.7,0,2,.000,0,2,.000,0,0,,0,0,0,0,0,1,0,1,0,-1.1
Sam Thomas,2022,6,2022-05-25,22.9,PHO,away,LAS,-5.0,0,14.6,0,2,.000,0,2,.000,0,0,,1,0,1,1,1,1,0,0,0,1.7
Sam Thomas,2022,7,2022-05-29,23.0,PHO,away,ATL,-27.0,0,21.6,1,4,.250,0,2,.000,0,0,,0,1,1,0,1,0,1,0,2,-0.1
Sam Thomas,2022,8,2022-06-10,23.0,PHO,home,ATL,2.0,0,4.0,0,0,,0,0,,0,0,,0,0,0,1,0,0,0,0,0,0.7
Sam Thomas,2022,9,2022-06-14,23.0,PHO,away,WAS,-18.0,0,2.0,0,0,,0,0,,0,0,,0,1,1,0,0,0,0,0,0,0.3
Sam Thomas,2022,10,2022-06-21,23.0,PHO,home,MIN,-13.0,0,1.0,0,0,,0,0,,0,0,,0,0,0,0,0,0,0,0,0,0.0
Sam Thomas,2022,11,2022-06-25,23.0,PHO,away,DAL,11.0,0,3.8,0,0,,0,0,,0,0,,0,0,0,0,0,0,0,1,0,-0.4
Sam Thomas,2022,12,2022-06-27,23.0,PHO,home,IND,12.0,0,1.6,1,1,1.000,0,0,,0,0,,0,0,0,0,1,0,0,0,2,2.7
Sam Thomas,2022,13,2022-06-29,23.0,PHO,home,IND,21.0,0,1.8,0,0,,0,0,,0,0,,0,0,0,1,0,0,0,0,0,0.7
Sam Thomas,2022,14,2022-07-02,23.0,PHO,away,CHI,-16.0,0,0.9,0,1,.000,0,1,.000,0,0,,0,0,0,0,1,0,0,0,0,0.3
Sam Thomas,2022,15,2022-07-07,23.1,PHO,home,NYL,3.0,0,0.1,0,0,,0,0,,0,0,,0,0,0,0,0,0,0,0,0,0.0
Sam Thomas,2022,16,2022-07-17,23.1,PHO,home,ATL,-10.0,0,1.3,0,0,,0,0,,0,0,,0,0,0,0,0,0,0,0,0,0.0
Sam Thomas,2022,17,2022-07-22,23.1,PHO,home,SEA,16.0,0,5.4,0,1,.000,0,1,.000,0,0,,1,0,1,0,1,0,0,2,0,0.2
Sam Thomas,2022,18,2022-07-28,23.1,PHO,home,LAS,10.0,0,5.6,0,0,,0,0,,0,0,,0,0,0,0,0,0,0,1,0,-0.4
Sam Thomas,2022,19,2022-07-31,23.1,PHO,away,NYL,-20.0,0,3.5,0,0,,0,0,,0,0,,0,0,0,0,1,0,0,0,0,1.0
Sam Thomas,2022,20,2022-08-02,23.1,PHO,away,CON,-24.0,0,3.6,0,0,,0,0,,0,0,,0,0,0,0,0,0,0,1,0,-0.4
Sam Thomas,2022,21,2022-08-04,23.1,PHO,away,CON,-13.0,0,5.2,0,1,.000,0,1,.000,0,0,,0,0,0,0,0,0,1,0,0,-1.7
Sam Thomas,2022,22,2022-08-06,23.1,PHO,home,NYL,14.0,0,11.3,0,2,.000,0,2,.000,0,0,,0,0,0,1,0,0,1,2,0,-2.5
Sam Thomas,2022,23,2022-08-10,23.2,PHO,home,MIN,-9.0,0,1.3,0,0,,0,0,,0,0,,0,0,0,0,0,0,0,0,0,0.0
Sam Thomas,2022,24,2022-08-14,23.2,PHO,home,CHI,-15.0,0,11.7,2,4,.500,1,3,.333,1,1,1.000,0,0,0,1,0,0,1,1,6,3.3
Sam Thomas,2023,1,2023-06-21,24.0,PHO,home,LVA,-20.0,0,10.8,0,2,0.0,0,0,,0,0,,0,1,1,0,0,0,0,1,0,-1.5
Evina Westbrook,2022,1,2022-05-14,23.6,MIN,home,CHI,-4.0,0,20.1,2,7,0.286,0,3,0.0,0,0,,0,3,3,5,0,0,1,2,4,2.5
Evina Westbrook,2022,2,2022-05-17,23.6,MIN,away,LAS,3.0,0,14.3,0,2,0.0,0,2,0.0,0,0,,0,2,2,1,0,0,1,1,0,-1.5
Evina Westbrook,2022,3,2022-05-19,23.6,MIN,away,LVA,-6.0,0,12.5,0,1,0.0,0,1,0.0,3,4,0.75,0,1,1,1,1,1,1,2,3,2.8
Evina Westbrook,2022,4,2022-05-21,23.6,MIN,away,DAL,-16.0,0,6.3,1,3,0.333,1,1,1.0,1,2,0.5,0,0,0,2,1,0,1,0,4,3.3
Evina Westbrook,2022,5,2022-05-24,23.7,MIN,home,NYL,6.0,0,6.4,1,3,0.333,0,0,,0,0,,0,0,0,1,0,0,0,1,2,0.6
Evina Westbrook,2022,6,2022-05-29,23.7,MIN,home,LAS,-2.0,1,15.0,2,2,1.0,0,0,,0,0,,1,0,1,1,0,2,0,1,4,5.8
Evina Westbrook,2022,7,2022-06-01,23.7,MIN,away,ATL,-8.0,1,24.1,2,7,0.286,0,2,0.0,1,2,0.5,0,3,3,2,0,0,3,0,5,-0.2
Evina Westbrook,2022,8,2022-06-05,23.7,MIN,away,NYL,7.0,0,8.7,0,2,0.0,0,1,0.0,0,0,,0,1,1,2,0,1,1,0,0,0.0
Evina Westbrook,2022,9,2022-06-07,23.7,MIN,away,NYL,-19.0,0,22.2,2,6,0.333,0,2,0.0,1,1,1.0,0,3,3,4,2,0,2,5,5,3.3
Evina Westbrook,2022,10,2022-06-10,23.7,MIN,home,WAS,-17.0,0,13.0,2,6,0.333,1,2,0.5,0,0,,0,2,2,0,0,1,1,0,5,1.9
Evina Westbrook,2022,11,2022-06-12,23.7,MIN,home,IND,-4.0,0,13.0,2,2,1.0,0,0,,0,0,,0,1,1,0,1,0,0,0,4,4.7
Evina Westbrook,2022,12,2022-06-14,23.7,MIN,home,SEA,-2.0,0,2.8,0,0,,0,0,,0,0,,0,0,0,1,0,0,0,0,0,0.7
Evina Westbrook,2022,13,2022-06-19,23.7,MIN,away,LVA,-1.0,0,10.5,0,2,0.0,0,0,,0,0,,0,2,2,0,1,1,1,2,0,-0.9
Evina Westbrook,2022,14,2022-06-21,23.7,MIN,away,PHO,13.0,0,3.7,0,1,0.0,0,0,,0,0,,0,1,1,0,0,0,0,0,0,-0.4
Evina Westbrook,2022,15,2022-06-28,23.7,WAS,home,ATL,18.0,0,11.3,1,2,0.5,1,2,0.5,0,0,,0,0,0,3,1,0,2,3,3,1.9
Evina Westbrook,2022,16,2022-07-06,23.8,WAS,away,ATL,19.0,0,0.8,0,0,,0,0,,0,0,,0,0,0,0,0,0,0,0,0,0.0
Evina Westbrook,2022,17,2022-07-17,23.8,WAS,home,MIN,13.0,0,1.5,0,0,,0,0,,0,0,,0,0,0,0,0,0,0,0,0,0.0
Evina Westbrook,2022,18,2022-08-05,23.9,WAS,away,CHI,-10.0,0,8.5,3,4,0.75,2,3,0.667,2,3,0.667,0,0,0,0,1,0,0,1,10,8.6
Evina Westbrook,2022,19,2022-08-12,23.9,WAS,away,IND,12.0,0,0.6,1,1,1.0,0,0,,0,0,,0,0,0,0,0,0,0,0,2,1.7
Evina Westbrook,2022,20,2022-08-14,23.9,WAS,home,IND,12.0,0,9.2,1,2,0.5,0,1,0.0,3,3,1.0,0,0,0,0,0,1,1,0,5,3.7
Evina Westbrook,2023,1,2023-05-19,24.6,PHO,away,LAS,-23.0,0,19.4,0,5,0.0,0,2,0.0,3,3,1.0,0,1,1,0,0,0,0,3,3,-1.4
Evina Westbrook,2023,2,2023-05-21,24.6,PHO,home,CHI,-6.0,0,4.0,0,2,0.0,0,1,0.0,0,0,,0,1,1,0,0,0,1,1,0,-2.5
Evina Westbrook,2023,3,2023-05-25,24.7,PHO,home,MIN,9.0,0,2.6,0,1,0.0,0,1,0.0,0,0,,0,1,1,0,0,0,0,1,0,-0.8
Evina Westbrook,2023,4,2023-06-09,24.7,PHO,away,DAL,-13.0,0,4.1,0,0,,0,0,,0,0,,0,1,1,0,0,0,0,0,0,0.3
Evina Westbrook,2023,5,2023-06-11,24.7,PHO,away,IND,3.0,0,2.8,0,0,,0,0,,0,0,,0,0,0,0,0,0,0,0,0,0.0
Evina Westbrook,2023,6,2023-06-13,24.7,PHO,home,SEA,-14.0,0,3.1,0,1,0.0,0,1,0.0,2,2,1.0,0,0,0,0,0,0,0,0,2,1.3
Evina Westbrook,2023,7,2023-06-16,24.7,PHO,away,WAS,-19.0,0,13.1,0,6,0.0,0,4,0.0,0,0,,0,3,3,3,0,1,1,1,0,-1.9
Evina Westbrook,2023,8,2023-06-18,24.7,PHO,away,NYL,-18.0,0,5.0,0,0,,0,0,,0,0,,0,0,0,0,1,0,0,1,0,0.6
Evina Westbrook,2023,9,2023-06-21,24.7,PHO,home,LVA,-20.0,0,17.9,2,5,0.4,0,2,0.0,1,1,1.0,1,1,2,1,0,0,2,0,5,2.0
Evina Westbrook,2023,10,2023-08-04,24.8,LAS,away,WAS,-2.0,0,5.7,1,2,0.5,1,1,1.0,2,2,1.0,1,1,2,0,0,0,0,0,5,5.0
Evina Westbrook,2023,11,2023-08-08,24.9,LAS,away,IND,7.0,0,9.9,1,2,0.5,1,1,1.0,0,0,,0,1,1,1,0,0,0,1,3,2.6
Evina Westbrook,2023,12,2023-08-19,24.9,LAS,away,LVA,6.0,0,1.4,0,0,,0,0,,0,0,,0,0,0,0,0,0,1,0,0,-1.0
Evina Westbrook,2023,13,2023-08-23,24.9,LAS,home,PHO,29.0,0,8.4,0,1,0.0,0,1,0.0,0,0,,0,2,2,2,0,1,0,2,0,1.2
Evina Westbrook,2023,14,2023-08-25,24.9,LAS,away,ATL,5.0,0,5.0,0,0,,0,0,,0,0,,0,0,0,1,0,0,0,1,0,0.3
Evina Westbrook,2023,15,2023-08-27,24.9,LAS,away,CON,-15.0,0,0.9,0,0,,0,0,,0,0,,0,0,0,0,1,0,2,0,0,-1.0
Evina Westbrook,2023,16,2023-08-31,24.9,LAS,home,SEA,-11.0,0,4.3,0,2,0.0,0,1,0.0,0,0,,0,0,0,0,0,0,1,0,0,-2.4
Evina Westbrook,2023,17,2023-09-05,24.9,LAS,away,CON,-14.0,0,13.1,1,2,0.5,0,1,0.0,0,0,,0,1,1,2,0,1,1,5,2,0.4
Evina Westbrook,2023,18,2023-09-10,25.0,LAS,away,SEA,2.0,0,7.0,0,1,0.0,0,0,,0,0,,1,1,2,0,1,0,1,0,0,0.3
Khaalia Hillsman,2023,1,2023-06-09,26.9,CHI,away,LAS,-15.0,0,0.9,0,0,,0,0,,0,0,,0,0,0,0,0,0,0,0,0,0.0
Essence Carson,2020,1,2020-07-25,34.0,WAS,home,IND,25.0,0,22.1,3,8,.375,0,2,.000,0,0,,0,1,1,1,0,0,1,1,6,1.2
Essence Carson,2020,2,2020-07-28,34.0,WAS,home,CON,5.0,0,22.4,2,6,.333,1,4,.250,0,0,,1,3,4,0,1,0,3,3,5,0.0
Essence Carson,2020,3,2020-07-30,34.0,WAS,home,SEA,18.0,0,16.6,3,6,.500,2,3,.667,0,0,,2,2,4,2,0,0,0,1,8,8.0
Essence Carson,2020,4,2020-08-01,34.0,WAS,home,CHI,-2.0,0,15.3,2,9,.222,0,1,.000,0,0,,2,1,3,0,1,0,0,1,4,0.8
Essence Carson,2020,5,2020-08-05,34.0,WAS,home,LVA,-6.0,0,6.4,0,0,,0,0,,0,0,,0,0,0,0,0,0,0,1,0,-0.4
Essence Carson,2020,6,2020-08-07,34.0,WAS,home,NYL,-8.0,0,7.8,0,0,,0,0,,0,0,,0,2,2,0,1,0,1,0,0,0.6
Essence Carson,2020,7,2020-08-09,34.0,WAS,home,IND,-7.0,0,17.6,1,6,.167,1,3,.333,1,4,.250,0,0,0,1,0,0,0,1,4,-0.7
Essence Carson,2020,8,2020-08-11,34.0,WAS,home,MIN,-20.0,0,20.4,1,7,.143,0,3,.000,2,2,1.000,0,1,1,0,1,0,3,1,4,-2.6
Essence Carson,2020,9,2020-08-13,34.0,WAS,home,LAS,-17.0,0,22.1,2,8,.250,1,5,.200,0,0,,0,1,1,0,0,0,1,0,5,-0.5
Essence Carson,2020,10,2020-08-15,34.0,WAS,home,LVA,-15.0,0,16.9,3,9,.333,1,2,.500,0,0,,1,1,2,1,1,1,1,0,7,4.3
Essence Carson,2020,11,2020-08-18,34.1,CON,home,IND,22.0,0,2.7,1,2,.500,0,0,,0,0,,0,1,1,0,0,0,0,0,2,1.3
Essence Carson,2020,12,2020-08-20,34.1,CON,home,LVA,-21.0,0,12.7,1,5,.200,1,3,.333,1,2,.500,0,2,2,1,0,0,1,0,4,0.8
Essence Carson,2020,13,2020-08-22,34.1,CON,home,NYL,17.0,0,16.2,1,3,.333,0,1,.000,0,0,,1,3,4,0,1,0,1,2,2,1.1
Essence Carson,2020,14,2020-08-28,34.1,CON,home,LAS,-4.0,0,4.8,2,2,1.000,2,2,1.000,0,0,,0,0,0,0,0,0,0,2,6,4.6
Essence Carson,2020,15,2020-08-30,34.1,CON,home,WAS,13.0,1,23.7,3,7,.429,2,4,.500,0,0,,0,3,3,4,2,0,2,4,8,6.4
Essence Carson,2020,16,2020-09-01,34.1,CON,home,NYL,5.0,0,6.9,0,3,.000,0,2,.000,0,0,,0,0,0,0,0,0,0,0,0,-2.1
Essence Carson,2020,17,2020-09-03,34.1,CON,home,LVA,-15.0,1,21.4,1,5,.200,0,2,.000,0,0,,0,2,2,0,1,0,2,1,2,-1.9
Essence Carson,2020,18,2020-09-05,34.1,CON,home,IND,19.0,0,3.5,1,2,.500,1,1,1.000,0,0,,0,1,1,1,0,0,0,0,3,3.0
Essence Carson,2020,19,2020-09-07,34.1,CON,home,PHO,15.0,0,5.9,0,1,.000,0,0,,0,0,,0,1,1,0,0,0,0,1,0,-0.8
Essence Carson,2020,20,2020-09-09,34.1,CON,home,PHO,-5.0,0,8.8,1,3,.333,0,2,.000,2,2,1.000,0,1,1,0,0,0,0,1,4,2.2
Essence Carson,2020,21,2020-09-11,34.1,CON,home,ATL,-7.0,0,16.1,2,7,.286,0,4,.000,0,0,,0,2,2,1,0,1,0,1,4,1.5
Amanda Zahui B.,2020,1,2020-07-25,26.9,NYL,home,SEA,-16.0,1,23.8,4,11,.364,2,7,.286,0,0,,0,8,8,2,0,2,4,1,10,4.7
Amanda Zahui B.,2020,2,2020-07-29,26.9,NYL,home,DAL,-13.0,1,25.1,4,12,.333,0,3,.000,1,4,.250,4,7,11,0,0,2,4,3,9,2.1
Amanda Zahui B.,2020,3,2020-07-31,26.9,NYL,home,ATL,-6.0,1,18.9,0,4,.000,0,1,.000,2,2,1.000,1,4,5,1,0,2,1,4,2,0.6
Amanda Zahui B.,2020,4,2020-08-02,26.9,NYL,home,PHO,-29.0,1,22.7,2,6,.333,1,4,.250,6,6,1.000,1,8,9,2,1,0,1,6,11,9.7
Amanda Zahui B.,2020,5,2020-08-05,26.9,NYL,home,MIN,-26.0,1,24.0,5,10,.500,3,5,.600,0,2,.000,2,4,6,1,4,0,4,2,13,9.7
Amanda Zahui B.,2020,6,2020-08-07,26.9,NYL,home,WAS,8.0,1,34.0,5,10,.500,4,9,.444,0,2,.000,0,14,14,3,0,2,1,3,14,13.7
Amanda Zahui B.,2020,7,2020-08-09,26.9,NYL,home,LVA,-2.0,1,25.8,6,9,.667,6,9,.667,2,2,1.000,1,8,9,2,0,1,0,4,20,19.7
Amanda Zahui B.,2020,8,2020-08-11,26.9,NYL,home,LAS,-15.0,1,33.6,3,7,.429,3,5,.600,0,0,,1,9,10,3,1,2,6,3,9,6.0
Amanda Zahui B.,2020,9,2020-08-13,26.9,NYL,home,IND,-7.0,1,24.9,2,8,.250,2,5,.400,2,2,1.000,1,4,5,0,1,0,2,2,8,3.3
Amanda Zahui B.,2020,10,2020-08-15,26.9,NYL,home,MIN,-30.0,1,22.7,2,7,.286,1,3,.333,0,0,,1,7,8,1,1,3,4,4,5,1.9
Amanda Zahui B.,2020,11,2020-08-18,26.9,NYL,home,SEA,-41.0,1,22.5,4,17,.235,1,8,.125,1,2,.500,1,2,3,1,2,0,3,4,10,-1.3
Amanda Zahui B.,2020,12,2020-08-20,27.0,NYL,home,CHI,-16.0,1,28.4,3,4,.750,2,2,1.000,3,3,1.000,0,5,5,1,0,1,1,4,11,9.7
Amanda Zahui B.,2020,13,2020-08-22,27.0,NYL,home,CON,-17.0,1,28.5,2,10,.200,1,6,.167,1,2,.500,0,10,10,5,0,1,5,4,6,0.0
Amanda Zahui B.,2020,14,2020-08-25,27.0,NYL,home,CHI,2.0,1,32.6,9,14,.643,4,7,.571,0,0,,0,12,12,3,3,3,0,2,22,25.8
Amanda Zahui B.,2020,15,2020-08-29,27.0,NYL,home,LVA,-17.0,1,33.6,2,11,.182,0,5,.000,2,2,1.000,0,21,21,0,2,2,2,5,6,4.8
Amanda Zahui B.,2020,16,2020-09-01,27.0,NYL,home,CON,-5.0,1,22.3,0,6,.000,0,3,.000,2,2,1.000,0,10,10,3,0,2,2,0,2,2.3
Amanda Zahui B.,2020,17,2020-09-03,27.0,NYL,home,ATL,-6.0,1,29.5,2,11,.182,1,6,.167,0,0,,1,10,11,3,2,0,5,4,5,-0.7
Amanda Zahui B.,2020,18,2020-09-05,27.0,NYL,home,PHO,-16.0,1,3.2,1,2,.500,1,1,1.000,0,0,,0,0,0,0,0,1,0,0,3,2.7
Amanda Zahui B.,2020,19,2020-09-10,27.0,NYL,home,IND,-10.0,0,14.8,2,9,.222,0,4,.000,0,0,,0,4,4,1,0,1,0,3,4,-0.1
Amanda Zahui B.,2020,20,2020-09-12,27.0,NYL,home,WAS,-17.0,1,25.9,2,8,.250,2,5,.400,0,0,,1,6,7,4,1,0,7,3,6,-0.7
Amanda Zahui B.,2020,21,2020-09-13,27.0,NYL,home,DAL,-3.0,1,34.4,5,8,.625,0,2,.000,3,5,.600,0,10,10,4,1,1,2,4,13,12.5
Amanda Zahui B.,2021,1,2021-05-28,27.7,LAS,away,CHI,15.0,0,16.4,3,5,.600,2,3,.667,0,0,,0,2,2,0,2,1,4,3,8,3.8
Amanda Zahui B.,2021,2,2021-05-30,27.7,LAS,away,CHI,3.0,0,35.0,7,8,.875,2,3,.667,1,1,1.000,0,8,8,0,1,3,3,3,17,15.5
Amanda Zahui B.,2021,3,2021-06-01,27.7,LAS,away,DAL,-10.0,0,21.5,4,9,.444,2,6,.333,0,0,,1,2,3,2,1,1,3,2,10,5.9
Amanda Zahui B.,2021,4,2021-06-03,27.7,LAS,home,IND,35.0,1,24.3,3,9,.333,1,7,.143,0,0,,0,7,7,2,0,1,1,2,7,4.3
Amanda Zahui B.,2021,5,2021-06-05,27.7,LAS,home,CHI,5.0,1,30.9,6,14,.429,0,5,.000,1,2,.500,2,8,10,1,1,4,1,4,13,10.9
Amanda Zahui B.,2021,6,2021-06-10,27.8,LAS,away,WAS,-18.0,1,15.9,3,6,.500,1,2,.500,2,2,1.000,0,4,4,0,0,1,3,3,9,3.7
Amanda Zahui B.,2021,7,2021-06-12,27.8,LAS,away,MIN,-16.0,1,36.3,5,14,.357,2,8,.250,3,4,.750,2,6,8,0,1,1,0,5,15,9.7
Amanda Zahui B.,2021,8,2021-06-16,27.8,LAS,home,PHO,5.0,1,34.6,6,19,.316,3,11,.273,0,0,,0,7,7,0,0,2,0,4,15,6.0
Amanda Zahui B.,2021,9,2021-06-18,27.8,LAS,home,PHO,-14.0,1,19.0,2,6,.333,1,4,.250,0,0,,0,6,6,1,1,0,1,6,5,1.7
Amanda Zahui B.,2021,10,2021-06-20,27.8,LAS,home,NYL,-3.0,1,11.4,2,4,.500,0,1,.000,0,0,,0,2,2,0,1,0,2,3,4,0.4
Amanda Zahui B.,2021,11,2021-06-24,27.8,LAS,home,WAS,7.0,1,34.4,6,13,.462,3,6,.500,2,2,1.000,0,5,5,1,1,3,1,3,17,13.4
Amanda Zahui B.,2021,12,2021-06-27,27.8,LAS,away,PHO,-9.0,1,33.1,4,10,.400,2,4,.500,0,0,,0,4,4,1,0,0,2,1,10,4.1
Amanda Zahui B.,2021,13,2021-06-30,27.8,LAS,home,LVA,-24.0,1,29.5,9,20,.450,2,6,.333,2,2,1.000,4,5,9,2,1,2,3,3,22,15.5
Amanda Zahui B.,2021,14,2021-07-02,27.8,LAS,home,LVA,-8.0,1,30.8,6,16,.375,2,6,.333,0,0,,4,8,12,0,0,1,1,5,14,8.1
Amanda Zahui B.,2021,15,2021-07-04,27.8,LAS,home,SEA,-10.0,1,21.1,4,5,.800,0,0,,0,0,,1,3,4,3,1,3,2,5,8,8.9
Amanda Zahui B.,2021,16,2021-07-07,27.8,LAS,away,SEA,-9.0,1,29.9,2,6,.333,1,4,.250,4,4,1.000,2,7,9,1,1,2,4,1,9,7.8
Amanda Zahui B.,2021,17,2021-07-11,27.8,LAS,home,MIN,-25.0,1,20.2,3,7,.429,1,3,.333,3,4,.750,0,1,1,3,1,0,2,3,10,6.1
Amanda Zahui B.,2021,18,2021-08-15,27.9,LAS,home,IND,5.0,1,22.8,4,8,.500,1,3,.333,4,6,.667,1,8,9,1,0,3,3,5,13,9.1
Amanda Zahui B.,2021,19,2021-08-17,27.9,LAS,home,ATL,5.0,1,24.3,7,13,.538,0,3,.000,0,0,,1,6,7,4,0,2,2,4,14,10.8
Amanda Zahui B.,2021,20,2021-08-19,27.9,LAS,home,ATL,2.0,1,29.3,3,11,.273,0,3,.000,4,4,1.000,1,4,5,1,0,1,4,3,10,1.6
Amanda Zahui B.,2021,21,2021-08-22,28.0,LAS,away,NYL,3.0,1,20.1,3,6,.500,0,2,.000,2,2,1.000,0,3,3,2,0,1,1,2,8,6.2
Amanda Zahui B.,2021,22,2021-08-24,28.0,LAS,away,WAS,-10.0,1,14.6,2,4,.500,0,1,.000,0,0,,0,3,3,0,0,0,2,3,4,-0.3
Amanda Zahui B.,2021,23,2021-08-26,28.0,LAS,away,CON,-4.0,1,10.3,0,2,.000,0,2,.000,1,2,.500,0,2,2,0,0,0,1,3,1,-2.4
Amanda Zahui B.,2021,24,2021-08-28,28.0,LAS,away,CON,-15.0,1,22.6,2,5,.400,2,4,.500,0,0,,0,1,1,1,2,1,3,4,6,2.4
Amanda Zahui B.,2021,25,2021-08-31,28.0,LAS,away,IND,-2.0,1,24.3,0,3,.000,0,2,.000,1,4,.250,0,2,2,0,1,1,0,5,1,-2.0
Amanda Zahui B.,2021,26,2021-09-02,28.0,LAS,away,MIN,-9.0,1,17.7,1,4,.250,0,1,.000,1,2,.500,1,3,4,0,0,0,1,3,3,-0.4
Amanda Zahui B.,2021,27,2021-09-09,28.0,LAS,home,CON,-18.0,1,16.0,2,5,.400,0,2,.000,2,2,1.000,0,2,2,1,1,1,2,4,6,2.7
Amanda Zahui B.,2021,28,2021-09-12,28.0,LAS,home,SEA,28.0,1,24.8,1,5,.200,0,1,.000,0,0,,2,4,6,1,1,0,2,2,2,0.4
Amanda Zahui B.,2021,29,2021-09-16,28.0,LAS,away,ATL,6.0,1,18.0,2,2,1.000,1,1,1.000,0,0,,0,5,5,0,0,0,0,2,5,5.1
Amanda Zahui B.,2021,30,2021-09-19,28.0,LAS,away,DAL,-3.0,1,25.1,4,8,.500,1,3,.333,0,0,,2,2,4,1,0,0,0,3,9,6.5
Amanda Zahui B.,2023,1,2023-05-19,29.7,WAS,home,NYL,16.0,0,6.5,0,1,.000,0,0,,0,0,,0,0,0,0,0,0,0,1,0,-1.1
Amanda Zahui B.,2023,2,2023-05-21,29.7,WAS,away,CON,-6.0,0,8.9,1,4,.250,1,3,.333,0,2,.000,1,0,1,1,0,0,0,2,3,0.4
Amanda Zahui B.,2023,3,2023-05-23,29.7,WAS,home,CON,-7.0,0,1.4,0,1,.000,0,1,.000,0,0,,0,0,0,0,0,0,0,2,0,-1.5
Amanda Zahui B.,2023,4,2023-05-26,29.7,WAS,away,CHI,2.0,0,8.2,1,4,.250,1,2,.500,0,0,,0,3,3,1,0,0,1,1,3,0.8
Amanda Zahui B.,2023,5,2023-06-02,29.7,WAS,home,DAL,1.0,0,4.6,0,1,.000,0,1,.000,0,0,,0,0,0,0,1,0,0,2,0,-0.5
Amanda Zahui B.,2023,6,2023-06-11,29.8,WAS,away,SEA,6.0,0,8.9,0,0,,0,0,,0,0,,0,4,4,0,1,2,1,2,0,1.8
Amanda Zahui B.,2023,7,2023-06-13,29.8,WAS,away,IND,-21.0,0,1.9,0,0,,0,0,,0,0,,0,0,0,0,0,0,0,0,0,0.0
Amanda Zahui B.,2023,8,2023-06-16,29.8,WAS,home,PHO,19.0,0,10.2,1,1,1.000,0,0,,5,6,.833,1,3,4,0,0,0,0,1,7,7.5
Amanda Zahui B.,2023,9,2023-06-22,29.8,WAS,away,CHI,21.0,0,2.3,0,0,,0,0,,0,0,,0,0,0,1,0,1,0,0,0,1.4
Amanda Zahui B.,2023,10,2023-06-28,29.8,WAS,home,ATL,23.0,0,11.7,1,4,.250,1,3,.333,0,0,,0,3,3,0,0,1,1,4,3,-0.4
Amanda Zahui B.,2023,11,2023-06-30,29.8,WAS,away,ATL,-5.0,0,8.6,1,2,.500,0,1,.000,0,0,,0,1,1,0,0,1,0,0,2,2.0
Amanda Zahui B.,2023,12,2023-07-02,29.8,WAS,away,DAL,-17.0,1,19.9,1,6,.167,0,3,.000,4,4,1.000,0,1,1,0,1,2,2,5,6,0.9
Amanda Zahui B.,2023,13,2023-07-07,29.8,IND,away,WAS,-8.0,0,3.9,2,3,.667,0,1,.000,0,0,,0,1,1,1,0,0,1,0,4,2.7
Amanda Zahui B.,2023,14,2023-07-09,29.8,IND,home,DAL,-1.0,0,8.0,0,5,.000,0,3,.000,0,0,,0,0,0,0,0,0,1,2,0,-5.3
Amanda Zahui B.,2023,15,2023-07-12,29.8,IND,home,NYL,-8.0,0,8.0,0,2,.000,0,1,.000,0,0,,0,0,0,0,0,0,1,1,0,-2.8
Amanda Zahui B.,2023,16,2023-07-19,29.9,IND,away,WAS,6.0,0,11.8,2,3,.667,1,2,.500,2,2,1.000,0,1,1,0,1,0,0,2,7,6.2
Amanda Zahui B.,2023,17,2023-07-23,29.9,IND,away,NYL,-18.0,0,15.3,2,8,.250,0,0,,1,2,.500,2,0,2,1,0,1,0,0,5,2.6
Amanda Zahui B.,2023,18,2023-07-25,29.9,IND,away,LAS,-1.0,0,13.8,0,4,.000,0,2,.000,1,2,.500,1,5,6,0,0,2,1,3,1,-0.8
Amanda Zahui B.,2023,19,2023-07-27,29.9,IND,away,LAS,-13.0,0,7.5,0,1,.000,0,1,.000,0,0,,0,0,0,0,0,1,1,3,0,-2.2
Amanda Zahui B.,2023,20,2023-07-30,29.9,IND,home,SEA,-23.0,0,5.0,1,2,.500,0,0,,0,0,,2,0,2,0,1,1,0,0,2,4.1
Amanda Zahui B.,2023,21,2023-08-01,29.9,IND,home,PHO,1.0,0,7.5,0,0,,0,0,,0,0,,0,1,1,1,1,0,1,2,0,0.2
Amanda Zahui B.,2023,22,2023-08-04,29.9,IND,home,CON,-16.0,0,7.0,0,1,.000,0,1,.000,0,0,,0,0,0,0,0,1,1,0,0,-1.0
Amanda Zahui B.,2023,23,2023-08-06,29.9,IND,away,ATL,-9.0,0,5.8,0,1,.000,0,1,.000,0,0,,0,2,2,0,0,0,1,1,0,-1.5
Amanda Zahui B.,2023,24,2023-08-08,29.9,IND,home,LAS,-7.0,0,11.9,0,1,.000,0,0,,2,2,1.000,0,2,2,1,0,1,1,3,2,1.1
Amanda Zahui B.,2023,25,2023-08-10,29.9,IND,home,MIN,18.0,0,3.5,0,0,,0,0,,0,0,,0,1,1,0,0,0,0,3,0,-0.9
Amanda Zahui B.,2023,26,2023-08-13,29.9,IND,home,NYL,-11.0,0,2.7,0,1,.000,0,1,.000,0,0,,0,0,0,0,0,0,0,1,0,-1.1
Amanda Zahui B.,2023,27,2023-08-18,29.9,IND,home,WAS,-4.0,0,4.9,0,1,.000,0,1,.000,0,0,,0,0,0,0,0,0,0,0,0,-0.7
Amanda Zahui B.,2023,28,2023-08-20,29.9,IND,away,PHO,10.0,0,3.8,0,0,,0,0,,0,0,,0,1,1,0,0,0,0,0,0,0.3
Amanda Zahui B.,2023,29,2023-08-24,30.0,IND,home,SEA,4.0,0,6.3,0,1,.000,0,1,.000,0,0,,0,1,1,0,0,0,0,0,0,-0.4
Amanda Zahui B.,2023,30,2023-08-27,30.0,IND,home,ATL,3.0,0,11.1,2,5,.400,1,3,.333,0,0,,0,0,0,1,0,1,0,1,5,3.3
Amanda Zahui B.,2023,31,2023-09-01,30.0,IND,home,DAL,-10.0,0,3.3,0,1,.000,0,1,.000,0,0,,0,0,0,1,0,2,0,0,0,1.4
Amanda Zahui B.,2023,32,2023-09-05,30.0,IND,home,CHI,-27.0,0,12.0,1,2,.500,1,2,.500,0,0,,0,0,0,1,0,1,1,1,3,2.0
Amanda Zahui B.,2023,33,2023-09-08,30.0,IND,away,CON,-17.0,0,3.1,1,2,.500,0,1,.000,0,0,,0,0,0,0,0,0,0,2,2,0.2
Amanda Zahui B.,2023,34,2023-09-10,30.0,IND,home,MIN,15.0,0,3.9,1,2,.500,0,1,.000,0,0,,0,1,1,0,0,0,0,0,2,1.3
Kayana Traylor,2023,1,2023-06-27,23.7,MIN,home,SEA,11.0,0,1.3,0,0,,0,0,,0,0,,0,0,0,0,0,0,0,0,0,0.0
Kayana Traylor,2023,2,2023-06-29,23.8,MIN,away,SEA,2.0,0,1.1,0,0,,0,0,,0,0,,0,0,0,0,0,0,0,1,0,-0.4
Kayana Traylor,2023,3,2023-07-01,23.8,MIN,away,PHO,10.0,0,2.2,0,0,,0,0,,0,0,,0,0,0,0,0,0,0,0,0,0.0
Kayana Traylor,2023,4,2023-07-05,23.8,MIN,home,IND,7.0,0,2.9,0,0,,0,0,,2,2,1.0,0,0,0,1,0,0,1,0,2,1.7
Kayana Traylor,2023,5,2023-07-07,23.8,MIN,home,PHO,11.0,0,3.9,1,1,1.0,0,0,,0,0,,0,0,0,0,1,0,2,2,2,-0.1
Kayana Traylor,2023,6,2023-07-09,23.8,MIN,home,LVA,-24.0,0,7.8,0,4,0.0,0,1,0.0,0,0,,0,0,0,1,1,0,0,1,0,-1.5
Kayana Traylor,2023,7,2023-07-12,23.8,MIN,home,DAL,-40.0,0,14.9,2,5,0.4,0,0,,0,0,,1,0,1,1,0,0,0,1,4,2.3
Kayana Traylor,2023,8,2023-07-18,23.8,MIN,away,ATL,-9.0,0,0.6,0,0,,0,0,,0,0,,0,0,0,0,0,0,0,0,0,0.0
Natasha Mack,2021,1,2021-05-19,23.5,CHI,away,ATL,8.0,0,9.9,1,2,0.5,0,0,,0,0,,1,3,4,0,0,0,1,2,2,0.8
Natasha Mack,2021,2,2021-05-28,23.6,CHI,home,LAS,-15.0,0,4.0,0,0,,0,0,,0,0,,0,0,0,0,0,0,0,0,0,0.0
Natasha Mack,2021,3,2021-06-09,23.6,CHI,home,IND,16.0,0,1.9,1,1,1.0,0,0,,2,2,1.0,0,0,0,0,0,0,1,0,4,2.7
Natasha Mack,2021,4,2021-07-11,23.7,MIN,away,LAS,25.0,0,2.3,0,0,,0,0,,0,0,,0,0,0,0,0,0,0,0,0,0.0
Megan Huff,2020,1,2020-07-28,24.3,MIN,home,SEA,-24.0,0,3.1,0,1,0.0,0,0,,0,0,,2,1,3,1,0,0,0,1,0,1.3
Megan Huff,2020,2,2020-08-01,24.3,MIN,home,CON,9.0,0,0.3,0,0,,0,0,,0,0,,0,0,0,0,0,0,0,0,0,0.0
Megan Huff,2020,3,2020-08-05,24.3,MIN,home,NYL,26.0,0,1.0,0,0,,0,0,,0,0,,0,0,0,0,0,0,0,0,0,0.0
Megan Huff,2020,4,2020-08-09,24.3,LVA,home,NYL,2.0,0,0.8,0,0,,0,0,,0,0,,0,0,0,0,0,0,0,0,0,0.0
Megan Huff,2020,5,2020-08-11,24.3,LVA,home,IND,19.0,0,3.2,0,1,0.0,0,0,,0,0,,0,0,0,0,0,0,0,0,0,-0.7
Megan Huff,2020,6,2020-08-13,24.3,LVA,home,MIN,10.0,0,1.4,0,1,0.0,0,1,0.0,0,0,,0,0,0,0,0,0,0,0,0,-0.7
Megan Huff,2020,7,2020-08-15,24.3,LVA,home,WAS,15.0,0,5.2,0,0,,0,0,,0,0,,0,1,1,0,0,0,3,2,0,-3.5
Stephanie Jones,2021,1,2021-05-14,22.8,CON,away,ATL,11.0,0,13.1,2,3,0.667,0,0,,0,0,,0,2,2,0,0,0,1,0,4,2.3
Stephanie Jones,2021,2,2021-05-19,22.9,CON,home,IND,21.0,0,15.6,2,6,0.333,0,1,0.0,0,0,,4,0,4,0,0,0,1,1,4,2.0
Stephanie Jones,2021,3,2021-05-21,22.9,CON,away,PHO,17.0,0,2.6,2,3,0.667,0,0,,0,0,,0,1,1,0,0,0,0,1,4,2.6
Stephanie Jones,2021,4,2021-06-01,22.9,CON,home,LVA,7.0,0,3.3,0,0,,0,0,,0,0,,0,1,1,0,0,1,0,0,0,1.0
Stephanie Jones,2021,5,2021-06-05,22.9,CON,home,NYL,21.0,0,5.7,2,4,0.5,0,0,,0,0,,2,0,2,0,0,0,0,0,4,3.4
Stephanie Jones,2021,6,2021-06-13,22.9,CON,home,SEA,-23.0,0,6.1,0,2,0.0,0,0,,0,0,,0,0,0,1,0,0,0,1,0,-1.1
Stephanie Jones,2021,7,2021-06-22,23.0,CON,home,DAL,10.0,0,2.5,0,0,,0,0,,0,0,,0,1,1,1,0,0,0,0,0,1.0
Stephanie Jones,2021,8,2021-06-27,23.0,CON,home,CHI,16.0,0,2.2,0,0,,0,0,,0,0,,0,0,0,0,1,0,0,1,0,0.6
Stephanie Jones,2021,9,2021-06-29,23.0,CON,away,WAS,19.0,0,10.1,0,0,,0,0,,0,0,,0,3,3,0,0,0,0,2,0,0.1
Stephanie Jones,2021,10,2021-07-03,23.0,CON,away,IND,-6.0,0,3.6,0,0,,0,0,,0,0,,0,1,1,0,0,0,0,1,0,-0.1
Stephanie Jones,2021,11,2021-07-11,23.0,CON,away,NYL,17.0,0,1.6,0,0,,0,0,,0,0,,0,0,0,0,0,0,0,0,0,0.0
Stephanie Jones,2021,12,2021-08-15,23.1,CON,away,DAL,21.0,0,1.6,0,0,,0,0,,0,0,,0,0,0,0,0,0,0,0,0,0.0
Stephanie Jones,2021,13,2021-08-28,23.1,CON,home,LAS,15.0,0,1.6,0,1,0.0,0,0,,0,0,,0,0,0,0,0,0,0,0,0,-0.7
Stephanie Jones,2021,14,2021-08-31,23.1,CON,away,WAS,10.0,0,3.6,0,0,,0,0,,0,0,,0,0,0,0,0,0,1,0,0,-1.0
Stephanie Jones,2021,15,2021-09-07,23.2,CON,away,DAL,27.0,0,11.3,2,3,0.667,0,0,,0,0,,2,0,2,1,0,0,0,1,4,4.4
Stephanie Jones,2021,16,2021-09-09,23.2,CON,away,LAS,18.0,0,5.4,0,0,,0,0,,0,0,,0,0,0,0,0,0,0,1,0,-0.4
Stephanie Jones,2021,17,2021-09-15,23.2,CON,home,NYL,29.0,0,3.6,0,0,,0,0,,0,0,,0,0,0,0,1,0,0,0,0,1.0
Stephanie Jones,2021,18,2021-09-19,23.2,CON,home,ATL,20.0,0,5.2,2,7,0.286,0,1,0.0,1,2,0.5,3,1,4,0,0,0,0,0,5,2.9
Stephanie Jones,2022,1,2022-05-06,23.8,WAS,home,IND,14.0,0,1.1,0,1,0.0,0,0,,0,0,,0,0,0,0,0,0,0,0,0,-0.7
Stephanie Jones,2022,2,2022-05-08,23.8,WAS,away,MIN,12.0,0,15.7,2,4,0.5,1,2,0.5,0,0,,0,1,1,1,1,0,0,2,5,4.2
Stephanie Jones,2022,3,2022-05-10,23.8,WAS,home,LVA,13.0,0,1.7,1,2,0.5,0,0,,0,0,,1,0,1,0,0,0,0,2,2,0.9
Stephanie Jones,2022,4,2022-05-31,23.9,CON,away,LVA,-8.0,0,3.1,0,1,0.0,0,0,,2,2,1.0,0,0,0,0,0,0,0,0,2,1.3
Stephanie Jones,2022,5,2022-06-03,23.9,CON,away,PHO,4.0,0,4.9,0,0,,0,0,,0,0,,0,0,0,1,0,0,0,1,0,0.3
Aari McDonald,2021,1,2021-05-14,22.7,ATL,home,CON,-11.0,0,16.1,0,4,.000,0,2,.000,1,2,.500,0,2,2,1,2,0,0,3,1,-0.1
Aari McDonald,2021,2,2021-05-19,22.7,ATL,home,CHI,-8.0,0,11.3,0,3,.000,0,1,.000,0,0,,0,0,0,2,0,0,2,1,0,-3.1
Aari McDonald,2021,3,2021-05-25,22.8,ATL,away,CHI,7.0,0,17.2,3,8,.375,1,5,.200,2,3,.667,0,1,1,5,0,0,1,2,9,6.2
Aari McDonald,2021,4,2021-05-27,22.8,ATL,home,DAL,6.0,0,9.8,2,4,.500,1,2,.500,4,4,1.000,1,3,4,2,1,0,1,0,9,10.0
Aari McDonald,2021,5,2021-05-29,22.8,ATL,away,NYL,3.0,0,6.8,1,3,.333,1,3,.333,0,0,,1,0,1,0,0,0,0,2,3,1.2
Aari McDonald,2021,6,2021-06-04,22.8,ATL,away,MIN,-2.0,0,22.9,5,12,.417,4,9,.444,1,1,1.000,0,1,1,3,2,1,1,2,15,11.9
Aari McDonald,2021,7,2021-06-06,22.8,ATL,away,MIN,-20.0,0,23.9,4,10,.400,1,4,.250,6,6,1.000,1,1,2,2,0,0,2,5,15,8.0
Aari McDonald,2021,8,2021-06-09,22.8,ATL,home,SEA,-24.0,0,14.4,1,5,.200,0,1,.000,5,5,1.000,0,0,0,1,0,0,3,0,7,1.6
Aari McDonald,2021,9,2021-06-11,22.8,ATL,home,SEA,-11.0,0,18.7,2,6,.333,0,2,.000,0,0,,1,1,2,1,0,1,1,2,4,1.2
Aari McDonald,2021,10,2021-06-13,22.8,ATL,home,WAS,23.0,0,6.1,1,3,.333,0,0,,1,1,1.000,0,0,0,1,0,1,0,0,3,2.7
Aari McDonald,2021,11,2021-06-17,22.8,ATL,away,WAS,-3.0,0,11.1,1,3,.333,0,2,.000,2,2,1.000,0,1,1,2,0,0,1,2,4,2.2
Aari McDonald,2021,12,2021-06-23,22.8,ATL,home,MIN,-2.0,0,7.4,2,4,.500,2,3,.667,4,4,1.000,0,1,1,1,1,0,0,1,10,9.6
Aari McDonald,2021,13,2021-06-26,22.8,ATL,home,NYL,-23.0,0,13.9,1,3,.333,1,2,.500,0,0,,0,1,1,0,1,0,3,2,3,-1.2
Aari McDonald,2021,14,2021-06-29,22.9,ATL,home,NYL,4.0,0,1.8,0,1,.000,0,0,,0,0,,0,0,0,0,1,0,0,0,0,0.3
Aari McDonald,2021,15,2021-07-04,22.9,ATL,away,LVA,-23.0,0,11.3,1,5,.200,1,4,.250,2,2,1.000,0,0,0,1,0,0,0,2,5,1.8
Aari McDonald,2021,16,2021-07-09,22.9,ATL,away,CON,-12.0,0,23.7,2,6,.333,2,4,.500,4,4,1.000,0,4,4,3,2,0,2,1,10,9.5
Aari McDonald,2021,17,2021-07-11,22.9,ATL,home,IND,-11.0,0,14.9,1,3,.333,1,1,1.000,0,0,,0,0,0,2,0,0,1,1,3,1.3
Aari McDonald,2021,18,2021-08-15,23.0,ATL,away,PHO,-11.0,0,20.7,2,7,.286,0,2,.000,1,2,.500,1,3,4,5,4,0,1,4,5,7.0
Aari McDonald,2021,19,2021-08-17,23.0,ATL,away,LAS,-5.0,0,16.4,1,6,.167,0,3,.000,3,3,1.000,1,0,1,1,1,0,1,2,5,1.8
Aari McDonald,2021,20,2021-08-19,23.0,ATL,away,LAS,-2.0,0,19.3,5,10,.500,4,8,.500,1,2,.500,2,2,4,3,1,0,2,4,15,11.1
Aari McDonald,2021,21,2021-08-21,23.0,ATL,home,PHO,-15.0,0,18.7,5,9,.556,3,6,.500,0,0,,0,0,0,2,3,0,2,5,13,9.1
Aari McDonald,2021,22,2021-08-24,23.0,ATL,home,CHI,-7.0,0,10.3,2,5,.400,2,5,.400,2,2,1.000,0,0,0,0,0,0,0,1,8,4.9
Aari McDonald,2021,23,2021-08-26,23.0,ATL,home,LVA,-7.0,0,15.7,3,6,.500,1,2,.500,2,2,1.000,0,3,3,4,1,0,1,1,9,9.3
Aari McDonald,2021,24,2021-09-02,23.0,ATL,away,DAL,-4.0,0,21.0,2,8,.250,2,6,.333,0,0,,0,4,4,1,0,1,2,1,6,1.4
Aari McDonald,2021,25,2021-09-05,23.0,ATL,away,DAL,5.0,0,13.1,0,3,.000,0,1,.000,0,0,,0,1,1,2,0,0,0,0,0,-0.4
Aari McDonald,2021,26,2021-09-08,23.1,ATL,home,PHO,-1.0,0,10.7,0,3,.000,0,3,.000,0,0,,0,1,1,1,1,0,0,1,0,-0.5
Aari McDonald,2021,27,2021-09-10,23.1,ATL,away,WAS,-8.0,1,33.3,3,12,.250,3,9,.333,2,2,1.000,0,5,5,2,0,0,1,3,11,4.5
Aari McDonald,2021,28,2021-09-14,23.1,ATL,home,IND,7.0,1,27.4,2,7,.286,1,5,.200,1,2,.500,0,2,2,6,4,0,2,1,6,7.9
Aari McDonald,2021,29,2021-09-16,23.1,ATL,home,LAS,-6.0,1,18.2,0,4,.000,0,3,.000,1,2,.500,0,1,1,1,0,0,1,2,1,-3.0
Aari McDonald,2021,30,2021-09-19,23.1,ATL,away,CON,-20.0,1,36.9,4,11,.364,1,6,.167,0,0,,1,2,3,4,0,1,4,2,9,2.9
Aari McDonald,2022,1,2022-05-07,23.7,ATL,away,DAL,7.0,0,17.9,0,3,.000,0,3,.000,1,2,.500,0,1,1,0,0,0,1,2,1,-3.0
Aari McDonald,2022,2,2022-05-11,23.7,ATL,home,LAS,2.0,0,17.0,2,4,.500,2,3,.667,1,2,.500,0,0,0,3,0,0,2,2,7,3.9
Aari McDonald,2022,3,2022-05-13,23.7,ATL,home,LVA,-23.0,0,30.9,7,11,.636,5,7,.714,1,2,.500,0,2,2,2,2,0,5,1,20,13.3
Aari McDonald,2022,4,2022-05-15,23.7,ATL,away,IND,6.0,0,23.8,4,6,.667,1,3,.333,2,2,1.000,1,2,3,2,0,0,2,4,11,7.5
Aari McDonald,2022,5,2022-05-17,23.7,ATL,away,IND,22.0,0,28.5,4,9,.444,1,6,.167,0,0,,0,6,6,4,1,0,4,3,9,4.7
Aari McDonald,2022,6,2022-05-20,23.7,ATL,home,WAS,-5.0,0,20.3,2,6,.333,0,3,.000,3,3,1.000,0,0,0,2,2,0,1,4,7,4.4
Aari McDonald,2022,7,2022-05-24,23.8,ATL,away,WAS,-20.0,0,27.1,3,9,.333,2,5,.400,2,2,1.000,0,1,1,1,1,0,3,2,10,3.1
Aari McDonald,2022,8,2022-05-29,23.8,ATL,home,PHO,27.0,0,25.8,4,9,.444,2,6,.333,0,0,,1,7,8,5,2,0,5,2,10,7.8
Aari McDonald,2022,9,2022-06-01,23.8,ATL,home,MIN,8.0,0,28.2,5,14,.357,3,10,.300,0,0,,0,2,2,2,7,1,1,2,13,13.1
Aari McDonald,2022,10,2022-06-03,23.8,ATL,home,CHI,-8.0,0,16.4,0,3,.000,0,1,.000,2,2,1.000,1,2,3,1,2,0,1,2,2,2.1
Aari McDonald,2022,11,2022-06-05,23.8,ATL,home,IND,9.0,0,27.1,3,10,.300,1,5,.200,5,6,.833,0,2,2,0,3,0,4,1,12,5.0
Aari McDonald,2022,12,2022-06-07,23.8,ATL,away,SEA,-12.0,0,30.5,3,10,.300,0,3,.000,1,1,1.000,0,2,2,3,2,0,2,5,7,1.9
Aari McDonald,2022,13,2022-06-10,23.8,ATL,away,PHO,-2.0,1,39.0,6,12,.500,0,3,.000,1,1,1.000,0,4,4,4,2,0,0,2,13,12.2
Aari McDonald,2022,14,2022-06-15,23.8,ATL,away,CON,-13.0,1,34.4,7,12,.583,2,5,.400,3,3,1.000,0,1,1,5,3,0,1,0,19,19.2
Aari McDonald,2022,15,2022-06-17,23.8,ATL,away,CHI,-6.0,1,43.0,6,17,.353,2,5,.400,6,8,.750,2,3,5,6,1,0,2,2,20,14.4
Aari McDonald,2022,16,2022-06-21,23.8,ATL,home,DAL,5.0,1,28.7,6,9,.667,1,2,.500,2,2,1.000,0,1,1,5,1,0,5,2,15,10.1
Aari McDonald,2022,17,2022-06-24,23.8,ATL,home,NYL,-12.0,1,34.0,4,11,.364,0,2,.000,4,4,1.000,0,0,0,4,0,0,1,1,12,7.3
Aari McDonald,2022,18,2022-06-26,23.8,ATL,home,CON,-11.0,1,31.2,4,8,.500,3,5,.600,6,7,.857,0,1,1,4,3,0,5,3,17,12.5
Aari McDonald,2022,19,2022-06-28,23.9,ATL,away,WAS,-18.0,0,19.0,3,8,.375,3,4,.750,0,0,,2,1,3,2,4,0,4,0,9,7.7
Aari McDonald,2022,20,2022-06-30,23.9,ATL,away,NYL,11.0,0,15.8,1,6,.167,1,4,.250,6,6,1.000,2,3,5,2,0,0,3,3,9,4.7
Aari McDonald,2022,21,2022-07-03,23.9,ATL,home,SEA,14.0,0,15.4,3,5,.600,1,2,.500,6,6,1.000,1,0,1,1,1,0,1,3,13,10.9
Aari McDonald,2022,22,2022-07-06,23.9,ATL,home,WAS,-19.0,0,18.2,2,3,.667,0,1,.000,4,4,1.000,0,1,1,2,1,0,0,2,8,8.6
Aari McDonald,2022,23,2022-07-12,23.9,ATL,away,CHI,-15.0,0,16.1,4,9,.444,3,4,.750,1,2,.500,0,0,0,3,3,0,2,1,12,9.6
Aari McDonald,2022,24,2022-07-15,23.9,ATL,home,CON,-25.0,0,25.2,2,9,.222,0,3,.000,0,0,,1,1,2,4,1,0,1,1,4,1.9
Aari McDonald,2022,25,2022-07-17,23.9,ATL,away,PHO,10.0,0,17.0,2,8,.250,1,5,.200,0,0,,0,1,1,0,1,0,2,1,5,-0.9
Aari McDonald,2022,26,2022-07-19,23.9,ATL,away,LVA,16.0,0,16.7,4,5,.800,2,2,1.000,1,2,.500,0,1,1,2,0,0,0,3,11,9.2
Aari McDonald,2022,27,2022-07-21,23.9,ATL,away,LAS,-7.0,0,18.0,7,9,.778,2,4,.500,2,2,1.000,0,2,2,2,0,0,2,1,18,14.1
Aari McDonald,2022,28,2022-07-24,23.9,ATL,away,SEA,-10.0,0,15.2,2,6,.333,0,3,.000,1,2,.500,1,1,2,1,0,0,0,3,5,1.7
Aari McDonald,2022,29,2022-07-28,23.9,ATL,home,MIN,-7.0,0,20.3,1,5,.200,0,1,.000,6,6,1.000,0,2,2,3,3,0,0,4,8,9.0
Aari McDonald,2022,30,2022-07-30,23.9,ATL,home,DAL,-13.0,0,23.4,5,13,.385,3,5,.600,0,1,.000,0,2,2,0,2,0,5,2,13,2.3
Aari McDonald,2022,31,2022-08-03,24.0,ATL,home,IND,10.0,0,22.4,5,12,.417,1,4,.250,2,2,1.000,1,4,5,6,1,0,2,3,13,10.5
Aari McDonald,2022,32,2022-08-05,24.0,ATL,home,LAS,2.0,0,16.7,3,6,.500,0,1,.000,6,6,1.000,0,0,0,1,0,0,2,4,12,6.1
Aari McDonald,2022,33,2022-08-07,24.0,ATL,away,MIN,-10.0,0,28.5,4,10,.400,2,7,.286,6,7,.857,0,2,2,2,1,0,1,3,16,11.0
Aari McDonald,2022,34,2022-08-09,24.0,ATL,away,LVA,-7.0,0,26.0,5,11,.455,3,6,.500,3,3,1.000,2,3,5,5,0,0,3,2,16,12.3
Aari McDonald,2022,35,2022-08-12,24.0,ATL,home,NYL,-10.0,0,30.5,4,15,.267,1,5,.200,1,2,.500,0,4,4,0,1,0,4,1,10,-1.5
Aari McDonald,2022,36,2022-08-14,24.0,ATL,away,NYL,-4.0,0,27.9,4,16,.250,0,4,.000,3,3,1.000,0,1,1,4,1,0,0,1,11,5.1
Aari McDonald,2023,1,2023-05-20,24.7,ATL,away,DAL,-7.0,1,29.8,2,11,.182,2,7,.286,0,1,.000,0,2,2,1,0,0,3,4,6,-4.6
Aari McDonald,2023,2,2023-05-23,24.8,ATL,away,MIN,6.0,1,30.2,2,8,.250,1,5,.200,1,2,.500,0,3,3,6,0,0,2,2,6,3.1
Aari McDonald,2023,3,2023-05-28,24.8,ATL,home,IND,-3.0,1,29.7,1,6,.167,1,3,.333,2,2,1.000,0,2,2,3,0,0,1,2,5,2.1
Aari McDonald,2023,4,2023-05-30,24.8,ATL,home,CHI,18.0,1,27.8,3,5,.600,1,1,1.000,1,2,.500,0,3,3,2,1,0,0,3,8,7.4
Aari McDonald,2023,5,2023-06-02,24.8,ATL,home,LVA,-5.0,1,26.0,2,8,.250,1,4,.250,0,1,.000,0,2,2,7,0,0,4,0,5,1.3
Aari McDonald,2023,6,2023-07-20,24.9,ATL,away,CON,-11.0,0,16.5,3,9,.333,1,4,.250,0,0,,0,2,2,1,1,0,1,1,7,2.8
Aari McDonald,2023,7,2023-07-22,24.9,ATL,home,CON,-8.0,0,26.8,5,11,.455,1,5,.200,3,4,.750,1,0,1,0,0,0,0,1,14,8.2
Aari McDonald,2023,8,2023-07-25,24.9,ATL,home,PHO,13.0,0,17.6,5,7,.714,0,1,.000,1,1,1.000,1,2,3,0,0,0,2,1,11,7.0
Aari McDonald,2023,9,2023-07-27,24.9,ATL,away,NYL,-11.0,0,27.9,4,9,.444,3,8,.375,7,9,.778,0,3,3,5,0,0,1,1,18,15.5
Aari McDonald,2023,10,2023-07-30,24.9,ATL,home,WAS,7.0,0,24.5,2,5,.400,0,3,.000,3,3,1.000,0,2,2,5,0,0,1,1,7,7.0
Aari McDonald,2023,11,2023-08-01,24.9,ATL,away,LVA,-21.0,0,19.2,0,5,.000,0,2,.000,0,0,,1,1,2,3,0,0,2,2,0,-3.2
Aari McDonald,2023,12,2023-08-03,25.0,ATL,away,PHO,-20.0,0,21.8,1,1,1.000,0,0,,2,2,1.000,0,1,1,5,3,0,1,2,4,8.7
Aari McDonald,2023,13,2023-08-06,25.0,ATL,home,IND,9.0,1,13.5,1,3,.333,1,2,.500,0,0,,1,1,2,1,0,0,3,3,3,-1.2
Aari McDonald,2023,14,2023-08-10,25.0,ATL,away,SEA,-1.0,0,19.3,4,5,.800,2,2,1.000,0,2,.000,0,3,3,3,2,0,2,1,10,9.9
Aari McDonald,2023,15,2023-08-12,25.0,ATL,away,LAS,-11.0,0,20.5,5,10,.500,1,4,.250,4,4,1.000,0,2,2,2,1,0,2,1,15,10.6
Aari McDonald,2023,16,2023-08-13,25.0,ATL,away,LVA,-21.0,0,21.9,1,6,.167,0,3,.000,0,0,,0,3,3,2,0,0,2,3,2,-2.7
Aari McDonald,2023,17,2023-08-18,25.0,ATL,home,CHI,11.0,1,30.3,1,7,.143,1,5,.200,0,0,,0,1,1,7,0,0,0,2,3,2.9
Aari McDonald,2023,18,2023-08-22,25.0,ATL,home,LVA,-12.0,1,24.5,4,8,.500,2,4,.500,1,1,1.000,0,3,3,1,1,0,4,2,11,4.8
Aari McDonald,2023,19,2023-08-25,25.0,ATL,home,LAS,-5.0,1,30.2,2,5,.400,1,1,1.000,2,2,1.000,1,2,3,5,3,0,3,1,7,8.7
Aari McDonald,2023,20,2023-08-27,25.0,ATL,away,IND,-3.0,0,16.6,4,8,.500,1,4,.250,0,0,,1,1,2,1,1,0,1,2,9,5.9
Aari McDonald,2023,21,2023-08-29,25.0,ATL,home,PHO,18.0,0,20.6,6,8,.750,1,2,.500,0,0,,0,0,0,1,2,0,1,1,13,11.1
Aari McDonald,2023,22,2023-09-01,25.0,ATL,away,MIN,-6.0,0,28.1,5,10,.500,2,4,.500,2,2,1.000,0,2,2,4,0,0,0,0,14,12.4
Aari McDonald,2023,23,2023-09-06,25.0,ATL,home,SEA,11.0,0,18.2,2,4,.500,1,2,.500,0,0,,0,0,0,7,0,0,2,1,5,5.5
Aari McDonald,2023,24,2023-09-10,25.1,ATL,home,DAL,-17.0,0,23.3,1,5,.200,1,2,.500,3,4,.750,0,1,1,1,0,0,1,1,6,2.1
Elena Delle Donne,2021,1,2021-08-22,32.0,WAS,home,SEA,-7.0,1,22.4,5,11,0.455,1,2,0.5,5,5,1.0,0,3,3,0,0,0,1,0,16,10.2
Elena Delle Donne,2021,2,2021-08-24,32.0,WAS,home,LAS,10.0,1,17.6,5,9,0.556,1,2,0.5,7,7,1.0,1,4,5,1,0,0,0,1,18,15.9
Elena Delle Donne,2021,3,2021-08-26,32.0,WAS,home,DAL,-5.0,1,12.1,3,7,0.429,1,1,1.0,0,0,,2,3,5,1,0,1,1,1,7,5.6
Elena Delle Donne,2022,1,2022-05-06,32.7,WAS,home,IND,14.0,1,29.6,8,16,.500,1,5,.200,4,5,.800,3,6,9,3,0,2,0,1,21,19.6
Elena Delle Donne,2022,2,2022-05-10,32.7,WAS,home,LVA,13.0,1,29.4,5,11,.455,1,5,.200,8,8,1.000,0,7,7,2,1,2,2,2,19,16.4
Elena Delle Donne,2022,3,2022-05-13,32.7,WAS,home,DAL,-8.0,1,31.9,7,13,.538,4,6,.667,2,2,1.000,0,5,5,4,0,0,0,1,20,17.6
Elena Delle Donne,2022,4,2022-05-17,32.7,WAS,away,DAL,16.0,1,26.1,5,11,.455,1,4,.250,3,4,.750,0,5,5,2,0,0,2,5,14,6.8
Elena Delle Donne,2022,5,2022-05-22,32.7,WAS,home,CHI,-9.0,1,33.0,6,14,.429,4,6,.667,1,2,.500,1,6,7,2,3,1,2,1,17,14.4
Elena Delle Donne,2022,6,2022-05-24,32.7,WAS,home,ATL,20.0,1,25.5,7,13,.538,0,3,.000,1,1,1.000,1,5,6,0,1,3,0,0,15,14.0
Elena Delle Donne,2022,7,2022-05-31,32.7,WAS,away,IND,12.0,1,24.7,8,17,.471,2,6,.333,1,2,.500,3,4,7,3,0,2,0,1,19,16.3
Elena Delle Donne,2022,8,2022-06-03,32.7,WAS,home,NYL,-4.0,1,29.9,7,13,.538,1,1,1.000,0,0,,4,4,8,1,0,0,1,1,15,12.0
Elena Delle Donne,2022,9,2022-06-08,32.8,WAS,home,CHI,2.0,1,7.4,1,6,.167,0,0,,0,0,,1,0,1,2,0,0,0,0,2,0.3
Elena Delle Donne,2022,10,2022-06-14,32.8,WAS,home,PHO,18.0,1,25.8,3,5,.600,1,2,.500,0,0,,0,3,3,3,2,0,2,3,7,6.5
Elena Delle Donne,2022,11,2022-06-19,32.8,WAS,home,CON,8.0,1,31.4,6,12,.500,1,2,.500,2,2,1.000,1,5,6,2,0,2,3,2,15,10.2
Elena Delle Donne,2022,12,2022-06-23,32.8,WAS,away,SEA,-14.0,1,28.9,7,17,.412,2,6,.333,4,4,1.000,1,3,4,1,1,0,3,2,20,10.4
Elena Delle Donne,2022,13,2022-06-25,32.8,WAS,away,LVA,1.0,1,35.9,7,17,.412,2,6,.333,3,3,1.000,0,10,10,3,0,5,0,2,19,17.7
Elena Delle Donne,2022,14,2022-06-28,32.8,WAS,home,ATL,18.0,1,19.0,3,8,.375,0,1,.000,5,6,.833,2,3,5,1,0,0,0,1,11,8.8
Elena Delle Donne,2022,15,2022-07-06,32.8,WAS,away,ATL,19.0,1,26.8,10,17,.588,2,4,.500,4,4,1.000,1,7,8,1,0,0,0,0,26,21.6
Elena Delle Donne,2022,16,2022-07-12,32.8,WAS,away,LAS,13.0,1,27.5,10,14,.714,4,5,.800,2,3,.667,0,2,2,3,1,1,1,0,26,23.2
Elena Delle Donne,2022,17,2022-07-14,32.9,WAS,away,PHO,-5.0,1,30.6,6,13,.462,2,6,.333,5,5,1.000,1,11,12,4,0,0,4,3,19,13.9
Elena Delle Donne,2022,18,2022-07-17,32.9,WAS,home,MIN,13.0,1,28.0,8,16,.500,2,4,.500,3,3,1.000,1,9,10,3,0,1,1,1,21,17.8
Elena Delle Donne,2022,19,2022-07-21,32.9,WAS,home,NYL,9.0,1,30.9,8,14,.571,3,6,.500,6,6,1.000,0,3,3,3,0,0,0,0,25,21.4
Elena Delle Donne,2022,20,2022-07-30,32.9,WAS,home,SEA,-5.0,1,30.0,7,14,.500,1,3,.333,7,7,1.000,0,5,5,1,1,3,1,3,22,18.1
Elena Delle Donne,2022,21,2022-07-31,32.9,WAS,home,SEA,3.0,1,32.4,7,13,.538,0,1,.000,3,3,1.000,1,5,6,0,0,0,1,2,17,11.1
Elena Delle Donne,2022,22,2022-08-02,32.9,WAS,home,LVA,10.0,1,28.9,1,7,.143,0,2,.000,3,3,1.000,3,8,11,5,0,1,1,0,5,8.2
Elena Delle Donne,2022,23,2022-08-07,32.9,WAS,home,LAS,-3.0,1,28.2,2,12,.167,0,3,.000,4,4,1.000,2,6,8,2,0,3,2,3,8,3.9
Elena Delle Donne,2022,24,2022-08-12,32.9,WAS,away,IND,12.0,1,28.1,8,17,.471,0,4,.000,8,10,.800,2,5,7,3,1,1,1,0,24,20.2
Elena Delle Donne,2022,25,2022-08-14,32.9,WAS,home,IND,12.0,1,24.3,8,13,.615,1,4,.250,5,5,1.000,2,1,3,3,1,0,0,2,22,20.1
Elena Delle Donne,2023,1,2023-05-19,33.7,WAS,home,NYL,16.0,1,33.1,5,9,.556,1,1,1.000,2,2,1.000,0,4,4,5,2,1,2,1,13,13.7
Elena Delle Donne,2023,2,2023-05-21,33.7,WAS,away,CON,-6.0,1,33.5,7,17,.412,1,3,.333,4,5,.800,0,11,11,1,1,2,4,5,19,9.9
Elena Delle Donne,2023,3,2023-05-23,33.7,WAS,home,CON,-7.0,1,35.5,11,18,.611,2,3,.667,3,3,1.000,4,3,7,4,0,1,2,2,27,23.2
Elena Delle Donne,2023,4,2023-05-26,33.7,WAS,away,CHI,2.0,1,31.3,10,17,.588,3,5,.600,2,3,.667,1,2,3,2,0,1,1,0,25,19.1
Elena Delle Donne,2023,5,2023-06-02,33.7,WAS,home,DAL,1.0,1,33.2,7,15,.467,3,6,.500,6,6,1.000,0,10,10,3,1,1,2,3,23,18.9
Elena Delle Donne,2023,6,2023-06-03,33.7,WAS,home,MIN,-2.0,1,33.5,4,12,.333,0,1,.000,4,4,1.000,2,5,7,2,1,1,2,3,12,8.0
Elena Delle Donne,2023,7,2023-06-09,33.8,WAS,away,SEA,7.0,1,26.2,5,12,.417,0,3,.000,1,1,1.000,3,4,7,3,1,0,5,3,11,4.8
Elena Delle Donne,2023,8,2023-06-13,33.8,WAS,away,IND,-21.0,1,28.3,6,14,.429,1,4,.250,4,4,1.000,1,5,6,1,0,3,2,2,17,11.8
Elena Delle Donne,2023,9,2023-06-16,33.8,WAS,home,PHO,19.0,1,28.7,7,12,.583,1,3,.333,2,2,1.000,0,1,1,3,1,0,0,3,17,13.6
Elena Delle Donne,2023,10,2023-06-18,33.8,WAS,home,CHI,8.0,1,27.3,5,15,.333,1,2,.500,9,9,1.000,2,4,6,2,2,0,0,1,20,17.1
Elena Delle Donne,2023,11,2023-06-22,33.8,WAS,away,CHI,21.0,1,27.7,7,14,.500,1,2,.500,3,3,1.000,2,6,8,4,0,1,2,1,18,15.3
Elena Delle Donne,2023,12,2023-06-25,33.8,WAS,away,NYL,-1.0,1,36.5,6,15,.400,1,3,.333,2,2,1.000,0,6,6,3,1,1,1,4,15,9.9
Elena Delle Donne,2023,13,2023-06-28,33.8,WAS,home,ATL,23.0,1,26.2,10,17,.588,0,3,.000,5,5,1.000,1,6,7,4,0,2,1,3,25,21.6
Elena Delle Donne,2023,14,2023-06-30,33.8,WAS,away,ATL,-5.0,1,34.0,13,19,.684,1,2,.500,4,4,1.000,2,3,5,0,0,0,0,4,31,23.6
Elena Delle Donne,2023,15,2023-07-09,33.8,WAS,away,CON,-8.0,1,13.3,0,3,.000,0,0,,0,0,,0,2,2,2,2,0,1,1,0,0.5
Elena Delle Donne,2023,16,2023-08-18,34.0,WAS,away,IND,4.0,1,11.1,1,5,.200,1,2,.500,3,3,1.000,0,2,2,1,1,1,2,2,6,3.1
Elena Delle Donne,2023,17,2023-08-26,34.0,WAS,home,LVA,16.0,1,22.0,6,10,.600,2,3,.667,7,7,1.000,0,7,7,1,1,0,0,1,21,19.8
Elena Delle Donne,2023,18,2023-08-29,34.0,WAS,home,MIN,11.0,1,22.7,5,6,.833,0,0,,0,0,,1,3,4,0,0,0,1,0,10,8.4
Elena Delle Donne,2023,19,2023-08-31,34.0,WAS,away,LVA,-9.0,1,26.5,7,14,.500,1,2,.500,2,3,.667,0,3,3,2,1,0,0,1,17,12.5
Elena Delle Donne,2023,20,2023-09-03,34.0,WAS,away,LAS,-8.0,1,28.9,4,14,.286,0,6,.000,0,0,,0,6,6,1,2,3,1,1,8,5.0
Elena Delle Donne,2023,21,2023-09-05,34.0,WAS,away,PHO,23.0,1,23.9,9,15,.600,2,2,1.000,4,4,1.000,0,4,4,0,1,0,0,1,24,18.9
Elena Delle Donne,2023,22,2023-09-08,34.0,WAS,home,ATL,-5.0,1,25.8,4,14,.286,1,3,.333,4,5,.800,0,6,6,1,1,1,0,1,13,8.2
Elena Delle Donne,2023,23,2023-09-10,34.0,WAS,away,NYL,2.0,1,23.6,3,6,.500,1,2,.500,4,5,.800,1,2,3,4,0,1,1,0,11,11.4
Chelsey Perry,2021,1,2021-05-14,21.9,IND,away,NYL,-3.0,0,2.5,0,1,0.0,0,0,,0,0,,0,0,0,0,0,0,1,1,0,-2.1
Chelsey Perry,2021,2,2021-05-16,21.9,IND,home,NYL,-8.0,0,6.5,0,1,0.0,0,0,,1,2,0.5,0,1,1,0,1,0,0,0,1,1.2
Chelsey Perry,2021,3,2021-07-01,22.1,IND,home,CON,-6.0,0,8.9,2,5,0.4,0,1,0.0,0,0,,0,0,0,0,1,0,1,4,4,-0.3
Chelsey Perry,2021,4,2021-07-03,22.1,IND,home,CON,6.0,0,3.3,0,3,0.0,0,2,0.0,0,0,,0,0,0,1,0,0,0,1,0,-1.8
Chelsey Perry,2021,5,2021-07-09,22.1,IND,home,NYL,13.0,0,7.4,1,5,0.2,1,4,0.25,0,0,,0,1,1,1,0,0,0,0,3,0.9
Chelsey Perry,2021,6,2021-07-11,22.1,IND,away,ATL,11.0,0,11.4,2,3,0.667,1,2,0.5,0,0,,0,4,4,0,1,0,0,1,5,5.5
Destiny Slocum,2021,1,2021-05-18,23.7,LVA,away,SEA,16.0,0,1.2,0,0,,0,0,,0,0,,0,0,0,0,0,0,0,0,0,0.0
Destiny Slocum,2021,2,2021-05-21,23.7,LVA,home,LAS,28.0,0,15.2,2,5,.400,0,2,.000,2,3,.667,0,0,0,4,0,0,0,1,6,5.3
Destiny Slocum,2021,3,2021-05-23,23.7,LVA,home,CON,-7.0,0,18.7,1,1,1.000,1,1,1.000,0,0,,1,5,6,2,1,1,1,1,3,6.6
Destiny Slocum,2021,4,2021-05-26,23.7,LVA,away,PHO,6.0,0,9.4,1,3,.333,1,3,.333,0,0,,0,1,1,0,1,0,2,1,3,0.2
Destiny Slocum,2021,5,2021-05-30,23.7,LVA,home,IND,23.0,0,10.2,0,2,.000,0,2,.000,0,0,,0,1,1,1,0,0,1,0,0,-1.4
Destiny Slocum,2021,6,2021-06-01,23.7,LVA,away,CON,-7.0,0,12.0,0,1,.000,0,0,,1,2,.500,0,2,2,0,0,0,0,3,1,-0.7
Destiny Slocum,2021,7,2021-06-03,23.7,LVA,away,NYL,12.0,0,5.2,0,0,,0,0,,0,0,,0,0,0,1,0,0,0,1,0,0.3
Destiny Slocum,2021,8,2021-06-05,23.7,LVA,away,WAS,3.0,0,2.0,0,0,,0,0,,0,0,,0,1,1,0,0,0,0,0,0,0.3
Destiny Slocum,2021,9,2021-06-13,23.8,LVA,home,DAL,7.0,0,0.3,0,0,,0,0,,0,0,,0,0,0,0,0,0,0,0,0,0.0
Destiny Slocum,2021,10,2021-06-15,23.8,LVA,home,NYL,22.0,0,4.0,0,1,.000,0,1,.000,0,0,,1,0,1,1,0,0,0,2,0,-0.1
Destiny Slocum,2021,11,2021-06-17,23.8,LVA,home,NYL,27.0,0,7.9,1,2,.500,1,1,1.000,0,0,,0,1,1,0,0,0,1,1,3,0.9
Destiny Slocum,2021,12,2021-06-30,23.8,LVA,away,LAS,24.0,0,7.8,1,1,1.000,1,1,1.000,0,0,,0,1,1,0,1,0,0,3,3,2.8
Destiny Slocum,2021,13,2021-07-04,23.8,LVA,home,ATL,23.0,0,3.4,0,0,,0,0,,0,0,,0,0,0,1,0,0,0,1,0,0.3
Destiny Slocum,2021,14,2021-07-09,23.8,LVA,home,MIN,-10.0,0,2.3,1,1,1.000,1,1,1.000,0,0,,0,0,0,0,0,0,0,1,3,2.3
Destiny Slocum,2021,15,2021-07-11,23.8,LVA,away,DAL,16.0,0,3.2,0,1,.000,0,0,,0,0,,0,0,0,0,0,0,0,1,0,-1.1
Destiny Slocum,2021,16,2021-08-24,24.0,LVA,away,CON,-14.0,0,1.8,0,0,,0,0,,0,0,,0,0,0,1,0,0,0,0,0,0.7
Destiny Slocum,2021,17,2021-08-28,24.0,LVA,away,IND,16.0,0,6.8,0,0,,0,0,,0,0,,0,2,2,0,0,0,0,1,0,0.2
Destiny Slocum,2021,18,2021-09-05,24.0,LVA,away,CHI,-8.0,0,1.1,0,0,,0,0,,0,0,,0,0,0,0,0,0,0,0,0,0.0
Destiny Slocum,2021,19,2021-09-08,24.0,LVA,home,MIN,21.0,0,1.6,0,0,,0,0,,0,0,,0,0,0,1,0,0,0,0,0,0.7
Destiny Slocum,2021,20,2021-09-17,24.0,LVA,away,CHI,33.0,0,6.2,0,1,.000,0,1,.000,0,0,,0,1,1,0,0,0,1,0,0,-1.4
Destiny Slocum,2021,21,2021-09-19,24.0,LVA,away,PHO,1.0,0,13.1,0,3,.000,0,2,.000,0,0,,1,1,2,0,0,0,1,2,0,-2.9
Destiny Slocum,2022,1,2022-06-15,24.8,ATL,away,CON,-13.0,0,17.4,1,4,0.25,1,4,0.25,1,2,0.5,0,2,2,2,0,0,2,3,4,0.0
Destiny Slocum,2022,2,2022-06-17,24.8,ATL,away,CHI,-6.0,0,17.0,3,7,0.429,2,5,0.4,2,3,0.667,0,2,2,2,0,0,2,0,10,5.9
Destiny Slocum,2022,3,2022-06-21,24.8,ATL,home,DAL,5.0,0,6.5,0,0,,0,0,,0,0,,0,0,0,0,0,0,1,1,0,-1.4
Julie Allemand,2020,1,2020-07-25,24.0,IND,home,WAS,-25.0,1,31.6,3,3,1.000,2,2,1.000,0,0,,0,0,0,3,2,0,2,2,8,8.4
Julie Allemand,2020,2,2020-07-29,24.1,IND,home,PHO,6.0,1,29.9,0,2,.000,0,2,.000,2,2,1.000,1,2,3,2,0,1,2,5,2,0.0
Julie Allemand,2020,3,2020-07-31,24.1,IND,home,DAL,-3.0,1,33.3,1,3,.333,1,2,.500,1,1,1.000,0,4,4,11,3,1,3,1,4,11.5
Julie Allemand,2020,4,2020-08-02,24.1,IND,home,ATL,16.0,1,34.4,4,11,.364,2,5,.400,0,0,,2,5,7,9,2,0,5,2,10,9.3
Julie Allemand,2020,5,2020-08-05,24.1,IND,home,LAS,-11.0,1,28.9,1,4,.250,1,3,.333,3,3,1.000,0,5,5,4,2,0,5,2,6,4.1
Julie Allemand,2020,6,2020-08-07,24.1,IND,home,MIN,-7.0,1,31.9,4,7,.571,4,6,.667,0,0,,0,2,2,6,0,1,3,2,12,10.4
Julie Allemand,2020,7,2020-08-09,24.1,IND,home,WAS,7.0,1,35.7,4,5,.800,3,4,.750,2,2,1.000,0,6,6,5,1,2,0,5,13,16.8
Julie Allemand,2020,8,2020-08-11,24.1,IND,home,LVA,-19.0,1,35.4,2,5,.400,2,4,.500,0,0,,0,3,3,6,2,0,3,3,6,6.2
Julie Allemand,2020,9,2020-08-13,24.1,IND,home,NYL,7.0,1,33.8,3,5,.600,3,4,.750,4,5,.800,0,4,4,5,2,0,1,4,13,14.4
Julie Allemand,2020,10,2020-08-15,24.1,IND,home,LAS,-14.0,1,28.9,2,7,.286,0,3,.000,0,0,,0,1,1,4,3,0,5,2,4,0.2
Julie Allemand,2020,11,2020-08-18,24.1,IND,home,CON,-22.0,1,34.9,2,5,.400,1,2,.500,0,0,,1,7,8,4,2,0,3,2,5,6.1
Julie Allemand,2020,12,2020-08-20,24.1,IND,home,SEA,6.0,1,34.9,4,7,.571,4,7,.571,0,0,,0,7,7,6,1,0,1,0,12,15.0
Julie Allemand,2020,13,2020-08-22,24.1,IND,home,CHI,-11.0,1,40.0,5,10,.500,1,4,.250,1,2,.500,0,5,5,7,0,0,3,2,12,9.2
Julie Allemand,2020,14,2020-08-25,24.1,IND,home,SEA,-13.0,1,33.5,4,9,.444,3,8,.375,0,0,,0,2,2,5,1,2,3,4,11,8.2
Julie Allemand,2020,15,2020-08-29,24.1,IND,home,DAL,-4.0,1,33.6,3,4,.750,2,3,.667,2,5,.400,0,4,4,3,2,0,2,3,10,9.3
Julie Allemand,2020,16,2020-08-31,24.2,IND,home,CHI,-23.0,1,30.4,1,5,.200,0,3,.000,2,2,1.000,1,4,5,10,1,0,0,4,4,9.2
Julie Allemand,2020,17,2020-09-01,24.2,IND,home,ATL,-12.0,1,32.6,1,6,.167,1,4,.250,2,4,.500,1,6,7,5,0,0,2,3,5,3.2
Julie Allemand,2020,18,2020-09-03,24.2,IND,home,PHO,-24.0,1,28.5,4,8,.500,2,4,.500,0,0,,0,5,5,3,0,1,3,4,10,5.7
Julie Allemand,2020,19,2020-09-05,24.2,IND,home,CON,-19.0,1,35.2,2,6,.333,2,6,.333,1,1,1.000,0,6,6,8,0,0,4,1,7,6.6
Julie Allemand,2020,20,2020-09-08,24.2,IND,home,LVA,-6.0,1,35.6,6,10,.600,6,7,.857,1,1,1.000,1,5,6,8,0,0,4,2,19,17.4
Julie Allemand,2020,21,2020-09-10,24.2,IND,home,NYL,10.0,1,29.1,1,5,.200,1,4,.250,1,2,.500,0,5,5,5,1,1,2,2,4,4.4
Julie Allemand,2020,22,2020-09-12,24.2,IND,home,MIN,-12.0,1,24.2,4,7,.571,3,5,.600,0,0,,1,4,5,9,0,0,1,2,11,14.1
Julie Allemand,2022,1,2022-06-10,25.9,CHI,away,CON,4.0,0,7.2,0,2,.000,0,0,,0,0,,0,2,2,0,0,0,0,1,0,-1.2
Julie Allemand,2022,2,2022-06-12,25.9,CHI,away,NYL,2.0,0,10.4,0,1,.000,0,1,.000,2,2,1.000,0,1,1,1,0,0,1,4,2,-0.3
Julie Allemand,2022,3,2022-06-17,25.9,CHI,home,ATL,6.0,0,12.8,0,1,.000,0,0,,0,0,,0,0,0,5,0,0,0,1,0,2.4
Julie Allemand,2022,4,2022-06-19,26.0,CHI,away,IND,-2.0,0,15.0,1,1,1.000,1,1,1.000,0,0,,0,0,0,3,1,0,0,0,3,5.8
Julie Allemand,2022,5,2022-06-21,26.0,CHI,away,LVA,9.0,0,10.1,0,2,.000,0,1,.000,0,0,,0,3,3,6,0,0,0,0,0,3.7
Julie Allemand,2022,6,2022-06-23,26.0,CHI,away,LAS,23.0,0,23.9,0,1,.000,0,1,.000,0,0,,0,3,3,6,0,0,2,1,0,2.0
Julie Allemand,2022,7,2022-06-26,26.0,CHI,home,MIN,3.0,0,20.1,4,4,1.000,1,1,1.000,2,2,1.000,1,1,2,4,0,0,3,3,11,9.4
Julie Allemand,2022,8,2022-06-29,26.0,CHI,home,CON,8.0,0,11.1,1,2,.500,0,1,.000,1,1,1.000,0,1,1,3,0,0,2,0,3,2.4
Julie Allemand,2022,9,2022-07-02,26.0,CHI,home,PHO,16.0,0,18.1,1,1,1.000,1,1,1.000,0,0,,0,2,2,6,0,0,1,1,3,6.1
Julie Allemand,2022,10,2022-07-06,26.0,CHI,away,MIN,-3.0,0,12.8,1,2,.500,1,2,.500,0,0,,1,0,1,1,1,0,1,0,3,3.4
Julie Allemand,2022,11,2022-07-07,26.0,CHI,away,IND,9.0,0,20.1,2,3,.667,2,2,1.000,3,4,.750,1,2,3,2,0,0,3,2,9,6.2
Julie Allemand,2022,12,2022-07-12,26.0,CHI,home,ATL,15.0,0,10.7,1,1,1.000,0,0,,0,0,,0,1,1,3,1,0,2,0,2,3.1
Julie Allemand,2022,13,2022-07-14,26.0,CHI,away,LAS,12.0,0,17.2,0,1,.000,0,0,,0,0,,2,1,3,4,2,0,3,0,0,2.8
Julie Allemand,2022,14,2022-07-16,26.0,CHI,away,DAL,8.0,1,28.9,1,3,.333,0,1,.000,0,0,,0,1,1,8,2,2,0,1,2,9.2
Julie Allemand,2022,15,2022-07-20,26.0,CHI,home,SEA,4.0,1,25.8,2,4,.500,0,1,.000,0,0,,0,2,2,2,1,0,2,0,4,3.0
Julie Allemand,2022,16,2022-07-22,26.0,CHI,home,DAL,6.0,1,24.6,4,5,.800,1,2,.500,4,6,.667,0,2,2,6,0,0,3,3,13,10.9
Julie Allemand,2022,17,2022-07-23,26.0,CHI,away,NYL,-3.0,1,34.3,2,7,.286,0,5,.000,0,0,,1,2,3,2,3,0,1,0,4,4.6
Julie Allemand,2022,18,2022-07-29,26.1,CHI,home,NYL,8.0,0,8.9,0,2,.000,0,1,.000,0,0,,1,1,2,0,0,0,0,0,0,-0.4
Julie Allemand,2022,19,2022-07-31,26.1,CHI,away,CON,3.0,0,11.1,1,2,.500,1,1,1.000,2,2,1.000,0,2,2,1,0,0,3,0,5,2.3
Julie Allemand,2022,20,2022-08-02,26.1,CHI,home,DAL,-6.0,0,9.7,0,1,.000,0,0,,0,0,,0,0,0,2,1,0,2,0,0,-0.3
Julie Allemand,2022,21,2022-08-05,26.1,CHI,home,WAS,10.0,0,17.0,1,5,.200,1,4,.250,0,0,,1,1,2,4,0,0,1,2,3,1.9
Julie Allemand,2022,22,2022-08-07,26.1,CHI,home,CON,3.0,0,10.4,2,3,.667,0,1,.000,0,0,,0,1,1,3,0,0,2,1,4,2.7
Julie Allemand,2022,23,2022-08-09,26.1,CHI,home,SEA,-11.0,0,10.1,0,1,.000,0,1,.000,0,0,,0,0,0,4,0,0,0,0,0,2.1
Julie Allemand,2022,24,2022-08-11,26.1,CHI,away,LVA,-11.0,0,8.6,0,1,.000,0,1,.000,0,0,,0,1,1,3,1,0,0,1,0,2.3
Julie Allemand,2022,25,2022-08-14,26.1,CHI,away,PHO,15.0,0,22.8,1,4,.250,0,2,.000,1,1,1.000,1,0,1,6,1,1,1,2,3,5.4
Dulcy Fankam Mendjiadeu,2023,1,2023-05-20,23.8,SEA,home,LVA,-41.0,0,3.1,0,0,,0,0,,0,0,,1,0,1,0,0,0,0,0,0,0.7
Dulcy Fankam Mendjiadeu,2023,2,2023-06-06,23.9,SEA,home,LAS,3.0,0,10.6,1,1,1.000,0,0,,1,2,.500,0,3,3,1,0,0,0,3,3,2.7
Dulcy Fankam Mendjiadeu,2023,3,2023-06-09,23.9,SEA,home,WAS,-7.0,0,3.1,0,0,,0,0,,0,0,,0,0,0,0,0,0,0,1,0,-0.4
Dulcy Fankam Mendjiadeu,2023,4,2023-06-11,23.9,SEA,home,WAS,-6.0,0,0.0,0,0,,0,0,,0,0,,0,0,0,0,0,0,0,0,0,0.0
Dulcy Fankam Mendjiadeu,2023,5,2023-06-13,23.9,SEA,away,PHO,14.0,0,2.0,0,1,.000,0,0,,0,0,,2,0,2,0,0,0,1,0,0,-0.3
Dulcy Fankam Mendjiadeu,2023,6,2023-06-15,23.9,SEA,away,LVA,-33.0,0,10.5,0,1,.000,0,0,,0,0,,1,1,2,0,0,0,1,3,0,-1.9
Dulcy Fankam Mendjiadeu,2023,7,2023-06-17,23.9,SEA,away,DAL,6.0,0,2.0,0,0,,0,0,,2,2,1.000,0,0,0,0,0,0,0,1,2,1.6
Dulcy Fankam Mendjiadeu,2023,8,2023-06-24,23.9,SEA,home,PHO,23.0,0,4.1,1,2,.500,0,0,,2,2,1.000,1,0,1,0,0,0,2,4,4,0.1
Dulcy Fankam Mendjiadeu,2023,9,2023-06-29,23.9,SEA,home,MIN,-2.0,0,26.9,4,7,.571,0,0,,0,0,,2,7,9,0,2,2,1,3,8,9.4
Dulcy Fankam Mendjiadeu,2023,10,2023-07-02,23.9,SEA,home,NYL,-15.0,0,16.6,1,3,.333,0,0,,3,4,.750,2,3,5,1,1,0,1,3,5,4.7
Dulcy Fankam Mendjiadeu,2023,11,2023-07-06,23.9,SEA,away,CON,-20.0,0,17.4,4,7,.571,0,0,,0,0,,1,1,2,0,0,0,2,3,8,2.5
Dulcy Fankam Mendjiadeu,2023,12,2023-07-08,24.0,SEA,away,NYL,-4.0,1,37.3,5,7,.714,0,0,,2,4,.500,5,9,14,1,1,2,1,3,12,15.4
Dulcy Fankam Mendjiadeu,2023,13,2023-07-11,24.0,SEA,away,WAS,-7.0,1,31.2,6,9,.667,0,0,,0,0,,5,6,11,0,1,1,2,2,12,12.3
Dulcy Fankam Mendjiadeu,2023,14,2023-07-12,24.0,SEA,away,ATL,-10.0,1,21.4,6,11,.545,0,0,,1,5,.200,2,4,6,0,0,0,1,5,13,5.7
Dulcy Fankam Mendjiadeu,2023,15,2023-07-20,24.0,SEA,home,LVA,-16.0,1,16.0,0,1,.000,0,1,.000,0,4,.000,1,1,2,0,1,1,3,4,0,-4.2
Dulcy Fankam Mendjiadeu,2023,16,2023-07-22,24.0,SEA,home,CHI,-15.0,1,9.0,0,5,.000,0,0,,0,0,,1,2,3,0,0,0,0,2,0,-3.0
Dulcy Fankam Mendjiadeu,2023,17,2023-07-25,24.0,SEA,away,NYL,-4.0,1,15.0,3,4,.750,0,0,,0,0,,0,4,4,0,1,0,0,4,6,5.0
Dulcy Fankam Mendjiadeu,2023,18,2023-07-28,24.0,SEA,away,CHI,9.0,1,14.9,2,5,.400,0,0,,0,0,,2,4,6,1,0,0,2,1,4,2.2
Dulcy Fankam Mendjiadeu,2023,19,2023-07-30,24.0,SEA,away,IND,23.0,1,12.0,0,0,,0,0,,0,0,,0,1,1,0,0,0,0,3,0,-0.9
Dulcy Fankam Mendjiadeu,2023,20,2023-08-02,24.0,SEA,home,DAL,-11.0,1,12.8,1,1,1.000,0,0,,0,0,,0,1,1,0,0,0,0,1,2,1.6
Dulcy Fankam Mendjiadeu,2023,21,2023-08-05,24.0,SEA,away,PHO,6.0,1,12.5,4,4,1.000,0,0,,1,1,1.000,4,1,5,0,0,0,1,3,9,8.7
Dulcy Fankam Mendjiadeu,2023,22,2023-08-08,24.0,SEA,home,CON,-12.0,1,27.6,4,6,.667,0,0,,0,1,.000,6,6,12,1,2,1,4,2,8,9.6
Dulcy Fankam Mendjiadeu,2023,23,2023-08-10,24.0,SEA,home,ATL,1.0,1,14.7,2,5,.400,0,0,,1,2,.500,1,4,5,1,1,1,0,2,5,5.4
Dulcy Fankam Mendjiadeu,2023,24,2023-08-13,24.0,SEA,home,PHO,10.0,1,9.5,1,2,.500,0,0,,0,0,,3,2,5,1,0,1,3,1,2,1.7
Dulcy Fankam Mendjiadeu,2023,25,2023-08-18,24.1,SEA,home,MIN,-8.0,1,13.0,2,3,.667,0,0,,0,0,,3,1,4,1,0,0,0,2,4,5.0
Dulcy Fankam Mendjiadeu,2023,26,2023-08-20,24.1,SEA,away,MIN,14.0,1,27.1,3,5,.600,0,0,,2,3,.667,5,10,15,1,0,1,0,3,8,12.0
Dulcy Fankam Mendjiadeu,2023,27,2023-08-22,24.1,SEA,away,CHI,-23.0,1,29.7,2,5,.400,0,0,,2,4,.500,4,5,9,0,0,0,0,2,6,6.0
Dulcy Fankam Mendjiadeu,2023,28,2023-08-24,24.1,SEA,away,IND,-4.0,1,13.3,1,1,1.000,0,0,,2,2,1.000,1,1,2,1,1,0,0,4,4,4.8
Dulcy Fankam Mendjiadeu,2023,29,2023-08-27,24.1,SEA,home,CHI,-5.0,1,11.0,2,3,.667,0,0,,0,0,,1,3,4,0,0,0,1,1,4,2.9
Dulcy Fankam Mendjiadeu,2023,30,2023-08-31,24.1,SEA,away,LAS,11.0,1,14.8,1,3,.333,0,0,,1,2,.500,3,4,7,0,0,0,2,2,3,1.4
Dulcy Fankam Mendjiadeu,2023,31,2023-09-02,24.1,SEA,away,LVA,-26.0,1,10.5,0,4,.000,0,0,,0,0,,0,3,3,1,2,1,0,1,0,1.1
Dulcy Fankam Mendjiadeu,2023,32,2023-09-06,24.1,SEA,away,ATL,-11.0,1,14.1,0,1,.000,0,0,,2,2,1.000,1,4,5,0,0,0,0,1,2,2.8
Dulcy Fankam Mendjiadeu,2023,33,2023-09-08,24.1,SEA,away,DAL,-15.0,0,3.7,0,0,,0,0,,0,0,,0,0,0,0,0,0,0,0,0,0.0
Dulcy Fankam Mendjiadeu,2023,34,2023-09-10,24.1,SEA,home,LAS,-2.0,0,2.1,0,0,,0,0,,0,0,,0,0,0,1,0,0,1,1,0,-0.7
Candice Dupree,2020,1,2020-07-25,35.9,IND,home,WAS,-25.0,1,24.6,5,14,.357,0,2,.000,3,4,.750,1,3,4,0,1,0,0,2,13,6.6
Candice Dupree,2020,2,2020-07-29,36.0,IND,home,PHO,6.0,1,36.6,9,15,.600,2,3,.667,3,4,.750,0,9,9,3,2,0,1,0,23,21.5
Candice Dupree,2020,3,2020-07-31,36.0,IND,home,DAL,-3.0,1,35.8,4,15,.267,0,1,.000,3,3,1.000,1,7,8,3,0,0,0,3,11,5.8
Candice Dupree,2020,4,2020-08-02,36.0,IND,home,ATL,16.0,1,33.3,9,12,.750,0,0,,3,3,1.000,1,2,3,5,0,1,1,2,21,19.9
Candice Dupree,2020,5,2020-08-05,36.0,IND,home,LAS,-11.0,1,29.3,7,14,.500,0,1,.000,2,2,1.000,1,6,7,1,0,0,2,2,16,9.4
Candice Dupree,2020,6,2020-08-07,36.0,IND,home,MIN,-7.0,1,30.8,3,7,.429,0,1,.000,3,4,.750,1,1,2,1,1,0,1,0,9,6.6
Candice Dupree,2020,7,2020-08-09,36.0,IND,home,WAS,7.0,1,30.4,5,10,.500,0,0,,0,0,,1,8,9,3,0,0,1,1,10,8.8
Candice Dupree,2020,8,2020-08-11,36.0,IND,home,LVA,-19.0,1,28.1,9,18,.500,0,1,.000,2,2,1.000,0,6,6,2,0,0,1,1,20,12.8
Candice Dupree,2020,9,2020-08-13,36.0,IND,home,NYL,7.0,1,28.6,5,19,.263,0,3,.000,1,2,.500,0,6,6,1,1,2,1,2,11,2.4
Candice Dupree,2020,10,2020-08-15,36.0,IND,home,LAS,-14.0,1,21.4,2,5,.400,0,0,,1,1,1.000,1,0,1,3,0,0,2,0,5,3.1
Candice Dupree,2020,11,2020-08-18,36.0,IND,home,CON,-22.0,1,31.6,3,8,.375,0,2,.000,0,0,,3,4,7,5,1,0,0,1,6,9.0
Candice Dupree,2020,12,2020-08-20,36.0,IND,home,SEA,6.0,1,27.8,3,11,.273,0,0,,0,0,,1,8,9,3,0,0,2,1,6,2.3
Candice Dupree,2020,13,2020-08-22,36.0,IND,home,CHI,-11.0,1,28.9,8,10,.800,0,0,,2,2,1.000,0,4,4,1,2,1,3,0,18,15.8
Candice Dupree,2020,14,2020-08-25,36.0,IND,home,SEA,-13.0,1,35.9,2,6,.333,0,0,,4,4,1.000,3,4,7,1,1,1,5,3,8,4.1
Candice Dupree,2020,15,2020-08-29,36.0,IND,home,DAL,-4.0,1,35.3,3,6,.500,0,0,,5,6,.833,1,8,9,2,1,0,1,1,11,11.7
Candice Dupree,2020,16,2020-08-31,36.0,IND,home,CHI,-23.0,1,25.4,5,13,.385,0,0,,4,5,.800,2,4,6,1,2,0,1,1,14,10.4
Candice Dupree,2020,17,2020-09-01,36.0,IND,home,ATL,-12.0,1,13.6,2,5,.400,0,0,,0,0,,0,0,0,1,0,0,0,0,4,2.0
Candice Dupree,2020,18,2020-09-03,36.0,IND,home,PHO,-24.0,1,30.9,6,11,.545,0,0,,2,2,1.000,1,3,4,5,0,0,1,2,14,12.0
Candice Dupree,2020,19,2020-09-05,36.1,IND,home,CON,-19.0,1,35.1,3,8,.375,0,0,,0,0,,1,5,6,3,0,2,1,1,6,5.9
Candice Dupree,2020,20,2020-09-08,36.1,IND,home,LVA,-6.0,1,34.4,8,12,.667,0,0,,0,0,,1,5,6,1,2,0,1,2,16,13.9
Candice Dupree,2020,21,2020-09-10,36.1,IND,home,NYL,10.0,1,35.2,9,19,.474,1,2,.500,3,3,1.000,2,4,6,7,1,2,2,0,22,20.2
Candice Dupree,2020,22,2020-09-12,36.1,IND,home,MIN,-12.0,1,31.6,6,13,.462,0,2,.000,0,1,.000,5,1,6,3,1,0,1,2,12,10.0
Candice Dupree,2021,1,2021-05-15,36.7,SEA,home,LVA,14.0,1,30.2,6,16,.375,0,0,,0,0,,2,3,5,0,1,2,2,1,12,5.5
Candice Dupree,2021,2,2021-05-18,36.8,SEA,home,LVA,-16.0,0,15.1,1,4,.250,0,1,.000,0,0,,0,1,1,1,0,0,1,2,2,-1.2
Candice Dupree,2021,3,2021-05-20,36.8,SEA,away,MIN,12.0,0,20.7,5,7,.714,0,0,,0,0,,0,4,4,3,0,1,2,1,10,8.7
Candice Dupree,2021,4,2021-05-22,36.8,SEA,away,DAL,3.0,1,23.1,3,8,.375,0,0,,2,2,1.000,3,5,8,1,1,0,1,0,8,7.9
Candice Dupree,2021,5,2021-05-25,36.8,SEA,home,CON,3.0,0,7.9,3,4,.750,1,1,1.000,1,1,1.000,0,0,0,0,0,0,1,0,8,5.4
Candice Dupree,2021,6,2021-05-28,36.8,SEA,home,MIN,10.0,0,24.2,6,9,.667,0,1,.000,0,0,,0,3,3,1,2,0,0,2,12,10.9
Candice Dupree,2021,7,2021-06-01,36.8,SEA,home,IND,15.0,0,15.0,4,8,.500,0,1,.000,0,0,,0,2,2,0,1,0,1,1,8,4.2
Candice Dupree,2021,8,2021-06-04,36.8,SEA,home,DAL,3.0,0,11.7,1,3,.333,0,0,,0,0,,0,2,2,0,0,0,1,1,2,-0.5
Candice Dupree,2021,9,2021-06-06,36.8,SEA,home,DAL,-1.0,0,10.1,0,3,.000,0,0,,0,0,,0,3,3,0,0,0,0,2,0,-2.0
Candice Dupree,2021,10,2021-06-09,36.8,SEA,away,ATL,24.0,0,20.0,2,6,.333,0,0,,0,0,,0,3,3,1,1,0,0,2,4,2.4
Candice Dupree,2021,11,2021-06-11,36.8,SEA,away,ATL,11.0,0,19.1,2,7,.286,0,0,,2,2,1.000,0,3,3,0,0,0,3,2,6,-1.0
Candice Dupree,2021,12,2021-06-13,36.8,SEA,away,CON,23.0,0,16.3,2,6,.333,0,0,,2,2,1.000,0,1,1,1,0,0,1,3,6,1.4
Candice Dupree,2021,13,2021-06-15,36.8,SEA,away,IND,17.0,0,13.3,1,2,.500,0,0,,2,2,1.000,1,2,3,3,0,0,0,1,4,6.0
Candice Dupree,2021,14,2021-06-17,36.8,SEA,away,IND,10.0,0,10.7,0,3,.000,0,0,,0,0,,0,0,0,0,0,0,0,0,0,-2.1
Candice Dupree,2021,15,2021-06-22,36.8,SEA,home,WAS,-4.0,0,16.1,4,7,.571,0,0,,2,2,1.000,1,0,1,0,1,0,0,2,10,7.6
Candice Dupree,2021,16,2021-06-27,36.9,SEA,away,LVA,-3.0,0,6.8,1,1,1.000,0,0,,0,0,,1,0,1,0,0,0,0,1,2,2.0
Candice Dupree,2021,17,2021-08-15,37.0,ATL,away,PHO,-11.0,1,25.5,4,12,.333,0,0,,1,1,1.000,1,3,4,0,0,0,1,2,9,2.0
Candice Dupree,2021,18,2021-08-17,37.0,ATL,away,LAS,-5.0,1,36.4,6,11,.545,0,0,,0,0,,0,8,8,1,3,0,1,1,12,11.4
Candice Dupree,2021,19,2021-08-19,37.0,ATL,away,LAS,-2.0,1,32.5,4,7,.571,0,1,.000,2,2,1.000,2,3,5,1,0,0,0,1,10,9.3
Candice Dupree,2021,20,2021-08-21,37.0,ATL,home,PHO,-15.0,1,1.9,0,1,.000,0,0,,0,0,,0,0,0,0,0,0,0,0,0,-0.7
Candice Dupree,2021,21,2021-09-05,37.1,ATL,away,DAL,5.0,0,7.6,0,3,.000,0,0,,0,0,,0,4,4,1,0,0,1,0,0,-1.2
Candice Dupree,2021,22,2021-09-08,37.1,ATL,home,PHO,-1.0,0,14.6,5,8,.625,0,0,,1,3,.333,0,1,1,0,1,0,1,0,11,6.9
Candice Dupree,2021,23,2021-09-10,37.1,ATL,away,WAS,-8.0,0,25.2,3,10,.300,0,0,,0,2,.000,1,4,5,1,1,1,1,2,6,1.9
Candice Dupree,2021,24,2021-09-14,37.1,ATL,home,IND,7.0,0,24.9,7,11,.636,0,2,.000,1,1,1.000,2,0,2,0,0,1,2,0,15,10.2
Candice Dupree,2021,25,2021-09-16,37.1,ATL,home,LAS,-6.0,0,19.5,2,6,.333,0,0,,2,2,1.000,0,4,4,2,0,0,1,0,6,4.2
Candice Dupree,2021,26,2021-09-19,37.1,ATL,away,CON,-20.0,0,14.7,2,7,.286,0,0,,0,0,,1,4,5,0,0,0,1,2,4,0.0
Rui Machida,2022,1,2022-05-06,29.2,WAS,home,IND,14.0,0,16.9,1,3,.333,0,0,,0,0,,0,2,2,2,0,0,1,0,2,1.3
Rui Machida,2022,2,2022-05-08,29.2,WAS,away,MIN,12.0,0,18.7,0,1,.000,0,1,.000,0,0,,0,4,4,3,0,0,4,1,0,-1.8
Rui Machida,2022,3,2022-05-10,29.2,WAS,home,LVA,13.0,1,29.1,4,8,.500,1,3,.333,0,0,,0,1,1,4,0,0,1,1,9,6.7
Rui Machida,2022,4,2022-05-13,29.2,WAS,home,DAL,-8.0,1,30.9,3,8,.375,2,3,.667,0,0,,0,4,4,7,0,0,2,1,8,7.3
Rui Machida,2022,5,2022-05-17,29.2,WAS,away,DAL,16.0,0,16.5,3,6,.500,0,0,,0,0,,0,1,1,0,0,0,2,1,6,0.9
Rui Machida,2022,6,2022-05-20,29.2,WAS,away,ATL,5.0,0,8.8,0,1,.000,0,1,.000,0,0,,1,1,2,3,0,0,2,0,0,0.4
Rui Machida,2022,7,2022-05-22,29.2,WAS,home,CHI,-9.0,0,12.2,0,0,,0,0,,0,0,,0,0,0,2,1,0,2,0,0,0.4
Rui Machida,2022,8,2022-05-24,29.2,WAS,home,ATL,20.0,0,13.6,0,2,.000,0,1,.000,0,0,,0,1,1,3,2,0,0,4,0,1.4
Rui Machida,2022,9,2022-05-28,29.2,WAS,away,CON,-8.0,0,15.2,1,3,.333,1,3,.333,0,0,,1,0,1,5,0,0,0,1,3,5.1
Rui Machida,2022,10,2022-05-31,29.2,WAS,away,IND,12.0,0,13.5,0,2,.000,0,1,.000,0,0,,0,2,2,4,2,0,1,0,0,3.0
Rui Machida,2022,11,2022-06-03,29.2,WAS,home,NYL,-4.0,0,10.6,0,3,.000,0,1,.000,0,0,,0,4,4,1,1,0,0,0,0,0.8
Rui Machida,2022,12,2022-06-05,29.2,WAS,away,CHI,-9.0,0,21.3,2,4,.500,1,3,.333,0,0,,0,2,2,9,0,0,1,1,5,8.5
Rui Machida,2022,13,2022-06-08,29.3,WAS,home,CHI,2.0,0,13.8,0,0,,0,0,,2,2,1.000,0,0,0,3,0,0,3,0,2,1.1
Rui Machida,2022,14,2022-06-10,29.3,WAS,away,MIN,17.0,0,9.8,1,4,.250,0,2,.000,0,0,,0,1,1,1,0,0,0,1,2,0.2
Rui Machida,2022,15,2022-06-12,29.3,WAS,home,PHO,-9.0,0,11.7,1,2,.500,0,1,.000,1,2,.500,1,0,1,2,0,0,0,1,3,3.3
Rui Machida,2022,16,2022-06-14,29.3,WAS,home,PHO,18.0,0,11.0,0,4,.000,0,1,.000,0,0,,1,1,2,1,0,1,1,0,0,-1.4
Rui Machida,2022,17,2022-06-16,29.3,WAS,away,NYL,-12.0,0,9.7,0,2,.000,0,2,.000,0,0,,0,1,1,1,0,1,3,1,0,-3.1
Rui Machida,2022,18,2022-06-19,29.3,WAS,home,CON,8.0,0,6.7,1,2,.500,0,0,,0,0,,0,0,0,0,0,0,1,0,2,0.0
Rui Machida,2022,19,2022-06-21,29.3,WAS,away,LAS,-2.0,0,7.4,0,2,.000,0,1,.000,0,0,,0,0,0,2,0,0,3,0,0,-3.0
Rui Machida,2022,20,2022-06-23,29.3,WAS,away,SEA,-14.0,0,9.9,0,0,,0,0,,0,0,,0,0,0,2,0,0,0,0,0,1.4
Rui Machida,2022,21,2022-06-25,29.3,WAS,away,LVA,1.0,0,10.7,0,1,.000,0,0,,0,0,,0,1,1,1,0,0,0,1,0,-0.1
Rui Machida,2022,22,2022-06-28,29.3,WAS,home,ATL,18.0,0,19.9,2,3,.667,1,1,1.000,0,0,,0,1,1,5,2,0,3,1,5,6.1
Rui Machida,2022,23,2022-07-03,29.3,WAS,away,CON,-2.0,0,3.0,0,0,,0,0,,0,0,,0,0,0,0,0,0,0,1,0,-0.4
Rui Machida,2022,24,2022-07-06,29.3,WAS,away,ATL,19.0,0,11.1,1,3,.333,0,1,.000,0,1,.000,0,1,1,3,1,0,0,1,2,2.9
Rui Machida,2022,25,2022-07-12,29.3,WAS,away,LAS,13.0,0,4.5,0,0,,0,0,,0,0,,0,0,0,0,0,0,0,1,0,-0.4
Rui Machida,2022,26,2022-07-14,29.4,WAS,away,PHO,-5.0,0,3.0,0,1,.000,0,0,,2,2,1.000,0,0,0,0,0,0,0,0,2,1.3
Rui Machida,2022,27,2022-07-17,29.4,WAS,home,MIN,13.0,0,12.5,0,3,.000,0,2,.000,0,0,,0,1,1,2,1,0,1,1,0,-0.8
Rui Machida,2022,28,2022-07-21,29.4,WAS,home,NYL,9.0,0,10.0,0,0,,0,0,,0,0,,0,1,1,2,0,0,0,0,0,1.7
Rui Machida,2022,29,2022-07-28,29.4,WAS,away,DAL,10.0,0,9.2,0,0,,0,0,,0,0,,0,1,1,3,0,0,0,0,0,2.4
Rui Machida,2022,30,2022-07-30,29.4,WAS,home,SEA,-5.0,0,9.9,1,1,1.000,0,0,,0,0,,1,0,1,3,1,0,2,0,2,3.5
Rui Machida,2022,31,2022-07-31,29.4,WAS,home,SEA,3.0,0,11.5,1,6,.167,0,3,.000,0,0,,1,0,1,1,0,0,0,1,2,-0.8
Rui Machida,2022,32,2022-08-02,29.4,WAS,home,LVA,10.0,0,9.0,2,2,1.000,1,1,1.000,0,0,,0,0,0,2,0,0,1,0,5,4.8
Rui Machida,2022,33,2022-08-05,29.4,WAS,away,CHI,-10.0,0,19.7,0,3,.000,0,2,.000,0,0,,0,1,1,5,0,0,2,1,0,-0.7
Rui Machida,2022,34,2022-08-07,29.4,WAS,home,LAS,-3.0,0,6.3,0,0,,0,0,,0,0,,0,0,0,1,0,0,0,2,0,-0.1
Rui Machida,2022,35,2022-08-12,29.4,WAS,away,IND,12.0,0,14.5,1,1,1.000,0,0,,0,0,,0,1,1,4,1,0,1,0,2,4.8
Rui Machida,2022,36,2022-08-14,29.4,WAS,home,IND,12.0,0,21.4,1,3,.333,0,0,,1,2,.500,0,1,1,6,4,0,1,2,3,7.6
Angel McCoughtry,2020,1,2020-07-26,33.9,LVA,home,CHI,-2.0,1,26.0,11,17,.647,0,0,,3,3,1.000,2,6,8,2,1,0,2,2,25,20.3
Angel McCoughtry,2020,2,2020-07-29,33.9,LVA,home,ATL,30.0,1,15.1,5,9,.556,1,1,1.000,1,1,1.000,2,5,7,2,2,1,1,2,12,12.9
Angel McCoughtry,2020,3,2020-07-31,33.9,LVA,home,PHO,-7.0,1,22.4,6,13,.462,1,3,.333,5,5,1.000,1,1,2,3,0,1,0,3,18,13.9
Angel McCoughtry,2020,4,2020-08-02,33.9,LVA,home,DAL,9.0,1,15.4,1,4,.250,0,1,.000,2,2,1.000,0,4,4,3,1,0,0,1,4,5.5
Angel McCoughtry,2020,5,2020-08-05,33.9,LVA,home,WAS,6.0,1,25.3,4,7,.571,1,3,.333,4,6,.667,0,4,4,1,0,0,5,4,13,4.2
Angel McCoughtry,2020,6,2020-08-07,33.9,LVA,home,LAS,4.0,1,27.4,8,15,.533,2,2,1.000,6,6,1.000,0,8,8,5,3,0,3,3,24,21.4
Angel McCoughtry,2020,7,2020-08-09,33.9,LVA,home,NYL,2.0,1,19.7,3,7,.429,0,0,,0,0,,2,3,5,2,0,0,2,3,6,2.8
Angel McCoughtry,2020,8,2020-08-11,33.9,LVA,home,IND,19.0,1,20.4,9,10,.900,1,1,1.000,1,3,.333,0,1,1,2,0,1,1,1,20,16.8
Angel McCoughtry,2020,9,2020-08-13,33.9,LVA,home,MIN,10.0,1,23.7,9,16,.563,1,3,.333,2,2,1.000,3,2,5,1,3,0,1,3,21,17.6
Angel McCoughtry,2020,10,2020-08-15,33.9,LVA,home,WAS,15.0,1,11.9,4,7,.571,1,2,.500,2,2,1.000,0,3,3,1,0,0,0,1,11,8.9
Angel McCoughtry,2020,11,2020-08-18,33.9,LVA,home,CHI,-2.0,1,21.5,7,15,.467,0,3,.000,3,4,.750,2,0,2,4,3,1,1,3,17,14.6
Angel McCoughtry,2020,12,2020-08-20,33.9,LVA,home,CON,21.0,1,20.3,5,11,.455,2,3,.667,2,2,1.000,2,6,8,5,1,0,2,3,14,12.8
Angel McCoughtry,2020,13,2020-08-22,34.0,LVA,home,SEA,8.0,1,22.2,5,12,.417,0,0,,3,4,.750,4,10,14,3,3,0,3,2,13,13.3
Angel McCoughtry,2020,14,2020-08-25,34.0,LVA,home,DAL,4.0,1,16.4,3,3,1.000,0,0,,6,7,.857,1,0,1,2,1,0,2,5,12,9.8
Angel McCoughtry,2020,15,2020-08-29,34.0,LVA,home,NYL,17.0,1,20.2,4,11,.364,0,2,.000,2,2,1.000,1,5,6,2,0,1,2,1,10,5.8
Angel McCoughtry,2020,16,2020-09-01,34.0,LVA,home,PHO,-7.0,1,19.3,3,9,.333,0,0,,2,2,1.000,4,1,5,2,2,0,3,1,8,6.0
Angel McCoughtry,2020,17,2020-09-03,34.0,LVA,home,CON,15.0,1,15.5,5,12,.417,1,2,.500,0,0,,3,0,3,3,1,0,0,3,11,8.6
Angel McCoughtry,2020,18,2020-09-05,34.0,LVA,home,ATL,10.0,1,26.8,7,13,.538,0,1,.000,4,5,.800,1,4,5,1,4,0,1,5,18,14.9
Angel McCoughtry,2020,19,2020-09-08,34.0,LVA,home,IND,6.0,1,24.4,2,8,.250,0,0,,11,12,.917,5,1,6,1,2,0,1,0,15,15.3
Angel McCoughtry,2020,20,2020-09-10,34.0,LVA,home,MIN,15.0,1,17.2,7,11,.636,3,4,.750,5,5,1.000,2,6,8,6,1,0,2,2,22,22.7
Angel McCoughtry,2020,21,2020-09-12,34.0,LVA,home,LAS,14.0,1,23.8,8,15,.533,1,2,.500,1,1,1.000,2,4,6,3,1,1,4,1,18,12.7
Angel McCoughtry,2020,22,2020-09-13,34.0,LVA,home,SEA,2.0,1,5.1,1,1,1.000,1,1,1.000,2,2,1.000,0,1,1,0,0,0,2,0,5,3.0
Angel McCoughtry,2021,1,2021-08-26,35.0,LVA,away,ATL,7.0,0,0.1,0,1,0.0,0,0,,0,0,,0,0,0,0,0,0,0,0,0,-0.7
Angel McCoughtry,2022,1,2022-05-08,35.7,MIN,home,WAS,-12.0,1,12.8,1,5,0.2,0,1,0.0,4,4,1.0,0,4,4,2,1,2,2,1,6,5.5
Angel McCoughtry,2022,2,2022-05-10,35.7,MIN,away,IND,-6.0,1,6.9,2,3,0.667,0,0,,2,2,1.0,0,2,2,0,0,0,1,2,6,3.5
Haley Jones,2023,1,2023-05-20,22.0,ATL,away,DAL,-7.0,0,5.3,0,1,.000,0,1,.000,0,0,,0,1,1,1,1,0,1,0,0,0.3
Haley Jones,2023,2,2023-05-23,22.0,ATL,away,MIN,6.0,0,9.8,1,2,.500,0,0,,0,0,,2,2,4,2,1,0,1,2,2,3.6
Haley Jones,2023,3,2023-05-28,22.0,ATL,home,IND,-3.0,0,10.3,0,2,.000,0,0,,0,0,,0,4,4,2,0,1,3,0,0,-1.1
Haley Jones,2023,4,2023-05-30,22.0,ATL,home,CHI,18.0,0,18.9,5,9,.556,1,1,1.000,2,2,1.000,0,3,3,2,1,1,1,2,13,10.9
Haley Jones,2023,5,2023-06-02,22.0,ATL,home,LVA,-5.0,0,13.3,2,4,.500,0,2,.000,0,0,,0,2,2,3,1,0,0,2,4,4.9
Haley Jones,2023,6,2023-06-09,22.0,ATL,home,NYL,-23.0,0,27.7,3,7,.429,1,1,1.000,0,0,,0,6,6,5,0,1,3,4,7,4.7
Haley Jones,2023,7,2023-06-11,22.1,ATL,home,CON,-12.0,1,31.7,0,4,.000,0,0,,2,2,1.000,0,2,2,4,1,0,3,3,2,-0.6
Haley Jones,2023,8,2023-06-13,22.1,ATL,away,NYL,7.0,1,36.9,4,11,.364,2,4,.500,3,3,1.000,0,9,9,1,0,0,4,2,13,5.5
Haley Jones,2023,9,2023-06-15,22.1,ATL,away,CON,4.0,1,34.4,4,9,.444,0,1,.000,2,2,1.000,0,4,4,9,0,0,5,6,10,5.4
Haley Jones,2023,10,2023-06-18,22.1,ATL,away,IND,6.0,1,26.2,4,6,.667,0,0,,0,2,.000,0,4,4,5,0,0,3,2,8,5.5
Haley Jones,2023,11,2023-06-20,22.1,ATL,away,DAL,-12.0,1,25.5,1,4,.250,0,1,.000,2,4,.500,0,2,2,4,1,1,1,4,4,3.3
Haley Jones,2023,12,2023-06-23,22.1,ATL,home,NYL,-30.0,1,24.1,1,9,.111,0,1,.000,0,0,,1,0,1,3,2,0,5,4,2,-5.7
Haley Jones,2023,13,2023-06-28,22.1,ATL,away,WAS,-23.0,0,20.0,0,6,.000,0,1,.000,0,0,,0,1,1,5,1,2,2,2,0,-0.8
Haley Jones,2023,14,2023-06-30,22.1,ATL,home,WAS,5.0,0,5.4,0,2,.000,0,1,.000,0,0,,0,1,1,1,0,0,0,3,0,-1.6
Haley Jones,2023,15,2023-07-02,22.1,ATL,home,LAS,28.0,0,19.7,2,6,.333,0,2,.000,5,6,.833,1,2,3,5,0,1,1,0,9,9.7
Haley Jones,2023,16,2023-07-05,22.1,ATL,away,LAS,11.0,0,18.2,3,9,.333,0,1,.000,0,0,,0,3,3,4,0,1,0,3,6,4.1
Haley Jones,2023,17,2023-07-07,22.1,ATL,away,CHI,14.0,0,8.2,0,2,.000,0,0,,0,0,,0,1,1,1,0,1,1,1,0,-1.1
Haley Jones,2023,18,2023-07-09,22.1,ATL,away,CHI,11.0,0,12.4,2,3,.667,0,1,.000,0,0,,0,1,1,1,0,0,1,3,4,1.5
Haley Jones,2023,19,2023-07-12,22.1,ATL,home,SEA,10.0,0,22.5,2,5,.400,0,0,,3,3,1.000,1,3,4,3,1,0,0,5,7,7.0
Haley Jones,2023,20,2023-07-18,22.2,ATL,home,MIN,9.0,0,11.7,1,4,.250,0,2,.000,0,0,,0,1,1,1,1,0,1,3,2,-0.6
Haley Jones,2023,21,2023-07-20,22.2,ATL,away,CON,-11.0,0,5.5,0,2,.000,0,0,,0,0,,2,0,2,0,0,0,0,1,0,-0.4
Haley Jones,2023,22,2023-07-22,22.2,ATL,home,CON,-8.0,0,1.4,0,0,,0,0,,0,0,,0,0,0,0,0,0,0,0,0,0.0
Haley Jones,2023,23,2023-07-25,22.2,ATL,home,PHO,13.0,0,18.6,2,6,.333,0,0,,1,2,.500,1,2,3,5,1,2,4,2,5,3.6
Haley Jones,2023,24,2023-07-27,22.2,ATL,away,NYL,-11.0,0,1.9,0,0,,0,0,,0,2,.000,0,0,0,0,0,0,0,0,0,-0.8
Haley Jones,2023,25,2023-07-30,22.2,ATL,home,WAS,7.0,0,9.1,1,2,.500,0,0,,0,0,,0,1,1,1,0,0,0,0,2,2.0
Haley Jones,2023,26,2023-08-01,22.2,ATL,away,LVA,-21.0,0,8.7,1,2,.500,1,1,1.000,2,2,1.000,0,1,1,1,0,0,2,0,5,3.0
Haley Jones,2023,27,2023-08-03,22.2,ATL,away,PHO,-20.0,0,8.5,2,5,.400,0,0,,1,2,.500,0,2,2,2,0,0,0,2,5,3.1
Haley Jones,2023,28,2023-08-06,22.2,ATL,home,IND,9.0,0,12.2,0,2,.000,0,1,.000,0,0,,0,1,1,2,1,0,0,1,0,0.9
Haley Jones,2023,29,2023-08-10,22.2,ATL,away,SEA,-1.0,0,7.2,1,3,.333,0,0,,0,0,,2,3,5,0,0,0,1,0,2,1.6
Haley Jones,2023,30,2023-08-12,22.2,ATL,away,LAS,-11.0,0,4.7,0,1,.000,0,1,.000,0,0,,0,1,1,0,0,0,0,1,0,-0.8
Haley Jones,2023,31,2023-08-13,22.2,ATL,away,LVA,-21.0,0,4.0,0,1,.000,0,0,,0,0,,0,2,2,0,0,0,0,0,0,-0.1
Haley Jones,2023,32,2023-08-18,22.2,ATL,home,CHI,11.0,0,12.9,2,4,.500,0,0,,0,0,,0,0,0,4,0,0,0,1,4,4.4
Haley Jones,2023,33,2023-08-22,22.2,ATL,home,LVA,-12.0,0,30.0,8,13,.615,1,2,.500,6,6,1.000,2,4,6,5,2,0,1,3,23,23.0
Haley Jones,2023,34,2023-08-25,22.3,ATL,home,LAS,-5.0,0,10.7,0,3,.000,0,0,,0,0,,0,2,2,1,0,0,2,2,0,-3.6
Haley Jones,2023,35,2023-08-27,22.3,ATL,away,IND,-3.0,0,9.3,0,0,,0,0,,0,0,,0,0,0,0,0,0,1,0,0,-1.0
Haley Jones,2023,36,2023-08-29,22.3,ATL,home,PHO,18.0,0,19.5,0,6,.000,0,2,.000,0,0,,1,1,2,5,0,1,3,4,0,-3.6
Haley Jones,2023,37,2023-09-01,22.3,ATL,away,MIN,-6.0,0,3.1,1,1,1.000,0,0,,0,0,,0,0,0,0,0,0,0,0,2,1.7
Haley Jones,2023,38,2023-09-06,22.3,ATL,home,SEA,11.0,0,2.2,0,0,,0,0,,0,0,,0,0,0,0,0,0,1,0,0,-1.0
Haley Jones,2023,39,2023-09-08,22.3,ATL,away,WAS,5.0,0,16.0,3,5,.600,0,1,.000,1,1,1.000,0,5,5,2,1,0,2,1,7,6.2
Haley Jones,2023,40,2023-09-10,22.3,ATL,home,DAL,-17.0,0,15.8,0,5,.000,0,0,,1,2,.500,1,3,4,2,0,0,1,0,1,-0.9
Stephanie Mavunga,2020,1,2020-07-25,25.4,IND,home,WAS,-25.0,0,15.4,0,5,0.0,0,2,0.0,0,0,,1,5,6,2,0,1,1,0,0,-0.2
Stephanie Mavunga,2020,2,2020-07-31,25.4,IND,home,DAL,-3.0,0,14.9,4,6,0.667,0,0,,2,4,0.5,5,3,8,0,0,0,2,2,10,8.2
Stephanie Mavunga,2020,3,2020-08-02,25.4,IND,home,ATL,16.0,0,13.2,2,3,0.667,0,0,,5,5,1.0,0,3,3,0,0,1,2,0,9,7.3
Stephanie Mavunga,2020,4,2020-08-05,25.4,IND,home,LAS,-11.0,0,12.8,1,3,0.333,0,0,,2,2,1.0,0,2,2,1,0,0,0,0,4,3.6
Stephanie Mavunga,2020,5,2020-08-07,25.5,IND,home,MIN,-7.0,0,2.8,1,1,1.0,0,0,,0,0,,1,0,1,0,0,0,0,1,2,2.0
Stephanie Mavunga,2020,6,2020-09-02,25.5,CHI,home,MIN,-3.0,0,4.8,1,2,0.5,0,0,,0,0,,0,0,0,0,1,0,0,1,2,1.6
Stephanie Mavunga,2020,7,2020-09-04,25.5,CHI,home,WAS,-10.0,0,10.4,1,3,0.333,0,1,0.0,0,0,,0,5,5,1,0,0,0,1,2,2.1
Stephanie Mavunga,2020,8,2020-09-06,25.5,CHI,home,LAS,-6.0,0,5.0,0,0,,0,0,,0,0,,1,1,2,0,0,0,3,2,0,-2.8
Stephanie Mavunga,2020,9,2020-09-09,25.5,CHI,home,ATL,-8.0,0,8.0,1,2,0.5,0,1,0.0,0,0,,1,2,3,1,0,0,1,2,2,1.2
Stephanie Mavunga,2020,10,2020-09-11,25.5,CHI,home,DAL,7.0,0,7.9,2,4,0.5,0,1,0.0,0,0,,1,2,3,0,0,0,2,2,4,0.5
Charli Collier,2021,1,2021-05-14,21.6,DAL,away,LAS,23.0,1,26.2,4,6,.667,0,0,,3,4,.750,2,8,10,0,1,1,2,2,11,10.7
Charli Collier,2021,2,2021-05-22,21.7,DAL,home,SEA,-3.0,1,8.6,1,2,.500,0,0,,0,0,,0,0,0,1,1,0,1,1,2,1.3
Charli Collier,2021,3,2021-05-24,21.7,DAL,away,NYL,-7.0,0,11.9,2,4,.500,0,0,,1,4,.250,2,3,5,0,0,0,0,0,5,4.1
Charli Collier,2021,4,2021-05-27,21.7,DAL,away,ATL,-6.0,1,9.7,1,4,.250,0,0,,1,2,.500,0,0,0,0,0,0,0,1,3,-0.2
Charli Collier,2021,5,2021-05-29,21.7,DAL,home,PHO,-4.0,1,13.7,3,6,.500,0,0,,0,0,,2,2,4,0,0,0,0,3,6,3.8
Charli Collier,2021,6,2021-06-01,21.7,DAL,home,LAS,10.0,1,15.0,2,4,.500,0,0,,0,0,,4,3,7,1,0,1,0,5,4,5.1
Charli Collier,2021,7,2021-06-04,21.7,DAL,away,SEA,-3.0,1,18.5,2,4,.500,0,0,,0,0,,1,7,8,0,0,1,1,2,4,3.7
Charli Collier,2021,8,2021-06-06,21.7,DAL,away,SEA,1.0,1,9.0,1,2,.500,0,0,,0,0,,1,3,4,1,0,0,0,2,2,2.5
Charli Collier,2021,9,2021-06-08,21.7,DAL,away,PHO,4.0,1,9.7,0,2,.000,0,0,,0,0,,0,3,3,0,0,0,0,3,0,-1.7
Charli Collier,2021,10,2021-06-11,21.7,DAL,away,PHO,18.0,1,12.8,3,3,1.000,0,0,,0,0,,2,2,4,0,0,0,2,4,6,3.5
Charli Collier,2021,11,2021-06-13,21.7,DAL,away,LVA,-7.0,1,9.5,2,2,1.000,0,0,,0,0,,1,0,1,0,0,0,0,3,4,2.9
Charli Collier,2021,12,2021-06-17,21.7,DAL,home,MIN,-12.0,1,16.0,1,2,.500,0,0,,0,0,,0,5,5,0,0,0,2,1,2,0.1
Charli Collier,2021,13,2021-06-19,21.7,DAL,home,MIN,18.0,1,12.3,1,2,.500,0,0,,0,0,,1,2,3,0,0,0,0,4,2,0.7
Charli Collier,2021,14,2021-06-22,21.7,DAL,away,CON,-10.0,1,19.6,1,4,.250,0,0,,0,0,,1,2,3,0,0,0,0,3,2,-0.3
Charli Collier,2021,15,2021-06-24,21.8,DAL,away,IND,25.0,1,27.2,4,6,.667,0,0,,4,4,1.000,2,5,7,0,1,0,1,2,12,11.5
Charli Collier,2021,16,2021-06-26,21.8,DAL,home,WAS,11.0,1,12.8,1,5,.200,0,0,,0,0,,0,5,5,0,0,0,0,2,2,-0.4
Charli Collier,2021,17,2021-06-30,21.8,DAL,home,CHI,-10.0,1,2.7,0,2,.000,0,0,,0,0,,1,0,1,0,0,0,0,0,0,-0.7
Charli Collier,2021,18,2021-07-05,21.8,DAL,away,NYL,-3.0,0,1.4,0,0,,0,0,,0,0,,0,0,0,0,0,0,0,0,0,0.0
Charli Collier,2021,19,2021-07-07,21.8,DAL,away,MIN,-6.0,1,12.9,1,2,.500,0,0,,0,0,,3,1,4,0,0,1,0,1,2,3.7
Charli Collier,2021,20,2021-07-11,21.8,DAL,home,LVA,-16.0,1,22.1,4,6,.667,0,0,,5,6,.833,2,6,8,0,1,0,1,3,13,12.0
Charli Collier,2021,21,2021-08-15,21.9,DAL,home,CON,-21.0,0,3.6,0,1,.000,0,0,,0,0,,0,0,0,0,0,0,1,0,0,-1.7
Charli Collier,2021,22,2021-08-17,21.9,DAL,away,CHI,4.0,0,2.0,0,1,.000,0,0,,0,0,,0,0,0,0,0,0,0,0,0,-0.7
Charli Collier,2021,23,2021-08-20,21.9,DAL,home,IND,-2.0,0,6.0,1,1,1.000,0,0,,0,0,,0,1,1,0,0,0,0,3,2,0.8
Charli Collier,2021,24,2021-09-02,21.9,DAL,home,ATL,4.0,0,4.2,0,1,.000,0,0,,0,0,,0,0,0,0,0,0,0,1,0,-1.1
Charli Collier,2021,25,2021-09-05,22.0,DAL,home,ATL,-5.0,0,16.8,4,7,.571,0,0,,2,3,.667,3,4,7,0,0,0,1,1,10,8.2
Charli Collier,2021,26,2021-09-07,22.0,DAL,home,CON,-27.0,0,25.9,1,2,.500,0,0,,0,0,,1,2,3,1,0,1,1,4,2,1.1
Charli Collier,2021,27,2021-09-11,22.0,DAL,home,NYL,1.0,0,2.2,0,0,,0,0,,0,0,,0,1,1,0,0,0,0,0,0,0.3
Charli Collier,2021,28,2021-09-13,22.0,DAL,away,LVA,-10.0,0,13.0,0,5,.000,0,0,,0,0,,2,6,8,2,0,0,0,0,0,1.1
Charli Collier,2022,1,2022-05-07,22.6,DAL,home,ATL,-7.0,0,3.5,0,2,0.0,0,0,,0,0,,0,0,0,0,0,0,0,0,0,-1.4
Charli Collier,2022,2,2022-05-13,22.6,DAL,away,WAS,8.0,0,1.7,0,0,,0,0,,0,0,,0,0,0,0,0,0,0,0,0,0.0
Charli Collier,2022,3,2022-05-17,22.6,DAL,home,WAS,-16.0,0,1.4,0,0,,0,0,,0,0,,0,0,0,0,0,0,0,0,0,0.0
Charli Collier,2022,4,2022-05-21,22.7,DAL,home,MIN,16.0,0,11.1,2,4,0.5,0,0,,1,2,0.5,1,2,3,0,0,0,1,2,5,2.1
Charli Collier,2022,5,2022-05-24,22.7,DAL,away,CON,8.0,0,5.3,1,3,0.333,0,0,,0,0,,0,0,0,0,0,0,0,1,2,-0.1
Charli Collier,2022,6,2022-05-31,22.7,DAL,away,LAS,-2.0,0,3.6,1,1,1.0,0,0,,0,0,,1,0,1,0,0,0,0,2,2,1.6
Charli Collier,2022,7,2022-06-03,22.7,DAL,away,SEA,17.0,0,1.6,0,0,,0,0,,0,0,,0,0,0,0,0,0,2,0,0,-2.0
Charli Collier,2022,8,2022-06-05,22.7,DAL,away,LVA,-6.0,0,1.3,0,0,,0,0,,0,0,,0,0,0,0,0,0,0,0,0,0.0
Charli Collier,2022,9,2022-06-12,22.7,DAL,home,SEA,-5.0,0,0.4,0,0,,0,0,,1,2,0.5,0,0,0,0,0,0,0,0,1,0.6
Charli Collier,2022,10,2022-06-19,22.7,DAL,home,LAS,10.0,0,4.3,0,1,0.0,0,1,0.0,0,0,,0,0,0,0,0,0,0,1,0,-1.1
Charli Collier,2022,11,2022-06-21,22.7,DAL,away,ATL,-5.0,0,2.7,0,0,,0,0,,2,2,1.0,1,0,1,0,0,0,0,2,2,1.9
Charli Collier,2022,12,2022-06-23,22.8,DAL,home,IND,26.0,0,6.7,3,4,0.75,0,0,,0,0,,0,1,1,0,0,0,3,3,6,0.5
Charli Collier,2022,13,2022-06-28,22.8,DAL,away,MIN,-28.0,0,9.2,0,2,0.0,0,0,,4,4,1.0,0,1,1,0,0,0,0,1,4,2.5
Charli Collier,2022,14,2022-07-24,22.8,DAL,away,IND,10.0,0,9.9,1,2,0.5,0,0,,1,1,1.0,0,1,1,1,1,0,1,3,3,1.8
Charli Collier,2022,15,2022-07-28,22.8,DAL,home,WAS,-10.0,0,3.3,1,1,1.0,0,0,,0,0,,0,0,0,0,0,0,0,0,2,1.7
Charli Collier,2022,16,2022-08-10,22.9,DAL,home,NYL,-18.0,0,2.5,0,2,0.0,0,1,0.0,0,0,,0,0,0,0,0,0,0,0,0,-1.4
Charli Collier,2022,17,2022-08-14,22.9,DAL,away,LAS,28.0,0,10.0,3,5,0.6,0,0,,1,3,0.333,1,1,2,1,0,0,3,4,7,1.0
Crystal Dangerfield,2020,1,2020-07-26,22.2,MIN,home,CON,8.0,0,20.7,4,8,.500,1,3,.333,1,2,.500,0,2,2,1,1,0,2,2,10,5.1
Crystal Dangerfield,2020,2,2020-07-28,22.2,MIN,home,SEA,-24.0,0,11.2,0,3,.000,0,1,.000,0,0,,0,0,0,1,0,0,1,0,0,-2.4
Crystal Dangerfield,2020,3,2020-07-30,22.2,MIN,home,CHI,2.0,1,34.3,2,9,.222,0,4,.000,5,6,.833,1,2,3,3,0,0,1,2,9,4.7
Crystal Dangerfield,2020,4,2020-08-01,22.2,MIN,home,CON,9.0,1,36.9,5,14,.357,3,8,.375,4,4,1.000,0,1,1,3,3,0,4,2,17,9.8
Crystal Dangerfield,2020,5,2020-08-05,22.2,MIN,home,NYL,26.0,1,24.7,5,11,.455,2,6,.333,0,0,,0,3,3,4,0,0,2,0,12,8.0
Crystal Dangerfield,2020,6,2020-08-07,22.2,MIN,home,IND,7.0,1,27.6,5,8,.625,1,2,.500,0,0,,1,2,3,4,0,0,2,0,11,9.5
Crystal Dangerfield,2020,7,2020-08-09,22.2,MIN,home,LAS,-16.0,1,37.2,9,17,.529,3,7,.429,8,8,1.000,0,2,2,4,2,0,3,1,29,22.7
Crystal Dangerfield,2020,8,2020-08-11,22.3,MIN,home,WAS,20.0,1,32.2,5,10,.500,2,5,.400,0,0,,0,2,2,4,1,1,3,2,12,8.3
Crystal Dangerfield,2020,9,2020-08-13,22.3,MIN,home,LVA,-10.0,1,30.5,5,12,.417,1,5,.200,3,4,.750,0,0,0,4,0,0,5,1,14,4.6
Crystal Dangerfield,2020,10,2020-08-15,22.3,MIN,home,NYL,30.0,1,28.8,9,12,.750,1,2,.500,3,3,1.000,0,1,1,4,0,0,1,1,22,18.9
Crystal Dangerfield,2020,11,2020-08-19,22.3,MIN,home,DAL,7.0,1,31.9,7,14,.500,5,7,.714,2,2,1.000,1,1,2,6,0,0,2,6,21,14.8
Crystal Dangerfield,2020,12,2020-08-21,22.3,MIN,home,PHO,10.0,1,30.3,6,14,.429,3,7,.429,4,5,.800,0,1,1,0,2,0,3,1,19,10.1
Crystal Dangerfield,2020,13,2020-08-23,22.3,MIN,home,ATL,-3.0,1,30.7,4,11,.364,1,6,.167,5,5,1.000,1,1,2,3,2,0,3,4,14,8.4
Crystal Dangerfield,2020,14,2020-08-28,22.3,MIN,home,ATL,9.0,1,36.8,6,21,.286,2,9,.222,9,10,.900,0,4,4,2,1,0,1,1,23,12.5
Crystal Dangerfield,2020,15,2020-08-30,22.3,MIN,home,PHO,-4.0,1,23.4,9,14,.643,1,4,.250,1,1,1.000,1,2,3,2,2,0,2,1,20,16.1
Crystal Dangerfield,2020,16,2020-08-31,22.3,MIN,home,LAS,18.0,1,24.3,7,13,.538,3,8,.375,4,4,1.000,0,2,2,5,0,0,0,3,21,17.6
Crystal Dangerfield,2020,17,2020-09-02,22.3,MIN,home,CHI,3.0,1,31.7,7,14,.500,0,1,.000,1,1,1.000,0,2,2,7,3,0,4,1,15,12.1
Crystal Dangerfield,2020,18,2020-09-04,22.3,MIN,home,DAL,13.0,1,34.9,6,15,.400,3,6,.500,0,0,,0,2,2,5,1,0,4,1,15,7.6
Crystal Dangerfield,2020,19,2020-09-06,22.3,MIN,home,SEA,-15.0,1,25.6,6,11,.545,1,3,.333,0,0,,0,0,0,2,0,0,2,0,13,7.1
Crystal Dangerfield,2020,20,2020-09-08,22.3,MIN,home,WAS,-3.0,1,37.6,10,16,.625,0,4,.000,0,0,,0,3,3,7,0,0,3,2,20,14.8
Crystal Dangerfield,2020,21,2020-09-10,22.3,MIN,home,LVA,-15.0,1,38.1,7,16,.438,1,4,.250,9,9,1.000,0,3,3,4,0,0,6,0,24,13.3
Crystal Dangerfield,2021,1,2021-05-14,23.0,MIN,home,PHO,-2.0,1,32.7,8,16,.500,1,3,.333,0,1,.000,0,1,1,4,2,0,1,2,17,11.9
Crystal Dangerfield,2021,2,2021-05-18,23.0,MIN,away,NYL,-11.0,0,21.4,0,7,.000,0,3,.000,0,0,,0,3,3,6,3,0,0,1,0,2.8
Crystal Dangerfield,2021,3,2021-05-20,23.0,MIN,home,SEA,-12.0,0,28.2,10,16,.625,2,3,.667,0,0,,0,2,2,6,0,0,2,4,22,16.0
Crystal Dangerfield,2021,4,2021-05-28,23.0,MIN,away,SEA,-10.0,1,30.4,2,9,.222,0,3,.000,3,4,.750,0,1,1,3,0,0,3,3,7,-0.7
Crystal Dangerfield,2021,5,2021-05-30,23.1,MIN,home,CON,5.0,1,18.1,2,8,.250,1,1,1.000,0,0,,2,5,7,1,0,0,2,1,5,1.4
Crystal Dangerfield,2021,6,2021-06-04,23.1,MIN,home,ATL,2.0,0,21.5,4,6,.667,1,2,.500,4,5,.800,0,0,0,3,0,0,3,4,13,7.5
Crystal Dangerfield,2021,7,2021-06-06,23.1,MIN,home,ATL,20.0,0,25.8,4,8,.500,2,4,.500,7,7,1.000,0,5,5,4,1,0,3,2,17,14.5
Crystal Dangerfield,2021,8,2021-06-08,23.1,MIN,away,WAS,-4.0,0,25.3,3,15,.200,1,4,.250,3,3,1.000,0,4,4,6,0,0,1,2,10,4.3
Crystal Dangerfield,2021,9,2021-06-12,23.1,MIN,home,LAS,16.0,0,25.6,5,10,.500,4,5,.800,2,2,1.000,0,4,4,3,0,0,1,2,16,12.5
Crystal Dangerfield,2021,10,2021-06-15,23.1,MIN,home,CHI,-16.0,0,21.3,2,8,.250,0,2,.000,0,2,.000,0,1,1,5,1,0,2,1,4,0.8
Crystal Dangerfield,2021,11,2021-06-17,23.1,MIN,away,DAL,12.0,0,17.5,1,5,.200,1,3,.333,2,2,1.000,0,5,5,3,0,0,2,2,5,2.7
Crystal Dangerfield,2021,12,2021-06-19,23.1,MIN,away,DAL,-18.0,0,22.4,7,11,.636,3,4,.750,0,0,,0,0,0,2,2,0,2,0,17,13.5
Crystal Dangerfield,2021,13,2021-06-23,23.1,MIN,away,ATL,2.0,0,16.1,2,5,.400,0,2,.000,0,0,,0,0,0,5,2,0,2,3,4,3.6
Crystal Dangerfield,2021,14,2021-06-25,23.1,MIN,home,LVA,1.0,0,7.7,0,2,.000,0,1,.000,0,0,,0,0,0,1,0,0,0,1,0,-1.1
Crystal Dangerfield,2021,15,2021-06-30,23.1,MIN,away,PHO,6.0,0,16.9,1,8,.125,0,2,.000,0,0,,3,0,3,7,0,0,1,3,2,1.6
Crystal Dangerfield,2021,16,2021-07-03,23.1,MIN,away,PHO,31.0,0,20.9,4,10,.400,2,6,.333,2,2,1.000,0,0,0,2,0,0,0,2,12,7.2
Crystal Dangerfield,2021,17,2021-07-07,23.2,MIN,home,DAL,6.0,0,8.8,0,1,.000,0,0,,0,0,,0,0,0,1,0,0,2,0,0,-2.0
Crystal Dangerfield,2021,18,2021-07-09,23.2,MIN,away,LVA,10.0,0,6.3,1,2,.500,0,0,,0,0,,0,0,0,2,0,0,0,0,2,2.4
Crystal Dangerfield,2021,19,2021-08-15,23.3,MIN,home,NYL,10.0,0,10.4,1,3,.333,0,1,.000,0,0,,0,2,2,3,0,0,1,1,2,1.6
Crystal Dangerfield,2021,20,2021-08-17,23.3,MIN,away,CON,-12.0,0,11.6,0,4,.000,0,1,.000,0,0,,0,0,0,2,1,0,1,2,0,-2.2
Crystal Dangerfield,2021,21,2021-08-19,23.3,MIN,away,CON,-11.0,0,12.2,3,6,.500,2,3,.667,0,0,,0,1,1,0,1,0,0,2,8,5.5
Crystal Dangerfield,2021,22,2021-08-21,23.3,MIN,away,CHI,6.0,0,13.5,5,8,.625,2,2,1.000,4,4,1.000,0,0,0,3,1,0,0,3,16,14.3
Crystal Dangerfield,2021,23,2021-08-24,23.3,MIN,home,SEA,6.0,0,12.6,2,3,.667,0,0,,0,0,,0,2,2,0,1,0,0,0,4,4.3
Crystal Dangerfield,2021,24,2021-08-31,23.3,MIN,home,NYL,8.0,1,16.3,1,6,.167,0,3,.000,1,2,.500,0,2,2,1,1,0,2,4,3,-2.5
Crystal Dangerfield,2021,25,2021-09-02,23.3,MIN,home,LAS,9.0,1,29.2,1,8,.125,1,5,.200,2,2,1.000,3,0,3,2,1,2,1,3,5,3.5
Crystal Dangerfield,2021,26,2021-09-04,23.3,MIN,home,WAS,18.0,1,17.2,0,4,.000,0,2,.000,0,0,,0,2,2,2,1,0,1,2,0,-1.6
Crystal Dangerfield,2021,27,2021-09-08,23.3,MIN,away,LVA,-21.0,1,20.6,3,6,.500,1,1,1.000,0,0,,0,5,5,2,0,0,1,0,7,5.9
Crystal Dangerfield,2021,28,2021-09-10,23.3,MIN,home,IND,17.0,1,25.5,3,8,.375,0,3,.000,0,0,,0,0,0,5,1,0,1,3,6,3.9
Crystal Dangerfield,2021,29,2021-09-12,23.3,MIN,home,IND,10.0,1,32.4,4,8,.500,1,3,.333,2,2,1.000,0,2,2,0,0,0,2,2,11,4.8
Crystal Dangerfield,2021,30,2021-09-17,23.4,MIN,away,IND,19.0,1,30.0,5,8,.625,3,5,.600,2,2,1.000,0,2,2,3,1,0,3,3,15,10.9
Crystal Dangerfield,2021,31,2021-09-19,23.4,MIN,away,WAS,6.0,0,24.4,3,5,.600,0,1,.000,2,2,1.000,0,4,4,1,1,0,3,0,8,5.6
Crystal Dangerfield,2022,1,2022-05-06,24.0,IND,away,WAS,-14.0,0,18.1,2,5,.400,1,3,.333,0,0,,0,0,0,2,0,2,2,1,5,2.7
Crystal Dangerfield,2022,2,2022-05-08,24.0,IND,home,LAS,-10.0,0,9.7,1,2,.500,1,1,1.000,0,0,,0,2,2,2,0,0,1,0,3,3.0
Crystal Dangerfield,2022,3,2022-05-10,24.0,IND,home,MIN,6.0,0,20.9,3,7,.429,0,2,.000,4,4,1.000,1,0,1,6,0,0,0,0,10,11.2
Crystal Dangerfield,2022,4,2022-05-24,24.0,NYL,away,MIN,-6.0,0,17.3,0,2,.000,0,1,.000,1,2,.500,1,3,4,4,0,0,2,4,1,0.0
Crystal Dangerfield,2022,5,2022-05-27,24.0,NYL,away,SEA,-8.0,0,25.9,1,7,.143,0,3,.000,0,0,,2,4,6,3,0,0,3,4,2,-2.4
Crystal Dangerfield,2022,6,2022-05-29,24.0,NYL,away,SEA,-31.0,0,22.2,1,5,.200,0,2,.000,0,0,,1,1,2,2,3,0,2,0,2,2.3
Crystal Dangerfield,2022,7,2022-06-01,24.1,NYL,home,IND,13.0,1,34.2,1,4,.250,0,3,.000,2,2,1.000,0,5,5,5,0,0,1,2,4,4.8
Crystal Dangerfield,2022,8,2022-06-03,24.1,NYL,away,WAS,4.0,1,26.7,1,5,.200,1,4,.250,0,0,,1,1,2,4,0,0,0,2,3,2.9
Crystal Dangerfield,2022,9,2022-06-05,24.1,NYL,home,MIN,-7.0,1,23.8,3,8,.375,0,4,.000,1,2,.500,1,2,3,2,1,0,0,1,7,5.5
Crystal Dangerfield,2022,10,2022-06-07,24.1,NYL,home,MIN,19.0,1,32.2,1,5,.200,0,1,.000,3,4,.750,1,2,3,5,1,0,3,2,5,3.5
Crystal Dangerfield,2022,11,2022-06-10,24.1,NYL,away,IND,14.0,1,26.2,3,8,.375,1,3,.333,0,0,,2,3,5,3,0,0,1,1,7,5.6
Crystal Dangerfield,2022,12,2022-06-12,24.1,NYL,home,CHI,-2.0,1,26.7,4,7,.571,2,2,1.000,1,1,1.000,0,0,0,1,2,0,1,0,11,9.4
Crystal Dangerfield,2022,13,2022-06-16,24.1,NYL,home,WAS,12.0,1,32.2,3,8,.375,1,4,.250,1,2,.500,1,4,5,3,1,0,1,1,8,6.8
Crystal Dangerfield,2022,14,2022-06-19,24.1,NYL,home,SEA,-9.0,1,11.8,1,3,.333,0,1,.000,0,0,,0,1,1,0,0,0,0,0,2,0.6
Crystal Dangerfield,2022,15,2022-06-22,24.1,NYL,away,CON,4.0,1,14.0,2,3,.667,1,1,1.000,0,0,,1,1,2,1,0,0,0,0,5,5.4
Crystal Dangerfield,2022,16,2022-06-24,24.1,NYL,away,ATL,12.0,1,21.6,3,6,.500,2,4,.500,0,0,,0,1,1,3,1,0,1,0,8,7.4
Crystal Dangerfield,2022,17,2022-07-03,24.1,NYL,away,LAS,-10.0,1,20.4,1,1,1.000,1,1,1.000,0,0,,0,0,0,1,0,0,0,3,3,2.2
Crystal Dangerfield,2022,18,2022-07-06,24.2,NYL,away,LVA,9.0,1,8.9,2,2,1.000,2,2,1.000,0,0,,0,0,0,0,0,0,0,0,6,5.4
Crystal Dangerfield,2022,19,2022-07-07,24.2,NYL,away,PHO,-3.0,1,10.9,1,3,.333,0,2,.000,0,0,,0,1,1,2,0,0,3,0,2,-1.0
Crystal Dangerfield,2022,20,2022-07-12,24.2,NYL,home,LVA,-6.0,1,15.2,1,6,.167,0,1,.000,0,0,,0,0,0,3,3,0,1,4,2,0.7
Crystal Dangerfield,2022,21,2022-07-14,24.2,NYL,home,LVA,-34.0,1,18.5,0,2,.000,0,2,.000,0,0,,0,3,3,1,1,0,0,0,0,1.2
Crystal Dangerfield,2022,22,2022-07-19,24.2,NYL,away,CON,-19.0,1,23.1,2,4,.500,1,1,1.000,2,2,1.000,0,1,1,3,0,0,0,1,7,7.0
Crystal Dangerfield,2022,23,2022-07-21,24.2,NYL,away,WAS,-9.0,1,20.8,2,4,.500,1,3,.333,1,2,.500,0,1,1,5,0,0,1,1,6,6.0
Crystal Dangerfield,2022,24,2022-07-23,24.2,NYL,home,CHI,3.0,1,20.2,1,3,.333,1,1,1.000,0,0,,0,2,2,2,1,0,0,4,3,2.7
Crystal Dangerfield,2022,25,2022-07-29,24.2,NYL,away,CHI,-8.0,1,20.1,1,3,.333,0,1,.000,0,0,,1,2,3,1,0,1,1,3,2,0.8
Crystal Dangerfield,2022,26,2022-07-31,24.2,NYL,home,PHO,20.0,1,31.2,7,12,.583,3,5,.600,0,0,,0,4,4,5,0,0,1,3,17,13.9
Crystal Dangerfield,2022,27,2022-08-02,24.2,NYL,home,LAS,29.0,1,26.8,2,4,.500,0,1,.000,1,2,.500,0,3,3,4,0,0,1,0,5,5.3
Crystal Dangerfield,2022,28,2022-08-03,24.2,NYL,home,LAS,3.0,1,34.2,4,10,.400,1,3,.333,0,0,,0,2,2,2,2,0,1,1,9,6.2
Crystal Dangerfield,2022,29,2022-08-06,24.2,NYL,away,PHO,-14.0,1,13.7,1,6,.167,1,4,.250,1,2,.500,0,1,1,1,1,0,0,3,4,0.6
Crystal Dangerfield,2022,30,2022-08-08,24.2,NYL,away,DAL,-9.0,1,17.2,2,5,.400,0,1,.000,0,0,,1,0,1,1,0,0,1,0,4,1.7
Crystal Dangerfield,2022,31,2022-08-10,24.2,NYL,away,DAL,18.0,1,6.9,1,1,1.000,1,1,1.000,2,2,1.000,0,0,0,1,0,0,0,0,5,5.4
Crystal Dangerfield,2022,32,2022-08-12,24.3,NYL,away,ATL,10.0,1,36.0,7,12,.583,1,3,.333,3,5,.600,0,1,1,6,0,1,2,1,18,14.4
Crystal Dangerfield,2022,33,2022-08-14,24.3,NYL,home,ATL,4.0,1,22.5,1,3,.333,0,0,,2,2,1.000,0,1,1,1,1,0,1,1,4,2.9
Crystal Dangerfield,2023,1,2023-05-20,25.0,DAL,home,ATL,7.0,0,24.3,0,5,.000,0,2,.000,0,0,,2,2,4,2,1,0,2,1,0,-1.5
Crystal Dangerfield,2023,2,2023-05-26,25.0,DAL,away,SEA,4.0,1,37.2,6,9,.667,3,5,.600,2,2,1.000,2,2,4,2,0,0,0,0,17,16.5
Crystal Dangerfield,2023,3,2023-05-28,25.0,DAL,away,CHI,-6.0,1,34.2,4,8,.500,1,4,.250,2,2,1.000,1,3,4,5,0,0,1,2,11,10.3
Crystal Dangerfield,2023,4,2023-05-30,25.1,DAL,home,MIN,5.0,1,22.9,4,7,.571,1,2,.500,0,0,,0,0,0,1,0,0,1,2,9,4.6
Crystal Dangerfield,2023,5,2023-06-02,25.1,DAL,away,WAS,-1.0,1,25.4,1,7,.143,0,3,.000,1,2,.500,0,3,3,2,1,0,0,2,3,0.6
Crystal Dangerfield,2023,6,2023-06-04,25.1,DAL,away,CON,-6.0,1,23.6,5,7,.714,2,4,.500,1,2,.500,0,0,0,1,0,0,0,0,13,10.4
Crystal Dangerfield,2023,7,2023-06-17,25.1,DAL,home,SEA,-6.0,0,32.7,6,10,.600,2,4,.500,1,2,.500,0,1,1,3,0,0,0,4,15,10.8
Crystal Dangerfield,2023,8,2023-06-20,25.1,DAL,home,ATL,12.0,1,25.2,2,4,.500,0,0,,0,0,,0,5,5,5,1,0,2,2,4,5.2
Crystal Dangerfield,2023,9,2023-06-23,25.1,DAL,away,LAS,-2.0,1,29.4,3,9,.333,1,3,.333,0,0,,0,4,4,2,1,0,3,2,7,1.7
Crystal Dangerfield,2023,10,2023-06-25,25.1,DAL,away,LAS,-10.0,1,36.4,6,13,.462,2,5,.400,4,4,1.000,1,5,6,5,4,2,1,1,18,21.0
Crystal Dangerfield,2023,11,2023-06-27,25.1,DAL,away,PHO,15.0,1,22.5,0,3,.000,0,2,.000,0,0,,1,2,3,4,1,0,1,2,0,1.2
Crystal Dangerfield,2023,12,2023-07-02,25.1,DAL,home,WAS,17.0,1,23.1,2,9,.222,1,7,.143,0,0,,0,7,7,2,0,1,0,0,5,3.7
Crystal Dangerfield,2023,13,2023-07-05,25.2,DAL,away,LVA,-7.0,1,34.4,5,12,.417,1,3,.333,0,0,,0,3,3,2,1,1,1,1,11,7.2
Crystal Dangerfield,2023,14,2023-07-07,25.2,DAL,home,LVA,2.0,1,33.7,7,12,.583,0,2,.000,0,0,,0,5,5,6,3,0,2,0,14,15.1
Crystal Dangerfield,2023,15,2023-07-09,25.2,DAL,away,IND,1.0,1,31.1,4,7,.571,0,1,.000,1,1,1.000,1,2,3,1,0,0,2,2,9,4.9
Crystal Dangerfield,2023,16,2023-07-12,25.2,DAL,away,MIN,40.0,1,24.0,3,6,.500,1,2,.500,0,0,,0,2,2,7,1,0,1,0,7,9.5
Crystal Dangerfield,2023,17,2023-07-19,25.2,DAL,away,NYL,10.0,1,25.0,4,8,.500,1,2,.500,0,0,,0,2,2,7,1,1,0,1,9,11.8
Crystal Dangerfield,2023,18,2023-07-22,25.2,DAL,home,LAS,14.0,1,27.2,2,7,.286,0,2,.000,0,0,,2,0,2,6,2,0,1,0,4,6.5
Crystal Dangerfield,2023,19,2023-07-25,25.2,DAL,home,CON,-5.0,1,19.9,1,6,.167,1,4,.250,0,0,,0,1,1,2,1,0,1,1,3,0.5
Crystal Dangerfield,2023,20,2023-07-28,25.2,DAL,home,WAS,28.0,1,19.1,1,1,1.000,0,0,,0,0,,1,2,3,2,0,1,3,1,2,1.7
Crystal Dangerfield,2023,21,2023-07-30,25.2,DAL,away,LVA,-13.0,1,30.1,4,10,.400,1,4,.250,0,0,,0,1,1,3,0,0,0,1,9,5.6
Crystal Dangerfield,2023,22,2023-08-02,25.2,DAL,away,SEA,11.0,1,26.5,1,7,.143,0,2,.000,0,0,,4,1,5,4,0,0,1,1,2,2.0
Crystal Dangerfield,2023,23,2023-08-04,25.2,DAL,home,CHI,-15.0,1,19.2,1,2,.500,0,0,,0,0,,1,1,2,2,0,0,1,0,2,2.4
Crystal Dangerfield,2023,24,2023-08-06,25.2,DAL,home,CHI,-8.0,1,23.2,1,6,.167,0,0,,0,0,,1,0,1,1,1,0,2,4,2,-3.0
Crystal Dangerfield,2023,25,2023-08-08,25.2,DAL,home,LVA,-20.0,1,26.6,4,11,.364,1,3,.333,2,2,1.000,2,1,3,4,1,0,1,1,11,9.0
Crystal Dangerfield,2023,26,2023-08-12,25.3,DAL,home,CON,10.0,1,34.3,6,12,.500,2,3,.667,2,2,1.000,0,3,3,4,2,0,2,3,16,12.5
Crystal Dangerfield,2023,27,2023-08-18,25.3,DAL,away,CON,20.0,1,32.1,6,11,.545,0,2,.000,0,1,.000,3,0,3,2,1,0,1,0,12,9.8
Crystal Dangerfield,2023,28,2023-08-20,25.3,DAL,away,WAS,13.0,1,29.8,5,11,.455,2,5,.400,2,2,1.000,0,3,3,0,2,0,3,2,14,7.4
Crystal Dangerfield,2023,29,2023-08-22,25.3,DAL,away,MIN,-5.0,1,30.6,6,13,.462,0,3,.000,0,0,,0,1,1,3,1,0,1,3,12,6.5
Crystal Dangerfield,2023,30,2023-08-24,25.3,DAL,home,MIN,-9.0,1,26.1,3,6,.500,0,2,.000,0,1,.000,0,0,0,4,0,0,2,1,6,3.0
Crystal Dangerfield,2023,31,2023-08-27,25.3,DAL,away,PHO,3.0,1,28.5,4,10,.400,1,2,.500,0,0,,1,3,4,1,1,1,2,0,9,5.6
Crystal Dangerfield,2023,32,2023-09-01,25.3,DAL,away,IND,10.0,1,27.5,2,5,.400,1,2,.500,0,0,,0,2,2,3,0,0,1,0,5,4.0
Crystal Dangerfield,2023,33,2023-09-03,25.3,DAL,home,IND,-13.0,1,31.4,5,10,.500,1,2,.500,0,0,,2,4,6,3,1,0,1,0,11,10.7
Crystal Dangerfield,2023,34,2023-09-05,25.3,DAL,home,NYL,-1.0,1,40.0,4,14,.286,0,4,.000,4,4,1.000,1,2,3,5,5,0,0,2,12,12.8
Crystal Dangerfield,2023,35,2023-09-10,25.3,DAL,away,ATL,17.0,0,15.3,1,2,.500,1,2,.500,0,0,,1,1,2,2,0,0,1,2,3,2.6
Erica McCall,2020,1,2020-07-26,24.9,ATL,home,DAL,10.0,0,5.2,0,0,,0,0,,0,0,,0,2,2,0,1,0,0,1,0,1.2
Erica McCall,2020,2,2020-08-01,24.9,MIN,home,CON,9.0,0,7.6,0,0,,0,0,,1,2,0.5,0,4,4,0,0,0,0,2,1,1.0
Erica McCall,2020,3,2020-08-05,25.0,MIN,home,NYL,26.0,0,19.4,4,7,0.571,0,0,,2,2,1.0,2,1,3,2,2,1,2,0,10,10.5
Erica McCall,2020,4,2020-08-07,25.0,MIN,home,IND,7.0,0,7.1,0,3,0.0,0,0,,0,0,,2,0,2,0,0,1,2,2,0,-2.8
Erica McCall,2020,5,2020-08-09,25.0,MIN,home,LAS,-16.0,0,19.2,2,2,1.0,1,1,1.0,0,0,,0,1,1,0,0,0,0,2,5,3.9
Erica McCall,2020,6,2020-08-11,25.0,MIN,home,WAS,20.0,0,4.7,0,0,,0,0,,2,2,1.0,1,0,1,0,0,1,0,0,2,3.4
Erica McCall,2020,7,2020-08-13,25.0,MIN,home,LVA,-10.0,0,17.0,2,5,0.4,0,1,0.0,2,3,0.667,3,3,6,0,0,3,1,2,6,6.2
Erica McCall,2020,8,2020-08-15,25.0,MIN,home,NYL,30.0,0,10.5,1,3,0.333,0,0,,0,0,,1,2,3,0,3,0,1,4,2,2.0
Erica McCall,2020,9,2020-08-19,25.0,MIN,home,DAL,7.0,0,6.3,1,3,0.333,0,0,,0,0,,0,0,0,0,0,1,1,0,2,0.0
Erica McCall,2020,10,2020-08-21,25.0,MIN,home,PHO,10.0,0,3.1,0,1,0.0,0,0,,0,0,,0,2,2,0,0,0,0,1,0,-0.5
Erica McCall,2020,11,2020-08-23,25.0,MIN,home,ATL,-3.0,0,1.2,0,1,0.0,0,0,,0,0,,0,1,1,0,0,0,0,0,0,-0.4
Erica McCall,2020,12,2020-08-28,25.0,MIN,home,ATL,9.0,0,10.2,1,1,1.0,0,0,,0,0,,0,2,2,0,0,0,0,2,2,1.5
Erica McCall,2020,13,2020-08-30,25.0,MIN,home,PHO,-4.0,0,15.1,1,5,0.2,0,1,0.0,3,4,0.75,1,1,2,0,0,0,0,1,5,2.1
Erica McCall,2020,14,2020-08-31,25.0,MIN,home,LAS,18.0,0,7.5,0,1,0.0,0,0,,0,0,,1,3,4,0,0,0,0,0,0,0.9
Erica McCall,2020,15,2020-09-02,25.0,MIN,home,CHI,3.0,0,3.7,0,0,,0,0,,2,2,1.0,2,0,2,0,1,0,0,0,2,4.4
Erica McCall,2020,16,2020-09-04,25.0,MIN,home,DAL,13.0,0,5.4,0,3,0.0,0,0,,0,0,,2,1,3,0,0,0,0,1,0,-0.8
Erica McCall,2020,17,2020-09-06,25.0,MIN,home,SEA,-15.0,0,6.5,1,3,0.333,0,0,,3,4,0.75,2,2,4,1,0,0,0,2,5,4.8
Erica McCall,2020,18,2020-09-08,25.0,MIN,home,WAS,-3.0,0,12.2,0,1,0.0,0,0,,3,3,1.0,2,0,2,0,0,0,0,1,3,3.3
Erica McCall,2020,19,2020-09-10,25.1,MIN,home,LVA,-15.0,0,12.7,3,4,0.75,0,1,0.0,0,0,,1,1,2,0,0,0,1,2,6,3.6
Erica McCall,2020,20,2020-09-12,25.1,MIN,home,IND,12.0,0,8.7,0,2,0.0,0,0,,0,0,,3,0,3,0,0,0,1,1,0,-0.7
Erica McCall,2021,1,2021-05-15,25.7,WAS,home,CHI,-14.0,0,23.7,3,7,.429,0,1,.000,3,4,.750,3,6,9,1,0,0,3,3,9,5.3
Erica McCall,2021,2,2021-05-18,25.7,WAS,home,PHO,-21.0,0,21.6,3,5,.600,0,0,,2,2,1.000,2,2,4,1,2,1,2,3,8,7.9
Erica McCall,2021,3,2021-05-21,25.7,WAS,home,NYL,29.0,1,25.9,3,6,.500,0,0,,1,3,.333,6,7,13,2,0,0,1,4,7,8.3
Erica McCall,2021,4,2021-05-23,25.8,WAS,away,IND,-12.0,1,26.7,4,7,.571,0,0,,2,4,.500,3,6,9,0,0,1,1,4,10,7.9
Erica McCall,2021,5,2021-05-25,25.8,WAS,away,IND,16.0,0,11.9,1,1,1.000,0,0,,1,2,.500,1,4,5,1,0,0,0,0,3,4.9
Erica McCall,2021,6,2021-05-28,25.8,WAS,away,CON,-5.0,0,9.3,0,2,.000,0,0,,0,0,,1,1,2,1,0,0,1,3,0,-1.9
Erica McCall,2021,7,2021-06-05,25.8,WAS,home,LVA,-3.0,0,6.4,0,0,,0,0,,0,0,,0,3,3,0,0,0,1,2,0,-0.9
Erica McCall,2021,8,2021-06-08,25.8,WAS,home,MIN,4.0,0,5.2,0,1,.000,0,0,,0,0,,0,1,1,0,0,0,0,0,0,-0.4
Erica McCall,2021,9,2021-06-10,25.8,WAS,home,LAS,18.0,0,16.3,1,3,.333,0,0,,0,0,,1,1,2,0,0,0,3,4,2,-3.3
Erica McCall,2021,10,2021-06-13,25.8,WAS,away,ATL,-23.0,0,11.6,1,1,1.000,0,0,,1,2,.500,2,0,2,0,0,0,1,2,3,1.9
Erica McCall,2021,11,2021-08-15,26.0,WAS,away,LVA,-1.0,0,3.0,1,1,1.000,0,0,,0,0,,0,0,0,0,0,0,0,0,2,1.7
Erica McCall,2021,12,2021-08-17,26.0,WAS,away,LVA,-10.0,0,13.7,3,4,.750,0,0,,0,0,,0,1,1,0,0,0,0,3,6,3.5
Erica McCall,2021,13,2021-08-19,26.0,WAS,away,PHO,-13.0,0,10.1,1,3,.333,0,0,,0,0,,2,2,4,0,0,0,0,0,2,2.3
Erica McCall,2021,14,2021-08-24,26.0,WAS,home,LAS,10.0,0,14.5,0,1,.000,0,0,,2,4,.500,2,3,5,2,1,3,1,1,2,5.9
Erica McCall,2021,15,2021-08-26,26.0,WAS,home,DAL,-5.0,0,14.4,2,2,1.000,0,0,,2,2,1.000,0,2,2,1,1,1,0,2,6,7.6
Erica McCall,2021,16,2021-08-28,26.0,WAS,home,DAL,1.0,0,21.9,2,3,.667,0,0,,3,4,.750,4,4,8,0,0,0,2,5,7,5.3
Erica McCall,2021,17,2021-08-31,26.0,WAS,home,CON,-10.0,1,22.0,2,3,.667,0,0,,0,0,,1,4,5,0,0,0,0,2,4,3.8
Erica McCall,2021,18,2021-09-04,26.0,WAS,away,MIN,-18.0,1,18.5,1,6,.167,0,0,,0,0,,2,1,3,2,1,2,0,1,2,3.3
Erica McCall,2021,19,2021-09-07,26.0,WAS,away,SEA,-34.0,0,16.4,1,2,.500,0,0,,1,2,.500,0,3,3,1,1,0,1,3,3,2.0
Erica McCall,2021,20,2021-09-10,26.1,WAS,home,ATL,8.0,1,18.5,4,7,.571,0,0,,0,0,,1,7,8,0,1,0,1,0,8,7.5
Erica McCall,2021,21,2021-09-12,26.1,WAS,away,CHI,8.0,1,17.5,1,3,.333,0,0,,2,3,.667,2,1,3,0,0,0,1,2,4,1.8
Erica McCall,2021,22,2021-09-17,26.1,WAS,away,NYL,-11.0,0,12.2,1,2,.500,0,0,,0,0,,0,4,4,0,0,0,1,1,2,0.8
Erica McCall,2021,23,2021-09-19,26.1,WAS,home,MIN,-6.0,0,14.4,2,4,.500,0,0,,0,0,,0,3,3,1,0,1,0,1,4,3.9
Lexie Hull,2022,1,2022-05-06,22.6,IND,away,WAS,-14.0,0,7.5,0,1,.000,0,1,.000,0,0,,0,0,0,0,0,0,0,1,0,-1.1
Lexie Hull,2022,2,2022-05-08,22.6,IND,home,LAS,-10.0,0,14.0,0,5,.000,0,3,.000,0,0,,1,1,2,1,1,0,1,2,0,-2.6
Lexie Hull,2022,3,2022-05-13,22.7,IND,away,NYL,6.0,0,2.6,0,1,.000,0,1,.000,0,0,,0,0,0,0,0,0,0,1,0,-1.1
Lexie Hull,2022,4,2022-05-15,22.7,IND,home,ATL,-6.0,0,8.3,1,5,.200,1,4,.250,0,0,,1,0,1,0,0,0,0,3,3,-0.6
Lexie Hull,2022,5,2022-05-17,22.7,IND,home,ATL,-22.0,0,10.5,3,7,.429,0,4,.000,0,0,,0,1,1,2,1,0,0,2,6,4.2
Lexie Hull,2022,6,2022-05-20,22.7,IND,away,CON,-9.0,0,8.1,1,2,.500,1,1,1.000,0,0,,1,1,2,0,0,0,1,1,3,1.6
Lexie Hull,2022,7,2022-05-22,22.7,IND,home,CON,-22.0,0,10.1,0,2,.000,0,0,,3,4,.750,0,0,0,0,0,0,1,1,3,-0.2
Lexie Hull,2022,8,2022-05-27,22.7,IND,home,LAS,5.0,0,3.4,0,3,.000,0,1,.000,0,0,,0,0,0,0,0,0,1,1,0,-3.5
Lexie Hull,2022,9,2022-05-31,22.7,IND,home,WAS,-12.0,0,3.2,0,1,.000,0,0,,0,0,,1,1,2,0,0,0,0,0,0,0.3
Lexie Hull,2022,10,2022-06-05,22.7,IND,away,ATL,-9.0,0,2.8,0,0,,0,0,,0,0,,0,2,2,1,0,0,0,1,0,0.9
Lexie Hull,2022,11,2022-06-08,22.7,IND,away,CON,-19.0,0,4.7,0,2,.000,0,0,,0,0,,0,0,0,0,0,0,0,0,0,-1.4
Lexie Hull,2022,12,2022-06-10,22.7,IND,home,NYL,-14.0,0,7.2,1,2,.500,0,0,,0,0,,0,1,1,0,0,0,0,1,2,0.9
Lexie Hull,2022,13,2022-06-15,22.8,IND,home,PHO,-13.0,0,5.8,1,1,1.000,0,0,,3,4,.750,0,1,1,0,0,0,0,1,5,4.2
Lexie Hull,2022,14,2022-06-19,22.8,IND,home,CHI,2.0,0,23.6,3,5,.600,1,3,.333,3,3,1.000,0,3,3,1,1,1,1,3,10,8.8
Lexie Hull,2022,15,2022-06-23,22.8,IND,away,DAL,-26.0,0,16.1,0,5,.000,0,1,.000,0,0,,0,1,1,0,0,0,0,3,0,-4.4
Lexie Hull,2022,16,2022-06-27,22.8,IND,away,PHO,-12.0,0,11.4,0,2,.000,0,0,,0,0,,2,0,2,2,1,0,1,2,0,0.6
Lexie Hull,2022,17,2022-06-29,22.8,IND,away,PHO,-21.0,0,3.2,0,1,.000,0,0,,0,0,,0,0,0,0,0,0,1,0,0,-1.7
Lexie Hull,2022,18,2022-07-01,22.8,IND,away,SEA,-16.0,1,24.6,2,11,.182,0,2,.000,0,0,,0,5,5,2,0,0,0,4,4,-1.6
Lexie Hull,2022,19,2022-07-21,22.9,IND,away,LVA,-13.0,0,13.7,1,3,.333,0,1,.000,4,4,1.000,0,1,1,0,1,0,2,1,6,3.2
Lexie Hull,2022,20,2022-07-24,22.9,IND,home,DAL,-10.0,0,6.5,0,0,,0,0,,0,0,,0,0,0,1,0,0,0,2,0,-0.1
Lexie Hull,2022,21,2022-07-29,22.9,IND,home,LVA,-21.0,0,7.7,0,3,.000,0,2,.000,6,6,1.000,0,1,1,0,4,0,1,0,6,7.2
Lexie Hull,2022,22,2022-07-31,22.9,IND,home,LVA,-25.0,0,19.9,1,7,.143,0,5,.000,2,2,1.000,1,1,2,1,1,1,2,2,4,0.1
Lexie Hull,2022,23,2022-08-03,22.9,IND,away,ATL,-10.0,0,26.5,4,9,.444,1,2,.500,5,7,.714,2,5,7,1,4,0,4,5,14,10.1
Lexie Hull,2022,24,2022-08-06,22.9,IND,away,DAL,-4.0,1,35.1,5,8,.625,1,4,.250,6,6,1.000,1,2,3,0,0,0,0,5,17,12.7
Lexie Hull,2022,25,2022-08-12,22.9,IND,home,WAS,-12.0,1,25.4,2,9,.222,2,4,.500,0,0,,0,1,1,2,0,0,0,1,6,1.8
Lexie Hull,2022,26,2022-08-14,22.9,IND,away,WAS,-12.0,1,32.6,3,10,.300,1,4,.250,4,4,1.000,1,1,2,4,1,0,2,4,11,6.4
Lexie Hull,2023,1,2023-05-19,23.7,IND,home,CON,-9.0,0,3.9,0,1,.000,0,1,.000,2,2,1.000,0,1,1,0,0,0,0,1,2,1.2
Lexie Hull,2023,2,2023-05-21,23.7,IND,away,NYL,-17.0,0,21.8,1,10,.100,0,5,.000,1,2,.500,4,2,6,1,1,1,1,1,3,0.4
Lexie Hull,2023,3,2023-05-28,23.7,IND,away,ATL,3.0,1,21.1,0,4,.000,0,2,.000,0,0,,2,1,3,1,0,0,2,3,0,-3.6
Lexie Hull,2023,4,2023-05-30,23.7,IND,away,CON,-3.0,1,20.0,3,8,.375,0,2,.000,0,0,,3,2,5,1,3,0,2,5,6,4.0
Lexie Hull,2023,5,2023-06-04,23.7,IND,home,LVA,-4.0,1,10.9,1,3,.333,0,2,.000,0,0,,0,3,3,1,1,0,0,4,2,1.3
Lexie Hull,2023,6,2023-06-06,23.7,IND,away,CHI,-5.0,1,24.4,4,6,.667,3,4,.750,2,2,1.000,2,3,5,2,0,0,1,1,13,12.7
Lexie Hull,2023,7,2023-06-09,23.7,IND,away,MIN,2.0,1,10.3,0,5,.000,0,3,.000,0,0,,0,1,1,1,0,0,3,3,0,-6.7
Lexie Hull,2023,8,2023-06-11,23.7,IND,home,PHO,-3.0,1,15.8,2,3,.667,1,2,.500,1,2,.500,0,1,1,0,0,2,1,3,6,3.8
Lexie Hull,2023,9,2023-06-13,23.7,IND,home,WAS,21.0,1,22.0,2,4,.500,0,2,.000,4,4,1.000,2,3,5,0,2,0,0,3,8,9.1
Lexie Hull,2023,10,2023-06-15,23.8,IND,away,CHI,2.0,1,9.8,1,2,.500,0,1,.000,0,0,,1,0,1,0,0,0,1,2,2,-0.1
Lexie Hull,2023,11,2023-06-18,23.8,IND,home,ATL,-6.0,1,17.4,1,5,.200,0,2,.000,0,0,,1,1,2,0,1,0,1,2,2,-0.9
Lexie Hull,2023,12,2023-06-22,23.8,IND,away,SEA,12.0,1,18.2,3,5,.600,0,1,.000,0,1,.000,0,0,0,1,1,0,0,2,6,4.2
Lexie Hull,2023,13,2023-06-24,23.8,IND,away,LVA,-13.0,1,30.1,6,12,.500,3,5,.600,0,0,,2,2,4,4,1,0,4,4,15,9.2
Lexie Hull,2023,14,2023-06-26,23.8,IND,away,LVA,-8.0,1,24.2,2,4,.500,1,2,.500,0,0,,2,3,5,0,2,0,0,3,5,6.1
Lexie Hull,2023,15,2023-06-29,23.8,IND,away,PHO,-22.0,1,22.7,2,4,.500,0,0,,0,0,,1,0,1,0,1,0,2,2,4,0.9
Lexie Hull,2023,16,2023-07-02,23.8,IND,home,CHI,-2.0,1,13.0,0,2,.000,0,1,.000,0,0,,0,2,2,0,2,0,0,2,0,0.4
Lexie Hull,2023,17,2023-07-05,23.8,IND,away,MIN,-7.0,1,23.4,4,6,.667,0,1,.000,0,0,,0,1,1,1,4,1,0,3,8,9.9
Lexie Hull,2023,18,2023-07-07,23.8,IND,away,WAS,-8.0,1,37.1,7,11,.636,3,6,.500,3,3,1.000,3,3,6,3,2,0,1,6,20,18.8
Lexie Hull,2023,19,2023-07-09,23.8,IND,home,DAL,-1.0,1,34.0,2,6,.333,0,1,.000,3,4,.750,2,4,6,2,0,0,1,5,7,4.2
Lexie Hull,2023,20,2023-07-23,23.9,IND,away,NYL,-18.0,1,25.4,3,6,.500,1,1,1.000,0,0,,1,0,1,0,2,0,2,6,7,2.3
Lexie Hull,2023,21,2023-07-25,23.9,IND,away,LAS,-1.0,1,24.6,4,8,.500,0,3,.000,0,0,,0,2,2,2,0,2,1,2,8,5.6
Lexie Hull,2023,22,2023-07-27,23.9,IND,away,LAS,-13.0,1,17.1,1,4,.250,1,3,.333,0,0,,1,0,1,1,1,0,2,3,3,-0.2
Lexie Hull,2023,23,2023-07-30,23.9,IND,home,SEA,-23.0,1,33.7,0,4,.000,0,3,.000,0,0,,0,2,2,4,2,1,2,5,0,-0.7
Lexie Hull,2023,24,2023-08-01,23.9,IND,home,PHO,1.0,1,31.2,1,3,.333,0,2,.000,1,2,.500,1,3,4,1,1,0,1,3,3,2.0
Lexie Hull,2023,25,2023-08-04,23.9,IND,home,CON,-16.0,1,17.6,0,4,.000,0,1,.000,0,0,,0,0,0,0,2,0,1,3,0,-3.0
Lexie Hull,2023,26,2023-08-06,23.9,IND,away,ATL,-9.0,1,30.1,0,3,.000,0,1,.000,0,0,,2,3,5,1,0,0,0,5,0,-1.1
Lexie Hull,2023,27,2023-08-08,23.9,IND,home,LAS,-7.0,1,14.8,2,4,.500,0,1,.000,0,0,,1,1,2,1,0,0,0,0,4,3.7
Lexie Hull,2023,28,2023-08-10,23.9,IND,home,MIN,18.0,0,16.6,0,2,.000,0,1,.000,0,0,,2,1,3,2,1,1,1,0,0,2.4
Lexie Hull,2023,29,2023-08-13,23.9,IND,home,NYL,-11.0,0,14.2,1,3,.333,0,1,.000,0,0,,2,1,3,1,0,0,0,1,2,2.3
Lexie Hull,2023,30,2023-08-18,23.9,IND,home,WAS,-4.0,0,13.7,1,3,.333,0,0,,0,0,,0,1,1,1,0,1,0,1,2,1.6
Dana Evans,2021,1,2021-05-14,22.8,DAL,away,LAS,23.0,0,1.8,0,1,.000,0,0,,0,0,,0,0,0,0,0,0,0,0,0,-0.7
Dana Evans,2021,2,2021-05-22,22.8,DAL,home,SEA,-3.0,0,7.4,1,2,.500,1,1,1.000,2,2,1.000,0,0,0,1,0,0,2,1,5,2.3
Dana Evans,2021,3,2021-05-24,22.8,DAL,away,NYL,-7.0,0,8.6,0,1,.000,0,1,.000,0,0,,0,0,0,0,0,0,1,1,0,-2.1
Dana Evans,2021,4,2021-05-27,22.8,DAL,away,ATL,-6.0,0,3.0,0,1,.000,0,1,.000,0,0,,0,0,0,1,0,0,0,0,0,0.0
Dana Evans,2021,5,2021-05-29,22.8,DAL,home,PHO,-4.0,0,1.9,0,0,,0,0,,0,0,,0,0,0,1,0,0,0,1,0,0.3
Dana Evans,2021,6,2021-06-01,22.8,DAL,home,LAS,10.0,0,1.3,0,1,.000,0,0,,0,0,,0,0,0,0,0,0,1,0,0,-1.7
Dana Evans,2021,7,2021-06-03,22.8,CHI,away,PHO,-3.0,0,8.8,0,4,.000,0,3,.000,2,2,1.000,0,1,1,1,1,0,0,0,2,1.2
Dana Evans,2021,8,2021-06-05,22.8,CHI,away,LAS,-5.0,0,6.9,0,2,.000,0,0,,0,0,,0,0,0,0,0,0,3,3,0,-5.6
Dana Evans,2021,9,2021-06-09,22.9,CHI,home,IND,16.0,0,11.7,2,4,.500,1,2,.500,4,4,1.000,0,1,1,1,0,0,0,2,9,7.2
Dana Evans,2021,10,2021-06-12,22.9,CHI,away,IND,4.0,0,9.6,1,4,.250,1,2,.500,2,2,1.000,0,0,0,2,0,0,1,1,5,2.6
Dana Evans,2021,11,2021-06-15,22.9,CHI,away,MIN,16.0,0,7.0,1,3,.333,1,3,.333,2,2,1.000,0,0,0,1,0,0,0,1,5,3.6
Dana Evans,2021,12,2021-06-17,22.9,CHI,home,CON,6.0,0,3.8,0,1,.000,0,1,.000,0,0,,0,1,1,1,0,0,1,0,0,-0.7
Dana Evans,2021,13,2021-06-19,22.9,CHI,home,CON,10.0,0,4.4,1,1,1.000,1,1,1.000,2,2,1.000,0,0,0,0,1,0,0,0,5,5.7
Dana Evans,2021,14,2021-06-22,22.9,CHI,away,NYL,20.0,0,5.3,0,4,.000,0,3,.000,0,0,,0,0,0,0,0,0,0,1,0,-3.2
Dana Evans,2021,15,2021-06-24,22.9,CHI,away,NYL,23.0,0,3.5,1,1,1.000,0,0,,1,2,.500,0,0,0,0,0,0,0,0,3,2.3
Dana Evans,2021,16,2021-06-27,22.9,CHI,away,CON,-16.0,0,5.8,1,4,.250,1,1,1.000,2,2,1.000,0,0,0,1,0,0,1,0,5,2.3
Dana Evans,2021,17,2021-06-30,22.9,CHI,away,DAL,10.0,0,8.0,1,2,.500,1,1,1.000,0,0,,0,0,0,4,0,0,0,2,3,4.0
Dana Evans,2021,18,2021-07-02,22.9,CHI,away,DAL,-9.0,0,2.6,0,1,.000,0,1,.000,0,0,,0,0,0,0,0,0,0,0,0,-0.7
Dana Evans,2021,19,2021-07-10,22.9,CHI,home,WAS,-4.0,0,4.6,0,0,,0,0,,0,0,,0,0,0,1,1,0,0,0,0,1.7
Dana Evans,2021,20,2021-08-15,23.0,CHI,home,SEA,2.0,0,11.6,2,4,.500,2,2,1.000,0,0,,0,1,1,2,0,0,1,0,6,4.7
Dana Evans,2021,21,2021-08-17,23.0,CHI,home,DAL,-4.0,0,9.9,1,4,.250,1,3,.333,0,0,,0,0,0,1,0,0,0,2,3,0.5
Dana Evans,2021,22,2021-08-21,23.1,CHI,home,MIN,-6.0,0,11.0,0,3,.000,0,1,.000,0,0,,0,1,1,1,0,0,0,1,0,-1.5
Dana Evans,2021,23,2021-08-27,23.1,CHI,away,SEA,4.0,0,4.1,1,2,.500,1,2,.500,0,0,,0,0,0,0,0,0,0,0,3,2.0
Dana Evans,2021,24,2021-08-29,23.1,CHI,away,SEA,32.0,0,16.4,4,7,.571,2,3,.667,4,4,1.000,0,0,0,3,2,0,3,0,14,11.8
Dana Evans,2021,25,2021-08-31,23.1,CHI,away,PHO,-20.0,0,13.4,2,6,.333,1,3,.333,2,2,1.000,1,2,3,2,0,0,1,1,7,4.9
Dana Evans,2021,26,2021-09-02,23.1,CHI,away,LVA,-7.0,0,4.8,1,2,.500,1,2,.500,0,0,,0,0,0,0,0,0,0,0,3,2.0
Dana Evans,2021,27,2021-09-12,23.1,CHI,home,WAS,-8.0,0,8.4,3,4,.750,1,2,.500,0,0,,0,1,1,1,0,0,0,0,7,6.4
Dana Evans,2021,28,2021-09-17,23.1,CHI,home,LVA,-33.0,0,16.7,1,5,.200,0,3,.000,0,0,,0,1,1,1,0,1,2,1,2,-1.8
Dana Evans,2021,29,2021-09-19,23.1,CHI,home,IND,11.0,0,18.7,3,5,.600,2,3,.667,0,2,.000,0,1,1,4,0,0,0,3,8,6.8
Dana Evans,2022,1,2022-05-06,23.8,CHI,home,LAS,-7.0,1,35.2,9,17,.529,2,7,.286,4,5,.800,0,0,0,5,4,0,2,4,24,19.2
Dana Evans,2022,2,2022-05-11,23.8,CHI,home,NYL,33.0,0,26.0,5,11,.455,3,3,1.000,2,2,1.000,1,3,4,3,0,0,1,2,15,11.2
Dana Evans,2022,3,2022-05-14,23.8,CHI,away,MIN,4.0,0,20.3,1,6,.167,1,3,.333,2,2,1.000,0,0,0,0,0,0,1,4,5,-1.4
Dana Evans,2022,4,2022-05-18,23.8,CHI,away,SEA,-3.0,0,16.8,2,5,.400,0,1,.000,0,0,,0,0,0,5,0,0,2,3,4,1.6
Dana Evans,2022,5,2022-05-22,23.8,CHI,away,WAS,9.0,0,18.5,2,4,.500,0,2,.000,1,2,.500,0,3,3,3,2,0,2,1,5,5.2
Dana Evans,2022,6,2022-05-24,23.8,CHI,home,IND,5.0,0,13.0,2,4,.500,2,2,1.000,4,4,1.000,1,1,2,2,0,0,0,0,10,10.4
Dana Evans,2022,7,2022-05-28,23.8,CHI,home,LVA,-7.0,0,11.9,2,5,.400,1,3,.333,0,0,,0,2,2,2,0,1,1,0,5,4.0
Dana Evans,2022,8,2022-05-31,23.8,CHI,home,PHO,3.0,0,10.1,2,7,.286,2,5,.400,0,0,,0,1,1,1,0,0,1,1,6,1.5
Dana Evans,2022,9,2022-06-03,23.8,CHI,away,ATL,8.0,0,12.2,1,6,.167,1,4,.250,0,0,,0,0,0,1,0,0,0,1,3,-0.5
Dana Evans,2022,10,2022-06-05,23.8,CHI,home,WAS,9.0,0,19.0,3,7,.429,2,4,.500,4,4,1.000,1,1,2,4,0,1,2,1,12,10.4
Dana Evans,2022,11,2022-06-08,23.9,CHI,away,WAS,-2.0,0,17.2,1,2,.500,1,2,.500,0,0,,0,1,1,3,0,1,1,0,3,4.1
Dana Evans,2022,12,2022-06-10,23.9,CHI,away,CON,4.0,0,5.0,0,0,,0,0,,0,0,,0,0,0,0,0,0,1,0,0,-1.0
Dana Evans,2022,13,2022-06-12,23.9,CHI,away,NYL,2.0,0,2.4,0,1,.000,0,0,,0,0,,0,1,1,0,0,0,0,0,0,-0.4
Dana Evans,2022,14,2022-06-17,23.9,CHI,home,ATL,6.0,0,13.1,0,4,.000,0,3,.000,0,0,,1,0,1,0,0,0,1,1,0,-3.5
Dana Evans,2022,15,2022-06-19,23.9,CHI,away,IND,-2.0,0,5.6,1,3,.333,0,1,.000,0,0,,0,1,1,0,0,0,1,0,2,-0.4
Dana Evans,2022,16,2022-06-23,23.9,CHI,away,LAS,23.0,0,10.0,1,3,.333,0,1,.000,0,0,,0,0,0,2,1,0,1,1,2,1.3
Dana Evans,2022,17,2022-06-26,23.9,CHI,home,MIN,3.0,0,7.9,1,3,.333,0,1,.000,1,2,.500,0,0,0,0,0,0,0,0,3,0.9
Dana Evans,2022,18,2022-06-29,23.9,CHI,home,CON,8.0,0,4.5,1,1,1.000,0,0,,0,0,,0,0,0,2,0,0,1,0,2,2.1
Dana Evans,2022,19,2022-07-02,23.9,CHI,home,PHO,16.0,0,7.2,2,3,.667,2,3,.667,0,0,,0,1,1,2,0,0,1,2,6,4.6
Dana Evans,2022,20,2022-07-06,23.9,CHI,away,MIN,-3.0,0,4.3,1,2,.500,0,0,,0,0,,1,0,1,1,0,0,0,0,2,2.4
Dana Evans,2022,21,2022-07-07,23.9,CHI,away,IND,9.0,0,17.7,1,3,.333,0,0,,2,2,1.000,0,1,1,1,0,0,3,2,4,-0.5
Dana Evans,2022,22,2022-07-12,23.9,CHI,home,ATL,15.0,0,0.9,0,0,,0,0,,0,0,,0,0,0,0,0,0,0,0,0,0.0
Dana Evans,2022,23,2022-07-14,24.0,CHI,away,LAS,12.0,0,17.4,3,7,.429,1,4,.250,2,2,1.000,0,1,1,0,1,0,2,0,9,4.6
Dana Evans,2022,24,2022-07-16,24.0,CHI,away,DAL,8.0,0,11.1,1,5,.200,0,3,.000,0,0,,0,1,1,0,0,0,0,0,2,-0.8
Dana Evans,2022,25,2022-07-20,24.0,CHI,home,SEA,4.0,0,14.2,2,3,.667,1,2,.500,0,0,,0,2,2,0,0,0,0,0,5,4.3
Dana Evans,2022,26,2022-07-22,24.0,CHI,home,DAL,6.0,0,15.4,1,5,.200,1,5,.200,0,0,,0,0,0,2,0,0,1,1,3,-0.1
Dana Evans,2022,27,2022-07-23,24.0,CHI,away,NYL,-3.0,0,5.6,1,1,1.000,0,0,,0,0,,0,0,0,0,0,0,0,1,2,1.3
Dana Evans,2022,28,2022-07-29,24.0,CHI,home,NYL,8.0,0,2.0,0,1,.000,0,1,.000,0,0,,0,1,1,0,0,0,0,0,0,-0.4
Dana Evans,2022,29,2022-07-31,24.0,CHI,away,CON,3.0,0,4.1,0,1,.000,0,1,.000,0,0,,0,1,1,0,0,0,0,1,0,-0.8
Dana Evans,2022,30,2022-08-02,24.0,CHI,home,DAL,-6.0,0,1.6,0,0,,0,0,,0,0,,0,0,0,0,0,0,0,0,0,0.0
Dana Evans,2022,31,2022-08-05,24.0,CHI,home,WAS,10.0,0,3.6,1,2,.500,0,0,,0,0,,0,0,0,1,1,0,0,2,2,1.9
Dana Evans,2022,32,2022-08-11,24.0,CHI,away,LVA,-11.0,0,4.2,0,0,,0,0,,0,0,,0,0,0,0,0,0,0,0,0,0.0
Dana Evans,2022,33,2022-08-14,24.0,CHI,away,PHO,15.0,0,20.3,2,8,.250,2,6,.333,0,0,,0,0,0,1,1,0,2,1,6,0.5
Dana Evans,2023,1,2023-05-19,24.8,CHI,away,MIN,11.0,0,15.8,1,7,.143,0,4,.000,0,0,,0,0,0,2,0,0,0,0,2,-1.1
Dana Evans,2023,2,2023-05-21,24.8,CHI,away,PHO,6.0,1,33.8,5,13,.385,1,3,.333,2,3,.667,1,3,4,5,0,0,3,1,13,7.2
Dana Evans,2023,3,2023-05-26,24.8,CHI,home,WAS,-2.0,0,24.8,3,8,.375,1,6,.167,3,4,.750,0,0,0,4,1,0,2,2,10,6.2
Dana Evans,2023,4,2023-05-28,24.8,CHI,home,DAL,6.0,0,21.8,6,9,.667,1,3,.333,1,1,1.000,0,1,1,0,2,0,3,0,14,9.4
Dana Evans,2023,5,2023-05-30,24.8,CHI,away,ATL,-18.0,0,27.8,3,8,.375,1,5,.200,4,4,1.000,0,2,2,5,0,0,1,0,11,9.7
Dana Evans,2023,6,2023-06-02,24.8,CHI,home,NYL,-1.0,0,14.9,2,6,.333,1,3,.333,1,1,1.000,0,0,0,3,0,0,2,2,6,1.9
Dana Evans,2023,7,2023-06-06,24.8,CHI,home,IND,5.0,0,31.6,8,16,.500,3,5,.600,1,2,.500,0,2,2,7,3,0,0,2,20,19.3
Dana Evans,2023,8,2023-06-09,24.9,CHI,away,LAS,-15.0,0,22.6,1,7,.143,0,6,.000,1,2,.500,0,1,1,3,3,0,1,2,3,1.7
Dana Evans,2023,9,2023-06-11,24.9,CHI,away,LVA,-13.0,0,25.9,5,11,.455,0,2,.000,0,0,,0,0,0,8,1,0,1,0,10,9.9
Dana Evans,2023,10,2023-06-15,24.9,CHI,home,IND,-2.0,0,27.1,7,14,.500,3,6,.500,4,5,.800,0,2,2,3,0,2,0,1,21,17.3
Dana Evans,2023,11,2023-06-18,24.9,CHI,away,WAS,-8.0,0,21.6,1,5,.200,1,3,.333,0,0,,1,0,1,3,0,0,3,2,3,-1.1
Dana Evans,2023,12,2023-06-22,24.9,CHI,home,WAS,-21.0,0,11.9,1,4,.250,0,2,.000,3,3,1.000,0,0,0,0,2,0,3,1,5,1.2
Dana Evans,2023,13,2023-06-25,24.9,CHI,away,CON,-24.0,0,20.5,1,6,.167,0,3,.000,2,2,1.000,0,1,1,5,1,0,3,0,4,2.0
Dana Evans,2023,14,2023-06-28,24.9,CHI,home,LAS,17.0,0,20.1,4,9,.444,2,4,.500,1,2,.500,0,1,1,2,0,0,1,0,11,6.6
Dana Evans,2023,15,2023-06-30,24.9,CHI,home,LAS,8.0,0,26.8,3,8,.375,1,1,1.000,1,1,1.000,0,2,2,4,0,0,2,1,8,4.6
Dana Evans,2023,16,2023-07-02,24.9,CHI,away,IND,2.0,0,22.4,2,7,.286,1,4,.250,1,2,.500,0,2,2,1,1,0,0,2,6,3.0
Dana Evans,2023,17,2023-07-07,24.9,CHI,home,ATL,-14.0,0,17.6,3,10,.300,2,6,.333,0,0,,0,0,0,1,2,0,0,1,8,4.5
Dana Evans,2023,18,2023-07-09,24.9,CHI,home,ATL,-11.0,0,16.6,1,5,.200,1,4,.250,2,2,1.000,0,0,0,0,0,0,2,1,5,-0.5
Dana Evans,2023,19,2023-07-12,24.9,CHI,home,CON,-12.0,0,23.1,3,7,.429,1,4,.250,1,1,1.000,0,2,2,4,1,0,3,1,8,5.3
Dana Evans,2023,20,2023-07-20,25.0,CHI,away,PHO,-18.0,0,22.0,4,12,.333,0,3,.000,0,0,,1,3,4,2,1,0,2,0,8,3.2
Dana Evans,2023,21,2023-07-22,25.0,CHI,away,SEA,15.0,0,20.2,1,6,.167,0,3,.000,4,5,.800,1,0,1,2,3,0,1,1,6,5.5
Dana Evans,2023,22,2023-07-25,25.0,CHI,home,LVA,-12.0,0,18.1,3,7,.429,1,2,.500,2,2,1.000,0,1,1,0,0,0,2,3,9,2.4
Dana Evans,2023,23,2023-07-28,25.0,CHI,home,SEA,-9.0,0,24.6,3,10,.300,2,5,.400,4,4,1.000,0,0,0,3,0,0,1,1,12,6.9
Dana Evans,2023,24,2023-07-30,25.0,CHI,home,PHO,19.0,0,18.4,1,6,.167,1,5,.200,0,0,,0,1,1,2,0,1,2,2,3,-1.2
Dana Evans,2023,25,2023-08-04,25.0,CHI,away,DAL,15.0,0,14.9,1,5,.200,0,1,.000,2,2,1.000,0,0,0,3,0,0,1,1,4,1.6
Dana Evans,2023,26,2023-08-06,25.0,CHI,away,DAL,8.0,0,20.9,2,3,.667,1,1,1.000,9,9,1.000,0,1,1,5,0,0,1,1,14,15.1
Dana Evans,2023,27,2023-08-08,25.0,CHI,home,MIN,-9.0,0,18.5,1,6,.167,0,2,.000,0,0,,0,0,0,4,0,0,0,0,2,1.0
Dana Evans,2023,28,2023-08-11,25.0,CHI,away,NYL,-16.0,0,16.9,2,7,.286,1,3,.333,0,0,,0,1,1,1,0,0,4,0,5,-2.1
Dana Evans,2023,29,2023-08-13,25.0,CHI,away,WAS,-7.0,0,15.7,1,6,.167,1,6,.167,0,0,,1,0,1,3,0,0,1,1,3,0.6
Dana Evans,2023,30,2023-08-18,25.0,CHI,away,ATL,-11.0,0,23.1,7,15,.467,2,4,.500,2,2,1.000,0,2,2,1,0,0,2,1,18,9.2
Dana Evans,2023,31,2023-08-20,25.1,CHI,home,CON,-6.0,0,19.1,2,6,.333,1,3,.333,4,6,.667,0,0,0,3,0,0,0,1,9,6.5
Dana Evans,2023,32,2023-08-22,25.1,CHI,home,SEA,23.0,0,20.6,7,11,.636,4,6,.667,5,6,.833,0,2,2,8,1,0,2,5,23,20.9
Dana Evans,2023,33,2023-08-24,25.1,CHI,home,LVA,-7.0,0,19.2,3,10,.300,1,5,.200,1,2,.500,1,1,2,4,0,0,2,0,8,3.6
Dana Evans,2023,34,2023-08-27,25.1,CHI,away,SEA,5.0,0,23.2,4,9,.444,2,3,.667,4,4,1.000,0,2,2,6,1,0,0,3,14,13.9
Dana Evans,2023,35,2023-08-29,25.1,CHI,away,LAS,1.0,0,21.6,2,4,.500,1,1,1.000,2,2,1.000,0,2,2,1,1,0,2,1,7,4.9
Dana Evans,2023,36,2023-09-03,25.1,CHI,home,NYL,-17.0,0,16.1,1,8,.125,1,5,.200,2,2,1.000,0,1,1,0,0,0,1,0,5,-0.9
Dana Evans,2023,37,2023-09-05,25.1,CHI,away,IND,27.0,0,24.5,2,10,.200,1,5,.200,0,0,,0,0,0,5,1,0,2,0,5,1.3
Dana Evans,2023,38,2023-09-08,25.1,CHI,home,MIN,5.0,0,19.4,3,9,.333,0,3,.000,3,4,.750,1,2,3,2,1,0,3,2,9,3.4
Dana Evans,2023,39,2023-09-10,25.1,CHI,away,CON,11.0,0,33.7,6,12,.500,2,3,.667,4,4,1.000,0,2,2,3,1,1,2,3,18,13.2
Jantel Lavender,2021,1,2021-05-14,32.5,IND,away,NYL,-3.0,1,28.3,4,12,.333,1,1,1.000,0,0,,8,2,10,3,0,0,1,2,9,8.7
Jantel Lavender,2021,2,2021-05-16,32.5,IND,home,NYL,-8.0,1,27.3,4,7,.571,0,1,.000,0,0,,4,11,15,1,0,0,6,5,8,3.5
Jantel Lavender,2021,3,2021-05-19,32.5,IND,away,CON,-21.0,1,17.1,1,2,.500,0,0,,1,2,.500,1,1,2,2,0,0,2,1,3,1.6
Jantel Lavender,2021,4,2021-05-21,32.5,IND,home,ATL,-4.0,0,12.2,3,3,1.000,0,0,,0,0,,0,1,1,2,0,0,0,2,6,6.0
Jantel Lavender,2021,5,2021-05-25,32.5,IND,home,WAS,-16.0,0,23.7,1,7,.143,0,1,.000,2,2,1.000,4,2,6,4,0,0,0,1,4,5.3
Jantel Lavender,2021,6,2021-05-28,32.5,IND,away,LVA,-36.0,0,21.9,3,9,.333,0,0,,0,0,,0,2,2,1,0,1,0,0,6,2.9
Jantel Lavender,2021,7,2021-05-30,32.5,IND,away,LVA,-23.0,0,15.6,2,4,.500,0,0,,0,0,,1,1,2,0,0,0,1,2,4,1.2
Jantel Lavender,2021,8,2021-06-01,32.6,IND,away,SEA,-15.0,1,25.3,2,8,.250,0,1,.000,1,2,.500,3,1,4,3,0,0,0,3,5,3.1
Jantel Lavender,2021,9,2021-06-03,32.6,IND,away,LAS,-35.0,1,27.6,4,14,.286,0,1,.000,2,2,1.000,4,2,6,2,0,1,1,2,10,5.5
Jantel Lavender,2021,10,2021-06-09,32.6,IND,away,CHI,-16.0,1,34.1,7,14,.500,0,3,.000,0,0,,3,4,7,2,0,0,2,2,14,8.9
Jantel Lavender,2021,11,2021-06-12,32.6,IND,home,CHI,-4.0,1,18.8,1,4,.250,0,0,,0,0,,0,1,1,1,0,0,4,5,2,-5.4
Jantel Lavender,2021,12,2021-06-15,32.6,IND,home,SEA,-17.0,1,19.1,4,7,.571,0,2,.000,0,0,,0,2,2,0,0,0,1,0,8,4.3
Jantel Lavender,2021,13,2021-06-17,32.6,IND,home,SEA,-10.0,1,22.8,4,8,.500,0,1,.000,2,2,1.000,1,0,1,2,0,0,0,4,10,6.5
Jantel Lavender,2021,14,2021-06-19,32.6,IND,away,WAS,-5.0,1,12.9,0,3,.000,0,0,,0,0,,0,2,2,1,0,0,0,1,0,-1.2
Jantel Lavender,2021,15,2021-06-24,32.6,IND,home,DAL,-25.0,1,25.9,6,10,.600,0,1,.000,2,2,1.000,1,2,3,1,0,0,2,2,14,8.6
Jantel Lavender,2021,16,2021-07-01,32.6,IND,home,CON,-6.0,1,29.0,2,7,.286,0,0,,2,2,1.000,1,2,3,6,0,0,1,2,6,5.6
Jantel Lavender,2021,17,2021-07-03,32.6,IND,home,CON,6.0,1,14.4,0,3,.000,0,1,.000,0,0,,1,1,2,1,0,0,1,2,0,-2.2
Jantel Lavender,2021,18,2021-07-09,32.7,IND,home,NYL,13.0,1,18.7,5,7,.714,0,0,,0,0,,1,5,6,0,0,1,3,1,10,6.6
Jantel Lavender,2021,19,2021-08-28,32.8,IND,home,LVA,-16.0,0,11.9,3,6,.500,0,0,,4,4,1.000,0,1,1,0,0,0,1,2,10,5.5
Jantel Lavender,2021,20,2021-08-31,32.8,IND,home,LAS,2.0,0,14.5,3,5,.600,0,0,,0,0,,1,2,3,1,0,0,2,0,6,3.7
Jantel Lavender,2021,21,2021-09-04,32.8,IND,home,PHO,-22.0,0,17.4,2,6,.333,1,2,.500,0,0,,0,1,1,0,0,0,1,3,5,-0.3
Jantel Lavender,2021,22,2021-09-06,32.8,IND,home,PHO,-5.0,0,9.7,1,3,.333,0,0,,0,0,,0,1,1,2,0,0,1,0,2,1.0
Jantel Lavender,2021,23,2021-09-10,32.8,IND,away,MIN,-17.0,0,19.8,7,13,.538,1,1,1.000,0,0,,5,4,9,1,0,0,3,1,15,10.7
Jantel Lavender,2021,24,2021-09-12,32.8,IND,away,MIN,-10.0,0,14.6,2,4,.500,0,0,,0,0,,1,2,3,2,0,0,0,2,4,3.9
Jantel Lavender,2021,25,2021-09-14,32.8,IND,away,ATL,-7.0,0,14.7,2,10,.200,0,0,,0,0,,3,1,4,1,0,0,0,1,4,0.5
Jantel Lavender,2021,26,2021-09-17,32.8,IND,home,MIN,-19.0,0,19.2,1,5,.200,0,1,.000,0,0,,2,3,5,2,0,0,2,0,2,0.6
Jantel Lavender,2021,27,2021-09-19,32.9,IND,away,CHI,-11.0,0,22.1,2,7,.286,1,3,.333,2,2,1.000,1,2,3,0,0,1,2,2,7,2.1
Jantel Lavender,2022,1,2022-05-06,33.5,SEA,home,MIN,23.0,0,22.6,4,7,.571,1,2,.500,0,0,,0,2,2,1,1,0,2,2,9,5.2
Jantel Lavender,2022,2,2022-05-08,33.5,SEA,away,LVA,-11.0,0,17.1,2,7,.286,0,3,.000,0,2,.000,2,2,4,1,0,0,1,4,4,-0.8
Jantel Lavender,2022,3,2022-05-11,33.5,SEA,away,PHO,-20.0,1,18.9,1,5,.200,0,1,.000,0,0,,1,4,5,5,1,0,2,2,2,2.5
Jantel Lavender,2022,4,2022-05-14,33.5,SEA,home,PHO,-5.0,0,10.5,3,4,.750,0,0,,0,0,,4,0,4,0,0,0,0,0,6,7.2
Jantel Lavender,2022,5,2022-05-18,33.5,SEA,home,CHI,3.0,0,11.8,2,5,.400,0,1,.000,1,2,.500,2,3,5,0,0,0,1,4,5,1.6
Jantel Lavender,2022,6,2022-05-20,33.5,SEA,home,LAS,3.0,0,15.6,2,4,.500,0,1,.000,0,0,,0,1,1,2,0,0,0,1,4,3.3
Jantel Lavender,2022,7,2022-05-27,33.5,SEA,home,NYL,8.0,1,28.7,4,8,.500,0,1,.000,0,0,,2,7,9,0,0,0,1,2,8,5.7
Jantel Lavender,2022,8,2022-05-29,33.5,SEA,home,NYL,31.0,1,26.9,6,8,.750,0,0,,0,0,,2,8,10,2,0,1,2,1,12,12.3
Jantel Lavender,2022,9,2022-06-03,33.6,SEA,home,DAL,-17.0,1,17.9,1,3,.333,0,1,.000,0,0,,1,5,6,1,0,0,1,0,2,2.2
Jantel Lavender,2022,10,2022-06-05,33.6,SEA,home,CON,-7.0,0,7.9,1,5,.200,0,0,,0,0,,1,1,2,2,0,0,1,0,2,0.3
Jantel Lavender,2022,11,2022-06-07,33.6,SEA,home,ATL,12.0,0,9.2,1,1,1.000,0,0,,0,0,,0,1,1,0,0,0,0,1,2,1.6
Jantel Lavender,2022,12,2022-06-10,33.6,SEA,away,DAL,1.0,0,7.0,3,4,.750,0,0,,0,0,,1,2,3,1,0,0,2,2,6,3.6
Jantel Lavender,2022,13,2022-06-12,33.6,SEA,away,DAL,5.0,0,4.5,1,1,1.000,0,0,,0,0,,0,0,0,1,0,0,1,0,2,1.4
Jantel Lavender,2022,14,2022-06-14,33.6,SEA,away,MIN,2.0,0,12.1,1,4,.250,0,0,,0,0,,0,1,1,1,0,0,2,0,2,-1.4
Jantel Lavender,2022,15,2022-06-17,33.6,SEA,away,CON,-11.0,0,5.6,1,5,.200,0,0,,0,0,,0,0,0,0,0,0,0,0,2,-1.1
Jantel Lavender,2022,16,2022-06-19,33.6,SEA,away,NYL,9.0,0,13.1,0,1,.000,0,0,,0,0,,0,2,2,1,0,0,0,3,0,-0.6
Jantel Lavender,2022,17,2022-06-23,33.6,SEA,home,WAS,14.0,0,11.7,2,5,.400,1,3,.333,0,0,,1,2,3,0,0,0,0,1,5,3.2
Jantel Lavender,2022,18,2022-06-25,33.6,SEA,home,LAS,-8.0,0,8.2,1,3,.333,0,1,.000,0,0,,0,2,2,0,0,0,2,1,2,-1.5
Jantel Lavender,2022,19,2022-06-29,33.6,SEA,home,LVA,10.0,0,8.2,1,2,.500,1,1,1.000,0,0,,0,3,3,0,0,1,0,0,3,3.6
Jantel Lavender,2022,20,2022-07-01,33.6,SEA,home,IND,16.0,0,13.3,1,4,.250,0,0,,0,0,,2,4,6,1,0,0,2,3,2,-0.3
Jantel Lavender,2022,21,2022-07-03,33.6,SEA,away,ATL,-14.0,0,9.2,2,4,.500,2,4,.500,2,2,1.000,0,3,3,0,0,0,1,0,8,5.9
Jantel Lavender,2022,22,2022-07-05,33.6,SEA,away,IND,22.0,0,11.8,1,6,.167,0,1,.000,2,2,1.000,3,3,6,0,1,1,2,1,4,2.5
Jantel Lavender,2022,23,2022-07-07,33.6,SEA,away,LAS,37.0,0,11.8,2,4,.500,0,1,.000,1,2,.500,2,3,5,3,0,0,0,1,5,6.6
Jantel Lavender,2022,24,2022-07-22,33.7,SEA,away,PHO,-16.0,0,7.8,1,2,.500,0,1,.000,2,2,1.000,1,0,1,0,0,0,0,0,4,3.7
Jantel Lavender,2022,25,2022-07-28,33.7,SEA,away,CON,-5.0,0,1.1,0,0,,0,0,,0,0,,0,0,0,0,0,0,1,1,0,-1.4
Jantel Lavender,2022,26,2022-08-03,33.7,SEA,home,MIN,12.0,0,8.7,1,4,.250,0,0,,0,0,,0,2,2,0,0,0,0,0,2,0.2
Jantel Lavender,2022,27,2022-08-12,33.7,SEA,away,MIN,27.0,0,7.4,0,4,.000,0,2,.000,0,0,,1,2,3,2,0,1,0,0,0,0.6
Alexis Prince,2020,1,2020-09-09,26.6,CHI,home,ATL,-8.0,0,8.0,1,2,0.5,1,2,0.5,0,0,,1,0,1,0,0,0,0,1,3,2.3
Alexis Prince,2020,2,2020-09-11,26.6,CHI,home,DAL,7.0,0,8.0,2,3,0.667,1,1,1.0,0,0,,1,1,2,0,0,1,0,0,5,5.4
Leigha Brown,2023,1,2023-05-19,22.8,CON,away,IND,9.0,0,2.7,0,1,.000,0,0,,0,0,,1,0,1,1,0,0,0,1,0,0.3
Leigha Brown,2023,2,2023-05-23,22.9,CON,away,WAS,7.0,0,6.0,0,0,,0,0,,0,0,,0,1,1,0,0,0,0,2,0,-0.5
Leigha Brown,2023,3,2023-05-27,22.9,CON,away,NYL,-16.0,0,7.0,0,1,.000,0,1,.000,0,0,,0,1,1,0,0,0,1,2,0,-2.2
Leigha Brown,2023,4,2023-05-30,22.9,CON,home,IND,3.0,0,3.3,0,1,.000,0,0,,0,0,,1,1,2,0,0,0,0,0,0,0.3
Leigha Brown,2023,5,2023-06-06,22.9,CON,home,LVA,-6.0,0,0.3,0,0,,0,0,,0,0,,0,0,0,0,0,0,0,0,0,0.0
Leigha Brown,2023,6,2023-06-08,22.9,CON,home,LVA,17.0,0,2.4,0,0,,0,0,,0,0,,0,0,0,0,0,0,0,0,0,0.0
Leigha Brown,2023,7,2023-06-11,22.9,CON,away,ATL,12.0,0,0.8,0,0,,0,0,,0,0,,0,0,0,0,0,0,0,0,0,0.0
Leigha Brown,2023,8,2023-06-22,22.9,CON,away,MIN,21.0,0,11.6,0,0,,0,0,,1,2,.500,0,0,0,2,0,1,1,4,1,0.1
Leigha Brown,2023,9,2023-06-25,22.9,CON,home,CHI,24.0,0,2.2,0,0,,0,0,,0,0,,0,0,0,0,0,0,0,0,0,0.0
Leigha Brown,2023,10,2023-07-01,23.0,CON,away,LVA,-18.0,0,7.0,2,3,.667,0,1,.000,1,1,1.000,0,2,2,0,1,0,0,0,5,5.3
Leigha Brown,2023,11,2023-07-06,23.0,CON,home,SEA,20.0,0,16.8,1,2,.500,0,1,.000,0,0,,0,3,3,1,2,0,2,1,2,2.2
Leigha Brown,2023,12,2023-07-09,23.0,CON,home,WAS,8.0,0,0.6,0,0,,0,0,,0,0,,0,0,0,0,0,0,0,0,0,0.0
Leigha Brown,2023,13,2023-07-12,23.0,CON,away,CHI,12.0,0,1.7,0,0,,0,0,,0,0,,0,1,1,1,0,0,0,1,0,0.6
Leigha Brown,2023,14,2023-07-20,23.0,CON,home,ATL,11.0,0,1.6,0,0,,0,0,,0,0,,0,0,0,0,0,0,1,1,0,-1.4
Leigha Brown,2023,15,2023-07-22,23.0,CON,away,ATL,8.0,0,0.8,0,0,,0,0,,0,0,,0,0,0,0,0,0,0,0,0,0.0
Leigha Brown,2023,16,2023-08-04,23.1,CON,away,IND,16.0,0,3.5,0,1,.000,0,0,,0,0,,0,0,0,0,0,0,1,1,0,-2.1
Leigha Brown,2023,17,2023-08-08,23.1,CON,away,SEA,12.0,0,3.9,0,0,,0,0,,0,0,,0,0,0,1,0,0,0,1,0,0.3
Leigha Brown,2023,18,2023-08-18,23.1,CON,home,DAL,-20.0,0,1.4,1,1,1.000,0,0,,0,0,,0,0,0,0,0,0,0,0,2,1.7
Leigha Brown,2023,19,2023-08-20,23.1,CON,away,CHI,6.0,0,1.3,0,0,,0,0,,0,0,,0,1,1,0,0,0,0,0,0,0.3
Leigha Brown,2023,20,2023-08-27,23.1,CON,home,LAS,15.0,0,2.1,0,1,.000,0,0,,0,0,,1,0,1,0,1,0,1,0,0,0.0
Leigha Brown,2023,21,2023-08-31,23.1,CON,home,PHO,10.0,0,1.0,0,0,,0,0,,0,0,,0,1,1,0,0,0,0,1,0,-0.1
Leigha Brown,2023,22,2023-09-01,23.1,CON,away,NYL,-31.0,0,14.2,2,4,.500,1,2,.500,0,0,,0,0,0,0,1,0,1,1,5,2.6
Leigha Brown,2023,23,2023-09-05,23.1,CON,home,LAS,14.0,0,0.5,0,0,,0,0,,0,0,,0,0,0,0,0,0,0,0,0,0.0
Leigha Brown,2023,24,2023-09-08,23.2,CON,home,IND,17.0,0,11.4,1,3,.333,0,1,.000,0,1,.000,0,1,1,0,0,0,2,1,2,-2.2
Leigha Brown,2023,25,2023-09-10,23.2,CON,home,CHI,-11.0,0,26.3,1,8,.125,0,4,.000,2,2,1.000,3,3,6,4,0,1,1,2,4,3.5
Zia Cooke,2023,1,2023-05-19,22.4,LAS,home,PHO,23.0,0,14.8,5,6,.833,2,2,1.000,2,2,1.000,1,1,2,2,1,0,0,1,14,14.8
Zia Cooke,2023,2,2023-05-25,22.4,LAS,home,LVA,-9.0,0,14.2,2,4,.500,0,1,.000,0,0,,1,1,2,2,0,1,1,1,4,3.7
Zia Cooke,2023,3,2023-05-27,22.4,LAS,away,LVA,-28.0,0,23.4,3,14,.214,0,2,.000,1,1,1.000,0,3,3,2,0,0,2,0,7,-1.3
Zia Cooke,2023,4,2023-06-02,22.4,LAS,away,PHO,6.0,0,9.1,2,3,.667,2,2,1.000,0,0,,0,1,1,2,0,1,2,1,6,4.7
Zia Cooke,2023,5,2023-06-03,22.4,LAS,home,SEA,7.0,0,12.1,0,4,.000,0,0,,0,0,,1,1,2,0,0,0,0,1,0,-2.2
Zia Cooke,2023,6,2023-06-06,22.4,LAS,away,SEA,-3.0,0,10.8,0,3,.000,0,2,.000,0,0,,0,0,0,0,0,1,1,0,0,-2.4
Zia Cooke,2023,7,2023-06-09,22.4,LAS,home,CHI,15.0,0,14.6,2,5,.400,1,4,.250,0,0,,1,0,1,1,0,0,0,0,5,3.7
Zia Cooke,2023,8,2023-06-11,22.4,LAS,away,MIN,-5.0,0,4.8,0,2,.000,0,1,.000,0,0,,0,1,1,0,0,0,0,1,0,-1.5
Zia Cooke,2023,9,2023-06-14,22.4,LAS,away,DAL,18.0,0,7.2,1,3,.333,0,0,,0,2,.000,0,1,1,0,0,1,0,1,2,0.1
Zia Cooke,2023,10,2023-06-16,22.4,LAS,home,MIN,-5.0,1,24.9,2,5,.400,1,2,.500,0,0,,0,1,1,1,0,0,2,1,5,0.9
Zia Cooke,2023,11,2023-06-18,22.4,LAS,home,CON,-9.0,1,13.8,0,3,.000,0,1,.000,2,2,1.000,0,1,1,1,0,0,2,1,2,-1.5
Zia Cooke,2023,12,2023-06-20,22.4,LAS,home,MIN,-6.0,0,3.5,0,1,.000,0,1,.000,0,0,,0,0,0,0,0,0,1,0,0,-1.7
Zia Cooke,2023,13,2023-06-23,22.5,LAS,home,DAL,2.0,0,5.7,1,4,.250,0,0,,0,0,,0,0,0,0,0,0,2,0,2,-2.4
Zia Cooke,2023,14,2023-06-25,22.5,LAS,home,DAL,10.0,0,6.0,1,4,.250,0,1,.000,2,2,1.000,0,0,0,0,0,0,0,0,4,1.6
Zia Cooke,2023,15,2023-06-28,22.5,LAS,away,CHI,-17.0,0,13.4,0,4,.000,0,1,.000,0,0,,0,0,0,2,1,0,0,0,0,-0.4
Zia Cooke,2023,16,2023-06-30,22.5,LAS,away,CHI,-8.0,0,18.9,3,10,.300,0,1,.000,4,4,1.000,0,3,3,0,1,3,1,3,10,6.0
Zia Cooke,2023,17,2023-07-02,22.5,LAS,away,ATL,-28.0,0,22.1,3,12,.250,1,3,.333,4,6,.667,0,1,1,2,2,0,1,1,11,5.3
Zia Cooke,2023,18,2023-07-05,22.5,LAS,home,ATL,-11.0,0,22.3,4,9,.444,1,4,.250,2,4,.500,0,0,0,1,1,1,1,3,11,5.7
Zia Cooke,2023,19,2023-07-09,22.5,LAS,away,PHO,-6.0,0,20.9,1,10,.100,1,3,.333,0,0,,1,0,1,4,1,0,2,2,3,-1.9
Zia Cooke,2023,20,2023-07-12,22.5,LAS,home,LVA,-19.0,0,23.2,4,14,.286,0,6,.000,0,0,,1,0,1,0,0,0,0,1,8,0.1
Zia Cooke,2023,21,2023-07-20,22.5,LAS,away,MIN,-3.0,0,4.1,0,2,.000,0,1,.000,0,0,,0,0,0,0,0,0,0,0,0,-1.4
Zia Cooke,2023,22,2023-07-22,22.5,LAS,away,DAL,-14.0,0,7.0,1,4,.250,0,0,,0,0,,0,1,1,1,0,0,0,0,2,0.6
Zia Cooke,2023,23,2023-07-25,22.5,LAS,home,IND,1.0,0,15.9,1,9,.111,0,3,.000,0,0,,0,3,3,0,2,0,0,0,2,-1.0
Zia Cooke,2023,24,2023-07-27,22.5,LAS,home,IND,13.0,1,16.6,2,8,.250,1,4,.250,0,0,,0,0,0,0,1,0,1,0,5,0.2
Zia Cooke,2023,25,2023-07-30,22.6,LAS,home,NYL,-8.0,1,6.8,0,4,.000,0,1,.000,0,0,,0,0,0,0,0,0,1,0,0,-3.8
Zia Cooke,2023,26,2023-08-04,22.6,LAS,away,WAS,-2.0,0,25.3,4,7,.571,2,3,.667,0,0,,1,1,2,0,0,1,1,2,10,6.6
Zia Cooke,2023,27,2023-08-06,22.6,LAS,away,WAS,8.0,0,19.3,4,7,.571,2,2,1.000,0,0,,0,1,1,0,0,1,1,2,10,5.9
Zia Cooke,2023,28,2023-08-08,22.6,LAS,away,IND,7.0,0,14.7,2,8,.250,0,1,.000,1,2,.500,1,0,1,0,0,0,0,3,5,-0.7
Zia Cooke,2023,29,2023-08-12,22.6,LAS,home,ATL,11.0,0,15.4,2,4,.500,0,0,,2,2,1.000,0,0,0,1,0,0,1,1,6,3.3
Zia Cooke,2023,30,2023-08-19,22.6,LAS,away,LVA,6.0,0,8.1,0,1,.000,0,0,,0,0,,0,1,1,2,0,0,0,0,0,1.0
Zia Cooke,2023,31,2023-08-23,22.6,LAS,home,PHO,29.0,0,16.9,2,5,.400,1,1,1.000,6,6,1.000,1,0,1,1,0,0,1,2,11,7.9
Zia Cooke,2023,32,2023-08-25,22.6,LAS,away,ATL,5.0,0,5.2,0,1,.000,0,0,,0,0,,0,1,1,0,0,0,0,0,0,-0.4
Zia Cooke,2023,33,2023-08-27,22.6,LAS,away,CON,-15.0,0,12.6,2,6,.333,0,2,.000,0,0,,0,1,1,0,0,0,1,0,4,-0.1
Zia Cooke,2023,34,2023-08-29,22.6,LAS,home,CHI,-1.0,0,19.5,3,8,.375,1,3,.333,2,2,1.000,1,0,1,0,0,0,0,2,9,4.5
Zia Cooke,2023,35,2023-08-31,22.6,LAS,home,SEA,-11.0,0,20.5,1,10,.100,0,4,.000,6,6,1.000,0,0,0,1,1,0,0,5,8,1.1
Zia Cooke,2023,36,2023-09-03,22.6,LAS,home,WAS,8.0,0,11.1,1,4,.250,1,2,.500,2,2,1.000,0,0,0,2,0,0,0,1,5,3.6
Zia Cooke,2023,37,2023-09-05,22.7,LAS,away,CON,-14.0,0,13.8,0,2,.000,0,1,.000,0,2,.000,0,0,0,1,1,0,0,0,0,-0.5
Zia Cooke,2023,38,2023-09-07,22.7,LAS,away,NYL,-7.0,0,8.6,1,4,.250,0,1,.000,0,0,,0,1,1,2,0,1,2,0,2,0.0
Zia Cooke,2023,39,2023-09-10,22.7,LAS,away,SEA,2.0,0,21.6,5,11,.455,1,3,.333,3,3,1.000,0,2,2,0,1,1,2,0,14,8.6
Kiana Williams,2021,1,2021-05-15,22.1,SEA,home,LVA,14.0,0,3.2,0,0,,0,0,,0,0,,0,0,0,0,0,0,0,0,0,0.0
Kiana Williams,2021,2,2021-05-18,22.1,SEA,home,LVA,-16.0,0,5.0,0,1,0.0,0,1,0.0,0,0,,0,0,0,0,1,0,0,0,0,0.3
Kiana Williams,2021,3,2021-05-28,22.1,SEA,home,MIN,10.0,0,5.8,0,2,0.0,0,2,0.0,0,0,,0,1,1,0,0,0,1,2,0,-2.9
Kiana Williams,2021,4,2021-06-01,22.1,SEA,home,IND,15.0,0,0.9,0,0,,0,0,,0,0,,0,0,0,0,0,0,0,1,0,-0.4
Kiana Williams,2021,5,2021-06-09,22.2,SEA,away,ATL,24.0,0,1.9,0,1,0.0,0,1,0.0,0,0,,0,2,2,0,0,0,0,0,0,-0.1
Kiana Williams,2021,6,2021-06-11,22.2,SEA,away,ATL,11.0,0,1.4,0,1,0.0,0,0,,0,0,,0,0,0,0,0,0,0,0,0,-0.7
Kiana Williams,2021,7,2021-06-13,22.2,SEA,away,CON,23.0,0,4.4,1,2,0.5,1,2,0.5,1,1,1.0,0,1,1,2,0,0,0,0,4,4.7
Kiana Williams,2021,8,2021-06-15,22.2,SEA,away,IND,17.0,0,1.5,0,0,,0,0,,0,0,,0,0,0,0,0,0,0,0,0,0.0
Kiana Williams,2021,9,2021-08-15,22.4,SEA,away,CHI,-2.0,0,7.1,0,0,,0,0,,0,0,,0,0,0,0,0,0,0,0,0,0.0
Kiana Williams,2021,10,2021-08-18,22.4,SEA,away,NYL,-4.0,0,3.8,0,0,,0,0,,0,0,,0,0,0,0,0,0,1,0,0,-1.0
Kiana Williams,2022,1,2022-05-27,23.1,SEA,home,NYL,8.0,0,4.0,0,0,,0,0,,0,0,,0,0,0,2,0,0,0,0,0,1.4
Kiana Williams,2022,2,2022-05-29,23.1,SEA,home,NYL,31.0,0,14.1,2,7,0.286,1,4,0.25,0,0,,0,2,2,3,0,0,1,1,5,2.2
Kiana Williams,2022,3,2022-06-03,23.2,SEA,home,DAL,-17.0,0,8.5,0,1,0.0,0,0,,0,0,,0,0,0,0,0,0,1,0,0,-1.7
Kiana Williams,2022,4,2022-08-02,23.3,CON,home,PHO,24.0,0,2.8,0,0,,0,0,,0,0,,0,0,0,0,0,0,0,0,0,0.0
Stella Johnson,2020,1,2020-07-28,22.0,CHI,home,LAS,18.0,0,1.4,0,0,,0,0,,0,0,,0,1,1,0,0,0,0,1,0,-0.1
Stella Johnson,2020,2,2020-08-06,22.1,CHI,home,PHO,-10.0,0,1.6,0,0,,0,0,,0,0,,0,1,1,0,0,0,0,0,0,0.3
Stella Johnson,2020,3,2020-08-08,22.1,CHI,home,CON,7.0,0,0.8,0,0,,0,0,,0,0,,0,0,0,0,0,0,0,0,0,0.0
Stella Johnson,2020,4,2020-08-10,22.1,CHI,home,SEA,-18.0,0,2.3,0,1,0.0,0,0,,0,0,,0,0,0,0,1,0,0,0,0,0.3
Stella Johnson,2020,5,2020-08-13,22.1,WAS,home,LAS,-17.0,0,5.4,0,0,,0,0,,2,2,1.0,0,0,0,0,0,1,0,0,2,2.7
Stella Johnson,2020,6,2020-08-15,22.1,WAS,home,LVA,-15.0,0,20.3,3,7,0.429,1,3,0.333,0,0,,0,4,4,5,0,1,2,4,7,5.1
Stella Johnson,2020,7,2020-08-19,22.1,WAS,home,ATL,7.0,1,30.6,8,13,0.615,6,9,0.667,3,3,1.0,1,2,3,3,1,0,1,2,25,21.7
Stella Johnson,2020,8,2020-08-21,22.1,WAS,home,DAL,-9.0,1,20.9,0,6,0.0,0,0,,0,0,,3,0,3,3,1,0,0,2,0,0.2
Stella Johnson,2020,9,2020-08-23,22.1,WAS,home,PHO,-1.0,0,16.8,5,7,0.714,2,2,1.0,0,0,,0,0,0,1,3,0,1,2,12,11.0
Stella Johnson,2021,1,2021-05-15,22.8,WAS,home,CHI,-14.0,0,12.1,1,5,0.2,1,3,0.333,0,0,,1,0,1,1,0,1,1,2,3,0.2
Stella Johnson,2021,2,2021-05-21,22.9,WAS,home,NYL,29.0,0,3.5,1,2,0.5,0,1,0.0,0,0,,0,0,0,0,0,0,0,0,2,1.0
Stella Johnson,2021,3,2021-06-10,22.9,WAS,home,LAS,18.0,0,7.0,0,0,,0,0,,4,4,1.0,1,0,1,1,0,0,1,3,4,3.2
Stella Johnson,2021,4,2021-06-13,22.9,WAS,away,ATL,-23.0,0,2.4,0,0,,0,0,,0,0,,0,0,0,0,0,0,1,0,0,-1.0
Stella Johnson,2021,5,2021-06-17,22.9,WAS,home,ATL,3.0,0,3.6,0,0,,0,0,,0,0,,1,0,1,0,0,0,1,1,0,-0.7
Stella Johnson,2021,6,2021-06-22,22.9,WAS,away,SEA,4.0,0,2.6,1,1,1.0,1,1,1.0,0,0,,0,0,0,0,0,0,1,1,3,1.3
Sika Koné,2023,1,2023-05-28,20.9,CHI,home,DAL,6.0,0,23.4,3,5,0.6,0,0,,4,4,1.0,2,4,6,2,1,0,4,5,10,6.7
Sika Koné,2023,2,2023-05-30,20.9,CHI,away,ATL,-18.0,0,13.9,2,7,0.286,0,1,0.0,2,2,1.0,2,6,8,0,0,0,4,3,6,-0.1
Sika Koné,2023,3,2023-06-02,20.9,CHI,home,NYL,-1.0,0,5.0,0,0,,0,0,,0,0,,2,0,2,1,0,0,1,0,0,1.1
Sika Koné,2023,4,2023-06-04,20.9,CHI,away,NYL,4.0,0,2.5,0,0,,0,0,,1,2,0.5,1,0,1,0,0,0,1,0,1,0.3
Sika Koné,2023,5,2023-06-06,20.9,CHI,home,IND,5.0,0,9.4,1,1,1.0,0,0,,4,4,1.0,0,3,3,0,0,0,0,2,6,5.8
Sika Koné,2023,6,2023-06-09,20.9,CHI,away,LAS,-15.0,0,11.5,1,2,0.5,0,0,,0,0,,0,0,0,0,0,0,1,2,2,-0.8
Sika Koné,2023,7,2023-06-11,20.9,CHI,away,LVA,-13.0,0,8.7,1,3,0.333,0,1,0.0,1,2,0.5,1,0,1,0,0,0,0,1,3,1.2
Sika Koné,2023,8,2023-06-15,20.9,CHI,home,IND,-2.0,0,6.0,2,2,1.0,0,0,,0,0,,1,0,1,1,0,0,0,2,4,4.0
Sika Koné,2023,9,2023-06-18,20.9,CHI,away,WAS,-8.0,0,13.7,2,3,0.667,0,0,,3,4,0.75,1,3,4,0,0,0,1,2,7,5.1
Sika Koné,2023,10,2023-06-22,20.9,CHI,home,WAS,-21.0,0,2.3,1,1,1.0,0,0,,0,0,,1,0,1,0,1,0,0,0,2,3.4
Sika Koné,2023,11,2023-06-28,21.0,CHI,home,LAS,17.0,0,1.2,0,0,,0,0,,0,0,,0,0,0,0,1,0,0,0,0,1.0
Sika Koné,2023,12,2023-07-07,21.0,CHI,home,ATL,-14.0,0,4.4,0,2,0.0,0,0,,0,0,,1,2,3,0,0,0,0,0,0,-0.1
Sika Koné,2023,13,2023-07-22,21.0,CHI,away,SEA,15.0,0,1.2,0,0,,0,0,,0,0,,0,1,1,0,0,0,0,1,0,-0.1
Sika Koné,2023,14,2023-08-18,21.1,CHI,away,ATL,-11.0,0,2.2,0,2,0.0,0,0,,0,0,,2,0,2,0,0,0,1,2,0,-1.8
Sika Koné,2023,15,2023-08-22,21.1,CHI,home,SEA,23.0,0,11.2,1,1,1.0,0,0,,0,0,,1,1,2,1,0,0,0,2,2,2.6
Sika Koné,2023,16,2023-08-29,21.1,CHI,away,LAS,1.0,0,10.2,1,1,1.0,0,0,,2,4,0.5,1,4,5,1,0,0,2,3,4,2.3
Sika Koné,2023,17,2023-09-03,21.1,CHI,home,NYL,-17.0,0,10.8,3,6,0.5,0,1,0.0,0,0,,0,1,1,1,0,0,0,0,6,4.0
Sika Koné,2023,18,2023-09-05,21.1,CHI,away,IND,27.0,0,16.1,2,2,1.0,2,2,1.0,0,0,,1,3,4,1,0,0,1,4,6,5.1
Sika Koné,2023,19,2023-09-08,21.2,CHI,home,MIN,5.0,0,19.2,3,5,0.6,0,0,,0,0,,3,7,10,1,0,1,3,1,6,5.9
Sika Koné,2023,20,2023-09-10,21.2,CHI,away,CON,11.0,0,13.0,2,4,0.5,0,1,0.0,3,4,0.75,2,2,4,1,0,0,2,4,7,3.7
Olivia Nelson-Ododa,2022,1,2022-05-20,21.8,LAS,away,SEA,-3.0,0,11.9,1,1,1.000,0,0,,4,4,1.000,1,2,3,0,0,2,1,3,6,6.2
Olivia Nelson-Ododa,2022,2,2022-05-23,21.8,LAS,away,LVA,-28.0,0,24.4,2,4,.500,0,0,,2,2,1.000,1,1,2,0,0,0,0,5,6,3.0
Olivia Nelson-Ododa,2022,3,2022-05-27,21.8,LAS,away,IND,-5.0,0,4.3,1,1,1.000,0,0,,0,0,,0,1,1,1,0,0,0,2,2,1.9
Olivia Nelson-Ododa,2022,4,2022-05-29,21.8,LAS,away,MIN,2.0,0,4.1,0,1,.000,0,0,,0,0,,0,0,0,0,0,1,0,3,0,-1.2
Olivia Nelson-Ododa,2022,5,2022-05-31,21.8,LAS,home,DAL,2.0,0,5.9,2,3,.667,0,0,,0,0,,0,0,0,0,0,0,1,2,4,0.9
Olivia Nelson-Ododa,2022,6,2022-06-05,21.8,LAS,away,PHO,-7.0,0,5.2,1,1,1.000,0,0,,0,0,,0,1,1,0,0,1,0,1,2,2.3
Olivia Nelson-Ododa,2022,7,2022-06-11,21.8,LAS,home,LVA,-17.0,0,4.8,0,0,,0,0,,0,0,,1,1,2,0,0,0,2,2,0,-1.8
Olivia Nelson-Ododa,2022,8,2022-06-19,21.8,LAS,away,DAL,-10.0,0,8.4,1,1,1.000,0,0,,0,0,,1,1,2,0,0,0,1,1,2,1.3
Olivia Nelson-Ododa,2022,9,2022-06-21,21.8,LAS,home,WAS,2.0,0,12.8,3,5,.600,0,0,,0,0,,2,0,2,0,0,1,1,1,6,4.4
Olivia Nelson-Ododa,2022,10,2022-06-23,21.8,LAS,home,CHI,-23.0,0,18.7,2,5,.400,0,0,,0,0,,1,5,6,0,2,2,1,2,4,5.1
Olivia Nelson-Ododa,2022,11,2022-06-25,21.9,LAS,away,SEA,8.0,0,21.8,2,4,.500,0,0,,1,2,.500,4,4,8,1,0,0,1,4,5,4.7
Olivia Nelson-Ododa,2022,12,2022-06-27,21.9,LAS,home,LVA,-6.0,0,10.3,0,0,,0,0,,1,2,.500,0,0,0,0,0,0,2,2,1,-2.2
Olivia Nelson-Ododa,2022,13,2022-07-01,21.9,LAS,away,DAL,8.0,0,6.6,1,2,.500,0,0,,0,0,,1,1,2,0,0,1,0,2,2,1.9
Olivia Nelson-Ododa,2022,14,2022-07-03,21.9,LAS,home,NYL,10.0,0,3.3,0,1,.000,0,0,,0,0,,1,1,2,0,0,0,0,0,0,0.3
Olivia Nelson-Ododa,2022,15,2022-07-04,21.9,LAS,home,PHO,3.0,0,1.1,0,0,,0,0,,0,0,,0,0,0,0,0,0,0,0,0,0.0
Olivia Nelson-Ododa,2022,16,2022-07-07,21.9,LAS,home,SEA,-37.0,0,15.7,0,4,.000,0,0,,1,2,.500,1,3,4,2,0,1,1,2,1,-0.3
Olivia Nelson-Ododa,2022,17,2022-07-12,21.9,LAS,home,WAS,-13.0,0,15.5,2,2,1.000,0,0,,1,2,.500,0,2,2,1,0,0,1,2,5,3.5
Olivia Nelson-Ododa,2022,18,2022-07-14,21.9,LAS,home,CHI,-12.0,0,15.4,1,3,.333,0,0,,0,0,,1,0,1,0,0,2,0,2,2,1.6
Olivia Nelson-Ododa,2022,19,2022-07-19,21.9,LAS,home,IND,7.0,0,11.5,3,3,1.000,0,0,,0,0,,2,2,4,0,0,0,2,4,6,3.5
Olivia Nelson-Ododa,2022,20,2022-07-21,21.9,LAS,home,ATL,7.0,0,7.2,0,0,,0,0,,0,0,,1,2,3,0,1,1,0,0,0,3.0
Olivia Nelson-Ododa,2022,21,2022-07-23,21.9,LAS,away,LVA,-18.0,0,20.0,3,3,1.000,0,0,,1,2,.500,2,3,5,0,0,1,3,3,7,4.5
Olivia Nelson-Ododa,2022,22,2022-07-28,21.9,LAS,away,PHO,-10.0,0,15.7,1,2,.500,0,0,,3,6,.500,3,3,6,0,1,0,2,4,5,3.2
Olivia Nelson-Ododa,2022,23,2022-07-31,22.0,LAS,home,MIN,-7.0,0,12.9,1,2,.500,0,0,,0,0,,0,2,2,0,0,0,0,1,2,1.2
Olivia Nelson-Ododa,2022,24,2022-08-02,22.0,LAS,away,NYL,-29.0,0,24.1,6,7,.857,0,0,,0,1,.000,2,2,4,1,3,0,1,2,12,13.0
Olivia Nelson-Ododa,2022,25,2022-08-03,22.0,LAS,away,NYL,-3.0,1,31.0,3,5,.600,0,0,,2,2,1.000,3,7,10,1,1,4,3,4,8,9.8
Olivia Nelson-Ododa,2022,26,2022-08-05,22.0,LAS,away,ATL,-2.0,1,23.7,4,7,.571,0,0,,2,2,1.000,2,1,3,2,0,2,1,3,10,9.0
Olivia Nelson-Ododa,2022,27,2022-08-07,22.0,LAS,away,WAS,3.0,1,23.2,1,2,.500,0,0,,2,2,1.000,1,4,5,1,0,2,0,4,4,5.4
Olivia Nelson-Ododa,2022,28,2022-08-09,22.0,LAS,home,CON,-26.0,1,19.4,1,3,.333,0,0,,0,0,,1,1,2,0,0,0,2,5,2,-2.7
Olivia Nelson-Ododa,2022,29,2022-08-11,22.0,LAS,home,CON,-24.0,1,27.2,3,5,.600,0,0,,2,2,1.000,1,2,3,0,0,1,2,5,8,3.7
Olivia Nelson-Ododa,2022,30,2022-08-14,22.0,LAS,home,DAL,-28.0,1,29.4,2,7,.286,0,0,,4,6,.667,1,3,4,1,1,2,2,6,8,3.4
Olivia Nelson-Ododa,2023,1,2023-05-19,22.8,CON,away,IND,9.0,0,13.9,0,1,.000,0,0,,3,6,.500,1,1,2,0,0,2,1,2,3,1.7
Olivia Nelson-Ododa,2023,2,2023-05-21,22.8,CON,home,WAS,6.0,0,15.3,1,1,1.000,0,0,,3,6,.500,1,4,5,0,0,2,0,2,5,6.0
Olivia Nelson-Ododa,2023,3,2023-05-23,22.8,CON,away,WAS,7.0,0,15.0,3,4,.750,0,0,,2,3,.667,1,1,2,1,0,2,3,2,8,5.3
Olivia Nelson-Ododa,2023,4,2023-05-27,22.8,CON,away,NYL,-16.0,0,4.8,0,0,,0,0,,0,0,,0,0,0,1,0,0,0,1,0,0.3
Olivia Nelson-Ododa,2023,5,2023-05-30,22.8,CON,home,IND,3.0,0,6.0,0,2,.000,0,0,,0,0,,1,2,3,0,0,1,0,0,0,0.6
Olivia Nelson-Ododa,2023,6,2023-06-01,22.8,CON,away,MIN,5.0,0,12.6,1,2,.500,0,0,,1,1,1.000,0,5,5,0,0,1,0,1,3,3.8
Olivia Nelson-Ododa,2023,7,2023-06-04,22.8,CON,home,DAL,6.0,0,7.7,0,0,,0,0,,0,0,,0,0,0,0,1,0,1,1,0,-0.4
Olivia Nelson-Ododa,2023,8,2023-06-06,22.8,CON,home,LVA,-6.0,0,3.0,0,0,,0,0,,0,0,,0,0,0,0,1,0,1,1,0,-0.4
Olivia Nelson-Ododa,2023,9,2023-06-08,22.8,CON,home,LVA,17.0,0,3.8,0,1,.000,0,0,,0,0,,1,0,1,0,1,0,0,1,0,0.6
Olivia Nelson-Ododa,2023,10,2023-06-11,22.8,CON,away,ATL,12.0,0,13.2,2,3,.667,0,0,,2,3,.667,0,1,1,0,1,1,1,3,6,4.1
Olivia Nelson-Ododa,2023,11,2023-06-15,22.8,CON,home,ATL,-4.0,0,2.7,0,0,,0,0,,0,0,,0,0,0,0,0,0,0,0,0,0.0
Olivia Nelson-Ododa,2023,12,2023-06-18,22.8,CON,away,LAS,9.0,0,7.3,1,1,1.000,0,0,,0,0,,0,1,1,0,0,0,0,0,2,2.0
Olivia Nelson-Ododa,2023,13,2023-06-20,22.8,CON,away,SEA,6.0,0,9.9,2,2,1.000,0,0,,2,2,1.000,0,1,1,1,0,0,2,3,6,3.2
Olivia Nelson-Ododa,2023,14,2023-06-22,22.8,CON,away,MIN,21.0,0,19.1,1,4,.250,0,0,,2,3,.667,1,3,4,4,1,2,1,3,4,5.8
Olivia Nelson-Ododa,2023,15,2023-06-25,22.9,CON,home,CHI,24.0,0,15.1,2,4,.500,0,0,,0,0,,3,3,6,1,1,0,2,2,4,3.9
Olivia Nelson-Ododa,2023,16,2023-06-27,22.9,CON,home,NYL,-8.0,0,21.2,6,6,1.000,0,0,,2,3,.667,2,3,5,1,2,1,0,2,14,16.7
Olivia Nelson-Ododa,2023,17,2023-07-01,22.9,CON,away,LVA,-18.0,0,22.7,3,5,.600,0,0,,3,4,.750,3,1,4,1,0,2,1,2,9,9.0
Olivia Nelson-Ododa,2023,18,2023-07-06,22.9,CON,home,SEA,20.0,0,20.0,2,8,.250,0,0,,2,2,1.000,4,5,9,1,0,2,2,2,6,4.8
Olivia Nelson-Ododa,2023,19,2023-07-09,22.9,CON,home,WAS,8.0,0,6.4,0,0,,0,0,,0,0,,0,1,1,0,0,0,0,2,0,-0.5
Olivia Nelson-Ododa,2023,20,2023-07-12,22.9,CON,away,CHI,12.0,0,3.9,0,0,,0,0,,0,0,,0,1,1,0,0,0,2,0,0,-1.7
Olivia Nelson-Ododa,2023,21,2023-07-18,22.9,CON,away,PHO,-6.0,0,23.1,1,3,.333,0,0,,1,2,.500,3,2,5,1,1,0,1,5,3,2.3
Olivia Nelson-Ododa,2023,22,2023-07-20,22.9,CON,home,ATL,11.0,0,7.3,0,0,,0,0,,0,0,,0,2,2,0,1,0,1,2,0,-0.2
Olivia Nelson-Ododa,2023,23,2023-07-22,22.9,CON,away,ATL,8.0,0,18.8,3,5,.600,0,0,,0,0,,1,6,7,1,1,1,1,4,6,6.0
Olivia Nelson-Ododa,2023,24,2023-07-25,22.9,CON,away,DAL,5.0,0,21.8,2,2,1.000,0,0,,0,0,,2,0,2,1,3,1,0,3,4,8.0
Olivia Nelson-Ododa,2023,25,2023-07-30,23.0,CON,home,MIN,-4.0,0,16.5,1,2,.500,0,0,,4,4,1.000,2,2,4,0,1,3,0,1,6,9.7
Olivia Nelson-Ododa,2023,26,2023-08-01,23.0,CON,home,MIN,10.0,0,19.5,2,3,.667,0,0,,0,0,,2,3,5,1,1,1,1,4,4,4.8
Olivia Nelson-Ododa,2023,27,2023-08-04,23.0,CON,away,IND,16.0,0,27.8,3,8,.375,0,0,,4,4,1.000,6,4,10,4,0,1,0,5,10,12.5
Olivia Nelson-Ododa,2023,28,2023-08-08,23.0,CON,away,SEA,12.0,0,17.1,2,4,.500,0,0,,0,0,,2,1,3,0,1,1,1,2,4,3.6
Olivia Nelson-Ododa,2023,29,2023-08-10,23.0,CON,away,PHO,-6.0,0,22.7,1,4,.250,0,0,,1,2,.500,3,6,9,1,1,0,0,4,3,4.2
Olivia Nelson-Ododa,2023,30,2023-08-12,23.0,CON,away,DAL,-10.0,0,17.1,1,2,.500,0,0,,0,2,.000,1,4,5,0,0,0,1,2,2,0.3
Olivia Nelson-Ododa,2023,31,2023-08-18,23.0,CON,home,DAL,-20.0,0,6.0,1,4,.250,0,0,,0,0,,1,0,1,0,0,0,0,4,2,-1.3
Olivia Nelson-Ododa,2023,32,2023-08-20,23.0,CON,away,CHI,6.0,0,5.4,1,2,.500,0,0,,0,0,,0,3,3,0,0,0,0,3,2,0.7
Olivia Nelson-Ododa,2023,33,2023-08-22,23.0,CON,away,WAS,4.0,0,5.0,0,0,,0,0,,0,0,,0,0,0,0,0,1,0,1,0,0.3
Olivia Nelson-Ododa,2023,34,2023-08-27,23.0,CON,home,LAS,15.0,0,26.0,5,7,.714,0,0,,1,2,.500,1,10,11,0,0,3,2,4,11,9.9
Olivia Nelson-Ododa,2023,35,2023-08-31,23.0,CON,home,PHO,10.0,0,21.1,0,1,.000,0,0,,6,6,1.000,0,4,4,0,1,0,1,3,6,5.3
Olivia Nelson-Ododa,2023,36,2023-09-01,23.0,CON,away,NYL,-31.0,0,25.5,5,8,.625,0,0,,0,0,,3,1,4,2,0,0,2,3,10,7.0
Olivia Nelson-Ododa,2023,37,2023-09-05,23.1,CON,home,LAS,14.0,0,17.3,2,5,.400,0,0,,3,3,1.000,2,2,4,1,0,1,1,2,7,5.9
Olivia Nelson-Ododa,2023,38,2023-09-08,23.1,CON,home,IND,17.0,0,27.7,3,6,.500,0,0,,0,2,.000,0,3,3,0,1,2,1,2,6,3.7
Olivia Nelson-Ododa,2023,39,2023-09-10,23.1,CON,home,CHI,-11.0,0,35.4,8,11,.727,0,0,,4,5,.800,3,8,11,0,0,2,0,3,20,19.8
Raina Perez,2022,1,2022-05-11,23.8,SEA,away,PHO,-20.0,0,2.3,0,0,,0,0,,0,0,,0,0,0,1,0,0,0,0,0,0.7
Leilani Mitchell,2020,1,2020-07-25,35.1,WAS,home,IND,25.0,1,24.1,2,3,.667,0,0,,1,3,.333,0,4,4,4,1,0,2,1,5,5.5
Leilani Mitchell,2020,2,2020-07-28,35.1,WAS,home,CON,5.0,1,24.4,2,5,.400,0,2,.000,4,4,1.000,0,4,4,3,0,0,1,3,8,6.4
Leilani Mitchell,2020,3,2020-07-30,35.1,WAS,home,SEA,18.0,1,26.0,4,7,.571,4,6,.667,0,0,,0,1,1,6,4,0,0,1,12,16.8
Leilani Mitchell,2020,4,2020-08-01,35.1,WAS,home,CHI,-2.0,1,29.5,5,12,.417,2,6,.333,0,0,,1,1,2,3,0,0,2,2,12,5.9
Leilani Mitchell,2020,5,2020-08-05,35.1,WAS,home,LVA,-6.0,1,30.6,5,10,.500,1,4,.250,0,1,.000,0,0,0,4,2,0,2,3,11,7.2
Leilani Mitchell,2020,6,2020-08-07,35.1,WAS,home,NYL,-8.0,1,29.3,0,5,.000,0,1,.000,2,2,1.000,0,2,2,5,1,1,2,4,2,0.7
Leilani Mitchell,2020,7,2020-08-09,35.2,WAS,home,IND,-7.0,1,31.2,4,9,.444,2,3,.667,4,6,.667,0,2,2,5,1,0,1,2,14,11.8
Leilani Mitchell,2020,8,2020-08-11,35.2,WAS,home,MIN,-20.0,1,25.6,1,5,.200,0,2,.000,0,0,,2,1,3,3,0,0,4,4,2,-2.9
Leilani Mitchell,2020,9,2020-08-13,35.2,WAS,home,LAS,-17.0,1,35.7,3,8,.375,2,6,.333,0,0,,0,3,3,5,0,0,3,3,8,3.8
Leilani Mitchell,2020,10,2020-08-15,35.2,WAS,home,LVA,-15.0,1,30.2,3,9,.333,2,6,.333,3,3,1.000,0,3,3,5,0,0,2,3,11,7.1
Leilani Mitchell,2020,11,2020-08-19,35.2,WAS,home,ATL,7.0,1,30.8,4,8,.500,1,4,.250,3,3,1.000,1,3,4,6,1,0,2,0,12,12.8
Leilani Mitchell,2020,12,2020-08-21,35.2,WAS,home,DAL,-9.0,1,20.3,0,2,.000,0,1,.000,3,3,1.000,0,1,1,4,0,0,1,3,3,2.5
Leilani Mitchell,2020,13,2020-08-23,35.2,WAS,home,PHO,-1.0,1,31.5,5,13,.385,1,4,.250,1,1,1.000,2,0,2,1,1,0,0,2,12,7.2
Leilani Mitchell,2020,14,2020-08-28,35.2,WAS,home,PHO,-22.0,1,27.3,7,10,.700,1,3,.333,2,2,1.000,1,2,3,5,0,0,4,2,17,12.8
Leilani Mitchell,2020,15,2020-08-30,35.2,WAS,home,CON,-13.0,1,32.1,2,6,.333,1,3,.333,0,0,,1,5,6,5,3,0,3,1,5,6.9
Leilani Mitchell,2020,16,2020-09-02,35.2,WAS,home,SEA,-7.0,1,29.9,3,7,.429,1,5,.200,0,0,,0,1,1,5,0,0,1,2,7,5.3
Leilani Mitchell,2020,17,2020-09-04,35.2,WAS,home,CHI,10.0,1,36.0,6,10,.600,4,7,.571,4,4,1.000,0,4,4,12,0,0,4,2,20,20.2
Leilani Mitchell,2020,18,2020-09-06,35.2,WAS,home,DAL,-7.0,1,40.8,5,12,.417,1,7,.143,2,2,1.000,1,2,3,9,0,0,2,1,13,11.8
Leilani Mitchell,2020,19,2020-09-08,35.2,WAS,home,MIN,3.0,1,34.4,2,9,.222,2,7,.286,0,0,,0,3,3,10,1,0,0,2,6,8.6
Leilani Mitchell,2020,20,2020-09-10,35.2,WAS,home,LAS,8.0,1,36.4,3,9,.333,1,5,.200,3,3,1.000,2,3,5,9,2,0,2,2,10,12.7
Leilani Mitchell,2020,21,2020-09-12,35.2,WAS,home,NYL,17.0,1,29.3,5,11,.455,2,6,.333,0,0,,0,4,4,3,1,0,0,1,12,10.2
Leilani Mitchell,2020,22,2020-09-13,35.2,WAS,home,ATL,7.0,1,37.2,2,9,.222,1,7,.143,2,2,1.000,0,2,2,7,0,0,0,2,7,6.2
Leilani Mitchell,2021,1,2021-05-15,35.9,WAS,home,CHI,-14.0,1,22.2,0,6,.000,0,5,.000,0,0,,0,1,1,3,1,0,2,1,0,-3.2
Leilani Mitchell,2021,2,2021-05-18,35.9,WAS,home,PHO,-21.0,1,21.0,0,5,.000,0,5,.000,0,0,,1,1,2,7,3,0,0,1,0,5.0
Leilani Mitchell,2021,3,2021-05-21,35.9,WAS,home,NYL,29.0,1,33.2,1,7,.143,1,5,.200,0,0,,0,2,2,4,2,0,3,2,3,0.1
Leilani Mitchell,2021,4,2021-05-23,35.9,WAS,away,IND,-12.0,1,24.5,1,5,.200,1,3,.333,0,0,,0,1,1,1,0,0,1,1,3,-0.5
Leilani Mitchell,2021,5,2021-05-25,35.9,WAS,away,IND,16.0,0,15.3,2,4,.500,2,3,.667,0,0,,0,0,0,3,0,1,2,0,6,4.8
Leilani Mitchell,2021,6,2021-05-28,36.0,WAS,away,CON,-5.0,0,19.6,2,3,.667,1,2,.500,2,2,1.000,0,4,4,1,0,0,2,2,7,4.8
Leilani Mitchell,2021,7,2021-06-05,36.0,WAS,home,LVA,-3.0,0,24.7,2,6,.333,2,5,.400,0,0,,0,0,0,2,0,0,1,3,6,1.8
Leilani Mitchell,2021,8,2021-06-08,36.0,WAS,home,MIN,4.0,0,20.5,0,2,.000,0,1,.000,0,0,,0,1,1,2,1,0,1,2,0,-0.5
Leilani Mitchell,2021,9,2021-06-10,36.0,WAS,home,LAS,18.0,0,18.3,1,5,.200,1,5,.200,0,0,,1,1,2,1,0,0,0,3,3,0.4
Leilani Mitchell,2021,10,2021-06-13,36.0,WAS,away,ATL,-23.0,0,20.1,2,6,.333,2,5,.400,2,2,1.000,1,1,2,2,0,0,0,3,8,5.8
Leilani Mitchell,2021,11,2021-06-17,36.0,WAS,home,ATL,3.0,0,32.4,4,7,.571,3,6,.500,0,0,,1,4,5,3,2,0,1,1,11,12.3
Leilani Mitchell,2021,12,2021-06-19,36.0,WAS,home,IND,5.0,0,33.7,3,10,.300,2,8,.250,0,0,,1,3,4,2,0,0,1,2,8,3.4
Leilani Mitchell,2021,13,2021-06-22,36.0,WAS,away,SEA,4.0,1,31.3,6,13,.462,5,11,.455,2,2,1.000,1,0,1,7,0,0,1,2,19,16.1
Leilani Mitchell,2021,14,2021-06-24,36.0,WAS,away,LAS,-7.0,1,38.3,8,14,.571,6,8,.750,4,5,.800,2,4,6,2,1,0,3,2,26,20.2
Leilani Mitchell,2021,15,2021-06-26,36.0,WAS,away,DAL,-11.0,1,35.0,5,11,.455,4,9,.444,0,0,,0,2,2,7,1,1,1,2,14,13.7
Leilani Mitchell,2021,16,2021-06-29,36.0,WAS,home,CON,-19.0,1,38.7,3,7,.429,3,6,.500,0,0,,0,2,2,3,1,0,4,0,9,5.0
Leilani Mitchell,2021,17,2021-07-03,36.0,WAS,away,NYL,-3.0,1,32.5,3,11,.273,2,8,.250,0,0,,0,1,1,4,0,0,1,0,8,3.6
Leilani Mitchell,2021,18,2021-08-15,36.2,WAS,away,LVA,-1.0,0,19.7,2,3,.667,0,1,.000,1,1,1.000,1,3,4,1,0,0,1,1,5,4.6
Leilani Mitchell,2021,19,2021-08-17,36.2,WAS,away,LVA,-10.0,0,14.6,0,3,.000,0,3,.000,0,0,,0,1,1,2,0,0,0,1,0,-0.8
Leilani Mitchell,2021,20,2021-08-19,36.2,WAS,away,PHO,-13.0,0,11.7,3,4,.750,2,2,1.000,0,2,.000,0,0,0,1,1,0,0,3,8,6.1
Leilani Mitchell,2021,21,2021-08-22,36.2,WAS,home,SEA,-7.0,0,16.1,1,1,1.000,1,1,1.000,0,0,,0,1,1,2,1,0,0,1,3,5.0
Leilani Mitchell,2021,22,2021-08-24,36.2,WAS,home,LAS,10.0,0,16.6,2,4,.500,2,4,.500,1,1,1.000,0,3,3,0,0,0,2,3,7,2.7
Leilani Mitchell,2021,23,2021-08-26,36.2,WAS,home,DAL,-5.0,0,14.2,1,2,.500,1,2,.500,0,0,,0,2,2,3,0,0,0,0,3,4.7
Leilani Mitchell,2021,24,2021-08-28,36.2,WAS,home,DAL,1.0,0,18.3,1,5,.200,1,5,.200,4,5,.800,0,2,2,2,0,0,0,4,7,3.9
Leilani Mitchell,2021,25,2021-08-31,36.2,WAS,home,CON,-10.0,0,20.9,2,5,.400,2,5,.400,1,1,1.000,0,0,0,1,0,0,1,0,7,4.0
Leilani Mitchell,2021,26,2021-09-04,36.2,WAS,away,MIN,-18.0,0,13.4,1,4,.250,1,3,.333,0,0,,0,0,0,0,0,0,1,0,3,-0.4
Leilani Mitchell,2021,27,2021-09-07,36.2,WAS,away,SEA,-34.0,0,19.1,1,5,.200,0,3,.000,0,0,,0,2,2,1,0,0,1,1,2,-1.2
Leilani Mitchell,2021,28,2021-09-10,36.2,WAS,home,ATL,8.0,1,30.6,0,2,.000,0,1,.000,2,2,1.000,0,3,3,3,0,0,2,2,2,0.8
Leilani Mitchell,2021,29,2021-09-12,36.2,WAS,away,CHI,8.0,1,28.6,3,7,.429,2,5,.400,0,0,,0,4,4,3,1,0,2,0,8,6.6
Leilani Mitchell,2021,30,2021-09-17,36.3,WAS,away,NYL,-11.0,1,27.3,3,8,.375,3,8,.375,0,0,,1,1,2,4,0,0,0,3,9,7.2
Leilani Mitchell,2021,31,2021-09-19,36.3,WAS,home,MIN,-6.0,0,12.7,1,3,.333,0,2,.000,0,0,,1,0,1,0,0,0,1,0,2,0.0
Kamiah Smalls,2020,1,2020-08-31,22.4,IND,home,CHI,-23.0,0,17.1,4,4,1.0,3,3,1.0,2,2,1.0,2,2,4,2,0,0,0,1,13,14.8
Kamiah Smalls,2020,2,2020-09-01,22.4,IND,home,ATL,-12.0,0,15.3,1,3,0.333,1,1,1.0,0,0,,1,0,1,2,1,0,0,0,3,4.4
Kamiah Smalls,2020,3,2020-09-03,22.4,IND,home,PHO,-24.0,0,20.6,1,3,0.333,1,2,0.5,0,0,,0,0,0,1,0,0,0,1,3,1.6
Kamiah Smalls,2020,4,2020-09-05,22.4,IND,home,CON,-19.0,0,12.6,1,2,0.5,1,1,1.0,0,0,,1,0,1,1,0,0,1,1,3,2.0
Kamiah Smalls,2020,5,2020-09-08,22.4,IND,home,LVA,-6.0,0,2.4,0,0,,0,0,,0,0,,0,0,0,2,0,0,0,0,0,1.4
Kamiah Smalls,2020,6,2020-09-10,22.4,IND,home,NYL,10.0,0,10.0,1,3,0.333,0,2,0.0,0,0,,0,1,1,2,0,1,0,0,2,2.7
Kamiah Smalls,2020,7,2020-09-12,22.4,IND,home,MIN,-12.0,0,21.8,1,5,0.2,1,3,0.333,0,0,,1,0,1,4,0,0,1,0,3,2.4
Kamiah Smalls,2022,1,2022-06-01,24.1,MIN,away,ATL,-8.0,0,14.5,1,3,0.333,0,1,0.0,0,0,,0,0,0,2,2,0,3,0,2,0.7
Kamiah Smalls,2022,2,2022-06-05,24.1,MIN,away,NYL,7.0,0,4.0,0,1,0.0,0,1,0.0,0,0,,0,3,3,0,0,0,1,2,0,-1.6
Kamiah Smalls,2022,3,2022-06-07,24.1,MIN,away,NYL,-19.0,0,15.4,1,4,0.25,0,2,0.0,0,0,,0,2,2,4,2,0,0,4,2,3.4
Theresa Plaisance,2020,1,2020-08-01,28.2,CON,home,MIN,-9.0,0,5.5,1,3,0.333,0,1,0.0,0,0,,0,0,0,0,0,0,0,0,2,0.3
Theresa Plaisance,2020,2,2020-08-04,28.2,CON,home,SEA,-13.0,0,8.0,1,2,0.5,0,1,0.0,0,0,,0,0,0,0,0,1,0,2,2,0.9
Theresa Plaisance,2020,3,2020-08-06,28.2,CON,home,DAL,23.0,0,8.0,1,4,0.25,0,3,0.0,0,1,0.0,0,1,1,0,1,1,0,3,2,0.0
Theresa Plaisance,2020,4,2020-08-08,28.2,CON,home,CHI,-7.0,0,5.6,1,2,0.5,0,1,0.0,0,0,,0,0,0,0,0,0,0,2,2,0.2
Theresa Plaisance,2020,5,2020-08-16,28.2,CON,home,SEA,-23.0,0,5.6,1,2,0.5,1,1,1.0,0,0,,0,1,1,0,0,0,0,0,3,2.3
Theresa Plaisance,2020,6,2020-08-18,28.3,CON,home,IND,22.0,0,11.0,2,4,0.5,1,2,0.5,0,0,,0,2,2,0,2,1,0,1,5,5.9
Theresa Plaisance,2020,7,2020-08-20,28.3,CON,home,LVA,-21.0,0,11.2,0,1,0.0,0,1,0.0,2,2,1.0,0,1,1,0,1,0,1,1,2,1.2
Theresa Plaisance,2020,8,2020-08-22,28.3,CON,home,NYL,17.0,0,7.3,1,1,1.0,1,1,1.0,0,0,,0,0,0,0,0,0,0,5,3,0.7
Theresa Plaisance,2020,9,2020-08-28,28.3,CON,home,LAS,-4.0,0,1.7,0,1,0.0,0,1,0.0,0,0,,0,1,1,0,0,0,0,0,0,-0.4
Theresa Plaisance,2020,10,2020-09-01,28.3,CON,home,NYL,5.0,0,5.4,0,0,,0,0,,0,0,,0,1,1,0,1,0,1,2,0,-0.5
Theresa Plaisance,2020,11,2020-09-03,28.3,CON,home,LVA,-15.0,0,10.2,2,6,0.333,1,3,0.333,2,2,1.0,2,3,5,0,0,0,0,2,7,5.1
Theresa Plaisance,2020,12,2020-09-09,28.3,CON,home,PHO,-5.0,0,2.2,0,1,0.0,0,0,,0,0,,0,0,0,0,0,0,0,0,0,-0.7
Theresa Plaisance,2020,13,2020-09-11,28.3,CON,home,ATL,-7.0,0,8.7,1,2,0.5,1,2,0.5,1,1,1.0,0,1,1,1,0,0,0,2,4,3.2
Theresa Plaisance,2021,1,2021-05-15,29.0,WAS,home,CHI,-14.0,1,19.0,4,12,.333,1,8,.125,0,0,,0,7,7,1,2,2,1,4,9,5.8
Theresa Plaisance,2021,2,2021-05-18,29.0,WAS,home,PHO,-21.0,1,23.1,1,9,.111,0,3,.000,0,0,,2,4,6,1,0,2,1,4,2,-1.8
Theresa Plaisance,2021,3,2021-05-21,29.0,WAS,home,NYL,29.0,0,18.4,1,4,.250,1,2,.500,2,2,1.000,3,5,8,1,1,0,3,1,5,4.5
Theresa Plaisance,2021,4,2021-05-23,29.0,WAS,away,IND,-12.0,0,5.5,1,2,.500,0,0,,0,0,,1,0,1,0,1,0,0,3,2,1.5
Theresa Plaisance,2021,5,2021-05-25,29.0,WAS,away,IND,16.0,0,3.0,0,1,.000,0,1,.000,0,0,,0,0,0,0,0,0,0,1,0,-1.1
Theresa Plaisance,2021,6,2021-05-28,29.0,WAS,away,CON,-5.0,0,1.1,0,0,,0,0,,0,0,,0,0,0,0,0,0,0,1,0,-0.4
Theresa Plaisance,2021,7,2021-06-05,29.0,WAS,home,LVA,-3.0,0,3.5,0,2,.000,0,1,.000,0,0,,0,0,0,1,2,0,0,1,0,0.9
Theresa Plaisance,2021,8,2021-06-08,29.1,WAS,home,MIN,4.0,0,11.7,1,3,.333,0,0,,0,0,,0,2,2,1,1,0,0,0,2,2.6
Theresa Plaisance,2021,9,2021-06-10,29.1,WAS,home,LAS,18.0,0,14.3,3,7,.429,3,6,.500,2,2,1.000,1,5,6,1,1,4,1,1,11,12.6
Theresa Plaisance,2021,10,2021-06-13,29.1,WAS,away,ATL,-23.0,0,18.0,3,6,.500,2,4,.500,2,2,1.000,1,3,4,1,0,1,2,2,10,7.2
Theresa Plaisance,2021,11,2021-06-17,29.1,WAS,home,ATL,3.0,1,34.6,10,16,.625,5,8,.625,0,0,,1,5,6,3,1,0,1,5,25,20.1
Theresa Plaisance,2021,12,2021-06-19,29.1,WAS,home,IND,5.0,1,32.7,6,13,.462,3,9,.333,1,2,.500,3,9,12,4,1,0,2,1,16,15.1
Theresa Plaisance,2021,13,2021-06-22,29.1,WAS,away,SEA,4.0,1,35.6,4,15,.267,2,7,.286,0,0,,2,7,9,3,0,2,0,1,10,7.7
Theresa Plaisance,2021,14,2021-06-24,29.1,WAS,away,LAS,-7.0,1,31.1,3,12,.250,2,5,.400,3,3,1.000,0,8,8,3,0,1,4,2,11,4.2
Theresa Plaisance,2021,15,2021-06-26,29.1,WAS,away,DAL,-11.0,1,27.1,3,7,.429,1,4,.250,0,0,,0,3,3,1,0,1,2,3,7,2.4
Theresa Plaisance,2021,16,2021-06-29,29.1,WAS,home,CON,-19.0,1,32.3,3,13,.231,2,10,.200,2,2,1.000,0,7,7,2,3,2,1,3,10,7.8
Theresa Plaisance,2021,17,2021-07-03,29.1,WAS,away,NYL,-3.0,1,20.4,3,9,.333,1,4,.250,0,0,,0,4,4,4,1,0,0,2,7,6.1
Theresa Plaisance,2021,18,2021-07-10,29.1,WAS,away,CHI,4.0,1,33.6,4,12,.333,2,7,.286,0,0,,0,8,8,3,1,1,1,1,10,8.0
Theresa Plaisance,2021,19,2021-08-15,29.2,WAS,away,LVA,-1.0,0,20.2,3,7,.429,1,5,.200,0,0,,1,6,7,3,0,0,3,3,7,3.7
Theresa Plaisance,2021,20,2021-08-17,29.2,WAS,away,LVA,-10.0,0,10.5,1,2,.500,0,0,,0,0,,1,4,5,0,1,0,0,4,2,2.3
Theresa Plaisance,2021,21,2021-08-19,29.3,WAS,away,PHO,-13.0,0,13.7,0,3,.000,0,0,,1,2,.500,2,2,4,2,0,2,2,4,1,-0.3
Theresa Plaisance,2021,22,2021-08-22,29.3,WAS,home,SEA,-7.0,0,7.4,0,2,.000,0,0,,0,0,,0,0,0,0,0,0,2,3,0,-4.6
Theresa Plaisance,2021,23,2021-08-24,29.3,WAS,home,LAS,10.0,0,19.7,1,3,.333,0,1,.000,0,0,,1,2,3,0,2,1,1,3,2,2.1
Theresa Plaisance,2021,24,2021-08-26,29.3,WAS,home,DAL,-5.0,0,23.6,5,6,.833,3,4,.750,0,0,,0,5,5,1,2,0,4,4,13,9.4
Theresa Plaisance,2021,25,2021-08-28,29.3,WAS,home,DAL,1.0,1,20.1,4,9,.444,2,6,.333,1,2,.500,0,4,4,0,1,0,2,1,11,5.7
Theresa Plaisance,2021,26,2021-08-31,29.3,WAS,home,CON,-10.0,0,7.4,0,3,.000,0,2,.000,3,3,1.000,0,1,1,0,0,0,1,2,3,-0.6
Theresa Plaisance,2021,27,2021-09-04,29.3,WAS,away,MIN,-18.0,0,7.0,0,0,,0,0,,2,2,1.000,0,2,2,0,2,0,0,1,2,4.2
Theresa Plaisance,2021,28,2021-09-07,29.3,WAS,away,SEA,-34.0,0,9.9,2,8,.250,1,5,.200,1,1,1.000,0,0,0,0,0,0,0,3,6,0.0
Theresa Plaisance,2021,29,2021-09-10,29.3,WAS,home,ATL,8.0,0,25.0,5,9,.556,3,7,.429,1,2,.500,2,5,7,6,0,0,0,2,14,15.6
Theresa Plaisance,2021,30,2021-09-12,29.3,WAS,away,CHI,8.0,0,24.1,0,6,.000,0,6,.000,1,2,.500,0,6,6,0,1,1,3,1,1,-3.5
Theresa Plaisance,2021,31,2021-09-17,29.3,WAS,away,NYL,-11.0,0,5.2,0,1,.000,0,1,.000,0,0,,0,0,0,0,1,1,0,1,0,0.6
Theresa Plaisance,2022,1,2022-05-06,30.0,LVA,away,PHO,18.0,0,20.6,2,7,.286,2,3,.667,2,2,1.000,2,7,9,1,0,1,2,5,8,4.8
Theresa Plaisance,2022,2,2022-05-08,30.0,LVA,home,SEA,11.0,0,8.0,0,1,.000,0,1,.000,1,2,.500,0,2,2,0,0,3,1,2,1,0.8
Theresa Plaisance,2022,3,2022-05-10,30.0,LVA,away,WAS,-13.0,0,17.9,3,5,.600,3,4,.750,0,0,,1,1,2,0,0,1,0,4,9,6.8
Theresa Plaisance,2022,4,2022-05-13,30.0,LVA,away,ATL,23.0,0,15.6,2,5,.400,2,5,.400,0,0,,0,1,1,1,1,2,1,5,6,3.7
Theresa Plaisance,2022,5,2022-05-17,30.0,LVA,home,PHO,12.0,0,13.8,0,1,.000,0,0,,0,0,,0,1,1,0,0,0,0,0,0,-0.4
Theresa Plaisance,2022,6,2022-05-19,30.0,LVA,home,MIN,6.0,0,12.1,1,4,.250,1,4,.250,0,0,,1,1,2,0,0,0,0,0,3,1.6
Theresa Plaisance,2022,7,2022-05-21,30.0,LVA,home,PHO,20.0,0,19.5,4,8,.500,3,7,.429,0,0,,2,7,9,0,0,0,0,3,11,9.3
Theresa Plaisance,2022,8,2022-05-23,30.0,LVA,home,LAS,28.0,0,21.5,2,6,.333,2,6,.333,0,0,,0,5,5,3,0,2,0,3,6,6.4
Theresa Plaisance,2022,9,2022-05-28,30.0,LVA,away,CHI,7.0,0,13.8,0,3,.000,0,2,.000,0,0,,1,2,3,1,0,0,0,1,0,-0.5
Theresa Plaisance,2022,10,2022-05-31,30.0,LVA,home,CON,8.0,0,15.6,0,5,.000,0,5,.000,0,0,,0,3,3,1,1,0,0,2,0,-1.7
Theresa Plaisance,2022,11,2022-06-02,30.0,LVA,home,CON,-7.0,0,14.9,1,2,.500,1,2,.500,2,2,1.000,0,3,3,1,0,0,1,4,5,3.0
Theresa Plaisance,2022,12,2022-06-05,30.0,LVA,home,DAL,6.0,1,31.9,2,8,.250,1,7,.143,0,0,,2,2,4,1,1,1,0,1,5,4.2
Theresa Plaisance,2022,13,2022-06-11,30.1,LVA,away,LAS,17.0,1,27.9,2,3,.667,2,3,.667,1,2,.500,0,3,3,1,1,1,0,2,7,7.8
Theresa Plaisance,2022,14,2022-06-15,30.1,LVA,away,DAL,8.0,0,12.5,0,2,.000,0,2,.000,0,0,,0,2,2,0,0,1,1,1,0,-1.5
Theresa Plaisance,2022,15,2022-06-19,30.1,LVA,home,MIN,1.0,0,10.7,1,3,.333,1,3,.333,0,0,,1,2,3,1,1,0,0,0,3,4.3
Theresa Plaisance,2022,16,2022-06-21,30.1,LVA,home,CHI,-9.0,0,13.1,3,4,.750,3,4,.750,1,2,.500,1,6,7,0,1,0,1,0,10,10.5
Theresa Plaisance,2022,17,2022-06-25,30.1,LVA,home,WAS,-1.0,0,12.4,2,4,.500,1,3,.333,0,0,,1,1,2,0,0,1,0,1,5,4.3
Theresa Plaisance,2022,18,2022-06-27,30.1,LVA,away,LAS,6.0,0,13.3,2,4,.500,1,3,.333,0,0,,0,3,3,0,0,0,1,1,5,2.5
Theresa Plaisance,2022,19,2022-06-29,30.1,LVA,away,SEA,-10.0,0,3.9,0,1,.000,0,0,,0,0,,0,0,0,1,0,0,1,0,0,-1.0
Theresa Plaisance,2022,20,2022-07-01,30.1,LVA,away,MIN,6.0,0,4.9,0,0,,0,0,,0,0,,0,1,1,2,0,0,2,1,0,-0.7
Theresa Plaisance,2022,21,2022-07-03,30.1,LVA,away,MIN,-31.0,0,10.0,3,6,.500,2,5,.400,0,0,,0,3,3,0,0,0,1,0,8,4.9
Theresa Plaisance,2022,22,2022-07-12,30.2,LVA,away,NYL,6.0,0,3.3,0,2,.000,0,1,.000,0,0,,0,1,1,0,0,0,0,0,0,-1.1
Theresa Plaisance,2022,23,2022-07-14,30.2,LVA,away,NYL,34.0,0,19.3,2,3,.667,1,2,.500,0,0,,0,3,3,0,0,0,1,3,5,2.4
Theresa Plaisance,2022,24,2022-07-19,30.2,LVA,home,ATL,-16.0,0,10.8,0,3,.000,0,3,.000,0,0,,0,0,0,0,1,0,0,0,0,-1.1
Theresa Plaisance,2022,25,2022-07-21,30.2,LVA,home,IND,13.0,0,10.1,2,6,.333,2,4,.500,0,0,,1,1,2,0,0,0,2,0,6,1.6
Theresa Plaisance,2022,26,2022-07-23,30.2,LVA,home,LAS,18.0,0,2.9,0,1,.000,0,0,,0,0,,0,0,0,0,0,0,0,0,0,-0.7
Theresa Plaisance,2022,27,2022-07-29,30.2,LVA,away,IND,21.0,0,17.9,2,4,.500,1,3,.333,0,0,,2,1,3,0,0,0,4,0,5,0.7
Theresa Plaisance,2022,28,2022-07-31,30.2,LVA,away,IND,25.0,0,14.7,6,10,.600,1,2,.500,0,0,,1,1,2,1,1,0,1,2,13,9.3
Theresa Plaisance,2022,29,2022-08-02,30.2,LVA,away,WAS,-10.0,0,4.6,1,2,.500,1,2,.500,0,0,,0,0,0,0,0,0,0,0,3,2.0
Theresa Plaisance,2022,30,2022-08-04,30.2,LVA,away,DAL,-2.0,0,2.8,0,3,.000,0,3,.000,0,0,,0,1,1,0,0,0,0,0,0,-1.8
Theresa Plaisance,2022,31,2022-08-11,30.2,LVA,home,CHI,11.0,0,0.4,0,0,,0,0,,0,0,,0,0,0,0,0,0,0,0,0,0.0
Kayla Alexander,2020,1,2020-07-26,29.6,MIN,home,CON,8.0,0,4.1,1,2,0.5,0,0,,0,0,,0,0,0,0,0,0,0,2,2,0.2
Kayla Alexander,2020,2,2020-07-28,29.6,MIN,home,SEA,-24.0,0,10.1,0,2,0.0,0,0,,0,0,,0,1,1,0,0,0,0,0,0,-1.1
Kayla Alexander,2020,3,2020-07-30,29.6,MIN,home,CHI,2.0,0,1.4,0,0,,0,0,,0,0,,0,0,0,0,0,0,1,2,0,-1.8
Kayla Alexander,2020,4,2020-08-01,29.6,MIN,home,CON,9.0,0,0.5,0,0,,0,0,,0,0,,0,0,0,0,0,0,0,0,0,0.0
Kayla Alexander,2020,5,2020-08-05,29.6,MIN,home,NYL,26.0,0,7.4,1,1,1.0,0,0,,0,0,,2,1,3,1,0,1,1,0,2,3.8
Kayla Alexander,2020,6,2020-08-07,29.6,MIN,home,IND,7.0,0,0.2,0,0,,0,0,,0,0,,0,0,0,0,0,0,0,0,0,0.0
Kayla Alexander,2020,7,2020-08-11,29.6,MIN,home,WAS,20.0,0,9.4,1,1,1.0,0,0,,0,1,0.0,1,1,2,0,0,0,1,1,2,0.9
Kayla Alexander,2020,8,2020-08-13,29.6,MIN,home,LVA,-10.0,0,11.8,5,8,0.625,0,0,,1,2,0.5,1,1,2,0,1,2,0,3,11,9.2
Kayla Alexander,2020,9,2020-08-15,29.6,MIN,home,NYL,30.0,0,9.8,2,3,0.667,0,0,,0,0,,1,1,2,1,0,0,2,2,4,1.6
Kayla Alexander,2020,10,2020-08-19,29.6,MIN,home,DAL,7.0,0,9.9,3,4,0.75,0,0,,2,3,0.667,1,1,2,0,0,0,0,1,8,6.6
Kayla Alexander,2020,11,2020-08-21,29.6,MIN,home,PHO,10.0,0,7.0,1,1,1.0,0,0,,2,2,1.0,0,0,0,0,0,0,0,0,4,3.7
Kayla Alexander,2020,12,2020-08-23,29.6,MIN,home,ATL,-3.0,0,10.0,1,4,0.25,0,0,,0,0,,2,0,2,1,0,0,0,0,2,1.7
Kayla Alexander,2020,13,2020-08-28,29.6,MIN,home,ATL,9.0,0,0.3,0,0,,0,0,,0,0,,0,0,0,0,0,0,0,0,0,0.0
Kayla Alexander,2020,14,2020-08-30,29.7,MIN,home,PHO,-4.0,0,2.3,0,2,0.0,0,0,,0,0,,1,0,1,0,0,0,0,0,0,-0.7
Kayla Alexander,2020,15,2020-09-06,29.7,MIN,home,SEA,-15.0,0,3.0,0,1,0.0,0,0,,0,0,,0,0,0,0,1,0,1,1,0,-1.1
Kayla Alexander,2020,16,2020-09-12,29.7,MIN,home,IND,12.0,0,2.0,1,1,1.0,0,0,,0,0,,0,0,0,0,0,0,0,2,2,0.9
Queen Egbo,2022,1,2022-05-06,21.9,IND,away,WAS,-14.0,1,20.1,5,9,.556,0,0,,0,0,,1,5,6,2,0,0,2,3,10,6.1
Queen Egbo,2022,2,2022-05-08,21.9,IND,home,LAS,-10.0,1,14.2,1,3,.333,0,0,,3,4,.750,1,3,4,2,0,2,2,4,5,3.7
Queen Egbo,2022,3,2022-05-10,21.9,IND,home,MIN,6.0,0,23.1,2,4,.500,0,0,,0,0,,1,7,8,0,5,3,1,4,4,9.3
Queen Egbo,2022,4,2022-05-13,21.9,IND,away,NYL,6.0,1,31.6,4,8,.500,0,0,,0,0,,3,11,14,4,0,2,3,4,8,9.0
Queen Egbo,2022,5,2022-05-15,21.9,IND,home,ATL,-6.0,1,32.3,2,4,.500,0,0,,0,2,.000,2,7,9,1,2,2,5,5,4,1.8
Queen Egbo,2022,6,2022-05-17,21.9,IND,home,ATL,-22.0,1,22.5,5,7,.714,0,0,,2,3,.667,3,2,5,1,0,1,2,1,12,10.4
Queen Egbo,2022,7,2022-05-20,21.9,IND,away,CON,-9.0,1,20.9,2,4,.500,0,0,,0,0,,0,7,7,0,2,1,4,6,4,0.4
Queen Egbo,2022,8,2022-05-22,21.9,IND,home,CON,-22.0,1,23.0,3,9,.333,0,0,,3,4,.750,4,4,8,2,2,0,1,3,9,8.7
Queen Egbo,2022,9,2022-05-24,21.9,IND,away,CHI,-5.0,1,31.6,4,8,.500,0,0,,2,3,.667,3,5,8,2,0,2,5,4,10,5.4
Queen Egbo,2022,10,2022-05-27,21.9,IND,home,LAS,5.0,1,20.4,1,7,.143,0,0,,4,5,.800,1,1,2,0,3,0,1,4,6,2.5
Queen Egbo,2022,11,2022-05-31,21.9,IND,home,WAS,-12.0,1,23.9,1,7,.143,0,0,,0,0,,1,9,10,1,0,2,0,0,2,3.0
Queen Egbo,2022,12,2022-06-01,21.9,IND,away,NYL,-13.0,1,25.6,3,11,.273,0,0,,4,4,1.000,2,4,6,0,1,3,0,2,10,8.4
Queen Egbo,2022,13,2022-06-05,21.9,IND,away,ATL,-9.0,1,27.2,2,6,.333,0,0,,2,5,.400,0,8,8,1,1,2,2,3,6,3.7
Queen Egbo,2022,14,2022-06-08,21.9,IND,away,CON,-19.0,1,23.5,4,7,.571,0,0,,2,2,1.000,1,3,4,1,1,0,2,5,10,6.0
Queen Egbo,2022,15,2022-06-10,21.9,IND,home,NYL,-14.0,1,18.7,2,8,.250,0,0,,0,0,,2,3,5,1,0,0,1,1,4,0.8
Queen Egbo,2022,16,2022-06-12,22.0,IND,away,MIN,4.0,1,28.1,4,6,.667,0,0,,0,1,.000,1,2,3,1,0,3,5,3,8,2.9
Queen Egbo,2022,17,2022-06-15,22.0,IND,home,PHO,-13.0,1,29.0,6,13,.462,0,0,,0,0,,2,4,6,2,1,2,1,2,12,9.9
Queen Egbo,2022,18,2022-06-19,22.0,IND,home,CHI,2.0,1,11.3,2,4,.500,0,0,,2,4,.500,1,1,2,0,0,1,4,2,6,0.1
Queen Egbo,2022,19,2022-06-23,22.0,IND,away,DAL,-26.0,1,28.3,5,8,.625,0,0,,2,3,.667,6,6,12,1,1,1,0,2,12,15.6
Queen Egbo,2022,20,2022-06-27,22.0,IND,away,PHO,-12.0,1,19.3,1,5,.200,0,0,,1,2,.500,2,4,6,0,0,1,4,4,3,-2.8
Queen Egbo,2022,21,2022-06-29,22.0,IND,away,PHO,-21.0,1,16.8,4,5,.800,0,0,,1,2,.500,2,5,7,0,1,1,0,2,9,10.5
Queen Egbo,2022,22,2022-07-01,22.0,IND,away,SEA,-16.0,1,27.1,5,8,.625,0,0,,4,6,.667,4,8,12,1,1,2,1,2,14,16.1
Queen Egbo,2022,23,2022-07-13,22.0,IND,home,CON,-8.0,1,23.4,4,8,.500,0,0,,2,4,.500,1,3,4,2,1,0,2,3,10,6.0
Queen Egbo,2022,24,2022-07-15,22.0,IND,home,MIN,-10.0,1,16.7,0,4,.000,0,0,,1,2,.500,2,3,5,0,2,0,0,3,1,0.9
Queen Egbo,2022,25,2022-07-17,22.0,IND,away,SEA,-16.0,1,16.2,6,10,.600,0,0,,1,2,.500,0,6,6,0,2,0,3,5,13,6.8
Queen Egbo,2022,26,2022-07-19,22.1,IND,away,LAS,-7.0,1,21.0,1,9,.111,0,0,,0,0,,3,6,9,1,0,1,2,1,2,-1.0
Queen Egbo,2022,27,2022-07-21,22.1,IND,away,LVA,-13.0,1,19.7,3,6,.500,0,0,,1,2,.500,3,5,8,1,1,3,3,1,7,7.6
Queen Egbo,2022,28,2022-07-24,22.1,IND,home,DAL,-10.0,1,20.9,5,8,.625,0,0,,4,7,.571,3,2,5,1,1,1,1,5,14,11.3
Queen Egbo,2022,29,2022-07-29,22.1,IND,home,LVA,-21.0,1,23.6,6,8,.750,0,0,,1,1,1.000,2,4,6,0,1,0,3,3,13,9.2
Queen Egbo,2022,30,2022-07-31,22.1,IND,home,LVA,-25.0,1,13.0,0,4,.000,0,0,,2,2,1.000,1,2,3,0,0,1,0,2,2,0.4
Queen Egbo,2022,31,2022-08-03,22.1,IND,away,ATL,-10.0,1,18.6,0,3,.000,0,0,,1,2,.500,2,2,4,3,0,1,1,0,1,2.3
Queen Egbo,2022,32,2022-08-06,22.1,IND,away,DAL,-4.0,1,14.9,1,2,.500,0,0,,4,4,1.000,1,2,3,0,1,1,2,5,6,4.0
Queen Egbo,2022,33,2022-08-14,22.1,IND,away,WAS,-12.0,0,13.0,1,2,.500,0,0,,0,0,,0,4,4,0,0,1,1,4,2,0.3
Queen Egbo,2023,1,2023-05-19,22.9,IND,home,CON,-9.0,0,14.9,1,5,.200,0,0,,1,2,.500,2,4,6,0,0,3,2,3,3,1.0
Queen Egbo,2023,2,2023-05-21,22.9,IND,away,NYL,-17.0,0,10.6,1,5,.200,0,0,,2,2,1.000,1,1,2,0,0,0,1,1,4,0.5
Queen Egbo,2023,3,2023-05-28,22.9,IND,away,ATL,3.0,0,14.4,4,6,.667,0,0,,2,4,.500,5,4,9,1,1,2,0,4,10,12.8
Queen Egbo,2023,4,2023-05-30,22.9,IND,away,CON,-3.0,0,11.2,0,0,,0,0,,0,0,,0,4,4,0,0,3,1,2,0,1.5
Queen Egbo,2023,5,2023-06-04,22.9,IND,home,LVA,-4.0,0,17.4,4,8,.500,0,0,,1,1,1.000,1,9,10,0,0,0,0,3,9,7.2
Queen Egbo,2023,6,2023-06-06,22.9,IND,away,CHI,-5.0,0,5.8,2,2,1.000,0,0,,0,0,,1,2,3,0,0,0,0,2,4,3.9
Queen Egbo,2023,7,2023-06-09,22.9,IND,away,MIN,2.0,0,4.1,0,1,.000,0,0,,0,0,,0,0,0,0,0,0,1,3,0,-2.9
Queen Egbo,2023,8,2023-06-11,23.0,IND,home,PHO,-3.0,0,17.2,2,3,.667,0,0,,1,2,.500,0,3,3,0,0,0,0,5,5,2.2
Queen Egbo,2023,9,2023-06-13,23.0,IND,home,WAS,21.0,0,9.8,3,7,.429,0,0,,0,0,,4,6,10,0,0,0,1,0,6,5.9
Queen Egbo,2023,10,2023-06-15,23.0,IND,away,CHI,2.0,0,2.9,0,1,.000,0,0,,0,0,,0,0,0,0,0,0,0,2,0,-1.5
Queen Egbo,2023,11,2023-06-18,23.0,IND,home,ATL,-6.0,0,9.3,0,2,.000,0,0,,3,4,.750,0,5,5,1,0,0,2,1,3,1.0
Queen Egbo,2023,12,2023-06-22,23.0,IND,away,SEA,12.0,0,4.9,0,0,,0,0,,0,0,,0,4,4,0,0,0,1,1,0,-0.2
Queen Egbo,2023,13,2023-06-24,23.0,IND,away,LVA,-13.0,0,8.3,1,1,1.000,0,0,,1,2,.500,0,4,4,0,0,0,1,2,3,1.7
Queen Egbo,2023,14,2023-06-26,23.0,IND,away,LVA,-8.0,0,2.9,0,1,.000,0,0,,0,0,,0,0,0,0,0,0,0,1,0,-1.1
Queen Egbo,2023,15,2023-06-29,23.0,IND,away,PHO,-22.0,0,6.1,0,3,.000,0,0,,0,0,,2,1,3,0,1,0,0,1,0,0.2
Queen Egbo,2023,16,2023-07-02,23.0,IND,home,CHI,-2.0,0,3.0,0,0,,0,0,,0,0,,0,2,2,0,0,0,1,0,0,-0.4
Queen Egbo,2023,17,2023-07-07,23.0,WAS,home,IND,8.0,0,15.0,1,1,1.000,0,0,,1,2,.500,1,1,2,2,0,0,2,4,3,1.1
Queen Egbo,2023,18,2023-07-09,23.0,WAS,away,CON,-8.0,0,15.6,3,6,.500,0,0,,2,3,.667,3,4,7,1,0,1,1,2,8,7.5
Queen Egbo,2023,19,2023-07-11,23.0,WAS,home,SEA,7.0,0,24.3,3,6,.500,0,0,,0,2,.000,2,6,8,0,0,2,1,0,6,5.8
Queen Egbo,2023,20,2023-07-19,23.1,WAS,home,IND,-6.0,0,19.8,5,5,1.000,0,0,,0,0,,1,4,5,1,1,3,4,4,10,8.6
Queen Egbo,2023,21,2023-07-21,23.1,WAS,home,NYL,-9.0,0,15.1,1,6,.167,0,0,,0,0,,2,0,2,1,0,2,2,4,2,-1.9
Queen Egbo,2023,22,2023-07-23,23.1,WAS,home,PHO,15.0,0,23.2,3,6,.500,0,0,,0,0,,2,5,7,0,1,1,1,3,6,5.4
Queen Egbo,2023,23,2023-07-26,23.1,WAS,away,MIN,-5.0,0,16.1,4,4,1.000,0,0,,1,1,1.000,2,5,7,0,0,1,1,2,9,9.6
Queen Egbo,2023,24,2023-07-28,23.1,WAS,away,DAL,-28.0,0,0.3,0,0,,0,0,,0,0,,0,0,0,0,0,0,0,0,0,0.0
Queen Egbo,2023,25,2023-07-30,23.1,WAS,away,ATL,-7.0,0,19.1,2,5,.400,0,0,,1,2,.500,1,3,4,1,1,0,1,5,5,2.2
Queen Egbo,2023,26,2023-08-04,23.1,WAS,home,LAS,2.0,0,20.9,7,9,.778,0,0,,1,1,1.000,1,8,9,0,2,0,0,3,15,15.4
Queen Egbo,2023,27,2023-08-06,23.1,WAS,home,LAS,-8.0,0,18.4,3,7,.429,0,0,,2,3,.667,1,3,4,0,1,1,1,5,8,4.2
Queen Egbo,2023,28,2023-08-08,23.1,WAS,away,PHO,-19.0,0,11.5,1,8,.125,0,0,,4,4,1.000,2,4,6,0,1,1,1,1,6,3.7
Queen Egbo,2023,29,2023-08-11,23.1,WAS,away,LVA,-24.0,0,18.5,5,8,.625,0,0,,0,2,.000,2,1,3,1,1,1,2,3,10,6.5
Queen Egbo,2023,30,2023-08-13,23.1,WAS,home,CHI,7.0,0,17.0,7,7,1.000,0,0,,2,4,.500,0,3,3,1,2,1,2,2,16,14.6
Queen Egbo,2023,31,2023-08-18,23.1,WAS,away,IND,4.0,0,13.6,0,1,.000,0,0,,2,2,1.000,0,1,1,1,0,0,2,5,2,-1.7
Queen Egbo,2023,32,2023-08-20,23.1,WAS,home,DAL,-13.0,0,20.6,3,6,.500,0,0,,1,2,.500,2,5,7,0,1,1,1,2,7,6.4
Queen Egbo,2023,33,2023-08-22,23.1,WAS,home,CON,-4.0,0,19.2,3,4,.750,0,0,,0,0,,1,7,8,0,1,1,1,1,6,7.5
Queen Egbo,2023,34,2023-09-03,23.2,WAS,away,LAS,-8.0,0,4.3,1,1,1.000,0,0,,0,0,,0,1,1,0,0,0,0,0,2,2.0
Queen Egbo,2023,35,2023-09-05,23.2,WAS,away,PHO,23.0,0,12.9,1,5,.200,0,0,,2,2,1.000,0,4,4,0,1,0,0,4,4,1.5
Queen Egbo,2023,36,2023-09-08,23.2,WAS,home,ATL,-5.0,0,13.4,0,2,.000,0,0,,0,0,,0,3,3,0,0,0,0,3,0,-1.7
Queen Egbo,2023,37,2023-09-10,23.2,WAS,away,NYL,2.0,0,13.5,3,6,.500,0,0,,0,0,,1,1,2,0,0,0,1,2,6,2.2
Yvonne Turner,2022,1,2022-05-06,34.6,MIN,away,SEA,-23.0,1,30.2,2,7,0.286,1,2,0.5,2,2,1.0,0,2,2,4,0,0,3,4,7,1.7
Yvonne Turner,2022,2,2022-05-08,34.6,MIN,home,WAS,-12.0,0,19.4,3,6,0.5,2,4,0.5,3,3,1.0,0,3,3,3,1,0,3,1,11,8.6
Yvonne Turner,2022,3,2022-05-10,34.6,MIN,away,IND,-6.0,1,33.9,3,12,0.25,0,1,0.0,0,0,,2,2,4,3,1,0,6,3,6,-3.3
Yvonne Turner,2022,4,2022-05-14,34.6,MIN,home,CHI,-4.0,0,4.5,0,1,0.0,0,0,,1,2,0.5,0,1,1,0,0,0,0,2,1,-0.6
Yvonne Turner,2022,5,2022-06-24,34.7,ATL,home,NYL,-12.0,0,6.0,0,0,,0,0,,0,0,,1,0,1,0,0,0,1,0,0,-0.3
Yvonne Turner,2022,6,2022-06-26,34.7,ATL,home,CON,-11.0,0,10.1,0,1,0.0,0,0,,1,2,0.5,0,1,1,1,1,0,0,0,1,1.9
Yvonne Turner,2022,7,2022-08-10,34.8,PHO,home,MIN,-9.0,0,9.7,1,5,0.2,0,0,,2,2,1.0,0,0,0,2,0,0,0,1,4,1.9
Yvonne Turner,2022,8,2022-08-12,34.8,PHO,home,DAL,12.0,0,6.2,0,1,0.0,0,0,,0,0,,0,1,1,1,0,0,0,1,0,-0.1
Yvonne Turner,2022,9,2022-08-14,34.8,PHO,home,CHI,-15.0,0,18.9,3,4,0.75,0,0,,0,0,,0,1,1,4,0,0,0,0,6,7.5
Yvonne Turner,2023,1,2023-05-20,35.6,SEA,home,LVA,-41.0,1,17.3,2,4,.500,0,1,.000,0,0,,0,4,4,0,1,0,2,2,4,1.4
Yvonne Turner,2023,2,2023-05-26,35.6,SEA,home,DAL,-4.0,1,18.4,2,3,.667,0,0,,1,1,1.000,0,2,2,2,1,1,1,2,5,5.6
Yvonne Turner,2023,3,2023-05-30,35.6,SEA,home,NYL,-8.0,1,11.6,2,3,.667,0,0,,2,2,1.000,0,1,1,1,0,0,0,1,6,5.3
Yvonne Turner,2023,4,2023-06-03,35.6,SEA,away,LAS,-7.0,1,14.6,2,2,1.000,1,1,1.000,0,0,,0,3,3,3,0,1,1,1,5,6.7
Yvonne Turner,2023,5,2023-06-06,35.6,SEA,home,LAS,3.0,1,25.8,3,8,.375,0,0,,0,0,,0,3,3,1,1,0,1,1,6,2.8
Yvonne Turner,2023,6,2023-06-09,35.7,SEA,home,WAS,-7.0,1,16.5,0,2,.000,0,0,,2,2,1.000,0,1,1,3,0,0,2,0,2,1.0
Yvonne Turner,2023,7,2023-06-11,35.7,SEA,home,WAS,-6.0,1,8.0,0,0,,0,0,,0,0,,0,1,1,0,0,0,0,0,0,0.3
Yvonne Turner,2023,8,2023-06-13,35.7,SEA,away,PHO,14.0,0,2.5,0,0,,0,0,,0,0,,0,0,0,0,0,0,0,0,0,0.0
Yvonne Turner,2023,9,2023-06-15,35.7,SEA,away,LVA,-33.0,0,3.1,0,0,,0,0,,0,0,,0,0,0,0,0,0,1,1,0,-1.4
Yvonne Turner,2023,10,2023-06-24,35.7,SEA,home,PHO,23.0,0,22.1,2,4,.500,0,1,.000,2,3,.667,1,0,1,3,2,0,0,1,6,8.0
Yvonne Turner,2023,11,2023-06-27,35.7,SEA,away,MIN,-11.0,0,4.7,0,1,.000,0,0,,0,2,.000,0,0,0,0,0,0,0,0,0,-1.5
Yvonne Turner,2023,12,2023-07-06,35.7,SEA,away,CON,-20.0,0,5.5,0,3,.000,0,0,,0,0,,0,0,0,0,1,0,0,0,0,-1.1
Yvonne Turner,2023,13,2023-07-12,35.7,SEA,away,ATL,-10.0,0,4.6,0,0,,0,0,,0,0,,0,2,2,0,0,0,1,1,0,-0.8
Yvonne Turner,2023,14,2023-07-30,35.8,SEA,away,IND,23.0,0,2.2,0,0,,0,0,,0,0,,0,0,0,1,0,0,0,0,0,0.7
Yvonne Turner,2023,15,2023-08-08,35.8,SEA,home,CON,-12.0,0,3.9,1,1,1.000,0,0,,1,1,1.000,0,1,1,0,0,0,0,0,3,3.0
Yvonne Turner,2023,16,2023-08-20,35.9,SEA,away,MIN,14.0,0,2.5,1,1,1.000,0,0,,0,0,,0,0,0,0,0,0,0,0,2,1.7
Yvonne Turner,2023,17,2023-08-22,35.9,SEA,away,CHI,-23.0,0,5.6,1,3,.333,0,0,,2,2,1.000,0,1,1,0,2,0,1,1,4,3.2
Yvonne Turner,2023,18,2023-08-27,35.9,SEA,home,CHI,-5.0,0,9.1,0,1,.000,0,0,,4,4,1.000,0,0,0,2,0,0,2,1,4,2.3
Yvonne Turner,2023,19,2023-09-02,35.9,SEA,away,LVA,-26.0,0,4.4,3,3,1.000,0,0,,0,1,.000,1,0,1,0,0,0,1,1,6,4.0
Yvonne Turner,2023,20,2023-09-08,35.9,SEA,away,DAL,-15.0,0,3.2,0,0,,0,0,,0,0,,0,0,0,0,0,0,1,0,0,-1.0
Yvonne Turner,2023,21,2023-09-10,35.9,SEA,home,LAS,-2.0,0,7.3,0,2,.000,0,0,,0,0,,0,2,2,2,0,0,0,1,0,0.2
Marie Gulich,2020,1,2020-08-05,26.2,LAS,home,IND,11.0,0,17.3,2,5,0.4,0,1,0.0,2,2,1.0,1,2,3,0,1,1,0,3,6,5.1
Marie Gulich,2020,2,2020-08-07,26.2,LAS,home,LVA,-4.0,1,24.0,3,7,0.429,0,0,,1,1,1.0,2,3,5,2,1,1,1,3,7,6.5
Marie Gulich,2020,3,2020-08-09,26.2,LAS,home,MIN,16.0,0,19.4,3,4,0.75,0,0,,0,0,,0,3,3,1,0,0,2,3,6,2.8
Marie Gulich,2020,4,2020-08-11,26.2,LAS,home,NYL,15.0,0,12.1,1,1,1.0,0,0,,0,0,,0,1,1,2,1,1,0,4,2,3.5
Marie Gulich,2020,5,2020-08-13,26.2,LAS,home,WAS,17.0,0,8.0,1,1,1.0,0,0,,0,0,,0,0,0,1,0,0,0,1,2,2.0
Marie Gulich,2020,6,2020-08-15,26.2,LAS,home,IND,14.0,0,7.9,0,2,0.0,0,1,0.0,0,0,,1,1,2,0,0,0,0,3,0,-1.6
Marie Gulich,2020,7,2020-08-21,26.2,LAS,home,ATL,8.0,0,4.8,0,1,0.0,0,1,0.0,0,0,,0,1,1,0,0,0,0,2,0,-1.2
Marie Gulich,2020,8,2020-08-31,26.3,LAS,home,MIN,-18.0,0,3.8,0,0,,0,0,,0,0,,0,2,2,0,0,0,0,0,0,0.6
Marie Gulich,2020,9,2020-09-02,26.3,LAS,home,DAL,8.0,0,3.5,0,0,,0,0,,0,0,,0,0,0,0,0,0,0,1,0,-0.4
Marie Gulich,2020,10,2020-09-04,26.3,LAS,home,SEA,-1.0,0,11.0,2,4,0.5,0,0,,0,0,,1,0,1,0,0,0,1,0,4,1.7
Marie Gulich,2020,11,2020-09-08,26.3,LAS,home,NYL,26.0,0,6.8,1,1,1.0,0,0,,0,0,,0,0,0,1,1,0,1,3,2,1.2
Marie Gulich,2020,12,2020-09-12,26.3,LAS,home,LVA,-14.0,0,0.3,0,0,,0,0,,0,0,,0,0,0,0,0,0,0,0,0,0.0
Emily Engstler,2022,1,2022-05-06,22.0,IND,away,WAS,-14.0,0,16.6,2,5,.400,0,1,.000,0,0,,2,7,9,1,2,2,4,4,4,3.3
Emily Engstler,2022,2,2022-05-08,22.0,IND,home,LAS,-10.0,0,18.4,4,9,.444,1,2,.500,0,0,,3,3,6,2,1,1,0,2,9,9.6
Emily Engstler,2022,3,2022-05-10,22.0,IND,home,MIN,6.0,0,12.3,0,4,.000,0,2,.000,0,0,,2,5,7,1,0,2,2,3,0,-1.0
Emily Engstler,2022,4,2022-05-13,22.0,IND,away,NYL,6.0,0,15.3,2,5,.400,0,1,.000,1,1,1.000,0,4,4,0,1,2,3,4,5,1.3
Emily Engstler,2022,5,2022-05-15,22.0,IND,home,ATL,-6.0,0,8.2,3,6,.500,0,0,,0,0,,1,1,2,0,0,0,1,2,6,2.2
Emily Engstler,2022,6,2022-05-17,22.0,IND,home,ATL,-22.0,1,21.1,3,10,.300,1,4,.250,0,0,,3,7,10,3,0,1,2,5,7,4.2
Emily Engstler,2022,7,2022-05-20,22.1,IND,away,CON,-9.0,1,29.1,4,12,.333,0,3,.000,0,0,,1,5,6,1,1,0,2,6,8,0.7
Emily Engstler,2022,8,2022-05-22,22.1,IND,home,CON,-22.0,1,19.2,5,10,.500,0,2,.000,1,2,.500,4,3,7,1,0,0,1,3,11,7.8
Emily Engstler,2022,9,2022-05-24,22.1,IND,away,CHI,-5.0,1,34.6,5,11,.455,1,2,.500,0,2,.000,7,6,13,4,0,2,2,4,11,11.8
Emily Engstler,2022,10,2022-05-27,22.1,IND,home,LAS,5.0,0,26.6,6,11,.545,1,1,1.000,0,0,,7,2,9,0,1,4,2,4,13,13.4
Emily Engstler,2022,11,2022-05-31,22.1,IND,home,WAS,-12.0,0,24.1,3,6,.500,0,2,.000,0,2,.000,4,2,6,3,2,2,2,3,6,7.9
Emily Engstler,2022,12,2022-06-01,22.1,IND,away,NYL,-13.0,0,21.7,1,8,.125,0,3,.000,0,0,,2,3,5,1,0,1,0,5,2,-1.5
Emily Engstler,2022,13,2022-06-05,22.1,IND,away,ATL,-9.0,0,21.4,2,8,.250,1,2,.500,1,2,.500,2,5,7,3,3,0,0,1,6,8.4
Emily Engstler,2022,14,2022-06-08,22.1,IND,away,CON,-19.0,0,22.6,1,2,.500,0,0,,0,0,,2,0,2,3,2,1,3,5,2,2.2
Emily Engstler,2022,15,2022-06-10,22.1,IND,home,NYL,-14.0,0,17.7,3,7,.429,0,1,.000,0,0,,3,4,7,1,0,0,0,0,6,6.3
Emily Engstler,2022,16,2022-06-12,22.1,IND,away,MIN,4.0,0,9.9,0,5,.000,0,2,.000,0,0,,2,1,3,2,0,2,0,3,0,-0.2
Emily Engstler,2022,17,2022-06-15,22.1,IND,home,PHO,-13.0,0,14.6,2,4,.500,1,1,1.000,0,0,,1,1,2,0,1,2,0,2,5,5.6
Emily Engstler,2022,18,2022-06-19,22.1,IND,home,CHI,2.0,0,19.4,2,5,.400,0,1,.000,1,2,.500,3,6,9,0,0,3,1,2,5,6.1
Emily Engstler,2022,19,2022-06-23,22.1,IND,away,DAL,-26.0,0,19.6,0,2,.000,0,0,,0,0,,2,2,4,1,0,1,1,4,0,-0.6
Emily Engstler,2022,20,2022-06-27,22.2,IND,away,PHO,-12.0,0,16.0,0,4,.000,0,0,,0,0,,2,4,6,0,0,1,1,4,0,-2.1
Emily Engstler,2022,21,2022-06-29,22.2,IND,away,PHO,-21.0,0,20.8,1,3,.333,0,0,,5,5,1.000,6,2,8,3,1,2,0,3,7,13.4
Emily Engstler,2022,22,2022-07-01,22.2,IND,away,SEA,-16.0,0,14.1,1,2,.500,1,1,1.000,0,0,,0,3,3,1,2,0,0,2,3,4.8
Emily Engstler,2022,23,2022-07-05,22.2,IND,home,SEA,-22.0,1,20.9,2,7,.286,1,1,1.000,0,0,,3,2,5,0,2,1,1,3,5,4.1
Emily Engstler,2022,24,2022-07-07,22.2,IND,home,CHI,-9.0,1,22.4,4,8,.500,0,1,.000,0,3,.000,4,3,7,3,1,0,0,6,8,7.2
Emily Engstler,2022,25,2022-07-13,22.2,IND,home,CON,-8.0,0,13.1,0,0,,0,0,,2,2,1.000,0,1,1,4,2,0,1,3,2,4.9
Emily Engstler,2022,26,2022-07-15,22.2,IND,home,MIN,-10.0,0,15.3,3,3,1.000,2,2,1.000,0,0,,0,3,3,4,0,1,1,5,8,8.5
Emily Engstler,2022,27,2022-07-17,22.2,IND,away,SEA,-16.0,0,15.8,1,3,.333,1,3,.333,0,0,,1,3,4,1,0,2,3,2,3,1.2
Emily Engstler,2022,28,2022-07-19,22.2,IND,away,LAS,-7.0,0,5.7,0,0,,0,0,,0,0,,0,1,1,0,0,0,1,3,0,-1.9
Emily Engstler,2022,29,2022-07-21,22.2,IND,away,LVA,-13.0,0,15.2,0,4,.000,0,1,.000,0,0,,2,2,4,0,0,0,2,2,0,-3.6
Emily Engstler,2022,30,2022-07-24,22.2,IND,home,DAL,-10.0,0,6.0,0,0,,0,0,,0,2,.000,0,1,1,0,0,0,1,1,0,-1.9
Emily Engstler,2022,31,2022-07-29,22.2,IND,home,LVA,-21.0,0,19.3,1,3,.333,0,1,.000,3,3,1.000,1,1,2,4,2,1,0,2,5,9.0
Emily Engstler,2022,32,2022-07-31,22.2,IND,home,LVA,-25.0,0,15.4,1,2,.500,0,0,,3,4,.750,2,4,6,1,0,1,1,0,5,6.6
Emily Engstler,2022,33,2022-08-06,22.3,IND,away,DAL,-4.0,0,19.9,1,3,.333,1,1,1.000,0,2,.000,0,3,3,0,2,1,4,3,3,-1.1
Emily Engstler,2022,34,2022-08-12,22.3,IND,home,WAS,-12.0,0,25.4,6,6,1.000,2,2,1.000,4,5,.800,0,5,5,1,1,3,3,5,18,16.1
Emily Engstler,2022,35,2022-08-14,22.3,IND,away,WAS,-12.0,0,19.9,3,4,.750,2,2,1.000,0,1,.000,0,4,4,2,0,1,3,4,8,4.7
Emily Engstler,2023,1,2023-06-18,23.1,MIN,away,LVA,-31.0,0,9.7,1,3,0.333,0,1,0.0,0,0,,3,1,4,0,0,0,2,1,2,0.3
Emily Engstler,2023,2,2023-06-22,23.1,MIN,home,CON,-21.0,0,17.0,2,5,0.4,0,1,0.0,2,2,1.0,3,4,7,5,0,0,1,1,6,8.7
Emily Engstler,2023,3,2023-06-27,23.2,MIN,home,SEA,11.0,0,5.2,0,1,0.0,0,0,,0,0,,0,1,1,0,1,0,0,1,0,0.2
Emily Engstler,2023,4,2023-06-29,23.2,MIN,away,SEA,2.0,0,2.3,0,0,,0,0,,0,0,,1,0,1,0,1,0,2,0,0,-0.3
Emily Engstler,2023,5,2023-07-01,23.2,MIN,away,PHO,10.0,0,2.9,0,0,,0,0,,0,0,,0,1,1,0,0,0,0,0,0,0.3
Emily Engstler,2023,6,2023-07-05,23.2,MIN,home,IND,7.0,0,4.5,0,0,,0,0,,0,0,,0,0,0,0,0,0,1,0,0,-1.0
Emily Engstler,2023,7,2023-07-07,23.2,MIN,home,PHO,11.0,0,6.8,0,0,,0,0,,0,0,,0,0,0,2,0,0,0,1,0,1.0
Emily Engstler,2023,8,2023-07-09,23.2,MIN,home,LVA,-24.0,0,11.2,0,3,0.0,0,1,0.0,0,4,0.0,0,3,3,0,0,1,1,1,0,-3.5
Emily Engstler,2023,9,2023-07-12,23.2,MIN,home,DAL,-40.0,0,15.8,4,4,1.0,1,1,1.0,0,0,,2,3,5,0,1,0,3,1,9,7.7
Emily Engstler,2023,10,2023-07-18,23.2,MIN,away,ATL,-9.0,0,0.6,0,0,,0,0,,0,0,,0,0,0,0,0,0,0,0,0,0.0
Emily Engstler,2023,11,2023-07-28,23.2,MIN,away,NYL,5.0,0,13.7,1,4,0.25,1,2,0.5,1,2,0.5,1,4,5,0,2,0,0,2,4,4.3
Emily Engstler,2023,12,2023-08-01,23.3,MIN,away,CON,-10.0,0,3.6,0,1,0.0,0,1,0.0,0,0,,1,1,2,0,0,0,0,0,0,0.3
Cierra Burdick,2020,1,2020-08-05,26.8,LVA,home,WAS,6.0,0,1.3,0,1,0.0,0,0,,0,0,,0,0,0,0,0,0,0,0,0,-0.7
Cierra Burdick,2020,2,2020-08-07,26.9,LVA,home,LAS,4.0,0,0.2,0,0,,0,0,,0,0,,0,0,0,0,0,0,0,0,0,0.0
Cierra Burdick,2020,3,2020-08-11,26.9,LVA,home,IND,19.0,0,3.2,0,1,0.0,0,0,,0,0,,0,1,1,0,0,0,0,0,0,-0.4
Cierra Burdick,2020,4,2020-08-13,26.9,LVA,home,MIN,10.0,0,0.9,0,0,,0,0,,0,0,,0,0,0,0,0,0,0,0,0,0.0
Cierra Burdick,2020,5,2020-08-15,26.9,LVA,home,WAS,15.0,0,4.8,1,1,1.0,0,0,,0,0,,0,0,0,1,0,0,0,1,2,2.0
Cierra Burdick,2020,6,2020-08-20,26.9,LVA,home,CON,21.0,0,8.1,1,1,1.0,0,0,,0,0,,0,1,1,1,0,0,1,0,2,1.7
Cierra Burdick,2020,7,2020-08-25,26.9,LVA,home,DAL,4.0,0,0.8,0,0,,0,0,,0,0,,0,0,0,0,0,0,0,1,0,-0.4
Cierra Burdick,2020,8,2020-08-29,26.9,LVA,home,NYL,17.0,0,2.9,0,1,0.0,0,0,,0,0,,1,1,2,0,0,0,0,0,0,0.3
Cierra Burdick,2020,9,2020-09-01,26.9,LVA,home,PHO,-7.0,0,1.1,0,0,,0,0,,0,0,,0,0,0,0,0,0,0,0,0,0.0
Cierra Burdick,2020,10,2020-09-03,26.9,LVA,home,CON,15.0,0,2.8,0,1,0.0,0,0,,0,0,,0,0,0,0,0,0,0,0,0,-0.7
Cierra Burdick,2020,11,2020-09-05,26.9,LVA,home,ATL,10.0,0,0.7,0,1,0.0,0,0,,0,0,,0,1,1,0,0,0,0,0,0,-0.4
Cierra Burdick,2020,12,2020-09-10,26.9,LVA,home,MIN,15.0,0,0.9,0,0,,0,0,,0,0,,0,0,0,0,0,0,0,0,0,0.0
Cierra Burdick,2020,13,2020-09-12,27.0,LVA,home,LAS,14.0,0,0.3,0,0,,0,0,,0,0,,0,0,0,0,0,0,0,0,0,0.0
Cierra Burdick,2021,1,2021-05-14,27.6,PHO,away,MIN,2.0,0,6.2,1,2,0.5,0,0,,0,0,,2,0,2,2,1,0,1,1,2,3.4
Cierra Burdick,2021,2,2021-05-16,27.6,PHO,away,CON,-8.0,0,4.0,0,0,,0,0,,0,0,,0,0,0,0,0,0,0,0,0,0.0
Cierra Burdick,2021,3,2021-05-18,27.6,PHO,away,WAS,21.0,0,1.9,1,1,1.0,0,0,,0,0,,0,1,1,0,0,0,0,0,2,2.0
Cierra Burdick,2021,4,2021-05-21,27.6,PHO,home,CON,-17.0,0,6.8,0,1,0.0,0,0,,0,0,,1,3,4,1,0,1,0,1,0,1.9
Cierra Burdick,2021,5,2021-06-15,27.7,MIN,home,CHI,-16.0,0,7.7,2,3,0.667,0,0,,2,3,0.667,0,1,1,0,0,0,0,0,6,4.6
Cierra Burdick,2021,6,2021-06-17,27.7,MIN,away,DAL,12.0,0,0.6,0,0,,0,0,,0,0,,0,0,0,0,0,0,0,0,0,0.0
Cierra Burdick,2021,7,2021-06-19,27.7,MIN,away,DAL,-18.0,0,1.4,0,0,,0,0,,0,0,,0,0,0,0,0,0,0,0,0,0.0
Cierra Burdick,2021,8,2021-07-07,27.8,SEA,home,LAS,9.0,0,2.7,0,0,,0,0,,0,0,,0,0,0,0,1,0,0,1,0,0.6
Cierra Burdick,2021,9,2021-07-09,27.8,SEA,away,PHO,-8.0,0,1.5,0,0,,0,0,,0,0,,0,1,1,0,0,0,0,0,0,0.3
Cierra Burdick,2021,10,2021-08-18,27.9,SEA,away,NYL,-4.0,0,6.0,0,1,0.0,0,0,,0,0,,1,1,2,1,0,0,1,0,0,0.0
Cierra Burdick,2021,11,2021-08-20,27.9,SEA,away,NYL,16.0,0,2.4,0,1,0.0,0,0,,0,0,,1,0,1,0,0,0,0,0,0,0.0
Cierra Burdick,2021,12,2021-08-29,27.9,SEA,home,CHI,-32.0,0,5.0,0,0,,0,0,,0,0,,0,1,1,0,0,0,0,0,0,0.3
Cierra Burdick,2021,13,2021-09-07,27.9,SEA,home,WAS,34.0,0,4.7,1,2,0.5,0,0,,0,0,,0,2,2,1,1,0,0,0,2,3.3
Cierra Burdick,2021,14,2021-09-12,28.0,SEA,away,LAS,-28.0,0,13.2,0,0,,0,0,,1,2,0.5,2,3,5,1,0,2,1,3,1,2.8
Bria Holmes,2020,1,2020-07-26,26.3,CON,home,MIN,-8.0,1,22.9,1,7,0.143,1,2,0.5,0,0,,0,3,3,1,2,0,2,0,3,0.1
Bria Holmes,2020,2,2020-07-28,26.3,CON,home,WAS,-5.0,1,9.7,0,0,,0,0,,1,4,0.25,0,1,1,1,0,0,0,1,1,0.4
Bria Holmes,2020,3,2020-07-30,26.3,CON,home,LAS,-5.0,1,30.9,3,9,0.333,0,1,0.0,0,0,,1,2,3,2,1,0,2,1,6,2.2
Bria Holmes,2020,4,2020-08-01,26.3,CON,home,MIN,-9.0,1,25.2,3,7,0.429,1,3,0.333,0,0,,0,0,0,2,1,0,3,4,7,1.1
Bria Holmes,2020,5,2020-08-04,26.3,CON,home,SEA,-13.0,0,17.7,2,4,0.5,0,1,0.0,0,0,,1,1,2,2,0,0,1,0,4,3.4
Bria Holmes,2020,6,2020-08-06,26.3,CON,home,DAL,23.0,0,9.8,3,8,0.375,1,3,0.333,0,0,,0,1,1,1,0,0,0,1,7,3.2
Bria Holmes,2020,7,2020-08-08,26.3,CON,home,CHI,-7.0,0,19.3,5,8,0.625,1,1,1.0,1,1,1.0,1,1,2,2,1,0,0,1,12,11.4
Bria Holmes,2020,8,2020-08-10,26.3,CON,home,ATL,11.0,0,26.9,3,10,0.3,3,5,0.6,0,0,,1,1,2,4,2,2,1,0,9,9.4
Bria Holmes,2020,9,2020-08-12,26.3,CON,home,DAL,4.0,0,14.6,2,7,0.286,2,3,0.667,2,2,1.0,1,0,1,1,0,0,1,1,8,3.9
Bria Holmes,2020,10,2020-08-14,26.3,CON,home,CHI,3.0,0,17.6,4,6,0.667,1,1,1.0,0,0,,0,1,1,0,0,0,1,2,9,4.9
Bria Holmes,2020,11,2020-08-16,26.3,CON,home,SEA,-23.0,0,17.8,3,8,0.375,0,3,0.0,0,0,,2,3,5,1,0,0,1,0,6,3.6
Bria Holmes,2020,12,2020-08-18,26.3,CON,home,IND,22.0,0,7.8,1,2,0.5,0,1,0.0,0,0,,1,2,3,0,0,0,1,1,2,0.9
Bria Holmes,2020,13,2020-08-20,26.3,CON,home,LVA,-21.0,0,19.9,3,7,0.429,0,2,0.0,1,1,1.0,1,1,2,1,1,0,2,1,7,3.6
Bria Holmes,2020,14,2020-09-01,26.4,CON,home,NYL,5.0,0,12.7,0,5,0.0,0,1,0.0,0,0,,1,0,1,0,2,1,0,0,0,-0.1
Bria Holmes,2020,15,2020-09-03,26.4,CON,home,LVA,-15.0,0,15.0,0,2,0.0,0,1,0.0,1,2,0.5,1,1,2,2,1,0,2,4,1,-1.0
Bria Holmes,2020,16,2020-09-05,26.4,CON,home,IND,19.0,0,11.0,1,2,0.5,0,0,,2,2,1.0,0,1,1,0,0,1,0,0,4,4.0
Bria Holmes,2020,17,2020-09-07,26.4,CON,home,PHO,15.0,0,5.4,0,3,0.0,0,1,0.0,0,0,,1,0,1,0,1,0,1,0,0,-1.4
Bria Holmes,2020,18,2020-09-09,26.4,CON,home,PHO,-5.0,0,6.8,1,3,0.333,0,1,0.0,0,0,,1,1,2,0,1,1,0,0,2,3.0
Bria Holmes,2021,1,2021-05-14,27.1,LAS,home,DAL,-23.0,0,13.6,0,5,0.0,0,1,0.0,2,2,1.0,0,0,0,2,2,0,0,3,2,0.7
Bria Holmes,2021,2,2021-05-21,27.1,LAS,away,LVA,-28.0,0,15.2,0,6,0.0,0,1,0.0,0,0,,1,1,2,3,1,0,2,2,0,-2.9
Bria Holmes,2021,3,2021-05-28,27.1,LAS,away,CHI,15.0,0,9.9,1,3,0.333,0,1,0.0,0,0,,0,1,1,0,0,0,2,1,2,-1.8
Bria Holmes,2021,4,2021-05-30,27.1,LAS,away,CHI,3.0,1,16.0,1,6,0.167,0,2,0.0,1,2,0.5,2,1,3,2,0,1,0,2,3,1.8
Bria Holmes,2021,5,2021-06-01,27.1,LAS,away,DAL,-10.0,0,18.5,1,6,0.167,1,4,0.25,1,2,0.5,1,1,2,1,0,1,1,1,4,0.8
Bria Holmes,2021,6,2021-06-03,27.1,LAS,home,IND,35.0,0,30.0,6,9,0.667,2,3,0.667,0,0,,1,6,7,3,2,0,1,2,14,14.9
Bria Holmes,2021,7,2021-06-05,27.1,LAS,home,CHI,5.0,0,16.1,2,8,0.25,0,2,0.0,0,2,0.0,3,2,5,0,0,0,1,1,4,-0.3
Bria Holmes,2021,8,2021-06-10,27.1,LAS,away,WAS,-18.0,0,17.1,3,7,0.429,1,3,0.333,0,0,,1,1,2,1,1,0,0,0,7,6.0
Bria Holmes,2021,9,2021-06-12,27.1,LAS,away,MIN,-16.0,0,15.1,0,4,0.0,0,2,0.0,0,0,,1,1,2,1,2,0,0,0,0,0.9
Bria Holmes,2021,10,2021-06-16,27.2,LAS,home,PHO,5.0,1,25.2,4,8,0.5,2,4,0.5,0,1,0.0,3,3,6,4,0,1,0,1,10,11.7
Bria Holmes,2021,11,2021-06-18,27.2,LAS,home,PHO,-14.0,1,35.8,4,9,0.444,2,3,0.667,1,2,0.5,1,4,5,1,0,2,2,4,11,6.3
Bria Holmes,2021,12,2021-06-20,27.2,LAS,home,NYL,-3.0,1,12.9,1,1,1.0,0,0,,1,2,0.5,1,2,3,0,3,0,2,0,3,4.6
Bria Holmes,2021,13,2021-06-30,27.2,LAS,home,LVA,-24.0,0,15.1,2,4,0.5,0,2,0.0,1,2,0.5,0,0,0,1,2,0,1,0,5,4.3
Bria Holmes,2021,14,2021-07-02,27.2,LAS,home,LVA,-8.0,0,9.8,1,4,0.25,0,1,0.0,4,4,1.0,0,1,1,1,0,0,0,1,6,4.2
Bria Holmes,2021,15,2021-07-04,27.2,LAS,home,SEA,-10.0,0,17.0,1,3,0.333,0,1,0.0,2,2,1.0,3,1,4,0,0,1,2,1,4,3.0
Bria Holmes,2021,16,2021-07-07,27.2,LAS,away,SEA,-9.0,0,16.5,1,5,0.2,0,2,0.0,0,2,0.0,0,0,0,0,0,0,3,1,2,-5.3
Bria Holmes,2021,17,2021-07-11,27.2,LAS,home,MIN,-25.0,1,28.5,3,7,0.429,0,1,0.0,0,0,,2,2,4,0,2,0,3,1,6,2.9
Bria Holmes,2021,18,2021-09-05,27.4,LVA,away,CHI,-8.0,0,4.1,0,1,0.0,0,0,,0,0,,0,1,1,0,0,0,1,0,0,-1.4
Bria Holmes,2021,19,2021-09-08,27.4,LVA,home,MIN,21.0,0,1.6,0,0,,0,0,,0,0,,0,1,1,0,0,0,0,0,0,0.3
Taylor Mikesell,2023,1,2023-06-09,23.7,ATL,home,NYL,-23.0,0,5.4,2,3,0.667,2,3,0.667,0,0,,0,0,0,1,0,0,0,0,6,5.4
Taylor Mikesell,2023,2,2023-06-11,23.7,ATL,home,CON,-12.0,0,4.7,0,1,0.0,0,0,,0,0,,0,1,1,0,0,0,1,0,0,-1.4
Taylor Mikesell,2023,3,2023-06-20,23.7,ATL,away,DAL,-12.0,0,7.8,2,5,0.4,1,4,0.25,4,4,1.0,0,1,1,1,0,0,0,0,9,7.3
Taylor Mikesell,2023,4,2023-06-23,23.7,ATL,home,NYL,-30.0,0,6.2,1,1,1.0,0,0,,0,0,,0,0,0,0,0,0,0,0,2,1.7
Taylor Mikesell,2023,5,2023-06-28,23.7,ATL,away,WAS,-23.0,0,3.0,0,0,,0,0,,0,0,,0,0,0,0,0,0,0,0,0,0.0
Taylor Mikesell,2023,6,2023-07-02,23.8,ATL,home,LAS,28.0,0,2.1,0,0,,0,0,,0,0,,0,0,0,0,0,0,0,0,0,0.0
Rebekah Gardner,2022,1,2022-05-11,31.8,CHI,home,NYL,33.0,1,27.4,6,9,.667,0,0,,2,3,.667,2,2,4,1,2,0,2,2,14,11.6
Rebekah Gardner,2022,2,2022-05-14,31.8,CHI,away,MIN,4.0,0,28.3,3,9,.333,1,4,.250,3,4,.750,1,4,5,4,1,0,0,3,10,9.0
Rebekah Gardner,2022,3,2022-05-18,31.9,CHI,away,SEA,-3.0,0,23.9,2,5,.400,0,1,.000,0,0,,2,2,4,2,2,0,3,2,4,2.9
Rebekah Gardner,2022,4,2022-05-22,31.9,CHI,away,WAS,9.0,0,22.5,4,6,.667,1,2,.500,2,2,1.000,2,1,3,1,3,1,3,4,11,9.9
Rebekah Gardner,2022,5,2022-05-24,31.9,CHI,home,IND,5.0,0,14.8,2,3,.667,1,1,1.000,0,0,,2,2,4,0,0,0,1,5,5,2.7
Rebekah Gardner,2022,6,2022-05-28,31.9,CHI,home,LVA,-7.0,0,18.2,4,5,.800,0,0,,3,3,1.000,0,0,0,1,0,0,1,3,11,7.6
Rebekah Gardner,2022,7,2022-05-31,31.9,CHI,home,PHO,3.0,0,25.3,3,7,.429,0,2,.000,4,5,.800,1,2,3,1,2,1,1,1,10,9.2
Rebekah Gardner,2022,8,2022-06-03,31.9,CHI,away,ATL,8.0,0,28.2,3,7,.429,0,1,.000,2,4,.500,1,1,2,1,1,2,4,2,8,2.8
Rebekah Gardner,2022,9,2022-06-05,31.9,CHI,home,WAS,9.0,0,22.3,4,5,.800,0,0,,0,0,,2,2,4,1,2,0,5,1,8,5.4
Rebekah Gardner,2022,10,2022-06-08,31.9,CHI,away,WAS,-2.0,0,24.9,5,9,.556,1,2,.500,1,1,1.000,0,1,1,0,2,0,0,2,12,9.2
Rebekah Gardner,2022,11,2022-06-10,31.9,CHI,away,CON,4.0,0,16.6,5,8,.625,1,2,.500,3,4,.750,1,4,5,0,3,2,2,1,14,13.9
Rebekah Gardner,2022,12,2022-06-12,31.9,CHI,away,NYL,2.0,0,20.2,1,5,.200,0,1,.000,0,0,,2,2,4,1,0,0,0,3,2,0.4
Rebekah Gardner,2022,13,2022-06-17,31.9,CHI,home,ATL,6.0,0,22.2,6,8,.750,3,3,1.000,0,0,,2,1,3,5,2,2,0,1,15,20.0
Rebekah Gardner,2022,14,2022-06-19,31.9,CHI,away,IND,-2.0,0,17.8,4,7,.571,0,2,.000,0,0,,0,2,2,0,0,0,2,2,8,2.5
Rebekah Gardner,2022,15,2022-06-21,32.0,CHI,away,LVA,9.0,0,15.9,2,3,.667,0,0,,0,0,,0,0,0,0,1,0,1,4,4,1.1
Rebekah Gardner,2022,16,2022-06-23,32.0,CHI,away,LAS,23.0,0,22.8,3,8,.375,0,2,.000,4,4,1.000,1,6,7,0,2,1,0,3,10,9.6
Rebekah Gardner,2022,17,2022-06-26,32.0,CHI,home,MIN,3.0,1,29.9,5,12,.417,0,2,.000,2,2,1.000,4,2,6,2,2,0,1,3,12,10.2
Rebekah Gardner,2022,18,2022-06-29,32.0,CHI,home,CON,8.0,0,18.2,4,4,1.000,1,1,1.000,1,1,1.000,1,0,1,0,0,0,1,2,10,7.7
Rebekah Gardner,2022,19,2022-07-02,32.0,CHI,home,PHO,16.0,0,22.6,3,6,.500,0,1,.000,5,6,.833,0,3,3,1,2,0,3,2,11,7.4
Rebekah Gardner,2022,20,2022-07-06,32.0,CHI,away,MIN,-3.0,0,23.6,2,5,.400,0,1,.000,0,0,,0,1,1,2,3,1,1,1,4,5.3
Rebekah Gardner,2022,21,2022-07-07,32.0,CHI,away,IND,9.0,0,20.4,1,3,.333,0,0,,2,4,.500,0,2,2,1,1,0,3,1,4,0.4
Rebekah Gardner,2022,22,2022-07-12,32.0,CHI,home,ATL,15.0,0,17.6,2,4,.500,0,0,,1,1,1.000,0,3,3,1,2,2,1,2,5,6.2
Rebekah Gardner,2022,23,2022-07-14,32.0,CHI,away,LAS,12.0,0,25.3,8,11,.727,0,0,,2,2,1.000,4,6,10,4,1,1,2,3,18,19.4
Rebekah Gardner,2022,24,2022-07-16,32.0,CHI,away,DAL,8.0,0,18.5,2,4,.500,0,0,,0,0,,2,1,3,0,1,0,1,3,4,2.5
Rebekah Gardner,2022,25,2022-07-20,32.0,CHI,home,SEA,4.0,0,20.3,3,5,.600,0,1,.000,0,0,,0,1,1,3,1,0,1,4,6,4.5
Rebekah Gardner,2022,26,2022-07-22,32.0,CHI,home,DAL,6.0,0,18.1,3,6,.500,0,1,.000,0,0,,1,1,2,0,0,0,2,1,6,1.6
Rebekah Gardner,2022,27,2022-07-23,32.0,CHI,away,NYL,-3.0,0,25.0,5,12,.417,2,4,.500,4,6,.667,2,2,4,3,4,3,1,3,16,16.8
Rebekah Gardner,2022,28,2022-07-29,32.1,CHI,home,NYL,8.0,0,22.2,5,7,.714,1,1,1.000,1,1,1.000,1,2,3,1,0,1,1,2,12,10.0
Rebekah Gardner,2022,29,2022-07-31,32.1,CHI,away,CON,3.0,0,23.7,3,4,.750,0,0,,2,2,1.000,0,2,2,1,3,0,3,3,8,6.5
Rebekah Gardner,2022,30,2022-08-02,32.1,CHI,home,DAL,-6.0,0,17.9,0,2,.000,0,1,.000,0,0,,3,2,5,1,1,0,2,2,0,0.2
Rebekah Gardner,2022,31,2022-08-05,32.1,CHI,home,WAS,10.0,0,21.4,5,8,.625,1,1,1.000,0,0,,1,4,5,1,1,0,1,1,11,9.6
Rebekah Gardner,2022,32,2022-08-07,32.1,CHI,home,CON,3.0,0,16.8,1,1,1.000,0,0,,0,0,,1,1,2,1,0,0,0,3,2,2.2
Rebekah Gardner,2022,33,2022-08-09,32.1,CHI,home,SEA,-11.0,0,20.7,3,3,1.000,0,0,,2,3,.667,2,2,4,1,1,0,2,0,8,8.4
Rebekah Gardner,2022,34,2022-08-11,32.1,CHI,away,LVA,-11.0,0,25.8,2,8,.250,1,3,.333,0,0,,3,2,5,1,1,0,4,3,5,-0.6
Rebekah Gardner,2022,35,2022-08-14,32.1,CHI,away,PHO,15.0,0,20.4,2,5,.400,1,2,.500,2,2,1.000,0,2,2,2,2,2,0,3,7,8.5
Rebekah Gardner,2023,1,2023-05-19,32.9,CHI,away,MIN,11.0,0,21.8,4,8,0.5,2,3,0.667,0,0,,0,3,3,3,4,1,1,3,10,11.5
Rebekah Gardner,2023,2,2023-05-21,32.9,CHI,away,PHO,6.0,0,13.4,1,5,0.2,1,2,0.5,4,4,1.0,0,1,1,1,0,0,0,4,7,3.3
Rebekah Gardner,2023,3,2023-05-26,32.9,CHI,home,WAS,-2.0,0,24.1,1,1,1.0,0,0,,2,2,1.0,1,6,7,3,2,0,4,1,4,5.9
Elissa Cunane,2022,1,2022-06-01,21.7,MIN,away,ATL,-8.0,0,2.5,0,0,,0,0,,0,0,,0,1,1,0,0,0,1,0,0,-0.7
Elissa Cunane,2022,2,2022-06-07,21.7,MIN,away,NYL,-19.0,0,3.8,1,2,0.5,0,1,0.0,0,0,,2,1,3,0,0,0,0,1,2,2.3
Elissa Cunane,2022,3,2022-06-10,21.7,MIN,home,WAS,-17.0,0,3.7,0,0,,0,0,,0,0,,0,1,1,0,0,0,0,0,0,0.3
Stephanie Watts,2021,1,2021-05-15,24.1,CHI,away,WAS,14.0,0,2.6,0,0,,0,0,,0,0,,0,0,0,0,0,0,0,0,0,0.0
Stephanie Watts,2021,2,2021-05-19,24.1,CHI,away,ATL,8.0,0,20.8,0,4,0.0,0,3,0.0,3,4,0.75,4,3,7,1,3,0,2,5,3,3.2
Stephanie Watts,2021,3,2021-05-23,24.1,CHI,home,NYL,-8.0,0,15.1,0,3,0.0,0,2,0.0,2,2,1.0,2,2,4,0,0,0,2,1,2,-0.5
Stephanie Watts,2021,4,2021-05-25,24.1,CHI,home,ATL,-7.0,0,18.4,1,4,0.25,0,1,0.0,0,0,,1,3,4,1,0,0,1,5,2,-1.1
Stephanie Watts,2021,5,2021-05-28,24.1,CHI,home,LAS,-15.0,0,20.6,3,8,0.375,1,4,0.25,1,2,0.5,1,4,5,1,0,1,3,1,8,3.1
Stephanie Watts,2021,6,2021-05-30,24.1,CHI,home,LAS,-3.0,0,6.5,0,0,,0,0,,0,0,,0,2,2,0,0,1,0,1,0,0.9
Natalie Achonwa,2020,1,2020-07-25,27.7,IND,home,WAS,-25.0,1,19.5,2,3,0.667,0,0,,0,0,,2,5,7,2,0,0,2,3,4,3.8
Natalie Achonwa,2020,2,2020-07-29,27.7,IND,home,PHO,6.0,1,12.7,3,6,0.5,0,1,0.0,0,0,,2,4,6,0,0,0,2,4,6,2.0
Natalie Achonwa,2020,3,2020-07-31,27.7,IND,home,DAL,-3.0,1,11.5,2,3,0.667,0,0,,2,2,1.0,1,3,4,2,0,0,1,1,6,6.3
Natalie Achonwa,2020,4,2020-08-11,27.7,IND,home,LVA,-19.0,0,16.2,2,3,0.667,0,1,0.0,0,0,,0,3,3,0,0,0,1,1,4,2.2
Natalie Achonwa,2020,5,2020-08-13,27.7,IND,home,NYL,7.0,0,15.1,4,7,0.571,0,1,0.0,0,0,,1,5,6,1,0,0,1,3,8,5.4
Natalie Achonwa,2020,6,2020-08-15,27.7,IND,home,LAS,-14.0,0,24.2,1,4,0.25,0,1,0.0,2,2,1.0,1,3,4,1,0,1,4,1,4,0.2
Natalie Achonwa,2020,7,2020-08-18,27.7,IND,home,CON,-22.0,0,21.6,3,10,0.3,0,0,,0,1,0.0,2,0,2,2,0,4,1,3,6,3.2
Natalie Achonwa,2020,8,2020-08-20,27.7,IND,home,SEA,6.0,0,16.2,6,12,0.5,0,0,,2,3,0.667,3,3,6,4,0,0,3,3,14,9.2
Natalie Achonwa,2020,9,2020-08-22,27.8,IND,home,CHI,-11.0,0,25.2,6,6,1.0,0,0,,3,4,0.75,0,4,4,2,1,2,3,2,15,14.0
Natalie Achonwa,2020,10,2020-08-25,27.8,IND,home,SEA,-13.0,1,24.9,4,10,0.4,0,0,,3,4,0.75,3,3,6,5,1,0,2,2,11,9.9
Natalie Achonwa,2020,11,2020-08-29,27.8,IND,home,DAL,-4.0,1,23.8,4,7,0.571,0,0,,3,3,1.0,0,8,8,1,1,1,2,4,11,8.9
Natalie Achonwa,2020,12,2020-08-31,27.8,IND,home,CHI,-23.0,1,18.8,6,11,0.545,0,1,0.0,1,2,0.5,2,4,6,1,0,0,1,2,13,8.8
Natalie Achonwa,2020,13,2020-09-01,27.8,IND,home,ATL,-12.0,1,24.3,4,6,0.667,0,1,0.0,2,3,0.667,3,6,9,5,2,1,2,0,10,15.1
Natalie Achonwa,2020,14,2020-09-03,27.8,IND,home,PHO,-24.0,1,25.0,1,3,0.333,0,2,0.0,2,2,1.0,1,9,10,3,0,1,1,3,4,6.3
Natalie Achonwa,2020,15,2020-09-05,27.8,IND,home,CON,-19.0,1,19.2,3,6,0.5,0,0,,2,2,1.0,1,3,4,0,2,1,2,2,8,6.5
Natalie Achonwa,2020,16,2020-09-08,27.8,IND,home,LVA,-6.0,0,22.2,2,6,0.333,0,1,0.0,0,0,,1,3,4,1,1,0,0,5,4,1.9
Natalie Achonwa,2020,17,2020-09-10,27.8,IND,home,NYL,10.0,1,21.1,2,5,0.4,0,0,,2,2,1.0,2,3,5,0,1,0,3,4,6,2.0
Natalie Achonwa,2020,18,2020-09-12,27.8,IND,home,MIN,-12.0,1,21.9,2,7,0.286,0,1,0.0,2,2,1.0,1,4,5,1,0,0,2,3,6,1.3
Natalie Achonwa,2021,1,2021-05-14,28.5,MIN,home,PHO,-2.0,0,12.8,0,3,.000,0,0,,2,2,1.000,0,3,3,1,0,0,2,5,2,-2.5
Natalie Achonwa,2021,2,2021-05-20,28.5,MIN,home,SEA,-12.0,0,3.3,0,1,.000,0,0,,0,0,,0,1,1,0,1,0,0,0,0,0.6
Natalie Achonwa,2021,3,2021-05-28,28.5,MIN,away,SEA,-10.0,0,20.4,1,6,.167,0,0,,2,2,1.000,1,5,6,2,1,0,1,0,4,3.8
Natalie Achonwa,2021,4,2021-05-30,28.5,MIN,home,CON,5.0,0,10.8,2,3,.667,0,0,,2,2,1.000,0,0,0,1,0,1,0,0,6,6.1
Natalie Achonwa,2021,5,2021-06-04,28.5,MIN,home,ATL,2.0,0,10.5,4,5,.800,0,0,,0,0,,0,1,1,1,1,1,3,0,8,5.8
Natalie Achonwa,2021,6,2021-06-06,28.5,MIN,home,ATL,20.0,0,21.7,2,3,.667,0,1,.000,4,6,.667,1,3,4,1,1,0,2,3,8,6.0
Natalie Achonwa,2021,7,2021-06-08,28.5,MIN,away,WAS,-4.0,0,6.6,0,1,.000,0,0,,0,0,,0,1,1,0,0,0,0,3,0,-1.6
Natalie Achonwa,2021,8,2021-06-12,28.6,MIN,home,LAS,16.0,0,4.3,0,2,.000,0,0,,2,2,1.000,1,0,1,0,0,0,0,0,2,1.3
Natalie Achonwa,2021,9,2021-08-15,28.7,MIN,home,NYL,10.0,0,14.1,1,1,1.000,0,0,,6,6,1.000,1,0,1,1,1,1,0,2,8,10.0
Natalie Achonwa,2021,10,2021-08-17,28.7,MIN,away,CON,-12.0,0,20.4,1,5,.200,0,0,,0,0,,0,3,3,3,3,0,1,2,2,3.1
Natalie Achonwa,2021,11,2021-08-19,28.7,MIN,away,CON,-11.0,0,9.3,1,1,1.000,0,0,,0,0,,0,0,0,0,1,0,0,2,2,1.9
Natalie Achonwa,2021,12,2021-08-21,28.7,MIN,away,CHI,6.0,0,8.0,0,1,.000,0,0,,0,0,,2,2,4,1,0,0,0,0,0,2.0
Natalie Achonwa,2021,13,2021-08-24,28.8,MIN,home,SEA,6.0,0,3.1,0,1,.000,0,0,,0,0,,0,0,0,0,0,1,0,0,0,0.0
Natalie Achonwa,2021,14,2021-08-31,28.8,MIN,home,NYL,8.0,1,13.0,0,3,.000,0,0,,0,0,,1,0,1,0,0,0,0,4,0,-3.0
Natalie Achonwa,2021,15,2021-09-02,28.8,MIN,home,LAS,9.0,0,4.1,0,0,,0,0,,0,0,,0,0,0,0,0,0,0,0,0,0.0
Natalie Achonwa,2021,16,2021-09-04,28.8,MIN,home,WAS,18.0,0,21.7,1,3,.333,0,0,,0,0,,0,4,4,4,0,0,0,4,2,2.7
Natalie Achonwa,2021,17,2021-09-08,28.8,MIN,away,LVA,-21.0,0,11.8,1,2,.500,0,0,,0,0,,2,3,5,2,0,0,1,2,2,2.9
Natalie Achonwa,2021,18,2021-09-10,28.8,MIN,home,IND,17.0,0,20.8,4,7,.571,0,0,,2,2,1.000,1,3,4,2,2,1,0,3,10,11.2
Natalie Achonwa,2021,19,2021-09-12,28.8,MIN,home,IND,10.0,0,7.5,2,3,.667,0,0,,0,0,,0,1,1,2,0,0,1,0,4,3.4
Natalie Achonwa,2021,20,2021-09-17,28.8,MIN,away,IND,19.0,0,15.7,4,7,.571,0,0,,3,4,.750,2,2,4,3,0,0,2,1,11,9.0
Natalie Achonwa,2021,21,2021-09-19,28.8,MIN,away,WAS,6.0,0,13.2,2,3,.667,0,0,,2,2,1.000,0,1,1,1,1,0,0,2,6,5.9
Natalie Achonwa,2022,1,2022-05-06,29.5,MIN,away,SEA,-23.0,0,10.9,1,1,1.000,0,0,,1,2,.500,0,2,2,1,0,0,0,0,3,3.6
Natalie Achonwa,2022,2,2022-05-08,29.5,MIN,home,WAS,-12.0,0,10.4,1,2,.500,0,0,,0,2,.000,0,0,0,0,0,0,1,1,2,-1.2
Natalie Achonwa,2022,3,2022-06-21,29.6,MIN,away,PHO,13.0,0,18.2,5,6,.833,0,0,,2,2,1.000,1,5,6,2,1,0,1,4,12,11.8
Natalie Achonwa,2022,4,2022-06-23,29.6,MIN,home,PHO,12.0,0,12.7,2,2,1.000,0,0,,2,2,1.000,0,2,2,1,1,0,1,2,6,5.9
Natalie Achonwa,2022,5,2022-06-26,29.6,MIN,away,CHI,-3.0,0,15.8,5,6,.833,0,0,,0,0,,1,2,3,0,0,0,3,1,10,5.7
Natalie Achonwa,2022,6,2022-06-28,29.6,MIN,home,DAL,28.0,0,17.7,1,4,.250,0,0,,2,2,1.000,4,9,13,2,1,1,0,4,4,8.6
Natalie Achonwa,2022,7,2022-07-01,29.6,MIN,home,LVA,-6.0,0,16.1,3,5,.600,0,0,,0,0,,2,2,4,4,0,0,1,3,6,6.3
Natalie Achonwa,2022,8,2022-07-03,29.6,MIN,home,LVA,31.0,0,19.7,3,5,.600,0,0,,0,0,,1,4,5,3,0,0,0,0,6,7.7
Natalie Achonwa,2022,9,2022-07-06,29.6,MIN,home,CHI,3.0,0,15.7,3,4,.750,0,1,.000,2,2,1.000,0,2,2,1,1,0,3,0,8,5.7
Natalie Achonwa,2022,10,2022-07-12,29.6,MIN,home,PHO,11.0,0,12.8,1,1,1.000,0,0,,2,2,1.000,1,1,2,2,1,1,0,1,4,7.4
Natalie Achonwa,2022,11,2022-07-14,29.6,MIN,home,DAL,-5.0,0,9.6,2,3,.667,0,0,,2,2,1.000,1,2,3,1,0,0,0,4,6,5.1
Natalie Achonwa,2022,12,2022-07-15,29.6,MIN,away,IND,10.0,0,14.0,3,5,.600,0,0,,0,0,,0,5,5,1,0,1,0,0,6,6.6
Natalie Achonwa,2022,13,2022-07-17,29.6,MIN,away,WAS,-13.0,0,19.5,3,7,.429,0,0,,1,2,.500,1,4,5,1,0,2,2,2,7,4.1
Natalie Achonwa,2022,14,2022-07-22,29.7,MIN,home,CON,-10.0,0,22.9,0,4,.000,0,0,,0,0,,2,4,6,5,1,1,2,4,0,1.4
Natalie Achonwa,2022,15,2022-07-24,29.7,MIN,home,CON,-7.0,0,20.9,3,5,.600,0,0,,2,2,1.000,5,2,7,3,0,0,0,3,8,10.7
Natalie Achonwa,2022,16,2022-07-28,29.7,MIN,away,ATL,7.0,0,12.9,2,5,.400,0,0,,0,0,,0,3,3,0,0,0,1,2,4,0.4
Natalie Achonwa,2022,17,2022-07-31,29.7,MIN,away,LAS,7.0,0,17.5,2,6,.333,0,0,,2,3,.667,1,3,4,2,1,0,2,0,6,4.2
Natalie Achonwa,2022,18,2022-08-03,29.7,MIN,away,SEA,-12.0,0,17.9,2,4,.500,0,0,,1,1,1.000,0,5,5,6,1,0,1,1,5,8.3
Natalie Achonwa,2022,19,2022-08-07,29.7,MIN,home,ATL,10.0,0,12.9,2,6,.333,0,1,.000,1,1,1.000,0,4,4,1,1,1,2,2,5,2.4
Natalie Achonwa,2022,20,2022-08-10,29.7,MIN,away,PHO,9.0,0,9.9,0,1,.000,0,0,,0,0,,1,1,2,0,0,0,0,0,0,0.3
Natalie Achonwa,2022,21,2022-08-12,29.7,MIN,home,SEA,-27.0,0,14.2,1,6,.167,0,0,,2,2,1.000,2,1,3,0,0,0,2,0,4,-0.1
Natalie Achonwa,2022,22,2022-08-14,29.7,MIN,away,CON,-7.0,0,9.2,2,3,.667,0,0,,0,0,,2,2,4,1,0,0,0,2,4,4.6
Nia Clouden,2022,1,2022-05-07,22.0,CON,away,NYL,-2.0,0,9.6,0,2,.000,0,1,.000,0,0,,0,2,2,1,1,0,0,1,0,0.5
Nia Clouden,2022,2,2022-05-14,22.0,CON,home,LAS,17.0,0,13.7,1,4,.250,1,3,.333,0,0,,0,1,1,1,2,1,0,2,3,3.5
Nia Clouden,2022,3,2022-05-17,22.0,CON,away,NYL,27.0,0,11.0,0,0,,0,0,,1,2,.500,0,0,0,0,0,0,2,2,1,-2.2
Nia Clouden,2022,4,2022-05-22,22.0,CON,away,IND,22.0,0,4.6,1,1,1.000,0,0,,0,0,,0,0,0,0,0,0,0,2,2,0.9
Nia Clouden,2022,5,2022-05-24,22.0,CON,home,DAL,-8.0,0,4.0,0,0,,0,0,,0,0,,0,0,0,0,0,0,0,0,0,0.0
Nia Clouden,2022,6,2022-05-26,22.0,CON,home,DAL,31.0,0,4.2,1,2,.500,0,0,,0,0,,0,0,0,0,0,0,0,0,2,1.0
Nia Clouden,2022,7,2022-05-31,22.0,CON,away,LVA,-8.0,0,3.1,2,3,.667,2,2,1.000,0,0,,0,1,1,0,0,0,0,0,6,5.0
Nia Clouden,2022,8,2022-06-08,22.1,CON,home,IND,19.0,0,2.9,0,0,,0,0,,0,0,,0,0,0,0,0,0,0,1,0,-0.4
Nia Clouden,2022,9,2022-06-15,22.1,CON,home,ATL,13.0,0,15.7,2,2,1.000,2,2,1.000,1,2,.500,0,0,0,4,0,0,1,1,7,7.4
Nia Clouden,2022,10,2022-06-17,22.1,CON,home,SEA,11.0,0,8.5,1,1,1.000,0,0,,0,0,,0,0,0,0,0,0,0,0,2,1.7
Nia Clouden,2022,11,2022-06-19,22.1,CON,away,WAS,-8.0,0,9.9,2,3,.667,1,1,1.000,2,2,1.000,0,2,2,2,1,0,0,0,7,8.7
Nia Clouden,2022,12,2022-06-26,22.1,CON,away,ATL,11.0,0,8.4,0,3,.000,0,1,.000,0,0,,0,1,1,1,1,0,0,1,0,-0.5
Nia Clouden,2022,13,2022-06-29,22.1,CON,away,CHI,-8.0,0,5.8,0,1,.000,0,1,.000,0,0,,0,0,0,1,0,0,0,1,0,-0.4
Nia Clouden,2022,14,2022-07-03,22.1,CON,home,WAS,2.0,0,5.0,0,1,.000,0,0,,0,0,,0,0,0,0,0,0,0,0,0,-0.7
Nia Clouden,2022,15,2022-07-05,22.1,CON,away,DAL,-11.0,0,6.5,0,0,,0,0,,0,0,,0,2,2,2,0,0,0,0,0,2.0
Nia Clouden,2022,16,2022-07-13,22.2,CON,away,IND,8.0,0,8.4,0,0,,0,0,,1,2,.500,0,1,1,1,0,0,1,0,1,0.6
Nia Clouden,2022,17,2022-07-15,22.2,CON,away,ATL,25.0,0,16.9,1,4,.250,1,3,.333,1,2,.500,1,1,2,1,0,0,0,0,4,2.9
Nia Clouden,2022,18,2022-07-17,22.2,CON,home,LVA,-8.0,0,4.0,0,0,,0,0,,0,0,,0,0,0,0,0,0,1,1,0,-1.4
Nia Clouden,2022,19,2022-07-19,22.2,CON,home,NYL,19.0,0,2.1,0,0,,0,0,,0,0,,0,1,1,0,0,0,0,0,0,0.3
Nia Clouden,2022,20,2022-07-22,22.2,CON,away,MIN,10.0,0,5.5,1,2,.500,1,2,.500,0,1,.000,0,0,0,0,0,0,0,0,3,1.6
Nia Clouden,2022,21,2022-07-28,22.2,CON,home,SEA,5.0,0,12.6,2,2,1.000,2,2,1.000,0,0,,0,0,0,0,1,0,1,1,6,5.0
Nia Clouden,2022,22,2022-07-31,22.2,CON,home,CHI,-3.0,0,14.8,0,3,.000,0,1,.000,0,0,,1,0,1,2,0,0,0,4,0,-1.6
Nia Clouden,2022,23,2022-08-02,22.2,CON,home,PHO,24.0,0,16.8,1,3,.333,0,1,.000,2,2,1.000,0,2,2,3,0,0,2,4,4,1.4
Nia Clouden,2022,24,2022-08-04,22.2,CON,home,PHO,13.0,0,19.8,1,6,.167,1,2,.500,0,0,,0,3,3,0,0,0,1,2,3,-1.7
Nia Clouden,2022,25,2022-08-07,22.2,CON,away,CHI,-3.0,0,7.6,0,2,.000,0,1,.000,0,0,,0,1,1,0,0,0,2,0,0,-3.1
Nia Clouden,2022,26,2022-08-09,22.2,CON,away,LAS,26.0,0,11.9,0,2,.000,0,1,.000,2,2,1.000,0,3,3,1,0,0,0,1,2,1.8
Nia Clouden,2022,27,2022-08-11,22.2,CON,away,LAS,24.0,0,10.3,2,5,.400,1,4,.250,0,0,,0,0,0,0,0,0,1,2,5,0.5
Nia Clouden,2022,28,2022-08-14,22.2,CON,home,MIN,7.0,0,6.8,0,1,.000,0,1,.000,0,2,.000,0,0,0,1,0,0,0,0,0,-0.8
Nia Clouden,2023,1,2023-05-19,23.0,LAS,home,PHO,23.0,0,6.2,0,0,,0,0,,0,0,,0,0,0,1,0,0,0,2,0,-0.1
Nia Clouden,2023,2,2023-05-27,23.0,LAS,away,LVA,-28.0,1,35.5,3,10,0.3,1,3,0.333,1,2,0.5,0,2,2,5,0,0,6,2,8,-0.9
Nia Clouden,2023,3,2023-06-02,23.0,LAS,away,PHO,6.0,0,4.5,0,0,,0,0,,0,0,,0,0,0,3,0,0,0,1,0,1.7
Nia Clouden,2023,4,2023-06-06,23.1,LAS,away,SEA,-3.0,0,4.3,0,0,,0,0,,0,0,,0,0,0,0,0,0,1,0,0,-1.0
Nia Clouden,2023,5,2023-06-14,23.1,LAS,away,DAL,18.0,0,3.3,0,0,,0,0,,0,0,,0,0,0,0,0,0,1,0,0,-1.0
Shekinna Stricklen,2020,1,2020-07-26,30.0,ATL,home,DAL,10.0,1,24.6,4,7,.571,4,7,.571,4,4,1.000,0,1,1,0,0,0,0,2,16,12.2
Shekinna Stricklen,2020,2,2020-07-29,30.0,ATL,home,LVA,-30.0,1,17.3,4,5,.800,2,3,.667,0,0,,0,1,1,0,0,0,1,4,10,5.8
Shekinna Stricklen,2020,3,2020-07-31,30.0,ATL,home,NYL,6.0,1,30.8,3,13,.231,0,5,.000,0,0,,1,3,4,2,2,0,1,2,6,1.3
Shekinna Stricklen,2020,4,2020-08-02,30.0,ATL,home,IND,-16.0,1,24.1,2,7,.286,2,6,.333,0,0,,0,0,0,0,0,0,1,3,6,-0.3
Shekinna Stricklen,2020,5,2020-08-04,30.0,ATL,home,PHO,-7.0,1,22.0,3,8,.375,1,4,.250,0,0,,0,3,3,0,0,0,0,2,7,2.7
Shekinna Stricklen,2020,6,2020-08-06,30.0,ATL,home,SEA,-1.0,1,27.1,2,8,.250,2,8,.250,0,0,,0,2,2,1,0,0,0,2,6,1.7
Shekinna Stricklen,2020,7,2020-08-08,30.0,ATL,home,DAL,-10.0,1,21.1,2,6,.333,1,5,.200,0,0,,0,2,2,0,0,0,1,1,5,0.8
Shekinna Stricklen,2020,8,2020-08-10,30.0,ATL,home,CON,-11.0,1,21.4,6,10,.600,6,8,.750,0,0,,0,1,1,0,0,0,2,1,18,11.3
Shekinna Stricklen,2020,9,2020-08-12,30.0,ATL,home,SEA,-37.0,1,15.5,0,6,.000,0,4,.000,0,0,,0,1,1,1,0,0,1,2,0,-5.0
Shekinna Stricklen,2020,10,2020-08-14,30.0,ATL,home,PHO,-16.0,1,19.7,0,6,.000,0,1,.000,0,0,,0,2,2,3,0,0,0,3,0,-2.7
Shekinna Stricklen,2020,11,2020-08-16,30.0,ATL,home,CHI,-25.0,0,16.5,1,3,.333,1,3,.333,0,0,,0,0,0,0,0,0,1,1,3,-0.1
Shekinna Stricklen,2020,12,2020-08-19,30.1,ATL,home,WAS,-7.0,0,23.4,1,5,.200,1,4,.250,0,0,,1,2,3,0,0,1,0,3,3,0.7
Shekinna Stricklen,2020,13,2020-08-21,30.1,ATL,home,LAS,-8.0,1,42.5,5,7,.714,3,4,.750,3,3,1.000,0,3,3,4,2,0,1,5,16,15.8
Shekinna Stricklen,2020,14,2020-08-23,30.1,ATL,home,MIN,3.0,1,26.1,3,5,.600,2,4,.500,0,0,,0,1,1,0,0,0,0,2,8,5.2
Shekinna Stricklen,2020,15,2020-08-28,30.1,ATL,home,MIN,-9.0,0,22.4,1,5,.200,1,4,.250,0,0,,0,5,5,0,0,0,1,3,3,-0.8
Shekinna Stricklen,2020,16,2020-08-30,30.1,ATL,home,LAS,-5.0,0,10.7,1,3,.333,1,2,.500,0,0,,0,1,1,1,1,0,1,0,3,2.3
Shekinna Stricklen,2020,17,2020-09-01,30.1,ATL,home,IND,12.0,0,10.6,2,4,.500,2,4,.500,0,0,,0,2,2,1,0,0,0,1,6,4.9
Shekinna Stricklen,2020,18,2020-09-03,30.1,ATL,home,NYL,6.0,0,12.7,2,7,.286,0,5,.000,0,0,,1,2,3,0,2,0,2,0,4,1.2
Shekinna Stricklen,2020,19,2020-09-05,30.1,ATL,home,LVA,-10.0,0,8.9,0,2,.000,0,2,.000,0,0,,0,1,1,0,0,0,0,3,0,-2.3
Shekinna Stricklen,2020,20,2020-09-09,30.1,ATL,home,CHI,8.0,1,26.9,1,8,.125,1,4,.250,0,0,,0,0,0,1,0,0,0,0,3,-1.5
Shekinna Stricklen,2020,21,2020-09-11,30.1,ATL,home,CON,7.0,1,24.4,1,5,.200,1,5,.200,1,1,1.000,0,3,3,0,0,0,1,3,4,-0.4
Shekinna Stricklen,2020,22,2020-09-13,30.1,ATL,home,WAS,-7.0,1,33.0,3,8,.375,2,7,.286,0,0,,1,2,3,0,0,0,1,0,8,3.9
Shekinna Stricklen,2021,1,2021-05-14,30.8,ATL,home,CON,-11.0,0,12.0,0,3,.000,0,3,.000,0,0,,0,0,0,0,0,0,0,3,0,-3.3
Shekinna Stricklen,2021,2,2021-05-21,30.8,ATL,away,IND,4.0,0,5.4,3,4,.750,3,4,.750,0,0,,0,0,0,0,0,0,0,2,9,6.6
Shekinna Stricklen,2021,3,2021-05-27,30.8,ATL,home,DAL,6.0,0,7.3,0,3,.000,0,3,.000,0,0,,0,0,0,0,1,0,0,1,0,-1.5
Shekinna Stricklen,2021,4,2021-06-06,30.9,ATL,away,MIN,-20.0,0,13.1,0,3,.000,0,2,.000,0,0,,1,2,3,2,0,0,0,1,0,0.2
Shekinna Stricklen,2021,5,2021-06-09,30.9,ATL,home,SEA,-24.0,0,4.6,0,3,.000,0,3,.000,0,0,,0,0,0,0,1,0,0,0,0,-1.1
Shekinna Stricklen,2021,6,2021-06-11,30.9,ATL,home,SEA,-11.0,0,9.6,0,3,.000,0,3,.000,0,0,,0,1,1,0,0,0,0,1,0,-2.2
Shekinna Stricklen,2021,7,2021-06-13,30.9,ATL,home,WAS,23.0,0,3.8,0,0,,0,0,,0,0,,0,0,0,0,0,0,0,0,0,0.0
Shekinna Stricklen,2021,8,2021-06-26,30.9,ATL,home,NYL,-23.0,0,7.4,0,2,.000,0,2,.000,0,0,,0,0,0,1,1,0,0,2,0,-0.5
Shekinna Stricklen,2021,9,2021-06-29,30.9,ATL,home,NYL,4.0,0,4.5,0,2,.000,0,2,.000,0,0,,0,1,1,1,0,1,1,1,0,-1.1
Shekinna Stricklen,2021,10,2021-07-02,30.9,ATL,away,SEA,-3.0,0,10.7,1,3,.333,1,3,.333,1,2,.500,0,0,0,1,1,0,1,1,4,2.2
Shekinna Stricklen,2021,11,2021-07-04,30.9,ATL,away,LVA,-23.0,0,9.3,2,4,.500,0,0,,0,0,,1,0,1,0,0,0,0,1,4,2.3
Shekinna Stricklen,2021,12,2021-07-09,30.9,ATL,away,CON,-12.0,0,17.9,2,6,.333,2,5,.400,1,3,.333,0,1,1,2,1,0,0,1,7,5.1
Shekinna Stricklen,2021,13,2021-07-11,30.9,ATL,home,IND,-11.0,0,14.9,1,5,.200,0,3,.000,0,0,,0,2,2,0,3,0,0,0,2,2.5
Shekinna Stricklen,2021,14,2021-08-15,31.0,ATL,away,PHO,-11.0,0,13.2,2,4,.500,1,3,.333,0,0,,0,0,0,0,0,1,0,1,5,3.3
Shekinna Stricklen,2021,15,2021-08-17,31.0,ATL,away,LAS,-5.0,0,10.4,1,4,.250,0,2,.000,0,0,,0,1,1,0,1,0,0,2,2,0.1
Shekinna Stricklen,2021,16,2021-08-19,31.1,ATL,away,LAS,-2.0,0,5.4,0,0,,0,0,,0,0,,0,0,0,0,1,0,0,0,0,1.0
Shekinna Stricklen,2021,17,2021-08-21,31.1,ATL,home,PHO,-15.0,0,8.7,0,2,.000,0,2,.000,0,0,,0,1,1,0,0,0,0,1,0,-1.5
Shekinna Stricklen,2021,18,2021-08-26,31.1,ATL,home,LVA,-7.0,0,16.4,3,12,.250,3,10,.300,0,0,,0,1,1,0,0,1,0,2,9,2.0
Shekinna Stricklen,2021,19,2021-09-02,31.1,ATL,away,DAL,-4.0,0,18.6,4,8,.500,2,6,.333,0,0,,0,1,1,1,0,1,0,3,10,6.5
Shekinna Stricklen,2021,20,2021-09-05,31.1,ATL,away,DAL,5.0,0,10.5,1,3,.333,0,2,.000,0,0,,0,1,1,0,0,0,0,2,2,-0.2
Shekinna Stricklen,2021,21,2021-09-08,31.1,ATL,home,PHO,-1.0,0,2.1,0,0,,0,0,,0,0,,0,0,0,0,0,0,0,0,0,0.0
Shekinna Stricklen,2021,22,2021-09-10,31.1,ATL,away,WAS,-8.0,0,12.2,1,4,.250,1,2,.500,0,0,,0,2,2,0,0,0,0,1,3,0.8
Shekinna Stricklen,2021,23,2021-09-16,31.1,ATL,home,LAS,-6.0,0,2.6,0,0,,0,0,,0,0,,0,1,1,0,0,0,1,0,0,-0.7
Shekinna Stricklen,2021,24,2021-09-19,31.1,ATL,away,CON,-20.0,0,15.1,1,7,.143,1,6,.167,0,0,,0,5,5,0,0,0,0,0,3,0.0
Riquna Williams,2020,1,2020-07-25,30.2,LAS,home,PHO,23.0,1,28.8,2,9,.222,1,4,.250,0,0,,0,2,2,3,3,0,1,3,5,3.0
Riquna Williams,2020,2,2020-07-28,30.2,LAS,home,CHI,-18.0,1,28.8,5,12,.417,2,7,.286,0,0,,0,2,2,1,0,0,0,2,12,6.1
Riquna Williams,2020,3,2020-07-30,30.2,LAS,home,CON,5.0,1,20.4,3,7,.429,3,5,.600,0,0,,0,2,2,4,2,0,2,3,9,7.5
Riquna Williams,2020,4,2020-08-01,30.2,LAS,home,SEA,-6.0,1,28.6,6,15,.400,4,7,.571,0,0,,1,1,2,0,2,1,1,3,16,9.4
Riquna Williams,2020,5,2020-08-05,30.2,LAS,home,IND,11.0,0,20.2,5,12,.417,2,6,.333,1,2,.500,0,0,0,0,2,0,0,4,13,6.6
Riquna Williams,2020,6,2020-08-07,30.2,LAS,home,LVA,-4.0,0,17.4,1,5,.200,1,2,.500,0,0,,0,1,1,1,1,1,0,1,3,2.2
Riquna Williams,2020,7,2020-08-09,30.2,LAS,home,MIN,16.0,0,25.0,7,9,.778,5,5,1.000,2,3,.667,0,1,1,1,2,1,2,3,21,17.6
Riquna Williams,2020,8,2020-08-11,30.2,LAS,home,NYL,15.0,0,19.6,7,10,.700,3,5,.600,0,0,,0,2,2,2,2,0,1,2,17,15.0
Riquna Williams,2020,9,2020-08-13,30.2,LAS,home,WAS,17.0,0,18.0,4,9,.444,2,6,.333,3,3,1.000,0,1,1,2,1,1,0,0,13,11.7
Riquna Williams,2020,10,2020-08-15,30.2,LAS,home,IND,14.0,0,21.4,7,13,.538,7,12,.583,0,0,,0,2,2,1,0,0,1,2,21,14.2
Riquna Williams,2020,11,2020-08-19,30.2,LAS,home,PHO,9.0,0,16.7,3,7,.429,0,3,.000,0,0,,0,2,2,2,1,0,0,1,6,4.9
Riquna Williams,2020,12,2020-08-21,30.2,LAS,home,ATL,8.0,0,5.8,2,3,.667,0,1,.000,0,0,,0,0,0,0,0,0,1,1,4,1.3
Riquna Williams,2020,13,2020-08-28,30.3,LAS,home,CON,4.0,0,10.7,0,3,.000,0,2,.000,0,0,,0,0,0,0,1,0,0,1,0,-1.5
Riquna Williams,2020,14,2020-08-30,30.3,LAS,home,ATL,5.0,0,19.2,4,10,.400,1,5,.200,0,0,,0,1,1,1,1,1,1,1,9,4.9
Riquna Williams,2020,15,2020-08-31,30.3,LAS,home,MIN,-18.0,0,16.9,4,7,.571,3,5,.600,0,0,,0,1,1,1,0,0,1,0,11,7.7
Riquna Williams,2020,16,2020-09-02,30.3,LAS,home,DAL,8.0,0,22.7,3,7,.429,0,0,,0,0,,0,4,4,3,1,1,1,2,6,5.5
Riquna Williams,2020,17,2020-09-04,30.3,LAS,home,SEA,-1.0,0,22.0,4,10,.400,0,4,.000,2,2,1.000,0,3,3,3,0,1,0,3,10,7.1
Riquna Williams,2020,18,2020-09-06,30.3,LAS,home,CHI,6.0,0,21.8,4,7,.571,2,4,.500,0,0,,1,3,4,0,2,0,3,3,10,6.1
Riquna Williams,2020,19,2020-09-08,30.3,LAS,home,NYL,26.0,0,32.8,7,12,.583,4,9,.444,2,2,1.000,0,2,2,2,1,0,1,2,20,15.6
Riquna Williams,2020,20,2020-09-10,30.3,LAS,home,WAS,-8.0,0,24.0,1,11,.091,1,4,.250,2,2,1.000,1,2,3,1,0,0,0,2,5,-1.1
Riquna Williams,2020,21,2020-09-12,30.3,LAS,home,LVA,-14.0,0,23.5,2,8,.250,2,6,.333,4,4,1.000,0,3,3,3,2,0,3,2,10,6.4
Riquna Williams,2021,1,2021-05-15,31.0,LVA,away,SEA,-14.0,1,23.3,1,6,.167,0,3,.000,0,0,,0,5,5,4,1,1,0,3,2,3.0
Riquna Williams,2021,2,2021-05-18,31.0,LVA,away,SEA,16.0,1,25.6,4,7,.571,2,4,.500,0,0,,0,0,0,3,0,0,3,2,10,5.0
Riquna Williams,2021,3,2021-05-21,31.0,LVA,home,LAS,28.0,1,23.6,2,7,.286,1,4,.250,2,2,1.000,0,3,3,2,1,2,0,1,7,7.2
Riquna Williams,2021,4,2021-05-23,31.0,LVA,home,CON,-7.0,1,24.1,3,8,.375,3,6,.500,0,0,,0,0,0,2,0,1,0,1,9,6.3
Riquna Williams,2021,5,2021-05-26,31.0,LVA,away,PHO,6.0,1,30.5,2,9,.222,2,8,.250,3,3,1.000,0,2,2,2,3,0,0,1,9,8.1
Riquna Williams,2021,6,2021-05-28,31.0,LVA,home,IND,36.0,1,38.5,5,11,.455,4,8,.500,4,5,.800,0,6,6,2,2,0,0,3,18,15.9
Riquna Williams,2021,7,2021-05-30,31.0,LVA,home,IND,23.0,1,31.9,6,11,.545,4,5,.800,0,0,,0,2,2,1,2,0,0,2,16,13.2
Riquna Williams,2021,8,2021-06-01,31.0,LVA,away,CON,-7.0,1,27.7,0,2,.000,0,2,.000,0,0,,0,2,2,3,1,0,0,1,0,1.9
Riquna Williams,2021,9,2021-06-03,31.0,LVA,away,NYL,12.0,1,24.7,2,8,.250,2,6,.333,2,2,1.000,0,1,1,1,0,0,0,0,8,4.2
Riquna Williams,2021,10,2021-06-05,31.0,LVA,away,WAS,3.0,1,30.3,5,10,.500,4,6,.667,6,8,.750,0,4,4,1,2,0,2,2,20,15.3
Riquna Williams,2021,11,2021-06-13,31.0,LVA,home,DAL,7.0,1,31.9,4,9,.444,1,6,.167,0,0,,0,5,5,2,1,0,0,3,9,7.0
Riquna Williams,2021,12,2021-06-15,31.0,LVA,home,NYL,22.0,1,12.5,1,4,.250,0,3,.000,2,2,1.000,0,3,3,1,0,0,1,3,4,1.0
Riquna Williams,2021,13,2021-06-17,31.1,LVA,home,NYL,27.0,1,20.0,4,9,.444,3,8,.375,0,0,,0,0,0,0,0,0,1,2,11,4.5
Riquna Williams,2021,14,2021-06-25,31.1,LVA,away,MIN,-1.0,1,19.2,1,4,.250,1,3,.333,0,0,,0,2,2,1,0,0,0,0,3,1.9
Riquna Williams,2021,15,2021-06-27,31.1,LVA,home,SEA,3.0,1,25.1,4,6,.667,4,6,.667,0,0,,0,2,2,0,1,0,2,2,12,8.2
Riquna Williams,2021,16,2021-06-30,31.1,LVA,away,LAS,24.0,1,22.8,5,11,.455,4,10,.400,0,0,,1,7,8,2,1,0,0,1,14,13.1
Riquna Williams,2021,17,2021-07-02,31.1,LVA,away,LAS,8.0,1,29.9,1,4,.250,1,4,.250,0,0,,1,0,1,1,2,0,2,1,3,1.6
Riquna Williams,2021,18,2021-07-04,31.1,LVA,home,ATL,23.0,1,25.8,5,8,.625,3,6,.500,0,0,,0,2,2,3,1,0,1,0,13,12.1
Riquna Williams,2021,19,2021-07-07,31.1,LVA,home,PHO,-9.0,1,21.0,1,3,.333,0,1,.000,0,0,,0,2,2,0,0,1,0,0,2,1.6
Riquna Williams,2021,20,2021-07-09,31.1,LVA,home,MIN,-10.0,1,22.0,3,7,.429,1,2,.500,2,2,1.000,0,0,0,0,0,1,0,0,9,6.0
Riquna Williams,2021,21,2021-07-11,31.1,LVA,away,DAL,16.0,1,26.4,3,7,.429,0,1,.000,3,3,1.000,0,0,0,2,0,2,2,2,9,5.3
Riquna Williams,2021,22,2021-08-15,31.2,LVA,home,WAS,1.0,1,22.7,3,7,.429,1,4,.250,2,2,1.000,1,2,3,0,0,0,3,2,9,2.8
Riquna Williams,2021,23,2021-08-17,31.2,LVA,home,WAS,10.0,1,26.2,3,6,.500,2,3,.667,2,2,1.000,0,5,5,1,0,0,0,3,10,8.0
Riquna Williams,2021,24,2021-08-24,31.2,LVA,away,CON,-14.0,1,20.9,2,7,.286,1,4,.250,2,2,1.000,0,6,6,1,0,0,0,1,7,5.0
Riquna Williams,2021,25,2021-08-26,31.2,LVA,away,ATL,7.0,1,35.8,2,8,.250,2,6,.333,0,0,,0,3,3,1,0,0,1,2,6,1.0
Riquna Williams,2021,26,2021-08-28,31.3,LVA,away,IND,16.0,1,26.8,6,10,.600,2,3,.667,1,1,1.000,1,2,3,2,0,0,0,0,15,13.1
Riquna Williams,2021,27,2021-09-02,31.3,LVA,home,CHI,7.0,1,35.9,8,15,.533,3,4,.750,2,2,1.000,0,4,4,3,1,0,1,2,21,16.2
Riquna Williams,2021,28,2021-09-05,31.3,LVA,away,CHI,-8.0,1,24.1,5,11,.455,1,4,.250,3,4,.750,0,1,1,2,2,0,0,3,14,10.4
Riquna Williams,2021,29,2021-09-08,31.3,LVA,home,MIN,21.0,1,28.4,6,11,.545,3,4,.750,1,1,1.000,0,4,4,3,1,1,1,0,16,14.7
Riquna Williams,2021,30,2021-09-13,31.3,LVA,home,DAL,10.0,1,30.1,5,12,.417,2,7,.286,4,4,1.000,1,0,1,2,1,1,0,2,16,12.6
Riquna Williams,2021,31,2021-09-17,31.3,LVA,away,CHI,33.0,1,22.7,8,12,.667,3,6,.500,3,3,1.000,1,1,2,3,1,1,0,1,22,21.2
Riquna Williams,2021,32,2021-09-19,31.3,LVA,away,PHO,1.0,1,22.3,4,7,.571,3,4,.750,2,2,1.000,0,1,1,0,1,0,1,1,13,9.6
Riquna Williams,2022,1,2022-05-13,32.0,LVA,away,ATL,23.0,0,16.2,4,9,.444,4,9,.444,2,2,1.000,0,1,1,1,1,0,0,2,14,10.5
Riquna Williams,2022,2,2022-05-17,32.0,LVA,home,PHO,12.0,0,16.3,1,4,.250,0,3,.000,2,5,.400,0,3,3,1,0,0,0,3,4,0.8
Riquna Williams,2022,3,2022-06-27,32.1,LVA,away,LAS,6.0,0,12.4,1,4,.250,1,3,.333,0,0,,0,1,1,1,0,0,0,1,3,1.2
Riquna Williams,2022,4,2022-06-29,32.1,LVA,away,SEA,-10.0,0,16.3,2,5,.400,1,4,.250,0,0,,0,1,1,3,0,0,1,1,5,3.3
Riquna Williams,2022,5,2022-07-01,32.1,LVA,away,MIN,6.0,0,14.0,1,4,.250,1,3,.333,0,0,,0,1,1,1,0,1,1,0,3,1.3
Riquna Williams,2022,6,2022-07-03,32.1,LVA,away,MIN,-31.0,0,19.4,2,10,.200,2,8,.250,0,0,,0,0,0,1,2,0,0,2,6,1.7
Riquna Williams,2022,7,2022-07-06,32.1,LVA,home,NYL,-9.0,0,22.6,2,5,.400,2,5,.400,1,2,.500,1,0,1,2,0,0,1,0,7,5.0
Riquna Williams,2022,8,2022-07-12,32.1,LVA,away,NYL,6.0,0,23.6,1,3,.333,1,2,.500,3,3,1.000,0,2,2,2,0,0,0,6,6,3.9
Riquna Williams,2022,9,2022-07-14,32.1,LVA,away,NYL,34.0,0,17.7,5,8,.625,3,6,.500,0,0,,1,2,3,0,1,0,1,4,13,9.1
Riquna Williams,2022,10,2022-07-17,32.1,LVA,away,CON,8.0,0,22.2,4,8,.500,3,6,.500,0,0,,1,2,3,2,1,0,0,1,11,10.3
Riquna Williams,2022,11,2022-07-19,32.1,LVA,home,ATL,-16.0,0,25.9,2,5,.400,2,4,.500,2,3,.667,0,1,1,0,1,0,0,3,8,5.0
Riquna Williams,2022,12,2022-07-21,32.1,LVA,home,IND,13.0,0,14.1,1,7,.143,1,6,.167,0,0,,0,2,2,3,1,0,0,0,3,2.2
Riquna Williams,2022,13,2022-07-23,32.2,LVA,home,LAS,18.0,0,18.6,3,5,.600,2,4,.500,0,0,,0,2,2,1,1,1,0,3,8,7.5
Riquna Williams,2022,14,2022-07-29,32.2,LVA,away,IND,21.0,0,19.6,3,9,.333,3,7,.429,0,0,,1,2,3,1,0,0,0,2,9,5.1
Riquna Williams,2022,15,2022-07-31,32.2,LVA,away,IND,25.0,0,17.7,2,4,.500,0,2,.000,2,2,1.000,0,1,1,1,0,0,0,2,6,4.2
Riquna Williams,2022,16,2022-08-02,32.2,LVA,away,WAS,-10.0,0,15.0,0,3,.000,0,3,.000,0,0,,0,0,0,1,0,0,0,0,0,-1.4
Riquna Williams,2022,17,2022-08-04,32.2,LVA,away,DAL,-2.0,0,13.7,0,2,.000,0,2,.000,0,0,,0,5,5,1,0,0,1,0,0,-0.2
Riquna Williams,2022,18,2022-08-07,32.2,LVA,away,SEA,8.0,0,16.3,2,5,.400,2,5,.400,2,2,1.000,0,4,4,0,0,1,1,0,8,6.2
Riquna Williams,2022,19,2022-08-09,32.2,LVA,home,ATL,7.0,0,15.2,1,2,.500,1,1,1.000,0,0,,0,1,1,0,0,0,0,4,3,0.7
Riquna Williams,2022,20,2022-08-11,32.2,LVA,home,CHI,11.0,0,19.4,5,8,.625,2,4,.500,0,0,,1,2,3,1,1,0,0,0,12,11.4
Riquna Williams,2022,21,2022-08-14,32.2,LVA,home,SEA,9.0,0,21.4,3,8,.375,3,6,.500,2,2,1.000,0,4,4,2,0,0,0,1,11,8.8
Maya Caldwell,2022,1,2022-06-21,23.5,ATL,home,DAL,5.0,1,29.5,7,11,0.636,4,5,0.8,0,0,,0,1,1,4,2,0,5,1,18,12.8
Maya Caldwell,2022,2,2022-06-24,23.5,ATL,home,NYL,-12.0,1,15.9,2,5,0.4,1,2,0.5,0,0,,0,1,1,1,0,0,1,1,5,1.9
Maya Caldwell,2022,3,2022-06-26,23.5,ATL,home,CON,-11.0,1,16.8,1,4,0.25,0,1,0.0,1,2,0.5,1,0,1,2,0,0,0,1,3,1.9
Maya Caldwell,2022,4,2022-08-03,23.6,ATL,home,IND,10.0,0,22.7,4,10,0.4,2,5,0.4,0,0,,1,6,7,6,1,1,1,3,10,10.8
Maya Caldwell,2022,5,2022-08-05,23.6,ATL,home,LAS,2.0,0,25.4,4,11,0.364,2,5,0.4,2,2,1.0,0,2,2,1,1,0,1,3,12,6.0
Maya Caldwell,2022,6,2022-08-07,23.6,ATL,away,MIN,-10.0,1,31.1,4,9,0.444,2,2,1.0,0,0,,1,3,4,1,0,1,2,3,10,5.1
Maya Caldwell,2022,7,2022-08-09,23.6,ATL,away,LVA,-7.0,1,27.2,7,9,0.778,3,5,0.6,0,0,,1,0,1,2,0,0,1,1,17,14.2
Maya Caldwell,2022,8,2022-08-12,23.7,ATL,home,NYL,-10.0,1,24.8,4,8,0.5,0,2,0.0,1,1,1.0,1,0,1,2,1,0,2,1,9,5.7
Maya Caldwell,2022,9,2022-08-14,23.7,ATL,away,NYL,-4.0,1,20.1,5,7,0.714,4,5,0.8,0,0,,0,4,4,1,2,0,1,1,14,13.6
Maya Caldwell,2023,1,2023-05-19,24.4,IND,home,CON,-9.0,0,24.5,1,5,.200,1,3,.333,0,0,,0,2,2,3,1,0,1,0,3,2.6
Maya Caldwell,2023,2,2023-05-21,24.4,IND,away,NYL,-17.0,0,11.1,1,5,.200,0,2,.000,0,0,,0,0,0,1,0,0,1,1,2,-1.8
Maya Caldwell,2023,3,2023-05-28,24.4,IND,away,ATL,3.0,0,9.2,1,3,.333,0,2,.000,0,0,,0,0,0,2,0,0,0,0,2,1.7
Maya Caldwell,2023,4,2023-05-30,24.5,IND,away,CON,-3.0,0,18.2,2,5,.400,0,1,.000,1,1,1.000,0,1,1,0,1,0,0,4,5,2.0
Maya Caldwell,2023,5,2023-06-04,24.5,IND,home,LVA,-4.0,0,2.0,0,2,.000,0,0,,0,0,,0,0,0,0,0,0,0,0,0,-1.4
Maya Caldwell,2023,6,2023-06-09,24.5,IND,away,MIN,2.0,0,4.1,0,0,,0,0,,0,0,,0,0,0,1,0,0,0,1,0,0.3
Maya Caldwell,2023,7,2023-06-11,24.5,IND,home,PHO,-3.0,0,3.7,0,1,.000,0,0,,0,0,,1,0,1,1,0,0,0,2,0,-0.1
Maya Caldwell,2023,8,2023-06-13,24.5,IND,home,WAS,21.0,0,6.9,0,1,.000,0,1,.000,0,0,,0,0,0,1,0,0,1,1,0,-1.4
Maya Caldwell,2023,9,2023-06-15,24.5,IND,away,CHI,2.0,0,17.1,2,3,.667,1,2,.500,1,2,.500,0,1,1,0,0,0,1,1,6,3.2
Maya Caldwell,2023,10,2023-06-18,24.5,IND,home,ATL,-6.0,0,13.1,1,2,.500,0,0,,0,0,,1,0,1,1,1,0,1,0,2,2.4
Maya Caldwell,2023,11,2023-06-22,24.5,IND,away,SEA,12.0,0,24.9,1,4,.250,0,2,.000,2,2,1.000,0,1,1,0,0,1,1,2,4,0.8
Maya Caldwell,2023,12,2023-06-24,24.5,IND,away,LVA,-13.0,0,4.8,0,0,,0,0,,0,0,,0,0,0,0,0,0,1,0,0,-1.0
Maya Caldwell,2023,13,2023-06-26,24.5,IND,away,LVA,-8.0,0,6.3,2,3,.667,0,0,,1,1,1.000,1,0,1,1,1,0,0,1,5,5.7
Maya Caldwell,2023,14,2023-06-29,24.5,IND,away,PHO,-22.0,0,11.7,1,3,.333,1,1,1.000,0,0,,0,1,1,1,0,0,1,0,3,1.3
Maya Caldwell,2023,15,2023-07-02,24.5,IND,home,CHI,-2.0,0,27.0,2,5,.400,0,2,.000,1,1,1.000,0,1,1,0,0,0,1,0,5,1.6
Maya Caldwell,2023,16,2023-07-05,24.6,IND,away,MIN,-7.0,0,13.0,2,4,.500,1,2,.500,1,1,1.000,0,0,0,2,0,1,2,1,6,3.7
Maya Caldwell,2023,17,2023-07-07,24.6,IND,away,WAS,-8.0,0,4.7,0,1,.000,0,1,.000,0,0,,0,0,0,1,0,0,1,1,0,-1.4
Maya Caldwell,2023,18,2023-07-09,24.6,IND,home,DAL,-1.0,0,4.2,0,1,.000,0,0,,0,0,,0,1,1,1,1,0,1,3,0,-0.9
Maya Caldwell,2023,19,2023-07-12,24.6,IND,home,NYL,-8.0,1,6.4,0,0,,0,0,,0,0,,0,1,1,0,0,0,1,3,0,-1.9
Maya Caldwell,2023,20,2023-07-19,24.6,IND,away,WAS,6.0,0,5.4,1,3,.333,0,1,.000,0,0,,0,2,2,0,0,0,1,0,2,-0.1
Maya Caldwell,2023,21,2023-07-23,24.6,IND,away,NYL,-18.0,0,14.4,1,4,.250,0,1,.000,0,0,,3,2,5,1,1,0,1,0,2,3.0
Maya Caldwell,2023,22,2023-07-30,24.6,IND,home,SEA,-23.0,0,2.7,0,0,,0,0,,0,0,,0,0,0,0,0,0,1,0,0,-1.0
Maya Caldwell,2023,23,2023-08-01,24.6,IND,home,PHO,1.0,0,0.6,0,0,,0,0,,0,0,,0,0,0,0,0,0,0,0,0,0.0
Maya Caldwell,2023,24,2023-08-04,24.6,IND,home,CON,-16.0,0,11.6,1,3,.333,0,1,.000,2,2,1.000,2,1,3,1,0,0,2,1,4,2.3
Maya Caldwell,2023,25,2023-08-06,24.6,IND,away,ATL,-9.0,0,9.6,0,0,,0,0,,0,0,,0,0,0,0,1,0,2,0,0,-1.0
Maya Caldwell,2023,26,2023-08-24,24.7,IND,home,SEA,4.0,0,6.3,0,1,.000,0,1,.000,0,0,,0,1,1,1,0,0,0,1,0,-0.1
Maya Caldwell,2023,27,2023-09-03,24.7,IND,away,DAL,13.0,0,5.2,0,2,.000,0,1,.000,0,0,,0,1,1,0,0,0,0,2,0,-1.9
Maya Caldwell,2023,28,2023-09-05,24.7,IND,home,CHI,-27.0,0,13.8,2,5,.400,0,2,.000,2,2,1.000,0,2,2,0,2,0,0,1,6,5.5
Maya Caldwell,2023,29,2023-09-08,24.7,IND,away,CON,-17.0,0,14.6,0,4,.000,0,2,.000,1,2,.500,0,0,0,0,0,1,0,0,1,-1.5
Maya Caldwell,2023,30,2023-09-10,24.7,IND,home,MIN,15.0,0,7.0,0,2,.000,0,1,.000,0,0,,1,0,1,0,0,0,1,1,0,-2.1
Liz Dixon,2023,1,2023-05-19,22.6,PHO,away,LAS,-23.0,0,4.6,0,1,0.0,0,0,,0,0,,0,0,0,0,0,0,0,0,0,-0.7
Liz Dixon,2023,2,2023-06-22,22.7,CON,away,MIN,21.0,0,4.4,1,1,1.0,0,0,,0,0,,0,0,0,0,0,0,0,0,2,1.7
Liz Dixon,2023,3,2023-06-25,22.7,CON,home,CHI,24.0,0,2.2,1,2,0.5,0,0,,0,0,,1,0,1,0,0,0,1,0,2,0.7
Liz Dixon,2023,4,2023-07-01,22.8,CON,away,LVA,-18.0,0,5.8,0,0,,0,0,,0,0,,0,1,1,1,0,0,0,0,0,1.0
Liz Dixon,2023,5,2023-07-06,22.8,CON,home,SEA,20.0,0,9.1,0,2,0.0,0,0,,0,0,,0,0,0,0,0,1,1,1,0,-2.1
Liz Dixon,2023,6,2023-07-20,22.8,PHO,home,CHI,18.0,0,1.4,0,0,,0,0,,0,0,,0,0,0,0,0,0,0,0,0,0.0
Liz Dixon,2023,7,2023-07-23,22.8,PHO,away,WAS,-15.0,0,1.0,0,0,,0,0,,0,0,,0,0,0,0,0,0,0,0,0,0.0
Liz Dixon,2023,8,2023-07-25,22.8,PHO,away,ATL,-13.0,0,2.8,0,1,0.0,0,0,,1,2,0.5,1,0,1,0,0,0,0,1,1,0.2
Liz Dixon,2023,9,2023-07-30,22.8,PHO,away,CHI,-19.0,0,3.4,0,1,0.0,0,0,,0,0,,1,0,1,0,0,0,0,0,0,0.0
Liz Dixon,2023,10,2023-08-01,22.8,PHO,away,IND,-1.0,0,0.9,0,0,,0,0,,0,0,,0,1,1,0,0,0,0,0,0,0.3
Liz Dixon,2023,11,2023-08-03,22.8,PHO,home,ATL,20.0,0,6.8,1,2,0.5,0,0,,0,0,,3,1,4,2,0,0,0,0,2,4.8
Liz Dixon,2023,12,2023-08-18,22.9,PHO,home,NYL,-22.0,0,12.8,2,3,0.667,0,0,,2,2,1.0,2,1,3,0,0,1,0,0,6,7.1
Liz Dixon,2023,13,2023-08-20,22.9,PHO,home,IND,-10.0,0,9.0,1,1,1.0,0,0,,0,0,,0,2,2,0,0,0,2,2,2,-0.5
Liz Dixon,2023,14,2023-08-23,22.9,PHO,away,LAS,-29.0,0,13.8,4,5,0.8,0,0,,4,4,1.0,1,0,1,0,0,1,0,0,12,11.5
Victaria Saxton,2023,1,2023-05-19,23.5,IND,home,CON,-9.0,0,0.8,0,0,,0,0,,0,0,,0,0,0,0,0,0,0,2,0,-0.8
Victaria Saxton,2023,2,2023-05-21,23.5,IND,away,NYL,-17.0,0,1.4,0,0,,0,0,,0,0,,0,1,1,0,0,0,0,0,0,0.3
Victaria Saxton,2023,3,2023-06-22,23.6,IND,away,SEA,12.0,0,2.5,0,1,0.0,0,0,,0,0,,0,2,2,0,0,0,2,2,0,-2.9
Victaria Saxton,2023,4,2023-06-24,23.6,IND,away,LVA,-13.0,0,1.1,0,0,,0,0,,0,0,,0,0,0,0,0,0,0,0,0,0.0
Victaria Saxton,2023,5,2023-06-29,23.6,IND,away,PHO,-22.0,0,1.9,0,1,0.0,0,0,,0,0,,1,0,1,0,0,0,0,0,0,0.0
Victaria Saxton,2023,6,2023-07-12,23.7,IND,home,NYL,-8.0,0,2.4,0,1,0.0,0,0,,0,0,,0,0,0,0,0,0,1,0,0,-1.7
Victaria Saxton,2023,7,2023-07-23,23.7,IND,away,NYL,-18.0,0,3.0,0,0,,0,0,,0,0,,0,1,1,0,0,0,0,0,0,0.3
Victaria Saxton,2023,8,2023-07-30,23.7,IND,home,SEA,-23.0,0,10.2,2,4,0.5,1,1,1.0,0,0,,1,0,1,0,0,0,0,0,5,3.7
Victaria Saxton,2023,9,2023-08-01,23.7,IND,home,PHO,1.0,0,9.0,1,5,0.2,0,1,0.0,2,2,1.0,0,1,1,0,0,0,1,2,4,-0.6
Victaria Saxton,2023,10,2023-08-04,23.7,IND,home,CON,-16.0,0,3.5,1,1,1.0,0,0,,3,3,1.0,0,1,1,0,0,0,2,1,5,2.6
Victaria Saxton,2023,11,2023-08-06,23.7,IND,away,ATL,-9.0,0,0.3,0,0,,0,0,,0,0,,0,0,0,0,0,0,0,0,0,0.0
Victaria Saxton,2023,12,2023-08-20,23.8,IND,away,PHO,10.0,0,3.2,1,1,1.0,0,0,,0,0,,0,0,0,0,0,0,0,0,2,1.7
Victaria Saxton,2023,13,2023-08-27,23.8,IND,home,ATL,3.0,0,4.8,0,2,0.0,0,0,,1,2,0.5,0,1,1,0,0,0,0,0,1,-0.5
Victaria Saxton,2023,14,2023-09-05,23.8,IND,home,CHI,-27.0,0,4.4,1,1,1.0,0,0,,0,0,,0,0,0,0,1,0,0,0,2,2.7
Victaria Saxton,2023,15,2023-09-08,23.8,IND,away,CON,-17.0,0,5.3,0,1,0.0,0,0,,0,0,,0,1,1,0,0,0,0,2,0,-1.2
Morgan Bertsch,2023,1,2023-05-19,26.1,CHI,away,MIN,11.0,1,19.9,3,7,.429,0,1,.000,0,0,,0,2,2,4,0,2,2,4,6,3.5
Morgan Bertsch,2023,2,2023-05-21,26.1,CHI,away,PHO,6.0,1,24.1,4,6,.667,0,0,,0,0,,1,6,7,2,0,1,2,1,8,7.6
Morgan Bertsch,2023,3,2023-05-26,26.1,CHI,home,WAS,-2.0,1,12.8,1,1,1.000,0,0,,0,0,,0,2,2,1,0,1,0,0,2,3.7
Morgan Bertsch,2023,4,2023-06-18,26.2,CHI,away,WAS,-8.0,0,22.9,6,9,.667,4,5,.800,0,0,,2,5,7,0,0,0,3,4,16,10.4
Morgan Bertsch,2023,5,2023-06-22,26.2,CHI,home,WAS,-21.0,0,18.2,1,6,.167,0,2,.000,5,5,1.000,0,1,1,0,0,0,2,1,7,1.1
Morgan Bertsch,2023,6,2023-06-25,26.2,CHI,away,CON,-24.0,0,8.3,0,3,.000,0,1,.000,0,0,,0,1,1,1,0,0,1,0,0,-2.1
Morgan Bertsch,2023,7,2023-06-28,26.2,CHI,home,LAS,17.0,0,14.3,2,3,.667,0,0,,0,0,,0,3,3,2,0,0,2,4,4,1.4
Morgan Bertsch,2023,8,2023-06-30,26.2,CHI,home,LAS,8.0,0,21.1,2,4,.500,0,0,,0,0,,1,0,1,0,2,1,3,5,4,0.4
Morgan Bertsch,2023,9,2023-07-02,26.2,CHI,away,IND,2.0,0,22.3,2,4,.500,1,3,.333,1,2,.500,0,3,3,0,1,0,1,4,6,2.9
Morgan Bertsch,2023,10,2023-07-07,26.2,CHI,home,ATL,-14.0,0,19.7,3,6,.500,1,2,.500,0,0,,0,1,1,0,1,1,0,2,7,5.2
Morgan Bertsch,2023,11,2023-07-09,26.2,CHI,home,ATL,-11.0,0,18.8,2,7,.286,1,2,.500,0,0,,0,0,0,1,0,0,0,2,5,0.8
Morgan Bertsch,2023,12,2023-07-12,26.2,CHI,home,CON,-12.0,0,16.5,2,4,.500,1,2,.500,0,0,,0,0,0,1,0,1,1,2,5,2.6
Morgan Bertsch,2023,13,2023-07-20,26.2,CHI,away,PHO,-18.0,0,11.2,1,2,.500,0,1,.000,0,1,.000,0,0,0,1,1,0,2,1,2,-0.1
Morgan Bertsch,2023,14,2023-07-22,26.3,CHI,away,SEA,15.0,0,13.3,1,4,.250,1,3,.333,1,2,.500,1,0,1,1,1,0,4,0,4,-0.4
Morgan Bertsch,2023,15,2023-07-25,26.3,CHI,home,LVA,-12.0,0,7.7,0,2,.000,0,2,.000,0,0,,0,0,0,0,0,0,1,3,0,-3.6
Morgan Bertsch,2023,16,2023-07-30,26.3,CHI,home,PHO,19.0,0,8.9,0,2,.000,0,0,,0,0,,1,1,2,0,0,0,0,1,0,-0.8
Morgan Bertsch,2023,17,2023-08-04,26.3,CHI,away,DAL,15.0,0,9.0,0,0,,0,0,,0,0,,0,2,2,1,0,0,0,3,0,0.1
Morgan Bertsch,2023,18,2023-08-06,26.3,CHI,away,DAL,8.0,0,14.9,3,3,1.000,3,3,1.000,2,2,1.000,2,3,5,0,0,0,3,5,11,7.4
Morgan Bertsch,2023,19,2023-08-08,26.3,CHI,home,MIN,-9.0,0,14.9,1,2,.500,1,1,1.000,1,2,.500,1,2,3,1,0,0,2,1,4,2.2
Morgan Bertsch,2023,20,2023-08-11,26.3,CHI,away,NYL,-16.0,0,4.7,0,0,,0,0,,0,0,,0,0,0,0,0,0,0,0,0,0.0
Morgan Bertsch,2023,21,2023-08-13,26.3,CHI,away,WAS,-7.0,0,5.0,1,1,1.000,0,0,,0,0,,0,0,0,0,0,0,0,1,2,1.3
Morgan Bertsch,2023,22,2023-08-18,26.3,CHI,away,ATL,-11.0,0,8.4,0,0,,0,0,,0,0,,1,0,1,0,0,0,0,0,0,0.7
Morgan Bertsch,2023,23,2023-08-22,26.3,CHI,home,SEA,23.0,0,4.7,1,3,.333,0,1,.000,0,0,,0,0,0,0,1,0,0,0,2,1.3
Morgan Bertsch,2023,24,2023-08-27,26.4,CHI,away,SEA,5.0,0,14.0,3,8,.375,0,2,.000,0,0,,0,0,0,0,0,0,0,0,6,1.6
Morgan Bertsch,2023,25,2023-08-29,26.4,CHI,away,LAS,1.0,1,26.5,5,9,.556,2,3,.667,0,0,,2,1,3,1,2,0,1,3,12,9.9
Morgan Bertsch,2023,26,2023-09-03,26.4,CHI,home,NYL,-17.0,1,17.7,0,3,.000,0,1,.000,2,2,1.000,0,0,0,0,1,0,0,1,2,0.5
Morgan Bertsch,2023,27,2023-09-05,26.4,CHI,away,IND,27.0,0,7.8,0,1,.000,0,0,,0,0,,0,1,1,0,0,0,0,2,0,-1.2
Morgan Bertsch,2023,28,2023-09-10,26.4,CHI,away,CON,11.0,0,10.0,3,3,1.000,1,1,1.000,0,0,,0,1,1,2,0,0,0,0,7,7.8
Jessica Shepard,2021,1,2021-05-14,24.7,MIN,home,PHO,-2.0,0,4.8,0,0,,0,0,,0,0,,0,1,1,0,0,0,0,0,0,0.3
Jessica Shepard,2021,2,2021-05-18,24.7,MIN,away,NYL,-11.0,0,18.4,3,4,.750,1,1,1.000,5,5,1.000,4,2,6,3,0,0,0,2,12,15.1
Jessica Shepard,2021,3,2021-05-20,24.7,MIN,home,SEA,-12.0,0,18.9,2,7,.286,0,4,.000,0,0,,1,3,4,5,0,0,2,1,4,2.6
Jessica Shepard,2021,4,2021-05-28,24.7,MIN,away,SEA,-10.0,0,7.8,0,2,.000,0,0,,0,0,,1,1,2,0,0,0,1,2,0,-2.2
Jessica Shepard,2021,5,2021-05-30,24.7,MIN,home,CON,5.0,0,0.9,0,0,,0,0,,0,0,,0,0,0,0,0,0,0,0,0,0.0
Jessica Shepard,2021,6,2021-06-04,24.7,MIN,home,ATL,2.0,0,6.4,0,0,,0,0,,0,0,,0,1,1,2,0,1,3,3,0,-1.8
Jessica Shepard,2021,7,2021-06-06,24.7,MIN,home,ATL,20.0,0,3.6,0,2,.000,0,1,.000,0,0,,0,0,0,0,0,0,0,0,0,-1.4
Jessica Shepard,2021,8,2021-06-25,24.8,MIN,home,LVA,1.0,0,10.9,0,0,,0,0,,0,0,,1,3,4,3,0,0,2,1,0,1.3
Jessica Shepard,2021,9,2021-06-30,24.8,MIN,away,PHO,6.0,0,12.0,0,2,.000,0,1,.000,0,0,,1,2,3,2,0,0,0,0,0,1.3
Jessica Shepard,2021,10,2021-07-03,24.8,MIN,away,PHO,31.0,0,21.1,1,4,.250,0,2,.000,2,2,1.000,1,5,6,6,1,0,1,1,4,7.6
Jessica Shepard,2021,11,2021-07-07,24.8,MIN,home,DAL,6.0,0,8.9,0,0,,0,0,,0,0,,1,2,3,0,1,1,1,0,0,2.0
Jessica Shepard,2021,12,2021-07-09,24.8,MIN,away,LVA,10.0,0,13.4,2,3,.667,0,0,,0,0,,0,4,4,1,0,0,0,0,4,4.6
Jessica Shepard,2021,13,2021-07-11,24.8,MIN,away,LAS,25.0,0,13.1,2,5,.400,0,1,.000,1,3,.333,5,2,7,5,0,0,1,2,5,7.3
Jessica Shepard,2021,14,2021-08-17,24.9,MIN,away,CON,-12.0,0,1.8,0,0,,0,0,,0,0,,0,0,0,0,0,0,0,0,0,0.0
Jessica Shepard,2021,15,2021-08-19,24.9,MIN,away,CON,-11.0,0,6.6,1,2,.500,0,0,,0,0,,0,0,0,1,1,0,0,1,2,2.3
Jessica Shepard,2021,16,2021-08-31,25.0,MIN,home,NYL,8.0,0,18.6,0,1,.000,0,0,,2,2,1.000,2,6,8,1,0,1,0,0,2,5.9
Jessica Shepard,2021,17,2021-09-02,25.0,MIN,home,LAS,9.0,0,7.6,0,0,,0,0,,0,0,,1,3,4,2,0,0,1,0,0,2.0
Jessica Shepard,2021,18,2021-09-04,25.0,MIN,home,WAS,18.0,0,7.0,2,3,.667,0,1,.000,0,0,,0,4,4,0,0,0,1,1,4,2.5
Jessica Shepard,2021,19,2021-09-08,25.0,MIN,away,LVA,-21.0,0,14.2,0,1,.000,0,0,,0,0,,2,3,5,3,0,1,4,3,0,-0.8
Jessica Shepard,2021,20,2021-09-10,25.0,MIN,home,IND,17.0,0,17.5,2,4,.500,0,1,.000,0,0,,3,4,7,2,0,0,0,1,4,6.3
Jessica Shepard,2021,21,2021-09-12,25.0,MIN,home,IND,10.0,0,2.4,0,0,,0,0,,0,0,,0,0,0,0,0,0,1,0,0,-1.0
Jessica Shepard,2021,22,2021-09-17,25.0,MIN,away,IND,19.0,0,14.8,1,4,.250,0,0,,2,4,.500,1,1,2,2,0,0,0,2,4,2.4
Jessica Shepard,2022,1,2022-05-06,25.6,MIN,away,SEA,-23.0,1,31.1,4,10,.400,1,3,.333,0,1,.000,4,8,12,5,0,0,4,4,9,6.3
Jessica Shepard,2022,2,2022-05-08,25.7,MIN,home,WAS,-12.0,1,36.2,6,12,.500,2,4,.500,2,2,1.000,4,8,12,4,0,1,0,3,16,17.5
Jessica Shepard,2022,3,2022-05-10,25.7,MIN,away,IND,-6.0,1,38.3,4,9,.444,0,1,.000,2,3,.667,5,5,10,9,1,0,3,3,10,13.0
Jessica Shepard,2022,4,2022-05-14,25.7,MIN,home,CHI,-4.0,1,20.9,2,6,.333,0,1,.000,1,2,.500,0,2,2,3,0,0,2,2,5,1.1
Jessica Shepard,2022,5,2022-05-17,25.7,MIN,away,LAS,3.0,1,26.2,4,6,.667,1,1,1.000,1,2,.500,3,6,9,3,0,0,1,4,10,10.4
Jessica Shepard,2022,6,2022-05-19,25.7,MIN,away,LVA,-6.0,1,35.4,5,7,.714,0,1,.000,4,5,.800,2,13,15,3,1,1,1,1,14,18.4
Jessica Shepard,2022,7,2022-05-21,25.7,MIN,away,DAL,-16.0,1,35.0,5,7,.714,0,0,,4,4,1.000,2,1,3,2,1,1,1,2,14,14.1
Jessica Shepard,2022,8,2022-05-24,25.7,MIN,home,NYL,6.0,1,33.3,4,10,.400,0,1,.000,0,0,,2,9,11,4,0,0,0,3,8,8.3
Jessica Shepard,2022,9,2022-05-29,25.7,MIN,home,LAS,-2.0,1,32.7,0,1,.000,0,0,,5,6,.833,1,5,6,1,0,0,1,2,5,5.0
Jessica Shepard,2022,10,2022-06-01,25.7,MIN,away,ATL,-8.0,1,13.2,0,2,.000,0,0,,0,2,.000,1,1,2,1,0,0,2,1,0,-2.9
Jessica Shepard,2022,11,2022-06-05,25.7,MIN,away,NYL,7.0,1,29.7,2,6,.333,0,1,.000,2,2,1.000,1,3,4,3,1,0,2,1,6,4.9
Jessica Shepard,2022,12,2022-06-07,25.7,MIN,away,NYL,-19.0,1,28.3,2,8,.250,0,1,.000,5,5,1.000,5,2,7,2,1,0,2,2,9,7.9
Jessica Shepard,2022,13,2022-06-10,25.7,MIN,home,WAS,-17.0,1,26.6,1,5,.200,0,0,,3,6,.500,3,12,15,1,0,0,4,2,5,2.3
Jessica Shepard,2022,14,2022-06-12,25.8,MIN,home,IND,-4.0,1,26.8,3,8,.375,0,0,,3,4,.750,2,1,3,1,0,0,1,2,9,4.8
Jessica Shepard,2022,15,2022-06-14,25.8,MIN,home,SEA,-2.0,0,23.3,6,9,.667,0,0,,0,0,,1,5,6,2,0,1,1,2,12,10.6
Jessica Shepard,2022,16,2022-06-19,25.8,MIN,away,LVA,-1.0,0,28.0,9,11,.818,0,0,,4,5,.800,6,13,19,6,0,1,2,0,22,28.5
Jessica Shepard,2022,17,2022-06-21,25.8,MIN,away,PHO,13.0,0,31.1,2,4,.500,0,0,,2,2,1.000,4,9,13,5,1,0,0,1,6,13.6
Jessica Shepard,2022,18,2022-06-23,25.8,MIN,home,PHO,12.0,0,19.6,2,2,1.000,0,0,,5,5,1.000,2,7,9,3,0,0,1,1,9,12.6
Jessica Shepard,2022,19,2022-06-26,25.8,MIN,away,CHI,-3.0,0,25.8,6,8,.750,1,1,1.000,2,3,.667,1,7,8,2,1,0,0,4,15,15.0
Jessica Shepard,2022,20,2022-06-28,25.8,MIN,home,DAL,28.0,0,18.9,3,8,.375,0,1,.000,2,4,.500,3,3,6,1,1,2,1,1,8,7.5
Jessica Shepard,2022,21,2022-07-01,25.8,MIN,home,LVA,-6.0,0,17.0,0,5,.000,0,0,,0,0,,0,1,1,2,0,0,2,1,0,-4.2
Jessica Shepard,2022,22,2022-07-03,25.8,MIN,home,LVA,31.0,0,16.9,4,5,.800,1,2,.500,0,0,,0,8,8,4,0,0,2,0,9,10.3
Jessica Shepard,2022,23,2022-07-06,25.8,MIN,home,CHI,3.0,0,26.5,4,7,.571,0,1,.000,2,3,.667,0,6,6,3,1,1,1,1,10,10.5
Jessica Shepard,2022,24,2022-07-12,25.8,MIN,home,PHO,11.0,0,36.6,6,8,.750,0,0,,1,5,.200,5,7,12,4,2,0,4,4,13,13.0
Jessica Shepard,2022,25,2022-07-14,25.8,MIN,home,DAL,-5.0,0,14.5,0,1,.000,0,0,,2,2,1.000,0,1,1,2,0,0,1,1,2,1.6
Jessica Shepard,2022,26,2022-07-15,25.8,MIN,away,IND,10.0,0,23.3,4,8,.500,0,1,.000,3,3,1.000,0,3,3,5,1,0,1,3,11,10.2
Jessica Shepard,2022,27,2022-07-17,25.8,MIN,away,WAS,-13.0,0,23.6,0,1,.000,0,0,,2,2,1.000,5,7,12,7,0,0,1,4,2,9.2
Jessica Shepard,2022,28,2022-07-22,25.9,MIN,home,CON,-10.0,1,20.2,1,6,.167,0,2,.000,0,0,,0,1,1,2,0,1,3,2,2,-3.2
Jessica Shepard,2022,29,2022-07-24,25.9,MIN,home,CON,-7.0,1,30.5,3,5,.600,0,0,,0,0,,1,7,8,2,0,0,3,2,6,4.1
Jessica Shepard,2022,30,2022-07-28,25.9,MIN,away,ATL,7.0,1,27.8,2,4,.500,0,0,,0,1,.000,0,7,7,2,0,1,2,3,4,2.6
Jessica Shepard,2022,31,2022-07-31,25.9,MIN,away,LAS,7.0,1,34.5,2,5,.400,0,0,,1,2,.500,1,9,10,3,1,1,2,4,5,5.5
Jessica Shepard,2022,32,2022-08-03,25.9,MIN,away,SEA,-12.0,1,25.0,4,7,.571,0,1,.000,0,1,.000,1,4,5,1,0,0,1,3,8,4.7
Jessica Shepard,2022,33,2022-08-07,25.9,MIN,home,ATL,10.0,1,24.6,1,4,.250,0,0,,0,0,,2,4,6,4,0,0,3,1,2,1.6
Jessica Shepard,2022,34,2022-08-10,25.9,MIN,away,PHO,9.0,1,33.1,4,4,1.000,0,0,,7,8,.875,4,8,12,4,1,1,4,3,15,17.9
Jessica Shepard,2022,35,2022-08-12,25.9,MIN,home,SEA,-27.0,1,17.9,2,3,.667,0,0,,4,4,1.000,1,0,1,1,0,0,2,0,8,6.1
Jessica Shepard,2022,36,2022-08-14,25.9,MIN,away,CON,-7.0,0,8.3,1,3,.333,0,0,,0,0,,0,1,1,0,0,0,1,2,2,-1.2
Jessica Shepard,2023,1,2023-05-19,26.7,MIN,home,CHI,-11.0,1,31.6,3,5,.600,0,0,,2,2,1.000,3,5,8,7,2,0,1,2,8,14.4
Jessica Shepard,2023,2,2023-05-23,26.7,MIN,home,ATL,-6.0,1,32.0,4,6,.667,0,0,,0,2,.000,5,5,10,4,0,0,1,2,8,10.6
Jessica Shepard,2023,3,2023-05-25,26.7,MIN,away,PHO,-9.0,1,30.2,5,9,.556,0,0,,3,4,.750,0,3,3,2,1,0,1,3,13,9.4
Jessica Shepard,2023,4,2023-05-28,26.7,MIN,away,LVA,-21.0,1,33.6,1,4,.250,0,0,,2,2,1.000,5,10,15,7,0,0,1,3,4,10.8
Jessica Shepard,2023,5,2023-05-30,26.7,MIN,away,DAL,-5.0,1,40.0,6,7,.857,0,0,,3,4,.750,4,6,10,5,0,0,1,1,15,18.8
Jessica Shepard,2023,6,2023-06-01,26.7,MIN,home,CON,-5.0,1,38.4,4,8,.500,0,0,,3,4,.750,3,9,12,4,2,0,4,3,11,11.0
Jessica Shepard,2023,7,2023-06-03,26.7,MIN,away,WAS,2.0,1,32.7,4,8,.500,0,0,,2,2,1.000,1,5,6,6,0,0,2,0,10,10.4
Jessica Shepard,2023,8,2023-06-09,26.7,MIN,home,IND,-2.0,1,34.1,3,9,.333,0,0,,1,1,1.000,3,3,6,5,0,0,1,2,7,6.6
Jessica Shepard,2023,9,2023-06-11,26.7,MIN,home,LAS,5.0,1,23.9,3,6,.500,0,0,,2,2,1.000,2,11,13,0,0,0,2,1,8,7.3
Jessica Shepard,2023,10,2023-07-26,26.9,MIN,home,WAS,5.0,0,12.6,3,3,1.000,0,0,,2,2,1.000,0,3,3,0,1,0,1,0,8,8.0
Jessica Shepard,2023,11,2023-07-28,26.9,MIN,away,NYL,5.0,0,18.3,2,8,.250,0,0,,1,1,1.000,1,5,6,4,0,0,4,0,5,1.2
Jessica Shepard,2023,12,2023-07-30,26.9,MIN,away,CON,4.0,0,23.7,5,7,.714,0,1,.000,2,3,.667,1,13,14,2,0,1,1,3,12,13.2
Jessica Shepard,2023,13,2023-08-01,26.9,MIN,away,CON,-10.0,0,17.6,2,5,.400,0,0,,2,4,.500,2,2,4,0,1,0,0,0,6,5.5
Jessica Shepard,2023,14,2023-08-04,26.9,MIN,home,NYL,-10.0,1,29.5,3,7,.429,0,1,.000,1,2,.500,4,7,11,3,3,0,0,3,7,11.7
Jessica Shepard,2023,15,2023-08-08,26.9,MIN,away,CHI,9.0,1,36.3,4,5,.800,0,0,,9,10,.900,1,6,7,5,0,1,4,1,17,17.0
Jessica Shepard,2023,16,2023-08-10,26.9,MIN,away,IND,-18.0,1,27.8,4,5,.800,0,0,,5,5,1.000,3,4,7,2,1,0,0,2,13,16.0
Jessica Shepard,2023,17,2023-08-18,26.9,MIN,away,SEA,8.0,1,10.5,0,2,.000,0,0,,0,0,,2,1,3,0,0,0,1,2,0,-1.5
Jessica Shepard,2023,18,2023-08-20,26.9,MIN,home,SEA,-14.0,1,21.9,1,5,.200,0,0,,0,0,,2,2,4,2,0,0,0,2,2,1.5
Jessica Shepard,2023,19,2023-08-22,26.9,MIN,home,DAL,5.0,1,26.9,3,7,.429,0,0,,1,2,.500,0,1,1,3,1,0,2,3,7,3.1
Jessica Shepard,2023,20,2023-08-24,27.0,MIN,away,DAL,9.0,1,20.2,2,5,.400,0,0,,0,0,,2,3,5,4,0,0,1,5,4,3.4
Jessica Shepard,2023,21,2023-08-26,27.0,MIN,home,NYL,-35.0,1,22.9,3,5,.600,0,0,,0,1,.000,0,1,1,2,0,0,2,4,6,1.4
Kia Vaughn,2020,1,2020-07-25,33.5,PHO,home,LAS,-23.0,0,18.9,3,4,.750,0,0,,0,2,.000,3,1,4,2,0,1,0,0,6,8.1
Kia Vaughn,2020,2,2020-07-29,33.5,PHO,home,IND,-6.0,0,11.9,1,3,.333,0,1,.000,0,0,,0,1,1,0,0,0,1,4,2,-2.0
Kia Vaughn,2020,3,2020-07-31,33.5,PHO,home,LVA,7.0,0,15.6,2,3,.667,0,0,,1,3,.333,0,4,4,0,1,0,2,1,5,2.7
Kia Vaughn,2020,4,2020-08-02,33.5,PHO,home,NYL,29.0,0,17.4,2,3,.667,0,0,,1,2,.500,2,6,8,0,1,0,3,4,5,2.9
Kia Vaughn,2020,5,2020-08-04,33.5,PHO,home,ATL,7.0,0,3.8,0,2,.000,0,0,,0,0,,0,0,0,0,1,0,0,0,0,-0.4
Kia Vaughn,2020,6,2020-08-06,33.5,PHO,home,CHI,10.0,0,12.7,1,1,1.000,0,0,,0,0,,0,1,1,0,1,1,3,0,2,0.7
Kia Vaughn,2020,7,2020-08-08,33.5,PHO,home,SEA,-6.0,0,9.9,1,5,.200,0,0,,0,0,,1,0,1,1,0,0,0,0,2,0.3
Kia Vaughn,2020,8,2020-08-10,33.5,PHO,home,DAL,12.0,0,3.8,1,2,.500,0,0,,0,0,,0,0,0,2,0,1,0,1,2,2.7
Kia Vaughn,2020,9,2020-08-12,33.6,PHO,home,CHI,-18.0,0,11.6,1,2,.500,0,0,,0,0,,1,1,2,1,0,0,0,1,2,2.3
Kia Vaughn,2020,10,2020-08-14,33.6,PHO,home,ATL,16.0,0,16.8,3,4,.750,0,0,,1,2,.500,0,2,2,2,0,0,0,2,7,6.2
Kia Vaughn,2020,11,2020-08-16,33.6,PHO,home,DAL,-6.0,0,10.2,1,2,.500,0,0,,0,0,,2,0,2,0,0,0,2,0,2,0.4
Kia Vaughn,2020,12,2020-08-19,33.6,PHO,home,LAS,-9.0,0,7.9,0,1,.000,0,0,,0,0,,1,3,4,1,0,0,1,0,0,0.6
Kia Vaughn,2020,13,2020-08-21,33.6,PHO,home,MIN,-10.0,1,19.6,1,3,.333,0,0,,1,2,.500,2,3,5,2,0,0,2,3,3,1.4
Kia Vaughn,2020,14,2020-08-23,33.6,PHO,home,WAS,1.0,1,27.5,7,9,.778,0,0,,2,2,1.000,2,3,5,1,0,0,2,3,16,12.3
Kia Vaughn,2020,15,2020-08-28,33.6,PHO,home,WAS,22.0,1,31.7,6,9,.667,0,0,,4,4,1.000,0,4,4,6,2,1,2,2,16,17.4
Kia Vaughn,2020,16,2020-08-30,33.6,PHO,home,MIN,4.0,1,28.3,4,9,.444,0,0,,0,0,,1,1,2,2,1,0,1,1,8,5.3
Kia Vaughn,2020,17,2020-09-01,33.6,PHO,home,LVA,7.0,1,31.1,7,12,.583,0,1,.000,0,0,,1,4,5,2,0,1,1,3,14,10.2
Kia Vaughn,2020,18,2020-09-03,33.6,PHO,home,IND,24.0,1,23.8,4,11,.364,0,0,,0,0,,2,2,4,3,1,0,2,3,8,3.8
Kia Vaughn,2020,19,2020-09-05,33.6,PHO,home,NYL,16.0,1,28.7,6,14,.429,0,0,,0,0,,2,6,8,2,0,0,2,2,12,6.4
Kia Vaughn,2020,20,2020-09-07,33.6,PHO,home,CON,-15.0,1,31.1,4,10,.400,0,0,,1,2,.500,0,7,7,2,1,0,6,2,9,0.9
Kia Vaughn,2020,21,2020-09-09,33.6,PHO,home,CON,5.0,1,32.9,6,12,.500,0,0,,0,0,,2,5,7,3,1,2,1,5,12,10.4
Kia Vaughn,2020,22,2020-09-11,33.6,PHO,home,SEA,-23.0,1,20.4,1,6,.167,0,0,,0,0,,2,2,4,2,1,0,3,2,2,-1.2
Kia Vaughn,2021,1,2021-05-26,34.3,PHO,home,LVA,-6.0,0,23.2,4,9,.444,0,0,,0,0,,0,6,6,3,0,0,1,3,8,5.0
Kia Vaughn,2021,2,2021-05-29,34.3,PHO,away,DAL,4.0,0,16.1,3,3,1.000,0,0,,0,2,.000,1,2,3,2,0,0,2,2,6,4.2
Kia Vaughn,2021,3,2021-06-01,34.4,PHO,away,CHI,1.0,0,16.8,2,3,.667,0,0,,0,0,,0,3,3,2,0,1,1,0,4,4.7
Kia Vaughn,2021,4,2021-06-03,34.4,PHO,home,CHI,3.0,0,12.1,0,4,.000,0,0,,0,0,,1,1,2,0,0,0,1,2,0,-3.6
Kia Vaughn,2021,5,2021-06-08,34.4,PHO,home,DAL,-4.0,0,15.2,2,4,.500,0,0,,0,0,,0,2,2,1,0,1,0,0,4,4.0
Kia Vaughn,2021,6,2021-06-11,34.4,PHO,home,DAL,-18.0,0,17.9,3,6,.500,0,0,,0,0,,2,1,3,2,1,0,2,3,6,3.9
Kia Vaughn,2021,7,2021-06-13,34.4,PHO,home,NYL,-2.0,0,6.6,0,0,,0,0,,0,0,,0,2,2,0,0,0,1,0,0,-0.4
Kia Vaughn,2021,8,2021-06-16,34.4,PHO,away,LAS,-5.0,0,13.1,1,5,.200,0,0,,1,2,.500,2,0,2,1,0,0,4,2,3,-3.2
Kia Vaughn,2021,9,2021-06-18,34.4,PHO,away,LAS,14.0,0,13.9,2,3,.667,0,0,,0,0,,1,3,4,1,0,0,1,1,4,3.6
Kia Vaughn,2021,10,2021-06-27,34.4,PHO,home,LAS,9.0,0,17.6,1,5,.200,0,0,,2,2,1.000,1,2,3,2,1,0,1,1,4,3.2
Kia Vaughn,2021,11,2021-06-30,34.4,PHO,home,MIN,-6.0,0,15.7,2,6,.333,0,0,,0,0,,1,1,2,1,1,0,1,3,4,1.1
Kia Vaughn,2021,12,2021-07-03,34.4,PHO,home,MIN,-31.0,0,21.9,2,5,.400,0,0,,0,0,,0,1,1,4,0,0,1,2,4,2.6
Kia Vaughn,2021,13,2021-07-07,34.4,PHO,away,LVA,9.0,0,9.3,2,5,.400,0,0,,0,0,,1,2,3,2,0,0,0,2,4,3.2
Kia Vaughn,2021,14,2021-07-09,34.5,PHO,home,SEA,8.0,0,11.5,1,3,.333,0,0,,0,0,,0,2,2,1,0,1,0,2,2,1.5
Kia Vaughn,2021,15,2021-07-11,34.5,PHO,away,SEA,-7.0,0,10.8,1,2,.500,0,0,,0,2,.000,0,1,1,1,0,0,1,1,2,-0.2
Kia Vaughn,2021,16,2021-08-15,34.6,PHO,home,ATL,11.0,0,12.5,2,4,.500,0,0,,0,1,.000,2,2,4,0,0,0,2,2,4,0.8
Kia Vaughn,2021,17,2021-08-17,34.6,PHO,home,IND,4.0,0,7.4,0,1,.000,0,0,,0,0,,1,0,1,2,0,0,0,1,0,1.0
Kia Vaughn,2021,18,2021-08-19,34.6,PHO,home,WAS,13.0,0,12.6,4,4,1.000,0,0,,0,0,,0,1,1,1,0,0,1,2,8,6.0
Kia Vaughn,2021,19,2021-08-21,34.6,PHO,away,ATL,15.0,0,12.1,1,3,.333,0,0,,0,0,,1,0,1,1,0,0,4,0,2,-2.3
Kia Vaughn,2021,20,2021-08-25,34.6,PHO,away,NYL,27.0,0,13.6,4,6,.667,0,0,,1,1,1.000,0,0,0,1,0,0,0,1,9,6.7
Kia Vaughn,2021,21,2021-08-27,34.6,PHO,away,NYL,16.0,1,33.5,3,8,.375,0,1,.000,3,4,.750,4,7,11,1,0,0,5,3,9,3.6
Kia Vaughn,2021,22,2021-08-31,34.6,PHO,home,CHI,20.0,0,18.9,3,6,.500,0,0,,0,0,,0,3,3,2,1,1,0,0,6,7.0
Kia Vaughn,2021,23,2021-09-04,34.6,PHO,away,IND,22.0,0,17.4,1,4,.250,0,0,,3,4,.750,2,3,5,1,0,0,0,4,5,3.6
Kia Vaughn,2021,24,2021-09-06,34.6,PHO,away,IND,5.0,0,15.7,4,11,.364,0,0,,0,0,,1,1,2,0,0,0,0,0,8,2.9
Kia Vaughn,2021,25,2021-09-08,34.6,PHO,away,ATL,1.0,1,30.0,3,11,.273,0,0,,0,0,,1,3,4,2,0,0,4,3,6,-2.7
Kia Vaughn,2021,26,2021-09-11,34.6,PHO,home,CON,-9.0,0,7.1,0,0,,0,0,,0,0,,0,0,0,0,0,1,2,1,0,-1.7
Kia Vaughn,2021,27,2021-09-17,34.6,PHO,away,SEA,-9.0,0,11.6,4,5,.800,0,0,,0,0,,0,1,1,0,0,0,0,1,8,6.0
Kia Vaughn,2021,28,2021-09-19,34.7,PHO,home,LVA,-1.0,0,27.3,4,7,.571,0,0,,2,2,1.000,1,3,4,2,1,1,1,2,10,9.6
Kia Vaughn,2022,1,2022-05-13,35.3,ATL,home,LVA,-23.0,0,9.5,2,3,.667,0,0,,1,1,1.000,0,1,1,1,1,0,4,3,5,0.5
Kia Vaughn,2022,2,2022-05-15,35.3,ATL,away,IND,6.0,0,15.9,0,2,.000,0,0,,0,0,,0,3,3,0,0,3,2,1,0,-0.8
Kia Vaughn,2022,3,2022-05-17,35.3,ATL,away,IND,22.0,0,16.8,1,2,.500,0,0,,3,4,.750,1,3,4,0,1,0,1,2,5,4.4
Kia Vaughn,2022,4,2022-05-20,35.3,ATL,home,WAS,-5.0,0,11.3,1,3,.333,0,0,,0,0,,0,1,1,1,0,1,0,2,2,1.2
Kia Vaughn,2022,5,2022-05-24,35.3,ATL,away,WAS,-20.0,0,14.6,1,1,1.000,0,0,,0,0,,1,3,4,0,0,0,1,1,2,1.9
Kia Vaughn,2022,6,2022-05-29,35.3,ATL,home,PHO,27.0,0,12.3,0,0,,0,0,,0,0,,3,2,5,1,0,0,0,0,0,3.4
Kia Vaughn,2022,7,2022-06-01,35.4,ATL,home,MIN,8.0,0,14.5,0,1,.000,0,0,,0,0,,0,1,1,3,0,1,1,1,0,1.0
Kia Vaughn,2022,8,2022-06-03,35.4,ATL,home,CHI,-8.0,0,23.7,2,5,.400,0,0,,0,0,,1,4,5,2,1,2,2,3,4,3.8
Kia Vaughn,2022,9,2022-06-05,35.4,ATL,home,IND,9.0,0,12.2,3,4,.750,0,0,,0,0,,0,1,1,2,0,0,3,4,6,1.5
Kia Vaughn,2022,10,2022-06-07,35.4,ATL,away,SEA,-12.0,0,14.5,0,0,,0,0,,1,2,.500,0,1,1,1,0,0,2,1,1,-0.8
Kia Vaughn,2022,11,2022-06-10,35.4,ATL,away,PHO,-2.0,0,10.8,3,5,.600,0,0,,0,0,,0,0,0,0,0,0,1,1,6,2.3
Kia Vaughn,2022,12,2022-06-28,35.4,ATL,away,WAS,-18.0,0,5.1,1,2,.500,0,0,,0,0,,1,0,1,0,0,0,0,0,2,1.7
Kia Vaughn,2022,13,2022-06-30,35.4,ATL,away,NYL,11.0,0,27.4,4,7,.571,0,0,,0,0,,5,4,9,0,1,0,4,3,8,5.2
Kia Vaughn,2022,14,2022-07-03,35.4,ATL,home,SEA,14.0,0,11.6,2,3,.667,0,0,,0,0,,0,4,4,1,0,0,1,1,4,3.2
Kia Vaughn,2022,15,2022-07-06,35.4,ATL,home,WAS,-19.0,1,17.2,2,7,.286,0,0,,0,0,,1,4,5,0,1,0,0,2,4,2.0
Kia Vaughn,2022,16,2022-07-12,35.5,ATL,away,CHI,-15.0,0,8.9,0,3,.000,0,0,,0,0,,1,1,2,1,0,0,4,4,0,-6.0
Kia Vaughn,2022,17,2022-07-15,35.5,ATL,home,CON,-25.0,0,11.3,1,2,.500,0,0,,0,0,,0,1,1,1,0,0,0,4,2,0.4
Kia Vaughn,2022,18,2022-07-17,35.5,ATL,away,PHO,10.0,0,16.9,2,6,.333,0,0,,1,2,.500,7,2,9,2,1,0,4,2,5,4.3
Kia Vaughn,2022,19,2022-07-19,35.5,ATL,away,LVA,16.0,0,14.7,0,3,.000,0,1,.000,0,0,,0,6,6,1,0,0,0,0,0,0.4
Kia Vaughn,2022,20,2022-07-21,35.5,ATL,away,LAS,-7.0,0,6.8,0,2,.000,0,0,,0,0,,0,0,0,1,0,0,1,4,0,-3.3
Kia Vaughn,2022,21,2022-07-24,35.5,ATL,away,SEA,-10.0,0,14.6,1,3,.333,0,0,,0,0,,3,1,4,1,0,0,1,1,2,2.0
Kia Vaughn,2022,22,2022-07-28,35.5,ATL,home,MIN,-7.0,0,15.2,0,1,.000,0,0,,0,0,,0,2,2,1,2,0,1,0,0,1.6
Kia Vaughn,2022,23,2022-07-30,35.5,ATL,home,DAL,-13.0,0,14.8,0,0,,0,0,,0,0,,1,2,3,0,1,0,0,1,0,1.9
Kia Vaughn,2022,24,2022-08-03,35.5,ATL,home,IND,10.0,0,15.3,3,5,.600,0,0,,2,2,1.000,0,0,0,1,0,0,0,2,8,5.6
Kia Vaughn,2022,25,2022-08-05,35.5,ATL,home,LAS,2.0,0,13.8,1,4,.250,0,0,,0,0,,1,2,3,1,0,1,0,3,2,1.1
Kia Vaughn,2022,26,2022-08-07,35.5,ATL,away,MIN,-10.0,0,16.9,0,1,.000,0,0,,0,0,,1,5,6,2,1,0,1,2,0,2.1
Kia Vaughn,2022,27,2022-08-09,35.5,ATL,away,LVA,-7.0,0,9.5,1,2,.500,0,0,,0,0,,0,4,4,1,0,0,0,0,2,2.9
Kia Vaughn,2022,28,2022-08-12,35.5,ATL,home,NYL,-10.0,0,11.4,0,1,.000,0,0,,0,0,,1,2,3,0,0,0,0,1,0,0.2
Kia Vaughn,2022,29,2022-08-14,35.6,ATL,away,NYL,-4.0,0,14.3,1,2,.500,0,0,,1,2,.500,2,3,5,0,0,0,0,1,3,3.5
Lauren Cox,2020,1,2020-08-05,22.3,IND,home,LAS,-11.0,0,16.8,0,1,0.0,0,0,,1,2,0.5,2,4,6,1,0,0,1,2,1,1.4
Lauren Cox,2020,2,2020-08-07,22.3,IND,home,MIN,-7.0,0,14.2,1,1,1.0,0,0,,0,0,,0,3,3,1,1,2,1,2,2,3.9
Lauren Cox,2020,3,2020-08-09,22.3,IND,home,WAS,7.0,1,17.1,0,1,0.0,0,0,,1,2,0.5,0,2,2,0,0,0,2,2,1,-2.3
Lauren Cox,2020,4,2020-08-11,22.3,IND,home,LVA,-19.0,0,12.1,3,4,0.75,1,1,1.0,0,0,,0,4,4,2,1,0,0,0,7,9.0
Lauren Cox,2020,5,2020-08-13,22.3,IND,home,NYL,7.0,0,17.3,2,4,0.5,0,0,,2,2,1.0,0,2,2,1,1,0,0,0,6,6.3
Lauren Cox,2020,6,2020-08-15,22.3,IND,home,LAS,-14.0,0,14.8,0,1,0.0,0,0,,2,2,1.0,1,2,3,3,0,0,2,0,2,2.7
Lauren Cox,2020,7,2020-08-18,22.3,IND,home,CON,-22.0,0,7.8,1,3,0.333,0,0,,0,0,,1,0,1,1,0,1,0,2,2,1.6
Lauren Cox,2020,8,2020-08-20,22.3,IND,home,SEA,6.0,0,14.9,1,4,0.25,0,0,,0,0,,1,6,7,2,1,0,1,3,2,2.3
Lauren Cox,2020,9,2020-08-22,22.3,IND,home,CHI,-11.0,0,14.8,2,4,0.5,1,2,0.5,0,0,,2,4,6,0,1,0,1,3,5,4.4
Lauren Cox,2020,10,2020-08-25,22.3,IND,home,SEA,-13.0,0,11.5,2,4,0.5,0,0,,2,2,1.0,1,2,3,2,0,0,2,0,6,4.7
Lauren Cox,2020,11,2020-08-29,22.4,IND,home,DAL,-4.0,0,6.7,1,2,0.5,0,0,,0,0,,0,0,0,0,0,0,0,2,2,0.2
Lauren Cox,2020,12,2020-08-31,22.4,IND,home,CHI,-23.0,0,16.8,2,6,0.333,0,1,0.0,2,2,1.0,0,3,3,4,1,0,0,3,6,6.1
Lauren Cox,2020,13,2020-09-01,22.4,IND,home,ATL,-12.0,0,14.9,2,6,0.333,1,2,0.5,0,1,0.0,1,4,5,1,0,1,1,1,5,3.1
Lauren Cox,2020,14,2020-09-03,22.4,IND,home,PHO,-24.0,0,3.0,1,2,0.5,0,0,,1,2,0.5,1,0,1,1,0,0,0,0,3,3.0
Lauren Cox,2021,1,2021-05-23,23.1,IND,home,WAS,12.0,0,10.8,0,1,.000,0,0,,0,0,,0,3,3,1,0,0,2,1,0,-1.5
Lauren Cox,2021,2,2021-05-25,23.1,IND,home,WAS,-16.0,0,10.1,0,3,.000,0,0,,0,0,,0,1,1,1,1,0,0,0,0,-0.1
Lauren Cox,2021,3,2021-05-28,23.1,IND,away,LVA,-36.0,0,13.7,0,2,.000,0,0,,0,0,,2,3,5,1,1,1,1,4,0,0.7
Lauren Cox,2021,4,2021-05-30,23.1,IND,away,LVA,-23.0,0,11.9,2,3,.667,0,0,,0,0,,0,3,3,0,0,1,0,0,4,4.3
Lauren Cox,2021,5,2021-06-01,23.1,IND,away,SEA,-15.0,0,8.0,0,2,.000,0,0,,0,0,,0,2,2,0,0,0,0,0,0,-0.8
Lauren Cox,2021,6,2021-06-03,23.1,IND,away,LAS,-35.0,0,6.4,0,0,,0,0,,0,0,,1,0,1,0,1,0,0,0,0,1.7
Lauren Cox,2021,7,2021-06-09,23.1,IND,away,CHI,-16.0,0,4.2,0,0,,0,0,,0,0,,0,1,1,0,0,0,0,0,0,0.3
Lauren Cox,2021,8,2021-06-12,23.1,IND,home,CHI,-4.0,0,12.1,2,3,.667,1,1,1.000,2,2,1.000,0,1,1,0,1,1,2,1,7,5.3
Lauren Cox,2021,9,2021-06-15,23.2,IND,home,SEA,-17.0,0,1.3,0,1,.000,0,0,,0,0,,0,0,0,0,0,0,0,0,0,-0.7
Lauren Cox,2021,10,2021-06-17,23.2,IND,home,SEA,-10.0,0,2.8,1,2,.500,0,1,.000,0,0,,0,1,1,0,0,0,1,0,2,0.3
Lauren Cox,2021,11,2021-06-24,23.2,IND,home,DAL,-25.0,0,14.0,1,2,.500,0,1,.000,0,0,,2,2,4,0,0,0,1,3,2,0.8
Lauren Cox,2021,12,2021-06-30,23.2,LAS,home,LVA,-24.0,0,18.8,1,3,.333,0,0,,2,2,1.000,1,4,5,1,2,1,0,1,4,7.2
Lauren Cox,2021,13,2021-07-02,23.2,LAS,home,LVA,-8.0,0,20.9,2,7,.286,0,1,.000,1,2,.500,0,4,4,1,0,1,0,5,5,1.1
Lauren Cox,2021,14,2021-07-04,23.2,LAS,home,SEA,-10.0,0,14.3,1,2,.500,0,0,,2,2,1.000,0,2,2,1,0,0,1,1,4,2.9
Lauren Cox,2021,15,2021-07-07,23.2,LAS,away,SEA,-9.0,0,11.3,1,3,.333,0,0,,0,0,,1,0,1,0,2,1,0,1,2,3.3
Lauren Cox,2021,16,2021-07-11,23.2,LAS,home,MIN,-25.0,0,23.1,1,3,.333,0,1,.000,0,0,,1,7,8,0,2,1,1,3,2,3.6
Lauren Cox,2021,17,2021-08-15,23.3,LAS,home,IND,5.0,0,13.4,0,4,.000,0,0,,0,0,,1,2,3,0,0,0,1,2,0,-3.3
Lauren Cox,2021,18,2021-08-17,23.3,LAS,home,ATL,5.0,0,14.2,2,3,.667,0,0,,0,0,,2,4,6,1,1,2,2,2,4,5.6
Lauren Cox,2021,19,2021-08-19,23.3,LAS,home,ATL,2.0,0,6.0,1,1,1.000,0,0,,0,2,.000,1,0,1,0,0,1,0,0,2,2.3
Lauren Cox,2021,20,2021-08-24,23.3,LAS,away,WAS,-10.0,0,10.0,0,2,.000,0,2,.000,0,0,,1,2,3,1,0,2,0,0,0,2.0
Lauren Cox,2021,21,2021-08-28,23.4,LAS,away,CON,-15.0,0,10.1,0,2,.000,0,0,,2,2,1.000,1,3,4,0,1,1,1,1,2,2.5
Lauren Cox,2021,22,2021-08-31,23.4,LAS,away,IND,-2.0,0,15.7,6,7,.857,0,0,,2,2,1.000,0,2,2,2,2,0,0,0,14,15.5
Lauren Cox,2021,23,2021-09-02,23.4,LAS,away,MIN,-9.0,0,17.5,2,3,.667,1,1,1.000,0,0,,0,6,6,0,0,1,0,2,5,5.4
Lauren Cox,2021,24,2021-09-09,23.4,LAS,home,CON,-18.0,0,14.1,2,3,.667,0,0,,3,4,.750,1,2,3,0,0,0,1,0,7,5.6
Lauren Cox,2021,25,2021-09-12,23.4,LAS,home,SEA,28.0,0,16.4,0,2,.000,0,0,,2,2,1.000,1,5,6,1,0,1,2,2,2,1.4
Lauren Cox,2021,26,2021-09-16,23.4,LAS,away,ATL,6.0,0,4.1,0,1,.000,0,0,,0,0,,0,1,1,1,0,1,0,0,0,1.0
Lauren Cox,2023,1,2023-05-23,25.1,CON,away,WAS,7.0,0,0.1,0,0,,0,0,,0,0,,0,0,0,0,0,0,0,0,0,0.0
DiJonai Carrington,2021,1,2021-05-14,23.3,CON,away,ATL,11.0,0,10.5,0,1,.000,0,0,,0,0,,1,1,2,0,0,0,3,2,0,-3.5
DiJonai Carrington,2021,2,2021-05-16,23.4,CON,home,PHO,8.0,0,4.9,0,2,.000,0,1,.000,0,0,,0,0,0,0,0,0,0,1,0,-1.8
DiJonai Carrington,2021,3,2021-05-19,23.4,CON,home,IND,21.0,0,10.6,1,2,.500,0,0,,2,2,1.000,0,3,3,3,1,0,1,2,4,5.2
DiJonai Carrington,2021,4,2021-05-21,23.4,CON,away,PHO,17.0,0,12.6,2,6,.333,0,1,.000,0,0,,3,0,3,3,2,0,1,2,4,5.0
DiJonai Carrington,2021,5,2021-05-23,23.4,CON,away,LVA,7.0,0,9.2,0,2,.000,0,1,.000,0,0,,1,1,2,0,1,0,2,1,0,-1.8
DiJonai Carrington,2021,6,2021-05-25,23.4,CON,away,SEA,-3.0,0,9.3,1,2,.500,0,0,,0,0,,0,0,0,0,0,1,0,3,2,0.5
DiJonai Carrington,2021,7,2021-05-28,23.4,CON,home,WAS,5.0,0,16.6,4,6,.667,1,2,.500,1,4,.250,0,1,1,0,2,0,1,0,10,7.5
DiJonai Carrington,2021,8,2021-05-30,23.4,CON,away,MIN,-5.0,0,14.4,2,2,1.000,0,0,,0,0,,1,1,2,1,0,0,1,2,4,3.3
DiJonai Carrington,2021,9,2021-06-01,23.4,CON,home,LVA,7.0,0,3.9,0,1,.000,0,1,.000,0,0,,0,3,3,0,0,0,0,2,0,-0.6
DiJonai Carrington,2021,10,2021-06-05,23.4,CON,home,NYL,21.0,0,11.9,1,7,.143,1,2,.500,1,2,.500,1,0,1,0,0,0,1,2,4,-2.0
DiJonai Carrington,2021,11,2021-06-13,23.4,CON,home,SEA,-23.0,1,15.1,2,7,.286,0,3,.000,0,0,,2,5,7,0,1,0,3,1,4,0.4
DiJonai Carrington,2021,12,2021-06-27,23.5,CON,home,CHI,16.0,0,3.4,1,1,1.000,0,0,,0,0,,0,1,1,0,0,0,1,1,2,0.6
DiJonai Carrington,2021,13,2021-06-29,23.5,CON,away,WAS,19.0,0,5.8,0,0,,0,0,,0,0,,0,1,1,0,0,0,2,1,0,-2.1
DiJonai Carrington,2021,14,2021-07-01,23.5,CON,away,IND,6.0,0,2.4,0,3,.000,0,1,.000,0,0,,2,0,2,0,0,0,0,0,0,-0.7
DiJonai Carrington,2021,15,2021-07-03,23.5,CON,away,IND,-6.0,0,7.1,1,4,.250,0,1,.000,0,0,,0,2,2,0,0,0,0,2,2,-0.6
DiJonai Carrington,2021,16,2021-07-11,23.5,CON,away,NYL,17.0,0,9.3,2,4,.500,1,2,.500,0,0,,0,0,0,1,0,0,1,3,5,1.5
DiJonai Carrington,2021,17,2021-08-15,23.6,CON,away,DAL,21.0,0,1.6,0,0,,0,0,,0,0,,0,0,0,0,0,0,0,0,0,0.0
DiJonai Carrington,2021,18,2021-08-24,23.6,CON,home,LVA,14.0,0,2.8,1,2,.500,0,0,,0,0,,0,0,0,0,0,0,0,1,2,0.6
DiJonai Carrington,2021,19,2021-08-28,23.6,CON,home,LAS,15.0,0,6.0,2,4,.500,0,1,.000,0,0,,0,0,0,0,1,0,1,1,4,1.6
DiJonai Carrington,2021,20,2021-08-31,23.6,CON,away,WAS,10.0,0,7.7,0,3,.000,0,1,.000,0,0,,1,1,2,0,0,0,0,2,0,-1.9
DiJonai Carrington,2021,21,2021-09-07,23.7,CON,away,DAL,27.0,0,10.0,0,6,.000,0,2,.000,0,0,,0,2,2,1,0,0,1,1,0,-4.3
DiJonai Carrington,2021,22,2021-09-09,23.7,CON,away,LAS,18.0,0,10.6,1,3,.333,0,0,,1,1,1.000,0,3,3,1,2,0,1,2,3,3.1
DiJonai Carrington,2021,23,2021-09-15,23.7,CON,home,NYL,29.0,0,20.0,4,8,.500,0,0,,6,6,1.000,1,4,5,2,3,1,1,4,14,14.4
DiJonai Carrington,2021,24,2021-09-19,23.7,CON,home,ATL,20.0,0,14.6,2,6,.333,0,2,.000,0,0,,2,3,5,0,0,1,1,1,4,2.2
DiJonai Carrington,2022,1,2022-05-07,24.3,CON,away,NYL,-2.0,1,32.5,2,8,.250,1,3,.333,5,6,.833,4,0,4,2,0,0,0,5,10,7.0
DiJonai Carrington,2022,2,2022-05-14,24.3,CON,home,LAS,17.0,1,30.5,4,8,.500,1,3,.333,4,6,.667,2,4,6,2,3,0,3,3,13,11.0
DiJonai Carrington,2022,3,2022-05-17,24.4,CON,away,NYL,27.0,0,16.7,2,6,.333,1,1,1.000,3,4,.750,1,3,4,0,1,0,1,2,8,5.0
DiJonai Carrington,2022,4,2022-05-20,24.4,CON,home,IND,9.0,0,22.0,4,8,.500,1,1,1.000,2,2,1.000,3,0,3,1,2,0,1,3,11,9.6
DiJonai Carrington,2022,5,2022-05-22,24.4,CON,away,IND,22.0,0,17.2,2,5,.400,0,1,.000,1,2,.500,0,1,1,1,2,0,2,4,5,1.3
DiJonai Carrington,2022,6,2022-05-24,24.4,CON,home,DAL,-8.0,0,17.2,1,3,.333,0,0,,3,4,.750,0,3,3,2,1,0,0,2,5,5.4
DiJonai Carrington,2022,7,2022-05-26,24.4,CON,home,DAL,31.0,0,16.9,4,8,.500,0,2,.000,5,6,.833,3,2,5,3,2,0,3,1,13,12.0
DiJonai Carrington,2022,8,2022-05-28,24.4,CON,home,WAS,8.0,0,18.0,0,2,.000,0,1,.000,1,2,.500,0,1,1,0,1,0,2,4,1,-3.1
DiJonai Carrington,2022,9,2022-05-31,24.4,CON,away,LVA,-8.0,0,16.4,2,6,.333,0,2,.000,0,0,,2,1,3,1,0,0,3,2,4,-0.8
DiJonai Carrington,2022,10,2022-06-02,24.4,CON,away,LVA,7.0,0,12.5,2,6,.333,0,2,.000,1,1,1.000,0,3,3,0,0,0,1,1,5,1.1
DiJonai Carrington,2022,11,2022-06-03,24.4,CON,away,PHO,4.0,0,10.4,0,2,.000,0,1,.000,3,4,.750,0,1,1,1,1,0,3,2,3,-0.6
DiJonai Carrington,2022,12,2022-06-05,24.4,CON,away,SEA,7.0,0,17.9,5,5,1.000,2,2,1.000,0,0,,0,3,3,0,1,0,1,3,12,10.2
DiJonai Carrington,2022,13,2022-06-08,24.4,CON,home,IND,19.0,0,26.8,5,5,1.000,0,0,,2,4,.500,2,2,4,1,3,0,2,1,12,13.0
DiJonai Carrington,2022,14,2022-06-10,24.4,CON,home,CHI,-4.0,0,16.4,2,6,.333,1,1,1.000,0,0,,1,2,3,1,1,0,1,0,5,3.6
DiJonai Carrington,2022,15,2022-06-15,24.4,CON,home,ATL,13.0,0,19.6,5,11,.455,1,4,.250,0,0,,1,2,3,2,0,1,1,2,11,6.9
DiJonai Carrington,2022,16,2022-06-17,24.4,CON,home,SEA,11.0,0,19.1,2,7,.286,0,2,.000,0,0,,1,3,4,2,0,0,2,3,4,-0.3
DiJonai Carrington,2022,17,2022-06-19,24.4,CON,away,WAS,-8.0,0,17.1,2,7,.286,2,4,.500,0,0,,0,1,1,2,1,0,2,0,6,2.6
DiJonai Carrington,2022,18,2022-06-22,24.5,CON,home,NYL,-4.0,0,17.8,2,6,.333,2,2,1.000,0,0,,1,3,4,1,0,0,1,2,6,3.1
DiJonai Carrington,2022,19,2022-06-26,24.5,CON,away,ATL,11.0,0,16.7,2,5,.400,0,1,.000,4,5,.800,2,0,2,0,1,0,1,1,8,5.9
DiJonai Carrington,2022,20,2022-06-29,24.5,CON,away,CHI,-8.0,0,5.5,0,3,.000,0,2,.000,0,0,,0,0,0,0,0,0,0,0,0,-2.1
DiJonai Carrington,2022,21,2022-07-03,24.5,CON,home,WAS,2.0,0,10.4,0,3,.000,0,0,,0,2,.000,2,0,2,0,0,0,1,0,0,-2.5
DiJonai Carrington,2022,22,2022-07-05,24.5,CON,away,DAL,-11.0,0,7.4,0,4,.000,0,2,.000,0,2,.000,0,1,1,0,0,0,0,1,0,-3.7
DiJonai Carrington,2022,23,2022-07-13,24.5,CON,away,IND,8.0,0,16.2,1,7,.143,0,3,.000,0,0,,0,4,4,1,0,0,4,4,2,-6.2
DiJonai Carrington,2022,24,2022-07-15,24.5,CON,away,ATL,25.0,0,23.0,2,6,.333,1,3,.333,3,4,.750,2,2,4,2,1,1,1,3,8,7.1
DiJonai Carrington,2022,25,2022-07-17,24.5,CON,home,LVA,-8.0,0,17.4,2,4,.500,0,2,.000,0,0,,1,2,3,1,0,0,0,3,4,2.8
DiJonai Carrington,2022,26,2022-07-19,24.5,CON,home,NYL,19.0,0,17.6,5,7,.714,2,3,.667,6,6,1.000,0,3,3,0,1,1,1,2,18,15.9
DiJonai Carrington,2022,27,2022-07-22,24.5,CON,away,MIN,10.0,0,26.5,3,4,.750,1,1,1.000,2,2,1.000,1,0,1,2,0,0,3,2,9,5.7
DiJonai Carrington,2022,28,2022-07-24,24.5,CON,away,MIN,7.0,0,12.9,1,2,.500,0,0,,0,0,,2,5,7,1,0,0,1,1,2,3.2
DiJonai Carrington,2022,29,2022-07-28,24.6,CON,home,SEA,5.0,0,16.4,3,4,.750,2,3,.667,3,3,1.000,0,2,2,2,0,0,2,0,11,9.4
DiJonai Carrington,2022,30,2022-07-31,24.6,CON,home,CHI,-3.0,0,14.7,1,4,.250,0,1,.000,0,0,,0,1,1,1,1,0,2,3,2,-1.6
DiJonai Carrington,2022,31,2022-08-02,24.6,CON,home,PHO,24.0,0,20.9,4,7,.571,0,2,.000,4,5,.800,0,4,4,1,1,0,2,2,12,8.4
DiJonai Carrington,2022,32,2022-08-04,24.6,CON,home,PHO,13.0,0,17.6,3,12,.250,0,2,.000,2,2,1.000,3,2,5,0,2,0,4,4,8,-0.1
DiJonai Carrington,2022,33,2022-08-07,24.6,CON,away,CHI,-3.0,0,13.2,2,4,.500,1,2,.500,0,0,,0,2,2,4,1,0,0,0,5,7.4
DiJonai Carrington,2022,34,2022-08-09,24.6,CON,away,LAS,26.0,0,14.9,4,9,.444,0,2,.000,0,0,,2,6,8,0,0,1,3,1,8,3.8
DiJonai Carrington,2022,35,2022-08-11,24.6,CON,away,LAS,24.0,0,20.3,2,3,.667,0,1,.000,1,2,.500,2,2,4,1,0,0,3,2,5,2.2
DiJonai Carrington,2022,36,2022-08-14,24.6,CON,home,MIN,7.0,0,14.5,3,6,.500,0,0,,2,2,1.000,0,3,3,0,2,0,2,1,8,5.5
DiJonai Carrington,2023,1,2023-05-19,25.4,CON,away,IND,9.0,0,2.0,0,0,,0,0,,0,0,,0,0,0,0,0,0,0,0,0,0.0
DiJonai Carrington,2023,2,2023-05-27,25.4,CON,away,NYL,-16.0,0,1.1,0,0,,0,0,,0,0,,0,0,0,0,0,0,0,0,0,0.0
DiJonai Carrington,2023,3,2023-05-30,25.4,CON,home,IND,3.0,0,12.8,2,6,.333,2,5,.400,0,0,,1,3,4,1,0,1,1,2,6,3.8
DiJonai Carrington,2023,4,2023-06-01,25.4,CON,away,MIN,5.0,0,11.7,3,3,1.000,0,0,,1,2,.500,1,0,1,1,0,0,0,1,7,6.7
DiJonai Carrington,2023,5,2023-06-04,25.4,CON,home,DAL,6.0,0,12.0,1,5,.200,0,0,,1,2,.500,0,1,1,0,0,0,1,1,3,-1.6
DiJonai Carrington,2023,6,2023-06-06,25.4,CON,home,LVA,-6.0,0,19.2,4,11,.364,1,5,.200,2,2,1.000,1,2,3,1,0,0,0,2,11,6.1
DiJonai Carrington,2023,7,2023-06-08,25.4,CON,home,LVA,17.0,0,5.7,0,3,.000,0,1,.000,1,1,1.000,1,0,1,2,0,0,0,2,1,0.2
DiJonai Carrington,2023,8,2023-06-11,25.4,CON,away,ATL,12.0,0,22.1,3,10,.300,0,2,.000,6,7,.857,2,4,6,3,1,1,2,3,12,9.0
DiJonai Carrington,2023,9,2023-06-15,25.4,CON,home,ATL,-4.0,0,28.8,5,10,.500,0,1,.000,0,1,.000,0,2,2,1,2,0,3,2,10,4.1
DiJonai Carrington,2023,10,2023-06-18,25.4,CON,away,LAS,9.0,0,20.7,2,5,.400,1,1,1.000,4,4,1.000,1,2,3,1,2,0,1,4,9,7.7
DiJonai Carrington,2023,11,2023-06-20,25.4,CON,away,SEA,6.0,0,12.6,1,5,.200,0,1,.000,2,2,1.000,0,1,1,0,0,0,0,3,4,0.0
DiJonai Carrington,2023,12,2023-06-22,25.5,CON,away,MIN,21.0,0,22.2,5,8,.625,3,4,.750,4,4,1.000,2,3,5,1,1,0,3,4,17,12.8
DiJonai Carrington,2023,13,2023-06-25,25.5,CON,home,CHI,24.0,0,28.7,8,17,.471,1,4,.250,0,0,,2,5,7,4,2,0,1,3,17,13.8
DiJonai Carrington,2023,14,2023-06-27,25.5,CON,home,NYL,-8.0,0,24.6,8,11,.727,3,3,1.000,4,4,1.000,1,5,6,2,0,0,2,1,23,19.7
DiJonai Carrington,2023,15,2023-07-01,25.5,CON,away,LVA,-18.0,0,22.3,4,9,.444,1,4,.250,3,5,.600,1,3,4,3,0,0,1,2,12,8.4
DiJonai Carrington,2023,16,2023-07-09,25.5,CON,home,WAS,8.0,0,14.4,3,7,.429,2,3,.667,1,2,.500,0,2,2,0,0,0,0,0,9,5.5
DiJonai Carrington,2023,17,2023-07-12,25.5,CON,away,CHI,12.0,0,25.7,5,12,.417,0,2,.000,1,2,.500,2,2,4,1,1,0,0,3,11,6.7
DiJonai Carrington,2023,18,2023-07-18,25.5,CON,away,PHO,-6.0,0,13.5,4,8,.500,2,3,.667,0,2,.000,0,1,1,1,1,0,0,0,10,7.2
DiJonai Carrington,2023,19,2023-07-20,25.5,CON,home,ATL,11.0,0,19.4,3,6,.500,1,3,.333,2,4,.500,2,2,4,0,0,0,0,2,9,6.4
DiJonai Carrington,2023,20,2023-07-22,25.5,CON,away,ATL,8.0,0,14.2,1,5,.200,0,0,,5,6,.833,1,4,5,3,1,0,0,3,7,7.3
DiJonai Carrington,2023,21,2023-07-25,25.5,CON,away,DAL,5.0,0,2.7,0,1,.000,0,1,.000,0,0,,0,0,0,0,0,0,0,1,0,-1.1
DiJonai Carrington,2023,22,2023-07-30,25.6,CON,home,MIN,-4.0,0,23.8,4,12,.333,0,2,.000,3,4,.750,3,1,4,3,0,0,1,5,11,5.3
DiJonai Carrington,2023,23,2023-08-01,25.6,CON,home,MIN,10.0,0,11.0,0,2,.000,0,1,.000,0,0,,0,1,1,0,1,1,2,3,0,-2.6
DiJonai Carrington,2023,24,2023-08-04,25.6,CON,away,IND,16.0,0,17.6,4,5,.800,1,1,1.000,2,3,.667,0,2,2,0,2,0,4,1,11,6.9
DiJonai Carrington,2023,25,2023-08-08,25.6,CON,away,SEA,12.0,0,25.5,4,11,.364,0,1,.000,1,1,1.000,0,2,2,2,2,0,0,3,9,5.7
DiJonai Carrington,2023,26,2023-08-10,25.6,CON,away,PHO,-6.0,0,12.3,2,6,.333,2,2,1.000,2,2,1.000,2,0,2,0,0,0,2,2,8,3.2
DiJonai Carrington,2023,27,2023-08-12,25.6,CON,away,DAL,-10.0,0,18.9,3,8,.375,3,3,1.000,2,4,.500,1,4,5,1,1,0,2,4,11,5.8
DiJonai Carrington,2023,28,2023-08-18,25.6,CON,home,DAL,-20.0,0,18.9,3,3,1.000,0,0,,0,0,,0,0,0,1,0,0,1,1,6,4.4
DiJonai Carrington,2023,29,2023-08-20,25.6,CON,away,CHI,6.0,0,17.2,3,5,.600,0,1,.000,1,2,.500,1,2,3,1,1,0,2,2,7,4.5
DiJonai Carrington,2023,30,2023-08-22,25.6,CON,away,WAS,4.0,0,21.3,0,7,.000,0,3,.000,2,2,1.000,0,2,2,2,1,0,2,3,2,-3.1
DiJonai Carrington,2023,31,2023-09-08,25.7,CON,home,IND,17.0,0,16.3,3,8,.375,0,2,.000,4,4,1.000,1,5,6,2,1,0,1,3,10,8.0
DiJonai Carrington,2023,32,2023-09-10,25.7,CON,home,CHI,-11.0,0,31.2,5,14,.357,0,3,.000,2,2,1.000,1,4,5,4,0,0,4,2,12,4.1
Shenise Johnson,2020,1,2020-07-26,29.6,MIN,home,CON,8.0,1,21.4,3,8,0.375,1,2,0.5,6,7,0.857,0,1,1,1,1,0,1,0,13,9.2
Shenise Johnson,2020,2,2020-07-28,29.6,MIN,home,SEA,-24.0,1,23.5,2,5,0.4,0,2,0.0,0,0,,0,2,2,2,1,0,3,2,4,0.5
Shenise Johnson,2020,3,2020-07-30,29.6,MIN,home,CHI,2.0,1,27.0,3,15,0.2,1,4,0.25,2,2,1.0,1,2,3,4,2,0,2,0,9,3.8
Shenise Johnson,2020,4,2020-08-01,29.6,MIN,home,CON,9.0,1,4.9,0,1,0.0,0,0,,0,0,,0,1,1,0,0,0,0,0,0,-0.4
Shenise Johnson,2020,5,2020-08-15,29.7,MIN,home,NYL,30.0,0,6.0,0,0,,0,0,,0,0,,0,3,3,0,0,0,0,1,0,0.5
Shenise Johnson,2020,6,2020-08-19,29.7,MIN,home,DAL,7.0,0,16.8,3,7,0.429,1,3,0.333,1,1,1.0,1,3,4,3,1,1,4,2,8,4.9
Shenise Johnson,2020,7,2020-08-21,29.7,MIN,home,PHO,10.0,0,14.3,1,3,0.333,0,0,,5,5,1.0,1,1,2,3,0,0,0,3,7,7.2
Shenise Johnson,2020,8,2020-08-23,29.7,MIN,home,ATL,-3.0,0,10.3,2,5,0.4,0,0,,0,0,,1,1,2,1,1,0,1,0,4,3.0
Shenise Johnson,2020,9,2020-08-28,29.7,MIN,home,ATL,9.0,0,4.2,0,2,0.0,0,1,0.0,0,0,,0,1,1,0,0,0,2,0,0,-3.1
Shenise Johnson,2020,10,2020-08-30,29.7,MIN,home,PHO,-4.0,0,9.7,2,5,0.4,0,1,0.0,2,2,1.0,1,4,5,0,1,0,1,0,6,5.2
Shenise Johnson,2020,11,2020-08-31,29.7,MIN,home,LAS,18.0,0,9.5,3,6,0.5,1,1,1.0,0,0,,0,1,1,1,1,0,1,0,7,5.0
Shenise Johnson,2020,12,2020-09-02,29.7,MIN,home,CHI,3.0,0,12.3,2,10,0.2,1,1,1.0,1,2,0.5,2,0,2,2,3,0,1,0,6,4.2
Shenise Johnson,2020,13,2020-09-04,29.7,MIN,home,DAL,13.0,0,3.8,0,2,0.0,0,0,,1,2,0.5,1,0,1,0,1,0,0,0,1,0.9
Shenise Johnson,2020,14,2020-09-06,29.7,MIN,home,SEA,-15.0,0,11.1,1,2,0.5,0,0,,2,2,1.0,0,1,1,2,1,0,2,3,4,2.5
Shenise Johnson,2020,15,2020-09-08,29.8,MIN,home,WAS,-3.0,0,6.7,0,1,0.0,0,0,,0,0,,0,1,1,0,0,0,0,1,0,-0.8
Shenise Johnson,2020,16,2020-09-10,29.8,MIN,home,LVA,-15.0,0,10.9,3,3,1.0,1,1,1.0,1,1,1.0,0,0,0,1,0,0,0,4,8,6.2
Shenise Johnson,2020,17,2020-09-12,29.8,MIN,home,IND,12.0,0,19.3,3,7,0.429,0,1,0.0,4,4,1.0,2,1,3,1,3,0,2,2,10,8.9
Veronica Burton,2022,1,2022-05-07,21.8,DAL,home,ATL,-7.0,0,21.1,0,3,.000,0,2,.000,2,2,1.000,3,3,6,2,3,1,3,3,2,3.8
Veronica Burton,2022,2,2022-05-13,21.8,DAL,away,WAS,8.0,0,8.6,0,1,.000,0,1,.000,0,0,,0,0,0,0,0,0,1,3,0,-2.9
Veronica Burton,2022,3,2022-05-15,21.8,DAL,away,NYL,10.0,0,24.4,0,2,.000,0,1,.000,2,2,1.000,1,3,4,1,1,1,2,2,2,1.8
Veronica Burton,2022,4,2022-05-17,21.8,DAL,home,WAS,-16.0,0,10.1,0,1,.000,0,1,.000,0,0,,0,0,0,1,1,0,1,0,0,0.0
Veronica Burton,2022,5,2022-05-19,21.9,DAL,away,PHO,10.0,0,7.0,0,1,.000,0,0,,0,0,,0,2,2,1,1,0,0,1,0,1.2
Veronica Burton,2022,6,2022-05-21,21.9,DAL,home,MIN,16.0,0,13.5,0,2,.000,0,1,.000,0,0,,0,0,0,1,0,0,1,0,0,-1.7
Veronica Burton,2022,7,2022-05-24,21.9,DAL,away,CON,8.0,0,6.7,0,0,,0,0,,0,0,,1,0,1,0,0,0,1,0,0,-0.3
Veronica Burton,2022,8,2022-05-26,21.9,DAL,away,CON,-31.0,0,5.6,0,0,,0,0,,0,0,,0,1,1,2,0,0,2,1,0,-0.7
Veronica Burton,2022,9,2022-05-31,21.9,DAL,away,LAS,-2.0,0,13.8,1,1,1.000,1,1,1.000,0,0,,0,1,1,0,1,0,1,1,3,2.6
Veronica Burton,2022,10,2022-06-03,21.9,DAL,away,SEA,17.0,0,6.5,0,1,.000,0,1,.000,0,0,,0,1,1,0,0,0,0,2,0,-1.2
Veronica Burton,2022,11,2022-06-05,21.9,DAL,away,LVA,-6.0,0,6.6,0,2,.000,0,2,.000,0,0,,0,0,0,3,0,0,0,1,0,0.3
Veronica Burton,2022,12,2022-06-10,21.9,DAL,home,SEA,-1.0,0,20.8,1,4,.250,0,2,.000,2,2,1.000,0,1,1,3,1,0,1,1,4,3.6
Veronica Burton,2022,13,2022-06-12,21.9,DAL,home,SEA,-5.0,0,14.4,1,2,.500,0,0,,0,0,,0,1,1,1,2,0,1,0,2,3.0
Veronica Burton,2022,14,2022-06-15,21.9,DAL,home,LVA,-8.0,0,6.1,0,0,,0,0,,0,0,,0,1,1,2,0,0,0,0,0,1.7
Veronica Burton,2022,15,2022-06-17,21.9,DAL,home,PHO,5.0,0,14.7,0,0,,0,0,,4,4,1.000,0,1,1,2,2,0,2,3,4,4.5
Veronica Burton,2022,16,2022-06-19,21.9,DAL,home,LAS,10.0,0,13.2,0,1,.000,0,0,,0,0,,0,0,0,1,3,0,1,0,0,2.0
Veronica Burton,2022,17,2022-06-21,21.9,DAL,away,ATL,-5.0,0,21.0,0,4,.000,0,2,.000,2,2,1.000,3,0,3,3,1,0,1,2,2,2.6
Veronica Burton,2022,18,2022-06-23,21.9,DAL,home,IND,26.0,0,15.3,1,2,.500,0,1,.000,2,2,1.000,0,0,0,1,0,1,1,2,4,2.6
Veronica Burton,2022,19,2022-06-25,22.0,DAL,home,PHO,-11.0,0,8.0,1,1,1.000,0,0,,0,0,,0,2,2,1,1,0,0,3,2,2.8
Veronica Burton,2022,20,2022-06-28,22.0,DAL,away,MIN,-28.0,0,30.2,4,9,.444,2,4,.500,1,1,1.000,0,0,0,1,0,0,1,1,11,5.6
Veronica Burton,2022,21,2022-07-01,22.0,DAL,home,LAS,-8.0,0,6.2,0,0,,0,0,,0,0,,0,0,0,1,0,0,1,0,0,-0.3
Veronica Burton,2022,22,2022-07-05,22.0,DAL,home,CON,11.0,0,4.1,0,0,,0,0,,0,0,,0,1,1,0,1,0,0,0,0,1.3
Veronica Burton,2022,23,2022-07-12,22.0,DAL,away,SEA,-9.0,0,26.9,2,2,1.000,2,2,1.000,0,0,,2,2,4,1,3,1,1,3,6,9.6
Veronica Burton,2022,24,2022-07-14,22.0,DAL,away,MIN,5.0,0,11.4,0,1,.000,0,0,,0,0,,0,1,1,2,0,0,1,0,0,0.0
Veronica Burton,2022,25,2022-07-16,22.0,DAL,home,CHI,-8.0,0,18.4,0,0,,0,0,,2,2,1.000,0,0,0,2,0,1,0,1,2,3.7
Veronica Burton,2022,26,2022-07-22,22.0,DAL,away,CHI,-6.0,0,10.1,0,0,,0,0,,0,0,,0,1,1,4,1,1,0,1,0,4.4
Veronica Burton,2022,27,2022-07-24,22.0,DAL,away,IND,10.0,0,18.5,2,5,.400,1,3,.333,2,2,1.000,0,3,3,3,1,1,1,3,7,6.8
Veronica Burton,2022,28,2022-07-28,22.0,DAL,home,WAS,-10.0,0,12.1,0,3,.000,0,2,.000,0,0,,1,2,3,1,0,0,2,0,0,-2.1
Veronica Burton,2022,29,2022-07-30,22.0,DAL,away,ATL,13.0,0,13.6,1,1,1.000,1,1,1.000,0,0,,0,1,1,1,2,0,0,1,3,5.3
Veronica Burton,2022,30,2022-08-02,22.1,DAL,away,CHI,6.0,1,29.4,2,6,.333,0,2,.000,4,4,1.000,0,2,2,9,3,1,2,4,8,11.6
Veronica Burton,2022,31,2022-08-04,22.1,DAL,home,LVA,2.0,1,29.6,0,2,.000,0,1,.000,0,0,,2,2,4,4,1,0,2,2,0,1.6
Veronica Burton,2022,32,2022-08-06,22.1,DAL,home,IND,4.0,0,20.2,0,3,.000,0,1,.000,2,2,1.000,1,0,1,1,1,1,1,1,2,1.6
Veronica Burton,2022,33,2022-08-08,22.1,DAL,home,NYL,9.0,1,14.7,1,2,.500,1,2,.500,0,0,,0,0,0,0,1,0,0,2,3,2.2
Veronica Burton,2022,34,2022-08-10,22.1,DAL,home,NYL,-18.0,1,22.2,4,5,.800,3,4,.750,4,4,1.000,0,1,1,4,0,1,1,3,15,14.7
Veronica Burton,2022,35,2022-08-12,22.1,DAL,away,PHO,-12.0,1,19.1,2,4,.500,1,3,.333,0,0,,1,0,1,2,3,0,0,2,5,7.3
Veronica Burton,2022,36,2022-08-14,22.1,DAL,away,LAS,28.0,1,24.4,2,5,.400,0,3,.000,3,3,1.000,2,3,5,7,0,1,3,2,7,8.4
Veronica Burton,2023,1,2023-05-20,22.9,DAL,home,ATL,7.0,1,24.3,0,1,.000,0,1,.000,4,4,1.000,1,3,4,2,1,1,1,3,4,5.8
Veronica Burton,2023,2,2023-05-26,22.9,DAL,away,SEA,4.0,1,25.4,3,5,.600,1,2,.500,2,2,1.000,1,1,2,4,0,0,2,3,9,7.3
Veronica Burton,2023,3,2023-05-28,22.9,DAL,away,CHI,-6.0,1,32.5,0,5,.000,0,5,.000,2,2,1.000,1,3,4,6,1,0,0,4,2,3.7
Veronica Burton,2023,4,2023-05-30,22.9,DAL,home,MIN,5.0,1,26.4,1,4,.250,0,2,.000,2,3,.667,2,3,5,9,3,0,1,3,4,10.6
Veronica Burton,2023,5,2023-06-02,22.9,DAL,away,WAS,-1.0,1,32.9,2,3,.667,2,2,1.000,0,0,,1,5,6,3,3,0,1,2,6,10.2
Veronica Burton,2023,6,2023-06-04,22.9,DAL,away,CON,-6.0,1,37.3,3,6,.500,2,3,.667,2,2,1.000,1,5,6,7,1,0,2,2,10,12.3
Veronica Burton,2023,7,2023-06-07,22.9,DAL,home,PHO,5.0,1,20.5,0,2,.000,0,2,.000,0,0,,1,2,3,3,0,3,1,1,0,2.7
Veronica Burton,2023,8,2023-06-09,22.9,DAL,home,PHO,13.0,1,19.5,0,1,.000,0,1,.000,0,0,,2,2,4,3,2,2,0,3,0,5.6
Veronica Burton,2023,9,2023-06-11,22.9,DAL,away,NYL,-9.0,1,18.8,1,5,.200,1,4,.250,0,0,,0,1,1,2,1,1,0,2,3,2.5
Veronica Burton,2023,10,2023-06-14,22.9,DAL,home,LAS,-18.0,1,22.1,0,4,.000,0,1,.000,0,0,,0,0,0,4,2,0,0,1,0,1.6
Veronica Burton,2023,11,2023-06-17,22.9,DAL,home,SEA,-6.0,1,17.9,0,2,.000,0,0,,0,0,,0,2,2,4,0,1,0,4,0,1.1
Veronica Burton,2023,12,2023-06-20,22.9,DAL,home,ATL,12.0,0,14.8,1,2,.500,0,0,,1,1,1.000,0,1,1,3,1,0,2,2,3,2.6
Veronica Burton,2023,13,2023-06-23,22.9,DAL,away,LAS,-2.0,0,10.6,0,3,.000,0,2,.000,2,2,1.000,0,1,1,0,1,0,1,2,2,-0.6
Veronica Burton,2023,14,2023-06-25,23.0,DAL,away,LAS,-10.0,0,3.6,0,2,.000,0,0,,0,0,,0,0,0,0,0,0,0,0,0,-1.4
Veronica Burton,2023,15,2023-06-27,23.0,DAL,away,PHO,15.0,0,17.3,1,2,.500,1,2,.500,0,0,,0,0,0,0,0,0,0,0,3,2.0
Veronica Burton,2023,16,2023-07-02,23.0,DAL,home,WAS,17.0,0,8.2,0,0,,0,0,,0,0,,1,1,2,3,0,0,0,1,0,2.7
Veronica Burton,2023,17,2023-07-05,23.0,DAL,away,LVA,-7.0,0,10.0,0,1,.000,0,1,.000,0,0,,0,1,1,3,1,0,0,4,0,1.1
Veronica Burton,2023,18,2023-07-07,23.0,DAL,home,LVA,2.0,0,3.1,0,1,.000,0,0,,3,4,.750,1,1,2,0,0,0,0,0,3,2.9
Veronica Burton,2023,19,2023-07-09,23.0,DAL,away,IND,1.0,0,6.0,0,1,.000,0,1,.000,0,0,,0,1,1,0,0,0,0,0,0,-0.4
Veronica Burton,2023,20,2023-07-12,23.0,DAL,away,MIN,40.0,0,5.4,0,3,.000,0,2,.000,0,0,,0,0,0,1,0,0,0,0,0,-1.4
Veronica Burton,2023,21,2023-07-19,23.0,DAL,away,NYL,10.0,0,3.9,0,1,.000,0,0,,0,0,,0,0,0,0,0,0,0,0,0,-0.7
Veronica Burton,2023,22,2023-07-22,23.0,DAL,home,LAS,14.0,0,1.3,0,0,,0,0,,0,0,,0,0,0,0,0,0,0,0,0,0.0
Veronica Burton,2023,23,2023-07-25,23.0,DAL,home,CON,-5.0,0,15.3,2,5,.400,1,3,.333,2,2,1.000,0,2,2,3,1,1,2,0,7,6.7
Veronica Burton,2023,24,2023-07-28,23.0,DAL,home,WAS,28.0,0,9.7,0,1,.000,0,1,.000,0,0,,0,1,1,2,0,0,1,2,0,-0.8
Veronica Burton,2023,25,2023-07-30,23.0,DAL,away,LVA,-13.0,0,5.5,0,1,.000,0,1,.000,0,0,,0,0,0,1,0,0,0,1,0,-0.4
Veronica Burton,2023,26,2023-08-02,23.1,DAL,away,SEA,11.0,0,5.8,0,0,,0,0,,2,2,1.000,1,0,1,1,0,0,0,0,2,3.4
Veronica Burton,2023,27,2023-08-04,23.1,DAL,home,CHI,-15.0,0,12.4,2,3,.667,1,2,.500,0,0,,0,1,1,2,2,0,0,1,5,7.0
Veronica Burton,2023,28,2023-08-06,23.1,DAL,home,CHI,-8.0,0,11.1,0,0,,0,0,,0,0,,0,2,2,1,1,0,0,3,0,1.1
Veronica Burton,2023,29,2023-08-08,23.1,DAL,home,LVA,-20.0,0,12.6,1,3,.333,1,3,.333,2,2,1.000,0,0,0,5,0,0,0,0,5,6.8
Veronica Burton,2023,30,2023-08-12,23.1,DAL,home,CON,10.0,0,4.2,0,0,,0,0,,1,1,1.000,1,0,1,0,0,0,0,0,1,1.7
Veronica Burton,2023,31,2023-08-18,23.1,DAL,away,CON,20.0,0,5.3,0,0,,0,0,,0,0,,0,1,1,1,0,0,0,0,0,1.0
Veronica Burton,2023,32,2023-08-20,23.1,DAL,away,WAS,13.0,0,14.1,2,4,.500,2,3,.667,0,0,,0,2,2,0,2,0,0,2,6,5.8
Veronica Burton,2023,33,2023-08-22,23.1,DAL,away,MIN,-5.0,0,10.7,1,2,.500,0,1,.000,2,3,.667,0,0,0,1,0,0,0,1,4,2.9
Veronica Burton,2023,34,2023-08-24,23.1,DAL,home,MIN,-9.0,0,4.9,0,0,,0,0,,2,2,1.000,0,0,0,1,0,0,0,0,2,2.7
Veronica Burton,2023,35,2023-08-27,23.1,DAL,away,PHO,3.0,0,1.3,0,0,,0,0,,0,0,,0,0,0,0,1,0,0,0,0,1.0
Veronica Burton,2023,36,2023-09-01,23.1,DAL,away,IND,10.0,0,25.9,1,4,.250,0,0,,0,0,,6,1,7,8,2,0,0,2,2,10.9
Veronica Burton,2023,37,2023-09-03,23.1,DAL,home,IND,-13.0,0,7.0,0,1,.000,0,0,,0,0,,0,2,2,1,1,0,0,2,0,0.8
Veronica Burton,2023,38,2023-09-05,23.2,DAL,home,NYL,-1.0,0,1.6,0,0,,0,0,,0,0,,1,1,2,0,0,0,1,0,0,0.0
Veronica Burton,2023,39,2023-09-08,23.2,DAL,home,SEA,15.0,1,27.6,3,5,.600,1,3,.333,0,0,,1,1,2,2,2,1,1,5,7,6.8
Veronica Burton,2023,40,2023-09-10,23.2,DAL,away,ATL,17.0,1,18.3,1,2,.500,0,0,,2,2,1.000,0,1,1,2,0,0,1,1,4,3.3
Ivana Dojkić,2023,1,2023-05-20,25.4,SEA,home,LVA,-41.0,0,17.3,3,4,.750,1,1,1.000,0,0,,0,1,1,1,1,1,2,2,7,5.3
Ivana Dojkić,2023,2,2023-05-26,25.4,SEA,home,DAL,-4.0,0,6.0,1,2,.500,0,1,.000,1,1,1.000,0,1,1,0,0,0,1,0,3,1.3
Ivana Dojkić,2023,3,2023-06-06,25.4,SEA,home,LAS,3.0,0,17.8,2,3,.667,1,2,.500,0,0,,0,0,0,0,0,0,1,1,5,2.3
Ivana Dojkić,2023,4,2023-06-09,25.5,SEA,home,WAS,-7.0,0,15.4,2,5,.400,1,3,.333,1,2,.500,0,2,2,1,1,0,1,2,6,3.4
Ivana Dojkić,2023,5,2023-06-11,25.5,SEA,home,WAS,-6.0,0,23.4,3,3,1.000,1,1,1.000,5,5,1.000,0,1,1,4,2,0,1,5,12,13.2
Ivana Dojkić,2023,6,2023-06-13,25.5,SEA,away,PHO,14.0,1,27.8,5,10,.500,3,6,.500,1,2,.500,0,2,2,4,2,1,2,2,14,11.9
Ivana Dojkić,2023,7,2023-06-15,25.5,SEA,away,LVA,-33.0,1,32.2,6,14,.429,2,7,.286,2,4,.500,0,2,2,3,1,0,2,3,16,8.3
Ivana Dojkić,2023,8,2023-06-17,25.5,SEA,away,DAL,6.0,1,32.5,3,7,.429,1,3,.333,7,9,.778,0,2,2,7,0,1,4,5,14,9.7
Ivana Dojkić,2023,9,2023-06-20,25.5,SEA,home,CON,-6.0,1,30.6,1,6,.167,0,0,,3,6,.500,0,2,2,3,1,0,2,3,5,0.5
Ivana Dojkić,2023,10,2023-06-22,25.5,SEA,home,IND,-12.0,1,37.1,3,11,.273,3,5,.600,2,4,.500,0,5,5,6,2,0,0,2,11,10.6
Ivana Dojkić,2023,11,2023-06-24,25.5,SEA,home,PHO,23.0,1,16.4,3,8,.375,0,2,.000,0,0,,2,2,4,3,0,0,0,3,6,4.5
Ivana Dojkić,2023,12,2023-06-27,25.5,SEA,away,MIN,-11.0,1,32.1,5,8,.625,2,3,.667,2,2,1.000,0,2,2,9,2,0,2,2,14,16.5
Ivana Dojkić,2023,13,2023-06-29,25.5,SEA,home,MIN,-2.0,1,38.7,2,8,.250,2,5,.400,1,2,.500,0,6,6,10,2,0,5,2,7,6.8
Ivana Dojkić,2023,14,2023-07-02,25.5,SEA,home,NYL,-15.0,1,16.1,1,6,.167,0,3,.000,0,0,,0,3,3,0,0,0,0,3,2,-2.1
Ivana Dojkić,2023,15,2023-07-06,25.5,SEA,away,CON,-20.0,1,21.1,1,3,.333,1,1,1.000,2,2,1.000,0,0,0,1,1,0,3,3,5,0.8
Ivana Dojkić,2023,16,2023-07-08,25.5,SEA,away,NYL,-4.0,1,27.8,2,8,.250,2,6,.333,2,2,1.000,1,2,3,3,0,0,3,3,8,2.4
Ivana Dojkić,2023,17,2023-07-11,25.5,SEA,away,WAS,-7.0,1,17.8,1,2,.500,1,2,.500,2,2,1.000,0,1,1,2,0,1,1,0,5,5.4
Ivana Dojkić,2023,18,2023-07-12,25.5,SEA,away,ATL,-10.0,1,11.9,0,2,.000,0,0,,0,0,,0,1,1,3,0,0,1,1,0,-0.4
Ivana Dojkić,2023,19,2023-07-20,25.6,SEA,home,LVA,-16.0,1,20.5,3,6,.500,2,3,.667,0,0,,0,1,1,1,1,0,2,1,8,4.6
Ivana Dojkić,2023,20,2023-07-22,25.6,SEA,home,CHI,-15.0,1,8.2,1,2,.500,0,1,.000,0,0,,0,0,0,1,1,0,2,0,2,0.7
Ivana Dojkić,2023,21,2023-07-28,25.6,SEA,away,CHI,9.0,0,3.7,0,1,.000,0,0,,0,0,,1,0,1,2,0,0,0,0,0,1.4
Ivana Dojkić,2023,22,2023-07-30,25.6,SEA,away,IND,23.0,0,2.2,0,0,,0,0,,0,0,,0,0,0,1,1,0,0,0,0,1.7
Ivana Dojkić,2023,23,2023-08-02,25.6,SEA,home,DAL,-11.0,0,4.1,0,0,,0,0,,0,0,,0,0,0,0,0,0,0,1,0,-0.4
Jaylyn Agnew,2020,1,2020-07-26,23.0,ATL,home,DAL,10.0,0,9.7,0,0,,0,0,,0,0,,0,0,0,0,0,0,2,1,0,-2.4
Jaylyn Agnew,2020,2,2020-07-29,23.0,ATL,home,LVA,-30.0,0,13.3,0,5,0.0,0,5,0.0,2,2,1.0,0,2,2,0,0,0,0,1,2,-1.3
Jaylyn Agnew,2020,3,2020-07-31,23.0,ATL,home,NYL,6.0,0,1.4,0,0,,0,0,,0,0,,0,0,0,0,0,0,1,0,0,-1.0
Jaylyn Agnew,2020,4,2020-08-02,23.0,ATL,home,IND,-16.0,0,7.2,2,2,1.0,2,2,1.0,0,0,,0,1,1,0,0,0,0,1,6,5.3
Jaylyn Agnew,2020,5,2020-08-06,23.0,ATL,home,SEA,-1.0,0,2.5,0,0,,0,0,,0,0,,0,0,0,0,0,0,0,0,0,0.0
Jaylyn Agnew,2020,6,2020-08-10,23.1,ATL,home,CON,-11.0,0,8.9,1,2,0.5,0,1,0.0,0,1,0.0,0,1,1,0,0,0,0,0,2,0.9
Jaylyn Agnew,2020,7,2020-08-12,23.1,ATL,home,SEA,-37.0,0,8.8,0,2,0.0,0,2,0.0,0,0,,0,0,0,0,0,0,2,1,0,-3.8
Jaylyn Agnew,2020,8,2020-08-14,23.1,ATL,home,PHO,-16.0,0,10.0,1,4,0.25,1,3,0.333,2,2,1.0,0,1,1,3,0,0,0,1,5,4.6
Jaylyn Agnew,2020,9,2020-08-16,23.1,ATL,home,CHI,-25.0,0,2.9,0,0,,0,0,,0,0,,0,0,0,0,0,0,0,1,0,-0.4
Jaylyn Agnew,2020,10,2020-08-19,23.1,ATL,home,WAS,-7.0,0,2.9,0,0,,0,0,,0,0,,0,0,0,0,0,0,0,0,0,0.0
Jaylyn Agnew,2020,11,2020-09-01,23.1,ATL,home,IND,12.0,0,2.1,0,0,,0,0,,0,0,,0,0,0,0,0,0,0,0,0,0.0
Jaylyn Agnew,2020,12,2020-09-11,23.1,ATL,home,CON,7.0,0,1.8,0,0,,0,0,,0,0,,0,0,0,0,0,0,0,1,0,-0.4
Sabrina Ionescu,2020,1,2020-07-25,22.6,NYL,home,SEA,-16.0,1,33.9,4,17,0.235,0,8,0.0,4,4,1.0,1,5,6,4,1,0,4,2,12,2.9
Sabrina Ionescu,2020,2,2020-07-29,22.6,NYL,home,DAL,-13.0,1,33.7,11,20,0.55,6,10,0.6,5,5,1.0,1,6,7,7,0,0,5,1,33,25.4
Sabrina Ionescu,2020,3,2020-07-31,22.7,NYL,home,ATL,-6.0,1,12.0,4,5,0.8,1,2,0.5,1,1,1.0,0,1,1,1,1,0,4,1,10,5.7
Sabrina Ionescu,2021,1,2021-05-14,23.4,NYL,home,IND,3.0,1,36.9,7,18,.389,4,8,.500,7,7,1.000,0,6,6,11,1,0,2,3,25,22.5
Sabrina Ionescu,2021,2,2021-05-16,23.4,NYL,away,IND,8.0,1,31.5,3,9,.333,2,4,.500,4,5,.800,0,5,5,4,0,0,8,4,12,1.2
Sabrina Ionescu,2021,3,2021-05-18,23.4,NYL,home,MIN,11.0,1,37.5,7,16,.438,4,7,.571,8,9,.889,0,10,10,12,0,1,3,0,26,26.3
Sabrina Ionescu,2021,4,2021-05-21,23.5,NYL,away,WAS,-29.0,1,31.2,3,9,.333,1,4,.250,3,3,1.000,2,4,6,5,0,0,4,2,10,6.2
Sabrina Ionescu,2021,5,2021-05-23,23.5,NYL,away,CHI,8.0,1,36.0,7,13,.538,5,10,.500,0,0,,0,5,5,12,1,3,4,2,19,20.9
Sabrina Ionescu,2021,6,2021-05-24,23.5,NYL,home,DAL,7.0,1,26.9,3,6,.500,2,4,.500,7,8,.875,3,6,9,3,1,1,4,2,15,14.5
Sabrina Ionescu,2021,7,2021-05-29,23.5,NYL,home,ATL,-3.0,1,39.2,2,11,.182,2,7,.286,0,1,.000,1,4,5,3,0,0,2,2,6,-0.1
Sabrina Ionescu,2021,8,2021-06-03,23.5,NYL,home,LVA,-12.0,1,32.4,2,13,.154,1,6,.167,0,0,,2,7,9,9,0,0,4,2,5,1.7
Sabrina Ionescu,2021,9,2021-06-05,23.5,NYL,away,CON,-21.0,1,28.8,2,6,.333,1,3,.333,0,0,,0,3,3,5,1,1,1,2,5,5.9
Sabrina Ionescu,2021,10,2021-06-17,23.5,NYL,away,LVA,-27.0,0,15.3,0,5,.000,0,3,.000,1,2,.500,1,2,3,3,0,0,0,0,1,0.5
Sabrina Ionescu,2021,11,2021-06-20,23.5,NYL,away,LAS,3.0,0,20.5,2,8,.250,1,7,.143,4,5,.800,3,3,6,2,2,0,3,1,9,6.8
Sabrina Ionescu,2021,12,2021-06-22,23.5,NYL,home,CHI,-20.0,0,27.0,1,5,.200,1,4,.250,3,3,1.000,0,8,8,7,1,0,1,2,6,9.4
Sabrina Ionescu,2021,13,2021-06-24,23.5,NYL,home,CHI,-23.0,0,13.1,0,2,.000,0,1,.000,2,2,1.000,0,2,2,5,0,0,1,0,2,3.7
Sabrina Ionescu,2021,14,2021-06-26,23.6,NYL,away,ATL,23.0,1,27.9,3,5,.600,3,4,.750,1,1,1.000,0,6,6,8,0,1,4,1,10,11.4
Sabrina Ionescu,2021,15,2021-06-29,23.6,NYL,away,ATL,-4.0,1,28.8,2,7,.286,1,5,.200,1,2,.500,1,5,6,1,1,0,2,2,6,2.6
Sabrina Ionescu,2021,16,2021-07-03,23.6,NYL,home,WAS,3.0,1,26.1,6,7,.857,3,4,.750,0,0,,0,5,5,5,1,0,2,1,15,16.1
Sabrina Ionescu,2021,17,2021-07-05,23.6,NYL,home,DAL,3.0,1,29.2,5,9,.556,3,5,.600,0,0,,0,3,3,12,0,2,4,2,13,14.6
Sabrina Ionescu,2021,18,2021-07-09,23.6,NYL,away,IND,-13.0,1,20.0,2,7,.286,0,3,.000,0,0,,1,3,4,4,1,0,6,1,4,-1.1
Sabrina Ionescu,2021,19,2021-07-11,23.6,NYL,home,CON,-17.0,1,21.0,0,6,.000,0,3,.000,0,0,,1,6,7,3,0,0,2,0,0,-1.6
Sabrina Ionescu,2021,20,2021-08-15,23.7,NYL,away,MIN,-10.0,1,30.4,6,11,.545,2,6,.333,0,0,,0,7,7,6,1,1,2,2,14,13.9
Sabrina Ionescu,2021,21,2021-08-18,23.7,NYL,home,SEA,4.0,1,33.7,4,9,.444,2,7,.286,0,0,,2,5,7,5,0,0,5,1,10,6.3
Sabrina Ionescu,2021,22,2021-08-20,23.7,NYL,home,SEA,-16.0,1,31.0,4,8,.500,3,7,.429,5,5,1.000,1,3,4,3,0,0,1,2,16,13.9
Sabrina Ionescu,2021,23,2021-08-22,23.7,NYL,home,LAS,-3.0,1,30.8,3,9,.333,2,5,.400,4,4,1.000,0,4,4,6,0,0,6,3,12,5.1
Sabrina Ionescu,2021,24,2021-08-25,23.7,NYL,home,PHO,-27.0,1,35.1,4,15,.267,0,9,.000,2,2,1.000,0,5,5,7,1,2,1,1,10,8.5
Sabrina Ionescu,2021,25,2021-08-27,23.7,NYL,home,PHO,-16.0,1,35.8,5,16,.313,2,10,.200,0,0,,0,10,10,9,0,1,3,3,12,8.6
Sabrina Ionescu,2021,26,2021-08-31,23.7,NYL,away,MIN,-8.0,1,35.3,4,12,.333,1,7,.143,8,8,1.000,0,7,7,6,1,1,5,4,17,11.6
Sabrina Ionescu,2021,27,2021-09-02,23.7,NYL,away,SEA,-10.0,1,35.2,8,16,.500,2,7,.286,2,2,1.000,1,0,1,7,2,0,2,2,20,16.8
Sabrina Ionescu,2021,28,2021-09-11,23.8,NYL,away,DAL,-1.0,1,36.3,7,17,.412,1,6,.167,3,3,1.000,1,7,8,6,0,2,3,2,18,13.5
Sabrina Ionescu,2021,29,2021-09-15,23.8,NYL,away,CON,-29.0,1,32.8,4,8,.500,2,3,.667,2,2,1.000,1,3,4,5,2,0,9,4,12,4.5
Sabrina Ionescu,2021,30,2021-09-17,23.8,NYL,home,WAS,11.0,1,33.1,7,15,.467,3,7,.429,5,5,1.000,0,5,5,9,1,0,2,1,22,20.7
Sabrina Ionescu,2022,1,2022-05-07,24.4,NYL,home,CON,2.0,1,34.9,10,18,.556,3,6,.500,2,2,1.000,1,3,4,6,2,0,4,4,25,18.6
Sabrina Ionescu,2022,2,2022-05-11,24.4,NYL,away,CHI,-33.0,1,26.9,0,5,.000,0,2,.000,2,2,1.000,1,5,6,2,1,2,1,4,2,1.9
Sabrina Ionescu,2022,3,2022-05-13,24.4,NYL,home,IND,-6.0,1,39.3,11,20,.550,5,10,.500,4,5,.800,0,3,3,7,4,0,5,2,31,25.0
Sabrina Ionescu,2022,4,2022-05-15,24.4,NYL,home,DAL,-10.0,1,34.1,6,16,.375,1,5,.200,4,6,.667,2,5,7,6,0,0,3,2,17,10.7
Sabrina Ionescu,2022,5,2022-05-17,24.4,NYL,home,CON,-27.0,1,24.5,1,4,.250,0,3,.000,0,0,,0,6,6,4,1,0,5,2,2,-0.6
Sabrina Ionescu,2022,6,2022-05-24,24.5,NYL,away,MIN,-6.0,1,30.8,3,10,.300,2,6,.333,2,2,1.000,1,8,9,7,0,0,3,4,10,7.6
Sabrina Ionescu,2022,7,2022-05-27,24.5,NYL,away,SEA,-8.0,1,36.9,3,12,.250,2,8,.250,0,0,,2,6,8,3,0,1,3,1,8,3.4
Sabrina Ionescu,2022,8,2022-05-29,24.5,NYL,away,SEA,-31.0,1,22.1,3,9,.333,0,2,.000,0,1,.000,1,2,3,4,1,0,0,1,6,5.2
Sabrina Ionescu,2022,9,2022-06-01,24.5,NYL,home,IND,13.0,1,30.2,6,11,.545,3,7,.429,8,8,1.000,2,5,7,2,0,1,3,4,23,18.1
Sabrina Ionescu,2022,10,2022-06-03,24.5,NYL,away,WAS,4.0,1,34.3,6,15,.400,5,10,.500,7,7,1.000,0,2,2,3,1,0,2,0,24,17.6
Sabrina Ionescu,2022,11,2022-06-05,24.5,NYL,home,MIN,-7.0,1,36.4,13,24,.542,3,11,.273,2,2,1.000,2,3,5,7,3,0,3,2,31,25.8
Sabrina Ionescu,2022,12,2022-06-07,24.5,NYL,home,MIN,19.0,1,26.2,10,11,.909,4,4,1.000,2,2,1.000,1,7,8,8,0,0,2,0,26,28.7
Sabrina Ionescu,2022,13,2022-06-10,24.5,NYL,away,IND,14.0,1,34.7,4,10,.400,1,5,.200,4,4,1.000,0,6,6,7,0,0,4,1,13,9.9
Sabrina Ionescu,2022,14,2022-06-12,24.5,NYL,home,CHI,-2.0,1,37.5,9,16,.563,3,6,.500,6,6,1.000,0,13,13,12,0,0,2,2,27,28.9
Sabrina Ionescu,2022,15,2022-06-16,24.5,NYL,home,WAS,12.0,1,33.3,3,16,.188,0,8,.000,4,4,1.000,1,6,7,9,4,1,2,1,10,11.1
Sabrina Ionescu,2022,16,2022-06-19,24.5,NYL,home,SEA,-9.0,1,33.3,5,14,.357,2,6,.333,0,0,,0,8,8,10,2,0,5,3,12,9.4
Sabrina Ionescu,2022,17,2022-06-22,24.5,NYL,away,CON,4.0,1,31.5,3,16,.188,2,9,.222,3,4,.750,3,8,11,6,1,1,2,1,11,8.6
Sabrina Ionescu,2022,18,2022-06-24,24.5,NYL,away,ATL,12.0,1,33.7,7,15,.467,5,9,.556,2,2,1.000,1,8,9,8,1,0,3,4,21,18.4
Sabrina Ionescu,2022,19,2022-06-30,24.6,NYL,home,ATL,-11.0,1,42.4,6,19,.316,1,10,.100,4,4,1.000,2,11,13,7,2,1,2,1,17,16.0
Sabrina Ionescu,2022,20,2022-07-03,24.6,NYL,away,LAS,-10.0,1,37.2,5,18,.278,3,12,.250,1,1,1.000,2,7,9,8,0,1,6,1,14,6.8
Sabrina Ionescu,2022,21,2022-07-06,24.6,NYL,away,LVA,9.0,1,36.2,10,13,.769,7,8,.875,4,4,1.000,2,11,13,10,0,0,0,3,31,36.4
Sabrina Ionescu,2022,22,2022-07-07,24.6,NYL,away,PHO,-3.0,1,34.4,7,18,.389,4,8,.500,4,4,1.000,1,9,10,3,1,1,6,5,22,11.4
Sabrina Ionescu,2022,23,2022-07-12,24.6,NYL,home,LVA,-6.0,1,29.0,9,17,.529,4,9,.444,5,5,1.000,0,3,3,5,2,0,3,1,27,21.7
Sabrina Ionescu,2022,24,2022-07-14,24.6,NYL,home,LVA,-34.0,1,23.4,1,8,.125,1,4,.250,6,6,1.000,0,3,3,6,1,0,3,1,9,6.5
Sabrina Ionescu,2022,25,2022-07-19,24.6,NYL,away,CON,-19.0,1,32.5,6,18,.333,1,7,.143,0,0,,2,3,5,4,1,0,3,4,13,4.3
Sabrina Ionescu,2022,26,2022-07-21,24.6,NYL,away,WAS,-9.0,1,31.6,6,14,.429,1,4,.250,2,2,1.000,0,8,8,4,1,0,4,3,15,8.6
Sabrina Ionescu,2022,27,2022-07-23,24.6,NYL,home,CHI,3.0,1,34.5,7,17,.412,2,6,.333,1,1,1.000,1,7,8,9,0,0,5,1,17,11.6
Sabrina Ionescu,2022,28,2022-07-29,24.6,NYL,away,CHI,-8.0,1,33.2,4,10,.400,1,6,.167,7,8,.875,0,4,4,6,0,0,4,5,16,9.6
Sabrina Ionescu,2022,29,2022-07-31,24.6,NYL,home,PHO,20.0,1,34.1,3,14,.214,1,6,.167,3,3,1.000,1,7,8,16,2,0,3,1,10,14.0
Sabrina Ionescu,2022,30,2022-08-02,24.7,NYL,home,LAS,29.0,1,23.8,11,16,.688,5,9,.556,4,4,1.000,0,6,6,4,3,0,4,0,31,27.8
Sabrina Ionescu,2022,31,2022-08-03,24.7,NYL,home,LAS,3.0,1,31.2,6,18,.333,3,9,.333,5,7,.714,2,6,8,6,2,0,2,2,20,15.6
Sabrina Ionescu,2022,32,2022-08-06,24.7,NYL,away,PHO,-14.0,1,33.5,6,15,.400,1,8,.125,7,8,.875,1,4,5,5,1,1,0,2,20,17.8
Sabrina Ionescu,2022,33,2022-08-08,24.7,NYL,away,DAL,-9.0,1,32.6,8,21,.381,4,11,.364,12,12,1.000,2,5,7,4,1,0,3,2,32,23.4
Sabrina Ionescu,2022,34,2022-08-10,24.7,NYL,away,DAL,18.0,1,26.4,6,12,.500,1,6,.167,0,0,,0,9,9,7,0,0,1,2,13,12.8
Sabrina Ionescu,2022,35,2022-08-12,24.7,NYL,away,ATL,10.0,1,33.5,6,11,.545,1,2,.500,2,2,1.000,1,7,8,6,1,0,2,0,15,15.7
Sabrina Ionescu,2022,36,2022-08-14,24.7,NYL,home,ATL,4.0,1,33.2,1,12,.083,1,7,.143,2,2,1.000,0,5,5,7,0,0,6,4,5,-4.2
Sabrina Ionescu,2023,1,2023-05-19,25.4,NYL,away,WAS,-16.0,1,33.7,7,20,.350,2,9,.222,2,3,.667,0,8,8,2,1,0,3,0,18,8.2
Sabrina Ionescu,2023,2,2023-05-21,25.5,NYL,home,IND,17.0,1,30.0,3,8,.375,3,5,.600,0,0,,1,7,8,8,2,1,2,0,9,13.7
Sabrina Ionescu,2023,3,2023-05-27,25.5,NYL,home,CON,16.0,1,31.2,6,16,.375,4,9,.444,1,2,.500,1,6,7,3,0,0,1,1,17,11.0
Sabrina Ionescu,2023,4,2023-05-30,25.5,NYL,away,SEA,8.0,1,36.9,6,13,.462,6,10,.600,2,2,1.000,0,6,6,3,0,0,1,2,20,15.4
Sabrina Ionescu,2023,5,2023-06-02,25.5,NYL,away,CHI,1.0,1,26.0,1,7,.143,1,5,.200,2,2,1.000,1,4,5,3,1,0,0,3,5,4.3
Sabrina Ionescu,2023,6,2023-06-04,25.5,NYL,home,CHI,-4.0,1,32.2,2,9,.222,0,4,.000,0,0,,2,4,6,5,2,0,4,5,4,0.6
Sabrina Ionescu,2023,7,2023-06-09,25.5,NYL,away,ATL,23.0,1,34.6,10,18,.556,8,13,.615,9,10,.900,0,4,4,4,2,0,2,1,37,31.6
Sabrina Ionescu,2023,8,2023-06-11,25.5,NYL,home,DAL,9.0,1,30.6,7,16,.438,3,8,.375,5,5,1.000,1,5,6,6,0,0,2,2,22,17.2
Sabrina Ionescu,2023,9,2023-06-23,25.5,NYL,away,ATL,30.0,1,26.4,2,8,.250,1,5,.200,3,4,.750,1,5,6,4,0,0,5,1,8,2.4
Sabrina Ionescu,2023,10,2023-06-25,25.6,NYL,home,WAS,1.0,1,38.1,9,19,.474,7,12,.583,6,7,.857,0,3,3,6,3,0,3,3,31,24.8
Sabrina Ionescu,2023,11,2023-06-27,25.6,NYL,away,CON,8.0,1,27.0,2,10,.200,0,3,.000,2,2,1.000,1,2,3,5,0,2,3,0,6,3.0
Sabrina Ionescu,2023,12,2023-06-29,25.6,NYL,away,LVA,-17.0,1,24.2,3,8,.375,1,2,.500,0,0,,1,5,6,7,1,0,3,4,7,6.1
Sabrina Ionescu,2023,13,2023-07-02,25.6,NYL,away,SEA,15.0,1,29.3,5,12,.417,3,6,.500,0,0,,1,6,7,4,2,0,3,2,13,10.1
Sabrina Ionescu,2023,14,2023-07-05,25.6,NYL,home,PHO,4.0,1,32.3,3,9,.333,2,4,.500,3,4,.750,2,5,7,9,1,1,5,2,11,10.6
Sabrina Ionescu,2023,15,2023-07-08,25.6,NYL,home,SEA,4.0,1,32.3,6,13,.462,6,12,.500,2,2,1.000,0,4,4,8,0,0,1,1,20,18.7
Sabrina Ionescu,2023,16,2023-07-12,25.6,NYL,away,IND,8.0,1,36.1,9,18,.500,7,14,.500,9,9,1.000,1,5,6,5,0,0,2,2,34,27.9
Sabrina Ionescu,2023,17,2023-07-19,25.6,NYL,home,DAL,-10.0,1,31.2,7,14,.500,5,11,.455,3,3,1.000,2,6,8,6,0,0,1,1,22,21.0
Sabrina Ionescu,2023,18,2023-07-21,25.6,NYL,away,WAS,9.0,1,33.4,4,10,.400,3,8,.375,5,7,.714,1,10,11,9,1,0,1,3,16,18.6
Sabrina Ionescu,2023,19,2023-07-23,25.6,NYL,home,IND,18.0,1,30.4,5,13,.385,2,7,.286,0,0,,1,3,4,6,0,0,3,1,12,7.3
Sabrina Ionescu,2023,20,2023-07-25,25.6,NYL,home,SEA,4.0,1,31.8,2,14,.143,2,9,.222,6,6,1.000,6,6,12,12,2,0,3,0,12,16.4
Sabrina Ionescu,2023,21,2023-07-27,25.6,NYL,home,ATL,11.0,1,32.9,4,8,.500,4,7,.571,0,0,,0,4,4,9,0,0,4,3,12,10.3
Sabrina Ionescu,2023,22,2023-07-28,25.6,NYL,home,MIN,-5.0,1,36.5,10,21,.476,7,14,.500,4,5,.800,0,7,7,7,2,3,6,3,31,23.8
Sabrina Ionescu,2023,23,2023-07-30,25.6,NYL,away,LAS,8.0,1,29.8,4,10,.400,4,7,.571,2,3,.667,0,6,6,5,1,1,4,0,14,11.2
Sabrina Ionescu,2023,24,2023-08-01,25.7,NYL,away,LAS,7.0,1,34.5,3,12,.250,1,8,.125,4,4,1.000,1,2,3,3,0,1,5,2,11,2.1
Sabrina Ionescu,2023,25,2023-08-04,25.7,NYL,away,MIN,10.0,1,33.6,6,16,.375,6,11,.545,0,0,,0,5,5,6,3,0,4,0,18,13.9
Sabrina Ionescu,2023,26,2023-08-06,25.7,NYL,home,LVA,38.0,1,31.9,12,19,.632,6,10,.600,1,1,1.000,1,4,5,7,1,0,1,1,31,28.9
Sabrina Ionescu,2023,27,2023-08-11,25.7,NYL,home,CHI,16.0,1,32.8,7,13,.538,5,8,.625,0,0,,0,5,5,8,0,0,0,3,19,18.6
Sabrina Ionescu,2023,28,2023-08-13,25.7,NYL,away,IND,11.0,1,29.9,4,12,.333,2,5,.400,0,0,,0,2,2,4,1,0,1,3,10,5.4
Sabrina Ionescu,2023,29,2023-08-17,25.7,NYL,away,LVA,-13.0,1,31.5,7,16,.438,6,12,.500,2,2,1.000,2,2,4,2,0,0,2,2,22,14.2
Sabrina Ionescu,2023,30,2023-08-18,25.7,NYL,away,PHO,22.0,1,27.9,7,13,.538,2,6,.333,2,2,1.000,1,6,7,2,3,0,2,1,18,16.2
Sabrina Ionescu,2023,31,2023-08-24,25.7,NYL,away,CON,5.0,1,35.9,5,13,.385,2,7,.286,6,7,.857,0,4,4,4,1,0,3,2,18,11.7
Sabrina Ionescu,2023,32,2023-08-26,25.7,NYL,away,MIN,35.0,1,26.8,7,10,.700,3,4,.750,2,2,1.000,0,6,6,4,3,1,2,1,19,20.7
Sabrina Ionescu,2023,33,2023-08-28,25.7,NYL,home,LVA,9.0,1,35.1,8,14,.571,5,10,.500,4,6,.667,0,2,2,2,2,0,2,1,25,19.2
Sabrina Ionescu,2023,34,2023-09-05,25.7,NYL,away,DAL,1.0,1,24.7,1,5,.200,1,5,.200,2,2,1.000,0,2,2,3,0,0,2,2,5,1.8
Sabrina Ionescu,2023,35,2023-09-07,25.8,NYL,home,LAS,7.0,1,31.2,5,15,.333,4,10,.400,2,3,.667,0,4,4,5,1,0,6,1,16,6.4
Sabrina Ionescu,2023,36,2023-09-10,25.8,NYL,home,WAS,-2.0,1,31.0,6,9,.667,4,6,.667,4,4,1.000,1,6,7,7,1,0,2,2,20,21.7
JiSu Park,2021,1,2021-05-15,22.4,LVA,away,SEA,-14.0,0,12.8,2,4,.500,0,0,,0,0,,0,4,4,1,0,0,0,0,4,3.9
JiSu Park,2021,2,2021-05-18,22.4,LVA,away,SEA,16.0,0,4.3,0,0,,0,0,,0,0,,0,0,0,0,0,0,1,0,0,-1.0
JiSu Park,2021,3,2021-05-21,22.5,LVA,home,LAS,28.0,0,18.1,1,2,.500,0,0,,0,0,,0,3,3,1,0,3,3,4,2,0.1
JiSu Park,2021,4,2021-05-23,22.5,LVA,home,CON,-7.0,0,9.9,0,2,.000,0,0,,0,0,,0,1,1,1,0,2,1,1,0,-0.4
JiSu Park,2021,5,2021-05-26,22.5,LVA,away,PHO,6.0,0,2.3,0,1,.000,0,0,,0,0,,1,0,1,0,0,1,0,0,0,0.7
JiSu Park,2021,6,2021-05-28,22.5,LVA,home,IND,36.0,0,18.1,1,4,.250,0,0,,0,0,,0,2,2,0,0,0,0,3,2,-1.0
JiSu Park,2021,7,2021-05-30,22.5,LVA,home,IND,23.0,0,10.5,1,3,.333,0,0,,6,6,1.000,2,1,3,0,1,0,1,3,8,6.8
JiSu Park,2021,8,2021-06-01,22.5,LVA,away,CON,-7.0,0,2.9,0,1,.000,0,0,,0,0,,0,0,0,0,0,0,0,0,0,-0.7
JiSu Park,2021,9,2021-06-05,22.5,LVA,away,WAS,3.0,0,0.8,0,0,,0,0,,0,0,,0,0,0,0,0,0,0,0,0,0.0
JiSu Park,2021,10,2021-06-13,22.5,LVA,home,DAL,7.0,0,3.5,0,0,,0,0,,0,0,,0,0,0,0,1,0,1,2,0,-0.8
JiSu Park,2021,11,2021-06-15,22.5,LVA,home,NYL,22.0,0,9.3,1,2,.500,0,0,,0,0,,0,0,0,1,0,0,1,1,2,0.3
JiSu Park,2021,12,2021-06-17,22.5,LVA,home,NYL,27.0,0,16.3,1,4,.250,0,1,.000,5,6,.833,6,2,8,3,0,3,1,2,7,11.4
JiSu Park,2021,13,2021-06-25,22.6,LVA,away,MIN,-1.0,0,10.0,0,0,,0,0,,0,0,,0,2,2,0,0,0,1,2,0,-1.2
JiSu Park,2021,14,2021-06-27,22.6,LVA,home,SEA,3.0,0,1.0,0,2,.000,0,0,,0,0,,1,0,1,0,0,0,0,0,0,-0.7
JiSu Park,2021,15,2021-06-30,22.6,LVA,away,LAS,24.0,0,20.0,2,5,.400,0,1,.000,0,0,,0,3,3,2,0,2,2,1,4,2.6
JiSu Park,2021,16,2021-07-04,22.6,LVA,home,ATL,23.0,0,9.7,0,1,.000,0,0,,3,4,.750,2,0,2,1,0,0,2,1,3,1.6
JiSu Park,2021,17,2021-07-09,22.6,LVA,home,MIN,-10.0,0,6.0,0,3,.000,0,2,.000,0,0,,1,2,3,0,0,0,1,1,0,-2.2
JiSu Park,2021,18,2021-07-11,22.6,LVA,away,DAL,16.0,0,10.2,1,2,.500,0,0,,1,2,.500,0,2,2,4,0,1,0,0,3,5.7
JiSu Park,2021,19,2021-08-24,22.7,LVA,away,CON,-14.0,0,1.8,0,0,,0,0,,0,0,,0,0,0,0,0,0,0,0,0,0.0
JiSu Park,2021,20,2021-08-28,22.7,LVA,away,IND,16.0,0,11.3,4,6,.667,0,0,,0,0,,0,2,2,1,1,1,2,2,8,5.6
JiSu Park,2021,21,2021-09-02,22.7,LVA,home,CHI,7.0,0,8.7,1,2,.500,0,0,,0,0,,0,1,1,2,0,0,1,1,2,1.3
JiSu Park,2021,22,2021-09-05,22.7,LVA,away,CHI,-8.0,0,11.4,1,2,.500,0,0,,0,0,,1,3,4,0,0,0,0,2,2,1.8
JiSu Park,2021,23,2021-09-08,22.8,LVA,home,MIN,21.0,0,3.3,0,0,,0,0,,0,0,,0,0,0,0,0,1,0,0,0,0.7
JiSu Park,2021,24,2021-09-17,22.8,LVA,away,CHI,33.0,0,10.0,1,4,.250,0,0,,0,0,,1,2,3,3,0,0,1,0,2,2.0
JiSu Park,2021,25,2021-09-19,22.8,LVA,away,PHO,1.0,0,10.6,0,2,.000,0,0,,0,0,,1,0,1,1,0,2,0,2,0,0.6
Kristi Toliver,2021,1,2021-05-14,34.3,LAS,home,DAL,-23.0,1,24.2,4,6,0.667,2,4,0.5,1,2,0.5,0,0,0,2,1,0,3,1,11,7.0
Kristi Toliver,2021,2,2021-05-21,34.3,LAS,away,LVA,-28.0,1,18.2,3,6,0.5,1,3,0.333,2,2,1.0,0,2,2,5,0,0,2,4,9,6.5
Kristi Toliver,2021,3,2021-05-28,34.3,LAS,away,CHI,15.0,1,22.0,1,1,1.0,0,0,,3,3,1.0,0,1,1,1,0,0,1,1,5,4.3
Kristi Toliver,2021,4,2021-05-30,34.3,LAS,away,CHI,3.0,1,27.3,0,3,0.0,0,2,0.0,0,0,,0,1,1,5,1,0,1,1,0,1.3
Kristi Toliver,2021,5,2021-06-01,34.3,LAS,away,DAL,-10.0,1,26.4,5,6,0.833,4,5,0.8,0,0,,0,0,0,2,1,0,2,4,14,10.6
Kristi Toliver,2021,6,2021-06-03,34.3,LAS,home,IND,35.0,1,27.7,8,12,0.667,3,7,0.429,3,3,1.0,0,2,2,0,0,0,2,2,22,14.6
Kristi Toliver,2021,7,2021-06-05,34.4,LAS,home,CHI,5.0,1,29.2,2,8,0.25,1,2,0.5,0,0,,2,0,2,2,0,0,2,4,5,-0.6
Kristi Toliver,2021,8,2021-06-10,34.4,LAS,away,WAS,-18.0,1,24.0,1,4,0.25,1,3,0.333,0,0,,0,2,2,3,0,0,1,1,3,1.9
Kristi Toliver,2021,9,2021-06-12,34.4,LAS,away,MIN,-16.0,1,33.1,5,18,0.278,2,6,0.333,1,1,1.0,0,0,0,5,1,0,3,3,13,2.7
Kristi Toliver,2021,10,2021-06-16,34.4,LAS,home,PHO,5.0,1,29.4,7,14,0.5,2,6,0.333,1,1,1.0,2,0,2,0,0,0,0,3,17,10.2
Kristi Toliver,2021,11,2021-06-18,34.4,LAS,home,PHO,-14.0,1,28.6,3,10,0.3,0,2,0.0,2,2,1.0,0,1,1,2,3,0,1,1,8,5.5
Kristi Toliver,2021,12,2021-06-20,34.4,LAS,home,NYL,-3.0,1,35.0,6,17,0.353,3,12,0.25,0,0,,2,2,4,2,1,0,3,3,15,5.7
Kristi Toliver,2021,13,2021-06-24,34.4,LAS,home,WAS,7.0,1,23.9,2,4,0.5,1,2,0.5,0,1,0.0,0,1,1,3,1,0,4,0,5,2.0
Kristi Toliver,2021,14,2021-08-15,34.5,LAS,home,IND,5.0,1,28.1,2,9,0.222,0,4,0.0,0,0,,0,0,0,6,1,0,0,3,4,2.5
Kristi Toliver,2021,15,2021-08-17,34.6,LAS,home,ATL,5.0,1,38.7,4,15,0.267,1,8,0.125,2,2,1.0,1,1,2,3,2,0,1,1,11,5.8
Kristi Toliver,2021,16,2021-08-19,34.6,LAS,home,ATL,2.0,1,32.6,4,5,0.8,2,3,0.667,0,0,,0,4,4,5,0,0,3,3,10,8.6
Kristi Toliver,2021,17,2021-08-22,34.6,LAS,away,NYL,3.0,1,27.6,6,15,0.4,3,8,0.375,1,2,0.5,1,1,2,3,0,0,0,0,16,10.6
Kristi Toliver,2021,18,2021-08-24,34.6,LAS,away,WAS,-10.0,1,22.9,3,7,0.429,1,5,0.2,0,0,,1,1,2,3,1,0,0,1,7,7.0
Kristi Toliver,2021,19,2021-08-26,34.6,LAS,away,CON,-4.0,1,25.9,1,2,0.5,1,1,1.0,0,0,,0,0,0,2,1,0,3,0,3,1.4
Kristi Toliver,2022,1,2022-06-19,35.4,LAS,away,DAL,-10.0,1,15.2,1,2,0.5,1,2,0.5,0,0,,0,0,0,3,0,0,1,2,3,2.3
Kristi Toliver,2022,2,2022-06-21,35.4,LAS,home,WAS,2.0,1,25.8,1,4,0.25,1,2,0.5,3,3,1.0,0,0,0,5,0,0,5,0,6,2.1
Kristi Toliver,2022,3,2022-06-23,35.4,LAS,home,CHI,-23.0,1,25.6,1,5,0.2,1,3,0.333,0,0,,0,3,3,6,0,0,1,1,3,3.6
Kristi Toliver,2022,4,2022-06-25,35.4,LAS,away,SEA,8.0,1,29.1,3,6,0.5,2,4,0.5,3,4,0.75,0,1,1,2,2,0,3,0,11,8.3
Kristi Toliver,2022,5,2022-06-27,35.4,LAS,home,LVA,-6.0,1,21.9,1,4,0.25,1,4,0.25,0,0,,0,1,1,5,1,0,4,4,3,-0.2
Kristi Toliver,2022,6,2022-07-01,35.4,LAS,away,DAL,8.0,1,26.5,3,6,0.5,2,5,0.4,3,3,1.0,0,0,0,7,1,0,1,2,11,12.1
Kristi Toliver,2022,7,2022-07-03,35.4,LAS,home,NYL,10.0,1,6.8,1,1,1.0,1,1,1.0,0,0,,0,1,1,1,0,0,2,0,3,1.7
Kristi Toliver,2022,8,2022-07-12,35.5,LAS,home,WAS,-13.0,0,22.1,4,7,0.571,3,4,0.75,1,2,0.5,0,0,0,2,0,0,3,3,12,5.5
Kristi Toliver,2022,9,2022-07-14,35.5,LAS,home,CHI,-12.0,1,9.6,0,1,0.0,0,1,0.0,0,0,,0,0,0,1,0,0,1,0,0,-1.0
Kristi Toliver,2022,10,2022-07-28,35.5,LAS,away,PHO,-10.0,1,27.0,3,10,0.3,0,6,0.0,4,4,1.0,0,2,2,2,0,0,4,2,10,1.4
Kristi Toliver,2022,11,2022-07-31,35.5,LAS,home,MIN,-7.0,1,8.4,1,5,0.2,1,4,0.25,0,0,,0,0,0,0,0,0,0,0,3,-0.1
Kristi Toliver,2023,1,2023-05-19,36.3,WAS,home,NYL,16.0,0,12.4,4,7,0.571,2,4,0.5,0,0,,0,1,1,1,1,0,0,0,10,8.7
Kristi Toliver,2023,2,2023-05-21,36.3,WAS,away,CON,-6.0,0,9.6,1,3,0.333,1,3,0.333,0,0,,0,0,0,0,0,0,1,2,3,-0.5
Kristi Toliver,2023,3,2023-05-23,36.3,WAS,home,CON,-7.0,0,11.6,0,6,0.0,0,5,0.0,1,2,0.5,0,0,0,0,0,0,2,1,1,-6.0
Kristi Toliver,2023,4,2023-05-26,36.3,WAS,away,CHI,2.0,0,11.7,1,3,0.333,1,1,1.0,1,1,1.0,0,0,0,1,1,0,1,2,4,2.2
Kristi Toliver,2023,5,2023-06-02,36.3,WAS,home,DAL,1.0,0,10.7,0,5,0.0,0,3,0.0,2,2,1.0,0,2,2,1,0,0,0,0,2,-0.2
Kristi Toliver,2023,6,2023-06-09,36.4,WAS,away,SEA,7.0,0,10.4,1,5,0.2,1,3,0.333,0,0,,0,1,1,1,1,0,0,2,3,1.1
Kristi Toliver,2023,7,2023-06-13,36.4,WAS,away,IND,-21.0,0,9.5,2,4,0.5,2,4,0.5,0,0,,0,0,0,0,0,0,1,0,6,3.0
Kristi Toliver,2023,8,2023-06-16,36.4,WAS,home,PHO,19.0,0,13.3,2,4,0.5,2,4,0.5,0,0,,0,1,1,3,0,0,0,1,6,6.0
Kristi Toliver,2023,9,2023-08-29,36.6,WAS,home,MIN,11.0,0,3.6,0,0,,0,0,,0,0,,0,1,1,1,0,0,0,0,0,1.0
Kristi Toliver,2023,10,2023-08-31,36.6,WAS,away,LVA,-9.0,0,4.9,1,1,1.0,0,0,,0,0,,1,1,2,0,0,0,1,0,2,1.7
Kristi Toliver,2023,11,2023-09-03,36.6,WAS,away,LAS,-8.0,0,1.7,1,1,1.0,1,1,1.0,0,0,,0,0,0,0,0,0,1,1,3,1.3
Iliana Rupert,2022,1,2022-06-25,21.0,LVA,home,WAS,-1.0,0,15.3,2,3,0.667,1,2,0.5,0,0,,1,2,3,1,0,0,0,1,5,5.3
Iliana Rupert,2022,2,2022-06-27,21.0,LVA,away,LAS,6.0,0,13.4,1,3,0.333,0,2,0.0,0,0,,1,1,2,0,0,0,0,5,2,-0.7
Iliana Rupert,2022,3,2022-06-29,21.0,LVA,away,SEA,-10.0,0,15.7,4,6,0.667,3,4,0.75,0,0,,2,3,5,1,0,0,0,0,11,11.4
Iliana Rupert,2022,4,2022-07-01,21.0,LVA,away,MIN,6.0,0,14.9,3,6,0.5,1,4,0.25,1,2,0.5,2,2,4,0,0,0,2,3,8,3.4
Iliana Rupert,2022,5,2022-07-03,21.0,LVA,away,MIN,-31.0,0,14.4,0,3,0.0,0,2,0.0,0,0,,0,2,2,1,0,0,0,2,0,-1.6
Iliana Rupert,2022,6,2022-07-06,21.0,LVA,home,NYL,-9.0,0,23.4,5,7,0.714,3,4,0.75,0,0,,0,2,2,2,2,0,0,3,13,12.9
Iliana Rupert,2022,7,2022-07-12,21.0,LVA,away,NYL,6.0,0,15.6,1,1,1.0,1,1,1.0,0,0,,1,3,4,0,0,0,1,0,3,3.3
Iliana Rupert,2022,8,2022-07-14,21.0,LVA,away,NYL,34.0,0,10.6,1,2,0.5,1,2,0.5,0,0,,0,2,2,1,0,0,0,0,3,3.3
Iliana Rupert,2022,9,2022-07-17,21.0,LVA,away,CON,8.0,0,14.4,0,4,0.0,0,3,0.0,0,0,,0,1,1,0,1,0,0,2,0,-2.3
Iliana Rupert,2022,10,2022-07-19,21.0,LVA,home,ATL,-16.0,0,5.3,0,1,0.0,0,1,0.0,0,0,,0,0,0,0,0,0,2,1,0,-3.1
Iliana Rupert,2022,11,2022-07-21,21.0,LVA,home,IND,13.0,0,11.6,2,4,0.5,1,3,0.333,0,0,,0,2,2,1,1,0,1,4,5,2.7
Iliana Rupert,2022,12,2022-07-23,21.0,LVA,home,LAS,18.0,0,3.4,0,1,0.0,0,1,0.0,0,0,,0,1,1,1,0,0,1,3,0,-1.9
Iliana Rupert,2022,13,2022-07-29,21.0,LVA,away,IND,21.0,0,9.8,0,0,,0,0,,0,0,,1,3,4,1,0,0,1,3,0,0.1
Iliana Rupert,2022,14,2022-07-31,21.1,LVA,away,IND,25.0,0,10.4,0,1,0.0,0,1,0.0,0,0,,0,0,0,2,0,0,0,1,0,0.3
Iliana Rupert,2022,15,2022-08-09,21.1,LVA,home,ATL,7.0,0,14.5,2,4,0.5,2,4,0.5,0,0,,0,0,0,1,1,0,0,2,6,4.9
Iliana Rupert,2022,16,2022-08-11,21.1,LVA,home,CHI,11.0,0,17.1,1,2,0.5,1,1,1.0,0,0,,1,4,5,3,1,0,0,4,3,5.4
Iliana Rupert,2022,17,2022-08-14,21.1,LVA,home,SEA,9.0,0,13.5,3,6,0.5,0,3,0.0,0,1,0.0,2,0,2,0,1,0,1,1,6,3.6
Iliana Rupert,2023,1,2023-07-12,22.0,ATL,home,SEA,10.0,0,7.3,1,1,1.0,0,0,,0,0,,0,3,3,0,1,1,1,0,2,3.3
Iliana Rupert,2023,2,2023-07-18,22.0,ATL,home,MIN,9.0,0,5.0,1,2,0.5,1,1,1.0,0,0,,0,1,1,0,1,0,0,0,3,3.3
Iliana Rupert,2023,3,2023-07-20,22.0,ATL,away,CON,-11.0,0,7.4,0,1,0.0,0,0,,1,2,0.5,1,1,2,0,2,1,0,1,1,3.2
Iliana Rupert,2023,4,2023-07-22,22.0,ATL,home,CON,-8.0,0,15.4,0,2,0.0,0,2,0.0,0,0,,1,2,3,2,1,1,0,1,0,2.6
Iliana Rupert,2023,5,2023-07-25,22.0,ATL,home,PHO,13.0,0,17.8,2,5,0.4,1,3,0.333,1,2,0.5,0,7,7,3,0,0,2,3,6,3.9
Iliana Rupert,2023,6,2023-07-27,22.0,ATL,away,NYL,-11.0,0,14.8,2,3,0.667,1,2,0.5,0,0,,2,1,3,0,0,1,1,2,5,4.3
Iliana Rupert,2023,7,2023-07-30,22.0,ATL,home,WAS,7.0,0,6.8,0,0,,0,0,,0,0,,0,2,2,0,0,0,2,3,0,-2.6
Iliana Rupert,2023,8,2023-08-01,22.1,ATL,away,LVA,-21.0,0,7.7,1,3,0.333,0,2,0.0,0,0,,0,1,1,1,1,0,1,0,2,1.3
Iliana Rupert,2023,9,2023-08-03,22.1,ATL,away,PHO,-20.0,0,5.0,0,0,,0,0,,3,4,0.75,0,2,2,0,0,0,0,1,3,2.8
Iliana Rupert,2023,10,2023-08-10,22.1,ATL,away,SEA,-1.0,0,2.0,0,1,0.0,0,1,0.0,0,0,,0,0,0,0,0,0,0,0,0,-0.7
Iliana Rupert,2023,11,2023-08-12,22.1,ATL,away,LAS,-11.0,0,4.5,0,1,0.0,0,1,0.0,0,0,,0,1,1,1,0,0,0,1,0,-0.1
Iliana Rupert,2023,12,2023-08-13,22.1,ATL,away,LVA,-21.0,0,7.4,0,1,0.0,0,1,0.0,0,0,,0,4,4,0,0,0,1,1,0,-0.9
Iliana Rupert,2023,13,2023-08-18,22.1,ATL,home,CHI,11.0,0,11.9,1,3,0.333,0,1,0.0,0,0,,2,2,4,2,0,0,1,1,2,2.3
Iliana Rupert,2023,14,2023-08-22,22.1,ATL,home,LVA,-12.0,0,17.3,1,3,0.333,0,2,0.0,0,0,,1,2,3,0,0,2,0,2,2,2.2
Iliana Rupert,2023,15,2023-08-25,22.1,ATL,home,LAS,-5.0,0,2.7,0,0,,0,0,,0,0,,0,0,0,0,0,0,0,1,0,-0.4
Iliana Rupert,2023,16,2023-08-27,22.1,ATL,away,IND,-3.0,0,2.4,0,0,,0,0,,0,0,,0,0,0,0,1,0,0,0,0,1.0
Iliana Rupert,2023,17,2023-08-29,22.1,ATL,home,PHO,18.0,0,10.3,0,2,0.0,0,2,0.0,0,0,,0,1,1,1,0,0,1,3,0,-2.6
Iliana Rupert,2023,18,2023-09-01,22.1,ATL,away,MIN,-6.0,0,2.5,1,1,1.0,1,1,1.0,0,0,,0,0,0,0,0,0,0,1,3,2.3
Iliana Rupert,2023,19,2023-09-06,22.2,ATL,home,SEA,11.0,0,5.1,1,3,0.333,1,1,1.0,0,0,,0,2,2,0,0,0,0,0,3,1.9
Iliana Rupert,2023,20,2023-09-10,22.2,ATL,home,DAL,-17.0,0,4.8,1,2,0.5,1,2,0.5,0,0,,0,0,0,0,0,1,0,1,3,2.3
Carolyn Swords,2020,1,2020-07-26,31.0,LVA,home,CHI,-2.0,1,18.9,3,6,.500,0,0,,2,2,1.000,3,1,4,1,1,0,3,5,8,4.1
Carolyn Swords,2020,2,2020-07-29,31.0,LVA,home,ATL,30.0,1,20.7,1,1,1.000,0,0,,3,4,.750,4,3,7,3,1,0,3,0,5,8.1
Carolyn Swords,2020,3,2020-07-31,31.0,LVA,home,PHO,-7.0,0,19.9,1,1,1.000,0,0,,0,0,,1,3,4,2,0,0,1,2,2,2.9
Carolyn Swords,2020,4,2020-08-02,31.0,LVA,home,DAL,9.0,1,20.1,3,5,.600,0,0,,1,2,.500,1,6,7,0,0,0,0,0,7,6.8
Carolyn Swords,2020,5,2020-08-05,31.0,LVA,home,WAS,6.0,1,11.9,1,1,1.000,0,0,,0,0,,2,3,5,0,0,0,1,0,2,3.0
Carolyn Swords,2020,6,2020-08-07,31.1,LVA,home,LAS,4.0,1,20.9,1,4,.250,0,0,,0,0,,2,3,5,0,0,0,0,0,2,1.9
Carolyn Swords,2020,7,2020-08-09,31.1,LVA,home,NYL,2.0,1,9.8,0,2,.000,0,0,,0,0,,1,1,2,0,0,0,0,1,0,-0.8
Carolyn Swords,2020,8,2020-08-11,31.1,LVA,home,IND,19.0,1,22.5,2,3,.667,0,0,,0,0,,2,4,6,2,1,0,0,2,4,6.9
Carolyn Swords,2020,9,2020-08-13,31.1,LVA,home,MIN,10.0,1,18.9,1,2,.500,0,0,,0,0,,4,2,6,1,0,0,1,2,2,3.3
Carolyn Swords,2020,10,2020-08-15,31.1,LVA,home,WAS,15.0,1,18.2,0,2,.000,0,0,,1,2,.500,1,6,7,1,0,0,0,0,1,2.4
Carolyn Swords,2020,11,2020-08-18,31.1,LVA,home,CHI,-2.0,1,16.5,1,1,1.000,0,0,,0,0,,1,4,5,2,0,0,1,0,2,4.0
Carolyn Swords,2020,12,2020-08-20,31.1,LVA,home,CON,21.0,1,18.2,2,3,.667,0,0,,2,2,1.000,0,2,2,2,0,0,1,1,6,5.3
Carolyn Swords,2020,13,2020-08-22,31.1,LVA,home,SEA,8.0,1,20.0,1,1,1.000,0,0,,0,0,,0,4,4,1,0,0,0,1,2,3.2
Carolyn Swords,2020,14,2020-08-25,31.1,LVA,home,DAL,4.0,1,16.6,2,5,.400,0,0,,0,0,,1,3,4,2,0,0,0,0,4,4.3
Carolyn Swords,2020,15,2020-08-29,31.1,LVA,home,NYL,17.0,1,16.0,0,1,.000,0,0,,0,0,,2,5,7,0,0,0,3,1,0,-1.2
Carolyn Swords,2020,16,2020-09-01,31.1,LVA,home,PHO,-7.0,1,10.2,0,0,,0,0,,0,0,,1,1,2,1,0,0,0,0,0,1.7
Carolyn Swords,2020,17,2020-09-03,31.1,LVA,home,CON,15.0,1,17.6,1,2,.500,0,0,,0,0,,0,2,2,0,1,1,1,0,2,2.3
Carolyn Swords,2020,18,2020-09-05,31.1,LVA,home,ATL,10.0,1,11.6,0,1,.000,0,0,,0,0,,0,3,3,0,0,0,0,1,0,-0.2
Carolyn Swords,2020,19,2020-09-08,31.1,LVA,home,IND,6.0,1,21.8,1,3,.333,0,0,,2,2,1.000,1,2,3,1,0,0,1,0,4,3.3
Carolyn Swords,2020,20,2020-09-10,31.1,LVA,home,MIN,15.0,1,12.3,0,1,.000,0,0,,2,2,1.000,0,4,4,0,1,0,0,1,2,3.1
Carolyn Swords,2020,21,2020-09-12,31.2,LVA,home,LAS,14.0,1,24.4,2,2,1.000,0,0,,1,2,.500,1,4,5,0,0,0,1,2,5,4.1
Carolyn Swords,2020,22,2020-09-13,31.2,LVA,home,SEA,2.0,1,16.9,0,3,.000,0,0,,3,4,.750,5,3,8,1,0,0,1,2,3,3.8
Sue Bird,2020,1,2020-07-25,39.8,SEA,home,NYL,16.0,1,19.4,4,11,0.364,3,5,0.6,0,0,,0,2,2,5,1,0,0,3,11,8.8
Sue Bird,2020,2,2020-07-28,39.8,SEA,home,MIN,24.0,1,23.5,6,9,0.667,4,6,0.667,0,0,,0,2,2,4,0,0,0,0,16,15.5
Sue Bird,2020,3,2020-07-30,39.8,SEA,home,WAS,-18.0,1,19.7,2,7,0.286,1,5,0.2,0,0,,1,1,2,1,0,1,3,0,5,0.3
Sue Bird,2020,4,2020-08-12,39.8,SEA,home,ATL,37.0,1,21.4,3,5,0.6,3,5,0.6,0,0,,0,3,3,7,0,0,0,1,9,12.1
Sue Bird,2020,5,2020-08-14,39.8,SEA,home,DAL,18.0,1,20.6,3,7,0.429,1,1,1.0,0,0,,0,3,3,5,1,0,1,1,7,7.3
Sue Bird,2020,6,2020-08-16,39.8,SEA,home,CON,23.0,1,27.7,5,11,0.455,3,6,0.5,0,0,,0,0,0,3,0,0,2,0,13,7.4
Sue Bird,2020,7,2020-08-18,39.8,SEA,home,NYL,41.0,1,17.4,4,5,0.8,2,3,0.667,0,0,,0,0,0,7,1,0,5,0,10,9.0
Sue Bird,2020,8,2020-09-02,39.9,SEA,home,WAS,7.0,1,24.6,3,6,0.5,1,4,0.25,2,2,1.0,0,3,3,2,0,0,1,0,9,7.3
Sue Bird,2020,9,2020-09-04,39.9,SEA,home,LAS,1.0,1,30.4,4,6,0.667,1,3,0.333,1,2,0.5,0,1,1,7,2,0,2,2,10,11.4
Sue Bird,2020,10,2020-09-06,39.9,SEA,home,MIN,15.0,1,27.7,3,9,0.333,2,7,0.286,0,0,,0,1,1,7,1,1,1,0,8,8.8
Sue Bird,2020,11,2020-09-09,39.9,SEA,home,DAL,12.0,1,24.7,4,7,0.571,2,4,0.5,0,0,,0,2,2,9,1,0,3,2,10,10.8
Sue Bird,2021,1,2021-05-15,40.6,SEA,home,LVA,14.0,1,26.1,4,7,.571,3,6,.500,0,0,,0,5,5,8,0,0,4,0,11,10.8
Sue Bird,2021,2,2021-05-18,40.6,SEA,home,LVA,-16.0,1,25.3,0,2,.000,0,2,.000,0,0,,0,0,0,5,0,0,2,2,0,-0.7
Sue Bird,2021,3,2021-05-20,40.6,SEA,away,MIN,12.0,1,31.4,8,12,.667,5,9,.556,0,0,,1,4,5,8,2,1,2,1,21,23.6
Sue Bird,2021,4,2021-05-22,40.6,SEA,away,DAL,3.0,1,31.2,1,4,.250,1,3,.333,3,4,.750,0,4,4,5,0,0,1,2,6,6.1
Sue Bird,2021,5,2021-05-25,40.6,SEA,home,CON,3.0,1,36.2,6,15,.400,4,10,.400,5,6,.833,0,3,3,2,1,0,0,0,21,15.8
Sue Bird,2021,6,2021-05-28,40.6,SEA,home,MIN,10.0,1,18.7,5,8,.625,1,3,.333,0,0,,1,2,3,5,1,1,0,0,11,13.9
Sue Bird,2021,7,2021-06-01,40.6,SEA,home,IND,15.0,1,27.5,4,7,.571,2,5,.400,2,2,1.000,0,1,1,8,0,0,1,1,12,13.2
Sue Bird,2021,8,2021-06-04,40.6,SEA,home,DAL,3.0,1,33.3,2,4,.500,1,2,.500,0,0,,1,2,3,10,3,1,2,1,5,12.6
Sue Bird,2021,9,2021-06-06,40.6,SEA,home,DAL,-1.0,1,28.8,5,9,.556,3,7,.429,0,0,,0,7,7,5,0,0,2,1,13,11.9
Sue Bird,2021,10,2021-06-09,40.6,SEA,away,ATL,24.0,1,24.0,4,5,.800,3,4,.750,0,0,,1,1,2,6,2,0,2,0,11,14.3
Sue Bird,2021,11,2021-06-11,40.7,SEA,away,ATL,11.0,1,27.3,2,8,.250,2,5,.400,0,0,,0,3,3,7,1,0,2,0,6,6.0
Sue Bird,2021,12,2021-06-13,40.7,SEA,away,CON,23.0,1,23.1,5,9,.556,3,4,.750,0,0,,0,1,1,4,1,0,2,1,13,10.4
Sue Bird,2021,13,2021-06-15,40.7,SEA,away,IND,17.0,1,26.1,6,7,.857,3,4,.750,2,2,1.000,0,3,3,4,3,0,1,1,17,19.8
Sue Bird,2021,14,2021-06-17,40.7,SEA,away,IND,10.0,1,31.8,5,12,.417,3,7,.429,0,0,,0,1,1,7,3,0,2,2,13,12.0
Sue Bird,2021,15,2021-06-22,40.7,SEA,home,WAS,-4.0,1,33.0,3,9,.333,1,5,.200,0,0,,1,7,8,7,0,0,1,2,7,7.8
Sue Bird,2021,16,2021-06-27,40.7,SEA,away,LVA,-3.0,1,35.1,3,11,.273,1,8,.125,0,0,,0,0,0,6,0,0,1,2,7,2.9
Sue Bird,2021,17,2021-07-02,40.7,SEA,home,ATL,3.0,1,26.0,5,12,.417,5,7,.714,0,0,,0,1,1,5,1,0,2,1,15,11.0
Sue Bird,2021,18,2021-07-04,40.7,SEA,away,LAS,10.0,1,29.1,4,8,.500,3,5,.600,2,2,1.000,2,1,3,1,1,0,0,0,13,12.4
Sue Bird,2021,19,2021-07-07,40.7,SEA,home,LAS,9.0,1,26.1,1,7,.143,1,5,.200,0,0,,0,1,1,5,2,0,3,2,3,0.5
Sue Bird,2021,20,2021-07-09,40.7,SEA,away,PHO,-8.0,1,29.9,4,10,.400,2,6,.333,0,0,,0,1,1,5,0,0,1,2,10,6.6
Sue Bird,2021,21,2021-07-11,40.7,SEA,home,PHO,7.0,1,24.9,5,11,.455,3,8,.375,0,0,,0,1,1,2,1,0,1,0,13,9.0
Sue Bird,2021,22,2021-08-20,40.8,SEA,away,NYL,16.0,1,24.4,3,10,.300,2,6,.333,2,2,1.000,0,4,4,6,0,0,1,3,10,7.4
Sue Bird,2021,23,2021-08-22,40.8,SEA,away,WAS,7.0,1,24.5,3,8,.375,2,6,.333,0,2,.000,0,4,4,4,2,0,2,1,8,6.4
Sue Bird,2021,24,2021-08-24,40.9,SEA,away,MIN,-6.0,1,29.3,4,12,.333,2,5,.400,0,0,,0,3,3,7,1,0,2,1,10,7.6
Sue Bird,2021,25,2021-08-27,40.9,SEA,home,CHI,-4.0,1,28.7,3,7,.429,2,3,.667,0,0,,0,2,2,4,1,0,2,1,8,6.3
Sue Bird,2021,26,2021-08-29,40.9,SEA,home,CHI,-32.0,1,23.7,3,6,.500,2,4,.500,0,0,,1,1,2,7,1,0,1,0,8,10.9
Sue Bird,2021,27,2021-09-02,40.9,SEA,home,NYL,10.0,1,31.4,1,6,.167,1,5,.200,4,4,1.000,0,2,2,3,0,0,3,1,7,2.5
Sue Bird,2021,28,2021-09-07,40.9,SEA,home,WAS,34.0,1,20.6,5,6,.833,4,4,1.000,0,0,,0,1,1,7,1,0,1,2,14,16.2
Sue Bird,2021,29,2021-09-12,40.9,SEA,away,LAS,-28.0,1,25.8,1,7,.143,1,6,.167,0,0,,0,1,1,0,0,0,2,0,3,-3.2
Sue Bird,2021,30,2021-09-17,40.9,SEA,home,PHO,9.0,1,28.4,1,7,.143,1,6,.167,0,0,,0,2,2,7,0,0,1,1,3,2.6
Sue Bird,2022,1,2022-05-06,41.6,SEA,home,MIN,23.0,1,21.6,3,6,.500,3,4,.750,2,2,1.000,0,2,2,9,2,1,3,1,11,14.2
Sue Bird,2022,2,2022-05-08,41.6,SEA,away,LVA,-11.0,1,29.9,1,5,.200,1,4,.250,0,0,,0,1,1,7,1,0,4,1,3,1.7
Sue Bird,2022,3,2022-05-11,41.6,SEA,away,PHO,-20.0,1,31.8,4,9,.444,4,7,.571,2,2,1.000,0,1,1,6,2,1,3,1,14,13.1
Sue Bird,2022,4,2022-05-14,41.6,SEA,home,PHO,-5.0,1,31.2,1,11,.091,0,8,.000,0,0,,0,2,2,3,1,1,2,1,2,-3.3
Sue Bird,2022,5,2022-05-18,41.6,SEA,home,CHI,3.0,1,21.9,2,9,.222,2,6,.333,0,0,,0,3,3,7,1,0,2,0,6,5.3
Sue Bird,2022,6,2022-05-20,41.6,SEA,home,LAS,3.0,1,24.4,2,6,.333,2,5,.400,2,2,1.000,0,3,3,8,0,0,0,0,8,11.1
Sue Bird,2022,7,2022-06-05,41.6,SEA,home,CON,-7.0,1,29.3,6,15,.400,5,11,.455,0,0,,0,2,2,6,2,0,3,3,17,11.5
Sue Bird,2022,8,2022-06-07,41.6,SEA,home,ATL,12.0,1,25.8,2,5,.400,1,3,.333,0,0,,0,2,2,6,0,0,3,1,5,3.7
Sue Bird,2022,9,2022-06-10,41.6,SEA,away,DAL,1.0,1,28.6,3,5,.600,1,3,.333,0,0,,0,0,0,7,2,0,3,1,7,8.2
Sue Bird,2022,10,2022-06-12,41.7,SEA,away,DAL,5.0,1,25.2,1,3,.333,1,2,.500,2,2,1.000,1,2,3,7,2,0,3,0,5,8.5
Sue Bird,2022,11,2022-06-17,41.7,SEA,away,CON,-11.0,1,27.3,5,11,.455,4,6,.667,0,0,,0,1,1,4,2,0,4,0,14,9.4
Sue Bird,2022,12,2022-06-19,41.7,SEA,away,NYL,9.0,1,27.9,4,9,.444,3,7,.429,0,0,,0,3,3,4,0,0,2,1,11,7.6
Sue Bird,2022,13,2022-06-23,41.7,SEA,home,WAS,14.0,1,26.6,4,7,.571,2,4,.500,2,2,1.000,0,3,3,8,3,0,0,0,12,18.2
Sue Bird,2022,14,2022-06-25,41.7,SEA,home,LAS,-8.0,1,29.9,2,8,.250,2,6,.333,0,0,,0,3,3,6,0,0,4,1,6,1.9
Sue Bird,2022,15,2022-06-29,41.7,SEA,home,LVA,10.0,1,25.1,5,10,.500,3,7,.429,0,0,,0,2,2,6,2,0,1,1,13,13.4
Sue Bird,2022,16,2022-07-01,41.7,SEA,home,IND,16.0,1,20.7,3,4,.750,2,3,.667,0,0,,0,1,1,5,0,0,1,0,8,9.2
Sue Bird,2022,17,2022-07-03,41.7,SEA,away,ATL,-14.0,1,19.4,2,7,.286,2,5,.400,0,0,,0,0,0,2,1,0,1,0,6,3.3
Sue Bird,2022,18,2022-07-05,41.7,SEA,away,IND,22.0,1,22.8,1,7,.143,0,5,.000,0,0,,0,1,1,5,0,0,2,0,2,-0.7
Sue Bird,2022,19,2022-07-12,41.7,SEA,home,DAL,9.0,1,28.2,2,3,.667,2,3,.667,0,0,,1,0,1,7,1,0,2,1,6,8.9
Sue Bird,2022,20,2022-07-17,41.8,SEA,home,IND,16.0,1,24.1,0,3,.000,0,2,.000,0,0,,1,1,2,6,2,0,0,1,0,4.7
Sue Bird,2022,21,2022-07-20,41.8,SEA,away,CHI,-4.0,1,29.9,4,7,.571,1,2,.500,0,0,,1,0,1,4,0,0,1,0,9,8.2
Sue Bird,2022,22,2022-07-22,41.8,SEA,away,PHO,-16.0,1,25.1,1,1,1.000,0,0,,0,0,,1,0,1,5,1,0,2,0,2,4.9
Sue Bird,2022,23,2022-07-24,41.8,SEA,home,ATL,10.0,1,21.1,1,4,.250,1,4,.250,0,0,,0,1,1,5,0,0,0,0,3,4.4
Sue Bird,2022,24,2022-07-28,41.8,SEA,away,CON,-5.0,1,29.3,4,6,.667,4,5,.800,2,2,1.000,0,0,0,7,1,0,3,1,14,13.9
Sue Bird,2022,25,2022-07-30,41.8,SEA,away,WAS,5.0,1,29.2,2,7,.286,0,4,.000,0,0,,0,2,2,7,3,0,0,1,4,8.0
Sue Bird,2022,26,2022-07-31,41.8,SEA,away,WAS,-3.0,1,26.8,4,9,.444,2,6,.333,2,2,1.000,0,3,3,7,1,0,2,1,12,11.7
Sue Bird,2022,27,2022-08-03,41.8,SEA,home,MIN,12.0,1,26.4,5,9,.556,3,5,.600,0,0,,0,4,4,6,0,1,2,0,13,12.8
Sue Bird,2022,28,2022-08-07,41.8,SEA,home,LVA,-8.0,1,31.7,4,9,.444,1,5,.200,0,0,,0,4,4,6,1,0,3,1,9,7.3
Sue Bird,2022,29,2022-08-09,41.8,SEA,away,CHI,11.0,1,29.0,4,7,.571,2,5,.400,0,0,,0,0,0,8,3,0,2,3,10,12.1
Sue Bird,2022,30,2022-08-12,41.8,SEA,away,MIN,27.0,1,20.8,1,2,.500,0,1,.000,2,2,1.000,0,4,4,5,2,0,0,0,4,9.7
Sue Bird,2022,31,2022-08-14,41.8,SEA,away,LVA,-9.0,1,26.9,2,7,.286,2,6,.333,0,0,,1,2,3,7,1,0,2,2,6,6.3
Brittany Brewer,2020,1,2020-07-29,22.7,ATL,home,LVA,-30.0,0,17.4,1,1,1.0,0,0,,0,0,,0,1,1,0,2,4,2,3,2,3.6
Brittany Brewer,2020,2,2020-08-02,22.7,ATL,home,IND,-16.0,0,3.1,0,0,,0,0,,0,0,,0,0,0,0,0,0,0,0,0,0.0
Brittany Brewer,2020,3,2020-08-10,22.8,ATL,home,CON,-11.0,0,7.2,1,2,0.5,0,0,,0,0,,1,3,4,0,0,0,0,1,2,2.2
Brittany Brewer,2020,4,2020-08-12,22.8,ATL,home,SEA,-37.0,0,4.4,0,0,,0,0,,0,0,,0,0,0,0,1,0,0,0,0,1.0
Brittany Brewer,2020,5,2020-09-01,22.8,ATL,home,IND,12.0,0,0.5,0,0,,0,0,,0,0,,0,0,0,0,0,0,0,0,0,0.0
Mikiah Herbert Harrigan,2020,1,2020-07-28,21.9,MIN,home,SEA,-24.0,0,11.3,0,4,.000,0,0,,0,0,,1,0,1,0,0,1,1,1,0,-2.8
Mikiah Herbert Harrigan,2020,2,2020-07-30,21.9,MIN,home,CHI,2.0,0,17.2,3,6,.500,2,3,.667,0,0,,0,3,3,1,1,1,1,1,8,6.9
Mikiah Herbert Harrigan,2020,3,2020-08-01,21.9,MIN,home,CON,9.0,0,9.7,1,5,.200,0,2,.000,0,0,,0,1,1,0,1,1,0,0,2,0.9
Mikiah Herbert Harrigan,2020,4,2020-08-05,22.0,MIN,home,NYL,26.0,0,13.0,1,5,.200,0,1,.000,0,0,,0,2,2,0,0,0,0,0,2,-0.5
Mikiah Herbert Harrigan,2020,5,2020-08-07,22.0,MIN,home,IND,7.0,0,8.1,1,2,.500,1,1,1.000,0,0,,0,0,0,0,0,0,0,1,3,1.6
Mikiah Herbert Harrigan,2020,6,2020-08-09,22.0,MIN,home,LAS,-16.0,0,9.4,0,1,.000,0,0,,0,0,,0,1,1,0,0,1,0,1,0,-0.1
Mikiah Herbert Harrigan,2020,7,2020-08-11,22.0,MIN,home,WAS,20.0,0,13.3,3,5,.600,1,1,1.000,0,0,,0,1,1,2,0,0,0,1,7,6.0
Mikiah Herbert Harrigan,2020,8,2020-08-13,22.0,MIN,home,LVA,-10.0,0,4.4,0,1,.000,0,0,,0,0,,0,1,1,0,0,1,0,2,0,-0.5
Mikiah Herbert Harrigan,2020,9,2020-08-15,22.0,MIN,home,NYL,30.0,0,11.3,5,6,.833,1,2,.500,0,0,,1,1,2,0,0,0,0,2,11,9.0
Mikiah Herbert Harrigan,2020,10,2020-08-19,22.0,MIN,home,DAL,7.0,0,20.4,4,7,.571,2,4,.500,0,0,,2,6,8,2,2,1,2,0,10,12.0
Mikiah Herbert Harrigan,2020,11,2020-08-21,22.0,MIN,home,PHO,10.0,0,16.4,0,2,.000,0,1,.000,1,2,.500,3,3,6,0,0,1,2,1,1,0.5
Mikiah Herbert Harrigan,2020,12,2020-08-23,22.0,MIN,home,ATL,-3.0,0,4.4,0,1,.000,0,0,,0,0,,1,0,1,0,0,0,0,0,0,0.0
Mikiah Herbert Harrigan,2020,13,2020-08-28,22.0,MIN,home,ATL,9.0,0,16.6,1,4,.250,0,1,.000,3,3,1.000,3,3,6,0,1,0,1,0,5,5.6
Mikiah Herbert Harrigan,2020,14,2020-08-30,22.0,MIN,home,PHO,-4.0,0,11.9,2,5,.400,2,3,.667,0,0,,0,4,4,1,1,0,0,2,6,5.4
Mikiah Herbert Harrigan,2020,15,2020-08-31,22.0,MIN,home,LAS,18.0,0,11.6,1,5,.200,1,2,.500,0,0,,0,2,2,0,0,1,1,1,3,-0.2
Mikiah Herbert Harrigan,2020,16,2020-09-02,22.0,MIN,home,CHI,3.0,0,7.9,4,7,.571,2,3,.667,0,0,,0,0,0,0,1,0,2,3,10,4.5
Mikiah Herbert Harrigan,2020,17,2020-09-04,22.0,MIN,home,DAL,13.0,0,3.4,0,2,.000,0,1,.000,0,0,,0,0,0,0,0,0,1,1,0,-2.8
Mikiah Herbert Harrigan,2020,18,2020-09-06,22.0,MIN,home,SEA,-15.0,0,15.4,2,3,.667,2,2,1.000,1,2,.500,1,1,2,0,1,0,3,2,7,3.5
Mikiah Herbert Harrigan,2020,19,2020-09-08,22.0,MIN,home,WAS,-3.0,0,10.2,0,3,.000,0,2,.000,0,0,,0,0,0,1,0,0,1,0,0,-2.4
Mikiah Herbert Harrigan,2020,20,2020-09-10,22.1,MIN,home,LVA,-15.0,0,9.9,2,4,.500,0,2,.000,0,0,,2,2,4,0,0,0,0,0,4,4.0
Mikiah Herbert Harrigan,2020,21,2020-09-12,22.1,MIN,home,IND,12.0,0,8.8,0,4,.000,0,2,.000,0,0,,0,3,3,0,0,1,0,2,0,-2.0
Mikiah Herbert Harrigan,2021,1,2021-05-18,22.7,SEA,home,LVA,-16.0,0,1.2,0,0,,0,0,,0,0,,0,0,0,0,0,0,0,0,0,0.0
Jacki Gemelos,2020,1,2020-07-28,31.7,CON,home,WAS,-5.0,0,4.9,2,3,0.667,2,3,0.667,0,0,,0,1,1,0,0,0,0,0,6,5.0
Jacki Gemelos,2020,2,2020-07-30,31.7,CON,home,LAS,-5.0,0,7.7,1,2,0.5,1,2,0.5,0,0,,0,0,0,0,1,0,1,2,3,1.2
Jacki Gemelos,2020,3,2020-08-01,31.7,CON,home,MIN,-9.0,0,7.8,0,2,0.0,0,1,0.0,0,0,,0,1,1,0,0,0,1,1,0,-2.5
Jacki Gemelos,2020,4,2020-08-08,31.7,CON,home,CHI,-7.0,0,0.4,0,0,,0,0,,0,0,,0,0,0,0,0,0,0,0,0,0.0
Jacki Gemelos,2020,5,2020-08-10,31.7,CON,home,ATL,11.0,0,4.8,0,0,,0,0,,0,0,,0,0,0,0,0,0,1,1,0,-1.4
Jacki Gemelos,2020,6,2020-08-16,31.7,CON,home,SEA,-23.0,0,3.4,1,1,1.0,0,0,,0,0,,0,0,0,1,1,0,0,1,2,3.0
Jacki Gemelos,2020,7,2020-08-19,31.7,WAS,home,ATL,7.0,0,13.5,0,5,0.0,0,3,0.0,0,0,,1,1,2,0,0,0,1,1,0,-3.9
Jacki Gemelos,2020,8,2020-08-21,31.7,WAS,home,DAL,-9.0,0,14.7,0,4,0.0,0,2,0.0,0,0,,0,0,0,1,0,0,0,0,0,-2.1
Jacki Gemelos,2020,9,2020-08-23,31.8,WAS,home,PHO,-1.0,0,12.7,2,6,0.333,1,2,0.5,0,2,0.0,0,1,1,0,0,1,1,1,5,0.4
Jacki Gemelos,2020,10,2020-08-28,31.8,WAS,home,PHO,-22.0,0,15.3,0,5,0.0,0,5,0.0,0,0,,0,3,3,0,1,0,1,0,0,-2.6
Jacki Gemelos,2020,11,2020-08-30,31.8,WAS,home,CON,-13.0,0,14.6,1,4,0.25,0,2,0.0,0,0,,1,1,2,0,0,0,1,2,2,-1.2
Jacki Gemelos,2020,12,2020-09-02,31.8,WAS,home,SEA,-7.0,0,15.1,3,6,0.5,2,4,0.5,2,2,1.0,1,1,2,2,0,0,2,2,10,6.6
Jacki Gemelos,2020,13,2020-09-04,31.8,WAS,home,CHI,10.0,0,20.9,2,4,0.5,0,2,0.0,0,0,,0,3,3,4,0,0,0,2,4,4.9
Jacki Gemelos,2020,14,2020-09-06,31.8,WAS,home,DAL,-7.0,0,26.9,3,4,0.75,1,2,0.5,0,0,,0,1,1,2,0,0,1,3,7,4.9
Jacki Gemelos,2020,15,2020-09-08,31.8,WAS,home,MIN,3.0,1,18.5,1,1,1.0,0,0,,0,0,,0,1,1,2,1,0,1,0,2,3.4
Jacki Gemelos,2020,16,2020-09-10,31.8,WAS,home,LAS,8.0,0,13.0,2,4,0.5,2,4,0.5,0,0,,0,2,2,0,0,0,1,0,6,3.6
Jacki Gemelos,2020,17,2020-09-12,31.8,WAS,home,NYL,17.0,0,16.8,1,4,0.25,0,2,0.0,0,0,,0,0,0,3,0,0,0,0,2,1.7
Jacki Gemelos,2020,18,2020-09-13,31.8,WAS,home,ATL,7.0,0,11.3,0,1,0.0,0,1,0.0,0,0,,0,0,0,0,2,0,0,2,0,0.5
Rennia Davis,2022,1,2022-05-10,23.2,MIN,away,IND,-6.0,0,2.7,1,1,1.0,0,0,,0,0,,0,0,0,0,0,0,1,0,2,0.7
Rennia Davis,2022,2,2022-07-17,23.4,IND,away,SEA,-16.0,0,5.9,0,1,0.0,0,0,,0,0,,1,0,1,0,1,0,0,1,0,0.6
Rennia Davis,2022,3,2022-07-19,23.4,IND,away,LAS,-7.0,0,4.4,0,3,0.0,0,0,,0,0,,2,0,2,0,0,0,0,0,0,-0.7
Rennia Davis,2022,4,2022-07-29,23.4,IND,home,LVA,-21.0,0,3.9,1,3,0.333,0,1,0.0,0,0,,0,0,0,0,0,0,0,0,2,0.3
Rennia Davis,2022,5,2022-07-31,23.4,IND,home,LVA,-25.0,0,10.0,1,2,0.5,0,1,0.0,0,0,,0,3,3,0,0,0,0,1,2,1.5
Rennia Davis,2022,6,2022-08-03,23.4,IND,away,ATL,-10.0,0,4.3,0,0,,0,0,,0,0,,0,0,0,0,0,0,1,0,0,-1.0
Rennia Davis,2022,7,2022-08-12,23.5,IND,home,WAS,-12.0,0,7.2,1,2,0.5,0,0,,0,0,,0,0,0,1,1,0,0,0,2,2.7
Rennia Davis,2022,8,2022-08-14,23.5,IND,away,WAS,-12.0,0,4.6,1,1,1.0,0,0,,0,0,,0,2,2,0,0,0,2,1,2,-0.1
