team,year,home_away,opp,win_loss,team_score,opp_score,team_fg,team_fga,team_fg_pct,team_3p,team_3pa,team_3p_pct,team_ft,team_fta,team_ft_pct,team_orb,team_trb,team_ast,team_stl,team_blk,team_tov,team_pf,opponent_fg,opponent_fga,opponent_fg_pct,opponent_3p,opponent_3pa,opponent_3p_pct,opponent_ft,opponent_fta,opponent_ft_pct,opponent_orb,opponent_trb,opponent_ast,opponent_stl,opponent_blk,opponent_tov,opponent_pf,day,month
ATL,2020,,DAL,W,105,95,34,62,.548,7,17,.412,30,34,.882,4,34,19,7,4,16,21,34,78,.436,13,28,.464,14,20,.700,8,29,18,10,1,13,27,26.0,7.0
ATL,2020,@,LVA,L,70,100,28,70,.400,5,28,.179,9,14,.643,7,25,12,12,5,16,24,38,71,.535,6,9,.667,18,26,.692,14,47,16,11,1,19,14,29.0,7.0
ATL,2020,,NYL,W,84,78,28,75,.373,3,10,.300,25,31,.806,17,43,11,8,2,15,20,28,72,.389,7,29,.241,15,17,.882,8,33,13,8,11,15,23,31.0,7.0
ATL,2020,@,IND,L,77,93,33,69,.478,4,11,.364,7,8,.875,5,26,18,6,0,12,22,34,66,.515,8,20,.400,17,21,.810,9,32,26,5,5,15,13,2.0,8.0
ATL,2020,,PHO,L,74,81,29,62,.468,4,13,.308,12,13,.923,5,35,15,7,2,23,25,29,75,.387,4,20,.200,19,22,.864,10,33,19,7,2,10,18,4.0,8.0
ATL,2020,,SEA,L,92,93,31,68,.456,10,27,.370,20,20,1.000,7,37,12,7,5,17,22,31,73,.425,6,21,.286,25,27,.926,8,33,21,11,3,11,18,6.0,8.0
ATL,2020,@,DAL,L,75,85,29,71,.408,8,19,.421,9,13,.692,11,31,13,4,7,12,13,31,67,.463,10,25,.400,13,15,.867,10,39,17,9,4,13,15,8.0,8.0
ATL,2020,,CON,L,82,93,30,65,.462,11,18,.611,11,16,.688,5,31,21,3,3,19,17,36,77,.468,9,24,.375,12,20,.600,15,36,19,15,6,8,15,10.0,8.0
ATL,2020,@,SEA,L,63,100,27,74,.365,8,29,.276,1,1,1.000,10,30,18,6,2,14,12,35,62,.565,18,30,.600,12,13,.923,2,34,31,6,3,12,11,12.0,8.0
ATL,2020,@,PHO,L,80,96,32,76,.421,8,20,.400,8,16,.500,12,35,22,5,8,12,18,32,65,.492,12,25,.480,20,23,.870,4,30,24,9,4,10,17,14.0,8.0
ATL,2020,,CHI,L,67,92,27,68,.397,2,14,.143,11,18,.611,8,26,11,6,2,16,13,37,64,.578,7,14,.500,11,12,.917,5,37,25,7,6,17,19,16.0,8.0
ATL,2020,@,WAS,L,91,98,38,69,.551,8,18,.444,7,12,.583,13,35,26,5,2,14,18,35,70,.500,12,34,.353,16,20,.800,9,28,27,7,0,11,17,19.0,8.0
ATL,2020,,LAS,L,85,93,33,69,.478,8,19,.421,11,18,.611,7,34,27,12,1,29,27,30,67,.448,8,18,.444,25,30,.833,7,36,21,14,2,21,24,21.0,8.0
ATL,2020,@,MIN,W,78,75,32,67,.478,6,15,.400,8,12,.667,8,32,23,8,4,14,15,29,70,.414,6,25,.240,11,12,.917,10,31,16,8,3,13,12,23.0,8.0
ATL,2020,,MIN,L,79,88,31,69,.449,6,16,.375,11,16,.688,6,34,18,5,4,16,24,29,72,.403,7,28,.250,23,25,.920,11,40,22,9,3,13,19,28.0,8.0
ATL,2020,@,LAS,L,79,84,31,75,.413,5,11,.455,12,16,.750,15,45,16,6,3,15,16,36,72,.500,4,14,.286,8,11,.727,7,34,19,8,3,13,17,30.0,8.0
ATL,2020,,IND,W,102,90,37,69,.536,10,20,.500,18,22,.818,6,32,21,7,2,9,25,31,70,.443,6,19,.316,22,29,.759,13,36,19,6,5,12,15,1.0,9.0
ATL,2020,@,NYL,W,62,56,26,81,.321,2,18,.111,8,9,.889,12,49,11,9,8,12,14,19,73,.260,6,35,.171,12,17,.706,12,47,10,8,5,16,12,3.0,9.0
ATL,2020,,LVA,L,79,89,34,76,.447,1,12,.083,10,15,.667,7,30,16,9,4,9,17,33,63,.524,4,12,.333,19,23,.826,5,38,19,8,3,16,17,5.0,9.0
ATL,2020,@,CHI,W,97,89,37,80,.463,8,13,.615,15,17,.882,12,41,19,9,2,9,12,35,75,.467,8,24,.333,11,13,.846,6,35,22,6,4,11,13,9.0,9.0
ATL,2020,,,,,,Team,Team,Team,Team,Team,Team,Team,Team,Team,Team,Team,Team,Team,Team,Team,Team,Opponent,Opponent,Opponent,Opponent,Opponent,Opponent,Opponent,Opponent,Opponent,Opponent,Opponent,Opponent,Opponent,Opponent,Opponent,Opponent,,
ATL,2020,@,CON,W,82,75,31,77,.403,3,11,.273,17,21,.810,10,42,14,9,3,8,17,28,64,.438,6,21,.286,13,20,.650,5,36,16,4,5,13,19,11.0,9.0
ATL,2020,,WAS,L,78,85,33,71,.465,3,12,.250,9,13,.692,12,40,8,1,0,9,16,30,67,.448,7,25,.280,18,18,1.000,4,27,21,6,5,1,13,13.0,9.0
CHI,2020,@,LVA,W,88,86,34,74,.459,9,27,.333,11,14,.786,7,33,25,7,3,16,23,36,77,.468,0,5,.000,14,19,.737,11,42,23,8,0,17,20,26.0,7.0
CHI,2020,,LAS,W,96,78,37,68,.544,11,25,.440,11,14,.786,5,38,25,9,2,15,17,30,70,.429,7,20,.350,11,15,.733,7,30,18,10,2,16,15,28.0,7.0
CHI,2020,@,MIN,L,81,83,31,69,.449,6,24,.250,13,17,.765,8,33,18,8,3,14,22,30,64,.469,6,17,.353,17,22,.773,10,35,17,10,4,15,22,30.0,7.0
CHI,2020,,WAS,W,88,86,36,70,.514,12,25,.480,4,7,.571,4,35,25,7,5,17,19,31,74,.419,8,22,.364,16,20,.800,7,35,20,10,1,14,12,1.0,8.0
CHI,2020,,DAL,W,82,79,32,69,.464,9,20,.450,9,12,.750,10,40,19,7,2,13,15,29,72,.403,10,28,.357,11,14,.786,9,31,12,9,5,10,17,4.0,8.0
CHI,2020,@,PHO,L,86,96,32,70,.457,9,24,.375,13,16,.813,12,34,19,12,4,19,28,32,61,.525,10,19,.526,22,26,.846,4,27,17,8,7,21,19,6.0,8.0
CHI,2020,@,CON,W,100,93,32,58,.552,7,18,.389,29,32,.906,7,29,21,12,1,21,19,35,63,.556,7,14,.500,16,21,.762,4,21,22,12,2,19,25,8.0,8.0
CHI,2020,@,SEA,L,71,89,28,64,.438,7,19,.368,8,10,.800,6,27,18,8,5,21,10,36,70,.514,9,17,.529,8,13,.615,6,28,25,17,5,13,13,10.0,8.0
CHI,2020,,PHO,W,89,71,36,66,.545,1,11,.091,16,20,.800,12,38,20,9,2,15,21,27,65,.415,7,19,.368,10,17,.588,9,26,17,7,3,14,16,12.0,8.0
CHI,2020,,CON,L,74,77,28,61,.459,4,20,.200,14,17,.824,6,32,18,3,8,15,18,29,76,.382,5,15,.333,14,24,.583,12,36,17,9,3,8,18,14.0,8.0
CHI,2020,@,ATL,W,92,67,37,64,.578,7,14,.500,11,12,.917,5,37,25,7,6,17,19,27,68,.397,2,14,.143,11,18,.611,8,26,11,6,2,16,13,16.0,8.0
CHI,2020,,LVA,W,84,82,37,72,.514,8,25,.320,2,5,.400,5,34,25,2,10,14,20,28,74,.378,5,18,.278,21,24,.875,6,32,22,10,6,7,11,18.0,8.0
CHI,2020,@,NYL,W,101,85,42,80,.525,11,23,.478,6,8,.750,5,30,24,8,5,12,21,30,69,.435,3,19,.158,22,23,.957,7,35,15,8,7,16,19,20.0,8.0
CHI,2020,,IND,W,87,76,32,68,.471,7,18,.389,16,18,.889,10,27,18,9,1,12,17,29,54,.537,4,16,.250,14,16,.875,4,27,18,7,3,21,13,22.0,8.0
CHI,2020,,NYL,L,99,101,33,71,.465,10,25,.400,23,29,.793,12,34,20,5,2,9,13,38,68,.559,14,30,.467,11,13,.846,4,29,26,7,3,12,22,25.0,8.0
CHI,2020,,SEA,L,74,88,29,68,.426,4,21,.190,12,14,.857,9,31,20,11,4,14,18,30,63,.476,4,13,.308,24,28,.857,9,37,20,10,3,15,13,29.0,8.0
CHI,2020,@,IND,W,100,77,38,70,.543,7,19,.368,17,20,.850,5,33,29,7,5,11,20,28,72,.389,4,18,.222,17,21,.810,11,38,24,7,3,13,21,31.0,8.0
CHI,2020,,MIN,L,83,86,33,67,.493,9,30,.300,8,9,.889,8,37,23,11,6,23,16,33,74,.446,10,19,.526,10,14,.714,11,32,23,16,4,16,14,2.0,9.0
CHI,2020,@,WAS,L,69,79,28,63,.444,7,26,.269,6,7,.857,4,29,18,5,2,12,14,31,64,.484,10,29,.345,7,8,.875,4,31,26,7,1,9,12,4.0,9.0
CHI,2020,@,LAS,L,80,86,33,74,.446,8,27,.296,6,10,.600,10,36,23,8,3,15,19,34,67,.507,8,14,.571,10,13,.769,9,38,19,6,3,16,17,6.0,9.0
CHI,2020,,,,,,Team,Team,Team,Team,Team,Team,Team,Team,Team,Team,Team,Team,Team,Team,Team,Team,Opponent,Opponent,Opponent,Opponent,Opponent,Opponent,Opponent,Opponent,Opponent,Opponent,Opponent,Opponent,Opponent,Opponent,Opponent,Opponent,,
CHI,2020,,ATL,L,89,97,35,75,.467,8,24,.333,11,13,.846,6,35,22,6,4,11,13,37,80,.463,8,13,.615,15,17,.882,12,41,19,9,2,9,12,9.0,9.0
CHI,2020,@,DAL,W,95,88,34,59,.576,6,11,.545,21,23,.913,5,37,25,3,6,12,14,33,83,.398,10,31,.323,12,17,.706,15,32,20,8,3,4,15,11.0,9.0
CON,2020,@,MIN,L,69,77,23,66,.348,2,19,.105,21,30,.700,8,36,15,10,5,14,21,28,67,.418,4,17,.235,17,21,.810,7,40,16,9,5,14,21,26.0,7.0
CON,2020,,WAS,L,89,94,30,66,.455,7,18,.389,22,30,.733,6,36,16,8,1,16,25,34,70,.486,9,25,.360,17,21,.810,5,35,19,10,0,15,28,28.0,7.0
CON,2020,@,LAS,L,76,81,26,73,.356,5,15,.333,19,28,.679,13,45,19,9,0,14,19,32,72,.444,5,16,.313,12,15,.800,5,36,22,8,3,15,26,30.0,7.0
CON,2020,,MIN,L,69,78,22,63,.349,8,24,.333,17,24,.708,8,27,10,12,3,16,18,27,64,.422,4,19,.211,20,26,.769,12,40,13,11,7,17,20,1.0,8.0
CON,2020,@,SEA,L,74,87,30,69,.435,7,25,.280,7,12,.583,10,35,22,7,2,14,18,31,65,.477,11,21,.524,14,18,.778,8,31,17,10,8,9,14,4.0,8.0
CON,2020,@,DAL,W,91,68,36,66,.545,5,18,.278,14,17,.824,6,32,22,9,3,14,16,28,73,.384,8,29,.276,4,9,.444,10,30,13,9,1,17,16,6.0,8.0
CON,2020,,CHI,L,93,100,35,63,.556,7,14,.500,16,21,.762,4,21,22,12,2,19,25,32,58,.552,7,18,.389,29,32,.906,7,29,21,12,1,21,19,8.0,8.0
CON,2020,@,ATL,W,93,82,36,77,.468,9,24,.375,12,20,.600,15,36,19,15,6,8,15,30,65,.462,11,18,.611,11,16,.688,5,31,21,3,3,19,17,10.0,8.0
CON,2020,,DAL,W,70,66,24,64,.375,5,16,.313,17,21,.810,9,28,19,8,3,9,17,25,59,.424,5,19,.263,11,12,.917,9,32,11,6,3,13,21,12.0,8.0
CON,2020,@,CHI,W,77,74,29,76,.382,5,15,.333,14,24,.583,12,36,17,9,3,8,18,28,61,.459,4,20,.200,14,17,.824,6,32,18,3,8,15,18,14.0,8.0
CON,2020,,SEA,L,72,95,28,77,.364,3,20,.150,13,17,.765,16,39,15,6,2,11,11,37,65,.569,13,23,.565,8,12,.667,5,32,25,5,5,11,12,16.0,8.0
CON,2020,,IND,W,84,62,33,72,.458,7,17,.412,11,13,.846,13,39,21,8,4,11,14,26,66,.394,4,22,.182,6,9,.667,8,26,19,5,6,15,16,18.0,8.0
CON,2020,@,LVA,L,78,99,30,69,.435,7,23,.304,11,13,.846,6,26,19,8,2,16,22,36,64,.563,4,11,.364,23,27,.852,7,37,25,10,0,15,16,20.0,8.0
CON,2020,,NYL,W,82,65,33,74,.446,5,23,.217,11,15,.733,7,35,23,12,3,9,19,20,54,.370,8,29,.276,17,19,.895,4,35,19,6,3,18,19,22.0,8.0
CON,2020,,LAS,L,76,80,31,63,.492,7,17,.412,7,7,1.000,8,32,19,12,2,23,25,29,60,.483,6,16,.375,16,20,.800,5,24,16,11,0,17,17,28.0,8.0
CON,2020,@,WAS,W,76,63,31,68,.456,9,19,.474,5,9,.556,9,35,26,8,2,13,15,19,59,.322,8,26,.308,17,19,.895,8,33,16,7,2,16,10,30.0,8.0
CON,2020,@,NYL,W,70,65,23,70,.329,4,15,.267,20,23,.870,9,42,12,12,2,12,22,19,55,.345,6,22,.273,21,27,.778,3,35,13,7,6,18,20,1.0,9.0
CON,2020,,LVA,L,78,93,25,61,.410,4,20,.200,24,29,.828,17,41,11,5,7,21,17,38,73,.521,5,12,.417,12,12,1.000,6,23,25,11,5,10,18,3.0,9.0
CON,2020,@,IND,W,96,77,36,70,.514,3,9,.333,21,22,.955,9,33,25,13,4,6,15,28,62,.452,9,22,.409,12,14,.857,8,31,24,3,4,19,15,5.0,9.0
CON,2020,@,PHO,W,85,70,33,75,.440,7,18,.389,12,15,.800,9,36,22,7,3,9,19,21,60,.350,7,26,.269,21,23,.913,7,32,14,3,1,16,15,7.0,9.0
CON,2020,,,,,,Team,Team,Team,Team,Team,Team,Team,Team,Team,Team,Team,Team,Team,Team,Team,Team,Opponent,Opponent,Opponent,Opponent,Opponent,Opponent,Opponent,Opponent,Opponent,Opponent,Opponent,Opponent,Opponent,Opponent,Opponent,Opponent,,
CON,2020,,PHO,L,95,100,31,84,.369,8,28,.286,25,30,.833,21,55,13,8,5,16,23,35,82,.427,9,33,.273,21,25,.840,10,39,24,7,7,11,24,9.0,9.0
CON,2020,,ATL,L,75,82,28,64,.438,6,21,.286,13,20,.650,5,36,16,4,5,13,19,31,77,.403,3,11,.273,17,21,.810,10,42,14,9,3,8,17,11.0,9.0
DAL,2020,@,ATL,L,95,105,34,78,.436,13,28,.464,14,20,.700,8,29,18,10,1,13,27,34,62,.548,7,17,.412,30,34,.882,4,34,19,7,4,16,21,26.0,7.0
DAL,2020,,NYL,W,93,80,36,72,.500,10,23,.435,11,17,.647,5,30,18,8,6,10,19,31,73,.425,9,25,.360,9,12,.750,13,44,16,5,2,18,15,29.0,7.0
DAL,2020,,IND,W,76,73,26,74,.351,3,25,.120,21,25,.840,16,43,10,7,5,9,18,26,72,.361,5,19,.263,16,19,.842,15,41,18,4,1,15,19,31.0,7.0
DAL,2020,@,LVA,L,70,79,28,76,.368,4,30,.133,10,12,.833,9,30,11,10,5,10,23,27,62,.435,3,14,.214,22,27,.815,7,40,17,3,1,18,14,2.0,8.0
DAL,2020,@,CHI,L,79,82,29,72,.403,10,28,.357,11,14,.786,9,31,12,9,5,10,17,32,69,.464,9,20,.450,9,12,.750,10,40,19,7,2,13,15,4.0,8.0
DAL,2020,,CON,L,68,91,28,73,.384,8,29,.276,4,9,.444,10,30,13,9,1,17,16,36,66,.545,5,18,.278,14,17,.824,6,32,22,9,3,14,16,6.0,8.0
DAL,2020,,ATL,W,85,75,31,67,.463,10,25,.400,13,15,.867,10,39,17,9,4,13,15,29,71,.408,8,19,.421,9,13,.692,11,31,13,4,7,12,13,8.0,8.0
DAL,2020,,PHO,L,79,91,28,74,.378,7,26,.269,16,21,.762,9,34,20,9,4,8,17,35,74,.473,6,22,.273,15,16,.938,8,40,27,5,5,11,15,10.0,8.0
DAL,2020,@,CON,L,66,70,25,59,.424,5,19,.263,11,12,.917,9,32,11,6,3,13,21,24,64,.375,5,16,.313,17,21,.810,9,28,19,8,3,9,17,12.0,8.0
DAL,2020,,SEA,L,65,83,24,74,.324,9,28,.321,8,12,.667,12,37,14,9,2,12,16,31,68,.456,5,18,.278,16,19,.842,10,46,20,10,5,14,14,14.0,8.0
DAL,2020,@,PHO,W,95,89,34,69,.493,12,27,.444,15,17,.882,7,34,18,9,3,10,19,33,67,.493,9,25,.360,14,17,.824,8,32,25,7,3,14,19,16.0,8.0
DAL,2020,@,MIN,L,84,91,26,64,.406,9,26,.346,23,27,.852,10,32,15,11,3,10,17,31,61,.508,14,23,.609,15,20,.750,8,35,19,4,3,15,19,19.0,8.0
DAL,2020,,WAS,W,101,92,33,67,.493,11,25,.440,24,27,.889,2,27,22,10,5,11,21,31,73,.425,9,19,.474,21,24,.875,14,43,20,6,3,17,22,21.0,8.0
DAL,2020,@,LAS,L,81,84,28,67,.418,8,23,.348,17,19,.895,12,34,15,10,2,14,18,35,64,.547,4,10,.400,10,14,.714,6,30,20,5,3,12,18,23.0,8.0
DAL,2020,,LVA,L,92,96,31,75,.413,15,40,.375,15,20,.750,14,37,15,2,3,11,30,31,64,.484,2,6,.333,32,37,.865,11,39,22,6,2,8,20,25.0,8.0
DAL,2020,@,IND,W,82,78,27,75,.360,7,27,.259,21,25,.840,11,39,14,8,2,11,24,23,57,.404,4,16,.250,28,36,.778,5,31,16,7,4,15,21,29.0,8.0
DAL,2020,,LAS,L,83,91,27,72,.375,13,37,.351,16,21,.762,12,37,14,7,1,11,24,31,60,.517,9,17,.529,20,28,.714,7,36,17,6,4,13,16,2.0,9.0
DAL,2020,,MIN,L,75,88,27,64,.422,5,26,.192,16,16,1.000,3,23,18,9,3,10,22,31,70,.443,10,21,.476,16,21,.762,13,43,22,6,0,13,15,4.0,9.0
DAL,2020,@,WAS,W,101,94,33,68,.485,10,24,.417,25,28,.893,4,26,14,9,1,10,14,38,72,.528,6,21,.286,12,14,.857,4,30,27,4,3,14,21,6.0,9.0
DAL,2020,@,SEA,L,95,107,33,68,.485,8,24,.333,21,25,.840,3,29,20,2,3,12,24,39,77,.506,9,20,.450,20,22,.909,9,36,30,8,4,10,22,9.0,9.0
DAL,2020,,,,,,Team,Team,Team,Team,Team,Team,Team,Team,Team,Team,Team,Team,Team,Team,Team,Team,Opponent,Opponent,Opponent,Opponent,Opponent,Opponent,Opponent,Opponent,Opponent,Opponent,Opponent,Opponent,Opponent,Opponent,Opponent,Opponent,,
DAL,2020,,CHI,L,88,95,33,83,.398,10,31,.323,12,17,.706,15,32,20,8,3,4,15,34,59,.576,6,11,.545,21,23,.913,5,37,25,3,6,12,14,11.0,9.0
DAL,2020,@,NYL,W,82,79,27,70,.386,9,36,.250,19,22,.864,8,35,14,10,5,12,16,32,67,.478,3,19,.158,12,17,.706,6,34,18,4,4,14,21,13.0,9.0
IND,2020,@,WAS,L,76,101,28,71,.394,8,26,.308,12,15,.800,6,28,12,7,1,13,21,38,68,.559,7,17,.412,18,20,.900,7,41,16,5,1,13,19,25.0,7.0
IND,2020,,PHO,W,106,100,36,70,.514,9,20,.450,25,27,.926,9,38,17,2,3,12,23,34,69,.493,9,22,.409,23,33,.697,8,28,18,6,2,8,24,29.0,7.0
IND,2020,@,DAL,L,73,76,26,72,.361,5,19,.263,16,19,.842,15,41,18,4,1,15,19,26,74,.351,3,25,.120,21,25,.840,16,43,10,7,5,9,18,31.0,7.0
IND,2020,,ATL,W,93,77,34,66,.515,8,20,.400,17,21,.810,9,32,26,5,5,15,13,33,69,.478,4,11,.364,7,8,.875,5,26,18,6,0,12,22,2.0,8.0
IND,2020,@,LAS,L,75,86,26,63,.413,5,18,.278,18,20,.900,6,29,17,5,0,15,20,31,64,.484,6,17,.353,18,23,.783,4,29,16,9,6,12,21,5.0,8.0
IND,2020,@,MIN,L,80,87,30,68,.441,10,24,.417,10,13,.769,11,29,18,2,6,16,17,32,62,.516,8,16,.500,15,18,.833,10,30,20,12,3,13,20,7.0,8.0
IND,2020,,WAS,W,91,84,29,58,.500,8,17,.471,25,31,.806,9,39,17,4,2,16,22,26,69,.377,7,21,.333,25,33,.758,10,31,16,10,1,9,22,9.0,8.0
IND,2020,,LVA,L,79,98,34,71,.479,3,18,.167,8,12,.667,5,31,16,6,2,11,17,39,75,.520,4,8,.500,16,22,.727,8,37,20,7,3,9,9,11.0,8.0
IND,2020,@,NYL,W,86,79,33,72,.458,6,16,.375,14,18,.778,10,41,13,4,3,9,19,24,68,.353,10,26,.385,21,26,.808,8,31,12,6,4,7,18,13.0,8.0
IND,2020,,LAS,L,76,90,24,58,.414,9,17,.529,19,21,.905,11,32,17,5,1,22,14,33,61,.541,11,19,.579,13,17,.765,5,21,25,14,1,13,24,15.0,8.0
IND,2020,@,CON,L,62,84,26,66,.394,4,22,.182,6,9,.667,8,26,19,5,6,15,16,33,72,.458,7,17,.412,11,13,.846,13,39,21,8,4,11,14,18.0,8.0
IND,2020,,SEA,W,90,84,34,77,.442,12,24,.500,10,14,.714,14,46,23,7,0,17,19,28,64,.438,5,21,.238,23,25,.920,5,30,17,13,8,12,17,20.0,8.0
IND,2020,@,CHI,L,76,87,29,54,.537,4,16,.250,14,16,.875,4,27,18,7,3,21,13,32,68,.471,7,18,.389,16,18,.889,10,27,18,9,1,12,17,22.0,8.0
IND,2020,@,SEA,L,74,87,25,64,.391,8,26,.308,16,20,.800,12,35,17,7,3,18,20,31,62,.500,3,10,.300,22,27,.815,8,30,19,13,5,12,16,25.0,8.0
IND,2020,,DAL,L,78,82,23,57,.404,4,16,.250,28,36,.778,5,31,16,7,4,15,21,27,75,.360,7,27,.259,21,25,.840,11,39,14,8,2,11,24,29.0,8.0
IND,2020,,CHI,L,77,100,28,72,.389,4,18,.222,17,21,.810,11,38,24,7,3,13,21,38,70,.543,7,19,.368,17,20,.850,5,33,29,7,5,11,20,31.0,8.0
IND,2020,@,ATL,L,90,102,31,70,.443,6,19,.316,22,29,.759,13,36,19,6,5,12,15,37,69,.536,10,20,.500,18,22,.818,6,32,21,7,2,9,25,1.0,9.0
IND,2020,@,PHO,L,81,105,28,67,.418,7,17,.412,18,25,.720,8,35,17,3,4,18,16,40,77,.519,11,28,.393,14,18,.778,7,33,22,10,8,10,22,3.0,9.0
IND,2020,,CON,L,77,96,28,62,.452,9,22,.409,12,14,.857,8,31,24,3,4,19,15,36,70,.514,3,9,.333,21,22,.955,9,33,25,13,4,6,15,5.0,9.0
IND,2020,@,LVA,L,86,92,34,70,.486,10,23,.435,8,8,1.000,4,28,24,6,3,13,21,32,70,.457,2,6,.333,26,32,.813,13,42,23,9,4,9,7,8.0,9.0
IND,2020,,,,,,Team,Team,Team,Team,Team,Team,Team,Team,Team,Team,Team,Team,Team,Team,Team,Team,Opponent,Opponent,Opponent,Opponent,Opponent,Opponent,Opponent,Opponent,Opponent,Opponent,Opponent,Opponent,Opponent,Opponent,Opponent,Opponent,,
IND,2020,,NYL,W,85,75,31,72,.431,4,16,.250,19,20,.950,6,36,23,5,9,13,15,30,76,.395,6,26,.231,9,9,1.000,6,34,14,7,5,15,23,10.0,9.0
IND,2020,,MIN,L,86,98,31,68,.456,9,26,.346,15,17,.882,13,32,27,5,2,12,13,38,69,.551,13,22,.591,9,12,.750,10,31,29,5,2,9,12,12.0,9.0
LAS,2020,@,PHO,W,99,76,38,68,.559,9,20,.450,14,17,.824,6,31,21,14,2,15,21,27,61,.443,9,28,.321,13,21,.619,10,32,23,10,3,27,19,25.0,7.0
LAS,2020,@,CHI,L,78,96,30,70,.429,7,20,.350,11,15,.733,7,30,18,10,2,16,15,37,68,.544,11,25,.440,11,14,.786,5,38,25,9,2,15,17,28.0,7.0
LAS,2020,,CON,W,81,76,32,72,.444,5,16,.313,12,15,.800,5,36,22,8,3,15,26,26,73,.356,5,15,.333,19,28,.679,13,45,19,9,0,14,19,30.0,7.0
LAS,2020,@,SEA,L,75,81,29,75,.387,7,24,.292,10,13,.769,11,33,16,10,2,14,15,31,62,.500,8,23,.348,11,19,.579,5,36,19,10,2,16,21,1.0,8.0
LAS,2020,,IND,W,86,75,31,64,.484,6,17,.353,18,23,.783,4,29,16,9,6,12,21,26,63,.413,5,18,.278,18,20,.900,6,29,17,5,0,15,20,5.0,8.0
LAS,2020,@,LVA,L,82,86,30,72,.417,6,20,.300,16,17,.941,7,33,18,9,6,13,20,34,68,.500,4,7,.571,14,16,.875,7,42,20,6,3,18,19,7.0,8.0
LAS,2020,,MIN,W,97,81,38,58,.655,13,22,.591,8,12,.667,4,30,27,7,1,20,22,26,64,.406,10,30,.333,19,22,.864,5,20,15,11,1,12,13,9.0,8.0
LAS,2020,,NYL,W,93,78,35,71,.493,11,17,.647,12,15,.800,4,26,19,10,5,16,18,24,60,.400,8,23,.348,22,23,.957,9,35,12,10,5,26,20,11.0,8.0
LAS,2020,@,WAS,W,81,64,31,64,.484,6,19,.316,13,18,.722,7,34,18,10,2,12,19,25,60,.417,7,25,.280,7,10,.700,6,32,17,7,1,21,16,13.0,8.0
LAS,2020,@,IND,W,90,76,33,61,.541,11,19,.579,13,17,.765,5,21,25,14,1,13,24,24,58,.414,9,17,.529,19,21,.905,11,32,17,5,1,22,14,15.0,8.0
LAS,2020,,PHO,W,83,74,30,69,.435,4,15,.267,19,25,.760,5,34,17,12,2,9,12,29,66,.439,7,21,.333,9,10,.900,7,37,23,5,3,17,18,19.0,8.0
LAS,2020,@,ATL,W,93,85,30,67,.448,8,18,.444,25,30,.833,7,36,21,14,2,21,24,33,69,.478,8,19,.421,11,18,.611,7,34,27,12,1,29,27,21.0,8.0
LAS,2020,,DAL,W,84,81,35,64,.547,4,10,.400,10,14,.714,6,30,20,5,3,12,18,28,67,.418,8,23,.348,17,19,.895,12,34,15,10,2,14,18,23.0,8.0
LAS,2020,@,CON,W,80,76,29,60,.483,6,16,.375,16,20,.800,5,24,16,11,0,17,17,31,63,.492,7,17,.412,7,7,1.000,8,32,19,12,2,23,25,28.0,8.0
LAS,2020,,ATL,W,84,79,36,72,.500,4,14,.286,8,11,.727,7,34,19,8,3,13,17,31,75,.413,5,11,.455,12,16,.750,15,45,16,6,3,15,16,30.0,8.0
LAS,2020,@,MIN,L,78,96,30,67,.448,10,25,.400,8,13,.615,8,30,19,3,3,10,12,37,69,.536,14,27,.519,8,10,.800,6,32,30,5,3,7,13,31.0,8.0
LAS,2020,@,DAL,W,91,83,31,60,.517,9,17,.529,20,28,.714,7,36,17,6,4,13,16,27,72,.375,13,37,.351,16,21,.762,12,37,14,7,1,11,24,2.0,9.0
LAS,2020,,SEA,L,89,90,33,62,.532,8,19,.421,15,16,.938,3,25,20,7,6,13,20,32,66,.485,7,20,.350,19,24,.792,8,30,25,10,4,14,17,4.0,9.0
LAS,2020,,CHI,W,86,80,34,67,.507,8,14,.571,10,13,.769,9,38,19,6,3,16,17,33,74,.446,8,27,.296,6,10,.600,10,36,23,8,3,15,19,6.0,9.0
LAS,2020,@,NYL,W,96,70,37,68,.544,8,19,.421,14,15,.933,4,31,32,9,3,11,19,22,58,.379,12,35,.343,14,16,.875,4,26,18,7,4,17,18,8.0,9.0
LAS,2020,,,,,,Team,Team,Team,Team,Team,Team,Team,Team,Team,Team,Team,Team,Team,Team,Team,Team,Opponent,Opponent,Opponent,Opponent,Opponent,Opponent,Opponent,Opponent,Opponent,Opponent,Opponent,Opponent,Opponent,Opponent,Opponent,Opponent,,
LAS,2020,,WAS,L,72,80,29,70,.414,4,16,.250,10,11,.909,13,41,15,7,4,13,14,32,63,.508,9,23,.391,7,12,.583,3,29,24,10,3,10,13,10.0,9.0
LAS,2020,,LVA,L,70,84,27,72,.375,5,22,.227,11,12,.917,6,29,25,8,3,12,16,32,61,.525,5,9,.556,15,19,.789,5,38,22,6,4,15,16,12.0,9.0
MIN,2020,,CON,W,77,69,28,67,.418,4,17,.235,17,21,.810,7,40,16,9,5,14,21,23,66,.348,2,19,.105,21,30,.700,8,36,15,10,5,14,21,26.0,7.0
MIN,2020,@,SEA,L,66,90,21,62,.339,5,18,.278,19,21,.905,15,38,13,7,1,19,11,35,66,.530,11,25,.440,9,13,.692,7,24,25,9,5,11,16,28.0,7.0
MIN,2020,,CHI,W,83,81,30,64,.469,6,17,.353,17,22,.773,10,35,17,10,4,15,22,31,69,.449,6,24,.250,13,17,.765,8,33,18,8,3,14,22,30.0,7.0
MIN,2020,@,CON,W,78,69,27,64,.422,4,19,.211,20,26,.769,12,40,13,11,7,17,20,22,63,.349,8,24,.333,17,24,.708,8,27,10,12,3,16,18,1.0,8.0
MIN,2020,@,NYL,W,92,66,36,71,.507,10,21,.476,10,13,.769,11,38,22,14,4,14,11,25,64,.391,8,26,.308,8,11,.727,9,30,18,8,3,22,16,5.0,8.0
MIN,2020,,IND,W,87,80,32,62,.516,8,16,.500,15,18,.833,10,30,20,12,3,13,20,30,68,.441,10,24,.417,10,13,.769,11,29,18,2,6,16,17,7.0,8.0
MIN,2020,@,LAS,L,81,97,26,64,.406,10,30,.333,19,22,.864,5,20,15,11,1,12,13,38,58,.655,13,22,.591,8,12,.667,4,30,27,7,1,20,22,9.0,8.0
MIN,2020,,WAS,W,68,48,26,67,.388,6,20,.300,10,15,.667,14,42,16,6,2,14,15,18,61,.295,4,19,.211,8,8,1.000,9,31,14,8,5,16,15,11.0,8.0
MIN,2020,@,LVA,L,77,87,29,66,.439,7,22,.318,12,17,.706,10,32,19,6,7,19,21,34,70,.486,2,13,.154,17,21,.810,12,34,17,11,6,11,14,13.0,8.0
MIN,2020,,NYL,W,94,64,36,71,.507,6,13,.462,16,18,.889,8,39,24,12,4,16,24,20,66,.303,6,22,.273,18,22,.818,9,31,12,6,4,19,20,15.0,8.0
MIN,2020,,DAL,W,91,84,31,61,.508,14,23,.609,15,20,.750,8,35,19,4,3,15,19,26,64,.406,9,26,.346,23,27,.852,10,32,15,11,3,10,17,19.0,8.0
MIN,2020,@,PHO,W,90,80,26,58,.448,9,19,.474,29,35,.829,8,34,20,9,3,14,22,25,60,.417,7,28,.250,23,29,.793,6,29,15,9,5,15,25,21.0,8.0
MIN,2020,,ATL,L,75,78,29,70,.414,6,25,.240,11,12,.917,10,31,16,8,3,13,12,32,67,.478,6,15,.400,8,12,.667,8,32,23,8,4,14,15,23.0,8.0
MIN,2020,@,ATL,W,88,79,29,72,.403,7,28,.250,23,25,.920,11,40,22,9,3,13,19,31,69,.449,6,16,.375,11,16,.688,6,34,18,5,4,16,24,28.0,8.0
MIN,2020,,PHO,L,79,83,30,74,.405,6,23,.261,13,14,.929,8,30,17,11,2,11,19,29,65,.446,8,30,.267,17,20,.850,12,41,20,5,7,17,19,30.0,8.0
MIN,2020,,LAS,W,96,78,37,69,.536,14,27,.519,8,10,.800,6,32,30,5,3,7,13,30,67,.448,10,25,.400,8,13,.615,8,30,19,3,3,10,12,31.0,8.0
MIN,2020,@,CHI,W,86,83,33,74,.446,10,19,.526,10,14,.714,11,32,23,16,4,16,14,33,67,.493,9,30,.300,8,9,.889,8,37,23,11,6,23,16,2.0,9.0
MIN,2020,@,DAL,W,88,75,31,70,.443,10,21,.476,16,21,.762,13,43,22,6,0,13,15,27,64,.422,5,26,.192,16,16,1.000,3,23,18,9,3,10,22,4.0,9.0
MIN,2020,,SEA,L,88,103,29,62,.468,12,26,.462,18,21,.857,14,34,21,7,0,24,19,35,67,.522,11,26,.423,22,24,.917,7,24,28,15,2,12,16,6.0,9.0
MIN,2020,@,WAS,L,86,89,36,66,.545,5,18,.278,9,11,.818,10,28,17,4,2,12,14,33,61,.541,9,26,.346,14,15,.933,6,23,22,6,1,10,13,8.0,9.0
MIN,2020,,,,,,Team,Team,Team,Team,Team,Team,Team,Team,Team,Team,Team,Team,Team,Team,Team,Team,Opponent,Opponent,Opponent,Opponent,Opponent,Opponent,Opponent,Opponent,Opponent,Opponent,Opponent,Opponent,Opponent,Opponent,Opponent,Opponent,,
MIN,2020,,LVA,L,89,104,33,72,.458,10,29,.345,13,14,.929,7,33,24,4,3,12,16,37,75,.493,10,18,.556,20,23,.870,7,37,31,10,4,6,13,10.0,9.0
MIN,2020,@,IND,W,98,86,38,69,.551,13,22,.591,9,12,.750,10,31,29,5,2,9,12,31,68,.456,9,26,.346,15,17,.882,13,32,27,5,2,12,13,12.0,9.0
NYL,2020,,SEA,L,71,87,23,66,.348,6,28,.214,19,22,.864,5,37,14,5,5,19,15,34,77,.442,7,23,.304,12,15,.800,8,40,16,15,3,13,21,25.0,7.0
NYL,2020,@,DAL,L,80,93,31,73,.425,9,25,.360,9,12,.750,13,44,16,5,2,18,15,36,72,.500,10,23,.435,11,17,.647,5,30,18,8,6,10,19,29.0,7.0
NYL,2020,@,ATL,L,78,84,28,72,.389,7,29,.241,15,17,.882,8,33,13,8,11,15,23,28,75,.373,3,10,.300,25,31,.806,17,43,11,8,2,15,20,31.0,7.0
NYL,2020,,PHO,L,67,96,18,73,.247,5,35,.143,26,29,.897,10,34,13,4,2,13,30,32,66,.485,5,19,.263,27,33,.818,9,47,20,8,9,13,29,2.0,8.0
NYL,2020,,MIN,L,66,92,25,64,.391,8,26,.308,8,11,.727,9,30,18,8,3,22,16,36,71,.507,10,21,.476,10,13,.769,11,38,22,14,4,14,11,5.0,8.0
NYL,2020,@,WAS,W,74,66,22,56,.393,12,32,.375,18,24,.750,6,38,16,4,2,18,24,23,61,.377,4,16,.250,16,20,.800,1,26,12,9,2,14,21,7.0,8.0
NYL,2020,,LVA,L,76,78,28,64,.438,10,28,.357,10,16,.625,6,30,17,5,3,14,23,28,61,.459,1,8,.125,21,24,.875,5,30,15,6,3,10,18,9.0,8.0
NYL,2020,@,LAS,L,78,93,24,60,.400,8,23,.348,22,23,.957,9,35,12,10,5,26,20,35,71,.493,11,17,.647,12,15,.800,4,26,19,10,5,16,18,11.0,8.0
NYL,2020,,IND,L,79,86,24,68,.353,10,26,.385,21,26,.808,8,31,12,6,4,7,18,33,72,.458,6,16,.375,14,18,.778,10,41,13,4,3,9,19,13.0,8.0
NYL,2020,@,MIN,L,64,94,20,66,.303,6,22,.273,18,22,.818,9,31,12,6,4,19,20,36,71,.507,6,13,.462,16,18,.889,8,39,24,12,4,16,24,15.0,8.0
NYL,2020,@,SEA,L,64,105,22,67,.328,6,27,.222,14,19,.737,11,37,12,8,1,23,16,41,77,.532,13,25,.520,10,12,.833,8,39,27,18,6,16,16,18.0,8.0
NYL,2020,,CHI,L,85,101,30,69,.435,3,19,.158,22,23,.957,7,35,15,8,7,16,19,42,80,.525,11,23,.478,6,8,.750,5,30,24,8,5,12,21,20.0,8.0
NYL,2020,@,CON,L,65,82,20,54,.370,8,29,.276,17,19,.895,4,35,19,6,3,18,19,33,74,.446,5,23,.217,11,15,.733,7,35,23,12,3,9,19,22.0,8.0
NYL,2020,@,CHI,W,101,99,38,68,.559,14,30,.467,11,13,.846,4,29,26,7,3,12,22,33,71,.465,10,25,.400,23,29,.793,12,34,20,5,2,9,13,25.0,8.0
NYL,2020,@,LVA,L,63,80,22,66,.333,9,27,.333,10,12,.833,9,44,13,6,6,17,19,30,79,.380,6,20,.300,14,16,.875,12,43,18,9,8,8,14,29.0,8.0
NYL,2020,,CON,L,65,70,19,55,.345,6,22,.273,21,27,.778,3,35,13,7,6,18,20,23,70,.329,4,15,.267,20,23,.870,9,42,12,12,2,12,22,1.0,9.0
NYL,2020,,ATL,L,56,62,19,73,.260,6,35,.171,12,17,.706,12,47,10,8,5,16,12,26,81,.321,2,18,.111,8,9,.889,12,49,11,9,8,12,14,3.0,9.0
NYL,2020,@,PHO,L,67,83,22,81,.272,4,35,.114,19,24,.792,21,53,10,4,3,7,18,31,75,.413,10,30,.333,11,14,.786,8,43,12,4,9,10,21,5.0,9.0
NYL,2020,,LAS,L,70,96,22,58,.379,12,35,.343,14,16,.875,4,26,18,7,4,17,18,37,68,.544,8,19,.421,14,15,.933,4,31,32,9,3,11,19,8.0,9.0
NYL,2020,@,IND,L,75,85,30,76,.395,6,26,.231,9,9,1.000,6,34,14,7,5,15,23,31,72,.431,4,16,.250,19,20,.950,6,36,23,5,9,13,15,10.0,9.0
NYL,2020,,,,,,Team,Team,Team,Team,Team,Team,Team,Team,Team,Team,Team,Team,Team,Team,Team,Team,Opponent,Opponent,Opponent,Opponent,Opponent,Opponent,Opponent,Opponent,Opponent,Opponent,Opponent,Opponent,Opponent,Opponent,Opponent,Opponent,,
NYL,2020,,WAS,L,58,75,21,55,.382,9,24,.375,7,8,.875,5,35,16,6,6,25,9,29,73,.397,6,23,.261,11,11,1.000,9,36,20,15,3,8,11,12.0,9.0
NYL,2020,,DAL,L,79,82,32,67,.478,3,19,.158,12,17,.706,6,34,18,4,4,14,21,27,70,.386,9,36,.250,19,22,.864,8,35,14,10,5,12,16,13.0,9.0
PHO,2020,,LAS,L,76,99,27,61,.443,9,28,.321,13,21,.619,10,32,23,10,3,27,19,38,68,.559,9,20,.450,14,17,.824,6,31,21,14,2,15,21,25.0,7.0
PHO,2020,@,IND,L,100,106,34,69,.493,9,22,.409,23,33,.697,8,28,18,6,2,8,24,36,70,.514,9,20,.450,25,27,.926,9,38,17,2,3,12,23,29.0,7.0
PHO,2020,,LVA,W,102,95,38,66,.576,11,20,.550,15,19,.789,2,31,30,4,9,13,26,32,70,.457,7,14,.500,24,28,.857,5,30,22,8,1,10,17,31.0,7.0
PHO,2020,@,NYL,W,96,67,32,66,.485,5,19,.263,27,33,.818,9,47,20,8,9,13,29,18,73,.247,5,35,.143,26,29,.897,10,34,13,4,2,13,30,2.0,8.0
PHO,2020,@,ATL,W,81,74,29,75,.387,4,20,.200,19,22,.864,10,33,19,7,2,10,18,29,62,.468,4,13,.308,12,13,.923,5,35,15,7,2,23,25,4.0,8.0
PHO,2020,,CHI,W,96,86,32,61,.525,10,19,.526,22,26,.846,4,27,17,8,7,21,19,32,70,.457,9,24,.375,13,16,.813,12,34,19,12,4,19,28,6.0,8.0
PHO,2020,@,SEA,L,68,74,24,66,.364,4,20,.200,16,18,.889,7,31,16,11,5,18,18,25,65,.385,12,24,.500,12,16,.750,8,41,19,12,3,19,20,8.0,8.0
PHO,2020,@,DAL,W,91,79,35,74,.473,6,22,.273,15,16,.938,8,40,27,5,5,11,15,28,74,.378,7,26,.269,16,21,.762,9,34,20,9,4,8,17,10.0,8.0
PHO,2020,@,CHI,L,71,89,27,65,.415,7,19,.368,10,17,.588,9,26,17,7,3,14,16,36,66,.545,1,11,.091,16,20,.800,12,38,20,9,2,15,21,12.0,8.0
PHO,2020,,ATL,W,96,80,32,65,.492,12,25,.480,20,23,.870,4,30,24,9,4,10,17,32,76,.421,8,20,.400,8,16,.500,12,35,22,5,8,12,18,14.0,8.0
PHO,2020,,DAL,L,89,95,33,67,.493,9,25,.360,14,17,.824,8,32,25,7,3,14,19,34,69,.493,12,27,.444,15,17,.882,7,34,18,9,3,10,19,16.0,8.0
PHO,2020,@,LAS,L,74,83,29,66,.439,7,21,.333,9,10,.900,7,37,23,5,3,17,18,30,69,.435,4,15,.267,19,25,.760,5,34,17,12,2,9,12,19.0,8.0
PHO,2020,,MIN,L,80,90,25,60,.417,7,28,.250,23,29,.793,6,29,15,9,5,15,25,26,58,.448,9,19,.474,29,35,.829,8,34,20,9,3,14,22,21.0,8.0
PHO,2020,@,WAS,W,88,87,29,61,.475,10,22,.455,20,24,.833,8,37,19,5,9,16,20,32,77,.416,14,27,.519,9,15,.600,10,30,20,9,4,11,21,23.0,8.0
PHO,2020,,WAS,W,94,72,33,58,.569,13,26,.500,15,15,1.000,4,31,25,7,6,14,15,28,70,.400,9,25,.360,7,10,.700,7,21,17,7,3,13,16,28.0,8.0
PHO,2020,@,MIN,W,83,79,29,65,.446,8,30,.267,17,20,.850,12,41,20,5,7,17,19,30,74,.405,6,23,.261,13,14,.929,8,30,17,11,2,11,19,30.0,8.0
PHO,2020,@,LVA,W,92,85,34,74,.459,14,32,.438,10,12,.833,6,36,26,4,12,8,19,32,75,.427,3,10,.300,18,21,.857,13,44,21,6,2,12,14,1.0,9.0
PHO,2020,,IND,W,105,81,40,77,.519,11,28,.393,14,18,.778,7,33,22,10,8,10,22,28,67,.418,7,17,.412,18,25,.720,8,35,17,3,4,18,16,3.0,9.0
PHO,2020,,NYL,W,83,67,31,75,.413,10,30,.333,11,14,.786,8,43,12,4,9,10,21,22,81,.272,4,35,.114,19,24,.792,21,53,10,4,3,7,18,5.0,9.0
PHO,2020,,CON,L,70,85,21,60,.350,7,26,.269,21,23,.913,7,32,14,3,1,16,15,33,75,.440,7,18,.389,12,15,.800,9,36,22,7,3,9,19,7.0,9.0
PHO,2020,,,,,,Team,Team,Team,Team,Team,Team,Team,Team,Team,Team,Team,Team,Team,Team,Team,Team,Opponent,Opponent,Opponent,Opponent,Opponent,Opponent,Opponent,Opponent,Opponent,Opponent,Opponent,Opponent,Opponent,Opponent,Opponent,Opponent,,
PHO,2020,@,CON,W,100,95,35,82,.427,9,33,.273,21,25,.840,10,39,24,7,7,11,24,31,84,.369,8,28,.286,25,30,.833,21,55,13,8,5,16,23,9.0,9.0
PHO,2020,,SEA,L,60,83,15,62,.242,3,25,.120,27,28,.964,11,32,12,8,4,14,16,31,66,.470,7,17,.412,14,17,.824,9,36,22,5,2,16,23,11.0,9.0
SEA,2020,@,NYL,W,87,71,34,77,.442,7,23,.304,12,15,.800,8,40,16,15,3,13,21,23,66,.348,6,28,.214,19,22,.864,5,37,14,5,5,19,15,25.0,7.0
SEA,2020,,MIN,W,90,66,35,66,.530,11,25,.440,9,13,.692,7,24,25,9,5,11,16,21,62,.339,5,18,.278,19,21,.905,15,38,13,7,1,19,11,28.0,7.0
SEA,2020,@,WAS,L,71,89,26,66,.394,5,25,.200,14,15,.933,11,38,16,4,4,18,14,33,76,.434,15,32,.469,8,9,.889,10,36,25,13,1,8,15,30.0,7.0
SEA,2020,,LAS,W,81,75,31,62,.500,8,23,.348,11,19,.579,5,36,19,10,2,16,21,29,75,.387,7,24,.292,10,13,.769,11,33,16,10,2,14,15,1.0,8.0
SEA,2020,,CON,W,87,74,31,65,.477,11,21,.524,14,18,.778,8,31,17,10,8,9,14,30,69,.435,7,25,.280,7,12,.583,10,35,22,7,2,14,18,4.0,8.0
SEA,2020,@,ATL,W,93,92,31,73,.425,6,21,.286,25,27,.926,8,33,21,11,3,11,18,31,68,.456,10,27,.370,20,20,1.000,7,37,12,7,5,17,22,6.0,8.0
SEA,2020,,PHO,W,74,68,25,65,.385,12,24,.500,12,16,.750,8,41,19,12,3,19,20,24,66,.364,4,20,.200,16,18,.889,7,31,16,11,5,18,18,8.0,8.0
SEA,2020,,CHI,W,89,71,36,70,.514,9,17,.529,8,13,.615,6,28,25,17,5,13,13,28,64,.438,7,19,.368,8,10,.800,6,27,18,8,5,21,10,10.0,8.0
SEA,2020,,ATL,W,100,63,35,62,.565,18,30,.600,12,13,.923,2,34,31,6,3,12,11,27,74,.365,8,29,.276,1,1,1.000,10,30,18,6,2,14,12,12.0,8.0
SEA,2020,@,DAL,W,83,65,31,68,.456,5,18,.278,16,19,.842,10,46,20,10,5,14,14,24,74,.324,9,28,.321,8,12,.667,12,37,14,9,2,12,16,14.0,8.0
SEA,2020,@,CON,W,95,72,37,65,.569,13,23,.565,8,12,.667,5,32,25,5,5,11,12,28,77,.364,3,20,.150,13,17,.765,16,39,15,6,2,11,11,16.0,8.0
SEA,2020,,NYL,W,105,64,41,77,.532,13,25,.520,10,12,.833,8,39,27,18,6,16,16,22,67,.328,6,27,.222,14,19,.737,11,37,12,8,1,23,16,18.0,8.0
SEA,2020,@,IND,L,84,90,28,64,.438,5,21,.238,23,25,.920,5,30,17,13,8,12,17,34,77,.442,12,24,.500,10,14,.714,14,46,23,7,0,17,19,20.0,8.0
SEA,2020,@,LVA,L,74,82,28,75,.373,7,26,.269,11,14,.786,6,34,23,10,3,13,21,30,68,.441,2,11,.182,20,25,.800,8,44,21,7,3,16,12,22.0,8.0
SEA,2020,,IND,W,87,74,31,62,.500,3,10,.300,22,27,.815,8,30,19,13,5,12,16,25,64,.391,8,26,.308,16,20,.800,12,35,17,7,3,18,20,25.0,8.0
SEA,2020,@,CHI,W,88,74,30,63,.476,4,13,.308,24,28,.857,9,37,20,10,3,15,13,29,68,.426,4,21,.190,12,14,.857,9,31,20,11,4,14,18,29.0,8.0
SEA,2020,,WAS,W,71,64,24,62,.387,5,21,.238,18,22,.818,11,43,18,5,2,13,10,26,69,.377,7,27,.259,5,5,1.000,5,25,19,5,3,7,16,2.0,9.0
SEA,2020,@,LAS,W,90,89,32,66,.485,7,20,.350,19,24,.792,8,30,25,10,4,14,17,33,62,.532,8,19,.421,15,16,.938,3,25,20,7,6,13,20,4.0,9.0
SEA,2020,@,MIN,W,103,88,35,67,.522,11,26,.423,22,24,.917,7,24,28,15,2,12,16,29,62,.468,12,26,.462,18,21,.857,14,34,21,7,0,24,19,6.0,9.0
SEA,2020,,DAL,W,107,95,39,77,.506,9,20,.450,20,22,.909,9,36,30,8,4,10,22,33,68,.485,8,24,.333,21,25,.840,3,29,20,2,3,12,24,9.0,9.0
SEA,2020,,,,,,Team,Team,Team,Team,Team,Team,Team,Team,Team,Team,Team,Team,Team,Team,Team,Team,Opponent,Opponent,Opponent,Opponent,Opponent,Opponent,Opponent,Opponent,Opponent,Opponent,Opponent,Opponent,Opponent,Opponent,Opponent,Opponent,,
SEA,2020,@,PHO,W,83,60,31,66,.470,7,17,.412,14,17,.824,9,36,22,5,2,16,23,15,62,.242,3,25,.120,27,28,.964,11,32,12,8,4,14,16,11.0,9.0
SEA,2020,,LVA,L,84,86,30,73,.411,9,21,.429,15,20,.750,9,35,19,5,4,11,19,30,69,.435,8,19,.421,18,27,.667,8,37,25,4,4,9,19,13.0,9.0
WAS,2020,,IND,W,101,76,38,68,.559,7,17,.412,18,20,.900,7,41,16,5,1,13,19,28,71,.394,8,26,.308,12,15,.800,6,28,12,7,1,13,21,25.0,7.0
WAS,2020,@,CON,W,94,89,34,70,.486,9,25,.360,17,21,.810,5,35,19,10,0,15,28,30,66,.455,7,18,.389,22,30,.733,6,36,16,8,1,16,25,28.0,7.0
WAS,2020,,SEA,W,89,71,33,76,.434,15,32,.469,8,9,.889,10,36,25,13,1,8,15,26,66,.394,5,25,.200,14,15,.933,11,38,16,4,4,18,14,30.0,7.0
WAS,2020,@,CHI,L,86,88,31,74,.419,8,22,.364,16,20,.800,7,35,20,10,1,14,12,36,70,.514,12,25,.480,4,7,.571,4,35,25,7,5,17,19,1.0,8.0
WAS,2020,,LVA,L,77,83,31,74,.419,8,26,.308,7,11,.636,8,30,17,7,1,11,23,28,57,.491,4,10,.400,23,30,.767,6,38,11,6,0,15,17,5.0,8.0
WAS,2020,,NYL,L,66,74,23,61,.377,4,16,.250,16,20,.800,1,26,12,9,2,14,21,22,56,.393,12,32,.375,18,24,.750,6,38,16,4,2,18,24,7.0,8.0
WAS,2020,@,IND,L,84,91,26,69,.377,7,21,.333,25,33,.758,10,31,16,10,1,9,22,29,58,.500,8,17,.471,25,31,.806,9,39,17,4,2,16,22,9.0,8.0
WAS,2020,@,MIN,L,48,68,18,61,.295,4,19,.211,8,8,1.000,9,31,14,8,5,16,15,26,67,.388,6,20,.300,10,15,.667,14,42,16,6,2,14,15,11.0,8.0
WAS,2020,,LAS,L,64,81,25,60,.417,7,25,.280,7,10,.700,6,32,17,7,1,21,16,31,64,.484,6,19,.316,13,18,.722,7,34,18,10,2,12,19,13.0,8.0
WAS,2020,@,LVA,L,73,88,29,76,.382,8,28,.286,7,8,.875,15,39,19,6,3,18,17,35,65,.538,6,13,.462,12,15,.800,3,29,21,10,2,10,12,15.0,8.0
WAS,2020,,ATL,W,98,91,35,70,.500,12,34,.353,16,20,.800,9,28,27,7,0,11,17,38,69,.551,8,18,.444,7,12,.583,13,35,26,5,2,14,18,19.0,8.0
WAS,2020,@,DAL,L,92,101,31,73,.425,9,19,.474,21,24,.875,14,43,20,6,3,17,22,33,67,.493,11,25,.440,24,27,.889,2,27,22,10,5,11,21,21.0,8.0
WAS,2020,,PHO,L,87,88,32,77,.416,14,27,.519,9,15,.600,10,30,20,9,4,11,21,29,61,.475,10,22,.455,20,24,.833,8,37,19,5,9,16,20,23.0,8.0
WAS,2020,@,PHO,L,72,94,28,70,.400,9,25,.360,7,10,.700,7,21,17,7,3,13,16,33,58,.569,13,26,.500,15,15,1.000,4,31,25,7,6,14,15,28.0,8.0
WAS,2020,,CON,L,63,76,19,59,.322,8,26,.308,17,19,.895,8,33,16,7,2,16,10,31,68,.456,9,19,.474,5,9,.556,9,35,26,8,2,13,15,30.0,8.0
WAS,2020,@,SEA,L,64,71,26,69,.377,7,27,.259,5,5,1.000,5,25,19,5,3,7,16,24,62,.387,5,21,.238,18,22,.818,11,43,18,5,2,13,10,2.0,9.0
WAS,2020,,CHI,W,79,69,31,64,.484,10,29,.345,7,8,.875,4,31,26,7,1,9,12,28,63,.444,7,26,.269,6,7,.857,4,29,18,5,2,12,14,4.0,9.0
WAS,2020,,DAL,L,94,101,38,72,.528,6,21,.286,12,14,.857,4,30,27,4,3,14,21,33,68,.485,10,24,.417,25,28,.893,4,26,14,9,1,10,14,6.0,9.0
WAS,2020,,MIN,W,89,86,33,61,.541,9,26,.346,14,15,.933,6,23,22,6,1,10,13,36,66,.545,5,18,.278,9,11,.818,10,28,17,4,2,12,14,8.0,9.0
WAS,2020,@,LAS,W,80,72,32,63,.508,9,23,.391,7,12,.583,3,29,24,10,3,10,13,29,70,.414,4,16,.250,10,11,.909,13,41,15,7,4,13,14,10.0,9.0
WAS,2020,,,,,,Team,Team,Team,Team,Team,Team,Team,Team,Team,Team,Team,Team,Team,Team,Team,Team,Opponent,Opponent,Opponent,Opponent,Opponent,Opponent,Opponent,Opponent,Opponent,Opponent,Opponent,Opponent,Opponent,Opponent,Opponent,Opponent,,
WAS,2020,@,NYL,W,75,58,29,73,.397,6,23,.261,11,11,1.000,9,36,20,15,3,8,11,21,55,.382,9,24,.375,7,8,.875,5,35,16,6,6,25,9,12.0,9.0
WAS,2020,@,ATL,W,85,78,30,67,.448,7,25,.280,18,18,1.000,4,27,21,6,5,1,13,33,71,.465,3,12,.250,9,13,.692,12,40,8,1,0,9,16,13.0,9.0
LVA,2020,,CHI,L,86,88,36,77,.468,0,5,.000,14,19,.737,11,42,23,8,0,17,20,34,74,.459,9,27,.333,11,14,.786,7,33,25,7,3,16,23,26.0,7.0
LVA,2020,,ATL,W,100,70,38,71,.535,6,9,.667,18,26,.692,14,47,16,11,1,19,14,28,70,.400,5,28,.179,9,14,.643,7,25,12,12,5,16,24,29.0,7.0
LVA,2020,@,PHO,L,95,102,32,70,.457,7,14,.500,24,28,.857,5,30,22,8,1,10,17,38,66,.576,11,20,.550,15,19,.789,2,31,30,4,9,13,26,31.0,7.0
LVA,2020,,DAL,W,79,70,27,62,.435,3,14,.214,22,27,.815,7,40,17,3,1,18,14,28,76,.368,4,30,.133,10,12,.833,9,30,11,10,5,10,23,2.0,8.0
LVA,2020,@,WAS,W,83,77,28,57,.491,4,10,.400,23,30,.767,6,38,11,6,0,15,17,31,74,.419,8,26,.308,7,11,.636,8,30,17,7,1,11,23,5.0,8.0
LVA,2020,,LAS,W,86,82,34,68,.500,4,7,.571,14,16,.875,7,42,20,6,3,18,19,30,72,.417,6,20,.300,16,17,.941,7,33,18,9,6,13,20,7.0,8.0
LVA,2020,@,NYL,W,78,76,28,61,.459,1,8,.125,21,24,.875,5,30,15,6,3,10,18,28,64,.438,10,28,.357,10,16,.625,6,30,17,5,3,14,23,9.0,8.0
LVA,2020,@,IND,W,98,79,39,75,.520,4,8,.500,16,22,.727,8,37,20,7,3,9,9,34,71,.479,3,18,.167,8,12,.667,5,31,16,6,2,11,17,11.0,8.0
LVA,2020,,MIN,W,87,77,34,70,.486,2,13,.154,17,21,.810,12,34,17,11,6,11,14,29,66,.439,7,22,.318,12,17,.706,10,32,19,6,7,19,21,13.0,8.0
LVA,2020,,WAS,W,88,73,35,65,.538,6,13,.462,12,15,.800,3,29,21,10,2,10,12,29,76,.382,8,28,.286,7,8,.875,15,39,19,6,3,18,17,15.0,8.0
LVA,2020,@,CHI,L,82,84,28,74,.378,5,18,.278,21,24,.875,6,32,22,10,6,7,11,37,72,.514,8,25,.320,2,5,.400,5,34,25,2,10,14,20,18.0,8.0
LVA,2020,,CON,W,99,78,36,64,.563,4,11,.364,23,27,.852,7,37,25,10,0,15,16,30,69,.435,7,23,.304,11,13,.846,6,26,19,8,2,16,22,20.0,8.0
LVA,2020,,SEA,W,82,74,30,68,.441,2,11,.182,20,25,.800,8,44,21,7,3,16,12,28,75,.373,7,26,.269,11,14,.786,6,34,23,10,3,13,21,22.0,8.0
LVA,2020,@,DAL,W,96,92,31,64,.484,2,6,.333,32,37,.865,11,39,22,6,2,8,20,31,75,.413,15,40,.375,15,20,.750,14,37,15,2,3,11,30,25.0,8.0
LVA,2020,,NYL,W,80,63,30,79,.380,6,20,.300,14,16,.875,12,43,18,9,8,8,14,22,66,.333,9,27,.333,10,12,.833,9,44,13,6,6,17,19,29.0,8.0
LVA,2020,,PHO,L,85,92,32,75,.427,3,10,.300,18,21,.857,13,44,21,6,2,12,14,34,74,.459,14,32,.438,10,12,.833,6,36,26,4,12,8,19,1.0,9.0
LVA,2020,@,CON,W,93,78,38,73,.521,5,12,.417,12,12,1.000,6,23,25,11,5,10,18,25,61,.410,4,20,.200,24,29,.828,17,41,11,5,7,21,17,3.0,9.0
LVA,2020,@,ATL,W,89,79,33,63,.524,4,12,.333,19,23,.826,5,38,19,8,3,16,17,34,76,.447,1,12,.083,10,15,.667,7,30,16,9,4,9,17,5.0,9.0
LVA,2020,,IND,W,92,86,32,70,.457,2,6,.333,26,32,.813,13,42,23,9,4,9,7,34,70,.486,10,23,.435,8,8,1.000,4,28,24,6,3,13,21,8.0,9.0
LVA,2020,@,MIN,W,104,89,37,75,.493,10,18,.556,20,23,.870,7,37,31,10,4,6,13,33,72,.458,10,29,.345,13,14,.929,7,33,24,4,3,12,16,10.0,9.0
LVA,2020,,,,,,Team,Team,Team,Team,Team,Team,Team,Team,Team,Team,Team,Team,Team,Team,Team,Team,Opponent,Opponent,Opponent,Opponent,Opponent,Opponent,Opponent,Opponent,Opponent,Opponent,Opponent,Opponent,Opponent,Opponent,Opponent,Opponent,,
LVA,2020,@,LAS,W,84,70,32,61,.525,5,9,.556,15,19,.789,5,38,22,6,4,15,16,27,72,.375,5,22,.227,11,12,.917,6,29,25,8,3,12,16,12.0,9.0
LVA,2020,@,SEA,W,86,84,30,69,.435,8,19,.421,18,27,.667,8,37,25,4,4,9,19,30,73,.411,9,21,.429,15,20,.750,9,35,19,5,4,11,19,13.0,9.0
ATL,2021,,CON,L,67,78,23,64,.359,3,18,.167,18,21,.857,8,26,14,14,7,13,17,27,61,.443,10,23,.435,14,22,.636,12,42,20,7,4,20,21,14.0,5.0
ATL,2021,,CHI,L,77,85,30,77,.390,5,15,.333,12,24,.500,12,35,16,17,7,18,28,28,70,.400,1,13,.077,28,36,.778,14,47,18,8,6,24,21,19.0,5.0
ATL,2021,@,IND,W,83,79,30,75,.400,11,22,.500,12,16,.750,11,27,20,7,6,5,19,31,67,.463,6,18,.333,11,13,.846,6,34,20,0,4,16,16,21.0,5.0
ATL,2021,@,CHI,W,90,83,31,74,.419,8,18,.444,20,25,.800,15,32,17,11,6,10,21,25,62,.403,6,17,.353,27,28,.964,13,41,22,5,5,21,22,25.0,5.0
ATL,2021,,DAL,W,101,95,36,75,.480,6,20,.300,23,33,.697,14,45,19,5,3,11,20,30,66,.455,10,25,.400,25,30,.833,7,32,17,8,3,10,26,27.0,5.0
ATL,2021,@,NYL,W,90,87,40,87,.460,6,21,.286,4,8,.500,10,45,21,11,8,17,19,27,69,.391,14,34,.412,19,21,.905,4,36,23,9,3,20,9,29.0,5.0
ATL,2021,@,MIN,L,84,86,30,70,.429,12,29,.414,12,20,.600,7,32,20,9,2,18,25,30,57,.526,8,21,.381,18,24,.750,5,31,20,9,3,20,21,4.0,6.0
ATL,2021,@,MIN,L,80,100,28,64,.438,10,25,.400,14,19,.737,13,33,16,7,1,18,22,35,68,.515,11,25,.440,19,24,.792,10,32,26,12,1,10,20,6.0,6.0
ATL,2021,,SEA,L,71,95,29,82,.354,3,26,.115,10,13,.769,16,42,18,9,2,12,18,35,64,.547,12,22,.545,13,16,.813,3,32,27,7,9,12,16,9.0,6.0
ATL,2021,,SEA,L,75,86,26,72,.361,4,18,.222,19,22,.864,8,33,14,4,2,5,15,31,61,.508,10,21,.476,14,16,.875,5,41,22,1,0,12,20,11.0,6.0
ATL,2021,,WAS,W,101,78,36,71,.507,13,29,.448,16,21,.762,10,33,20,10,2,13,22,23,61,.377,11,27,.407,21,26,.808,12,33,15,8,4,17,19,13.0,6.0
ATL,2021,@,WAS,L,93,96,34,70,.486,8,21,.381,17,21,.810,8,37,23,14,6,13,17,33,67,.493,13,31,.419,17,20,.850,5,31,22,7,1,15,17,17.0,6.0
ATL,2021,,MIN,L,85,87,33,69,.478,5,13,.385,14,17,.824,6,27,17,13,5,10,15,34,65,.523,7,24,.292,12,15,.800,11,35,24,7,6,17,19,23.0,6.0
ATL,2021,,NYL,L,78,101,29,71,.408,4,17,.235,16,19,.842,7,25,14,13,2,14,21,32,59,.542,13,32,.406,24,28,.857,6,36,22,5,5,18,15,26.0,6.0
ATL,2021,,NYL,W,73,69,27,76,.355,7,18,.389,12,16,.750,12,34,17,10,6,8,12,24,60,.400,9,24,.375,12,15,.800,7,36,14,4,3,15,14,29.0,6.0
ATL,2021,@,SEA,L,88,91,37,78,.474,8,20,.400,6,8,.750,7,31,26,11,3,9,17,30,62,.484,14,22,.636,17,22,.773,6,33,23,6,4,15,11,2.0,7.0
ATL,2021,@,LVA,L,95,118,38,80,.475,7,19,.368,12,16,.750,8,28,24,5,2,7,22,43,72,.597,11,17,.647,21,28,.750,10,43,31,5,1,11,14,4.0,7.0
ATL,2021,@,CON,L,72,84,25,65,.385,8,25,.320,14,20,.700,3,28,15,6,4,10,18,35,68,.515,6,19,.316,8,13,.615,5,38,22,5,1,11,12,9.0,7.0
ATL,2021,,IND,L,68,79,27,76,.355,1,13,.077,13,20,.650,8,30,16,10,5,6,22,27,65,.415,5,17,.294,20,26,.769,12,49,18,2,4,19,18,11.0,7.0
ATL,2021,@,PHO,L,81,92,37,90,.411,3,17,.176,4,7,.571,15,40,18,8,4,9,23,35,70,.500,10,25,.400,12,17,.706,11,45,27,3,10,17,12,15.0,8.0
ATL,2021,,,,,,Team,Team,Team,Team,Team,Team,Team,Team,Team,Team,Team,Team,Team,Team,Team,Team,Opponent,Opponent,Opponent,Opponent,Opponent,Opponent,Opponent,Opponent,Opponent,Opponent,Opponent,Opponent,Opponent,Opponent,Opponent,Opponent,,
ATL,2021,@,LAS,L,80,85,34,88,.386,5,20,.250,7,18,.389,17,48,20,10,2,13,13,36,80,.450,5,22,.227,8,10,.800,6,41,29,9,5,14,18,17.0,8.0
ATL,2021,@,LAS,L,64,66,26,66,.394,8,25,.320,4,7,.571,11,34,15,7,5,18,21,25,56,.446,5,14,.357,11,17,.647,8,32,16,6,2,19,15,19.0,8.0
ATL,2021,,PHO,L,69,84,29,72,.403,5,21,.238,6,8,.750,6,24,11,13,5,9,19,30,57,.526,9,19,.474,15,22,.682,10,47,22,4,5,22,14,21.0,8.0
ATL,2021,,CHI,L,79,86,33,79,.418,7,22,.318,6,9,.667,14,38,19,6,6,7,13,34,66,.515,8,17,.471,10,14,.714,4,35,24,3,4,12,17,24.0,8.0
ATL,2021,,LVA,L,71,78,26,72,.361,7,23,.304,12,15,.800,5,34,19,8,6,8,20,32,73,.438,3,13,.231,11,15,.733,9,43,26,6,5,10,13,26.0,8.0
ATL,2021,@,DAL,L,68,72,28,65,.431,7,21,.333,5,8,.625,7,34,19,5,9,14,14,27,74,.365,6,28,.214,12,16,.750,14,43,16,10,6,9,11,2.0,9.0
ATL,2021,@,DAL,W,69,64,28,70,.400,2,7,.286,11,13,.846,9,42,17,5,6,9,11,26,78,.333,9,25,.360,3,5,.600,13,45,11,5,4,14,16,5.0,9.0
ATL,2021,,PHO,L,75,76,33,70,.471,3,13,.231,6,10,.600,4,31,19,12,3,8,14,26,60,.433,8,18,.444,16,18,.889,4,32,16,7,3,16,14,8.0,9.0
ATL,2021,@,WAS,L,74,82,32,78,.410,6,22,.273,4,8,.500,11,41,12,8,5,7,16,29,70,.414,9,24,.375,15,19,.789,11,46,20,6,2,10,6,10.0,9.0
ATL,2021,,IND,W,85,78,33,69,.478,7,16,.438,12,15,.800,11,33,19,5,13,13,10,32,76,.421,6,20,.300,8,10,.800,15,35,22,9,6,13,17,14.0,9.0
ATL,2021,,LAS,L,68,74,24,63,.381,5,18,.278,15,17,.882,7,36,13,5,1,14,26,26,58,.448,5,16,.313,17,23,.739,3,31,16,8,1,13,20,16.0,9.0
ATL,2021,@,CON,L,64,84,28,73,.384,2,20,.100,6,9,.667,10,33,10,6,4,7,18,29,75,.387,8,22,.364,18,21,.857,18,50,16,4,5,10,17,19.0,9.0
CHI,2021,@,WAS,W,70,56,22,60,.367,8,17,.471,18,21,.857,3,36,21,7,3,14,20,18,72,.250,4,30,.133,16,19,.842,14,44,10,10,4,14,20,15.0,5.0
CHI,2021,@,ATL,W,85,77,28,70,.400,1,13,.077,28,36,.778,14,47,18,8,6,24,21,30,77,.390,5,15,.333,12,24,.500,12,35,16,17,7,18,28,19.0,5.0
CHI,2021,,NYL,L,85,93,33,81,.407,6,12,.500,13,15,.867,10,35,22,8,5,12,15,36,73,.493,14,28,.500,7,10,.700,12,40,25,4,10,22,17,23.0,5.0
CHI,2021,,ATL,L,83,90,25,62,.403,6,17,.353,27,28,.964,13,41,22,5,5,21,22,31,74,.419,8,18,.444,20,25,.800,15,32,17,11,6,10,21,25.0,5.0
CHI,2021,,LAS,L,61,76,21,51,.412,6,19,.316,13,14,.929,5,33,12,7,3,27,25,26,66,.394,9,19,.474,15,18,.833,9,30,17,13,3,19,18,28.0,5.0
CHI,2021,,LAS,L,79,82,30,75,.400,7,21,.333,12,12,1.000,13,45,16,9,8,22,21,30,73,.411,8,18,.444,14,18,.778,8,33,20,11,8,19,19,30.0,5.0
CHI,2021,,PHO,L,83,84,30,79,.380,4,14,.286,19,20,.950,12,28,18,10,2,10,18,31,59,.525,8,20,.400,14,20,.700,5,35,22,6,9,19,22,1.0,6.0
CHI,2021,@,PHO,L,74,77,27,78,.346,8,31,.258,12,14,.857,9,39,22,11,4,8,23,30,70,.429,5,14,.357,12,17,.706,7,38,19,4,8,17,16,3.0,6.0
CHI,2021,@,LAS,L,63,68,21,62,.339,5,18,.278,16,23,.696,14,43,13,6,5,18,22,25,68,.368,3,19,.158,15,21,.714,9,38,13,4,6,11,20,5.0,6.0
CHI,2021,,IND,W,92,76,32,71,.451,9,23,.391,19,21,.905,12,40,24,8,6,10,17,30,72,.417,6,17,.353,10,10,1.000,11,37,18,8,6,16,20,9.0,6.0
CHI,2021,@,IND,W,83,79,27,63,.429,8,18,.444,21,25,.840,5,27,16,7,4,16,24,30,62,.484,4,11,.364,15,22,.682,10,31,13,10,5,17,21,12.0,6.0
CHI,2021,@,MIN,W,105,89,40,70,.571,12,26,.462,13,16,.813,4,30,32,12,3,13,18,32,70,.457,5,14,.357,20,27,.741,9,32,15,7,2,20,17,15.0,6.0
CHI,2021,,CON,W,81,75,28,68,.412,5,23,.217,20,24,.833,10,38,19,9,4,12,23,25,62,.403,4,13,.308,21,27,.778,8,34,11,4,5,14,23,17.0,6.0
CHI,2021,,CON,W,91,81,32,64,.500,7,18,.389,20,21,.952,5,29,24,9,5,12,21,29,63,.460,6,18,.333,17,20,.850,8,32,22,6,4,18,17,19.0,6.0
CHI,2021,@,NYL,W,92,72,36,80,.450,7,24,.292,13,13,1.000,7,42,26,8,2,9,15,29,68,.426,6,28,.214,8,11,.727,3,32,19,3,9,16,12,22.0,6.0
CHI,2021,@,NYL,W,91,68,37,74,.500,9,19,.474,8,9,.889,5,35,25,9,4,14,18,25,67,.373,4,25,.160,14,18,.778,9,37,13,3,3,21,19,24.0,6.0
CHI,2021,@,CON,L,58,74,23,69,.333,5,24,.208,7,7,1.000,14,34,13,5,6,18,18,27,64,.422,6,14,.429,14,19,.737,13,38,13,9,3,18,18,27.0,6.0
CHI,2021,@,DAL,W,91,81,34,71,.479,10,23,.435,13,19,.684,8,38,28,7,2,16,21,31,75,.413,6,25,.240,13,16,.813,9,37,19,10,6,17,20,30.0,6.0
CHI,2021,@,DAL,L,91,100,37,66,.561,7,20,.350,10,11,.909,6,27,26,4,3,10,18,34,64,.531,11,20,.550,21,26,.808,10,26,23,4,7,13,15,2.0,7.0
CHI,2021,,WAS,L,85,89,34,78,.436,6,27,.222,11,13,.846,8,35,27,8,7,12,21,35,79,.443,8,24,.333,11,15,.733,10,44,24,7,2,15,11,10.0,7.0
CHI,2021,,,,,,Team,Team,Team,Team,Team,Team,Team,Team,Team,Team,Team,Team,Team,Team,Team,Team,Opponent,Opponent,Opponent,Opponent,Opponent,Opponent,Opponent,Opponent,Opponent,Opponent,Opponent,Opponent,Opponent,Opponent,Opponent,Opponent,,
CHI,2021,,SEA,W,87,85,33,77,.429,9,24,.375,12,17,.706,10,44,28,3,4,18,22,29,84,.345,6,18,.333,21,28,.750,13,47,22,9,5,8,17,15.0,8.0
CHI,2021,,DAL,L,76,80,30,72,.417,8,24,.333,8,8,1.000,10,32,22,4,12,10,15,30,78,.385,7,14,.500,13,15,.867,15,45,20,7,5,12,6,17.0,8.0
CHI,2021,,MIN,L,95,101,35,73,.479,9,24,.375,16,19,.842,3,23,24,6,8,9,27,34,63,.540,5,8,.625,28,33,.848,4,33,22,4,4,13,19,21.0,8.0
CHI,2021,@,ATL,W,86,79,34,66,.515,8,17,.471,10,14,.714,4,35,24,3,4,12,17,33,79,.418,7,22,.318,6,9,.667,14,38,19,6,6,7,13,24.0,8.0
CHI,2021,@,SEA,W,73,69,29,69,.420,7,23,.304,8,12,.667,9,39,24,9,1,18,18,25,68,.368,3,17,.176,16,17,.941,8,34,17,9,4,17,15,27.0,8.0
CHI,2021,@,SEA,W,107,75,41,73,.562,15,22,.682,10,11,.909,10,36,26,8,3,9,13,29,64,.453,5,17,.294,12,14,.857,3,22,22,3,2,12,9,29.0,8.0
CHI,2021,@,PHO,L,83,103,32,71,.451,6,20,.300,13,15,.867,11,32,13,2,4,11,16,39,75,.520,14,27,.519,11,12,.917,9,35,26,8,5,8,11,31.0,8.0
CHI,2021,@,LVA,L,83,90,30,68,.441,8,24,.333,15,17,.882,7,32,19,9,5,13,18,33,73,.452,4,10,.400,20,25,.800,11,39,16,7,3,12,12,2.0,9.0
CHI,2021,,LVA,W,92,84,34,67,.507,7,19,.368,17,23,.739,7,38,30,2,6,7,18,30,73,.411,5,13,.385,19,22,.864,9,37,19,6,4,6,16,5.0,9.0
CHI,2021,,WAS,L,71,79,28,67,.418,3,22,.136,12,15,.800,6,31,17,8,0,14,15,29,60,.483,9,27,.333,12,17,.706,4,35,19,9,1,15,15,12.0,9.0
CHI,2021,,LVA,L,70,103,28,70,.400,8,30,.267,6,6,1.000,2,19,19,6,7,12,11,41,73,.562,9,18,.500,12,14,.857,11,47,32,9,3,15,6,17.0,9.0
CHI,2021,,IND,W,98,87,35,71,.493,9,23,.391,19,24,.792,9,35,27,8,3,10,18,33,69,.478,6,16,.375,15,18,.833,9,31,21,6,3,15,19,19.0,9.0
CON,2021,@,ATL,W,78,67,27,61,.443,10,23,.435,14,22,.636,12,42,20,7,4,20,21,23,64,.359,3,18,.167,18,21,.857,8,26,14,14,7,13,17,14.0,5.0
CON,2021,,PHO,W,86,78,28,66,.424,8,17,.471,22,27,.815,10,34,15,8,3,12,21,25,57,.439,8,25,.320,20,24,.833,4,27,20,6,7,15,24,16.0,5.0
CON,2021,,IND,W,88,67,37,67,.552,10,21,.476,4,7,.571,12,38,29,8,3,13,19,24,66,.364,4,15,.267,15,16,.938,12,31,14,7,4,12,13,19.0,5.0
CON,2021,@,PHO,W,84,67,34,76,.447,10,26,.385,6,8,.750,17,48,19,6,3,11,17,26,68,.382,5,20,.250,10,14,.714,7,24,14,4,6,6,12,21.0,5.0
CON,2021,@,LVA,W,72,65,27,80,.338,7,26,.269,11,12,.917,12,44,16,10,2,8,17,22,54,.407,5,16,.313,16,21,.762,1,26,16,4,13,14,15,23.0,5.0
CON,2021,@,SEA,L,87,90,33,70,.471,8,19,.421,13,17,.765,5,37,18,7,11,16,24,29,72,.403,13,28,.464,19,25,.760,9,38,21,11,2,12,17,25.0,5.0
CON,2021,,WAS,W,86,81,29,58,.500,11,25,.440,17,26,.654,6,32,17,7,4,14,24,28,71,.394,9,30,.300,16,18,.889,9,33,14,7,4,10,23,28.0,5.0
CON,2021,@,MIN,L,74,79,27,71,.380,7,24,.292,13,15,.867,5,28,16,8,5,11,22,28,70,.400,10,25,.400,13,15,.867,10,38,23,5,8,14,17,30.0,5.0
CON,2021,,LVA,W,74,67,24,60,.400,4,17,.235,22,23,.957,8,34,16,8,5,14,14,28,64,.438,0,5,.000,11,12,.917,3,29,20,6,3,12,17,1.0,6.0
CON,2021,,NYL,W,85,64,31,71,.437,7,21,.333,16,19,.842,14,38,21,8,3,11,18,24,55,.436,11,27,.407,5,6,.833,3,22,20,5,4,15,22,5.0,6.0
CON,2021,,SEA,L,66,89,27,60,.450,6,15,.400,6,8,.750,5,31,16,4,2,17,14,35,72,.486,10,22,.455,9,10,.900,6,28,26,9,3,8,14,13.0,6.0
CON,2021,@,CHI,L,75,81,25,62,.403,4,13,.308,21,27,.778,8,34,11,4,5,14,23,28,68,.412,5,23,.217,20,24,.833,10,38,19,9,4,12,23,17.0,6.0
CON,2021,@,CHI,L,81,91,29,63,.460,6,18,.333,17,20,.850,8,32,22,6,4,18,17,32,64,.500,7,18,.389,20,21,.952,5,29,24,9,5,12,21,19.0,6.0
CON,2021,,DAL,W,80,70,31,71,.437,4,20,.200,14,15,.933,12,37,19,6,6,12,15,27,61,.443,6,14,.429,10,13,.769,6,27,15,5,3,12,19,22.0,6.0
CON,2021,,CHI,W,74,58,27,64,.422,6,14,.429,14,19,.737,13,38,13,9,3,18,18,23,69,.333,5,24,.208,7,7,1.000,14,34,13,5,6,18,18,27.0,6.0
CON,2021,@,WAS,W,90,71,35,70,.500,12,24,.500,8,9,.889,17,52,21,7,1,20,20,24,63,.381,12,36,.333,11,13,.846,1,13,21,11,7,10,8,29.0,6.0
CON,2021,@,IND,W,86,80,29,63,.460,5,20,.250,23,26,.885,11,29,19,9,4,15,21,29,60,.483,2,9,.222,20,22,.909,5,24,18,9,1,15,22,1.0,7.0
CON,2021,@,IND,L,67,73,24,67,.358,4,17,.235,15,20,.750,10,37,15,5,3,8,20,25,63,.397,4,17,.235,19,27,.704,9,39,9,4,6,7,20,3.0,7.0
CON,2021,,ATL,W,84,72,35,68,.515,6,19,.316,8,13,.615,5,38,22,5,1,11,12,25,65,.385,8,25,.320,14,20,.700,3,28,15,6,4,10,18,9.0,7.0
CON,2021,@,NYL,W,71,54,25,66,.379,11,30,.367,10,11,.909,7,42,15,11,1,10,21,17,56,.304,9,29,.310,11,17,.647,5,34,15,0,1,16,11,11.0,7.0
CON,2021,,,,,,Team,Team,Team,Team,Team,Team,Team,Team,Team,Team,Team,Team,Team,Team,Team,Team,Opponent,Opponent,Opponent,Opponent,Opponent,Opponent,Opponent,Opponent,Opponent,Opponent,Opponent,Opponent,Opponent,Opponent,Opponent,Opponent,,
CON,2021,@,DAL,W,80,59,33,66,.500,7,17,.412,7,8,.875,9,34,19,12,5,11,10,24,52,.462,7,16,.438,4,6,.667,1,22,12,6,4,19,16,15.0,8.0
CON,2021,,MIN,W,72,60,26,60,.433,6,17,.353,14,16,.875,2,30,20,9,1,14,12,25,60,.417,5,16,.313,5,7,.714,3,22,16,8,3,17,18,17.0,8.0
CON,2021,,MIN,W,82,71,27,55,.491,5,14,.357,23,25,.920,3,31,17,5,2,17,18,28,66,.424,5,14,.357,10,10,1.000,5,22,18,7,5,10,24,19.0,8.0
CON,2021,,LVA,W,76,62,30,67,.448,6,18,.333,10,12,.833,8,39,16,11,2,11,14,25,63,.397,3,9,.333,9,10,.900,6,30,15,6,3,14,14,24.0,8.0
CON,2021,,LAS,W,76,72,26,60,.433,4,16,.250,20,25,.800,9,30,17,8,4,14,20,27,57,.474,5,16,.313,13,14,.929,3,23,20,7,4,15,24,26.0,8.0
CON,2021,,LAS,W,76,61,28,59,.475,5,20,.250,15,20,.750,8,38,16,12,3,18,23,20,53,.377,8,21,.381,13,18,.722,3,18,12,10,3,14,21,28.0,8.0
CON,2021,@,WAS,W,85,75,34,69,.493,8,20,.400,9,12,.750,16,38,20,7,4,15,15,25,55,.455,9,26,.346,16,18,.889,3,20,19,9,2,14,18,31.0,8.0
CON,2021,@,DAL,W,83,56,33,68,.485,7,19,.368,10,14,.714,10,35,25,11,7,13,16,17,64,.266,7,32,.219,15,19,.789,9,26,13,4,8,12,14,7.0,9.0
CON,2021,@,LAS,W,75,57,23,52,.442,3,13,.231,26,29,.897,9,32,14,13,4,19,17,23,55,.418,2,10,.200,9,11,.818,5,19,13,10,4,17,22,9.0,9.0
CON,2021,@,PHO,W,76,67,24,64,.375,10,23,.435,18,19,.947,9,31,14,2,1,9,12,27,56,.482,5,17,.294,8,9,.889,4,31,20,5,6,15,21,11.0,9.0
CON,2021,,NYL,W,98,69,36,71,.507,8,18,.444,18,21,.857,13,38,23,14,4,20,18,26,62,.419,7,25,.280,10,11,.909,6,21,18,12,4,28,15,15.0,9.0
CON,2021,,ATL,W,84,64,29,75,.387,8,22,.364,18,21,.857,18,50,16,4,5,10,17,28,73,.384,2,20,.100,6,9,.667,10,33,10,6,4,7,18,19.0,9.0
DAL,2021,@,LAS,W,94,71,34,64,.531,8,17,.471,18,22,.818,8,45,17,8,3,26,17,28,78,.359,7,27,.259,8,14,.571,6,25,15,12,3,15,17,14.0,5.0
DAL,2021,,SEA,L,97,100,37,82,.451,10,31,.323,13,16,.813,13,46,21,5,4,16,24,35,80,.438,7,25,.280,23,27,.852,11,39,26,9,8,9,15,22.0,5.0
DAL,2021,@,NYL,L,81,88,29,70,.414,7,21,.333,16,22,.727,11,34,17,9,2,12,23,28,60,.467,10,25,.400,22,27,.815,10,33,19,7,3,14,23,24.0,5.0
DAL,2021,@,ATL,L,95,101,30,66,.455,10,25,.400,25,30,.833,7,32,17,8,3,10,26,36,75,.480,6,20,.300,23,33,.697,14,45,19,5,3,11,20,27.0,5.0
DAL,2021,,PHO,L,85,89,29,78,.372,9,23,.391,18,22,.818,10,30,14,7,1,4,21,31,62,.500,8,22,.364,19,26,.731,11,44,22,0,7,10,20,29.0,5.0
DAL,2021,,LAS,W,79,69,26,66,.394,10,28,.357,17,18,.944,12,41,21,5,3,16,22,24,64,.375,10,30,.333,11,12,.917,4,24,11,5,10,12,19,1.0,6.0
DAL,2021,@,SEA,L,102,105,43,96,.448,11,28,.393,5,12,.417,14,44,25,9,4,13,24,36,72,.500,10,26,.385,23,29,.793,5,40,31,8,7,16,16,4.0,6.0
DAL,2021,@,SEA,W,68,67,25,70,.357,5,22,.227,13,13,1.000,9,42,13,5,3,13,18,21,61,.344,8,24,.333,17,23,.739,4,34,16,8,5,11,12,6.0,6.0
DAL,2021,@,PHO,W,85,81,32,75,.427,10,26,.385,11,13,.846,12,41,20,5,4,9,22,29,70,.414,5,25,.200,18,23,.783,11,36,20,3,7,7,10,8.0,6.0
DAL,2021,@,PHO,W,77,59,30,72,.417,6,22,.273,11,12,.917,12,40,16,6,4,13,16,22,63,.349,3,20,.150,12,16,.750,6,29,16,4,7,13,14,11.0,6.0
DAL,2021,@,LVA,L,78,85,25,77,.325,5,24,.208,23,27,.852,14,36,17,11,2,10,26,30,64,.469,4,12,.333,21,26,.808,4,41,17,6,4,16,25,13.0,6.0
DAL,2021,,MIN,L,73,85,26,75,.347,7,20,.350,14,18,.778,10,34,15,8,3,10,18,33,68,.485,7,21,.333,12,14,.857,7,40,19,6,3,14,19,17.0,6.0
DAL,2021,,MIN,W,95,77,32,64,.500,17,28,.607,14,14,1.000,9,40,17,9,4,15,23,27,67,.403,11,27,.407,12,14,.857,5,26,16,7,4,14,15,19.0,6.0
DAL,2021,@,CON,L,70,80,27,61,.443,6,14,.429,10,13,.769,6,27,15,5,3,12,19,31,71,.437,4,20,.200,14,15,.933,12,37,19,6,6,12,15,22.0,6.0
DAL,2021,@,IND,W,89,64,32,68,.471,8,25,.320,17,17,1.000,10,34,17,8,7,13,22,23,65,.354,5,17,.294,13,15,.867,9,29,13,3,0,19,16,24.0,6.0
DAL,2021,,WAS,W,85,74,33,78,.423,10,29,.345,9,9,1.000,10,40,20,9,3,8,11,30,72,.417,9,31,.290,5,7,.714,5,32,24,7,4,10,11,26.0,6.0
DAL,2021,,CHI,L,81,91,31,75,.413,6,25,.240,13,16,.813,9,37,19,10,6,17,20,34,71,.479,10,23,.435,13,19,.684,8,38,28,7,2,16,21,30.0,6.0
DAL,2021,,CHI,W,100,91,34,64,.531,11,20,.550,21,26,.808,10,26,23,4,7,13,15,37,66,.561,7,20,.350,10,11,.909,6,27,26,4,3,10,18,2.0,7.0
DAL,2021,@,NYL,L,96,99,38,76,.500,7,16,.438,13,15,.867,10,31,23,8,6,12,16,40,71,.563,15,31,.484,4,8,.500,6,29,27,8,5,15,17,5.0,7.0
DAL,2021,@,MIN,L,79,85,31,74,.419,9,28,.321,8,8,1.000,10,34,15,7,4,11,20,33,65,.508,7,20,.350,12,17,.706,5,32,22,6,6,13,10,7.0,7.0
DAL,2021,,,,,,Team,Team,Team,Team,Team,Team,Team,Team,Team,Team,Team,Team,Team,Team,Team,Team,Opponent,Opponent,Opponent,Opponent,Opponent,Opponent,Opponent,Opponent,Opponent,Opponent,Opponent,Opponent,Opponent,Opponent,Opponent,Opponent,,
DAL,2021,,LVA,L,79,95,28,83,.337,7,24,.292,16,19,.842,15,40,17,4,2,6,20,34,67,.507,3,8,.375,24,30,.800,9,43,25,2,11,10,12,11.0,7.0
DAL,2021,,CON,L,59,80,24,52,.462,7,16,.438,4,6,.667,1,22,12,6,4,19,16,33,66,.500,7,17,.412,7,8,.875,9,34,19,12,5,11,10,15.0,8.0
DAL,2021,@,CHI,W,80,76,30,78,.385,7,14,.500,13,15,.867,15,45,20,7,5,12,6,30,72,.417,8,24,.333,8,8,1.000,10,32,22,4,12,10,15,17.0,8.0
DAL,2021,,IND,L,81,83,28,60,.467,9,22,.409,16,18,.889,7,30,18,5,6,14,19,29,64,.453,7,20,.350,18,21,.857,10,28,20,8,2,8,18,20.0,8.0
DAL,2021,@,WAS,W,82,77,33,69,.478,5,18,.278,11,15,.733,10,35,18,5,1,12,15,28,58,.483,9,22,.409,12,18,.667,5,25,21,6,5,13,17,26.0,8.0
DAL,2021,@,WAS,L,75,76,25,47,.532,6,14,.429,19,25,.760,4,34,13,6,0,23,21,23,62,.371,9,31,.290,21,29,.724,5,22,14,10,4,13,18,28.0,8.0
DAL,2021,,ATL,W,72,68,27,74,.365,6,28,.214,12,16,.750,14,43,16,10,6,9,11,28,65,.431,7,21,.333,5,8,.625,7,34,19,5,9,14,14,2.0,9.0
DAL,2021,,ATL,L,64,69,26,78,.333,9,25,.360,3,5,.600,13,45,11,5,4,14,16,28,70,.400,2,7,.286,11,13,.846,9,42,17,5,6,9,11,5.0,9.0
DAL,2021,,CON,L,56,83,17,64,.266,7,32,.219,15,19,.789,9,26,13,4,8,12,14,33,68,.485,7,19,.368,10,14,.714,10,35,25,11,7,13,16,7.0,9.0
DAL,2021,,NYL,W,77,76,26,72,.361,10,27,.370,15,19,.789,10,37,18,6,3,6,13,30,67,.448,7,24,.292,9,11,.818,8,39,22,2,2,9,16,11.0,9.0
DAL,2021,@,LVA,L,75,85,31,74,.419,7,26,.269,6,7,.857,12,40,18,6,4,14,18,31,65,.477,7,19,.368,16,21,.762,5,33,16,11,4,9,8,13.0,9.0
DAL,2021,,LAS,W,87,84,30,60,.500,10,22,.455,17,19,.895,4,25,19,9,5,14,17,31,61,.508,13,27,.481,9,12,.750,5,27,19,8,2,17,16,19.0,9.0
IND,2021,@,NYL,L,87,90,37,88,.420,3,18,.167,10,13,.769,19,45,14,6,3,11,21,31,66,.470,13,26,.500,15,18,.833,3,28,20,5,2,14,20,14.0,5.0
IND,2021,,NYL,L,65,73,25,77,.325,3,21,.143,12,19,.632,9,40,15,8,4,21,24,26,65,.400,9,25,.360,12,15,.800,5,38,17,9,3,22,22,16.0,5.0
IND,2021,@,CON,L,67,88,24,66,.364,4,15,.267,15,16,.938,12,31,14,7,4,12,13,37,67,.552,10,21,.476,4,7,.571,12,38,29,8,3,13,19,19.0,5.0
IND,2021,,ATL,L,79,83,31,67,.463,6,18,.333,11,13,.846,6,34,20,0,4,16,16,30,75,.400,11,22,.500,12,16,.750,11,27,20,7,6,5,19,21.0,5.0
IND,2021,,WAS,W,89,77,33,64,.516,7,15,.467,16,23,.696,7,37,26,6,4,14,13,27,70,.386,9,27,.333,14,17,.824,9,32,15,6,3,11,21,23.0,5.0
IND,2021,,WAS,L,69,85,28,64,.438,5,14,.357,8,10,.800,7,33,21,5,2,13,10,34,68,.500,12,28,.429,5,6,.833,5,26,25,0,2,10,14,25.0,5.0
IND,2021,@,LVA,L,77,113,26,66,.394,4,16,.250,21,24,.875,9,34,15,4,3,20,28,38,69,.551,7,15,.467,30,39,.769,3,32,23,12,4,8,16,28.0,5.0
IND,2021,@,LVA,L,78,101,31,80,.388,5,23,.217,11,11,1.000,12,32,18,8,2,11,19,38,67,.567,7,14,.500,18,23,.783,5,36,22,8,7,11,13,30.0,5.0
IND,2021,@,SEA,L,73,88,29,74,.392,4,17,.235,11,14,.786,8,35,21,7,4,9,19,28,66,.424,11,22,.500,21,24,.875,8,37,22,5,4,11,17,1.0,6.0
IND,2021,@,LAS,L,63,98,23,67,.343,6,20,.300,11,16,.688,11,34,17,3,4,18,13,37,66,.561,14,28,.500,10,11,.909,2,27,14,9,4,8,18,3.0,6.0
IND,2021,@,CHI,L,76,92,30,72,.417,6,17,.353,10,10,1.000,11,37,18,8,6,16,20,32,71,.451,9,23,.391,19,21,.905,12,40,24,8,6,10,17,9.0,6.0
IND,2021,,CHI,L,79,83,30,62,.484,4,11,.364,15,22,.682,10,31,13,10,5,17,21,27,63,.429,8,18,.444,21,25,.840,5,27,16,7,4,16,24,12.0,6.0
IND,2021,,SEA,L,70,87,27,64,.422,3,17,.176,13,24,.542,5,32,18,5,7,9,16,34,69,.493,8,22,.364,11,13,.846,5,38,27,5,1,10,16,15.0,6.0
IND,2021,,SEA,L,69,79,26,62,.419,2,14,.143,15,17,.882,3,32,16,6,5,15,16,31,72,.431,6,20,.300,11,15,.733,9,40,22,9,2,14,19,17.0,6.0
IND,2021,@,WAS,L,77,82,30,67,.448,4,13,.308,13,14,.929,6,36,15,5,4,12,20,30,81,.370,7,34,.206,15,17,.882,15,40,16,7,0,10,18,19.0,6.0
IND,2021,,DAL,L,64,89,23,65,.354,5,17,.294,13,15,.867,9,29,13,3,0,19,16,32,68,.471,8,25,.320,17,17,1.000,10,34,17,8,7,13,22,24.0,6.0
IND,2021,,CON,L,80,86,29,60,.483,2,9,.222,20,22,.909,5,24,18,9,1,15,22,29,63,.460,5,20,.250,23,26,.885,11,29,19,9,4,15,21,1.0,7.0
IND,2021,,CON,W,73,67,25,63,.397,4,17,.235,19,27,.704,9,39,9,4,6,7,20,24,67,.358,4,17,.235,15,20,.750,10,37,15,5,3,8,20,3.0,7.0
IND,2021,,NYL,W,82,69,33,71,.465,3,13,.231,13,13,1.000,6,32,17,8,6,8,15,26,66,.394,6,23,.261,11,13,.846,9,38,18,3,3,20,18,9.0,7.0
IND,2021,@,ATL,W,79,68,27,65,.415,5,17,.294,20,26,.769,12,49,18,2,4,19,18,27,76,.355,1,13,.077,13,20,.650,8,30,16,10,5,6,22,11.0,7.0
IND,2021,,,,,,Team,Team,Team,Team,Team,Team,Team,Team,Team,Team,Team,Team,Team,Team,Team,Team,Opponent,Opponent,Opponent,Opponent,Opponent,Opponent,Opponent,Opponent,Opponent,Opponent,Opponent,Opponent,Opponent,Opponent,Opponent,Opponent,,
IND,2021,@,LAS,L,70,75,24,72,.333,4,18,.222,18,21,.857,15,39,10,8,3,14,19,29,66,.439,7,20,.350,10,14,.714,7,37,17,3,6,15,24,15.0,8.0
IND,2021,@,PHO,L,80,84,30,66,.455,10,22,.455,10,17,.588,11,38,16,8,3,13,20,28,67,.418,6,20,.300,22,24,.917,8,35,20,4,7,13,18,17.0,8.0
IND,2021,@,DAL,W,83,81,29,64,.453,7,20,.350,18,21,.857,10,28,20,8,2,8,18,28,60,.467,9,22,.409,16,18,.889,7,30,18,5,6,14,19,20.0,8.0
IND,2021,,LVA,L,71,87,27,67,.403,4,15,.267,13,20,.650,8,31,18,9,2,15,18,31,64,.484,7,12,.583,18,22,.818,7,38,23,12,4,16,17,28.0,8.0
IND,2021,,LAS,W,74,72,24,60,.400,6,17,.353,20,24,.833,14,39,11,6,3,15,14,28,59,.475,6,17,.353,10,15,.667,3,20,21,7,1,11,17,31.0,8.0
IND,2021,,PHO,L,65,87,24,66,.364,3,17,.176,14,18,.778,11,39,9,8,6,15,20,30,66,.455,9,27,.333,18,24,.750,8,36,18,10,3,11,19,4.0,9.0
IND,2021,,PHO,L,81,86,31,72,.431,7,22,.318,12,13,.923,10,31,20,4,3,6,15,34,65,.523,8,16,.500,10,14,.714,9,30,24,2,6,8,17,6.0,9.0
IND,2021,@,MIN,L,72,89,29,69,.420,6,24,.250,8,11,.727,14,36,19,4,5,17,12,36,74,.486,7,19,.368,10,13,.769,8,34,26,10,6,9,17,10.0,9.0
IND,2021,@,MIN,L,80,90,34,68,.500,8,17,.471,4,4,1.000,5,20,17,9,4,12,19,32,57,.561,5,13,.385,21,22,.955,8,29,18,6,6,16,8,12.0,9.0
IND,2021,@,ATL,L,78,85,32,76,.421,6,20,.300,8,10,.800,15,35,22,9,6,13,17,33,69,.478,7,16,.438,12,15,.800,11,33,19,5,13,13,10,14.0,9.0
IND,2021,,MIN,L,73,92,25,69,.362,5,22,.227,18,18,1.000,9,36,15,7,3,16,17,34,77,.442,6,26,.231,18,24,.750,14,37,22,9,3,12,16,17.0,9.0
IND,2021,@,CHI,L,87,98,33,69,.478,6,16,.375,15,18,.833,9,31,21,6,3,15,19,35,71,.493,9,23,.391,19,24,.792,9,35,27,8,3,10,18,19.0,9.0
LAS,2021,,DAL,L,71,94,28,78,.359,7,27,.259,8,14,.571,6,25,15,12,3,15,17,34,64,.531,8,17,.471,18,22,.818,8,45,17,8,3,26,17,14.0,5.0
LAS,2021,@,LVA,L,69,97,27,74,.365,5,17,.294,10,15,.667,5,28,18,8,1,11,24,33,62,.532,4,14,.286,27,32,.844,4,44,18,7,12,15,15,21.0,5.0
LAS,2021,@,CHI,W,76,61,26,66,.394,9,19,.474,15,18,.833,9,30,17,13,3,19,18,21,51,.412,6,19,.316,13,14,.929,5,33,12,7,3,27,25,28.0,5.0
LAS,2021,@,CHI,W,82,79,30,73,.411,8,18,.444,14,18,.778,8,33,20,11,8,19,19,30,75,.400,7,21,.333,12,12,1.000,13,45,16,9,8,22,21,30.0,5.0
LAS,2021,@,DAL,L,69,79,24,64,.375,10,30,.333,11,12,.917,4,24,11,5,10,12,19,26,66,.394,10,28,.357,17,18,.944,12,41,21,5,3,16,22,1.0,6.0
LAS,2021,,IND,W,98,63,37,66,.561,14,28,.500,10,11,.909,2,27,14,9,4,8,18,23,67,.343,6,20,.300,11,16,.688,11,34,17,3,4,18,13,3.0,6.0
LAS,2021,,CHI,W,68,63,25,68,.368,3,19,.158,15,21,.714,9,38,13,4,6,11,20,21,62,.339,5,18,.278,16,23,.696,14,43,13,6,5,18,22,5.0,6.0
LAS,2021,@,WAS,L,71,89,22,67,.328,8,23,.348,19,28,.679,9,31,13,6,4,11,19,30,71,.423,11,26,.423,18,22,.818,12,43,18,4,5,12,25,10.0,6.0
LAS,2021,@,MIN,L,64,80,23,70,.329,8,23,.348,10,12,.833,9,27,15,9,5,12,18,25,58,.431,11,22,.500,19,21,.905,9,43,20,8,5,22,15,12.0,6.0
LAS,2021,,PHO,W,85,80,36,80,.450,9,28,.321,4,6,.667,14,35,17,3,6,5,23,26,63,.413,7,21,.333,21,28,.750,9,38,18,1,1,10,15,16.0,6.0
LAS,2021,,PHO,L,66,80,23,60,.383,4,14,.286,16,22,.727,5,28,10,8,2,12,25,25,55,.455,5,16,.313,25,31,.806,4,33,13,8,3,12,19,18.0,6.0
LAS,2021,,NYL,L,73,76,31,68,.456,6,24,.250,5,10,.500,8,27,16,17,2,18,19,24,57,.421,10,31,.323,18,20,.900,11,38,18,9,3,29,16,20.0,6.0
LAS,2021,,WAS,W,89,82,33,64,.516,10,17,.588,13,15,.867,0,22,16,8,6,12,18,26,65,.400,11,27,.407,19,23,.826,10,38,18,4,2,20,20,24.0,6.0
LAS,2021,@,PHO,L,79,88,31,74,.419,6,20,.300,11,15,.733,5,31,14,7,3,9,24,28,62,.452,9,21,.429,23,26,.885,8,44,13,3,4,18,18,27.0,6.0
LAS,2021,,LVA,L,75,99,28,82,.341,7,24,.292,12,17,.706,10,39,12,9,3,11,13,37,81,.457,7,22,.318,18,19,.947,12,55,27,8,6,16,16,30.0,6.0
LAS,2021,,LVA,L,58,66,22,62,.355,6,21,.286,8,10,.800,5,33,12,5,6,13,20,23,61,.377,2,11,.182,18,23,.783,5,34,11,7,4,12,14,2.0,7.0
LAS,2021,,SEA,L,74,84,25,65,.385,7,18,.389,17,17,1.000,7,30,18,5,5,12,18,30,64,.469,8,20,.400,16,17,.941,7,33,19,7,4,11,16,4.0,7.0
LAS,2021,@,SEA,L,62,71,21,59,.356,4,19,.211,16,20,.800,7,28,8,11,5,17,19,23,61,.377,5,20,.250,20,21,.952,14,37,11,11,4,19,19,7.0,7.0
LAS,2021,,MIN,L,61,86,22,60,.367,4,15,.267,13,17,.765,6,24,14,12,4,15,16,33,59,.559,9,19,.474,11,15,.733,8,37,26,6,4,18,20,11.0,7.0
LAS,2021,,IND,W,75,70,29,66,.439,7,20,.350,10,14,.714,7,37,17,3,6,15,24,24,72,.333,4,18,.222,18,21,.857,15,39,10,8,3,14,19,15.0,8.0
LAS,2021,,,,,,Team,Team,Team,Team,Team,Team,Team,Team,Team,Team,Team,Team,Team,Team,Team,Team,Opponent,Opponent,Opponent,Opponent,Opponent,Opponent,Opponent,Opponent,Opponent,Opponent,Opponent,Opponent,Opponent,Opponent,Opponent,Opponent,,
LAS,2021,,ATL,W,85,80,36,80,.450,5,22,.227,8,10,.800,6,41,29,9,5,14,18,34,88,.386,5,20,.250,7,18,.389,17,48,20,10,2,13,13,17.0,8.0
LAS,2021,,ATL,W,66,64,25,56,.446,5,14,.357,11,17,.647,8,32,16,6,2,19,15,26,66,.394,8,25,.320,4,7,.571,11,34,15,7,5,18,21,19.0,8.0
LAS,2021,@,NYL,W,86,83,32,68,.471,8,23,.348,14,19,.737,5,27,22,11,6,10,23,26,63,.413,16,35,.457,15,18,.833,5,34,23,7,2,22,23,22.0,8.0
LAS,2021,@,WAS,L,68,78,25,70,.357,5,22,.227,13,15,.867,8,35,11,9,6,11,17,28,63,.444,8,18,.444,14,17,.824,8,41,18,8,5,15,18,24.0,8.0
LAS,2021,@,CON,L,72,76,27,57,.474,5,16,.313,13,14,.929,3,23,20,7,4,15,24,26,60,.433,4,16,.250,20,25,.800,9,30,17,8,4,14,20,26.0,8.0
LAS,2021,@,CON,L,61,76,20,53,.377,8,21,.381,13,18,.722,3,18,12,10,3,14,21,28,59,.475,5,20,.250,15,20,.750,8,38,16,12,3,18,23,28.0,8.0
LAS,2021,@,IND,L,72,74,28,59,.475,6,17,.353,10,15,.667,3,20,21,7,1,11,17,24,60,.400,6,17,.353,20,24,.833,14,39,11,6,3,15,14,31.0,8.0
LAS,2021,@,MIN,L,57,66,19,61,.311,6,19,.316,13,17,.765,3,29,12,9,6,12,16,20,58,.345,7,22,.318,19,21,.905,9,43,17,6,3,15,16,2.0,9.0
LAS,2021,,CON,L,57,75,23,55,.418,2,10,.200,9,11,.818,5,19,13,10,4,17,22,23,52,.442,3,13,.231,26,29,.897,9,32,14,13,4,19,17,9.0,9.0
LAS,2021,,SEA,W,81,53,30,62,.484,6,13,.462,15,16,.938,8,37,13,6,3,12,18,18,56,.321,6,27,.222,11,13,.846,5,28,11,7,4,17,16,12.0,9.0
LAS,2021,@,ATL,W,74,68,26,58,.448,5,16,.313,17,23,.739,3,31,16,8,1,13,20,24,63,.381,5,18,.278,15,17,.882,7,36,13,5,1,14,26,16.0,9.0
LAS,2021,@,DAL,L,84,87,31,61,.508,13,27,.481,9,12,.750,5,27,19,8,2,17,16,30,60,.500,10,22,.455,17,19,.895,4,25,19,9,5,14,17,19.0,9.0
MIN,2021,,PHO,L,75,77,29,72,.403,5,16,.313,12,14,.857,6,36,16,5,6,14,21,31,75,.413,4,20,.200,11,19,.579,11,42,20,6,9,11,16,14.0,5.0
MIN,2021,@,NYL,L,75,86,28,74,.378,3,23,.130,16,20,.800,8,36,18,8,4,10,18,30,67,.448,12,27,.444,14,16,.875,3,40,24,4,4,16,17,18.0,5.0
MIN,2021,,SEA,L,78,90,30,68,.441,5,17,.294,13,21,.619,6,31,22,6,1,17,16,31,63,.492,12,25,.480,16,20,.800,5,35,23,12,6,17,17,20.0,5.0
MIN,2021,@,SEA,L,72,82,25,67,.373,6,25,.240,16,18,.889,7,32,20,5,2,12,12,35,72,.486,4,17,.235,8,8,1.000,8,35,20,8,7,12,17,28.0,5.0
MIN,2021,,CON,W,79,74,28,70,.400,10,25,.400,13,15,.867,10,38,23,5,8,14,17,27,71,.380,7,24,.292,13,15,.867,5,28,16,8,5,11,22,30.0,5.0
MIN,2021,,ATL,W,86,84,30,57,.526,8,21,.381,18,24,.750,5,31,20,9,3,20,21,30,70,.429,12,29,.414,12,20,.600,7,32,20,9,2,18,25,4.0,6.0
MIN,2021,,ATL,W,100,80,35,68,.515,11,25,.440,19,24,.792,10,32,26,12,1,10,20,28,64,.438,10,25,.400,14,19,.737,13,33,16,7,1,18,22,6.0,6.0
MIN,2021,@,WAS,L,81,85,26,64,.406,6,22,.273,23,25,.920,5,36,19,8,4,21,25,29,68,.426,6,20,.300,21,22,.955,4,29,20,13,6,12,19,8.0,6.0
MIN,2021,,LAS,W,80,64,25,58,.431,11,22,.500,19,21,.905,9,43,20,8,5,22,15,23,70,.329,8,23,.348,10,12,.833,9,27,15,9,5,12,18,12.0,6.0
MIN,2021,,CHI,L,89,105,32,70,.457,5,14,.357,20,27,.741,9,32,15,7,2,20,17,40,70,.571,12,26,.462,13,16,.813,4,30,32,12,3,13,18,15.0,6.0
MIN,2021,@,DAL,W,85,73,33,68,.485,7,21,.333,12,14,.857,7,40,19,6,3,14,19,26,75,.347,7,20,.350,14,18,.778,10,34,15,8,3,10,18,17.0,6.0
MIN,2021,@,DAL,L,77,95,27,67,.403,11,27,.407,12,14,.857,5,26,16,7,4,14,15,32,64,.500,17,28,.607,14,14,1.000,9,40,17,9,4,15,23,19.0,6.0
MIN,2021,@,ATL,W,87,85,34,65,.523,7,24,.292,12,15,.800,11,35,24,7,6,17,19,33,69,.478,5,13,.385,14,17,.824,6,27,17,13,5,10,15,23.0,6.0
MIN,2021,,LVA,W,90,89,35,76,.461,2,15,.133,18,21,.857,5,38,24,8,7,13,26,30,78,.385,4,11,.364,25,31,.806,14,44,19,7,2,16,16,25.0,6.0
MIN,2021,@,PHO,W,82,76,34,67,.507,6,13,.462,8,9,.889,12,39,21,4,4,16,18,29,68,.426,6,22,.273,12,15,.800,5,22,17,6,5,9,12,30.0,6.0
MIN,2021,@,PHO,W,99,68,38,69,.551,9,24,.375,14,14,1.000,3,41,26,6,4,10,18,21,64,.328,10,26,.385,16,17,.941,2,26,16,5,3,11,17,3.0,7.0
MIN,2021,,DAL,W,85,79,33,65,.508,7,20,.350,12,17,.706,5,32,22,6,6,13,10,31,74,.419,9,28,.321,8,8,1.000,10,34,15,7,4,11,20,7.0,7.0
MIN,2021,@,LVA,W,77,67,34,75,.453,9,22,.409,0,0,,6,35,23,10,2,10,20,24,67,.358,3,15,.200,16,19,.842,11,42,14,4,6,15,8,9.0,7.0
MIN,2021,@,LAS,W,86,61,33,59,.559,9,19,.474,11,15,.733,8,37,26,6,4,18,20,22,60,.367,4,15,.267,13,17,.765,6,24,14,12,4,15,16,11.0,7.0
MIN,2021,,NYL,W,88,78,32,66,.485,6,19,.316,18,21,.857,8,36,24,6,6,11,14,32,71,.451,6,20,.300,8,11,.727,7,30,16,9,2,8,20,15.0,8.0
MIN,2021,,,,,,Team,Team,Team,Team,Team,Team,Team,Team,Team,Team,Team,Team,Team,Team,Team,Team,Opponent,Opponent,Opponent,Opponent,Opponent,Opponent,Opponent,Opponent,Opponent,Opponent,Opponent,Opponent,Opponent,Opponent,Opponent,Opponent,,
MIN,2021,@,CON,L,60,72,25,60,.417,5,16,.313,5,7,.714,3,22,16,8,3,17,18,26,60,.433,6,17,.353,14,16,.875,2,30,20,9,1,14,12,17.0,8.0
MIN,2021,@,CON,L,71,82,28,66,.424,5,14,.357,10,10,1.000,5,22,18,7,5,10,24,27,55,.491,5,14,.357,23,25,.920,3,31,17,5,2,17,18,19.0,8.0
MIN,2021,@,CHI,W,101,95,34,63,.540,5,8,.625,28,33,.848,4,33,22,4,4,13,19,35,73,.479,9,24,.375,16,19,.842,3,23,24,6,8,9,27,21.0,8.0
MIN,2021,,SEA,W,76,70,28,66,.424,5,14,.357,15,16,.938,4,37,18,8,5,12,13,28,74,.378,8,24,.333,6,7,.857,10,41,20,7,6,14,18,24.0,8.0
MIN,2021,,NYL,W,74,66,24,69,.348,5,26,.192,21,24,.875,10,43,10,5,3,14,21,23,71,.324,5,24,.208,15,17,.882,8,38,12,9,4,13,21,31.0,8.0
MIN,2021,,LAS,W,66,57,20,58,.345,7,22,.318,19,21,.905,9,43,17,6,3,15,16,19,61,.311,6,19,.316,13,17,.765,3,29,12,9,6,12,16,2.0,9.0
MIN,2021,,WAS,W,93,75,36,68,.529,11,25,.440,10,11,.909,6,37,24,5,5,13,17,29,75,.387,4,16,.250,13,17,.765,11,36,14,7,2,10,11,4.0,9.0
MIN,2021,@,LVA,L,81,102,35,77,.455,7,22,.318,4,5,.800,7,37,22,0,4,10,15,43,78,.551,4,10,.400,12,14,.857,2,36,28,8,3,5,12,8.0,9.0
MIN,2021,,IND,W,89,72,36,74,.486,7,19,.368,10,13,.769,8,34,26,10,6,9,17,29,69,.420,6,24,.250,8,11,.727,14,36,19,4,5,17,12,10.0,9.0
MIN,2021,,IND,W,90,80,32,57,.561,5,13,.385,21,22,.955,8,29,18,6,6,16,8,34,68,.500,8,17,.471,4,4,1.000,5,20,17,9,4,12,19,12.0,9.0
MIN,2021,@,IND,W,92,73,34,77,.442,6,26,.231,18,24,.750,14,37,22,9,3,12,16,25,69,.362,5,22,.227,18,18,1.000,9,36,15,7,3,16,17,17.0,9.0
MIN,2021,@,WAS,W,83,77,29,66,.439,5,16,.313,20,23,.870,10,38,16,10,2,12,16,29,64,.453,7,22,.318,12,14,.857,7,29,16,5,4,15,20,19.0,9.0
NYL,2021,,IND,W,90,87,31,66,.470,13,26,.500,15,18,.833,3,28,20,5,2,14,20,37,88,.420,3,18,.167,10,13,.769,19,45,14,6,3,11,21,14.0,5.0
NYL,2021,@,IND,W,73,65,26,65,.400,9,25,.360,12,15,.800,5,38,17,9,3,22,22,25,77,.325,3,21,.143,12,19,.632,9,40,15,8,4,21,24,16.0,5.0
NYL,2021,,MIN,W,86,75,30,67,.448,12,27,.444,14,16,.875,3,40,24,4,4,16,17,28,74,.378,3,23,.130,16,20,.800,8,36,18,8,4,10,18,18.0,5.0
NYL,2021,@,WAS,L,72,101,28,65,.431,11,27,.407,5,7,.714,3,28,18,6,5,16,12,35,74,.473,16,31,.516,15,17,.882,11,42,21,4,3,12,15,21.0,5.0
NYL,2021,@,CHI,W,93,85,36,73,.493,14,28,.500,7,10,.700,12,40,25,4,10,22,17,33,81,.407,6,12,.500,13,15,.867,10,35,22,8,5,12,15,23.0,5.0
NYL,2021,,DAL,W,88,81,28,60,.467,10,25,.400,22,27,.815,10,33,19,7,3,14,23,29,70,.414,7,21,.333,16,22,.727,11,34,17,9,2,12,23,24.0,5.0
NYL,2021,,ATL,L,87,90,27,69,.391,14,34,.412,19,21,.905,4,36,23,9,3,20,9,40,87,.460,6,21,.286,4,8,.500,10,45,21,11,8,17,19,29.0,5.0
NYL,2021,,LVA,L,82,94,33,81,.407,9,30,.300,7,9,.778,10,38,25,8,4,11,21,32,70,.457,4,11,.364,26,29,.897,7,38,21,4,4,11,13,3.0,6.0
NYL,2021,@,CON,L,64,85,24,55,.436,11,27,.407,5,6,.833,3,22,20,5,4,15,22,31,71,.437,7,21,.333,16,19,.842,14,38,21,8,3,11,18,5.0,6.0
NYL,2021,@,PHO,W,85,83,32,76,.421,10,32,.313,11,14,.786,7,36,18,7,3,10,22,25,65,.385,5,24,.208,28,33,.848,8,42,16,4,4,15,16,13.0,6.0
NYL,2021,@,LVA,L,78,100,29,61,.475,9,28,.321,11,17,.647,4,24,18,9,5,18,18,40,72,.556,5,13,.385,15,16,.938,7,36,26,10,1,15,16,15.0,6.0
NYL,2021,@,LVA,L,76,103,26,83,.313,10,38,.263,14,19,.737,9,36,20,6,4,11,24,34,77,.442,11,23,.478,24,30,.800,15,52,25,5,10,12,21,17.0,6.0
NYL,2021,@,LAS,W,76,73,24,57,.421,10,31,.323,18,20,.900,11,38,18,9,3,29,16,31,68,.456,6,24,.250,5,10,.500,8,27,16,17,2,18,19,20.0,6.0
NYL,2021,,CHI,L,72,92,29,68,.426,6,28,.214,8,11,.727,3,32,19,3,9,16,12,36,80,.450,7,24,.292,13,13,1.000,7,42,26,8,2,9,15,22.0,6.0
NYL,2021,,CHI,L,68,91,25,67,.373,4,25,.160,14,18,.778,9,37,13,3,3,21,19,37,74,.500,9,19,.474,8,9,.889,5,35,25,9,4,14,18,24.0,6.0
NYL,2021,@,ATL,W,101,78,32,59,.542,13,32,.406,24,28,.857,6,36,22,5,5,18,15,29,71,.408,4,17,.235,16,19,.842,7,25,14,13,2,14,21,26.0,6.0
NYL,2021,@,ATL,L,69,73,24,60,.400,9,24,.375,12,15,.800,7,36,14,4,3,15,14,27,76,.355,7,18,.389,12,16,.750,12,34,17,10,6,8,12,29.0,6.0
NYL,2021,,WAS,W,82,79,29,64,.453,8,20,.400,16,19,.842,3,39,16,5,5,11,20,32,75,.427,5,24,.208,10,16,.625,8,34,21,5,6,8,15,3.0,7.0
NYL,2021,,DAL,W,99,96,40,71,.563,15,31,.484,4,8,.500,6,29,27,8,5,15,17,38,76,.500,7,16,.438,13,15,.867,10,31,23,8,6,12,16,5.0,7.0
NYL,2021,@,IND,L,69,82,26,66,.394,6,23,.261,11,13,.846,9,38,18,3,3,20,18,33,71,.465,3,13,.231,13,13,1.000,6,32,17,8,6,8,15,9.0,7.0
NYL,2021,,,,,,Team,Team,Team,Team,Team,Team,Team,Team,Team,Team,Team,Team,Team,Team,Team,Team,Opponent,Opponent,Opponent,Opponent,Opponent,Opponent,Opponent,Opponent,Opponent,Opponent,Opponent,Opponent,Opponent,Opponent,Opponent,Opponent,,
NYL,2021,,CON,L,54,71,17,56,.304,9,29,.310,11,17,.647,5,34,15,0,1,16,11,25,66,.379,11,30,.367,10,11,.909,7,42,15,11,1,10,21,11.0,7.0
NYL,2021,@,MIN,L,78,88,32,71,.451,6,20,.300,8,11,.727,7,30,16,9,2,8,20,32,66,.485,6,19,.316,18,21,.857,8,36,24,6,6,11,14,15.0,8.0
NYL,2021,,SEA,W,83,79,31,60,.517,12,25,.480,9,10,.900,5,31,19,6,4,21,13,31,71,.437,9,26,.346,8,10,.800,4,26,18,14,3,14,14,18.0,8.0
NYL,2021,,SEA,L,83,99,27,70,.386,12,30,.400,17,19,.895,5,29,19,7,5,9,18,33,68,.485,14,26,.538,19,19,1.000,9,41,24,2,6,12,14,20.0,8.0
NYL,2021,,LAS,L,83,86,26,63,.413,16,35,.457,15,18,.833,5,34,23,7,2,22,23,32,68,.471,8,23,.348,14,19,.737,5,27,22,11,6,10,23,22.0,8.0
NYL,2021,,PHO,L,79,106,28,74,.378,13,36,.361,10,12,.833,10,33,19,7,4,8,10,43,76,.566,12,25,.480,8,9,.889,7,40,26,4,4,8,12,25.0,8.0
NYL,2021,,PHO,L,64,80,25,67,.373,10,33,.303,4,4,1.000,3,35,20,4,4,17,19,27,68,.397,8,26,.308,18,22,.818,7,39,15,5,6,12,14,27.0,8.0
NYL,2021,@,MIN,L,66,74,23,71,.324,5,24,.208,15,17,.882,8,38,12,9,4,13,21,24,69,.348,5,26,.192,21,24,.875,10,43,10,5,3,14,21,31.0,8.0
NYL,2021,@,SEA,L,75,85,27,56,.482,11,23,.478,10,11,.909,3,24,14,8,3,20,27,30,63,.476,2,14,.143,23,26,.885,8,31,19,8,3,12,15,2.0,9.0
NYL,2021,@,DAL,L,76,77,30,67,.448,7,24,.292,9,11,.818,8,39,22,2,2,9,16,26,72,.361,10,27,.370,15,19,.789,10,37,18,6,3,6,13,11.0,9.0
NYL,2021,@,CON,L,69,98,26,62,.419,7,25,.280,10,11,.909,6,21,18,12,4,28,15,36,71,.507,8,18,.444,18,21,.857,13,38,23,14,4,20,18,15.0,9.0
NYL,2021,,WAS,W,91,80,33,64,.516,10,22,.455,15,18,.833,7,34,24,5,1,13,21,27,67,.403,12,33,.364,14,18,.778,6,28,25,6,4,11,20,17.0,9.0
PHO,2021,@,MIN,W,77,75,31,75,.413,4,20,.200,11,19,.579,11,42,20,6,9,11,16,29,72,.403,5,16,.313,12,14,.857,6,36,16,5,6,14,21,14.0,5.0
PHO,2021,@,CON,L,78,86,25,57,.439,8,25,.320,20,24,.833,4,27,20,6,7,15,24,28,66,.424,8,17,.471,22,27,.815,10,34,15,8,3,12,21,16.0,5.0
PHO,2021,@,WAS,W,91,70,30,66,.455,11,28,.393,20,25,.800,17,50,22,4,3,19,22,23,75,.307,5,28,.179,19,21,.905,15,34,17,10,4,11,22,18.0,5.0
PHO,2021,,CON,L,67,84,26,68,.382,5,20,.250,10,14,.714,7,24,14,4,6,6,12,34,76,.447,10,26,.385,6,8,.750,17,48,19,6,3,11,17,21.0,5.0
PHO,2021,,LVA,L,79,85,32,69,.464,5,17,.294,10,10,1.000,6,33,22,3,7,13,14,33,75,.440,4,16,.250,15,17,.882,11,36,19,8,3,9,9,26.0,5.0
PHO,2021,@,DAL,W,89,85,31,62,.500,8,22,.364,19,26,.731,11,44,22,0,7,10,20,29,78,.372,9,23,.391,18,22,.818,10,30,14,7,1,4,21,29.0,5.0
PHO,2021,@,CHI,W,84,83,31,59,.525,8,20,.400,14,20,.700,5,35,22,6,9,19,22,30,79,.380,4,14,.286,19,20,.950,12,28,18,10,2,10,18,1.0,6.0
PHO,2021,,CHI,W,77,74,30,70,.429,5,14,.357,12,17,.706,7,38,19,4,8,17,16,27,78,.346,8,31,.258,12,14,.857,9,39,22,11,4,8,23,3.0,6.0
PHO,2021,,DAL,L,81,85,29,70,.414,5,25,.200,18,23,.783,11,36,20,3,7,7,10,32,75,.427,10,26,.385,11,13,.846,12,41,20,5,4,9,22,8.0,6.0
PHO,2021,,DAL,L,59,77,22,63,.349,3,20,.150,12,16,.750,6,29,16,4,7,13,14,30,72,.417,6,22,.273,11,12,.917,12,40,16,6,4,13,16,11.0,6.0
PHO,2021,,NYL,L,83,85,25,65,.385,5,24,.208,28,33,.848,8,42,16,4,4,15,16,32,76,.421,10,32,.313,11,14,.786,7,36,18,7,3,10,22,13.0,6.0
PHO,2021,@,LAS,L,80,85,26,63,.413,7,21,.333,21,28,.750,9,38,18,1,1,10,15,36,80,.450,9,28,.321,4,6,.667,14,35,17,3,6,5,23,16.0,6.0
PHO,2021,@,LAS,W,80,66,25,55,.455,5,16,.313,25,31,.806,4,33,13,8,3,12,19,23,60,.383,4,14,.286,16,22,.727,5,28,10,8,2,12,25,18.0,6.0
PHO,2021,,LAS,W,88,79,28,62,.452,9,21,.429,23,26,.885,8,44,13,3,4,18,18,31,74,.419,6,20,.300,11,15,.733,5,31,14,7,3,9,24,27.0,6.0
PHO,2021,,MIN,L,76,82,29,68,.426,6,22,.273,12,15,.800,5,22,17,6,5,9,12,34,67,.507,6,13,.462,8,9,.889,12,39,21,4,4,16,18,30.0,6.0
PHO,2021,,MIN,L,68,99,21,64,.328,10,26,.385,16,17,.941,2,26,16,5,3,11,17,38,69,.551,9,24,.375,14,14,1.000,3,41,26,6,4,10,18,3.0,7.0
PHO,2021,@,LVA,W,99,90,32,74,.432,10,27,.370,25,29,.862,10,45,21,4,6,11,21,36,82,.439,3,13,.231,15,24,.625,9,43,22,7,3,6,21,7.0,7.0
PHO,2021,,SEA,W,85,77,33,70,.471,4,18,.222,15,17,.882,9,39,21,7,6,11,12,29,76,.382,8,26,.308,11,12,.917,9,36,18,7,1,8,17,9.0,7.0
PHO,2021,@,SEA,L,75,82,27,67,.403,9,23,.391,12,16,.750,8,32,21,6,2,14,21,30,62,.484,10,27,.370,12,16,.750,6,34,17,5,1,11,16,11.0,7.0
PHO,2021,,ATL,W,92,81,35,70,.500,10,25,.400,12,17,.706,11,45,27,3,10,17,12,37,90,.411,3,17,.176,4,7,.571,15,40,18,8,4,9,23,15.0,8.0
PHO,2021,,,,,,Team,Team,Team,Team,Team,Team,Team,Team,Team,Team,Team,Team,Team,Team,Team,Team,Opponent,Opponent,Opponent,Opponent,Opponent,Opponent,Opponent,Opponent,Opponent,Opponent,Opponent,Opponent,Opponent,Opponent,Opponent,Opponent,,
PHO,2021,,IND,W,84,80,28,67,.418,6,20,.300,22,24,.917,8,35,20,4,7,13,18,30,66,.455,10,22,.455,10,17,.588,11,38,16,8,3,13,20,17.0,8.0
PHO,2021,,WAS,W,77,64,32,62,.516,4,14,.286,9,13,.692,10,44,19,2,4,18,22,21,75,.280,6,26,.231,16,24,.667,14,34,9,8,5,10,17,19.0,8.0
PHO,2021,@,ATL,W,84,69,30,57,.526,9,19,.474,15,22,.682,10,47,22,4,5,22,14,29,72,.403,5,21,.238,6,8,.750,6,24,11,13,5,9,19,21.0,8.0
PHO,2021,@,NYL,W,106,79,43,76,.566,12,25,.480,8,9,.889,7,40,26,4,4,8,12,28,74,.378,13,36,.361,10,12,.833,10,33,19,7,4,8,10,25.0,8.0
PHO,2021,@,NYL,W,80,64,27,68,.397,8,26,.308,18,22,.818,7,39,15,5,6,12,14,25,67,.373,10,33,.303,4,4,1.000,3,35,20,4,4,17,19,27.0,8.0
PHO,2021,,CHI,W,103,83,39,75,.520,14,27,.519,11,12,.917,9,35,26,8,5,8,11,32,71,.451,6,20,.300,13,15,.867,11,32,13,2,4,11,16,31.0,8.0
PHO,2021,@,IND,W,87,65,30,66,.455,9,27,.333,18,24,.750,8,36,18,10,3,11,19,24,66,.364,3,17,.176,14,18,.778,11,39,9,8,6,15,20,4.0,9.0
PHO,2021,@,IND,W,86,81,34,65,.523,8,16,.500,10,14,.714,9,30,24,2,6,8,17,31,72,.431,7,22,.318,12,13,.923,10,31,20,4,3,6,15,6.0,9.0
PHO,2021,@,ATL,W,76,75,26,60,.433,8,18,.444,16,18,.889,4,32,16,7,3,16,14,33,70,.471,3,13,.231,6,10,.600,4,31,19,12,3,8,14,8.0,9.0
PHO,2021,,CON,L,67,76,27,56,.482,5,17,.294,8,9,.889,4,31,20,5,6,15,21,24,64,.375,10,23,.435,18,19,.947,9,31,14,2,1,9,12,11.0,9.0
PHO,2021,@,SEA,L,85,94,30,64,.469,7,24,.292,18,20,.900,13,32,20,7,3,10,13,35,65,.538,11,22,.500,13,14,.929,6,26,27,7,1,11,15,17.0,9.0
PHO,2021,,LVA,L,83,84,31,69,.449,14,30,.467,7,10,.700,7,33,23,7,1,10,13,32,69,.464,6,17,.353,14,15,.933,6,33,12,6,4,8,9,19.0,9.0
SEA,2021,,LVA,W,97,83,37,73,.507,12,27,.444,11,15,.733,6,44,23,4,6,11,11,35,80,.438,3,12,.250,10,12,.833,6,33,22,4,4,6,13,15.0,5.0
SEA,2021,,LVA,L,80,96,32,76,.421,7,25,.280,9,12,.750,8,34,17,8,4,9,13,37,69,.536,6,15,.400,16,18,.889,7,39,24,7,7,11,14,18.0,5.0
SEA,2021,@,MIN,W,90,78,31,63,.492,12,25,.480,16,20,.800,5,35,23,12,6,17,17,30,68,.441,5,17,.294,13,21,.619,6,31,22,6,1,17,16,20.0,5.0
SEA,2021,@,DAL,W,100,97,35,80,.438,7,25,.280,23,27,.852,11,39,26,9,8,9,15,37,82,.451,10,31,.323,13,16,.813,13,46,21,5,4,16,24,22.0,5.0
SEA,2021,,CON,W,90,87,29,72,.403,13,28,.464,19,25,.760,9,38,21,11,2,12,17,33,70,.471,8,19,.421,13,17,.765,5,37,18,7,11,16,24,25.0,5.0
SEA,2021,,MIN,W,82,72,35,72,.486,4,17,.235,8,8,1.000,8,35,20,8,7,12,17,25,67,.373,6,25,.240,16,18,.889,7,32,20,5,2,12,12,28.0,5.0
SEA,2021,,IND,W,88,73,28,66,.424,11,22,.500,21,24,.875,8,37,22,5,4,11,17,29,74,.392,4,17,.235,11,14,.786,8,35,21,7,4,9,19,1.0,6.0
SEA,2021,,DAL,W,105,102,36,72,.500,10,26,.385,23,29,.793,5,40,31,8,7,16,16,43,96,.448,11,28,.393,5,12,.417,14,44,25,9,4,13,24,4.0,6.0
SEA,2021,,DAL,L,67,68,21,61,.344,8,24,.333,17,23,.739,4,34,16,8,5,11,12,25,70,.357,5,22,.227,13,13,1.000,9,42,13,5,3,13,18,6.0,6.0
SEA,2021,@,ATL,W,95,71,35,64,.547,12,22,.545,13,16,.813,3,32,27,7,9,12,16,29,82,.354,3,26,.115,10,13,.769,16,42,18,9,2,12,18,9.0,6.0
SEA,2021,@,ATL,W,86,75,31,61,.508,10,21,.476,14,16,.875,5,41,22,1,0,12,20,26,72,.361,4,18,.222,19,22,.864,8,33,14,4,2,5,15,11.0,6.0
SEA,2021,@,CON,W,89,66,35,72,.486,10,22,.455,9,10,.900,6,28,26,9,3,8,14,27,60,.450,6,15,.400,6,8,.750,5,31,16,4,2,17,14,13.0,6.0
SEA,2021,@,IND,W,87,70,34,69,.493,8,22,.364,11,13,.846,5,38,27,5,1,10,16,27,64,.422,3,17,.176,13,24,.542,5,32,18,5,7,9,16,15.0,6.0
SEA,2021,@,IND,W,79,69,31,72,.431,6,20,.300,11,15,.733,9,40,22,9,2,14,19,26,62,.419,2,14,.143,15,17,.882,3,32,16,6,5,15,16,17.0,6.0
SEA,2021,,WAS,L,83,87,32,71,.451,8,19,.421,11,12,.917,9,36,21,4,6,7,12,34,77,.442,16,38,.421,3,5,.600,12,39,25,2,2,7,13,22.0,6.0
SEA,2021,@,LVA,L,92,95,38,82,.463,8,26,.308,8,9,.889,8,43,21,7,4,16,21,35,80,.438,6,11,.545,19,23,.826,7,35,18,8,3,12,16,27.0,6.0
SEA,2021,,ATL,W,91,88,30,62,.484,14,22,.636,17,22,.773,6,33,23,6,4,15,11,37,78,.474,8,20,.400,6,8,.750,7,31,26,11,3,9,17,2.0,7.0
SEA,2021,@,LAS,W,84,74,30,64,.469,8,20,.400,16,17,.941,7,33,19,7,4,11,16,25,65,.385,7,18,.389,17,17,1.000,7,30,18,5,5,12,18,4.0,7.0
SEA,2021,,LAS,W,71,62,23,61,.377,5,20,.250,20,21,.952,14,37,11,11,4,19,19,21,59,.356,4,19,.211,16,20,.800,7,28,8,11,5,17,19,7.0,7.0
SEA,2021,@,PHO,L,77,85,29,76,.382,8,26,.308,11,12,.917,9,36,18,7,1,8,17,33,70,.471,4,18,.222,15,17,.882,9,39,21,7,6,11,12,9.0,7.0
SEA,2021,,,,,,Team,Team,Team,Team,Team,Team,Team,Team,Team,Team,Team,Team,Team,Team,Team,Team,Opponent,Opponent,Opponent,Opponent,Opponent,Opponent,Opponent,Opponent,Opponent,Opponent,Opponent,Opponent,Opponent,Opponent,Opponent,Opponent,,
SEA,2021,,PHO,W,82,75,30,62,.484,10,27,.370,12,16,.750,6,34,17,5,1,11,16,27,67,.403,9,23,.391,12,16,.750,8,32,21,6,2,14,21,11.0,7.0
SEA,2021,@,CHI,L,85,87,29,84,.345,6,18,.333,21,28,.750,13,47,22,9,5,8,17,33,77,.429,9,24,.375,12,17,.706,10,44,28,3,4,18,22,15.0,8.0
SEA,2021,@,NYL,L,79,83,31,71,.437,9,26,.346,8,10,.800,4,26,18,14,3,14,14,31,60,.517,12,25,.480,9,10,.900,5,31,19,6,4,21,13,18.0,8.0
SEA,2021,@,NYL,W,99,83,33,68,.485,14,26,.538,19,19,1.000,9,41,24,2,6,12,14,27,70,.386,12,30,.400,17,19,.895,5,29,19,7,5,9,18,20.0,8.0
SEA,2021,@,WAS,W,85,78,33,74,.446,6,24,.250,13,16,.813,7,42,20,13,11,12,13,28,76,.368,7,22,.318,15,16,.938,9,41,22,7,1,14,16,22.0,8.0
SEA,2021,@,MIN,L,70,76,28,74,.378,8,24,.333,6,7,.857,10,41,20,7,6,14,18,28,66,.424,5,14,.357,15,16,.938,4,37,18,8,5,12,13,24.0,8.0
SEA,2021,,CHI,L,69,73,25,68,.368,3,17,.176,16,17,.941,8,34,17,9,4,17,15,29,69,.420,7,23,.304,8,12,.667,9,39,24,9,1,18,18,27.0,8.0
SEA,2021,,CHI,L,75,107,29,64,.453,5,17,.294,12,14,.857,3,22,22,3,2,12,9,41,73,.562,15,22,.682,10,11,.909,10,36,26,8,3,9,13,29.0,8.0
SEA,2021,,NYL,W,85,75,30,63,.476,2,14,.143,23,26,.885,8,31,19,8,3,12,15,27,56,.482,11,23,.478,10,11,.909,3,24,14,8,3,20,27,2.0,9.0
SEA,2021,,WAS,W,105,71,39,66,.591,14,23,.609,13,16,.813,6,35,28,11,2,14,19,24,61,.393,9,33,.273,14,17,.824,3,24,14,6,0,17,18,7.0,9.0
SEA,2021,@,LAS,L,53,81,18,56,.321,6,27,.222,11,13,.846,5,28,11,7,4,17,16,30,62,.484,6,13,.462,15,16,.938,8,37,13,6,3,12,18,12.0,9.0
SEA,2021,,PHO,W,94,85,35,65,.538,11,22,.500,13,14,.929,6,26,27,7,1,11,15,30,64,.469,7,24,.292,18,20,.900,13,32,20,7,3,10,13,17.0,9.0
WAS,2021,,CHI,L,56,70,18,72,.250,4,30,.133,16,19,.842,14,44,10,10,4,14,20,22,60,.367,8,17,.471,18,21,.857,3,36,21,7,3,14,20,15.0,5.0
WAS,2021,,PHO,L,70,91,23,75,.307,5,28,.179,19,21,.905,15,34,17,10,4,11,22,30,66,.455,11,28,.393,20,25,.800,17,50,22,4,3,19,22,18.0,5.0
WAS,2021,,NYL,W,101,72,35,74,.473,16,31,.516,15,17,.882,11,42,21,4,3,12,15,28,65,.431,11,27,.407,5,7,.714,3,28,18,6,5,16,12,21.0,5.0
WAS,2021,@,IND,L,77,89,27,70,.386,9,27,.333,14,17,.824,9,32,15,6,3,11,21,33,64,.516,7,15,.467,16,23,.696,7,37,26,6,4,14,13,23.0,5.0
WAS,2021,@,IND,W,85,69,34,68,.500,12,28,.429,5,6,.833,5,26,25,0,2,10,14,28,64,.438,5,14,.357,8,10,.800,7,33,21,5,2,13,10,25.0,5.0
WAS,2021,@,CON,L,81,86,28,71,.394,9,30,.300,16,18,.889,9,33,14,7,4,10,23,29,58,.500,11,25,.440,17,26,.654,6,32,17,7,4,14,24,28.0,5.0
WAS,2021,,LVA,L,93,96,34,77,.442,11,30,.367,14,19,.737,6,35,26,8,1,12,23,33,76,.434,6,16,.375,24,27,.889,8,44,20,9,1,12,18,5.0,6.0
WAS,2021,,MIN,W,85,81,29,68,.426,6,20,.300,21,22,.955,4,29,20,13,6,12,19,26,64,.406,6,22,.273,23,25,.920,5,36,19,8,4,21,25,8.0,6.0
WAS,2021,,LAS,W,89,71,30,71,.423,11,26,.423,18,22,.818,12,43,18,4,5,12,25,22,67,.328,8,23,.348,19,28,.679,9,31,13,6,4,11,19,10.0,6.0
WAS,2021,@,ATL,L,78,101,23,61,.377,11,27,.407,21,26,.808,12,33,15,8,4,17,19,36,71,.507,13,29,.448,16,21,.762,10,33,20,10,2,13,22,13.0,6.0
WAS,2021,,ATL,W,96,93,33,67,.493,13,31,.419,17,20,.850,5,31,22,7,1,15,17,34,70,.486,8,21,.381,17,21,.810,8,37,23,14,6,13,17,17.0,6.0
WAS,2021,,IND,W,82,77,30,81,.370,7,34,.206,15,17,.882,15,40,16,7,0,10,18,30,67,.448,4,13,.308,13,14,.929,6,36,15,5,4,12,20,19.0,6.0
WAS,2021,@,SEA,W,87,83,34,77,.442,16,38,.421,3,5,.600,12,39,25,2,2,7,13,32,71,.451,8,19,.421,11,12,.917,9,36,21,4,6,7,12,22.0,6.0
WAS,2021,@,LAS,L,82,89,26,65,.400,11,27,.407,19,23,.826,10,38,18,4,2,20,20,33,64,.516,10,17,.588,13,15,.867,0,22,16,8,6,12,18,24.0,6.0
WAS,2021,@,DAL,L,74,85,30,72,.417,9,31,.290,5,7,.714,5,32,24,7,4,10,11,33,78,.423,10,29,.345,9,9,1.000,10,40,20,9,3,8,11,26.0,6.0
WAS,2021,,CON,L,71,90,24,63,.381,12,36,.333,11,13,.846,1,13,21,11,7,10,8,35,70,.500,12,24,.500,8,9,.889,17,52,21,7,1,20,20,29.0,6.0
WAS,2021,@,NYL,L,79,82,32,75,.427,5,24,.208,10,16,.625,8,34,21,5,6,8,15,29,64,.453,8,20,.400,16,19,.842,3,39,16,5,5,11,20,3.0,7.0
WAS,2021,@,CHI,W,89,85,35,79,.443,8,24,.333,11,15,.733,10,44,24,7,2,15,11,34,78,.436,6,27,.222,11,13,.846,8,35,27,8,7,12,21,10.0,7.0
WAS,2021,@,LVA,L,83,84,33,73,.452,10,29,.345,7,9,.778,6,33,18,5,2,11,24,33,69,.478,3,10,.300,15,21,.714,8,38,20,4,1,11,13,15.0,8.0
WAS,2021,@,LVA,L,83,93,30,70,.429,5,27,.185,18,20,.900,5,29,15,9,2,8,19,34,60,.567,6,11,.545,19,23,.826,3,37,20,4,3,14,13,17.0,8.0
WAS,2021,,,,,,Team,Team,Team,Team,Team,Team,Team,Team,Team,Team,Team,Team,Team,Team,Team,Team,Opponent,Opponent,Opponent,Opponent,Opponent,Opponent,Opponent,Opponent,Opponent,Opponent,Opponent,Opponent,Opponent,Opponent,Opponent,Opponent,,
WAS,2021,@,PHO,L,64,77,21,75,.280,6,26,.231,16,24,.667,14,34,9,8,5,10,17,32,62,.516,4,14,.286,9,13,.692,10,44,19,2,4,18,22,19.0,8.0
WAS,2021,,SEA,L,78,85,28,76,.368,7,22,.318,15,16,.938,9,41,22,7,1,14,16,33,74,.446,6,24,.250,13,16,.813,7,42,20,13,11,12,13,22.0,8.0
WAS,2021,,LAS,W,78,68,28,63,.444,8,18,.444,14,17,.824,8,41,18,8,5,15,18,25,70,.357,5,22,.227,13,15,.867,8,35,11,9,6,11,17,24.0,8.0
WAS,2021,,DAL,L,77,82,28,58,.483,9,22,.409,12,18,.667,5,25,21,6,5,13,17,33,69,.478,5,18,.278,11,15,.733,10,35,18,5,1,12,15,26.0,8.0
WAS,2021,,DAL,W,76,75,23,62,.371,9,31,.290,21,29,.724,5,22,14,10,4,13,18,25,47,.532,6,14,.429,19,25,.760,4,34,13,6,0,23,21,28.0,8.0
WAS,2021,,CON,L,75,85,25,55,.455,9,26,.346,16,18,.889,3,20,19,9,2,14,18,34,69,.493,8,20,.400,9,12,.750,16,38,20,7,4,15,15,31.0,8.0
WAS,2021,@,MIN,L,75,93,29,75,.387,4,16,.250,13,17,.765,11,36,14,7,2,10,11,36,68,.529,11,25,.440,10,11,.909,6,37,24,5,5,13,17,4.0,9.0
WAS,2021,@,SEA,L,71,105,24,61,.393,9,33,.273,14,17,.824,3,24,14,6,0,17,18,39,66,.591,14,23,.609,13,16,.813,6,35,28,11,2,14,19,7.0,9.0
WAS,2021,,ATL,W,82,74,29,70,.414,9,24,.375,15,19,.789,11,46,20,6,2,10,6,32,78,.410,6,22,.273,4,8,.500,11,41,12,8,5,7,16,10.0,9.0
WAS,2021,@,CHI,W,79,71,29,60,.483,9,27,.333,12,17,.706,4,35,19,9,1,15,15,28,67,.418,3,22,.136,12,15,.800,6,31,17,8,0,14,15,12.0,9.0
WAS,2021,@,NYL,L,80,91,27,67,.403,12,33,.364,14,18,.778,6,28,25,6,4,11,20,33,64,.516,10,22,.455,15,18,.833,7,34,24,5,1,13,21,17.0,9.0
WAS,2021,,MIN,L,77,83,29,64,.453,7,22,.318,12,14,.857,7,29,16,5,4,15,20,29,66,.439,5,16,.313,20,23,.870,10,38,16,10,2,12,16,19.0,9.0
LVA,2021,@,SEA,L,83,97,35,80,.438,3,12,.250,10,12,.833,6,33,22,4,4,6,13,37,73,.507,12,27,.444,11,15,.733,6,44,23,4,6,11,11,15.0,5.0
LVA,2021,@,SEA,W,96,80,37,69,.536,6,15,.400,16,18,.889,7,39,24,7,7,11,14,32,76,.421,7,25,.280,9,12,.750,8,34,17,8,4,9,13,18.0,5.0
LVA,2021,,LAS,W,97,69,33,62,.532,4,14,.286,27,32,.844,4,44,18,7,12,15,15,27,74,.365,5,17,.294,10,15,.667,5,28,18,8,1,11,24,21.0,5.0
LVA,2021,,CON,L,65,72,22,54,.407,5,16,.313,16,21,.762,1,26,16,4,13,14,15,27,80,.338,7,26,.269,11,12,.917,12,44,16,10,2,8,17,23.0,5.0
LVA,2021,@,PHO,W,85,79,33,75,.440,4,16,.250,15,17,.882,11,36,19,8,3,9,9,32,69,.464,5,17,.294,10,10,1.000,6,33,22,3,7,13,14,26.0,5.0
LVA,2021,,IND,W,113,77,38,69,.551,7,15,.467,30,39,.769,3,32,23,12,4,8,16,26,66,.394,4,16,.250,21,24,.875,9,34,15,4,3,20,28,28.0,5.0
LVA,2021,,IND,W,101,78,38,67,.567,7,14,.500,18,23,.783,5,36,22,8,7,11,13,31,80,.388,5,23,.217,11,11,1.000,12,32,18,8,2,11,19,30.0,5.0
LVA,2021,@,CON,L,67,74,28,64,.438,0,5,.000,11,12,.917,3,29,20,6,3,12,17,24,60,.400,4,17,.235,22,23,.957,8,34,16,8,5,14,14,1.0,6.0
LVA,2021,@,NYL,W,94,82,32,70,.457,4,11,.364,26,29,.897,7,38,21,4,4,11,13,33,81,.407,9,30,.300,7,9,.778,10,38,25,8,4,11,21,3.0,6.0
LVA,2021,@,WAS,W,96,93,33,76,.434,6,16,.375,24,27,.889,8,44,20,9,1,12,18,34,77,.442,11,30,.367,14,19,.737,6,35,26,8,1,12,23,5.0,6.0
LVA,2021,,DAL,W,85,78,30,64,.469,4,12,.333,21,26,.808,4,41,17,6,4,16,25,25,77,.325,5,24,.208,23,27,.852,14,36,17,11,2,10,26,13.0,6.0
LVA,2021,,NYL,W,100,78,40,72,.556,5,13,.385,15,16,.938,7,36,26,10,1,15,16,29,61,.475,9,28,.321,11,17,.647,4,24,18,9,5,18,18,15.0,6.0
LVA,2021,,NYL,W,103,76,34,77,.442,11,23,.478,24,30,.800,15,52,25,5,10,12,21,26,83,.313,10,38,.263,14,19,.737,9,36,20,6,4,11,24,17.0,6.0
LVA,2021,@,MIN,L,89,90,30,78,.385,4,11,.364,25,31,.806,14,44,19,7,2,16,16,35,76,.461,2,15,.133,18,21,.857,5,38,24,8,7,13,26,25.0,6.0
LVA,2021,,SEA,W,95,92,35,80,.438,6,11,.545,19,23,.826,7,35,18,8,3,12,16,38,82,.463,8,26,.308,8,9,.889,8,43,21,7,4,16,21,27.0,6.0
LVA,2021,@,LAS,W,99,75,37,81,.457,7,22,.318,18,19,.947,12,55,27,8,6,16,16,28,82,.341,7,24,.292,12,17,.706,10,39,12,9,3,11,13,30.0,6.0
LVA,2021,@,LAS,W,66,58,23,61,.377,2,11,.182,18,23,.783,5,34,11,7,4,12,14,22,62,.355,6,21,.286,8,10,.800,5,33,12,5,6,13,20,2.0,7.0
LVA,2021,,ATL,W,118,95,43,72,.597,11,17,.647,21,28,.750,10,43,31,5,1,11,14,38,80,.475,7,19,.368,12,16,.750,8,28,24,5,2,7,22,4.0,7.0
LVA,2021,,PHO,L,90,99,36,82,.439,3,13,.231,15,24,.625,9,43,22,7,3,6,21,32,74,.432,10,27,.370,25,29,.862,10,45,21,4,6,11,21,7.0,7.0
LVA,2021,,MIN,L,67,77,24,67,.358,3,15,.200,16,19,.842,11,42,14,4,6,15,8,34,75,.453,9,22,.409,0,0,,6,35,23,10,2,10,20,9.0,7.0
LVA,2021,,,,,,Team,Team,Team,Team,Team,Team,Team,Team,Team,Team,Team,Team,Team,Team,Team,Team,Opponent,Opponent,Opponent,Opponent,Opponent,Opponent,Opponent,Opponent,Opponent,Opponent,Opponent,Opponent,Opponent,Opponent,Opponent,Opponent,,
LVA,2021,@,DAL,W,95,79,34,67,.507,3,8,.375,24,30,.800,9,43,25,2,11,10,12,28,83,.337,7,24,.292,16,19,.842,15,40,17,4,2,6,20,11.0,7.0
LVA,2021,,WAS,W,84,83,33,69,.478,3,10,.300,15,21,.714,8,38,20,4,1,11,13,33,73,.452,10,29,.345,7,9,.778,6,33,18,5,2,11,24,15.0,8.0
LVA,2021,,WAS,W,93,83,34,60,.567,6,11,.545,19,23,.826,3,37,20,4,3,14,13,30,70,.429,5,27,.185,18,20,.900,5,29,15,9,2,8,19,17.0,8.0
LVA,2021,@,CON,L,62,76,25,63,.397,3,9,.333,9,10,.900,6,30,15,6,3,14,14,30,67,.448,6,18,.333,10,12,.833,8,39,16,11,2,11,14,24.0,8.0
LVA,2021,@,ATL,W,78,71,32,73,.438,3,13,.231,11,15,.733,9,43,26,6,5,10,13,26,72,.361,7,23,.304,12,15,.800,5,34,19,8,6,8,20,26.0,8.0
LVA,2021,@,IND,W,87,71,31,64,.484,7,12,.583,18,22,.818,7,38,23,12,4,16,17,27,67,.403,4,15,.267,13,20,.650,8,31,18,9,2,15,18,28.0,8.0
LVA,2021,,CHI,W,90,83,33,73,.452,4,10,.400,20,25,.800,11,39,16,7,3,12,12,30,68,.441,8,24,.333,15,17,.882,7,32,19,9,5,13,18,2.0,9.0
LVA,2021,@,CHI,L,84,92,30,73,.411,5,13,.385,19,22,.864,9,37,19,6,4,6,16,34,67,.507,7,19,.368,17,23,.739,7,38,30,2,6,7,18,5.0,9.0
LVA,2021,,MIN,W,102,81,43,78,.551,4,10,.400,12,14,.857,2,36,28,8,3,5,12,35,77,.455,7,22,.318,4,5,.800,7,37,22,0,4,10,15,8.0,9.0
LVA,2021,,DAL,W,85,75,31,65,.477,7,19,.368,16,21,.762,5,33,16,11,4,9,8,31,74,.419,7,26,.269,6,7,.857,12,40,18,6,4,14,18,13.0,9.0
LVA,2021,@,CHI,W,103,70,41,73,.562,9,18,.500,12,14,.857,11,47,32,9,3,15,6,28,70,.400,8,30,.267,6,6,1.000,2,19,19,6,7,12,11,17.0,9.0
LVA,2021,@,PHO,W,84,83,32,69,.464,6,17,.353,14,15,.933,6,33,12,6,4,8,9,31,69,.449,14,30,.467,7,10,.700,7,33,23,7,1,10,13,19.0,9.0
ATL,2022,@,DAL,W,66,59,20,63,.317,7,27,.259,19,22,.864,9,47,11,10,9,21,24,17,70,.243,4,19,.211,21,27,.778,11,39,9,12,7,17,19,7.0,5.0
ATL,2022,,LAS,W,77,75,24,69,.348,13,30,.433,16,19,.842,7,39,14,3,1,13,20,25,72,.347,6,19,.316,19,23,.826,9,36,16,5,8,8,16,11.0,5.0
ATL,2022,,LVA,L,73,96,28,65,.431,8,17,.471,9,14,.643,7,36,16,5,6,19,19,32,68,.471,16,35,.457,16,19,.842,6,31,24,11,8,13,16,13.0,5.0
ATL,2022,@,IND,W,85,79,28,57,.491,6,17,.353,23,30,.767,4,32,12,8,3,19,23,28,68,.412,11,23,.478,12,19,.632,8,29,19,4,2,17,23,15.0,5.0
ATL,2022,@,IND,W,101,79,34,63,.540,10,22,.455,23,26,.885,4,35,19,8,2,13,26,30,80,.375,6,30,.200,13,19,.684,15,36,22,6,6,12,22,17.0,5.0
ATL,2022,,WAS,L,73,78,27,66,.409,8,24,.333,11,14,.786,8,26,16,9,1,14,26,25,55,.455,3,18,.167,25,31,.806,6,33,19,9,3,17,18,20.0,5.0
ATL,2022,@,WAS,L,50,70,20,56,.357,4,21,.190,6,8,.750,9,36,12,8,4,23,18,26,60,.433,7,22,.318,11,15,.733,6,30,19,11,7,13,17,24.0,5.0
ATL,2022,,PHO,W,81,54,34,70,.486,9,24,.375,4,6,.667,10,47,25,9,2,23,19,18,68,.265,3,19,.158,15,21,.714,10,29,9,13,7,14,15,29.0,5.0
ATL,2022,,MIN,W,84,76,33,77,.429,12,28,.429,6,12,.500,7,30,21,17,4,13,19,27,60,.450,7,21,.333,15,20,.750,7,39,16,6,2,24,17,1.0,6.0
ATL,2022,,CHI,L,65,73,26,75,.347,6,23,.261,7,8,.875,9,34,15,5,5,12,18,26,61,.426,5,19,.263,16,20,.800,5,35,19,4,9,16,14,3.0,6.0
ATL,2022,,IND,W,75,66,29,67,.433,4,15,.267,13,15,.867,6,37,14,13,2,22,23,23,66,.348,6,23,.261,14,23,.609,7,32,17,10,3,21,19,5.0,6.0
ATL,2022,@,SEA,L,60,72,25,69,.362,2,19,.105,8,13,.615,9,37,15,12,2,15,19,25,61,.410,8,27,.296,14,15,.933,6,31,18,7,9,19,13,7.0,6.0
ATL,2022,@,PHO,L,88,90,35,79,.443,10,24,.417,8,9,.889,6,36,16,6,4,4,19,28,67,.418,10,31,.323,24,28,.857,7,38,19,1,6,9,14,10.0,6.0
ATL,2022,@,CON,L,92,105,35,76,.461,12,29,.414,10,16,.625,13,37,18,9,5,16,19,40,77,.519,14,26,.538,11,15,.733,7,33,30,8,4,11,17,15.0,6.0
ATL,2022,@,CHI,L,100,106,39,87,.448,8,22,.364,14,21,.667,14,39,23,9,9,15,18,35,75,.467,14,25,.560,22,25,.880,11,47,24,9,7,15,22,17.0,6.0
ATL,2022,,DAL,W,80,75,29,64,.453,10,22,.455,12,15,.800,10,35,18,5,4,22,19,25,66,.379,6,25,.240,19,26,.731,11,31,18,10,2,13,22,21.0,6.0
ATL,2022,,NYL,L,77,89,26,71,.366,7,17,.412,18,20,.900,9,31,13,8,5,10,14,32,68,.471,16,35,.457,9,15,.600,9,39,23,5,3,16,17,24.0,6.0
ATL,2022,,CON,L,61,72,21,63,.333,5,19,.263,14,18,.778,6,29,17,10,5,17,21,27,65,.415,2,20,.100,16,19,.842,10,40,18,8,2,20,19,26.0,6.0
ATL,2022,@,WAS,L,74,92,28,66,.424,5,20,.250,13,15,.867,8,26,19,9,0,14,16,32,58,.552,15,25,.600,13,18,.722,6,30,24,7,3,14,18,28.0,6.0
ATL,2022,@,NYL,W,92,81,31,81,.383,9,24,.375,21,26,.808,12,41,21,8,3,15,25,26,66,.394,10,31,.323,19,24,.792,6,35,19,7,7,17,26,30.0,6.0
ATL,2022,,,,,,Team,Team,Team,Team,Team,Team,Team,Team,Team,Team,Team,Team,Team,Team,Team,Team,Opponent,Opponent,Opponent,Opponent,Opponent,Opponent,Opponent,Opponent,Opponent,Opponent,Opponent,Opponent,Opponent,Opponent,Opponent,Opponent,,
ATL,2022,,SEA,W,90,76,33,70,.471,7,18,.389,17,19,.895,9,44,24,7,0,16,23,22,63,.349,9,32,.281,23,26,.885,2,30,17,11,4,14,16,3.0,7.0
ATL,2022,,WAS,L,66,85,26,62,.419,0,12,.000,14,17,.824,3,31,15,7,0,12,18,31,63,.492,7,20,.350,16,23,.696,4,31,13,8,3,9,16,6.0,7.0
ATL,2022,@,CHI,L,75,90,29,69,.420,10,23,.435,7,10,.700,10,33,17,7,3,17,20,35,66,.530,5,14,.357,15,21,.714,7,34,24,11,3,13,16,12.0,7.0
ATL,2022,,CON,L,68,93,26,62,.419,2,13,.154,14,19,.737,4,30,20,5,2,18,21,30,67,.448,8,21,.381,25,32,.781,10,39,20,13,1,12,17,15.0,7.0
ATL,2022,@,PHO,W,85,75,34,71,.479,10,23,.435,7,14,.500,16,43,18,6,2,14,19,26,63,.413,8,29,.276,15,20,.750,9,28,18,6,7,13,16,17.0,7.0
ATL,2022,@,LVA,W,92,76,33,64,.516,15,24,.625,11,16,.688,5,40,24,6,5,16,16,26,71,.366,10,35,.286,14,19,.737,5,29,18,12,4,12,17,19.0,7.0
ATL,2022,@,LAS,L,78,85,30,66,.455,9,23,.391,9,13,.692,14,36,21,6,1,21,21,34,64,.531,6,11,.545,11,13,.846,6,25,22,12,3,12,19,21.0,7.0
ATL,2022,@,SEA,L,72,82,29,84,.345,6,25,.240,8,11,.727,17,45,21,5,2,10,19,27,63,.429,9,30,.300,19,21,.905,5,39,20,6,8,12,14,24.0,7.0
ATL,2022,,MIN,L,85,92,27,70,.386,5,17,.294,26,29,.897,6,30,13,11,3,10,22,35,63,.556,8,15,.533,14,21,.667,2,38,21,4,4,16,25,28.0,7.0
ATL,2022,,DAL,L,68,81,23,61,.377,7,18,.389,15,22,.682,7,32,11,8,4,19,13,34,71,.479,7,25,.280,6,11,.545,8,32,24,17,4,11,18,30.0,7.0
ATL,2022,,IND,W,91,81,35,70,.500,8,24,.333,13,17,.765,8,35,27,11,7,17,21,28,72,.389,5,17,.294,20,27,.741,13,36,15,11,3,18,20,3.0,8.0
ATL,2022,,LAS,W,88,86,29,62,.468,6,16,.375,24,26,.923,8,32,13,4,3,15,20,35,73,.479,3,17,.176,13,15,.867,9,31,22,8,6,8,17,5.0,8.0
ATL,2022,@,MIN,L,71,81,25,64,.391,7,22,.318,14,20,.700,9,32,18,6,1,10,14,31,66,.470,12,26,.462,7,7,1.000,6,33,26,4,5,13,17,7.0,8.0
ATL,2022,@,LVA,L,90,97,33,66,.500,9,19,.474,15,18,.833,5,29,22,6,1,10,15,32,67,.478,14,27,.519,19,19,1.000,6,32,22,4,2,10,17,9.0,8.0
ATL,2022,,NYL,L,70,80,24,64,.375,5,19,.263,17,24,.708,9,36,13,5,1,12,15,31,66,.470,4,16,.250,14,18,.778,6,37,20,4,3,11,17,12.0,8.0
ATL,2022,@,NYL,L,83,87,27,74,.365,10,31,.323,19,22,.864,13,38,20,9,1,10,20,27,60,.450,15,32,.469,18,22,.818,4,34,23,3,4,16,18,14.0,8.0
CHI,2022,,LAS,L,91,98,36,70,.514,7,22,.318,12,15,.800,6,31,28,11,2,25,22,32,65,.492,7,19,.368,27,33,.818,8,36,20,19,4,20,20,6.0,5.0
CHI,2022,,NYL,W,83,50,31,68,.456,10,22,.455,11,13,.846,7,36,20,5,6,7,14,20,60,.333,2,15,.133,8,9,.889,6,31,16,3,5,14,14,11.0,5.0
CHI,2022,@,MIN,W,82,78,28,69,.406,8,24,.333,18,20,.900,8,28,23,9,4,5,20,29,59,.492,6,16,.375,14,23,.609,9,37,23,2,3,15,21,14.0,5.0
CHI,2022,@,SEA,L,71,74,30,65,.462,6,17,.353,5,7,.714,8,30,26,7,1,17,15,29,70,.414,8,28,.286,8,14,.571,12,35,26,10,3,16,14,18.0,5.0
CHI,2022,@,WAS,W,82,73,34,63,.540,5,20,.250,9,12,.750,5,37,23,8,4,15,16,27,72,.375,9,21,.429,10,11,.909,8,29,21,10,4,12,12,22.0,5.0
CHI,2022,,IND,W,95,90,31,65,.477,6,15,.400,27,35,.771,11,38,23,10,6,16,18,34,82,.415,9,20,.450,13,18,.722,15,40,21,10,7,16,25,24.0,5.0
CHI,2022,,LVA,L,76,83,28,81,.346,5,31,.161,15,17,.882,12,50,16,4,10,10,20,31,84,.369,4,20,.200,17,23,.739,14,50,20,6,5,7,13,28.0,5.0
CHI,2022,,PHO,W,73,70,27,66,.409,5,19,.263,14,17,.824,6,41,18,6,3,13,15,28,70,.400,8,25,.320,6,11,.545,6,32,21,4,7,10,16,31.0,5.0
CHI,2022,@,ATL,W,73,65,26,61,.426,5,19,.263,16,20,.800,5,35,19,4,9,16,14,26,75,.347,6,23,.261,7,8,.875,9,34,15,5,5,12,18,3.0,6.0
CHI,2022,,WAS,W,91,82,36,65,.554,9,20,.450,10,14,.714,5,32,29,11,1,16,13,34,75,.453,8,23,.348,6,6,1.000,11,35,22,9,1,15,14,5.0,6.0
CHI,2022,@,WAS,L,82,84,33,72,.458,6,21,.286,10,11,.909,10,31,20,8,5,13,17,32,68,.471,3,16,.188,17,20,.850,13,34,19,7,3,13,16,8.0,6.0
CHI,2022,@,CON,W,83,79,31,61,.508,6,14,.429,15,17,.882,4,29,25,8,4,12,17,35,76,.461,4,12,.333,5,9,.556,9,35,20,4,1,10,17,10.0,6.0
CHI,2022,@,NYL,W,88,86,35,76,.461,6,18,.333,12,14,.857,12,41,28,4,6,12,18,32,66,.485,11,23,.478,11,12,.917,2,26,22,4,6,14,18,12.0,6.0
CHI,2022,,ATL,W,106,100,35,75,.467,14,25,.560,22,25,.880,11,47,24,9,7,15,22,39,87,.448,8,22,.364,14,21,.667,14,39,23,9,9,15,18,17.0,6.0
CHI,2022,@,IND,L,87,89,33,70,.471,9,20,.450,12,16,.750,5,27,21,8,5,14,22,35,69,.507,2,8,.250,17,25,.680,9,39,19,7,6,15,18,19.0,6.0
CHI,2022,@,LVA,W,104,95,43,75,.573,12,25,.480,6,7,.857,0,33,34,6,3,9,14,33,75,.440,13,31,.419,16,19,.842,6,35,23,8,4,9,6,21.0,6.0
CHI,2022,@,LAS,W,82,59,32,70,.457,7,23,.304,11,11,1.000,6,49,26,6,4,13,11,26,79,.329,3,18,.167,4,8,.500,7,34,18,7,2,9,13,23.0,6.0
CHI,2022,,MIN,W,88,85,33,65,.508,8,18,.444,14,17,.824,6,26,25,7,2,14,16,33,56,.589,6,16,.375,13,17,.765,3,28,23,4,4,17,16,26.0,6.0
CHI,2022,,CON,W,91,83,32,54,.593,10,20,.500,17,17,1.000,5,33,28,3,6,22,14,32,80,.400,6,19,.316,13,16,.813,15,31,22,15,3,4,14,29.0,6.0
CHI,2022,,PHO,W,91,75,30,57,.526,10,20,.500,21,24,.875,5,37,24,6,3,20,17,27,66,.409,5,20,.250,16,19,.842,7,27,15,14,2,18,24,2.0,7.0
CHI,2022,,,,,,Team,Team,Team,Team,Team,Team,Team,Team,Team,Team,Team,Team,Team,Team,Team,Team,Opponent,Opponent,Opponent,Opponent,Opponent,Opponent,Opponent,Opponent,Opponent,Opponent,Opponent,Opponent,Opponent,Opponent,Opponent,Opponent,,
CHI,2022,@,MIN,L,78,81,31,78,.397,10,33,.303,6,7,.857,12,38,24,7,4,14,14,30,62,.484,4,14,.286,17,20,.850,6,32,21,13,1,15,12,6.0,7.0
CHI,2022,@,IND,W,93,84,34,62,.548,5,12,.417,20,26,.769,8,41,25,2,4,17,15,33,82,.402,9,20,.450,9,14,.643,10,27,22,7,0,9,16,7.0,7.0
CHI,2022,,ATL,W,90,75,35,66,.530,5,14,.357,15,21,.714,7,34,24,11,3,13,16,29,69,.420,10,23,.435,7,10,.700,10,33,17,7,3,17,20,12.0,7.0
CHI,2022,@,LAS,W,80,68,33,68,.485,8,19,.421,6,8,.750,8,37,22,9,6,18,14,28,71,.394,7,17,.412,5,6,.833,7,30,19,11,5,14,13,14.0,7.0
CHI,2022,@,DAL,W,89,81,35,74,.473,5,23,.217,14,14,1.000,10,40,25,4,5,8,20,26,66,.394,7,16,.438,22,27,.815,5,24,14,2,5,7,13,16.0,7.0
CHI,2022,,SEA,W,78,74,32,66,.485,5,21,.238,9,11,.818,11,38,20,6,3,12,11,29,69,.420,7,19,.368,9,11,.818,9,28,16,5,2,14,15,20.0,7.0
CHI,2022,,DAL,W,89,83,35,69,.507,7,23,.304,12,17,.706,7,30,29,7,6,10,12,35,68,.515,4,15,.267,9,9,1.000,2,30,24,8,2,15,19,22.0,7.0
CHI,2022,@,NYL,L,80,83,27,73,.370,3,24,.125,23,29,.793,12,36,16,12,3,8,17,31,72,.431,7,18,.389,14,15,.933,11,41,22,7,3,19,24,23.0,7.0
CHI,2022,,NYL,W,89,81,30,67,.448,7,18,.389,22,27,.815,8,33,22,10,2,13,14,28,65,.431,7,26,.269,18,20,.900,7,31,22,8,6,18,21,29.0,7.0
CHI,2022,@,CON,W,95,92,37,67,.552,5,14,.357,16,17,.941,1,32,29,10,5,19,13,39,91,.429,4,15,.267,10,13,.769,16,41,25,11,1,15,19,31.0,7.0
CHI,2022,,DAL,L,78,84,29,61,.475,6,21,.286,14,22,.636,11,33,25,5,5,15,20,30,67,.448,3,13,.231,21,25,.840,11,34,21,12,2,9,20,2.0,8.0
CHI,2022,,WAS,W,93,83,36,73,.493,9,22,.409,12,13,.923,7,34,27,10,6,7,20,31,66,.470,8,24,.333,13,19,.684,8,32,21,4,3,11,11,5.0,8.0
CHI,2022,,CON,W,94,91,37,65,.569,10,26,.385,10,11,.909,3,26,27,9,5,15,19,36,78,.462,5,13,.385,14,15,.933,11,34,27,7,0,13,18,7.0,8.0
CHI,2022,,SEA,L,100,111,39,70,.557,7,23,.304,15,21,.714,7,30,30,5,1,13,11,44,75,.587,11,24,.458,12,12,1.000,7,28,37,7,2,8,17,9.0,8.0
CHI,2022,@,LVA,L,78,89,30,65,.462,3,21,.143,15,19,.789,6,35,23,6,1,17,19,31,67,.463,9,21,.429,18,20,.900,5,29,17,10,4,9,17,11.0,8.0
CHI,2022,@,PHO,W,82,67,32,71,.451,11,27,.407,7,7,1.000,5,26,26,8,5,12,14,27,59,.458,3,13,.231,10,12,.833,2,35,17,4,1,18,13,14.0,8.0
CON,2022,@,NYL,L,79,81,27,64,.422,4,17,.235,21,28,.750,11,34,16,10,6,15,19,28,59,.475,10,25,.400,15,21,.714,7,27,17,9,4,15,25,7.0,5.0
CON,2022,,LAS,W,77,60,28,70,.400,5,20,.250,16,21,.762,19,45,17,14,2,19,23,19,54,.352,3,12,.250,19,22,.864,8,21,11,11,2,19,23,14.0,5.0
CON,2022,@,NYL,W,92,65,30,62,.484,7,15,.467,25,28,.893,5,26,16,16,2,17,21,22,52,.423,7,22,.318,14,18,.778,5,28,13,9,2,29,22,17.0,5.0
CON,2022,,IND,W,94,85,31,71,.437,11,19,.579,21,29,.724,11,31,19,11,2,15,18,34,63,.540,6,15,.400,11,13,.846,3,25,14,7,2,19,27,20.0,5.0
CON,2022,@,IND,W,92,70,35,68,.515,6,13,.462,16,20,.800,11,33,23,7,2,12,25,22,63,.349,3,17,.176,23,27,.852,12,29,16,6,1,13,24,22.0,5.0
CON,2022,,DAL,L,77,85,27,68,.397,3,13,.231,20,24,.833,11,33,24,3,3,10,19,28,70,.400,7,22,.318,22,24,.917,13,37,17,3,5,9,24,24.0,5.0
CON,2022,,DAL,W,99,68,34,70,.486,6,21,.286,25,27,.926,16,42,24,12,2,13,13,24,65,.369,10,30,.333,10,12,.833,10,28,16,7,1,19,20,26.0,5.0
CON,2022,,WAS,W,79,71,28,57,.491,7,15,.467,16,19,.842,10,41,20,5,4,18,17,28,70,.400,8,26,.308,7,11,.636,7,19,20,11,2,8,21,28.0,5.0
CON,2022,@,LVA,L,81,89,34,78,.436,6,22,.273,7,12,.583,10,37,18,7,3,14,17,33,73,.452,6,25,.240,17,20,.850,6,38,20,9,4,14,14,31.0,5.0
CON,2022,@,LVA,W,97,90,36,72,.500,9,21,.429,16,19,.842,6,37,23,7,1,9,19,32,66,.485,10,25,.400,16,22,.727,3,31,20,5,4,13,19,2.0,6.0
CON,2022,@,PHO,W,92,88,28,59,.475,9,21,.429,27,30,.900,9,35,21,10,3,21,21,28,62,.452,10,31,.323,22,23,.957,4,23,22,13,3,20,27,3.0,6.0
CON,2022,@,SEA,W,93,86,32,58,.552,6,16,.375,23,30,.767,6,36,28,11,2,14,19,34,70,.486,9,26,.346,9,13,.692,7,26,29,7,4,14,21,5.0,6.0
CON,2022,,IND,W,88,69,31,66,.470,5,17,.294,21,27,.778,11,41,19,9,5,16,16,27,72,.375,3,21,.143,12,14,.857,9,29,20,8,2,15,22,8.0,6.0
CON,2022,,CHI,L,79,83,35,76,.461,4,12,.333,5,9,.556,9,35,20,4,1,10,17,31,61,.508,6,14,.429,15,17,.882,4,29,25,8,4,12,17,10.0,6.0
CON,2022,,ATL,W,105,92,40,77,.519,14,26,.538,11,15,.733,7,33,30,8,4,11,17,35,76,.461,12,29,.414,10,16,.625,13,37,18,9,5,16,19,15.0,6.0
CON,2022,,SEA,W,82,71,36,69,.522,5,20,.250,5,8,.625,6,40,25,8,5,14,14,28,66,.424,11,22,.500,4,8,.500,4,26,22,6,2,12,13,17.0,6.0
CON,2022,@,WAS,L,63,71,22,60,.367,6,19,.316,13,18,.722,11,43,15,6,3,16,14,27,65,.415,6,19,.316,11,17,.647,5,30,21,8,6,10,15,19.0,6.0
CON,2022,,NYL,L,77,81,31,74,.419,5,15,.333,10,12,.833,8,34,16,4,2,10,12,31,69,.449,13,32,.406,6,8,.750,5,33,25,2,6,11,14,22.0,6.0
CON,2022,@,ATL,W,72,61,27,65,.415,2,20,.100,16,19,.842,10,40,18,8,2,20,19,21,63,.333,5,19,.263,14,18,.778,6,29,17,10,5,17,21,26.0,6.0
CON,2022,@,CHI,L,83,91,32,80,.400,6,19,.316,13,16,.813,15,31,22,15,3,4,14,32,54,.593,10,20,.500,17,17,1.000,5,33,28,3,6,22,14,29.0,6.0
CON,2022,,,,,,Team,Team,Team,Team,Team,Team,Team,Team,Team,Team,Team,Team,Team,Team,Team,Team,Opponent,Opponent,Opponent,Opponent,Opponent,Opponent,Opponent,Opponent,Opponent,Opponent,Opponent,Opponent,Opponent,Opponent,Opponent,Opponent,,
CON,2022,,WAS,W,74,72,30,69,.435,6,18,.333,8,16,.500,6,38,17,11,7,17,18,27,69,.391,4,21,.190,14,20,.700,9,37,16,10,4,19,16,3.0,7.0
CON,2022,@,DAL,L,71,82,28,65,.431,4,20,.200,11,14,.786,4,29,20,4,4,13,15,32,71,.451,6,26,.231,12,17,.706,11,34,19,6,6,9,14,5.0,7.0
CON,2022,@,IND,W,89,81,31,67,.463,6,19,.316,21,24,.875,10,38,18,12,5,17,20,30,68,.441,6,21,.286,15,19,.789,7,26,21,9,1,16,21,13.0,7.0
CON,2022,@,ATL,W,93,68,30,67,.448,8,21,.381,25,32,.781,10,39,20,13,1,12,17,26,62,.419,2,13,.154,14,19,.737,4,30,20,5,2,18,21,15.0,7.0
CON,2022,,LVA,L,83,91,31,65,.477,7,18,.389,14,16,.875,10,41,19,4,1,22,21,31,74,.419,9,36,.250,20,24,.833,10,30,18,10,2,7,14,17.0,7.0
CON,2022,,NYL,W,82,63,30,61,.492,5,11,.455,17,24,.708,8,39,20,11,2,12,9,24,66,.364,9,27,.333,6,6,1.000,6,26,18,7,8,18,18,19.0,7.0
CON,2022,@,MIN,W,94,84,37,67,.552,10,21,.476,10,13,.769,4,22,27,9,2,9,16,34,62,.548,5,16,.313,11,13,.846,7,28,24,4,3,16,15,22.0,7.0
CON,2022,@,MIN,W,86,79,31,67,.463,8,20,.400,16,20,.800,13,40,22,10,2,18,15,30,70,.429,6,13,.462,13,14,.929,10,28,18,7,2,17,19,24.0,7.0
CON,2022,,SEA,W,88,83,32,66,.485,8,19,.421,16,18,.889,7,31,22,9,0,16,14,31,64,.484,9,19,.474,12,14,.857,8,28,18,9,4,15,18,28.0,7.0
CON,2022,,CHI,L,92,95,39,91,.429,4,15,.267,10,13,.769,16,41,25,11,1,15,19,37,67,.552,5,14,.357,16,17,.941,1,32,29,10,5,19,13,31.0,7.0
CON,2022,,PHO,W,87,63,34,74,.459,7,20,.350,12,17,.706,14,44,24,5,3,11,16,23,64,.359,6,27,.222,11,16,.688,9,33,13,7,6,18,19,2.0,8.0
CON,2022,,PHO,W,77,64,26,71,.366,6,19,.316,19,25,.760,21,54,14,10,2,18,17,23,69,.333,9,26,.346,9,12,.750,13,29,18,7,6,14,17,4.0,8.0
CON,2022,@,CHI,L,91,94,36,78,.462,5,13,.385,14,15,.933,11,34,27,7,0,13,18,37,65,.569,10,26,.385,10,11,.909,3,26,27,9,5,15,19,7.0,8.0
CON,2022,@,LAS,W,97,71,38,75,.507,8,19,.421,13,13,1.000,11,40,21,13,1,18,17,27,59,.458,6,15,.400,11,14,.786,1,23,15,13,3,20,15,9.0,8.0
CON,2022,@,LAS,W,93,69,34,68,.500,7,21,.333,18,24,.750,12,42,25,8,4,19,16,28,68,.412,5,18,.278,8,10,.800,7,24,16,6,2,17,22,11.0,8.0
CON,2022,,MIN,W,90,83,36,68,.529,5,14,.357,13,20,.650,8,36,24,7,4,9,13,32,70,.457,11,31,.355,8,10,.800,8,32,15,7,2,12,17,14.0,8.0
DAL,2022,,ATL,L,59,66,17,70,.243,4,19,.211,21,27,.778,11,39,9,12,7,17,19,20,63,.317,7,27,.259,19,22,.864,9,47,11,10,9,21,24,7.0,5.0
DAL,2022,@,WAS,W,94,86,31,65,.477,13,29,.448,19,23,.826,9,29,22,8,3,9,20,31,59,.525,13,25,.520,11,17,.647,7,32,23,6,3,18,19,13.0,5.0
DAL,2022,@,NYL,W,81,71,28,63,.444,9,20,.450,16,20,.800,8,33,16,6,2,14,19,29,60,.483,7,22,.318,6,11,.545,4,28,18,7,4,17,20,15.0,5.0
DAL,2022,,WAS,L,68,84,25,61,.410,7,21,.333,11,16,.688,4,27,16,6,2,14,12,34,66,.515,8,16,.500,8,11,.727,7,37,23,10,2,13,17,17.0,5.0
DAL,2022,@,PHO,W,94,84,34,72,.472,11,25,.440,15,17,.882,7,38,25,3,8,9,20,29,73,.397,5,24,.208,21,23,.913,7,33,14,3,3,4,18,19.0,5.0
DAL,2022,,MIN,W,94,78,34,73,.466,9,27,.333,17,20,.850,15,39,20,7,5,15,26,27,61,.443,5,11,.455,19,24,.792,4,24,20,7,7,13,14,21.0,5.0
DAL,2022,@,CON,W,85,77,28,70,.400,7,22,.318,22,24,.917,13,37,17,3,5,9,24,27,68,.397,3,13,.231,20,24,.833,11,33,24,3,3,10,19,24.0,5.0
DAL,2022,@,CON,L,68,99,24,65,.369,10,30,.333,10,12,.833,10,28,16,7,1,19,20,34,70,.486,6,21,.286,25,27,.926,16,42,24,12,2,13,13,26.0,5.0
DAL,2022,@,LAS,L,91,93,33,74,.446,11,27,.407,14,22,.636,12,35,17,10,0,9,24,36,56,.643,3,8,.375,18,25,.720,2,29,23,7,4,15,20,31.0,5.0
DAL,2022,@,SEA,W,68,51,26,66,.394,9,27,.333,7,11,.636,11,42,18,9,2,17,14,20,63,.317,5,29,.172,6,8,.750,8,31,17,6,7,16,16,3.0,6.0
DAL,2022,@,LVA,L,78,84,27,78,.346,11,42,.262,13,14,.929,19,50,18,2,2,17,23,30,71,.423,7,28,.250,17,21,.810,5,35,19,8,4,10,19,5.0,6.0
DAL,2022,,SEA,L,88,89,30,68,.441,7,17,.412,21,22,.955,5,26,20,9,2,14,17,37,67,.552,7,17,.412,8,13,.615,8,34,28,7,2,17,18,10.0,6.0
DAL,2022,,SEA,L,79,84,31,69,.449,6,17,.353,11,13,.846,14,39,18,7,4,19,17,29,62,.468,10,23,.435,16,18,.889,5,23,23,12,6,10,13,12.0,6.0
DAL,2022,,LVA,L,84,92,29,73,.397,10,29,.345,16,19,.842,11,40,20,2,3,11,20,35,71,.493,6,22,.273,16,23,.696,4,33,17,5,6,7,12,15.0,6.0
DAL,2022,,PHO,W,93,88,33,68,.485,12,25,.480,15,19,.789,9,31,18,4,6,12,20,31,65,.477,8,22,.364,18,22,.818,5,24,22,6,4,12,23,17.0,6.0
DAL,2022,,LAS,W,92,82,32,71,.451,13,29,.448,15,22,.682,8,39,20,9,5,13,25,28,69,.406,5,20,.250,21,28,.750,10,42,17,10,5,17,21,19.0,6.0
DAL,2022,@,ATL,L,75,80,25,66,.379,6,25,.240,19,26,.731,11,31,18,10,2,13,22,29,64,.453,10,22,.455,12,15,.800,10,35,18,5,4,22,19,21.0,6.0
DAL,2022,,IND,W,94,68,34,68,.500,11,23,.478,15,19,.789,8,35,20,13,5,13,16,25,63,.397,6,17,.353,12,16,.750,10,33,13,4,2,18,17,23.0,6.0
DAL,2022,,PHO,L,72,83,29,67,.433,4,21,.190,10,21,.476,6,38,21,3,4,15,24,29,69,.420,6,26,.231,19,24,.792,7,38,16,7,4,9,25,25.0,6.0
DAL,2022,@,MIN,L,64,92,17,59,.288,5,16,.313,25,32,.781,5,30,10,4,5,10,14,34,80,.425,12,29,.414,12,17,.706,17,53,22,7,6,13,22,28.0,6.0
DAL,2022,,,,,,Team,Team,Team,Team,Team,Team,Team,Team,Team,Team,Team,Team,Team,Team,Team,Team,Opponent,Opponent,Opponent,Opponent,Opponent,Opponent,Opponent,Opponent,Opponent,Opponent,Opponent,Opponent,Opponent,Opponent,Opponent,Opponent,,
DAL,2022,,LAS,L,89,97,33,66,.500,6,19,.316,17,25,.680,3,29,19,8,2,13,19,37,76,.487,7,19,.368,16,19,.842,5,29,24,9,3,10,20,1.0,7.0
DAL,2022,,CON,W,82,71,32,71,.451,6,26,.231,12,17,.706,11,34,19,6,6,9,14,28,65,.431,4,20,.200,11,14,.786,4,29,20,4,4,13,15,5.0,7.0
DAL,2022,@,SEA,L,74,83,27,72,.375,7,23,.304,13,18,.722,11,35,17,10,4,13,19,30,63,.476,7,17,.412,16,18,.889,6,34,22,6,6,14,18,12.0,7.0
DAL,2022,@,MIN,W,92,87,33,69,.478,7,20,.350,19,23,.826,7,28,25,7,4,12,22,30,70,.429,6,15,.400,21,26,.808,14,40,13,6,1,14,22,14.0,7.0
DAL,2022,,CHI,L,81,89,26,66,.394,7,16,.438,22,27,.815,5,24,14,2,5,7,13,35,74,.473,5,23,.217,14,14,1.000,10,40,25,4,5,8,20,16.0,7.0
DAL,2022,@,CHI,L,83,89,35,68,.515,4,15,.267,9,9,1.000,2,30,24,8,2,15,19,35,69,.507,7,23,.304,12,17,.706,7,30,29,7,6,10,12,22.0,7.0
DAL,2022,@,IND,W,96,86,38,73,.521,4,21,.190,16,21,.762,9,30,24,8,6,14,24,31,65,.477,6,17,.353,18,27,.667,10,29,20,6,4,17,24,24.0,7.0
DAL,2022,,WAS,L,77,87,28,73,.384,5,22,.227,16,27,.593,17,37,14,9,3,14,20,31,55,.564,9,15,.600,16,24,.667,4,26,20,7,3,16,19,28.0,7.0
DAL,2022,@,ATL,W,81,68,34,71,.479,7,25,.280,6,11,.545,8,32,24,17,4,11,18,23,61,.377,7,18,.389,15,22,.682,7,32,11,8,4,19,13,30.0,7.0
DAL,2022,@,CHI,W,84,78,30,67,.448,3,13,.231,21,25,.840,11,34,21,12,2,9,20,29,61,.475,6,21,.286,14,22,.636,11,33,25,5,5,15,20,2.0,8.0
DAL,2022,,LVA,W,82,80,33,70,.471,6,18,.333,10,14,.714,14,37,22,6,4,8,12,31,69,.449,10,33,.303,8,8,1.000,8,32,20,7,8,9,13,4.0,8.0
DAL,2022,,IND,W,95,91,27,65,.415,7,20,.350,34,45,.756,10,34,17,10,3,14,21,31,70,.443,6,18,.333,23,29,.793,10,30,18,9,4,19,31,6.0,8.0
DAL,2022,,NYL,W,86,77,32,66,.485,8,22,.364,14,20,.700,9,31,15,8,5,10,15,27,62,.435,11,30,.367,12,12,1.000,5,28,15,4,2,14,17,8.0,8.0
DAL,2022,,NYL,L,73,91,23,67,.343,7,19,.368,20,25,.800,13,33,12,4,3,9,14,34,62,.548,13,27,.481,10,11,.909,5,32,21,4,5,12,20,10.0,8.0
DAL,2022,@,PHO,L,74,86,28,62,.452,9,21,.429,9,14,.643,11,31,17,4,5,16,11,35,68,.515,11,22,.500,5,6,.833,6,25,25,8,2,9,14,12.0,8.0
DAL,2022,@,LAS,W,116,88,42,64,.656,11,22,.500,21,27,.778,7,32,33,3,3,13,19,31,70,.443,8,24,.333,18,22,.818,9,23,17,8,4,8,23,14.0,8.0
IND,2022,@,WAS,L,70,84,30,72,.417,5,22,.227,5,8,.625,12,42,17,3,4,14,20,31,69,.449,4,18,.222,18,20,.900,6,31,20,4,5,7,12,6.0,5.0
IND,2022,,LAS,L,77,87,29,78,.372,10,26,.385,9,14,.643,12,33,20,11,6,18,22,34,71,.479,1,10,.100,18,20,.900,11,41,18,15,5,19,16,8.0,5.0
IND,2022,,MIN,W,82,76,31,70,.443,9,20,.450,11,15,.733,9,34,23,12,7,16,14,32,77,.416,4,19,.211,8,14,.571,15,40,23,8,3,18,16,10.0,5.0
IND,2022,@,NYL,W,92,86,31,81,.383,7,22,.318,23,29,.793,16,57,12,9,5,20,23,29,80,.363,10,25,.400,18,21,.857,5,33,17,12,4,17,22,13.0,5.0
IND,2022,,ATL,L,79,85,28,68,.412,11,23,.478,12,19,.632,8,29,19,4,2,17,23,28,57,.491,6,17,.353,23,30,.767,4,32,12,8,3,19,23,15.0,5.0
IND,2022,,ATL,L,79,101,30,80,.375,6,30,.200,13,19,.684,15,36,22,6,6,12,22,34,63,.540,10,22,.455,23,26,.885,4,35,19,8,2,13,26,17.0,5.0
IND,2022,@,CON,L,85,94,34,63,.540,6,15,.400,11,13,.846,3,25,14,7,2,19,27,31,71,.437,11,19,.579,21,29,.724,11,31,19,11,2,15,18,20.0,5.0
IND,2022,,CON,L,70,92,22,63,.349,3,17,.176,23,27,.852,12,29,16,6,1,13,24,35,68,.515,6,13,.462,16,20,.800,11,33,23,7,2,12,25,22.0,5.0
IND,2022,@,CHI,L,90,95,34,82,.415,9,20,.450,13,18,.722,15,40,21,10,7,16,25,31,65,.477,6,15,.400,27,35,.771,11,38,23,10,6,16,18,24.0,5.0
IND,2022,,LAS,W,101,96,32,70,.457,11,21,.524,26,29,.897,10,34,23,8,7,13,24,35,71,.493,7,14,.500,19,28,.679,12,35,24,8,5,13,20,27.0,5.0
IND,2022,,WAS,L,75,87,30,74,.405,9,22,.409,6,9,.667,10,32,20,6,5,13,16,33,72,.458,8,24,.333,13,16,.813,13,44,24,6,9,15,7,31.0,5.0
IND,2022,@,NYL,L,74,87,25,76,.329,9,26,.346,15,15,1.000,11,33,18,6,4,8,18,28,62,.452,11,33,.333,20,24,.833,8,39,18,2,9,12,16,1.0,6.0
IND,2022,@,ATL,L,66,75,23,66,.348,6,23,.261,14,23,.609,7,32,17,10,3,21,19,29,67,.433,4,15,.267,13,15,.867,6,37,14,13,2,22,23,5.0,6.0
IND,2022,@,CON,L,69,88,27,72,.375,3,21,.143,12,14,.857,9,29,20,8,2,15,22,31,66,.470,5,17,.294,21,27,.778,11,41,19,9,5,16,16,8.0,6.0
IND,2022,,NYL,L,83,97,31,75,.413,4,14,.286,17,21,.810,10,29,19,5,0,5,13,38,65,.585,13,28,.464,8,8,1.000,4,33,31,2,2,12,14,10.0,6.0
IND,2022,@,MIN,W,84,80,33,70,.471,10,23,.435,8,12,.667,8,30,25,5,9,11,18,32,71,.451,5,21,.238,11,16,.688,9,36,23,6,1,10,13,12.0,6.0
IND,2022,,PHO,L,80,93,29,78,.372,6,21,.286,16,18,.889,16,39,19,7,4,13,19,34,67,.507,8,26,.308,17,18,.944,5,33,24,6,9,12,20,15.0,6.0
IND,2022,,CHI,W,89,87,35,69,.507,2,8,.250,17,25,.680,9,39,19,7,6,15,18,33,70,.471,9,20,.450,12,16,.750,5,27,21,8,5,14,22,19.0,6.0
IND,2022,@,DAL,L,68,94,25,63,.397,6,17,.353,12,16,.750,10,33,13,4,2,18,17,34,68,.500,11,23,.478,15,19,.789,8,35,20,13,5,13,16,23.0,6.0
IND,2022,@,PHO,L,71,83,24,60,.400,7,12,.583,16,20,.800,10,36,13,4,4,16,24,26,69,.377,13,33,.394,18,20,.900,9,30,19,8,5,10,22,27.0,6.0
IND,2022,,,,,,Team,Team,Team,Team,Team,Team,Team,Team,Team,Team,Team,Team,Team,Team,Team,Team,Opponent,Opponent,Opponent,Opponent,Opponent,Opponent,Opponent,Opponent,Opponent,Opponent,Opponent,Opponent,Opponent,Opponent,Opponent,Opponent,,
IND,2022,@,PHO,L,78,99,27,63,.429,9,21,.429,15,21,.714,10,30,18,4,3,10,18,38,70,.543,9,24,.375,14,19,.737,11,32,29,7,6,8,20,29.0,6.0
IND,2022,@,SEA,L,57,73,21,61,.344,4,17,.235,11,23,.478,7,35,13,11,2,17,17,25,59,.424,6,22,.273,17,23,.739,5,39,22,11,5,17,15,1.0,7.0
IND,2022,,SEA,L,73,95,28,73,.384,7,20,.350,10,17,.588,9,36,14,6,1,14,16,37,76,.487,6,24,.250,15,16,.938,10,43,20,8,5,12,14,5.0,7.0
IND,2022,,CHI,L,84,93,33,82,.402,9,20,.450,9,14,.643,10,27,22,7,0,9,16,34,62,.548,5,12,.417,20,26,.769,8,41,25,2,4,17,15,7.0,7.0
IND,2022,,CON,L,81,89,30,68,.441,6,21,.286,15,19,.789,7,26,21,9,1,16,21,31,67,.463,6,19,.316,21,24,.875,10,38,18,12,5,17,20,13.0,7.0
IND,2022,,MIN,L,77,87,26,71,.366,5,22,.227,20,28,.714,8,37,20,8,4,12,23,32,72,.444,5,20,.250,18,19,.947,6,41,26,5,3,15,19,15.0,7.0
IND,2022,@,SEA,L,65,81,24,66,.364,4,24,.167,13,20,.650,11,37,14,8,2,19,20,30,70,.429,6,25,.240,15,18,.833,12,41,26,12,3,15,21,17.0,7.0
IND,2022,@,LAS,L,79,86,29,57,.509,6,13,.462,15,18,.833,8,32,19,5,1,24,21,33,66,.500,9,25,.360,11,16,.688,8,27,20,13,2,16,16,19.0,7.0
IND,2022,@,LVA,L,77,90,28,67,.418,9,26,.346,12,20,.600,7,33,22,10,5,17,11,37,77,.481,8,26,.308,8,13,.615,9,43,23,9,1,16,15,21.0,7.0
IND,2022,,DAL,L,86,96,31,65,.477,6,17,.353,18,27,.667,10,29,20,6,4,17,24,38,73,.521,4,21,.190,16,21,.762,9,30,24,8,6,14,24,24.0,7.0
IND,2022,,LVA,L,72,93,25,68,.368,7,28,.250,15,17,.882,9,28,20,12,1,13,14,38,72,.528,9,26,.346,8,12,.667,15,41,22,7,3,19,16,29.0,7.0
IND,2022,,LVA,L,69,94,22,71,.310,7,25,.280,18,21,.857,15,39,10,2,4,14,18,36,71,.507,6,17,.353,16,19,.842,10,37,23,9,2,9,19,31.0,7.0
IND,2022,@,ATL,L,81,91,28,72,.389,5,17,.294,20,27,.741,13,36,15,11,3,18,20,35,70,.500,8,24,.333,13,17,.765,8,35,27,11,7,17,21,3.0,8.0
IND,2022,@,DAL,L,91,95,31,70,.443,6,18,.333,23,29,.793,10,30,18,9,4,19,31,27,65,.415,7,20,.350,34,45,.756,10,34,17,10,3,14,21,6.0,8.0
IND,2022,,WAS,L,70,82,26,63,.413,8,19,.421,10,12,.833,4,26,17,7,5,14,17,31,68,.456,4,19,.211,16,19,.842,11,39,26,9,5,14,11,12.0,8.0
IND,2022,@,WAS,L,83,95,29,51,.569,8,13,.615,17,20,.850,2,25,16,5,3,19,24,29,60,.483,7,21,.333,30,35,.857,7,24,21,14,3,11,16,14.0,8.0
LAS,2022,@,CHI,W,98,91,32,65,.492,7,19,.368,27,33,.818,8,36,20,19,4,20,20,36,70,.514,7,22,.318,12,15,.800,6,31,28,11,2,25,22,6.0,5.0
LAS,2022,@,IND,W,87,77,34,71,.479,1,10,.100,18,20,.900,11,41,18,15,5,19,16,29,78,.372,10,26,.385,9,14,.643,12,33,20,11,6,18,22,8.0,5.0
LAS,2022,@,ATL,L,75,77,25,72,.347,6,19,.316,19,23,.826,9,36,16,5,8,8,16,24,69,.348,13,30,.433,16,19,.842,7,39,14,3,1,13,20,11.0,5.0
LAS,2022,@,CON,L,60,77,19,54,.352,3,12,.250,19,22,.864,8,21,11,11,2,19,23,28,70,.400,5,20,.250,16,21,.762,19,45,17,14,2,19,23,14.0,5.0
LAS,2022,,MIN,L,84,87,32,67,.478,8,20,.400,12,17,.706,7,26,23,10,6,14,20,31,64,.484,9,17,.529,16,19,.842,13,40,19,9,2,18,21,17.0,5.0
LAS,2022,@,SEA,L,80,83,32,61,.525,3,14,.214,13,17,.765,5,31,16,6,7,15,21,29,69,.420,8,28,.286,17,21,.810,8,32,27,9,3,10,18,20.0,5.0
LAS,2022,@,LVA,L,76,104,30,75,.400,5,23,.217,11,14,.786,6,32,17,3,5,5,16,36,71,.507,18,38,.474,14,16,.875,4,42,27,2,2,7,15,23.0,5.0
LAS,2022,,PHO,W,99,94,39,66,.591,8,11,.727,13,17,.765,5,24,24,10,4,14,15,34,60,.567,7,20,.350,19,23,.826,7,26,21,10,5,18,17,25.0,5.0
LAS,2022,@,IND,L,96,101,35,71,.493,7,14,.500,19,28,.679,12,35,24,8,5,13,20,32,70,.457,11,21,.524,26,29,.897,10,34,23,8,7,13,24,27.0,5.0
LAS,2022,@,MIN,W,85,83,29,56,.518,5,14,.357,22,27,.815,5,25,18,7,3,15,25,22,52,.423,4,17,.235,35,43,.814,6,25,12,8,5,13,21,29.0,5.0
LAS,2022,,DAL,W,93,91,36,56,.643,3,8,.375,18,25,.720,2,29,23,7,4,15,20,33,74,.446,11,27,.407,14,22,.636,12,35,17,10,0,9,24,31.0,5.0
LAS,2022,@,PHO,L,74,81,29,59,.492,5,16,.313,11,16,.688,5,28,19,5,5,17,18,27,59,.458,9,24,.375,18,20,.900,4,24,17,8,4,16,19,5.0,6.0
LAS,2022,,LVA,L,72,89,26,71,.366,7,22,.318,13,14,.929,5,30,18,7,8,13,20,33,68,.485,7,24,.292,16,17,.941,6,41,19,11,7,19,13,11.0,6.0
LAS,2022,@,DAL,L,82,92,28,69,.406,5,20,.250,21,28,.750,10,42,17,10,5,17,21,32,71,.451,13,29,.448,15,22,.682,8,39,20,9,5,13,25,19.0,6.0
LAS,2022,,WAS,W,84,82,33,67,.493,6,14,.429,12,17,.706,9,34,21,11,5,16,19,29,70,.414,11,23,.478,13,18,.722,14,32,23,10,3,17,16,21.0,6.0
LAS,2022,,CHI,L,59,82,26,79,.329,3,18,.167,4,8,.500,7,34,18,7,2,9,13,32,70,.457,7,23,.304,11,11,1.000,6,49,26,6,4,13,11,23.0,6.0
LAS,2022,@,SEA,W,85,77,34,72,.472,8,20,.400,9,13,.692,10,41,26,7,1,15,17,26,63,.413,8,27,.296,17,22,.773,5,26,21,9,6,14,16,25.0,6.0
LAS,2022,,LVA,L,73,79,28,73,.384,7,23,.304,10,15,.667,11,40,23,4,3,13,21,26,61,.426,8,27,.296,19,26,.731,6,37,15,9,2,13,16,27.0,6.0
LAS,2022,@,DAL,W,97,89,37,76,.487,7,19,.368,16,19,.842,5,29,24,9,3,10,20,33,66,.500,6,19,.316,17,25,.680,3,29,19,8,2,13,19,1.0,7.0
LAS,2022,,NYL,W,84,74,30,64,.469,6,16,.375,18,22,.818,8,37,19,8,4,14,13,27,68,.397,12,33,.364,8,12,.667,7,28,22,7,2,17,16,3.0,7.0
LAS,2022,,,,,,Team,Team,Team,Team,Team,Team,Team,Team,Team,Team,Team,Team,Team,Team,Team,Team,Opponent,Opponent,Opponent,Opponent,Opponent,Opponent,Opponent,Opponent,Opponent,Opponent,Opponent,Opponent,Opponent,Opponent,Opponent,Opponent,,
LAS,2022,,PHO,W,78,75,27,60,.450,5,14,.357,19,25,.760,7,32,18,10,0,20,16,26,57,.456,8,27,.296,15,16,.938,6,30,21,11,3,21,25,4.0,7.0
LAS,2022,,SEA,L,69,106,26,70,.371,5,19,.263,12,13,.923,8,24,18,7,3,12,11,42,65,.646,8,17,.471,14,17,.824,7,36,30,9,3,12,12,7.0,7.0
LAS,2022,,WAS,L,81,94,29,56,.518,9,13,.692,14,21,.667,3,23,16,5,3,18,18,33,65,.508,10,22,.455,18,21,.857,9,35,24,10,2,12,18,12.0,7.0
LAS,2022,,CHI,L,68,80,28,71,.394,7,17,.412,5,6,.833,7,30,19,11,5,14,13,33,68,.485,8,19,.421,6,8,.750,8,37,22,9,6,18,14,14.0,7.0
LAS,2022,,IND,W,86,79,33,66,.500,9,25,.360,11,16,.688,8,27,20,13,2,16,16,29,57,.509,6,13,.462,15,18,.833,8,32,19,5,1,24,21,19.0,7.0
LAS,2022,,ATL,W,85,78,34,64,.531,6,11,.545,11,13,.846,6,25,22,12,3,12,19,30,66,.455,9,23,.391,9,13,.692,14,36,21,6,1,21,21,21.0,7.0
LAS,2022,@,LVA,L,66,84,24,59,.407,2,12,.167,16,21,.762,4,32,12,6,6,14,19,29,70,.414,10,27,.370,16,19,.842,9,38,20,9,4,9,19,23.0,7.0
LAS,2022,@,PHO,L,80,90,27,67,.403,3,21,.143,23,28,.821,6,31,18,8,2,17,21,32,64,.500,9,25,.360,17,21,.810,4,32,21,11,5,18,24,28.0,7.0
LAS,2022,,MIN,L,77,84,30,83,.361,6,25,.240,11,12,.917,8,29,20,11,3,7,16,31,57,.544,6,11,.545,16,21,.762,5,38,23,7,3,19,13,31.0,7.0
LAS,2022,@,NYL,L,73,102,31,75,.413,2,16,.125,9,12,.750,9,26,17,13,1,11,18,37,64,.578,11,26,.423,17,19,.895,10,39,25,10,2,19,13,2.0,8.0
LAS,2022,@,NYL,L,61,64,24,60,.400,4,17,.235,9,9,1.000,4,34,17,4,6,16,19,23,73,.315,7,28,.250,11,14,.786,10,39,17,8,3,10,14,3.0,8.0
LAS,2022,@,ATL,L,86,88,35,73,.479,3,17,.176,13,15,.867,9,31,22,8,6,8,17,29,62,.468,6,16,.375,24,26,.923,8,32,13,4,3,15,20,5.0,8.0
LAS,2022,@,WAS,W,79,76,26,63,.413,5,13,.385,22,26,.846,6,29,18,4,4,7,20,25,65,.385,3,15,.200,23,27,.852,13,40,15,3,7,10,21,7.0,8.0
LAS,2022,,CON,L,71,97,27,59,.458,6,15,.400,11,14,.786,1,23,15,13,3,20,15,38,75,.507,8,19,.421,13,13,1.000,11,40,21,13,1,18,17,9.0,8.0
LAS,2022,,CON,L,69,93,28,68,.412,5,18,.278,8,10,.800,7,24,16,6,2,17,22,34,68,.500,7,21,.333,18,24,.750,12,42,25,8,4,19,16,11.0,8.0
LAS,2022,,DAL,L,88,116,31,70,.443,8,24,.333,18,22,.818,9,23,17,8,4,8,23,42,64,.656,11,22,.500,21,27,.778,7,32,33,3,3,13,19,14.0,8.0
MIN,2022,@,SEA,L,74,97,31,79,.392,4,21,.190,8,11,.727,13,37,23,9,3,17,17,35,66,.530,12,25,.480,15,15,1.000,4,29,26,14,8,14,17,6.0,5.0
MIN,2022,,WAS,L,66,78,23,66,.348,5,15,.333,15,22,.682,10,36,17,6,8,15,18,29,69,.420,7,21,.333,13,13,1.000,8,38,21,5,1,15,21,8.0,5.0
MIN,2022,@,IND,L,76,82,32,77,.416,4,19,.211,8,14,.571,15,40,23,8,3,18,16,31,70,.443,9,20,.450,11,15,.733,9,34,23,12,7,16,14,10.0,5.0
MIN,2022,,CHI,L,78,82,29,59,.492,6,16,.375,14,23,.609,9,37,23,2,3,15,21,28,69,.406,8,24,.333,18,20,.900,8,28,23,9,4,5,20,14.0,5.0
MIN,2022,@,LAS,W,87,84,31,64,.484,9,17,.529,16,19,.842,13,40,19,9,2,18,21,32,67,.478,8,20,.400,12,17,.706,7,26,23,10,6,14,20,17.0,5.0
MIN,2022,@,LVA,L,87,93,31,68,.456,6,21,.286,19,22,.864,8,36,21,5,5,10,21,31,67,.463,9,27,.333,22,29,.759,10,33,22,8,1,10,15,19.0,5.0
MIN,2022,@,DAL,L,78,94,27,61,.443,5,11,.455,19,24,.792,4,24,20,7,7,13,14,34,73,.466,9,27,.333,17,20,.850,15,39,20,7,5,15,26,21.0,5.0
MIN,2022,,NYL,W,84,78,26,70,.371,5,14,.357,27,33,.818,12,45,17,7,3,10,16,28,71,.394,9,32,.281,13,18,.722,9,39,24,4,6,13,20,24.0,5.0
MIN,2022,,LAS,L,83,85,22,52,.423,4,17,.235,35,43,.814,6,25,12,8,5,13,21,29,56,.518,5,14,.357,22,27,.815,5,25,18,7,3,15,25,29.0,5.0
MIN,2022,@,ATL,L,76,84,27,60,.450,7,21,.333,15,20,.750,7,39,16,6,2,24,17,33,77,.429,12,28,.429,6,12,.500,7,30,21,17,4,13,19,1.0,6.0
MIN,2022,@,NYL,W,84,77,31,63,.492,7,13,.538,15,20,.750,7,36,15,4,3,15,18,32,71,.451,4,30,.133,9,13,.692,8,34,17,9,4,11,17,5.0,6.0
MIN,2022,@,NYL,L,69,88,22,67,.328,3,22,.136,22,26,.846,13,36,17,11,1,12,20,32,69,.464,12,33,.364,12,15,.800,9,35,21,5,5,13,14,7.0,6.0
MIN,2022,,WAS,L,59,76,19,58,.328,6,21,.286,15,22,.682,4,32,15,2,1,17,13,30,69,.435,10,30,.333,6,9,.667,9,39,18,6,1,9,20,10.0,6.0
MIN,2022,,IND,L,80,84,32,71,.451,5,21,.238,11,16,.688,9,36,23,6,1,10,13,33,70,.471,10,23,.435,8,12,.667,8,30,25,5,9,11,18,12.0,6.0
MIN,2022,,SEA,L,79,81,35,68,.515,6,19,.316,3,3,1.000,6,33,27,5,1,15,15,28,73,.384,12,27,.444,13,15,.867,15,35,24,5,2,12,14,14.0,6.0
MIN,2022,@,LVA,L,95,96,39,81,.481,11,32,.344,6,7,.857,11,45,26,2,4,10,16,35,78,.449,9,25,.360,17,20,.850,7,33,23,7,3,6,10,19.0,6.0
MIN,2022,@,PHO,W,84,71,28,64,.438,10,25,.400,18,20,.900,8,36,24,8,0,11,19,23,58,.397,10,30,.333,15,22,.682,4,32,15,6,2,16,19,21.0,6.0
MIN,2022,,PHO,W,100,88,34,67,.507,8,23,.348,24,29,.828,11,42,25,6,0,16,20,27,58,.466,9,28,.321,25,30,.833,2,23,16,7,4,12,22,23.0,6.0
MIN,2022,@,CHI,L,85,88,33,56,.589,6,16,.375,13,17,.765,3,28,23,4,4,17,16,33,65,.508,8,18,.444,14,17,.824,6,26,25,7,2,14,16,26.0,6.0
MIN,2022,,DAL,W,92,64,34,80,.425,12,29,.414,12,17,.706,17,53,22,7,6,13,22,17,59,.288,5,16,.313,25,32,.781,5,30,10,4,5,10,14,28.0,6.0
MIN,2022,,,,,,Team,Team,Team,Team,Team,Team,Team,Team,Team,Team,Team,Team,Team,Team,Team,Team,Opponent,Opponent,Opponent,Opponent,Opponent,Opponent,Opponent,Opponent,Opponent,Opponent,Opponent,Opponent,Opponent,Opponent,Opponent,Opponent,,
MIN,2022,,LVA,L,85,91,31,68,.456,11,25,.440,12,16,.750,6,29,19,8,3,13,17,36,70,.514,9,24,.375,10,13,.769,7,34,25,8,5,14,15,1.0,7.0
MIN,2022,,LVA,W,102,71,37,74,.500,12,29,.414,16,23,.696,15,53,26,5,3,10,12,25,68,.368,12,37,.324,9,11,.818,1,25,17,6,4,6,15,3.0,7.0
MIN,2022,,CHI,W,81,78,30,62,.484,4,14,.286,17,20,.850,6,32,21,13,1,15,12,31,78,.397,10,33,.303,6,7,.857,12,38,24,7,4,14,14,6.0,7.0
MIN,2022,,PHO,W,118,107,41,86,.477,11,27,.407,25,35,.714,19,55,27,5,1,19,21,37,100,.370,15,50,.300,18,24,.750,21,44,27,13,9,8,32,12.0,7.0
MIN,2022,,DAL,L,87,92,30,70,.429,6,15,.400,21,26,.808,14,40,13,6,1,14,22,33,69,.478,7,20,.350,19,23,.826,7,28,25,7,4,12,22,14.0,7.0
MIN,2022,@,IND,W,87,77,32,72,.444,5,20,.250,18,19,.947,6,41,26,5,3,15,19,26,71,.366,5,22,.227,20,28,.714,8,37,20,8,4,12,23,15.0,7.0
MIN,2022,@,WAS,L,57,70,22,66,.333,4,20,.200,9,12,.750,7,45,14,4,2,16,12,26,69,.377,7,25,.280,11,12,.917,4,38,21,12,5,8,12,17.0,7.0
MIN,2022,,CON,L,84,94,34,62,.548,5,16,.313,11,13,.846,7,28,24,4,3,16,15,37,67,.552,10,21,.476,10,13,.769,4,22,27,9,2,9,16,22.0,7.0
MIN,2022,,CON,L,79,86,30,70,.429,6,13,.462,13,14,.929,10,28,18,7,2,17,19,31,67,.463,8,20,.400,16,20,.800,13,40,22,10,2,18,15,24.0,7.0
MIN,2022,@,ATL,W,92,85,35,63,.556,8,15,.533,14,21,.667,2,38,21,4,4,16,25,27,70,.386,5,17,.294,26,29,.897,6,30,13,11,3,10,22,28.0,7.0
MIN,2022,@,LAS,W,84,77,31,57,.544,6,11,.545,16,21,.762,5,38,23,7,3,19,13,30,83,.361,6,25,.240,11,12,.917,8,29,20,11,3,7,16,31.0,7.0
MIN,2022,@,SEA,L,77,89,32,69,.464,6,22,.273,7,9,.778,5,33,25,5,3,14,10,35,70,.500,11,25,.440,8,11,.727,3,33,28,9,3,10,13,3.0,8.0
MIN,2022,,ATL,W,81,71,31,66,.470,12,26,.462,7,7,1.000,6,33,26,4,5,13,17,25,64,.391,7,22,.318,14,20,.700,9,32,18,6,1,10,14,7.0,8.0
MIN,2022,@,PHO,W,86,77,30,65,.462,6,17,.353,20,24,.833,13,38,21,5,2,12,13,28,67,.418,13,31,.419,8,8,1.000,9,27,20,8,4,12,21,10.0,8.0
MIN,2022,,SEA,L,69,96,23,63,.365,4,13,.308,19,21,.905,7,30,16,8,2,14,12,38,72,.528,12,27,.444,8,11,.727,9,39,29,10,3,11,19,12.0,8.0
MIN,2022,@,CON,L,83,90,32,70,.457,11,31,.355,8,10,.800,8,32,15,7,2,12,17,36,68,.529,5,14,.357,13,20,.650,8,36,24,7,4,9,13,14.0,8.0
NYL,2022,,CON,W,81,79,28,59,.475,10,25,.400,15,21,.714,7,27,17,9,4,15,25,27,64,.422,4,17,.235,21,28,.750,11,34,16,10,6,15,19,7.0,5.0
NYL,2022,@,CHI,L,50,83,20,60,.333,2,15,.133,8,9,.889,6,31,16,3,5,14,14,31,68,.456,10,22,.455,11,13,.846,7,36,20,5,6,7,14,11.0,5.0
NYL,2022,,IND,L,86,92,29,80,.363,10,25,.400,18,21,.857,5,33,17,12,4,17,22,31,81,.383,7,22,.318,23,29,.793,16,57,12,9,5,20,23,13.0,5.0
NYL,2022,,DAL,L,71,81,29,60,.483,7,22,.318,6,11,.545,4,28,18,7,4,17,20,28,63,.444,9,20,.450,16,20,.800,8,33,16,6,2,14,19,15.0,5.0
NYL,2022,,CON,L,65,92,22,52,.423,7,22,.318,14,18,.778,5,28,13,9,2,29,22,30,62,.484,7,15,.467,25,28,.893,5,26,16,16,2,17,21,17.0,5.0
NYL,2022,@,MIN,L,78,84,28,71,.394,9,32,.281,13,18,.722,9,39,24,4,6,13,20,26,70,.371,5,14,.357,27,33,.818,12,45,17,7,3,10,16,24.0,5.0
NYL,2022,@,SEA,L,71,79,24,71,.338,9,32,.281,14,14,1.000,15,50,19,5,6,21,27,25,72,.347,7,24,.292,22,27,.815,9,38,16,13,5,11,15,27.0,5.0
NYL,2022,@,SEA,L,61,92,22,65,.338,7,27,.259,10,11,.909,7,32,20,8,3,17,10,36,73,.493,13,24,.542,7,7,1.000,9,40,24,13,3,11,15,29.0,5.0
NYL,2022,,IND,W,87,74,28,62,.452,11,33,.333,20,24,.833,8,39,18,2,9,12,16,25,76,.329,9,26,.346,15,15,1.000,11,33,18,6,4,8,18,1.0,6.0
NYL,2022,@,WAS,W,74,70,23,63,.365,11,34,.324,17,18,.944,7,34,15,10,5,12,16,28,70,.400,5,21,.238,9,14,.643,11,39,16,6,2,14,15,3.0,6.0
NYL,2022,,MIN,L,77,84,32,71,.451,4,30,.133,9,13,.692,8,34,17,9,4,11,17,31,63,.492,7,13,.538,15,20,.750,7,36,15,4,3,15,18,5.0,6.0
NYL,2022,,MIN,W,88,69,32,69,.464,12,33,.364,12,15,.800,9,35,21,5,5,13,14,22,67,.328,3,22,.136,22,26,.846,13,36,17,11,1,12,20,7.0,6.0
NYL,2022,@,IND,W,97,83,38,65,.585,13,28,.464,8,8,1.000,4,33,31,2,2,12,14,31,75,.413,4,14,.286,17,21,.810,10,29,19,5,0,5,13,10.0,6.0
NYL,2022,,CHI,L,86,88,32,66,.485,11,23,.478,11,12,.917,2,26,22,4,6,14,18,35,76,.461,6,18,.333,12,14,.857,12,41,28,4,6,12,18,12.0,6.0
NYL,2022,,WAS,W,77,65,31,69,.449,6,31,.194,9,13,.692,5,38,21,9,3,10,14,24,65,.369,8,29,.276,9,14,.643,5,37,14,6,4,13,14,16.0,6.0
NYL,2022,,SEA,L,72,81,30,75,.400,10,27,.370,2,5,.400,8,43,20,5,4,12,15,32,75,.427,10,27,.370,7,8,.875,5,38,21,6,4,10,11,19.0,6.0
NYL,2022,@,CON,W,81,77,31,69,.449,13,32,.406,6,8,.750,5,33,25,2,6,11,14,31,74,.419,5,15,.333,10,12,.833,8,34,16,4,2,10,12,22.0,6.0
NYL,2022,@,ATL,W,89,77,32,68,.471,16,35,.457,9,15,.600,9,39,23,5,3,16,17,26,71,.366,7,17,.412,18,20,.900,9,31,13,8,5,10,14,24.0,6.0
NYL,2022,,ATL,L,81,92,26,66,.394,10,31,.323,19,24,.792,6,35,19,7,7,17,26,31,81,.383,9,24,.375,21,26,.808,12,41,21,8,3,15,25,30.0,6.0
NYL,2022,@,LAS,L,74,84,27,68,.397,12,33,.364,8,12,.667,7,28,22,7,2,17,16,30,64,.469,6,16,.375,18,22,.818,8,37,19,8,4,14,13,3.0,7.0
NYL,2022,,,,,,Team,Team,Team,Team,Team,Team,Team,Team,Team,Team,Team,Team,Team,Team,Team,Team,Opponent,Opponent,Opponent,Opponent,Opponent,Opponent,Opponent,Opponent,Opponent,Opponent,Opponent,Opponent,Opponent,Opponent,Opponent,Opponent,,
NYL,2022,@,LVA,W,116,107,42,73,.575,18,31,.581,14,16,.875,6,35,35,2,3,8,19,34,69,.493,13,27,.481,26,30,.867,6,31,22,4,1,7,13,6.0,7.0
NYL,2022,@,PHO,L,81,84,30,71,.423,7,23,.304,14,16,.875,11,40,20,5,5,15,21,27,66,.409,9,30,.300,21,24,.875,6,30,20,11,4,9,17,7.0,7.0
NYL,2022,,LVA,L,101,107,34,76,.447,15,31,.484,18,22,.818,9,27,24,8,4,12,25,33,64,.516,7,21,.333,34,35,.971,8,36,21,8,3,14,18,12.0,7.0
NYL,2022,,LVA,L,74,108,22,63,.349,8,26,.308,22,25,.880,5,30,18,5,5,12,15,38,71,.535,16,33,.485,16,21,.762,6,40,32,9,3,10,16,14.0,7.0
NYL,2022,@,CON,L,63,82,24,66,.364,9,27,.333,6,6,1.000,6,26,18,7,8,18,18,30,61,.492,5,11,.455,17,24,.708,8,39,20,11,2,12,9,19.0,7.0
NYL,2022,@,WAS,L,69,78,26,62,.419,8,26,.308,9,10,.900,4,32,17,7,2,15,19,29,66,.439,5,21,.238,15,18,.833,7,35,18,8,2,11,10,21.0,7.0
NYL,2022,,CHI,W,83,80,31,72,.431,7,18,.389,14,15,.933,11,41,22,7,3,19,24,27,73,.370,3,24,.125,23,29,.793,12,36,16,12,3,8,17,23.0,7.0
NYL,2022,@,CHI,L,81,89,28,65,.431,7,26,.269,18,20,.900,7,31,22,8,6,18,21,30,67,.448,7,18,.389,22,27,.815,8,33,22,10,2,13,14,29.0,7.0
NYL,2022,,PHO,W,89,69,35,71,.493,12,26,.462,7,9,.778,10,42,32,5,0,16,15,24,64,.375,6,25,.240,15,16,.938,5,26,20,5,6,12,14,31.0,7.0
NYL,2022,,LAS,W,102,73,37,64,.578,11,26,.423,17,19,.895,10,39,25,10,2,19,13,31,75,.413,2,16,.125,9,12,.750,9,26,17,13,1,11,18,2.0,8.0
NYL,2022,,LAS,W,64,61,23,73,.315,7,28,.250,11,14,.786,10,39,17,8,3,10,14,24,60,.400,4,17,.235,9,9,1.000,4,34,17,4,6,16,19,3.0,8.0
NYL,2022,@,PHO,L,62,76,21,68,.309,7,32,.219,13,16,.813,7,35,18,8,3,12,23,27,72,.375,8,27,.296,14,16,.875,9,40,15,4,3,13,18,6.0,8.0
NYL,2022,@,DAL,L,77,86,27,62,.435,11,30,.367,12,12,1.000,5,28,15,4,2,14,17,32,66,.485,8,22,.364,14,20,.700,9,31,15,8,5,10,15,8.0,8.0
NYL,2022,@,DAL,W,91,73,34,62,.548,13,27,.481,10,11,.909,5,32,21,4,5,12,20,23,67,.343,7,19,.368,20,25,.800,13,33,12,4,3,9,14,10.0,8.0
NYL,2022,@,ATL,W,80,70,31,66,.470,4,16,.250,14,18,.778,6,37,20,4,3,11,17,24,64,.375,5,19,.263,17,24,.708,9,36,13,5,1,12,15,12.0,8.0
NYL,2022,,ATL,W,87,83,27,60,.450,15,32,.469,18,22,.818,4,34,23,3,4,16,18,27,74,.365,10,31,.323,19,22,.864,13,38,20,9,1,10,20,14.0,8.0
PHO,2022,,LVA,L,88,106,33,73,.452,6,24,.250,16,19,.842,6,26,20,6,2,9,16,39,67,.582,11,21,.524,17,18,.944,5,38,27,2,5,16,23,6.0,5.0
PHO,2022,,SEA,W,97,77,36,63,.571,12,21,.571,13,17,.765,5,37,26,6,3,18,22,27,71,.380,11,28,.393,12,16,.750,9,29,20,10,3,15,21,11.0,5.0
PHO,2022,@,SEA,W,69,64,26,69,.377,12,32,.375,5,8,.625,7,42,19,6,2,12,14,24,77,.312,8,31,.258,8,10,.800,14,39,12,8,8,10,11,14.0,5.0
PHO,2022,@,LVA,L,74,86,26,60,.433,8,25,.320,14,15,.933,3,31,19,4,2,15,25,29,62,.468,9,23,.391,19,26,.731,3,29,19,6,3,9,20,17.0,5.0
PHO,2022,,DAL,L,84,94,29,73,.397,5,24,.208,21,23,.913,7,33,14,3,3,4,18,34,72,.472,11,25,.440,15,17,.882,7,38,25,3,8,9,20,19.0,5.0
PHO,2022,@,LVA,L,80,100,29,70,.414,9,29,.310,13,20,.650,10,33,16,3,6,15,25,34,71,.479,9,27,.333,23,30,.767,10,36,18,10,5,9,22,21.0,5.0
PHO,2022,@,LAS,L,94,99,34,60,.567,7,20,.350,19,23,.826,7,26,21,10,5,18,17,39,66,.591,8,11,.727,13,17,.765,5,24,24,10,4,14,15,25.0,5.0
PHO,2022,@,ATL,L,54,81,18,68,.265,3,19,.158,15,21,.714,10,29,9,13,7,14,15,34,70,.486,9,24,.375,4,6,.667,10,47,25,9,2,23,19,29.0,5.0
PHO,2022,@,CHI,L,70,73,28,70,.400,8,25,.320,6,11,.545,6,32,21,4,7,10,16,27,66,.409,5,19,.263,14,17,.824,6,41,18,6,3,13,15,31.0,5.0
PHO,2022,,CON,L,88,92,28,62,.452,10,31,.323,22,23,.957,4,23,22,13,3,20,27,28,59,.475,9,21,.429,27,30,.900,9,35,21,10,3,21,21,3.0,6.0
PHO,2022,,LAS,W,81,74,27,59,.458,9,24,.375,18,20,.900,4,24,17,8,4,16,19,29,59,.492,5,16,.313,11,16,.688,5,28,19,5,5,17,18,5.0,6.0
PHO,2022,,ATL,W,90,88,28,67,.418,10,31,.323,24,28,.857,7,38,19,1,6,9,14,35,79,.443,10,24,.417,8,9,.889,6,36,16,6,4,4,19,10.0,6.0
PHO,2022,@,WAS,W,99,90,36,70,.514,10,32,.313,17,21,.810,4,30,21,10,3,15,28,30,75,.400,8,29,.276,22,34,.647,14,42,23,8,1,18,19,12.0,6.0
PHO,2022,@,WAS,L,65,83,24,62,.387,10,26,.385,7,16,.438,4,35,21,7,6,16,17,30,71,.423,11,28,.393,12,13,.923,4,36,23,7,4,9,14,14.0,6.0
PHO,2022,@,IND,W,93,80,34,67,.507,8,26,.308,17,18,.944,5,33,24,6,9,12,20,29,78,.372,6,21,.286,16,18,.889,16,39,19,7,4,13,19,15.0,6.0
PHO,2022,@,DAL,L,88,93,31,65,.477,8,22,.364,18,22,.818,5,24,22,6,4,12,23,33,68,.485,12,25,.480,15,19,.789,9,31,18,4,6,12,20,17.0,6.0
PHO,2022,,MIN,L,71,84,23,58,.397,10,30,.333,15,22,.682,4,32,15,6,2,16,19,28,64,.438,10,25,.400,18,20,.900,8,36,24,8,0,11,19,21.0,6.0
PHO,2022,@,MIN,L,88,100,27,58,.466,9,28,.321,25,30,.833,2,23,16,7,4,12,22,34,67,.507,8,23,.348,24,29,.828,11,42,25,6,0,16,20,23.0,6.0
PHO,2022,@,DAL,W,83,72,29,69,.420,6,26,.231,19,24,.792,7,38,16,7,4,9,25,29,67,.433,4,21,.190,10,21,.476,6,38,21,3,4,15,24,25.0,6.0
PHO,2022,,IND,W,83,71,26,69,.377,13,33,.394,18,20,.900,9,30,19,8,5,10,22,24,60,.400,7,12,.583,16,20,.800,10,36,13,4,4,16,24,27.0,6.0
PHO,2022,,,,,,Team,Team,Team,Team,Team,Team,Team,Team,Team,Team,Team,Team,Team,Team,Team,Team,Opponent,Opponent,Opponent,Opponent,Opponent,Opponent,Opponent,Opponent,Opponent,Opponent,Opponent,Opponent,Opponent,Opponent,Opponent,Opponent,,
PHO,2022,,IND,W,99,78,38,70,.543,9,24,.375,14,19,.737,11,32,29,7,6,8,20,27,63,.429,9,21,.429,15,21,.714,10,30,18,4,3,10,18,29.0,6.0
PHO,2022,@,CHI,L,75,91,27,66,.409,5,20,.250,16,19,.842,7,27,15,14,2,18,24,30,57,.526,10,20,.500,21,24,.875,5,37,24,6,3,20,17,2.0,7.0
PHO,2022,@,LAS,L,75,78,26,57,.456,8,27,.296,15,16,.938,6,30,21,11,3,21,25,27,60,.450,5,14,.357,19,25,.760,7,32,18,10,0,20,16,4.0,7.0
PHO,2022,,NYL,W,84,81,27,66,.409,9,30,.300,21,24,.875,6,30,20,11,4,9,17,30,71,.423,7,23,.304,14,16,.875,11,40,20,5,5,15,21,7.0,7.0
PHO,2022,@,MIN,L,107,118,37,100,.370,15,50,.300,18,24,.750,21,44,27,13,9,8,32,41,86,.477,11,27,.407,25,35,.714,19,55,27,5,1,19,21,12.0,7.0
PHO,2022,,WAS,W,80,75,26,69,.377,10,26,.385,18,20,.900,6,31,16,10,5,14,20,22,65,.338,8,27,.296,23,26,.885,11,42,15,4,2,19,19,14.0,7.0
PHO,2022,,ATL,L,75,85,26,63,.413,8,29,.276,15,20,.750,9,28,18,6,7,13,16,34,71,.479,10,23,.435,7,14,.500,16,43,18,6,2,14,19,17.0,7.0
PHO,2022,,SEA,W,94,78,30,65,.462,14,31,.452,20,21,.952,7,34,20,7,6,13,16,30,82,.366,8,28,.286,10,11,.909,17,39,22,7,0,10,17,22.0,7.0
PHO,2022,,LAS,W,90,80,32,64,.500,9,25,.360,17,21,.810,4,32,21,11,5,18,24,27,67,.403,3,21,.143,23,28,.821,6,31,18,8,2,17,21,28.0,7.0
PHO,2022,@,NYL,L,69,89,24,64,.375,6,25,.240,15,16,.938,5,26,20,5,6,12,14,35,71,.493,12,26,.462,7,9,.778,10,42,32,5,0,16,15,31.0,7.0
PHO,2022,@,CON,L,63,87,23,64,.359,6,27,.222,11,16,.688,9,33,13,7,6,18,19,34,74,.459,7,20,.350,12,17,.706,14,44,24,5,3,11,16,2.0,8.0
PHO,2022,@,CON,L,64,77,23,69,.333,9,26,.346,9,12,.750,13,29,18,7,6,14,17,26,71,.366,6,19,.316,19,25,.760,21,54,14,10,2,18,17,4.0,8.0
PHO,2022,,NYL,W,76,62,27,72,.375,8,27,.296,14,16,.875,9,40,15,4,3,13,18,21,68,.309,7,32,.219,13,16,.813,7,35,18,8,3,12,23,6.0,8.0
PHO,2022,,MIN,L,77,86,28,67,.418,13,31,.419,8,8,1.000,9,27,20,8,4,12,21,30,65,.462,6,17,.353,20,24,.833,13,38,21,5,2,12,13,10.0,8.0
PHO,2022,,DAL,W,86,74,35,68,.515,11,22,.500,5,6,.833,6,25,25,8,2,9,14,28,62,.452,9,21,.429,9,14,.643,11,31,17,4,5,16,11,12.0,8.0
PHO,2022,,CHI,L,67,82,27,59,.458,3,13,.231,10,12,.833,2,35,17,4,1,18,13,32,71,.451,11,27,.407,7,7,1.000,5,26,26,8,5,12,14,14.0,8.0
SEA,2022,,MIN,W,97,74,35,66,.530,12,25,.480,15,15,1.000,4,29,26,14,8,14,17,31,79,.392,4,21,.190,8,11,.727,13,37,23,9,3,17,17,6.0,5.0
SEA,2022,@,LVA,L,74,85,27,76,.355,11,34,.324,9,11,.818,7,30,17,6,8,10,19,30,67,.448,7,18,.389,18,22,.818,7,45,18,5,10,16,21,8.0,5.0
SEA,2022,@,PHO,L,77,97,27,71,.380,11,28,.393,12,16,.750,9,29,20,10,3,15,21,36,63,.571,12,21,.571,13,17,.765,5,37,26,6,3,18,22,11.0,5.0
SEA,2022,,PHO,L,64,69,24,77,.312,8,31,.258,8,10,.800,14,39,12,8,8,10,11,26,69,.377,12,32,.375,5,8,.625,7,42,19,6,2,12,14,14.0,5.0
SEA,2022,,CHI,W,74,71,29,70,.414,8,28,.286,8,14,.571,12,35,26,10,3,16,14,30,65,.462,6,17,.353,5,7,.714,8,30,26,7,1,17,15,18.0,5.0
SEA,2022,,LAS,W,83,80,29,69,.420,8,28,.286,17,21,.810,8,32,27,9,3,10,18,32,61,.525,3,14,.214,13,17,.765,5,31,16,6,7,15,21,20.0,5.0
SEA,2022,,NYL,W,79,71,25,72,.347,7,24,.292,22,27,.815,9,38,16,13,5,11,15,24,71,.338,9,32,.281,14,14,1.000,15,50,19,5,6,21,27,27.0,5.0
SEA,2022,,NYL,W,92,61,36,73,.493,13,24,.542,7,7,1.000,9,40,24,13,3,11,15,22,65,.338,7,27,.259,10,11,.909,7,32,20,8,3,17,10,29.0,5.0
SEA,2022,,DAL,L,51,68,20,63,.317,5,29,.172,6,8,.750,8,31,17,6,7,16,16,26,66,.394,9,27,.333,7,11,.636,11,42,18,9,2,17,14,3.0,6.0
SEA,2022,,CON,L,86,93,34,70,.486,9,26,.346,9,13,.692,7,26,29,7,4,14,21,32,58,.552,6,16,.375,23,30,.767,6,36,28,11,2,14,19,5.0,6.0
SEA,2022,,ATL,W,72,60,25,61,.410,8,27,.296,14,15,.933,6,31,18,7,9,19,13,25,69,.362,2,19,.105,8,13,.615,9,37,15,12,2,15,19,7.0,6.0
SEA,2022,@,DAL,W,89,88,37,67,.552,7,17,.412,8,13,.615,8,34,28,7,2,17,18,30,68,.441,7,17,.412,21,22,.955,5,26,20,9,2,14,17,10.0,6.0
SEA,2022,@,DAL,W,84,79,29,62,.468,10,23,.435,16,18,.889,5,23,23,12,6,10,13,31,69,.449,6,17,.353,11,13,.846,14,39,18,7,4,19,17,12.0,6.0
SEA,2022,@,MIN,W,81,79,28,73,.384,12,27,.444,13,15,.867,15,35,24,5,2,12,14,35,68,.515,6,19,.316,3,3,1.000,6,33,27,5,1,15,15,14.0,6.0
SEA,2022,@,CON,L,71,82,28,66,.424,11,22,.500,4,8,.500,4,26,22,6,2,12,13,36,69,.522,5,20,.250,5,8,.625,6,40,25,8,5,14,14,17.0,6.0
SEA,2022,@,NYL,W,81,72,32,75,.427,10,27,.370,7,8,.875,5,38,21,6,4,10,11,30,75,.400,10,27,.370,2,5,.400,8,43,20,5,4,12,15,19.0,6.0
SEA,2022,,WAS,W,85,71,31,68,.456,12,26,.462,11,12,.917,5,36,25,5,4,7,10,26,70,.371,9,30,.300,10,12,.833,11,43,19,4,2,12,12,23.0,6.0
SEA,2022,,LAS,L,77,85,26,63,.413,8,27,.296,17,22,.773,5,26,21,9,6,14,16,34,72,.472,8,20,.400,9,13,.692,10,41,26,7,1,15,17,25.0,6.0
SEA,2022,,LVA,W,88,78,31,70,.443,14,29,.483,12,14,.857,5,33,24,10,6,12,12,29,73,.397,9,24,.375,11,12,.917,11,40,23,7,1,17,12,29.0,6.0
SEA,2022,,IND,W,73,57,25,59,.424,6,22,.273,17,23,.739,5,39,22,11,5,17,15,21,61,.344,4,17,.235,11,23,.478,7,35,13,11,2,17,17,1.0,7.0
SEA,2022,,,,,,Team,Team,Team,Team,Team,Team,Team,Team,Team,Team,Team,Team,Team,Team,Team,Team,Opponent,Opponent,Opponent,Opponent,Opponent,Opponent,Opponent,Opponent,Opponent,Opponent,Opponent,Opponent,Opponent,Opponent,Opponent,Opponent,,
SEA,2022,@,ATL,L,76,90,22,63,.349,9,32,.281,23,26,.885,2,30,17,11,4,14,16,33,70,.471,7,18,.389,17,19,.895,9,44,24,7,0,16,23,3.0,7.0
SEA,2022,@,IND,W,95,73,37,76,.487,6,24,.250,15,16,.938,10,43,20,8,5,12,14,28,73,.384,7,20,.350,10,17,.588,9,36,14,6,1,14,16,5.0,7.0
SEA,2022,@,LAS,W,106,69,42,65,.646,8,17,.471,14,17,.824,7,36,30,9,3,12,12,26,70,.371,5,19,.263,12,13,.923,8,24,18,7,3,12,11,7.0,7.0
SEA,2022,,DAL,W,83,74,30,63,.476,7,17,.412,16,18,.889,6,34,22,6,6,14,18,27,72,.375,7,23,.304,13,18,.722,11,35,17,10,4,13,19,12.0,7.0
SEA,2022,,IND,W,81,65,30,70,.429,6,25,.240,15,18,.833,12,41,26,12,3,15,21,24,66,.364,4,24,.167,13,20,.650,11,37,14,8,2,19,20,17.0,7.0
SEA,2022,@,CHI,L,74,78,29,69,.420,7,19,.368,9,11,.818,9,28,16,5,2,14,15,32,66,.485,5,21,.238,9,11,.818,11,38,20,6,3,12,11,20.0,7.0
SEA,2022,@,PHO,L,78,94,30,82,.366,8,28,.286,10,11,.909,17,39,22,7,0,10,17,30,65,.462,14,31,.452,20,21,.952,7,34,20,7,6,13,16,22.0,7.0
SEA,2022,,ATL,W,82,72,27,63,.429,9,30,.300,19,21,.905,5,39,20,6,8,12,14,29,84,.345,6,25,.240,8,11,.727,17,45,21,5,2,10,19,24.0,7.0
SEA,2022,@,CON,L,83,88,31,64,.484,9,19,.474,12,14,.857,8,28,18,9,4,15,18,32,66,.485,8,19,.421,16,18,.889,7,31,22,9,0,16,14,28.0,7.0
SEA,2022,@,WAS,W,82,77,29,68,.426,6,21,.286,18,21,.857,8,35,21,11,2,13,13,28,67,.418,6,20,.300,15,17,.882,7,37,18,7,8,14,17,30.0,7.0
SEA,2022,@,WAS,L,75,78,26,59,.441,8,27,.296,15,18,.833,2,26,22,6,2,10,18,30,67,.448,6,17,.353,12,13,.923,7,34,19,3,2,9,16,31.0,7.0
SEA,2022,,MIN,W,89,77,35,70,.500,11,25,.440,8,11,.727,3,33,28,9,3,10,13,32,69,.464,6,22,.273,7,9,.778,5,33,25,5,3,14,10,3.0,8.0
SEA,2022,,LVA,L,81,89,29,66,.439,8,23,.348,15,20,.750,12,39,21,4,5,14,13,35,76,.461,7,27,.259,12,14,.857,11,35,24,8,2,5,17,7.0,8.0
SEA,2022,@,CHI,W,111,100,44,75,.587,11,24,.458,12,12,1.000,7,28,37,7,2,8,17,39,70,.557,7,23,.304,15,21,.714,7,30,30,5,1,13,11,9.0,8.0
SEA,2022,@,MIN,W,96,69,38,72,.528,12,27,.444,8,11,.727,9,39,29,10,3,11,19,23,63,.365,4,13,.308,19,21,.905,7,30,16,8,2,14,12,12.0,8.0
SEA,2022,@,LVA,L,100,109,38,82,.463,18,40,.450,6,7,.857,13,40,22,4,1,18,20,39,70,.557,11,27,.407,20,24,.833,5,33,26,11,3,10,11,14.0,8.0
WAS,2022,,IND,W,84,70,31,69,.449,4,18,.222,18,20,.900,6,31,20,4,5,7,12,30,72,.417,5,22,.227,5,8,.625,12,42,17,3,4,14,20,6.0,5.0
WAS,2022,@,MIN,W,78,66,29,69,.420,7,21,.333,13,13,1.000,8,38,21,5,1,15,21,23,66,.348,5,15,.333,15,22,.682,10,36,17,6,8,15,18,8.0,5.0
WAS,2022,,LVA,W,89,76,33,74,.446,9,27,.333,14,17,.824,8,38,21,10,7,9,18,27,65,.415,6,17,.353,16,18,.889,5,34,16,4,7,16,16,10.0,5.0
WAS,2022,,DAL,L,86,94,31,59,.525,13,25,.520,11,17,.647,7,32,23,6,3,18,19,31,65,.477,13,29,.448,19,23,.826,9,29,22,8,3,9,20,13.0,5.0
WAS,2022,@,DAL,W,84,68,34,66,.515,8,16,.500,8,11,.727,7,37,23,10,2,13,17,25,61,.410,7,21,.333,11,16,.688,4,27,16,6,2,14,12,17.0,5.0
WAS,2022,@,ATL,W,78,73,25,55,.455,3,18,.167,25,31,.806,6,33,19,9,3,17,18,27,66,.409,8,24,.333,11,14,.786,8,26,16,9,1,14,26,20.0,5.0
WAS,2022,,CHI,L,73,82,27,72,.375,9,21,.429,10,11,.909,8,29,21,10,4,12,12,34,63,.540,5,20,.250,9,12,.750,5,37,23,8,4,15,16,22.0,5.0
WAS,2022,,ATL,W,70,50,26,60,.433,7,22,.318,11,15,.733,6,30,19,11,7,13,17,20,56,.357,4,21,.190,6,8,.750,9,36,12,8,4,23,18,24.0,5.0
WAS,2022,@,CON,L,71,79,28,70,.400,8,26,.308,7,11,.636,7,19,20,11,2,8,21,28,57,.491,7,15,.467,16,19,.842,10,41,20,5,4,18,17,28.0,5.0
WAS,2022,@,IND,W,87,75,33,72,.458,8,24,.333,13,16,.813,13,44,24,6,9,15,7,30,74,.405,9,22,.409,6,9,.667,10,32,20,6,5,13,16,31.0,5.0
WAS,2022,,NYL,L,70,74,28,70,.400,5,21,.238,9,14,.643,11,39,16,6,2,14,15,23,63,.365,11,34,.324,17,18,.944,7,34,15,10,5,12,16,3.0,6.0
WAS,2022,@,CHI,L,82,91,34,75,.453,8,23,.348,6,6,1.000,11,35,22,9,1,15,14,36,65,.554,9,20,.450,10,14,.714,5,32,29,11,1,16,13,5.0,6.0
WAS,2022,,CHI,W,84,82,32,68,.471,3,16,.188,17,20,.850,13,34,19,7,3,13,16,33,72,.458,6,21,.286,10,11,.909,10,31,20,8,5,13,17,8.0,6.0
WAS,2022,@,MIN,W,76,59,30,69,.435,10,30,.333,6,9,.667,9,39,18,6,1,9,20,19,58,.328,6,21,.286,15,22,.682,4,32,15,2,1,17,13,10.0,6.0
WAS,2022,,PHO,L,90,99,30,75,.400,8,29,.276,22,34,.647,14,42,23,8,1,18,19,36,70,.514,10,32,.313,17,21,.810,4,30,21,10,3,15,28,12.0,6.0
WAS,2022,,PHO,W,83,65,30,71,.423,11,28,.393,12,13,.923,4,36,23,7,4,9,14,24,62,.387,10,26,.385,7,16,.438,4,35,21,7,6,16,17,14.0,6.0
WAS,2022,@,NYL,L,65,77,24,65,.369,8,29,.276,9,14,.643,5,37,14,6,4,13,14,31,69,.449,6,31,.194,9,13,.692,5,38,21,9,3,10,14,16.0,6.0
WAS,2022,,CON,W,71,63,27,65,.415,6,19,.316,11,17,.647,5,30,21,8,6,10,15,22,60,.367,6,19,.316,13,18,.722,11,43,15,6,3,16,14,19.0,6.0
WAS,2022,@,LAS,L,82,84,29,70,.414,11,23,.478,13,18,.722,14,32,23,10,3,17,16,33,67,.493,6,14,.429,12,17,.706,9,34,21,11,5,16,19,21.0,6.0
WAS,2022,@,SEA,L,71,85,26,70,.371,9,30,.300,10,12,.833,11,43,19,4,2,12,12,31,68,.456,12,26,.462,11,12,.917,5,36,25,5,4,7,10,23.0,6.0
WAS,2022,,,,,,Team,Team,Team,Team,Team,Team,Team,Team,Team,Team,Team,Team,Team,Team,Team,Team,Opponent,Opponent,Opponent,Opponent,Opponent,Opponent,Opponent,Opponent,Opponent,Opponent,Opponent,Opponent,Opponent,Opponent,Opponent,Opponent,,
WAS,2022,@,LVA,W,87,86,32,68,.471,11,30,.367,12,16,.750,3,42,24,10,8,18,21,31,81,.383,10,24,.417,14,16,.875,8,38,14,17,4,15,21,25.0,6.0
WAS,2022,,ATL,W,92,74,32,58,.552,15,25,.600,13,18,.722,6,30,24,7,3,14,18,28,66,.424,5,20,.250,13,15,.867,8,26,19,9,0,14,16,28.0,6.0
WAS,2022,@,CON,L,72,74,27,69,.391,4,21,.190,14,20,.700,9,37,16,10,4,19,16,30,69,.435,6,18,.333,8,16,.500,6,38,17,11,7,17,18,3.0,7.0
WAS,2022,@,ATL,W,85,66,31,63,.492,7,20,.350,16,23,.696,4,31,13,8,3,9,16,26,62,.419,0,12,.000,14,17,.824,3,31,15,7,0,12,18,6.0,7.0
WAS,2022,@,LAS,W,94,81,33,65,.508,10,22,.455,18,21,.857,9,35,24,10,2,12,18,29,56,.518,9,13,.692,14,21,.667,3,23,16,5,3,18,18,12.0,7.0
WAS,2022,@,PHO,L,75,80,22,65,.338,8,27,.296,23,26,.885,11,42,15,4,2,19,19,26,69,.377,10,26,.385,18,20,.900,6,31,16,10,5,14,20,14.0,7.0
WAS,2022,,MIN,W,70,57,26,69,.377,7,25,.280,11,12,.917,4,38,21,12,5,8,12,22,66,.333,4,20,.200,9,12,.750,7,45,14,4,2,16,12,17.0,7.0
WAS,2022,,NYL,W,78,69,29,66,.439,5,21,.238,15,18,.833,7,35,18,8,2,11,10,26,62,.419,8,26,.308,9,10,.900,4,32,17,7,2,15,19,21.0,7.0
WAS,2022,@,DAL,W,87,77,31,55,.564,9,15,.600,16,24,.667,4,26,20,7,3,16,19,28,73,.384,5,22,.227,16,27,.593,17,37,14,9,3,14,20,28.0,7.0
WAS,2022,,SEA,L,77,82,28,67,.418,6,20,.300,15,17,.882,7,37,18,7,8,14,17,29,68,.426,6,21,.286,18,21,.857,8,35,21,11,2,13,13,30.0,7.0
WAS,2022,,SEA,W,78,75,30,67,.448,6,17,.353,12,13,.923,7,34,19,3,2,9,16,26,59,.441,8,27,.296,15,18,.833,2,26,22,6,2,10,18,31.0,7.0
WAS,2022,,LVA,W,83,73,31,68,.456,9,23,.391,12,16,.750,6,38,25,4,4,9,14,26,64,.406,9,26,.346,12,15,.800,3,30,14,5,4,8,14,2.0,8.0
WAS,2022,@,CHI,L,83,93,31,66,.470,8,24,.333,13,19,.684,8,32,21,4,3,11,11,36,73,.493,9,22,.409,12,13,.923,7,34,27,10,6,7,20,5.0,8.0
WAS,2022,,LAS,L,76,79,25,65,.385,3,15,.200,23,27,.852,13,40,15,3,7,10,21,26,63,.413,5,13,.385,22,26,.846,6,29,18,4,4,7,20,7.0,8.0
WAS,2022,@,IND,W,82,70,31,68,.456,4,19,.211,16,19,.842,11,39,26,9,5,14,11,26,63,.413,8,19,.421,10,12,.833,4,26,17,7,5,14,17,12.0,8.0
WAS,2022,,IND,W,95,83,29,60,.483,7,21,.333,30,35,.857,7,24,21,14,3,11,16,29,51,.569,8,13,.615,17,20,.850,2,25,16,5,3,19,24,14.0,8.0
LVA,2022,@,PHO,W,106,88,39,67,.582,11,21,.524,17,18,.944,5,38,27,2,5,16,23,33,73,.452,6,24,.250,16,19,.842,6,26,20,6,2,9,16,6.0,5.0
LVA,2022,,SEA,W,85,74,30,67,.448,7,18,.389,18,22,.818,7,45,18,5,10,16,21,27,76,.355,11,34,.324,9,11,.818,7,30,17,6,8,10,19,8.0,5.0
LVA,2022,@,WAS,L,76,89,27,65,.415,6,17,.353,16,18,.889,5,34,16,4,7,16,16,33,74,.446,9,27,.333,14,17,.824,8,38,21,10,7,9,18,10.0,5.0
LVA,2022,@,ATL,W,96,73,32,68,.471,16,35,.457,16,19,.842,6,31,24,11,8,13,16,28,65,.431,8,17,.471,9,14,.643,7,36,16,5,6,19,19,13.0,5.0
LVA,2022,,PHO,W,86,74,29,62,.468,9,23,.391,19,26,.731,3,29,19,6,3,9,20,26,60,.433,8,25,.320,14,15,.933,3,31,19,4,2,15,25,17.0,5.0
LVA,2022,,MIN,W,93,87,31,67,.463,9,27,.333,22,29,.759,10,33,22,8,1,10,15,31,68,.456,6,21,.286,19,22,.864,8,36,21,5,5,10,21,19.0,5.0
LVA,2022,,PHO,W,100,80,34,71,.479,9,27,.333,23,30,.767,10,36,18,10,5,9,22,29,70,.414,9,29,.310,13,20,.650,10,33,16,3,6,15,25,21.0,5.0
LVA,2022,,LAS,W,104,76,36,71,.507,18,38,.474,14,16,.875,4,42,27,2,2,7,15,30,75,.400,5,23,.217,11,14,.786,6,32,17,3,5,5,16,23.0,5.0
LVA,2022,@,CHI,W,83,76,31,84,.369,4,20,.200,17,23,.739,14,50,20,6,5,7,13,28,81,.346,5,31,.161,15,17,.882,12,50,16,4,10,10,20,28.0,5.0
LVA,2022,,CON,W,89,81,33,73,.452,6,25,.240,17,20,.850,6,38,20,9,4,14,14,34,78,.436,6,22,.273,7,12,.583,10,37,18,7,3,14,17,31.0,5.0
LVA,2022,,CON,L,90,97,32,66,.485,10,25,.400,16,22,.727,3,31,20,5,4,13,19,36,72,.500,9,21,.429,16,19,.842,6,37,23,7,1,9,19,2.0,6.0
LVA,2022,,DAL,W,84,78,30,71,.423,7,28,.250,17,21,.810,5,35,19,8,4,10,19,27,78,.346,11,42,.262,13,14,.929,19,50,18,2,2,17,23,5.0,6.0
LVA,2022,@,LAS,W,89,72,33,68,.485,7,24,.292,16,17,.941,6,41,19,11,7,19,13,26,71,.366,7,22,.318,13,14,.929,5,30,18,7,8,13,20,11.0,6.0
LVA,2022,@,DAL,W,92,84,35,71,.493,6,22,.273,16,23,.696,4,33,17,5,6,7,12,29,73,.397,10,29,.345,16,19,.842,11,40,20,2,3,11,20,15.0,6.0
LVA,2022,,MIN,W,96,95,35,78,.449,9,25,.360,17,20,.850,7,33,23,7,3,6,10,39,81,.481,11,32,.344,6,7,.857,11,45,26,2,4,10,16,19.0,6.0
LVA,2022,,CHI,L,95,104,33,75,.440,13,31,.419,16,19,.842,6,35,23,8,4,9,6,43,75,.573,12,25,.480,6,7,.857,0,33,34,6,3,9,14,21.0,6.0
LVA,2022,,WAS,L,86,87,31,81,.383,10,24,.417,14,16,.875,8,38,14,17,4,15,21,32,68,.471,11,30,.367,12,16,.750,3,42,24,10,8,18,21,25.0,6.0
LVA,2022,@,LAS,W,79,73,26,61,.426,8,27,.296,19,26,.731,6,37,15,9,2,13,16,28,73,.384,7,23,.304,10,15,.667,11,40,23,4,3,13,21,27.0,6.0
LVA,2022,@,SEA,L,78,88,29,73,.397,9,24,.375,11,12,.917,11,40,23,7,1,17,12,31,70,.443,14,29,.483,12,14,.857,5,33,24,10,6,12,12,29.0,6.0
LVA,2022,@,MIN,W,91,85,36,70,.514,9,24,.375,10,13,.769,7,34,25,8,5,14,15,31,68,.456,11,25,.440,12,16,.750,6,29,19,8,3,13,17,1.0,7.0
LVA,2022,,,,,,Team,Team,Team,Team,Team,Team,Team,Team,Team,Team,Team,Team,Team,Team,Team,Team,Opponent,Opponent,Opponent,Opponent,Opponent,Opponent,Opponent,Opponent,Opponent,Opponent,Opponent,Opponent,Opponent,Opponent,Opponent,Opponent,,
LVA,2022,@,MIN,L,71,102,25,68,.368,12,37,.324,9,11,.818,1,25,17,6,4,6,15,37,74,.500,12,29,.414,16,23,.696,15,53,26,5,3,10,12,3.0,7.0
LVA,2022,,NYL,L,107,116,34,69,.493,13,27,.481,26,30,.867,6,31,22,4,1,7,13,42,73,.575,18,31,.581,14,16,.875,6,35,35,2,3,8,19,6.0,7.0
LVA,2022,@,NYL,W,107,101,33,64,.516,7,21,.333,34,35,.971,8,36,21,8,3,14,18,34,76,.447,15,31,.484,18,22,.818,9,27,24,8,4,12,25,12.0,7.0
LVA,2022,@,NYL,W,108,74,38,71,.535,16,33,.485,16,21,.762,6,40,32,9,3,10,16,22,63,.349,8,26,.308,22,25,.880,5,30,18,5,5,12,15,14.0,7.0
LVA,2022,@,CON,W,91,83,31,74,.419,9,36,.250,20,24,.833,10,30,18,10,2,7,14,31,65,.477,7,18,.389,14,16,.875,10,41,19,4,1,22,21,17.0,7.0
LVA,2022,,ATL,L,76,92,26,71,.366,10,35,.286,14,19,.737,5,29,18,12,4,12,17,33,64,.516,15,24,.625,11,16,.688,5,40,24,6,5,16,16,19.0,7.0
LVA,2022,,IND,W,90,77,37,77,.481,8,26,.308,8,13,.615,9,43,23,9,1,16,15,28,67,.418,9,26,.346,12,20,.600,7,33,22,10,5,17,11,21.0,7.0
LVA,2022,,LAS,W,84,66,29,70,.414,10,27,.370,16,19,.842,9,38,20,9,4,9,19,24,59,.407,2,12,.167,16,21,.762,4,32,12,6,6,14,19,23.0,7.0
LVA,2022,@,IND,W,93,72,38,72,.528,9,26,.346,8,12,.667,15,41,22,7,3,19,16,25,68,.368,7,28,.250,15,17,.882,9,28,20,12,1,13,14,29.0,7.0
LVA,2022,@,IND,W,94,69,36,71,.507,6,17,.353,16,19,.842,10,37,23,9,2,9,19,22,71,.310,7,25,.280,18,21,.857,15,39,10,2,4,14,18,31.0,7.0
LVA,2022,@,WAS,L,73,83,26,64,.406,9,26,.346,12,15,.800,3,30,14,5,4,8,14,31,68,.456,9,23,.391,12,16,.750,6,38,25,4,4,9,14,2.0,8.0
LVA,2022,@,DAL,L,80,82,31,69,.449,10,33,.303,8,8,1.000,8,32,20,7,8,9,13,33,70,.471,6,18,.333,10,14,.714,14,37,22,6,4,8,12,4.0,8.0
LVA,2022,@,SEA,W,89,81,35,76,.461,7,27,.259,12,14,.857,11,35,24,8,2,5,17,29,66,.439,8,23,.348,15,20,.750,12,39,21,4,5,14,13,7.0,8.0
LVA,2022,,ATL,W,97,90,32,67,.478,14,27,.519,19,19,1.000,6,32,22,4,2,10,17,33,66,.500,9,19,.474,15,18,.833,5,29,22,6,1,10,15,9.0,8.0
LVA,2022,,CHI,W,89,78,31,67,.463,9,21,.429,18,20,.900,5,29,17,10,4,9,17,30,65,.462,3,21,.143,15,19,.789,6,35,23,6,1,17,19,11.0,8.0
LVA,2022,,SEA,W,109,100,39,70,.557,11,27,.407,20,24,.833,5,33,26,11,3,10,11,38,82,.463,18,40,.450,6,7,.857,13,40,22,4,1,18,20,14.0,8.0
ATL,2023,@,DAL,L,78,85,29,82,.354,9,32,.281,11,14,.786,17,45,18,6,6,19,23,27,74,.365,9,30,.300,22,26,.846,13,40,13,10,5,16,19,20.0,5.0
ATL,2023,@,MIN,W,83,77,29,69,.420,7,23,.304,18,20,.900,11,33,21,6,6,16,16,30,67,.448,6,20,.300,11,15,.733,10,33,23,10,1,14,26,23.0,5.0
ATL,2023,,IND,L,87,90,25,65,.385,8,20,.400,29,34,.853,7,29,16,2,4,11,18,35,76,.461,11,29,.379,9,12,.750,12,43,20,7,2,12,23,28.0,5.0
ATL,2023,,CHI,W,83,65,30,70,.429,5,13,.385,18,24,.750,6,41,15,8,8,9,10,25,77,.325,6,20,.300,9,11,.818,11,44,16,4,5,15,15,30.0,5.0
ATL,2023,,LVA,L,87,92,34,74,.459,10,24,.417,9,10,.900,6,36,26,5,3,15,21,33,70,.471,6,21,.286,20,25,.800,5,31,17,9,4,11,13,2.0,6.0
ATL,2023,,NYL,L,83,106,30,67,.448,9,20,.450,14,22,.636,5,34,17,3,3,17,21,34,75,.453,14,30,.467,24,26,.923,9,37,23,9,9,10,21,9.0,6.0
ATL,2023,,CON,L,77,89,26,62,.419,5,19,.263,20,24,.833,10,37,15,6,6,26,27,32,73,.438,4,15,.267,21,30,.700,10,34,21,12,4,16,22,11.0,6.0
ATL,2023,@,NYL,W,86,79,31,71,.437,8,24,.333,16,18,.889,13,42,15,7,2,14,18,26,66,.394,8,27,.296,19,22,.864,8,33,19,8,7,13,20,13.0,6.0
ATL,2023,@,CON,W,92,88,36,70,.514,4,14,.286,16,20,.800,6,38,23,4,4,18,24,33,77,.429,4,16,.250,18,23,.783,9,30,22,11,1,10,20,15.0,6.0
ATL,2023,@,IND,W,100,94,37,66,.561,7,15,.467,19,24,.792,3,31,19,7,3,16,20,33,73,.452,4,19,.211,24,29,.828,11,34,19,9,4,15,20,18.0,6.0
ATL,2023,@,DAL,L,73,85,22,67,.328,4,18,.222,25,33,.758,11,33,15,5,8,13,20,27,66,.409,6,17,.353,25,34,.735,16,46,19,6,5,16,20,20.0,6.0
ATL,2023,,NYL,L,80,110,26,68,.382,5,12,.417,23,27,.852,8,37,15,7,5,20,20,36,74,.486,17,35,.486,21,27,.778,7,42,29,13,3,15,20,23.0,6.0
ATL,2023,@,WAS,L,86,109,28,74,.378,5,15,.333,25,35,.714,11,32,21,9,7,10,20,39,73,.534,11,22,.500,20,21,.952,6,41,26,6,8,14,22,28.0,6.0
ATL,2023,,WAS,W,94,89,33,69,.478,7,13,.538,21,27,.778,7,31,19,7,3,10,25,32,65,.492,3,18,.167,22,26,.846,8,34,14,6,3,14,26,30.0,6.0
ATL,2023,,LAS,W,112,84,37,68,.544,9,21,.429,29,34,.853,6,40,18,11,7,13,19,28,67,.418,5,18,.278,23,30,.767,6,33,17,10,3,13,22,2.0,7.0
ATL,2023,@,LAS,W,90,79,33,67,.493,10,24,.417,14,23,.609,3,39,30,6,5,8,19,29,68,.426,6,22,.273,15,22,.682,4,33,20,3,5,11,20,5.0,7.0
ATL,2023,@,CHI,W,82,68,33,69,.478,6,17,.353,10,13,.769,10,42,17,9,7,16,16,25,68,.368,7,24,.292,11,15,.733,6,31,18,9,2,12,15,7.0,7.0
ATL,2023,@,CHI,W,88,77,35,75,.467,6,16,.375,12,15,.800,13,42,24,8,5,10,17,30,73,.411,6,22,.273,11,16,.688,8,30,20,2,6,10,16,9.0,7.0
ATL,2023,,SEA,W,85,75,32,69,.464,4,19,.211,17,21,.810,9,45,18,8,2,16,21,25,67,.373,7,21,.333,18,26,.692,5,32,21,8,3,13,20,12.0,7.0
ATL,2023,,MIN,W,82,73,29,72,.403,13,33,.394,11,15,.733,8,37,24,5,4,12,21,25,66,.379,6,22,.273,17,21,.810,7,37,12,5,4,13,17,18.0,7.0
ATL,2023,,,,,,Team,Team,Team,Team,Team,Team,Team,Team,Team,Team,Team,Team,Team,Team,Team,Team,Opponent,Opponent,Opponent,Opponent,Opponent,Opponent,Opponent,Opponent,Opponent,Opponent,Opponent,Opponent,Opponent,Opponent,Opponent,Opponent,,
ATL,2023,@,CON,L,71,82,25,64,.391,7,18,.389,14,19,.737,10,39,15,9,5,21,20,29,68,.426,11,23,.478,13,18,.722,7,33,20,13,9,15,21,20.0,7.0
ATL,2023,,CON,L,78,86,21,69,.304,6,26,.231,30,37,.811,10,38,7,6,7,9,20,29,66,.439,7,24,.292,21,28,.750,6,39,22,8,5,13,21,22.0,7.0
ATL,2023,,PHO,W,78,65,31,67,.463,8,17,.471,8,12,.667,6,35,22,5,8,17,19,24,67,.358,5,24,.208,12,15,.800,8,33,11,9,8,13,17,25.0,7.0
ATL,2023,@,NYL,L,84,95,31,73,.425,8,26,.308,14,23,.609,8,32,18,1,5,7,17,32,66,.485,11,31,.355,20,22,.909,5,39,23,3,2,13,21,27.0,7.0
ATL,2023,,WAS,W,80,73,27,58,.466,10,23,.435,16,19,.842,2,33,21,7,7,20,19,23,72,.319,6,21,.286,21,25,.840,11,33,13,13,1,14,22,30.0,7.0
ATL,2023,@,LVA,L,72,93,29,67,.433,4,20,.200,10,15,.667,6,28,21,5,5,15,16,34,65,.523,11,23,.478,14,17,.824,3,35,17,12,5,13,20,1.0,8.0
ATL,2023,@,PHO,L,71,91,25,62,.403,2,13,.154,19,25,.760,8,31,17,8,4,16,25,29,71,.408,10,31,.323,23,24,.958,12,39,16,6,2,13,24,3.0,8.0
ATL,2023,,IND,W,82,73,30,62,.484,9,20,.450,13,21,.619,4,28,23,6,7,10,16,29,64,.453,4,13,.308,11,20,.550,8,33,12,8,4,14,23,6.0,8.0
ATL,2023,@,SEA,L,67,68,23,73,.315,8,21,.381,13,19,.684,11,45,12,12,4,14,23,21,63,.333,4,14,.286,22,31,.710,8,45,14,10,5,17,20,10.0,8.0
ATL,2023,@,LAS,L,74,85,24,60,.400,4,23,.174,22,24,.917,4,31,16,5,5,14,28,28,62,.452,5,15,.333,24,28,.857,4,30,20,8,2,12,21,12.0,8.0
ATL,2023,@,LVA,L,65,86,23,62,.371,4,16,.250,15,19,.789,5,43,13,3,2,16,19,32,77,.416,7,23,.304,15,19,.789,8,38,16,13,6,9,19,13.0,8.0
ATL,2023,,CHI,W,78,67,28,69,.406,4,14,.286,18,20,.900,7,31,23,3,2,6,12,27,68,.397,5,20,.250,8,12,.667,14,39,14,3,6,16,20,18.0,8.0
ATL,2023,,LVA,L,100,112,33,67,.493,6,17,.353,28,33,.848,5,30,17,7,3,10,24,35,69,.507,8,19,.421,34,36,.944,5,34,25,4,7,9,22,22.0,8.0
ATL,2023,,LAS,L,78,83,30,62,.484,5,10,.500,13,16,.813,6,29,17,6,4,15,17,31,65,.477,6,18,.333,15,17,.882,5,27,19,9,3,9,19,25.0,8.0
ATL,2023,@,IND,L,80,83,26,69,.377,4,16,.250,24,27,.889,12,37,15,7,2,13,14,32,70,.457,9,19,.474,10,13,.769,7,31,18,8,2,13,18,27.0,8.0
ATL,2023,,PHO,W,94,76,39,75,.520,7,19,.368,9,9,1.000,10,32,27,11,4,10,18,32,58,.552,4,8,.500,8,11,.727,1,23,22,4,5,16,12,29.0,8.0
ATL,2023,@,MIN,L,85,91,32,88,.364,5,19,.263,16,20,.800,13,45,20,8,6,10,17,36,83,.434,8,25,.320,11,15,.733,14,50,23,3,5,13,19,1.0,9.0
ATL,2023,,SEA,W,79,68,33,72,.458,3,14,.214,10,12,.833,8,37,24,3,3,10,19,22,61,.361,6,20,.300,18,20,.900,6,30,12,4,6,12,14,6.0,9.0
ATL,2023,@,WAS,W,80,75,25,66,.379,6,24,.250,24,29,.828,9,47,13,4,1,10,15,27,70,.386,11,31,.355,10,12,.833,4,32,24,6,2,7,21,8.0,9.0
ATL,2023,,DAL,L,77,94,26,68,.382,6,18,.333,19,26,.731,7,29,17,6,3,13,18,33,66,.500,5,18,.278,23,23,1.000,6,44,26,6,4,16,20,10.0,9.0
CHI,2023,@,MIN,W,77,66,31,72,.431,9,24,.375,6,6,1.000,7,35,23,14,8,12,19,21,63,.333,6,24,.250,18,21,.857,11,40,16,8,8,20,10,19.0,5.0
CHI,2023,@,PHO,W,75,69,28,70,.400,6,15,.400,13,19,.684,11,39,19,4,5,11,23,23,56,.411,5,16,.313,18,24,.750,3,29,17,6,8,18,19,21.0,5.0
CHI,2023,,WAS,L,69,71,27,61,.443,6,21,.286,9,13,.692,3,32,20,5,6,21,19,24,66,.364,7,17,.412,16,20,.800,7,33,19,10,4,15,14,26.0,5.0
CHI,2023,,DAL,W,94,88,34,75,.453,6,19,.316,20,25,.800,15,44,24,6,4,16,17,32,79,.405,9,29,.310,15,17,.882,9,32,16,8,3,10,20,28.0,5.0
CHI,2023,@,ATL,L,65,83,25,77,.325,6,20,.300,9,11,.818,11,44,16,4,5,15,15,30,70,.429,5,13,.385,18,24,.750,6,41,15,8,8,9,10,30.0,5.0
CHI,2023,,NYL,L,76,77,30,71,.423,11,19,.579,5,7,.714,10,38,20,4,3,13,17,31,67,.463,9,26,.346,6,7,.857,3,28,23,5,7,11,13,2.0,6.0
CHI,2023,@,NYL,W,86,82,30,67,.448,9,23,.391,17,27,.630,6,34,19,4,8,12,13,33,74,.446,6,25,.240,10,14,.714,7,41,25,7,1,16,24,4.0,6.0
CHI,2023,,IND,W,108,103,38,76,.500,9,21,.429,23,25,.920,4,25,26,10,2,4,18,40,73,.548,9,20,.450,14,16,.875,10,35,24,3,2,15,20,6.0,6.0
CHI,2023,@,LAS,L,62,77,27,67,.403,4,23,.174,4,8,.500,7,34,15,10,10,16,19,28,73,.384,3,20,.150,18,22,.818,10,42,16,10,1,10,9,9.0,6.0
CHI,2023,@,LVA,L,80,93,30,70,.429,7,21,.333,13,15,.867,10,27,19,3,2,13,13,38,65,.585,6,16,.375,11,13,.846,7,33,21,10,3,14,18,11.0,6.0
CHI,2023,,IND,L,90,92,35,68,.515,12,26,.462,8,11,.727,9,28,22,4,8,10,19,33,64,.516,5,14,.357,21,24,.875,7,26,17,4,1,9,19,15.0,6.0
CHI,2023,@,WAS,L,69,77,27,61,.443,6,20,.300,9,14,.643,8,40,19,1,3,20,20,25,64,.391,5,15,.333,22,26,.846,6,25,16,9,1,5,15,18.0,6.0
CHI,2023,,WAS,L,59,80,18,61,.295,4,17,.235,19,21,.905,6,30,14,7,2,18,15,33,69,.478,6,19,.316,8,10,.800,7,41,20,6,6,13,22,22.0,6.0
CHI,2023,@,CON,L,72,96,29,65,.446,4,18,.222,10,17,.588,8,30,23,7,4,19,15,40,80,.500,8,21,.381,8,9,.889,11,38,30,12,2,14,16,25.0,6.0
CHI,2023,,LAS,W,80,63,30,66,.455,9,21,.429,11,21,.524,9,35,16,6,7,12,17,22,63,.349,4,13,.308,15,19,.789,8,34,17,10,5,16,23,28.0,6.0
CHI,2023,,LAS,W,86,78,37,65,.569,7,15,.467,5,9,.556,8,31,28,8,5,15,18,28,67,.418,4,13,.308,18,23,.783,10,30,16,9,3,13,13,30.0,6.0
CHI,2023,@,IND,W,89,87,34,68,.500,12,28,.429,9,16,.563,9,31,22,8,3,13,21,35,68,.515,5,17,.294,12,18,.667,9,35,21,6,1,15,18,2.0,7.0
CHI,2023,,ATL,L,68,82,25,68,.368,7,24,.292,11,15,.733,6,31,18,9,2,12,15,33,69,.478,6,17,.353,10,13,.769,10,42,17,9,7,16,16,7.0,7.0
CHI,2023,,ATL,L,77,88,30,73,.411,6,22,.273,11,16,.688,8,30,20,2,6,10,16,35,75,.467,6,16,.375,12,15,.800,13,42,24,8,5,10,17,9.0,7.0
CHI,2023,,CON,L,72,84,25,62,.403,8,20,.400,14,18,.778,7,31,19,6,7,16,17,34,69,.493,6,20,.300,10,17,.588,8,30,26,7,1,10,14,12.0,7.0
CHI,2023,,,,,,Team,Team,Team,Team,Team,Team,Team,Team,Team,Team,Team,Team,Team,Team,Team,Team,Opponent,Opponent,Opponent,Opponent,Opponent,Opponent,Opponent,Opponent,Opponent,Opponent,Opponent,Opponent,Opponent,Opponent,Opponent,Opponent,,
CHI,2023,@,PHO,L,62,80,26,76,.342,2,21,.095,8,13,.615,15,37,15,13,6,13,13,31,68,.456,9,20,.450,9,10,.900,11,40,19,5,4,17,15,20.0,7.0
CHI,2023,@,SEA,W,90,75,29,69,.420,8,21,.381,24,31,.774,18,44,17,10,3,20,20,28,60,.467,3,12,.250,16,20,.800,4,24,13,12,2,19,23,22.0,7.0
CHI,2023,,LVA,L,95,107,33,70,.471,13,24,.542,16,19,.842,9,34,23,3,3,12,22,38,76,.500,7,22,.318,24,27,.889,9,35,24,7,6,4,13,25.0,7.0
CHI,2023,,SEA,L,74,83,27,66,.409,5,20,.250,15,22,.682,6,26,18,8,12,10,12,33,79,.418,7,26,.269,10,12,.833,16,46,22,5,4,13,18,28.0,7.0
CHI,2023,,PHO,W,104,85,39,74,.527,12,21,.571,14,16,.875,8,27,27,6,8,7,13,30,63,.476,12,27,.444,13,14,.929,8,29,24,4,5,16,15,30.0,7.0
CHI,2023,@,DAL,W,104,89,38,69,.551,14,24,.583,14,15,.933,5,29,24,4,4,11,18,35,73,.479,7,20,.350,12,19,.632,7,28,26,9,3,12,15,4.0,8.0
CHI,2023,@,DAL,W,104,96,31,64,.484,12,26,.462,30,35,.857,12,31,19,7,1,18,28,32,70,.457,4,16,.250,28,35,.800,13,34,20,8,4,17,26,6.0,8.0
CHI,2023,,MIN,L,79,88,32,76,.421,11,28,.393,4,5,.800,6,28,20,7,2,11,18,30,58,.517,7,15,.467,21,26,.808,6,37,26,5,3,16,12,8.0,8.0
CHI,2023,@,NYL,L,73,89,29,70,.414,7,24,.292,8,9,.889,7,33,21,7,2,17,12,34,66,.515,13,25,.520,8,12,.667,5,34,28,9,4,14,13,11.0,8.0
CHI,2023,@,WAS,L,76,83,28,67,.418,8,25,.320,12,16,.750,12,34,17,8,3,16,18,30,61,.492,3,18,.167,20,24,.833,8,32,21,14,2,17,14,13.0,8.0
CHI,2023,@,ATL,L,67,78,27,68,.397,5,20,.250,8,12,.667,14,39,14,3,6,16,20,28,69,.406,4,14,.286,18,20,.900,7,31,23,3,2,6,12,18.0,8.0
CHI,2023,,CON,L,73,79,26,63,.413,3,21,.143,18,25,.720,7,25,21,5,3,10,18,27,57,.474,7,21,.333,18,23,.783,5,33,21,8,5,11,18,20.0,8.0
CHI,2023,,SEA,W,102,79,39,77,.506,9,25,.360,15,19,.789,11,36,20,11,4,4,21,27,71,.380,7,20,.350,18,25,.720,15,40,22,2,2,12,16,22.0,8.0
CHI,2023,,LVA,L,87,94,35,77,.455,9,27,.333,8,10,.800,10,33,23,8,0,16,15,34,71,.479,8,24,.333,18,18,1.000,6,34,21,6,5,14,15,24.0,8.0
CHI,2023,@,SEA,W,90,85,31,73,.425,10,22,.455,18,23,.783,6,33,24,10,4,10,15,31,72,.431,8,26,.308,15,17,.882,9,44,17,9,4,14,20,27.0,8.0
CHI,2023,@,LAS,W,76,75,30,65,.462,9,22,.409,7,13,.538,8,39,20,7,6,14,15,29,79,.367,7,23,.304,10,12,.833,14,41,23,10,1,9,15,29.0,8.0
CHI,2023,,NYL,L,69,86,27,72,.375,8,23,.348,7,8,.875,7,31,15,7,3,15,10,34,72,.472,10,27,.370,8,11,.727,10,40,23,12,5,14,9,3.0,9.0
CHI,2023,@,IND,W,96,69,38,77,.494,14,32,.438,6,7,.857,5,35,25,7,5,8,20,24,60,.400,5,16,.313,16,22,.727,5,31,17,6,2,17,11,5.0,9.0
CHI,2023,,MIN,W,92,87,35,75,.467,11,22,.500,11,14,.786,9,32,25,8,2,15,17,33,65,.508,7,19,.368,14,18,.778,7,31,24,11,1,16,14,8.0,9.0
CHI,2023,@,CON,W,102,91,39,72,.542,12,23,.522,12,14,.857,6,38,28,6,4,17,20,34,83,.410,7,23,.304,16,19,.842,10,36,21,9,3,10,13,10.0,9.0
CON,2023,@,IND,W,70,61,21,66,.318,4,17,.235,24,32,.750,12,43,15,10,6,16,21,22,66,.333,6,24,.250,11,19,.579,8,35,15,9,5,19,24,19.0,5.0
CON,2023,,WAS,W,80,74,25,68,.368,5,18,.278,25,36,.694,8,46,17,7,3,8,22,27,69,.391,3,21,.143,17,22,.773,4,38,18,4,5,11,25,21.0,5.0
CON,2023,@,WAS,W,88,81,29,61,.475,8,22,.364,22,30,.733,6,30,21,9,4,13,21,27,65,.415,8,28,.286,19,21,.905,12,33,18,5,1,14,21,23.0,5.0
CON,2023,@,NYL,L,65,81,22,63,.349,8,23,.348,13,16,.813,10,33,13,8,4,14,15,32,68,.471,9,22,.409,8,13,.615,11,39,25,10,5,13,17,27.0,5.0
CON,2023,,IND,W,81,78,29,72,.403,7,21,.333,16,22,.727,14,45,22,3,4,11,16,31,73,.425,4,21,.190,12,14,.857,10,37,16,5,6,10,21,30.0,5.0
CON,2023,@,MIN,W,89,84,36,71,.507,7,23,.304,10,11,.909,9,29,27,5,4,11,18,27,60,.450,8,19,.421,22,26,.846,9,32,16,4,3,14,18,1.0,6.0
CON,2023,,DAL,W,80,74,28,62,.452,5,16,.313,19,23,.826,6,34,21,7,1,17,18,24,65,.369,9,26,.346,17,19,.895,11,33,17,6,2,17,24,4.0,6.0
CON,2023,,LVA,L,84,90,29,71,.408,10,26,.385,16,23,.696,10,34,22,6,2,15,21,32,63,.508,4,15,.267,22,26,.846,5,31,25,9,6,14,17,6.0,6.0
CON,2023,,LVA,W,94,77,37,70,.529,8,14,.571,12,16,.750,10,34,28,12,2,12,20,28,60,.467,9,21,.429,12,17,.706,5,26,18,8,5,16,18,8.0,6.0
CON,2023,@,ATL,W,89,77,32,73,.438,4,15,.267,21,30,.700,10,34,21,12,4,16,22,26,62,.419,5,19,.263,20,24,.833,10,37,15,6,6,26,27,11.0,6.0
CON,2023,,ATL,L,88,92,33,77,.429,4,16,.250,18,23,.783,9,30,22,11,1,10,20,36,70,.514,4,14,.286,16,20,.800,6,38,23,4,4,18,24,15.0,6.0
CON,2023,@,LAS,W,83,74,34,64,.531,6,15,.400,9,11,.818,2,29,24,11,4,12,18,28,68,.412,4,19,.211,14,15,.933,10,34,18,5,2,15,14,18.0,6.0
CON,2023,@,SEA,W,85,79,32,69,.464,5,18,.278,16,21,.762,8,38,25,8,3,12,23,24,64,.375,8,25,.320,23,29,.793,7,34,18,6,5,15,19,20.0,6.0
CON,2023,@,MIN,W,89,68,27,60,.450,12,25,.480,23,29,.793,8,40,14,5,6,14,22,24,76,.316,4,22,.182,16,19,.842,12,37,20,4,3,9,24,22.0,6.0
CON,2023,,CHI,W,96,72,40,80,.500,8,21,.381,8,9,.889,11,38,30,12,2,14,16,29,65,.446,4,18,.222,10,17,.588,8,30,23,7,4,19,15,25.0,6.0
CON,2023,,NYL,L,81,89,31,79,.392,6,19,.316,13,14,.929,8,34,18,7,8,5,11,34,70,.486,9,20,.450,12,14,.857,6,38,24,4,9,9,12,27.0,6.0
CON,2023,@,LVA,L,84,102,33,70,.471,6,20,.300,12,19,.632,4,24,22,7,3,10,19,36,72,.500,7,23,.304,23,26,.885,11,42,25,7,5,12,22,1.0,7.0
CON,2023,,SEA,W,93,73,34,63,.540,9,13,.692,16,17,.941,6,30,24,10,7,17,18,26,67,.388,8,24,.333,13,17,.765,9,31,17,8,3,20,16,6.0,7.0
CON,2023,,WAS,W,92,84,33,65,.508,13,25,.520,13,21,.619,4,24,18,6,1,11,17,33,61,.541,7,17,.412,11,15,.733,5,31,24,8,4,17,21,9.0,7.0
CON,2023,@,CHI,W,84,72,34,69,.493,6,20,.300,10,17,.588,8,30,26,7,1,10,14,25,62,.403,8,20,.400,14,18,.778,7,31,19,6,7,16,17,12.0,7.0
CON,2023,,,,,,Team,Team,Team,Team,Team,Team,Team,Team,Team,Team,Team,Team,Team,Team,Team,Team,Opponent,Opponent,Opponent,Opponent,Opponent,Opponent,Opponent,Opponent,Opponent,Opponent,Opponent,Opponent,Opponent,Opponent,Opponent,Opponent,,
CON,2023,@,PHO,L,66,72,22,61,.361,6,16,.375,16,21,.762,6,32,14,7,4,10,15,26,62,.419,11,26,.423,9,10,.900,5,33,19,5,6,13,24,18.0,7.0
CON,2023,,ATL,W,82,71,29,68,.426,11,23,.478,13,18,.722,7,33,20,13,9,15,21,25,64,.391,7,18,.389,14,19,.737,10,39,15,9,5,21,20,20.0,7.0
CON,2023,@,ATL,W,86,78,29,66,.439,7,24,.292,21,28,.750,6,39,22,8,5,13,21,21,69,.304,6,26,.231,30,37,.811,10,38,7,6,7,9,20,22.0,7.0
CON,2023,@,DAL,W,88,83,29,66,.439,7,24,.292,23,26,.885,8,31,19,6,4,7,15,31,76,.408,7,21,.333,14,20,.700,18,44,15,5,5,9,21,25.0,7.0
CON,2023,,MIN,L,83,87,28,72,.389,3,17,.176,24,27,.889,11,34,22,10,5,10,14,35,61,.574,6,19,.316,11,16,.688,3,31,23,6,4,19,20,30.0,7.0
CON,2023,,MIN,W,79,69,36,71,.507,4,20,.200,3,6,.500,7,32,25,7,7,9,18,23,59,.390,5,18,.278,18,24,.750,5,30,14,5,1,16,13,1.0,8.0
CON,2023,@,IND,W,88,72,31,63,.492,9,22,.409,17,19,.895,10,32,21,8,3,16,21,22,57,.386,7,23,.304,21,24,.875,10,25,15,10,4,19,21,4.0,8.0
CON,2023,@,SEA,W,81,69,32,70,.457,7,15,.467,10,11,.909,11,34,21,11,5,11,17,29,70,.414,5,24,.208,6,10,.600,13,40,19,6,6,16,13,8.0,8.0
CON,2023,@,PHO,L,84,90,30,71,.423,7,13,.538,17,25,.680,10,31,17,7,3,13,23,31,56,.554,9,18,.500,19,21,.905,2,26,21,8,8,19,23,10.0,8.0
CON,2023,@,DAL,L,81,91,33,73,.452,8,18,.444,7,14,.500,9,34,18,7,2,12,20,30,64,.469,6,15,.400,25,27,.926,7,34,22,8,5,12,18,12.0,8.0
CON,2023,,DAL,L,75,95,27,71,.380,3,14,.214,18,23,.783,16,37,14,5,3,12,20,36,74,.486,8,19,.421,15,23,.652,16,40,19,8,10,12,18,18.0,8.0
CON,2023,@,CHI,W,79,73,27,57,.474,7,21,.333,18,23,.783,5,33,21,8,5,11,18,26,63,.413,3,21,.143,18,25,.720,7,25,21,5,3,10,18,20.0,8.0
CON,2023,@,WAS,W,68,64,24,61,.393,8,25,.320,12,13,.923,4,28,17,9,2,13,19,22,62,.355,7,22,.318,13,15,.867,9,38,16,6,7,20,16,22.0,8.0
CON,2023,,NYL,L,90,95,36,76,.474,11,32,.344,7,8,.875,6,35,27,4,1,11,24,33,75,.440,8,31,.258,21,26,.808,12,43,23,5,3,11,16,24.0,8.0
CON,2023,,LAS,W,83,68,32,65,.492,8,26,.308,11,16,.688,7,38,24,11,4,19,17,26,62,.419,6,21,.286,10,15,.667,1,26,21,13,1,14,16,27.0,8.0
CON,2023,,PHO,W,84,74,24,55,.436,12,18,.667,24,30,.800,6,30,18,8,4,11,16,30,58,.517,7,11,.636,7,11,.636,5,25,18,5,3,10,23,31.0,8.0
CON,2023,@,NYL,L,58,89,21,63,.333,6,20,.300,10,14,.714,6,27,14,6,3,13,19,34,62,.548,8,25,.320,13,18,.722,8,40,21,8,5,15,16,1.0,9.0
CON,2023,,LAS,W,90,76,34,67,.507,8,21,.381,14,16,.875,8,32,22,10,5,15,16,25,60,.417,8,19,.421,18,21,.857,8,25,17,6,5,13,20,5.0,9.0
CON,2023,,IND,W,76,59,29,58,.500,7,19,.368,11,17,.647,6,37,19,6,5,17,17,22,63,.349,4,18,.222,11,16,.688,6,27,11,10,3,13,21,8.0,9.0
CON,2023,,CHI,L,91,102,34,83,.410,7,23,.304,16,19,.842,10,36,21,9,3,10,13,39,72,.542,12,23,.522,12,14,.857,6,38,28,6,4,17,20,10.0,9.0
DAL,2023,,ATL,W,85,78,27,74,.365,9,30,.300,22,26,.846,13,40,13,10,5,16,19,29,82,.354,9,32,.281,11,14,.786,17,45,18,6,6,19,23,20.0,5.0
DAL,2023,@,SEA,W,95,91,37,74,.500,8,22,.364,13,13,1.000,8,32,19,6,6,13,17,31,72,.431,10,26,.385,19,20,.950,9,34,14,7,7,13,18,26.0,5.0
DAL,2023,@,CHI,L,88,94,32,79,.405,9,29,.310,15,17,.882,9,32,16,8,3,10,20,34,75,.453,6,19,.316,20,25,.800,15,44,24,6,4,16,17,28.0,5.0
DAL,2023,,MIN,W,94,89,33,75,.440,8,23,.348,20,22,.909,12,36,22,7,5,9,16,33,68,.485,9,18,.500,14,17,.824,7,34,21,3,2,15,20,30.0,5.0
DAL,2023,@,WAS,L,74,75,26,76,.342,9,32,.281,13,16,.813,11,45,18,10,2,10,25,19,59,.322,8,23,.348,29,31,.935,4,40,16,7,3,15,17,2.0,6.0
DAL,2023,@,CON,L,74,80,24,65,.369,9,26,.346,17,19,.895,11,33,17,6,2,17,24,28,62,.452,5,16,.313,19,23,.826,6,34,21,7,1,17,18,4.0,6.0
DAL,2023,,PHO,W,84,79,30,77,.390,4,23,.174,20,27,.741,15,50,13,6,6,17,17,31,70,.443,7,26,.269,10,13,.769,4,26,25,10,6,15,26,7.0,6.0
DAL,2023,,PHO,W,90,77,32,82,.390,8,29,.276,18,19,.947,17,41,22,7,9,14,19,30,68,.441,4,20,.200,13,17,.765,8,31,23,8,10,16,17,9.0,6.0
DAL,2023,@,NYL,L,93,102,32,82,.390,6,23,.261,23,28,.821,14,37,20,6,3,4,19,39,70,.557,13,28,.464,11,14,.786,5,38,31,3,3,11,19,11.0,6.0
DAL,2023,,LAS,L,61,79,25,69,.362,4,21,.190,7,7,1.000,12,38,14,3,3,17,19,32,62,.516,6,14,.429,9,16,.563,3,29,16,7,2,9,18,14.0,6.0
DAL,2023,,SEA,L,103,109,38,76,.500,10,26,.385,17,20,.850,8,30,23,8,5,10,26,33,65,.508,17,34,.500,26,32,.813,8,29,22,4,6,15,20,17.0,6.0
DAL,2023,,ATL,W,85,73,27,66,.409,6,17,.353,25,34,.735,16,46,19,6,5,16,20,22,67,.328,4,18,.222,25,33,.758,11,33,15,5,8,13,20,20.0,6.0
DAL,2023,@,LAS,L,74,76,28,70,.400,5,24,.208,13,17,.765,13,48,11,8,3,18,23,26,74,.351,2,18,.111,22,25,.880,11,32,16,13,1,13,15,23.0,6.0
DAL,2023,@,LAS,L,83,93,31,72,.431,6,22,.273,15,16,.938,9,35,20,12,7,13,17,31,62,.500,8,19,.421,23,29,.793,4,32,25,6,3,13,14,25.0,6.0
DAL,2023,@,PHO,W,77,62,30,64,.469,5,16,.313,12,14,.857,10,37,20,8,3,17,18,23,57,.404,3,20,.150,13,18,.722,4,25,18,7,7,16,16,27.0,6.0
DAL,2023,,WAS,W,89,72,33,74,.446,6,22,.273,17,23,.739,15,54,25,4,2,18,24,24,70,.343,4,25,.160,20,25,.800,5,24,19,9,6,9,18,2.0,7.0
DAL,2023,@,LVA,L,82,89,33,82,.402,6,24,.250,10,12,.833,13,39,18,8,1,8,19,30,65,.462,9,20,.450,20,24,.833,7,39,17,1,4,13,12,5.0,7.0
DAL,2023,,LVA,W,80,78,32,68,.471,3,14,.214,13,18,.722,10,36,21,13,4,16,16,27,60,.450,10,26,.385,14,17,.824,5,25,14,7,4,17,14,7.0,7.0
DAL,2023,@,IND,W,77,76,27,62,.435,2,13,.154,21,26,.808,9,33,18,9,4,13,18,30,67,.448,3,14,.214,13,17,.765,11,35,18,5,2,17,21,9.0,7.0
DAL,2023,@,MIN,W,107,67,41,79,.519,10,26,.385,15,19,.789,12,43,31,9,4,7,13,28,70,.400,6,23,.261,5,8,.625,10,28,16,4,3,15,16,12.0,7.0
DAL,2023,,,,,,Team,Team,Team,Team,Team,Team,Team,Team,Team,Team,Team,Team,Team,Team,Team,Team,Opponent,Opponent,Opponent,Opponent,Opponent,Opponent,Opponent,Opponent,Opponent,Opponent,Opponent,Opponent,Opponent,Opponent,Opponent,Opponent,,
DAL,2023,@,NYL,W,98,88,38,80,.475,7,16,.438,15,23,.652,12,40,25,6,3,2,16,32,70,.457,13,30,.433,11,12,.917,8,36,21,0,3,13,17,19.0,7.0
DAL,2023,,LAS,W,98,84,41,76,.539,6,19,.316,10,15,.667,13,38,26,9,6,11,14,32,63,.508,8,18,.444,12,14,.857,3,24,20,4,1,12,12,22.0,7.0
DAL,2023,,CON,L,83,88,31,76,.408,7,21,.333,14,20,.700,18,44,15,5,5,9,21,29,66,.439,7,24,.292,23,26,.885,8,31,19,6,4,7,15,25.0,7.0
DAL,2023,,WAS,W,90,62,37,63,.587,5,16,.313,11,12,.917,6,48,29,5,6,20,15,25,73,.342,5,26,.192,7,12,.583,7,21,19,11,2,8,16,28.0,7.0
DAL,2023,@,LVA,L,91,104,36,78,.462,7,18,.389,12,21,.571,15,41,18,8,3,16,23,32,64,.500,13,25,.520,27,28,.964,3,30,17,5,7,8,18,30.0,7.0
DAL,2023,@,SEA,W,76,65,28,77,.364,8,22,.364,12,12,1.000,17,44,17,11,2,13,15,26,64,.406,6,20,.300,7,10,.700,5,30,15,2,2,18,16,2.0,8.0
DAL,2023,,CHI,L,89,104,35,73,.479,7,20,.350,12,19,.632,7,28,26,9,3,12,15,38,69,.551,14,24,.583,14,15,.933,5,29,24,4,4,11,18,4.0,8.0
DAL,2023,,CHI,L,96,104,32,70,.457,4,16,.250,28,35,.800,13,34,20,8,4,17,26,31,64,.484,12,26,.462,30,35,.857,12,31,19,7,1,18,28,6.0,8.0
DAL,2023,,LVA,L,84,104,27,72,.375,9,26,.346,21,28,.750,8,30,23,4,4,6,17,37,74,.500,16,32,.500,14,16,.875,11,45,27,4,2,13,21,8.0,8.0
DAL,2023,,CON,W,91,81,30,64,.469,6,15,.400,25,27,.926,7,34,22,8,5,12,18,33,73,.452,8,18,.444,7,14,.500,9,34,18,7,2,12,20,12.0,8.0
DAL,2023,@,CON,W,95,75,36,74,.486,8,19,.421,15,23,.652,16,40,19,8,10,12,18,27,71,.380,3,14,.214,18,23,.783,16,37,14,5,3,12,20,18.0,8.0
DAL,2023,@,WAS,W,97,84,34,69,.493,9,21,.429,20,23,.870,8,40,23,11,1,18,16,30,71,.423,12,29,.414,12,17,.706,7,31,21,12,1,15,16,20.0,8.0
DAL,2023,@,MIN,L,86,91,33,77,.429,8,23,.348,12,16,.750,17,41,18,8,2,20,18,34,70,.486,11,25,.440,12,15,.800,8,28,26,9,2,14,19,22.0,8.0
DAL,2023,,MIN,L,81,90,30,66,.455,2,13,.154,19,25,.760,11,34,21,7,7,18,18,31,68,.456,7,24,.292,21,25,.840,10,33,21,8,4,14,20,24.0,8.0
DAL,2023,@,PHO,W,77,74,26,72,.361,6,16,.375,19,20,.950,14,34,10,6,3,11,15,32,62,.516,2,15,.133,8,10,.800,4,30,16,3,4,13,20,27.0,8.0
DAL,2023,@,IND,W,110,100,40,79,.506,14,24,.583,16,18,.889,14,35,25,7,4,10,19,35,71,.493,10,23,.435,20,23,.870,12,29,27,4,5,12,15,1.0,9.0
DAL,2023,,IND,L,84,97,32,83,.386,7,29,.241,13,19,.684,10,39,16,8,6,10,18,36,81,.444,13,29,.448,12,17,.706,10,41,23,6,4,15,25,3.0,9.0
DAL,2023,,NYL,L,93,94,37,76,.487,4,19,.211,15,18,.833,13,37,24,9,5,12,21,34,72,.472,8,26,.308,18,23,.783,11,32,26,4,3,12,13,5.0,9.0
DAL,2023,,SEA,W,106,91,41,69,.594,8,20,.400,16,21,.762,9,36,30,7,5,15,22,31,69,.449,11,25,.440,18,21,.857,8,24,22,5,2,16,19,8.0,9.0
DAL,2023,@,ATL,W,94,77,33,66,.500,5,18,.278,23,23,1.000,6,44,26,6,4,16,20,26,68,.382,6,18,.333,19,26,.731,7,29,17,6,3,13,18,10.0,9.0
IND,2023,,CON,L,61,70,22,66,.333,6,24,.250,11,19,.579,8,35,15,9,5,19,24,21,66,.318,4,17,.235,24,32,.750,12,43,15,10,6,16,21,19.0,5.0
IND,2023,@,NYL,L,73,90,26,73,.356,5,20,.250,16,21,.762,12,35,11,8,4,15,16,33,68,.485,14,29,.483,10,11,.909,7,36,28,7,5,17,20,21.0,5.0
IND,2023,@,ATL,W,90,87,35,76,.461,11,29,.379,9,12,.750,12,43,20,7,2,12,23,25,65,.385,8,20,.400,29,34,.853,7,29,16,2,4,11,18,28.0,5.0
IND,2023,@,CON,L,78,81,31,73,.425,4,21,.190,12,14,.857,10,37,16,5,6,10,21,29,72,.403,7,21,.333,16,22,.727,14,45,22,3,4,11,16,30.0,5.0
IND,2023,,LVA,L,80,84,31,71,.437,11,19,.579,7,10,.700,4,39,17,3,2,11,23,32,72,.444,4,21,.190,16,22,.727,6,35,21,6,6,5,15,4.0,6.0
IND,2023,@,CHI,L,103,108,40,73,.548,9,20,.450,14,16,.875,10,35,24,3,2,15,20,38,76,.500,9,21,.429,23,25,.920,4,25,26,10,2,4,18,6.0,6.0
IND,2023,@,MIN,W,71,69,28,69,.406,6,20,.300,9,13,.692,6,34,18,4,2,11,20,24,63,.381,5,16,.313,16,20,.800,6,38,16,5,3,13,14,9.0,6.0
IND,2023,,PHO,L,82,85,33,68,.485,4,20,.200,12,16,.750,11,31,22,1,4,11,20,29,64,.453,9,24,.375,18,21,.857,7,29,20,7,2,10,17,11.0,6.0
IND,2023,,WAS,W,87,66,32,68,.471,4,17,.235,19,24,.792,14,46,17,5,2,12,21,22,66,.333,7,25,.280,15,19,.789,6,27,16,3,4,12,19,13.0,6.0
IND,2023,@,CHI,W,92,90,33,64,.516,5,14,.357,21,24,.875,7,26,17,4,1,9,19,35,68,.515,12,26,.462,8,11,.727,9,28,22,4,8,10,19,15.0,6.0
IND,2023,,ATL,L,94,100,33,73,.452,4,19,.211,24,29,.828,11,34,19,9,4,15,20,37,66,.561,7,15,.467,19,24,.792,3,31,19,7,3,16,20,18.0,6.0
IND,2023,@,SEA,W,80,68,30,69,.435,10,22,.455,10,13,.769,9,47,19,4,5,17,22,22,74,.297,11,29,.379,13,16,.813,5,29,15,8,2,10,15,22.0,6.0
IND,2023,@,LVA,L,88,101,34,68,.500,6,16,.375,14,15,.933,5,31,22,8,1,15,22,34,64,.531,11,23,.478,22,27,.815,5,31,27,6,7,12,14,24.0,6.0
IND,2023,@,LVA,L,80,88,28,78,.359,6,22,.273,18,21,.857,16,39,12,8,4,8,21,27,66,.409,7,24,.292,27,28,.964,10,39,15,4,6,15,20,26.0,6.0
IND,2023,@,PHO,L,63,85,24,72,.333,6,17,.353,9,10,.900,13,33,17,4,1,16,18,34,64,.531,6,19,.316,11,16,.688,5,30,28,6,8,14,17,29.0,6.0
IND,2023,,CHI,L,87,89,35,68,.515,5,17,.294,12,18,.667,9,35,21,6,1,15,18,34,68,.500,12,28,.429,9,16,.563,9,31,22,8,3,13,21,2.0,7.0
IND,2023,@,MIN,L,83,90,33,70,.471,4,16,.250,13,14,.929,10,30,15,10,4,16,25,27,58,.466,7,20,.350,29,34,.853,8,26,20,5,2,18,16,5.0,7.0
IND,2023,@,WAS,L,88,96,33,60,.550,9,18,.500,13,19,.684,5,28,24,3,2,13,29,29,63,.460,7,21,.333,31,37,.838,10,31,14,6,0,7,20,7.0,7.0
IND,2023,,DAL,L,76,77,30,67,.448,3,14,.214,13,17,.765,11,35,18,5,2,17,21,27,62,.435,2,13,.154,21,26,.808,9,33,18,9,4,13,18,9.0,7.0
IND,2023,,NYL,L,87,95,32,82,.390,6,21,.286,17,21,.810,8,40,20,7,0,13,22,31,74,.419,12,36,.333,21,24,.875,8,47,27,7,4,19,22,12.0,7.0
IND,2023,,,,,,Team,Team,Team,Team,Team,Team,Team,Team,Team,Team,Team,Team,Team,Team,Team,Team,Opponent,Opponent,Opponent,Opponent,Opponent,Opponent,Opponent,Opponent,Opponent,Opponent,Opponent,Opponent,Opponent,Opponent,Opponent,Opponent,,
IND,2023,@,WAS,W,82,76,28,64,.438,8,24,.333,18,21,.857,6,32,22,7,0,14,20,29,65,.446,8,25,.320,10,14,.714,6,32,22,7,6,15,20,19.0,7.0
IND,2023,@,NYL,L,83,101,30,65,.462,8,17,.471,15,17,.882,8,25,19,10,4,15,17,37,68,.544,17,34,.500,10,14,.714,11,35,29,8,3,16,15,23.0,7.0
IND,2023,@,LAS,L,78,79,28,64,.438,6,22,.273,16,18,.889,8,35,20,4,4,15,15,31,71,.437,6,16,.375,11,12,.917,6,25,17,9,5,11,13,25.0,7.0
IND,2023,@,LAS,L,68,81,29,64,.453,8,25,.320,2,3,.667,3,30,19,8,3,13,19,28,63,.444,5,20,.250,20,23,.870,4,30,17,7,4,12,9,27.0,7.0
IND,2023,,SEA,L,62,85,25,66,.379,4,16,.250,8,12,.667,10,27,17,8,2,17,11,31,58,.534,12,24,.500,11,13,.846,5,28,23,11,5,17,19,30.0,7.0
IND,2023,,PHO,W,72,71,25,63,.397,4,15,.267,18,22,.818,11,36,12,8,3,20,20,25,64,.391,9,23,.391,12,14,.857,6,29,18,7,4,18,23,1.0,8.0
IND,2023,,CON,L,72,88,22,57,.386,7,23,.304,21,24,.875,10,25,15,10,4,19,21,31,63,.492,9,22,.409,17,19,.895,10,32,21,8,3,16,21,4.0,8.0
IND,2023,@,ATL,L,73,82,29,64,.453,4,13,.308,11,20,.550,8,33,12,8,4,14,23,30,62,.484,9,20,.450,13,21,.619,4,28,23,6,7,10,16,6.0,8.0
IND,2023,,LAS,L,80,87,30,64,.469,6,20,.300,14,17,.824,6,39,20,7,5,20,21,29,72,.403,8,19,.421,21,24,.875,6,31,19,8,6,8,14,8.0,8.0
IND,2023,,MIN,W,91,73,34,68,.500,10,27,.370,13,14,.929,13,39,23,8,5,12,16,25,63,.397,10,19,.526,13,15,.867,7,26,17,6,1,13,17,10.0,8.0
IND,2023,,NYL,L,89,100,33,71,.465,7,18,.389,16,19,.842,8,32,18,2,4,11,17,37,72,.514,12,29,.414,14,19,.737,10,35,32,7,5,8,17,13.0,8.0
IND,2023,,WAS,L,79,83,31,66,.470,8,20,.400,9,10,.900,7,36,16,4,2,17,21,26,61,.426,12,25,.480,19,25,.760,3,27,16,7,4,9,18,18.0,8.0
IND,2023,@,PHO,W,83,73,29,65,.446,7,18,.389,18,26,.692,8,29,16,10,3,8,18,27,67,.403,3,22,.136,16,23,.696,12,36,9,3,3,13,20,20.0,8.0
IND,2023,,SEA,W,90,86,28,65,.431,9,22,.409,25,32,.781,9,35,18,6,6,13,17,28,67,.418,11,28,.393,19,25,.760,8,31,15,9,6,11,25,24.0,8.0
IND,2023,,ATL,W,83,80,32,70,.457,9,19,.474,10,13,.769,7,31,18,8,2,13,18,26,69,.377,4,16,.250,24,27,.889,12,37,15,7,2,13,14,27.0,8.0
IND,2023,,DAL,L,100,110,35,71,.493,10,23,.435,20,23,.870,12,29,27,4,5,12,15,40,79,.506,14,24,.583,16,18,.889,14,35,25,7,4,10,19,1.0,9.0
IND,2023,@,DAL,W,97,84,36,81,.444,13,29,.448,12,17,.706,10,41,23,6,4,15,25,32,83,.386,7,29,.241,13,19,.684,10,39,16,8,6,10,18,3.0,9.0
IND,2023,,CHI,L,69,96,24,60,.400,5,16,.313,16,22,.727,5,31,17,6,2,17,11,38,77,.494,14,32,.438,6,7,.857,5,35,25,7,5,8,20,5.0,9.0
IND,2023,@,CON,L,59,76,22,63,.349,4,18,.222,11,16,.688,6,27,11,10,3,13,21,29,58,.500,7,19,.368,11,17,.647,6,37,19,6,5,17,17,8.0,9.0
IND,2023,,MIN,W,87,72,34,71,.479,8,20,.400,11,19,.579,11,36,13,13,0,15,16,27,67,.403,5,20,.250,13,17,.765,8,29,13,5,2,14,15,10.0,9.0
LAS,2023,,PHO,W,94,71,29,73,.397,9,22,.409,27,29,.931,11,32,20,10,2,6,19,24,59,.407,6,20,.300,17,20,.850,6,34,18,2,8,19,20,19.0,5.0
LAS,2023,,LVA,L,85,94,32,76,.421,7,19,.368,14,20,.700,6,30,23,16,4,11,22,31,59,.525,10,23,.435,22,28,.786,5,37,18,8,6,20,16,25.0,5.0
LAS,2023,@,LVA,L,65,93,25,68,.368,8,22,.364,7,9,.778,6,33,18,2,3,19,15,37,80,.463,9,32,.281,10,12,.833,9,38,25,16,8,9,16,27.0,5.0
LAS,2023,@,PHO,W,99,93,37,75,.493,8,24,.333,17,19,.895,8,29,22,8,2,13,22,32,61,.525,8,24,.333,21,26,.808,6,29,21,3,5,20,23,2.0,6.0
LAS,2023,,SEA,W,92,85,31,68,.456,7,19,.368,23,27,.852,7,34,24,13,1,7,14,30,65,.462,13,25,.520,12,16,.750,6,37,18,3,9,16,23,3.0,6.0
LAS,2023,@,SEA,L,63,66,22,56,.393,5,15,.333,14,16,.875,3,33,19,6,3,21,21,22,68,.324,4,20,.200,18,22,.818,9,37,10,11,5,13,22,6.0,6.0
LAS,2023,,CHI,W,77,62,28,73,.384,3,20,.150,18,22,.818,10,42,16,10,1,10,9,27,67,.403,4,23,.174,4,8,.500,7,34,15,10,10,16,19,9.0,6.0
LAS,2023,@,MIN,L,86,91,32,67,.478,9,28,.321,13,15,.867,2,26,26,7,6,10,21,30,67,.448,7,26,.269,24,25,.960,8,38,20,7,1,12,15,11.0,6.0
LAS,2023,@,DAL,W,79,61,32,62,.516,6,14,.429,9,16,.563,3,29,16,7,2,9,18,25,69,.362,4,21,.190,7,7,1.000,12,38,14,3,3,17,19,14.0,6.0
LAS,2023,,MIN,L,72,77,26,60,.433,9,26,.346,11,16,.688,5,28,18,6,1,12,24,27,53,.509,6,19,.316,17,25,.680,4,29,19,6,4,14,17,16.0,6.0
LAS,2023,,CON,L,74,83,28,68,.412,4,19,.211,14,15,.933,10,34,18,5,2,15,14,34,64,.531,6,15,.400,9,11,.818,2,29,24,11,4,12,18,18.0,6.0
LAS,2023,,MIN,L,61,67,23,62,.371,8,26,.308,7,10,.700,4,37,14,4,3,17,20,26,67,.388,6,25,.240,9,14,.643,6,35,20,12,1,10,14,20.0,6.0
LAS,2023,,DAL,W,76,74,26,74,.351,2,18,.111,22,25,.880,11,32,16,13,1,13,15,28,70,.400,5,24,.208,13,17,.765,13,48,11,8,3,18,23,23.0,6.0
LAS,2023,,DAL,W,93,83,31,62,.500,8,19,.421,23,29,.793,4,32,25,6,3,13,14,31,72,.431,6,22,.273,15,16,.938,9,35,20,12,7,13,17,25.0,6.0
LAS,2023,@,CHI,L,63,80,22,63,.349,4,13,.308,15,19,.789,8,34,17,10,5,16,23,30,66,.455,9,21,.429,11,21,.524,9,35,16,6,7,12,17,28.0,6.0
LAS,2023,@,CHI,L,78,86,28,67,.418,4,13,.308,18,23,.783,10,30,16,9,3,13,13,37,65,.569,7,15,.467,5,9,.556,8,31,28,8,5,15,18,30.0,6.0
LAS,2023,@,ATL,L,84,112,28,67,.418,5,18,.278,23,30,.767,6,33,17,10,3,13,22,37,68,.544,9,21,.429,29,34,.853,6,40,18,11,7,13,19,2.0,7.0
LAS,2023,,ATL,L,79,90,29,68,.426,6,22,.273,15,22,.682,4,33,20,3,5,11,20,33,67,.493,10,24,.417,14,23,.609,3,39,30,6,5,8,19,5.0,7.0
LAS,2023,@,PHO,L,72,78,26,70,.371,8,21,.381,12,14,.857,8,30,15,9,2,11,19,30,63,.476,5,17,.294,13,15,.867,10,37,22,7,6,17,19,9.0,7.0
LAS,2023,,LVA,L,78,97,34,78,.436,4,21,.190,6,8,.750,12,36,22,9,3,16,13,37,68,.544,9,22,.409,14,16,.875,5,34,20,12,5,15,14,12.0,7.0
LAS,2023,,,,,,Team,Team,Team,Team,Team,Team,Team,Team,Team,Team,Team,Team,Team,Team,Team,Team,Opponent,Opponent,Opponent,Opponent,Opponent,Opponent,Opponent,Opponent,Opponent,Opponent,Opponent,Opponent,Opponent,Opponent,Opponent,Opponent,,
LAS,2023,@,MIN,L,70,73,25,62,.403,7,21,.333,13,16,.813,7,39,17,9,1,18,20,30,68,.441,6,23,.261,7,12,.583,6,36,19,8,2,13,14,20.0,7.0
LAS,2023,@,DAL,L,84,98,32,63,.508,8,18,.444,12,14,.857,3,24,20,4,1,12,12,41,76,.539,6,19,.316,10,15,.667,13,38,26,9,6,11,14,22.0,7.0
LAS,2023,,IND,W,79,78,31,71,.437,6,16,.375,11,12,.917,6,25,17,9,5,11,13,28,64,.438,6,22,.273,16,18,.889,8,35,20,4,4,15,15,25.0,7.0
LAS,2023,,IND,W,81,68,28,63,.444,5,20,.250,20,23,.870,4,30,17,7,4,12,9,29,64,.453,8,25,.320,2,3,.667,3,30,19,8,3,13,19,27.0,7.0
LAS,2023,,NYL,L,79,87,31,72,.431,5,22,.227,12,18,.667,4,25,17,10,3,8,13,32,70,.457,15,34,.441,8,11,.727,10,42,26,5,6,17,18,30.0,7.0
LAS,2023,,NYL,L,69,76,24,70,.343,6,20,.300,15,16,.938,12,35,18,7,1,12,17,28,66,.424,8,33,.242,12,15,.800,13,40,20,6,6,12,16,1.0,8.0
LAS,2023,@,WAS,L,77,79,28,67,.418,7,17,.412,14,18,.778,11,43,17,3,2,16,21,31,71,.437,5,22,.227,12,13,.923,3,32,22,10,0,10,20,4.0,8.0
LAS,2023,@,WAS,W,91,83,27,59,.458,10,21,.476,27,31,.871,6,32,21,11,3,15,23,29,62,.468,7,14,.500,18,27,.667,4,24,19,7,1,16,23,6.0,8.0
LAS,2023,@,IND,W,87,80,29,72,.403,8,19,.421,21,24,.875,6,31,19,8,6,8,14,30,64,.469,6,20,.300,14,17,.824,6,39,20,7,5,20,21,8.0,8.0
LAS,2023,,ATL,W,85,74,28,62,.452,5,15,.333,24,28,.857,4,30,20,8,2,12,21,24,60,.400,4,23,.174,22,24,.917,4,31,16,5,5,14,28,12.0,8.0
LAS,2023,@,LVA,W,78,72,28,53,.528,6,12,.500,16,17,.941,2,29,17,10,2,22,10,27,75,.360,8,32,.250,10,11,.909,13,32,17,12,2,15,19,19.0,8.0
LAS,2023,,PHO,W,91,62,34,63,.540,10,17,.588,13,19,.684,8,30,24,8,5,7,18,24,59,.407,3,16,.188,11,14,.786,8,28,19,4,6,13,18,23.0,8.0
LAS,2023,@,ATL,W,83,78,31,65,.477,6,18,.333,15,17,.882,5,27,19,9,3,9,19,30,62,.484,5,10,.500,13,16,.813,6,29,17,6,4,15,17,25.0,8.0
LAS,2023,@,CON,L,68,83,26,62,.419,6,21,.286,10,15,.667,1,26,21,13,1,14,16,32,65,.492,8,26,.308,11,16,.688,7,38,24,11,4,19,17,27.0,8.0
LAS,2023,,CHI,L,75,76,29,79,.367,7,23,.304,10,12,.833,14,41,23,10,1,9,15,30,65,.462,9,22,.409,7,13,.538,8,39,20,7,6,14,15,29.0,8.0
LAS,2023,,SEA,L,61,72,20,66,.303,6,21,.286,15,16,.938,4,26,17,12,1,13,18,21,54,.389,5,23,.217,25,28,.893,6,45,14,9,6,20,19,31.0,8.0
LAS,2023,,WAS,W,72,64,23,58,.397,5,20,.250,21,24,.875,2,31,16,8,4,11,11,26,65,.400,6,26,.231,6,7,.857,6,31,16,6,7,13,21,3.0,9.0
LAS,2023,@,CON,L,76,90,25,60,.417,8,19,.421,18,21,.857,8,25,17,6,5,13,20,34,67,.507,8,21,.381,14,16,.875,8,32,22,10,5,15,16,5.0,9.0
LAS,2023,@,NYL,L,89,96,34,71,.479,10,23,.435,11,13,.846,7,25,16,8,7,11,12,35,69,.507,17,34,.500,9,10,.900,7,31,32,7,5,17,15,7.0,9.0
LAS,2023,@,SEA,W,91,89,34,77,.442,5,18,.278,18,24,.750,14,38,25,16,2,12,16,32,65,.492,12,22,.545,13,15,.867,5,33,25,5,3,20,19,10.0,9.0
MIN,2023,,CHI,L,66,77,21,63,.333,6,24,.250,18,21,.857,11,40,16,8,8,20,10,31,72,.431,9,24,.375,6,6,1.000,7,35,23,14,8,12,19,19.0,5.0
MIN,2023,,ATL,L,77,83,30,67,.448,6,20,.300,11,15,.733,10,33,23,10,1,14,26,29,69,.420,7,23,.304,18,20,.900,11,33,21,6,6,16,16,23.0,5.0
MIN,2023,@,PHO,L,81,90,28,70,.400,3,18,.167,22,25,.880,6,25,17,8,2,11,22,28,57,.491,13,28,.464,21,23,.913,6,33,23,5,5,18,25,25.0,5.0
MIN,2023,@,LVA,L,73,94,26,71,.366,7,21,.333,14,17,.824,8,40,16,4,2,13,18,32,72,.444,14,39,.359,16,17,.941,4,36,25,9,7,10,20,28.0,5.0
MIN,2023,@,DAL,L,89,94,33,68,.485,9,18,.500,14,17,.824,7,34,21,3,2,15,20,33,75,.440,8,23,.348,20,22,.909,12,36,22,7,5,9,16,30.0,5.0
MIN,2023,,CON,L,84,89,27,60,.450,8,19,.421,22,26,.846,9,32,16,4,3,14,18,36,71,.507,7,23,.304,10,11,.909,9,29,27,5,4,11,18,1.0,6.0
MIN,2023,@,WAS,W,80,78,28,63,.444,9,24,.375,15,17,.882,7,39,19,4,0,16,14,28,71,.394,9,30,.300,13,14,.929,7,31,16,8,3,8,17,3.0,6.0
MIN,2023,,IND,L,69,71,24,63,.381,5,16,.313,16,20,.800,6,38,16,5,3,13,14,28,69,.406,6,20,.300,9,13,.692,6,34,18,4,2,11,20,9.0,6.0
MIN,2023,,LAS,W,91,86,30,67,.448,7,26,.269,24,25,.960,8,38,20,7,1,12,15,32,67,.478,9,28,.321,13,15,.867,2,26,26,7,6,10,21,11.0,6.0
MIN,2023,@,LAS,W,77,72,27,53,.509,6,19,.316,17,25,.680,4,29,19,6,4,14,17,26,60,.433,9,26,.346,11,16,.688,5,28,18,6,1,12,24,16.0,6.0
MIN,2023,@,LVA,L,62,93,25,75,.333,4,24,.167,8,9,.889,10,42,12,3,4,10,15,35,74,.473,10,30,.333,13,15,.867,7,39,18,7,9,5,13,18.0,6.0
MIN,2023,@,LAS,W,67,61,26,67,.388,6,25,.240,9,14,.643,6,35,20,12,1,10,14,23,62,.371,8,26,.308,7,10,.700,4,37,14,4,3,17,20,20.0,6.0
MIN,2023,,CON,L,68,89,24,76,.316,4,22,.182,16,19,.842,12,37,20,4,3,9,24,27,60,.450,12,25,.480,23,29,.793,8,40,14,5,6,14,22,22.0,6.0
MIN,2023,,SEA,W,104,93,41,77,.532,8,20,.400,14,15,.933,6,38,25,3,2,8,15,34,74,.459,13,31,.419,12,14,.857,8,33,21,5,5,7,17,27.0,6.0
MIN,2023,@,SEA,W,99,97,35,76,.461,9,26,.346,20,25,.800,7,36,25,11,10,10,19,34,84,.405,13,26,.500,16,19,.842,13,48,21,8,3,18,20,29.0,6.0
MIN,2023,@,PHO,W,86,76,31,68,.456,6,18,.333,18,22,.818,7,30,16,13,1,12,18,30,59,.508,6,19,.316,10,18,.556,9,35,19,4,4,22,20,1.0,7.0
MIN,2023,,IND,W,90,83,27,58,.466,7,20,.350,29,34,.853,8,26,20,5,2,18,16,33,70,.471,4,16,.250,13,14,.929,10,30,15,10,4,16,25,5.0,7.0
MIN,2023,,PHO,W,75,64,28,65,.431,7,19,.368,12,15,.800,10,38,20,12,4,15,15,23,61,.377,6,20,.300,12,14,.857,5,30,17,5,3,19,18,7.0,7.0
MIN,2023,,LVA,L,89,113,36,72,.500,9,16,.563,8,15,.533,5,26,24,6,2,13,14,43,72,.597,17,39,.436,10,14,.714,7,34,31,9,11,11,11,9.0,7.0
MIN,2023,,DAL,L,67,107,28,70,.400,6,23,.261,5,8,.625,10,28,16,4,3,15,16,41,79,.519,10,26,.385,15,19,.789,12,43,31,9,4,7,13,12.0,7.0
MIN,2023,,,,,,Team,Team,Team,Team,Team,Team,Team,Team,Team,Team,Team,Team,Team,Team,Team,Team,Opponent,Opponent,Opponent,Opponent,Opponent,Opponent,Opponent,Opponent,Opponent,Opponent,Opponent,Opponent,Opponent,Opponent,Opponent,Opponent,,
MIN,2023,@,ATL,L,73,82,25,66,.379,6,22,.273,17,21,.810,7,37,12,5,4,13,17,29,72,.403,13,33,.394,11,15,.733,8,37,24,5,4,12,21,18.0,7.0
MIN,2023,,LAS,W,73,70,30,68,.441,6,23,.261,7,12,.583,6,36,19,8,2,13,14,25,62,.403,7,21,.333,13,16,.813,7,39,17,9,1,18,20,20.0,7.0
MIN,2023,,LVA,L,81,98,32,75,.427,8,27,.296,9,10,.900,8,36,17,5,5,15,20,36,69,.522,8,26,.308,18,24,.750,4,34,25,8,1,13,12,22.0,7.0
MIN,2023,,WAS,W,97,92,37,73,.507,4,13,.308,19,23,.826,9,33,21,10,0,11,8,40,78,.513,8,21,.381,4,4,1.000,8,29,18,7,4,13,18,26.0,7.0
MIN,2023,@,NYL,W,88,83,33,71,.465,9,22,.409,13,21,.619,12,40,20,5,0,14,18,26,72,.361,10,35,.286,21,25,.840,11,37,20,6,3,10,21,28.0,7.0
MIN,2023,@,CON,W,87,83,35,61,.574,6,19,.316,11,16,.688,3,31,23,6,4,19,20,28,72,.389,3,17,.176,24,27,.889,11,34,22,10,5,10,14,30.0,7.0
MIN,2023,@,CON,L,69,79,23,59,.390,5,18,.278,18,24,.750,5,30,14,5,1,16,13,36,71,.507,4,20,.200,3,6,.500,7,32,25,7,7,9,18,1.0,8.0
MIN,2023,,NYL,L,66,76,26,63,.413,3,16,.188,11,14,.786,9,32,21,8,2,10,16,30,75,.400,9,30,.300,7,8,.875,16,43,20,5,4,12,15,4.0,8.0
MIN,2023,@,CHI,W,88,79,30,58,.517,7,15,.467,21,26,.808,6,37,26,5,3,16,12,32,76,.421,11,28,.393,4,5,.800,6,28,20,7,2,11,18,8.0,8.0
MIN,2023,@,IND,L,73,91,25,63,.397,10,19,.526,13,15,.867,7,26,17,6,1,13,17,34,68,.500,10,27,.370,13,14,.929,13,39,23,8,5,12,16,10.0,8.0
MIN,2023,@,SEA,W,78,70,28,64,.438,6,21,.286,16,18,.889,9,36,17,6,0,13,18,25,68,.368,8,27,.296,12,17,.706,11,33,16,8,6,15,17,18.0,8.0
MIN,2023,,SEA,L,74,88,24,68,.353,4,18,.222,22,24,.917,9,37,15,6,2,11,18,32,76,.421,10,26,.385,14,18,.778,10,41,16,4,5,9,19,20.0,8.0
MIN,2023,,DAL,W,91,86,34,70,.486,11,25,.440,12,15,.800,8,28,26,9,2,14,19,33,77,.429,8,23,.348,12,16,.750,17,41,18,8,2,20,18,22.0,8.0
MIN,2023,@,DAL,W,90,81,31,68,.456,7,24,.292,21,25,.840,10,33,21,8,4,14,20,30,66,.455,2,13,.154,19,25,.760,11,34,21,7,7,18,18,24.0,8.0
MIN,2023,,NYL,L,76,111,31,71,.437,8,21,.381,6,7,.857,5,29,19,1,2,13,14,41,74,.554,12,27,.444,17,17,1.000,5,35,22,7,4,6,9,26.0,8.0
MIN,2023,@,WAS,L,72,83,28,67,.418,9,26,.346,7,7,1.000,9,34,19,7,2,14,20,29,64,.453,12,25,.480,13,15,.867,8,32,21,8,2,14,15,29.0,8.0
MIN,2023,,ATL,W,91,85,36,83,.434,8,25,.320,11,15,.733,14,50,23,3,5,13,19,32,88,.364,5,19,.263,16,20,.800,13,45,20,8,6,10,17,1.0,9.0
MIN,2023,,PHO,W,86,73,31,72,.431,9,21,.429,15,22,.682,10,41,28,6,5,12,23,25,68,.368,7,14,.500,16,22,.727,9,37,13,5,1,12,21,3.0,9.0
MIN,2023,@,CHI,L,87,92,33,65,.508,7,19,.368,14,18,.778,7,31,24,11,1,16,14,35,75,.467,11,22,.500,11,14,.786,9,32,25,8,2,15,17,8.0,9.0
MIN,2023,@,IND,L,72,87,27,67,.403,5,20,.250,13,17,.765,8,29,13,5,2,14,15,34,71,.479,8,20,.400,11,19,.579,11,36,13,13,0,15,16,10.0,9.0
NYL,2023,@,WAS,L,64,80,23,67,.343,7,31,.226,11,14,.786,8,40,18,8,2,20,13,32,70,.457,6,23,.261,10,11,.909,3,32,23,13,4,12,17,19.0,5.0
NYL,2023,,IND,W,90,73,33,68,.485,14,29,.483,10,11,.909,7,36,28,7,5,17,20,26,73,.356,5,20,.250,16,21,.762,12,35,11,8,4,15,16,21.0,5.0
NYL,2023,,CON,W,81,65,32,68,.471,9,22,.409,8,13,.615,11,39,25,10,5,13,17,22,63,.349,8,23,.348,13,16,.813,10,33,13,8,4,14,15,27.0,5.0
NYL,2023,@,SEA,W,86,78,28,57,.491,9,24,.375,21,23,.913,3,32,23,3,11,13,17,28,73,.384,6,18,.333,16,21,.762,12,35,16,3,3,7,22,30.0,5.0
NYL,2023,@,CHI,W,77,76,31,67,.463,9,26,.346,6,7,.857,3,28,23,5,7,11,13,30,71,.423,11,19,.579,5,7,.714,10,38,20,4,3,13,17,2.0,6.0
NYL,2023,,CHI,L,82,86,33,74,.446,6,25,.240,10,14,.714,7,41,25,7,1,16,24,30,67,.448,9,23,.391,17,27,.630,6,34,19,4,8,12,13,4.0,6.0
NYL,2023,@,ATL,W,106,83,34,75,.453,14,30,.467,24,26,.923,9,37,23,9,9,10,21,30,67,.448,9,20,.450,14,22,.636,5,34,17,3,3,17,21,9.0,6.0
NYL,2023,,DAL,W,102,93,39,70,.557,13,28,.464,11,14,.786,5,38,31,3,3,11,19,32,82,.390,6,23,.261,23,28,.821,14,37,20,6,3,4,19,11.0,6.0
NYL,2023,,ATL,L,79,86,26,66,.394,8,27,.296,19,22,.864,8,33,19,8,7,13,20,31,71,.437,8,24,.333,16,18,.889,13,42,15,7,2,14,18,13.0,6.0
NYL,2023,,PHO,W,89,71,30,62,.484,9,26,.346,20,24,.833,12,39,25,6,4,16,13,27,64,.422,7,22,.318,10,13,.769,8,27,16,8,0,12,24,18.0,6.0
NYL,2023,@,ATL,W,110,80,36,74,.486,17,35,.486,21,27,.778,7,42,29,13,3,15,20,26,68,.382,5,12,.417,23,27,.852,8,37,15,7,5,20,20,23.0,6.0
NYL,2023,,WAS,W,89,88,27,73,.370,12,35,.343,23,29,.793,14,45,19,9,2,17,24,33,69,.478,9,21,.429,13,18,.722,2,29,19,7,3,13,26,25.0,6.0
NYL,2023,@,CON,W,89,81,34,70,.486,9,20,.450,12,14,.857,6,38,24,4,9,9,12,31,79,.392,6,19,.316,13,14,.929,8,34,18,7,8,5,11,27.0,6.0
NYL,2023,@,LVA,L,81,98,31,65,.477,8,20,.400,11,15,.733,8,31,21,3,3,15,14,40,69,.580,9,21,.429,9,10,.900,4,27,32,10,1,7,15,29.0,6.0
NYL,2023,@,SEA,W,81,66,33,71,.465,8,25,.320,7,8,.875,8,37,30,16,7,14,20,23,65,.354,9,25,.360,11,14,.786,8,33,16,5,4,19,15,2.0,7.0
NYL,2023,,PHO,W,99,95,32,65,.492,11,25,.440,24,28,.857,6,30,27,6,3,15,20,34,67,.507,9,20,.450,18,22,.818,3,25,23,7,5,15,25,5.0,7.0
NYL,2023,,SEA,W,80,76,27,66,.409,13,30,.433,13,15,.867,4,30,23,5,2,13,15,29,75,.387,6,32,.188,12,14,.857,15,48,19,7,6,15,17,8.0,7.0
NYL,2023,@,IND,W,95,87,31,74,.419,12,36,.333,21,24,.875,8,47,27,7,4,19,22,32,82,.390,6,21,.286,17,21,.810,8,40,20,7,0,13,22,12.0,7.0
NYL,2023,,DAL,L,88,98,32,70,.457,13,30,.433,11,12,.917,8,36,21,0,3,13,17,38,80,.475,7,16,.438,15,23,.652,12,40,25,6,3,2,16,19.0,7.0
NYL,2023,@,WAS,W,96,87,35,74,.473,11,31,.355,15,17,.882,12,48,22,3,5,18,16,30,77,.390,10,23,.435,17,18,.944,8,28,19,6,5,10,18,21.0,7.0
NYL,2023,,,,,,Team,Team,Team,Team,Team,Team,Team,Team,Team,Team,Team,Team,Team,Team,Team,Team,Opponent,Opponent,Opponent,Opponent,Opponent,Opponent,Opponent,Opponent,Opponent,Opponent,Opponent,Opponent,Opponent,Opponent,Opponent,Opponent,,
NYL,2023,,IND,W,101,83,37,68,.544,17,34,.500,10,14,.714,11,35,29,8,3,16,15,30,65,.462,8,17,.471,15,17,.882,8,25,19,10,4,15,17,23.0,7.0
NYL,2023,,SEA,W,86,82,32,80,.400,10,35,.286,12,14,.857,13,47,26,10,5,12,11,30,70,.429,11,30,.367,11,14,.786,7,35,22,10,5,14,15,25.0,7.0
NYL,2023,,ATL,W,95,84,32,66,.485,11,31,.355,20,22,.909,5,39,23,3,2,13,21,31,73,.425,8,26,.308,14,23,.609,8,32,18,1,5,7,17,27.0,7.0
NYL,2023,,MIN,L,83,88,26,72,.361,10,35,.286,21,25,.840,11,37,20,6,3,10,21,33,71,.465,9,22,.409,13,21,.619,12,40,20,5,0,14,18,28.0,7.0
NYL,2023,@,LAS,W,87,79,32,70,.457,15,34,.441,8,11,.727,10,42,26,5,6,17,18,31,72,.431,5,22,.227,12,18,.667,4,25,17,10,3,8,13,30.0,7.0
NYL,2023,@,LAS,W,76,69,28,66,.424,8,33,.242,12,15,.800,13,40,20,6,6,12,16,24,70,.343,6,20,.300,15,16,.938,12,35,18,7,1,12,17,1.0,8.0
NYL,2023,@,MIN,W,76,66,30,75,.400,9,30,.300,7,8,.875,16,43,20,5,4,12,15,26,63,.413,3,16,.188,11,14,.786,9,32,21,8,2,10,16,4.0,8.0
NYL,2023,,LVA,W,99,61,38,76,.500,17,38,.447,6,6,1.000,11,48,28,7,4,13,6,23,70,.329,6,23,.261,9,10,.900,2,24,14,7,4,10,9,6.0,8.0
NYL,2023,,CHI,W,89,73,34,66,.515,13,25,.520,8,12,.667,5,34,28,9,4,14,13,29,70,.414,7,24,.292,8,9,.889,7,33,21,7,2,17,12,11.0,8.0
NYL,2023,@,IND,W,100,89,37,72,.514,12,29,.414,14,19,.737,10,35,32,7,5,8,17,33,71,.465,7,18,.389,16,19,.842,8,32,18,2,4,11,17,13.0,8.0
NYL,2023,@,LVA,L,75,88,25,64,.391,15,39,.385,10,13,.769,4,28,23,2,7,15,13,32,72,.444,9,25,.360,15,16,.938,7,35,21,9,1,8,20,17.0,8.0
NYL,2023,@,PHO,W,85,63,33,73,.452,10,29,.345,9,11,.818,8,40,17,10,4,12,10,25,71,.352,4,23,.174,9,11,.818,11,36,16,4,4,14,11,18.0,8.0
NYL,2023,@,CON,W,95,90,33,75,.440,8,31,.258,21,26,.808,12,43,23,5,3,11,16,36,76,.474,11,32,.344,7,8,.875,6,35,27,4,1,11,24,24.0,8.0
NYL,2023,@,MIN,W,111,76,41,74,.554,12,27,.444,17,17,1.000,5,35,22,7,4,6,9,31,71,.437,8,21,.381,6,7,.857,5,29,19,1,2,13,14,26.0,8.0
NYL,2023,,LVA,W,94,85,34,75,.453,10,33,.303,16,19,.842,12,43,24,8,3,13,15,31,69,.449,9,23,.391,14,20,.700,5,31,21,5,6,11,23,28.0,8.0
NYL,2023,,CON,W,89,58,34,62,.548,8,25,.320,13,18,.722,8,40,21,8,5,15,16,21,63,.333,6,20,.300,10,14,.714,6,27,14,6,3,13,19,1.0,9.0
NYL,2023,@,CHI,W,86,69,34,72,.472,10,27,.370,8,11,.727,10,40,23,12,5,14,9,27,72,.375,8,23,.348,7,8,.875,7,31,15,7,3,15,10,3.0,9.0
NYL,2023,@,DAL,W,94,93,34,72,.472,8,26,.308,18,23,.783,11,32,26,4,3,12,13,37,76,.487,4,19,.211,15,18,.833,13,37,24,9,5,12,21,5.0,9.0
NYL,2023,,LAS,W,96,89,35,69,.507,17,34,.500,9,10,.900,7,31,32,7,5,17,15,34,71,.479,10,23,.435,11,13,.846,7,25,16,8,7,11,12,7.0,9.0
NYL,2023,,WAS,L,88,90,30,74,.405,12,37,.324,16,16,1.000,11,36,19,5,2,10,14,33,66,.500,8,22,.364,16,19,.842,7,32,21,6,3,8,15,10.0,9.0
PHO,2023,@,LAS,L,71,94,24,59,.407,6,20,.300,17,20,.850,6,34,18,2,8,19,20,29,73,.397,9,22,.409,27,29,.931,11,32,20,10,2,6,19,19.0,5.0
PHO,2023,,CHI,L,69,75,23,56,.411,5,16,.313,18,24,.750,3,29,17,6,8,18,19,28,70,.400,6,15,.400,13,19,.684,11,39,19,4,5,11,23,21.0,5.0
PHO,2023,,MIN,W,90,81,28,57,.491,13,28,.464,21,23,.913,6,33,23,5,5,18,25,28,70,.400,3,18,.167,22,25,.880,6,25,17,8,2,11,22,25.0,5.0
PHO,2023,,LAS,L,93,99,32,61,.525,8,24,.333,21,26,.808,6,29,21,3,5,20,23,37,75,.493,8,24,.333,17,19,.895,8,29,22,8,2,13,22,2.0,6.0
PHO,2023,@,DAL,L,79,84,31,70,.443,7,26,.269,10,13,.769,4,26,25,10,6,15,26,30,77,.390,4,23,.174,20,27,.741,15,50,13,6,6,17,17,7.0,6.0
PHO,2023,@,DAL,L,77,90,30,68,.441,4,20,.200,13,17,.765,8,31,23,8,10,16,17,32,82,.390,8,29,.276,18,19,.947,17,41,22,7,9,14,19,9.0,6.0
PHO,2023,@,IND,W,85,82,29,64,.453,9,24,.375,18,21,.857,7,29,20,7,2,10,17,33,68,.485,4,20,.200,12,16,.750,11,31,22,1,4,11,20,11.0,6.0
PHO,2023,,SEA,L,69,83,25,60,.417,6,19,.316,13,15,.867,3,32,19,5,3,16,18,29,71,.408,12,30,.400,13,19,.684,10,38,21,12,5,9,15,13.0,6.0
PHO,2023,@,WAS,L,69,88,23,59,.390,7,22,.318,16,20,.800,5,27,20,8,5,17,20,32,64,.500,11,26,.423,13,16,.813,6,34,22,8,4,14,18,16.0,6.0
PHO,2023,@,NYL,L,71,89,27,64,.422,7,22,.318,10,13,.769,8,27,16,8,0,12,24,30,62,.484,9,26,.346,20,24,.833,12,39,25,6,4,16,13,18.0,6.0
PHO,2023,,LVA,L,79,99,30,70,.429,5,20,.250,14,15,.933,8,26,16,3,2,10,22,36,65,.554,11,23,.478,16,23,.696,8,32,29,4,3,9,16,21.0,6.0
PHO,2023,@,SEA,L,74,97,26,56,.464,4,17,.235,18,24,.750,5,28,15,3,2,20,19,32,68,.471,13,32,.406,20,22,.909,10,33,23,9,3,11,21,24.0,6.0
PHO,2023,,DAL,L,62,77,23,57,.404,3,20,.150,13,18,.722,4,25,18,7,7,16,16,30,64,.469,5,16,.313,12,14,.857,10,37,20,8,3,17,18,27.0,6.0
PHO,2023,,IND,W,85,63,34,64,.531,6,19,.316,11,16,.688,5,30,28,6,8,14,17,24,72,.333,6,17,.353,9,10,.900,13,33,17,4,1,16,18,29.0,6.0
PHO,2023,,MIN,L,76,86,30,59,.508,6,19,.316,10,18,.556,9,35,19,4,4,22,20,31,68,.456,6,18,.333,18,22,.818,7,30,16,13,1,12,18,1.0,7.0
PHO,2023,@,NYL,L,95,99,34,67,.507,9,20,.450,18,22,.818,3,25,23,7,5,15,25,32,65,.492,11,25,.440,24,28,.857,6,30,27,6,3,15,20,5.0,7.0
PHO,2023,@,MIN,L,64,75,23,61,.377,6,20,.300,12,14,.857,5,30,17,5,3,19,18,28,65,.431,7,19,.368,12,15,.800,10,38,20,12,4,15,15,7.0,7.0
PHO,2023,,LAS,W,78,72,30,63,.476,5,17,.294,13,15,.867,10,37,22,7,6,17,19,26,70,.371,8,21,.381,12,14,.857,8,30,15,9,2,11,19,9.0,7.0
PHO,2023,@,LVA,L,72,98,27,70,.386,6,19,.316,12,14,.857,8,38,15,3,2,9,19,36,72,.500,9,25,.360,17,22,.773,3,35,24,3,3,3,15,11.0,7.0
PHO,2023,,CON,W,72,66,26,62,.419,11,26,.423,9,10,.900,5,33,19,5,6,13,24,22,61,.361,6,16,.375,16,21,.762,6,32,14,7,4,10,15,18.0,7.0
PHO,2023,,,,,,Team,Team,Team,Team,Team,Team,Team,Team,Team,Team,Team,Team,Team,Team,Team,Team,Opponent,Opponent,Opponent,Opponent,Opponent,Opponent,Opponent,Opponent,Opponent,Opponent,Opponent,Opponent,Opponent,Opponent,Opponent,Opponent,,
PHO,2023,,CHI,W,80,62,31,68,.456,9,20,.450,9,10,.900,11,40,19,5,4,17,15,26,76,.342,2,21,.095,8,13,.615,15,37,15,13,6,13,13,20.0,7.0
PHO,2023,@,WAS,L,69,84,26,60,.433,8,21,.381,9,12,.750,5,30,20,10,3,19,18,30,65,.462,7,22,.318,17,21,.810,6,35,18,12,2,15,14,23.0,7.0
PHO,2023,@,ATL,L,65,78,24,67,.358,5,24,.208,12,15,.800,8,33,11,9,8,13,17,31,67,.463,8,17,.471,8,12,.667,6,35,22,5,8,17,19,25.0,7.0
PHO,2023,@,CHI,L,85,104,30,63,.476,12,27,.444,13,14,.929,8,29,24,4,5,16,15,39,74,.527,12,21,.571,14,16,.875,8,27,27,6,8,7,13,30.0,7.0
PHO,2023,@,IND,L,71,72,25,64,.391,9,23,.391,12,14,.857,6,29,18,7,4,18,23,25,63,.397,4,15,.267,18,22,.818,11,36,12,8,3,20,20,1.0,8.0
PHO,2023,,ATL,W,91,71,29,71,.408,10,31,.323,23,24,.958,12,39,16,6,2,13,24,25,62,.403,2,13,.154,19,25,.760,8,31,17,8,4,16,25,3.0,8.0
PHO,2023,,SEA,L,91,97,36,71,.507,6,23,.261,13,15,.867,4,27,27,8,1,10,20,34,72,.472,8,22,.364,21,23,.913,12,36,18,6,4,12,18,5.0,8.0
PHO,2023,,WAS,W,91,72,34,61,.557,13,29,.448,10,15,.667,4,33,24,5,3,14,13,26,71,.366,8,28,.286,12,15,.800,9,26,19,8,2,11,18,8.0,8.0
PHO,2023,,CON,W,90,84,31,56,.554,9,18,.500,19,21,.905,2,26,21,8,8,19,23,30,71,.423,7,13,.538,17,25,.680,10,31,17,7,3,13,23,10.0,8.0
PHO,2023,@,SEA,L,71,81,31,75,.413,5,23,.217,4,7,.571,11,31,19,10,4,8,14,32,62,.516,7,15,.467,10,11,.909,7,38,16,4,5,16,10,13.0,8.0
PHO,2023,,NYL,L,63,85,25,71,.352,4,23,.174,9,11,.818,11,36,16,4,4,14,11,33,73,.452,10,29,.345,9,11,.818,8,40,17,10,4,12,10,18.0,8.0
PHO,2023,,IND,L,73,83,27,67,.403,3,22,.136,16,23,.696,12,36,9,3,3,13,20,29,65,.446,7,18,.389,18,26,.692,8,29,16,10,3,8,18,20.0,8.0
PHO,2023,@,LAS,L,62,91,24,59,.407,3,16,.188,11,14,.786,8,28,19,4,6,13,18,34,63,.540,10,17,.588,13,19,.684,8,30,24,8,5,7,18,23.0,8.0
PHO,2023,,DAL,L,74,77,32,62,.516,2,15,.133,8,10,.800,4,30,16,3,4,13,20,26,72,.361,6,16,.375,19,20,.950,14,34,10,6,3,11,15,27.0,8.0
PHO,2023,@,ATL,L,76,94,32,58,.552,4,8,.500,8,11,.727,1,23,22,4,5,16,12,39,75,.520,7,19,.368,9,9,1.000,10,32,27,11,4,10,18,29.0,8.0
PHO,2023,@,CON,L,74,84,30,58,.517,7,11,.636,7,11,.636,5,25,18,5,3,10,23,24,55,.436,12,18,.667,24,30,.800,6,30,18,8,4,11,16,31.0,8.0
PHO,2023,@,MIN,L,73,86,25,68,.368,7,14,.500,16,22,.727,9,37,13,5,1,12,21,31,72,.431,9,21,.429,15,22,.682,10,41,28,6,5,12,23,3.0,9.0
PHO,2023,,WAS,L,77,100,29,65,.446,6,17,.353,13,18,.722,7,31,22,4,1,12,12,38,67,.567,13,23,.565,11,11,1.000,1,29,26,6,4,7,15,5.0,9.0
PHO,2023,,LVA,L,73,94,26,75,.347,5,18,.278,16,18,.889,8,35,13,6,0,10,14,38,70,.543,6,25,.240,12,14,.857,3,38,25,8,6,10,15,8.0,9.0
PHO,2023,@,LVA,L,85,100,34,71,.479,11,26,.423,6,6,1.000,10,32,21,6,3,14,12,37,70,.529,14,33,.424,12,16,.750,10,32,22,12,3,9,11,10.0,9.0
SEA,2023,,LVA,L,64,105,25,78,.321,5,21,.238,9,15,.600,6,32,12,12,6,13,16,40,73,.548,11,18,.611,14,17,.824,6,50,22,6,8,14,14,20.0,5.0
SEA,2023,,DAL,L,91,95,31,72,.431,10,26,.385,19,20,.950,9,34,14,7,7,13,18,37,74,.500,8,22,.364,13,13,1.000,8,32,19,6,6,13,17,26.0,5.0
SEA,2023,,NYL,L,78,86,28,73,.384,6,18,.333,16,21,.762,12,35,16,3,3,7,22,28,57,.491,9,24,.375,21,23,.913,3,32,23,3,11,13,17,30.0,5.0
SEA,2023,@,LAS,L,85,92,30,65,.462,13,25,.520,12,16,.750,6,37,18,3,9,16,23,31,68,.456,7,19,.368,23,27,.852,7,34,24,13,1,7,14,3.0,6.0
SEA,2023,,LAS,W,66,63,22,68,.324,4,20,.200,18,22,.818,9,37,10,11,5,13,22,22,56,.393,5,15,.333,14,16,.875,3,33,19,6,3,21,21,6.0,6.0
SEA,2023,,WAS,L,66,73,25,61,.410,6,21,.286,10,14,.714,2,30,17,5,6,16,15,26,68,.382,6,22,.273,15,18,.833,13,41,19,8,3,14,16,9.0,6.0
SEA,2023,,WAS,L,65,71,24,64,.375,5,22,.227,12,16,.750,5,30,18,10,7,13,20,21,59,.356,11,25,.440,18,22,.818,8,40,14,8,4,18,20,11.0,6.0
SEA,2023,@,PHO,W,83,69,29,71,.408,12,30,.400,13,19,.684,10,38,21,12,5,9,15,25,60,.417,6,19,.316,13,15,.867,3,32,19,5,3,16,18,13.0,6.0
SEA,2023,@,LVA,L,63,96,24,64,.375,5,23,.217,10,16,.625,4,28,12,3,4,16,16,39,70,.557,12,26,.462,6,8,.750,4,37,25,10,3,11,14,15.0,6.0
SEA,2023,@,DAL,W,109,103,33,65,.508,17,34,.500,26,32,.813,8,29,22,4,6,15,20,38,76,.500,10,26,.385,17,20,.850,8,30,23,8,5,10,26,17.0,6.0
SEA,2023,,CON,L,79,85,24,64,.375,8,25,.320,23,29,.793,7,34,18,6,5,15,19,32,69,.464,5,18,.278,16,21,.762,8,38,25,8,3,12,23,20.0,6.0
SEA,2023,,IND,L,68,80,22,74,.297,11,29,.379,13,16,.813,5,29,15,8,2,10,15,30,69,.435,10,22,.455,10,13,.769,9,47,19,4,5,17,22,22.0,6.0
SEA,2023,,PHO,W,97,74,32,68,.471,13,32,.406,20,22,.909,10,33,23,9,3,11,21,26,56,.464,4,17,.235,18,24,.750,5,28,15,3,2,20,19,24.0,6.0
SEA,2023,@,MIN,L,93,104,34,74,.459,13,31,.419,12,14,.857,8,33,21,5,5,7,17,41,77,.532,8,20,.400,14,15,.933,6,38,25,3,2,8,15,27.0,6.0
SEA,2023,,MIN,L,97,99,34,84,.405,13,26,.500,16,19,.842,13,48,21,8,3,18,20,35,76,.461,9,26,.346,20,25,.800,7,36,25,11,10,10,19,29.0,6.0
SEA,2023,,NYL,L,66,81,23,65,.354,9,25,.360,11,14,.786,8,33,16,5,4,19,15,33,71,.465,8,25,.320,7,8,.875,8,37,30,16,7,14,20,2.0,7.0
SEA,2023,@,CON,L,73,93,26,67,.388,8,24,.333,13,17,.765,9,31,17,8,3,20,16,34,63,.540,9,13,.692,16,17,.941,6,30,24,10,7,17,18,6.0,7.0
SEA,2023,@,NYL,L,76,80,29,75,.387,6,32,.188,12,14,.857,15,48,19,7,6,15,17,27,66,.409,13,30,.433,13,15,.867,4,30,23,5,2,13,15,8.0,7.0
SEA,2023,@,WAS,L,86,93,30,67,.448,12,30,.400,14,17,.824,8,31,18,9,2,15,16,36,67,.537,9,24,.375,12,16,.750,6,31,19,8,2,12,13,11.0,7.0
SEA,2023,@,ATL,L,75,85,25,67,.373,7,21,.333,18,26,.692,5,32,21,8,3,13,20,32,69,.464,4,19,.211,17,21,.810,9,45,18,8,2,16,21,12.0,7.0
SEA,2023,,,,,,Team,Team,Team,Team,Team,Team,Team,Team,Team,Team,Team,Team,Team,Team,Team,Team,Opponent,Opponent,Opponent,Opponent,Opponent,Opponent,Opponent,Opponent,Opponent,Opponent,Opponent,Opponent,Opponent,Opponent,Opponent,Opponent,,
SEA,2023,,LVA,L,63,79,24,62,.387,7,26,.269,8,18,.444,6,33,16,10,4,18,16,29,66,.439,7,18,.389,14,19,.737,7,40,19,16,4,14,19,20.0,7.0
SEA,2023,,CHI,L,75,90,28,60,.467,3,12,.250,16,20,.800,4,24,13,12,2,19,23,29,69,.420,8,21,.381,24,31,.774,18,44,17,10,3,20,20,22.0,7.0
SEA,2023,@,NYL,L,82,86,30,70,.429,11,30,.367,11,14,.786,7,35,22,10,5,14,15,32,80,.400,10,35,.286,12,14,.857,13,47,26,10,5,12,11,25.0,7.0
SEA,2023,@,CHI,W,83,74,33,79,.418,7,26,.269,10,12,.833,16,46,22,5,4,13,18,27,66,.409,5,20,.250,15,22,.682,6,26,18,8,12,10,12,28.0,7.0
SEA,2023,@,IND,W,85,62,31,58,.534,12,24,.500,11,13,.846,5,28,23,11,5,17,19,25,66,.379,4,16,.250,8,12,.667,10,27,17,8,2,17,11,30.0,7.0
SEA,2023,,DAL,L,65,76,26,64,.406,6,20,.300,7,10,.700,5,30,15,2,2,18,16,28,77,.364,8,22,.364,12,12,1.000,17,44,17,11,2,13,15,2.0,8.0
SEA,2023,@,PHO,W,97,91,34,72,.472,8,22,.364,21,23,.913,12,36,18,6,4,12,18,36,71,.507,6,23,.261,13,15,.867,4,27,27,8,1,10,20,5.0,8.0
SEA,2023,,CON,L,69,81,29,70,.414,5,24,.208,6,10,.600,13,40,19,6,6,16,13,32,70,.457,7,15,.467,10,11,.909,11,34,21,11,5,11,17,8.0,8.0
SEA,2023,,ATL,W,68,67,21,63,.333,4,14,.286,22,31,.710,8,45,14,10,5,17,20,23,73,.315,8,21,.381,13,19,.684,11,45,12,12,4,14,23,10.0,8.0
SEA,2023,,PHO,W,81,71,32,62,.516,7,15,.467,10,11,.909,7,38,16,4,5,16,10,31,75,.413,5,23,.217,4,7,.571,11,31,19,10,4,8,14,13.0,8.0
SEA,2023,,MIN,L,70,78,25,68,.368,8,27,.296,12,17,.706,11,33,16,8,6,15,17,28,64,.438,6,21,.286,16,18,.889,9,36,17,6,0,13,18,18.0,8.0
SEA,2023,@,MIN,W,88,74,32,76,.421,10,26,.385,14,18,.778,10,41,16,4,5,9,19,24,68,.353,4,18,.222,22,24,.917,9,37,15,6,2,11,18,20.0,8.0
SEA,2023,@,CHI,L,79,102,27,71,.380,7,20,.350,18,25,.720,15,40,22,2,2,12,16,39,77,.506,9,25,.360,15,19,.789,11,36,20,11,4,4,21,22.0,8.0
SEA,2023,@,IND,L,86,90,28,67,.418,11,28,.393,19,25,.760,8,31,15,9,6,11,25,28,65,.431,9,22,.409,25,32,.781,9,35,18,6,6,13,17,24.0,8.0
SEA,2023,,CHI,L,85,90,31,72,.431,8,26,.308,15,17,.882,9,44,17,9,4,14,20,31,73,.425,10,22,.455,18,23,.783,6,33,24,10,4,10,15,27.0,8.0
SEA,2023,@,LAS,W,72,61,21,54,.389,5,23,.217,25,28,.893,6,45,14,9,6,20,19,20,66,.303,6,21,.286,15,16,.938,4,26,17,12,1,13,18,31.0,8.0
SEA,2023,@,LVA,L,77,103,27,68,.397,9,22,.409,14,17,.824,9,38,20,5,2,16,18,35,75,.467,10,30,.333,23,25,.920,9,38,26,10,3,8,15,2.0,9.0
SEA,2023,@,ATL,L,68,79,22,61,.361,6,20,.300,18,20,.900,6,30,12,4,6,12,14,33,72,.458,3,14,.214,10,12,.833,8,37,24,3,3,10,19,6.0,9.0
SEA,2023,@,DAL,L,91,106,31,69,.449,11,25,.440,18,21,.857,8,24,22,5,2,16,19,41,69,.594,8,20,.400,16,21,.762,9,36,30,7,5,15,22,8.0,9.0
SEA,2023,,LAS,L,89,91,32,65,.492,12,22,.545,13,15,.867,5,33,25,5,3,20,19,34,77,.442,5,18,.278,18,24,.750,14,38,25,16,2,12,16,10.0,9.0
WAS,2023,,NYL,W,80,64,32,70,.457,6,23,.261,10,11,.909,3,32,23,13,4,12,17,23,67,.343,7,31,.226,11,14,.786,8,40,18,8,2,20,13,19.0,5.0
WAS,2023,@,CON,L,74,80,27,69,.391,3,21,.143,17,22,.773,4,38,18,4,5,11,25,25,68,.368,5,18,.278,25,36,.694,8,46,17,7,3,8,22,21.0,5.0
WAS,2023,,CON,L,81,88,27,65,.415,8,28,.286,19,21,.905,12,33,18,5,1,14,21,29,61,.475,8,22,.364,22,30,.733,6,30,21,9,4,13,21,23.0,5.0
WAS,2023,@,CHI,W,71,69,24,66,.364,7,17,.412,16,20,.800,7,33,19,10,4,15,14,27,61,.443,6,21,.286,9,13,.692,3,32,20,5,6,21,19,26.0,5.0
WAS,2023,,DAL,W,75,74,19,59,.322,8,23,.348,29,31,.935,4,40,16,7,3,15,17,26,76,.342,9,32,.281,13,16,.813,11,45,18,10,2,10,25,2.0,6.0
WAS,2023,,MIN,L,78,80,28,71,.394,9,30,.300,13,14,.929,7,31,16,8,3,8,17,28,63,.444,9,24,.375,15,17,.882,7,39,19,4,0,16,14,3.0,6.0
WAS,2023,@,SEA,W,73,66,26,68,.382,6,22,.273,15,18,.833,13,41,19,8,3,14,16,25,61,.410,6,21,.286,10,14,.714,2,30,17,5,6,16,15,9.0,6.0
WAS,2023,@,SEA,W,71,65,21,59,.356,11,25,.440,18,22,.818,8,40,14,8,4,18,20,24,64,.375,5,22,.227,12,16,.750,5,30,18,10,7,13,20,11.0,6.0
WAS,2023,@,IND,L,66,87,22,66,.333,7,25,.280,15,19,.789,6,27,16,3,4,12,19,32,68,.471,4,17,.235,19,24,.792,14,46,17,5,2,12,21,13.0,6.0
WAS,2023,,PHO,W,88,69,32,64,.500,11,26,.423,13,16,.813,6,34,22,8,4,14,18,23,59,.390,7,22,.318,16,20,.800,5,27,20,8,5,17,20,16.0,6.0
WAS,2023,,CHI,W,77,69,25,64,.391,5,15,.333,22,26,.846,6,25,16,9,1,5,15,27,61,.443,6,20,.300,9,14,.643,8,40,19,1,3,20,20,18.0,6.0
WAS,2023,@,CHI,W,80,59,33,69,.478,6,19,.316,8,10,.800,7,41,20,6,6,13,22,18,61,.295,4,17,.235,19,21,.905,6,30,14,7,2,18,15,22.0,6.0
WAS,2023,@,NYL,L,88,89,33,69,.478,9,21,.429,13,18,.722,2,29,19,7,3,13,26,27,73,.370,12,35,.343,23,29,.793,14,45,19,9,2,17,24,25.0,6.0
WAS,2023,,ATL,W,109,86,39,73,.534,11,22,.500,20,21,.952,6,41,26,6,8,14,22,28,74,.378,5,15,.333,25,35,.714,11,32,21,9,7,10,20,28.0,6.0
WAS,2023,@,ATL,L,89,94,32,65,.492,3,18,.167,22,26,.846,8,34,14,6,3,14,26,33,69,.478,7,13,.538,21,27,.778,7,31,19,7,3,10,25,30.0,6.0
WAS,2023,@,DAL,L,72,89,24,70,.343,4,25,.160,20,25,.800,5,24,19,9,6,9,18,33,74,.446,6,22,.273,17,23,.739,15,54,25,4,2,18,24,2.0,7.0
WAS,2023,,IND,W,96,88,29,63,.460,7,21,.333,31,37,.838,10,31,14,6,0,7,20,33,60,.550,9,18,.500,13,19,.684,5,28,24,3,2,13,29,7.0,7.0
WAS,2023,@,CON,L,84,92,33,61,.541,7,17,.412,11,15,.733,5,31,24,8,4,17,21,33,65,.508,13,25,.520,13,21,.619,4,24,18,6,1,11,17,9.0,7.0
WAS,2023,,SEA,W,93,86,36,67,.537,9,24,.375,12,16,.750,6,31,19,8,2,12,13,30,67,.448,12,30,.400,14,17,.824,8,31,18,9,2,15,16,11.0,7.0
WAS,2023,,IND,L,76,82,29,65,.446,8,25,.320,10,14,.714,6,32,22,7,6,15,20,28,64,.438,8,24,.333,18,21,.857,6,32,22,7,0,14,20,19.0,7.0
WAS,2023,,,,,,Team,Team,Team,Team,Team,Team,Team,Team,Team,Team,Team,Team,Team,Team,Team,Team,Opponent,Opponent,Opponent,Opponent,Opponent,Opponent,Opponent,Opponent,Opponent,Opponent,Opponent,Opponent,Opponent,Opponent,Opponent,Opponent,,
WAS,2023,,NYL,L,87,96,30,77,.390,10,23,.435,17,18,.944,8,28,19,6,5,10,18,35,74,.473,11,31,.355,15,17,.882,12,48,22,3,5,18,16,21.0,7.0
WAS,2023,,PHO,W,84,69,30,65,.462,7,22,.318,17,21,.810,6,35,18,12,2,15,14,26,60,.433,8,21,.381,9,12,.750,5,30,20,10,3,19,18,23.0,7.0
WAS,2023,@,MIN,L,92,97,40,78,.513,8,21,.381,4,4,1.000,8,29,18,7,4,13,18,37,73,.507,4,13,.308,19,23,.826,9,33,21,10,0,11,8,26.0,7.0
WAS,2023,@,DAL,L,62,90,25,73,.342,5,26,.192,7,12,.583,7,21,19,11,2,8,16,37,63,.587,5,16,.313,11,12,.917,6,48,29,5,6,20,15,28.0,7.0
WAS,2023,@,ATL,L,73,80,23,72,.319,6,21,.286,21,25,.840,11,33,13,13,1,14,22,27,58,.466,10,23,.435,16,19,.842,2,33,21,7,7,20,19,30.0,7.0
WAS,2023,,LAS,W,79,77,31,71,.437,5,22,.227,12,13,.923,3,32,22,10,0,10,20,28,67,.418,7,17,.412,14,18,.778,11,43,17,3,2,16,21,4.0,8.0
WAS,2023,,LAS,L,83,91,29,62,.468,7,14,.500,18,27,.667,4,24,19,7,1,16,23,27,59,.458,10,21,.476,27,31,.871,6,32,21,11,3,15,23,6.0,8.0
WAS,2023,@,PHO,L,72,91,26,71,.366,8,28,.286,12,15,.800,9,26,19,8,2,11,18,34,61,.557,13,29,.448,10,15,.667,4,33,24,5,3,14,13,8.0,8.0
WAS,2023,@,LVA,L,89,113,34,79,.430,12,31,.387,9,11,.818,7,35,27,4,4,12,16,42,77,.545,14,28,.500,15,16,.938,3,34,29,9,1,7,10,11.0,8.0
WAS,2023,,CHI,W,83,76,30,61,.492,3,18,.167,20,24,.833,8,32,21,14,2,17,14,28,67,.418,8,25,.320,12,16,.750,12,34,17,8,3,16,18,13.0,8.0
WAS,2023,@,IND,W,83,79,26,61,.426,12,25,.480,19,25,.760,3,27,16,7,4,9,18,31,66,.470,8,20,.400,9,10,.900,7,36,16,4,2,17,21,18.0,8.0
WAS,2023,,DAL,L,84,97,30,71,.423,12,29,.414,12,17,.706,7,31,21,12,1,15,16,34,69,.493,9,21,.429,20,23,.870,8,40,23,11,1,18,16,20.0,8.0
WAS,2023,,CON,L,64,68,22,62,.355,7,22,.318,13,15,.867,9,38,16,6,7,20,16,24,61,.393,8,25,.320,12,13,.923,4,28,17,9,2,13,19,22.0,8.0
WAS,2023,,LVA,W,78,62,28,70,.400,7,26,.269,15,18,.833,6,39,22,8,2,8,19,20,65,.308,6,29,.207,16,21,.762,6,40,14,6,3,17,13,26.0,8.0
WAS,2023,,MIN,W,83,72,29,64,.453,12,25,.480,13,15,.867,8,32,21,8,2,14,15,28,67,.418,9,26,.346,7,7,1.000,9,34,19,7,2,14,20,29.0,8.0
WAS,2023,@,LVA,L,75,84,28,71,.394,6,21,.286,13,17,.765,10,37,16,6,0,10,21,29,62,.468,10,28,.357,16,19,.842,4,33,19,7,5,10,17,31.0,8.0
WAS,2023,@,LAS,L,64,72,26,65,.400,6,26,.231,6,7,.857,6,31,16,6,7,13,21,23,58,.397,5,20,.250,21,24,.875,2,31,16,8,4,11,11,3.0,9.0
WAS,2023,@,PHO,W,100,77,38,67,.567,13,23,.565,11,11,1.000,1,29,26,6,4,7,15,29,65,.446,6,17,.353,13,18,.722,7,31,22,4,1,12,12,5.0,9.0
WAS,2023,,ATL,L,75,80,27,70,.386,11,31,.355,10,12,.833,4,32,24,6,2,7,21,25,66,.379,6,24,.250,24,29,.828,9,47,13,4,1,10,15,8.0,9.0
WAS,2023,@,NYL,W,90,88,33,66,.500,8,22,.364,16,19,.842,7,32,21,6,3,8,15,30,74,.405,12,37,.324,16,16,1.000,11,36,19,5,2,10,14,10.0,9.0
LVA,2023,@,SEA,W,105,64,40,73,.548,11,18,.611,14,17,.824,6,50,22,6,8,14,14,25,78,.321,5,21,.238,9,15,.600,6,32,12,12,6,13,16,20.0,5.0
LVA,2023,@,LAS,W,94,85,31,59,.525,10,23,.435,22,28,.786,5,37,18,8,6,20,16,32,76,.421,7,19,.368,14,20,.700,6,30,23,16,4,11,22,25.0,5.0
LVA,2023,,LAS,W,93,65,37,80,.463,9,32,.281,10,12,.833,9,38,25,16,8,9,16,25,68,.368,8,22,.364,7,9,.778,6,33,18,2,3,19,15,27.0,5.0
LVA,2023,,MIN,W,94,73,32,72,.444,14,39,.359,16,17,.941,4,36,25,9,7,10,20,26,71,.366,7,21,.333,14,17,.824,8,40,16,4,2,13,18,28.0,5.0
LVA,2023,@,ATL,W,92,87,33,70,.471,6,21,.286,20,25,.800,5,31,17,9,4,11,13,34,74,.459,10,24,.417,9,10,.900,6,36,26,5,3,15,21,2.0,6.0
LVA,2023,@,IND,W,84,80,32,72,.444,4,21,.190,16,22,.727,6,35,21,6,6,5,15,31,71,.437,11,19,.579,7,10,.700,4,39,17,3,2,11,23,4.0,6.0
LVA,2023,@,CON,W,90,84,32,63,.508,4,15,.267,22,26,.846,5,31,25,9,6,14,17,29,71,.408,10,26,.385,16,23,.696,10,34,22,6,2,15,21,6.0,6.0
LVA,2023,@,CON,L,77,94,28,60,.467,9,21,.429,12,17,.706,5,26,18,8,5,16,18,37,70,.529,8,14,.571,12,16,.750,10,34,28,12,2,12,20,8.0,6.0
LVA,2023,,CHI,W,93,80,38,65,.585,6,16,.375,11,13,.846,7,33,21,10,3,14,18,30,70,.429,7,21,.333,13,15,.867,10,27,19,3,2,13,13,11.0,6.0
LVA,2023,,SEA,W,96,63,39,70,.557,12,26,.462,6,8,.750,4,37,25,10,3,11,14,24,64,.375,5,23,.217,10,16,.625,4,28,12,3,4,16,16,15.0,6.0
LVA,2023,,MIN,W,93,62,35,74,.473,10,30,.333,13,15,.867,7,39,18,7,9,5,13,25,75,.333,4,24,.167,8,9,.889,10,42,12,3,4,10,15,18.0,6.0
LVA,2023,@,PHO,W,99,79,36,65,.554,11,23,.478,16,23,.696,8,32,29,4,3,9,16,30,70,.429,5,20,.250,14,15,.933,8,26,16,3,2,10,22,21.0,6.0
LVA,2023,,IND,W,101,88,34,64,.531,11,23,.478,22,27,.815,5,31,27,6,7,12,14,34,68,.500,6,16,.375,14,15,.933,5,31,22,8,1,15,22,24.0,6.0
LVA,2023,,IND,W,88,80,27,66,.409,7,24,.292,27,28,.964,10,39,15,4,6,15,20,28,78,.359,6,22,.273,18,21,.857,16,39,12,8,4,8,21,26.0,6.0
LVA,2023,,NYL,W,98,81,40,69,.580,9,21,.429,9,10,.900,4,27,32,10,1,7,15,31,65,.477,8,20,.400,11,15,.733,8,31,21,3,3,15,14,29.0,6.0
LVA,2023,,CON,W,102,84,36,72,.500,7,23,.304,23,26,.885,11,42,25,7,5,12,22,33,70,.471,6,20,.300,12,19,.632,4,24,22,7,3,10,19,1.0,7.0
LVA,2023,,DAL,W,89,82,30,65,.462,9,20,.450,20,24,.833,7,39,17,1,4,13,12,33,82,.402,6,24,.250,10,12,.833,13,39,18,8,1,8,19,5.0,7.0
LVA,2023,@,DAL,L,78,80,27,60,.450,10,26,.385,14,17,.824,5,25,14,7,4,17,14,32,68,.471,3,14,.214,13,18,.722,10,36,21,13,4,16,16,7.0,7.0
LVA,2023,@,MIN,W,113,89,43,72,.597,17,39,.436,10,14,.714,7,34,31,9,11,11,11,36,72,.500,9,16,.563,8,15,.533,5,26,24,6,2,13,14,9.0,7.0
LVA,2023,,PHO,W,98,72,36,72,.500,9,25,.360,17,22,.773,3,35,24,3,3,3,15,27,70,.386,6,19,.316,12,14,.857,8,38,15,3,2,9,19,11.0,7.0
LVA,2023,,,,,,Team,Team,Team,Team,Team,Team,Team,Team,Team,Team,Team,Team,Team,Team,Team,Team,Opponent,Opponent,Opponent,Opponent,Opponent,Opponent,Opponent,Opponent,Opponent,Opponent,Opponent,Opponent,Opponent,Opponent,Opponent,Opponent,,
LVA,2023,@,LAS,W,97,78,37,68,.544,9,22,.409,14,16,.875,5,34,20,12,5,15,14,34,78,.436,4,21,.190,6,8,.750,12,36,22,9,3,16,13,12.0,7.0
LVA,2023,@,SEA,W,79,63,29,66,.439,7,18,.389,14,19,.737,7,40,19,16,4,14,19,24,62,.387,7,26,.269,8,18,.444,6,33,16,10,4,18,16,20.0,7.0
LVA,2023,@,MIN,W,98,81,36,69,.522,8,26,.308,18,24,.750,4,34,25,8,1,13,12,32,75,.427,8,27,.296,9,10,.900,8,36,17,5,5,15,20,22.0,7.0
LVA,2023,@,CHI,W,107,95,38,76,.500,7,22,.318,24,27,.889,9,35,24,7,6,4,13,33,70,.471,13,24,.542,16,19,.842,9,34,23,3,3,12,22,25.0,7.0
LVA,2023,,DAL,W,104,91,32,64,.500,13,25,.520,27,28,.964,3,30,17,5,7,8,18,36,78,.462,7,18,.389,12,21,.571,15,41,18,8,3,16,23,30.0,7.0
LVA,2023,,ATL,W,93,72,34,65,.523,11,23,.478,14,17,.824,3,35,17,12,5,13,20,29,67,.433,4,20,.200,10,15,.667,6,28,21,5,5,15,16,1.0,8.0
LVA,2023,@,NYL,L,61,99,23,70,.329,6,23,.261,9,10,.900,2,24,14,7,4,10,9,38,76,.500,17,38,.447,6,6,1.000,11,48,28,7,4,13,6,6.0,8.0
LVA,2023,@,DAL,W,104,84,37,74,.500,16,32,.500,14,16,.875,11,45,27,4,2,13,21,27,72,.375,9,26,.346,21,28,.750,8,30,23,4,4,6,17,8.0,8.0
LVA,2023,,WAS,W,113,89,42,77,.545,14,28,.500,15,16,.938,3,34,29,9,1,7,10,34,79,.430,12,31,.387,9,11,.818,7,35,27,4,4,12,16,11.0,8.0
LVA,2023,,ATL,W,86,65,32,77,.416,7,23,.304,15,19,.789,8,38,16,13,6,9,19,23,62,.371,4,16,.250,15,19,.789,5,43,13,3,2,16,19,13.0,8.0
LVA,2023,,NYL,W,88,75,32,72,.444,9,25,.360,15,16,.938,7,35,21,9,1,8,20,25,64,.391,15,39,.385,10,13,.769,4,28,23,2,7,15,13,17.0,8.0
LVA,2023,,LAS,L,72,78,27,75,.360,8,32,.250,10,11,.909,13,32,17,12,2,15,19,28,53,.528,6,12,.500,16,17,.941,2,29,17,10,2,22,10,19.0,8.0
LVA,2023,@,ATL,W,112,100,35,69,.507,8,19,.421,34,36,.944,5,34,25,4,7,9,22,33,67,.493,6,17,.353,28,33,.848,5,30,17,7,3,10,24,22.0,8.0
LVA,2023,@,CHI,W,94,87,34,71,.479,8,24,.333,18,18,1.000,6,34,21,6,5,14,15,35,77,.455,9,27,.333,8,10,.800,10,33,23,8,0,16,15,24.0,8.0
LVA,2023,@,WAS,L,62,78,20,65,.308,6,29,.207,16,21,.762,6,40,14,6,3,17,13,28,70,.400,7,26,.269,15,18,.833,6,39,22,8,2,8,19,26.0,8.0
LVA,2023,@,NYL,L,85,94,31,69,.449,9,23,.391,14,20,.700,5,31,21,5,6,11,23,34,75,.453,10,33,.303,16,19,.842,12,43,24,8,3,13,15,28.0,8.0
LVA,2023,,WAS,W,84,75,29,62,.468,10,28,.357,16,19,.842,4,33,19,7,5,10,17,28,71,.394,6,21,.286,13,17,.765,10,37,16,6,0,10,21,31.0,8.0
LVA,2023,,SEA,W,103,77,35,75,.467,10,30,.333,23,25,.920,9,38,26,10,3,8,15,27,68,.397,9,22,.409,14,17,.824,9,38,20,5,2,16,18,2.0,9.0
LVA,2023,@,PHO,W,94,73,38,70,.543,6,25,.240,12,14,.857,3,38,25,8,6,10,15,26,75,.347,5,18,.278,16,18,.889,8,35,13,6,0,10,14,8.0,9.0
LVA,2023,,PHO,W,100,85,37,70,.529,14,33,.424,12,16,.750,10,32,22,12,3,9,11,34,71,.479,11,26,.423,6,6,1.000,10,32,21,6,3,14,12,10.0,9.0
