team,opp,month,day,team_score,opp_score,elite_scorer,efficient_scorer,volume_shooter,three_point_specialist,slasher,free_throw_generator,and_one_machine,playmaker,offensive_hub,turnover_prone,floor_general,plus_minus_driver,self_creator,rim_protector,steal_artist,defensive_anchor,glass_cleaner,offensive_rebounder,defensive_rebounder,midrange_sniper,corner_3_specialist,catch_and_shoot,stretch_big,heave_chucker,all_around_star,impact_bench,fast_break_threat,team_per_game_FG,team_per_game_FGA,team_per_game_FG%,team_per_game_3P,team_per_game_3PA,team_per_game_3P%,team_per_game_2P,team_per_game_2PA,team_per_game_2P%,team_per_game_FT,team_per_game_FTA,team_per_game_FT%,team_per_game_ORB,team_per_game_DRB,team_per_game_TRB,team_per_game_AST,team_per_game_STL,team_per_game_BLK,team_per_game_TOV,team_per_game_PF,team_per_game_PTS,team_totals_FG,team_totals_FGA,team_totals_FG%,team_totals_3P,team_totals_3PA,team_totals_3P%,team_totals_2P,team_totals_2PA,team_totals_2P%,team_totals_FT,team_totals_FTA,team_totals_FT%,team_totals_ORB,team_totals_DRB,team_totals_TRB,team_totals_AST,team_totals_STL,team_totals_BLK,team_totals_TOV,team_totals_PF,team_totals_PTS,team_Age,team_W,team_L,team_PW,team_PL,team_MOV,team_SOS,team_SRS,team_ORtg,team_DRtg,team_NRtg,team_Pace,team_FTr,team_3PAr,team_TS%,team_eFG%,team_TOV%,team_ORB%,team_FT/FGA,team_eFG%.1,team_TOV%.1,team_DRB%,team_FT/FGA.1,team_per_poss_FG,team_per_poss_FGA,team_per_poss_FG%,team_per_poss_3P,team_per_poss_3PA,team_per_poss_3P%,team_per_poss_2P,team_per_poss_2PA,team_per_poss_2P%,team_per_poss_FT,team_per_poss_FTA,team_per_poss_FT%,team_per_poss_ORB,team_per_poss_DRB,team_per_poss_TRB,team_per_poss_AST,team_per_poss_STL,team_per_poss_BLK,team_per_poss_TOV,team_per_poss_PF,team_per_poss_PTS,team_shooting_FG%,team_shooting_Dist.,team_shooting_% of FGA by Distance_2P,team_shooting_% of FGA by Distance_0-3,team_shooting_% of FGA by Distance_3-10,team_shooting_% of FGA by Distance_10-16,team_shooting_% of FGA by Distance_16-3P,team_shooting_% of FGA by Distance_3P,team_shooting_FG% by Distance_2P,team_shooting_FG% by Distance_0-3,team_shooting_FG% by Distance_3-10,team_shooting_FG% by Distance_10-16,team_shooting_FG% by Distance_16-3P,team_shooting_FG% by Distance_3P,team_shooting_% of FG Ast'd_2P,team_shooting_% of FG Ast'd_3P,team_shooting_Corner_%3PA,team_shooting_Corner_3P%,opp_per_game_FG,opp_per_game_FGA,opp_per_game_FG%,opp_per_game_3P,opp_per_game_3PA,opp_per_game_3P%,opp_per_game_2P,opp_per_game_2PA,opp_per_game_2P%,opp_per_game_FT,opp_per_game_FTA,opp_per_game_FT%,opp_per_game_ORB,opp_per_game_DRB,opp_per_game_TRB,opp_per_game_AST,opp_per_game_STL,opp_per_game_BLK,opp_per_game_TOV,opp_per_game_PF,opp_per_game_PTS,opp_totals_FG,opp_totals_FGA,opp_totals_FG%,opp_totals_3P,opp_totals_3PA,opp_totals_3P%,opp_totals_2P,opp_totals_2PA,opp_totals_2P%,opp_totals_FT,opp_totals_FTA,opp_totals_FT%,opp_totals_ORB,opp_totals_DRB,opp_totals_TRB,opp_totals_AST,opp_totals_STL,opp_totals_BLK,opp_totals_TOV,opp_totals_PF,opp_totals_PTS,opp_per_poss_FG,opp_per_poss_FGA,opp_per_poss_FG%,opp_per_poss_3P,opp_per_poss_3PA,opp_per_poss_3P%,opp_per_poss_2P,opp_per_poss_2PA,opp_per_poss_2P%,opp_per_poss_FT,opp_per_poss_FTA,opp_per_poss_FT%,opp_per_poss_ORB,opp_per_poss_DRB,opp_per_poss_TRB,opp_per_poss_AST,opp_per_poss_STL,opp_per_poss_BLK,opp_per_poss_TOV,opp_per_poss_PF,opp_per_poss_PTS,opp_shooting_FG%,opp_shooting_Dist.,opp_shooting_% of FGA by Distance_2P,opp_shooting_% of FGA by Distance_0-3,opp_shooting_% of FGA by Distance_3-10,opp_shooting_% of FGA by Distance_10-16,opp_shooting_% of FGA by Distance_16-3P,opp_shooting_% of FGA by Distance_3P,opp_shooting_FG% by Distance_2P,opp_shooting_FG% by Distance_0-3,opp_shooting_FG% by Distance_3-10,opp_shooting_FG% by Distance_10-16,opp_shooting_FG% by Distance_16-3P,opp_shooting_FG% by Distance_3P,opp_shooting_% of FG Ast'd_2P,opp_shooting_% of FG Ast'd_3P,opp_shooting_Corner_%3PA,opp_shooting_Corner_3P%
ATL,LAS,5,15,92,81,0,0,1,1,0,1,1,0,0,0,0,2,0,0,1,0,1,1,1,0,0,0,1,2,0,0,0,27.8,68.1,0.408,6.0,19.4,0.308,21.8,48.7,0.448,15.4,20.0,0.771,9.2,26.9,36.1,18.4,7.2,3.7,12.5,16.9,77.0,1112,2723,0.408,239,775,0.308,873,1948,0.448,617,800,0.771,369,1075,1444,735,288,148,499,674,3080,27.7,15,25,15,25,-2.75,0.36,-2.39,99.0,102.5,-3.5,77.1,0.294,0.285,0.501,0.452,14.0,25.4,0.227,0.488,14.3,78.3,0.208,35.7,87.5,0.408,7.7,24.9,0.308,28.0,62.6,0.448,19.8,25.7,0.771,11.9,34.5,46.4,23.6,9.3,4.8,16.0,21.7,99.0,0.408,12.8,0.715,0.228,0.226,0.137,0.124,0.285,0.448,0.616,0.374,0.339,0.395,0.308,0.599,0.891,0.21,0.288,28.9,67.4,0.429,8.0,23.1,0.344,21.0,44.3,0.473,14.0,17.6,0.797,7.5,27.2,34.6,20.1,6.9,4.1,12.5,17.6,79.8,1156.0,2695.0,0.429,318.0,924.0,0.344,838.0,1771.0,0.473,560.0,703.0,0.797,298.0,1086.0,1384.0,804.0,275.0,164.0,501.0,702.0,3190.0,37.1,86.6,0.429,10.2,29.7,0.344,26.9,56.9,0.473,18.0,22.6,0.797,9.6,34.9,44.5,25.8,8.8,5.3,16.1,22.6,102.5,0.429,13.0,0.657,0.243,0.223,0.102,0.09,0.343,0.473,0.617,0.4,0.358,0.397,0.344,0.628,0.874,0.215,0.357
ATL,PHO,5,18,85,88,0,0,1,1,0,1,1,0,0,0,0,2,0,0,1,0,1,1,1,0,0,0,1,2,0,0,0,27.8,68.1,0.408,6.0,19.4,0.308,21.8,48.7,0.448,15.4,20.0,0.771,9.2,26.9,36.1,18.4,7.2,3.7,12.5,16.9,77.0,1112,2723,0.408,239,775,0.308,873,1948,0.448,617,800,0.771,369,1075,1444,735,288,148,499,674,3080,27.7,15,25,15,25,-2.75,0.36,-2.39,99.0,102.5,-3.5,77.1,0.294,0.285,0.501,0.452,14.0,25.4,0.227,0.488,14.3,78.3,0.208,35.7,87.5,0.408,7.7,24.9,0.308,28.0,62.6,0.448,19.8,25.7,0.771,11.9,34.5,46.4,23.6,9.3,4.8,16.0,21.7,99.0,0.408,12.8,0.715,0.228,0.226,0.137,0.124,0.285,0.448,0.616,0.374,0.339,0.395,0.308,0.599,0.891,0.21,0.288,28.9,67.4,0.429,8.0,23.1,0.344,21.0,44.3,0.473,14.0,17.6,0.797,7.5,27.2,34.6,20.1,6.9,4.1,12.5,17.6,79.8,1156.0,2695.0,0.429,318.0,924.0,0.344,838.0,1771.0,0.473,560.0,703.0,0.797,298.0,1086.0,1384.0,804.0,275.0,164.0,501.0,702.0,3190.0,37.1,86.6,0.429,10.2,29.7,0.344,26.9,56.9,0.473,18.0,22.6,0.797,9.6,34.9,44.5,25.8,8.8,5.3,16.1,22.6,102.5,0.429,13.0,0.657,0.243,0.223,0.102,0.09,0.343,0.473,0.617,0.4,0.358,0.397,0.344,0.628,0.874,0.215,0.357
ATL,DAL,5,21,83,78,0,0,1,1,0,1,1,0,0,0,0,2,0,0,1,0,1,0,1,0,0,0,1,2,0,0,0,27.8,68.1,0.408,6.0,19.4,0.308,21.8,48.7,0.448,15.4,20.0,0.771,9.2,26.9,36.1,18.4,7.2,3.7,12.5,16.9,77.0,1112,2723,0.408,239,775,0.308,873,1948,0.448,617,800,0.771,369,1075,1444,735,288,148,499,674,3080,27.7,15,25,15,25,-2.75,0.36,-2.39,99.0,102.5,-3.5,77.1,0.294,0.285,0.501,0.452,14.0,25.4,0.227,0.488,14.3,78.3,0.208,35.7,87.5,0.408,7.7,24.9,0.308,28.0,62.6,0.448,19.8,25.7,0.771,11.9,34.5,46.4,23.6,9.3,4.8,16.0,21.7,99.0,0.408,12.8,0.715,0.228,0.226,0.137,0.124,0.285,0.448,0.616,0.374,0.339,0.395,0.308,0.599,0.891,0.21,0.288,28.9,67.4,0.429,8.0,23.1,0.344,21.0,44.3,0.473,14.0,17.6,0.797,7.5,27.2,34.6,20.1,6.9,4.1,12.5,17.6,79.8,1156.0,2695.0,0.429,318.0,924.0,0.344,838.0,1771.0,0.473,560.0,703.0,0.797,298.0,1086.0,1384.0,804.0,275.0,164.0,501.0,702.0,3190.0,37.1,86.6,0.429,10.2,29.7,0.344,26.9,56.9,0.473,18.0,22.6,0.797,9.6,34.9,44.5,25.8,8.8,5.3,16.1,22.6,102.5,0.429,13.0,0.657,0.243,0.223,0.102,0.09,0.343,0.473,0.617,0.4,0.358,0.397,0.344,0.628,0.874,0.215,0.357
ATL,MIN,5,26,79,92,0,0,1,1,0,1,1,0,0,0,0,2,0,0,1,0,1,1,1,0,0,0,1,2,0,0,0,27.8,68.1,0.408,6.0,19.4,0.308,21.8,48.7,0.448,15.4,20.0,0.771,9.2,26.9,36.1,18.4,7.2,3.7,12.5,16.9,77.0,1112,2723,0.408,239,775,0.308,873,1948,0.448,617,800,0.771,369,1075,1444,735,288,148,499,674,3080,27.7,15,25,15,25,-2.75,0.36,-2.39,99.0,102.5,-3.5,77.1,0.294,0.285,0.501,0.452,14.0,25.4,0.227,0.488,14.3,78.3,0.208,35.7,87.5,0.408,7.7,24.9,0.308,28.0,62.6,0.448,19.8,25.7,0.771,11.9,34.5,46.4,23.6,9.3,4.8,16.0,21.7,99.0,0.408,12.8,0.715,0.228,0.226,0.137,0.124,0.285,0.448,0.616,0.374,0.339,0.395,0.308,0.599,0.891,0.21,0.288,28.9,67.4,0.429,8.0,23.1,0.344,21.0,44.3,0.473,14.0,17.6,0.797,7.5,27.2,34.6,20.1,6.9,4.1,12.5,17.6,79.8,1156.0,2695.0,0.429,318.0,924.0,0.344,838.0,1771.0,0.473,560.0,703.0,0.797,298.0,1086.0,1384.0,804.0,275.0,164.0,501.0,702.0,3190.0,37.1,86.6,0.429,10.2,29.7,0.344,26.9,56.9,0.473,18.0,22.6,0.797,9.6,34.9,44.5,25.8,8.8,5.3,16.1,22.6,102.5,0.429,13.0,0.657,0.243,0.223,0.102,0.09,0.343,0.473,0.617,0.4,0.358,0.397,0.344,0.628,0.874,0.215,0.357
ATL,WAS,5,29,73,67,0,0,1,1,0,1,1,0,0,0,0,2,0,0,1,0,1,0,1,0,0,0,1,2,0,0,0,27.8,68.1,0.408,6.0,19.4,0.308,21.8,48.7,0.448,15.4,20.0,0.771,9.2,26.9,36.1,18.4,7.2,3.7,12.5,16.9,77.0,1112,2723,0.408,239,775,0.308,873,1948,0.448,617,800,0.771,369,1075,1444,735,288,148,499,674,3080,27.7,15,25,15,25,-2.75,0.36,-2.39,99.0,102.5,-3.5,77.1,0.294,0.285,0.501,0.452,14.0,25.4,0.227,0.488,14.3,78.3,0.208,35.7,87.5,0.408,7.7,24.9,0.308,28.0,62.6,0.448,19.8,25.7,0.771,11.9,34.5,46.4,23.6,9.3,4.8,16.0,21.7,99.0,0.408,12.8,0.715,0.228,0.226,0.137,0.124,0.285,0.448,0.616,0.374,0.339,0.395,0.308,0.599,0.891,0.21,0.288,28.9,67.4,0.429,8.0,23.1,0.344,21.0,44.3,0.473,14.0,17.6,0.797,7.5,27.2,34.6,20.1,6.9,4.1,12.5,17.6,79.8,1156.0,2695.0,0.429,318.0,924.0,0.344,838.0,1771.0,0.473,560.0,703.0,0.797,298.0,1086.0,1384.0,804.0,275.0,164.0,501.0,702.0,3190.0,37.1,86.6,0.429,10.2,29.7,0.344,26.9,56.9,0.473,18.0,22.6,0.797,9.6,34.9,44.5,25.8,8.8,5.3,16.1,22.6,102.5,0.429,13.0,0.657,0.243,0.223,0.102,0.09,0.343,0.473,0.617,0.4,0.358,0.397,0.344,0.628,0.874,0.215,0.357
ATL,LVA,5,31,78,74,0,0,1,1,0,1,1,0,0,0,0,2,0,0,1,0,1,0,1,0,0,0,1,2,0,0,0,27.8,68.1,0.408,6.0,19.4,0.308,21.8,48.7,0.448,15.4,20.0,0.771,9.2,26.9,36.1,18.4,7.2,3.7,12.5,16.9,77.0,1112,2723,0.408,239,775,0.308,873,1948,0.448,617,800,0.771,369,1075,1444,735,288,148,499,674,3080,27.7,15,25,15,25,-2.75,0.36,-2.39,99.0,102.5,-3.5,77.1,0.294,0.285,0.501,0.452,14.0,25.4,0.227,0.488,14.3,78.3,0.208,35.7,87.5,0.408,7.7,24.9,0.308,28.0,62.6,0.448,19.8,25.7,0.771,11.9,34.5,46.4,23.6,9.3,4.8,16.0,21.7,99.0,0.408,12.8,0.715,0.228,0.226,0.137,0.124,0.285,0.448,0.616,0.374,0.339,0.395,0.308,0.599,0.891,0.21,0.288,28.9,67.4,0.429,8.0,23.1,0.344,21.0,44.3,0.473,14.0,17.6,0.797,7.5,27.2,34.6,20.1,6.9,4.1,12.5,17.6,79.8,1156.0,2695.0,0.429,318.0,924.0,0.344,838.0,1771.0,0.473,560.0,703.0,0.797,298.0,1086.0,1384.0,804.0,275.0,164.0,501.0,702.0,3190.0,37.1,86.6,0.429,10.2,29.7,0.344,26.9,56.9,0.473,18.0,22.6,0.797,9.6,34.9,44.5,25.8,8.8,5.3,16.1,22.6,102.5,0.429,13.0,0.657,0.243,0.223,0.102,0.09,0.343,0.473,0.617,0.4,0.358,0.397,0.344,0.628,0.874,0.215,0.357
ATL,CON,6,2,50,69,0,0,1,1,0,1,1,0,0,0,0,2,0,0,1,0,1,1,1,0,0,0,1,2,0,0,0,27.8,68.1,0.408,6.0,19.4,0.308,21.8,48.7,0.448,15.4,20.0,0.771,9.2,26.9,36.1,18.4,7.2,3.7,12.5,16.9,77.0,1112,2723,0.408,239,775,0.308,873,1948,0.448,617,800,0.771,369,1075,1444,735,288,148,499,674,3080,27.7,15,25,15,25,-2.75,0.36,-2.39,99.0,102.5,-3.5,77.1,0.294,0.285,0.501,0.452,14.0,25.4,0.227,0.488,14.3,78.3,0.208,35.7,87.5,0.408,7.7,24.9,0.308,28.0,62.6,0.448,19.8,25.7,0.771,11.9,34.5,46.4,23.6,9.3,4.8,16.0,21.7,99.0,0.408,12.8,0.715,0.228,0.226,0.137,0.124,0.285,0.448,0.616,0.374,0.339,0.395,0.308,0.599,0.891,0.21,0.288,28.9,67.4,0.429,8.0,23.1,0.344,21.0,44.3,0.473,14.0,17.6,0.797,7.5,27.2,34.6,20.1,6.9,4.1,12.5,17.6,79.8,1156.0,2695.0,0.429,318.0,924.0,0.344,838.0,1771.0,0.473,560.0,703.0,0.797,298.0,1086.0,1384.0,804.0,275.0,164.0,501.0,702.0,3190.0,37.1,86.6,0.429,10.2,29.7,0.344,26.9,56.9,0.473,18.0,22.6,0.797,9.6,34.9,44.5,25.8,8.8,5.3,16.1,22.6,102.5,0.429,13.0,0.657,0.243,0.223,0.102,0.09,0.343,0.473,0.617,0.4,0.358,0.397,0.344,0.628,0.874,0.215,0.357
ATL,NYL,6,6,61,78,0,0,1,1,0,1,1,0,0,0,0,2,0,0,1,0,1,1,1,0,0,0,1,2,0,0,0,27.8,68.1,0.408,6.0,19.4,0.308,21.8,48.7,0.448,15.4,20.0,0.771,9.2,26.9,36.1,18.4,7.2,3.7,12.5,16.9,77.0,1112,2723,0.408,239,775,0.308,873,1948,0.448,617,800,0.771,369,1075,1444,735,288,148,499,674,3080,27.7,15,25,15,25,-2.75,0.36,-2.39,99.0,102.5,-3.5,77.1,0.294,0.285,0.501,0.452,14.0,25.4,0.227,0.488,14.3,78.3,0.208,35.7,87.5,0.408,7.7,24.9,0.308,28.0,62.6,0.448,19.8,25.7,0.771,11.9,34.5,46.4,23.6,9.3,4.8,16.0,21.7,99.0,0.408,12.8,0.715,0.228,0.226,0.137,0.124,0.285,0.448,0.616,0.374,0.339,0.395,0.308,0.599,0.891,0.21,0.288,28.9,67.4,0.429,8.0,23.1,0.344,21.0,44.3,0.473,14.0,17.6,0.797,7.5,27.2,34.6,20.1,6.9,4.1,12.5,17.6,79.8,1156.0,2695.0,0.429,318.0,924.0,0.344,838.0,1771.0,0.473,560.0,703.0,0.797,298.0,1086.0,1384.0,804.0,275.0,164.0,501.0,702.0,3190.0,37.1,86.6,0.429,10.2,29.7,0.344,26.9,56.9,0.473,18.0,22.6,0.797,9.6,34.9,44.5,25.8,8.8,5.3,16.1,22.6,102.5,0.429,13.0,0.657,0.243,0.223,0.102,0.09,0.343,0.473,0.617,0.4,0.358,0.397,0.344,0.628,0.874,0.215,0.357
ATL,CHI,6,8,89,80,0,0,1,1,0,1,1,0,0,0,0,2,0,0,1,0,1,0,1,0,0,0,1,2,0,0,0,27.8,68.1,0.408,6.0,19.4,0.308,21.8,48.7,0.448,15.4,20.0,0.771,9.2,26.9,36.1,18.4,7.2,3.7,12.5,16.9,77.0,1112,2723,0.408,239,775,0.308,873,1948,0.448,617,800,0.771,369,1075,1444,735,288,148,499,674,3080,27.7,15,25,15,25,-2.75,0.36,-2.39,99.0,102.5,-3.5,77.1,0.294,0.285,0.501,0.452,14.0,25.4,0.227,0.488,14.3,78.3,0.208,35.7,87.5,0.408,7.7,24.9,0.308,28.0,62.6,0.448,19.8,25.7,0.771,11.9,34.5,46.4,23.6,9.3,4.8,16.0,21.7,99.0,0.408,12.8,0.715,0.228,0.226,0.137,0.124,0.285,0.448,0.616,0.374,0.339,0.395,0.308,0.599,0.891,0.21,0.288,28.9,67.4,0.429,8.0,23.1,0.344,21.0,44.3,0.473,14.0,17.6,0.797,7.5,27.2,34.6,20.1,6.9,4.1,12.5,17.6,79.8,1156.0,2695.0,0.429,318.0,924.0,0.344,838.0,1771.0,0.473,560.0,703.0,0.797,298.0,1086.0,1384.0,804.0,275.0,164.0,501.0,702.0,3190.0,37.1,86.6,0.429,10.2,29.7,0.344,26.9,56.9,0.473,18.0,22.6,0.797,9.6,34.9,44.5,25.8,8.8,5.3,16.1,22.6,102.5,0.429,13.0,0.657,0.243,0.223,0.102,0.09,0.343,0.473,0.617,0.4,0.358,0.397,0.344,0.628,0.874,0.215,0.357
ATL,WAS,6,11,68,87,0,0,1,1,0,1,1,0,0,0,0,2,0,0,1,0,1,1,1,0,0,0,1,2,0,0,0,27.8,68.1,0.408,6.0,19.4,0.308,21.8,48.7,0.448,15.4,20.0,0.771,9.2,26.9,36.1,18.4,7.2,3.7,12.5,16.9,77.0,1112,2723,0.408,239,775,0.308,873,1948,0.448,617,800,0.771,369,1075,1444,735,288,148,499,674,3080,27.7,15,25,15,25,-2.75,0.36,-2.39,99.0,102.5,-3.5,77.1,0.294,0.285,0.501,0.452,14.0,25.4,0.227,0.488,14.3,78.3,0.208,35.7,87.5,0.408,7.7,24.9,0.308,28.0,62.6,0.448,19.8,25.7,0.771,11.9,34.5,46.4,23.6,9.3,4.8,16.0,21.7,99.0,0.408,12.8,0.715,0.228,0.226,0.137,0.124,0.285,0.448,0.616,0.374,0.339,0.395,0.308,0.599,0.891,0.21,0.288,28.9,67.4,0.429,8.0,23.1,0.344,21.0,44.3,0.473,14.0,17.6,0.797,7.5,27.2,34.6,20.1,6.9,4.1,12.5,17.6,79.8,1156.0,2695.0,0.429,318.0,924.0,0.344,838.0,1771.0,0.473,560.0,703.0,0.797,298.0,1086.0,1384.0,804.0,275.0,164.0,501.0,702.0,3190.0,37.1,86.6,0.429,10.2,29.7,0.344,26.9,56.9,0.473,18.0,22.6,0.797,9.6,34.9,44.5,25.8,8.8,5.3,16.1,22.6,102.5,0.429,13.0,0.657,0.243,0.223,0.102,0.09,0.343,0.473,0.617,0.4,0.358,0.397,0.344,0.628,0.874,0.215,0.357
ATL,IND,6,13,84,91,0,0,1,1,0,1,1,0,0,0,0,2,0,0,1,0,1,0,1,0,0,0,1,2,0,0,0,27.8,68.1,0.408,6.0,19.4,0.308,21.8,48.7,0.448,15.4,20.0,0.771,9.2,26.9,36.1,18.4,7.2,3.7,12.5,16.9,77.0,1112,2723,0.408,239,775,0.308,873,1948,0.448,617,800,0.771,369,1075,1444,735,288,148,499,674,3080,27.7,15,25,15,25,-2.75,0.36,-2.39,99.0,102.5,-3.5,77.1,0.294,0.285,0.501,0.452,14.0,25.4,0.227,0.488,14.3,78.3,0.208,35.7,87.5,0.408,7.7,24.9,0.308,28.0,62.6,0.448,19.8,25.7,0.771,11.9,34.5,46.4,23.6,9.3,4.8,16.0,21.7,99.0,0.408,12.8,0.715,0.228,0.226,0.137,0.124,0.285,0.448,0.616,0.374,0.339,0.395,0.308,0.599,0.891,0.21,0.288,28.9,67.4,0.429,8.0,23.1,0.344,21.0,44.3,0.473,14.0,17.6,0.797,7.5,27.2,34.6,20.1,6.9,4.1,12.5,17.6,79.8,1156.0,2695.0,0.429,318.0,924.0,0.344,838.0,1771.0,0.473,560.0,703.0,0.797,298.0,1086.0,1384.0,804.0,275.0,164.0,501.0,702.0,3190.0,37.1,86.6,0.429,10.2,29.7,0.344,26.9,56.9,0.473,18.0,22.6,0.797,9.6,34.9,44.5,25.8,8.8,5.3,16.1,22.6,102.5,0.429,13.0,0.657,0.243,0.223,0.102,0.09,0.343,0.473,0.617,0.4,0.358,0.397,0.344,0.628,0.874,0.215,0.357
ATL,LAS,6,16,87,74,0,0,1,1,0,1,1,0,0,0,0,2,0,0,1,0,1,0,1,0,0,0,1,2,0,0,0,27.8,68.1,0.408,6.0,19.4,0.308,21.8,48.7,0.448,15.4,20.0,0.771,9.2,26.9,36.1,18.4,7.2,3.7,12.5,16.9,77.0,1112,2723,0.408,239,775,0.308,873,1948,0.448,617,800,0.771,369,1075,1444,735,288,148,499,674,3080,27.7,15,25,15,25,-2.75,0.36,-2.39,99.0,102.5,-3.5,77.1,0.294,0.285,0.501,0.452,14.0,25.4,0.227,0.488,14.3,78.3,0.208,35.7,87.5,0.408,7.7,24.9,0.308,28.0,62.6,0.448,19.8,25.7,0.771,11.9,34.5,46.4,23.6,9.3,4.8,16.0,21.7,99.0,0.408,12.8,0.715,0.228,0.226,0.137,0.124,0.285,0.448,0.616,0.374,0.339,0.395,0.308,0.599,0.891,0.21,0.288,28.9,67.4,0.429,8.0,23.1,0.344,21.0,44.3,0.473,14.0,17.6,0.797,7.5,27.2,34.6,20.1,6.9,4.1,12.5,17.6,79.8,1156.0,2695.0,0.429,318.0,924.0,0.344,838.0,1771.0,0.473,560.0,703.0,0.797,298.0,1086.0,1384.0,804.0,275.0,164.0,501.0,702.0,3190.0,37.1,86.6,0.429,10.2,29.7,0.344,26.9,56.9,0.473,18.0,22.6,0.797,9.6,34.9,44.5,25.8,8.8,5.3,16.1,22.6,102.5,0.429,13.0,0.657,0.243,0.223,0.102,0.09,0.343,0.473,0.617,0.4,0.358,0.397,0.344,0.628,0.874,0.215,0.357
ATL,MIN,6,19,55,68,0,0,1,1,0,1,1,0,0,0,0,2,0,0,1,0,1,0,1,0,0,0,1,1,0,0,0,27.8,68.1,0.408,6.0,19.4,0.308,21.8,48.7,0.448,15.4,20.0,0.771,9.2,26.9,36.1,18.4,7.2,3.7,12.5,16.9,77.0,1112,2723,0.408,239,775,0.308,873,1948,0.448,617,800,0.771,369,1075,1444,735,288,148,499,674,3080,27.7,15,25,15,25,-2.75,0.36,-2.39,99.0,102.5,-3.5,77.1,0.294,0.285,0.501,0.452,14.0,25.4,0.227,0.488,14.3,78.3,0.208,35.7,87.5,0.408,7.7,24.9,0.308,28.0,62.6,0.448,19.8,25.7,0.771,11.9,34.5,46.4,23.6,9.3,4.8,16.0,21.7,99.0,0.408,12.8,0.715,0.228,0.226,0.137,0.124,0.285,0.448,0.616,0.374,0.339,0.395,0.308,0.599,0.891,0.21,0.288,28.9,67.4,0.429,8.0,23.1,0.344,21.0,44.3,0.473,14.0,17.6,0.797,7.5,27.2,34.6,20.1,6.9,4.1,12.5,17.6,79.8,1156.0,2695.0,0.429,318.0,924.0,0.344,838.0,1771.0,0.473,560.0,703.0,0.797,298.0,1086.0,1384.0,804.0,275.0,164.0,501.0,702.0,3190.0,37.1,86.6,0.429,10.2,29.7,0.344,26.9,56.9,0.473,18.0,22.6,0.797,9.6,34.9,44.5,25.8,8.8,5.3,16.1,22.6,102.5,0.429,13.0,0.657,0.243,0.223,0.102,0.09,0.343,0.473,0.617,0.4,0.358,0.397,0.344,0.628,0.874,0.215,0.357
ATL,IND,6,21,79,91,0,0,0,0,0,1,1,0,0,0,0,2,0,0,0,0,1,1,1,0,0,0,0,2,0,0,0,27.8,68.1,0.408,6.0,19.4,0.308,21.8,48.7,0.448,15.4,20.0,0.771,9.2,26.9,36.1,18.4,7.2,3.7,12.5,16.9,77.0,1112,2723,0.408,239,775,0.308,873,1948,0.448,617,800,0.771,369,1075,1444,735,288,148,499,674,3080,27.7,15,25,15,25,-2.75,0.36,-2.39,99.0,102.5,-3.5,77.1,0.294,0.285,0.501,0.452,14.0,25.4,0.227,0.488,14.3,78.3,0.208,35.7,87.5,0.408,7.7,24.9,0.308,28.0,62.6,0.448,19.8,25.7,0.771,11.9,34.5,46.4,23.6,9.3,4.8,16.0,21.7,99.0,0.408,12.8,0.715,0.228,0.226,0.137,0.124,0.285,0.448,0.616,0.374,0.339,0.395,0.308,0.599,0.891,0.21,0.288,28.9,67.4,0.429,8.0,23.1,0.344,21.0,44.3,0.473,14.0,17.6,0.797,7.5,27.2,34.6,20.1,6.9,4.1,12.5,17.6,79.8,1156.0,2695.0,0.429,318.0,924.0,0.344,838.0,1771.0,0.473,560.0,703.0,0.797,298.0,1086.0,1384.0,804.0,275.0,164.0,501.0,702.0,3190.0,37.1,86.6,0.429,10.2,29.7,0.344,26.9,56.9,0.473,18.0,22.6,0.797,9.6,34.9,44.5,25.8,8.8,5.3,16.1,22.6,102.5,0.429,13.0,0.657,0.243,0.223,0.102,0.09,0.343,0.473,0.617,0.4,0.358,0.397,0.344,0.628,0.874,0.215,0.357
ATL,NYL,6,23,75,96,0,0,0,0,0,1,1,1,0,0,0,2,0,0,0,0,1,1,1,0,0,0,0,2,0,0,0,27.8,68.1,0.408,6.0,19.4,0.308,21.8,48.7,0.448,15.4,20.0,0.771,9.2,26.9,36.1,18.4,7.2,3.7,12.5,16.9,77.0,1112,2723,0.408,239,775,0.308,873,1948,0.448,617,800,0.771,369,1075,1444,735,288,148,499,674,3080,27.7,15,25,15,25,-2.75,0.36,-2.39,99.0,102.5,-3.5,77.1,0.294,0.285,0.501,0.452,14.0,25.4,0.227,0.488,14.3,78.3,0.208,35.7,87.5,0.408,7.7,24.9,0.308,28.0,62.6,0.448,19.8,25.7,0.771,11.9,34.5,46.4,23.6,9.3,4.8,16.0,21.7,99.0,0.408,12.8,0.715,0.228,0.226,0.137,0.124,0.285,0.448,0.616,0.374,0.339,0.395,0.308,0.599,0.891,0.21,0.288,28.9,67.4,0.429,8.0,23.1,0.344,21.0,44.3,0.473,14.0,17.6,0.797,7.5,27.2,34.6,20.1,6.9,4.1,12.5,17.6,79.8,1156.0,2695.0,0.429,318.0,924.0,0.344,838.0,1771.0,0.473,560.0,703.0,0.797,298.0,1086.0,1384.0,804.0,275.0,164.0,501.0,702.0,3190.0,37.1,86.6,0.429,10.2,29.7,0.344,26.9,56.9,0.473,18.0,22.6,0.797,9.6,34.9,44.5,25.8,8.8,5.3,16.1,22.6,102.5,0.429,13.0,0.657,0.243,0.223,0.102,0.09,0.343,0.473,0.617,0.4,0.358,0.397,0.344,0.628,0.874,0.215,0.357
ATL,CON,6,28,78,74,0,0,0,0,0,1,1,1,0,0,0,2,0,0,0,0,1,1,1,0,0,0,0,2,0,0,0,27.8,68.1,0.408,6.0,19.4,0.308,21.8,48.7,0.448,15.4,20.0,0.771,9.2,26.9,36.1,18.4,7.2,3.7,12.5,16.9,77.0,1112,2723,0.408,239,775,0.308,873,1948,0.448,617,800,0.771,369,1075,1444,735,288,148,499,674,3080,27.7,15,25,15,25,-2.75,0.36,-2.39,99.0,102.5,-3.5,77.1,0.294,0.285,0.501,0.452,14.0,25.4,0.227,0.488,14.3,78.3,0.208,35.7,87.5,0.408,7.7,24.9,0.308,28.0,62.6,0.448,19.8,25.7,0.771,11.9,34.5,46.4,23.6,9.3,4.8,16.0,21.7,99.0,0.408,12.8,0.715,0.228,0.226,0.137,0.124,0.285,0.448,0.616,0.374,0.339,0.395,0.308,0.599,0.891,0.21,0.288,28.9,67.4,0.429,8.0,23.1,0.344,21.0,44.3,0.473,14.0,17.6,0.797,7.5,27.2,34.6,20.1,6.9,4.1,12.5,17.6,79.8,1156.0,2695.0,0.429,318.0,924.0,0.344,838.0,1771.0,0.473,560.0,703.0,0.797,298.0,1086.0,1384.0,804.0,275.0,164.0,501.0,702.0,3190.0,37.1,86.6,0.429,10.2,29.7,0.344,26.9,56.9,0.473,18.0,22.6,0.797,9.6,34.9,44.5,25.8,8.8,5.3,16.1,22.6,102.5,0.429,13.0,0.657,0.243,0.223,0.102,0.09,0.343,0.473,0.617,0.4,0.358,0.397,0.344,0.628,0.874,0.215,0.357
ATL,NYL,6,30,75,81,0,0,0,0,0,1,1,1,0,0,0,2,0,0,0,0,1,0,1,0,0,0,0,1,0,0,0,27.8,68.1,0.408,6.0,19.4,0.308,21.8,48.7,0.448,15.4,20.0,0.771,9.2,26.9,36.1,18.4,7.2,3.7,12.5,16.9,77.0,1112,2723,0.408,239,775,0.308,873,1948,0.448,617,800,0.771,369,1075,1444,735,288,148,499,674,3080,27.7,15,25,15,25,-2.75,0.36,-2.39,99.0,102.5,-3.5,77.1,0.294,0.285,0.501,0.452,14.0,25.4,0.227,0.488,14.3,78.3,0.208,35.7,87.5,0.408,7.7,24.9,0.308,28.0,62.6,0.448,19.8,25.7,0.771,11.9,34.5,46.4,23.6,9.3,4.8,16.0,21.7,99.0,0.408,12.8,0.715,0.228,0.226,0.137,0.124,0.285,0.448,0.616,0.374,0.339,0.395,0.308,0.599,0.891,0.21,0.288,28.9,67.4,0.429,8.0,23.1,0.344,21.0,44.3,0.473,14.0,17.6,0.797,7.5,27.2,34.6,20.1,6.9,4.1,12.5,17.6,79.8,1156.0,2695.0,0.429,318.0,924.0,0.344,838.0,1771.0,0.473,560.0,703.0,0.797,298.0,1086.0,1384.0,804.0,275.0,164.0,501.0,702.0,3190.0,37.1,86.6,0.429,10.2,29.7,0.344,26.9,56.9,0.473,18.0,22.6,0.797,9.6,34.9,44.5,25.8,8.8,5.3,16.1,22.6,102.5,0.429,13.0,0.657,0.243,0.223,0.102,0.09,0.343,0.473,0.617,0.4,0.358,0.397,0.344,0.628,0.874,0.215,0.357
ATL,CHI,7,2,77,85,0,0,0,0,0,1,1,1,0,0,0,2,0,0,0,0,1,0,1,0,0,0,0,1,0,0,0,27.8,68.1,0.408,6.0,19.4,0.308,21.8,48.7,0.448,15.4,20.0,0.771,9.2,26.9,36.1,18.4,7.2,3.7,12.5,16.9,77.0,1112,2723,0.408,239,775,0.308,873,1948,0.448,617,800,0.771,369,1075,1444,735,288,148,499,674,3080,27.7,15,25,15,25,-2.75,0.36,-2.39,99.0,102.5,-3.5,77.1,0.294,0.285,0.501,0.452,14.0,25.4,0.227,0.488,14.3,78.3,0.208,35.7,87.5,0.408,7.7,24.9,0.308,28.0,62.6,0.448,19.8,25.7,0.771,11.9,34.5,46.4,23.6,9.3,4.8,16.0,21.7,99.0,0.408,12.8,0.715,0.228,0.226,0.137,0.124,0.285,0.448,0.616,0.374,0.339,0.395,0.308,0.599,0.891,0.21,0.288,28.9,67.4,0.429,8.0,23.1,0.344,21.0,44.3,0.473,14.0,17.6,0.797,7.5,27.2,34.6,20.1,6.9,4.1,12.5,17.6,79.8,1156.0,2695.0,0.429,318.0,924.0,0.344,838.0,1771.0,0.473,560.0,703.0,0.797,298.0,1086.0,1384.0,804.0,275.0,164.0,501.0,702.0,3190.0,37.1,86.6,0.429,10.2,29.7,0.344,26.9,56.9,0.473,18.0,22.6,0.797,9.6,34.9,44.5,25.8,8.8,5.3,16.1,22.6,102.5,0.429,13.0,0.657,0.243,0.223,0.102,0.09,0.343,0.473,0.617,0.4,0.358,0.397,0.344,0.628,0.874,0.215,0.357
ATL,DAL,7,5,82,85,0,0,0,0,0,1,1,0,0,0,0,2,0,0,0,0,1,1,1,0,0,1,0,1,0,0,0,27.8,68.1,0.408,6.0,19.4,0.308,21.8,48.7,0.448,15.4,20.0,0.771,9.2,26.9,36.1,18.4,7.2,3.7,12.5,16.9,77.0,1112,2723,0.408,239,775,0.308,873,1948,0.448,617,800,0.771,369,1075,1444,735,288,148,499,674,3080,27.7,15,25,15,25,-2.75,0.36,-2.39,99.0,102.5,-3.5,77.1,0.294,0.285,0.501,0.452,14.0,25.4,0.227,0.488,14.3,78.3,0.208,35.7,87.5,0.408,7.7,24.9,0.308,28.0,62.6,0.448,19.8,25.7,0.771,11.9,34.5,46.4,23.6,9.3,4.8,16.0,21.7,99.0,0.408,12.8,0.715,0.228,0.226,0.137,0.124,0.285,0.448,0.616,0.374,0.339,0.395,0.308,0.599,0.891,0.21,0.288,28.9,67.4,0.429,8.0,23.1,0.344,21.0,44.3,0.473,14.0,17.6,0.797,7.5,27.2,34.6,20.1,6.9,4.1,12.5,17.6,79.8,1156.0,2695.0,0.429,318.0,924.0,0.344,838.0,1771.0,0.473,560.0,703.0,0.797,298.0,1086.0,1384.0,804.0,275.0,164.0,501.0,702.0,3190.0,37.1,86.6,0.429,10.2,29.7,0.344,26.9,56.9,0.473,18.0,22.6,0.797,9.6,34.9,44.5,25.8,8.8,5.3,16.1,22.6,102.5,0.429,13.0,0.657,0.243,0.223,0.102,0.09,0.343,0.473,0.617,0.4,0.358,0.397,0.344,0.628,0.874,0.215,0.357
ATL,CON,7,7,67,80,0,0,0,0,0,1,1,0,0,0,0,2,0,0,0,0,1,1,1,0,0,1,0,1,0,0,0,27.8,68.1,0.408,6.0,19.4,0.308,21.8,48.7,0.448,15.4,20.0,0.771,9.2,26.9,36.1,18.4,7.2,3.7,12.5,16.9,77.0,1112,2723,0.408,239,775,0.308,873,1948,0.448,617,800,0.771,369,1075,1444,735,288,148,499,674,3080,27.7,15,25,15,25,-2.75,0.36,-2.39,99.0,102.5,-3.5,77.1,0.294,0.285,0.501,0.452,14.0,25.4,0.227,0.488,14.3,78.3,0.208,35.7,87.5,0.408,7.7,24.9,0.308,28.0,62.6,0.448,19.8,25.7,0.771,11.9,34.5,46.4,23.6,9.3,4.8,16.0,21.7,99.0,0.408,12.8,0.715,0.228,0.226,0.137,0.124,0.285,0.448,0.616,0.374,0.339,0.395,0.308,0.599,0.891,0.21,0.288,28.9,67.4,0.429,8.0,23.1,0.344,21.0,44.3,0.473,14.0,17.6,0.797,7.5,27.2,34.6,20.1,6.9,4.1,12.5,17.6,79.8,1156.0,2695.0,0.429,318.0,924.0,0.344,838.0,1771.0,0.473,560.0,703.0,0.797,298.0,1086.0,1384.0,804.0,275.0,164.0,501.0,702.0,3190.0,37.1,86.6,0.429,10.2,29.7,0.344,26.9,56.9,0.473,18.0,22.6,0.797,9.6,34.9,44.5,25.8,8.8,5.3,16.1,22.6,102.5,0.429,13.0,0.657,0.243,0.223,0.102,0.09,0.343,0.473,0.617,0.4,0.358,0.397,0.344,0.628,0.874,0.215,0.357
ATL,CHI,7,10,69,78,0,0,0,0,0,1,1,0,0,0,0,2,0,0,0,0,1,0,1,0,0,1,0,1,0,0,0,27.8,68.1,0.408,6.0,19.4,0.308,21.8,48.7,0.448,15.4,20.0,0.771,9.2,26.9,36.1,18.4,7.2,3.7,12.5,16.9,77.0,1112,2723,0.408,239,775,0.308,873,1948,0.448,617,800,0.771,369,1075,1444,735,288,148,499,674,3080,27.7,15,25,15,25,-2.75,0.36,-2.39,99.0,102.5,-3.5,77.1,0.294,0.285,0.501,0.452,14.0,25.4,0.227,0.488,14.3,78.3,0.208,35.7,87.5,0.408,7.7,24.9,0.308,28.0,62.6,0.448,19.8,25.7,0.771,11.9,34.5,46.4,23.6,9.3,4.8,16.0,21.7,99.0,0.408,12.8,0.715,0.228,0.226,0.137,0.124,0.285,0.448,0.616,0.374,0.339,0.395,0.308,0.599,0.891,0.21,0.288,28.9,67.4,0.429,8.0,23.1,0.344,21.0,44.3,0.473,14.0,17.6,0.797,7.5,27.2,34.6,20.1,6.9,4.1,12.5,17.6,79.8,1156.0,2695.0,0.429,318.0,924.0,0.344,838.0,1771.0,0.473,560.0,703.0,0.797,298.0,1086.0,1384.0,804.0,275.0,164.0,501.0,702.0,3190.0,37.1,86.6,0.429,10.2,29.7,0.344,26.9,56.9,0.473,18.0,22.6,0.797,9.6,34.9,44.5,25.8,8.8,5.3,16.1,22.6,102.5,0.429,13.0,0.657,0.243,0.223,0.102,0.09,0.343,0.473,0.617,0.4,0.358,0.397,0.344,0.628,0.874,0.215,0.357
ATL,LVA,7,12,70,84,0,0,0,0,0,1,1,0,0,0,0,2,0,0,0,0,1,0,1,0,0,1,0,1,0,0,0,27.8,68.1,0.408,6.0,19.4,0.308,21.8,48.7,0.448,15.4,20.0,0.771,9.2,26.9,36.1,18.4,7.2,3.7,12.5,16.9,77.0,1112,2723,0.408,239,775,0.308,873,1948,0.448,617,800,0.771,369,1075,1444,735,288,148,499,674,3080,27.7,15,25,15,25,-2.75,0.36,-2.39,99.0,102.5,-3.5,77.1,0.294,0.285,0.501,0.452,14.0,25.4,0.227,0.488,14.3,78.3,0.208,35.7,87.5,0.408,7.7,24.9,0.308,28.0,62.6,0.448,19.8,25.7,0.771,11.9,34.5,46.4,23.6,9.3,4.8,16.0,21.7,99.0,0.408,12.8,0.715,0.228,0.226,0.137,0.124,0.285,0.448,0.616,0.374,0.339,0.395,0.308,0.599,0.891,0.21,0.288,28.9,67.4,0.429,8.0,23.1,0.344,21.0,44.3,0.473,14.0,17.6,0.797,7.5,27.2,34.6,20.1,6.9,4.1,12.5,17.6,79.8,1156.0,2695.0,0.429,318.0,924.0,0.344,838.0,1771.0,0.473,560.0,703.0,0.797,298.0,1086.0,1384.0,804.0,275.0,164.0,501.0,702.0,3190.0,37.1,86.6,0.429,10.2,29.7,0.344,26.9,56.9,0.473,18.0,22.6,0.797,9.6,34.9,44.5,25.8,8.8,5.3,16.1,22.6,102.5,0.429,13.0,0.657,0.243,0.223,0.102,0.09,0.343,0.473,0.617,0.4,0.358,0.397,0.344,0.628,0.874,0.215,0.357
ATL,SEA,7,14,70,81,0,0,0,0,0,1,1,0,0,0,0,2,0,0,0,0,1,0,1,0,0,1,0,2,0,0,0,27.8,68.1,0.408,6.0,19.4,0.308,21.8,48.7,0.448,15.4,20.0,0.771,9.2,26.9,36.1,18.4,7.2,3.7,12.5,16.9,77.0,1112,2723,0.408,239,775,0.308,873,1948,0.448,617,800,0.771,369,1075,1444,735,288,148,499,674,3080,27.7,15,25,15,25,-2.75,0.36,-2.39,99.0,102.5,-3.5,77.1,0.294,0.285,0.501,0.452,14.0,25.4,0.227,0.488,14.3,78.3,0.208,35.7,87.5,0.408,7.7,24.9,0.308,28.0,62.6,0.448,19.8,25.7,0.771,11.9,34.5,46.4,23.6,9.3,4.8,16.0,21.7,99.0,0.408,12.8,0.715,0.228,0.226,0.137,0.124,0.285,0.448,0.616,0.374,0.339,0.395,0.308,0.599,0.891,0.21,0.288,28.9,67.4,0.429,8.0,23.1,0.344,21.0,44.3,0.473,14.0,17.6,0.797,7.5,27.2,34.6,20.1,6.9,4.1,12.5,17.6,79.8,1156.0,2695.0,0.429,318.0,924.0,0.344,838.0,1771.0,0.473,560.0,703.0,0.797,298.0,1086.0,1384.0,804.0,275.0,164.0,501.0,702.0,3190.0,37.1,86.6,0.429,10.2,29.7,0.344,26.9,56.9,0.473,18.0,22.6,0.797,9.6,34.9,44.5,25.8,8.8,5.3,16.1,22.6,102.5,0.429,13.0,0.657,0.243,0.223,0.102,0.09,0.343,0.473,0.617,0.4,0.358,0.397,0.344,0.628,0.874,0.215,0.357
ATL,MIN,7,17,79,86,0,0,1,1,0,1,1,0,0,0,0,2,0,0,1,0,1,0,1,0,0,1,1,2,0,0,0,27.8,68.1,0.408,6.0,19.4,0.308,21.8,48.7,0.448,15.4,20.0,0.771,9.2,26.9,36.1,18.4,7.2,3.7,12.5,16.9,77.0,1112,2723,0.408,239,775,0.308,873,1948,0.448,617,800,0.771,369,1075,1444,735,288,148,499,674,3080,27.7,15,25,15,25,-2.75,0.36,-2.39,99.0,102.5,-3.5,77.1,0.294,0.285,0.501,0.452,14.0,25.4,0.227,0.488,14.3,78.3,0.208,35.7,87.5,0.408,7.7,24.9,0.308,28.0,62.6,0.448,19.8,25.7,0.771,11.9,34.5,46.4,23.6,9.3,4.8,16.0,21.7,99.0,0.408,12.8,0.715,0.228,0.226,0.137,0.124,0.285,0.448,0.616,0.374,0.339,0.395,0.308,0.599,0.891,0.21,0.288,28.9,67.4,0.429,8.0,23.1,0.344,21.0,44.3,0.473,14.0,17.6,0.797,7.5,27.2,34.6,20.1,6.9,4.1,12.5,17.6,79.8,1156.0,2695.0,0.429,318.0,924.0,0.344,838.0,1771.0,0.473,560.0,703.0,0.797,298.0,1086.0,1384.0,804.0,275.0,164.0,501.0,702.0,3190.0,37.1,86.6,0.429,10.2,29.7,0.344,26.9,56.9,0.473,18.0,22.6,0.797,9.6,34.9,44.5,25.8,8.8,5.3,16.1,22.6,102.5,0.429,13.0,0.657,0.243,0.223,0.102,0.09,0.343,0.473,0.617,0.4,0.358,0.397,0.344,0.628,0.874,0.215,0.357
ATL,SEA,8,16,83,81,0,0,1,1,0,1,1,1,0,0,0,2,0,0,1,0,1,0,1,0,0,0,1,1,0,0,0,27.8,68.1,0.408,6.0,19.4,0.308,21.8,48.7,0.448,15.4,20.0,0.771,9.2,26.9,36.1,18.4,7.2,3.7,12.5,16.9,77.0,1112,2723,0.408,239,775,0.308,873,1948,0.448,617,800,0.771,369,1075,1444,735,288,148,499,674,3080,27.7,15,25,15,25,-2.75,0.36,-2.39,99.0,102.5,-3.5,77.1,0.294,0.285,0.501,0.452,14.0,25.4,0.227,0.488,14.3,78.3,0.208,35.7,87.5,0.408,7.7,24.9,0.308,28.0,62.6,0.448,19.8,25.7,0.771,11.9,34.5,46.4,23.6,9.3,4.8,16.0,21.7,99.0,0.408,12.8,0.715,0.228,0.226,0.137,0.124,0.285,0.448,0.616,0.374,0.339,0.395,0.308,0.599,0.891,0.21,0.288,28.9,67.4,0.429,8.0,23.1,0.344,21.0,44.3,0.473,14.0,17.6,0.797,7.5,27.2,34.6,20.1,6.9,4.1,12.5,17.6,79.8,1156.0,2695.0,0.429,318.0,924.0,0.344,838.0,1771.0,0.473,560.0,703.0,0.797,298.0,1086.0,1384.0,804.0,275.0,164.0,501.0,702.0,3190.0,37.1,86.6,0.429,10.2,29.7,0.344,26.9,56.9,0.473,18.0,22.6,0.797,9.6,34.9,44.5,25.8,8.8,5.3,16.1,22.6,102.5,0.429,13.0,0.657,0.243,0.223,0.102,0.09,0.343,0.473,0.617,0.4,0.358,0.397,0.344,0.628,0.874,0.215,0.357
ATL,CON,8,18,82,70,0,0,1,1,0,1,1,1,0,0,0,2,0,0,1,0,1,0,1,0,0,0,1,1,0,0,0,27.8,68.1,0.408,6.0,19.4,0.308,21.8,48.7,0.448,15.4,20.0,0.771,9.2,26.9,36.1,18.4,7.2,3.7,12.5,16.9,77.0,1112,2723,0.408,239,775,0.308,873,1948,0.448,617,800,0.771,369,1075,1444,735,288,148,499,674,3080,27.7,15,25,15,25,-2.75,0.36,-2.39,99.0,102.5,-3.5,77.1,0.294,0.285,0.501,0.452,14.0,25.4,0.227,0.488,14.3,78.3,0.208,35.7,87.5,0.408,7.7,24.9,0.308,28.0,62.6,0.448,19.8,25.7,0.771,11.9,34.5,46.4,23.6,9.3,4.8,16.0,21.7,99.0,0.408,12.8,0.715,0.228,0.226,0.137,0.124,0.285,0.448,0.616,0.374,0.339,0.395,0.308,0.599,0.891,0.21,0.288,28.9,67.4,0.429,8.0,23.1,0.344,21.0,44.3,0.473,14.0,17.6,0.797,7.5,27.2,34.6,20.1,6.9,4.1,12.5,17.6,79.8,1156.0,2695.0,0.429,318.0,924.0,0.344,838.0,1771.0,0.473,560.0,703.0,0.797,298.0,1086.0,1384.0,804.0,275.0,164.0,501.0,702.0,3190.0,37.1,86.6,0.429,10.2,29.7,0.344,26.9,56.9,0.473,18.0,22.6,0.797,9.6,34.9,44.5,25.8,8.8,5.3,16.1,22.6,102.5,0.429,13.0,0.657,0.243,0.223,0.102,0.09,0.343,0.473,0.617,0.4,0.358,0.397,0.344,0.628,0.874,0.215,0.357
ATL,PHO,8,21,72,63,0,0,1,1,0,1,1,1,0,0,0,2,0,0,1,0,1,0,1,0,0,0,1,1,0,0,0,27.8,68.1,0.408,6.0,19.4,0.308,21.8,48.7,0.448,15.4,20.0,0.771,9.2,26.9,36.1,18.4,7.2,3.7,12.5,16.9,77.0,1112,2723,0.408,239,775,0.308,873,1948,0.448,617,800,0.771,369,1075,1444,735,288,148,499,674,3080,27.7,15,25,15,25,-2.75,0.36,-2.39,99.0,102.5,-3.5,77.1,0.294,0.285,0.501,0.452,14.0,25.4,0.227,0.488,14.3,78.3,0.208,35.7,87.5,0.408,7.7,24.9,0.308,28.0,62.6,0.448,19.8,25.7,0.771,11.9,34.5,46.4,23.6,9.3,4.8,16.0,21.7,99.0,0.408,12.8,0.715,0.228,0.226,0.137,0.124,0.285,0.448,0.616,0.374,0.339,0.395,0.308,0.599,0.891,0.21,0.288,28.9,67.4,0.429,8.0,23.1,0.344,21.0,44.3,0.473,14.0,17.6,0.797,7.5,27.2,34.6,20.1,6.9,4.1,12.5,17.6,79.8,1156.0,2695.0,0.429,318.0,924.0,0.344,838.0,1771.0,0.473,560.0,703.0,0.797,298.0,1086.0,1384.0,804.0,275.0,164.0,501.0,702.0,3190.0,37.1,86.6,0.429,10.2,29.7,0.344,26.9,56.9,0.473,18.0,22.6,0.797,9.6,34.9,44.5,25.8,8.8,5.3,16.1,22.6,102.5,0.429,13.0,0.657,0.243,0.223,0.102,0.09,0.343,0.473,0.617,0.4,0.358,0.397,0.344,0.628,0.874,0.215,0.357
ATL,PHO,8,23,80,82,0,0,1,1,0,1,1,1,0,0,0,2,0,0,1,0,1,0,1,0,0,0,1,1,0,0,0,27.8,68.1,0.408,6.0,19.4,0.308,21.8,48.7,0.448,15.4,20.0,0.771,9.2,26.9,36.1,18.4,7.2,3.7,12.5,16.9,77.0,1112,2723,0.408,239,775,0.308,873,1948,0.448,617,800,0.771,369,1075,1444,735,288,148,499,674,3080,27.7,15,25,15,25,-2.75,0.36,-2.39,99.0,102.5,-3.5,77.1,0.294,0.285,0.501,0.452,14.0,25.4,0.227,0.488,14.3,78.3,0.208,35.7,87.5,0.408,7.7,24.9,0.308,28.0,62.6,0.448,19.8,25.7,0.771,11.9,34.5,46.4,23.6,9.3,4.8,16.0,21.7,99.0,0.408,12.8,0.715,0.228,0.226,0.137,0.124,0.285,0.448,0.616,0.374,0.339,0.395,0.308,0.599,0.891,0.21,0.288,28.9,67.4,0.429,8.0,23.1,0.344,21.0,44.3,0.473,14.0,17.6,0.797,7.5,27.2,34.6,20.1,6.9,4.1,12.5,17.6,79.8,1156.0,2695.0,0.429,318.0,924.0,0.344,838.0,1771.0,0.473,560.0,703.0,0.797,298.0,1086.0,1384.0,804.0,275.0,164.0,501.0,702.0,3190.0,37.1,86.6,0.429,10.2,29.7,0.344,26.9,56.9,0.473,18.0,22.6,0.797,9.6,34.9,44.5,25.8,8.8,5.3,16.1,22.6,102.5,0.429,13.0,0.657,0.243,0.223,0.102,0.09,0.343,0.473,0.617,0.4,0.358,0.397,0.344,0.628,0.874,0.215,0.357
ATL,IND,8,26,79,84,0,0,1,1,0,1,1,1,0,0,0,2,0,0,1,0,1,0,1,0,0,0,1,1,0,0,0,27.8,68.1,0.408,6.0,19.4,0.308,21.8,48.7,0.448,15.4,20.0,0.771,9.2,26.9,36.1,18.4,7.2,3.7,12.5,16.9,77.0,1112,2723,0.408,239,775,0.308,873,1948,0.448,617,800,0.771,369,1075,1444,735,288,148,499,674,3080,27.7,15,25,15,25,-2.75,0.36,-2.39,99.0,102.5,-3.5,77.1,0.294,0.285,0.501,0.452,14.0,25.4,0.227,0.488,14.3,78.3,0.208,35.7,87.5,0.408,7.7,24.9,0.308,28.0,62.6,0.448,19.8,25.7,0.771,11.9,34.5,46.4,23.6,9.3,4.8,16.0,21.7,99.0,0.408,12.8,0.715,0.228,0.226,0.137,0.124,0.285,0.448,0.616,0.374,0.339,0.395,0.308,0.599,0.891,0.21,0.288,28.9,67.4,0.429,8.0,23.1,0.344,21.0,44.3,0.473,14.0,17.6,0.797,7.5,27.2,34.6,20.1,6.9,4.1,12.5,17.6,79.8,1156.0,2695.0,0.429,318.0,924.0,0.344,838.0,1771.0,0.473,560.0,703.0,0.797,298.0,1086.0,1384.0,804.0,275.0,164.0,501.0,702.0,3190.0,37.1,86.6,0.429,10.2,29.7,0.344,26.9,56.9,0.473,18.0,22.6,0.797,9.6,34.9,44.5,25.8,8.8,5.3,16.1,22.6,102.5,0.429,13.0,0.657,0.243,0.223,0.102,0.09,0.343,0.473,0.617,0.4,0.358,0.397,0.344,0.628,0.874,0.215,0.357
ATL,SEA,8,28,81,85,0,0,1,1,0,1,1,1,0,0,0,2,0,0,1,0,1,0,1,0,0,0,1,1,0,0,0,27.8,68.1,0.408,6.0,19.4,0.308,21.8,48.7,0.448,15.4,20.0,0.771,9.2,26.9,36.1,18.4,7.2,3.7,12.5,16.9,77.0,1112,2723,0.408,239,775,0.308,873,1948,0.448,617,800,0.771,369,1075,1444,735,288,148,499,674,3080,27.7,15,25,15,25,-2.75,0.36,-2.39,99.0,102.5,-3.5,77.1,0.294,0.285,0.501,0.452,14.0,25.4,0.227,0.488,14.3,78.3,0.208,35.7,87.5,0.408,7.7,24.9,0.308,28.0,62.6,0.448,19.8,25.7,0.771,11.9,34.5,46.4,23.6,9.3,4.8,16.0,21.7,99.0,0.408,12.8,0.715,0.228,0.226,0.137,0.124,0.285,0.448,0.616,0.374,0.339,0.395,0.308,0.599,0.891,0.21,0.288,28.9,67.4,0.429,8.0,23.1,0.344,21.0,44.3,0.473,14.0,17.6,0.797,7.5,27.2,34.6,20.1,6.9,4.1,12.5,17.6,79.8,1156.0,2695.0,0.429,318.0,924.0,0.344,838.0,1771.0,0.473,560.0,703.0,0.797,298.0,1086.0,1384.0,804.0,275.0,164.0,501.0,702.0,3190.0,37.1,86.6,0.429,10.2,29.7,0.344,26.9,56.9,0.473,18.0,22.6,0.797,9.6,34.9,44.5,25.8,8.8,5.3,16.1,22.6,102.5,0.429,13.0,0.657,0.243,0.223,0.102,0.09,0.343,0.473,0.617,0.4,0.358,0.397,0.344,0.628,0.874,0.215,0.357
ATL,LVA,8,30,72,83,0,0,1,1,0,1,1,1,0,0,0,1,0,0,1,0,0,1,0,0,0,0,1,1,0,0,0,27.8,68.1,0.408,6.0,19.4,0.308,21.8,48.7,0.448,15.4,20.0,0.771,9.2,26.9,36.1,18.4,7.2,3.7,12.5,16.9,77.0,1112,2723,0.408,239,775,0.308,873,1948,0.448,617,800,0.771,369,1075,1444,735,288,148,499,674,3080,27.7,15,25,15,25,-2.75,0.36,-2.39,99.0,102.5,-3.5,77.1,0.294,0.285,0.501,0.452,14.0,25.4,0.227,0.488,14.3,78.3,0.208,35.7,87.5,0.408,7.7,24.9,0.308,28.0,62.6,0.448,19.8,25.7,0.771,11.9,34.5,46.4,23.6,9.3,4.8,16.0,21.7,99.0,0.408,12.8,0.715,0.228,0.226,0.137,0.124,0.285,0.448,0.616,0.374,0.339,0.395,0.308,0.599,0.891,0.21,0.288,28.9,67.4,0.429,8.0,23.1,0.344,21.0,44.3,0.473,14.0,17.6,0.797,7.5,27.2,34.6,20.1,6.9,4.1,12.5,17.6,79.8,1156.0,2695.0,0.429,318.0,924.0,0.344,838.0,1771.0,0.473,560.0,703.0,0.797,298.0,1086.0,1384.0,804.0,275.0,164.0,501.0,702.0,3190.0,37.1,86.6,0.429,10.2,29.7,0.344,26.9,56.9,0.473,18.0,22.6,0.797,9.6,34.9,44.5,25.8,8.8,5.3,16.1,22.6,102.5,0.429,13.0,0.657,0.243,0.223,0.102,0.09,0.343,0.473,0.617,0.4,0.358,0.397,0.344,0.628,0.874,0.215,0.357
ATL,LAS,9,1,80,62,0,0,1,1,0,1,1,1,0,0,0,2,0,0,1,0,1,1,1,0,0,0,1,1,0,0,0,27.8,68.1,0.408,6.0,19.4,0.308,21.8,48.7,0.448,15.4,20.0,0.771,9.2,26.9,36.1,18.4,7.2,3.7,12.5,16.9,77.0,1112,2723,0.408,239,775,0.308,873,1948,0.448,617,800,0.771,369,1075,1444,735,288,148,499,674,3080,27.7,15,25,15,25,-2.75,0.36,-2.39,99.0,102.5,-3.5,77.1,0.294,0.285,0.501,0.452,14.0,25.4,0.227,0.488,14.3,78.3,0.208,35.7,87.5,0.408,7.7,24.9,0.308,28.0,62.6,0.448,19.8,25.7,0.771,11.9,34.5,46.4,23.6,9.3,4.8,16.0,21.7,99.0,0.408,12.8,0.715,0.228,0.226,0.137,0.124,0.285,0.448,0.616,0.374,0.339,0.395,0.308,0.599,0.891,0.21,0.288,28.9,67.4,0.429,8.0,23.1,0.344,21.0,44.3,0.473,14.0,17.6,0.797,7.5,27.2,34.6,20.1,6.9,4.1,12.5,17.6,79.8,1156.0,2695.0,0.429,318.0,924.0,0.344,838.0,1771.0,0.473,560.0,703.0,0.797,298.0,1086.0,1384.0,804.0,275.0,164.0,501.0,702.0,3190.0,37.1,86.6,0.429,10.2,29.7,0.344,26.9,56.9,0.473,18.0,22.6,0.797,9.6,34.9,44.5,25.8,8.8,5.3,16.1,22.6,102.5,0.429,13.0,0.657,0.243,0.223,0.102,0.09,0.343,0.473,0.617,0.4,0.358,0.397,0.344,0.628,0.874,0.215,0.357
ATL,PHO,9,3,66,74,0,0,1,1,0,1,1,1,0,0,0,2,0,0,1,0,1,1,1,0,0,0,1,1,0,0,0,27.8,68.1,0.408,6.0,19.4,0.308,21.8,48.7,0.448,15.4,20.0,0.771,9.2,26.9,36.1,18.4,7.2,3.7,12.5,16.9,77.0,1112,2723,0.408,239,775,0.308,873,1948,0.448,617,800,0.771,369,1075,1444,735,288,148,499,674,3080,27.7,15,25,15,25,-2.75,0.36,-2.39,99.0,102.5,-3.5,77.1,0.294,0.285,0.501,0.452,14.0,25.4,0.227,0.488,14.3,78.3,0.208,35.7,87.5,0.408,7.7,24.9,0.308,28.0,62.6,0.448,19.8,25.7,0.771,11.9,34.5,46.4,23.6,9.3,4.8,16.0,21.7,99.0,0.408,12.8,0.715,0.228,0.226,0.137,0.124,0.285,0.448,0.616,0.374,0.339,0.395,0.308,0.599,0.891,0.21,0.288,28.9,67.4,0.429,8.0,23.1,0.344,21.0,44.3,0.473,14.0,17.6,0.797,7.5,27.2,34.6,20.1,6.9,4.1,12.5,17.6,79.8,1156.0,2695.0,0.429,318.0,924.0,0.344,838.0,1771.0,0.473,560.0,703.0,0.797,298.0,1086.0,1384.0,804.0,275.0,164.0,501.0,702.0,3190.0,37.1,86.6,0.429,10.2,29.7,0.344,26.9,56.9,0.473,18.0,22.6,0.797,9.6,34.9,44.5,25.8,8.8,5.3,16.1,22.6,102.5,0.429,13.0,0.657,0.243,0.223,0.102,0.09,0.343,0.473,0.617,0.4,0.358,0.397,0.344,0.628,0.874,0.215,0.357
ATL,DAL,9,6,107,96,0,0,1,1,0,1,1,1,0,0,0,2,0,0,1,0,1,0,1,0,0,0,1,1,0,0,0,27.8,68.1,0.408,6.0,19.4,0.308,21.8,48.7,0.448,15.4,20.0,0.771,9.2,26.9,36.1,18.4,7.2,3.7,12.5,16.9,77.0,1112,2723,0.408,239,775,0.308,873,1948,0.448,617,800,0.771,369,1075,1444,735,288,148,499,674,3080,27.7,15,25,15,25,-2.75,0.36,-2.39,99.0,102.5,-3.5,77.1,0.294,0.285,0.501,0.452,14.0,25.4,0.227,0.488,14.3,78.3,0.208,35.7,87.5,0.408,7.7,24.9,0.308,28.0,62.6,0.448,19.8,25.7,0.771,11.9,34.5,46.4,23.6,9.3,4.8,16.0,21.7,99.0,0.408,12.8,0.715,0.228,0.226,0.137,0.124,0.285,0.448,0.616,0.374,0.339,0.395,0.308,0.599,0.891,0.21,0.288,28.9,67.4,0.429,8.0,23.1,0.344,21.0,44.3,0.473,14.0,17.6,0.797,7.5,27.2,34.6,20.1,6.9,4.1,12.5,17.6,79.8,1156.0,2695.0,0.429,318.0,924.0,0.344,838.0,1771.0,0.473,560.0,703.0,0.797,298.0,1086.0,1384.0,804.0,275.0,164.0,501.0,702.0,3190.0,37.1,86.6,0.429,10.2,29.7,0.344,26.9,56.9,0.473,18.0,22.6,0.797,9.6,34.9,44.5,25.8,8.8,5.3,16.1,22.6,102.5,0.429,13.0,0.657,0.243,0.223,0.102,0.09,0.343,0.473,0.617,0.4,0.358,0.397,0.344,0.628,0.874,0.215,0.357
ATL,IND,9,8,100,104,0,0,1,1,0,1,1,1,0,0,0,2,0,0,1,0,1,0,1,0,0,0,1,1,0,0,0,27.8,68.1,0.408,6.0,19.4,0.308,21.8,48.7,0.448,15.4,20.0,0.771,9.2,26.9,36.1,18.4,7.2,3.7,12.5,16.9,77.0,1112,2723,0.408,239,775,0.308,873,1948,0.448,617,800,0.771,369,1075,1444,735,288,148,499,674,3080,27.7,15,25,15,25,-2.75,0.36,-2.39,99.0,102.5,-3.5,77.1,0.294,0.285,0.501,0.452,14.0,25.4,0.227,0.488,14.3,78.3,0.208,35.7,87.5,0.408,7.7,24.9,0.308,28.0,62.6,0.448,19.8,25.7,0.771,11.9,34.5,46.4,23.6,9.3,4.8,16.0,21.7,99.0,0.408,12.8,0.715,0.228,0.226,0.137,0.124,0.285,0.448,0.616,0.374,0.339,0.395,0.308,0.599,0.891,0.21,0.288,28.9,67.4,0.429,8.0,23.1,0.344,21.0,44.3,0.473,14.0,17.6,0.797,7.5,27.2,34.6,20.1,6.9,4.1,12.5,17.6,79.8,1156.0,2695.0,0.429,318.0,924.0,0.344,838.0,1771.0,0.473,560.0,703.0,0.797,298.0,1086.0,1384.0,804.0,275.0,164.0,501.0,702.0,3190.0,37.1,86.6,0.429,10.2,29.7,0.344,26.9,56.9,0.473,18.0,22.6,0.797,9.6,34.9,44.5,25.8,8.8,5.3,16.1,22.6,102.5,0.429,13.0,0.657,0.243,0.223,0.102,0.09,0.343,0.473,0.617,0.4,0.358,0.397,0.344,0.628,0.874,0.215,0.357
ATL,MIN,9,10,64,76,0,0,1,1,0,1,1,1,0,0,0,2,0,0,1,0,1,0,1,0,0,0,1,1,0,0,0,27.8,68.1,0.408,6.0,19.4,0.308,21.8,48.7,0.448,15.4,20.0,0.771,9.2,26.9,36.1,18.4,7.2,3.7,12.5,16.9,77.0,1112,2723,0.408,239,775,0.308,873,1948,0.448,617,800,0.771,369,1075,1444,735,288,148,499,674,3080,27.7,15,25,15,25,-2.75,0.36,-2.39,99.0,102.5,-3.5,77.1,0.294,0.285,0.501,0.452,14.0,25.4,0.227,0.488,14.3,78.3,0.208,35.7,87.5,0.408,7.7,24.9,0.308,28.0,62.6,0.448,19.8,25.7,0.771,11.9,34.5,46.4,23.6,9.3,4.8,16.0,21.7,99.0,0.408,12.8,0.715,0.228,0.226,0.137,0.124,0.285,0.448,0.616,0.374,0.339,0.395,0.308,0.599,0.891,0.21,0.288,28.9,67.4,0.429,8.0,23.1,0.344,21.0,44.3,0.473,14.0,17.6,0.797,7.5,27.2,34.6,20.1,6.9,4.1,12.5,17.6,79.8,1156.0,2695.0,0.429,318.0,924.0,0.344,838.0,1771.0,0.473,560.0,703.0,0.797,298.0,1086.0,1384.0,804.0,275.0,164.0,501.0,702.0,3190.0,37.1,86.6,0.429,10.2,29.7,0.344,26.9,56.9,0.473,18.0,22.6,0.797,9.6,34.9,44.5,25.8,8.8,5.3,16.1,22.6,102.5,0.429,13.0,0.657,0.243,0.223,0.102,0.09,0.343,0.473,0.617,0.4,0.358,0.397,0.344,0.628,0.874,0.215,0.357
ATL,WAS,9,13,69,72,0,0,1,1,0,1,1,1,0,0,0,2,0,0,1,0,1,0,1,0,0,0,1,1,0,0,0,27.8,68.1,0.408,6.0,19.4,0.308,21.8,48.7,0.448,15.4,20.0,0.771,9.2,26.9,36.1,18.4,7.2,3.7,12.5,16.9,77.0,1112,2723,0.408,239,775,0.308,873,1948,0.448,617,800,0.771,369,1075,1444,735,288,148,499,674,3080,27.7,15,25,15,25,-2.75,0.36,-2.39,99.0,102.5,-3.5,77.1,0.294,0.285,0.501,0.452,14.0,25.4,0.227,0.488,14.3,78.3,0.208,35.7,87.5,0.408,7.7,24.9,0.308,28.0,62.6,0.448,19.8,25.7,0.771,11.9,34.5,46.4,23.6,9.3,4.8,16.0,21.7,99.0,0.408,12.8,0.715,0.228,0.226,0.137,0.124,0.285,0.448,0.616,0.374,0.339,0.395,0.308,0.599,0.891,0.21,0.288,28.9,67.4,0.429,8.0,23.1,0.344,21.0,44.3,0.473,14.0,17.6,0.797,7.5,27.2,34.6,20.1,6.9,4.1,12.5,17.6,79.8,1156.0,2695.0,0.429,318.0,924.0,0.344,838.0,1771.0,0.473,560.0,703.0,0.797,298.0,1086.0,1384.0,804.0,275.0,164.0,501.0,702.0,3190.0,37.1,86.6,0.429,10.2,29.7,0.344,26.9,56.9,0.473,18.0,22.6,0.797,9.6,34.9,44.5,25.8,8.8,5.3,16.1,22.6,102.5,0.429,13.0,0.657,0.243,0.223,0.102,0.09,0.343,0.473,0.617,0.4,0.358,0.397,0.344,0.628,0.874,0.215,0.357
ATL,WAS,9,15,76,73,0,0,1,1,0,1,1,1,0,0,0,2,0,0,1,0,1,0,1,0,0,0,1,1,0,0,0,27.8,68.1,0.408,6.0,19.4,0.308,21.8,48.7,0.448,15.4,20.0,0.771,9.2,26.9,36.1,18.4,7.2,3.7,12.5,16.9,77.0,1112,2723,0.408,239,775,0.308,873,1948,0.448,617,800,0.771,369,1075,1444,735,288,148,499,674,3080,27.7,15,25,15,25,-2.75,0.36,-2.39,99.0,102.5,-3.5,77.1,0.294,0.285,0.501,0.452,14.0,25.4,0.227,0.488,14.3,78.3,0.208,35.7,87.5,0.408,7.7,24.9,0.308,28.0,62.6,0.448,19.8,25.7,0.771,11.9,34.5,46.4,23.6,9.3,4.8,16.0,21.7,99.0,0.408,12.8,0.715,0.228,0.226,0.137,0.124,0.285,0.448,0.616,0.374,0.339,0.395,0.308,0.599,0.891,0.21,0.288,28.9,67.4,0.429,8.0,23.1,0.344,21.0,44.3,0.473,14.0,17.6,0.797,7.5,27.2,34.6,20.1,6.9,4.1,12.5,17.6,79.8,1156.0,2695.0,0.429,318.0,924.0,0.344,838.0,1771.0,0.473,560.0,703.0,0.797,298.0,1086.0,1384.0,804.0,275.0,164.0,501.0,702.0,3190.0,37.1,86.6,0.429,10.2,29.7,0.344,26.9,56.9,0.473,18.0,22.6,0.797,9.6,34.9,44.5,25.8,8.8,5.3,16.1,22.6,102.5,0.429,13.0,0.657,0.243,0.223,0.102,0.09,0.343,0.473,0.617,0.4,0.358,0.397,0.344,0.628,0.874,0.215,0.357
ATL,CHI,9,17,86,70,0,0,1,1,0,1,1,1,0,0,0,2,0,0,1,0,1,1,1,0,0,0,1,1,0,0,0,27.8,68.1,0.408,6.0,19.4,0.308,21.8,48.7,0.448,15.4,20.0,0.771,9.2,26.9,36.1,18.4,7.2,3.7,12.5,16.9,77.0,1112,2723,0.408,239,775,0.308,873,1948,0.448,617,800,0.771,369,1075,1444,735,288,148,499,674,3080,27.7,15,25,15,25,-2.75,0.36,-2.39,99.0,102.5,-3.5,77.1,0.294,0.285,0.501,0.452,14.0,25.4,0.227,0.488,14.3,78.3,0.208,35.7,87.5,0.408,7.7,24.9,0.308,28.0,62.6,0.448,19.8,25.7,0.771,11.9,34.5,46.4,23.6,9.3,4.8,16.0,21.7,99.0,0.408,12.8,0.715,0.228,0.226,0.137,0.124,0.285,0.448,0.616,0.374,0.339,0.395,0.308,0.599,0.891,0.21,0.288,28.9,67.4,0.429,8.0,23.1,0.344,21.0,44.3,0.473,14.0,17.6,0.797,7.5,27.2,34.6,20.1,6.9,4.1,12.5,17.6,79.8,1156.0,2695.0,0.429,318.0,924.0,0.344,838.0,1771.0,0.473,560.0,703.0,0.797,298.0,1086.0,1384.0,804.0,275.0,164.0,501.0,702.0,3190.0,37.1,86.6,0.429,10.2,29.7,0.344,26.9,56.9,0.473,18.0,22.6,0.797,9.6,34.9,44.5,25.8,8.8,5.3,16.1,22.6,102.5,0.429,13.0,0.657,0.243,0.223,0.102,0.09,0.343,0.473,0.617,0.4,0.358,0.397,0.344,0.628,0.874,0.215,0.357
ATL,NYL,9,19,78,67,0,0,1,1,0,1,1,1,0,0,0,2,0,0,1,0,1,1,1,1,0,0,1,1,0,0,0,27.8,68.1,0.408,6.0,19.4,0.308,21.8,48.7,0.448,15.4,20.0,0.771,9.2,26.9,36.1,18.4,7.2,3.7,12.5,16.9,77.0,1112,2723,0.408,239,775,0.308,873,1948,0.448,617,800,0.771,369,1075,1444,735,288,148,499,674,3080,27.7,15,25,15,25,-2.75,0.36,-2.39,99.0,102.5,-3.5,77.1,0.294,0.285,0.501,0.452,14.0,25.4,0.227,0.488,14.3,78.3,0.208,35.7,87.5,0.408,7.7,24.9,0.308,28.0,62.6,0.448,19.8,25.7,0.771,11.9,34.5,46.4,23.6,9.3,4.8,16.0,21.7,99.0,0.408,12.8,0.715,0.228,0.226,0.137,0.124,0.285,0.448,0.616,0.374,0.339,0.395,0.308,0.599,0.891,0.21,0.288,28.9,67.4,0.429,8.0,23.1,0.344,21.0,44.3,0.473,14.0,17.6,0.797,7.5,27.2,34.6,20.1,6.9,4.1,12.5,17.6,79.8,1156.0,2695.0,0.429,318.0,924.0,0.344,838.0,1771.0,0.473,560.0,703.0,0.797,298.0,1086.0,1384.0,804.0,275.0,164.0,501.0,702.0,3190.0,37.1,86.6,0.429,10.2,29.7,0.344,26.9,56.9,0.473,18.0,22.6,0.797,9.6,34.9,44.5,25.8,8.8,5.3,16.1,22.6,102.5,0.429,13.0,0.657,0.243,0.223,0.102,0.09,0.343,0.473,0.617,0.4,0.358,0.397,0.344,0.628,0.874,0.215,0.357
CHI,DAL,5,15,79,87,0,0,0,1,0,1,2,0,0,1,0,3,1,1,1,0,1,1,1,0,0,0,1,0,0,1,0,29.7,70.3,0.422,4.8,14.9,0.323,24.9,55.4,0.449,13.2,17.8,0.742,10.9,25.8,36.6,19.0,7.0,3.8,13.1,19.0,77.4,1188,2813,0.422,193,597,0.323,995,2216,0.449,527,710,0.742,434,1030,1464,759,280,151,523,761,3096,26.1,13,27,12,28,-5.13,0.46,-4.67,99.1,105.6,-6.5,78.2,0.252,0.212,0.495,0.457,14.3,29.5,0.187,0.499,14.2,76.8,0.228,38.0,90.0,0.422,6.2,19.1,0.323,31.8,70.9,0.449,16.9,22.7,0.742,13.9,33.0,46.8,24.3,9.0,4.8,16.7,24.3,99.1,0.422,10.8,0.788,0.298,0.262,0.12,0.108,0.212,0.449,0.587,0.377,0.358,0.344,0.324,0.606,0.808,0.195,0.31,30.1,67.4,0.446,7.1,21.7,0.326,23.0,45.7,0.503,15.4,19.9,0.773,7.8,26.0,33.8,21.7,7.9,5.8,12.6,17.0,82.5,1202.0,2694.0,0.446,283.0,867.0,0.326,919.0,1827.0,0.503,614.0,794.0,0.773,312.0,1038.0,1350.0,867.0,314.0,231.0,503.0,681.0,3301.0,38.5,86.2,0.446,9.1,27.7,0.326,29.4,58.5,0.503,19.6,25.4,0.773,10.0,33.2,43.2,27.7,10.0,7.4,16.1,21.8,105.6,0.446,13.0,0.678,0.275,0.2,0.1,0.103,0.322,0.503,0.65,0.391,0.393,0.433,0.326,0.672,0.88,0.203,0.278
CHI,DAL,5,18,83,74,0,0,0,1,1,1,2,0,0,1,0,4,1,1,1,0,1,1,1,0,0,0,1,0,0,1,0,29.7,70.3,0.422,4.8,14.9,0.323,24.9,55.4,0.449,13.2,17.8,0.742,10.9,25.8,36.6,19.0,7.0,3.8,13.1,19.0,77.4,1188,2813,0.422,193,597,0.323,995,2216,0.449,527,710,0.742,434,1030,1464,759,280,151,523,761,3096,26.1,13,27,12,28,-5.13,0.46,-4.67,99.1,105.6,-6.5,78.2,0.252,0.212,0.495,0.457,14.3,29.5,0.187,0.499,14.2,76.8,0.228,38.0,90.0,0.422,6.2,19.1,0.323,31.8,70.9,0.449,16.9,22.7,0.742,13.9,33.0,46.8,24.3,9.0,4.8,16.7,24.3,99.1,0.422,10.8,0.788,0.298,0.262,0.12,0.108,0.212,0.449,0.587,0.377,0.358,0.344,0.324,0.606,0.808,0.195,0.31,30.1,67.4,0.446,7.1,21.7,0.326,23.0,45.7,0.503,15.4,19.9,0.773,7.8,26.0,33.8,21.7,7.9,5.8,12.6,17.0,82.5,1202.0,2694.0,0.446,283.0,867.0,0.326,919.0,1827.0,0.503,614.0,794.0,0.773,312.0,1038.0,1350.0,867.0,314.0,231.0,503.0,681.0,3301.0,38.5,86.2,0.446,9.1,27.7,0.326,29.4,58.5,0.503,19.6,25.4,0.773,10.0,33.2,43.2,27.7,10.0,7.4,16.1,21.8,105.6,0.446,13.0,0.678,0.275,0.2,0.1,0.103,0.322,0.503,0.65,0.391,0.393,0.433,0.326,0.672,0.88,0.203,0.278
CHI,NYL,5,23,90,81,0,0,0,1,0,1,2,0,0,1,0,3,1,1,1,0,1,1,1,0,0,0,1,0,0,1,0,29.7,70.3,0.422,4.8,14.9,0.323,24.9,55.4,0.449,13.2,17.8,0.742,10.9,25.8,36.6,19.0,7.0,3.8,13.1,19.0,77.4,1188,2813,0.422,193,597,0.323,995,2216,0.449,527,710,0.742,434,1030,1464,759,280,151,523,761,3096,26.1,13,27,12,28,-5.13,0.46,-4.67,99.1,105.6,-6.5,78.2,0.252,0.212,0.495,0.457,14.3,29.5,0.187,0.499,14.2,76.8,0.228,38.0,90.0,0.422,6.2,19.1,0.323,31.8,70.9,0.449,16.9,22.7,0.742,13.9,33.0,46.8,24.3,9.0,4.8,16.7,24.3,99.1,0.422,10.8,0.788,0.298,0.262,0.12,0.108,0.212,0.449,0.587,0.377,0.358,0.344,0.324,0.606,0.808,0.195,0.31,30.1,67.4,0.446,7.1,21.7,0.326,23.0,45.7,0.503,15.4,19.9,0.773,7.8,26.0,33.8,21.7,7.9,5.8,12.6,17.0,82.5,1202.0,2694.0,0.446,283.0,867.0,0.326,919.0,1827.0,0.503,614.0,794.0,0.773,312.0,1038.0,1350.0,867.0,314.0,231.0,503.0,681.0,3301.0,38.5,86.2,0.446,9.1,27.7,0.326,29.4,58.5,0.503,19.6,25.4,0.773,10.0,33.2,43.2,27.7,10.0,7.4,16.1,21.8,105.6,0.446,13.0,0.678,0.275,0.2,0.1,0.103,0.322,0.503,0.65,0.391,0.393,0.433,0.326,0.672,0.88,0.203,0.278
CHI,CON,5,25,82,86,0,0,0,1,0,1,2,0,0,1,0,3,1,1,1,0,1,1,1,0,0,0,1,0,0,1,0,29.7,70.3,0.422,4.8,14.9,0.323,24.9,55.4,0.449,13.2,17.8,0.742,10.9,25.8,36.6,19.0,7.0,3.8,13.1,19.0,77.4,1188,2813,0.422,193,597,0.323,995,2216,0.449,527,710,0.742,434,1030,1464,759,280,151,523,761,3096,26.1,13,27,12,28,-5.13,0.46,-4.67,99.1,105.6,-6.5,78.2,0.252,0.212,0.495,0.457,14.3,29.5,0.187,0.499,14.2,76.8,0.228,38.0,90.0,0.422,6.2,19.1,0.323,31.8,70.9,0.449,16.9,22.7,0.742,13.9,33.0,46.8,24.3,9.0,4.8,16.7,24.3,99.1,0.422,10.8,0.788,0.298,0.262,0.12,0.108,0.212,0.449,0.587,0.377,0.358,0.344,0.324,0.606,0.808,0.195,0.31,30.1,67.4,0.446,7.1,21.7,0.326,23.0,45.7,0.503,15.4,19.9,0.773,7.8,26.0,33.8,21.7,7.9,5.8,12.6,17.0,82.5,1202.0,2694.0,0.446,283.0,867.0,0.326,919.0,1827.0,0.503,614.0,794.0,0.773,312.0,1038.0,1350.0,867.0,314.0,231.0,503.0,681.0,3301.0,38.5,86.2,0.446,9.1,27.7,0.326,29.4,58.5,0.503,19.6,25.4,0.773,10.0,33.2,43.2,27.7,10.0,7.4,16.1,21.8,105.6,0.446,13.0,0.678,0.275,0.2,0.1,0.103,0.322,0.503,0.65,0.391,0.393,0.433,0.326,0.672,0.88,0.203,0.278
CHI,SEA,5,28,68,77,0,0,0,1,0,1,2,0,0,1,0,3,1,1,1,0,1,1,1,0,0,0,1,0,0,1,0,29.7,70.3,0.422,4.8,14.9,0.323,24.9,55.4,0.449,13.2,17.8,0.742,10.9,25.8,36.6,19.0,7.0,3.8,13.1,19.0,77.4,1188,2813,0.422,193,597,0.323,995,2216,0.449,527,710,0.742,434,1030,1464,759,280,151,523,761,3096,26.1,13,27,12,28,-5.13,0.46,-4.67,99.1,105.6,-6.5,78.2,0.252,0.212,0.495,0.457,14.3,29.5,0.187,0.499,14.2,76.8,0.228,38.0,90.0,0.422,6.2,19.1,0.323,31.8,70.9,0.449,16.9,22.7,0.742,13.9,33.0,46.8,24.3,9.0,4.8,16.7,24.3,99.1,0.422,10.8,0.788,0.298,0.262,0.12,0.108,0.212,0.449,0.587,0.377,0.358,0.344,0.324,0.606,0.808,0.195,0.31,30.1,67.4,0.446,7.1,21.7,0.326,23.0,45.7,0.503,15.4,19.9,0.773,7.8,26.0,33.8,21.7,7.9,5.8,12.6,17.0,82.5,1202.0,2694.0,0.446,283.0,867.0,0.326,919.0,1827.0,0.503,614.0,794.0,0.773,312.0,1038.0,1350.0,867.0,314.0,231.0,503.0,681.0,3301.0,38.5,86.2,0.446,9.1,27.7,0.326,29.4,58.5,0.503,19.6,25.4,0.773,10.0,33.2,43.2,27.7,10.0,7.4,16.1,21.8,105.6,0.446,13.0,0.678,0.275,0.2,0.1,0.103,0.322,0.503,0.65,0.391,0.393,0.433,0.326,0.672,0.88,0.203,0.278
CHI,LAS,5,30,83,73,0,0,0,1,1,1,2,0,0,1,0,4,1,1,1,0,1,1,1,0,0,0,1,0,0,1,0,29.7,70.3,0.422,4.8,14.9,0.323,24.9,55.4,0.449,13.2,17.8,0.742,10.9,25.8,36.6,19.0,7.0,3.8,13.1,19.0,77.4,1188,2813,0.422,193,597,0.323,995,2216,0.449,527,710,0.742,434,1030,1464,759,280,151,523,761,3096,26.1,13,27,12,28,-5.13,0.46,-4.67,99.1,105.6,-6.5,78.2,0.252,0.212,0.495,0.457,14.3,29.5,0.187,0.499,14.2,76.8,0.228,38.0,90.0,0.422,6.2,19.1,0.323,31.8,70.9,0.449,16.9,22.7,0.742,13.9,33.0,46.8,24.3,9.0,4.8,16.7,24.3,99.1,0.422,10.8,0.788,0.298,0.262,0.12,0.108,0.212,0.449,0.587,0.377,0.358,0.344,0.324,0.606,0.808,0.195,0.31,30.1,67.4,0.446,7.1,21.7,0.326,23.0,45.7,0.503,15.4,19.9,0.773,7.8,26.0,33.8,21.7,7.9,5.8,12.6,17.0,82.5,1202.0,2694.0,0.446,283.0,867.0,0.326,919.0,1827.0,0.503,614.0,794.0,0.773,312.0,1038.0,1350.0,867.0,314.0,231.0,503.0,681.0,3301.0,38.5,86.2,0.446,9.1,27.7,0.326,29.4,58.5,0.503,19.6,25.4,0.773,10.0,33.2,43.2,27.7,10.0,7.4,16.1,21.8,105.6,0.446,13.0,0.678,0.275,0.2,0.1,0.103,0.322,0.503,0.65,0.391,0.393,0.433,0.326,0.672,0.88,0.203,0.278
CHI,IND,6,1,70,71,0,0,0,1,0,1,2,0,0,1,0,3,1,2,1,0,1,1,1,0,0,0,1,0,0,1,0,29.7,70.3,0.422,4.8,14.9,0.323,24.9,55.4,0.449,13.2,17.8,0.742,10.9,25.8,36.6,19.0,7.0,3.8,13.1,19.0,77.4,1188,2813,0.422,193,597,0.323,995,2216,0.449,527,710,0.742,434,1030,1464,759,280,151,523,761,3096,26.1,13,27,12,28,-5.13,0.46,-4.67,99.1,105.6,-6.5,78.2,0.252,0.212,0.495,0.457,14.3,29.5,0.187,0.499,14.2,76.8,0.228,38.0,90.0,0.422,6.2,19.1,0.323,31.8,70.9,0.449,16.9,22.7,0.742,13.9,33.0,46.8,24.3,9.0,4.8,16.7,24.3,99.1,0.422,10.8,0.788,0.298,0.262,0.12,0.108,0.212,0.449,0.587,0.377,0.358,0.344,0.324,0.606,0.808,0.195,0.31,30.1,67.4,0.446,7.1,21.7,0.326,23.0,45.7,0.503,15.4,19.9,0.773,7.8,26.0,33.8,21.7,7.9,5.8,12.6,17.0,82.5,1202.0,2694.0,0.446,283.0,867.0,0.326,919.0,1827.0,0.503,614.0,794.0,0.773,312.0,1038.0,1350.0,867.0,314.0,231.0,503.0,681.0,3301.0,38.5,86.2,0.446,9.1,27.7,0.326,29.4,58.5,0.503,19.6,25.4,0.773,10.0,33.2,43.2,27.7,10.0,7.4,16.1,21.8,105.6,0.446,13.0,0.678,0.275,0.2,0.1,0.103,0.322,0.503,0.65,0.391,0.393,0.433,0.326,0.672,0.88,0.203,0.278
CHI,NYL,6,4,75,88,0,0,0,1,0,1,2,0,0,1,0,3,1,2,1,0,1,1,1,0,0,0,1,0,0,1,0,29.7,70.3,0.422,4.8,14.9,0.323,24.9,55.4,0.449,13.2,17.8,0.742,10.9,25.8,36.6,19.0,7.0,3.8,13.1,19.0,77.4,1188,2813,0.422,193,597,0.323,995,2216,0.449,527,710,0.742,434,1030,1464,759,280,151,523,761,3096,26.1,13,27,12,28,-5.13,0.46,-4.67,99.1,105.6,-6.5,78.2,0.252,0.212,0.495,0.457,14.3,29.5,0.187,0.499,14.2,76.8,0.228,38.0,90.0,0.422,6.2,19.1,0.323,31.8,70.9,0.449,16.9,22.7,0.742,13.9,33.0,46.8,24.3,9.0,4.8,16.7,24.3,99.1,0.422,10.8,0.788,0.298,0.262,0.12,0.108,0.212,0.449,0.587,0.377,0.358,0.344,0.324,0.606,0.808,0.195,0.31,30.1,67.4,0.446,7.1,21.7,0.326,23.0,45.7,0.503,15.4,19.9,0.773,7.8,26.0,33.8,21.7,7.9,5.8,12.6,17.0,82.5,1202.0,2694.0,0.446,283.0,867.0,0.326,919.0,1827.0,0.503,614.0,794.0,0.773,312.0,1038.0,1350.0,867.0,314.0,231.0,503.0,681.0,3301.0,38.5,86.2,0.446,9.1,27.7,0.326,29.4,58.5,0.503,19.6,25.4,0.773,10.0,33.2,43.2,27.7,10.0,7.4,16.1,21.8,105.6,0.446,13.0,0.678,0.275,0.2,0.1,0.103,0.322,0.503,0.65,0.391,0.393,0.433,0.326,0.672,0.88,0.203,0.278
CHI,WAS,6,6,79,71,0,0,0,1,1,1,2,0,0,1,0,4,1,2,1,0,1,1,1,0,0,0,1,0,0,1,0,29.7,70.3,0.422,4.8,14.9,0.323,24.9,55.4,0.449,13.2,17.8,0.742,10.9,25.8,36.6,19.0,7.0,3.8,13.1,19.0,77.4,1188,2813,0.422,193,597,0.323,995,2216,0.449,527,710,0.742,434,1030,1464,759,280,151,523,761,3096,26.1,13,27,12,28,-5.13,0.46,-4.67,99.1,105.6,-6.5,78.2,0.252,0.212,0.495,0.457,14.3,29.5,0.187,0.499,14.2,76.8,0.228,38.0,90.0,0.422,6.2,19.1,0.323,31.8,70.9,0.449,16.9,22.7,0.742,13.9,33.0,46.8,24.3,9.0,4.8,16.7,24.3,99.1,0.422,10.8,0.788,0.298,0.262,0.12,0.108,0.212,0.449,0.587,0.377,0.358,0.344,0.324,0.606,0.808,0.195,0.31,30.1,67.4,0.446,7.1,21.7,0.326,23.0,45.7,0.503,15.4,19.9,0.773,7.8,26.0,33.8,21.7,7.9,5.8,12.6,17.0,82.5,1202.0,2694.0,0.446,283.0,867.0,0.326,919.0,1827.0,0.503,614.0,794.0,0.773,312.0,1038.0,1350.0,867.0,314.0,231.0,503.0,681.0,3301.0,38.5,86.2,0.446,9.1,27.7,0.326,29.4,58.5,0.503,19.6,25.4,0.773,10.0,33.2,43.2,27.7,10.0,7.4,16.1,21.8,105.6,0.446,13.0,0.678,0.275,0.2,0.1,0.103,0.322,0.503,0.65,0.391,0.393,0.433,0.326,0.672,0.88,0.203,0.278
CHI,ATL,6,8,80,89,0,0,0,1,1,1,2,0,0,1,0,4,1,1,0,0,1,1,1,0,0,0,1,0,0,1,0,29.7,70.3,0.422,4.8,14.9,0.323,24.9,55.4,0.449,13.2,17.8,0.742,10.9,25.8,36.6,19.0,7.0,3.8,13.1,19.0,77.4,1188,2813,0.422,193,597,0.323,995,2216,0.449,527,710,0.742,434,1030,1464,759,280,151,523,761,3096,26.1,13,27,12,28,-5.13,0.46,-4.67,99.1,105.6,-6.5,78.2,0.252,0.212,0.495,0.457,14.3,29.5,0.187,0.499,14.2,76.8,0.228,38.0,90.0,0.422,6.2,19.1,0.323,31.8,70.9,0.449,16.9,22.7,0.742,13.9,33.0,46.8,24.3,9.0,4.8,16.7,24.3,99.1,0.422,10.8,0.788,0.298,0.262,0.12,0.108,0.212,0.449,0.587,0.377,0.358,0.344,0.324,0.606,0.808,0.195,0.31,30.1,67.4,0.446,7.1,21.7,0.326,23.0,45.7,0.503,15.4,19.9,0.773,7.8,26.0,33.8,21.7,7.9,5.8,12.6,17.0,82.5,1202.0,2694.0,0.446,283.0,867.0,0.326,919.0,1827.0,0.503,614.0,794.0,0.773,312.0,1038.0,1350.0,867.0,314.0,231.0,503.0,681.0,3301.0,38.5,86.2,0.446,9.1,27.7,0.326,29.4,58.5,0.503,19.6,25.4,0.773,10.0,33.2,43.2,27.7,10.0,7.4,16.1,21.8,105.6,0.446,13.0,0.678,0.275,0.2,0.1,0.103,0.322,0.503,0.65,0.391,0.393,0.433,0.326,0.672,0.88,0.203,0.278
CHI,CON,6,12,75,83,0,0,0,1,0,1,2,0,0,1,0,3,1,1,0,0,1,1,1,0,0,0,1,0,0,1,0,29.7,70.3,0.422,4.8,14.9,0.323,24.9,55.4,0.449,13.2,17.8,0.742,10.9,25.8,36.6,19.0,7.0,3.8,13.1,19.0,77.4,1188,2813,0.422,193,597,0.323,995,2216,0.449,527,710,0.742,434,1030,1464,759,280,151,523,761,3096,26.1,13,27,12,28,-5.13,0.46,-4.67,99.1,105.6,-6.5,78.2,0.252,0.212,0.495,0.457,14.3,29.5,0.187,0.499,14.2,76.8,0.228,38.0,90.0,0.422,6.2,19.1,0.323,31.8,70.9,0.449,16.9,22.7,0.742,13.9,33.0,46.8,24.3,9.0,4.8,16.7,24.3,99.1,0.422,10.8,0.788,0.298,0.262,0.12,0.108,0.212,0.449,0.587,0.377,0.358,0.344,0.324,0.606,0.808,0.195,0.31,30.1,67.4,0.446,7.1,21.7,0.326,23.0,45.7,0.503,15.4,19.9,0.773,7.8,26.0,33.8,21.7,7.9,5.8,12.6,17.0,82.5,1202.0,2694.0,0.446,283.0,867.0,0.326,919.0,1827.0,0.503,614.0,794.0,0.773,312.0,1038.0,1350.0,867.0,314.0,231.0,503.0,681.0,3301.0,38.5,86.2,0.446,9.1,27.7,0.326,29.4,58.5,0.503,19.6,25.4,0.773,10.0,33.2,43.2,27.7,10.0,7.4,16.1,21.8,105.6,0.446,13.0,0.678,0.275,0.2,0.1,0.103,0.322,0.503,0.65,0.391,0.393,0.433,0.326,0.672,0.88,0.203,0.278
CHI,WAS,6,14,81,83,0,0,0,1,0,1,2,0,0,1,0,3,1,1,0,0,1,1,1,0,0,0,1,0,0,1,0,29.7,70.3,0.422,4.8,14.9,0.323,24.9,55.4,0.449,13.2,17.8,0.742,10.9,25.8,36.6,19.0,7.0,3.8,13.1,19.0,77.4,1188,2813,0.422,193,597,0.323,995,2216,0.449,527,710,0.742,434,1030,1464,759,280,151,523,761,3096,26.1,13,27,12,28,-5.13,0.46,-4.67,99.1,105.6,-6.5,78.2,0.252,0.212,0.495,0.457,14.3,29.5,0.187,0.499,14.2,76.8,0.228,38.0,90.0,0.422,6.2,19.1,0.323,31.8,70.9,0.449,16.9,22.7,0.742,13.9,33.0,46.8,24.3,9.0,4.8,16.7,24.3,99.1,0.422,10.8,0.788,0.298,0.262,0.12,0.108,0.212,0.449,0.587,0.377,0.358,0.344,0.324,0.606,0.808,0.195,0.31,30.1,67.4,0.446,7.1,21.7,0.326,23.0,45.7,0.503,15.4,19.9,0.773,7.8,26.0,33.8,21.7,7.9,5.8,12.6,17.0,82.5,1202.0,2694.0,0.446,283.0,867.0,0.326,919.0,1827.0,0.503,614.0,794.0,0.773,312.0,1038.0,1350.0,867.0,314.0,231.0,503.0,681.0,3301.0,38.5,86.2,0.446,9.1,27.7,0.326,29.4,58.5,0.503,19.6,25.4,0.773,10.0,33.2,43.2,27.7,10.0,7.4,16.1,21.8,105.6,0.446,13.0,0.678,0.275,0.2,0.1,0.103,0.322,0.503,0.65,0.391,0.393,0.433,0.326,0.672,0.88,0.203,0.278
CHI,IND,6,16,83,91,0,0,0,1,0,1,2,0,0,1,0,3,1,1,0,0,1,1,1,0,0,0,1,0,0,1,0,29.7,70.3,0.422,4.8,14.9,0.323,24.9,55.4,0.449,13.2,17.8,0.742,10.9,25.8,36.6,19.0,7.0,3.8,13.1,19.0,77.4,1188,2813,0.422,193,597,0.323,995,2216,0.449,527,710,0.742,434,1030,1464,759,280,151,523,761,3096,26.1,13,27,12,28,-5.13,0.46,-4.67,99.1,105.6,-6.5,78.2,0.252,0.212,0.495,0.457,14.3,29.5,0.187,0.499,14.2,76.8,0.228,38.0,90.0,0.422,6.2,19.1,0.323,31.8,70.9,0.449,16.9,22.7,0.742,13.9,33.0,46.8,24.3,9.0,4.8,16.7,24.3,99.1,0.422,10.8,0.788,0.298,0.262,0.12,0.108,0.212,0.449,0.587,0.377,0.358,0.344,0.324,0.606,0.808,0.195,0.31,30.1,67.4,0.446,7.1,21.7,0.326,23.0,45.7,0.503,15.4,19.9,0.773,7.8,26.0,33.8,21.7,7.9,5.8,12.6,17.0,82.5,1202.0,2694.0,0.446,283.0,867.0,0.326,919.0,1827.0,0.503,614.0,794.0,0.773,312.0,1038.0,1350.0,867.0,314.0,231.0,503.0,681.0,3301.0,38.5,86.2,0.446,9.1,27.7,0.326,29.4,58.5,0.503,19.6,25.4,0.773,10.0,33.2,43.2,27.7,10.0,7.4,16.1,21.8,105.6,0.446,13.0,0.678,0.275,0.2,0.1,0.103,0.322,0.503,0.65,0.391,0.393,0.433,0.326,0.672,0.88,0.203,0.278
CHI,DAL,6,20,83,72,0,0,0,1,0,1,2,0,0,1,0,3,1,1,0,0,1,1,1,0,0,0,1,0,0,1,0,29.7,70.3,0.422,4.8,14.9,0.323,24.9,55.4,0.449,13.2,17.8,0.742,10.9,25.8,36.6,19.0,7.0,3.8,13.1,19.0,77.4,1188,2813,0.422,193,597,0.323,995,2216,0.449,527,710,0.742,434,1030,1464,759,280,151,523,761,3096,26.1,13,27,12,28,-5.13,0.46,-4.67,99.1,105.6,-6.5,78.2,0.252,0.212,0.495,0.457,14.3,29.5,0.187,0.499,14.2,76.8,0.228,38.0,90.0,0.422,6.2,19.1,0.323,31.8,70.9,0.449,16.9,22.7,0.742,13.9,33.0,46.8,24.3,9.0,4.8,16.7,24.3,99.1,0.422,10.8,0.788,0.298,0.262,0.12,0.108,0.212,0.449,0.587,0.377,0.358,0.344,0.324,0.606,0.808,0.195,0.31,30.1,67.4,0.446,7.1,21.7,0.326,23.0,45.7,0.503,15.4,19.9,0.773,7.8,26.0,33.8,21.7,7.9,5.8,12.6,17.0,82.5,1202.0,2694.0,0.446,283.0,867.0,0.326,919.0,1827.0,0.503,614.0,794.0,0.773,312.0,1038.0,1350.0,867.0,314.0,231.0,503.0,681.0,3301.0,38.5,86.2,0.446,9.1,27.7,0.326,29.4,58.5,0.503,19.6,25.4,0.773,10.0,33.2,43.2,27.7,10.0,7.4,16.1,21.8,105.6,0.446,13.0,0.678,0.275,0.2,0.1,0.103,0.322,0.503,0.65,0.391,0.393,0.433,0.326,0.672,0.88,0.203,0.278
CHI,IND,6,23,88,87,0,0,0,1,0,1,2,0,0,1,0,3,1,1,0,0,1,1,1,0,0,0,1,0,0,1,0,29.7,70.3,0.422,4.8,14.9,0.323,24.9,55.4,0.449,13.2,17.8,0.742,10.9,25.8,36.6,19.0,7.0,3.8,13.1,19.0,77.4,1188,2813,0.422,193,597,0.323,995,2216,0.449,527,710,0.742,434,1030,1464,759,280,151,523,761,3096,26.1,13,27,12,28,-5.13,0.46,-4.67,99.1,105.6,-6.5,78.2,0.252,0.212,0.495,0.457,14.3,29.5,0.187,0.499,14.2,76.8,0.228,38.0,90.0,0.422,6.2,19.1,0.323,31.8,70.9,0.449,16.9,22.7,0.742,13.9,33.0,46.8,24.3,9.0,4.8,16.7,24.3,99.1,0.422,10.8,0.788,0.298,0.262,0.12,0.108,0.212,0.449,0.587,0.377,0.358,0.344,0.324,0.606,0.808,0.195,0.31,30.1,67.4,0.446,7.1,21.7,0.326,23.0,45.7,0.503,15.4,19.9,0.773,7.8,26.0,33.8,21.7,7.9,5.8,12.6,17.0,82.5,1202.0,2694.0,0.446,283.0,867.0,0.326,919.0,1827.0,0.503,614.0,794.0,0.773,312.0,1038.0,1350.0,867.0,314.0,231.0,503.0,681.0,3301.0,38.5,86.2,0.446,9.1,27.7,0.326,29.4,58.5,0.503,19.6,25.4,0.773,10.0,33.2,43.2,27.7,10.0,7.4,16.1,21.8,105.6,0.446,13.0,0.678,0.275,0.2,0.1,0.103,0.322,0.503,0.65,0.391,0.393,0.433,0.326,0.672,0.88,0.203,0.278
CHI,LVA,6,27,83,95,0,0,0,1,1,1,2,0,0,1,0,4,1,1,0,0,1,1,1,0,0,0,1,0,0,1,0,29.7,70.3,0.422,4.8,14.9,0.323,24.9,55.4,0.449,13.2,17.8,0.742,10.9,25.8,36.6,19.0,7.0,3.8,13.1,19.0,77.4,1188,2813,0.422,193,597,0.323,995,2216,0.449,527,710,0.742,434,1030,1464,759,280,151,523,761,3096,26.1,13,27,12,28,-5.13,0.46,-4.67,99.1,105.6,-6.5,78.2,0.252,0.212,0.495,0.457,14.3,29.5,0.187,0.499,14.2,76.8,0.228,38.0,90.0,0.422,6.2,19.1,0.323,31.8,70.9,0.449,16.9,22.7,0.742,13.9,33.0,46.8,24.3,9.0,4.8,16.7,24.3,99.1,0.422,10.8,0.788,0.298,0.262,0.12,0.108,0.212,0.449,0.587,0.377,0.358,0.344,0.324,0.606,0.808,0.195,0.31,30.1,67.4,0.446,7.1,21.7,0.326,23.0,45.7,0.503,15.4,19.9,0.773,7.8,26.0,33.8,21.7,7.9,5.8,12.6,17.0,82.5,1202.0,2694.0,0.446,283.0,867.0,0.326,919.0,1827.0,0.503,614.0,794.0,0.773,312.0,1038.0,1350.0,867.0,314.0,231.0,503.0,681.0,3301.0,38.5,86.2,0.446,9.1,27.7,0.326,29.4,58.5,0.503,19.6,25.4,0.773,10.0,33.2,43.2,27.7,10.0,7.4,16.1,21.8,105.6,0.446,13.0,0.678,0.275,0.2,0.1,0.103,0.322,0.503,0.65,0.391,0.393,0.433,0.326,0.672,0.88,0.203,0.278
CHI,MIN,6,30,62,70,0,0,0,1,0,1,2,0,0,1,0,3,1,1,0,0,1,1,1,0,0,0,1,0,0,1,0,29.7,70.3,0.422,4.8,14.9,0.323,24.9,55.4,0.449,13.2,17.8,0.742,10.9,25.8,36.6,19.0,7.0,3.8,13.1,19.0,77.4,1188,2813,0.422,193,597,0.323,995,2216,0.449,527,710,0.742,434,1030,1464,759,280,151,523,761,3096,26.1,13,27,12,28,-5.13,0.46,-4.67,99.1,105.6,-6.5,78.2,0.252,0.212,0.495,0.457,14.3,29.5,0.187,0.499,14.2,76.8,0.228,38.0,90.0,0.422,6.2,19.1,0.323,31.8,70.9,0.449,16.9,22.7,0.742,13.9,33.0,46.8,24.3,9.0,4.8,16.7,24.3,99.1,0.422,10.8,0.788,0.298,0.262,0.12,0.108,0.212,0.449,0.587,0.377,0.358,0.344,0.324,0.606,0.808,0.195,0.31,30.1,67.4,0.446,7.1,21.7,0.326,23.0,45.7,0.503,15.4,19.9,0.773,7.8,26.0,33.8,21.7,7.9,5.8,12.6,17.0,82.5,1202.0,2694.0,0.446,283.0,867.0,0.326,919.0,1827.0,0.503,614.0,794.0,0.773,312.0,1038.0,1350.0,867.0,314.0,231.0,503.0,681.0,3301.0,38.5,86.2,0.446,9.1,27.7,0.326,29.4,58.5,0.503,19.6,25.4,0.773,10.0,33.2,43.2,27.7,10.0,7.4,16.1,21.8,105.6,0.446,13.0,0.678,0.275,0.2,0.1,0.103,0.322,0.503,0.65,0.391,0.393,0.433,0.326,0.672,0.88,0.203,0.278
CHI,ATL,7,2,85,77,0,0,0,1,0,1,2,0,0,1,0,3,1,1,0,0,1,1,1,0,0,0,1,0,0,1,0,29.7,70.3,0.422,4.8,14.9,0.323,24.9,55.4,0.449,13.2,17.8,0.742,10.9,25.8,36.6,19.0,7.0,3.8,13.1,19.0,77.4,1188,2813,0.422,193,597,0.323,995,2216,0.449,527,710,0.742,434,1030,1464,759,280,151,523,761,3096,26.1,13,27,12,28,-5.13,0.46,-4.67,99.1,105.6,-6.5,78.2,0.252,0.212,0.495,0.457,14.3,29.5,0.187,0.499,14.2,76.8,0.228,38.0,90.0,0.422,6.2,19.1,0.323,31.8,70.9,0.449,16.9,22.7,0.742,13.9,33.0,46.8,24.3,9.0,4.8,16.7,24.3,99.1,0.422,10.8,0.788,0.298,0.262,0.12,0.108,0.212,0.449,0.587,0.377,0.358,0.344,0.324,0.606,0.808,0.195,0.31,30.1,67.4,0.446,7.1,21.7,0.326,23.0,45.7,0.503,15.4,19.9,0.773,7.8,26.0,33.8,21.7,7.9,5.8,12.6,17.0,82.5,1202.0,2694.0,0.446,283.0,867.0,0.326,919.0,1827.0,0.503,614.0,794.0,0.773,312.0,1038.0,1350.0,867.0,314.0,231.0,503.0,681.0,3301.0,38.5,86.2,0.446,9.1,27.7,0.326,29.4,58.5,0.503,19.6,25.4,0.773,10.0,33.2,43.2,27.7,10.0,7.4,16.1,21.8,105.6,0.446,13.0,0.678,0.275,0.2,0.1,0.103,0.322,0.503,0.65,0.391,0.393,0.433,0.326,0.672,0.88,0.203,0.278
CHI,SEA,7,5,88,84,0,0,0,1,0,1,2,0,0,1,0,3,1,1,0,0,1,1,1,0,0,0,1,0,0,1,0,29.7,70.3,0.422,4.8,14.9,0.323,24.9,55.4,0.449,13.2,17.8,0.742,10.9,25.8,36.6,19.0,7.0,3.8,13.1,19.0,77.4,1188,2813,0.422,193,597,0.323,995,2216,0.449,527,710,0.742,434,1030,1464,759,280,151,523,761,3096,26.1,13,27,12,28,-5.13,0.46,-4.67,99.1,105.6,-6.5,78.2,0.252,0.212,0.495,0.457,14.3,29.5,0.187,0.499,14.2,76.8,0.228,38.0,90.0,0.422,6.2,19.1,0.323,31.8,70.9,0.449,16.9,22.7,0.742,13.9,33.0,46.8,24.3,9.0,4.8,16.7,24.3,99.1,0.422,10.8,0.788,0.298,0.262,0.12,0.108,0.212,0.449,0.587,0.377,0.358,0.344,0.324,0.606,0.808,0.195,0.31,30.1,67.4,0.446,7.1,21.7,0.326,23.0,45.7,0.503,15.4,19.9,0.773,7.8,26.0,33.8,21.7,7.9,5.8,12.6,17.0,82.5,1202.0,2694.0,0.446,283.0,867.0,0.326,919.0,1827.0,0.503,614.0,794.0,0.773,312.0,1038.0,1350.0,867.0,314.0,231.0,503.0,681.0,3301.0,38.5,86.2,0.446,9.1,27.7,0.326,29.4,58.5,0.503,19.6,25.4,0.773,10.0,33.2,43.2,27.7,10.0,7.4,16.1,21.8,105.6,0.446,13.0,0.678,0.275,0.2,0.1,0.103,0.322,0.503,0.65,0.391,0.393,0.433,0.326,0.672,0.88,0.203,0.278
CHI,SEA,7,7,71,84,0,0,0,1,0,1,2,0,0,1,0,3,1,1,0,0,1,1,1,0,0,0,1,0,0,1,0,29.7,70.3,0.422,4.8,14.9,0.323,24.9,55.4,0.449,13.2,17.8,0.742,10.9,25.8,36.6,19.0,7.0,3.8,13.1,19.0,77.4,1188,2813,0.422,193,597,0.323,995,2216,0.449,527,710,0.742,434,1030,1464,759,280,151,523,761,3096,26.1,13,27,12,28,-5.13,0.46,-4.67,99.1,105.6,-6.5,78.2,0.252,0.212,0.495,0.457,14.3,29.5,0.187,0.499,14.2,76.8,0.228,38.0,90.0,0.422,6.2,19.1,0.323,31.8,70.9,0.449,16.9,22.7,0.742,13.9,33.0,46.8,24.3,9.0,4.8,16.7,24.3,99.1,0.422,10.8,0.788,0.298,0.262,0.12,0.108,0.212,0.449,0.587,0.377,0.358,0.344,0.324,0.606,0.808,0.195,0.31,30.1,67.4,0.446,7.1,21.7,0.326,23.0,45.7,0.503,15.4,19.9,0.773,7.8,26.0,33.8,21.7,7.9,5.8,12.6,17.0,82.5,1202.0,2694.0,0.446,283.0,867.0,0.326,919.0,1827.0,0.503,614.0,794.0,0.773,312.0,1038.0,1350.0,867.0,314.0,231.0,503.0,681.0,3301.0,38.5,86.2,0.446,9.1,27.7,0.326,29.4,58.5,0.503,19.6,25.4,0.773,10.0,33.2,43.2,27.7,10.0,7.4,16.1,21.8,105.6,0.446,13.0,0.678,0.275,0.2,0.1,0.103,0.322,0.503,0.65,0.391,0.393,0.433,0.326,0.672,0.88,0.203,0.278
CHI,ATL,7,10,78,69,0,0,0,1,0,1,2,0,0,1,0,3,1,1,0,0,1,1,1,0,0,0,1,0,0,1,0,29.7,70.3,0.422,4.8,14.9,0.323,24.9,55.4,0.449,13.2,17.8,0.742,10.9,25.8,36.6,19.0,7.0,3.8,13.1,19.0,77.4,1188,2813,0.422,193,597,0.323,995,2216,0.449,527,710,0.742,434,1030,1464,759,280,151,523,761,3096,26.1,13,27,12,28,-5.13,0.46,-4.67,99.1,105.6,-6.5,78.2,0.252,0.212,0.495,0.457,14.3,29.5,0.187,0.499,14.2,76.8,0.228,38.0,90.0,0.422,6.2,19.1,0.323,31.8,70.9,0.449,16.9,22.7,0.742,13.9,33.0,46.8,24.3,9.0,4.8,16.7,24.3,99.1,0.422,10.8,0.788,0.298,0.262,0.12,0.108,0.212,0.449,0.587,0.377,0.358,0.344,0.324,0.606,0.808,0.195,0.31,30.1,67.4,0.446,7.1,21.7,0.326,23.0,45.7,0.503,15.4,19.9,0.773,7.8,26.0,33.8,21.7,7.9,5.8,12.6,17.0,82.5,1202.0,2694.0,0.446,283.0,867.0,0.326,919.0,1827.0,0.503,614.0,794.0,0.773,312.0,1038.0,1350.0,867.0,314.0,231.0,503.0,681.0,3301.0,38.5,86.2,0.446,9.1,27.7,0.326,29.4,58.5,0.503,19.6,25.4,0.773,10.0,33.2,43.2,27.7,10.0,7.4,16.1,21.8,105.6,0.446,13.0,0.678,0.275,0.2,0.1,0.103,0.322,0.503,0.65,0.391,0.393,0.433,0.326,0.672,0.88,0.203,0.278
CHI,NYL,7,11,76,91,0,0,0,1,0,1,2,0,0,1,0,3,1,1,0,0,1,1,1,0,0,0,1,0,0,1,0,29.7,70.3,0.422,4.8,14.9,0.323,24.9,55.4,0.449,13.2,17.8,0.742,10.9,25.8,36.6,19.0,7.0,3.8,13.1,19.0,77.4,1188,2813,0.422,193,597,0.323,995,2216,0.449,527,710,0.742,434,1030,1464,759,280,151,523,761,3096,26.1,13,27,12,28,-5.13,0.46,-4.67,99.1,105.6,-6.5,78.2,0.252,0.212,0.495,0.457,14.3,29.5,0.187,0.499,14.2,76.8,0.228,38.0,90.0,0.422,6.2,19.1,0.323,31.8,70.9,0.449,16.9,22.7,0.742,13.9,33.0,46.8,24.3,9.0,4.8,16.7,24.3,99.1,0.422,10.8,0.788,0.298,0.262,0.12,0.108,0.212,0.449,0.587,0.377,0.358,0.344,0.324,0.606,0.808,0.195,0.31,30.1,67.4,0.446,7.1,21.7,0.326,23.0,45.7,0.503,15.4,19.9,0.773,7.8,26.0,33.8,21.7,7.9,5.8,12.6,17.0,82.5,1202.0,2694.0,0.446,283.0,867.0,0.326,919.0,1827.0,0.503,614.0,794.0,0.773,312.0,1038.0,1350.0,867.0,314.0,231.0,503.0,681.0,3301.0,38.5,86.2,0.446,9.1,27.7,0.326,29.4,58.5,0.503,19.6,25.4,0.773,10.0,33.2,43.2,27.7,10.0,7.4,16.1,21.8,105.6,0.446,13.0,0.678,0.275,0.2,0.1,0.103,0.322,0.503,0.65,0.391,0.393,0.433,0.326,0.672,0.88,0.203,0.278
CHI,NYL,7,13,67,81,0,0,0,1,0,1,2,0,0,1,0,3,1,1,0,0,1,1,1,0,0,0,1,0,0,1,0,29.7,70.3,0.422,4.8,14.9,0.323,24.9,55.4,0.449,13.2,17.8,0.742,10.9,25.8,36.6,19.0,7.0,3.8,13.1,19.0,77.4,1188,2813,0.422,193,597,0.323,995,2216,0.449,527,710,0.742,434,1030,1464,759,280,151,523,761,3096,26.1,13,27,12,28,-5.13,0.46,-4.67,99.1,105.6,-6.5,78.2,0.252,0.212,0.495,0.457,14.3,29.5,0.187,0.499,14.2,76.8,0.228,38.0,90.0,0.422,6.2,19.1,0.323,31.8,70.9,0.449,16.9,22.7,0.742,13.9,33.0,46.8,24.3,9.0,4.8,16.7,24.3,99.1,0.422,10.8,0.788,0.298,0.262,0.12,0.108,0.212,0.449,0.587,0.377,0.358,0.344,0.324,0.606,0.808,0.195,0.31,30.1,67.4,0.446,7.1,21.7,0.326,23.0,45.7,0.503,15.4,19.9,0.773,7.8,26.0,33.8,21.7,7.9,5.8,12.6,17.0,82.5,1202.0,2694.0,0.446,283.0,867.0,0.326,919.0,1827.0,0.503,614.0,794.0,0.773,312.0,1038.0,1350.0,867.0,314.0,231.0,503.0,681.0,3301.0,38.5,86.2,0.446,9.1,27.7,0.326,29.4,58.5,0.503,19.6,25.4,0.773,10.0,33.2,43.2,27.7,10.0,7.4,16.1,21.8,105.6,0.446,13.0,0.678,0.275,0.2,0.1,0.103,0.322,0.503,0.65,0.391,0.393,0.433,0.326,0.672,0.88,0.203,0.278
CHI,LVA,7,16,93,85,0,0,0,1,0,1,2,0,0,1,0,3,1,1,0,0,1,1,1,0,0,0,1,0,0,1,0,29.7,70.3,0.422,4.8,14.9,0.323,24.9,55.4,0.449,13.2,17.8,0.742,10.9,25.8,36.6,19.0,7.0,3.8,13.1,19.0,77.4,1188,2813,0.422,193,597,0.323,995,2216,0.449,527,710,0.742,434,1030,1464,759,280,151,523,761,3096,26.1,13,27,12,28,-5.13,0.46,-4.67,99.1,105.6,-6.5,78.2,0.252,0.212,0.495,0.457,14.3,29.5,0.187,0.499,14.2,76.8,0.228,38.0,90.0,0.422,6.2,19.1,0.323,31.8,70.9,0.449,16.9,22.7,0.742,13.9,33.0,46.8,24.3,9.0,4.8,16.7,24.3,99.1,0.422,10.8,0.788,0.298,0.262,0.12,0.108,0.212,0.449,0.587,0.377,0.358,0.344,0.324,0.606,0.808,0.195,0.31,30.1,67.4,0.446,7.1,21.7,0.326,23.0,45.7,0.503,15.4,19.9,0.773,7.8,26.0,33.8,21.7,7.9,5.8,12.6,17.0,82.5,1202.0,2694.0,0.446,283.0,867.0,0.326,919.0,1827.0,0.503,614.0,794.0,0.773,312.0,1038.0,1350.0,867.0,314.0,231.0,503.0,681.0,3301.0,38.5,86.2,0.446,9.1,27.7,0.326,29.4,58.5,0.503,19.6,25.4,0.773,10.0,33.2,43.2,27.7,10.0,7.4,16.1,21.8,105.6,0.446,13.0,0.678,0.275,0.2,0.1,0.103,0.322,0.503,0.65,0.391,0.393,0.433,0.326,0.672,0.88,0.203,0.278
CHI,PHO,8,15,65,85,0,0,0,0,2,1,1,0,0,0,0,2,0,1,0,0,1,1,1,0,0,0,0,0,0,0,0,29.7,70.3,0.422,4.8,14.9,0.323,24.9,55.4,0.449,13.2,17.8,0.742,10.9,25.8,36.6,19.0,7.0,3.8,13.1,19.0,77.4,1188,2813,0.422,193,597,0.323,995,2216,0.449,527,710,0.742,434,1030,1464,759,280,151,523,761,3096,26.1,13,27,12,28,-5.13,0.46,-4.67,99.1,105.6,-6.5,78.2,0.252,0.212,0.495,0.457,14.3,29.5,0.187,0.499,14.2,76.8,0.228,38.0,90.0,0.422,6.2,19.1,0.323,31.8,70.9,0.449,16.9,22.7,0.742,13.9,33.0,46.8,24.3,9.0,4.8,16.7,24.3,99.1,0.422,10.8,0.788,0.298,0.262,0.12,0.108,0.212,0.449,0.587,0.377,0.358,0.344,0.324,0.606,0.808,0.195,0.31,30.1,67.4,0.446,7.1,21.7,0.326,23.0,45.7,0.503,15.4,19.9,0.773,7.8,26.0,33.8,21.7,7.9,5.8,12.6,17.0,82.5,1202.0,2694.0,0.446,283.0,867.0,0.326,919.0,1827.0,0.503,614.0,794.0,0.773,312.0,1038.0,1350.0,867.0,314.0,231.0,503.0,681.0,3301.0,38.5,86.2,0.446,9.1,27.7,0.326,29.4,58.5,0.503,19.6,25.4,0.773,10.0,33.2,43.2,27.7,10.0,7.4,16.1,21.8,105.6,0.446,13.0,0.678,0.275,0.2,0.1,0.103,0.322,0.503,0.65,0.391,0.393,0.433,0.326,0.672,0.88,0.203,0.278
CHI,LAS,8,17,90,86,0,0,0,0,1,1,2,0,0,0,0,3,1,1,0,0,1,1,1,0,0,0,0,0,0,1,0,29.7,70.3,0.422,4.8,14.9,0.323,24.9,55.4,0.449,13.2,17.8,0.742,10.9,25.8,36.6,19.0,7.0,3.8,13.1,19.0,77.4,1188,2813,0.422,193,597,0.323,995,2216,0.449,527,710,0.742,434,1030,1464,759,280,151,523,761,3096,26.1,13,27,12,28,-5.13,0.46,-4.67,99.1,105.6,-6.5,78.2,0.252,0.212,0.495,0.457,14.3,29.5,0.187,0.499,14.2,76.8,0.228,38.0,90.0,0.422,6.2,19.1,0.323,31.8,70.9,0.449,16.9,22.7,0.742,13.9,33.0,46.8,24.3,9.0,4.8,16.7,24.3,99.1,0.422,10.8,0.788,0.298,0.262,0.12,0.108,0.212,0.449,0.587,0.377,0.358,0.344,0.324,0.606,0.808,0.195,0.31,30.1,67.4,0.446,7.1,21.7,0.326,23.0,45.7,0.503,15.4,19.9,0.773,7.8,26.0,33.8,21.7,7.9,5.8,12.6,17.0,82.5,1202.0,2694.0,0.446,283.0,867.0,0.326,919.0,1827.0,0.503,614.0,794.0,0.773,312.0,1038.0,1350.0,867.0,314.0,231.0,503.0,681.0,3301.0,38.5,86.2,0.446,9.1,27.7,0.326,29.4,58.5,0.503,19.6,25.4,0.773,10.0,33.2,43.2,27.7,10.0,7.4,16.1,21.8,105.6,0.446,13.0,0.678,0.275,0.2,0.1,0.103,0.322,0.503,0.65,0.391,0.393,0.433,0.326,0.672,0.88,0.203,0.278
CHI,PHO,8,18,68,86,0,0,0,0,2,1,2,0,0,0,0,3,1,1,0,0,1,1,1,0,0,0,0,0,0,1,0,29.7,70.3,0.422,4.8,14.9,0.323,24.9,55.4,0.449,13.2,17.8,0.742,10.9,25.8,36.6,19.0,7.0,3.8,13.1,19.0,77.4,1188,2813,0.422,193,597,0.323,995,2216,0.449,527,710,0.742,434,1030,1464,759,280,151,523,761,3096,26.1,13,27,12,28,-5.13,0.46,-4.67,99.1,105.6,-6.5,78.2,0.252,0.212,0.495,0.457,14.3,29.5,0.187,0.499,14.2,76.8,0.228,38.0,90.0,0.422,6.2,19.1,0.323,31.8,70.9,0.449,16.9,22.7,0.742,13.9,33.0,46.8,24.3,9.0,4.8,16.7,24.3,99.1,0.422,10.8,0.788,0.298,0.262,0.12,0.108,0.212,0.449,0.587,0.377,0.358,0.344,0.324,0.606,0.808,0.195,0.31,30.1,67.4,0.446,7.1,21.7,0.326,23.0,45.7,0.503,15.4,19.9,0.773,7.8,26.0,33.8,21.7,7.9,5.8,12.6,17.0,82.5,1202.0,2694.0,0.446,283.0,867.0,0.326,919.0,1827.0,0.503,614.0,794.0,0.773,312.0,1038.0,1350.0,867.0,314.0,231.0,503.0,681.0,3301.0,38.5,86.2,0.446,9.1,27.7,0.326,29.4,58.5,0.503,19.6,25.4,0.773,10.0,33.2,43.2,27.7,10.0,7.4,16.1,21.8,105.6,0.446,13.0,0.678,0.275,0.2,0.1,0.103,0.322,0.503,0.65,0.391,0.393,0.433,0.326,0.672,0.88,0.203,0.278
CHI,CON,8,23,80,82,0,0,0,0,2,1,2,0,0,0,0,3,1,1,0,0,1,1,1,0,0,0,0,0,0,1,0,29.7,70.3,0.422,4.8,14.9,0.323,24.9,55.4,0.449,13.2,17.8,0.742,10.9,25.8,36.6,19.0,7.0,3.8,13.1,19.0,77.4,1188,2813,0.422,193,597,0.323,995,2216,0.449,527,710,0.742,434,1030,1464,759,280,151,523,761,3096,26.1,13,27,12,28,-5.13,0.46,-4.67,99.1,105.6,-6.5,78.2,0.252,0.212,0.495,0.457,14.3,29.5,0.187,0.499,14.2,76.8,0.228,38.0,90.0,0.422,6.2,19.1,0.323,31.8,70.9,0.449,16.9,22.7,0.742,13.9,33.0,46.8,24.3,9.0,4.8,16.7,24.3,99.1,0.422,10.8,0.788,0.298,0.262,0.12,0.108,0.212,0.449,0.587,0.377,0.358,0.344,0.324,0.606,0.808,0.195,0.31,30.1,67.4,0.446,7.1,21.7,0.326,23.0,45.7,0.503,15.4,19.9,0.773,7.8,26.0,33.8,21.7,7.9,5.8,12.6,17.0,82.5,1202.0,2694.0,0.446,283.0,867.0,0.326,919.0,1827.0,0.503,614.0,794.0,0.773,312.0,1038.0,1350.0,867.0,314.0,231.0,503.0,681.0,3301.0,38.5,86.2,0.446,9.1,27.7,0.326,29.4,58.5,0.503,19.6,25.4,0.773,10.0,33.2,43.2,27.7,10.0,7.4,16.1,21.8,105.6,0.446,13.0,0.678,0.275,0.2,0.1,0.103,0.322,0.503,0.65,0.391,0.393,0.433,0.326,0.672,0.88,0.203,0.278
CHI,LVA,8,25,75,77,0,0,0,0,2,1,2,0,0,0,0,3,1,1,0,0,1,1,1,0,0,0,0,0,0,1,0,29.7,70.3,0.422,4.8,14.9,0.323,24.9,55.4,0.449,13.2,17.8,0.742,10.9,25.8,36.6,19.0,7.0,3.8,13.1,19.0,77.4,1188,2813,0.422,193,597,0.323,995,2216,0.449,527,710,0.742,434,1030,1464,759,280,151,523,761,3096,26.1,13,27,12,28,-5.13,0.46,-4.67,99.1,105.6,-6.5,78.2,0.252,0.212,0.495,0.457,14.3,29.5,0.187,0.499,14.2,76.8,0.228,38.0,90.0,0.422,6.2,19.1,0.323,31.8,70.9,0.449,16.9,22.7,0.742,13.9,33.0,46.8,24.3,9.0,4.8,16.7,24.3,99.1,0.422,10.8,0.788,0.298,0.262,0.12,0.108,0.212,0.449,0.587,0.377,0.358,0.344,0.324,0.606,0.808,0.195,0.31,30.1,67.4,0.446,7.1,21.7,0.326,23.0,45.7,0.503,15.4,19.9,0.773,7.8,26.0,33.8,21.7,7.9,5.8,12.6,17.0,82.5,1202.0,2694.0,0.446,283.0,867.0,0.326,919.0,1827.0,0.503,614.0,794.0,0.773,312.0,1038.0,1350.0,867.0,314.0,231.0,503.0,681.0,3301.0,38.5,86.2,0.446,9.1,27.7,0.326,29.4,58.5,0.503,19.6,25.4,0.773,10.0,33.2,43.2,27.7,10.0,7.4,16.1,21.8,105.6,0.446,13.0,0.678,0.275,0.2,0.1,0.103,0.322,0.503,0.65,0.391,0.393,0.433,0.326,0.672,0.88,0.203,0.278
CHI,WAS,8,28,70,74,0,0,0,0,2,1,1,0,0,0,0,2,0,1,0,0,1,1,1,0,0,0,0,0,0,0,0,29.7,70.3,0.422,4.8,14.9,0.323,24.9,55.4,0.449,13.2,17.8,0.742,10.9,25.8,36.6,19.0,7.0,3.8,13.1,19.0,77.4,1188,2813,0.422,193,597,0.323,995,2216,0.449,527,710,0.742,434,1030,1464,759,280,151,523,761,3096,26.1,13,27,12,28,-5.13,0.46,-4.67,99.1,105.6,-6.5,78.2,0.252,0.212,0.495,0.457,14.3,29.5,0.187,0.499,14.2,76.8,0.228,38.0,90.0,0.422,6.2,19.1,0.323,31.8,70.9,0.449,16.9,22.7,0.742,13.9,33.0,46.8,24.3,9.0,4.8,16.7,24.3,99.1,0.422,10.8,0.788,0.298,0.262,0.12,0.108,0.212,0.449,0.587,0.377,0.358,0.344,0.324,0.606,0.808,0.195,0.31,30.1,67.4,0.446,7.1,21.7,0.326,23.0,45.7,0.503,15.4,19.9,0.773,7.8,26.0,33.8,21.7,7.9,5.8,12.6,17.0,82.5,1202.0,2694.0,0.446,283.0,867.0,0.326,919.0,1827.0,0.503,614.0,794.0,0.773,312.0,1038.0,1350.0,867.0,314.0,231.0,503.0,681.0,3301.0,38.5,86.2,0.446,9.1,27.7,0.326,29.4,58.5,0.503,19.6,25.4,0.773,10.0,33.2,43.2,27.7,10.0,7.4,16.1,21.8,105.6,0.446,13.0,0.678,0.275,0.2,0.1,0.103,0.322,0.503,0.65,0.391,0.393,0.433,0.326,0.672,0.88,0.203,0.278
CHI,IND,8,30,81,100,0,0,0,0,2,1,1,0,0,0,0,2,0,1,0,0,1,1,1,0,0,0,0,0,0,0,0,29.7,70.3,0.422,4.8,14.9,0.323,24.9,55.4,0.449,13.2,17.8,0.742,10.9,25.8,36.6,19.0,7.0,3.8,13.1,19.0,77.4,1188,2813,0.422,193,597,0.323,995,2216,0.449,527,710,0.742,434,1030,1464,759,280,151,523,761,3096,26.1,13,27,12,28,-5.13,0.46,-4.67,99.1,105.6,-6.5,78.2,0.252,0.212,0.495,0.457,14.3,29.5,0.187,0.499,14.2,76.8,0.228,38.0,90.0,0.422,6.2,19.1,0.323,31.8,70.9,0.449,16.9,22.7,0.742,13.9,33.0,46.8,24.3,9.0,4.8,16.7,24.3,99.1,0.422,10.8,0.788,0.298,0.262,0.12,0.108,0.212,0.449,0.587,0.377,0.358,0.344,0.324,0.606,0.808,0.195,0.31,30.1,67.4,0.446,7.1,21.7,0.326,23.0,45.7,0.503,15.4,19.9,0.773,7.8,26.0,33.8,21.7,7.9,5.8,12.6,17.0,82.5,1202.0,2694.0,0.446,283.0,867.0,0.326,919.0,1827.0,0.503,614.0,794.0,0.773,312.0,1038.0,1350.0,867.0,314.0,231.0,503.0,681.0,3301.0,38.5,86.2,0.446,9.1,27.7,0.326,29.4,58.5,0.503,19.6,25.4,0.773,10.0,33.2,43.2,27.7,10.0,7.4,16.1,21.8,105.6,0.446,13.0,0.678,0.275,0.2,0.1,0.103,0.322,0.503,0.65,0.391,0.393,0.433,0.326,0.672,0.88,0.203,0.278
CHI,MIN,9,1,74,79,0,0,0,0,2,1,1,0,0,0,0,2,0,1,0,0,1,1,1,0,0,0,0,0,0,0,0,29.7,70.3,0.422,4.8,14.9,0.323,24.9,55.4,0.449,13.2,17.8,0.742,10.9,25.8,36.6,19.0,7.0,3.8,13.1,19.0,77.4,1188,2813,0.422,193,597,0.323,995,2216,0.449,527,710,0.742,434,1030,1464,759,280,151,523,761,3096,26.1,13,27,12,28,-5.13,0.46,-4.67,99.1,105.6,-6.5,78.2,0.252,0.212,0.495,0.457,14.3,29.5,0.187,0.499,14.2,76.8,0.228,38.0,90.0,0.422,6.2,19.1,0.323,31.8,70.9,0.449,16.9,22.7,0.742,13.9,33.0,46.8,24.3,9.0,4.8,16.7,24.3,99.1,0.422,10.8,0.788,0.298,0.262,0.12,0.108,0.212,0.449,0.587,0.377,0.358,0.344,0.324,0.606,0.808,0.195,0.31,30.1,67.4,0.446,7.1,21.7,0.326,23.0,45.7,0.503,15.4,19.9,0.773,7.8,26.0,33.8,21.7,7.9,5.8,12.6,17.0,82.5,1202.0,2694.0,0.446,283.0,867.0,0.326,919.0,1827.0,0.503,614.0,794.0,0.773,312.0,1038.0,1350.0,867.0,314.0,231.0,503.0,681.0,3301.0,38.5,86.2,0.446,9.1,27.7,0.326,29.4,58.5,0.503,19.6,25.4,0.773,10.0,33.2,43.2,27.7,10.0,7.4,16.1,21.8,105.6,0.446,13.0,0.678,0.275,0.2,0.1,0.103,0.322,0.503,0.65,0.391,0.393,0.433,0.326,0.672,0.88,0.203,0.278
CHI,LVA,9,3,71,90,0,0,0,0,2,1,1,0,0,0,0,2,0,1,0,0,1,1,1,0,0,0,0,0,0,0,0,29.7,70.3,0.422,4.8,14.9,0.323,24.9,55.4,0.449,13.2,17.8,0.742,10.9,25.8,36.6,19.0,7.0,3.8,13.1,19.0,77.4,1188,2813,0.422,193,597,0.323,995,2216,0.449,527,710,0.742,434,1030,1464,759,280,151,523,761,3096,26.1,13,27,12,28,-5.13,0.46,-4.67,99.1,105.6,-6.5,78.2,0.252,0.212,0.495,0.457,14.3,29.5,0.187,0.499,14.2,76.8,0.228,38.0,90.0,0.422,6.2,19.1,0.323,31.8,70.9,0.449,16.9,22.7,0.742,13.9,33.0,46.8,24.3,9.0,4.8,16.7,24.3,99.1,0.422,10.8,0.788,0.298,0.262,0.12,0.108,0.212,0.449,0.587,0.377,0.358,0.344,0.324,0.606,0.808,0.195,0.31,30.1,67.4,0.446,7.1,21.7,0.326,23.0,45.7,0.503,15.4,19.9,0.773,7.8,26.0,33.8,21.7,7.9,5.8,12.6,17.0,82.5,1202.0,2694.0,0.446,283.0,867.0,0.326,919.0,1827.0,0.503,614.0,794.0,0.773,312.0,1038.0,1350.0,867.0,314.0,231.0,503.0,681.0,3301.0,38.5,86.2,0.446,9.1,27.7,0.326,29.4,58.5,0.503,19.6,25.4,0.773,10.0,33.2,43.2,27.7,10.0,7.4,16.1,21.8,105.6,0.446,13.0,0.678,0.275,0.2,0.1,0.103,0.322,0.503,0.65,0.391,0.393,0.433,0.326,0.672,0.88,0.203,0.278
CHI,LAS,9,6,92,78,0,0,0,0,2,1,2,0,0,0,0,3,1,1,0,0,1,1,1,0,0,0,0,0,0,1,0,29.7,70.3,0.422,4.8,14.9,0.323,24.9,55.4,0.449,13.2,17.8,0.742,10.9,25.8,36.6,19.0,7.0,3.8,13.1,19.0,77.4,1188,2813,0.422,193,597,0.323,995,2216,0.449,527,710,0.742,434,1030,1464,759,280,151,523,761,3096,26.1,13,27,12,28,-5.13,0.46,-4.67,99.1,105.6,-6.5,78.2,0.252,0.212,0.495,0.457,14.3,29.5,0.187,0.499,14.2,76.8,0.228,38.0,90.0,0.422,6.2,19.1,0.323,31.8,70.9,0.449,16.9,22.7,0.742,13.9,33.0,46.8,24.3,9.0,4.8,16.7,24.3,99.1,0.422,10.8,0.788,0.298,0.262,0.12,0.108,0.212,0.449,0.587,0.377,0.358,0.344,0.324,0.606,0.808,0.195,0.31,30.1,67.4,0.446,7.1,21.7,0.326,23.0,45.7,0.503,15.4,19.9,0.773,7.8,26.0,33.8,21.7,7.9,5.8,12.6,17.0,82.5,1202.0,2694.0,0.446,283.0,867.0,0.326,919.0,1827.0,0.503,614.0,794.0,0.773,312.0,1038.0,1350.0,867.0,314.0,231.0,503.0,681.0,3301.0,38.5,86.2,0.446,9.1,27.7,0.326,29.4,58.5,0.503,19.6,25.4,0.773,10.0,33.2,43.2,27.7,10.0,7.4,16.1,21.8,105.6,0.446,13.0,0.678,0.275,0.2,0.1,0.103,0.322,0.503,0.65,0.391,0.393,0.433,0.326,0.672,0.88,0.203,0.278
CHI,DAL,9,8,92,77,0,0,0,0,1,0,1,0,0,0,0,2,1,1,0,0,0,0,0,0,0,0,0,0,0,1,0,29.7,70.3,0.422,4.8,14.9,0.323,24.9,55.4,0.449,13.2,17.8,0.742,10.9,25.8,36.6,19.0,7.0,3.8,13.1,19.0,77.4,1188,2813,0.422,193,597,0.323,995,2216,0.449,527,710,0.742,434,1030,1464,759,280,151,523,761,3096,26.1,13,27,12,28,-5.13,0.46,-4.67,99.1,105.6,-6.5,78.2,0.252,0.212,0.495,0.457,14.3,29.5,0.187,0.499,14.2,76.8,0.228,38.0,90.0,0.422,6.2,19.1,0.323,31.8,70.9,0.449,16.9,22.7,0.742,13.9,33.0,46.8,24.3,9.0,4.8,16.7,24.3,99.1,0.422,10.8,0.788,0.298,0.262,0.12,0.108,0.212,0.449,0.587,0.377,0.358,0.344,0.324,0.606,0.808,0.195,0.31,30.1,67.4,0.446,7.1,21.7,0.326,23.0,45.7,0.503,15.4,19.9,0.773,7.8,26.0,33.8,21.7,7.9,5.8,12.6,17.0,82.5,1202.0,2694.0,0.446,283.0,867.0,0.326,919.0,1827.0,0.503,614.0,794.0,0.773,312.0,1038.0,1350.0,867.0,314.0,231.0,503.0,681.0,3301.0,38.5,86.2,0.446,9.1,27.7,0.326,29.4,58.5,0.503,19.6,25.4,0.773,10.0,33.2,43.2,27.7,10.0,7.4,16.1,21.8,105.6,0.446,13.0,0.678,0.275,0.2,0.1,0.103,0.322,0.503,0.65,0.391,0.393,0.433,0.326,0.672,0.88,0.203,0.278
CHI,WAS,9,11,58,89,0,0,0,0,2,0,1,0,0,0,0,2,1,1,0,0,0,0,0,0,0,0,0,0,0,1,0,29.7,70.3,0.422,4.8,14.9,0.323,24.9,55.4,0.449,13.2,17.8,0.742,10.9,25.8,36.6,19.0,7.0,3.8,13.1,19.0,77.4,1188,2813,0.422,193,597,0.323,995,2216,0.449,527,710,0.742,434,1030,1464,759,280,151,523,761,3096,26.1,13,27,12,28,-5.13,0.46,-4.67,99.1,105.6,-6.5,78.2,0.252,0.212,0.495,0.457,14.3,29.5,0.187,0.499,14.2,76.8,0.228,38.0,90.0,0.422,6.2,19.1,0.323,31.8,70.9,0.449,16.9,22.7,0.742,13.9,33.0,46.8,24.3,9.0,4.8,16.7,24.3,99.1,0.422,10.8,0.788,0.298,0.262,0.12,0.108,0.212,0.449,0.587,0.377,0.358,0.344,0.324,0.606,0.808,0.195,0.31,30.1,67.4,0.446,7.1,21.7,0.326,23.0,45.7,0.503,15.4,19.9,0.773,7.8,26.0,33.8,21.7,7.9,5.8,12.6,17.0,82.5,1202.0,2694.0,0.446,283.0,867.0,0.326,919.0,1827.0,0.503,614.0,794.0,0.773,312.0,1038.0,1350.0,867.0,314.0,231.0,503.0,681.0,3301.0,38.5,86.2,0.446,9.1,27.7,0.326,29.4,58.5,0.503,19.6,25.4,0.773,10.0,33.2,43.2,27.7,10.0,7.4,16.1,21.8,105.6,0.446,13.0,0.678,0.275,0.2,0.1,0.103,0.322,0.503,0.65,0.391,0.393,0.433,0.326,0.672,0.88,0.203,0.278
CHI,MIN,9,13,66,83,0,0,0,0,2,0,1,0,0,0,0,2,1,1,0,0,0,0,0,0,0,0,0,0,0,1,0,29.7,70.3,0.422,4.8,14.9,0.323,24.9,55.4,0.449,13.2,17.8,0.742,10.9,25.8,36.6,19.0,7.0,3.8,13.1,19.0,77.4,1188,2813,0.422,193,597,0.323,995,2216,0.449,527,710,0.742,434,1030,1464,759,280,151,523,761,3096,26.1,13,27,12,28,-5.13,0.46,-4.67,99.1,105.6,-6.5,78.2,0.252,0.212,0.495,0.457,14.3,29.5,0.187,0.499,14.2,76.8,0.228,38.0,90.0,0.422,6.2,19.1,0.323,31.8,70.9,0.449,16.9,22.7,0.742,13.9,33.0,46.8,24.3,9.0,4.8,16.7,24.3,99.1,0.422,10.8,0.788,0.298,0.262,0.12,0.108,0.212,0.449,0.587,0.377,0.358,0.344,0.324,0.606,0.808,0.195,0.31,30.1,67.4,0.446,7.1,21.7,0.326,23.0,45.7,0.503,15.4,19.9,0.773,7.8,26.0,33.8,21.7,7.9,5.8,12.6,17.0,82.5,1202.0,2694.0,0.446,283.0,867.0,0.326,919.0,1827.0,0.503,614.0,794.0,0.773,312.0,1038.0,1350.0,867.0,314.0,231.0,503.0,681.0,3301.0,38.5,86.2,0.446,9.1,27.7,0.326,29.4,58.5,0.503,19.6,25.4,0.773,10.0,33.2,43.2,27.7,10.0,7.4,16.1,21.8,105.6,0.446,13.0,0.678,0.275,0.2,0.1,0.103,0.322,0.503,0.65,0.391,0.393,0.433,0.326,0.672,0.88,0.203,0.278
CHI,PHO,9,15,88,93,0,0,0,0,2,0,1,0,0,0,0,2,1,1,0,0,0,0,0,0,0,0,0,0,0,1,0,29.7,70.3,0.422,4.8,14.9,0.323,24.9,55.4,0.449,13.2,17.8,0.742,10.9,25.8,36.6,19.0,7.0,3.8,13.1,19.0,77.4,1188,2813,0.422,193,597,0.323,995,2216,0.449,527,710,0.742,434,1030,1464,759,280,151,523,761,3096,26.1,13,27,12,28,-5.13,0.46,-4.67,99.1,105.6,-6.5,78.2,0.252,0.212,0.495,0.457,14.3,29.5,0.187,0.499,14.2,76.8,0.228,38.0,90.0,0.422,6.2,19.1,0.323,31.8,70.9,0.449,16.9,22.7,0.742,13.9,33.0,46.8,24.3,9.0,4.8,16.7,24.3,99.1,0.422,10.8,0.788,0.298,0.262,0.12,0.108,0.212,0.449,0.587,0.377,0.358,0.344,0.324,0.606,0.808,0.195,0.31,30.1,67.4,0.446,7.1,21.7,0.326,23.0,45.7,0.503,15.4,19.9,0.773,7.8,26.0,33.8,21.7,7.9,5.8,12.6,17.0,82.5,1202.0,2694.0,0.446,283.0,867.0,0.326,919.0,1827.0,0.503,614.0,794.0,0.773,312.0,1038.0,1350.0,867.0,314.0,231.0,503.0,681.0,3301.0,38.5,86.2,0.446,9.1,27.7,0.326,29.4,58.5,0.503,19.6,25.4,0.773,10.0,33.2,43.2,27.7,10.0,7.4,16.1,21.8,105.6,0.446,13.0,0.678,0.275,0.2,0.1,0.103,0.322,0.503,0.65,0.391,0.393,0.433,0.326,0.672,0.88,0.203,0.278
CHI,ATL,9,17,70,86,0,0,0,0,2,0,0,0,0,0,0,1,0,0,0,0,0,0,0,0,0,0,0,0,0,0,0,29.7,70.3,0.422,4.8,14.9,0.323,24.9,55.4,0.449,13.2,17.8,0.742,10.9,25.8,36.6,19.0,7.0,3.8,13.1,19.0,77.4,1188,2813,0.422,193,597,0.323,995,2216,0.449,527,710,0.742,434,1030,1464,759,280,151,523,761,3096,26.1,13,27,12,28,-5.13,0.46,-4.67,99.1,105.6,-6.5,78.2,0.252,0.212,0.495,0.457,14.3,29.5,0.187,0.499,14.2,76.8,0.228,38.0,90.0,0.422,6.2,19.1,0.323,31.8,70.9,0.449,16.9,22.7,0.742,13.9,33.0,46.8,24.3,9.0,4.8,16.7,24.3,99.1,0.422,10.8,0.788,0.298,0.262,0.12,0.108,0.212,0.449,0.587,0.377,0.358,0.344,0.324,0.606,0.808,0.195,0.31,30.1,67.4,0.446,7.1,21.7,0.326,23.0,45.7,0.503,15.4,19.9,0.773,7.8,26.0,33.8,21.7,7.9,5.8,12.6,17.0,82.5,1202.0,2694.0,0.446,283.0,867.0,0.326,919.0,1827.0,0.503,614.0,794.0,0.773,312.0,1038.0,1350.0,867.0,314.0,231.0,503.0,681.0,3301.0,38.5,86.2,0.446,9.1,27.7,0.326,29.4,58.5,0.503,19.6,25.4,0.773,10.0,33.2,43.2,27.7,10.0,7.4,16.1,21.8,105.6,0.446,13.0,0.678,0.275,0.2,0.1,0.103,0.322,0.503,0.65,0.391,0.393,0.433,0.326,0.672,0.88,0.203,0.278
CHI,CON,9,19,54,87,0,0,0,0,2,0,0,0,0,0,0,1,0,0,0,0,0,0,0,0,0,0,0,0,0,0,0,29.7,70.3,0.422,4.8,14.9,0.323,24.9,55.4,0.449,13.2,17.8,0.742,10.9,25.8,36.6,19.0,7.0,3.8,13.1,19.0,77.4,1188,2813,0.422,193,597,0.323,995,2216,0.449,527,710,0.742,434,1030,1464,759,280,151,523,761,3096,26.1,13,27,12,28,-5.13,0.46,-4.67,99.1,105.6,-6.5,78.2,0.252,0.212,0.495,0.457,14.3,29.5,0.187,0.499,14.2,76.8,0.228,38.0,90.0,0.422,6.2,19.1,0.323,31.8,70.9,0.449,16.9,22.7,0.742,13.9,33.0,46.8,24.3,9.0,4.8,16.7,24.3,99.1,0.422,10.8,0.788,0.298,0.262,0.12,0.108,0.212,0.449,0.587,0.377,0.358,0.344,0.324,0.606,0.808,0.195,0.31,30.1,67.4,0.446,7.1,21.7,0.326,23.0,45.7,0.503,15.4,19.9,0.773,7.8,26.0,33.8,21.7,7.9,5.8,12.6,17.0,82.5,1202.0,2694.0,0.446,283.0,867.0,0.326,919.0,1827.0,0.503,614.0,794.0,0.773,312.0,1038.0,1350.0,867.0,314.0,231.0,503.0,681.0,3301.0,38.5,86.2,0.446,9.1,27.7,0.326,29.4,58.5,0.503,19.6,25.4,0.773,10.0,33.2,43.2,27.7,10.0,7.4,16.1,21.8,105.6,0.446,13.0,0.678,0.275,0.2,0.1,0.103,0.322,0.503,0.65,0.391,0.393,0.433,0.326,0.672,0.88,0.203,0.278
CON,IND,5,14,92,71,0,0,0,0,3,0,1,1,1,1,1,0,0,0,0,3,1,0,0,1,0,2,0,1,2,0,1,29.3,65.9,0.444,5.9,18.0,0.327,23.4,48.0,0.487,15.7,20.9,0.753,8.4,25.1,33.5,19.9,8.2,3.7,12.1,16.1,80.1,1170,2637,0.444,235,719,0.327,935,1918,0.487,629,835,0.753,334,1004,1338,796,326,146,482,645,3204,28.9,28,12,31,9,6.5,-0.75,5.75,105.0,96.4,8.6,75.8,0.317,0.273,0.533,0.488,13.8,25.2,0.239,0.482,17.6,78.2,0.204,38.3,86.4,0.444,7.7,23.6,0.327,30.6,62.8,0.487,20.6,27.4,0.753,10.9,32.9,43.8,26.1,10.7,4.8,15.8,21.1,105.0,0.444,11.9,0.727,0.267,0.262,0.11,0.089,0.273,0.487,0.636,0.416,0.414,0.345,0.327,0.635,0.86,0.181,0.3,27.2,63.0,0.431,6.5,20.6,0.313,20.7,42.4,0.488,12.9,16.5,0.779,7.0,24.7,31.7,19.1,7.0,4.6,15.0,18.1,73.6,1086.0,2520.0,0.431,258.0,825.0,0.313,828.0,1695.0,0.488,514.0,660.0,0.779,280.0,989.0,1269.0,764.0,280.0,183.0,599.0,725.0,2944.0,35.6,82.6,0.431,8.5,27.0,0.313,27.1,55.5,0.488,16.8,21.6,0.779,9.2,32.4,41.6,25.0,9.2,6.0,19.6,23.8,96.4,0.431,13.0,0.673,0.207,0.257,0.12,0.089,0.327,0.488,0.66,0.435,0.401,0.362,0.313,0.644,0.895,0.193,0.346
CON,WAS,5,17,84,77,0,0,0,0,2,0,1,1,1,1,1,0,0,0,0,3,1,0,0,1,0,1,0,1,2,0,1,29.3,65.9,0.444,5.9,18.0,0.327,23.4,48.0,0.487,15.7,20.9,0.753,8.4,25.1,33.5,19.9,8.2,3.7,12.1,16.1,80.1,1170,2637,0.444,235,719,0.327,935,1918,0.487,629,835,0.753,334,1004,1338,796,326,146,482,645,3204,28.9,28,12,31,9,6.5,-0.75,5.75,105.0,96.4,8.6,75.8,0.317,0.273,0.533,0.488,13.8,25.2,0.239,0.482,17.6,78.2,0.204,38.3,86.4,0.444,7.7,23.6,0.327,30.6,62.8,0.487,20.6,27.4,0.753,10.9,32.9,43.8,26.1,10.7,4.8,15.8,21.1,105.0,0.444,11.9,0.727,0.267,0.262,0.11,0.089,0.273,0.487,0.636,0.416,0.414,0.345,0.327,0.635,0.86,0.181,0.3,27.2,63.0,0.431,6.5,20.6,0.313,20.7,42.4,0.488,12.9,16.5,0.779,7.0,24.7,31.7,19.1,7.0,4.6,15.0,18.1,73.6,1086.0,2520.0,0.431,258.0,825.0,0.313,828.0,1695.0,0.488,514.0,660.0,0.779,280.0,989.0,1269.0,764.0,280.0,183.0,599.0,725.0,2944.0,35.6,82.6,0.431,8.5,27.0,0.313,27.1,55.5,0.488,16.8,21.6,0.779,9.2,32.4,41.6,25.0,9.2,6.0,19.6,23.8,96.4,0.431,13.0,0.673,0.207,0.257,0.12,0.089,0.327,0.488,0.66,0.435,0.401,0.362,0.313,0.644,0.895,0.193,0.346
CON,IND,5,20,88,84,0,0,0,0,2,0,1,1,1,1,1,0,0,0,0,3,1,0,0,1,0,2,0,1,2,0,1,29.3,65.9,0.444,5.9,18.0,0.327,23.4,48.0,0.487,15.7,20.9,0.753,8.4,25.1,33.5,19.9,8.2,3.7,12.1,16.1,80.1,1170,2637,0.444,235,719,0.327,935,1918,0.487,629,835,0.753,334,1004,1338,796,326,146,482,645,3204,28.9,28,12,31,9,6.5,-0.75,5.75,105.0,96.4,8.6,75.8,0.317,0.273,0.533,0.488,13.8,25.2,0.239,0.482,17.6,78.2,0.204,38.3,86.4,0.444,7.7,23.6,0.327,30.6,62.8,0.487,20.6,27.4,0.753,10.9,32.9,43.8,26.1,10.7,4.8,15.8,21.1,105.0,0.444,11.9,0.727,0.267,0.262,0.11,0.089,0.273,0.487,0.636,0.416,0.414,0.345,0.327,0.635,0.86,0.181,0.3,27.2,63.0,0.431,6.5,20.6,0.313,20.7,42.4,0.488,12.9,16.5,0.779,7.0,24.7,31.7,19.1,7.0,4.6,15.0,18.1,73.6,1086.0,2520.0,0.431,258.0,825.0,0.313,828.0,1695.0,0.488,514.0,660.0,0.779,280.0,989.0,1269.0,764.0,280.0,183.0,599.0,725.0,2944.0,35.6,82.6,0.431,8.5,27.0,0.313,27.1,55.5,0.488,16.8,21.6,0.779,9.2,32.4,41.6,25.0,9.2,6.0,19.6,23.8,96.4,0.431,13.0,0.673,0.207,0.257,0.12,0.089,0.327,0.488,0.66,0.435,0.401,0.362,0.313,0.644,0.895,0.193,0.346
CON,MIN,5,23,83,82,0,0,0,0,2,0,1,1,1,1,1,0,0,0,0,3,1,0,0,0,0,2,0,1,2,0,1,29.3,65.9,0.444,5.9,18.0,0.327,23.4,48.0,0.487,15.7,20.9,0.753,8.4,25.1,33.5,19.9,8.2,3.7,12.1,16.1,80.1,1170,2637,0.444,235,719,0.327,935,1918,0.487,629,835,0.753,334,1004,1338,796,326,146,482,645,3204,28.9,28,12,31,9,6.5,-0.75,5.75,105.0,96.4,8.6,75.8,0.317,0.273,0.533,0.488,13.8,25.2,0.239,0.482,17.6,78.2,0.204,38.3,86.4,0.444,7.7,23.6,0.327,30.6,62.8,0.487,20.6,27.4,0.753,10.9,32.9,43.8,26.1,10.7,4.8,15.8,21.1,105.0,0.444,11.9,0.727,0.267,0.262,0.11,0.089,0.273,0.487,0.636,0.416,0.414,0.345,0.327,0.635,0.86,0.181,0.3,27.2,63.0,0.431,6.5,20.6,0.313,20.7,42.4,0.488,12.9,16.5,0.779,7.0,24.7,31.7,19.1,7.0,4.6,15.0,18.1,73.6,1086.0,2520.0,0.431,258.0,825.0,0.313,828.0,1695.0,0.488,514.0,660.0,0.779,280.0,989.0,1269.0,764.0,280.0,183.0,599.0,725.0,2944.0,35.6,82.6,0.431,8.5,27.0,0.313,27.1,55.5,0.488,16.8,21.6,0.779,9.2,32.4,41.6,25.0,9.2,6.0,19.6,23.8,96.4,0.431,13.0,0.673,0.207,0.257,0.12,0.089,0.327,0.488,0.66,0.435,0.401,0.362,0.313,0.644,0.895,0.193,0.346
CON,CHI,5,25,86,82,0,0,0,0,3,0,1,1,1,1,1,0,0,0,0,3,1,0,0,1,0,2,0,1,2,0,1,29.3,65.9,0.444,5.9,18.0,0.327,23.4,48.0,0.487,15.7,20.9,0.753,8.4,25.1,33.5,19.9,8.2,3.7,12.1,16.1,80.1,1170,2637,0.444,235,719,0.327,935,1918,0.487,629,835,0.753,334,1004,1338,796,326,146,482,645,3204,28.9,28,12,31,9,6.5,-0.75,5.75,105.0,96.4,8.6,75.8,0.317,0.273,0.533,0.488,13.8,25.2,0.239,0.482,17.6,78.2,0.204,38.3,86.4,0.444,7.7,23.6,0.327,30.6,62.8,0.487,20.6,27.4,0.753,10.9,32.9,43.8,26.1,10.7,4.8,15.8,21.1,105.0,0.444,11.9,0.727,0.267,0.262,0.11,0.089,0.273,0.487,0.636,0.416,0.414,0.345,0.327,0.635,0.86,0.181,0.3,27.2,63.0,0.431,6.5,20.6,0.313,20.7,42.4,0.488,12.9,16.5,0.779,7.0,24.7,31.7,19.1,7.0,4.6,15.0,18.1,73.6,1086.0,2520.0,0.431,258.0,825.0,0.313,828.0,1695.0,0.488,514.0,660.0,0.779,280.0,989.0,1269.0,764.0,280.0,183.0,599.0,725.0,2944.0,35.6,82.6,0.431,8.5,27.0,0.313,27.1,55.5,0.488,16.8,21.6,0.779,9.2,32.4,41.6,25.0,9.2,6.0,19.6,23.8,96.4,0.431,13.0,0.673,0.207,0.257,0.12,0.089,0.327,0.488,0.66,0.435,0.401,0.362,0.313,0.644,0.895,0.193,0.346
CON,PHO,5,28,70,47,0,1,0,0,3,0,1,1,1,1,1,0,1,0,0,3,1,1,1,1,0,2,0,1,2,0,1,29.3,65.9,0.444,5.9,18.0,0.327,23.4,48.0,0.487,15.7,20.9,0.753,8.4,25.1,33.5,19.9,8.2,3.7,12.1,16.1,80.1,1170,2637,0.444,235,719,0.327,935,1918,0.487,629,835,0.753,334,1004,1338,796,326,146,482,645,3204,28.9,28,12,31,9,6.5,-0.75,5.75,105.0,96.4,8.6,75.8,0.317,0.273,0.533,0.488,13.8,25.2,0.239,0.482,17.6,78.2,0.204,38.3,86.4,0.444,7.7,23.6,0.327,30.6,62.8,0.487,20.6,27.4,0.753,10.9,32.9,43.8,26.1,10.7,4.8,15.8,21.1,105.0,0.444,11.9,0.727,0.267,0.262,0.11,0.089,0.273,0.487,0.636,0.416,0.414,0.345,0.327,0.635,0.86,0.181,0.3,27.2,63.0,0.431,6.5,20.6,0.313,20.7,42.4,0.488,12.9,16.5,0.779,7.0,24.7,31.7,19.1,7.0,4.6,15.0,18.1,73.6,1086.0,2520.0,0.431,258.0,825.0,0.313,828.0,1695.0,0.488,514.0,660.0,0.779,280.0,989.0,1269.0,764.0,280.0,183.0,599.0,725.0,2944.0,35.6,82.6,0.431,8.5,27.0,0.313,27.1,55.5,0.488,16.8,21.6,0.779,9.2,32.4,41.6,25.0,9.2,6.0,19.6,23.8,96.4,0.431,13.0,0.673,0.207,0.257,0.12,0.089,0.327,0.488,0.66,0.435,0.401,0.362,0.313,0.644,0.895,0.193,0.346
CON,DAL,5,31,74,72,0,0,0,0,3,0,1,1,1,1,1,0,0,0,0,3,1,0,0,1,0,2,0,1,2,0,1,29.3,65.9,0.444,5.9,18.0,0.327,23.4,48.0,0.487,15.7,20.9,0.753,8.4,25.1,33.5,19.9,8.2,3.7,12.1,16.1,80.1,1170,2637,0.444,235,719,0.327,935,1918,0.487,629,835,0.753,334,1004,1338,796,326,146,482,645,3204,28.9,28,12,31,9,6.5,-0.75,5.75,105.0,96.4,8.6,75.8,0.317,0.273,0.533,0.488,13.8,25.2,0.239,0.482,17.6,78.2,0.204,38.3,86.4,0.444,7.7,23.6,0.327,30.6,62.8,0.487,20.6,27.4,0.753,10.9,32.9,43.8,26.1,10.7,4.8,15.8,21.1,105.0,0.444,11.9,0.727,0.267,0.262,0.11,0.089,0.273,0.487,0.636,0.416,0.414,0.345,0.327,0.635,0.86,0.181,0.3,27.2,63.0,0.431,6.5,20.6,0.313,20.7,42.4,0.488,12.9,16.5,0.779,7.0,24.7,31.7,19.1,7.0,4.6,15.0,18.1,73.6,1086.0,2520.0,0.431,258.0,825.0,0.313,828.0,1695.0,0.488,514.0,660.0,0.779,280.0,989.0,1269.0,764.0,280.0,183.0,599.0,725.0,2944.0,35.6,82.6,0.431,8.5,27.0,0.313,27.1,55.5,0.488,16.8,21.6,0.779,9.2,32.4,41.6,25.0,9.2,6.0,19.6,23.8,96.4,0.431,13.0,0.673,0.207,0.257,0.12,0.089,0.327,0.488,0.66,0.435,0.401,0.362,0.313,0.644,0.895,0.193,0.346
CON,ATL,6,2,69,50,0,1,0,0,2,0,1,1,1,1,1,0,1,0,0,3,1,1,1,1,0,1,0,1,2,0,1,29.3,65.9,0.444,5.9,18.0,0.327,23.4,48.0,0.487,15.7,20.9,0.753,8.4,25.1,33.5,19.9,8.2,3.7,12.1,16.1,80.1,1170,2637,0.444,235,719,0.327,935,1918,0.487,629,835,0.753,334,1004,1338,796,326,146,482,645,3204,28.9,28,12,31,9,6.5,-0.75,5.75,105.0,96.4,8.6,75.8,0.317,0.273,0.533,0.488,13.8,25.2,0.239,0.482,17.6,78.2,0.204,38.3,86.4,0.444,7.7,23.6,0.327,30.6,62.8,0.487,20.6,27.4,0.753,10.9,32.9,43.8,26.1,10.7,4.8,15.8,21.1,105.0,0.444,11.9,0.727,0.267,0.262,0.11,0.089,0.273,0.487,0.636,0.416,0.414,0.345,0.327,0.635,0.86,0.181,0.3,27.2,63.0,0.431,6.5,20.6,0.313,20.7,42.4,0.488,12.9,16.5,0.779,7.0,24.7,31.7,19.1,7.0,4.6,15.0,18.1,73.6,1086.0,2520.0,0.431,258.0,825.0,0.313,828.0,1695.0,0.488,514.0,660.0,0.779,280.0,989.0,1269.0,764.0,280.0,183.0,599.0,725.0,2944.0,35.6,82.6,0.431,8.5,27.0,0.313,27.1,55.5,0.488,16.8,21.6,0.779,9.2,32.4,41.6,25.0,9.2,6.0,19.6,23.8,96.4,0.431,13.0,0.673,0.207,0.257,0.12,0.089,0.327,0.488,0.66,0.435,0.401,0.362,0.313,0.644,0.895,0.193,0.346
CON,WAS,6,4,76,59,0,1,0,0,2,0,1,1,1,1,1,0,1,0,0,3,1,1,1,1,0,2,0,1,2,0,1,29.3,65.9,0.444,5.9,18.0,0.327,23.4,48.0,0.487,15.7,20.9,0.753,8.4,25.1,33.5,19.9,8.2,3.7,12.1,16.1,80.1,1170,2637,0.444,235,719,0.327,935,1918,0.487,629,835,0.753,334,1004,1338,796,326,146,482,645,3204,28.9,28,12,31,9,6.5,-0.75,5.75,105.0,96.4,8.6,75.8,0.317,0.273,0.533,0.488,13.8,25.2,0.239,0.482,17.6,78.2,0.204,38.3,86.4,0.444,7.7,23.6,0.327,30.6,62.8,0.487,20.6,27.4,0.753,10.9,32.9,43.8,26.1,10.7,4.8,15.8,21.1,105.0,0.444,11.9,0.727,0.267,0.262,0.11,0.089,0.273,0.487,0.636,0.416,0.414,0.345,0.327,0.635,0.86,0.181,0.3,27.2,63.0,0.431,6.5,20.6,0.313,20.7,42.4,0.488,12.9,16.5,0.779,7.0,24.7,31.7,19.1,7.0,4.6,15.0,18.1,73.6,1086.0,2520.0,0.431,258.0,825.0,0.313,828.0,1695.0,0.488,514.0,660.0,0.779,280.0,989.0,1269.0,764.0,280.0,183.0,599.0,725.0,2944.0,35.6,82.6,0.431,8.5,27.0,0.313,27.1,55.5,0.488,16.8,21.6,0.779,9.2,32.4,41.6,25.0,9.2,6.0,19.6,23.8,96.4,0.431,13.0,0.673,0.207,0.257,0.12,0.089,0.327,0.488,0.66,0.435,0.401,0.362,0.313,0.644,0.895,0.193,0.346
CON,NYL,6,8,75,82,0,0,0,0,1,0,1,1,1,1,1,0,0,0,0,3,1,0,0,1,0,1,0,1,2,0,1,29.3,65.9,0.444,5.9,18.0,0.327,23.4,48.0,0.487,15.7,20.9,0.753,8.4,25.1,33.5,19.9,8.2,3.7,12.1,16.1,80.1,1170,2637,0.444,235,719,0.327,935,1918,0.487,629,835,0.753,334,1004,1338,796,326,146,482,645,3204,28.9,28,12,31,9,6.5,-0.75,5.75,105.0,96.4,8.6,75.8,0.317,0.273,0.533,0.488,13.8,25.2,0.239,0.482,17.6,78.2,0.204,38.3,86.4,0.444,7.7,23.6,0.327,30.6,62.8,0.487,20.6,27.4,0.753,10.9,32.9,43.8,26.1,10.7,4.8,15.8,21.1,105.0,0.444,11.9,0.727,0.267,0.262,0.11,0.089,0.273,0.487,0.636,0.416,0.414,0.345,0.327,0.635,0.86,0.181,0.3,27.2,63.0,0.431,6.5,20.6,0.313,20.7,42.4,0.488,12.9,16.5,0.779,7.0,24.7,31.7,19.1,7.0,4.6,15.0,18.1,73.6,1086.0,2520.0,0.431,258.0,825.0,0.313,828.0,1695.0,0.488,514.0,660.0,0.779,280.0,989.0,1269.0,764.0,280.0,183.0,599.0,725.0,2944.0,35.6,82.6,0.431,8.5,27.0,0.313,27.1,55.5,0.488,16.8,21.6,0.779,9.2,32.4,41.6,25.0,9.2,6.0,19.6,23.8,96.4,0.431,13.0,0.673,0.207,0.257,0.12,0.089,0.327,0.488,0.66,0.435,0.401,0.362,0.313,0.644,0.895,0.193,0.346
CON,IND,6,10,89,72,0,0,0,0,3,0,1,1,1,1,1,0,0,0,0,3,1,0,0,1,0,2,0,1,2,0,1,29.3,65.9,0.444,5.9,18.0,0.327,23.4,48.0,0.487,15.7,20.9,0.753,8.4,25.1,33.5,19.9,8.2,3.7,12.1,16.1,80.1,1170,2637,0.444,235,719,0.327,935,1918,0.487,629,835,0.753,334,1004,1338,796,326,146,482,645,3204,28.9,28,12,31,9,6.5,-0.75,5.75,105.0,96.4,8.6,75.8,0.317,0.273,0.533,0.488,13.8,25.2,0.239,0.482,17.6,78.2,0.204,38.3,86.4,0.444,7.7,23.6,0.327,30.6,62.8,0.487,20.6,27.4,0.753,10.9,32.9,43.8,26.1,10.7,4.8,15.8,21.1,105.0,0.444,11.9,0.727,0.267,0.262,0.11,0.089,0.273,0.487,0.636,0.416,0.414,0.345,0.327,0.635,0.86,0.181,0.3,27.2,63.0,0.431,6.5,20.6,0.313,20.7,42.4,0.488,12.9,16.5,0.779,7.0,24.7,31.7,19.1,7.0,4.6,15.0,18.1,73.6,1086.0,2520.0,0.431,258.0,825.0,0.313,828.0,1695.0,0.488,514.0,660.0,0.779,280.0,989.0,1269.0,764.0,280.0,183.0,599.0,725.0,2944.0,35.6,82.6,0.431,8.5,27.0,0.313,27.1,55.5,0.488,16.8,21.6,0.779,9.2,32.4,41.6,25.0,9.2,6.0,19.6,23.8,96.4,0.431,13.0,0.673,0.207,0.257,0.12,0.089,0.327,0.488,0.66,0.435,0.401,0.362,0.313,0.644,0.895,0.193,0.346
CON,CHI,6,12,83,75,0,0,0,0,1,0,1,1,1,1,1,0,0,0,0,3,1,0,0,1,0,1,0,1,2,0,1,29.3,65.9,0.444,5.9,18.0,0.327,23.4,48.0,0.487,15.7,20.9,0.753,8.4,25.1,33.5,19.9,8.2,3.7,12.1,16.1,80.1,1170,2637,0.444,235,719,0.327,935,1918,0.487,629,835,0.753,334,1004,1338,796,326,146,482,645,3204,28.9,28,12,31,9,6.5,-0.75,5.75,105.0,96.4,8.6,75.8,0.317,0.273,0.533,0.488,13.8,25.2,0.239,0.482,17.6,78.2,0.204,38.3,86.4,0.444,7.7,23.6,0.327,30.6,62.8,0.487,20.6,27.4,0.753,10.9,32.9,43.8,26.1,10.7,4.8,15.8,21.1,105.0,0.444,11.9,0.727,0.267,0.262,0.11,0.089,0.273,0.487,0.636,0.416,0.414,0.345,0.327,0.635,0.86,0.181,0.3,27.2,63.0,0.431,6.5,20.6,0.313,20.7,42.4,0.488,12.9,16.5,0.779,7.0,24.7,31.7,19.1,7.0,4.6,15.0,18.1,73.6,1086.0,2520.0,0.431,258.0,825.0,0.313,828.0,1695.0,0.488,514.0,660.0,0.779,280.0,989.0,1269.0,764.0,280.0,183.0,599.0,725.0,2944.0,35.6,82.6,0.431,8.5,27.0,0.313,27.1,55.5,0.488,16.8,21.6,0.779,9.2,32.4,41.6,25.0,9.2,6.0,19.6,23.8,96.4,0.431,13.0,0.673,0.207,0.257,0.12,0.089,0.327,0.488,0.66,0.435,0.401,0.362,0.313,0.644,0.895,0.193,0.346
CON,DAL,6,15,85,67,0,0,0,0,2,0,1,1,1,1,1,0,0,0,0,3,1,0,0,1,0,2,0,1,2,0,1,29.3,65.9,0.444,5.9,18.0,0.327,23.4,48.0,0.487,15.7,20.9,0.753,8.4,25.1,33.5,19.9,8.2,3.7,12.1,16.1,80.1,1170,2637,0.444,235,719,0.327,935,1918,0.487,629,835,0.753,334,1004,1338,796,326,146,482,645,3204,28.9,28,12,31,9,6.5,-0.75,5.75,105.0,96.4,8.6,75.8,0.317,0.273,0.533,0.488,13.8,25.2,0.239,0.482,17.6,78.2,0.204,38.3,86.4,0.444,7.7,23.6,0.327,30.6,62.8,0.487,20.6,27.4,0.753,10.9,32.9,43.8,26.1,10.7,4.8,15.8,21.1,105.0,0.444,11.9,0.727,0.267,0.262,0.11,0.089,0.273,0.487,0.636,0.416,0.414,0.345,0.327,0.635,0.86,0.181,0.3,27.2,63.0,0.431,6.5,20.6,0.313,20.7,42.4,0.488,12.9,16.5,0.779,7.0,24.7,31.7,19.1,7.0,4.6,15.0,18.1,73.6,1086.0,2520.0,0.431,258.0,825.0,0.313,828.0,1695.0,0.488,514.0,660.0,0.779,280.0,989.0,1269.0,764.0,280.0,183.0,599.0,725.0,2944.0,35.6,82.6,0.431,8.5,27.0,0.313,27.1,55.5,0.488,16.8,21.6,0.779,9.2,32.4,41.6,25.0,9.2,6.0,19.6,23.8,96.4,0.431,13.0,0.673,0.207,0.257,0.12,0.089,0.327,0.488,0.66,0.435,0.401,0.362,0.313,0.644,0.895,0.193,0.346
CON,LAS,6,18,79,70,0,0,0,0,2,0,1,1,1,1,1,0,0,0,0,3,1,0,0,1,0,2,0,1,2,0,1,29.3,65.9,0.444,5.9,18.0,0.327,23.4,48.0,0.487,15.7,20.9,0.753,8.4,25.1,33.5,19.9,8.2,3.7,12.1,16.1,80.1,1170,2637,0.444,235,719,0.327,935,1918,0.487,629,835,0.753,334,1004,1338,796,326,146,482,645,3204,28.9,28,12,31,9,6.5,-0.75,5.75,105.0,96.4,8.6,75.8,0.317,0.273,0.533,0.488,13.8,25.2,0.239,0.482,17.6,78.2,0.204,38.3,86.4,0.444,7.7,23.6,0.327,30.6,62.8,0.487,20.6,27.4,0.753,10.9,32.9,43.8,26.1,10.7,4.8,15.8,21.1,105.0,0.444,11.9,0.727,0.267,0.262,0.11,0.089,0.273,0.487,0.636,0.416,0.414,0.345,0.327,0.635,0.86,0.181,0.3,27.2,63.0,0.431,6.5,20.6,0.313,20.7,42.4,0.488,12.9,16.5,0.779,7.0,24.7,31.7,19.1,7.0,4.6,15.0,18.1,73.6,1086.0,2520.0,0.431,258.0,825.0,0.313,828.0,1695.0,0.488,514.0,660.0,0.779,280.0,989.0,1269.0,764.0,280.0,183.0,599.0,725.0,2944.0,35.6,82.6,0.431,8.5,27.0,0.313,27.1,55.5,0.488,16.8,21.6,0.779,9.2,32.4,41.6,25.0,9.2,6.0,19.6,23.8,96.4,0.431,13.0,0.673,0.207,0.257,0.12,0.089,0.327,0.488,0.66,0.435,0.401,0.362,0.313,0.644,0.895,0.193,0.346
CON,LVA,6,21,74,85,0,0,0,0,2,0,1,1,1,1,1,0,0,0,0,3,1,0,0,1,0,2,0,1,2,0,1,29.3,65.9,0.444,5.9,18.0,0.327,23.4,48.0,0.487,15.7,20.9,0.753,8.4,25.1,33.5,19.9,8.2,3.7,12.1,16.1,80.1,1170,2637,0.444,235,719,0.327,935,1918,0.487,629,835,0.753,334,1004,1338,796,326,146,482,645,3204,28.9,28,12,31,9,6.5,-0.75,5.75,105.0,96.4,8.6,75.8,0.317,0.273,0.533,0.488,13.8,25.2,0.239,0.482,17.6,78.2,0.204,38.3,86.4,0.444,7.7,23.6,0.327,30.6,62.8,0.487,20.6,27.4,0.753,10.9,32.9,43.8,26.1,10.7,4.8,15.8,21.1,105.0,0.444,11.9,0.727,0.267,0.262,0.11,0.089,0.273,0.487,0.636,0.416,0.414,0.345,0.327,0.635,0.86,0.181,0.3,27.2,63.0,0.431,6.5,20.6,0.313,20.7,42.4,0.488,12.9,16.5,0.779,7.0,24.7,31.7,19.1,7.0,4.6,15.0,18.1,73.6,1086.0,2520.0,0.431,258.0,825.0,0.313,828.0,1695.0,0.488,514.0,660.0,0.779,280.0,989.0,1269.0,764.0,280.0,183.0,599.0,725.0,2944.0,35.6,82.6,0.431,8.5,27.0,0.313,27.1,55.5,0.488,16.8,21.6,0.779,9.2,32.4,41.6,25.0,9.2,6.0,19.6,23.8,96.4,0.431,13.0,0.673,0.207,0.257,0.12,0.089,0.327,0.488,0.66,0.435,0.401,0.362,0.313,0.644,0.895,0.193,0.346
CON,SEA,6,23,61,72,0,0,0,0,2,0,1,1,1,1,1,0,0,0,0,3,1,0,0,1,0,2,0,1,2,0,1,29.3,65.9,0.444,5.9,18.0,0.327,23.4,48.0,0.487,15.7,20.9,0.753,8.4,25.1,33.5,19.9,8.2,3.7,12.1,16.1,80.1,1170,2637,0.444,235,719,0.327,935,1918,0.487,629,835,0.753,334,1004,1338,796,326,146,482,645,3204,28.9,28,12,31,9,6.5,-0.75,5.75,105.0,96.4,8.6,75.8,0.317,0.273,0.533,0.488,13.8,25.2,0.239,0.482,17.6,78.2,0.204,38.3,86.4,0.444,7.7,23.6,0.327,30.6,62.8,0.487,20.6,27.4,0.753,10.9,32.9,43.8,26.1,10.7,4.8,15.8,21.1,105.0,0.444,11.9,0.727,0.267,0.262,0.11,0.089,0.273,0.487,0.636,0.416,0.414,0.345,0.327,0.635,0.86,0.181,0.3,27.2,63.0,0.431,6.5,20.6,0.313,20.7,42.4,0.488,12.9,16.5,0.779,7.0,24.7,31.7,19.1,7.0,4.6,15.0,18.1,73.6,1086.0,2520.0,0.431,258.0,825.0,0.313,828.0,1695.0,0.488,514.0,660.0,0.779,280.0,989.0,1269.0,764.0,280.0,183.0,599.0,725.0,2944.0,35.6,82.6,0.431,8.5,27.0,0.313,27.1,55.5,0.488,16.8,21.6,0.779,9.2,32.4,41.6,25.0,9.2,6.0,19.6,23.8,96.4,0.431,13.0,0.673,0.207,0.257,0.12,0.089,0.327,0.488,0.66,0.435,0.401,0.362,0.313,0.644,0.895,0.193,0.346
CON,WAS,6,27,94,91,0,0,0,0,1,0,1,1,1,1,1,0,0,0,0,3,1,0,0,0,0,1,0,1,2,0,1,29.3,65.9,0.444,5.9,18.0,0.327,23.4,48.0,0.487,15.7,20.9,0.753,8.4,25.1,33.5,19.9,8.2,3.7,12.1,16.1,80.1,1170,2637,0.444,235,719,0.327,935,1918,0.487,629,835,0.753,334,1004,1338,796,326,146,482,645,3204,28.9,28,12,31,9,6.5,-0.75,5.75,105.0,96.4,8.6,75.8,0.317,0.273,0.533,0.488,13.8,25.2,0.239,0.482,17.6,78.2,0.204,38.3,86.4,0.444,7.7,23.6,0.327,30.6,62.8,0.487,20.6,27.4,0.753,10.9,32.9,43.8,26.1,10.7,4.8,15.8,21.1,105.0,0.444,11.9,0.727,0.267,0.262,0.11,0.089,0.273,0.487,0.636,0.416,0.414,0.345,0.327,0.635,0.86,0.181,0.3,27.2,63.0,0.431,6.5,20.6,0.313,20.7,42.4,0.488,12.9,16.5,0.779,7.0,24.7,31.7,19.1,7.0,4.6,15.0,18.1,73.6,1086.0,2520.0,0.431,258.0,825.0,0.313,828.0,1695.0,0.488,514.0,660.0,0.779,280.0,989.0,1269.0,764.0,280.0,183.0,599.0,725.0,2944.0,35.6,82.6,0.431,8.5,27.0,0.313,27.1,55.5,0.488,16.8,21.6,0.779,9.2,32.4,41.6,25.0,9.2,6.0,19.6,23.8,96.4,0.431,13.0,0.673,0.207,0.257,0.12,0.089,0.327,0.488,0.66,0.435,0.401,0.362,0.313,0.644,0.895,0.193,0.346
CON,ATL,6,28,74,78,0,0,0,0,1,0,1,1,1,1,1,0,0,0,0,3,1,0,0,1,0,1,0,1,2,0,1,29.3,65.9,0.444,5.9,18.0,0.327,23.4,48.0,0.487,15.7,20.9,0.753,8.4,25.1,33.5,19.9,8.2,3.7,12.1,16.1,80.1,1170,2637,0.444,235,719,0.327,935,1918,0.487,629,835,0.753,334,1004,1338,796,326,146,482,645,3204,28.9,28,12,31,9,6.5,-0.75,5.75,105.0,96.4,8.6,75.8,0.317,0.273,0.533,0.488,13.8,25.2,0.239,0.482,17.6,78.2,0.204,38.3,86.4,0.444,7.7,23.6,0.327,30.6,62.8,0.487,20.6,27.4,0.753,10.9,32.9,43.8,26.1,10.7,4.8,15.8,21.1,105.0,0.444,11.9,0.727,0.267,0.262,0.11,0.089,0.273,0.487,0.636,0.416,0.414,0.345,0.327,0.635,0.86,0.181,0.3,27.2,63.0,0.431,6.5,20.6,0.313,20.7,42.4,0.488,12.9,16.5,0.779,7.0,24.7,31.7,19.1,7.0,4.6,15.0,18.1,73.6,1086.0,2520.0,0.431,258.0,825.0,0.313,828.0,1695.0,0.488,514.0,660.0,0.779,280.0,989.0,1269.0,764.0,280.0,183.0,599.0,725.0,2944.0,35.6,82.6,0.431,8.5,27.0,0.313,27.1,55.5,0.488,16.8,21.6,0.779,9.2,32.4,41.6,25.0,9.2,6.0,19.6,23.8,96.4,0.431,13.0,0.673,0.207,0.257,0.12,0.089,0.327,0.488,0.66,0.435,0.401,0.362,0.313,0.644,0.895,0.193,0.346
CON,PHO,7,1,83,72,0,0,0,0,0,0,1,1,1,1,1,0,0,0,0,3,1,0,0,1,0,1,0,1,2,0,1,29.3,65.9,0.444,5.9,18.0,0.327,23.4,48.0,0.487,15.7,20.9,0.753,8.4,25.1,33.5,19.9,8.2,3.7,12.1,16.1,80.1,1170,2637,0.444,235,719,0.327,935,1918,0.487,629,835,0.753,334,1004,1338,796,326,146,482,645,3204,28.9,28,12,31,9,6.5,-0.75,5.75,105.0,96.4,8.6,75.8,0.317,0.273,0.533,0.488,13.8,25.2,0.239,0.482,17.6,78.2,0.204,38.3,86.4,0.444,7.7,23.6,0.327,30.6,62.8,0.487,20.6,27.4,0.753,10.9,32.9,43.8,26.1,10.7,4.8,15.8,21.1,105.0,0.444,11.9,0.727,0.267,0.262,0.11,0.089,0.273,0.487,0.636,0.416,0.414,0.345,0.327,0.635,0.86,0.181,0.3,27.2,63.0,0.431,6.5,20.6,0.313,20.7,42.4,0.488,12.9,16.5,0.779,7.0,24.7,31.7,19.1,7.0,4.6,15.0,18.1,73.6,1086.0,2520.0,0.431,258.0,825.0,0.313,828.0,1695.0,0.488,514.0,660.0,0.779,280.0,989.0,1269.0,764.0,280.0,183.0,599.0,725.0,2944.0,35.6,82.6,0.431,8.5,27.0,0.313,27.1,55.5,0.488,16.8,21.6,0.779,9.2,32.4,41.6,25.0,9.2,6.0,19.6,23.8,96.4,0.431,13.0,0.673,0.207,0.257,0.12,0.089,0.327,0.488,0.66,0.435,0.401,0.362,0.313,0.644,0.895,0.193,0.346
CON,MIN,7,4,78,73,0,0,0,0,1,0,1,1,1,1,1,0,0,0,0,3,1,0,0,1,0,1,0,1,2,0,1,29.3,65.9,0.444,5.9,18.0,0.327,23.4,48.0,0.487,15.7,20.9,0.753,8.4,25.1,33.5,19.9,8.2,3.7,12.1,16.1,80.1,1170,2637,0.444,235,719,0.327,935,1918,0.487,629,835,0.753,334,1004,1338,796,326,146,482,645,3204,28.9,28,12,31,9,6.5,-0.75,5.75,105.0,96.4,8.6,75.8,0.317,0.273,0.533,0.488,13.8,25.2,0.239,0.482,17.6,78.2,0.204,38.3,86.4,0.444,7.7,23.6,0.327,30.6,62.8,0.487,20.6,27.4,0.753,10.9,32.9,43.8,26.1,10.7,4.8,15.8,21.1,105.0,0.444,11.9,0.727,0.267,0.262,0.11,0.089,0.273,0.487,0.636,0.416,0.414,0.345,0.327,0.635,0.86,0.181,0.3,27.2,63.0,0.431,6.5,20.6,0.313,20.7,42.4,0.488,12.9,16.5,0.779,7.0,24.7,31.7,19.1,7.0,4.6,15.0,18.1,73.6,1086.0,2520.0,0.431,258.0,825.0,0.313,828.0,1695.0,0.488,514.0,660.0,0.779,280.0,989.0,1269.0,764.0,280.0,183.0,599.0,725.0,2944.0,35.6,82.6,0.431,8.5,27.0,0.313,27.1,55.5,0.488,16.8,21.6,0.779,9.2,32.4,41.6,25.0,9.2,6.0,19.6,23.8,96.4,0.431,13.0,0.673,0.207,0.257,0.12,0.089,0.327,0.488,0.66,0.435,0.401,0.362,0.313,0.644,0.895,0.193,0.346
CON,ATL,7,7,80,67,0,0,0,0,2,0,1,1,1,1,1,0,0,0,0,3,1,0,0,1,0,2,0,1,2,0,1,29.3,65.9,0.444,5.9,18.0,0.327,23.4,48.0,0.487,15.7,20.9,0.753,8.4,25.1,33.5,19.9,8.2,3.7,12.1,16.1,80.1,1170,2637,0.444,235,719,0.327,935,1918,0.487,629,835,0.753,334,1004,1338,796,326,146,482,645,3204,28.9,28,12,31,9,6.5,-0.75,5.75,105.0,96.4,8.6,75.8,0.317,0.273,0.533,0.488,13.8,25.2,0.239,0.482,17.6,78.2,0.204,38.3,86.4,0.444,7.7,23.6,0.327,30.6,62.8,0.487,20.6,27.4,0.753,10.9,32.9,43.8,26.1,10.7,4.8,15.8,21.1,105.0,0.444,11.9,0.727,0.267,0.262,0.11,0.089,0.273,0.487,0.636,0.416,0.414,0.345,0.327,0.635,0.86,0.181,0.3,27.2,63.0,0.431,6.5,20.6,0.313,20.7,42.4,0.488,12.9,16.5,0.779,7.0,24.7,31.7,19.1,7.0,4.6,15.0,18.1,73.6,1086.0,2520.0,0.431,258.0,825.0,0.313,828.0,1695.0,0.488,514.0,660.0,0.779,280.0,989.0,1269.0,764.0,280.0,183.0,599.0,725.0,2944.0,35.6,82.6,0.431,8.5,27.0,0.313,27.1,55.5,0.488,16.8,21.6,0.779,9.2,32.4,41.6,25.0,9.2,6.0,19.6,23.8,96.4,0.431,13.0,0.673,0.207,0.257,0.12,0.089,0.327,0.488,0.66,0.435,0.401,0.362,0.313,0.644,0.895,0.193,0.346
CON,NYL,7,10,68,71,0,0,0,0,1,0,1,1,1,1,1,0,0,0,0,3,1,0,0,0,0,1,0,1,2,0,1,29.3,65.9,0.444,5.9,18.0,0.327,23.4,48.0,0.487,15.7,20.9,0.753,8.4,25.1,33.5,19.9,8.2,3.7,12.1,16.1,80.1,1170,2637,0.444,235,719,0.327,935,1918,0.487,629,835,0.753,334,1004,1338,796,326,146,482,645,3204,28.9,28,12,31,9,6.5,-0.75,5.75,105.0,96.4,8.6,75.8,0.317,0.273,0.533,0.488,13.8,25.2,0.239,0.482,17.6,78.2,0.204,38.3,86.4,0.444,7.7,23.6,0.327,30.6,62.8,0.487,20.6,27.4,0.753,10.9,32.9,43.8,26.1,10.7,4.8,15.8,21.1,105.0,0.444,11.9,0.727,0.267,0.262,0.11,0.089,0.273,0.487,0.636,0.416,0.414,0.345,0.327,0.635,0.86,0.181,0.3,27.2,63.0,0.431,6.5,20.6,0.313,20.7,42.4,0.488,12.9,16.5,0.779,7.0,24.7,31.7,19.1,7.0,4.6,15.0,18.1,73.6,1086.0,2520.0,0.431,258.0,825.0,0.313,828.0,1695.0,0.488,514.0,660.0,0.779,280.0,989.0,1269.0,764.0,280.0,183.0,599.0,725.0,2944.0,35.6,82.6,0.431,8.5,27.0,0.313,27.1,55.5,0.488,16.8,21.6,0.779,9.2,32.4,41.6,25.0,9.2,6.0,19.6,23.8,96.4,0.431,13.0,0.673,0.207,0.257,0.12,0.089,0.327,0.488,0.66,0.435,0.401,0.362,0.313,0.644,0.895,0.193,0.346
CON,PHO,7,14,96,69,0,0,0,0,2,0,1,1,1,1,1,0,0,0,0,3,1,0,0,1,0,2,0,1,2,0,1,29.3,65.9,0.444,5.9,18.0,0.327,23.4,48.0,0.487,15.7,20.9,0.753,8.4,25.1,33.5,19.9,8.2,3.7,12.1,16.1,80.1,1170,2637,0.444,235,719,0.327,935,1918,0.487,629,835,0.753,334,1004,1338,796,326,146,482,645,3204,28.9,28,12,31,9,6.5,-0.75,5.75,105.0,96.4,8.6,75.8,0.317,0.273,0.533,0.488,13.8,25.2,0.239,0.482,17.6,78.2,0.204,38.3,86.4,0.444,7.7,23.6,0.327,30.6,62.8,0.487,20.6,27.4,0.753,10.9,32.9,43.8,26.1,10.7,4.8,15.8,21.1,105.0,0.444,11.9,0.727,0.267,0.262,0.11,0.089,0.273,0.487,0.636,0.416,0.414,0.345,0.327,0.635,0.86,0.181,0.3,27.2,63.0,0.431,6.5,20.6,0.313,20.7,42.4,0.488,12.9,16.5,0.779,7.0,24.7,31.7,19.1,7.0,4.6,15.0,18.1,73.6,1086.0,2520.0,0.431,258.0,825.0,0.313,828.0,1695.0,0.488,514.0,660.0,0.779,280.0,989.0,1269.0,764.0,280.0,183.0,599.0,725.0,2944.0,35.6,82.6,0.431,8.5,27.0,0.313,27.1,55.5,0.488,16.8,21.6,0.779,9.2,32.4,41.6,25.0,9.2,6.0,19.6,23.8,96.4,0.431,13.0,0.673,0.207,0.257,0.12,0.089,0.327,0.488,0.66,0.435,0.401,0.362,0.313,0.644,0.895,0.193,0.346
CON,NYL,7,16,74,82,0,0,0,0,1,0,1,1,1,1,1,0,0,0,0,3,1,0,0,1,0,1,0,1,2,0,1,29.3,65.9,0.444,5.9,18.0,0.327,23.4,48.0,0.487,15.7,20.9,0.753,8.4,25.1,33.5,19.9,8.2,3.7,12.1,16.1,80.1,1170,2637,0.444,235,719,0.327,935,1918,0.487,629,835,0.753,334,1004,1338,796,326,146,482,645,3204,28.9,28,12,31,9,6.5,-0.75,5.75,105.0,96.4,8.6,75.8,0.317,0.273,0.533,0.488,13.8,25.2,0.239,0.482,17.6,78.2,0.204,38.3,86.4,0.444,7.7,23.6,0.327,30.6,62.8,0.487,20.6,27.4,0.753,10.9,32.9,43.8,26.1,10.7,4.8,15.8,21.1,105.0,0.444,11.9,0.727,0.267,0.262,0.11,0.089,0.273,0.487,0.636,0.416,0.414,0.345,0.327,0.635,0.86,0.181,0.3,27.2,63.0,0.431,6.5,20.6,0.313,20.7,42.4,0.488,12.9,16.5,0.779,7.0,24.7,31.7,19.1,7.0,4.6,15.0,18.1,73.6,1086.0,2520.0,0.431,258.0,825.0,0.313,828.0,1695.0,0.488,514.0,660.0,0.779,280.0,989.0,1269.0,764.0,280.0,183.0,599.0,725.0,2944.0,35.6,82.6,0.431,8.5,27.0,0.313,27.1,55.5,0.488,16.8,21.6,0.779,9.2,32.4,41.6,25.0,9.2,6.0,19.6,23.8,96.4,0.431,13.0,0.673,0.207,0.257,0.12,0.089,0.327,0.488,0.66,0.435,0.401,0.362,0.313,0.644,0.895,0.193,0.346
CON,DAL,8,16,109,91,0,1,0,1,1,0,1,1,1,2,1,0,0,0,0,2,1,0,0,2,0,2,1,1,2,0,1,29.3,65.9,0.444,5.9,18.0,0.327,23.4,48.0,0.487,15.7,20.9,0.753,8.4,25.1,33.5,19.9,8.2,3.7,12.1,16.1,80.1,1170,2637,0.444,235,719,0.327,935,1918,0.487,629,835,0.753,334,1004,1338,796,326,146,482,645,3204,28.9,28,12,31,9,6.5,-0.75,5.75,105.0,96.4,8.6,75.8,0.317,0.273,0.533,0.488,13.8,25.2,0.239,0.482,17.6,78.2,0.204,38.3,86.4,0.444,7.7,23.6,0.327,30.6,62.8,0.487,20.6,27.4,0.753,10.9,32.9,43.8,26.1,10.7,4.8,15.8,21.1,105.0,0.444,11.9,0.727,0.267,0.262,0.11,0.089,0.273,0.487,0.636,0.416,0.414,0.345,0.327,0.635,0.86,0.181,0.3,27.2,63.0,0.431,6.5,20.6,0.313,20.7,42.4,0.488,12.9,16.5,0.779,7.0,24.7,31.7,19.1,7.0,4.6,15.0,18.1,73.6,1086.0,2520.0,0.431,258.0,825.0,0.313,828.0,1695.0,0.488,514.0,660.0,0.779,280.0,989.0,1269.0,764.0,280.0,183.0,599.0,725.0,2944.0,35.6,82.6,0.431,8.5,27.0,0.313,27.1,55.5,0.488,16.8,21.6,0.779,9.2,32.4,41.6,25.0,9.2,6.0,19.6,23.8,96.4,0.431,13.0,0.673,0.207,0.257,0.12,0.089,0.327,0.488,0.66,0.435,0.401,0.362,0.313,0.644,0.895,0.193,0.346
CON,ATL,8,18,70,82,0,0,0,1,0,0,1,1,1,2,1,0,0,0,0,3,1,0,0,1,0,1,1,1,2,0,1,29.3,65.9,0.444,5.9,18.0,0.327,23.4,48.0,0.487,15.7,20.9,0.753,8.4,25.1,33.5,19.9,8.2,3.7,12.1,16.1,80.1,1170,2637,0.444,235,719,0.327,935,1918,0.487,629,835,0.753,334,1004,1338,796,326,146,482,645,3204,28.9,28,12,31,9,6.5,-0.75,5.75,105.0,96.4,8.6,75.8,0.317,0.273,0.533,0.488,13.8,25.2,0.239,0.482,17.6,78.2,0.204,38.3,86.4,0.444,7.7,23.6,0.327,30.6,62.8,0.487,20.6,27.4,0.753,10.9,32.9,43.8,26.1,10.7,4.8,15.8,21.1,105.0,0.444,11.9,0.727,0.267,0.262,0.11,0.089,0.273,0.487,0.636,0.416,0.414,0.345,0.327,0.635,0.86,0.181,0.3,27.2,63.0,0.431,6.5,20.6,0.313,20.7,42.4,0.488,12.9,16.5,0.779,7.0,24.7,31.7,19.1,7.0,4.6,15.0,18.1,73.6,1086.0,2520.0,0.431,258.0,825.0,0.313,828.0,1695.0,0.488,514.0,660.0,0.779,280.0,989.0,1269.0,764.0,280.0,183.0,599.0,725.0,2944.0,35.6,82.6,0.431,8.5,27.0,0.313,27.1,55.5,0.488,16.8,21.6,0.779,9.2,32.4,41.6,25.0,9.2,6.0,19.6,23.8,96.4,0.431,13.0,0.673,0.207,0.257,0.12,0.089,0.327,0.488,0.66,0.435,0.401,0.362,0.313,0.644,0.895,0.193,0.346
CON,LAS,8,20,69,61,0,1,0,1,1,0,1,1,1,2,1,0,0,0,0,3,1,0,0,2,0,2,1,1,2,0,1,29.3,65.9,0.444,5.9,18.0,0.327,23.4,48.0,0.487,15.7,20.9,0.753,8.4,25.1,33.5,19.9,8.2,3.7,12.1,16.1,80.1,1170,2637,0.444,235,719,0.327,935,1918,0.487,629,835,0.753,334,1004,1338,796,326,146,482,645,3204,28.9,28,12,31,9,6.5,-0.75,5.75,105.0,96.4,8.6,75.8,0.317,0.273,0.533,0.488,13.8,25.2,0.239,0.482,17.6,78.2,0.204,38.3,86.4,0.444,7.7,23.6,0.327,30.6,62.8,0.487,20.6,27.4,0.753,10.9,32.9,43.8,26.1,10.7,4.8,15.8,21.1,105.0,0.444,11.9,0.727,0.267,0.262,0.11,0.089,0.273,0.487,0.636,0.416,0.414,0.345,0.327,0.635,0.86,0.181,0.3,27.2,63.0,0.431,6.5,20.6,0.313,20.7,42.4,0.488,12.9,16.5,0.779,7.0,24.7,31.7,19.1,7.0,4.6,15.0,18.1,73.6,1086.0,2520.0,0.431,258.0,825.0,0.313,828.0,1695.0,0.488,514.0,660.0,0.779,280.0,989.0,1269.0,764.0,280.0,183.0,599.0,725.0,2944.0,35.6,82.6,0.431,8.5,27.0,0.313,27.1,55.5,0.488,16.8,21.6,0.779,9.2,32.4,41.6,25.0,9.2,6.0,19.6,23.8,96.4,0.431,13.0,0.673,0.207,0.257,0.12,0.089,0.327,0.488,0.66,0.435,0.401,0.362,0.313,0.644,0.895,0.193,0.346
CON,CHI,8,23,82,80,0,0,0,1,0,0,1,1,1,2,1,0,0,0,0,3,1,0,0,1,0,1,1,1,2,0,1,29.3,65.9,0.444,5.9,18.0,0.327,23.4,48.0,0.487,15.7,20.9,0.753,8.4,25.1,33.5,19.9,8.2,3.7,12.1,16.1,80.1,1170,2637,0.444,235,719,0.327,935,1918,0.487,629,835,0.753,334,1004,1338,796,326,146,482,645,3204,28.9,28,12,31,9,6.5,-0.75,5.75,105.0,96.4,8.6,75.8,0.317,0.273,0.533,0.488,13.8,25.2,0.239,0.482,17.6,78.2,0.204,38.3,86.4,0.444,7.7,23.6,0.327,30.6,62.8,0.487,20.6,27.4,0.753,10.9,32.9,43.8,26.1,10.7,4.8,15.8,21.1,105.0,0.444,11.9,0.727,0.267,0.262,0.11,0.089,0.273,0.487,0.636,0.416,0.414,0.345,0.327,0.635,0.86,0.181,0.3,27.2,63.0,0.431,6.5,20.6,0.313,20.7,42.4,0.488,12.9,16.5,0.779,7.0,24.7,31.7,19.1,7.0,4.6,15.0,18.1,73.6,1086.0,2520.0,0.431,258.0,825.0,0.313,828.0,1695.0,0.488,514.0,660.0,0.779,280.0,989.0,1269.0,764.0,280.0,183.0,599.0,725.0,2944.0,35.6,82.6,0.431,8.5,27.0,0.313,27.1,55.5,0.488,16.8,21.6,0.779,9.2,32.4,41.6,25.0,9.2,6.0,19.6,23.8,96.4,0.431,13.0,0.673,0.207,0.257,0.12,0.089,0.327,0.488,0.66,0.435,0.401,0.362,0.313,0.644,0.895,0.193,0.346
CON,NYL,8,24,72,64,0,0,0,1,0,0,1,1,1,2,1,0,0,0,0,3,1,0,0,1,0,1,1,1,2,0,1,29.3,65.9,0.444,5.9,18.0,0.327,23.4,48.0,0.487,15.7,20.9,0.753,8.4,25.1,33.5,19.9,8.2,3.7,12.1,16.1,80.1,1170,2637,0.444,235,719,0.327,935,1918,0.487,629,835,0.753,334,1004,1338,796,326,146,482,645,3204,28.9,28,12,31,9,6.5,-0.75,5.75,105.0,96.4,8.6,75.8,0.317,0.273,0.533,0.488,13.8,25.2,0.239,0.482,17.6,78.2,0.204,38.3,86.4,0.444,7.7,23.6,0.327,30.6,62.8,0.487,20.6,27.4,0.753,10.9,32.9,43.8,26.1,10.7,4.8,15.8,21.1,105.0,0.444,11.9,0.727,0.267,0.262,0.11,0.089,0.273,0.487,0.636,0.416,0.414,0.345,0.327,0.635,0.86,0.181,0.3,27.2,63.0,0.431,6.5,20.6,0.313,20.7,42.4,0.488,12.9,16.5,0.779,7.0,24.7,31.7,19.1,7.0,4.6,15.0,18.1,73.6,1086.0,2520.0,0.431,258.0,825.0,0.313,828.0,1695.0,0.488,514.0,660.0,0.779,280.0,989.0,1269.0,764.0,280.0,183.0,599.0,725.0,2944.0,35.6,82.6,0.431,8.5,27.0,0.313,27.1,55.5,0.488,16.8,21.6,0.779,9.2,32.4,41.6,25.0,9.2,6.0,19.6,23.8,96.4,0.431,13.0,0.673,0.207,0.257,0.12,0.089,0.327,0.488,0.66,0.435,0.401,0.362,0.313,0.644,0.895,0.193,0.346
CON,IND,8,28,80,84,0,0,0,1,0,0,1,1,1,2,1,0,0,0,0,3,1,0,0,1,0,1,1,1,2,0,1,29.3,65.9,0.444,5.9,18.0,0.327,23.4,48.0,0.487,15.7,20.9,0.753,8.4,25.1,33.5,19.9,8.2,3.7,12.1,16.1,80.1,1170,2637,0.444,235,719,0.327,935,1918,0.487,629,835,0.753,334,1004,1338,796,326,146,482,645,3204,28.9,28,12,31,9,6.5,-0.75,5.75,105.0,96.4,8.6,75.8,0.317,0.273,0.533,0.488,13.8,25.2,0.239,0.482,17.6,78.2,0.204,38.3,86.4,0.444,7.7,23.6,0.327,30.6,62.8,0.487,20.6,27.4,0.753,10.9,32.9,43.8,26.1,10.7,4.8,15.8,21.1,105.0,0.444,11.9,0.727,0.267,0.262,0.11,0.089,0.273,0.487,0.636,0.416,0.414,0.345,0.327,0.635,0.86,0.181,0.3,27.2,63.0,0.431,6.5,20.6,0.313,20.7,42.4,0.488,12.9,16.5,0.779,7.0,24.7,31.7,19.1,7.0,4.6,15.0,18.1,73.6,1086.0,2520.0,0.431,258.0,825.0,0.313,828.0,1695.0,0.488,514.0,660.0,0.779,280.0,989.0,1269.0,764.0,280.0,183.0,599.0,725.0,2944.0,35.6,82.6,0.431,8.5,27.0,0.313,27.1,55.5,0.488,16.8,21.6,0.779,9.2,32.4,41.6,25.0,9.2,6.0,19.6,23.8,96.4,0.431,13.0,0.673,0.207,0.257,0.12,0.089,0.327,0.488,0.66,0.435,0.401,0.362,0.313,0.644,0.895,0.193,0.346
CON,WAS,8,31,96,85,0,0,0,1,1,0,1,1,1,2,1,0,0,0,0,3,1,0,0,1,0,2,1,1,2,0,1,29.3,65.9,0.444,5.9,18.0,0.327,23.4,48.0,0.487,15.7,20.9,0.753,8.4,25.1,33.5,19.9,8.2,3.7,12.1,16.1,80.1,1170,2637,0.444,235,719,0.327,935,1918,0.487,629,835,0.753,334,1004,1338,796,326,146,482,645,3204,28.9,28,12,31,9,6.5,-0.75,5.75,105.0,96.4,8.6,75.8,0.317,0.273,0.533,0.488,13.8,25.2,0.239,0.482,17.6,78.2,0.204,38.3,86.4,0.444,7.7,23.6,0.327,30.6,62.8,0.487,20.6,27.4,0.753,10.9,32.9,43.8,26.1,10.7,4.8,15.8,21.1,105.0,0.444,11.9,0.727,0.267,0.262,0.11,0.089,0.273,0.487,0.636,0.416,0.414,0.345,0.327,0.635,0.86,0.181,0.3,27.2,63.0,0.431,6.5,20.6,0.313,20.7,42.4,0.488,12.9,16.5,0.779,7.0,24.7,31.7,19.1,7.0,4.6,15.0,18.1,73.6,1086.0,2520.0,0.431,258.0,825.0,0.313,828.0,1695.0,0.488,514.0,660.0,0.779,280.0,989.0,1269.0,764.0,280.0,183.0,599.0,725.0,2944.0,35.6,82.6,0.431,8.5,27.0,0.313,27.1,55.5,0.488,16.8,21.6,0.779,9.2,32.4,41.6,25.0,9.2,6.0,19.6,23.8,96.4,0.431,13.0,0.673,0.207,0.257,0.12,0.089,0.327,0.488,0.66,0.435,0.401,0.362,0.313,0.644,0.895,0.193,0.346
CON,SEA,9,1,93,86,0,0,0,1,0,0,1,1,1,2,1,0,0,0,0,3,1,0,0,1,0,1,1,1,2,0,1,29.3,65.9,0.444,5.9,18.0,0.327,23.4,48.0,0.487,15.7,20.9,0.753,8.4,25.1,33.5,19.9,8.2,3.7,12.1,16.1,80.1,1170,2637,0.444,235,719,0.327,935,1918,0.487,629,835,0.753,334,1004,1338,796,326,146,482,645,3204,28.9,28,12,31,9,6.5,-0.75,5.75,105.0,96.4,8.6,75.8,0.317,0.273,0.533,0.488,13.8,25.2,0.239,0.482,17.6,78.2,0.204,38.3,86.4,0.444,7.7,23.6,0.327,30.6,62.8,0.487,20.6,27.4,0.753,10.9,32.9,43.8,26.1,10.7,4.8,15.8,21.1,105.0,0.444,11.9,0.727,0.267,0.262,0.11,0.089,0.273,0.487,0.636,0.416,0.414,0.345,0.327,0.635,0.86,0.181,0.3,27.2,63.0,0.431,6.5,20.6,0.313,20.7,42.4,0.488,12.9,16.5,0.779,7.0,24.7,31.7,19.1,7.0,4.6,15.0,18.1,73.6,1086.0,2520.0,0.431,258.0,825.0,0.313,828.0,1695.0,0.488,514.0,660.0,0.779,280.0,989.0,1269.0,764.0,280.0,183.0,599.0,725.0,2944.0,35.6,82.6,0.431,8.5,27.0,0.313,27.1,55.5,0.488,16.8,21.6,0.779,9.2,32.4,41.6,25.0,9.2,6.0,19.6,23.8,96.4,0.431,13.0,0.673,0.207,0.257,0.12,0.089,0.327,0.488,0.66,0.435,0.401,0.362,0.313,0.644,0.895,0.193,0.346
CON,SEA,9,3,64,71,0,0,0,1,0,0,1,1,1,2,1,0,0,0,0,3,1,0,0,1,0,1,1,1,2,0,1,29.3,65.9,0.444,5.9,18.0,0.327,23.4,48.0,0.487,15.7,20.9,0.753,8.4,25.1,33.5,19.9,8.2,3.7,12.1,16.1,80.1,1170,2637,0.444,235,719,0.327,935,1918,0.487,629,835,0.753,334,1004,1338,796,326,146,482,645,3204,28.9,28,12,31,9,6.5,-0.75,5.75,105.0,96.4,8.6,75.8,0.317,0.273,0.533,0.488,13.8,25.2,0.239,0.482,17.6,78.2,0.204,38.3,86.4,0.444,7.7,23.6,0.327,30.6,62.8,0.487,20.6,27.4,0.753,10.9,32.9,43.8,26.1,10.7,4.8,15.8,21.1,105.0,0.444,11.9,0.727,0.267,0.262,0.11,0.089,0.273,0.487,0.636,0.416,0.414,0.345,0.327,0.635,0.86,0.181,0.3,27.2,63.0,0.431,6.5,20.6,0.313,20.7,42.4,0.488,12.9,16.5,0.779,7.0,24.7,31.7,19.1,7.0,4.6,15.0,18.1,73.6,1086.0,2520.0,0.431,258.0,825.0,0.313,828.0,1695.0,0.488,514.0,660.0,0.779,280.0,989.0,1269.0,764.0,280.0,183.0,599.0,725.0,2944.0,35.6,82.6,0.431,8.5,27.0,0.313,27.1,55.5,0.488,16.8,21.6,0.779,9.2,32.4,41.6,25.0,9.2,6.0,19.6,23.8,96.4,0.431,13.0,0.673,0.207,0.257,0.12,0.089,0.327,0.488,0.66,0.435,0.401,0.362,0.313,0.644,0.895,0.193,0.346
CON,LVA,9,6,67,72,0,0,0,1,0,0,1,1,1,2,1,0,0,0,0,3,1,0,0,1,0,1,1,1,2,0,1,29.3,65.9,0.444,5.9,18.0,0.327,23.4,48.0,0.487,15.7,20.9,0.753,8.4,25.1,33.5,19.9,8.2,3.7,12.1,16.1,80.1,1170,2637,0.444,235,719,0.327,935,1918,0.487,629,835,0.753,334,1004,1338,796,326,146,482,645,3204,28.9,28,12,31,9,6.5,-0.75,5.75,105.0,96.4,8.6,75.8,0.317,0.273,0.533,0.488,13.8,25.2,0.239,0.482,17.6,78.2,0.204,38.3,86.4,0.444,7.7,23.6,0.327,30.6,62.8,0.487,20.6,27.4,0.753,10.9,32.9,43.8,26.1,10.7,4.8,15.8,21.1,105.0,0.444,11.9,0.727,0.267,0.262,0.11,0.089,0.273,0.487,0.636,0.416,0.414,0.345,0.327,0.635,0.86,0.181,0.3,27.2,63.0,0.431,6.5,20.6,0.313,20.7,42.4,0.488,12.9,16.5,0.779,7.0,24.7,31.7,19.1,7.0,4.6,15.0,18.1,73.6,1086.0,2520.0,0.431,258.0,825.0,0.313,828.0,1695.0,0.488,514.0,660.0,0.779,280.0,989.0,1269.0,764.0,280.0,183.0,599.0,725.0,2944.0,35.6,82.6,0.431,8.5,27.0,0.313,27.1,55.5,0.488,16.8,21.6,0.779,9.2,32.4,41.6,25.0,9.2,6.0,19.6,23.8,96.4,0.431,13.0,0.673,0.207,0.257,0.12,0.089,0.327,0.488,0.66,0.435,0.401,0.362,0.313,0.644,0.895,0.193,0.346
CON,LAS,9,8,79,67,0,0,0,1,1,0,1,1,1,2,1,0,0,0,0,3,1,0,0,1,0,2,1,1,2,0,1,29.3,65.9,0.444,5.9,18.0,0.327,23.4,48.0,0.487,15.7,20.9,0.753,8.4,25.1,33.5,19.9,8.2,3.7,12.1,16.1,80.1,1170,2637,0.444,235,719,0.327,935,1918,0.487,629,835,0.753,334,1004,1338,796,326,146,482,645,3204,28.9,28,12,31,9,6.5,-0.75,5.75,105.0,96.4,8.6,75.8,0.317,0.273,0.533,0.488,13.8,25.2,0.239,0.482,17.6,78.2,0.204,38.3,86.4,0.444,7.7,23.6,0.327,30.6,62.8,0.487,20.6,27.4,0.753,10.9,32.9,43.8,26.1,10.7,4.8,15.8,21.1,105.0,0.444,11.9,0.727,0.267,0.262,0.11,0.089,0.273,0.487,0.636,0.416,0.414,0.345,0.327,0.635,0.86,0.181,0.3,27.2,63.0,0.431,6.5,20.6,0.313,20.7,42.4,0.488,12.9,16.5,0.779,7.0,24.7,31.7,19.1,7.0,4.6,15.0,18.1,73.6,1086.0,2520.0,0.431,258.0,825.0,0.313,828.0,1695.0,0.488,514.0,660.0,0.779,280.0,989.0,1269.0,764.0,280.0,183.0,599.0,725.0,2944.0,35.6,82.6,0.431,8.5,27.0,0.313,27.1,55.5,0.488,16.8,21.6,0.779,9.2,32.4,41.6,25.0,9.2,6.0,19.6,23.8,96.4,0.431,13.0,0.673,0.207,0.257,0.12,0.089,0.327,0.488,0.66,0.435,0.401,0.362,0.313,0.644,0.895,0.193,0.346
CON,LAS,9,10,86,66,0,0,0,1,1,0,1,1,1,2,1,0,0,0,0,3,1,0,0,1,0,2,1,1,2,0,1,29.3,65.9,0.444,5.9,18.0,0.327,23.4,48.0,0.487,15.7,20.9,0.753,8.4,25.1,33.5,19.9,8.2,3.7,12.1,16.1,80.1,1170,2637,0.444,235,719,0.327,935,1918,0.487,629,835,0.753,334,1004,1338,796,326,146,482,645,3204,28.9,28,12,31,9,6.5,-0.75,5.75,105.0,96.4,8.6,75.8,0.317,0.273,0.533,0.488,13.8,25.2,0.239,0.482,17.6,78.2,0.204,38.3,86.4,0.444,7.7,23.6,0.327,30.6,62.8,0.487,20.6,27.4,0.753,10.9,32.9,43.8,26.1,10.7,4.8,15.8,21.1,105.0,0.444,11.9,0.727,0.267,0.262,0.11,0.089,0.273,0.487,0.636,0.416,0.414,0.345,0.327,0.635,0.86,0.181,0.3,27.2,63.0,0.431,6.5,20.6,0.313,20.7,42.4,0.488,12.9,16.5,0.779,7.0,24.7,31.7,19.1,7.0,4.6,15.0,18.1,73.6,1086.0,2520.0,0.431,258.0,825.0,0.313,828.0,1695.0,0.488,514.0,660.0,0.779,280.0,989.0,1269.0,764.0,280.0,183.0,599.0,725.0,2944.0,35.6,82.6,0.431,8.5,27.0,0.313,27.1,55.5,0.488,16.8,21.6,0.779,9.2,32.4,41.6,25.0,9.2,6.0,19.6,23.8,96.4,0.431,13.0,0.673,0.207,0.257,0.12,0.089,0.327,0.488,0.66,0.435,0.401,0.362,0.313,0.644,0.895,0.193,0.346
CON,PHO,9,13,88,69,0,0,0,1,1,0,1,1,1,2,1,0,0,0,0,3,1,0,0,1,0,2,1,1,2,0,1,29.3,65.9,0.444,5.9,18.0,0.327,23.4,48.0,0.487,15.7,20.9,0.753,8.4,25.1,33.5,19.9,8.2,3.7,12.1,16.1,80.1,1170,2637,0.444,235,719,0.327,935,1918,0.487,629,835,0.753,334,1004,1338,796,326,146,482,645,3204,28.9,28,12,31,9,6.5,-0.75,5.75,105.0,96.4,8.6,75.8,0.317,0.273,0.533,0.488,13.8,25.2,0.239,0.482,17.6,78.2,0.204,38.3,86.4,0.444,7.7,23.6,0.327,30.6,62.8,0.487,20.6,27.4,0.753,10.9,32.9,43.8,26.1,10.7,4.8,15.8,21.1,105.0,0.444,11.9,0.727,0.267,0.262,0.11,0.089,0.273,0.487,0.636,0.416,0.414,0.345,0.327,0.635,0.86,0.181,0.3,27.2,63.0,0.431,6.5,20.6,0.313,20.7,42.4,0.488,12.9,16.5,0.779,7.0,24.7,31.7,19.1,7.0,4.6,15.0,18.1,73.6,1086.0,2520.0,0.431,258.0,825.0,0.313,828.0,1695.0,0.488,514.0,660.0,0.779,280.0,989.0,1269.0,764.0,280.0,183.0,599.0,725.0,2944.0,35.6,82.6,0.431,8.5,27.0,0.313,27.1,55.5,0.488,16.8,21.6,0.779,9.2,32.4,41.6,25.0,9.2,6.0,19.6,23.8,96.4,0.431,13.0,0.673,0.207,0.257,0.12,0.089,0.327,0.488,0.66,0.435,0.401,0.362,0.313,0.644,0.895,0.193,0.346
CON,LVA,9,15,71,84,0,0,0,1,1,0,1,1,1,2,1,0,0,0,0,3,1,0,0,1,0,2,1,1,2,0,1,29.3,65.9,0.444,5.9,18.0,0.327,23.4,48.0,0.487,15.7,20.9,0.753,8.4,25.1,33.5,19.9,8.2,3.7,12.1,16.1,80.1,1170,2637,0.444,235,719,0.327,935,1918,0.487,629,835,0.753,334,1004,1338,796,326,146,482,645,3204,28.9,28,12,31,9,6.5,-0.75,5.75,105.0,96.4,8.6,75.8,0.317,0.273,0.533,0.488,13.8,25.2,0.239,0.482,17.6,78.2,0.204,38.3,86.4,0.444,7.7,23.6,0.327,30.6,62.8,0.487,20.6,27.4,0.753,10.9,32.9,43.8,26.1,10.7,4.8,15.8,21.1,105.0,0.444,11.9,0.727,0.267,0.262,0.11,0.089,0.273,0.487,0.636,0.416,0.414,0.345,0.327,0.635,0.86,0.181,0.3,27.2,63.0,0.431,6.5,20.6,0.313,20.7,42.4,0.488,12.9,16.5,0.779,7.0,24.7,31.7,19.1,7.0,4.6,15.0,18.1,73.6,1086.0,2520.0,0.431,258.0,825.0,0.313,828.0,1695.0,0.488,514.0,660.0,0.779,280.0,989.0,1269.0,764.0,280.0,183.0,599.0,725.0,2944.0,35.6,82.6,0.431,8.5,27.0,0.313,27.1,55.5,0.488,16.8,21.6,0.779,9.2,32.4,41.6,25.0,9.2,6.0,19.6,23.8,96.4,0.431,13.0,0.673,0.207,0.257,0.12,0.089,0.327,0.488,0.66,0.435,0.401,0.362,0.313,0.644,0.895,0.193,0.346
CON,MIN,9,17,76,78,0,0,0,1,0,0,1,1,1,2,1,0,0,0,0,3,1,0,0,1,0,1,1,1,2,0,1,29.3,65.9,0.444,5.9,18.0,0.327,23.4,48.0,0.487,15.7,20.9,0.753,8.4,25.1,33.5,19.9,8.2,3.7,12.1,16.1,80.1,1170,2637,0.444,235,719,0.327,935,1918,0.487,629,835,0.753,334,1004,1338,796,326,146,482,645,3204,28.9,28,12,31,9,6.5,-0.75,5.75,105.0,96.4,8.6,75.8,0.317,0.273,0.533,0.488,13.8,25.2,0.239,0.482,17.6,78.2,0.204,38.3,86.4,0.444,7.7,23.6,0.327,30.6,62.8,0.487,20.6,27.4,0.753,10.9,32.9,43.8,26.1,10.7,4.8,15.8,21.1,105.0,0.444,11.9,0.727,0.267,0.262,0.11,0.089,0.273,0.487,0.636,0.416,0.414,0.345,0.327,0.635,0.86,0.181,0.3,27.2,63.0,0.431,6.5,20.6,0.313,20.7,42.4,0.488,12.9,16.5,0.779,7.0,24.7,31.7,19.1,7.0,4.6,15.0,18.1,73.6,1086.0,2520.0,0.431,258.0,825.0,0.313,828.0,1695.0,0.488,514.0,660.0,0.779,280.0,989.0,1269.0,764.0,280.0,183.0,599.0,725.0,2944.0,35.6,82.6,0.431,8.5,27.0,0.313,27.1,55.5,0.488,16.8,21.6,0.779,9.2,32.4,41.6,25.0,9.2,6.0,19.6,23.8,96.4,0.431,13.0,0.673,0.207,0.257,0.12,0.089,0.327,0.488,0.66,0.435,0.401,0.362,0.313,0.644,0.895,0.193,0.346
CON,CHI,9,19,87,54,0,0,0,1,1,0,1,1,1,2,1,0,0,0,0,3,1,0,0,1,0,2,1,1,2,0,1,29.3,65.9,0.444,5.9,18.0,0.327,23.4,48.0,0.487,15.7,20.9,0.753,8.4,25.1,33.5,19.9,8.2,3.7,12.1,16.1,80.1,1170,2637,0.444,235,719,0.327,935,1918,0.487,629,835,0.753,334,1004,1338,796,326,146,482,645,3204,28.9,28,12,31,9,6.5,-0.75,5.75,105.0,96.4,8.6,75.8,0.317,0.273,0.533,0.488,13.8,25.2,0.239,0.482,17.6,78.2,0.204,38.3,86.4,0.444,7.7,23.6,0.327,30.6,62.8,0.487,20.6,27.4,0.753,10.9,32.9,43.8,26.1,10.7,4.8,15.8,21.1,105.0,0.444,11.9,0.727,0.267,0.262,0.11,0.089,0.273,0.487,0.636,0.416,0.414,0.345,0.327,0.635,0.86,0.181,0.3,27.2,63.0,0.431,6.5,20.6,0.313,20.7,42.4,0.488,12.9,16.5,0.779,7.0,24.7,31.7,19.1,7.0,4.6,15.0,18.1,73.6,1086.0,2520.0,0.431,258.0,825.0,0.313,828.0,1695.0,0.488,514.0,660.0,0.779,280.0,989.0,1269.0,764.0,280.0,183.0,599.0,725.0,2944.0,35.6,82.6,0.431,8.5,27.0,0.313,27.1,55.5,0.488,16.8,21.6,0.779,9.2,32.4,41.6,25.0,9.2,6.0,19.6,23.8,96.4,0.431,13.0,0.673,0.207,0.257,0.12,0.089,0.327,0.488,0.66,0.435,0.401,0.362,0.313,0.644,0.895,0.193,0.346
DAL,CHI,5,15,87,79,1,0,2,1,1,2,0,0,0,2,0,0,1,0,1,0,1,2,0,1,1,0,1,0,0,1,1,31.7,71.0,0.446,6.3,19.2,0.326,25.4,51.9,0.49,14.7,18.7,0.786,10.5,24.3,34.8,20.4,7.1,4.0,14.8,18.5,84.2,1266,2841,0.446,250,767,0.326,1016,2074,0.49,586,746,0.786,419,971,1390,817,285,158,593,739,3368,26.8,9,31,9,31,-7.93,0.75,-7.18,104.2,114.0,-9.8,80.1,0.263,0.27,0.531,0.49,15.8,30.2,0.206,0.536,13.8,73.4,0.236,39.2,87.9,0.446,7.7,23.7,0.326,31.4,64.2,0.49,18.1,23.1,0.786,13.0,30.0,43.0,25.3,8.8,4.9,18.3,22.9,104.2,0.446,12.3,0.73,0.242,0.25,0.13,0.108,0.27,0.49,0.668,0.443,0.337,0.383,0.326,0.614,0.772,0.149,0.333,33.5,70.5,0.475,8.6,23.4,0.365,24.9,47.1,0.53,16.6,20.6,0.806,8.8,24.3,33.0,23.1,8.0,4.6,12.8,17.5,92.1,1339.0,2819.0,0.475,342.0,937.0,0.365,997.0,1882.0,0.53,665.0,825.0,0.806,351.0,970.0,1321.0,925.0,320.0,182.0,511.0,699.0,3685.0,41.4,87.2,0.475,10.6,29.0,0.365,30.8,58.2,0.53,20.6,25.5,0.806,10.9,30.0,40.9,28.6,9.9,5.6,15.8,21.6,114.0,0.475,13.0,0.668,0.232,0.236,0.106,0.093,0.332,0.53,0.705,0.468,0.4,0.397,0.365,0.62,0.898,0.197,0.357
DAL,CHI,5,18,74,83,1,0,1,1,0,1,0,0,0,1,0,0,0,0,1,0,1,2,0,1,1,0,1,0,0,1,1,31.7,71.0,0.446,6.3,19.2,0.326,25.4,51.9,0.49,14.7,18.7,0.786,10.5,24.3,34.8,20.4,7.1,4.0,14.8,18.5,84.2,1266,2841,0.446,250,767,0.326,1016,2074,0.49,586,746,0.786,419,971,1390,817,285,158,593,739,3368,26.8,9,31,9,31,-7.93,0.75,-7.18,104.2,114.0,-9.8,80.1,0.263,0.27,0.531,0.49,15.8,30.2,0.206,0.536,13.8,73.4,0.236,39.2,87.9,0.446,7.7,23.7,0.326,31.4,64.2,0.49,18.1,23.1,0.786,13.0,30.0,43.0,25.3,8.8,4.9,18.3,22.9,104.2,0.446,12.3,0.73,0.242,0.25,0.13,0.108,0.27,0.49,0.668,0.443,0.337,0.383,0.326,0.614,0.772,0.149,0.333,33.5,70.5,0.475,8.6,23.4,0.365,24.9,47.1,0.53,16.6,20.6,0.806,8.8,24.3,33.0,23.1,8.0,4.6,12.8,17.5,92.1,1339.0,2819.0,0.475,342.0,937.0,0.365,997.0,1882.0,0.53,665.0,825.0,0.806,351.0,970.0,1321.0,925.0,320.0,182.0,511.0,699.0,3685.0,41.4,87.2,0.475,10.6,29.0,0.365,30.8,58.2,0.53,20.6,25.5,0.806,10.9,30.0,40.9,28.6,9.9,5.6,15.8,21.6,114.0,0.475,13.0,0.668,0.232,0.236,0.106,0.093,0.332,0.53,0.705,0.468,0.4,0.397,0.365,0.62,0.898,0.197,0.357
DAL,ATL,5,21,78,83,1,0,1,1,0,1,0,0,0,1,0,0,0,0,1,0,1,2,0,1,1,0,1,0,0,1,1,31.7,71.0,0.446,6.3,19.2,0.326,25.4,51.9,0.49,14.7,18.7,0.786,10.5,24.3,34.8,20.4,7.1,4.0,14.8,18.5,84.2,1266,2841,0.446,250,767,0.326,1016,2074,0.49,586,746,0.786,419,971,1390,817,285,158,593,739,3368,26.8,9,31,9,31,-7.93,0.75,-7.18,104.2,114.0,-9.8,80.1,0.263,0.27,0.531,0.49,15.8,30.2,0.206,0.536,13.8,73.4,0.236,39.2,87.9,0.446,7.7,23.7,0.326,31.4,64.2,0.49,18.1,23.1,0.786,13.0,30.0,43.0,25.3,8.8,4.9,18.3,22.9,104.2,0.446,12.3,0.73,0.242,0.25,0.13,0.108,0.27,0.49,0.668,0.443,0.337,0.383,0.326,0.614,0.772,0.149,0.333,33.5,70.5,0.475,8.6,23.4,0.365,24.9,47.1,0.53,16.6,20.6,0.806,8.8,24.3,33.0,23.1,8.0,4.6,12.8,17.5,92.1,1339.0,2819.0,0.475,342.0,937.0,0.365,997.0,1882.0,0.53,665.0,825.0,0.806,351.0,970.0,1321.0,925.0,320.0,182.0,511.0,699.0,3685.0,41.4,87.2,0.475,10.6,29.0,0.365,30.8,58.2,0.53,20.6,25.5,0.806,10.9,30.0,40.9,28.6,9.9,5.6,15.8,21.6,114.0,0.475,13.0,0.668,0.232,0.236,0.106,0.093,0.332,0.53,0.705,0.468,0.4,0.397,0.365,0.62,0.898,0.197,0.357
DAL,PHO,5,25,107,92,1,0,1,1,0,1,0,0,0,1,0,0,0,0,1,0,1,2,0,1,1,0,1,0,0,1,1,31.7,71.0,0.446,6.3,19.2,0.326,25.4,51.9,0.49,14.7,18.7,0.786,10.5,24.3,34.8,20.4,7.1,4.0,14.8,18.5,84.2,1266,2841,0.446,250,767,0.326,1016,2074,0.49,586,746,0.786,419,971,1390,817,285,158,593,739,3368,26.8,9,31,9,31,-7.93,0.75,-7.18,104.2,114.0,-9.8,80.1,0.263,0.27,0.531,0.49,15.8,30.2,0.206,0.536,13.8,73.4,0.236,39.2,87.9,0.446,7.7,23.7,0.326,31.4,64.2,0.49,18.1,23.1,0.786,13.0,30.0,43.0,25.3,8.8,4.9,18.3,22.9,104.2,0.446,12.3,0.73,0.242,0.25,0.13,0.108,0.27,0.49,0.668,0.443,0.337,0.383,0.326,0.614,0.772,0.149,0.333,33.5,70.5,0.475,8.6,23.4,0.365,24.9,47.1,0.53,16.6,20.6,0.806,8.8,24.3,33.0,23.1,8.0,4.6,12.8,17.5,92.1,1339.0,2819.0,0.475,342.0,937.0,0.365,997.0,1882.0,0.53,665.0,825.0,0.806,351.0,970.0,1321.0,925.0,320.0,182.0,511.0,699.0,3685.0,41.4,87.2,0.475,10.6,29.0,0.365,30.8,58.2,0.53,20.6,25.5,0.806,10.9,30.0,40.9,28.6,9.9,5.6,15.8,21.6,114.0,0.475,13.0,0.668,0.232,0.236,0.106,0.093,0.332,0.53,0.705,0.468,0.4,0.397,0.365,0.62,0.898,0.197,0.357
DAL,LAS,5,26,84,83,1,0,1,1,0,1,0,0,0,1,0,0,0,0,1,0,1,2,0,1,1,0,1,0,0,1,1,31.7,71.0,0.446,6.3,19.2,0.326,25.4,51.9,0.49,14.7,18.7,0.786,10.5,24.3,34.8,20.4,7.1,4.0,14.8,18.5,84.2,1266,2841,0.446,250,767,0.326,1016,2074,0.49,586,746,0.786,419,971,1390,817,285,158,593,739,3368,26.8,9,31,9,31,-7.93,0.75,-7.18,104.2,114.0,-9.8,80.1,0.263,0.27,0.531,0.49,15.8,30.2,0.206,0.536,13.8,73.4,0.236,39.2,87.9,0.446,7.7,23.7,0.326,31.4,64.2,0.49,18.1,23.1,0.786,13.0,30.0,43.0,25.3,8.8,4.9,18.3,22.9,104.2,0.446,12.3,0.73,0.242,0.25,0.13,0.108,0.27,0.49,0.668,0.443,0.337,0.383,0.326,0.614,0.772,0.149,0.333,33.5,70.5,0.475,8.6,23.4,0.365,24.9,47.1,0.53,16.6,20.6,0.806,8.8,24.3,33.0,23.1,8.0,4.6,12.8,17.5,92.1,1339.0,2819.0,0.475,342.0,937.0,0.365,997.0,1882.0,0.53,665.0,825.0,0.806,351.0,970.0,1321.0,925.0,320.0,182.0,511.0,699.0,3685.0,41.4,87.2,0.475,10.6,29.0,0.365,30.8,58.2,0.53,20.6,25.5,0.806,10.9,30.0,40.9,28.6,9.9,5.6,15.8,21.6,114.0,0.475,13.0,0.668,0.232,0.236,0.106,0.093,0.332,0.53,0.705,0.468,0.4,0.397,0.365,0.62,0.898,0.197,0.357
DAL,CON,5,31,72,74,1,0,1,1,0,1,0,0,0,1,0,0,0,0,1,0,1,2,0,1,1,0,1,0,0,1,1,31.7,71.0,0.446,6.3,19.2,0.326,25.4,51.9,0.49,14.7,18.7,0.786,10.5,24.3,34.8,20.4,7.1,4.0,14.8,18.5,84.2,1266,2841,0.446,250,767,0.326,1016,2074,0.49,586,746,0.786,419,971,1390,817,285,158,593,739,3368,26.8,9,31,9,31,-7.93,0.75,-7.18,104.2,114.0,-9.8,80.1,0.263,0.27,0.531,0.49,15.8,30.2,0.206,0.536,13.8,73.4,0.236,39.2,87.9,0.446,7.7,23.7,0.326,31.4,64.2,0.49,18.1,23.1,0.786,13.0,30.0,43.0,25.3,8.8,4.9,18.3,22.9,104.2,0.446,12.3,0.73,0.242,0.25,0.13,0.108,0.27,0.49,0.668,0.443,0.337,0.383,0.326,0.614,0.772,0.149,0.333,33.5,70.5,0.475,8.6,23.4,0.365,24.9,47.1,0.53,16.6,20.6,0.806,8.8,24.3,33.0,23.1,8.0,4.6,12.8,17.5,92.1,1339.0,2819.0,0.475,342.0,937.0,0.365,997.0,1882.0,0.53,665.0,825.0,0.806,351.0,970.0,1321.0,925.0,320.0,182.0,511.0,699.0,3685.0,41.4,87.2,0.475,10.6,29.0,0.365,30.8,58.2,0.53,20.6,25.5,0.806,10.9,30.0,40.9,28.6,9.9,5.6,15.8,21.6,114.0,0.475,13.0,0.668,0.232,0.236,0.106,0.093,0.332,0.53,0.705,0.468,0.4,0.397,0.365,0.62,0.898,0.197,0.357
DAL,MIN,6,2,76,87,1,0,1,1,0,1,0,0,0,1,0,0,0,0,1,0,1,2,0,1,1,0,1,0,0,1,1,31.7,71.0,0.446,6.3,19.2,0.326,25.4,51.9,0.49,14.7,18.7,0.786,10.5,24.3,34.8,20.4,7.1,4.0,14.8,18.5,84.2,1266,2841,0.446,250,767,0.326,1016,2074,0.49,586,746,0.786,419,971,1390,817,285,158,593,739,3368,26.8,9,31,9,31,-7.93,0.75,-7.18,104.2,114.0,-9.8,80.1,0.263,0.27,0.531,0.49,15.8,30.2,0.206,0.536,13.8,73.4,0.236,39.2,87.9,0.446,7.7,23.7,0.326,31.4,64.2,0.49,18.1,23.1,0.786,13.0,30.0,43.0,25.3,8.8,4.9,18.3,22.9,104.2,0.446,12.3,0.73,0.242,0.25,0.13,0.108,0.27,0.49,0.668,0.443,0.337,0.383,0.326,0.614,0.772,0.149,0.333,33.5,70.5,0.475,8.6,23.4,0.365,24.9,47.1,0.53,16.6,20.6,0.806,8.8,24.3,33.0,23.1,8.0,4.6,12.8,17.5,92.1,1339.0,2819.0,0.475,342.0,937.0,0.365,997.0,1882.0,0.53,665.0,825.0,0.806,351.0,970.0,1321.0,925.0,320.0,182.0,511.0,699.0,3685.0,41.4,87.2,0.475,10.6,29.0,0.365,30.8,58.2,0.53,20.6,25.5,0.806,10.9,30.0,40.9,28.6,9.9,5.6,15.8,21.6,114.0,0.475,13.0,0.668,0.232,0.236,0.106,0.093,0.332,0.53,0.705,0.468,0.4,0.397,0.365,0.62,0.898,0.197,0.357
DAL,LVA,6,5,81,95,1,0,1,1,0,1,0,0,0,1,0,0,0,0,1,0,1,2,0,1,1,0,1,0,0,1,1,31.7,71.0,0.446,6.3,19.2,0.326,25.4,51.9,0.49,14.7,18.7,0.786,10.5,24.3,34.8,20.4,7.1,4.0,14.8,18.5,84.2,1266,2841,0.446,250,767,0.326,1016,2074,0.49,586,746,0.786,419,971,1390,817,285,158,593,739,3368,26.8,9,31,9,31,-7.93,0.75,-7.18,104.2,114.0,-9.8,80.1,0.263,0.27,0.531,0.49,15.8,30.2,0.206,0.536,13.8,73.4,0.236,39.2,87.9,0.446,7.7,23.7,0.326,31.4,64.2,0.49,18.1,23.1,0.786,13.0,30.0,43.0,25.3,8.8,4.9,18.3,22.9,104.2,0.446,12.3,0.73,0.242,0.25,0.13,0.108,0.27,0.49,0.668,0.443,0.337,0.383,0.326,0.614,0.772,0.149,0.333,33.5,70.5,0.475,8.6,23.4,0.365,24.9,47.1,0.53,16.6,20.6,0.806,8.8,24.3,33.0,23.1,8.0,4.6,12.8,17.5,92.1,1339.0,2819.0,0.475,342.0,937.0,0.365,997.0,1882.0,0.53,665.0,825.0,0.806,351.0,970.0,1321.0,925.0,320.0,182.0,511.0,699.0,3685.0,41.4,87.2,0.475,10.6,29.0,0.365,30.8,58.2,0.53,20.6,25.5,0.806,10.9,30.0,40.9,28.6,9.9,5.6,15.8,21.6,114.0,0.475,13.0,0.668,0.232,0.236,0.106,0.093,0.332,0.53,0.705,0.468,0.4,0.397,0.365,0.62,0.898,0.197,0.357
DAL,LAS,6,7,72,81,1,0,1,1,0,1,0,0,0,1,0,0,0,0,1,0,1,2,0,1,1,0,1,0,0,1,1,31.7,71.0,0.446,6.3,19.2,0.326,25.4,51.9,0.49,14.7,18.7,0.786,10.5,24.3,34.8,20.4,7.1,4.0,14.8,18.5,84.2,1266,2841,0.446,250,767,0.326,1016,2074,0.49,586,746,0.786,419,971,1390,817,285,158,593,739,3368,26.8,9,31,9,31,-7.93,0.75,-7.18,104.2,114.0,-9.8,80.1,0.263,0.27,0.531,0.49,15.8,30.2,0.206,0.536,13.8,73.4,0.236,39.2,87.9,0.446,7.7,23.7,0.326,31.4,64.2,0.49,18.1,23.1,0.786,13.0,30.0,43.0,25.3,8.8,4.9,18.3,22.9,104.2,0.446,12.3,0.73,0.242,0.25,0.13,0.108,0.27,0.49,0.668,0.443,0.337,0.383,0.326,0.614,0.772,0.149,0.333,33.5,70.5,0.475,8.6,23.4,0.365,24.9,47.1,0.53,16.6,20.6,0.806,8.8,24.3,33.0,23.1,8.0,4.6,12.8,17.5,92.1,1339.0,2819.0,0.475,342.0,937.0,0.365,997.0,1882.0,0.53,665.0,825.0,0.806,351.0,970.0,1321.0,925.0,320.0,182.0,511.0,699.0,3685.0,41.4,87.2,0.475,10.6,29.0,0.365,30.8,58.2,0.53,20.6,25.5,0.806,10.9,30.0,40.9,28.6,9.9,5.6,15.8,21.6,114.0,0.475,13.0,0.668,0.232,0.236,0.106,0.093,0.332,0.53,0.705,0.468,0.4,0.397,0.365,0.62,0.898,0.197,0.357
DAL,PHO,6,9,90,97,1,0,1,1,0,1,0,0,0,1,0,0,0,0,1,0,1,2,0,1,1,0,1,0,0,1,1,31.7,71.0,0.446,6.3,19.2,0.326,25.4,51.9,0.49,14.7,18.7,0.786,10.5,24.3,34.8,20.4,7.1,4.0,14.8,18.5,84.2,1266,2841,0.446,250,767,0.326,1016,2074,0.49,586,746,0.786,419,971,1390,817,285,158,593,739,3368,26.8,9,31,9,31,-7.93,0.75,-7.18,104.2,114.0,-9.8,80.1,0.263,0.27,0.531,0.49,15.8,30.2,0.206,0.536,13.8,73.4,0.236,39.2,87.9,0.446,7.7,23.7,0.326,31.4,64.2,0.49,18.1,23.1,0.786,13.0,30.0,43.0,25.3,8.8,4.9,18.3,22.9,104.2,0.446,12.3,0.73,0.242,0.25,0.13,0.108,0.27,0.49,0.668,0.443,0.337,0.383,0.326,0.614,0.772,0.149,0.333,33.5,70.5,0.475,8.6,23.4,0.365,24.9,47.1,0.53,16.6,20.6,0.806,8.8,24.3,33.0,23.1,8.0,4.6,12.8,17.5,92.1,1339.0,2819.0,0.475,342.0,937.0,0.365,997.0,1882.0,0.53,665.0,825.0,0.806,351.0,970.0,1321.0,925.0,320.0,182.0,511.0,699.0,3685.0,41.4,87.2,0.475,10.6,29.0,0.365,30.8,58.2,0.53,20.6,25.5,0.806,10.9,30.0,40.9,28.6,9.9,5.6,15.8,21.6,114.0,0.475,13.0,0.668,0.232,0.236,0.106,0.093,0.332,0.53,0.705,0.468,0.4,0.397,0.365,0.62,0.898,0.197,0.357
DAL,SEA,6,13,84,92,1,0,1,1,0,1,0,0,0,1,0,0,0,0,1,0,1,2,0,1,1,0,1,0,0,1,1,31.7,71.0,0.446,6.3,19.2,0.326,25.4,51.9,0.49,14.7,18.7,0.786,10.5,24.3,34.8,20.4,7.1,4.0,14.8,18.5,84.2,1266,2841,0.446,250,767,0.326,1016,2074,0.49,586,746,0.786,419,971,1390,817,285,158,593,739,3368,26.8,9,31,9,31,-7.93,0.75,-7.18,104.2,114.0,-9.8,80.1,0.263,0.27,0.531,0.49,15.8,30.2,0.206,0.536,13.8,73.4,0.236,39.2,87.9,0.446,7.7,23.7,0.326,31.4,64.2,0.49,18.1,23.1,0.786,13.0,30.0,43.0,25.3,8.8,4.9,18.3,22.9,104.2,0.446,12.3,0.73,0.242,0.25,0.13,0.108,0.27,0.49,0.668,0.443,0.337,0.383,0.326,0.614,0.772,0.149,0.333,33.5,70.5,0.475,8.6,23.4,0.365,24.9,47.1,0.53,16.6,20.6,0.806,8.8,24.3,33.0,23.1,8.0,4.6,12.8,17.5,92.1,1339.0,2819.0,0.475,342.0,937.0,0.365,997.0,1882.0,0.53,665.0,825.0,0.806,351.0,970.0,1321.0,925.0,320.0,182.0,511.0,699.0,3685.0,41.4,87.2,0.475,10.6,29.0,0.365,30.8,58.2,0.53,20.6,25.5,0.806,10.9,30.0,40.9,28.6,9.9,5.6,15.8,21.6,114.0,0.475,13.0,0.668,0.232,0.236,0.106,0.093,0.332,0.53,0.705,0.468,0.4,0.397,0.365,0.62,0.898,0.197,0.357
DAL,CON,6,15,67,85,1,0,1,1,0,1,0,0,0,1,0,0,0,0,1,0,1,2,0,1,1,0,1,0,0,1,1,31.7,71.0,0.446,6.3,19.2,0.326,25.4,51.9,0.49,14.7,18.7,0.786,10.5,24.3,34.8,20.4,7.1,4.0,14.8,18.5,84.2,1266,2841,0.446,250,767,0.326,1016,2074,0.49,586,746,0.786,419,971,1390,817,285,158,593,739,3368,26.8,9,31,9,31,-7.93,0.75,-7.18,104.2,114.0,-9.8,80.1,0.263,0.27,0.531,0.49,15.8,30.2,0.206,0.536,13.8,73.4,0.236,39.2,87.9,0.446,7.7,23.7,0.326,31.4,64.2,0.49,18.1,23.1,0.786,13.0,30.0,43.0,25.3,8.8,4.9,18.3,22.9,104.2,0.446,12.3,0.73,0.242,0.25,0.13,0.108,0.27,0.49,0.668,0.443,0.337,0.383,0.326,0.614,0.772,0.149,0.333,33.5,70.5,0.475,8.6,23.4,0.365,24.9,47.1,0.53,16.6,20.6,0.806,8.8,24.3,33.0,23.1,8.0,4.6,12.8,17.5,92.1,1339.0,2819.0,0.475,342.0,937.0,0.365,997.0,1882.0,0.53,665.0,825.0,0.806,351.0,970.0,1321.0,925.0,320.0,182.0,511.0,699.0,3685.0,41.4,87.2,0.475,10.6,29.0,0.365,30.8,58.2,0.53,20.6,25.5,0.806,10.9,30.0,40.9,28.6,9.9,5.6,15.8,21.6,114.0,0.475,13.0,0.668,0.232,0.236,0.106,0.093,0.332,0.53,0.705,0.468,0.4,0.397,0.365,0.62,0.898,0.197,0.357
DAL,MIN,6,17,78,90,0,0,0,0,0,0,0,0,0,0,0,0,0,0,0,0,1,2,0,1,1,0,0,0,0,0,0,31.7,71.0,0.446,6.3,19.2,0.326,25.4,51.9,0.49,14.7,18.7,0.786,10.5,24.3,34.8,20.4,7.1,4.0,14.8,18.5,84.2,1266,2841,0.446,250,767,0.326,1016,2074,0.49,586,746,0.786,419,971,1390,817,285,158,593,739,3368,26.8,9,31,9,31,-7.93,0.75,-7.18,104.2,114.0,-9.8,80.1,0.263,0.27,0.531,0.49,15.8,30.2,0.206,0.536,13.8,73.4,0.236,39.2,87.9,0.446,7.7,23.7,0.326,31.4,64.2,0.49,18.1,23.1,0.786,13.0,30.0,43.0,25.3,8.8,4.9,18.3,22.9,104.2,0.446,12.3,0.73,0.242,0.25,0.13,0.108,0.27,0.49,0.668,0.443,0.337,0.383,0.326,0.614,0.772,0.149,0.333,33.5,70.5,0.475,8.6,23.4,0.365,24.9,47.1,0.53,16.6,20.6,0.806,8.8,24.3,33.0,23.1,8.0,4.6,12.8,17.5,92.1,1339.0,2819.0,0.475,342.0,937.0,0.365,997.0,1882.0,0.53,665.0,825.0,0.806,351.0,970.0,1321.0,925.0,320.0,182.0,511.0,699.0,3685.0,41.4,87.2,0.475,10.6,29.0,0.365,30.8,58.2,0.53,20.6,25.5,0.806,10.9,30.0,40.9,28.6,9.9,5.6,15.8,21.6,114.0,0.475,13.0,0.668,0.232,0.236,0.106,0.093,0.332,0.53,0.705,0.468,0.4,0.397,0.365,0.62,0.898,0.197,0.357
DAL,CHI,6,20,72,83,1,0,2,1,1,2,0,0,0,2,0,0,1,0,1,0,1,2,0,0,0,0,1,0,0,1,1,31.7,71.0,0.446,6.3,19.2,0.326,25.4,51.9,0.49,14.7,18.7,0.786,10.5,24.3,34.8,20.4,7.1,4.0,14.8,18.5,84.2,1266,2841,0.446,250,767,0.326,1016,2074,0.49,586,746,0.786,419,971,1390,817,285,158,593,739,3368,26.8,9,31,9,31,-7.93,0.75,-7.18,104.2,114.0,-9.8,80.1,0.263,0.27,0.531,0.49,15.8,30.2,0.206,0.536,13.8,73.4,0.236,39.2,87.9,0.446,7.7,23.7,0.326,31.4,64.2,0.49,18.1,23.1,0.786,13.0,30.0,43.0,25.3,8.8,4.9,18.3,22.9,104.2,0.446,12.3,0.73,0.242,0.25,0.13,0.108,0.27,0.49,0.668,0.443,0.337,0.383,0.326,0.614,0.772,0.149,0.333,33.5,70.5,0.475,8.6,23.4,0.365,24.9,47.1,0.53,16.6,20.6,0.806,8.8,24.3,33.0,23.1,8.0,4.6,12.8,17.5,92.1,1339.0,2819.0,0.475,342.0,937.0,0.365,997.0,1882.0,0.53,665.0,825.0,0.806,351.0,970.0,1321.0,925.0,320.0,182.0,511.0,699.0,3685.0,41.4,87.2,0.475,10.6,29.0,0.365,30.8,58.2,0.53,20.6,25.5,0.806,10.9,30.0,40.9,28.6,9.9,5.6,15.8,21.6,114.0,0.475,13.0,0.668,0.232,0.236,0.106,0.093,0.332,0.53,0.705,0.468,0.4,0.397,0.365,0.62,0.898,0.197,0.357
DAL,WAS,6,22,69,97,1,0,2,1,1,2,0,0,0,2,0,0,1,0,1,0,1,2,0,1,0,0,1,0,0,1,1,31.7,71.0,0.446,6.3,19.2,0.326,25.4,51.9,0.49,14.7,18.7,0.786,10.5,24.3,34.8,20.4,7.1,4.0,14.8,18.5,84.2,1266,2841,0.446,250,767,0.326,1016,2074,0.49,586,746,0.786,419,971,1390,817,285,158,593,739,3368,26.8,9,31,9,31,-7.93,0.75,-7.18,104.2,114.0,-9.8,80.1,0.263,0.27,0.531,0.49,15.8,30.2,0.206,0.536,13.8,73.4,0.236,39.2,87.9,0.446,7.7,23.7,0.326,31.4,64.2,0.49,18.1,23.1,0.786,13.0,30.0,43.0,25.3,8.8,4.9,18.3,22.9,104.2,0.446,12.3,0.73,0.242,0.25,0.13,0.108,0.27,0.49,0.668,0.443,0.337,0.383,0.326,0.614,0.772,0.149,0.333,33.5,70.5,0.475,8.6,23.4,0.365,24.9,47.1,0.53,16.6,20.6,0.806,8.8,24.3,33.0,23.1,8.0,4.6,12.8,17.5,92.1,1339.0,2819.0,0.475,342.0,937.0,0.365,997.0,1882.0,0.53,665.0,825.0,0.806,351.0,970.0,1321.0,925.0,320.0,182.0,511.0,699.0,3685.0,41.4,87.2,0.475,10.6,29.0,0.365,30.8,58.2,0.53,20.6,25.5,0.806,10.9,30.0,40.9,28.6,9.9,5.6,15.8,21.6,114.0,0.475,13.0,0.668,0.232,0.236,0.106,0.093,0.332,0.53,0.705,0.468,0.4,0.397,0.365,0.62,0.898,0.197,0.357
DAL,WAS,6,23,84,92,1,0,2,1,1,2,0,0,0,2,0,0,1,0,1,0,1,1,0,1,0,0,1,0,0,1,1,31.7,71.0,0.446,6.3,19.2,0.326,25.4,51.9,0.49,14.7,18.7,0.786,10.5,24.3,34.8,20.4,7.1,4.0,14.8,18.5,84.2,1266,2841,0.446,250,767,0.326,1016,2074,0.49,586,746,0.786,419,971,1390,817,285,158,593,739,3368,26.8,9,31,9,31,-7.93,0.75,-7.18,104.2,114.0,-9.8,80.1,0.263,0.27,0.531,0.49,15.8,30.2,0.206,0.536,13.8,73.4,0.236,39.2,87.9,0.446,7.7,23.7,0.326,31.4,64.2,0.49,18.1,23.1,0.786,13.0,30.0,43.0,25.3,8.8,4.9,18.3,22.9,104.2,0.446,12.3,0.73,0.242,0.25,0.13,0.108,0.27,0.49,0.668,0.443,0.337,0.383,0.326,0.614,0.772,0.149,0.333,33.5,70.5,0.475,8.6,23.4,0.365,24.9,47.1,0.53,16.6,20.6,0.806,8.8,24.3,33.0,23.1,8.0,4.6,12.8,17.5,92.1,1339.0,2819.0,0.475,342.0,937.0,0.365,997.0,1882.0,0.53,665.0,825.0,0.806,351.0,970.0,1321.0,925.0,320.0,182.0,511.0,699.0,3685.0,41.4,87.2,0.475,10.6,29.0,0.365,30.8,58.2,0.53,20.6,25.5,0.806,10.9,30.0,40.9,28.6,9.9,5.6,15.8,21.6,114.0,0.475,13.0,0.668,0.232,0.236,0.106,0.093,0.332,0.53,0.705,0.468,0.4,0.397,0.365,0.62,0.898,0.197,0.357
DAL,MIN,6,27,94,88,1,0,2,1,0,2,0,1,1,2,1,0,1,0,1,0,1,1,0,1,0,0,1,0,0,1,1,31.7,71.0,0.446,6.3,19.2,0.326,25.4,51.9,0.49,14.7,18.7,0.786,10.5,24.3,34.8,20.4,7.1,4.0,14.8,18.5,84.2,1266,2841,0.446,250,767,0.326,1016,2074,0.49,586,746,0.786,419,971,1390,817,285,158,593,739,3368,26.8,9,31,9,31,-7.93,0.75,-7.18,104.2,114.0,-9.8,80.1,0.263,0.27,0.531,0.49,15.8,30.2,0.206,0.536,13.8,73.4,0.236,39.2,87.9,0.446,7.7,23.7,0.326,31.4,64.2,0.49,18.1,23.1,0.786,13.0,30.0,43.0,25.3,8.8,4.9,18.3,22.9,104.2,0.446,12.3,0.73,0.242,0.25,0.13,0.108,0.27,0.49,0.668,0.443,0.337,0.383,0.326,0.614,0.772,0.149,0.333,33.5,70.5,0.475,8.6,23.4,0.365,24.9,47.1,0.53,16.6,20.6,0.806,8.8,24.3,33.0,23.1,8.0,4.6,12.8,17.5,92.1,1339.0,2819.0,0.475,342.0,937.0,0.365,997.0,1882.0,0.53,665.0,825.0,0.806,351.0,970.0,1321.0,925.0,320.0,182.0,511.0,699.0,3685.0,41.4,87.2,0.475,10.6,29.0,0.365,30.8,58.2,0.53,20.6,25.5,0.806,10.9,30.0,40.9,28.6,9.9,5.6,15.8,21.6,114.0,0.475,13.0,0.668,0.232,0.236,0.106,0.093,0.332,0.53,0.705,0.468,0.4,0.397,0.365,0.62,0.898,0.197,0.357
DAL,SEA,6,29,76,97,1,0,2,1,0,2,0,1,1,2,1,0,1,0,1,0,1,2,0,1,0,0,1,0,0,1,1,31.7,71.0,0.446,6.3,19.2,0.326,25.4,51.9,0.49,14.7,18.7,0.786,10.5,24.3,34.8,20.4,7.1,4.0,14.8,18.5,84.2,1266,2841,0.446,250,767,0.326,1016,2074,0.49,586,746,0.786,419,971,1390,817,285,158,593,739,3368,26.8,9,31,9,31,-7.93,0.75,-7.18,104.2,114.0,-9.8,80.1,0.263,0.27,0.531,0.49,15.8,30.2,0.206,0.536,13.8,73.4,0.236,39.2,87.9,0.446,7.7,23.7,0.326,31.4,64.2,0.49,18.1,23.1,0.786,13.0,30.0,43.0,25.3,8.8,4.9,18.3,22.9,104.2,0.446,12.3,0.73,0.242,0.25,0.13,0.108,0.27,0.49,0.668,0.443,0.337,0.383,0.326,0.614,0.772,0.149,0.333,33.5,70.5,0.475,8.6,23.4,0.365,24.9,47.1,0.53,16.6,20.6,0.806,8.8,24.3,33.0,23.1,8.0,4.6,12.8,17.5,92.1,1339.0,2819.0,0.475,342.0,937.0,0.365,997.0,1882.0,0.53,665.0,825.0,0.806,351.0,970.0,1321.0,925.0,320.0,182.0,511.0,699.0,3685.0,41.4,87.2,0.475,10.6,29.0,0.365,30.8,58.2,0.53,20.6,25.5,0.806,10.9,30.0,40.9,28.6,9.9,5.6,15.8,21.6,114.0,0.475,13.0,0.668,0.232,0.236,0.106,0.093,0.332,0.53,0.705,0.468,0.4,0.397,0.365,0.62,0.898,0.197,0.357
DAL,SEA,7,1,71,95,1,0,2,1,0,2,0,1,1,2,1,0,1,0,1,0,1,2,0,1,0,0,1,0,0,1,1,31.7,71.0,0.446,6.3,19.2,0.326,25.4,51.9,0.49,14.7,18.7,0.786,10.5,24.3,34.8,20.4,7.1,4.0,14.8,18.5,84.2,1266,2841,0.446,250,767,0.326,1016,2074,0.49,586,746,0.786,419,971,1390,817,285,158,593,739,3368,26.8,9,31,9,31,-7.93,0.75,-7.18,104.2,114.0,-9.8,80.1,0.263,0.27,0.531,0.49,15.8,30.2,0.206,0.536,13.8,73.4,0.236,39.2,87.9,0.446,7.7,23.7,0.326,31.4,64.2,0.49,18.1,23.1,0.786,13.0,30.0,43.0,25.3,8.8,4.9,18.3,22.9,104.2,0.446,12.3,0.73,0.242,0.25,0.13,0.108,0.27,0.49,0.668,0.443,0.337,0.383,0.326,0.614,0.772,0.149,0.333,33.5,70.5,0.475,8.6,23.4,0.365,24.9,47.1,0.53,16.6,20.6,0.806,8.8,24.3,33.0,23.1,8.0,4.6,12.8,17.5,92.1,1339.0,2819.0,0.475,342.0,937.0,0.365,997.0,1882.0,0.53,665.0,825.0,0.806,351.0,970.0,1321.0,925.0,320.0,182.0,511.0,699.0,3685.0,41.4,87.2,0.475,10.6,29.0,0.365,30.8,58.2,0.53,20.6,25.5,0.806,10.9,30.0,40.9,28.6,9.9,5.6,15.8,21.6,114.0,0.475,13.0,0.668,0.232,0.236,0.106,0.093,0.332,0.53,0.705,0.468,0.4,0.397,0.365,0.62,0.898,0.197,0.357
DAL,PHO,7,3,96,104,1,0,2,1,0,2,0,1,1,2,1,0,1,0,1,0,1,1,0,1,0,0,1,0,0,1,1,31.7,71.0,0.446,6.3,19.2,0.326,25.4,51.9,0.49,14.7,18.7,0.786,10.5,24.3,34.8,20.4,7.1,4.0,14.8,18.5,84.2,1266,2841,0.446,250,767,0.326,1016,2074,0.49,586,746,0.786,419,971,1390,817,285,158,593,739,3368,26.8,9,31,9,31,-7.93,0.75,-7.18,104.2,114.0,-9.8,80.1,0.263,0.27,0.531,0.49,15.8,30.2,0.206,0.536,13.8,73.4,0.236,39.2,87.9,0.446,7.7,23.7,0.326,31.4,64.2,0.49,18.1,23.1,0.786,13.0,30.0,43.0,25.3,8.8,4.9,18.3,22.9,104.2,0.446,12.3,0.73,0.242,0.25,0.13,0.108,0.27,0.49,0.668,0.443,0.337,0.383,0.326,0.614,0.772,0.149,0.333,33.5,70.5,0.475,8.6,23.4,0.365,24.9,47.1,0.53,16.6,20.6,0.806,8.8,24.3,33.0,23.1,8.0,4.6,12.8,17.5,92.1,1339.0,2819.0,0.475,342.0,937.0,0.365,997.0,1882.0,0.53,665.0,825.0,0.806,351.0,970.0,1321.0,925.0,320.0,182.0,511.0,699.0,3685.0,41.4,87.2,0.475,10.6,29.0,0.365,30.8,58.2,0.53,20.6,25.5,0.806,10.9,30.0,40.9,28.6,9.9,5.6,15.8,21.6,114.0,0.475,13.0,0.668,0.232,0.236,0.106,0.093,0.332,0.53,0.705,0.468,0.4,0.397,0.365,0.62,0.898,0.197,0.357
DAL,ATL,7,5,85,82,1,0,2,1,0,2,0,1,1,2,1,0,1,0,1,0,1,1,0,1,0,0,1,0,0,1,1,31.7,71.0,0.446,6.3,19.2,0.326,25.4,51.9,0.49,14.7,18.7,0.786,10.5,24.3,34.8,20.4,7.1,4.0,14.8,18.5,84.2,1266,2841,0.446,250,767,0.326,1016,2074,0.49,586,746,0.786,419,971,1390,817,285,158,593,739,3368,26.8,9,31,9,31,-7.93,0.75,-7.18,104.2,114.0,-9.8,80.1,0.263,0.27,0.531,0.49,15.8,30.2,0.206,0.536,13.8,73.4,0.236,39.2,87.9,0.446,7.7,23.7,0.326,31.4,64.2,0.49,18.1,23.1,0.786,13.0,30.0,43.0,25.3,8.8,4.9,18.3,22.9,104.2,0.446,12.3,0.73,0.242,0.25,0.13,0.108,0.27,0.49,0.668,0.443,0.337,0.383,0.326,0.614,0.772,0.149,0.333,33.5,70.5,0.475,8.6,23.4,0.365,24.9,47.1,0.53,16.6,20.6,0.806,8.8,24.3,33.0,23.1,8.0,4.6,12.8,17.5,92.1,1339.0,2819.0,0.475,342.0,937.0,0.365,997.0,1882.0,0.53,665.0,825.0,0.806,351.0,970.0,1321.0,925.0,320.0,182.0,511.0,699.0,3685.0,41.4,87.2,0.475,10.6,29.0,0.365,30.8,58.2,0.53,20.6,25.5,0.806,10.9,30.0,40.9,28.6,9.9,5.6,15.8,21.6,114.0,0.475,13.0,0.668,0.232,0.236,0.106,0.093,0.332,0.53,0.705,0.468,0.4,0.397,0.365,0.62,0.898,0.197,0.357
DAL,LVA,7,7,85,104,1,0,2,1,0,2,0,1,1,2,1,0,1,0,1,0,1,2,0,1,0,0,1,0,0,1,1,31.7,71.0,0.446,6.3,19.2,0.326,25.4,51.9,0.49,14.7,18.7,0.786,10.5,24.3,34.8,20.4,7.1,4.0,14.8,18.5,84.2,1266,2841,0.446,250,767,0.326,1016,2074,0.49,586,746,0.786,419,971,1390,817,285,158,593,739,3368,26.8,9,31,9,31,-7.93,0.75,-7.18,104.2,114.0,-9.8,80.1,0.263,0.27,0.531,0.49,15.8,30.2,0.206,0.536,13.8,73.4,0.236,39.2,87.9,0.446,7.7,23.7,0.326,31.4,64.2,0.49,18.1,23.1,0.786,13.0,30.0,43.0,25.3,8.8,4.9,18.3,22.9,104.2,0.446,12.3,0.73,0.242,0.25,0.13,0.108,0.27,0.49,0.668,0.443,0.337,0.383,0.326,0.614,0.772,0.149,0.333,33.5,70.5,0.475,8.6,23.4,0.365,24.9,47.1,0.53,16.6,20.6,0.806,8.8,24.3,33.0,23.1,8.0,4.6,12.8,17.5,92.1,1339.0,2819.0,0.475,342.0,937.0,0.365,997.0,1882.0,0.53,665.0,825.0,0.806,351.0,970.0,1321.0,925.0,320.0,182.0,511.0,699.0,3685.0,41.4,87.2,0.475,10.6,29.0,0.365,30.8,58.2,0.53,20.6,25.5,0.806,10.9,30.0,40.9,28.6,9.9,5.6,15.8,21.6,114.0,0.475,13.0,0.668,0.232,0.236,0.106,0.093,0.332,0.53,0.705,0.468,0.4,0.397,0.365,0.62,0.898,0.197,0.357
DAL,PHO,7,10,84,100,1,0,2,1,0,2,0,1,1,2,1,0,1,0,1,0,1,2,0,1,0,0,1,0,0,1,1,31.7,71.0,0.446,6.3,19.2,0.326,25.4,51.9,0.49,14.7,18.7,0.786,10.5,24.3,34.8,20.4,7.1,4.0,14.8,18.5,84.2,1266,2841,0.446,250,767,0.326,1016,2074,0.49,586,746,0.786,419,971,1390,817,285,158,593,739,3368,26.8,9,31,9,31,-7.93,0.75,-7.18,104.2,114.0,-9.8,80.1,0.263,0.27,0.531,0.49,15.8,30.2,0.206,0.536,13.8,73.4,0.236,39.2,87.9,0.446,7.7,23.7,0.326,31.4,64.2,0.49,18.1,23.1,0.786,13.0,30.0,43.0,25.3,8.8,4.9,18.3,22.9,104.2,0.446,12.3,0.73,0.242,0.25,0.13,0.108,0.27,0.49,0.668,0.443,0.337,0.383,0.326,0.614,0.772,0.149,0.333,33.5,70.5,0.475,8.6,23.4,0.365,24.9,47.1,0.53,16.6,20.6,0.806,8.8,24.3,33.0,23.1,8.0,4.6,12.8,17.5,92.1,1339.0,2819.0,0.475,342.0,937.0,0.365,997.0,1882.0,0.53,665.0,825.0,0.806,351.0,970.0,1321.0,925.0,320.0,182.0,511.0,699.0,3685.0,41.4,87.2,0.475,10.6,29.0,0.365,30.8,58.2,0.53,20.6,25.5,0.806,10.9,30.0,40.9,28.6,9.9,5.6,15.8,21.6,114.0,0.475,13.0,0.668,0.232,0.236,0.106,0.093,0.332,0.53,0.705,0.468,0.4,0.397,0.365,0.62,0.898,0.197,0.357
DAL,LAS,7,13,81,87,1,0,2,1,0,2,0,1,1,2,1,0,1,0,1,0,1,1,0,1,0,0,1,0,0,1,1,31.7,71.0,0.446,6.3,19.2,0.326,25.4,51.9,0.49,14.7,18.7,0.786,10.5,24.3,34.8,20.4,7.1,4.0,14.8,18.5,84.2,1266,2841,0.446,250,767,0.326,1016,2074,0.49,586,746,0.786,419,971,1390,817,285,158,593,739,3368,26.8,9,31,9,31,-7.93,0.75,-7.18,104.2,114.0,-9.8,80.1,0.263,0.27,0.531,0.49,15.8,30.2,0.206,0.536,13.8,73.4,0.236,39.2,87.9,0.446,7.7,23.7,0.326,31.4,64.2,0.49,18.1,23.1,0.786,13.0,30.0,43.0,25.3,8.8,4.9,18.3,22.9,104.2,0.446,12.3,0.73,0.242,0.25,0.13,0.108,0.27,0.49,0.668,0.443,0.337,0.383,0.326,0.614,0.772,0.149,0.333,33.5,70.5,0.475,8.6,23.4,0.365,24.9,47.1,0.53,16.6,20.6,0.806,8.8,24.3,33.0,23.1,8.0,4.6,12.8,17.5,92.1,1339.0,2819.0,0.475,342.0,937.0,0.365,997.0,1882.0,0.53,665.0,825.0,0.806,351.0,970.0,1321.0,925.0,320.0,182.0,511.0,699.0,3685.0,41.4,87.2,0.475,10.6,29.0,0.365,30.8,58.2,0.53,20.6,25.5,0.806,10.9,30.0,40.9,28.6,9.9,5.6,15.8,21.6,114.0,0.475,13.0,0.668,0.232,0.236,0.106,0.093,0.332,0.53,0.705,0.468,0.4,0.397,0.365,0.62,0.898,0.197,0.357
DAL,IND,7,17,101,93,1,0,2,1,0,2,0,1,1,2,1,0,1,0,1,0,1,1,0,1,0,0,1,0,0,1,1,31.7,71.0,0.446,6.3,19.2,0.326,25.4,51.9,0.49,14.7,18.7,0.786,10.5,24.3,34.8,20.4,7.1,4.0,14.8,18.5,84.2,1266,2841,0.446,250,767,0.326,1016,2074,0.49,586,746,0.786,419,971,1390,817,285,158,593,739,3368,26.8,9,31,9,31,-7.93,0.75,-7.18,104.2,114.0,-9.8,80.1,0.263,0.27,0.531,0.49,15.8,30.2,0.206,0.536,13.8,73.4,0.236,39.2,87.9,0.446,7.7,23.7,0.326,31.4,64.2,0.49,18.1,23.1,0.786,13.0,30.0,43.0,25.3,8.8,4.9,18.3,22.9,104.2,0.446,12.3,0.73,0.242,0.25,0.13,0.108,0.27,0.49,0.668,0.443,0.337,0.383,0.326,0.614,0.772,0.149,0.333,33.5,70.5,0.475,8.6,23.4,0.365,24.9,47.1,0.53,16.6,20.6,0.806,8.8,24.3,33.0,23.1,8.0,4.6,12.8,17.5,92.1,1339.0,2819.0,0.475,342.0,937.0,0.365,997.0,1882.0,0.53,665.0,825.0,0.806,351.0,970.0,1321.0,925.0,320.0,182.0,511.0,699.0,3685.0,41.4,87.2,0.475,10.6,29.0,0.365,30.8,58.2,0.53,20.6,25.5,0.806,10.9,30.0,40.9,28.6,9.9,5.6,15.8,21.6,114.0,0.475,13.0,0.668,0.232,0.236,0.106,0.093,0.332,0.53,0.705,0.468,0.4,0.397,0.365,0.62,0.898,0.197,0.357
DAL,CON,8,16,91,109,2,0,2,1,1,2,0,0,0,2,0,0,1,0,1,0,1,2,0,1,0,0,1,0,0,1,1,31.7,71.0,0.446,6.3,19.2,0.326,25.4,51.9,0.49,14.7,18.7,0.786,10.5,24.3,34.8,20.4,7.1,4.0,14.8,18.5,84.2,1266,2841,0.446,250,767,0.326,1016,2074,0.49,586,746,0.786,419,971,1390,817,285,158,593,739,3368,26.8,9,31,9,31,-7.93,0.75,-7.18,104.2,114.0,-9.8,80.1,0.263,0.27,0.531,0.49,15.8,30.2,0.206,0.536,13.8,73.4,0.236,39.2,87.9,0.446,7.7,23.7,0.326,31.4,64.2,0.49,18.1,23.1,0.786,13.0,30.0,43.0,25.3,8.8,4.9,18.3,22.9,104.2,0.446,12.3,0.73,0.242,0.25,0.13,0.108,0.27,0.49,0.668,0.443,0.337,0.383,0.326,0.614,0.772,0.149,0.333,33.5,70.5,0.475,8.6,23.4,0.365,24.9,47.1,0.53,16.6,20.6,0.806,8.8,24.3,33.0,23.1,8.0,4.6,12.8,17.5,92.1,1339.0,2819.0,0.475,342.0,937.0,0.365,997.0,1882.0,0.53,665.0,825.0,0.806,351.0,970.0,1321.0,925.0,320.0,182.0,511.0,699.0,3685.0,41.4,87.2,0.475,10.6,29.0,0.365,30.8,58.2,0.53,20.6,25.5,0.806,10.9,30.0,40.9,28.6,9.9,5.6,15.8,21.6,114.0,0.475,13.0,0.668,0.232,0.236,0.106,0.093,0.332,0.53,0.705,0.468,0.4,0.397,0.365,0.62,0.898,0.197,0.357
DAL,NYL,8,20,74,94,2,0,2,1,1,2,0,0,0,2,0,0,1,0,1,0,1,2,0,1,1,0,1,0,0,1,1,31.7,71.0,0.446,6.3,19.2,0.326,25.4,51.9,0.49,14.7,18.7,0.786,10.5,24.3,34.8,20.4,7.1,4.0,14.8,18.5,84.2,1266,2841,0.446,250,767,0.326,1016,2074,0.49,586,746,0.786,419,971,1390,817,285,158,593,739,3368,26.8,9,31,9,31,-7.93,0.75,-7.18,104.2,114.0,-9.8,80.1,0.263,0.27,0.531,0.49,15.8,30.2,0.206,0.536,13.8,73.4,0.236,39.2,87.9,0.446,7.7,23.7,0.326,31.4,64.2,0.49,18.1,23.1,0.786,13.0,30.0,43.0,25.3,8.8,4.9,18.3,22.9,104.2,0.446,12.3,0.73,0.242,0.25,0.13,0.108,0.27,0.49,0.668,0.443,0.337,0.383,0.326,0.614,0.772,0.149,0.333,33.5,70.5,0.475,8.6,23.4,0.365,24.9,47.1,0.53,16.6,20.6,0.806,8.8,24.3,33.0,23.1,8.0,4.6,12.8,17.5,92.1,1339.0,2819.0,0.475,342.0,937.0,0.365,997.0,1882.0,0.53,665.0,825.0,0.806,351.0,970.0,1321.0,925.0,320.0,182.0,511.0,699.0,3685.0,41.4,87.2,0.475,10.6,29.0,0.365,30.8,58.2,0.53,20.6,25.5,0.806,10.9,30.0,40.9,28.6,9.9,5.6,15.8,21.6,114.0,0.475,13.0,0.668,0.232,0.236,0.106,0.093,0.332,0.53,0.705,0.468,0.4,0.397,0.365,0.62,0.898,0.197,0.357
DAL,NYL,8,22,71,79,2,0,2,1,1,2,0,0,0,2,0,0,1,0,1,0,1,1,0,1,1,0,1,0,0,1,1,31.7,71.0,0.446,6.3,19.2,0.326,25.4,51.9,0.49,14.7,18.7,0.786,10.5,24.3,34.8,20.4,7.1,4.0,14.8,18.5,84.2,1266,2841,0.446,250,767,0.326,1016,2074,0.49,586,746,0.786,419,971,1390,817,285,158,593,739,3368,26.8,9,31,9,31,-7.93,0.75,-7.18,104.2,114.0,-9.8,80.1,0.263,0.27,0.531,0.49,15.8,30.2,0.206,0.536,13.8,73.4,0.236,39.2,87.9,0.446,7.7,23.7,0.326,31.4,64.2,0.49,18.1,23.1,0.786,13.0,30.0,43.0,25.3,8.8,4.9,18.3,22.9,104.2,0.446,12.3,0.73,0.242,0.25,0.13,0.108,0.27,0.49,0.668,0.443,0.337,0.383,0.326,0.614,0.772,0.149,0.333,33.5,70.5,0.475,8.6,23.4,0.365,24.9,47.1,0.53,16.6,20.6,0.806,8.8,24.3,33.0,23.1,8.0,4.6,12.8,17.5,92.1,1339.0,2819.0,0.475,342.0,937.0,0.365,997.0,1882.0,0.53,665.0,825.0,0.806,351.0,970.0,1321.0,925.0,320.0,182.0,511.0,699.0,3685.0,41.4,87.2,0.475,10.6,29.0,0.365,30.8,58.2,0.53,20.6,25.5,0.806,10.9,30.0,40.9,28.6,9.9,5.6,15.8,21.6,114.0,0.475,13.0,0.668,0.232,0.236,0.106,0.093,0.332,0.53,0.705,0.468,0.4,0.397,0.365,0.62,0.898,0.197,0.357
DAL,LAS,8,25,113,110,2,0,2,1,1,2,0,0,0,2,0,0,1,0,1,0,1,2,0,1,1,0,1,0,0,1,1,31.7,71.0,0.446,6.3,19.2,0.326,25.4,51.9,0.49,14.7,18.7,0.786,10.5,24.3,34.8,20.4,7.1,4.0,14.8,18.5,84.2,1266,2841,0.446,250,767,0.326,1016,2074,0.49,586,746,0.786,419,971,1390,817,285,158,593,739,3368,26.8,9,31,9,31,-7.93,0.75,-7.18,104.2,114.0,-9.8,80.1,0.263,0.27,0.531,0.49,15.8,30.2,0.206,0.536,13.8,73.4,0.236,39.2,87.9,0.446,7.7,23.7,0.326,31.4,64.2,0.49,18.1,23.1,0.786,13.0,30.0,43.0,25.3,8.8,4.9,18.3,22.9,104.2,0.446,12.3,0.73,0.242,0.25,0.13,0.108,0.27,0.49,0.668,0.443,0.337,0.383,0.326,0.614,0.772,0.149,0.333,33.5,70.5,0.475,8.6,23.4,0.365,24.9,47.1,0.53,16.6,20.6,0.806,8.8,24.3,33.0,23.1,8.0,4.6,12.8,17.5,92.1,1339.0,2819.0,0.475,342.0,937.0,0.365,997.0,1882.0,0.53,665.0,825.0,0.806,351.0,970.0,1321.0,925.0,320.0,182.0,511.0,699.0,3685.0,41.4,87.2,0.475,10.6,29.0,0.365,30.8,58.2,0.53,20.6,25.5,0.806,10.9,30.0,40.9,28.6,9.9,5.6,15.8,21.6,114.0,0.475,13.0,0.668,0.232,0.236,0.106,0.093,0.332,0.53,0.705,0.468,0.4,0.397,0.365,0.62,0.898,0.197,0.357
DAL,LVA,8,27,93,90,2,0,2,1,1,2,0,0,0,2,0,0,1,0,1,0,1,1,0,1,1,0,1,0,0,1,1,31.7,71.0,0.446,6.3,19.2,0.326,25.4,51.9,0.49,14.7,18.7,0.786,10.5,24.3,34.8,20.4,7.1,4.0,14.8,18.5,84.2,1266,2841,0.446,250,767,0.326,1016,2074,0.49,586,746,0.786,419,971,1390,817,285,158,593,739,3368,26.8,9,31,9,31,-7.93,0.75,-7.18,104.2,114.0,-9.8,80.1,0.263,0.27,0.531,0.49,15.8,30.2,0.206,0.536,13.8,73.4,0.236,39.2,87.9,0.446,7.7,23.7,0.326,31.4,64.2,0.49,18.1,23.1,0.786,13.0,30.0,43.0,25.3,8.8,4.9,18.3,22.9,104.2,0.446,12.3,0.73,0.242,0.25,0.13,0.108,0.27,0.49,0.668,0.443,0.337,0.383,0.326,0.614,0.772,0.149,0.333,33.5,70.5,0.475,8.6,23.4,0.365,24.9,47.1,0.53,16.6,20.6,0.806,8.8,24.3,33.0,23.1,8.0,4.6,12.8,17.5,92.1,1339.0,2819.0,0.475,342.0,937.0,0.365,997.0,1882.0,0.53,665.0,825.0,0.806,351.0,970.0,1321.0,925.0,320.0,182.0,511.0,699.0,3685.0,41.4,87.2,0.475,10.6,29.0,0.365,30.8,58.2,0.53,20.6,25.5,0.806,10.9,30.0,40.9,28.6,9.9,5.6,15.8,21.6,114.0,0.475,13.0,0.668,0.232,0.236,0.106,0.093,0.332,0.53,0.705,0.468,0.4,0.397,0.365,0.62,0.898,0.197,0.357
DAL,MIN,8,30,94,76,2,0,2,1,1,2,0,0,0,2,0,0,1,0,1,0,1,1,0,1,1,0,1,0,0,1,1,31.7,71.0,0.446,6.3,19.2,0.326,25.4,51.9,0.49,14.7,18.7,0.786,10.5,24.3,34.8,20.4,7.1,4.0,14.8,18.5,84.2,1266,2841,0.446,250,767,0.326,1016,2074,0.49,586,746,0.786,419,971,1390,817,285,158,593,739,3368,26.8,9,31,9,31,-7.93,0.75,-7.18,104.2,114.0,-9.8,80.1,0.263,0.27,0.531,0.49,15.8,30.2,0.206,0.536,13.8,73.4,0.236,39.2,87.9,0.446,7.7,23.7,0.326,31.4,64.2,0.49,18.1,23.1,0.786,13.0,30.0,43.0,25.3,8.8,4.9,18.3,22.9,104.2,0.446,12.3,0.73,0.242,0.25,0.13,0.108,0.27,0.49,0.668,0.443,0.337,0.383,0.326,0.614,0.772,0.149,0.333,33.5,70.5,0.475,8.6,23.4,0.365,24.9,47.1,0.53,16.6,20.6,0.806,8.8,24.3,33.0,23.1,8.0,4.6,12.8,17.5,92.1,1339.0,2819.0,0.475,342.0,937.0,0.365,997.0,1882.0,0.53,665.0,825.0,0.806,351.0,970.0,1321.0,925.0,320.0,182.0,511.0,699.0,3685.0,41.4,87.2,0.475,10.6,29.0,0.365,30.8,58.2,0.53,20.6,25.5,0.806,10.9,30.0,40.9,28.6,9.9,5.6,15.8,21.6,114.0,0.475,13.0,0.668,0.232,0.236,0.106,0.093,0.332,0.53,0.705,0.468,0.4,0.397,0.365,0.62,0.898,0.197,0.357
DAL,IND,9,1,93,100,2,0,2,1,0,2,0,0,0,2,0,0,1,0,1,0,1,1,0,1,1,0,1,0,0,1,1,31.7,71.0,0.446,6.3,19.2,0.326,25.4,51.9,0.49,14.7,18.7,0.786,10.5,24.3,34.8,20.4,7.1,4.0,14.8,18.5,84.2,1266,2841,0.446,250,767,0.326,1016,2074,0.49,586,746,0.786,419,971,1390,817,285,158,593,739,3368,26.8,9,31,9,31,-7.93,0.75,-7.18,104.2,114.0,-9.8,80.1,0.263,0.27,0.531,0.49,15.8,30.2,0.206,0.536,13.8,73.4,0.236,39.2,87.9,0.446,7.7,23.7,0.326,31.4,64.2,0.49,18.1,23.1,0.786,13.0,30.0,43.0,25.3,8.8,4.9,18.3,22.9,104.2,0.446,12.3,0.73,0.242,0.25,0.13,0.108,0.27,0.49,0.668,0.443,0.337,0.383,0.326,0.614,0.772,0.149,0.333,33.5,70.5,0.475,8.6,23.4,0.365,24.9,47.1,0.53,16.6,20.6,0.806,8.8,24.3,33.0,23.1,8.0,4.6,12.8,17.5,92.1,1339.0,2819.0,0.475,342.0,937.0,0.365,997.0,1882.0,0.53,665.0,825.0,0.806,351.0,970.0,1321.0,925.0,320.0,182.0,511.0,699.0,3685.0,41.4,87.2,0.475,10.6,29.0,0.365,30.8,58.2,0.53,20.6,25.5,0.806,10.9,30.0,40.9,28.6,9.9,5.6,15.8,21.6,114.0,0.475,13.0,0.668,0.232,0.236,0.106,0.093,0.332,0.53,0.705,0.468,0.4,0.397,0.365,0.62,0.898,0.197,0.357
DAL,WAS,9,3,86,90,2,0,2,1,0,2,0,0,0,2,0,0,1,0,1,0,1,1,0,1,1,0,1,0,0,1,1,31.7,71.0,0.446,6.3,19.2,0.326,25.4,51.9,0.49,14.7,18.7,0.786,10.5,24.3,34.8,20.4,7.1,4.0,14.8,18.5,84.2,1266,2841,0.446,250,767,0.326,1016,2074,0.49,586,746,0.786,419,971,1390,817,285,158,593,739,3368,26.8,9,31,9,31,-7.93,0.75,-7.18,104.2,114.0,-9.8,80.1,0.263,0.27,0.531,0.49,15.8,30.2,0.206,0.536,13.8,73.4,0.236,39.2,87.9,0.446,7.7,23.7,0.326,31.4,64.2,0.49,18.1,23.1,0.786,13.0,30.0,43.0,25.3,8.8,4.9,18.3,22.9,104.2,0.446,12.3,0.73,0.242,0.25,0.13,0.108,0.27,0.49,0.668,0.443,0.337,0.383,0.326,0.614,0.772,0.149,0.333,33.5,70.5,0.475,8.6,23.4,0.365,24.9,47.1,0.53,16.6,20.6,0.806,8.8,24.3,33.0,23.1,8.0,4.6,12.8,17.5,92.1,1339.0,2819.0,0.475,342.0,937.0,0.365,997.0,1882.0,0.53,665.0,825.0,0.806,351.0,970.0,1321.0,925.0,320.0,182.0,511.0,699.0,3685.0,41.4,87.2,0.475,10.6,29.0,0.365,30.8,58.2,0.53,20.6,25.5,0.806,10.9,30.0,40.9,28.6,9.9,5.6,15.8,21.6,114.0,0.475,13.0,0.668,0.232,0.236,0.106,0.093,0.332,0.53,0.705,0.468,0.4,0.397,0.365,0.62,0.898,0.197,0.357
DAL,ATL,9,6,96,107,2,0,2,1,1,2,0,0,0,2,0,0,1,0,1,0,1,1,0,1,1,0,1,0,0,1,1,31.7,71.0,0.446,6.3,19.2,0.326,25.4,51.9,0.49,14.7,18.7,0.786,10.5,24.3,34.8,20.4,7.1,4.0,14.8,18.5,84.2,1266,2841,0.446,250,767,0.326,1016,2074,0.49,586,746,0.786,419,971,1390,817,285,158,593,739,3368,26.8,9,31,9,31,-7.93,0.75,-7.18,104.2,114.0,-9.8,80.1,0.263,0.27,0.531,0.49,15.8,30.2,0.206,0.536,13.8,73.4,0.236,39.2,87.9,0.446,7.7,23.7,0.326,31.4,64.2,0.49,18.1,23.1,0.786,13.0,30.0,43.0,25.3,8.8,4.9,18.3,22.9,104.2,0.446,12.3,0.73,0.242,0.25,0.13,0.108,0.27,0.49,0.668,0.443,0.337,0.383,0.326,0.614,0.772,0.149,0.333,33.5,70.5,0.475,8.6,23.4,0.365,24.9,47.1,0.53,16.6,20.6,0.806,8.8,24.3,33.0,23.1,8.0,4.6,12.8,17.5,92.1,1339.0,2819.0,0.475,342.0,937.0,0.365,997.0,1882.0,0.53,665.0,825.0,0.806,351.0,970.0,1321.0,925.0,320.0,182.0,511.0,699.0,3685.0,41.4,87.2,0.475,10.6,29.0,0.365,30.8,58.2,0.53,20.6,25.5,0.806,10.9,30.0,40.9,28.6,9.9,5.6,15.8,21.6,114.0,0.475,13.0,0.668,0.232,0.236,0.106,0.093,0.332,0.53,0.705,0.468,0.4,0.397,0.365,0.62,0.898,0.197,0.357
DAL,CHI,9,8,77,92,2,0,2,1,1,2,0,0,0,2,0,0,1,0,1,0,1,1,0,1,1,0,1,0,0,1,1,31.7,71.0,0.446,6.3,19.2,0.326,25.4,51.9,0.49,14.7,18.7,0.786,10.5,24.3,34.8,20.4,7.1,4.0,14.8,18.5,84.2,1266,2841,0.446,250,767,0.326,1016,2074,0.49,586,746,0.786,419,971,1390,817,285,158,593,739,3368,26.8,9,31,9,31,-7.93,0.75,-7.18,104.2,114.0,-9.8,80.1,0.263,0.27,0.531,0.49,15.8,30.2,0.206,0.536,13.8,73.4,0.236,39.2,87.9,0.446,7.7,23.7,0.326,31.4,64.2,0.49,18.1,23.1,0.786,13.0,30.0,43.0,25.3,8.8,4.9,18.3,22.9,104.2,0.446,12.3,0.73,0.242,0.25,0.13,0.108,0.27,0.49,0.668,0.443,0.337,0.383,0.326,0.614,0.772,0.149,0.333,33.5,70.5,0.475,8.6,23.4,0.365,24.9,47.1,0.53,16.6,20.6,0.806,8.8,24.3,33.0,23.1,8.0,4.6,12.8,17.5,92.1,1339.0,2819.0,0.475,342.0,937.0,0.365,997.0,1882.0,0.53,665.0,825.0,0.806,351.0,970.0,1321.0,925.0,320.0,182.0,511.0,699.0,3685.0,41.4,87.2,0.475,10.6,29.0,0.365,30.8,58.2,0.53,20.6,25.5,0.806,10.9,30.0,40.9,28.6,9.9,5.6,15.8,21.6,114.0,0.475,13.0,0.668,0.232,0.236,0.106,0.093,0.332,0.53,0.705,0.468,0.4,0.397,0.365,0.62,0.898,0.197,0.357
DAL,NYL,9,10,91,105,2,0,2,1,1,2,0,0,0,2,0,0,1,0,1,0,1,1,0,1,1,0,1,0,0,1,1,31.7,71.0,0.446,6.3,19.2,0.326,25.4,51.9,0.49,14.7,18.7,0.786,10.5,24.3,34.8,20.4,7.1,4.0,14.8,18.5,84.2,1266,2841,0.446,250,767,0.326,1016,2074,0.49,586,746,0.786,419,971,1390,817,285,158,593,739,3368,26.8,9,31,9,31,-7.93,0.75,-7.18,104.2,114.0,-9.8,80.1,0.263,0.27,0.531,0.49,15.8,30.2,0.206,0.536,13.8,73.4,0.236,39.2,87.9,0.446,7.7,23.7,0.326,31.4,64.2,0.49,18.1,23.1,0.786,13.0,30.0,43.0,25.3,8.8,4.9,18.3,22.9,104.2,0.446,12.3,0.73,0.242,0.25,0.13,0.108,0.27,0.49,0.668,0.443,0.337,0.383,0.326,0.614,0.772,0.149,0.333,33.5,70.5,0.475,8.6,23.4,0.365,24.9,47.1,0.53,16.6,20.6,0.806,8.8,24.3,33.0,23.1,8.0,4.6,12.8,17.5,92.1,1339.0,2819.0,0.475,342.0,937.0,0.365,997.0,1882.0,0.53,665.0,825.0,0.806,351.0,970.0,1321.0,925.0,320.0,182.0,511.0,699.0,3685.0,41.4,87.2,0.475,10.6,29.0,0.365,30.8,58.2,0.53,20.6,25.5,0.806,10.9,30.0,40.9,28.6,9.9,5.6,15.8,21.6,114.0,0.475,13.0,0.668,0.232,0.236,0.106,0.093,0.332,0.53,0.705,0.468,0.4,0.397,0.365,0.62,0.898,0.197,0.357
DAL,NYL,9,12,67,99,2,0,2,1,1,2,0,0,0,2,0,0,1,0,1,0,1,1,0,1,1,0,1,0,0,1,1,31.7,71.0,0.446,6.3,19.2,0.326,25.4,51.9,0.49,14.7,18.7,0.786,10.5,24.3,34.8,20.4,7.1,4.0,14.8,18.5,84.2,1266,2841,0.446,250,767,0.326,1016,2074,0.49,586,746,0.786,419,971,1390,817,285,158,593,739,3368,26.8,9,31,9,31,-7.93,0.75,-7.18,104.2,114.0,-9.8,80.1,0.263,0.27,0.531,0.49,15.8,30.2,0.206,0.536,13.8,73.4,0.236,39.2,87.9,0.446,7.7,23.7,0.326,31.4,64.2,0.49,18.1,23.1,0.786,13.0,30.0,43.0,25.3,8.8,4.9,18.3,22.9,104.2,0.446,12.3,0.73,0.242,0.25,0.13,0.108,0.27,0.49,0.668,0.443,0.337,0.383,0.326,0.614,0.772,0.149,0.333,33.5,70.5,0.475,8.6,23.4,0.365,24.9,47.1,0.53,16.6,20.6,0.806,8.8,24.3,33.0,23.1,8.0,4.6,12.8,17.5,92.1,1339.0,2819.0,0.475,342.0,937.0,0.365,997.0,1882.0,0.53,665.0,825.0,0.806,351.0,970.0,1321.0,925.0,320.0,182.0,511.0,699.0,3685.0,41.4,87.2,0.475,10.6,29.0,0.365,30.8,58.2,0.53,20.6,25.5,0.806,10.9,30.0,40.9,28.6,9.9,5.6,15.8,21.6,114.0,0.475,13.0,0.668,0.232,0.236,0.106,0.093,0.332,0.53,0.705,0.468,0.4,0.397,0.365,0.62,0.898,0.197,0.357
DAL,SEA,9,13,81,83,2,0,1,1,1,1,0,0,0,1,0,0,0,0,1,0,1,1,0,1,1,0,1,0,0,1,1,31.7,71.0,0.446,6.3,19.2,0.326,25.4,51.9,0.49,14.7,18.7,0.786,10.5,24.3,34.8,20.4,7.1,4.0,14.8,18.5,84.2,1266,2841,0.446,250,767,0.326,1016,2074,0.49,586,746,0.786,419,971,1390,817,285,158,593,739,3368,26.8,9,31,9,31,-7.93,0.75,-7.18,104.2,114.0,-9.8,80.1,0.263,0.27,0.531,0.49,15.8,30.2,0.206,0.536,13.8,73.4,0.236,39.2,87.9,0.446,7.7,23.7,0.326,31.4,64.2,0.49,18.1,23.1,0.786,13.0,30.0,43.0,25.3,8.8,4.9,18.3,22.9,104.2,0.446,12.3,0.73,0.242,0.25,0.13,0.108,0.27,0.49,0.668,0.443,0.337,0.383,0.326,0.614,0.772,0.149,0.333,33.5,70.5,0.475,8.6,23.4,0.365,24.9,47.1,0.53,16.6,20.6,0.806,8.8,24.3,33.0,23.1,8.0,4.6,12.8,17.5,92.1,1339.0,2819.0,0.475,342.0,937.0,0.365,997.0,1882.0,0.53,665.0,825.0,0.806,351.0,970.0,1321.0,925.0,320.0,182.0,511.0,699.0,3685.0,41.4,87.2,0.475,10.6,29.0,0.365,30.8,58.2,0.53,20.6,25.5,0.806,10.9,30.0,40.9,28.6,9.9,5.6,15.8,21.6,114.0,0.475,13.0,0.668,0.232,0.236,0.106,0.093,0.332,0.53,0.705,0.468,0.4,0.397,0.365,0.62,0.898,0.197,0.357
DAL,IND,9,15,109,110,2,0,2,1,1,2,0,0,0,2,0,0,1,0,1,0,1,1,0,1,1,0,1,0,0,1,1,31.7,71.0,0.446,6.3,19.2,0.326,25.4,51.9,0.49,14.7,18.7,0.786,10.5,24.3,34.8,20.4,7.1,4.0,14.8,18.5,84.2,1266,2841,0.446,250,767,0.326,1016,2074,0.49,586,746,0.786,419,971,1390,817,285,158,593,739,3368,26.8,9,31,9,31,-7.93,0.75,-7.18,104.2,114.0,-9.8,80.1,0.263,0.27,0.531,0.49,15.8,30.2,0.206,0.536,13.8,73.4,0.236,39.2,87.9,0.446,7.7,23.7,0.326,31.4,64.2,0.49,18.1,23.1,0.786,13.0,30.0,43.0,25.3,8.8,4.9,18.3,22.9,104.2,0.446,12.3,0.73,0.242,0.25,0.13,0.108,0.27,0.49,0.668,0.443,0.337,0.383,0.326,0.614,0.772,0.149,0.333,33.5,70.5,0.475,8.6,23.4,0.365,24.9,47.1,0.53,16.6,20.6,0.806,8.8,24.3,33.0,23.1,8.0,4.6,12.8,17.5,92.1,1339.0,2819.0,0.475,342.0,937.0,0.365,997.0,1882.0,0.53,665.0,825.0,0.806,351.0,970.0,1321.0,925.0,320.0,182.0,511.0,699.0,3685.0,41.4,87.2,0.475,10.6,29.0,0.365,30.8,58.2,0.53,20.6,25.5,0.806,10.9,30.0,40.9,28.6,9.9,5.6,15.8,21.6,114.0,0.475,13.0,0.668,0.232,0.236,0.106,0.093,0.332,0.53,0.705,0.468,0.4,0.397,0.365,0.62,0.898,0.197,0.357
DAL,LVA,9,19,84,98,1,0,1,0,1,1,0,0,0,1,0,0,1,0,0,0,0,0,0,1,1,0,0,0,0,0,0,31.7,71.0,0.446,6.3,19.2,0.326,25.4,51.9,0.49,14.7,18.7,0.786,10.5,24.3,34.8,20.4,7.1,4.0,14.8,18.5,84.2,1266,2841,0.446,250,767,0.326,1016,2074,0.49,586,746,0.786,419,971,1390,817,285,158,593,739,3368,26.8,9,31,9,31,-7.93,0.75,-7.18,104.2,114.0,-9.8,80.1,0.263,0.27,0.531,0.49,15.8,30.2,0.206,0.536,13.8,73.4,0.236,39.2,87.9,0.446,7.7,23.7,0.326,31.4,64.2,0.49,18.1,23.1,0.786,13.0,30.0,43.0,25.3,8.8,4.9,18.3,22.9,104.2,0.446,12.3,0.73,0.242,0.25,0.13,0.108,0.27,0.49,0.668,0.443,0.337,0.383,0.326,0.614,0.772,0.149,0.333,33.5,70.5,0.475,8.6,23.4,0.365,24.9,47.1,0.53,16.6,20.6,0.806,8.8,24.3,33.0,23.1,8.0,4.6,12.8,17.5,92.1,1339.0,2819.0,0.475,342.0,937.0,0.365,997.0,1882.0,0.53,665.0,825.0,0.806,351.0,970.0,1321.0,925.0,320.0,182.0,511.0,699.0,3685.0,41.4,87.2,0.475,10.6,29.0,0.365,30.8,58.2,0.53,20.6,25.5,0.806,10.9,30.0,40.9,28.6,9.9,5.6,15.8,21.6,114.0,0.475,13.0,0.668,0.232,0.236,0.106,0.093,0.332,0.53,0.705,0.468,0.4,0.397,0.365,0.62,0.898,0.197,0.357
IND,CON,5,14,71,92,2,0,1,2,1,0,1,1,1,1,1,0,1,0,0,0,1,0,0,1,0,0,2,1,0,1,1,31.3,68.5,0.456,9.2,25.9,0.356,22.1,42.7,0.517,13.3,17.1,0.775,8.3,26.8,35.1,20.4,5.9,4.3,14.2,18.2,85.0,1250,2741,0.456,368,1034,0.356,882,1707,0.517,531,685,0.775,331,1071,1402,816,235,173,568,726,3399,25.5,20,20,16,24,-2.68,0.49,-2.19,106.1,109.5,-3.4,79.8,0.25,0.377,0.559,0.523,15.7,24.6,0.194,0.507,12.8,76.7,0.228,39.0,85.6,0.456,11.5,32.3,0.356,27.5,53.3,0.517,16.6,21.4,0.775,10.3,33.4,43.8,25.5,7.3,5.4,17.7,22.7,106.1,0.456,13.6,0.623,0.28,0.189,0.073,0.081,0.377,0.517,0.622,0.478,0.375,0.372,0.356,0.602,0.774,0.182,0.372,31.2,70.6,0.441,9.2,25.5,0.361,21.9,45.1,0.487,16.1,20.1,0.803,8.2,25.4,33.6,21.4,7.7,3.8,11.6,17.2,87.7,1246.0,2823.0,0.441,369.0,1021.0,0.361,877.0,1802.0,0.487,645.0,803.0,0.803,326.0,1016.0,1342.0,857.0,309.0,151.0,465.0,686.0,3506.0,38.9,88.1,0.441,11.5,31.9,0.361,27.4,56.3,0.487,20.1,25.1,0.803,10.2,31.7,41.9,26.8,9.6,4.7,14.5,21.4,109.5,0.441,14.0,0.638,0.228,0.209,0.112,0.09,0.362,0.487,0.608,0.448,0.375,0.408,0.361,0.603,0.889,0.193,0.396
IND,NYL,5,16,66,102,2,0,1,2,2,0,1,1,1,1,1,0,1,0,0,0,1,0,0,1,0,0,2,1,0,1,1,31.3,68.5,0.456,9.2,25.9,0.356,22.1,42.7,0.517,13.3,17.1,0.775,8.3,26.8,35.1,20.4,5.9,4.3,14.2,18.2,85.0,1250,2741,0.456,368,1034,0.356,882,1707,0.517,531,685,0.775,331,1071,1402,816,235,173,568,726,3399,25.5,20,20,16,24,-2.68,0.49,-2.19,106.1,109.5,-3.4,79.8,0.25,0.377,0.559,0.523,15.7,24.6,0.194,0.507,12.8,76.7,0.228,39.0,85.6,0.456,11.5,32.3,0.356,27.5,53.3,0.517,16.6,21.4,0.775,10.3,33.4,43.8,25.5,7.3,5.4,17.7,22.7,106.1,0.456,13.6,0.623,0.28,0.189,0.073,0.081,0.377,0.517,0.622,0.478,0.375,0.372,0.356,0.602,0.774,0.182,0.372,31.2,70.6,0.441,9.2,25.5,0.361,21.9,45.1,0.487,16.1,20.1,0.803,8.2,25.4,33.6,21.4,7.7,3.8,11.6,17.2,87.7,1246.0,2823.0,0.441,369.0,1021.0,0.361,877.0,1802.0,0.487,645.0,803.0,0.803,326.0,1016.0,1342.0,857.0,309.0,151.0,465.0,686.0,3506.0,38.9,88.1,0.441,11.5,31.9,0.361,27.4,56.3,0.487,20.1,25.1,0.803,10.2,31.7,41.9,26.8,9.6,4.7,14.5,21.4,109.5,0.441,14.0,0.638,0.228,0.209,0.112,0.09,0.362,0.487,0.608,0.448,0.375,0.408,0.361,0.603,0.889,0.193,0.396
IND,NYL,5,18,80,91,2,0,1,2,0,0,1,1,1,1,1,0,1,0,0,0,1,0,0,1,0,0,2,1,0,1,1,31.3,68.5,0.456,9.2,25.9,0.356,22.1,42.7,0.517,13.3,17.1,0.775,8.3,26.8,35.1,20.4,5.9,4.3,14.2,18.2,85.0,1250,2741,0.456,368,1034,0.356,882,1707,0.517,531,685,0.775,331,1071,1402,816,235,173,568,726,3399,25.5,20,20,16,24,-2.68,0.49,-2.19,106.1,109.5,-3.4,79.8,0.25,0.377,0.559,0.523,15.7,24.6,0.194,0.507,12.8,76.7,0.228,39.0,85.6,0.456,11.5,32.3,0.356,27.5,53.3,0.517,16.6,21.4,0.775,10.3,33.4,43.8,25.5,7.3,5.4,17.7,22.7,106.1,0.456,13.6,0.623,0.28,0.189,0.073,0.081,0.377,0.517,0.622,0.478,0.375,0.372,0.356,0.602,0.774,0.182,0.372,31.2,70.6,0.441,9.2,25.5,0.361,21.9,45.1,0.487,16.1,20.1,0.803,8.2,25.4,33.6,21.4,7.7,3.8,11.6,17.2,87.7,1246.0,2823.0,0.441,369.0,1021.0,0.361,877.0,1802.0,0.487,645.0,803.0,0.803,326.0,1016.0,1342.0,857.0,309.0,151.0,465.0,686.0,3506.0,38.9,88.1,0.441,11.5,31.9,0.361,27.4,56.3,0.487,20.1,25.1,0.803,10.2,31.7,41.9,26.8,9.6,4.7,14.5,21.4,109.5,0.441,14.0,0.638,0.228,0.209,0.112,0.09,0.362,0.487,0.608,0.448,0.375,0.408,0.361,0.603,0.889,0.193,0.396
IND,CON,5,20,84,88,2,0,1,2,0,0,1,1,1,1,1,0,1,0,0,0,1,0,0,1,0,0,2,1,0,1,1,31.3,68.5,0.456,9.2,25.9,0.356,22.1,42.7,0.517,13.3,17.1,0.775,8.3,26.8,35.1,20.4,5.9,4.3,14.2,18.2,85.0,1250,2741,0.456,368,1034,0.356,882,1707,0.517,531,685,0.775,331,1071,1402,816,235,173,568,726,3399,25.5,20,20,16,24,-2.68,0.49,-2.19,106.1,109.5,-3.4,79.8,0.25,0.377,0.559,0.523,15.7,24.6,0.194,0.507,12.8,76.7,0.228,39.0,85.6,0.456,11.5,32.3,0.356,27.5,53.3,0.517,16.6,21.4,0.775,10.3,33.4,43.8,25.5,7.3,5.4,17.7,22.7,106.1,0.456,13.6,0.623,0.28,0.189,0.073,0.081,0.377,0.517,0.622,0.478,0.375,0.372,0.356,0.602,0.774,0.182,0.372,31.2,70.6,0.441,9.2,25.5,0.361,21.9,45.1,0.487,16.1,20.1,0.803,8.2,25.4,33.6,21.4,7.7,3.8,11.6,17.2,87.7,1246.0,2823.0,0.441,369.0,1021.0,0.361,877.0,1802.0,0.487,645.0,803.0,0.803,326.0,1016.0,1342.0,857.0,309.0,151.0,465.0,686.0,3506.0,38.9,88.1,0.441,11.5,31.9,0.361,27.4,56.3,0.487,20.1,25.1,0.803,10.2,31.7,41.9,26.8,9.6,4.7,14.5,21.4,109.5,0.441,14.0,0.638,0.228,0.209,0.112,0.09,0.362,0.487,0.608,0.448,0.375,0.408,0.361,0.603,0.889,0.193,0.396
IND,SEA,5,22,83,85,2,0,1,2,0,0,1,1,1,1,1,0,1,0,0,0,1,0,0,1,0,0,2,1,0,1,1,31.3,68.5,0.456,9.2,25.9,0.356,22.1,42.7,0.517,13.3,17.1,0.775,8.3,26.8,35.1,20.4,5.9,4.3,14.2,18.2,85.0,1250,2741,0.456,368,1034,0.356,882,1707,0.517,531,685,0.775,331,1071,1402,816,235,173,568,726,3399,25.5,20,20,16,24,-2.68,0.49,-2.19,106.1,109.5,-3.4,79.8,0.25,0.377,0.559,0.523,15.7,24.6,0.194,0.507,12.8,76.7,0.228,39.0,85.6,0.456,11.5,32.3,0.356,27.5,53.3,0.517,16.6,21.4,0.775,10.3,33.4,43.8,25.5,7.3,5.4,17.7,22.7,106.1,0.456,13.6,0.623,0.28,0.189,0.073,0.081,0.377,0.517,0.622,0.478,0.375,0.372,0.356,0.602,0.774,0.182,0.372,31.2,70.6,0.441,9.2,25.5,0.361,21.9,45.1,0.487,16.1,20.1,0.803,8.2,25.4,33.6,21.4,7.7,3.8,11.6,17.2,87.7,1246.0,2823.0,0.441,369.0,1021.0,0.361,877.0,1802.0,0.487,645.0,803.0,0.803,326.0,1016.0,1342.0,857.0,309.0,151.0,465.0,686.0,3506.0,38.9,88.1,0.441,11.5,31.9,0.361,27.4,56.3,0.487,20.1,25.1,0.803,10.2,31.7,41.9,26.8,9.6,4.7,14.5,21.4,109.5,0.441,14.0,0.638,0.228,0.209,0.112,0.09,0.362,0.487,0.608,0.448,0.375,0.408,0.361,0.603,0.889,0.193,0.396
IND,LAS,5,24,78,73,2,0,1,2,0,0,1,1,1,1,1,0,1,0,0,0,1,0,0,1,0,0,2,1,0,1,1,31.3,68.5,0.456,9.2,25.9,0.356,22.1,42.7,0.517,13.3,17.1,0.775,8.3,26.8,35.1,20.4,5.9,4.3,14.2,18.2,85.0,1250,2741,0.456,368,1034,0.356,882,1707,0.517,531,685,0.775,331,1071,1402,816,235,173,568,726,3399,25.5,20,20,16,24,-2.68,0.49,-2.19,106.1,109.5,-3.4,79.8,0.25,0.377,0.559,0.523,15.7,24.6,0.194,0.507,12.8,76.7,0.228,39.0,85.6,0.456,11.5,32.3,0.356,27.5,53.3,0.517,16.6,21.4,0.775,10.3,33.4,43.8,25.5,7.3,5.4,17.7,22.7,106.1,0.456,13.6,0.623,0.28,0.189,0.073,0.081,0.377,0.517,0.622,0.478,0.375,0.372,0.356,0.602,0.774,0.182,0.372,31.2,70.6,0.441,9.2,25.5,0.361,21.9,45.1,0.487,16.1,20.1,0.803,8.2,25.4,33.6,21.4,7.7,3.8,11.6,17.2,87.7,1246.0,2823.0,0.441,369.0,1021.0,0.361,877.0,1802.0,0.487,645.0,803.0,0.803,326.0,1016.0,1342.0,857.0,309.0,151.0,465.0,686.0,3506.0,38.9,88.1,0.441,11.5,31.9,0.361,27.4,56.3,0.487,20.1,25.1,0.803,10.2,31.7,41.9,26.8,9.6,4.7,14.5,21.4,109.5,0.441,14.0,0.638,0.228,0.209,0.112,0.09,0.362,0.487,0.608,0.448,0.375,0.408,0.361,0.603,0.889,0.193,0.396
IND,LVA,5,25,80,99,2,1,1,2,2,0,1,1,1,1,1,0,1,0,0,0,1,0,0,1,0,0,2,1,0,1,1,31.3,68.5,0.456,9.2,25.9,0.356,22.1,42.7,0.517,13.3,17.1,0.775,8.3,26.8,35.1,20.4,5.9,4.3,14.2,18.2,85.0,1250,2741,0.456,368,1034,0.356,882,1707,0.517,531,685,0.775,331,1071,1402,816,235,173,568,726,3399,25.5,20,20,16,24,-2.68,0.49,-2.19,106.1,109.5,-3.4,79.8,0.25,0.377,0.559,0.523,15.7,24.6,0.194,0.507,12.8,76.7,0.228,39.0,85.6,0.456,11.5,32.3,0.356,27.5,53.3,0.517,16.6,21.4,0.775,10.3,33.4,43.8,25.5,7.3,5.4,17.7,22.7,106.1,0.456,13.6,0.623,0.28,0.189,0.073,0.081,0.377,0.517,0.622,0.478,0.375,0.372,0.356,0.602,0.774,0.182,0.372,31.2,70.6,0.441,9.2,25.5,0.361,21.9,45.1,0.487,16.1,20.1,0.803,8.2,25.4,33.6,21.4,7.7,3.8,11.6,17.2,87.7,1246.0,2823.0,0.441,369.0,1021.0,0.361,877.0,1802.0,0.487,645.0,803.0,0.803,326.0,1016.0,1342.0,857.0,309.0,151.0,465.0,686.0,3506.0,38.9,88.1,0.441,11.5,31.9,0.361,27.4,56.3,0.487,20.1,25.1,0.803,10.2,31.7,41.9,26.8,9.6,4.7,14.5,21.4,109.5,0.441,14.0,0.638,0.228,0.209,0.112,0.09,0.362,0.487,0.608,0.448,0.375,0.408,0.361,0.603,0.889,0.193,0.396
IND,LAS,5,28,82,88,2,0,1,2,0,0,1,1,1,1,1,0,1,0,0,0,1,0,0,1,0,0,2,1,0,1,1,31.3,68.5,0.456,9.2,25.9,0.356,22.1,42.7,0.517,13.3,17.1,0.775,8.3,26.8,35.1,20.4,5.9,4.3,14.2,18.2,85.0,1250,2741,0.456,368,1034,0.356,882,1707,0.517,531,685,0.775,331,1071,1402,816,235,173,568,726,3399,25.5,20,20,16,24,-2.68,0.49,-2.19,106.1,109.5,-3.4,79.8,0.25,0.377,0.559,0.523,15.7,24.6,0.194,0.507,12.8,76.7,0.228,39.0,85.6,0.456,11.5,32.3,0.356,27.5,53.3,0.517,16.6,21.4,0.775,10.3,33.4,43.8,25.5,7.3,5.4,17.7,22.7,106.1,0.456,13.6,0.623,0.28,0.189,0.073,0.081,0.377,0.517,0.622,0.478,0.375,0.372,0.356,0.602,0.774,0.182,0.372,31.2,70.6,0.441,9.2,25.5,0.361,21.9,45.1,0.487,16.1,20.1,0.803,8.2,25.4,33.6,21.4,7.7,3.8,11.6,17.2,87.7,1246.0,2823.0,0.441,369.0,1021.0,0.361,877.0,1802.0,0.487,645.0,803.0,0.803,326.0,1016.0,1342.0,857.0,309.0,151.0,465.0,686.0,3506.0,38.9,88.1,0.441,11.5,31.9,0.361,27.4,56.3,0.487,20.1,25.1,0.803,10.2,31.7,41.9,26.8,9.6,4.7,14.5,21.4,109.5,0.441,14.0,0.638,0.228,0.209,0.112,0.09,0.362,0.487,0.608,0.448,0.375,0.408,0.361,0.603,0.889,0.193,0.396
IND,SEA,5,30,88,103,2,1,1,2,2,0,1,1,1,1,1,0,1,0,0,0,1,0,0,2,0,0,2,1,0,1,1,31.3,68.5,0.456,9.2,25.9,0.356,22.1,42.7,0.517,13.3,17.1,0.775,8.3,26.8,35.1,20.4,5.9,4.3,14.2,18.2,85.0,1250,2741,0.456,368,1034,0.356,882,1707,0.517,531,685,0.775,331,1071,1402,816,235,173,568,726,3399,25.5,20,20,16,24,-2.68,0.49,-2.19,106.1,109.5,-3.4,79.8,0.25,0.377,0.559,0.523,15.7,24.6,0.194,0.507,12.8,76.7,0.228,39.0,85.6,0.456,11.5,32.3,0.356,27.5,53.3,0.517,16.6,21.4,0.775,10.3,33.4,43.8,25.5,7.3,5.4,17.7,22.7,106.1,0.456,13.6,0.623,0.28,0.189,0.073,0.081,0.377,0.517,0.622,0.478,0.375,0.372,0.356,0.602,0.774,0.182,0.372,31.2,70.6,0.441,9.2,25.5,0.361,21.9,45.1,0.487,16.1,20.1,0.803,8.2,25.4,33.6,21.4,7.7,3.8,11.6,17.2,87.7,1246.0,2823.0,0.441,369.0,1021.0,0.361,877.0,1802.0,0.487,645.0,803.0,0.803,326.0,1016.0,1342.0,857.0,309.0,151.0,465.0,686.0,3506.0,38.9,88.1,0.441,11.5,31.9,0.361,27.4,56.3,0.487,20.1,25.1,0.803,10.2,31.7,41.9,26.8,9.6,4.7,14.5,21.4,109.5,0.441,14.0,0.638,0.228,0.209,0.112,0.09,0.362,0.487,0.608,0.448,0.375,0.408,0.361,0.603,0.889,0.193,0.396
IND,CHI,6,1,71,70,2,0,1,2,1,0,1,1,1,1,1,0,1,0,0,0,1,0,0,1,0,0,2,1,0,1,1,31.3,68.5,0.456,9.2,25.9,0.356,22.1,42.7,0.517,13.3,17.1,0.775,8.3,26.8,35.1,20.4,5.9,4.3,14.2,18.2,85.0,1250,2741,0.456,368,1034,0.356,882,1707,0.517,531,685,0.775,331,1071,1402,816,235,173,568,726,3399,25.5,20,20,16,24,-2.68,0.49,-2.19,106.1,109.5,-3.4,79.8,0.25,0.377,0.559,0.523,15.7,24.6,0.194,0.507,12.8,76.7,0.228,39.0,85.6,0.456,11.5,32.3,0.356,27.5,53.3,0.517,16.6,21.4,0.775,10.3,33.4,43.8,25.5,7.3,5.4,17.7,22.7,106.1,0.456,13.6,0.623,0.28,0.189,0.073,0.081,0.377,0.517,0.622,0.478,0.375,0.372,0.356,0.602,0.774,0.182,0.372,31.2,70.6,0.441,9.2,25.5,0.361,21.9,45.1,0.487,16.1,20.1,0.803,8.2,25.4,33.6,21.4,7.7,3.8,11.6,17.2,87.7,1246.0,2823.0,0.441,369.0,1021.0,0.361,877.0,1802.0,0.487,645.0,803.0,0.803,326.0,1016.0,1342.0,857.0,309.0,151.0,465.0,686.0,3506.0,38.9,88.1,0.441,11.5,31.9,0.361,27.4,56.3,0.487,20.1,25.1,0.803,10.2,31.7,41.9,26.8,9.6,4.7,14.5,21.4,109.5,0.441,14.0,0.638,0.228,0.209,0.112,0.09,0.362,0.487,0.608,0.448,0.375,0.408,0.361,0.603,0.889,0.193,0.396
IND,NYL,6,2,68,104,2,1,1,2,2,0,1,1,1,1,1,0,1,0,0,0,1,0,0,2,0,0,2,1,0,1,1,31.3,68.5,0.456,9.2,25.9,0.356,22.1,42.7,0.517,13.3,17.1,0.775,8.3,26.8,35.1,20.4,5.9,4.3,14.2,18.2,85.0,1250,2741,0.456,368,1034,0.356,882,1707,0.517,531,685,0.775,331,1071,1402,816,235,173,568,726,3399,25.5,20,20,16,24,-2.68,0.49,-2.19,106.1,109.5,-3.4,79.8,0.25,0.377,0.559,0.523,15.7,24.6,0.194,0.507,12.8,76.7,0.228,39.0,85.6,0.456,11.5,32.3,0.356,27.5,53.3,0.517,16.6,21.4,0.775,10.3,33.4,43.8,25.5,7.3,5.4,17.7,22.7,106.1,0.456,13.6,0.623,0.28,0.189,0.073,0.081,0.377,0.517,0.622,0.478,0.375,0.372,0.356,0.602,0.774,0.182,0.372,31.2,70.6,0.441,9.2,25.5,0.361,21.9,45.1,0.487,16.1,20.1,0.803,8.2,25.4,33.6,21.4,7.7,3.8,11.6,17.2,87.7,1246.0,2823.0,0.441,369.0,1021.0,0.361,877.0,1802.0,0.487,645.0,803.0,0.803,326.0,1016.0,1342.0,857.0,309.0,151.0,465.0,686.0,3506.0,38.9,88.1,0.441,11.5,31.9,0.361,27.4,56.3,0.487,20.1,25.1,0.803,10.2,31.7,41.9,26.8,9.6,4.7,14.5,21.4,109.5,0.441,14.0,0.638,0.228,0.209,0.112,0.09,0.362,0.487,0.608,0.448,0.375,0.408,0.361,0.603,0.889,0.193,0.396
IND,WAS,6,7,85,83,2,0,1,2,0,0,1,1,1,1,1,0,1,0,0,0,1,0,0,1,0,0,2,1,0,1,1,31.3,68.5,0.456,9.2,25.9,0.356,22.1,42.7,0.517,13.3,17.1,0.775,8.3,26.8,35.1,20.4,5.9,4.3,14.2,18.2,85.0,1250,2741,0.456,368,1034,0.356,882,1707,0.517,531,685,0.775,331,1071,1402,816,235,173,568,726,3399,25.5,20,20,16,24,-2.68,0.49,-2.19,106.1,109.5,-3.4,79.8,0.25,0.377,0.559,0.523,15.7,24.6,0.194,0.507,12.8,76.7,0.228,39.0,85.6,0.456,11.5,32.3,0.356,27.5,53.3,0.517,16.6,21.4,0.775,10.3,33.4,43.8,25.5,7.3,5.4,17.7,22.7,106.1,0.456,13.6,0.623,0.28,0.189,0.073,0.081,0.377,0.517,0.622,0.478,0.375,0.372,0.356,0.602,0.774,0.182,0.372,31.2,70.6,0.441,9.2,25.5,0.361,21.9,45.1,0.487,16.1,20.1,0.803,8.2,25.4,33.6,21.4,7.7,3.8,11.6,17.2,87.7,1246.0,2823.0,0.441,369.0,1021.0,0.361,877.0,1802.0,0.487,645.0,803.0,0.803,326.0,1016.0,1342.0,857.0,309.0,151.0,465.0,686.0,3506.0,38.9,88.1,0.441,11.5,31.9,0.361,27.4,56.3,0.487,20.1,25.1,0.803,10.2,31.7,41.9,26.8,9.6,4.7,14.5,21.4,109.5,0.441,14.0,0.638,0.228,0.209,0.112,0.09,0.362,0.487,0.608,0.448,0.375,0.408,0.361,0.603,0.889,0.193,0.396
IND,CON,6,10,72,89,2,1,1,2,2,0,1,1,1,1,1,0,1,0,0,0,1,0,0,2,0,0,2,1,0,1,1,31.3,68.5,0.456,9.2,25.9,0.356,22.1,42.7,0.517,13.3,17.1,0.775,8.3,26.8,35.1,20.4,5.9,4.3,14.2,18.2,85.0,1250,2741,0.456,368,1034,0.356,882,1707,0.517,531,685,0.775,331,1071,1402,816,235,173,568,726,3399,25.5,20,20,16,24,-2.68,0.49,-2.19,106.1,109.5,-3.4,79.8,0.25,0.377,0.559,0.523,15.7,24.6,0.194,0.507,12.8,76.7,0.228,39.0,85.6,0.456,11.5,32.3,0.356,27.5,53.3,0.517,16.6,21.4,0.775,10.3,33.4,43.8,25.5,7.3,5.4,17.7,22.7,106.1,0.456,13.6,0.623,0.28,0.189,0.073,0.081,0.377,0.517,0.622,0.478,0.375,0.372,0.356,0.602,0.774,0.182,0.372,31.2,70.6,0.441,9.2,25.5,0.361,21.9,45.1,0.487,16.1,20.1,0.803,8.2,25.4,33.6,21.4,7.7,3.8,11.6,17.2,87.7,1246.0,2823.0,0.441,369.0,1021.0,0.361,877.0,1802.0,0.487,645.0,803.0,0.803,326.0,1016.0,1342.0,857.0,309.0,151.0,465.0,686.0,3506.0,38.9,88.1,0.441,11.5,31.9,0.361,27.4,56.3,0.487,20.1,25.1,0.803,10.2,31.7,41.9,26.8,9.6,4.7,14.5,21.4,109.5,0.441,14.0,0.638,0.228,0.209,0.112,0.09,0.362,0.487,0.608,0.448,0.375,0.408,0.361,0.603,0.889,0.193,0.396
IND,ATL,6,13,91,84,2,0,1,2,0,0,1,1,1,1,1,0,1,0,0,0,1,0,0,1,0,0,2,1,0,1,1,31.3,68.5,0.456,9.2,25.9,0.356,22.1,42.7,0.517,13.3,17.1,0.775,8.3,26.8,35.1,20.4,5.9,4.3,14.2,18.2,85.0,1250,2741,0.456,368,1034,0.356,882,1707,0.517,531,685,0.775,331,1071,1402,816,235,173,568,726,3399,25.5,20,20,16,24,-2.68,0.49,-2.19,106.1,109.5,-3.4,79.8,0.25,0.377,0.559,0.523,15.7,24.6,0.194,0.507,12.8,76.7,0.228,39.0,85.6,0.456,11.5,32.3,0.356,27.5,53.3,0.517,16.6,21.4,0.775,10.3,33.4,43.8,25.5,7.3,5.4,17.7,22.7,106.1,0.456,13.6,0.623,0.28,0.189,0.073,0.081,0.377,0.517,0.622,0.478,0.375,0.372,0.356,0.602,0.774,0.182,0.372,31.2,70.6,0.441,9.2,25.5,0.361,21.9,45.1,0.487,16.1,20.1,0.803,8.2,25.4,33.6,21.4,7.7,3.8,11.6,17.2,87.7,1246.0,2823.0,0.441,369.0,1021.0,0.361,877.0,1802.0,0.487,645.0,803.0,0.803,326.0,1016.0,1342.0,857.0,309.0,151.0,465.0,686.0,3506.0,38.9,88.1,0.441,11.5,31.9,0.361,27.4,56.3,0.487,20.1,25.1,0.803,10.2,31.7,41.9,26.8,9.6,4.7,14.5,21.4,109.5,0.441,14.0,0.638,0.228,0.209,0.112,0.09,0.362,0.487,0.608,0.448,0.375,0.408,0.361,0.603,0.889,0.193,0.396
IND,CHI,6,16,91,83,2,0,1,2,0,0,1,1,1,1,1,0,1,0,0,0,1,0,0,1,0,0,2,1,0,1,1,31.3,68.5,0.456,9.2,25.9,0.356,22.1,42.7,0.517,13.3,17.1,0.775,8.3,26.8,35.1,20.4,5.9,4.3,14.2,18.2,85.0,1250,2741,0.456,368,1034,0.356,882,1707,0.517,531,685,0.775,331,1071,1402,816,235,173,568,726,3399,25.5,20,20,16,24,-2.68,0.49,-2.19,106.1,109.5,-3.4,79.8,0.25,0.377,0.559,0.523,15.7,24.6,0.194,0.507,12.8,76.7,0.228,39.0,85.6,0.456,11.5,32.3,0.356,27.5,53.3,0.517,16.6,21.4,0.775,10.3,33.4,43.8,25.5,7.3,5.4,17.7,22.7,106.1,0.456,13.6,0.623,0.28,0.189,0.073,0.081,0.377,0.517,0.622,0.478,0.375,0.372,0.356,0.602,0.774,0.182,0.372,31.2,70.6,0.441,9.2,25.5,0.361,21.9,45.1,0.487,16.1,20.1,0.803,8.2,25.4,33.6,21.4,7.7,3.8,11.6,17.2,87.7,1246.0,2823.0,0.441,369.0,1021.0,0.361,877.0,1802.0,0.487,645.0,803.0,0.803,326.0,1016.0,1342.0,857.0,309.0,151.0,465.0,686.0,3506.0,38.9,88.1,0.441,11.5,31.9,0.361,27.4,56.3,0.487,20.1,25.1,0.803,10.2,31.7,41.9,26.8,9.6,4.7,14.5,21.4,109.5,0.441,14.0,0.638,0.228,0.209,0.112,0.09,0.362,0.487,0.608,0.448,0.375,0.408,0.361,0.603,0.889,0.193,0.396
IND,WAS,6,19,88,81,2,0,1,2,0,0,1,1,1,1,1,0,1,0,0,0,1,0,0,1,0,0,2,1,0,1,1,31.3,68.5,0.456,9.2,25.9,0.356,22.1,42.7,0.517,13.3,17.1,0.775,8.3,26.8,35.1,20.4,5.9,4.3,14.2,18.2,85.0,1250,2741,0.456,368,1034,0.356,882,1707,0.517,531,685,0.775,331,1071,1402,816,235,173,568,726,3399,25.5,20,20,16,24,-2.68,0.49,-2.19,106.1,109.5,-3.4,79.8,0.25,0.377,0.559,0.523,15.7,24.6,0.194,0.507,12.8,76.7,0.228,39.0,85.6,0.456,11.5,32.3,0.356,27.5,53.3,0.517,16.6,21.4,0.775,10.3,33.4,43.8,25.5,7.3,5.4,17.7,22.7,106.1,0.456,13.6,0.623,0.28,0.189,0.073,0.081,0.377,0.517,0.622,0.478,0.375,0.372,0.356,0.602,0.774,0.182,0.372,31.2,70.6,0.441,9.2,25.5,0.361,21.9,45.1,0.487,16.1,20.1,0.803,8.2,25.4,33.6,21.4,7.7,3.8,11.6,17.2,87.7,1246.0,2823.0,0.441,369.0,1021.0,0.361,877.0,1802.0,0.487,645.0,803.0,0.803,326.0,1016.0,1342.0,857.0,309.0,151.0,465.0,686.0,3506.0,38.9,88.1,0.441,11.5,31.9,0.361,27.4,56.3,0.487,20.1,25.1,0.803,10.2,31.7,41.9,26.8,9.6,4.7,14.5,21.4,109.5,0.441,14.0,0.638,0.228,0.209,0.112,0.09,0.362,0.487,0.608,0.448,0.375,0.408,0.361,0.603,0.889,0.193,0.396
IND,ATL,6,21,91,79,2,1,1,2,2,0,1,1,1,1,1,0,1,0,0,0,1,0,0,2,0,0,2,1,0,1,1,31.3,68.5,0.456,9.2,25.9,0.356,22.1,42.7,0.517,13.3,17.1,0.775,8.3,26.8,35.1,20.4,5.9,4.3,14.2,18.2,85.0,1250,2741,0.456,368,1034,0.356,882,1707,0.517,531,685,0.775,331,1071,1402,816,235,173,568,726,3399,25.5,20,20,16,24,-2.68,0.49,-2.19,106.1,109.5,-3.4,79.8,0.25,0.377,0.559,0.523,15.7,24.6,0.194,0.507,12.8,76.7,0.228,39.0,85.6,0.456,11.5,32.3,0.356,27.5,53.3,0.517,16.6,21.4,0.775,10.3,33.4,43.8,25.5,7.3,5.4,17.7,22.7,106.1,0.456,13.6,0.623,0.28,0.189,0.073,0.081,0.377,0.517,0.622,0.478,0.375,0.372,0.356,0.602,0.774,0.182,0.372,31.2,70.6,0.441,9.2,25.5,0.361,21.9,45.1,0.487,16.1,20.1,0.803,8.2,25.4,33.6,21.4,7.7,3.8,11.6,17.2,87.7,1246.0,2823.0,0.441,369.0,1021.0,0.361,877.0,1802.0,0.487,645.0,803.0,0.803,326.0,1016.0,1342.0,857.0,309.0,151.0,465.0,686.0,3506.0,38.9,88.1,0.441,11.5,31.9,0.361,27.4,56.3,0.487,20.1,25.1,0.803,10.2,31.7,41.9,26.8,9.6,4.7,14.5,21.4,109.5,0.441,14.0,0.638,0.228,0.209,0.112,0.09,0.362,0.487,0.608,0.448,0.375,0.408,0.361,0.603,0.889,0.193,0.396
IND,CHI,6,23,87,88,2,0,1,2,0,0,1,1,1,1,1,0,1,0,0,0,1,0,0,1,0,0,2,1,0,1,1,31.3,68.5,0.456,9.2,25.9,0.356,22.1,42.7,0.517,13.3,17.1,0.775,8.3,26.8,35.1,20.4,5.9,4.3,14.2,18.2,85.0,1250,2741,0.456,368,1034,0.356,882,1707,0.517,531,685,0.775,331,1071,1402,816,235,173,568,726,3399,25.5,20,20,16,24,-2.68,0.49,-2.19,106.1,109.5,-3.4,79.8,0.25,0.377,0.559,0.523,15.7,24.6,0.194,0.507,12.8,76.7,0.228,39.0,85.6,0.456,11.5,32.3,0.356,27.5,53.3,0.517,16.6,21.4,0.775,10.3,33.4,43.8,25.5,7.3,5.4,17.7,22.7,106.1,0.456,13.6,0.623,0.28,0.189,0.073,0.081,0.377,0.517,0.622,0.478,0.375,0.372,0.356,0.602,0.774,0.182,0.372,31.2,70.6,0.441,9.2,25.5,0.361,21.9,45.1,0.487,16.1,20.1,0.803,8.2,25.4,33.6,21.4,7.7,3.8,11.6,17.2,87.7,1246.0,2823.0,0.441,369.0,1021.0,0.361,877.0,1802.0,0.487,645.0,803.0,0.803,326.0,1016.0,1342.0,857.0,309.0,151.0,465.0,686.0,3506.0,38.9,88.1,0.441,11.5,31.9,0.361,27.4,56.3,0.487,20.1,25.1,0.803,10.2,31.7,41.9,26.8,9.6,4.7,14.5,21.4,109.5,0.441,14.0,0.638,0.228,0.209,0.112,0.09,0.362,0.487,0.608,0.448,0.375,0.408,0.361,0.603,0.889,0.193,0.396
IND,SEA,6,27,77,89,2,0,1,2,0,0,1,1,1,1,1,0,1,0,0,0,1,0,0,1,0,0,2,1,0,1,1,31.3,68.5,0.456,9.2,25.9,0.356,22.1,42.7,0.517,13.3,17.1,0.775,8.3,26.8,35.1,20.4,5.9,4.3,14.2,18.2,85.0,1250,2741,0.456,368,1034,0.356,882,1707,0.517,531,685,0.775,331,1071,1402,816,235,173,568,726,3399,25.5,20,20,16,24,-2.68,0.49,-2.19,106.1,109.5,-3.4,79.8,0.25,0.377,0.559,0.523,15.7,24.6,0.194,0.507,12.8,76.7,0.228,39.0,85.6,0.456,11.5,32.3,0.356,27.5,53.3,0.517,16.6,21.4,0.775,10.3,33.4,43.8,25.5,7.3,5.4,17.7,22.7,106.1,0.456,13.6,0.623,0.28,0.189,0.073,0.081,0.377,0.517,0.622,0.478,0.375,0.372,0.356,0.602,0.774,0.182,0.372,31.2,70.6,0.441,9.2,25.5,0.361,21.9,45.1,0.487,16.1,20.1,0.803,8.2,25.4,33.6,21.4,7.7,3.8,11.6,17.2,87.7,1246.0,2823.0,0.441,369.0,1021.0,0.361,877.0,1802.0,0.487,645.0,803.0,0.803,326.0,1016.0,1342.0,857.0,309.0,151.0,465.0,686.0,3506.0,38.9,88.1,0.441,11.5,31.9,0.361,27.4,56.3,0.487,20.1,25.1,0.803,10.2,31.7,41.9,26.8,9.6,4.7,14.5,21.4,109.5,0.441,14.0,0.638,0.228,0.209,0.112,0.09,0.362,0.487,0.608,0.448,0.375,0.408,0.361,0.603,0.889,0.193,0.396
IND,PHO,6,30,88,82,2,0,1,2,0,0,1,1,1,1,1,0,1,0,0,0,1,0,0,1,0,0,2,1,0,1,1,31.3,68.5,0.456,9.2,25.9,0.356,22.1,42.7,0.517,13.3,17.1,0.775,8.3,26.8,35.1,20.4,5.9,4.3,14.2,18.2,85.0,1250,2741,0.456,368,1034,0.356,882,1707,0.517,531,685,0.775,331,1071,1402,816,235,173,568,726,3399,25.5,20,20,16,24,-2.68,0.49,-2.19,106.1,109.5,-3.4,79.8,0.25,0.377,0.559,0.523,15.7,24.6,0.194,0.507,12.8,76.7,0.228,39.0,85.6,0.456,11.5,32.3,0.356,27.5,53.3,0.517,16.6,21.4,0.775,10.3,33.4,43.8,25.5,7.3,5.4,17.7,22.7,106.1,0.456,13.6,0.623,0.28,0.189,0.073,0.081,0.377,0.517,0.622,0.478,0.375,0.372,0.356,0.602,0.774,0.182,0.372,31.2,70.6,0.441,9.2,25.5,0.361,21.9,45.1,0.487,16.1,20.1,0.803,8.2,25.4,33.6,21.4,7.7,3.8,11.6,17.2,87.7,1246.0,2823.0,0.441,369.0,1021.0,0.361,877.0,1802.0,0.487,645.0,803.0,0.803,326.0,1016.0,1342.0,857.0,309.0,151.0,465.0,686.0,3506.0,38.9,88.1,0.441,11.5,31.9,0.361,27.4,56.3,0.487,20.1,25.1,0.803,10.2,31.7,41.9,26.8,9.6,4.7,14.5,21.4,109.5,0.441,14.0,0.638,0.228,0.209,0.112,0.09,0.362,0.487,0.608,0.448,0.375,0.408,0.361,0.603,0.889,0.193,0.396
IND,LVA,7,2,69,88,2,0,1,2,0,0,1,1,1,1,1,0,1,0,0,0,1,0,0,1,0,0,2,1,0,1,1,31.3,68.5,0.456,9.2,25.9,0.356,22.1,42.7,0.517,13.3,17.1,0.775,8.3,26.8,35.1,20.4,5.9,4.3,14.2,18.2,85.0,1250,2741,0.456,368,1034,0.356,882,1707,0.517,531,685,0.775,331,1071,1402,816,235,173,568,726,3399,25.5,20,20,16,24,-2.68,0.49,-2.19,106.1,109.5,-3.4,79.8,0.25,0.377,0.559,0.523,15.7,24.6,0.194,0.507,12.8,76.7,0.228,39.0,85.6,0.456,11.5,32.3,0.356,27.5,53.3,0.517,16.6,21.4,0.775,10.3,33.4,43.8,25.5,7.3,5.4,17.7,22.7,106.1,0.456,13.6,0.623,0.28,0.189,0.073,0.081,0.377,0.517,0.622,0.478,0.375,0.372,0.356,0.602,0.774,0.182,0.372,31.2,70.6,0.441,9.2,25.5,0.361,21.9,45.1,0.487,16.1,20.1,0.803,8.2,25.4,33.6,21.4,7.7,3.8,11.6,17.2,87.7,1246.0,2823.0,0.441,369.0,1021.0,0.361,877.0,1802.0,0.487,645.0,803.0,0.803,326.0,1016.0,1342.0,857.0,309.0,151.0,465.0,686.0,3506.0,38.9,88.1,0.441,11.5,31.9,0.361,27.4,56.3,0.487,20.1,25.1,0.803,10.2,31.7,41.9,26.8,9.6,4.7,14.5,21.4,109.5,0.441,14.0,0.638,0.228,0.209,0.112,0.09,0.362,0.487,0.608,0.448,0.375,0.408,0.361,0.603,0.889,0.193,0.396
IND,NYL,7,6,83,78,2,0,1,2,0,0,1,1,1,1,1,0,1,0,0,0,1,0,0,1,0,0,2,1,0,1,1,31.3,68.5,0.456,9.2,25.9,0.356,22.1,42.7,0.517,13.3,17.1,0.775,8.3,26.8,35.1,20.4,5.9,4.3,14.2,18.2,85.0,1250,2741,0.456,368,1034,0.356,882,1707,0.517,531,685,0.775,331,1071,1402,816,235,173,568,726,3399,25.5,20,20,16,24,-2.68,0.49,-2.19,106.1,109.5,-3.4,79.8,0.25,0.377,0.559,0.523,15.7,24.6,0.194,0.507,12.8,76.7,0.228,39.0,85.6,0.456,11.5,32.3,0.356,27.5,53.3,0.517,16.6,21.4,0.775,10.3,33.4,43.8,25.5,7.3,5.4,17.7,22.7,106.1,0.456,13.6,0.623,0.28,0.189,0.073,0.081,0.377,0.517,0.622,0.478,0.375,0.372,0.356,0.602,0.774,0.182,0.372,31.2,70.6,0.441,9.2,25.5,0.361,21.9,45.1,0.487,16.1,20.1,0.803,8.2,25.4,33.6,21.4,7.7,3.8,11.6,17.2,87.7,1246.0,2823.0,0.441,369.0,1021.0,0.361,877.0,1802.0,0.487,645.0,803.0,0.803,326.0,1016.0,1342.0,857.0,309.0,151.0,465.0,686.0,3506.0,38.9,88.1,0.441,11.5,31.9,0.361,27.4,56.3,0.487,20.1,25.1,0.803,10.2,31.7,41.9,26.8,9.6,4.7,14.5,21.4,109.5,0.441,14.0,0.638,0.228,0.209,0.112,0.09,0.362,0.487,0.608,0.448,0.375,0.408,0.361,0.603,0.889,0.193,0.396
IND,WAS,7,10,84,89,2,0,1,2,0,0,1,1,1,1,1,0,1,0,0,0,1,0,0,1,0,0,2,1,0,1,1,31.3,68.5,0.456,9.2,25.9,0.356,22.1,42.7,0.517,13.3,17.1,0.775,8.3,26.8,35.1,20.4,5.9,4.3,14.2,18.2,85.0,1250,2741,0.456,368,1034,0.356,882,1707,0.517,531,685,0.775,331,1071,1402,816,235,173,568,726,3399,25.5,20,20,16,24,-2.68,0.49,-2.19,106.1,109.5,-3.4,79.8,0.25,0.377,0.559,0.523,15.7,24.6,0.194,0.507,12.8,76.7,0.228,39.0,85.6,0.456,11.5,32.3,0.356,27.5,53.3,0.517,16.6,21.4,0.775,10.3,33.4,43.8,25.5,7.3,5.4,17.7,22.7,106.1,0.456,13.6,0.623,0.28,0.189,0.073,0.081,0.377,0.517,0.622,0.478,0.375,0.372,0.356,0.602,0.774,0.182,0.372,31.2,70.6,0.441,9.2,25.5,0.361,21.9,45.1,0.487,16.1,20.1,0.803,8.2,25.4,33.6,21.4,7.7,3.8,11.6,17.2,87.7,1246.0,2823.0,0.441,369.0,1021.0,0.361,877.0,1802.0,0.487,645.0,803.0,0.803,326.0,1016.0,1342.0,857.0,309.0,151.0,465.0,686.0,3506.0,38.9,88.1,0.441,11.5,31.9,0.361,27.4,56.3,0.487,20.1,25.1,0.803,10.2,31.7,41.9,26.8,9.6,4.7,14.5,21.4,109.5,0.441,14.0,0.638,0.228,0.209,0.112,0.09,0.362,0.487,0.608,0.448,0.375,0.408,0.361,0.603,0.889,0.193,0.396
IND,PHO,7,12,95,86,2,0,1,2,0,0,1,1,1,1,1,0,1,0,0,0,1,0,0,0,0,0,2,1,0,1,1,31.3,68.5,0.456,9.2,25.9,0.356,22.1,42.7,0.517,13.3,17.1,0.775,8.3,26.8,35.1,20.4,5.9,4.3,14.2,18.2,85.0,1250,2741,0.456,368,1034,0.356,882,1707,0.517,531,685,0.775,331,1071,1402,816,235,173,568,726,3399,25.5,20,20,16,24,-2.68,0.49,-2.19,106.1,109.5,-3.4,79.8,0.25,0.377,0.559,0.523,15.7,24.6,0.194,0.507,12.8,76.7,0.228,39.0,85.6,0.456,11.5,32.3,0.356,27.5,53.3,0.517,16.6,21.4,0.775,10.3,33.4,43.8,25.5,7.3,5.4,17.7,22.7,106.1,0.456,13.6,0.623,0.28,0.189,0.073,0.081,0.377,0.517,0.622,0.478,0.375,0.372,0.356,0.602,0.774,0.182,0.372,31.2,70.6,0.441,9.2,25.5,0.361,21.9,45.1,0.487,16.1,20.1,0.803,8.2,25.4,33.6,21.4,7.7,3.8,11.6,17.2,87.7,1246.0,2823.0,0.441,369.0,1021.0,0.361,877.0,1802.0,0.487,645.0,803.0,0.803,326.0,1016.0,1342.0,857.0,309.0,151.0,465.0,686.0,3506.0,38.9,88.1,0.441,11.5,31.9,0.361,27.4,56.3,0.487,20.1,25.1,0.803,10.2,31.7,41.9,26.8,9.6,4.7,14.5,21.4,109.5,0.441,14.0,0.638,0.228,0.209,0.112,0.09,0.362,0.487,0.608,0.448,0.375,0.408,0.361,0.603,0.889,0.193,0.396
IND,MIN,7,14,81,74,2,0,1,2,0,0,1,1,1,1,1,0,1,0,0,0,1,0,0,0,0,0,2,1,0,1,1,31.3,68.5,0.456,9.2,25.9,0.356,22.1,42.7,0.517,13.3,17.1,0.775,8.3,26.8,35.1,20.4,5.9,4.3,14.2,18.2,85.0,1250,2741,0.456,368,1034,0.356,882,1707,0.517,531,685,0.775,331,1071,1402,816,235,173,568,726,3399,25.5,20,20,16,24,-2.68,0.49,-2.19,106.1,109.5,-3.4,79.8,0.25,0.377,0.559,0.523,15.7,24.6,0.194,0.507,12.8,76.7,0.228,39.0,85.6,0.456,11.5,32.3,0.356,27.5,53.3,0.517,16.6,21.4,0.775,10.3,33.4,43.8,25.5,7.3,5.4,17.7,22.7,106.1,0.456,13.6,0.623,0.28,0.189,0.073,0.081,0.377,0.517,0.622,0.478,0.375,0.372,0.356,0.602,0.774,0.182,0.372,31.2,70.6,0.441,9.2,25.5,0.361,21.9,45.1,0.487,16.1,20.1,0.803,8.2,25.4,33.6,21.4,7.7,3.8,11.6,17.2,87.7,1246.0,2823.0,0.441,369.0,1021.0,0.361,877.0,1802.0,0.487,645.0,803.0,0.803,326.0,1016.0,1342.0,857.0,309.0,151.0,465.0,686.0,3506.0,38.9,88.1,0.441,11.5,31.9,0.361,27.4,56.3,0.487,20.1,25.1,0.803,10.2,31.7,41.9,26.8,9.6,4.7,14.5,21.4,109.5,0.441,14.0,0.638,0.228,0.209,0.112,0.09,0.362,0.487,0.608,0.448,0.375,0.408,0.361,0.603,0.889,0.193,0.396
IND,DAL,7,17,93,101,2,0,1,2,0,0,1,1,1,1,1,0,1,0,0,0,1,0,0,0,0,0,2,1,0,1,1,31.3,68.5,0.456,9.2,25.9,0.356,22.1,42.7,0.517,13.3,17.1,0.775,8.3,26.8,35.1,20.4,5.9,4.3,14.2,18.2,85.0,1250,2741,0.456,368,1034,0.356,882,1707,0.517,531,685,0.775,331,1071,1402,816,235,173,568,726,3399,25.5,20,20,16,24,-2.68,0.49,-2.19,106.1,109.5,-3.4,79.8,0.25,0.377,0.559,0.523,15.7,24.6,0.194,0.507,12.8,76.7,0.228,39.0,85.6,0.456,11.5,32.3,0.356,27.5,53.3,0.517,16.6,21.4,0.775,10.3,33.4,43.8,25.5,7.3,5.4,17.7,22.7,106.1,0.456,13.6,0.623,0.28,0.189,0.073,0.081,0.377,0.517,0.622,0.478,0.375,0.372,0.356,0.602,0.774,0.182,0.372,31.2,70.6,0.441,9.2,25.5,0.361,21.9,45.1,0.487,16.1,20.1,0.803,8.2,25.4,33.6,21.4,7.7,3.8,11.6,17.2,87.7,1246.0,2823.0,0.441,369.0,1021.0,0.361,877.0,1802.0,0.487,645.0,803.0,0.803,326.0,1016.0,1342.0,857.0,309.0,151.0,465.0,686.0,3506.0,38.9,88.1,0.441,11.5,31.9,0.361,27.4,56.3,0.487,20.1,25.1,0.803,10.2,31.7,41.9,26.8,9.6,4.7,14.5,21.4,109.5,0.441,14.0,0.638,0.228,0.209,0.112,0.09,0.362,0.487,0.608,0.448,0.375,0.408,0.361,0.603,0.889,0.193,0.396
IND,PHO,8,16,98,89,2,0,1,2,0,0,1,1,1,1,1,0,1,0,0,0,1,0,0,0,0,0,2,1,0,1,1,31.3,68.5,0.456,9.2,25.9,0.356,22.1,42.7,0.517,13.3,17.1,0.775,8.3,26.8,35.1,20.4,5.9,4.3,14.2,18.2,85.0,1250,2741,0.456,368,1034,0.356,882,1707,0.517,531,685,0.775,331,1071,1402,816,235,173,568,726,3399,25.5,20,20,16,24,-2.68,0.49,-2.19,106.1,109.5,-3.4,79.8,0.25,0.377,0.559,0.523,15.7,24.6,0.194,0.507,12.8,76.7,0.228,39.0,85.6,0.456,11.5,32.3,0.356,27.5,53.3,0.517,16.6,21.4,0.775,10.3,33.4,43.8,25.5,7.3,5.4,17.7,22.7,106.1,0.456,13.6,0.623,0.28,0.189,0.073,0.081,0.377,0.517,0.622,0.478,0.375,0.372,0.356,0.602,0.774,0.182,0.372,31.2,70.6,0.441,9.2,25.5,0.361,21.9,45.1,0.487,16.1,20.1,0.803,8.2,25.4,33.6,21.4,7.7,3.8,11.6,17.2,87.7,1246.0,2823.0,0.441,369.0,1021.0,0.361,877.0,1802.0,0.487,645.0,803.0,0.803,326.0,1016.0,1342.0,857.0,309.0,151.0,465.0,686.0,3506.0,38.9,88.1,0.441,11.5,31.9,0.361,27.4,56.3,0.487,20.1,25.1,0.803,10.2,31.7,41.9,26.8,9.6,4.7,14.5,21.4,109.5,0.441,14.0,0.638,0.228,0.209,0.112,0.09,0.362,0.487,0.608,0.448,0.375,0.408,0.361,0.603,0.889,0.193,0.396
IND,SEA,8,18,92,75,2,0,1,2,2,0,1,1,1,1,1,0,1,0,0,0,1,0,0,1,0,0,2,1,0,1,1,31.3,68.5,0.456,9.2,25.9,0.356,22.1,42.7,0.517,13.3,17.1,0.775,8.3,26.8,35.1,20.4,5.9,4.3,14.2,18.2,85.0,1250,2741,0.456,368,1034,0.356,882,1707,0.517,531,685,0.775,331,1071,1402,816,235,173,568,726,3399,25.5,20,20,16,24,-2.68,0.49,-2.19,106.1,109.5,-3.4,79.8,0.25,0.377,0.559,0.523,15.7,24.6,0.194,0.507,12.8,76.7,0.228,39.0,85.6,0.456,11.5,32.3,0.356,27.5,53.3,0.517,16.6,21.4,0.775,10.3,33.4,43.8,25.5,7.3,5.4,17.7,22.7,106.1,0.456,13.6,0.623,0.28,0.189,0.073,0.081,0.377,0.517,0.622,0.478,0.375,0.372,0.356,0.602,0.774,0.182,0.372,31.2,70.6,0.441,9.2,25.5,0.361,21.9,45.1,0.487,16.1,20.1,0.803,8.2,25.4,33.6,21.4,7.7,3.8,11.6,17.2,87.7,1246.0,2823.0,0.441,369.0,1021.0,0.361,877.0,1802.0,0.487,645.0,803.0,0.803,326.0,1016.0,1342.0,857.0,309.0,151.0,465.0,686.0,3506.0,38.9,88.1,0.441,11.5,31.9,0.361,27.4,56.3,0.487,20.1,25.1,0.803,10.2,31.7,41.9,26.8,9.6,4.7,14.5,21.4,109.5,0.441,14.0,0.638,0.228,0.209,0.112,0.09,0.362,0.487,0.608,0.448,0.375,0.408,0.361,0.603,0.889,0.193,0.396
IND,MIN,8,24,80,90,2,0,1,2,0,0,1,1,1,1,1,0,1,0,0,0,1,0,0,0,0,0,2,1,0,1,1,31.3,68.5,0.456,9.2,25.9,0.356,22.1,42.7,0.517,13.3,17.1,0.775,8.3,26.8,35.1,20.4,5.9,4.3,14.2,18.2,85.0,1250,2741,0.456,368,1034,0.356,882,1707,0.517,531,685,0.775,331,1071,1402,816,235,173,568,726,3399,25.5,20,20,16,24,-2.68,0.49,-2.19,106.1,109.5,-3.4,79.8,0.25,0.377,0.559,0.523,15.7,24.6,0.194,0.507,12.8,76.7,0.228,39.0,85.6,0.456,11.5,32.3,0.356,27.5,53.3,0.517,16.6,21.4,0.775,10.3,33.4,43.8,25.5,7.3,5.4,17.7,22.7,106.1,0.456,13.6,0.623,0.28,0.189,0.073,0.081,0.377,0.517,0.622,0.478,0.375,0.372,0.356,0.602,0.774,0.182,0.372,31.2,70.6,0.441,9.2,25.5,0.361,21.9,45.1,0.487,16.1,20.1,0.803,8.2,25.4,33.6,21.4,7.7,3.8,11.6,17.2,87.7,1246.0,2823.0,0.441,369.0,1021.0,0.361,877.0,1802.0,0.487,645.0,803.0,0.803,326.0,1016.0,1342.0,857.0,309.0,151.0,465.0,686.0,3506.0,38.9,88.1,0.441,11.5,31.9,0.361,27.4,56.3,0.487,20.1,25.1,0.803,10.2,31.7,41.9,26.8,9.6,4.7,14.5,21.4,109.5,0.441,14.0,0.638,0.228,0.209,0.112,0.09,0.362,0.487,0.608,0.448,0.375,0.408,0.361,0.603,0.889,0.193,0.396
IND,ATL,8,26,84,79,2,0,1,2,0,0,1,1,1,1,1,0,1,0,0,0,1,0,0,0,0,0,2,1,0,1,1,31.3,68.5,0.456,9.2,25.9,0.356,22.1,42.7,0.517,13.3,17.1,0.775,8.3,26.8,35.1,20.4,5.9,4.3,14.2,18.2,85.0,1250,2741,0.456,368,1034,0.356,882,1707,0.517,531,685,0.775,331,1071,1402,816,235,173,568,726,3399,25.5,20,20,16,24,-2.68,0.49,-2.19,106.1,109.5,-3.4,79.8,0.25,0.377,0.559,0.523,15.7,24.6,0.194,0.507,12.8,76.7,0.228,39.0,85.6,0.456,11.5,32.3,0.356,27.5,53.3,0.517,16.6,21.4,0.775,10.3,33.4,43.8,25.5,7.3,5.4,17.7,22.7,106.1,0.456,13.6,0.623,0.28,0.189,0.073,0.081,0.377,0.517,0.622,0.478,0.375,0.372,0.356,0.602,0.774,0.182,0.372,31.2,70.6,0.441,9.2,25.5,0.361,21.9,45.1,0.487,16.1,20.1,0.803,8.2,25.4,33.6,21.4,7.7,3.8,11.6,17.2,87.7,1246.0,2823.0,0.441,369.0,1021.0,0.361,877.0,1802.0,0.487,645.0,803.0,0.803,326.0,1016.0,1342.0,857.0,309.0,151.0,465.0,686.0,3506.0,38.9,88.1,0.441,11.5,31.9,0.361,27.4,56.3,0.487,20.1,25.1,0.803,10.2,31.7,41.9,26.8,9.6,4.7,14.5,21.4,109.5,0.441,14.0,0.638,0.228,0.209,0.112,0.09,0.362,0.487,0.608,0.448,0.375,0.408,0.361,0.603,0.889,0.193,0.396
IND,CON,8,28,84,80,2,0,1,2,0,0,1,1,1,1,1,0,1,0,0,0,1,0,0,0,0,0,2,1,0,1,1,31.3,68.5,0.456,9.2,25.9,0.356,22.1,42.7,0.517,13.3,17.1,0.775,8.3,26.8,35.1,20.4,5.9,4.3,14.2,18.2,85.0,1250,2741,0.456,368,1034,0.356,882,1707,0.517,531,685,0.775,331,1071,1402,816,235,173,568,726,3399,25.5,20,20,16,24,-2.68,0.49,-2.19,106.1,109.5,-3.4,79.8,0.25,0.377,0.559,0.523,15.7,24.6,0.194,0.507,12.8,76.7,0.228,39.0,85.6,0.456,11.5,32.3,0.356,27.5,53.3,0.517,16.6,21.4,0.775,10.3,33.4,43.8,25.5,7.3,5.4,17.7,22.7,106.1,0.456,13.6,0.623,0.28,0.189,0.073,0.081,0.377,0.517,0.622,0.478,0.375,0.372,0.356,0.602,0.774,0.182,0.372,31.2,70.6,0.441,9.2,25.5,0.361,21.9,45.1,0.487,16.1,20.1,0.803,8.2,25.4,33.6,21.4,7.7,3.8,11.6,17.2,87.7,1246.0,2823.0,0.441,369.0,1021.0,0.361,877.0,1802.0,0.487,645.0,803.0,0.803,326.0,1016.0,1342.0,857.0,309.0,151.0,465.0,686.0,3506.0,38.9,88.1,0.441,11.5,31.9,0.361,27.4,56.3,0.487,20.1,25.1,0.803,10.2,31.7,41.9,26.8,9.6,4.7,14.5,21.4,109.5,0.441,14.0,0.638,0.228,0.209,0.112,0.09,0.362,0.487,0.608,0.448,0.375,0.408,0.361,0.603,0.889,0.193,0.396
IND,CHI,8,30,100,81,2,0,1,2,2,0,1,1,1,1,1,0,1,0,0,0,1,0,0,1,0,0,2,1,0,1,1,31.3,68.5,0.456,9.2,25.9,0.356,22.1,42.7,0.517,13.3,17.1,0.775,8.3,26.8,35.1,20.4,5.9,4.3,14.2,18.2,85.0,1250,2741,0.456,368,1034,0.356,882,1707,0.517,531,685,0.775,331,1071,1402,816,235,173,568,726,3399,25.5,20,20,16,24,-2.68,0.49,-2.19,106.1,109.5,-3.4,79.8,0.25,0.377,0.559,0.523,15.7,24.6,0.194,0.507,12.8,76.7,0.228,39.0,85.6,0.456,11.5,32.3,0.356,27.5,53.3,0.517,16.6,21.4,0.775,10.3,33.4,43.8,25.5,7.3,5.4,17.7,22.7,106.1,0.456,13.6,0.623,0.28,0.189,0.073,0.081,0.377,0.517,0.622,0.478,0.375,0.372,0.356,0.602,0.774,0.182,0.372,31.2,70.6,0.441,9.2,25.5,0.361,21.9,45.1,0.487,16.1,20.1,0.803,8.2,25.4,33.6,21.4,7.7,3.8,11.6,17.2,87.7,1246.0,2823.0,0.441,369.0,1021.0,0.361,877.0,1802.0,0.487,645.0,803.0,0.803,326.0,1016.0,1342.0,857.0,309.0,151.0,465.0,686.0,3506.0,38.9,88.1,0.441,11.5,31.9,0.361,27.4,56.3,0.487,20.1,25.1,0.803,10.2,31.7,41.9,26.8,9.6,4.7,14.5,21.4,109.5,0.441,14.0,0.638,0.228,0.209,0.112,0.09,0.362,0.487,0.608,0.448,0.375,0.408,0.361,0.603,0.889,0.193,0.396
IND,DAL,9,1,100,93,2,0,1,2,0,0,1,1,1,1,1,0,1,0,0,0,1,0,0,0,0,0,2,1,0,1,1,31.3,68.5,0.456,9.2,25.9,0.356,22.1,42.7,0.517,13.3,17.1,0.775,8.3,26.8,35.1,20.4,5.9,4.3,14.2,18.2,85.0,1250,2741,0.456,368,1034,0.356,882,1707,0.517,531,685,0.775,331,1071,1402,816,235,173,568,726,3399,25.5,20,20,16,24,-2.68,0.49,-2.19,106.1,109.5,-3.4,79.8,0.25,0.377,0.559,0.523,15.7,24.6,0.194,0.507,12.8,76.7,0.228,39.0,85.6,0.456,11.5,32.3,0.356,27.5,53.3,0.517,16.6,21.4,0.775,10.3,33.4,43.8,25.5,7.3,5.4,17.7,22.7,106.1,0.456,13.6,0.623,0.28,0.189,0.073,0.081,0.377,0.517,0.622,0.478,0.375,0.372,0.356,0.602,0.774,0.182,0.372,31.2,70.6,0.441,9.2,25.5,0.361,21.9,45.1,0.487,16.1,20.1,0.803,8.2,25.4,33.6,21.4,7.7,3.8,11.6,17.2,87.7,1246.0,2823.0,0.441,369.0,1021.0,0.361,877.0,1802.0,0.487,645.0,803.0,0.803,326.0,1016.0,1342.0,857.0,309.0,151.0,465.0,686.0,3506.0,38.9,88.1,0.441,11.5,31.9,0.361,27.4,56.3,0.487,20.1,25.1,0.803,10.2,31.7,41.9,26.8,9.6,4.7,14.5,21.4,109.5,0.441,14.0,0.638,0.228,0.209,0.112,0.09,0.362,0.487,0.608,0.448,0.375,0.408,0.361,0.603,0.889,0.193,0.396
IND,LAS,9,4,93,86,2,0,1,2,0,0,1,1,1,1,1,0,1,0,0,0,1,0,0,0,0,0,2,1,0,1,1,31.3,68.5,0.456,9.2,25.9,0.356,22.1,42.7,0.517,13.3,17.1,0.775,8.3,26.8,35.1,20.4,5.9,4.3,14.2,18.2,85.0,1250,2741,0.456,368,1034,0.356,882,1707,0.517,531,685,0.775,331,1071,1402,816,235,173,568,726,3399,25.5,20,20,16,24,-2.68,0.49,-2.19,106.1,109.5,-3.4,79.8,0.25,0.377,0.559,0.523,15.7,24.6,0.194,0.507,12.8,76.7,0.228,39.0,85.6,0.456,11.5,32.3,0.356,27.5,53.3,0.517,16.6,21.4,0.775,10.3,33.4,43.8,25.5,7.3,5.4,17.7,22.7,106.1,0.456,13.6,0.623,0.28,0.189,0.073,0.081,0.377,0.517,0.622,0.478,0.375,0.372,0.356,0.602,0.774,0.182,0.372,31.2,70.6,0.441,9.2,25.5,0.361,21.9,45.1,0.487,16.1,20.1,0.803,8.2,25.4,33.6,21.4,7.7,3.8,11.6,17.2,87.7,1246.0,2823.0,0.441,369.0,1021.0,0.361,877.0,1802.0,0.487,645.0,803.0,0.803,326.0,1016.0,1342.0,857.0,309.0,151.0,465.0,686.0,3506.0,38.9,88.1,0.441,11.5,31.9,0.361,27.4,56.3,0.487,20.1,25.1,0.803,10.2,31.7,41.9,26.8,9.6,4.7,14.5,21.4,109.5,0.441,14.0,0.638,0.228,0.209,0.112,0.09,0.362,0.487,0.608,0.448,0.375,0.408,0.361,0.603,0.889,0.193,0.396
IND,MIN,9,6,88,99,2,0,1,2,0,0,1,1,1,1,1,0,1,0,0,0,1,0,0,0,0,0,2,1,0,1,1,31.3,68.5,0.456,9.2,25.9,0.356,22.1,42.7,0.517,13.3,17.1,0.775,8.3,26.8,35.1,20.4,5.9,4.3,14.2,18.2,85.0,1250,2741,0.456,368,1034,0.356,882,1707,0.517,531,685,0.775,331,1071,1402,816,235,173,568,726,3399,25.5,20,20,16,24,-2.68,0.49,-2.19,106.1,109.5,-3.4,79.8,0.25,0.377,0.559,0.523,15.7,24.6,0.194,0.507,12.8,76.7,0.228,39.0,85.6,0.456,11.5,32.3,0.356,27.5,53.3,0.517,16.6,21.4,0.775,10.3,33.4,43.8,25.5,7.3,5.4,17.7,22.7,106.1,0.456,13.6,0.623,0.28,0.189,0.073,0.081,0.377,0.517,0.622,0.478,0.375,0.372,0.356,0.602,0.774,0.182,0.372,31.2,70.6,0.441,9.2,25.5,0.361,21.9,45.1,0.487,16.1,20.1,0.803,8.2,25.4,33.6,21.4,7.7,3.8,11.6,17.2,87.7,1246.0,2823.0,0.441,369.0,1021.0,0.361,877.0,1802.0,0.487,645.0,803.0,0.803,326.0,1016.0,1342.0,857.0,309.0,151.0,465.0,686.0,3506.0,38.9,88.1,0.441,11.5,31.9,0.361,27.4,56.3,0.487,20.1,25.1,0.803,10.2,31.7,41.9,26.8,9.6,4.7,14.5,21.4,109.5,0.441,14.0,0.638,0.228,0.209,0.112,0.09,0.362,0.487,0.608,0.448,0.375,0.408,0.361,0.603,0.889,0.193,0.396
IND,ATL,9,8,104,100,2,0,1,2,0,0,1,1,1,1,1,0,1,0,0,0,1,0,0,0,0,0,2,1,0,1,1,31.3,68.5,0.456,9.2,25.9,0.356,22.1,42.7,0.517,13.3,17.1,0.775,8.3,26.8,35.1,20.4,5.9,4.3,14.2,18.2,85.0,1250,2741,0.456,368,1034,0.356,882,1707,0.517,531,685,0.775,331,1071,1402,816,235,173,568,726,3399,25.5,20,20,16,24,-2.68,0.49,-2.19,106.1,109.5,-3.4,79.8,0.25,0.377,0.559,0.523,15.7,24.6,0.194,0.507,12.8,76.7,0.228,39.0,85.6,0.456,11.5,32.3,0.356,27.5,53.3,0.517,16.6,21.4,0.775,10.3,33.4,43.8,25.5,7.3,5.4,17.7,22.7,106.1,0.456,13.6,0.623,0.28,0.189,0.073,0.081,0.377,0.517,0.622,0.478,0.375,0.372,0.356,0.602,0.774,0.182,0.372,31.2,70.6,0.441,9.2,25.5,0.361,21.9,45.1,0.487,16.1,20.1,0.803,8.2,25.4,33.6,21.4,7.7,3.8,11.6,17.2,87.7,1246.0,2823.0,0.441,369.0,1021.0,0.361,877.0,1802.0,0.487,645.0,803.0,0.803,326.0,1016.0,1342.0,857.0,309.0,151.0,465.0,686.0,3506.0,38.9,88.1,0.441,11.5,31.9,0.361,27.4,56.3,0.487,20.1,25.1,0.803,10.2,31.7,41.9,26.8,9.6,4.7,14.5,21.4,109.5,0.441,14.0,0.638,0.228,0.209,0.112,0.09,0.362,0.487,0.608,0.448,0.375,0.408,0.361,0.603,0.889,0.193,0.396
IND,LVA,9,11,75,86,2,0,1,2,0,0,1,1,1,1,1,0,1,0,0,0,1,0,0,1,0,0,2,1,0,1,1,31.3,68.5,0.456,9.2,25.9,0.356,22.1,42.7,0.517,13.3,17.1,0.775,8.3,26.8,35.1,20.4,5.9,4.3,14.2,18.2,85.0,1250,2741,0.456,368,1034,0.356,882,1707,0.517,531,685,0.775,331,1071,1402,816,235,173,568,726,3399,25.5,20,20,16,24,-2.68,0.49,-2.19,106.1,109.5,-3.4,79.8,0.25,0.377,0.559,0.523,15.7,24.6,0.194,0.507,12.8,76.7,0.228,39.0,85.6,0.456,11.5,32.3,0.356,27.5,53.3,0.517,16.6,21.4,0.775,10.3,33.4,43.8,25.5,7.3,5.4,17.7,22.7,106.1,0.456,13.6,0.623,0.28,0.189,0.073,0.081,0.377,0.517,0.622,0.478,0.375,0.372,0.356,0.602,0.774,0.182,0.372,31.2,70.6,0.441,9.2,25.5,0.361,21.9,45.1,0.487,16.1,20.1,0.803,8.2,25.4,33.6,21.4,7.7,3.8,11.6,17.2,87.7,1246.0,2823.0,0.441,369.0,1021.0,0.361,877.0,1802.0,0.487,645.0,803.0,0.803,326.0,1016.0,1342.0,857.0,309.0,151.0,465.0,686.0,3506.0,38.9,88.1,0.441,11.5,31.9,0.361,27.4,56.3,0.487,20.1,25.1,0.803,10.2,31.7,41.9,26.8,9.6,4.7,14.5,21.4,109.5,0.441,14.0,0.638,0.228,0.209,0.112,0.09,0.362,0.487,0.608,0.448,0.375,0.408,0.361,0.603,0.889,0.193,0.396
IND,LVA,9,13,74,78,2,0,1,2,0,0,1,1,1,1,1,0,1,0,0,0,1,0,0,0,0,0,2,1,0,1,1,31.3,68.5,0.456,9.2,25.9,0.356,22.1,42.7,0.517,13.3,17.1,0.775,8.3,26.8,35.1,20.4,5.9,4.3,14.2,18.2,85.0,1250,2741,0.456,368,1034,0.356,882,1707,0.517,531,685,0.775,331,1071,1402,816,235,173,568,726,3399,25.5,20,20,16,24,-2.68,0.49,-2.19,106.1,109.5,-3.4,79.8,0.25,0.377,0.559,0.523,15.7,24.6,0.194,0.507,12.8,76.7,0.228,39.0,85.6,0.456,11.5,32.3,0.356,27.5,53.3,0.517,16.6,21.4,0.775,10.3,33.4,43.8,25.5,7.3,5.4,17.7,22.7,106.1,0.456,13.6,0.623,0.28,0.189,0.073,0.081,0.377,0.517,0.622,0.478,0.375,0.372,0.356,0.602,0.774,0.182,0.372,31.2,70.6,0.441,9.2,25.5,0.361,21.9,45.1,0.487,16.1,20.1,0.803,8.2,25.4,33.6,21.4,7.7,3.8,11.6,17.2,87.7,1246.0,2823.0,0.441,369.0,1021.0,0.361,877.0,1802.0,0.487,645.0,803.0,0.803,326.0,1016.0,1342.0,857.0,309.0,151.0,465.0,686.0,3506.0,38.9,88.1,0.441,11.5,31.9,0.361,27.4,56.3,0.487,20.1,25.1,0.803,10.2,31.7,41.9,26.8,9.6,4.7,14.5,21.4,109.5,0.441,14.0,0.638,0.228,0.209,0.112,0.09,0.362,0.487,0.608,0.448,0.375,0.408,0.361,0.603,0.889,0.193,0.396
IND,DAL,9,15,110,109,2,0,1,2,0,0,1,1,1,1,1,0,1,0,0,0,1,0,0,0,0,0,2,1,0,1,1,31.3,68.5,0.456,9.2,25.9,0.356,22.1,42.7,0.517,13.3,17.1,0.775,8.3,26.8,35.1,20.4,5.9,4.3,14.2,18.2,85.0,1250,2741,0.456,368,1034,0.356,882,1707,0.517,531,685,0.775,331,1071,1402,816,235,173,568,726,3399,25.5,20,20,16,24,-2.68,0.49,-2.19,106.1,109.5,-3.4,79.8,0.25,0.377,0.559,0.523,15.7,24.6,0.194,0.507,12.8,76.7,0.228,39.0,85.6,0.456,11.5,32.3,0.356,27.5,53.3,0.517,16.6,21.4,0.775,10.3,33.4,43.8,25.5,7.3,5.4,17.7,22.7,106.1,0.456,13.6,0.623,0.28,0.189,0.073,0.081,0.377,0.517,0.622,0.478,0.375,0.372,0.356,0.602,0.774,0.182,0.372,31.2,70.6,0.441,9.2,25.5,0.361,21.9,45.1,0.487,16.1,20.1,0.803,8.2,25.4,33.6,21.4,7.7,3.8,11.6,17.2,87.7,1246.0,2823.0,0.441,369.0,1021.0,0.361,877.0,1802.0,0.487,645.0,803.0,0.803,326.0,1016.0,1342.0,857.0,309.0,151.0,465.0,686.0,3506.0,38.9,88.1,0.441,11.5,31.9,0.361,27.4,56.3,0.487,20.1,25.1,0.803,10.2,31.7,41.9,26.8,9.6,4.7,14.5,21.4,109.5,0.441,14.0,0.638,0.228,0.209,0.112,0.09,0.362,0.487,0.608,0.448,0.375,0.408,0.361,0.603,0.889,0.193,0.396
IND,WAS,9,19,91,92,2,0,1,2,2,0,1,1,1,1,1,0,1,0,0,0,1,0,0,1,0,0,2,1,0,1,1,31.3,68.5,0.456,9.2,25.9,0.356,22.1,42.7,0.517,13.3,17.1,0.775,8.3,26.8,35.1,20.4,5.9,4.3,14.2,18.2,85.0,1250,2741,0.456,368,1034,0.356,882,1707,0.517,531,685,0.775,331,1071,1402,816,235,173,568,726,3399,25.5,20,20,16,24,-2.68,0.49,-2.19,106.1,109.5,-3.4,79.8,0.25,0.377,0.559,0.523,15.7,24.6,0.194,0.507,12.8,76.7,0.228,39.0,85.6,0.456,11.5,32.3,0.356,27.5,53.3,0.517,16.6,21.4,0.775,10.3,33.4,43.8,25.5,7.3,5.4,17.7,22.7,106.1,0.456,13.6,0.623,0.28,0.189,0.073,0.081,0.377,0.517,0.622,0.478,0.375,0.372,0.356,0.602,0.774,0.182,0.372,31.2,70.6,0.441,9.2,25.5,0.361,21.9,45.1,0.487,16.1,20.1,0.803,8.2,25.4,33.6,21.4,7.7,3.8,11.6,17.2,87.7,1246.0,2823.0,0.441,369.0,1021.0,0.361,877.0,1802.0,0.487,645.0,803.0,0.803,326.0,1016.0,1342.0,857.0,309.0,151.0,465.0,686.0,3506.0,38.9,88.1,0.441,11.5,31.9,0.361,27.4,56.3,0.487,20.1,25.1,0.803,10.2,31.7,41.9,26.8,9.6,4.7,14.5,21.4,109.5,0.441,14.0,0.638,0.228,0.209,0.112,0.09,0.362,0.487,0.608,0.448,0.375,0.408,0.361,0.603,0.889,0.193,0.396
LAS,ATL,5,15,81,92,0,0,0,0,0,1,1,0,0,1,0,0,0,1,1,0,1,1,1,0,1,0,0,1,0,0,0,28.1,66.4,0.423,7.2,22.6,0.32,20.9,43.8,0.476,15.0,19.6,0.765,7.4,25.3,32.7,19.7,7.3,3.2,15.0,17.9,78.4,1124,2655,0.423,289,902,0.32,835,1753,0.476,599,783,0.765,294,1013,1307,787,292,129,598,715,3136,27.0,8,32,9,31,-7.23,0.92,-6.3,98.6,107.7,-9.1,79.2,0.295,0.34,0.523,0.478,16.6,22.0,0.226,0.522,14.2,76.1,0.211,35.4,83.5,0.423,9.1,28.4,0.32,26.3,55.1,0.476,18.8,24.6,0.765,9.2,31.9,41.1,24.8,9.2,4.1,18.8,22.5,98.6,0.423,12.8,0.66,0.234,0.271,0.088,0.067,0.34,0.476,0.641,0.437,0.312,0.279,0.32,0.622,0.927,0.173,0.321,31.7,68.3,0.464,7.9,21.9,0.36,23.8,46.4,0.513,14.4,18.3,0.786,8.0,26.1,34.0,21.3,8.8,5.1,12.6,18.0,85.6,1267.0,2730.0,0.464,315.0,874.0,0.36,952.0,1856.0,0.513,576.0,733.0,0.786,318.0,1042.0,1360.0,853.0,351.0,204.0,504.0,721.0,3425.0,39.8,85.9,0.464,9.9,27.5,0.36,29.9,58.4,0.513,18.1,23.1,0.786,10.0,32.8,42.8,26.8,11.0,6.4,15.9,22.7,107.7,0.464,13.0,0.68,0.235,0.248,0.101,0.096,0.32,0.513,0.686,0.444,0.408,0.378,0.36,0.605,0.879,0.172,0.42
LAS,LVA,5,18,82,89,0,0,0,0,0,1,1,0,0,1,0,0,0,1,1,0,1,1,1,0,1,0,0,1,0,0,0,28.1,66.4,0.423,7.2,22.6,0.32,20.9,43.8,0.476,15.0,19.6,0.765,7.4,25.3,32.7,19.7,7.3,3.2,15.0,17.9,78.4,1124,2655,0.423,289,902,0.32,835,1753,0.476,599,783,0.765,294,1013,1307,787,292,129,598,715,3136,27.0,8,32,9,31,-7.23,0.92,-6.3,98.6,107.7,-9.1,79.2,0.295,0.34,0.523,0.478,16.6,22.0,0.226,0.522,14.2,76.1,0.211,35.4,83.5,0.423,9.1,28.4,0.32,26.3,55.1,0.476,18.8,24.6,0.765,9.2,31.9,41.1,24.8,9.2,4.1,18.8,22.5,98.6,0.423,12.8,0.66,0.234,0.271,0.088,0.067,0.34,0.476,0.641,0.437,0.312,0.279,0.32,0.622,0.927,0.173,0.321,31.7,68.3,0.464,7.9,21.9,0.36,23.8,46.4,0.513,14.4,18.3,0.786,8.0,26.1,34.0,21.3,8.8,5.1,12.6,18.0,85.6,1267.0,2730.0,0.464,315.0,874.0,0.36,952.0,1856.0,0.513,576.0,733.0,0.786,318.0,1042.0,1360.0,853.0,351.0,204.0,504.0,721.0,3425.0,39.8,85.9,0.464,9.9,27.5,0.36,29.9,58.4,0.513,18.1,23.1,0.786,10.0,32.8,42.8,26.8,11.0,6.4,15.9,22.7,107.7,0.464,13.0,0.68,0.235,0.248,0.101,0.096,0.32,0.513,0.686,0.444,0.408,0.378,0.36,0.605,0.879,0.172,0.42
LAS,WAS,5,21,70,68,0,0,0,0,0,1,1,0,0,1,0,0,0,1,1,0,1,1,1,0,1,0,0,1,0,0,0,28.1,66.4,0.423,7.2,22.6,0.32,20.9,43.8,0.476,15.0,19.6,0.765,7.4,25.3,32.7,19.7,7.3,3.2,15.0,17.9,78.4,1124,2655,0.423,289,902,0.32,835,1753,0.476,599,783,0.765,294,1013,1307,787,292,129,598,715,3136,27.0,8,32,9,31,-7.23,0.92,-6.3,98.6,107.7,-9.1,79.2,0.295,0.34,0.523,0.478,16.6,22.0,0.226,0.522,14.2,76.1,0.211,35.4,83.5,0.423,9.1,28.4,0.32,26.3,55.1,0.476,18.8,24.6,0.765,9.2,31.9,41.1,24.8,9.2,4.1,18.8,22.5,98.6,0.423,12.8,0.66,0.234,0.271,0.088,0.067,0.34,0.476,0.641,0.437,0.312,0.279,0.32,0.622,0.927,0.173,0.321,31.7,68.3,0.464,7.9,21.9,0.36,23.8,46.4,0.513,14.4,18.3,0.786,8.0,26.1,34.0,21.3,8.8,5.1,12.6,18.0,85.6,1267.0,2730.0,0.464,315.0,874.0,0.36,952.0,1856.0,0.513,576.0,733.0,0.786,318.0,1042.0,1360.0,853.0,351.0,204.0,504.0,721.0,3425.0,39.8,85.9,0.464,9.9,27.5,0.36,29.9,58.4,0.513,18.1,23.1,0.786,10.0,32.8,42.8,26.8,11.0,6.4,15.9,22.7,107.7,0.464,13.0,0.68,0.235,0.248,0.101,0.096,0.32,0.513,0.686,0.444,0.408,0.378,0.36,0.605,0.879,0.172,0.42
LAS,IND,5,24,73,78,0,0,0,0,0,1,1,0,0,1,0,0,0,1,1,0,1,1,1,0,1,0,0,1,0,0,0,28.1,66.4,0.423,7.2,22.6,0.32,20.9,43.8,0.476,15.0,19.6,0.765,7.4,25.3,32.7,19.7,7.3,3.2,15.0,17.9,78.4,1124,2655,0.423,289,902,0.32,835,1753,0.476,599,783,0.765,294,1013,1307,787,292,129,598,715,3136,27.0,8,32,9,31,-7.23,0.92,-6.3,98.6,107.7,-9.1,79.2,0.295,0.34,0.523,0.478,16.6,22.0,0.226,0.522,14.2,76.1,0.211,35.4,83.5,0.423,9.1,28.4,0.32,26.3,55.1,0.476,18.8,24.6,0.765,9.2,31.9,41.1,24.8,9.2,4.1,18.8,22.5,98.6,0.423,12.8,0.66,0.234,0.271,0.088,0.067,0.34,0.476,0.641,0.437,0.312,0.279,0.32,0.622,0.927,0.173,0.321,31.7,68.3,0.464,7.9,21.9,0.36,23.8,46.4,0.513,14.4,18.3,0.786,8.0,26.1,34.0,21.3,8.8,5.1,12.6,18.0,85.6,1267.0,2730.0,0.464,315.0,874.0,0.36,952.0,1856.0,0.513,576.0,733.0,0.786,318.0,1042.0,1360.0,853.0,351.0,204.0,504.0,721.0,3425.0,39.8,85.9,0.464,9.9,27.5,0.36,29.9,58.4,0.513,18.1,23.1,0.786,10.0,32.8,42.8,26.8,11.0,6.4,15.9,22.7,107.7,0.464,13.0,0.68,0.235,0.248,0.101,0.096,0.32,0.513,0.686,0.444,0.408,0.378,0.36,0.605,0.879,0.172,0.42
LAS,DAL,5,26,83,84,0,0,0,0,0,1,1,0,0,1,0,0,0,1,1,0,1,1,1,0,1,0,0,1,0,0,0,28.1,66.4,0.423,7.2,22.6,0.32,20.9,43.8,0.476,15.0,19.6,0.765,7.4,25.3,32.7,19.7,7.3,3.2,15.0,17.9,78.4,1124,2655,0.423,289,902,0.32,835,1753,0.476,599,783,0.765,294,1013,1307,787,292,129,598,715,3136,27.0,8,32,9,31,-7.23,0.92,-6.3,98.6,107.7,-9.1,79.2,0.295,0.34,0.523,0.478,16.6,22.0,0.226,0.522,14.2,76.1,0.211,35.4,83.5,0.423,9.1,28.4,0.32,26.3,55.1,0.476,18.8,24.6,0.765,9.2,31.9,41.1,24.8,9.2,4.1,18.8,22.5,98.6,0.423,12.8,0.66,0.234,0.271,0.088,0.067,0.34,0.476,0.641,0.437,0.312,0.279,0.32,0.622,0.927,0.173,0.321,31.7,68.3,0.464,7.9,21.9,0.36,23.8,46.4,0.513,14.4,18.3,0.786,8.0,26.1,34.0,21.3,8.8,5.1,12.6,18.0,85.6,1267.0,2730.0,0.464,315.0,874.0,0.36,952.0,1856.0,0.513,576.0,733.0,0.786,318.0,1042.0,1360.0,853.0,351.0,204.0,504.0,721.0,3425.0,39.8,85.9,0.464,9.9,27.5,0.36,29.9,58.4,0.513,18.1,23.1,0.786,10.0,32.8,42.8,26.8,11.0,6.4,15.9,22.7,107.7,0.464,13.0,0.68,0.235,0.248,0.101,0.096,0.32,0.513,0.686,0.444,0.408,0.378,0.36,0.605,0.879,0.172,0.42
LAS,IND,5,28,88,82,0,0,0,0,0,1,1,0,0,1,0,0,0,1,1,0,1,1,1,0,1,0,0,1,0,0,0,28.1,66.4,0.423,7.2,22.6,0.32,20.9,43.8,0.476,15.0,19.6,0.765,7.4,25.3,32.7,19.7,7.3,3.2,15.0,17.9,78.4,1124,2655,0.423,289,902,0.32,835,1753,0.476,599,783,0.765,294,1013,1307,787,292,129,598,715,3136,27.0,8,32,9,31,-7.23,0.92,-6.3,98.6,107.7,-9.1,79.2,0.295,0.34,0.523,0.478,16.6,22.0,0.226,0.522,14.2,76.1,0.211,35.4,83.5,0.423,9.1,28.4,0.32,26.3,55.1,0.476,18.8,24.6,0.765,9.2,31.9,41.1,24.8,9.2,4.1,18.8,22.5,98.6,0.423,12.8,0.66,0.234,0.271,0.088,0.067,0.34,0.476,0.641,0.437,0.312,0.279,0.32,0.622,0.927,0.173,0.321,31.7,68.3,0.464,7.9,21.9,0.36,23.8,46.4,0.513,14.4,18.3,0.786,8.0,26.1,34.0,21.3,8.8,5.1,12.6,18.0,85.6,1267.0,2730.0,0.464,315.0,874.0,0.36,952.0,1856.0,0.513,576.0,733.0,0.786,318.0,1042.0,1360.0,853.0,351.0,204.0,504.0,721.0,3425.0,39.8,85.9,0.464,9.9,27.5,0.36,29.9,58.4,0.513,18.1,23.1,0.786,10.0,32.8,42.8,26.8,11.0,6.4,15.9,22.7,107.7,0.464,13.0,0.68,0.235,0.248,0.101,0.096,0.32,0.513,0.686,0.444,0.408,0.378,0.36,0.605,0.879,0.172,0.42
LAS,CHI,5,30,73,83,0,0,0,0,0,1,1,0,0,1,0,0,0,1,1,0,1,1,1,0,1,0,0,1,0,0,0,28.1,66.4,0.423,7.2,22.6,0.32,20.9,43.8,0.476,15.0,19.6,0.765,7.4,25.3,32.7,19.7,7.3,3.2,15.0,17.9,78.4,1124,2655,0.423,289,902,0.32,835,1753,0.476,599,783,0.765,294,1013,1307,787,292,129,598,715,3136,27.0,8,32,9,31,-7.23,0.92,-6.3,98.6,107.7,-9.1,79.2,0.295,0.34,0.523,0.478,16.6,22.0,0.226,0.522,14.2,76.1,0.211,35.4,83.5,0.423,9.1,28.4,0.32,26.3,55.1,0.476,18.8,24.6,0.765,9.2,31.9,41.1,24.8,9.2,4.1,18.8,22.5,98.6,0.423,12.8,0.66,0.234,0.271,0.088,0.067,0.34,0.476,0.641,0.437,0.312,0.279,0.32,0.622,0.927,0.173,0.321,31.7,68.3,0.464,7.9,21.9,0.36,23.8,46.4,0.513,14.4,18.3,0.786,8.0,26.1,34.0,21.3,8.8,5.1,12.6,18.0,85.6,1267.0,2730.0,0.464,315.0,874.0,0.36,952.0,1856.0,0.513,576.0,733.0,0.786,318.0,1042.0,1360.0,853.0,351.0,204.0,504.0,721.0,3425.0,39.8,85.9,0.464,9.9,27.5,0.36,29.9,58.4,0.513,18.1,23.1,0.786,10.0,32.8,42.8,26.8,11.0,6.4,15.9,22.7,107.7,0.464,13.0,0.68,0.235,0.248,0.101,0.096,0.32,0.513,0.686,0.444,0.408,0.378,0.36,0.605,0.879,0.172,0.42
LAS,PHO,6,2,68,87,0,0,0,0,0,1,1,0,0,1,0,0,0,1,1,0,1,1,1,0,1,0,0,1,0,0,0,28.1,66.4,0.423,7.2,22.6,0.32,20.9,43.8,0.476,15.0,19.6,0.765,7.4,25.3,32.7,19.7,7.3,3.2,15.0,17.9,78.4,1124,2655,0.423,289,902,0.32,835,1753,0.476,599,783,0.765,294,1013,1307,787,292,129,598,715,3136,27.0,8,32,9,31,-7.23,0.92,-6.3,98.6,107.7,-9.1,79.2,0.295,0.34,0.523,0.478,16.6,22.0,0.226,0.522,14.2,76.1,0.211,35.4,83.5,0.423,9.1,28.4,0.32,26.3,55.1,0.476,18.8,24.6,0.765,9.2,31.9,41.1,24.8,9.2,4.1,18.8,22.5,98.6,0.423,12.8,0.66,0.234,0.271,0.088,0.067,0.34,0.476,0.641,0.437,0.312,0.279,0.32,0.622,0.927,0.173,0.321,31.7,68.3,0.464,7.9,21.9,0.36,23.8,46.4,0.513,14.4,18.3,0.786,8.0,26.1,34.0,21.3,8.8,5.1,12.6,18.0,85.6,1267.0,2730.0,0.464,315.0,874.0,0.36,952.0,1856.0,0.513,576.0,733.0,0.786,318.0,1042.0,1360.0,853.0,351.0,204.0,504.0,721.0,3425.0,39.8,85.9,0.464,9.9,27.5,0.36,29.9,58.4,0.513,18.1,23.1,0.786,10.0,32.8,42.8,26.8,11.0,6.4,15.9,22.7,107.7,0.464,13.0,0.68,0.235,0.248,0.101,0.096,0.32,0.513,0.686,0.444,0.408,0.378,0.36,0.605,0.879,0.172,0.42
LAS,MIN,6,5,62,86,0,0,0,0,0,1,1,0,0,1,0,0,0,1,1,0,1,1,1,0,1,0,0,1,0,0,0,28.1,66.4,0.423,7.2,22.6,0.32,20.9,43.8,0.476,15.0,19.6,0.765,7.4,25.3,32.7,19.7,7.3,3.2,15.0,17.9,78.4,1124,2655,0.423,289,902,0.32,835,1753,0.476,599,783,0.765,294,1013,1307,787,292,129,598,715,3136,27.0,8,32,9,31,-7.23,0.92,-6.3,98.6,107.7,-9.1,79.2,0.295,0.34,0.523,0.478,16.6,22.0,0.226,0.522,14.2,76.1,0.211,35.4,83.5,0.423,9.1,28.4,0.32,26.3,55.1,0.476,18.8,24.6,0.765,9.2,31.9,41.1,24.8,9.2,4.1,18.8,22.5,98.6,0.423,12.8,0.66,0.234,0.271,0.088,0.067,0.34,0.476,0.641,0.437,0.312,0.279,0.32,0.622,0.927,0.173,0.321,31.7,68.3,0.464,7.9,21.9,0.36,23.8,46.4,0.513,14.4,18.3,0.786,8.0,26.1,34.0,21.3,8.8,5.1,12.6,18.0,85.6,1267.0,2730.0,0.464,315.0,874.0,0.36,952.0,1856.0,0.513,576.0,733.0,0.786,318.0,1042.0,1360.0,853.0,351.0,204.0,504.0,721.0,3425.0,39.8,85.9,0.464,9.9,27.5,0.36,29.9,58.4,0.513,18.1,23.1,0.786,10.0,32.8,42.8,26.8,11.0,6.4,15.9,22.7,107.7,0.464,13.0,0.68,0.235,0.248,0.101,0.096,0.32,0.513,0.686,0.444,0.408,0.378,0.36,0.605,0.879,0.172,0.42
LAS,DAL,6,7,81,72,0,0,0,0,0,1,1,0,0,1,0,0,0,1,1,0,1,1,1,0,1,0,0,1,0,0,0,28.1,66.4,0.423,7.2,22.6,0.32,20.9,43.8,0.476,15.0,19.6,0.765,7.4,25.3,32.7,19.7,7.3,3.2,15.0,17.9,78.4,1124,2655,0.423,289,902,0.32,835,1753,0.476,599,783,0.765,294,1013,1307,787,292,129,598,715,3136,27.0,8,32,9,31,-7.23,0.92,-6.3,98.6,107.7,-9.1,79.2,0.295,0.34,0.523,0.478,16.6,22.0,0.226,0.522,14.2,76.1,0.211,35.4,83.5,0.423,9.1,28.4,0.32,26.3,55.1,0.476,18.8,24.6,0.765,9.2,31.9,41.1,24.8,9.2,4.1,18.8,22.5,98.6,0.423,12.8,0.66,0.234,0.271,0.088,0.067,0.34,0.476,0.641,0.437,0.312,0.279,0.32,0.622,0.927,0.173,0.321,31.7,68.3,0.464,7.9,21.9,0.36,23.8,46.4,0.513,14.4,18.3,0.786,8.0,26.1,34.0,21.3,8.8,5.1,12.6,18.0,85.6,1267.0,2730.0,0.464,315.0,874.0,0.36,952.0,1856.0,0.513,576.0,733.0,0.786,318.0,1042.0,1360.0,853.0,351.0,204.0,504.0,721.0,3425.0,39.8,85.9,0.464,9.9,27.5,0.36,29.9,58.4,0.513,18.1,23.1,0.786,10.0,32.8,42.8,26.8,11.0,6.4,15.9,22.7,107.7,0.464,13.0,0.68,0.235,0.248,0.101,0.096,0.32,0.513,0.686,0.444,0.408,0.378,0.36,0.605,0.879,0.172,0.42
LAS,LVA,6,9,96,92,0,0,0,0,0,1,1,0,0,1,0,0,0,1,1,0,1,1,1,0,1,0,0,1,0,0,0,28.1,66.4,0.423,7.2,22.6,0.32,20.9,43.8,0.476,15.0,19.6,0.765,7.4,25.3,32.7,19.7,7.3,3.2,15.0,17.9,78.4,1124,2655,0.423,289,902,0.32,835,1753,0.476,599,783,0.765,294,1013,1307,787,292,129,598,715,3136,27.0,8,32,9,31,-7.23,0.92,-6.3,98.6,107.7,-9.1,79.2,0.295,0.34,0.523,0.478,16.6,22.0,0.226,0.522,14.2,76.1,0.211,35.4,83.5,0.423,9.1,28.4,0.32,26.3,55.1,0.476,18.8,24.6,0.765,9.2,31.9,41.1,24.8,9.2,4.1,18.8,22.5,98.6,0.423,12.8,0.66,0.234,0.271,0.088,0.067,0.34,0.476,0.641,0.437,0.312,0.279,0.32,0.622,0.927,0.173,0.321,31.7,68.3,0.464,7.9,21.9,0.36,23.8,46.4,0.513,14.4,18.3,0.786,8.0,26.1,34.0,21.3,8.8,5.1,12.6,18.0,85.6,1267.0,2730.0,0.464,315.0,874.0,0.36,952.0,1856.0,0.513,576.0,733.0,0.786,318.0,1042.0,1360.0,853.0,351.0,204.0,504.0,721.0,3425.0,39.8,85.9,0.464,9.9,27.5,0.36,29.9,58.4,0.513,18.1,23.1,0.786,10.0,32.8,42.8,26.8,11.0,6.4,15.9,22.7,107.7,0.464,13.0,0.68,0.235,0.248,0.101,0.096,0.32,0.513,0.686,0.444,0.408,0.378,0.36,0.605,0.879,0.172,0.42
LAS,SEA,6,11,79,95,0,0,0,0,0,1,1,0,0,1,0,0,0,1,1,0,1,1,1,0,1,0,0,1,0,0,0,28.1,66.4,0.423,7.2,22.6,0.32,20.9,43.8,0.476,15.0,19.6,0.765,7.4,25.3,32.7,19.7,7.3,3.2,15.0,17.9,78.4,1124,2655,0.423,289,902,0.32,835,1753,0.476,599,783,0.765,294,1013,1307,787,292,129,598,715,3136,27.0,8,32,9,31,-7.23,0.92,-6.3,98.6,107.7,-9.1,79.2,0.295,0.34,0.523,0.478,16.6,22.0,0.226,0.522,14.2,76.1,0.211,35.4,83.5,0.423,9.1,28.4,0.32,26.3,55.1,0.476,18.8,24.6,0.765,9.2,31.9,41.1,24.8,9.2,4.1,18.8,22.5,98.6,0.423,12.8,0.66,0.234,0.271,0.088,0.067,0.34,0.476,0.641,0.437,0.312,0.279,0.32,0.622,0.927,0.173,0.321,31.7,68.3,0.464,7.9,21.9,0.36,23.8,46.4,0.513,14.4,18.3,0.786,8.0,26.1,34.0,21.3,8.8,5.1,12.6,18.0,85.6,1267.0,2730.0,0.464,315.0,874.0,0.36,952.0,1856.0,0.513,576.0,733.0,0.786,318.0,1042.0,1360.0,853.0,351.0,204.0,504.0,721.0,3425.0,39.8,85.9,0.464,9.9,27.5,0.36,29.9,58.4,0.513,18.1,23.1,0.786,10.0,32.8,42.8,26.8,11.0,6.4,15.9,22.7,107.7,0.464,13.0,0.68,0.235,0.248,0.101,0.096,0.32,0.513,0.686,0.444,0.408,0.378,0.36,0.605,0.879,0.172,0.42
LAS,MIN,6,14,76,81,0,0,0,0,0,1,1,0,0,1,0,0,0,1,1,0,1,1,1,0,1,0,0,1,0,0,0,28.1,66.4,0.423,7.2,22.6,0.32,20.9,43.8,0.476,15.0,19.6,0.765,7.4,25.3,32.7,19.7,7.3,3.2,15.0,17.9,78.4,1124,2655,0.423,289,902,0.32,835,1753,0.476,599,783,0.765,294,1013,1307,787,292,129,598,715,3136,27.0,8,32,9,31,-7.23,0.92,-6.3,98.6,107.7,-9.1,79.2,0.295,0.34,0.523,0.478,16.6,22.0,0.226,0.522,14.2,76.1,0.211,35.4,83.5,0.423,9.1,28.4,0.32,26.3,55.1,0.476,18.8,24.6,0.765,9.2,31.9,41.1,24.8,9.2,4.1,18.8,22.5,98.6,0.423,12.8,0.66,0.234,0.271,0.088,0.067,0.34,0.476,0.641,0.437,0.312,0.279,0.32,0.622,0.927,0.173,0.321,31.7,68.3,0.464,7.9,21.9,0.36,23.8,46.4,0.513,14.4,18.3,0.786,8.0,26.1,34.0,21.3,8.8,5.1,12.6,18.0,85.6,1267.0,2730.0,0.464,315.0,874.0,0.36,952.0,1856.0,0.513,576.0,733.0,0.786,318.0,1042.0,1360.0,853.0,351.0,204.0,504.0,721.0,3425.0,39.8,85.9,0.464,9.9,27.5,0.36,29.9,58.4,0.513,18.1,23.1,0.786,10.0,32.8,42.8,26.8,11.0,6.4,15.9,22.7,107.7,0.464,13.0,0.68,0.235,0.248,0.101,0.096,0.32,0.513,0.686,0.444,0.408,0.378,0.36,0.605,0.879,0.172,0.42
LAS,ATL,6,16,74,87,0,0,0,0,0,1,1,0,0,1,0,0,0,1,1,0,1,1,1,0,1,0,0,1,0,0,0,28.1,66.4,0.423,7.2,22.6,0.32,20.9,43.8,0.476,15.0,19.6,0.765,7.4,25.3,32.7,19.7,7.3,3.2,15.0,17.9,78.4,1124,2655,0.423,289,902,0.32,835,1753,0.476,599,783,0.765,294,1013,1307,787,292,129,598,715,3136,27.0,8,32,9,31,-7.23,0.92,-6.3,98.6,107.7,-9.1,79.2,0.295,0.34,0.523,0.478,16.6,22.0,0.226,0.522,14.2,76.1,0.211,35.4,83.5,0.423,9.1,28.4,0.32,26.3,55.1,0.476,18.8,24.6,0.765,9.2,31.9,41.1,24.8,9.2,4.1,18.8,22.5,98.6,0.423,12.8,0.66,0.234,0.271,0.088,0.067,0.34,0.476,0.641,0.437,0.312,0.279,0.32,0.622,0.927,0.173,0.321,31.7,68.3,0.464,7.9,21.9,0.36,23.8,46.4,0.513,14.4,18.3,0.786,8.0,26.1,34.0,21.3,8.8,5.1,12.6,18.0,85.6,1267.0,2730.0,0.464,315.0,874.0,0.36,952.0,1856.0,0.513,576.0,733.0,0.786,318.0,1042.0,1360.0,853.0,351.0,204.0,504.0,721.0,3425.0,39.8,85.9,0.464,9.9,27.5,0.36,29.9,58.4,0.513,18.1,23.1,0.786,10.0,32.8,42.8,26.8,11.0,6.4,15.9,22.7,107.7,0.464,13.0,0.68,0.235,0.248,0.101,0.096,0.32,0.513,0.686,0.444,0.408,0.378,0.36,0.605,0.879,0.172,0.42
LAS,CON,6,18,70,79,0,0,0,0,0,1,1,0,0,1,0,0,0,1,1,0,1,1,1,0,1,0,0,1,0,0,0,28.1,66.4,0.423,7.2,22.6,0.32,20.9,43.8,0.476,15.0,19.6,0.765,7.4,25.3,32.7,19.7,7.3,3.2,15.0,17.9,78.4,1124,2655,0.423,289,902,0.32,835,1753,0.476,599,783,0.765,294,1013,1307,787,292,129,598,715,3136,27.0,8,32,9,31,-7.23,0.92,-6.3,98.6,107.7,-9.1,79.2,0.295,0.34,0.523,0.478,16.6,22.0,0.226,0.522,14.2,76.1,0.211,35.4,83.5,0.423,9.1,28.4,0.32,26.3,55.1,0.476,18.8,24.6,0.765,9.2,31.9,41.1,24.8,9.2,4.1,18.8,22.5,98.6,0.423,12.8,0.66,0.234,0.271,0.088,0.067,0.34,0.476,0.641,0.437,0.312,0.279,0.32,0.622,0.927,0.173,0.321,31.7,68.3,0.464,7.9,21.9,0.36,23.8,46.4,0.513,14.4,18.3,0.786,8.0,26.1,34.0,21.3,8.8,5.1,12.6,18.0,85.6,1267.0,2730.0,0.464,315.0,874.0,0.36,952.0,1856.0,0.513,576.0,733.0,0.786,318.0,1042.0,1360.0,853.0,351.0,204.0,504.0,721.0,3425.0,39.8,85.9,0.464,9.9,27.5,0.36,29.9,58.4,0.513,18.1,23.1,0.786,10.0,32.8,42.8,26.8,11.0,6.4,15.9,22.7,107.7,0.464,13.0,0.68,0.235,0.248,0.101,0.096,0.32,0.513,0.686,0.444,0.408,0.378,0.36,0.605,0.879,0.172,0.42
LAS,NYL,6,20,80,93,0,0,0,0,0,1,1,0,0,1,0,0,0,0,1,0,1,1,1,0,1,0,0,1,0,0,0,28.1,66.4,0.423,7.2,22.6,0.32,20.9,43.8,0.476,15.0,19.6,0.765,7.4,25.3,32.7,19.7,7.3,3.2,15.0,17.9,78.4,1124,2655,0.423,289,902,0.32,835,1753,0.476,599,783,0.765,294,1013,1307,787,292,129,598,715,3136,27.0,8,32,9,31,-7.23,0.92,-6.3,98.6,107.7,-9.1,79.2,0.295,0.34,0.523,0.478,16.6,22.0,0.226,0.522,14.2,76.1,0.211,35.4,83.5,0.423,9.1,28.4,0.32,26.3,55.1,0.476,18.8,24.6,0.765,9.2,31.9,41.1,24.8,9.2,4.1,18.8,22.5,98.6,0.423,12.8,0.66,0.234,0.271,0.088,0.067,0.34,0.476,0.641,0.437,0.312,0.279,0.32,0.622,0.927,0.173,0.321,31.7,68.3,0.464,7.9,21.9,0.36,23.8,46.4,0.513,14.4,18.3,0.786,8.0,26.1,34.0,21.3,8.8,5.1,12.6,18.0,85.6,1267.0,2730.0,0.464,315.0,874.0,0.36,952.0,1856.0,0.513,576.0,733.0,0.786,318.0,1042.0,1360.0,853.0,351.0,204.0,504.0,721.0,3425.0,39.8,85.9,0.464,9.9,27.5,0.36,29.9,58.4,0.513,18.1,23.1,0.786,10.0,32.8,42.8,26.8,11.0,6.4,15.9,22.7,107.7,0.464,13.0,0.68,0.235,0.248,0.101,0.096,0.32,0.513,0.686,0.444,0.408,0.378,0.36,0.605,0.879,0.172,0.42
LAS,NYL,6,22,88,98,0,1,0,0,0,1,1,0,0,1,0,0,1,0,1,0,1,2,2,0,1,0,0,1,0,0,0,28.1,66.4,0.423,7.2,22.6,0.32,20.9,43.8,0.476,15.0,19.6,0.765,7.4,25.3,32.7,19.7,7.3,3.2,15.0,17.9,78.4,1124,2655,0.423,289,902,0.32,835,1753,0.476,599,783,0.765,294,1013,1307,787,292,129,598,715,3136,27.0,8,32,9,31,-7.23,0.92,-6.3,98.6,107.7,-9.1,79.2,0.295,0.34,0.523,0.478,16.6,22.0,0.226,0.522,14.2,76.1,0.211,35.4,83.5,0.423,9.1,28.4,0.32,26.3,55.1,0.476,18.8,24.6,0.765,9.2,31.9,41.1,24.8,9.2,4.1,18.8,22.5,98.6,0.423,12.8,0.66,0.234,0.271,0.088,0.067,0.34,0.476,0.641,0.437,0.312,0.279,0.32,0.622,0.927,0.173,0.321,31.7,68.3,0.464,7.9,21.9,0.36,23.8,46.4,0.513,14.4,18.3,0.786,8.0,26.1,34.0,21.3,8.8,5.1,12.6,18.0,85.6,1267.0,2730.0,0.464,315.0,874.0,0.36,952.0,1856.0,0.513,576.0,733.0,0.786,318.0,1042.0,1360.0,853.0,351.0,204.0,504.0,721.0,3425.0,39.8,85.9,0.464,9.9,27.5,0.36,29.9,58.4,0.513,18.1,23.1,0.786,10.0,32.8,42.8,26.8,11.0,6.4,15.9,22.7,107.7,0.464,13.0,0.68,0.235,0.248,0.101,0.096,0.32,0.513,0.686,0.444,0.408,0.378,0.36,0.605,0.879,0.172,0.42
LAS,PHO,6,28,78,92,0,1,0,0,0,1,1,0,0,1,0,0,1,0,1,0,1,2,2,0,1,0,0,1,0,0,0,28.1,66.4,0.423,7.2,22.6,0.32,20.9,43.8,0.476,15.0,19.6,0.765,7.4,25.3,32.7,19.7,7.3,3.2,15.0,17.9,78.4,1124,2655,0.423,289,902,0.32,835,1753,0.476,599,783,0.765,294,1013,1307,787,292,129,598,715,3136,27.0,8,32,9,31,-7.23,0.92,-6.3,98.6,107.7,-9.1,79.2,0.295,0.34,0.523,0.478,16.6,22.0,0.226,0.522,14.2,76.1,0.211,35.4,83.5,0.423,9.1,28.4,0.32,26.3,55.1,0.476,18.8,24.6,0.765,9.2,31.9,41.1,24.8,9.2,4.1,18.8,22.5,98.6,0.423,12.8,0.66,0.234,0.271,0.088,0.067,0.34,0.476,0.641,0.437,0.312,0.279,0.32,0.622,0.927,0.173,0.321,31.7,68.3,0.464,7.9,21.9,0.36,23.8,46.4,0.513,14.4,18.3,0.786,8.0,26.1,34.0,21.3,8.8,5.1,12.6,18.0,85.6,1267.0,2730.0,0.464,315.0,874.0,0.36,952.0,1856.0,0.513,576.0,733.0,0.786,318.0,1042.0,1360.0,853.0,351.0,204.0,504.0,721.0,3425.0,39.8,85.9,0.464,9.9,27.5,0.36,29.9,58.4,0.513,18.1,23.1,0.786,10.0,32.8,42.8,26.8,11.0,6.4,15.9,22.7,107.7,0.464,13.0,0.68,0.235,0.248,0.101,0.096,0.32,0.513,0.686,0.444,0.408,0.378,0.36,0.605,0.879,0.172,0.42
LAS,WAS,7,2,80,82,0,0,0,0,0,1,1,0,0,1,0,0,0,0,1,0,1,1,1,0,1,0,0,1,0,0,0,28.1,66.4,0.423,7.2,22.6,0.32,20.9,43.8,0.476,15.0,19.6,0.765,7.4,25.3,32.7,19.7,7.3,3.2,15.0,17.9,78.4,1124,2655,0.423,289,902,0.32,835,1753,0.476,599,783,0.765,294,1013,1307,787,292,129,598,715,3136,27.0,8,32,9,31,-7.23,0.92,-6.3,98.6,107.7,-9.1,79.2,0.295,0.34,0.523,0.478,16.6,22.0,0.226,0.522,14.2,76.1,0.211,35.4,83.5,0.423,9.1,28.4,0.32,26.3,55.1,0.476,18.8,24.6,0.765,9.2,31.9,41.1,24.8,9.2,4.1,18.8,22.5,98.6,0.423,12.8,0.66,0.234,0.271,0.088,0.067,0.34,0.476,0.641,0.437,0.312,0.279,0.32,0.622,0.927,0.173,0.321,31.7,68.3,0.464,7.9,21.9,0.36,23.8,46.4,0.513,14.4,18.3,0.786,8.0,26.1,34.0,21.3,8.8,5.1,12.6,18.0,85.6,1267.0,2730.0,0.464,315.0,874.0,0.36,952.0,1856.0,0.513,576.0,733.0,0.786,318.0,1042.0,1360.0,853.0,351.0,204.0,504.0,721.0,3425.0,39.8,85.9,0.464,9.9,27.5,0.36,29.9,58.4,0.513,18.1,23.1,0.786,10.0,32.8,42.8,26.8,11.0,6.4,15.9,22.7,107.7,0.464,13.0,0.68,0.235,0.248,0.101,0.096,0.32,0.513,0.686,0.444,0.408,0.378,0.36,0.605,0.879,0.172,0.42
LAS,LVA,7,5,98,93,0,0,0,0,0,1,1,0,0,1,0,0,0,0,1,0,1,1,1,0,1,0,0,1,0,0,0,28.1,66.4,0.423,7.2,22.6,0.32,20.9,43.8,0.476,15.0,19.6,0.765,7.4,25.3,32.7,19.7,7.3,3.2,15.0,17.9,78.4,1124,2655,0.423,289,902,0.32,835,1753,0.476,599,783,0.765,294,1013,1307,787,292,129,598,715,3136,27.0,8,32,9,31,-7.23,0.92,-6.3,98.6,107.7,-9.1,79.2,0.295,0.34,0.523,0.478,16.6,22.0,0.226,0.522,14.2,76.1,0.211,35.4,83.5,0.423,9.1,28.4,0.32,26.3,55.1,0.476,18.8,24.6,0.765,9.2,31.9,41.1,24.8,9.2,4.1,18.8,22.5,98.6,0.423,12.8,0.66,0.234,0.271,0.088,0.067,0.34,0.476,0.641,0.437,0.312,0.279,0.32,0.622,0.927,0.173,0.321,31.7,68.3,0.464,7.9,21.9,0.36,23.8,46.4,0.513,14.4,18.3,0.786,8.0,26.1,34.0,21.3,8.8,5.1,12.6,18.0,85.6,1267.0,2730.0,0.464,315.0,874.0,0.36,952.0,1856.0,0.513,576.0,733.0,0.786,318.0,1042.0,1360.0,853.0,351.0,204.0,504.0,721.0,3425.0,39.8,85.9,0.464,9.9,27.5,0.36,29.9,58.4,0.513,18.1,23.1,0.786,10.0,32.8,42.8,26.8,11.0,6.4,15.9,22.7,107.7,0.464,13.0,0.68,0.235,0.248,0.101,0.096,0.32,0.513,0.686,0.444,0.408,0.378,0.36,0.605,0.879,0.172,0.42
LAS,PHO,7,7,78,84,0,0,0,0,0,1,1,0,0,1,0,0,0,0,1,0,1,1,2,0,1,1,0,1,0,0,0,28.1,66.4,0.423,7.2,22.6,0.32,20.9,43.8,0.476,15.0,19.6,0.765,7.4,25.3,32.7,19.7,7.3,3.2,15.0,17.9,78.4,1124,2655,0.423,289,902,0.32,835,1753,0.476,599,783,0.765,294,1013,1307,787,292,129,598,715,3136,27.0,8,32,9,31,-7.23,0.92,-6.3,98.6,107.7,-9.1,79.2,0.295,0.34,0.523,0.478,16.6,22.0,0.226,0.522,14.2,76.1,0.211,35.4,83.5,0.423,9.1,28.4,0.32,26.3,55.1,0.476,18.8,24.6,0.765,9.2,31.9,41.1,24.8,9.2,4.1,18.8,22.5,98.6,0.423,12.8,0.66,0.234,0.271,0.088,0.067,0.34,0.476,0.641,0.437,0.312,0.279,0.32,0.622,0.927,0.173,0.321,31.7,68.3,0.464,7.9,21.9,0.36,23.8,46.4,0.513,14.4,18.3,0.786,8.0,26.1,34.0,21.3,8.8,5.1,12.6,18.0,85.6,1267.0,2730.0,0.464,315.0,874.0,0.36,952.0,1856.0,0.513,576.0,733.0,0.786,318.0,1042.0,1360.0,853.0,351.0,204.0,504.0,721.0,3425.0,39.8,85.9,0.464,9.9,27.5,0.36,29.9,58.4,0.513,18.1,23.1,0.786,10.0,32.8,42.8,26.8,11.0,6.4,15.9,22.7,107.7,0.464,13.0,0.68,0.235,0.248,0.101,0.096,0.32,0.513,0.686,0.444,0.408,0.378,0.36,0.605,0.879,0.172,0.42
LAS,MIN,7,9,67,82,0,0,0,0,0,1,1,0,0,1,0,0,0,0,1,0,1,1,2,0,1,1,0,1,0,0,0,28.1,66.4,0.423,7.2,22.6,0.32,20.9,43.8,0.476,15.0,19.6,0.765,7.4,25.3,32.7,19.7,7.3,3.2,15.0,17.9,78.4,1124,2655,0.423,289,902,0.32,835,1753,0.476,599,783,0.765,294,1013,1307,787,292,129,598,715,3136,27.0,8,32,9,31,-7.23,0.92,-6.3,98.6,107.7,-9.1,79.2,0.295,0.34,0.523,0.478,16.6,22.0,0.226,0.522,14.2,76.1,0.211,35.4,83.5,0.423,9.1,28.4,0.32,26.3,55.1,0.476,18.8,24.6,0.765,9.2,31.9,41.1,24.8,9.2,4.1,18.8,22.5,98.6,0.423,12.8,0.66,0.234,0.271,0.088,0.067,0.34,0.476,0.641,0.437,0.312,0.279,0.32,0.622,0.927,0.173,0.321,31.7,68.3,0.464,7.9,21.9,0.36,23.8,46.4,0.513,14.4,18.3,0.786,8.0,26.1,34.0,21.3,8.8,5.1,12.6,18.0,85.6,1267.0,2730.0,0.464,315.0,874.0,0.36,952.0,1856.0,0.513,576.0,733.0,0.786,318.0,1042.0,1360.0,853.0,351.0,204.0,504.0,721.0,3425.0,39.8,85.9,0.464,9.9,27.5,0.36,29.9,58.4,0.513,18.1,23.1,0.786,10.0,32.8,42.8,26.8,11.0,6.4,15.9,22.7,107.7,0.464,13.0,0.68,0.235,0.248,0.101,0.096,0.32,0.513,0.686,0.444,0.408,0.378,0.36,0.605,0.879,0.172,0.42
LAS,DAL,7,13,87,81,0,0,0,0,0,1,1,0,0,1,0,0,0,0,1,0,1,0,2,0,1,1,0,1,0,0,0,28.1,66.4,0.423,7.2,22.6,0.32,20.9,43.8,0.476,15.0,19.6,0.765,7.4,25.3,32.7,19.7,7.3,3.2,15.0,17.9,78.4,1124,2655,0.423,289,902,0.32,835,1753,0.476,599,783,0.765,294,1013,1307,787,292,129,598,715,3136,27.0,8,32,9,31,-7.23,0.92,-6.3,98.6,107.7,-9.1,79.2,0.295,0.34,0.523,0.478,16.6,22.0,0.226,0.522,14.2,76.1,0.211,35.4,83.5,0.423,9.1,28.4,0.32,26.3,55.1,0.476,18.8,24.6,0.765,9.2,31.9,41.1,24.8,9.2,4.1,18.8,22.5,98.6,0.423,12.8,0.66,0.234,0.271,0.088,0.067,0.34,0.476,0.641,0.437,0.312,0.279,0.32,0.622,0.927,0.173,0.321,31.7,68.3,0.464,7.9,21.9,0.36,23.8,46.4,0.513,14.4,18.3,0.786,8.0,26.1,34.0,21.3,8.8,5.1,12.6,18.0,85.6,1267.0,2730.0,0.464,315.0,874.0,0.36,952.0,1856.0,0.513,576.0,733.0,0.786,318.0,1042.0,1360.0,853.0,351.0,204.0,504.0,721.0,3425.0,39.8,85.9,0.464,9.9,27.5,0.36,29.9,58.4,0.513,18.1,23.1,0.786,10.0,32.8,42.8,26.8,11.0,6.4,15.9,22.7,107.7,0.464,13.0,0.68,0.235,0.248,0.101,0.096,0.32,0.513,0.686,0.444,0.408,0.378,0.36,0.605,0.879,0.172,0.42
LAS,SEA,7,16,83,89,0,0,0,0,0,1,1,0,0,1,0,0,0,0,1,0,1,0,2,0,1,1,0,1,0,0,0,28.1,66.4,0.423,7.2,22.6,0.32,20.9,43.8,0.476,15.0,19.6,0.765,7.4,25.3,32.7,19.7,7.3,3.2,15.0,17.9,78.4,1124,2655,0.423,289,902,0.32,835,1753,0.476,599,783,0.765,294,1013,1307,787,292,129,598,715,3136,27.0,8,32,9,31,-7.23,0.92,-6.3,98.6,107.7,-9.1,79.2,0.295,0.34,0.523,0.478,16.6,22.0,0.226,0.522,14.2,76.1,0.211,35.4,83.5,0.423,9.1,28.4,0.32,26.3,55.1,0.476,18.8,24.6,0.765,9.2,31.9,41.1,24.8,9.2,4.1,18.8,22.5,98.6,0.423,12.8,0.66,0.234,0.271,0.088,0.067,0.34,0.476,0.641,0.437,0.312,0.279,0.32,0.622,0.927,0.173,0.321,31.7,68.3,0.464,7.9,21.9,0.36,23.8,46.4,0.513,14.4,18.3,0.786,8.0,26.1,34.0,21.3,8.8,5.1,12.6,18.0,85.6,1267.0,2730.0,0.464,315.0,874.0,0.36,952.0,1856.0,0.513,576.0,733.0,0.786,318.0,1042.0,1360.0,853.0,351.0,204.0,504.0,721.0,3425.0,39.8,85.9,0.464,9.9,27.5,0.36,29.9,58.4,0.513,18.1,23.1,0.786,10.0,32.8,42.8,26.8,11.0,6.4,15.9,22.7,107.7,0.464,13.0,0.68,0.235,0.248,0.101,0.096,0.32,0.513,0.686,0.444,0.408,0.378,0.36,0.605,0.879,0.172,0.42
LAS,NYL,8,15,68,103,0,0,0,0,0,1,1,0,0,1,0,0,0,0,1,0,1,1,2,0,0,1,0,0,0,0,0,28.1,66.4,0.423,7.2,22.6,0.32,20.9,43.8,0.476,15.0,19.6,0.765,7.4,25.3,32.7,19.7,7.3,3.2,15.0,17.9,78.4,1124,2655,0.423,289,902,0.32,835,1753,0.476,599,783,0.765,294,1013,1307,787,292,129,598,715,3136,27.0,8,32,9,31,-7.23,0.92,-6.3,98.6,107.7,-9.1,79.2,0.295,0.34,0.523,0.478,16.6,22.0,0.226,0.522,14.2,76.1,0.211,35.4,83.5,0.423,9.1,28.4,0.32,26.3,55.1,0.476,18.8,24.6,0.765,9.2,31.9,41.1,24.8,9.2,4.1,18.8,22.5,98.6,0.423,12.8,0.66,0.234,0.271,0.088,0.067,0.34,0.476,0.641,0.437,0.312,0.279,0.32,0.622,0.927,0.173,0.321,31.7,68.3,0.464,7.9,21.9,0.36,23.8,46.4,0.513,14.4,18.3,0.786,8.0,26.1,34.0,21.3,8.8,5.1,12.6,18.0,85.6,1267.0,2730.0,0.464,315.0,874.0,0.36,952.0,1856.0,0.513,576.0,733.0,0.786,318.0,1042.0,1360.0,853.0,351.0,204.0,504.0,721.0,3425.0,39.8,85.9,0.464,9.9,27.5,0.36,29.9,58.4,0.513,18.1,23.1,0.786,10.0,32.8,42.8,26.8,11.0,6.4,15.9,22.7,107.7,0.464,13.0,0.68,0.235,0.248,0.101,0.096,0.32,0.513,0.686,0.444,0.408,0.378,0.36,0.605,0.879,0.172,0.42
LAS,CHI,8,17,86,90,0,0,0,0,0,1,1,1,1,1,1,0,0,0,1,0,1,1,2,0,0,1,0,0,0,0,0,28.1,66.4,0.423,7.2,22.6,0.32,20.9,43.8,0.476,15.0,19.6,0.765,7.4,25.3,32.7,19.7,7.3,3.2,15.0,17.9,78.4,1124,2655,0.423,289,902,0.32,835,1753,0.476,599,783,0.765,294,1013,1307,787,292,129,598,715,3136,27.0,8,32,9,31,-7.23,0.92,-6.3,98.6,107.7,-9.1,79.2,0.295,0.34,0.523,0.478,16.6,22.0,0.226,0.522,14.2,76.1,0.211,35.4,83.5,0.423,9.1,28.4,0.32,26.3,55.1,0.476,18.8,24.6,0.765,9.2,31.9,41.1,24.8,9.2,4.1,18.8,22.5,98.6,0.423,12.8,0.66,0.234,0.271,0.088,0.067,0.34,0.476,0.641,0.437,0.312,0.279,0.32,0.622,0.927,0.173,0.321,31.7,68.3,0.464,7.9,21.9,0.36,23.8,46.4,0.513,14.4,18.3,0.786,8.0,26.1,34.0,21.3,8.8,5.1,12.6,18.0,85.6,1267.0,2730.0,0.464,315.0,874.0,0.36,952.0,1856.0,0.513,576.0,733.0,0.786,318.0,1042.0,1360.0,853.0,351.0,204.0,504.0,721.0,3425.0,39.8,85.9,0.464,9.9,27.5,0.36,29.9,58.4,0.513,18.1,23.1,0.786,10.0,32.8,42.8,26.8,11.0,6.4,15.9,22.7,107.7,0.464,13.0,0.68,0.235,0.248,0.101,0.096,0.32,0.513,0.686,0.444,0.408,0.378,0.36,0.605,0.879,0.172,0.42
LAS,LVA,8,18,71,87,0,0,0,0,0,1,1,1,1,1,1,0,0,0,1,0,1,1,2,0,0,1,0,0,0,0,0,28.1,66.4,0.423,7.2,22.6,0.32,20.9,43.8,0.476,15.0,19.6,0.765,7.4,25.3,32.7,19.7,7.3,3.2,15.0,17.9,78.4,1124,2655,0.423,289,902,0.32,835,1753,0.476,599,783,0.765,294,1013,1307,787,292,129,598,715,3136,27.0,8,32,9,31,-7.23,0.92,-6.3,98.6,107.7,-9.1,79.2,0.295,0.34,0.523,0.478,16.6,22.0,0.226,0.522,14.2,76.1,0.211,35.4,83.5,0.423,9.1,28.4,0.32,26.3,55.1,0.476,18.8,24.6,0.765,9.2,31.9,41.1,24.8,9.2,4.1,18.8,22.5,98.6,0.423,12.8,0.66,0.234,0.271,0.088,0.067,0.34,0.476,0.641,0.437,0.312,0.279,0.32,0.622,0.927,0.173,0.321,31.7,68.3,0.464,7.9,21.9,0.36,23.8,46.4,0.513,14.4,18.3,0.786,8.0,26.1,34.0,21.3,8.8,5.1,12.6,18.0,85.6,1267.0,2730.0,0.464,315.0,874.0,0.36,952.0,1856.0,0.513,576.0,733.0,0.786,318.0,1042.0,1360.0,853.0,351.0,204.0,504.0,721.0,3425.0,39.8,85.9,0.464,9.9,27.5,0.36,29.9,58.4,0.513,18.1,23.1,0.786,10.0,32.8,42.8,26.8,11.0,6.4,15.9,22.7,107.7,0.464,13.0,0.68,0.235,0.248,0.101,0.096,0.32,0.513,0.686,0.444,0.408,0.378,0.36,0.605,0.879,0.172,0.42
LAS,CON,8,20,61,69,0,0,0,0,0,1,1,1,1,1,1,0,0,0,1,0,1,1,2,0,0,1,0,0,0,0,0,28.1,66.4,0.423,7.2,22.6,0.32,20.9,43.8,0.476,15.0,19.6,0.765,7.4,25.3,32.7,19.7,7.3,3.2,15.0,17.9,78.4,1124,2655,0.423,289,902,0.32,835,1753,0.476,599,783,0.765,294,1013,1307,787,292,129,598,715,3136,27.0,8,32,9,31,-7.23,0.92,-6.3,98.6,107.7,-9.1,79.2,0.295,0.34,0.523,0.478,16.6,22.0,0.226,0.522,14.2,76.1,0.211,35.4,83.5,0.423,9.1,28.4,0.32,26.3,55.1,0.476,18.8,24.6,0.765,9.2,31.9,41.1,24.8,9.2,4.1,18.8,22.5,98.6,0.423,12.8,0.66,0.234,0.271,0.088,0.067,0.34,0.476,0.641,0.437,0.312,0.279,0.32,0.622,0.927,0.173,0.321,31.7,68.3,0.464,7.9,21.9,0.36,23.8,46.4,0.513,14.4,18.3,0.786,8.0,26.1,34.0,21.3,8.8,5.1,12.6,18.0,85.6,1267.0,2730.0,0.464,315.0,874.0,0.36,952.0,1856.0,0.513,576.0,733.0,0.786,318.0,1042.0,1360.0,853.0,351.0,204.0,504.0,721.0,3425.0,39.8,85.9,0.464,9.9,27.5,0.36,29.9,58.4,0.513,18.1,23.1,0.786,10.0,32.8,42.8,26.8,11.0,6.4,15.9,22.7,107.7,0.464,13.0,0.68,0.235,0.248,0.101,0.096,0.32,0.513,0.686,0.444,0.408,0.378,0.36,0.605,0.879,0.172,0.42
LAS,WAS,8,23,74,80,0,0,0,0,0,1,1,1,1,1,1,0,0,0,1,0,1,1,2,0,0,1,0,0,0,0,0,28.1,66.4,0.423,7.2,22.6,0.32,20.9,43.8,0.476,15.0,19.6,0.765,7.4,25.3,32.7,19.7,7.3,3.2,15.0,17.9,78.4,1124,2655,0.423,289,902,0.32,835,1753,0.476,599,783,0.765,294,1013,1307,787,292,129,598,715,3136,27.0,8,32,9,31,-7.23,0.92,-6.3,98.6,107.7,-9.1,79.2,0.295,0.34,0.523,0.478,16.6,22.0,0.226,0.522,14.2,76.1,0.211,35.4,83.5,0.423,9.1,28.4,0.32,26.3,55.1,0.476,18.8,24.6,0.765,9.2,31.9,41.1,24.8,9.2,4.1,18.8,22.5,98.6,0.423,12.8,0.66,0.234,0.271,0.088,0.067,0.34,0.476,0.641,0.437,0.312,0.279,0.32,0.622,0.927,0.173,0.321,31.7,68.3,0.464,7.9,21.9,0.36,23.8,46.4,0.513,14.4,18.3,0.786,8.0,26.1,34.0,21.3,8.8,5.1,12.6,18.0,85.6,1267.0,2730.0,0.464,315.0,874.0,0.36,952.0,1856.0,0.513,576.0,733.0,0.786,318.0,1042.0,1360.0,853.0,351.0,204.0,504.0,721.0,3425.0,39.8,85.9,0.464,9.9,27.5,0.36,29.9,58.4,0.513,18.1,23.1,0.786,10.0,32.8,42.8,26.8,11.0,6.4,15.9,22.7,107.7,0.464,13.0,0.68,0.235,0.248,0.101,0.096,0.32,0.513,0.686,0.444,0.408,0.378,0.36,0.605,0.879,0.172,0.42
LAS,DAL,8,25,110,113,0,0,0,0,0,1,1,1,1,1,1,0,0,0,1,0,1,1,2,0,0,1,0,0,0,0,0,28.1,66.4,0.423,7.2,22.6,0.32,20.9,43.8,0.476,15.0,19.6,0.765,7.4,25.3,32.7,19.7,7.3,3.2,15.0,17.9,78.4,1124,2655,0.423,289,902,0.32,835,1753,0.476,599,783,0.765,294,1013,1307,787,292,129,598,715,3136,27.0,8,32,9,31,-7.23,0.92,-6.3,98.6,107.7,-9.1,79.2,0.295,0.34,0.523,0.478,16.6,22.0,0.226,0.522,14.2,76.1,0.211,35.4,83.5,0.423,9.1,28.4,0.32,26.3,55.1,0.476,18.8,24.6,0.765,9.2,31.9,41.1,24.8,9.2,4.1,18.8,22.5,98.6,0.423,12.8,0.66,0.234,0.271,0.088,0.067,0.34,0.476,0.641,0.437,0.312,0.279,0.32,0.622,0.927,0.173,0.321,31.7,68.3,0.464,7.9,21.9,0.36,23.8,46.4,0.513,14.4,18.3,0.786,8.0,26.1,34.0,21.3,8.8,5.1,12.6,18.0,85.6,1267.0,2730.0,0.464,315.0,874.0,0.36,952.0,1856.0,0.513,576.0,733.0,0.786,318.0,1042.0,1360.0,853.0,351.0,204.0,504.0,721.0,3425.0,39.8,85.9,0.464,9.9,27.5,0.36,29.9,58.4,0.513,18.1,23.1,0.786,10.0,32.8,42.8,26.8,11.0,6.4,15.9,22.7,107.7,0.464,13.0,0.68,0.235,0.248,0.101,0.096,0.32,0.513,0.686,0.444,0.408,0.378,0.36,0.605,0.879,0.172,0.42
LAS,NYL,8,28,94,88,0,0,0,0,0,1,1,1,1,1,1,0,0,0,1,0,1,1,2,0,0,1,0,0,0,0,0,28.1,66.4,0.423,7.2,22.6,0.32,20.9,43.8,0.476,15.0,19.6,0.765,7.4,25.3,32.7,19.7,7.3,3.2,15.0,17.9,78.4,1124,2655,0.423,289,902,0.32,835,1753,0.476,599,783,0.765,294,1013,1307,787,292,129,598,715,3136,27.0,8,32,9,31,-7.23,0.92,-6.3,98.6,107.7,-9.1,79.2,0.295,0.34,0.523,0.478,16.6,22.0,0.226,0.522,14.2,76.1,0.211,35.4,83.5,0.423,9.1,28.4,0.32,26.3,55.1,0.476,18.8,24.6,0.765,9.2,31.9,41.1,24.8,9.2,4.1,18.8,22.5,98.6,0.423,12.8,0.66,0.234,0.271,0.088,0.067,0.34,0.476,0.641,0.437,0.312,0.279,0.32,0.622,0.927,0.173,0.321,31.7,68.3,0.464,7.9,21.9,0.36,23.8,46.4,0.513,14.4,18.3,0.786,8.0,26.1,34.0,21.3,8.8,5.1,12.6,18.0,85.6,1267.0,2730.0,0.464,315.0,874.0,0.36,952.0,1856.0,0.513,576.0,733.0,0.786,318.0,1042.0,1360.0,853.0,351.0,204.0,504.0,721.0,3425.0,39.8,85.9,0.464,9.9,27.5,0.36,29.9,58.4,0.513,18.1,23.1,0.786,10.0,32.8,42.8,26.8,11.0,6.4,15.9,22.7,107.7,0.464,13.0,0.68,0.235,0.248,0.101,0.096,0.32,0.513,0.686,0.444,0.408,0.378,0.36,0.605,0.879,0.172,0.42
LAS,ATL,9,1,62,80,0,0,0,0,0,1,1,1,1,1,1,0,0,0,1,0,1,1,2,0,1,1,0,1,0,0,0,28.1,66.4,0.423,7.2,22.6,0.32,20.9,43.8,0.476,15.0,19.6,0.765,7.4,25.3,32.7,19.7,7.3,3.2,15.0,17.9,78.4,1124,2655,0.423,289,902,0.32,835,1753,0.476,599,783,0.765,294,1013,1307,787,292,129,598,715,3136,27.0,8,32,9,31,-7.23,0.92,-6.3,98.6,107.7,-9.1,79.2,0.295,0.34,0.523,0.478,16.6,22.0,0.226,0.522,14.2,76.1,0.211,35.4,83.5,0.423,9.1,28.4,0.32,26.3,55.1,0.476,18.8,24.6,0.765,9.2,31.9,41.1,24.8,9.2,4.1,18.8,22.5,98.6,0.423,12.8,0.66,0.234,0.271,0.088,0.067,0.34,0.476,0.641,0.437,0.312,0.279,0.32,0.622,0.927,0.173,0.321,31.7,68.3,0.464,7.9,21.9,0.36,23.8,46.4,0.513,14.4,18.3,0.786,8.0,26.1,34.0,21.3,8.8,5.1,12.6,18.0,85.6,1267.0,2730.0,0.464,315.0,874.0,0.36,952.0,1856.0,0.513,576.0,733.0,0.786,318.0,1042.0,1360.0,853.0,351.0,204.0,504.0,721.0,3425.0,39.8,85.9,0.464,9.9,27.5,0.36,29.9,58.4,0.513,18.1,23.1,0.786,10.0,32.8,42.8,26.8,11.0,6.4,15.9,22.7,107.7,0.464,13.0,0.68,0.235,0.248,0.101,0.096,0.32,0.513,0.686,0.444,0.408,0.378,0.36,0.605,0.879,0.172,0.42
LAS,IND,9,4,86,93,0,0,0,0,0,1,1,1,1,1,1,0,0,0,1,0,1,1,2,0,1,1,0,1,0,0,0,28.1,66.4,0.423,7.2,22.6,0.32,20.9,43.8,0.476,15.0,19.6,0.765,7.4,25.3,32.7,19.7,7.3,3.2,15.0,17.9,78.4,1124,2655,0.423,289,902,0.32,835,1753,0.476,599,783,0.765,294,1013,1307,787,292,129,598,715,3136,27.0,8,32,9,31,-7.23,0.92,-6.3,98.6,107.7,-9.1,79.2,0.295,0.34,0.523,0.478,16.6,22.0,0.226,0.522,14.2,76.1,0.211,35.4,83.5,0.423,9.1,28.4,0.32,26.3,55.1,0.476,18.8,24.6,0.765,9.2,31.9,41.1,24.8,9.2,4.1,18.8,22.5,98.6,0.423,12.8,0.66,0.234,0.271,0.088,0.067,0.34,0.476,0.641,0.437,0.312,0.279,0.32,0.622,0.927,0.173,0.321,31.7,68.3,0.464,7.9,21.9,0.36,23.8,46.4,0.513,14.4,18.3,0.786,8.0,26.1,34.0,21.3,8.8,5.1,12.6,18.0,85.6,1267.0,2730.0,0.464,315.0,874.0,0.36,952.0,1856.0,0.513,576.0,733.0,0.786,318.0,1042.0,1360.0,853.0,351.0,204.0,504.0,721.0,3425.0,39.8,85.9,0.464,9.9,27.5,0.36,29.9,58.4,0.513,18.1,23.1,0.786,10.0,32.8,42.8,26.8,11.0,6.4,15.9,22.7,107.7,0.464,13.0,0.68,0.235,0.248,0.101,0.096,0.32,0.513,0.686,0.444,0.408,0.378,0.36,0.605,0.879,0.172,0.42
LAS,CHI,9,6,78,92,0,0,0,0,0,1,1,1,1,1,1,0,0,0,1,0,1,1,2,0,0,1,0,0,0,0,0,28.1,66.4,0.423,7.2,22.6,0.32,20.9,43.8,0.476,15.0,19.6,0.765,7.4,25.3,32.7,19.7,7.3,3.2,15.0,17.9,78.4,1124,2655,0.423,289,902,0.32,835,1753,0.476,599,783,0.765,294,1013,1307,787,292,129,598,715,3136,27.0,8,32,9,31,-7.23,0.92,-6.3,98.6,107.7,-9.1,79.2,0.295,0.34,0.523,0.478,16.6,22.0,0.226,0.522,14.2,76.1,0.211,35.4,83.5,0.423,9.1,28.4,0.32,26.3,55.1,0.476,18.8,24.6,0.765,9.2,31.9,41.1,24.8,9.2,4.1,18.8,22.5,98.6,0.423,12.8,0.66,0.234,0.271,0.088,0.067,0.34,0.476,0.641,0.437,0.312,0.279,0.32,0.622,0.927,0.173,0.321,31.7,68.3,0.464,7.9,21.9,0.36,23.8,46.4,0.513,14.4,18.3,0.786,8.0,26.1,34.0,21.3,8.8,5.1,12.6,18.0,85.6,1267.0,2730.0,0.464,315.0,874.0,0.36,952.0,1856.0,0.513,576.0,733.0,0.786,318.0,1042.0,1360.0,853.0,351.0,204.0,504.0,721.0,3425.0,39.8,85.9,0.464,9.9,27.5,0.36,29.9,58.4,0.513,18.1,23.1,0.786,10.0,32.8,42.8,26.8,11.0,6.4,15.9,22.7,107.7,0.464,13.0,0.68,0.235,0.248,0.101,0.096,0.32,0.513,0.686,0.444,0.408,0.378,0.36,0.605,0.879,0.172,0.42
LAS,CON,9,8,67,79,0,0,0,0,0,1,1,1,1,1,1,0,0,0,1,0,1,1,2,0,0,1,0,0,0,0,0,28.1,66.4,0.423,7.2,22.6,0.32,20.9,43.8,0.476,15.0,19.6,0.765,7.4,25.3,32.7,19.7,7.3,3.2,15.0,17.9,78.4,1124,2655,0.423,289,902,0.32,835,1753,0.476,599,783,0.765,294,1013,1307,787,292,129,598,715,3136,27.0,8,32,9,31,-7.23,0.92,-6.3,98.6,107.7,-9.1,79.2,0.295,0.34,0.523,0.478,16.6,22.0,0.226,0.522,14.2,76.1,0.211,35.4,83.5,0.423,9.1,28.4,0.32,26.3,55.1,0.476,18.8,24.6,0.765,9.2,31.9,41.1,24.8,9.2,4.1,18.8,22.5,98.6,0.423,12.8,0.66,0.234,0.271,0.088,0.067,0.34,0.476,0.641,0.437,0.312,0.279,0.32,0.622,0.927,0.173,0.321,31.7,68.3,0.464,7.9,21.9,0.36,23.8,46.4,0.513,14.4,18.3,0.786,8.0,26.1,34.0,21.3,8.8,5.1,12.6,18.0,85.6,1267.0,2730.0,0.464,315.0,874.0,0.36,952.0,1856.0,0.513,576.0,733.0,0.786,318.0,1042.0,1360.0,853.0,351.0,204.0,504.0,721.0,3425.0,39.8,85.9,0.464,9.9,27.5,0.36,29.9,58.4,0.513,18.1,23.1,0.786,10.0,32.8,42.8,26.8,11.0,6.4,15.9,22.7,107.7,0.464,13.0,0.68,0.235,0.248,0.101,0.096,0.32,0.513,0.686,0.444,0.408,0.378,0.36,0.605,0.879,0.172,0.42
LAS,CON,9,10,66,86,0,0,0,0,0,1,1,1,1,1,1,0,0,0,1,0,1,1,2,0,0,1,0,0,0,0,0,28.1,66.4,0.423,7.2,22.6,0.32,20.9,43.8,0.476,15.0,19.6,0.765,7.4,25.3,32.7,19.7,7.3,3.2,15.0,17.9,78.4,1124,2655,0.423,289,902,0.32,835,1753,0.476,599,783,0.765,294,1013,1307,787,292,129,598,715,3136,27.0,8,32,9,31,-7.23,0.92,-6.3,98.6,107.7,-9.1,79.2,0.295,0.34,0.523,0.478,16.6,22.0,0.226,0.522,14.2,76.1,0.211,35.4,83.5,0.423,9.1,28.4,0.32,26.3,55.1,0.476,18.8,24.6,0.765,9.2,31.9,41.1,24.8,9.2,4.1,18.8,22.5,98.6,0.423,12.8,0.66,0.234,0.271,0.088,0.067,0.34,0.476,0.641,0.437,0.312,0.279,0.32,0.622,0.927,0.173,0.321,31.7,68.3,0.464,7.9,21.9,0.36,23.8,46.4,0.513,14.4,18.3,0.786,8.0,26.1,34.0,21.3,8.8,5.1,12.6,18.0,85.6,1267.0,2730.0,0.464,315.0,874.0,0.36,952.0,1856.0,0.513,576.0,733.0,0.786,318.0,1042.0,1360.0,853.0,351.0,204.0,504.0,721.0,3425.0,39.8,85.9,0.464,9.9,27.5,0.36,29.9,58.4,0.513,18.1,23.1,0.786,10.0,32.8,42.8,26.8,11.0,6.4,15.9,22.7,107.7,0.464,13.0,0.68,0.235,0.248,0.101,0.096,0.32,0.513,0.686,0.444,0.408,0.378,0.36,0.605,0.879,0.172,0.42
LAS,SEA,9,11,82,90,0,0,0,0,0,1,1,1,1,1,1,0,0,0,1,0,1,1,2,0,0,1,0,0,0,0,0,28.1,66.4,0.423,7.2,22.6,0.32,20.9,43.8,0.476,15.0,19.6,0.765,7.4,25.3,32.7,19.7,7.3,3.2,15.0,17.9,78.4,1124,2655,0.423,289,902,0.32,835,1753,0.476,599,783,0.765,294,1013,1307,787,292,129,598,715,3136,27.0,8,32,9,31,-7.23,0.92,-6.3,98.6,107.7,-9.1,79.2,0.295,0.34,0.523,0.478,16.6,22.0,0.226,0.522,14.2,76.1,0.211,35.4,83.5,0.423,9.1,28.4,0.32,26.3,55.1,0.476,18.8,24.6,0.765,9.2,31.9,41.1,24.8,9.2,4.1,18.8,22.5,98.6,0.423,12.8,0.66,0.234,0.271,0.088,0.067,0.34,0.476,0.641,0.437,0.312,0.279,0.32,0.622,0.927,0.173,0.321,31.7,68.3,0.464,7.9,21.9,0.36,23.8,46.4,0.513,14.4,18.3,0.786,8.0,26.1,34.0,21.3,8.8,5.1,12.6,18.0,85.6,1267.0,2730.0,0.464,315.0,874.0,0.36,952.0,1856.0,0.513,576.0,733.0,0.786,318.0,1042.0,1360.0,853.0,351.0,204.0,504.0,721.0,3425.0,39.8,85.9,0.464,9.9,27.5,0.36,29.9,58.4,0.513,18.1,23.1,0.786,10.0,32.8,42.8,26.8,11.0,6.4,15.9,22.7,107.7,0.464,13.0,0.68,0.235,0.248,0.101,0.096,0.32,0.513,0.686,0.444,0.408,0.378,0.36,0.605,0.879,0.172,0.42
LAS,SEA,9,15,87,90,0,0,0,0,0,1,1,1,1,1,1,0,0,0,1,0,1,1,2,0,0,1,0,0,0,0,0,28.1,66.4,0.423,7.2,22.6,0.32,20.9,43.8,0.476,15.0,19.6,0.765,7.4,25.3,32.7,19.7,7.3,3.2,15.0,17.9,78.4,1124,2655,0.423,289,902,0.32,835,1753,0.476,599,783,0.765,294,1013,1307,787,292,129,598,715,3136,27.0,8,32,9,31,-7.23,0.92,-6.3,98.6,107.7,-9.1,79.2,0.295,0.34,0.523,0.478,16.6,22.0,0.226,0.522,14.2,76.1,0.211,35.4,83.5,0.423,9.1,28.4,0.32,26.3,55.1,0.476,18.8,24.6,0.765,9.2,31.9,41.1,24.8,9.2,4.1,18.8,22.5,98.6,0.423,12.8,0.66,0.234,0.271,0.088,0.067,0.34,0.476,0.641,0.437,0.312,0.279,0.32,0.622,0.927,0.173,0.321,31.7,68.3,0.464,7.9,21.9,0.36,23.8,46.4,0.513,14.4,18.3,0.786,8.0,26.1,34.0,21.3,8.8,5.1,12.6,18.0,85.6,1267.0,2730.0,0.464,315.0,874.0,0.36,952.0,1856.0,0.513,576.0,733.0,0.786,318.0,1042.0,1360.0,853.0,351.0,204.0,504.0,721.0,3425.0,39.8,85.9,0.464,9.9,27.5,0.36,29.9,58.4,0.513,18.1,23.1,0.786,10.0,32.8,42.8,26.8,11.0,6.4,15.9,22.7,107.7,0.464,13.0,0.68,0.235,0.248,0.101,0.096,0.32,0.513,0.686,0.444,0.408,0.378,0.36,0.605,0.879,0.172,0.42
LAS,PHO,9,17,81,85,0,0,0,0,0,1,1,1,1,1,1,0,0,0,1,0,1,1,2,0,0,1,0,0,0,0,0,28.1,66.4,0.423,7.2,22.6,0.32,20.9,43.8,0.476,15.0,19.6,0.765,7.4,25.3,32.7,19.7,7.3,3.2,15.0,17.9,78.4,1124,2655,0.423,289,902,0.32,835,1753,0.476,599,783,0.765,294,1013,1307,787,292,129,598,715,3136,27.0,8,32,9,31,-7.23,0.92,-6.3,98.6,107.7,-9.1,79.2,0.295,0.34,0.523,0.478,16.6,22.0,0.226,0.522,14.2,76.1,0.211,35.4,83.5,0.423,9.1,28.4,0.32,26.3,55.1,0.476,18.8,24.6,0.765,9.2,31.9,41.1,24.8,9.2,4.1,18.8,22.5,98.6,0.423,12.8,0.66,0.234,0.271,0.088,0.067,0.34,0.476,0.641,0.437,0.312,0.279,0.32,0.622,0.927,0.173,0.321,31.7,68.3,0.464,7.9,21.9,0.36,23.8,46.4,0.513,14.4,18.3,0.786,8.0,26.1,34.0,21.3,8.8,5.1,12.6,18.0,85.6,1267.0,2730.0,0.464,315.0,874.0,0.36,952.0,1856.0,0.513,576.0,733.0,0.786,318.0,1042.0,1360.0,853.0,351.0,204.0,504.0,721.0,3425.0,39.8,85.9,0.464,9.9,27.5,0.36,29.9,58.4,0.513,18.1,23.1,0.786,10.0,32.8,42.8,26.8,11.0,6.4,15.9,22.7,107.7,0.464,13.0,0.68,0.235,0.248,0.101,0.096,0.32,0.513,0.686,0.444,0.408,0.378,0.36,0.605,0.879,0.172,0.42
LAS,MIN,9,19,68,51,0,0,0,0,0,1,1,1,1,1,1,0,0,0,1,0,1,1,2,0,0,1,0,0,0,0,0,28.1,66.4,0.423,7.2,22.6,0.32,20.9,43.8,0.476,15.0,19.6,0.765,7.4,25.3,32.7,19.7,7.3,3.2,15.0,17.9,78.4,1124,2655,0.423,289,902,0.32,835,1753,0.476,599,783,0.765,294,1013,1307,787,292,129,598,715,3136,27.0,8,32,9,31,-7.23,0.92,-6.3,98.6,107.7,-9.1,79.2,0.295,0.34,0.523,0.478,16.6,22.0,0.226,0.522,14.2,76.1,0.211,35.4,83.5,0.423,9.1,28.4,0.32,26.3,55.1,0.476,18.8,24.6,0.765,9.2,31.9,41.1,24.8,9.2,4.1,18.8,22.5,98.6,0.423,12.8,0.66,0.234,0.271,0.088,0.067,0.34,0.476,0.641,0.437,0.312,0.279,0.32,0.622,0.927,0.173,0.321,31.7,68.3,0.464,7.9,21.9,0.36,23.8,46.4,0.513,14.4,18.3,0.786,8.0,26.1,34.0,21.3,8.8,5.1,12.6,18.0,85.6,1267.0,2730.0,0.464,315.0,874.0,0.36,952.0,1856.0,0.513,576.0,733.0,0.786,318.0,1042.0,1360.0,853.0,351.0,204.0,504.0,721.0,3425.0,39.8,85.9,0.464,9.9,27.5,0.36,29.9,58.4,0.513,18.1,23.1,0.786,10.0,32.8,42.8,26.8,11.0,6.4,15.9,22.7,107.7,0.464,13.0,0.68,0.235,0.248,0.101,0.096,0.32,0.513,0.686,0.444,0.408,0.378,0.36,0.605,0.879,0.172,0.42
LVA,PHO,5,14,89,80,1,1,1,1,0,1,1,1,0,0,0,0,1,1,1,1,1,0,1,0,0,2,1,2,1,1,2,30.9,68.1,0.454,9.4,26.5,0.355,21.5,41.7,0.516,15.2,18.3,0.828,5.6,28.5,34.1,20.5,7.1,5.0,10.8,16.5,86.4,1236,2725,0.454,376,1058,0.355,860,1667,0.516,607,733,0.828,223,1141,1364,820,282,198,432,661,3455,29.6,27,13,29,11,5.48,-0.7,4.77,108.0,101.2,6.8,79.7,0.269,0.388,0.567,0.523,12.4,16.6,0.223,0.488,14.1,79.5,0.189,38.6,85.2,0.454,11.8,33.1,0.355,26.9,52.1,0.516,19.0,22.9,0.828,7.0,35.7,42.6,25.6,8.8,6.2,13.5,20.7,108.0,0.454,14.5,0.612,0.114,0.297,0.117,0.084,0.388,0.516,0.694,0.509,0.406,0.454,0.355,0.585,0.843,0.242,0.359,30.1,69.5,0.433,7.7,22.0,0.35,22.4,47.5,0.471,13.1,17.2,0.761,7.4,28.1,35.5,19.9,6.5,3.6,12.6,17.2,80.9,1202.0,2779.0,0.433,308.0,879.0,0.35,894.0,1900.0,0.471,524.0,689.0,0.761,295.0,1123.0,1418.0,795.0,260.0,143.0,504.0,687.0,3236.0,37.6,86.9,0.433,9.6,27.5,0.35,27.9,59.4,0.471,16.4,21.5,0.761,9.2,35.1,44.3,24.9,8.1,4.5,15.8,21.5,101.2,0.433,14.0,0.684,0.134,0.312,0.128,0.11,0.316,0.47,0.642,0.46,0.389,0.384,0.351,0.6,0.841,0.161,0.411
LVA,LAS,5,18,89,82,1,1,1,1,0,1,1,1,0,0,0,0,1,1,1,1,1,0,1,0,0,2,1,2,1,1,2,30.9,68.1,0.454,9.4,26.5,0.355,21.5,41.7,0.516,15.2,18.3,0.828,5.6,28.5,34.1,20.5,7.1,5.0,10.8,16.5,86.4,1236,2725,0.454,376,1058,0.355,860,1667,0.516,607,733,0.828,223,1141,1364,820,282,198,432,661,3455,29.6,27,13,29,11,5.48,-0.7,4.77,108.0,101.2,6.8,79.7,0.269,0.388,0.567,0.523,12.4,16.6,0.223,0.488,14.1,79.5,0.189,38.6,85.2,0.454,11.8,33.1,0.355,26.9,52.1,0.516,19.0,22.9,0.828,7.0,35.7,42.6,25.6,8.8,6.2,13.5,20.7,108.0,0.454,14.5,0.612,0.114,0.297,0.117,0.084,0.388,0.516,0.694,0.509,0.406,0.454,0.355,0.585,0.843,0.242,0.359,30.1,69.5,0.433,7.7,22.0,0.35,22.4,47.5,0.471,13.1,17.2,0.761,7.4,28.1,35.5,19.9,6.5,3.6,12.6,17.2,80.9,1202.0,2779.0,0.433,308.0,879.0,0.35,894.0,1900.0,0.471,524.0,689.0,0.761,295.0,1123.0,1418.0,795.0,260.0,143.0,504.0,687.0,3236.0,37.6,86.9,0.433,9.6,27.5,0.35,27.9,59.4,0.471,16.4,21.5,0.761,9.2,35.1,44.3,24.9,8.1,4.5,15.8,21.5,101.2,0.433,14.0,0.684,0.134,0.312,0.128,0.11,0.316,0.47,0.642,0.46,0.389,0.384,0.351,0.6,0.841,0.161,0.411
LVA,PHO,5,21,88,98,1,1,1,1,0,1,1,1,0,0,0,0,1,1,1,1,1,0,1,0,0,2,1,2,1,1,2,30.9,68.1,0.454,9.4,26.5,0.355,21.5,41.7,0.516,15.2,18.3,0.828,5.6,28.5,34.1,20.5,7.1,5.0,10.8,16.5,86.4,1236,2725,0.454,376,1058,0.355,860,1667,0.516,607,733,0.828,223,1141,1364,820,282,198,432,661,3455,29.6,27,13,29,11,5.48,-0.7,4.77,108.0,101.2,6.8,79.7,0.269,0.388,0.567,0.523,12.4,16.6,0.223,0.488,14.1,79.5,0.189,38.6,85.2,0.454,11.8,33.1,0.355,26.9,52.1,0.516,19.0,22.9,0.828,7.0,35.7,42.6,25.6,8.8,6.2,13.5,20.7,108.0,0.454,14.5,0.612,0.114,0.297,0.117,0.084,0.388,0.516,0.694,0.509,0.406,0.454,0.355,0.585,0.843,0.242,0.359,30.1,69.5,0.433,7.7,22.0,0.35,22.4,47.5,0.471,13.1,17.2,0.761,7.4,28.1,35.5,19.9,6.5,3.6,12.6,17.2,80.9,1202.0,2779.0,0.433,308.0,879.0,0.35,894.0,1900.0,0.471,524.0,689.0,0.761,295.0,1123.0,1418.0,795.0,260.0,143.0,504.0,687.0,3236.0,37.6,86.9,0.433,9.6,27.5,0.35,27.9,59.4,0.471,16.4,21.5,0.761,9.2,35.1,44.3,24.9,8.1,4.5,15.8,21.5,101.2,0.433,14.0,0.684,0.134,0.312,0.128,0.11,0.316,0.47,0.642,0.46,0.389,0.384,0.351,0.6,0.841,0.161,0.411
LVA,IND,5,25,99,80,1,2,1,1,0,1,1,1,1,0,1,0,1,1,1,1,1,0,1,0,0,2,1,2,1,1,2,30.9,68.1,0.454,9.4,26.5,0.355,21.5,41.7,0.516,15.2,18.3,0.828,5.6,28.5,34.1,20.5,7.1,5.0,10.8,16.5,86.4,1236,2725,0.454,376,1058,0.355,860,1667,0.516,607,733,0.828,223,1141,1364,820,282,198,432,661,3455,29.6,27,13,29,11,5.48,-0.7,4.77,108.0,101.2,6.8,79.7,0.269,0.388,0.567,0.523,12.4,16.6,0.223,0.488,14.1,79.5,0.189,38.6,85.2,0.454,11.8,33.1,0.355,26.9,52.1,0.516,19.0,22.9,0.828,7.0,35.7,42.6,25.6,8.8,6.2,13.5,20.7,108.0,0.454,14.5,0.612,0.114,0.297,0.117,0.084,0.388,0.516,0.694,0.509,0.406,0.454,0.355,0.585,0.843,0.242,0.359,30.1,69.5,0.433,7.7,22.0,0.35,22.4,47.5,0.471,13.1,17.2,0.761,7.4,28.1,35.5,19.9,6.5,3.6,12.6,17.2,80.9,1202.0,2779.0,0.433,308.0,879.0,0.35,894.0,1900.0,0.471,524.0,689.0,0.761,295.0,1123.0,1418.0,795.0,260.0,143.0,504.0,687.0,3236.0,37.6,86.9,0.433,9.6,27.5,0.35,27.9,59.4,0.471,16.4,21.5,0.761,9.2,35.1,44.3,24.9,8.1,4.5,15.8,21.5,101.2,0.433,14.0,0.684,0.134,0.312,0.128,0.11,0.316,0.47,0.642,0.46,0.389,0.384,0.351,0.6,0.841,0.161,0.411
LVA,MIN,5,29,80,66,1,2,1,1,0,1,1,1,0,0,0,0,1,1,1,1,1,0,1,0,0,2,1,2,1,1,2,30.9,68.1,0.454,9.4,26.5,0.355,21.5,41.7,0.516,15.2,18.3,0.828,5.6,28.5,34.1,20.5,7.1,5.0,10.8,16.5,86.4,1236,2725,0.454,376,1058,0.355,860,1667,0.516,607,733,0.828,223,1141,1364,820,282,198,432,661,3455,29.6,27,13,29,11,5.48,-0.7,4.77,108.0,101.2,6.8,79.7,0.269,0.388,0.567,0.523,12.4,16.6,0.223,0.488,14.1,79.5,0.189,38.6,85.2,0.454,11.8,33.1,0.355,26.9,52.1,0.516,19.0,22.9,0.828,7.0,35.7,42.6,25.6,8.8,6.2,13.5,20.7,108.0,0.454,14.5,0.612,0.114,0.297,0.117,0.084,0.388,0.516,0.694,0.509,0.406,0.454,0.355,0.585,0.843,0.242,0.359,30.1,69.5,0.433,7.7,22.0,0.35,22.4,47.5,0.471,13.1,17.2,0.761,7.4,28.1,35.5,19.9,6.5,3.6,12.6,17.2,80.9,1202.0,2779.0,0.433,308.0,879.0,0.35,894.0,1900.0,0.471,524.0,689.0,0.761,295.0,1123.0,1418.0,795.0,260.0,143.0,504.0,687.0,3236.0,37.6,86.9,0.433,9.6,27.5,0.35,27.9,59.4,0.471,16.4,21.5,0.761,9.2,35.1,44.3,24.9,8.1,4.5,15.8,21.5,101.2,0.433,14.0,0.684,0.134,0.312,0.128,0.11,0.316,0.47,0.642,0.46,0.389,0.384,0.351,0.6,0.841,0.161,0.411
LVA,ATL,5,31,74,78,1,1,1,1,0,1,1,1,0,0,0,0,1,1,1,1,1,0,1,0,0,2,1,2,1,1,2,30.9,68.1,0.454,9.4,26.5,0.355,21.5,41.7,0.516,15.2,18.3,0.828,5.6,28.5,34.1,20.5,7.1,5.0,10.8,16.5,86.4,1236,2725,0.454,376,1058,0.355,860,1667,0.516,607,733,0.828,223,1141,1364,820,282,198,432,661,3455,29.6,27,13,29,11,5.48,-0.7,4.77,108.0,101.2,6.8,79.7,0.269,0.388,0.567,0.523,12.4,16.6,0.223,0.488,14.1,79.5,0.189,38.6,85.2,0.454,11.8,33.1,0.355,26.9,52.1,0.516,19.0,22.9,0.828,7.0,35.7,42.6,25.6,8.8,6.2,13.5,20.7,108.0,0.454,14.5,0.612,0.114,0.297,0.117,0.084,0.388,0.516,0.694,0.509,0.406,0.454,0.355,0.585,0.843,0.242,0.359,30.1,69.5,0.433,7.7,22.0,0.35,22.4,47.5,0.471,13.1,17.2,0.761,7.4,28.1,35.5,19.9,6.5,3.6,12.6,17.2,80.9,1202.0,2779.0,0.433,308.0,879.0,0.35,894.0,1900.0,0.471,524.0,689.0,0.761,295.0,1123.0,1418.0,795.0,260.0,143.0,504.0,687.0,3236.0,37.6,86.9,0.433,9.6,27.5,0.35,27.9,59.4,0.471,16.4,21.5,0.761,9.2,35.1,44.3,24.9,8.1,4.5,15.8,21.5,101.2,0.433,14.0,0.684,0.134,0.312,0.128,0.11,0.316,0.47,0.642,0.46,0.389,0.384,0.351,0.6,0.841,0.161,0.411
LVA,DAL,6,5,95,81,1,2,1,1,0,1,1,1,0,0,0,0,1,1,1,1,1,0,1,0,0,2,1,2,1,1,2,30.9,68.1,0.454,9.4,26.5,0.355,21.5,41.7,0.516,15.2,18.3,0.828,5.6,28.5,34.1,20.5,7.1,5.0,10.8,16.5,86.4,1236,2725,0.454,376,1058,0.355,860,1667,0.516,607,733,0.828,223,1141,1364,820,282,198,432,661,3455,29.6,27,13,29,11,5.48,-0.7,4.77,108.0,101.2,6.8,79.7,0.269,0.388,0.567,0.523,12.4,16.6,0.223,0.488,14.1,79.5,0.189,38.6,85.2,0.454,11.8,33.1,0.355,26.9,52.1,0.516,19.0,22.9,0.828,7.0,35.7,42.6,25.6,8.8,6.2,13.5,20.7,108.0,0.454,14.5,0.612,0.114,0.297,0.117,0.084,0.388,0.516,0.694,0.509,0.406,0.454,0.355,0.585,0.843,0.242,0.359,30.1,69.5,0.433,7.7,22.0,0.35,22.4,47.5,0.471,13.1,17.2,0.761,7.4,28.1,35.5,19.9,6.5,3.6,12.6,17.2,80.9,1202.0,2779.0,0.433,308.0,879.0,0.35,894.0,1900.0,0.471,524.0,689.0,0.761,295.0,1123.0,1418.0,795.0,260.0,143.0,504.0,687.0,3236.0,37.6,86.9,0.433,9.6,27.5,0.35,27.9,59.4,0.471,16.4,21.5,0.761,9.2,35.1,44.3,24.9,8.1,4.5,15.8,21.5,101.2,0.433,14.0,0.684,0.134,0.312,0.128,0.11,0.316,0.47,0.642,0.46,0.389,0.384,0.351,0.6,0.841,0.161,0.411
LVA,SEA,6,7,65,78,1,1,1,1,0,1,1,1,0,0,0,0,1,1,1,1,1,0,1,0,0,2,1,2,1,1,2,30.9,68.1,0.454,9.4,26.5,0.355,21.5,41.7,0.516,15.2,18.3,0.828,5.6,28.5,34.1,20.5,7.1,5.0,10.8,16.5,86.4,1236,2725,0.454,376,1058,0.355,860,1667,0.516,607,733,0.828,223,1141,1364,820,282,198,432,661,3455,29.6,27,13,29,11,5.48,-0.7,4.77,108.0,101.2,6.8,79.7,0.269,0.388,0.567,0.523,12.4,16.6,0.223,0.488,14.1,79.5,0.189,38.6,85.2,0.454,11.8,33.1,0.355,26.9,52.1,0.516,19.0,22.9,0.828,7.0,35.7,42.6,25.6,8.8,6.2,13.5,20.7,108.0,0.454,14.5,0.612,0.114,0.297,0.117,0.084,0.388,0.516,0.694,0.509,0.406,0.454,0.355,0.585,0.843,0.242,0.359,30.1,69.5,0.433,7.7,22.0,0.35,22.4,47.5,0.471,13.1,17.2,0.761,7.4,28.1,35.5,19.9,6.5,3.6,12.6,17.2,80.9,1202.0,2779.0,0.433,308.0,879.0,0.35,894.0,1900.0,0.471,524.0,689.0,0.761,295.0,1123.0,1418.0,795.0,260.0,143.0,504.0,687.0,3236.0,37.6,86.9,0.433,9.6,27.5,0.35,27.9,59.4,0.471,16.4,21.5,0.761,9.2,35.1,44.3,24.9,8.1,4.5,15.8,21.5,101.2,0.433,14.0,0.684,0.134,0.312,0.128,0.11,0.316,0.47,0.642,0.46,0.389,0.384,0.351,0.6,0.841,0.161,0.411
LVA,LAS,6,9,92,96,1,1,1,1,0,1,1,0,0,0,0,0,1,1,1,1,1,0,1,0,0,2,1,2,1,1,1,30.9,68.1,0.454,9.4,26.5,0.355,21.5,41.7,0.516,15.2,18.3,0.828,5.6,28.5,34.1,20.5,7.1,5.0,10.8,16.5,86.4,1236,2725,0.454,376,1058,0.355,860,1667,0.516,607,733,0.828,223,1141,1364,820,282,198,432,661,3455,29.6,27,13,29,11,5.48,-0.7,4.77,108.0,101.2,6.8,79.7,0.269,0.388,0.567,0.523,12.4,16.6,0.223,0.488,14.1,79.5,0.189,38.6,85.2,0.454,11.8,33.1,0.355,26.9,52.1,0.516,19.0,22.9,0.828,7.0,35.7,42.6,25.6,8.8,6.2,13.5,20.7,108.0,0.454,14.5,0.612,0.114,0.297,0.117,0.084,0.388,0.516,0.694,0.509,0.406,0.454,0.355,0.585,0.843,0.242,0.359,30.1,69.5,0.433,7.7,22.0,0.35,22.4,47.5,0.471,13.1,17.2,0.761,7.4,28.1,35.5,19.9,6.5,3.6,12.6,17.2,80.9,1202.0,2779.0,0.433,308.0,879.0,0.35,894.0,1900.0,0.471,524.0,689.0,0.761,295.0,1123.0,1418.0,795.0,260.0,143.0,504.0,687.0,3236.0,37.6,86.9,0.433,9.6,27.5,0.35,27.9,59.4,0.471,16.4,21.5,0.761,9.2,35.1,44.3,24.9,8.1,4.5,15.8,21.5,101.2,0.433,14.0,0.684,0.134,0.312,0.128,0.11,0.316,0.47,0.642,0.46,0.389,0.384,0.351,0.6,0.841,0.161,0.411
LVA,MIN,6,11,86,100,1,2,1,1,0,1,1,1,0,0,0,0,1,1,1,1,1,0,1,0,0,2,1,2,1,1,2,30.9,68.1,0.454,9.4,26.5,0.355,21.5,41.7,0.516,15.2,18.3,0.828,5.6,28.5,34.1,20.5,7.1,5.0,10.8,16.5,86.4,1236,2725,0.454,376,1058,0.355,860,1667,0.516,607,733,0.828,223,1141,1364,820,282,198,432,661,3455,29.6,27,13,29,11,5.48,-0.7,4.77,108.0,101.2,6.8,79.7,0.269,0.388,0.567,0.523,12.4,16.6,0.223,0.488,14.1,79.5,0.189,38.6,85.2,0.454,11.8,33.1,0.355,26.9,52.1,0.516,19.0,22.9,0.828,7.0,35.7,42.6,25.6,8.8,6.2,13.5,20.7,108.0,0.454,14.5,0.612,0.114,0.297,0.117,0.084,0.388,0.516,0.694,0.509,0.406,0.454,0.355,0.585,0.843,0.242,0.359,30.1,69.5,0.433,7.7,22.0,0.35,22.4,47.5,0.471,13.1,17.2,0.761,7.4,28.1,35.5,19.9,6.5,3.6,12.6,17.2,80.9,1202.0,2779.0,0.433,308.0,879.0,0.35,894.0,1900.0,0.471,524.0,689.0,0.761,295.0,1123.0,1418.0,795.0,260.0,143.0,504.0,687.0,3236.0,37.6,86.9,0.433,9.6,27.5,0.35,27.9,59.4,0.471,16.4,21.5,0.761,9.2,35.1,44.3,24.9,8.1,4.5,15.8,21.5,101.2,0.433,14.0,0.684,0.134,0.312,0.128,0.11,0.316,0.47,0.642,0.46,0.389,0.384,0.351,0.6,0.841,0.161,0.411
LVA,PHO,6,13,103,99,1,1,1,1,0,1,1,1,0,0,0,0,1,1,1,1,1,0,1,0,0,2,1,2,1,1,2,30.9,68.1,0.454,9.4,26.5,0.355,21.5,41.7,0.516,15.2,18.3,0.828,5.6,28.5,34.1,20.5,7.1,5.0,10.8,16.5,86.4,1236,2725,0.454,376,1058,0.355,860,1667,0.516,607,733,0.828,223,1141,1364,820,282,198,432,661,3455,29.6,27,13,29,11,5.48,-0.7,4.77,108.0,101.2,6.8,79.7,0.269,0.388,0.567,0.523,12.4,16.6,0.223,0.488,14.1,79.5,0.189,38.6,85.2,0.454,11.8,33.1,0.355,26.9,52.1,0.516,19.0,22.9,0.828,7.0,35.7,42.6,25.6,8.8,6.2,13.5,20.7,108.0,0.454,14.5,0.612,0.114,0.297,0.117,0.084,0.388,0.516,0.694,0.509,0.406,0.454,0.355,0.585,0.843,0.242,0.359,30.1,69.5,0.433,7.7,22.0,0.35,22.4,47.5,0.471,13.1,17.2,0.761,7.4,28.1,35.5,19.9,6.5,3.6,12.6,17.2,80.9,1202.0,2779.0,0.433,308.0,879.0,0.35,894.0,1900.0,0.471,524.0,689.0,0.761,295.0,1123.0,1418.0,795.0,260.0,143.0,504.0,687.0,3236.0,37.6,86.9,0.433,9.6,27.5,0.35,27.9,59.4,0.471,16.4,21.5,0.761,9.2,35.1,44.3,24.9,8.1,4.5,15.8,21.5,101.2,0.433,14.0,0.684,0.134,0.312,0.128,0.11,0.316,0.47,0.642,0.46,0.389,0.384,0.351,0.6,0.841,0.161,0.411
LVA,NYL,6,15,82,90,1,2,1,1,0,1,1,1,0,0,0,0,1,1,1,1,1,0,1,0,0,2,1,2,1,1,2,30.9,68.1,0.454,9.4,26.5,0.355,21.5,41.7,0.516,15.2,18.3,0.828,5.6,28.5,34.1,20.5,7.1,5.0,10.8,16.5,86.4,1236,2725,0.454,376,1058,0.355,860,1667,0.516,607,733,0.828,223,1141,1364,820,282,198,432,661,3455,29.6,27,13,29,11,5.48,-0.7,4.77,108.0,101.2,6.8,79.7,0.269,0.388,0.567,0.523,12.4,16.6,0.223,0.488,14.1,79.5,0.189,38.6,85.2,0.454,11.8,33.1,0.355,26.9,52.1,0.516,19.0,22.9,0.828,7.0,35.7,42.6,25.6,8.8,6.2,13.5,20.7,108.0,0.454,14.5,0.612,0.114,0.297,0.117,0.084,0.388,0.516,0.694,0.509,0.406,0.454,0.355,0.585,0.843,0.242,0.359,30.1,69.5,0.433,7.7,22.0,0.35,22.4,47.5,0.471,13.1,17.2,0.761,7.4,28.1,35.5,19.9,6.5,3.6,12.6,17.2,80.9,1202.0,2779.0,0.433,308.0,879.0,0.35,894.0,1900.0,0.471,524.0,689.0,0.761,295.0,1123.0,1418.0,795.0,260.0,143.0,504.0,687.0,3236.0,37.6,86.9,0.433,9.6,27.5,0.35,27.9,59.4,0.471,16.4,21.5,0.761,9.2,35.1,44.3,24.9,8.1,4.5,15.8,21.5,101.2,0.433,14.0,0.684,0.134,0.312,0.128,0.11,0.316,0.47,0.642,0.46,0.389,0.384,0.351,0.6,0.841,0.161,0.411
LVA,SEA,6,19,94,83,1,1,1,1,0,1,1,1,0,0,0,0,1,1,1,1,1,0,1,0,0,2,1,2,1,1,2,30.9,68.1,0.454,9.4,26.5,0.355,21.5,41.7,0.516,15.2,18.3,0.828,5.6,28.5,34.1,20.5,7.1,5.0,10.8,16.5,86.4,1236,2725,0.454,376,1058,0.355,860,1667,0.516,607,733,0.828,223,1141,1364,820,282,198,432,661,3455,29.6,27,13,29,11,5.48,-0.7,4.77,108.0,101.2,6.8,79.7,0.269,0.388,0.567,0.523,12.4,16.6,0.223,0.488,14.1,79.5,0.189,38.6,85.2,0.454,11.8,33.1,0.355,26.9,52.1,0.516,19.0,22.9,0.828,7.0,35.7,42.6,25.6,8.8,6.2,13.5,20.7,108.0,0.454,14.5,0.612,0.114,0.297,0.117,0.084,0.388,0.516,0.694,0.509,0.406,0.454,0.355,0.585,0.843,0.242,0.359,30.1,69.5,0.433,7.7,22.0,0.35,22.4,47.5,0.471,13.1,17.2,0.761,7.4,28.1,35.5,19.9,6.5,3.6,12.6,17.2,80.9,1202.0,2779.0,0.433,308.0,879.0,0.35,894.0,1900.0,0.471,524.0,689.0,0.761,295.0,1123.0,1418.0,795.0,260.0,143.0,504.0,687.0,3236.0,37.6,86.9,0.433,9.6,27.5,0.35,27.9,59.4,0.471,16.4,21.5,0.761,9.2,35.1,44.3,24.9,8.1,4.5,15.8,21.5,101.2,0.433,14.0,0.684,0.134,0.312,0.128,0.11,0.316,0.47,0.642,0.46,0.389,0.384,0.351,0.6,0.841,0.161,0.411
LVA,CON,6,21,85,74,1,1,1,1,0,1,1,1,0,0,0,0,1,1,1,1,1,0,1,0,0,2,1,2,1,1,2,30.9,68.1,0.454,9.4,26.5,0.355,21.5,41.7,0.516,15.2,18.3,0.828,5.6,28.5,34.1,20.5,7.1,5.0,10.8,16.5,86.4,1236,2725,0.454,376,1058,0.355,860,1667,0.516,607,733,0.828,223,1141,1364,820,282,198,432,661,3455,29.6,27,13,29,11,5.48,-0.7,4.77,108.0,101.2,6.8,79.7,0.269,0.388,0.567,0.523,12.4,16.6,0.223,0.488,14.1,79.5,0.189,38.6,85.2,0.454,11.8,33.1,0.355,26.9,52.1,0.516,19.0,22.9,0.828,7.0,35.7,42.6,25.6,8.8,6.2,13.5,20.7,108.0,0.454,14.5,0.612,0.114,0.297,0.117,0.084,0.388,0.516,0.694,0.509,0.406,0.454,0.355,0.585,0.843,0.242,0.359,30.1,69.5,0.433,7.7,22.0,0.35,22.4,47.5,0.471,13.1,17.2,0.761,7.4,28.1,35.5,19.9,6.5,3.6,12.6,17.2,80.9,1202.0,2779.0,0.433,308.0,879.0,0.35,894.0,1900.0,0.471,524.0,689.0,0.761,295.0,1123.0,1418.0,795.0,260.0,143.0,504.0,687.0,3236.0,37.6,86.9,0.433,9.6,27.5,0.35,27.9,59.4,0.471,16.4,21.5,0.761,9.2,35.1,44.3,24.9,8.1,4.5,15.8,21.5,101.2,0.433,14.0,0.684,0.134,0.312,0.128,0.11,0.316,0.47,0.642,0.46,0.389,0.384,0.351,0.6,0.841,0.161,0.411
LVA,CHI,6,27,95,83,1,1,1,1,0,1,1,1,0,0,0,0,1,1,1,1,1,0,1,0,0,2,1,2,1,1,2,30.9,68.1,0.454,9.4,26.5,0.355,21.5,41.7,0.516,15.2,18.3,0.828,5.6,28.5,34.1,20.5,7.1,5.0,10.8,16.5,86.4,1236,2725,0.454,376,1058,0.355,860,1667,0.516,607,733,0.828,223,1141,1364,820,282,198,432,661,3455,29.6,27,13,29,11,5.48,-0.7,4.77,108.0,101.2,6.8,79.7,0.269,0.388,0.567,0.523,12.4,16.6,0.223,0.488,14.1,79.5,0.189,38.6,85.2,0.454,11.8,33.1,0.355,26.9,52.1,0.516,19.0,22.9,0.828,7.0,35.7,42.6,25.6,8.8,6.2,13.5,20.7,108.0,0.454,14.5,0.612,0.114,0.297,0.117,0.084,0.388,0.516,0.694,0.509,0.406,0.454,0.355,0.585,0.843,0.242,0.359,30.1,69.5,0.433,7.7,22.0,0.35,22.4,47.5,0.471,13.1,17.2,0.761,7.4,28.1,35.5,19.9,6.5,3.6,12.6,17.2,80.9,1202.0,2779.0,0.433,308.0,879.0,0.35,894.0,1900.0,0.471,524.0,689.0,0.761,295.0,1123.0,1418.0,795.0,260.0,143.0,504.0,687.0,3236.0,37.6,86.9,0.433,9.6,27.5,0.35,27.9,59.4,0.471,16.4,21.5,0.761,9.2,35.1,44.3,24.9,8.1,4.5,15.8,21.5,101.2,0.433,14.0,0.684,0.134,0.312,0.128,0.11,0.316,0.47,0.642,0.46,0.389,0.384,0.351,0.6,0.841,0.161,0.411
LVA,WAS,6,29,88,77,1,1,1,1,0,1,1,1,0,0,0,0,1,1,1,1,1,0,1,0,0,2,1,2,1,1,2,30.9,68.1,0.454,9.4,26.5,0.355,21.5,41.7,0.516,15.2,18.3,0.828,5.6,28.5,34.1,20.5,7.1,5.0,10.8,16.5,86.4,1236,2725,0.454,376,1058,0.355,860,1667,0.516,607,733,0.828,223,1141,1364,820,282,198,432,661,3455,29.6,27,13,29,11,5.48,-0.7,4.77,108.0,101.2,6.8,79.7,0.269,0.388,0.567,0.523,12.4,16.6,0.223,0.488,14.1,79.5,0.189,38.6,85.2,0.454,11.8,33.1,0.355,26.9,52.1,0.516,19.0,22.9,0.828,7.0,35.7,42.6,25.6,8.8,6.2,13.5,20.7,108.0,0.454,14.5,0.612,0.114,0.297,0.117,0.084,0.388,0.516,0.694,0.509,0.406,0.454,0.355,0.585,0.843,0.242,0.359,30.1,69.5,0.433,7.7,22.0,0.35,22.4,47.5,0.471,13.1,17.2,0.761,7.4,28.1,35.5,19.9,6.5,3.6,12.6,17.2,80.9,1202.0,2779.0,0.433,308.0,879.0,0.35,894.0,1900.0,0.471,524.0,689.0,0.761,295.0,1123.0,1418.0,795.0,260.0,143.0,504.0,687.0,3236.0,37.6,86.9,0.433,9.6,27.5,0.35,27.9,59.4,0.471,16.4,21.5,0.761,9.2,35.1,44.3,24.9,8.1,4.5,15.8,21.5,101.2,0.433,14.0,0.684,0.134,0.312,0.128,0.11,0.316,0.47,0.642,0.46,0.389,0.384,0.351,0.6,0.841,0.161,0.411
LVA,IND,7,2,88,69,1,1,1,1,0,1,1,1,0,0,0,0,1,1,1,1,1,0,1,0,0,2,1,2,1,1,2,30.9,68.1,0.454,9.4,26.5,0.355,21.5,41.7,0.516,15.2,18.3,0.828,5.6,28.5,34.1,20.5,7.1,5.0,10.8,16.5,86.4,1236,2725,0.454,376,1058,0.355,860,1667,0.516,607,733,0.828,223,1141,1364,820,282,198,432,661,3455,29.6,27,13,29,11,5.48,-0.7,4.77,108.0,101.2,6.8,79.7,0.269,0.388,0.567,0.523,12.4,16.6,0.223,0.488,14.1,79.5,0.189,38.6,85.2,0.454,11.8,33.1,0.355,26.9,52.1,0.516,19.0,22.9,0.828,7.0,35.7,42.6,25.6,8.8,6.2,13.5,20.7,108.0,0.454,14.5,0.612,0.114,0.297,0.117,0.084,0.388,0.516,0.694,0.509,0.406,0.454,0.355,0.585,0.843,0.242,0.359,30.1,69.5,0.433,7.7,22.0,0.35,22.4,47.5,0.471,13.1,17.2,0.761,7.4,28.1,35.5,19.9,6.5,3.6,12.6,17.2,80.9,1202.0,2779.0,0.433,308.0,879.0,0.35,894.0,1900.0,0.471,524.0,689.0,0.761,295.0,1123.0,1418.0,795.0,260.0,143.0,504.0,687.0,3236.0,37.6,86.9,0.433,9.6,27.5,0.35,27.9,59.4,0.471,16.4,21.5,0.761,9.2,35.1,44.3,24.9,8.1,4.5,15.8,21.5,101.2,0.433,14.0,0.684,0.134,0.312,0.128,0.11,0.316,0.47,0.642,0.46,0.389,0.384,0.351,0.6,0.841,0.161,0.411
LVA,WAS,7,4,98,77,1,1,1,1,0,1,1,1,0,0,0,0,1,1,1,1,1,0,1,0,0,2,1,2,1,1,2,30.9,68.1,0.454,9.4,26.5,0.355,21.5,41.7,0.516,15.2,18.3,0.828,5.6,28.5,34.1,20.5,7.1,5.0,10.8,16.5,86.4,1236,2725,0.454,376,1058,0.355,860,1667,0.516,607,733,0.828,223,1141,1364,820,282,198,432,661,3455,29.6,27,13,29,11,5.48,-0.7,4.77,108.0,101.2,6.8,79.7,0.269,0.388,0.567,0.523,12.4,16.6,0.223,0.488,14.1,79.5,0.189,38.6,85.2,0.454,11.8,33.1,0.355,26.9,52.1,0.516,19.0,22.9,0.828,7.0,35.7,42.6,25.6,8.8,6.2,13.5,20.7,108.0,0.454,14.5,0.612,0.114,0.297,0.117,0.084,0.388,0.516,0.694,0.509,0.406,0.454,0.355,0.585,0.843,0.242,0.359,30.1,69.5,0.433,7.7,22.0,0.35,22.4,47.5,0.471,13.1,17.2,0.761,7.4,28.1,35.5,19.9,6.5,3.6,12.6,17.2,80.9,1202.0,2779.0,0.433,308.0,879.0,0.35,894.0,1900.0,0.471,524.0,689.0,0.761,295.0,1123.0,1418.0,795.0,260.0,143.0,504.0,687.0,3236.0,37.6,86.9,0.433,9.6,27.5,0.35,27.9,59.4,0.471,16.4,21.5,0.761,9.2,35.1,44.3,24.9,8.1,4.5,15.8,21.5,101.2,0.433,14.0,0.684,0.134,0.312,0.128,0.11,0.316,0.47,0.642,0.46,0.389,0.384,0.351,0.6,0.841,0.161,0.411
LVA,LAS,7,5,93,98,1,1,1,1,0,1,1,1,0,0,0,0,1,1,1,1,1,0,1,0,0,2,1,2,1,1,2,30.9,68.1,0.454,9.4,26.5,0.355,21.5,41.7,0.516,15.2,18.3,0.828,5.6,28.5,34.1,20.5,7.1,5.0,10.8,16.5,86.4,1236,2725,0.454,376,1058,0.355,860,1667,0.516,607,733,0.828,223,1141,1364,820,282,198,432,661,3455,29.6,27,13,29,11,5.48,-0.7,4.77,108.0,101.2,6.8,79.7,0.269,0.388,0.567,0.523,12.4,16.6,0.223,0.488,14.1,79.5,0.189,38.6,85.2,0.454,11.8,33.1,0.355,26.9,52.1,0.516,19.0,22.9,0.828,7.0,35.7,42.6,25.6,8.8,6.2,13.5,20.7,108.0,0.454,14.5,0.612,0.114,0.297,0.117,0.084,0.388,0.516,0.694,0.509,0.406,0.454,0.355,0.585,0.843,0.242,0.359,30.1,69.5,0.433,7.7,22.0,0.35,22.4,47.5,0.471,13.1,17.2,0.761,7.4,28.1,35.5,19.9,6.5,3.6,12.6,17.2,80.9,1202.0,2779.0,0.433,308.0,879.0,0.35,894.0,1900.0,0.471,524.0,689.0,0.761,295.0,1123.0,1418.0,795.0,260.0,143.0,504.0,687.0,3236.0,37.6,86.9,0.433,9.6,27.5,0.35,27.9,59.4,0.471,16.4,21.5,0.761,9.2,35.1,44.3,24.9,8.1,4.5,15.8,21.5,101.2,0.433,14.0,0.684,0.134,0.312,0.128,0.11,0.316,0.47,0.642,0.46,0.389,0.384,0.351,0.6,0.841,0.161,0.411
LVA,DAL,7,7,104,85,1,1,1,1,0,1,1,1,0,0,0,0,1,1,1,1,1,0,1,0,0,2,1,2,1,1,2,30.9,68.1,0.454,9.4,26.5,0.355,21.5,41.7,0.516,15.2,18.3,0.828,5.6,28.5,34.1,20.5,7.1,5.0,10.8,16.5,86.4,1236,2725,0.454,376,1058,0.355,860,1667,0.516,607,733,0.828,223,1141,1364,820,282,198,432,661,3455,29.6,27,13,29,11,5.48,-0.7,4.77,108.0,101.2,6.8,79.7,0.269,0.388,0.567,0.523,12.4,16.6,0.223,0.488,14.1,79.5,0.189,38.6,85.2,0.454,11.8,33.1,0.355,26.9,52.1,0.516,19.0,22.9,0.828,7.0,35.7,42.6,25.6,8.8,6.2,13.5,20.7,108.0,0.454,14.5,0.612,0.114,0.297,0.117,0.084,0.388,0.516,0.694,0.509,0.406,0.454,0.355,0.585,0.843,0.242,0.359,30.1,69.5,0.433,7.7,22.0,0.35,22.4,47.5,0.471,13.1,17.2,0.761,7.4,28.1,35.5,19.9,6.5,3.6,12.6,17.2,80.9,1202.0,2779.0,0.433,308.0,879.0,0.35,894.0,1900.0,0.471,524.0,689.0,0.761,295.0,1123.0,1418.0,795.0,260.0,143.0,504.0,687.0,3236.0,37.6,86.9,0.433,9.6,27.5,0.35,27.9,59.4,0.471,16.4,21.5,0.761,9.2,35.1,44.3,24.9,8.1,4.5,15.8,21.5,101.2,0.433,14.0,0.684,0.134,0.312,0.128,0.11,0.316,0.47,0.642,0.46,0.389,0.384,0.351,0.6,0.841,0.161,0.411
LVA,SEA,7,10,84,79,1,0,1,1,0,1,1,1,0,0,0,0,1,1,1,1,1,0,1,0,0,2,1,2,1,1,2,30.9,68.1,0.454,9.4,26.5,0.355,21.5,41.7,0.516,15.2,18.3,0.828,5.6,28.5,34.1,20.5,7.1,5.0,10.8,16.5,86.4,1236,2725,0.454,376,1058,0.355,860,1667,0.516,607,733,0.828,223,1141,1364,820,282,198,432,661,3455,29.6,27,13,29,11,5.48,-0.7,4.77,108.0,101.2,6.8,79.7,0.269,0.388,0.567,0.523,12.4,16.6,0.223,0.488,14.1,79.5,0.189,38.6,85.2,0.454,11.8,33.1,0.355,26.9,52.1,0.516,19.0,22.9,0.828,7.0,35.7,42.6,25.6,8.8,6.2,13.5,20.7,108.0,0.454,14.5,0.612,0.114,0.297,0.117,0.084,0.388,0.516,0.694,0.509,0.406,0.454,0.355,0.585,0.843,0.242,0.359,30.1,69.5,0.433,7.7,22.0,0.35,22.4,47.5,0.471,13.1,17.2,0.761,7.4,28.1,35.5,19.9,6.5,3.6,12.6,17.2,80.9,1202.0,2779.0,0.433,308.0,879.0,0.35,894.0,1900.0,0.471,524.0,689.0,0.761,295.0,1123.0,1418.0,795.0,260.0,143.0,504.0,687.0,3236.0,37.6,86.9,0.433,9.6,27.5,0.35,27.9,59.4,0.471,16.4,21.5,0.761,9.2,35.1,44.3,24.9,8.1,4.5,15.8,21.5,101.2,0.433,14.0,0.684,0.134,0.312,0.128,0.11,0.316,0.47,0.642,0.46,0.389,0.384,0.351,0.6,0.841,0.161,0.411
LVA,ATL,7,12,84,70,1,0,1,1,0,1,1,1,0,0,0,0,1,1,1,1,1,0,1,0,0,2,1,2,1,1,2,30.9,68.1,0.454,9.4,26.5,0.355,21.5,41.7,0.516,15.2,18.3,0.828,5.6,28.5,34.1,20.5,7.1,5.0,10.8,16.5,86.4,1236,2725,0.454,376,1058,0.355,860,1667,0.516,607,733,0.828,223,1141,1364,820,282,198,432,661,3455,29.6,27,13,29,11,5.48,-0.7,4.77,108.0,101.2,6.8,79.7,0.269,0.388,0.567,0.523,12.4,16.6,0.223,0.488,14.1,79.5,0.189,38.6,85.2,0.454,11.8,33.1,0.355,26.9,52.1,0.516,19.0,22.9,0.828,7.0,35.7,42.6,25.6,8.8,6.2,13.5,20.7,108.0,0.454,14.5,0.612,0.114,0.297,0.117,0.084,0.388,0.516,0.694,0.509,0.406,0.454,0.355,0.585,0.843,0.242,0.359,30.1,69.5,0.433,7.7,22.0,0.35,22.4,47.5,0.471,13.1,17.2,0.761,7.4,28.1,35.5,19.9,6.5,3.6,12.6,17.2,80.9,1202.0,2779.0,0.433,308.0,879.0,0.35,894.0,1900.0,0.471,524.0,689.0,0.761,295.0,1123.0,1418.0,795.0,260.0,143.0,504.0,687.0,3236.0,37.6,86.9,0.433,9.6,27.5,0.35,27.9,59.4,0.471,16.4,21.5,0.761,9.2,35.1,44.3,24.9,8.1,4.5,15.8,21.5,101.2,0.433,14.0,0.684,0.134,0.312,0.128,0.11,0.316,0.47,0.642,0.46,0.389,0.384,0.351,0.6,0.841,0.161,0.411
LVA,WAS,7,14,89,77,1,1,1,1,0,1,1,1,0,0,0,0,1,1,1,1,1,0,1,0,0,2,1,2,1,1,2,30.9,68.1,0.454,9.4,26.5,0.355,21.5,41.7,0.516,15.2,18.3,0.828,5.6,28.5,34.1,20.5,7.1,5.0,10.8,16.5,86.4,1236,2725,0.454,376,1058,0.355,860,1667,0.516,607,733,0.828,223,1141,1364,820,282,198,432,661,3455,29.6,27,13,29,11,5.48,-0.7,4.77,108.0,101.2,6.8,79.7,0.269,0.388,0.567,0.523,12.4,16.6,0.223,0.488,14.1,79.5,0.189,38.6,85.2,0.454,11.8,33.1,0.355,26.9,52.1,0.516,19.0,22.9,0.828,7.0,35.7,42.6,25.6,8.8,6.2,13.5,20.7,108.0,0.454,14.5,0.612,0.114,0.297,0.117,0.084,0.388,0.516,0.694,0.509,0.406,0.454,0.355,0.585,0.843,0.242,0.359,30.1,69.5,0.433,7.7,22.0,0.35,22.4,47.5,0.471,13.1,17.2,0.761,7.4,28.1,35.5,19.9,6.5,3.6,12.6,17.2,80.9,1202.0,2779.0,0.433,308.0,879.0,0.35,894.0,1900.0,0.471,524.0,689.0,0.761,295.0,1123.0,1418.0,795.0,260.0,143.0,504.0,687.0,3236.0,37.6,86.9,0.433,9.6,27.5,0.35,27.9,59.4,0.471,16.4,21.5,0.761,9.2,35.1,44.3,24.9,8.1,4.5,15.8,21.5,101.2,0.433,14.0,0.684,0.134,0.312,0.128,0.11,0.316,0.47,0.642,0.46,0.389,0.384,0.351,0.6,0.841,0.161,0.411
LVA,CHI,7,16,85,93,1,1,1,1,0,1,1,1,0,0,0,0,1,1,1,1,1,0,1,0,0,2,1,2,1,1,2,30.9,68.1,0.454,9.4,26.5,0.355,21.5,41.7,0.516,15.2,18.3,0.828,5.6,28.5,34.1,20.5,7.1,5.0,10.8,16.5,86.4,1236,2725,0.454,376,1058,0.355,860,1667,0.516,607,733,0.828,223,1141,1364,820,282,198,432,661,3455,29.6,27,13,29,11,5.48,-0.7,4.77,108.0,101.2,6.8,79.7,0.269,0.388,0.567,0.523,12.4,16.6,0.223,0.488,14.1,79.5,0.189,38.6,85.2,0.454,11.8,33.1,0.355,26.9,52.1,0.516,19.0,22.9,0.828,7.0,35.7,42.6,25.6,8.8,6.2,13.5,20.7,108.0,0.454,14.5,0.612,0.114,0.297,0.117,0.084,0.388,0.516,0.694,0.509,0.406,0.454,0.355,0.585,0.843,0.242,0.359,30.1,69.5,0.433,7.7,22.0,0.35,22.4,47.5,0.471,13.1,17.2,0.761,7.4,28.1,35.5,19.9,6.5,3.6,12.6,17.2,80.9,1202.0,2779.0,0.433,308.0,879.0,0.35,894.0,1900.0,0.471,524.0,689.0,0.761,295.0,1123.0,1418.0,795.0,260.0,143.0,504.0,687.0,3236.0,37.6,86.9,0.433,9.6,27.5,0.35,27.9,59.4,0.471,16.4,21.5,0.761,9.2,35.1,44.3,24.9,8.1,4.5,15.8,21.5,101.2,0.433,14.0,0.684,0.134,0.312,0.128,0.11,0.316,0.47,0.642,0.46,0.389,0.384,0.351,0.6,0.841,0.161,0.411
LVA,NYL,8,17,67,79,1,1,1,1,0,1,1,1,0,0,0,0,1,1,1,1,1,0,1,0,0,2,1,2,1,1,2,30.9,68.1,0.454,9.4,26.5,0.355,21.5,41.7,0.516,15.2,18.3,0.828,5.6,28.5,34.1,20.5,7.1,5.0,10.8,16.5,86.4,1236,2725,0.454,376,1058,0.355,860,1667,0.516,607,733,0.828,223,1141,1364,820,282,198,432,661,3455,29.6,27,13,29,11,5.48,-0.7,4.77,108.0,101.2,6.8,79.7,0.269,0.388,0.567,0.523,12.4,16.6,0.223,0.488,14.1,79.5,0.189,38.6,85.2,0.454,11.8,33.1,0.355,26.9,52.1,0.516,19.0,22.9,0.828,7.0,35.7,42.6,25.6,8.8,6.2,13.5,20.7,108.0,0.454,14.5,0.612,0.114,0.297,0.117,0.084,0.388,0.516,0.694,0.509,0.406,0.454,0.355,0.585,0.843,0.242,0.359,30.1,69.5,0.433,7.7,22.0,0.35,22.4,47.5,0.471,13.1,17.2,0.761,7.4,28.1,35.5,19.9,6.5,3.6,12.6,17.2,80.9,1202.0,2779.0,0.433,308.0,879.0,0.35,894.0,1900.0,0.471,524.0,689.0,0.761,295.0,1123.0,1418.0,795.0,260.0,143.0,504.0,687.0,3236.0,37.6,86.9,0.433,9.6,27.5,0.35,27.9,59.4,0.471,16.4,21.5,0.761,9.2,35.1,44.3,24.9,8.1,4.5,15.8,21.5,101.2,0.433,14.0,0.684,0.134,0.312,0.128,0.11,0.316,0.47,0.642,0.46,0.389,0.384,0.351,0.6,0.841,0.161,0.411
LVA,LAS,8,18,87,71,1,1,1,1,0,1,1,1,0,0,0,0,1,1,1,1,1,0,1,0,0,2,1,2,1,1,2,30.9,68.1,0.454,9.4,26.5,0.355,21.5,41.7,0.516,15.2,18.3,0.828,5.6,28.5,34.1,20.5,7.1,5.0,10.8,16.5,86.4,1236,2725,0.454,376,1058,0.355,860,1667,0.516,607,733,0.828,223,1141,1364,820,282,198,432,661,3455,29.6,27,13,29,11,5.48,-0.7,4.77,108.0,101.2,6.8,79.7,0.269,0.388,0.567,0.523,12.4,16.6,0.223,0.488,14.1,79.5,0.189,38.6,85.2,0.454,11.8,33.1,0.355,26.9,52.1,0.516,19.0,22.9,0.828,7.0,35.7,42.6,25.6,8.8,6.2,13.5,20.7,108.0,0.454,14.5,0.612,0.114,0.297,0.117,0.084,0.388,0.516,0.694,0.509,0.406,0.454,0.355,0.585,0.843,0.242,0.359,30.1,69.5,0.433,7.7,22.0,0.35,22.4,47.5,0.471,13.1,17.2,0.761,7.4,28.1,35.5,19.9,6.5,3.6,12.6,17.2,80.9,1202.0,2779.0,0.433,308.0,879.0,0.35,894.0,1900.0,0.471,524.0,689.0,0.761,295.0,1123.0,1418.0,795.0,260.0,143.0,504.0,687.0,3236.0,37.6,86.9,0.433,9.6,27.5,0.35,27.9,59.4,0.471,16.4,21.5,0.761,9.2,35.1,44.3,24.9,8.1,4.5,15.8,21.5,101.2,0.433,14.0,0.684,0.134,0.312,0.128,0.11,0.316,0.47,0.642,0.46,0.389,0.384,0.351,0.6,0.841,0.161,0.411
LVA,MIN,8,21,87,98,1,1,1,1,0,1,1,1,0,0,0,0,1,1,1,1,1,0,1,0,0,2,1,2,1,1,2,30.9,68.1,0.454,9.4,26.5,0.355,21.5,41.7,0.516,15.2,18.3,0.828,5.6,28.5,34.1,20.5,7.1,5.0,10.8,16.5,86.4,1236,2725,0.454,376,1058,0.355,860,1667,0.516,607,733,0.828,223,1141,1364,820,282,198,432,661,3455,29.6,27,13,29,11,5.48,-0.7,4.77,108.0,101.2,6.8,79.7,0.269,0.388,0.567,0.523,12.4,16.6,0.223,0.488,14.1,79.5,0.189,38.6,85.2,0.454,11.8,33.1,0.355,26.9,52.1,0.516,19.0,22.9,0.828,7.0,35.7,42.6,25.6,8.8,6.2,13.5,20.7,108.0,0.454,14.5,0.612,0.114,0.297,0.117,0.084,0.388,0.516,0.694,0.509,0.406,0.454,0.355,0.585,0.843,0.242,0.359,30.1,69.5,0.433,7.7,22.0,0.35,22.4,47.5,0.471,13.1,17.2,0.761,7.4,28.1,35.5,19.9,6.5,3.6,12.6,17.2,80.9,1202.0,2779.0,0.433,308.0,879.0,0.35,894.0,1900.0,0.471,524.0,689.0,0.761,295.0,1123.0,1418.0,795.0,260.0,143.0,504.0,687.0,3236.0,37.6,86.9,0.433,9.6,27.5,0.35,27.9,59.4,0.471,16.4,21.5,0.761,9.2,35.1,44.3,24.9,8.1,4.5,15.8,21.5,101.2,0.433,14.0,0.684,0.134,0.312,0.128,0.11,0.316,0.47,0.642,0.46,0.389,0.384,0.351,0.6,0.841,0.161,0.411
LVA,MIN,8,23,74,87,1,1,1,1,0,1,1,1,0,0,0,0,1,1,1,1,1,0,1,0,0,2,1,2,1,1,2,30.9,68.1,0.454,9.4,26.5,0.355,21.5,41.7,0.516,15.2,18.3,0.828,5.6,28.5,34.1,20.5,7.1,5.0,10.8,16.5,86.4,1236,2725,0.454,376,1058,0.355,860,1667,0.516,607,733,0.828,223,1141,1364,820,282,198,432,661,3455,29.6,27,13,29,11,5.48,-0.7,4.77,108.0,101.2,6.8,79.7,0.269,0.388,0.567,0.523,12.4,16.6,0.223,0.488,14.1,79.5,0.189,38.6,85.2,0.454,11.8,33.1,0.355,26.9,52.1,0.516,19.0,22.9,0.828,7.0,35.7,42.6,25.6,8.8,6.2,13.5,20.7,108.0,0.454,14.5,0.612,0.114,0.297,0.117,0.084,0.388,0.516,0.694,0.509,0.406,0.454,0.355,0.585,0.843,0.242,0.359,30.1,69.5,0.433,7.7,22.0,0.35,22.4,47.5,0.471,13.1,17.2,0.761,7.4,28.1,35.5,19.9,6.5,3.6,12.6,17.2,80.9,1202.0,2779.0,0.433,308.0,879.0,0.35,894.0,1900.0,0.471,524.0,689.0,0.761,295.0,1123.0,1418.0,795.0,260.0,143.0,504.0,687.0,3236.0,37.6,86.9,0.433,9.6,27.5,0.35,27.9,59.4,0.471,16.4,21.5,0.761,9.2,35.1,44.3,24.9,8.1,4.5,15.8,21.5,101.2,0.433,14.0,0.684,0.134,0.312,0.128,0.11,0.316,0.47,0.642,0.46,0.389,0.384,0.351,0.6,0.841,0.161,0.411
LVA,CHI,8,25,77,75,1,1,1,1,0,1,1,1,0,0,0,0,1,1,1,1,1,0,1,0,0,2,1,2,1,1,2,30.9,68.1,0.454,9.4,26.5,0.355,21.5,41.7,0.516,15.2,18.3,0.828,5.6,28.5,34.1,20.5,7.1,5.0,10.8,16.5,86.4,1236,2725,0.454,376,1058,0.355,860,1667,0.516,607,733,0.828,223,1141,1364,820,282,198,432,661,3455,29.6,27,13,29,11,5.48,-0.7,4.77,108.0,101.2,6.8,79.7,0.269,0.388,0.567,0.523,12.4,16.6,0.223,0.488,14.1,79.5,0.189,38.6,85.2,0.454,11.8,33.1,0.355,26.9,52.1,0.516,19.0,22.9,0.828,7.0,35.7,42.6,25.6,8.8,6.2,13.5,20.7,108.0,0.454,14.5,0.612,0.114,0.297,0.117,0.084,0.388,0.516,0.694,0.509,0.406,0.454,0.355,0.585,0.843,0.242,0.359,30.1,69.5,0.433,7.7,22.0,0.35,22.4,47.5,0.471,13.1,17.2,0.761,7.4,28.1,35.5,19.9,6.5,3.6,12.6,17.2,80.9,1202.0,2779.0,0.433,308.0,879.0,0.35,894.0,1900.0,0.471,524.0,689.0,0.761,295.0,1123.0,1418.0,795.0,260.0,143.0,504.0,687.0,3236.0,37.6,86.9,0.433,9.6,27.5,0.35,27.9,59.4,0.471,16.4,21.5,0.761,9.2,35.1,44.3,24.9,8.1,4.5,15.8,21.5,101.2,0.433,14.0,0.684,0.134,0.312,0.128,0.11,0.316,0.47,0.642,0.46,0.389,0.384,0.351,0.6,0.841,0.161,0.411
LVA,DAL,8,27,90,93,1,1,1,1,0,1,1,1,0,0,0,0,1,1,1,1,1,0,1,0,0,2,1,2,1,1,2,30.9,68.1,0.454,9.4,26.5,0.355,21.5,41.7,0.516,15.2,18.3,0.828,5.6,28.5,34.1,20.5,7.1,5.0,10.8,16.5,86.4,1236,2725,0.454,376,1058,0.355,860,1667,0.516,607,733,0.828,223,1141,1364,820,282,198,432,661,3455,29.6,27,13,29,11,5.48,-0.7,4.77,108.0,101.2,6.8,79.7,0.269,0.388,0.567,0.523,12.4,16.6,0.223,0.488,14.1,79.5,0.189,38.6,85.2,0.454,11.8,33.1,0.355,26.9,52.1,0.516,19.0,22.9,0.828,7.0,35.7,42.6,25.6,8.8,6.2,13.5,20.7,108.0,0.454,14.5,0.612,0.114,0.297,0.117,0.084,0.388,0.516,0.694,0.509,0.406,0.454,0.355,0.585,0.843,0.242,0.359,30.1,69.5,0.433,7.7,22.0,0.35,22.4,47.5,0.471,13.1,17.2,0.761,7.4,28.1,35.5,19.9,6.5,3.6,12.6,17.2,80.9,1202.0,2779.0,0.433,308.0,879.0,0.35,894.0,1900.0,0.471,524.0,689.0,0.761,295.0,1123.0,1418.0,795.0,260.0,143.0,504.0,687.0,3236.0,37.6,86.9,0.433,9.6,27.5,0.35,27.9,59.4,0.471,16.4,21.5,0.761,9.2,35.1,44.3,24.9,8.1,4.5,15.8,21.5,101.2,0.433,14.0,0.684,0.134,0.312,0.128,0.11,0.316,0.47,0.642,0.46,0.389,0.384,0.351,0.6,0.841,0.161,0.411
LVA,ATL,8,30,83,72,1,1,1,1,0,1,1,0,0,0,0,0,1,1,1,1,1,0,1,0,0,2,1,2,1,1,1,30.9,68.1,0.454,9.4,26.5,0.355,21.5,41.7,0.516,15.2,18.3,0.828,5.6,28.5,34.1,20.5,7.1,5.0,10.8,16.5,86.4,1236,2725,0.454,376,1058,0.355,860,1667,0.516,607,733,0.828,223,1141,1364,820,282,198,432,661,3455,29.6,27,13,29,11,5.48,-0.7,4.77,108.0,101.2,6.8,79.7,0.269,0.388,0.567,0.523,12.4,16.6,0.223,0.488,14.1,79.5,0.189,38.6,85.2,0.454,11.8,33.1,0.355,26.9,52.1,0.516,19.0,22.9,0.828,7.0,35.7,42.6,25.6,8.8,6.2,13.5,20.7,108.0,0.454,14.5,0.612,0.114,0.297,0.117,0.084,0.388,0.516,0.694,0.509,0.406,0.454,0.355,0.585,0.843,0.242,0.359,30.1,69.5,0.433,7.7,22.0,0.35,22.4,47.5,0.471,13.1,17.2,0.761,7.4,28.1,35.5,19.9,6.5,3.6,12.6,17.2,80.9,1202.0,2779.0,0.433,308.0,879.0,0.35,894.0,1900.0,0.471,524.0,689.0,0.761,295.0,1123.0,1418.0,795.0,260.0,143.0,504.0,687.0,3236.0,37.6,86.9,0.433,9.6,27.5,0.35,27.9,59.4,0.471,16.4,21.5,0.761,9.2,35.1,44.3,24.9,8.1,4.5,15.8,21.5,101.2,0.433,14.0,0.684,0.134,0.312,0.128,0.11,0.316,0.47,0.642,0.46,0.389,0.384,0.351,0.6,0.841,0.161,0.411
LVA,PHO,9,1,97,79,1,1,1,1,0,1,1,1,0,0,0,0,1,1,1,1,1,0,1,0,0,2,1,2,1,1,2,30.9,68.1,0.454,9.4,26.5,0.355,21.5,41.7,0.516,15.2,18.3,0.828,5.6,28.5,34.1,20.5,7.1,5.0,10.8,16.5,86.4,1236,2725,0.454,376,1058,0.355,860,1667,0.516,607,733,0.828,223,1141,1364,820,282,198,432,661,3455,29.6,27,13,29,11,5.48,-0.7,4.77,108.0,101.2,6.8,79.7,0.269,0.388,0.567,0.523,12.4,16.6,0.223,0.488,14.1,79.5,0.189,38.6,85.2,0.454,11.8,33.1,0.355,26.9,52.1,0.516,19.0,22.9,0.828,7.0,35.7,42.6,25.6,8.8,6.2,13.5,20.7,108.0,0.454,14.5,0.612,0.114,0.297,0.117,0.084,0.388,0.516,0.694,0.509,0.406,0.454,0.355,0.585,0.843,0.242,0.359,30.1,69.5,0.433,7.7,22.0,0.35,22.4,47.5,0.471,13.1,17.2,0.761,7.4,28.1,35.5,19.9,6.5,3.6,12.6,17.2,80.9,1202.0,2779.0,0.433,308.0,879.0,0.35,894.0,1900.0,0.471,524.0,689.0,0.761,295.0,1123.0,1418.0,795.0,260.0,143.0,504.0,687.0,3236.0,37.6,86.9,0.433,9.6,27.5,0.35,27.9,59.4,0.471,16.4,21.5,0.761,9.2,35.1,44.3,24.9,8.1,4.5,15.8,21.5,101.2,0.433,14.0,0.684,0.134,0.312,0.128,0.11,0.316,0.47,0.642,0.46,0.389,0.384,0.351,0.6,0.841,0.161,0.411
LVA,CHI,9,3,90,71,1,1,1,0,0,1,1,1,0,0,0,0,1,1,1,1,1,0,1,0,0,2,0,2,1,1,1,30.9,68.1,0.454,9.4,26.5,0.355,21.5,41.7,0.516,15.2,18.3,0.828,5.6,28.5,34.1,20.5,7.1,5.0,10.8,16.5,86.4,1236,2725,0.454,376,1058,0.355,860,1667,0.516,607,733,0.828,223,1141,1364,820,282,198,432,661,3455,29.6,27,13,29,11,5.48,-0.7,4.77,108.0,101.2,6.8,79.7,0.269,0.388,0.567,0.523,12.4,16.6,0.223,0.488,14.1,79.5,0.189,38.6,85.2,0.454,11.8,33.1,0.355,26.9,52.1,0.516,19.0,22.9,0.828,7.0,35.7,42.6,25.6,8.8,6.2,13.5,20.7,108.0,0.454,14.5,0.612,0.114,0.297,0.117,0.084,0.388,0.516,0.694,0.509,0.406,0.454,0.355,0.585,0.843,0.242,0.359,30.1,69.5,0.433,7.7,22.0,0.35,22.4,47.5,0.471,13.1,17.2,0.761,7.4,28.1,35.5,19.9,6.5,3.6,12.6,17.2,80.9,1202.0,2779.0,0.433,308.0,879.0,0.35,894.0,1900.0,0.471,524.0,689.0,0.761,295.0,1123.0,1418.0,795.0,260.0,143.0,504.0,687.0,3236.0,37.6,86.9,0.433,9.6,27.5,0.35,27.9,59.4,0.471,16.4,21.5,0.761,9.2,35.1,44.3,24.9,8.1,4.5,15.8,21.5,101.2,0.433,14.0,0.684,0.134,0.312,0.128,0.11,0.316,0.47,0.642,0.46,0.389,0.384,0.351,0.6,0.841,0.161,0.411
LVA,CON,9,6,72,67,1,1,1,1,0,1,1,1,0,0,0,0,1,1,1,1,1,0,1,0,0,2,1,2,1,1,2,30.9,68.1,0.454,9.4,26.5,0.355,21.5,41.7,0.516,15.2,18.3,0.828,5.6,28.5,34.1,20.5,7.1,5.0,10.8,16.5,86.4,1236,2725,0.454,376,1058,0.355,860,1667,0.516,607,733,0.828,223,1141,1364,820,282,198,432,661,3455,29.6,27,13,29,11,5.48,-0.7,4.77,108.0,101.2,6.8,79.7,0.269,0.388,0.567,0.523,12.4,16.6,0.223,0.488,14.1,79.5,0.189,38.6,85.2,0.454,11.8,33.1,0.355,26.9,52.1,0.516,19.0,22.9,0.828,7.0,35.7,42.6,25.6,8.8,6.2,13.5,20.7,108.0,0.454,14.5,0.612,0.114,0.297,0.117,0.084,0.388,0.516,0.694,0.509,0.406,0.454,0.355,0.585,0.843,0.242,0.359,30.1,69.5,0.433,7.7,22.0,0.35,22.4,47.5,0.471,13.1,17.2,0.761,7.4,28.1,35.5,19.9,6.5,3.6,12.6,17.2,80.9,1202.0,2779.0,0.433,308.0,879.0,0.35,894.0,1900.0,0.471,524.0,689.0,0.761,295.0,1123.0,1418.0,795.0,260.0,143.0,504.0,687.0,3236.0,37.6,86.9,0.433,9.6,27.5,0.35,27.9,59.4,0.471,16.4,21.5,0.761,9.2,35.1,44.3,24.9,8.1,4.5,15.8,21.5,101.2,0.433,14.0,0.684,0.134,0.312,0.128,0.11,0.316,0.47,0.642,0.46,0.389,0.384,0.351,0.6,0.841,0.161,0.411
LVA,NYL,9,8,71,75,0,2,0,1,0,0,0,1,0,0,0,0,1,0,0,0,0,1,1,0,0,1,1,1,0,0,2,30.9,68.1,0.454,9.4,26.5,0.355,21.5,41.7,0.516,15.2,18.3,0.828,5.6,28.5,34.1,20.5,7.1,5.0,10.8,16.5,86.4,1236,2725,0.454,376,1058,0.355,860,1667,0.516,607,733,0.828,223,1141,1364,820,282,198,432,661,3455,29.6,27,13,29,11,5.48,-0.7,4.77,108.0,101.2,6.8,79.7,0.269,0.388,0.567,0.523,12.4,16.6,0.223,0.488,14.1,79.5,0.189,38.6,85.2,0.454,11.8,33.1,0.355,26.9,52.1,0.516,19.0,22.9,0.828,7.0,35.7,42.6,25.6,8.8,6.2,13.5,20.7,108.0,0.454,14.5,0.612,0.114,0.297,0.117,0.084,0.388,0.516,0.694,0.509,0.406,0.454,0.355,0.585,0.843,0.242,0.359,30.1,69.5,0.433,7.7,22.0,0.35,22.4,47.5,0.471,13.1,17.2,0.761,7.4,28.1,35.5,19.9,6.5,3.6,12.6,17.2,80.9,1202.0,2779.0,0.433,308.0,879.0,0.35,894.0,1900.0,0.471,524.0,689.0,0.761,295.0,1123.0,1418.0,795.0,260.0,143.0,504.0,687.0,3236.0,37.6,86.9,0.433,9.6,27.5,0.35,27.9,59.4,0.471,16.4,21.5,0.761,9.2,35.1,44.3,24.9,8.1,4.5,15.8,21.5,101.2,0.433,14.0,0.684,0.134,0.312,0.128,0.11,0.316,0.47,0.642,0.46,0.389,0.384,0.351,0.6,0.841,0.161,0.411
LVA,IND,9,11,86,75,1,1,1,1,0,1,1,1,0,0,0,0,1,1,1,1,1,0,1,0,0,2,1,2,1,1,2,30.9,68.1,0.454,9.4,26.5,0.355,21.5,41.7,0.516,15.2,18.3,0.828,5.6,28.5,34.1,20.5,7.1,5.0,10.8,16.5,86.4,1236,2725,0.454,376,1058,0.355,860,1667,0.516,607,733,0.828,223,1141,1364,820,282,198,432,661,3455,29.6,27,13,29,11,5.48,-0.7,4.77,108.0,101.2,6.8,79.7,0.269,0.388,0.567,0.523,12.4,16.6,0.223,0.488,14.1,79.5,0.189,38.6,85.2,0.454,11.8,33.1,0.355,26.9,52.1,0.516,19.0,22.9,0.828,7.0,35.7,42.6,25.6,8.8,6.2,13.5,20.7,108.0,0.454,14.5,0.612,0.114,0.297,0.117,0.084,0.388,0.516,0.694,0.509,0.406,0.454,0.355,0.585,0.843,0.242,0.359,30.1,69.5,0.433,7.7,22.0,0.35,22.4,47.5,0.471,13.1,17.2,0.761,7.4,28.1,35.5,19.9,6.5,3.6,12.6,17.2,80.9,1202.0,2779.0,0.433,308.0,879.0,0.35,894.0,1900.0,0.471,524.0,689.0,0.761,295.0,1123.0,1418.0,795.0,260.0,143.0,504.0,687.0,3236.0,37.6,86.9,0.433,9.6,27.5,0.35,27.9,59.4,0.471,16.4,21.5,0.761,9.2,35.1,44.3,24.9,8.1,4.5,15.8,21.5,101.2,0.433,14.0,0.684,0.134,0.312,0.128,0.11,0.316,0.47,0.642,0.46,0.389,0.384,0.351,0.6,0.841,0.161,0.411
LVA,IND,9,13,78,74,1,1,1,1,0,1,1,1,0,0,0,0,1,1,1,1,1,0,1,0,0,2,1,2,1,1,2,30.9,68.1,0.454,9.4,26.5,0.355,21.5,41.7,0.516,15.2,18.3,0.828,5.6,28.5,34.1,20.5,7.1,5.0,10.8,16.5,86.4,1236,2725,0.454,376,1058,0.355,860,1667,0.516,607,733,0.828,223,1141,1364,820,282,198,432,661,3455,29.6,27,13,29,11,5.48,-0.7,4.77,108.0,101.2,6.8,79.7,0.269,0.388,0.567,0.523,12.4,16.6,0.223,0.488,14.1,79.5,0.189,38.6,85.2,0.454,11.8,33.1,0.355,26.9,52.1,0.516,19.0,22.9,0.828,7.0,35.7,42.6,25.6,8.8,6.2,13.5,20.7,108.0,0.454,14.5,0.612,0.114,0.297,0.117,0.084,0.388,0.516,0.694,0.509,0.406,0.454,0.355,0.585,0.843,0.242,0.359,30.1,69.5,0.433,7.7,22.0,0.35,22.4,47.5,0.471,13.1,17.2,0.761,7.4,28.1,35.5,19.9,6.5,3.6,12.6,17.2,80.9,1202.0,2779.0,0.433,308.0,879.0,0.35,894.0,1900.0,0.471,524.0,689.0,0.761,295.0,1123.0,1418.0,795.0,260.0,143.0,504.0,687.0,3236.0,37.6,86.9,0.433,9.6,27.5,0.35,27.9,59.4,0.471,16.4,21.5,0.761,9.2,35.1,44.3,24.9,8.1,4.5,15.8,21.5,101.2,0.433,14.0,0.684,0.134,0.312,0.128,0.11,0.316,0.47,0.642,0.46,0.389,0.384,0.351,0.6,0.841,0.161,0.411
LVA,CON,9,15,84,71,1,2,1,1,0,1,1,1,0,0,0,0,2,1,1,1,1,1,2,0,0,2,1,2,1,1,2,30.9,68.1,0.454,9.4,26.5,0.355,21.5,41.7,0.516,15.2,18.3,0.828,5.6,28.5,34.1,20.5,7.1,5.0,10.8,16.5,86.4,1236,2725,0.454,376,1058,0.355,860,1667,0.516,607,733,0.828,223,1141,1364,820,282,198,432,661,3455,29.6,27,13,29,11,5.48,-0.7,4.77,108.0,101.2,6.8,79.7,0.269,0.388,0.567,0.523,12.4,16.6,0.223,0.488,14.1,79.5,0.189,38.6,85.2,0.454,11.8,33.1,0.355,26.9,52.1,0.516,19.0,22.9,0.828,7.0,35.7,42.6,25.6,8.8,6.2,13.5,20.7,108.0,0.454,14.5,0.612,0.114,0.297,0.117,0.084,0.388,0.516,0.694,0.509,0.406,0.454,0.355,0.585,0.843,0.242,0.359,30.1,69.5,0.433,7.7,22.0,0.35,22.4,47.5,0.471,13.1,17.2,0.761,7.4,28.1,35.5,19.9,6.5,3.6,12.6,17.2,80.9,1202.0,2779.0,0.433,308.0,879.0,0.35,894.0,1900.0,0.471,524.0,689.0,0.761,295.0,1123.0,1418.0,795.0,260.0,143.0,504.0,687.0,3236.0,37.6,86.9,0.433,9.6,27.5,0.35,27.9,59.4,0.471,16.4,21.5,0.761,9.2,35.1,44.3,24.9,8.1,4.5,15.8,21.5,101.2,0.433,14.0,0.684,0.134,0.312,0.128,0.11,0.316,0.47,0.642,0.46,0.389,0.384,0.351,0.6,0.841,0.161,0.411
LVA,SEA,9,17,85,72,1,1,1,1,0,1,1,1,0,0,0,0,1,1,1,1,1,0,1,0,0,2,1,2,1,1,2,30.9,68.1,0.454,9.4,26.5,0.355,21.5,41.7,0.516,15.2,18.3,0.828,5.6,28.5,34.1,20.5,7.1,5.0,10.8,16.5,86.4,1236,2725,0.454,376,1058,0.355,860,1667,0.516,607,733,0.828,223,1141,1364,820,282,198,432,661,3455,29.6,27,13,29,11,5.48,-0.7,4.77,108.0,101.2,6.8,79.7,0.269,0.388,0.567,0.523,12.4,16.6,0.223,0.488,14.1,79.5,0.189,38.6,85.2,0.454,11.8,33.1,0.355,26.9,52.1,0.516,19.0,22.9,0.828,7.0,35.7,42.6,25.6,8.8,6.2,13.5,20.7,108.0,0.454,14.5,0.612,0.114,0.297,0.117,0.084,0.388,0.516,0.694,0.509,0.406,0.454,0.355,0.585,0.843,0.242,0.359,30.1,69.5,0.433,7.7,22.0,0.35,22.4,47.5,0.471,13.1,17.2,0.761,7.4,28.1,35.5,19.9,6.5,3.6,12.6,17.2,80.9,1202.0,2779.0,0.433,308.0,879.0,0.35,894.0,1900.0,0.471,524.0,689.0,0.761,295.0,1123.0,1418.0,795.0,260.0,143.0,504.0,687.0,3236.0,37.6,86.9,0.433,9.6,27.5,0.35,27.9,59.4,0.471,16.4,21.5,0.761,9.2,35.1,44.3,24.9,8.1,4.5,15.8,21.5,101.2,0.433,14.0,0.684,0.134,0.312,0.128,0.11,0.316,0.47,0.642,0.46,0.389,0.384,0.351,0.6,0.841,0.161,0.411
LVA,DAL,9,19,98,84,0,2,0,0,0,0,0,0,0,0,0,0,1,0,0,0,0,1,1,0,0,1,0,1,0,0,0,30.9,68.1,0.454,9.4,26.5,0.355,21.5,41.7,0.516,15.2,18.3,0.828,5.6,28.5,34.1,20.5,7.1,5.0,10.8,16.5,86.4,1236,2725,0.454,376,1058,0.355,860,1667,0.516,607,733,0.828,223,1141,1364,820,282,198,432,661,3455,29.6,27,13,29,11,5.48,-0.7,4.77,108.0,101.2,6.8,79.7,0.269,0.388,0.567,0.523,12.4,16.6,0.223,0.488,14.1,79.5,0.189,38.6,85.2,0.454,11.8,33.1,0.355,26.9,52.1,0.516,19.0,22.9,0.828,7.0,35.7,42.6,25.6,8.8,6.2,13.5,20.7,108.0,0.454,14.5,0.612,0.114,0.297,0.117,0.084,0.388,0.516,0.694,0.509,0.406,0.454,0.355,0.585,0.843,0.242,0.359,30.1,69.5,0.433,7.7,22.0,0.35,22.4,47.5,0.471,13.1,17.2,0.761,7.4,28.1,35.5,19.9,6.5,3.6,12.6,17.2,80.9,1202.0,2779.0,0.433,308.0,879.0,0.35,894.0,1900.0,0.471,524.0,689.0,0.761,295.0,1123.0,1418.0,795.0,260.0,143.0,504.0,687.0,3236.0,37.6,86.9,0.433,9.6,27.5,0.35,27.9,59.4,0.471,16.4,21.5,0.761,9.2,35.1,44.3,24.9,8.1,4.5,15.8,21.5,101.2,0.433,14.0,0.684,0.134,0.312,0.128,0.11,0.316,0.47,0.642,0.46,0.389,0.384,0.351,0.6,0.841,0.161,0.411
MIN,SEA,5,14,83,70,1,0,1,1,0,1,1,1,1,0,1,2,0,2,1,2,1,0,1,0,0,1,1,2,2,1,1,30.1,67.3,0.448,9.5,25.0,0.38,20.6,42.3,0.488,12.2,15.5,0.79,7.4,26.8,34.3,23.0,8.6,4.2,13.4,16.4,82.0,1205,2692,0.448,380,1000,0.38,825,1692,0.488,489,619,0.79,297,1073,1370,921,343,168,535,654,3279,27.9,30,10,30,10,6.38,-0.74,5.64,104.6,96.5,8.1,77.7,0.23,0.371,0.553,0.518,15.3,22.3,0.182,0.46,16.5,74.2,0.181,38.4,85.9,0.448,12.1,31.9,0.38,26.3,54.0,0.488,15.6,19.7,0.79,9.5,34.2,43.7,29.4,10.9,5.4,17.1,20.9,104.6,0.448,14.7,0.629,0.175,0.205,0.107,0.142,0.371,0.488,0.662,0.399,0.429,0.444,0.38,0.668,0.974,0.198,0.429,28.2,68.7,0.41,6.8,22.7,0.301,21.4,46.1,0.464,12.4,15.8,0.788,9.4,25.9,35.3,18.6,7.5,3.7,14.9,15.7,75.6,1127.0,2749.0,0.41,273.0,907.0,0.301,854.0,1842.0,0.464,497.0,631.0,0.788,374.0,1037.0,1411.0,742.0,298.0,146.0,596.0,626.0,3024.0,36.0,87.7,0.41,8.7,28.9,0.301,27.2,58.8,0.464,15.9,20.1,0.788,11.9,33.1,45.0,23.7,9.5,4.7,19.0,20.0,96.5,0.41,13.0,0.67,0.22,0.238,0.113,0.098,0.33,0.464,0.624,0.428,0.304,0.374,0.301,0.589,0.875,0.184,0.305
MIN,SEA,5,17,102,93,1,0,1,1,0,1,1,1,2,0,2,3,0,2,1,2,1,1,1,0,1,1,1,2,2,1,1,30.1,67.3,0.448,9.5,25.0,0.38,20.6,42.3,0.488,12.2,15.5,0.79,7.4,26.8,34.3,23.0,8.6,4.2,13.4,16.4,82.0,1205,2692,0.448,380,1000,0.38,825,1692,0.488,489,619,0.79,297,1073,1370,921,343,168,535,654,3279,27.9,30,10,30,10,6.38,-0.74,5.64,104.6,96.5,8.1,77.7,0.23,0.371,0.553,0.518,15.3,22.3,0.182,0.46,16.5,74.2,0.181,38.4,85.9,0.448,12.1,31.9,0.38,26.3,54.0,0.488,15.6,19.7,0.79,9.5,34.2,43.7,29.4,10.9,5.4,17.1,20.9,104.6,0.448,14.7,0.629,0.175,0.205,0.107,0.142,0.371,0.488,0.662,0.399,0.429,0.444,0.38,0.668,0.974,0.198,0.429,28.2,68.7,0.41,6.8,22.7,0.301,21.4,46.1,0.464,12.4,15.8,0.788,9.4,25.9,35.3,18.6,7.5,3.7,14.9,15.7,75.6,1127.0,2749.0,0.41,273.0,907.0,0.301,854.0,1842.0,0.464,497.0,631.0,0.788,374.0,1037.0,1411.0,742.0,298.0,146.0,596.0,626.0,3024.0,36.0,87.7,0.41,8.7,28.9,0.301,27.2,58.8,0.464,15.9,20.1,0.788,11.9,33.1,45.0,23.7,9.5,4.7,19.0,20.0,96.5,0.41,13.0,0.67,0.22,0.238,0.113,0.098,0.33,0.464,0.624,0.428,0.304,0.374,0.301,0.589,0.875,0.184,0.305
MIN,CON,5,23,82,83,1,0,1,1,0,1,1,1,2,0,2,3,0,2,1,2,1,1,2,0,1,1,1,2,2,1,1,30.1,67.3,0.448,9.5,25.0,0.38,20.6,42.3,0.488,12.2,15.5,0.79,7.4,26.8,34.3,23.0,8.6,4.2,13.4,16.4,82.0,1205,2692,0.448,380,1000,0.38,825,1692,0.488,489,619,0.79,297,1073,1370,921,343,168,535,654,3279,27.9,30,10,30,10,6.38,-0.74,5.64,104.6,96.5,8.1,77.7,0.23,0.371,0.553,0.518,15.3,22.3,0.182,0.46,16.5,74.2,0.181,38.4,85.9,0.448,12.1,31.9,0.38,26.3,54.0,0.488,15.6,19.7,0.79,9.5,34.2,43.7,29.4,10.9,5.4,17.1,20.9,104.6,0.448,14.7,0.629,0.175,0.205,0.107,0.142,0.371,0.488,0.662,0.399,0.429,0.444,0.38,0.668,0.974,0.198,0.429,28.2,68.7,0.41,6.8,22.7,0.301,21.4,46.1,0.464,12.4,15.8,0.788,9.4,25.9,35.3,18.6,7.5,3.7,14.9,15.7,75.6,1127.0,2749.0,0.41,273.0,907.0,0.301,854.0,1842.0,0.464,497.0,631.0,0.788,374.0,1037.0,1411.0,742.0,298.0,146.0,596.0,626.0,3024.0,36.0,87.7,0.41,8.7,28.9,0.301,27.2,58.8,0.464,15.9,20.1,0.788,11.9,33.1,45.0,23.7,9.5,4.7,19.0,20.0,96.5,0.41,13.0,0.67,0.22,0.238,0.113,0.098,0.33,0.464,0.624,0.428,0.304,0.374,0.301,0.589,0.875,0.184,0.305
MIN,NYL,5,25,84,67,1,0,1,1,0,1,1,1,2,0,2,3,0,2,1,2,1,1,1,0,1,1,1,2,2,1,1,30.1,67.3,0.448,9.5,25.0,0.38,20.6,42.3,0.488,12.2,15.5,0.79,7.4,26.8,34.3,23.0,8.6,4.2,13.4,16.4,82.0,1205,2692,0.448,380,1000,0.38,825,1692,0.488,489,619,0.79,297,1073,1370,921,343,168,535,654,3279,27.9,30,10,30,10,6.38,-0.74,5.64,104.6,96.5,8.1,77.7,0.23,0.371,0.553,0.518,15.3,22.3,0.182,0.46,16.5,74.2,0.181,38.4,85.9,0.448,12.1,31.9,0.38,26.3,54.0,0.488,15.6,19.7,0.79,9.5,34.2,43.7,29.4,10.9,5.4,17.1,20.9,104.6,0.448,14.7,0.629,0.175,0.205,0.107,0.142,0.371,0.488,0.662,0.399,0.429,0.444,0.38,0.668,0.974,0.198,0.429,28.2,68.7,0.41,6.8,22.7,0.301,21.4,46.1,0.464,12.4,15.8,0.788,9.4,25.9,35.3,18.6,7.5,3.7,14.9,15.7,75.6,1127.0,2749.0,0.41,273.0,907.0,0.301,854.0,1842.0,0.464,497.0,631.0,0.788,374.0,1037.0,1411.0,742.0,298.0,146.0,596.0,626.0,3024.0,36.0,87.7,0.41,8.7,28.9,0.301,27.2,58.8,0.464,15.9,20.1,0.788,11.9,33.1,45.0,23.7,9.5,4.7,19.0,20.0,96.5,0.41,13.0,0.67,0.22,0.238,0.113,0.098,0.33,0.464,0.624,0.428,0.304,0.374,0.301,0.589,0.875,0.184,0.305
MIN,ATL,5,26,92,79,1,0,1,1,0,1,1,1,1,0,1,2,0,2,1,2,1,0,0,0,0,0,1,1,2,1,1,30.1,67.3,0.448,9.5,25.0,0.38,20.6,42.3,0.488,12.2,15.5,0.79,7.4,26.8,34.3,23.0,8.6,4.2,13.4,16.4,82.0,1205,2692,0.448,380,1000,0.38,825,1692,0.488,489,619,0.79,297,1073,1370,921,343,168,535,654,3279,27.9,30,10,30,10,6.38,-0.74,5.64,104.6,96.5,8.1,77.7,0.23,0.371,0.553,0.518,15.3,22.3,0.182,0.46,16.5,74.2,0.181,38.4,85.9,0.448,12.1,31.9,0.38,26.3,54.0,0.488,15.6,19.7,0.79,9.5,34.2,43.7,29.4,10.9,5.4,17.1,20.9,104.6,0.448,14.7,0.629,0.175,0.205,0.107,0.142,0.371,0.488,0.662,0.399,0.429,0.444,0.38,0.668,0.974,0.198,0.429,28.2,68.7,0.41,6.8,22.7,0.301,21.4,46.1,0.464,12.4,15.8,0.788,9.4,25.9,35.3,18.6,7.5,3.7,14.9,15.7,75.6,1127.0,2749.0,0.41,273.0,907.0,0.301,854.0,1842.0,0.464,497.0,631.0,0.788,374.0,1037.0,1411.0,742.0,298.0,146.0,596.0,626.0,3024.0,36.0,87.7,0.41,8.7,28.9,0.301,27.2,58.8,0.464,15.9,20.1,0.788,11.9,33.1,45.0,23.7,9.5,4.7,19.0,20.0,96.5,0.41,13.0,0.67,0.22,0.238,0.113,0.098,0.33,0.464,0.624,0.428,0.304,0.374,0.301,0.589,0.875,0.184,0.305
MIN,LVA,5,29,66,80,1,0,1,1,0,1,1,1,1,0,1,2,0,2,1,2,1,0,0,0,0,0,1,1,2,1,1,30.1,67.3,0.448,9.5,25.0,0.38,20.6,42.3,0.488,12.2,15.5,0.79,7.4,26.8,34.3,23.0,8.6,4.2,13.4,16.4,82.0,1205,2692,0.448,380,1000,0.38,825,1692,0.488,489,619,0.79,297,1073,1370,921,343,168,535,654,3279,27.9,30,10,30,10,6.38,-0.74,5.64,104.6,96.5,8.1,77.7,0.23,0.371,0.553,0.518,15.3,22.3,0.182,0.46,16.5,74.2,0.181,38.4,85.9,0.448,12.1,31.9,0.38,26.3,54.0,0.488,15.6,19.7,0.79,9.5,34.2,43.7,29.4,10.9,5.4,17.1,20.9,104.6,0.448,14.7,0.629,0.175,0.205,0.107,0.142,0.371,0.488,0.662,0.399,0.429,0.444,0.38,0.668,0.974,0.198,0.429,28.2,68.7,0.41,6.8,22.7,0.301,21.4,46.1,0.464,12.4,15.8,0.788,9.4,25.9,35.3,18.6,7.5,3.7,14.9,15.7,75.6,1127.0,2749.0,0.41,273.0,907.0,0.301,854.0,1842.0,0.464,497.0,631.0,0.788,374.0,1037.0,1411.0,742.0,298.0,146.0,596.0,626.0,3024.0,36.0,87.7,0.41,8.7,28.9,0.301,27.2,58.8,0.464,15.9,20.1,0.788,11.9,33.1,45.0,23.7,9.5,4.7,19.0,20.0,96.5,0.41,13.0,0.67,0.22,0.238,0.113,0.098,0.33,0.464,0.624,0.428,0.304,0.374,0.301,0.589,0.875,0.184,0.305
MIN,PHO,5,31,95,71,1,0,1,1,0,1,1,1,2,0,2,3,0,2,1,2,1,1,1,0,1,1,1,2,2,1,1,30.1,67.3,0.448,9.5,25.0,0.38,20.6,42.3,0.488,12.2,15.5,0.79,7.4,26.8,34.3,23.0,8.6,4.2,13.4,16.4,82.0,1205,2692,0.448,380,1000,0.38,825,1692,0.488,489,619,0.79,297,1073,1370,921,343,168,535,654,3279,27.9,30,10,30,10,6.38,-0.74,5.64,104.6,96.5,8.1,77.7,0.23,0.371,0.553,0.518,15.3,22.3,0.182,0.46,16.5,74.2,0.181,38.4,85.9,0.448,12.1,31.9,0.38,26.3,54.0,0.488,15.6,19.7,0.79,9.5,34.2,43.7,29.4,10.9,5.4,17.1,20.9,104.6,0.448,14.7,0.629,0.175,0.205,0.107,0.142,0.371,0.488,0.662,0.399,0.429,0.444,0.38,0.668,0.974,0.198,0.429,28.2,68.7,0.41,6.8,22.7,0.301,21.4,46.1,0.464,12.4,15.8,0.788,9.4,25.9,35.3,18.6,7.5,3.7,14.9,15.7,75.6,1127.0,2749.0,0.41,273.0,907.0,0.301,854.0,1842.0,0.464,497.0,631.0,0.788,374.0,1037.0,1411.0,742.0,298.0,146.0,596.0,626.0,3024.0,36.0,87.7,0.41,8.7,28.9,0.301,27.2,58.8,0.464,15.9,20.1,0.788,11.9,33.1,45.0,23.7,9.5,4.7,19.0,20.0,96.5,0.41,13.0,0.67,0.22,0.238,0.113,0.098,0.33,0.464,0.624,0.428,0.304,0.374,0.301,0.589,0.875,0.184,0.305
MIN,DAL,6,2,87,76,1,0,1,1,0,1,1,1,2,0,2,3,0,2,1,2,1,1,1,0,1,1,1,2,2,1,1,30.1,67.3,0.448,9.5,25.0,0.38,20.6,42.3,0.488,12.2,15.5,0.79,7.4,26.8,34.3,23.0,8.6,4.2,13.4,16.4,82.0,1205,2692,0.448,380,1000,0.38,825,1692,0.488,489,619,0.79,297,1073,1370,921,343,168,535,654,3279,27.9,30,10,30,10,6.38,-0.74,5.64,104.6,96.5,8.1,77.7,0.23,0.371,0.553,0.518,15.3,22.3,0.182,0.46,16.5,74.2,0.181,38.4,85.9,0.448,12.1,31.9,0.38,26.3,54.0,0.488,15.6,19.7,0.79,9.5,34.2,43.7,29.4,10.9,5.4,17.1,20.9,104.6,0.448,14.7,0.629,0.175,0.205,0.107,0.142,0.371,0.488,0.662,0.399,0.429,0.444,0.38,0.668,0.974,0.198,0.429,28.2,68.7,0.41,6.8,22.7,0.301,21.4,46.1,0.464,12.4,15.8,0.788,9.4,25.9,35.3,18.6,7.5,3.7,14.9,15.7,75.6,1127.0,2749.0,0.41,273.0,907.0,0.301,854.0,1842.0,0.464,497.0,631.0,0.788,374.0,1037.0,1411.0,742.0,298.0,146.0,596.0,626.0,3024.0,36.0,87.7,0.41,8.7,28.9,0.301,27.2,58.8,0.464,15.9,20.1,0.788,11.9,33.1,45.0,23.7,9.5,4.7,19.0,20.0,96.5,0.41,13.0,0.67,0.22,0.238,0.113,0.098,0.33,0.464,0.624,0.428,0.304,0.374,0.301,0.589,0.875,0.184,0.305
MIN,LAS,6,5,86,62,1,0,1,1,0,1,1,1,2,0,2,3,0,2,1,2,1,1,1,0,1,1,1,2,2,1,1,30.1,67.3,0.448,9.5,25.0,0.38,20.6,42.3,0.488,12.2,15.5,0.79,7.4,26.8,34.3,23.0,8.6,4.2,13.4,16.4,82.0,1205,2692,0.448,380,1000,0.38,825,1692,0.488,489,619,0.79,297,1073,1370,921,343,168,535,654,3279,27.9,30,10,30,10,6.38,-0.74,5.64,104.6,96.5,8.1,77.7,0.23,0.371,0.553,0.518,15.3,22.3,0.182,0.46,16.5,74.2,0.181,38.4,85.9,0.448,12.1,31.9,0.38,26.3,54.0,0.488,15.6,19.7,0.79,9.5,34.2,43.7,29.4,10.9,5.4,17.1,20.9,104.6,0.448,14.7,0.629,0.175,0.205,0.107,0.142,0.371,0.488,0.662,0.399,0.429,0.444,0.38,0.668,0.974,0.198,0.429,28.2,68.7,0.41,6.8,22.7,0.301,21.4,46.1,0.464,12.4,15.8,0.788,9.4,25.9,35.3,18.6,7.5,3.7,14.9,15.7,75.6,1127.0,2749.0,0.41,273.0,907.0,0.301,854.0,1842.0,0.464,497.0,631.0,0.788,374.0,1037.0,1411.0,742.0,298.0,146.0,596.0,626.0,3024.0,36.0,87.7,0.41,8.7,28.9,0.301,27.2,58.8,0.464,15.9,20.1,0.788,11.9,33.1,45.0,23.7,9.5,4.7,19.0,20.0,96.5,0.41,13.0,0.67,0.22,0.238,0.113,0.098,0.33,0.464,0.624,0.428,0.304,0.374,0.301,0.589,0.875,0.184,0.305
MIN,PHO,6,7,80,81,1,0,1,1,0,1,1,1,2,0,2,2,0,2,1,2,1,0,0,0,0,1,1,2,2,1,1,30.1,67.3,0.448,9.5,25.0,0.38,20.6,42.3,0.488,12.2,15.5,0.79,7.4,26.8,34.3,23.0,8.6,4.2,13.4,16.4,82.0,1205,2692,0.448,380,1000,0.38,825,1692,0.488,489,619,0.79,297,1073,1370,921,343,168,535,654,3279,27.9,30,10,30,10,6.38,-0.74,5.64,104.6,96.5,8.1,77.7,0.23,0.371,0.553,0.518,15.3,22.3,0.182,0.46,16.5,74.2,0.181,38.4,85.9,0.448,12.1,31.9,0.38,26.3,54.0,0.488,15.6,19.7,0.79,9.5,34.2,43.7,29.4,10.9,5.4,17.1,20.9,104.6,0.448,14.7,0.629,0.175,0.205,0.107,0.142,0.371,0.488,0.662,0.399,0.429,0.444,0.38,0.668,0.974,0.198,0.429,28.2,68.7,0.41,6.8,22.7,0.301,21.4,46.1,0.464,12.4,15.8,0.788,9.4,25.9,35.3,18.6,7.5,3.7,14.9,15.7,75.6,1127.0,2749.0,0.41,273.0,907.0,0.301,854.0,1842.0,0.464,497.0,631.0,0.788,374.0,1037.0,1411.0,742.0,298.0,146.0,596.0,626.0,3024.0,36.0,87.7,0.41,8.7,28.9,0.301,27.2,58.8,0.464,15.9,20.1,0.788,11.9,33.1,45.0,23.7,9.5,4.7,19.0,20.0,96.5,0.41,13.0,0.67,0.22,0.238,0.113,0.098,0.33,0.464,0.624,0.428,0.304,0.374,0.301,0.589,0.875,0.184,0.305
MIN,SEA,6,9,83,64,1,0,1,1,0,1,1,1,2,0,2,3,0,2,1,2,1,1,1,0,1,1,1,2,2,1,1,30.1,67.3,0.448,9.5,25.0,0.38,20.6,42.3,0.488,12.2,15.5,0.79,7.4,26.8,34.3,23.0,8.6,4.2,13.4,16.4,82.0,1205,2692,0.448,380,1000,0.38,825,1692,0.488,489,619,0.79,297,1073,1370,921,343,168,535,654,3279,27.9,30,10,30,10,6.38,-0.74,5.64,104.6,96.5,8.1,77.7,0.23,0.371,0.553,0.518,15.3,22.3,0.182,0.46,16.5,74.2,0.181,38.4,85.9,0.448,12.1,31.9,0.38,26.3,54.0,0.488,15.6,19.7,0.79,9.5,34.2,43.7,29.4,10.9,5.4,17.1,20.9,104.6,0.448,14.7,0.629,0.175,0.205,0.107,0.142,0.371,0.488,0.662,0.399,0.429,0.444,0.38,0.668,0.974,0.198,0.429,28.2,68.7,0.41,6.8,22.7,0.301,21.4,46.1,0.464,12.4,15.8,0.788,9.4,25.9,35.3,18.6,7.5,3.7,14.9,15.7,75.6,1127.0,2749.0,0.41,273.0,907.0,0.301,854.0,1842.0,0.464,497.0,631.0,0.788,374.0,1037.0,1411.0,742.0,298.0,146.0,596.0,626.0,3024.0,36.0,87.7,0.41,8.7,28.9,0.301,27.2,58.8,0.464,15.9,20.1,0.788,11.9,33.1,45.0,23.7,9.5,4.7,19.0,20.0,96.5,0.41,13.0,0.67,0.22,0.238,0.113,0.098,0.33,0.464,0.624,0.428,0.304,0.374,0.301,0.589,0.875,0.184,0.305
MIN,LVA,6,11,100,86,1,0,1,1,0,1,1,1,2,0,2,3,0,2,1,2,1,1,1,0,1,1,1,2,2,1,1,30.1,67.3,0.448,9.5,25.0,0.38,20.6,42.3,0.488,12.2,15.5,0.79,7.4,26.8,34.3,23.0,8.6,4.2,13.4,16.4,82.0,1205,2692,0.448,380,1000,0.38,825,1692,0.488,489,619,0.79,297,1073,1370,921,343,168,535,654,3279,27.9,30,10,30,10,6.38,-0.74,5.64,104.6,96.5,8.1,77.7,0.23,0.371,0.553,0.518,15.3,22.3,0.182,0.46,16.5,74.2,0.181,38.4,85.9,0.448,12.1,31.9,0.38,26.3,54.0,0.488,15.6,19.7,0.79,9.5,34.2,43.7,29.4,10.9,5.4,17.1,20.9,104.6,0.448,14.7,0.629,0.175,0.205,0.107,0.142,0.371,0.488,0.662,0.399,0.429,0.444,0.38,0.668,0.974,0.198,0.429,28.2,68.7,0.41,6.8,22.7,0.301,21.4,46.1,0.464,12.4,15.8,0.788,9.4,25.9,35.3,18.6,7.5,3.7,14.9,15.7,75.6,1127.0,2749.0,0.41,273.0,907.0,0.301,854.0,1842.0,0.464,497.0,631.0,0.788,374.0,1037.0,1411.0,742.0,298.0,146.0,596.0,626.0,3024.0,36.0,87.7,0.41,8.7,28.9,0.301,27.2,58.8,0.464,15.9,20.1,0.788,11.9,33.1,45.0,23.7,9.5,4.7,19.0,20.0,96.5,0.41,13.0,0.67,0.22,0.238,0.113,0.098,0.33,0.464,0.624,0.428,0.304,0.374,0.301,0.589,0.875,0.184,0.305
MIN,LAS,6,14,81,76,1,0,1,1,0,1,1,1,2,0,2,2,0,2,1,2,1,0,0,0,0,0,1,1,2,1,1,30.1,67.3,0.448,9.5,25.0,0.38,20.6,42.3,0.488,12.2,15.5,0.79,7.4,26.8,34.3,23.0,8.6,4.2,13.4,16.4,82.0,1205,2692,0.448,380,1000,0.38,825,1692,0.488,489,619,0.79,297,1073,1370,921,343,168,535,654,3279,27.9,30,10,30,10,6.38,-0.74,5.64,104.6,96.5,8.1,77.7,0.23,0.371,0.553,0.518,15.3,22.3,0.182,0.46,16.5,74.2,0.181,38.4,85.9,0.448,12.1,31.9,0.38,26.3,54.0,0.488,15.6,19.7,0.79,9.5,34.2,43.7,29.4,10.9,5.4,17.1,20.9,104.6,0.448,14.7,0.629,0.175,0.205,0.107,0.142,0.371,0.488,0.662,0.399,0.429,0.444,0.38,0.668,0.974,0.198,0.429,28.2,68.7,0.41,6.8,22.7,0.301,21.4,46.1,0.464,12.4,15.8,0.788,9.4,25.9,35.3,18.6,7.5,3.7,14.9,15.7,75.6,1127.0,2749.0,0.41,273.0,907.0,0.301,854.0,1842.0,0.464,497.0,631.0,0.788,374.0,1037.0,1411.0,742.0,298.0,146.0,596.0,626.0,3024.0,36.0,87.7,0.41,8.7,28.9,0.301,27.2,58.8,0.464,15.9,20.1,0.788,11.9,33.1,45.0,23.7,9.5,4.7,19.0,20.0,96.5,0.41,13.0,0.67,0.22,0.238,0.113,0.098,0.33,0.464,0.624,0.428,0.304,0.374,0.301,0.589,0.875,0.184,0.305
MIN,DAL,6,17,90,78,1,0,1,1,0,1,1,1,1,0,1,3,0,2,1,2,1,1,1,0,1,0,1,1,2,1,1,30.1,67.3,0.448,9.5,25.0,0.38,20.6,42.3,0.488,12.2,15.5,0.79,7.4,26.8,34.3,23.0,8.6,4.2,13.4,16.4,82.0,1205,2692,0.448,380,1000,0.38,825,1692,0.488,489,619,0.79,297,1073,1370,921,343,168,535,654,3279,27.9,30,10,30,10,6.38,-0.74,5.64,104.6,96.5,8.1,77.7,0.23,0.371,0.553,0.518,15.3,22.3,0.182,0.46,16.5,74.2,0.181,38.4,85.9,0.448,12.1,31.9,0.38,26.3,54.0,0.488,15.6,19.7,0.79,9.5,34.2,43.7,29.4,10.9,5.4,17.1,20.9,104.6,0.448,14.7,0.629,0.175,0.205,0.107,0.142,0.371,0.488,0.662,0.399,0.429,0.444,0.38,0.668,0.974,0.198,0.429,28.2,68.7,0.41,6.8,22.7,0.301,21.4,46.1,0.464,12.4,15.8,0.788,9.4,25.9,35.3,18.6,7.5,3.7,14.9,15.7,75.6,1127.0,2749.0,0.41,273.0,907.0,0.301,854.0,1842.0,0.464,497.0,631.0,0.788,374.0,1037.0,1411.0,742.0,298.0,146.0,596.0,626.0,3024.0,36.0,87.7,0.41,8.7,28.9,0.301,27.2,58.8,0.464,15.9,20.1,0.788,11.9,33.1,45.0,23.7,9.5,4.7,19.0,20.0,96.5,0.41,13.0,0.67,0.22,0.238,0.113,0.098,0.33,0.464,0.624,0.428,0.304,0.374,0.301,0.589,0.875,0.184,0.305
MIN,ATL,6,19,68,55,1,0,1,1,0,1,1,1,2,0,2,2,0,2,1,2,1,0,0,0,0,1,1,2,2,1,1,30.1,67.3,0.448,9.5,25.0,0.38,20.6,42.3,0.488,12.2,15.5,0.79,7.4,26.8,34.3,23.0,8.6,4.2,13.4,16.4,82.0,1205,2692,0.448,380,1000,0.38,825,1692,0.488,489,619,0.79,297,1073,1370,921,343,168,535,654,3279,27.9,30,10,30,10,6.38,-0.74,5.64,104.6,96.5,8.1,77.7,0.23,0.371,0.553,0.518,15.3,22.3,0.182,0.46,16.5,74.2,0.181,38.4,85.9,0.448,12.1,31.9,0.38,26.3,54.0,0.488,15.6,19.7,0.79,9.5,34.2,43.7,29.4,10.9,5.4,17.1,20.9,104.6,0.448,14.7,0.629,0.175,0.205,0.107,0.142,0.371,0.488,0.662,0.399,0.429,0.444,0.38,0.668,0.974,0.198,0.429,28.2,68.7,0.41,6.8,22.7,0.301,21.4,46.1,0.464,12.4,15.8,0.788,9.4,25.9,35.3,18.6,7.5,3.7,14.9,15.7,75.6,1127.0,2749.0,0.41,273.0,907.0,0.301,854.0,1842.0,0.464,497.0,631.0,0.788,374.0,1037.0,1411.0,742.0,298.0,146.0,596.0,626.0,3024.0,36.0,87.7,0.41,8.7,28.9,0.301,27.2,58.8,0.464,15.9,20.1,0.788,11.9,33.1,45.0,23.7,9.5,4.7,19.0,20.0,96.5,0.41,13.0,0.67,0.22,0.238,0.113,0.098,0.33,0.464,0.624,0.428,0.304,0.374,0.301,0.589,0.875,0.184,0.305
MIN,PHO,6,22,73,60,1,0,1,1,0,1,1,1,2,0,2,3,0,2,1,2,1,1,1,0,1,1,1,2,2,1,1,30.1,67.3,0.448,9.5,25.0,0.38,20.6,42.3,0.488,12.2,15.5,0.79,7.4,26.8,34.3,23.0,8.6,4.2,13.4,16.4,82.0,1205,2692,0.448,380,1000,0.38,825,1692,0.488,489,619,0.79,297,1073,1370,921,343,168,535,654,3279,27.9,30,10,30,10,6.38,-0.74,5.64,104.6,96.5,8.1,77.7,0.23,0.371,0.553,0.518,15.3,22.3,0.182,0.46,16.5,74.2,0.181,38.4,85.9,0.448,12.1,31.9,0.38,26.3,54.0,0.488,15.6,19.7,0.79,9.5,34.2,43.7,29.4,10.9,5.4,17.1,20.9,104.6,0.448,14.7,0.629,0.175,0.205,0.107,0.142,0.371,0.488,0.662,0.399,0.429,0.444,0.38,0.668,0.974,0.198,0.429,28.2,68.7,0.41,6.8,22.7,0.301,21.4,46.1,0.464,12.4,15.8,0.788,9.4,25.9,35.3,18.6,7.5,3.7,14.9,15.7,75.6,1127.0,2749.0,0.41,273.0,907.0,0.301,854.0,1842.0,0.464,497.0,631.0,0.788,374.0,1037.0,1411.0,742.0,298.0,146.0,596.0,626.0,3024.0,36.0,87.7,0.41,8.7,28.9,0.301,27.2,58.8,0.464,15.9,20.1,0.788,11.9,33.1,45.0,23.7,9.5,4.7,19.0,20.0,96.5,0.41,13.0,0.67,0.22,0.238,0.113,0.098,0.33,0.464,0.624,0.428,0.304,0.374,0.301,0.589,0.875,0.184,0.305
MIN,DAL,6,27,88,94,1,0,1,1,0,1,1,1,2,0,2,2,0,2,1,2,1,0,0,0,0,0,1,1,2,1,1,30.1,67.3,0.448,9.5,25.0,0.38,20.6,42.3,0.488,12.2,15.5,0.79,7.4,26.8,34.3,23.0,8.6,4.2,13.4,16.4,82.0,1205,2692,0.448,380,1000,0.38,825,1692,0.488,489,619,0.79,297,1073,1370,921,343,168,535,654,3279,27.9,30,10,30,10,6.38,-0.74,5.64,104.6,96.5,8.1,77.7,0.23,0.371,0.553,0.518,15.3,22.3,0.182,0.46,16.5,74.2,0.181,38.4,85.9,0.448,12.1,31.9,0.38,26.3,54.0,0.488,15.6,19.7,0.79,9.5,34.2,43.7,29.4,10.9,5.4,17.1,20.9,104.6,0.448,14.7,0.629,0.175,0.205,0.107,0.142,0.371,0.488,0.662,0.399,0.429,0.444,0.38,0.668,0.974,0.198,0.429,28.2,68.7,0.41,6.8,22.7,0.301,21.4,46.1,0.464,12.4,15.8,0.788,9.4,25.9,35.3,18.6,7.5,3.7,14.9,15.7,75.6,1127.0,2749.0,0.41,273.0,907.0,0.301,854.0,1842.0,0.464,497.0,631.0,0.788,374.0,1037.0,1411.0,742.0,298.0,146.0,596.0,626.0,3024.0,36.0,87.7,0.41,8.7,28.9,0.301,27.2,58.8,0.464,15.9,20.1,0.788,11.9,33.1,45.0,23.7,9.5,4.7,19.0,20.0,96.5,0.41,13.0,0.67,0.22,0.238,0.113,0.098,0.33,0.464,0.624,0.428,0.304,0.374,0.301,0.589,0.875,0.184,0.305
MIN,CHI,6,30,70,62,1,0,1,1,0,1,1,1,1,0,1,2,0,2,1,2,1,0,0,0,0,0,1,1,2,1,1,30.1,67.3,0.448,9.5,25.0,0.38,20.6,42.3,0.488,12.2,15.5,0.79,7.4,26.8,34.3,23.0,8.6,4.2,13.4,16.4,82.0,1205,2692,0.448,380,1000,0.38,825,1692,0.488,489,619,0.79,297,1073,1370,921,343,168,535,654,3279,27.9,30,10,30,10,6.38,-0.74,5.64,104.6,96.5,8.1,77.7,0.23,0.371,0.553,0.518,15.3,22.3,0.182,0.46,16.5,74.2,0.181,38.4,85.9,0.448,12.1,31.9,0.38,26.3,54.0,0.488,15.6,19.7,0.79,9.5,34.2,43.7,29.4,10.9,5.4,17.1,20.9,104.6,0.448,14.7,0.629,0.175,0.205,0.107,0.142,0.371,0.488,0.662,0.399,0.429,0.444,0.38,0.668,0.974,0.198,0.429,28.2,68.7,0.41,6.8,22.7,0.301,21.4,46.1,0.464,12.4,15.8,0.788,9.4,25.9,35.3,18.6,7.5,3.7,14.9,15.7,75.6,1127.0,2749.0,0.41,273.0,907.0,0.301,854.0,1842.0,0.464,497.0,631.0,0.788,374.0,1037.0,1411.0,742.0,298.0,146.0,596.0,626.0,3024.0,36.0,87.7,0.41,8.7,28.9,0.301,27.2,58.8,0.464,15.9,20.1,0.788,11.9,33.1,45.0,23.7,9.5,4.7,19.0,20.0,96.5,0.41,13.0,0.67,0.22,0.238,0.113,0.098,0.33,0.464,0.624,0.428,0.304,0.374,0.301,0.589,0.875,0.184,0.305
MIN,NYL,7,2,67,76,1,0,1,1,0,1,1,1,2,0,2,3,0,2,1,2,1,1,1,0,1,1,1,2,2,1,1,30.1,67.3,0.448,9.5,25.0,0.38,20.6,42.3,0.488,12.2,15.5,0.79,7.4,26.8,34.3,23.0,8.6,4.2,13.4,16.4,82.0,1205,2692,0.448,380,1000,0.38,825,1692,0.488,489,619,0.79,297,1073,1370,921,343,168,535,654,3279,27.9,30,10,30,10,6.38,-0.74,5.64,104.6,96.5,8.1,77.7,0.23,0.371,0.553,0.518,15.3,22.3,0.182,0.46,16.5,74.2,0.181,38.4,85.9,0.448,12.1,31.9,0.38,26.3,54.0,0.488,15.6,19.7,0.79,9.5,34.2,43.7,29.4,10.9,5.4,17.1,20.9,104.6,0.448,14.7,0.629,0.175,0.205,0.107,0.142,0.371,0.488,0.662,0.399,0.429,0.444,0.38,0.668,0.974,0.198,0.429,28.2,68.7,0.41,6.8,22.7,0.301,21.4,46.1,0.464,12.4,15.8,0.788,9.4,25.9,35.3,18.6,7.5,3.7,14.9,15.7,75.6,1127.0,2749.0,0.41,273.0,907.0,0.301,854.0,1842.0,0.464,497.0,631.0,0.788,374.0,1037.0,1411.0,742.0,298.0,146.0,596.0,626.0,3024.0,36.0,87.7,0.41,8.7,28.9,0.301,27.2,58.8,0.464,15.9,20.1,0.788,11.9,33.1,45.0,23.7,9.5,4.7,19.0,20.0,96.5,0.41,13.0,0.67,0.22,0.238,0.113,0.098,0.33,0.464,0.624,0.428,0.304,0.374,0.301,0.589,0.875,0.184,0.305
MIN,CON,7,4,73,78,1,0,1,1,0,1,1,1,2,0,2,2,0,2,1,2,1,0,0,0,0,0,1,1,2,1,1,30.1,67.3,0.448,9.5,25.0,0.38,20.6,42.3,0.488,12.2,15.5,0.79,7.4,26.8,34.3,23.0,8.6,4.2,13.4,16.4,82.0,1205,2692,0.448,380,1000,0.38,825,1692,0.488,489,619,0.79,297,1073,1370,921,343,168,535,654,3279,27.9,30,10,30,10,6.38,-0.74,5.64,104.6,96.5,8.1,77.7,0.23,0.371,0.553,0.518,15.3,22.3,0.182,0.46,16.5,74.2,0.181,38.4,85.9,0.448,12.1,31.9,0.38,26.3,54.0,0.488,15.6,19.7,0.79,9.5,34.2,43.7,29.4,10.9,5.4,17.1,20.9,104.6,0.448,14.7,0.629,0.175,0.205,0.107,0.142,0.371,0.488,0.662,0.399,0.429,0.444,0.38,0.668,0.974,0.198,0.429,28.2,68.7,0.41,6.8,22.7,0.301,21.4,46.1,0.464,12.4,15.8,0.788,9.4,25.9,35.3,18.6,7.5,3.7,14.9,15.7,75.6,1127.0,2749.0,0.41,273.0,907.0,0.301,854.0,1842.0,0.464,497.0,631.0,0.788,374.0,1037.0,1411.0,742.0,298.0,146.0,596.0,626.0,3024.0,36.0,87.7,0.41,8.7,28.9,0.301,27.2,58.8,0.464,15.9,20.1,0.788,11.9,33.1,45.0,23.7,9.5,4.7,19.0,20.0,96.5,0.41,13.0,0.67,0.22,0.238,0.113,0.098,0.33,0.464,0.624,0.428,0.304,0.374,0.301,0.589,0.875,0.184,0.305
MIN,WAS,7,6,74,67,0,0,0,1,0,0,0,1,1,0,1,2,0,1,0,1,0,1,1,0,1,1,1,2,1,0,1,30.1,67.3,0.448,9.5,25.0,0.38,20.6,42.3,0.488,12.2,15.5,0.79,7.4,26.8,34.3,23.0,8.6,4.2,13.4,16.4,82.0,1205,2692,0.448,380,1000,0.38,825,1692,0.488,489,619,0.79,297,1073,1370,921,343,168,535,654,3279,27.9,30,10,30,10,6.38,-0.74,5.64,104.6,96.5,8.1,77.7,0.23,0.371,0.553,0.518,15.3,22.3,0.182,0.46,16.5,74.2,0.181,38.4,85.9,0.448,12.1,31.9,0.38,26.3,54.0,0.488,15.6,19.7,0.79,9.5,34.2,43.7,29.4,10.9,5.4,17.1,20.9,104.6,0.448,14.7,0.629,0.175,0.205,0.107,0.142,0.371,0.488,0.662,0.399,0.429,0.444,0.38,0.668,0.974,0.198,0.429,28.2,68.7,0.41,6.8,22.7,0.301,21.4,46.1,0.464,12.4,15.8,0.788,9.4,25.9,35.3,18.6,7.5,3.7,14.9,15.7,75.6,1127.0,2749.0,0.41,273.0,907.0,0.301,854.0,1842.0,0.464,497.0,631.0,0.788,374.0,1037.0,1411.0,742.0,298.0,146.0,596.0,626.0,3024.0,36.0,87.7,0.41,8.7,28.9,0.301,27.2,58.8,0.464,15.9,20.1,0.788,11.9,33.1,45.0,23.7,9.5,4.7,19.0,20.0,96.5,0.41,13.0,0.67,0.22,0.238,0.113,0.098,0.33,0.464,0.624,0.428,0.304,0.374,0.301,0.589,0.875,0.184,0.305
MIN,LAS,7,9,82,67,0,0,0,1,0,0,0,1,1,0,1,2,0,1,0,1,0,1,1,0,1,1,1,2,1,0,1,30.1,67.3,0.448,9.5,25.0,0.38,20.6,42.3,0.488,12.2,15.5,0.79,7.4,26.8,34.3,23.0,8.6,4.2,13.4,16.4,82.0,1205,2692,0.448,380,1000,0.38,825,1692,0.488,489,619,0.79,297,1073,1370,921,343,168,535,654,3279,27.9,30,10,30,10,6.38,-0.74,5.64,104.6,96.5,8.1,77.7,0.23,0.371,0.553,0.518,15.3,22.3,0.182,0.46,16.5,74.2,0.181,38.4,85.9,0.448,12.1,31.9,0.38,26.3,54.0,0.488,15.6,19.7,0.79,9.5,34.2,43.7,29.4,10.9,5.4,17.1,20.9,104.6,0.448,14.7,0.629,0.175,0.205,0.107,0.142,0.371,0.488,0.662,0.399,0.429,0.444,0.38,0.668,0.974,0.198,0.429,28.2,68.7,0.41,6.8,22.7,0.301,21.4,46.1,0.464,12.4,15.8,0.788,9.4,25.9,35.3,18.6,7.5,3.7,14.9,15.7,75.6,1127.0,2749.0,0.41,273.0,907.0,0.301,854.0,1842.0,0.464,497.0,631.0,0.788,374.0,1037.0,1411.0,742.0,298.0,146.0,596.0,626.0,3024.0,36.0,87.7,0.41,8.7,28.9,0.301,27.2,58.8,0.464,15.9,20.1,0.788,11.9,33.1,45.0,23.7,9.5,4.7,19.0,20.0,96.5,0.41,13.0,0.67,0.22,0.238,0.113,0.098,0.33,0.464,0.624,0.428,0.304,0.374,0.301,0.589,0.875,0.184,0.305
MIN,SEA,7,12,63,91,0,0,0,1,0,0,0,1,1,0,1,2,0,1,0,1,0,1,1,0,1,1,1,2,1,0,1,30.1,67.3,0.448,9.5,25.0,0.38,20.6,42.3,0.488,12.2,15.5,0.79,7.4,26.8,34.3,23.0,8.6,4.2,13.4,16.4,82.0,1205,2692,0.448,380,1000,0.38,825,1692,0.488,489,619,0.79,297,1073,1370,921,343,168,535,654,3279,27.9,30,10,30,10,6.38,-0.74,5.64,104.6,96.5,8.1,77.7,0.23,0.371,0.553,0.518,15.3,22.3,0.182,0.46,16.5,74.2,0.181,38.4,85.9,0.448,12.1,31.9,0.38,26.3,54.0,0.488,15.6,19.7,0.79,9.5,34.2,43.7,29.4,10.9,5.4,17.1,20.9,104.6,0.448,14.7,0.629,0.175,0.205,0.107,0.142,0.371,0.488,0.662,0.399,0.429,0.444,0.38,0.668,0.974,0.198,0.429,28.2,68.7,0.41,6.8,22.7,0.301,21.4,46.1,0.464,12.4,15.8,0.788,9.4,25.9,35.3,18.6,7.5,3.7,14.9,15.7,75.6,1127.0,2749.0,0.41,273.0,907.0,0.301,854.0,1842.0,0.464,497.0,631.0,0.788,374.0,1037.0,1411.0,742.0,298.0,146.0,596.0,626.0,3024.0,36.0,87.7,0.41,8.7,28.9,0.301,27.2,58.8,0.464,15.9,20.1,0.788,11.9,33.1,45.0,23.7,9.5,4.7,19.0,20.0,96.5,0.41,13.0,0.67,0.22,0.238,0.113,0.098,0.33,0.464,0.624,0.428,0.304,0.374,0.301,0.589,0.875,0.184,0.305
MIN,IND,7,14,74,81,0,0,0,1,0,0,0,1,1,0,1,2,0,1,0,1,0,1,1,0,1,0,1,1,1,0,1,30.1,67.3,0.448,9.5,25.0,0.38,20.6,42.3,0.488,12.2,15.5,0.79,7.4,26.8,34.3,23.0,8.6,4.2,13.4,16.4,82.0,1205,2692,0.448,380,1000,0.38,825,1692,0.488,489,619,0.79,297,1073,1370,921,343,168,535,654,3279,27.9,30,10,30,10,6.38,-0.74,5.64,104.6,96.5,8.1,77.7,0.23,0.371,0.553,0.518,15.3,22.3,0.182,0.46,16.5,74.2,0.181,38.4,85.9,0.448,12.1,31.9,0.38,26.3,54.0,0.488,15.6,19.7,0.79,9.5,34.2,43.7,29.4,10.9,5.4,17.1,20.9,104.6,0.448,14.7,0.629,0.175,0.205,0.107,0.142,0.371,0.488,0.662,0.399,0.429,0.444,0.38,0.668,0.974,0.198,0.429,28.2,68.7,0.41,6.8,22.7,0.301,21.4,46.1,0.464,12.4,15.8,0.788,9.4,25.9,35.3,18.6,7.5,3.7,14.9,15.7,75.6,1127.0,2749.0,0.41,273.0,907.0,0.301,854.0,1842.0,0.464,497.0,631.0,0.788,374.0,1037.0,1411.0,742.0,298.0,146.0,596.0,626.0,3024.0,36.0,87.7,0.41,8.7,28.9,0.301,27.2,58.8,0.464,15.9,20.1,0.788,11.9,33.1,45.0,23.7,9.5,4.7,19.0,20.0,96.5,0.41,13.0,0.67,0.22,0.238,0.113,0.098,0.33,0.464,0.624,0.428,0.304,0.374,0.301,0.589,0.875,0.184,0.305
MIN,ATL,7,17,86,79,0,0,0,1,0,0,0,1,1,0,1,2,0,1,0,1,0,1,1,0,1,0,1,1,1,0,1,30.1,67.3,0.448,9.5,25.0,0.38,20.6,42.3,0.488,12.2,15.5,0.79,7.4,26.8,34.3,23.0,8.6,4.2,13.4,16.4,82.0,1205,2692,0.448,380,1000,0.38,825,1692,0.488,489,619,0.79,297,1073,1370,921,343,168,535,654,3279,27.9,30,10,30,10,6.38,-0.74,5.64,104.6,96.5,8.1,77.7,0.23,0.371,0.553,0.518,15.3,22.3,0.182,0.46,16.5,74.2,0.181,38.4,85.9,0.448,12.1,31.9,0.38,26.3,54.0,0.488,15.6,19.7,0.79,9.5,34.2,43.7,29.4,10.9,5.4,17.1,20.9,104.6,0.448,14.7,0.629,0.175,0.205,0.107,0.142,0.371,0.488,0.662,0.399,0.429,0.444,0.38,0.668,0.974,0.198,0.429,28.2,68.7,0.41,6.8,22.7,0.301,21.4,46.1,0.464,12.4,15.8,0.788,9.4,25.9,35.3,18.6,7.5,3.7,14.9,15.7,75.6,1127.0,2749.0,0.41,273.0,907.0,0.301,854.0,1842.0,0.464,497.0,631.0,0.788,374.0,1037.0,1411.0,742.0,298.0,146.0,596.0,626.0,3024.0,36.0,87.7,0.41,8.7,28.9,0.301,27.2,58.8,0.464,15.9,20.1,0.788,11.9,33.1,45.0,23.7,9.5,4.7,19.0,20.0,96.5,0.41,13.0,0.67,0.22,0.238,0.113,0.098,0.33,0.464,0.624,0.428,0.304,0.374,0.301,0.589,0.875,0.184,0.305
MIN,WAS,8,15,79,68,1,0,1,1,0,1,1,1,1,0,1,2,0,2,1,2,1,0,0,0,0,0,1,1,2,1,1,30.1,67.3,0.448,9.5,25.0,0.38,20.6,42.3,0.488,12.2,15.5,0.79,7.4,26.8,34.3,23.0,8.6,4.2,13.4,16.4,82.0,1205,2692,0.448,380,1000,0.38,825,1692,0.488,489,619,0.79,297,1073,1370,921,343,168,535,654,3279,27.9,30,10,30,10,6.38,-0.74,5.64,104.6,96.5,8.1,77.7,0.23,0.371,0.553,0.518,15.3,22.3,0.182,0.46,16.5,74.2,0.181,38.4,85.9,0.448,12.1,31.9,0.38,26.3,54.0,0.488,15.6,19.7,0.79,9.5,34.2,43.7,29.4,10.9,5.4,17.1,20.9,104.6,0.448,14.7,0.629,0.175,0.205,0.107,0.142,0.371,0.488,0.662,0.399,0.429,0.444,0.38,0.668,0.974,0.198,0.429,28.2,68.7,0.41,6.8,22.7,0.301,21.4,46.1,0.464,12.4,15.8,0.788,9.4,25.9,35.3,18.6,7.5,3.7,14.9,15.7,75.6,1127.0,2749.0,0.41,273.0,907.0,0.301,854.0,1842.0,0.464,497.0,631.0,0.788,374.0,1037.0,1411.0,742.0,298.0,146.0,596.0,626.0,3024.0,36.0,87.7,0.41,8.7,28.9,0.301,27.2,58.8,0.464,15.9,20.1,0.788,11.9,33.1,45.0,23.7,9.5,4.7,19.0,20.0,96.5,0.41,13.0,0.67,0.22,0.238,0.113,0.098,0.33,0.464,0.624,0.428,0.304,0.374,0.301,0.589,0.875,0.184,0.305
MIN,WAS,8,17,99,83,1,0,1,1,0,1,1,1,2,0,2,3,0,2,1,2,1,1,1,0,1,1,1,2,2,1,1,30.1,67.3,0.448,9.5,25.0,0.38,20.6,42.3,0.488,12.2,15.5,0.79,7.4,26.8,34.3,23.0,8.6,4.2,13.4,16.4,82.0,1205,2692,0.448,380,1000,0.38,825,1692,0.488,489,619,0.79,297,1073,1370,921,343,168,535,654,3279,27.9,30,10,30,10,6.38,-0.74,5.64,104.6,96.5,8.1,77.7,0.23,0.371,0.553,0.518,15.3,22.3,0.182,0.46,16.5,74.2,0.181,38.4,85.9,0.448,12.1,31.9,0.38,26.3,54.0,0.488,15.6,19.7,0.79,9.5,34.2,43.7,29.4,10.9,5.4,17.1,20.9,104.6,0.448,14.7,0.629,0.175,0.205,0.107,0.142,0.371,0.488,0.662,0.399,0.429,0.444,0.38,0.668,0.974,0.198,0.429,28.2,68.7,0.41,6.8,22.7,0.301,21.4,46.1,0.464,12.4,15.8,0.788,9.4,25.9,35.3,18.6,7.5,3.7,14.9,15.7,75.6,1127.0,2749.0,0.41,273.0,907.0,0.301,854.0,1842.0,0.464,497.0,631.0,0.788,374.0,1037.0,1411.0,742.0,298.0,146.0,596.0,626.0,3024.0,36.0,87.7,0.41,8.7,28.9,0.301,27.2,58.8,0.464,15.9,20.1,0.788,11.9,33.1,45.0,23.7,9.5,4.7,19.0,20.0,96.5,0.41,13.0,0.67,0.22,0.238,0.113,0.098,0.33,0.464,0.624,0.428,0.304,0.374,0.301,0.589,0.875,0.184,0.305
MIN,LVA,8,21,98,87,1,0,1,1,0,1,1,1,1,0,1,2,0,2,1,2,1,0,0,0,0,0,1,1,2,1,1,30.1,67.3,0.448,9.5,25.0,0.38,20.6,42.3,0.488,12.2,15.5,0.79,7.4,26.8,34.3,23.0,8.6,4.2,13.4,16.4,82.0,1205,2692,0.448,380,1000,0.38,825,1692,0.488,489,619,0.79,297,1073,1370,921,343,168,535,654,3279,27.9,30,10,30,10,6.38,-0.74,5.64,104.6,96.5,8.1,77.7,0.23,0.371,0.553,0.518,15.3,22.3,0.182,0.46,16.5,74.2,0.181,38.4,85.9,0.448,12.1,31.9,0.38,26.3,54.0,0.488,15.6,19.7,0.79,9.5,34.2,43.7,29.4,10.9,5.4,17.1,20.9,104.6,0.448,14.7,0.629,0.175,0.205,0.107,0.142,0.371,0.488,0.662,0.399,0.429,0.444,0.38,0.668,0.974,0.198,0.429,28.2,68.7,0.41,6.8,22.7,0.301,21.4,46.1,0.464,12.4,15.8,0.788,9.4,25.9,35.3,18.6,7.5,3.7,14.9,15.7,75.6,1127.0,2749.0,0.41,273.0,907.0,0.301,854.0,1842.0,0.464,497.0,631.0,0.788,374.0,1037.0,1411.0,742.0,298.0,146.0,596.0,626.0,3024.0,36.0,87.7,0.41,8.7,28.9,0.301,27.2,58.8,0.464,15.9,20.1,0.788,11.9,33.1,45.0,23.7,9.5,4.7,19.0,20.0,96.5,0.41,13.0,0.67,0.22,0.238,0.113,0.098,0.33,0.464,0.624,0.428,0.304,0.374,0.301,0.589,0.875,0.184,0.305
MIN,LVA,8,23,87,74,1,0,1,1,0,1,1,1,1,0,1,2,0,2,1,2,1,0,0,0,0,0,1,1,2,1,1,30.1,67.3,0.448,9.5,25.0,0.38,20.6,42.3,0.488,12.2,15.5,0.79,7.4,26.8,34.3,23.0,8.6,4.2,13.4,16.4,82.0,1205,2692,0.448,380,1000,0.38,825,1692,0.488,489,619,0.79,297,1073,1370,921,343,168,535,654,3279,27.9,30,10,30,10,6.38,-0.74,5.64,104.6,96.5,8.1,77.7,0.23,0.371,0.553,0.518,15.3,22.3,0.182,0.46,16.5,74.2,0.181,38.4,85.9,0.448,12.1,31.9,0.38,26.3,54.0,0.488,15.6,19.7,0.79,9.5,34.2,43.7,29.4,10.9,5.4,17.1,20.9,104.6,0.448,14.7,0.629,0.175,0.205,0.107,0.142,0.371,0.488,0.662,0.399,0.429,0.444,0.38,0.668,0.974,0.198,0.429,28.2,68.7,0.41,6.8,22.7,0.301,21.4,46.1,0.464,12.4,15.8,0.788,9.4,25.9,35.3,18.6,7.5,3.7,14.9,15.7,75.6,1127.0,2749.0,0.41,273.0,907.0,0.301,854.0,1842.0,0.464,497.0,631.0,0.788,374.0,1037.0,1411.0,742.0,298.0,146.0,596.0,626.0,3024.0,36.0,87.7,0.41,8.7,28.9,0.301,27.2,58.8,0.464,15.9,20.1,0.788,11.9,33.1,45.0,23.7,9.5,4.7,19.0,20.0,96.5,0.41,13.0,0.67,0.22,0.238,0.113,0.098,0.33,0.464,0.624,0.428,0.304,0.374,0.301,0.589,0.875,0.184,0.305
MIN,IND,8,24,90,80,1,0,1,1,0,1,1,1,1,0,1,2,0,2,1,2,1,0,0,0,0,0,1,1,2,1,1,30.1,67.3,0.448,9.5,25.0,0.38,20.6,42.3,0.488,12.2,15.5,0.79,7.4,26.8,34.3,23.0,8.6,4.2,13.4,16.4,82.0,1205,2692,0.448,380,1000,0.38,825,1692,0.488,489,619,0.79,297,1073,1370,921,343,168,535,654,3279,27.9,30,10,30,10,6.38,-0.74,5.64,104.6,96.5,8.1,77.7,0.23,0.371,0.553,0.518,15.3,22.3,0.182,0.46,16.5,74.2,0.181,38.4,85.9,0.448,12.1,31.9,0.38,26.3,54.0,0.488,15.6,19.7,0.79,9.5,34.2,43.7,29.4,10.9,5.4,17.1,20.9,104.6,0.448,14.7,0.629,0.175,0.205,0.107,0.142,0.371,0.488,0.662,0.399,0.429,0.444,0.38,0.668,0.974,0.198,0.429,28.2,68.7,0.41,6.8,22.7,0.301,21.4,46.1,0.464,12.4,15.8,0.788,9.4,25.9,35.3,18.6,7.5,3.7,14.9,15.7,75.6,1127.0,2749.0,0.41,273.0,907.0,0.301,854.0,1842.0,0.464,497.0,631.0,0.788,374.0,1037.0,1411.0,742.0,298.0,146.0,596.0,626.0,3024.0,36.0,87.7,0.41,8.7,28.9,0.301,27.2,58.8,0.464,15.9,20.1,0.788,11.9,33.1,45.0,23.7,9.5,4.7,19.0,20.0,96.5,0.41,13.0,0.67,0.22,0.238,0.113,0.098,0.33,0.464,0.624,0.428,0.304,0.374,0.301,0.589,0.875,0.184,0.305
MIN,PHO,8,28,89,76,1,0,1,1,0,1,1,1,1,0,1,2,0,2,1,2,1,0,0,0,0,1,1,2,2,1,1,30.1,67.3,0.448,9.5,25.0,0.38,20.6,42.3,0.488,12.2,15.5,0.79,7.4,26.8,34.3,23.0,8.6,4.2,13.4,16.4,82.0,1205,2692,0.448,380,1000,0.38,825,1692,0.488,489,619,0.79,297,1073,1370,921,343,168,535,654,3279,27.9,30,10,30,10,6.38,-0.74,5.64,104.6,96.5,8.1,77.7,0.23,0.371,0.553,0.518,15.3,22.3,0.182,0.46,16.5,74.2,0.181,38.4,85.9,0.448,12.1,31.9,0.38,26.3,54.0,0.488,15.6,19.7,0.79,9.5,34.2,43.7,29.4,10.9,5.4,17.1,20.9,104.6,0.448,14.7,0.629,0.175,0.205,0.107,0.142,0.371,0.488,0.662,0.399,0.429,0.444,0.38,0.668,0.974,0.198,0.429,28.2,68.7,0.41,6.8,22.7,0.301,21.4,46.1,0.464,12.4,15.8,0.788,9.4,25.9,35.3,18.6,7.5,3.7,14.9,15.7,75.6,1127.0,2749.0,0.41,273.0,907.0,0.301,854.0,1842.0,0.464,497.0,631.0,0.788,374.0,1037.0,1411.0,742.0,298.0,146.0,596.0,626.0,3024.0,36.0,87.7,0.41,8.7,28.9,0.301,27.2,58.8,0.464,15.9,20.1,0.788,11.9,33.1,45.0,23.7,9.5,4.7,19.0,20.0,96.5,0.41,13.0,0.67,0.22,0.238,0.113,0.098,0.33,0.464,0.624,0.428,0.304,0.374,0.301,0.589,0.875,0.184,0.305
MIN,DAL,8,30,76,94,1,0,1,1,0,1,1,1,1,0,1,2,0,2,1,2,1,0,0,0,0,1,1,2,2,1,1,30.1,67.3,0.448,9.5,25.0,0.38,20.6,42.3,0.488,12.2,15.5,0.79,7.4,26.8,34.3,23.0,8.6,4.2,13.4,16.4,82.0,1205,2692,0.448,380,1000,0.38,825,1692,0.488,489,619,0.79,297,1073,1370,921,343,168,535,654,3279,27.9,30,10,30,10,6.38,-0.74,5.64,104.6,96.5,8.1,77.7,0.23,0.371,0.553,0.518,15.3,22.3,0.182,0.46,16.5,74.2,0.181,38.4,85.9,0.448,12.1,31.9,0.38,26.3,54.0,0.488,15.6,19.7,0.79,9.5,34.2,43.7,29.4,10.9,5.4,17.1,20.9,104.6,0.448,14.7,0.629,0.175,0.205,0.107,0.142,0.371,0.488,0.662,0.399,0.429,0.444,0.38,0.668,0.974,0.198,0.429,28.2,68.7,0.41,6.8,22.7,0.301,21.4,46.1,0.464,12.4,15.8,0.788,9.4,25.9,35.3,18.6,7.5,3.7,14.9,15.7,75.6,1127.0,2749.0,0.41,273.0,907.0,0.301,854.0,1842.0,0.464,497.0,631.0,0.788,374.0,1037.0,1411.0,742.0,298.0,146.0,596.0,626.0,3024.0,36.0,87.7,0.41,8.7,28.9,0.301,27.2,58.8,0.464,15.9,20.1,0.788,11.9,33.1,45.0,23.7,9.5,4.7,19.0,20.0,96.5,0.41,13.0,0.67,0.22,0.238,0.113,0.098,0.33,0.464,0.624,0.428,0.304,0.374,0.301,0.589,0.875,0.184,0.305
MIN,CHI,9,1,79,74,1,0,1,1,0,1,1,1,1,0,1,2,0,1,1,1,1,0,0,0,0,0,1,0,2,1,1,30.1,67.3,0.448,9.5,25.0,0.38,20.6,42.3,0.488,12.2,15.5,0.79,7.4,26.8,34.3,23.0,8.6,4.2,13.4,16.4,82.0,1205,2692,0.448,380,1000,0.38,825,1692,0.488,489,619,0.79,297,1073,1370,921,343,168,535,654,3279,27.9,30,10,30,10,6.38,-0.74,5.64,104.6,96.5,8.1,77.7,0.23,0.371,0.553,0.518,15.3,22.3,0.182,0.46,16.5,74.2,0.181,38.4,85.9,0.448,12.1,31.9,0.38,26.3,54.0,0.488,15.6,19.7,0.79,9.5,34.2,43.7,29.4,10.9,5.4,17.1,20.9,104.6,0.448,14.7,0.629,0.175,0.205,0.107,0.142,0.371,0.488,0.662,0.399,0.429,0.444,0.38,0.668,0.974,0.198,0.429,28.2,68.7,0.41,6.8,22.7,0.301,21.4,46.1,0.464,12.4,15.8,0.788,9.4,25.9,35.3,18.6,7.5,3.7,14.9,15.7,75.6,1127.0,2749.0,0.41,273.0,907.0,0.301,854.0,1842.0,0.464,497.0,631.0,0.788,374.0,1037.0,1411.0,742.0,298.0,146.0,596.0,626.0,3024.0,36.0,87.7,0.41,8.7,28.9,0.301,27.2,58.8,0.464,15.9,20.1,0.788,11.9,33.1,45.0,23.7,9.5,4.7,19.0,20.0,96.5,0.41,13.0,0.67,0.22,0.238,0.113,0.098,0.33,0.464,0.624,0.428,0.304,0.374,0.301,0.589,0.875,0.184,0.305
MIN,IND,9,6,99,88,1,0,1,1,0,1,1,1,1,0,1,2,0,2,1,2,1,0,0,0,0,0,1,1,2,1,1,30.1,67.3,0.448,9.5,25.0,0.38,20.6,42.3,0.488,12.2,15.5,0.79,7.4,26.8,34.3,23.0,8.6,4.2,13.4,16.4,82.0,1205,2692,0.448,380,1000,0.38,825,1692,0.488,489,619,0.79,297,1073,1370,921,343,168,535,654,3279,27.9,30,10,30,10,6.38,-0.74,5.64,104.6,96.5,8.1,77.7,0.23,0.371,0.553,0.518,15.3,22.3,0.182,0.46,16.5,74.2,0.181,38.4,85.9,0.448,12.1,31.9,0.38,26.3,54.0,0.488,15.6,19.7,0.79,9.5,34.2,43.7,29.4,10.9,5.4,17.1,20.9,104.6,0.448,14.7,0.629,0.175,0.205,0.107,0.142,0.371,0.488,0.662,0.399,0.429,0.444,0.38,0.668,0.974,0.198,0.429,28.2,68.7,0.41,6.8,22.7,0.301,21.4,46.1,0.464,12.4,15.8,0.788,9.4,25.9,35.3,18.6,7.5,3.7,14.9,15.7,75.6,1127.0,2749.0,0.41,273.0,907.0,0.301,854.0,1842.0,0.464,497.0,631.0,0.788,374.0,1037.0,1411.0,742.0,298.0,146.0,596.0,626.0,3024.0,36.0,87.7,0.41,8.7,28.9,0.301,27.2,58.8,0.464,15.9,20.1,0.788,11.9,33.1,45.0,23.7,9.5,4.7,19.0,20.0,96.5,0.41,13.0,0.67,0.22,0.238,0.113,0.098,0.33,0.464,0.624,0.428,0.304,0.374,0.301,0.589,0.875,0.184,0.305
MIN,WAS,9,8,78,71,1,0,1,1,0,1,1,1,1,0,1,2,0,2,1,2,1,0,0,0,0,0,1,1,2,1,1,30.1,67.3,0.448,9.5,25.0,0.38,20.6,42.3,0.488,12.2,15.5,0.79,7.4,26.8,34.3,23.0,8.6,4.2,13.4,16.4,82.0,1205,2692,0.448,380,1000,0.38,825,1692,0.488,489,619,0.79,297,1073,1370,921,343,168,535,654,3279,27.9,30,10,30,10,6.38,-0.74,5.64,104.6,96.5,8.1,77.7,0.23,0.371,0.553,0.518,15.3,22.3,0.182,0.46,16.5,74.2,0.181,38.4,85.9,0.448,12.1,31.9,0.38,26.3,54.0,0.488,15.6,19.7,0.79,9.5,34.2,43.7,29.4,10.9,5.4,17.1,20.9,104.6,0.448,14.7,0.629,0.175,0.205,0.107,0.142,0.371,0.488,0.662,0.399,0.429,0.444,0.38,0.668,0.974,0.198,0.429,28.2,68.7,0.41,6.8,22.7,0.301,21.4,46.1,0.464,12.4,15.8,0.788,9.4,25.9,35.3,18.6,7.5,3.7,14.9,15.7,75.6,1127.0,2749.0,0.41,273.0,907.0,0.301,854.0,1842.0,0.464,497.0,631.0,0.788,374.0,1037.0,1411.0,742.0,298.0,146.0,596.0,626.0,3024.0,36.0,87.7,0.41,8.7,28.9,0.301,27.2,58.8,0.464,15.9,20.1,0.788,11.9,33.1,45.0,23.7,9.5,4.7,19.0,20.0,96.5,0.41,13.0,0.67,0.22,0.238,0.113,0.098,0.33,0.464,0.624,0.428,0.304,0.374,0.301,0.589,0.875,0.184,0.305
MIN,ATL,9,10,76,64,1,0,1,1,0,1,1,1,1,0,1,2,0,2,1,2,1,0,0,0,0,1,1,2,2,1,1,30.1,67.3,0.448,9.5,25.0,0.38,20.6,42.3,0.488,12.2,15.5,0.79,7.4,26.8,34.3,23.0,8.6,4.2,13.4,16.4,82.0,1205,2692,0.448,380,1000,0.38,825,1692,0.488,489,619,0.79,297,1073,1370,921,343,168,535,654,3279,27.9,30,10,30,10,6.38,-0.74,5.64,104.6,96.5,8.1,77.7,0.23,0.371,0.553,0.518,15.3,22.3,0.182,0.46,16.5,74.2,0.181,38.4,85.9,0.448,12.1,31.9,0.38,26.3,54.0,0.488,15.6,19.7,0.79,9.5,34.2,43.7,29.4,10.9,5.4,17.1,20.9,104.6,0.448,14.7,0.629,0.175,0.205,0.107,0.142,0.371,0.488,0.662,0.399,0.429,0.444,0.38,0.668,0.974,0.198,0.429,28.2,68.7,0.41,6.8,22.7,0.301,21.4,46.1,0.464,12.4,15.8,0.788,9.4,25.9,35.3,18.6,7.5,3.7,14.9,15.7,75.6,1127.0,2749.0,0.41,273.0,907.0,0.301,854.0,1842.0,0.464,497.0,631.0,0.788,374.0,1037.0,1411.0,742.0,298.0,146.0,596.0,626.0,3024.0,36.0,87.7,0.41,8.7,28.9,0.301,27.2,58.8,0.464,15.9,20.1,0.788,11.9,33.1,45.0,23.7,9.5,4.7,19.0,20.0,96.5,0.41,13.0,0.67,0.22,0.238,0.113,0.098,0.33,0.464,0.624,0.428,0.304,0.374,0.301,0.589,0.875,0.184,0.305
MIN,CHI,9,13,83,66,1,0,1,1,0,1,1,1,1,0,1,2,0,2,1,2,1,0,0,0,0,0,1,1,2,1,1,30.1,67.3,0.448,9.5,25.0,0.38,20.6,42.3,0.488,12.2,15.5,0.79,7.4,26.8,34.3,23.0,8.6,4.2,13.4,16.4,82.0,1205,2692,0.448,380,1000,0.38,825,1692,0.488,489,619,0.79,297,1073,1370,921,343,168,535,654,3279,27.9,30,10,30,10,6.38,-0.74,5.64,104.6,96.5,8.1,77.7,0.23,0.371,0.553,0.518,15.3,22.3,0.182,0.46,16.5,74.2,0.181,38.4,85.9,0.448,12.1,31.9,0.38,26.3,54.0,0.488,15.6,19.7,0.79,9.5,34.2,43.7,29.4,10.9,5.4,17.1,20.9,104.6,0.448,14.7,0.629,0.175,0.205,0.107,0.142,0.371,0.488,0.662,0.399,0.429,0.444,0.38,0.668,0.974,0.198,0.429,28.2,68.7,0.41,6.8,22.7,0.301,21.4,46.1,0.464,12.4,15.8,0.788,9.4,25.9,35.3,18.6,7.5,3.7,14.9,15.7,75.6,1127.0,2749.0,0.41,273.0,907.0,0.301,854.0,1842.0,0.464,497.0,631.0,0.788,374.0,1037.0,1411.0,742.0,298.0,146.0,596.0,626.0,3024.0,36.0,87.7,0.41,8.7,28.9,0.301,27.2,58.8,0.464,15.9,20.1,0.788,11.9,33.1,45.0,23.7,9.5,4.7,19.0,20.0,96.5,0.41,13.0,0.67,0.22,0.238,0.113,0.098,0.33,0.464,0.624,0.428,0.304,0.374,0.301,0.589,0.875,0.184,0.305
MIN,NYL,9,15,88,79,1,0,1,1,0,1,1,1,1,0,1,2,0,2,1,2,1,0,0,0,0,1,1,2,2,1,1,30.1,67.3,0.448,9.5,25.0,0.38,20.6,42.3,0.488,12.2,15.5,0.79,7.4,26.8,34.3,23.0,8.6,4.2,13.4,16.4,82.0,1205,2692,0.448,380,1000,0.38,825,1692,0.488,489,619,0.79,297,1073,1370,921,343,168,535,654,3279,27.9,30,10,30,10,6.38,-0.74,5.64,104.6,96.5,8.1,77.7,0.23,0.371,0.553,0.518,15.3,22.3,0.182,0.46,16.5,74.2,0.181,38.4,85.9,0.448,12.1,31.9,0.38,26.3,54.0,0.488,15.6,19.7,0.79,9.5,34.2,43.7,29.4,10.9,5.4,17.1,20.9,104.6,0.448,14.7,0.629,0.175,0.205,0.107,0.142,0.371,0.488,0.662,0.399,0.429,0.444,0.38,0.668,0.974,0.198,0.429,28.2,68.7,0.41,6.8,22.7,0.301,21.4,46.1,0.464,12.4,15.8,0.788,9.4,25.9,35.3,18.6,7.5,3.7,14.9,15.7,75.6,1127.0,2749.0,0.41,273.0,907.0,0.301,854.0,1842.0,0.464,497.0,631.0,0.788,374.0,1037.0,1411.0,742.0,298.0,146.0,596.0,626.0,3024.0,36.0,87.7,0.41,8.7,28.9,0.301,27.2,58.8,0.464,15.9,20.1,0.788,11.9,33.1,45.0,23.7,9.5,4.7,19.0,20.0,96.5,0.41,13.0,0.67,0.22,0.238,0.113,0.098,0.33,0.464,0.624,0.428,0.304,0.374,0.301,0.589,0.875,0.184,0.305
MIN,CON,9,17,78,76,1,0,1,1,0,1,1,1,1,0,1,2,0,2,1,2,1,0,0,0,0,0,1,1,2,1,1,30.1,67.3,0.448,9.5,25.0,0.38,20.6,42.3,0.488,12.2,15.5,0.79,7.4,26.8,34.3,23.0,8.6,4.2,13.4,16.4,82.0,1205,2692,0.448,380,1000,0.38,825,1692,0.488,489,619,0.79,297,1073,1370,921,343,168,535,654,3279,27.9,30,10,30,10,6.38,-0.74,5.64,104.6,96.5,8.1,77.7,0.23,0.371,0.553,0.518,15.3,22.3,0.182,0.46,16.5,74.2,0.181,38.4,85.9,0.448,12.1,31.9,0.38,26.3,54.0,0.488,15.6,19.7,0.79,9.5,34.2,43.7,29.4,10.9,5.4,17.1,20.9,104.6,0.448,14.7,0.629,0.175,0.205,0.107,0.142,0.371,0.488,0.662,0.399,0.429,0.444,0.38,0.668,0.974,0.198,0.429,28.2,68.7,0.41,6.8,22.7,0.301,21.4,46.1,0.464,12.4,15.8,0.788,9.4,25.9,35.3,18.6,7.5,3.7,14.9,15.7,75.6,1127.0,2749.0,0.41,273.0,907.0,0.301,854.0,1842.0,0.464,497.0,631.0,0.788,374.0,1037.0,1411.0,742.0,298.0,146.0,596.0,626.0,3024.0,36.0,87.7,0.41,8.7,28.9,0.301,27.2,58.8,0.464,15.9,20.1,0.788,11.9,33.1,45.0,23.7,9.5,4.7,19.0,20.0,96.5,0.41,13.0,0.67,0.22,0.238,0.113,0.098,0.33,0.464,0.624,0.428,0.304,0.374,0.301,0.589,0.875,0.184,0.305
MIN,LAS,9,19,51,68,0,0,0,0,0,0,0,1,2,0,2,0,0,1,0,1,0,0,0,0,0,1,0,2,0,0,1,30.1,67.3,0.448,9.5,25.0,0.38,20.6,42.3,0.488,12.2,15.5,0.79,7.4,26.8,34.3,23.0,8.6,4.2,13.4,16.4,82.0,1205,2692,0.448,380,1000,0.38,825,1692,0.488,489,619,0.79,297,1073,1370,921,343,168,535,654,3279,27.9,30,10,30,10,6.38,-0.74,5.64,104.6,96.5,8.1,77.7,0.23,0.371,0.553,0.518,15.3,22.3,0.182,0.46,16.5,74.2,0.181,38.4,85.9,0.448,12.1,31.9,0.38,26.3,54.0,0.488,15.6,19.7,0.79,9.5,34.2,43.7,29.4,10.9,5.4,17.1,20.9,104.6,0.448,14.7,0.629,0.175,0.205,0.107,0.142,0.371,0.488,0.662,0.399,0.429,0.444,0.38,0.668,0.974,0.198,0.429,28.2,68.7,0.41,6.8,22.7,0.301,21.4,46.1,0.464,12.4,15.8,0.788,9.4,25.9,35.3,18.6,7.5,3.7,14.9,15.7,75.6,1127.0,2749.0,0.41,273.0,907.0,0.301,854.0,1842.0,0.464,497.0,631.0,0.788,374.0,1037.0,1411.0,742.0,298.0,146.0,596.0,626.0,3024.0,36.0,87.7,0.41,8.7,28.9,0.301,27.2,58.8,0.464,15.9,20.1,0.788,11.9,33.1,45.0,23.7,9.5,4.7,19.0,20.0,96.5,0.41,13.0,0.67,0.22,0.238,0.113,0.098,0.33,0.464,0.624,0.428,0.304,0.374,0.301,0.589,0.875,0.184,0.305
NYL,WAS,5,14,85,80,2,2,2,1,0,1,1,1,2,1,2,0,1,2,1,2,2,0,0,0,2,1,1,0,3,1,1,30.8,68.7,0.448,10.1,29.0,0.349,20.6,39.7,0.52,14.0,17.2,0.814,8.5,28.1,36.6,22.8,7.9,4.5,12.7,15.4,85.6,1230,2747,0.448,405,1160,0.349,825,1587,0.52,559,687,0.814,338,1125,1463,911,316,179,506,615,3424,28.5,32,8,33,7,9.15,-1.09,8.06,109.6,97.9,11.7,78.1,0.25,0.422,0.561,0.521,14.2,25.1,0.203,0.476,14.5,79.2,0.167,39.4,88.0,0.448,13.0,37.1,0.349,26.4,50.8,0.52,17.9,22.0,0.814,10.8,36.0,46.8,29.2,10.1,5.7,16.2,19.7,109.6,0.448,14.5,0.578,0.159,0.258,0.108,0.053,0.422,0.52,0.712,0.486,0.404,0.345,0.349,0.657,0.911,0.201,0.403,29.1,68.3,0.425,7.0,21.5,0.324,22.1,46.8,0.472,11.4,14.8,0.769,7.4,25.3,32.7,19.4,6.2,3.2,12.7,16.9,76.5,1162.0,2732.0,0.425,279.0,860.0,0.324,883.0,1872.0,0.472,455.0,592.0,0.769,296.0,1010.0,1306.0,777.0,249.0,127.0,506.0,674.0,3058.0,37.2,87.5,0.425,8.9,27.5,0.324,28.3,59.9,0.472,14.6,19.0,0.769,9.5,32.3,41.8,24.9,8.0,4.1,16.2,21.6,97.9,0.425,13.0,0.685,0.205,0.283,0.106,0.091,0.315,0.472,0.609,0.42,0.428,0.373,0.324,0.618,0.828,0.155,0.331
NYL,IND,5,16,102,66,2,2,2,1,0,1,1,1,2,1,2,0,1,2,1,2,2,0,0,0,3,1,1,0,3,1,1,30.8,68.7,0.448,10.1,29.0,0.349,20.6,39.7,0.52,14.0,17.2,0.814,8.5,28.1,36.6,22.8,7.9,4.5,12.7,15.4,85.6,1230,2747,0.448,405,1160,0.349,825,1587,0.52,559,687,0.814,338,1125,1463,911,316,179,506,615,3424,28.5,32,8,33,7,9.15,-1.09,8.06,109.6,97.9,11.7,78.1,0.25,0.422,0.561,0.521,14.2,25.1,0.203,0.476,14.5,79.2,0.167,39.4,88.0,0.448,13.0,37.1,0.349,26.4,50.8,0.52,17.9,22.0,0.814,10.8,36.0,46.8,29.2,10.1,5.7,16.2,19.7,109.6,0.448,14.5,0.578,0.159,0.258,0.108,0.053,0.422,0.52,0.712,0.486,0.404,0.345,0.349,0.657,0.911,0.201,0.403,29.1,68.3,0.425,7.0,21.5,0.324,22.1,46.8,0.472,11.4,14.8,0.769,7.4,25.3,32.7,19.4,6.2,3.2,12.7,16.9,76.5,1162.0,2732.0,0.425,279.0,860.0,0.324,883.0,1872.0,0.472,455.0,592.0,0.769,296.0,1010.0,1306.0,777.0,249.0,127.0,506.0,674.0,3058.0,37.2,87.5,0.425,8.9,27.5,0.324,28.3,59.9,0.472,14.6,19.0,0.769,9.5,32.3,41.8,24.9,8.0,4.1,16.2,21.6,97.9,0.425,13.0,0.685,0.205,0.283,0.106,0.091,0.315,0.472,0.609,0.42,0.428,0.373,0.324,0.618,0.828,0.155,0.331
NYL,IND,5,18,91,80,2,2,2,1,0,1,1,1,2,1,2,0,1,2,1,2,2,0,0,0,3,1,1,0,3,1,1,30.8,68.7,0.448,10.1,29.0,0.349,20.6,39.7,0.52,14.0,17.2,0.814,8.5,28.1,36.6,22.8,7.9,4.5,12.7,15.4,85.6,1230,2747,0.448,405,1160,0.349,825,1587,0.52,559,687,0.814,338,1125,1463,911,316,179,506,615,3424,28.5,32,8,33,7,9.15,-1.09,8.06,109.6,97.9,11.7,78.1,0.25,0.422,0.561,0.521,14.2,25.1,0.203,0.476,14.5,79.2,0.167,39.4,88.0,0.448,13.0,37.1,0.349,26.4,50.8,0.52,17.9,22.0,0.814,10.8,36.0,46.8,29.2,10.1,5.7,16.2,19.7,109.6,0.448,14.5,0.578,0.159,0.258,0.108,0.053,0.422,0.52,0.712,0.486,0.404,0.345,0.349,0.657,0.911,0.201,0.403,29.1,68.3,0.425,7.0,21.5,0.324,22.1,46.8,0.472,11.4,14.8,0.769,7.4,25.3,32.7,19.4,6.2,3.2,12.7,16.9,76.5,1162.0,2732.0,0.425,279.0,860.0,0.324,883.0,1872.0,0.472,455.0,592.0,0.769,296.0,1010.0,1306.0,777.0,249.0,127.0,506.0,674.0,3058.0,37.2,87.5,0.425,8.9,27.5,0.324,28.3,59.9,0.472,14.6,19.0,0.769,9.5,32.3,41.8,24.9,8.0,4.1,16.2,21.6,97.9,0.425,13.0,0.685,0.205,0.283,0.106,0.091,0.315,0.472,0.609,0.42,0.428,0.373,0.324,0.618,0.828,0.155,0.331
NYL,SEA,5,20,74,63,2,2,2,1,0,1,1,1,2,1,2,0,1,2,1,2,2,0,0,0,2,1,1,0,3,1,1,30.8,68.7,0.448,10.1,29.0,0.349,20.6,39.7,0.52,14.0,17.2,0.814,8.5,28.1,36.6,22.8,7.9,4.5,12.7,15.4,85.6,1230,2747,0.448,405,1160,0.349,825,1587,0.52,559,687,0.814,338,1125,1463,911,316,179,506,615,3424,28.5,32,8,33,7,9.15,-1.09,8.06,109.6,97.9,11.7,78.1,0.25,0.422,0.561,0.521,14.2,25.1,0.203,0.476,14.5,79.2,0.167,39.4,88.0,0.448,13.0,37.1,0.349,26.4,50.8,0.52,17.9,22.0,0.814,10.8,36.0,46.8,29.2,10.1,5.7,16.2,19.7,109.6,0.448,14.5,0.578,0.159,0.258,0.108,0.053,0.422,0.52,0.712,0.486,0.404,0.345,0.349,0.657,0.911,0.201,0.403,29.1,68.3,0.425,7.0,21.5,0.324,22.1,46.8,0.472,11.4,14.8,0.769,7.4,25.3,32.7,19.4,6.2,3.2,12.7,16.9,76.5,1162.0,2732.0,0.425,279.0,860.0,0.324,883.0,1872.0,0.472,455.0,592.0,0.769,296.0,1010.0,1306.0,777.0,249.0,127.0,506.0,674.0,3058.0,37.2,87.5,0.425,8.9,27.5,0.324,28.3,59.9,0.472,14.6,19.0,0.769,9.5,32.3,41.8,24.9,8.0,4.1,16.2,21.6,97.9,0.425,13.0,0.685,0.205,0.283,0.106,0.091,0.315,0.472,0.609,0.42,0.428,0.373,0.324,0.618,0.828,0.155,0.331
NYL,CHI,5,23,81,90,2,2,2,1,0,1,1,1,2,1,2,0,1,2,1,2,2,0,0,0,2,1,1,0,3,1,1,30.8,68.7,0.448,10.1,29.0,0.349,20.6,39.7,0.52,14.0,17.2,0.814,8.5,28.1,36.6,22.8,7.9,4.5,12.7,15.4,85.6,1230,2747,0.448,405,1160,0.349,825,1587,0.52,559,687,0.814,338,1125,1463,911,316,179,506,615,3424,28.5,32,8,33,7,9.15,-1.09,8.06,109.6,97.9,11.7,78.1,0.25,0.422,0.561,0.521,14.2,25.1,0.203,0.476,14.5,79.2,0.167,39.4,88.0,0.448,13.0,37.1,0.349,26.4,50.8,0.52,17.9,22.0,0.814,10.8,36.0,46.8,29.2,10.1,5.7,16.2,19.7,109.6,0.448,14.5,0.578,0.159,0.258,0.108,0.053,0.422,0.52,0.712,0.486,0.404,0.345,0.349,0.657,0.911,0.201,0.403,29.1,68.3,0.425,7.0,21.5,0.324,22.1,46.8,0.472,11.4,14.8,0.769,7.4,25.3,32.7,19.4,6.2,3.2,12.7,16.9,76.5,1162.0,2732.0,0.425,279.0,860.0,0.324,883.0,1872.0,0.472,455.0,592.0,0.769,296.0,1010.0,1306.0,777.0,249.0,127.0,506.0,674.0,3058.0,37.2,87.5,0.425,8.9,27.5,0.324,28.3,59.9,0.472,14.6,19.0,0.769,9.5,32.3,41.8,24.9,8.0,4.1,16.2,21.6,97.9,0.425,13.0,0.685,0.205,0.283,0.106,0.091,0.315,0.472,0.609,0.42,0.428,0.373,0.324,0.618,0.828,0.155,0.331
NYL,MIN,5,25,67,84,2,2,2,1,0,1,1,1,2,1,2,0,1,2,1,2,2,0,0,0,3,1,1,0,3,1,1,30.8,68.7,0.448,10.1,29.0,0.349,20.6,39.7,0.52,14.0,17.2,0.814,8.5,28.1,36.6,22.8,7.9,4.5,12.7,15.4,85.6,1230,2747,0.448,405,1160,0.349,825,1587,0.52,559,687,0.814,338,1125,1463,911,316,179,506,615,3424,28.5,32,8,33,7,9.15,-1.09,8.06,109.6,97.9,11.7,78.1,0.25,0.422,0.561,0.521,14.2,25.1,0.203,0.476,14.5,79.2,0.167,39.4,88.0,0.448,13.0,37.1,0.349,26.4,50.8,0.52,17.9,22.0,0.814,10.8,36.0,46.8,29.2,10.1,5.7,16.2,19.7,109.6,0.448,14.5,0.578,0.159,0.258,0.108,0.053,0.422,0.52,0.712,0.486,0.404,0.345,0.349,0.657,0.911,0.201,0.403,29.1,68.3,0.425,7.0,21.5,0.324,22.1,46.8,0.472,11.4,14.8,0.769,7.4,25.3,32.7,19.4,6.2,3.2,12.7,16.9,76.5,1162.0,2732.0,0.425,279.0,860.0,0.324,883.0,1872.0,0.472,455.0,592.0,0.769,296.0,1010.0,1306.0,777.0,249.0,127.0,506.0,674.0,3058.0,37.2,87.5,0.425,8.9,27.5,0.324,28.3,59.9,0.472,14.6,19.0,0.769,9.5,32.3,41.8,24.9,8.0,4.1,16.2,21.6,97.9,0.425,13.0,0.685,0.205,0.283,0.106,0.091,0.315,0.472,0.609,0.42,0.428,0.373,0.324,0.618,0.828,0.155,0.331
NYL,PHO,5,29,81,78,2,2,2,1,0,1,1,1,2,1,2,0,1,2,1,2,2,0,0,0,1,1,1,0,3,1,1,30.8,68.7,0.448,10.1,29.0,0.349,20.6,39.7,0.52,14.0,17.2,0.814,8.5,28.1,36.6,22.8,7.9,4.5,12.7,15.4,85.6,1230,2747,0.448,405,1160,0.349,825,1587,0.52,559,687,0.814,338,1125,1463,911,316,179,506,615,3424,28.5,32,8,33,7,9.15,-1.09,8.06,109.6,97.9,11.7,78.1,0.25,0.422,0.561,0.521,14.2,25.1,0.203,0.476,14.5,79.2,0.167,39.4,88.0,0.448,13.0,37.1,0.349,26.4,50.8,0.52,17.9,22.0,0.814,10.8,36.0,46.8,29.2,10.1,5.7,16.2,19.7,109.6,0.448,14.5,0.578,0.159,0.258,0.108,0.053,0.422,0.52,0.712,0.486,0.404,0.345,0.349,0.657,0.911,0.201,0.403,29.1,68.3,0.425,7.0,21.5,0.324,22.1,46.8,0.472,11.4,14.8,0.769,7.4,25.3,32.7,19.4,6.2,3.2,12.7,16.9,76.5,1162.0,2732.0,0.425,279.0,860.0,0.324,883.0,1872.0,0.472,455.0,592.0,0.769,296.0,1010.0,1306.0,777.0,249.0,127.0,506.0,674.0,3058.0,37.2,87.5,0.425,8.9,27.5,0.324,28.3,59.9,0.472,14.6,19.0,0.769,9.5,32.3,41.8,24.9,8.0,4.1,16.2,21.6,97.9,0.425,13.0,0.685,0.205,0.283,0.106,0.091,0.315,0.472,0.609,0.42,0.428,0.373,0.324,0.618,0.828,0.155,0.331
NYL,WAS,5,31,90,79,2,2,2,1,0,1,1,1,1,1,1,0,1,2,1,2,2,0,0,0,3,1,1,0,3,1,1,30.8,68.7,0.448,10.1,29.0,0.349,20.6,39.7,0.52,14.0,17.2,0.814,8.5,28.1,36.6,22.8,7.9,4.5,12.7,15.4,85.6,1230,2747,0.448,405,1160,0.349,825,1587,0.52,559,687,0.814,338,1125,1463,911,316,179,506,615,3424,28.5,32,8,33,7,9.15,-1.09,8.06,109.6,97.9,11.7,78.1,0.25,0.422,0.561,0.521,14.2,25.1,0.203,0.476,14.5,79.2,0.167,39.4,88.0,0.448,13.0,37.1,0.349,26.4,50.8,0.52,17.9,22.0,0.814,10.8,36.0,46.8,29.2,10.1,5.7,16.2,19.7,109.6,0.448,14.5,0.578,0.159,0.258,0.108,0.053,0.422,0.52,0.712,0.486,0.404,0.345,0.349,0.657,0.911,0.201,0.403,29.1,68.3,0.425,7.0,21.5,0.324,22.1,46.8,0.472,11.4,14.8,0.769,7.4,25.3,32.7,19.4,6.2,3.2,12.7,16.9,76.5,1162.0,2732.0,0.425,279.0,860.0,0.324,883.0,1872.0,0.472,455.0,592.0,0.769,296.0,1010.0,1306.0,777.0,249.0,127.0,506.0,674.0,3058.0,37.2,87.5,0.425,8.9,27.5,0.324,28.3,59.9,0.472,14.6,19.0,0.769,9.5,32.3,41.8,24.9,8.0,4.1,16.2,21.6,97.9,0.425,13.0,0.685,0.205,0.283,0.106,0.091,0.315,0.472,0.609,0.42,0.428,0.373,0.324,0.618,0.828,0.155,0.331
NYL,IND,6,2,104,68,2,2,2,1,0,1,1,1,2,1,2,0,1,2,1,2,2,0,0,0,3,1,1,0,3,1,1,30.8,68.7,0.448,10.1,29.0,0.349,20.6,39.7,0.52,14.0,17.2,0.814,8.5,28.1,36.6,22.8,7.9,4.5,12.7,15.4,85.6,1230,2747,0.448,405,1160,0.349,825,1587,0.52,559,687,0.814,338,1125,1463,911,316,179,506,615,3424,28.5,32,8,33,7,9.15,-1.09,8.06,109.6,97.9,11.7,78.1,0.25,0.422,0.561,0.521,14.2,25.1,0.203,0.476,14.5,79.2,0.167,39.4,88.0,0.448,13.0,37.1,0.349,26.4,50.8,0.52,17.9,22.0,0.814,10.8,36.0,46.8,29.2,10.1,5.7,16.2,19.7,109.6,0.448,14.5,0.578,0.159,0.258,0.108,0.053,0.422,0.52,0.712,0.486,0.404,0.345,0.349,0.657,0.911,0.201,0.403,29.1,68.3,0.425,7.0,21.5,0.324,22.1,46.8,0.472,11.4,14.8,0.769,7.4,25.3,32.7,19.4,6.2,3.2,12.7,16.9,76.5,1162.0,2732.0,0.425,279.0,860.0,0.324,883.0,1872.0,0.472,455.0,592.0,0.769,296.0,1010.0,1306.0,777.0,249.0,127.0,506.0,674.0,3058.0,37.2,87.5,0.425,8.9,27.5,0.324,28.3,59.9,0.472,14.6,19.0,0.769,9.5,32.3,41.8,24.9,8.0,4.1,16.2,21.6,97.9,0.425,13.0,0.685,0.205,0.283,0.106,0.091,0.315,0.472,0.609,0.42,0.428,0.373,0.324,0.618,0.828,0.155,0.331
NYL,CHI,6,4,88,75,2,2,2,1,0,1,1,1,2,1,2,0,1,2,1,2,2,0,0,0,1,1,1,0,3,1,1,30.8,68.7,0.448,10.1,29.0,0.349,20.6,39.7,0.52,14.0,17.2,0.814,8.5,28.1,36.6,22.8,7.9,4.5,12.7,15.4,85.6,1230,2747,0.448,405,1160,0.349,825,1587,0.52,559,687,0.814,338,1125,1463,911,316,179,506,615,3424,28.5,32,8,33,7,9.15,-1.09,8.06,109.6,97.9,11.7,78.1,0.25,0.422,0.561,0.521,14.2,25.1,0.203,0.476,14.5,79.2,0.167,39.4,88.0,0.448,13.0,37.1,0.349,26.4,50.8,0.52,17.9,22.0,0.814,10.8,36.0,46.8,29.2,10.1,5.7,16.2,19.7,109.6,0.448,14.5,0.578,0.159,0.258,0.108,0.053,0.422,0.52,0.712,0.486,0.404,0.345,0.349,0.657,0.911,0.201,0.403,29.1,68.3,0.425,7.0,21.5,0.324,22.1,46.8,0.472,11.4,14.8,0.769,7.4,25.3,32.7,19.4,6.2,3.2,12.7,16.9,76.5,1162.0,2732.0,0.425,279.0,860.0,0.324,883.0,1872.0,0.472,455.0,592.0,0.769,296.0,1010.0,1306.0,777.0,249.0,127.0,506.0,674.0,3058.0,37.2,87.5,0.425,8.9,27.5,0.324,28.3,59.9,0.472,14.6,19.0,0.769,9.5,32.3,41.8,24.9,8.0,4.1,16.2,21.6,97.9,0.425,13.0,0.685,0.205,0.283,0.106,0.091,0.315,0.472,0.609,0.42,0.428,0.373,0.324,0.618,0.828,0.155,0.331
NYL,ATL,6,6,78,61,2,2,2,1,0,1,1,1,1,1,1,0,1,2,1,2,2,0,0,0,3,1,1,0,3,1,1,30.8,68.7,0.448,10.1,29.0,0.349,20.6,39.7,0.52,14.0,17.2,0.814,8.5,28.1,36.6,22.8,7.9,4.5,12.7,15.4,85.6,1230,2747,0.448,405,1160,0.349,825,1587,0.52,559,687,0.814,338,1125,1463,911,316,179,506,615,3424,28.5,32,8,33,7,9.15,-1.09,8.06,109.6,97.9,11.7,78.1,0.25,0.422,0.561,0.521,14.2,25.1,0.203,0.476,14.5,79.2,0.167,39.4,88.0,0.448,13.0,37.1,0.349,26.4,50.8,0.52,17.9,22.0,0.814,10.8,36.0,46.8,29.2,10.1,5.7,16.2,19.7,109.6,0.448,14.5,0.578,0.159,0.258,0.108,0.053,0.422,0.52,0.712,0.486,0.404,0.345,0.349,0.657,0.911,0.201,0.403,29.1,68.3,0.425,7.0,21.5,0.324,22.1,46.8,0.472,11.4,14.8,0.769,7.4,25.3,32.7,19.4,6.2,3.2,12.7,16.9,76.5,1162.0,2732.0,0.425,279.0,860.0,0.324,883.0,1872.0,0.472,455.0,592.0,0.769,296.0,1010.0,1306.0,777.0,249.0,127.0,506.0,674.0,3058.0,37.2,87.5,0.425,8.9,27.5,0.324,28.3,59.9,0.472,14.6,19.0,0.769,9.5,32.3,41.8,24.9,8.0,4.1,16.2,21.6,97.9,0.425,13.0,0.685,0.205,0.283,0.106,0.091,0.315,0.472,0.609,0.42,0.428,0.373,0.324,0.618,0.828,0.155,0.331
NYL,CON,6,8,82,75,2,2,2,1,0,1,1,1,1,1,1,0,1,2,1,2,2,0,0,0,2,1,1,0,3,1,1,30.8,68.7,0.448,10.1,29.0,0.349,20.6,39.7,0.52,14.0,17.2,0.814,8.5,28.1,36.6,22.8,7.9,4.5,12.7,15.4,85.6,1230,2747,0.448,405,1160,0.349,825,1587,0.52,559,687,0.814,338,1125,1463,911,316,179,506,615,3424,28.5,32,8,33,7,9.15,-1.09,8.06,109.6,97.9,11.7,78.1,0.25,0.422,0.561,0.521,14.2,25.1,0.203,0.476,14.5,79.2,0.167,39.4,88.0,0.448,13.0,37.1,0.349,26.4,50.8,0.52,17.9,22.0,0.814,10.8,36.0,46.8,29.2,10.1,5.7,16.2,19.7,109.6,0.448,14.5,0.578,0.159,0.258,0.108,0.053,0.422,0.52,0.712,0.486,0.404,0.345,0.349,0.657,0.911,0.201,0.403,29.1,68.3,0.425,7.0,21.5,0.324,22.1,46.8,0.472,11.4,14.8,0.769,7.4,25.3,32.7,19.4,6.2,3.2,12.7,16.9,76.5,1162.0,2732.0,0.425,279.0,860.0,0.324,883.0,1872.0,0.472,455.0,592.0,0.769,296.0,1010.0,1306.0,777.0,249.0,127.0,506.0,674.0,3058.0,37.2,87.5,0.425,8.9,27.5,0.324,28.3,59.9,0.472,14.6,19.0,0.769,9.5,32.3,41.8,24.9,8.0,4.1,16.2,21.6,97.9,0.425,13.0,0.685,0.205,0.283,0.106,0.091,0.315,0.472,0.609,0.42,0.428,0.373,0.324,0.618,0.828,0.155,0.331
NYL,WAS,6,9,93,88,2,2,2,1,0,1,1,1,1,1,1,0,1,2,1,2,2,0,0,0,3,1,1,0,3,1,1,30.8,68.7,0.448,10.1,29.0,0.349,20.6,39.7,0.52,14.0,17.2,0.814,8.5,28.1,36.6,22.8,7.9,4.5,12.7,15.4,85.6,1230,2747,0.448,405,1160,0.349,825,1587,0.52,559,687,0.814,338,1125,1463,911,316,179,506,615,3424,28.5,32,8,33,7,9.15,-1.09,8.06,109.6,97.9,11.7,78.1,0.25,0.422,0.561,0.521,14.2,25.1,0.203,0.476,14.5,79.2,0.167,39.4,88.0,0.448,13.0,37.1,0.349,26.4,50.8,0.52,17.9,22.0,0.814,10.8,36.0,46.8,29.2,10.1,5.7,16.2,19.7,109.6,0.448,14.5,0.578,0.159,0.258,0.108,0.053,0.422,0.52,0.712,0.486,0.404,0.345,0.349,0.657,0.911,0.201,0.403,29.1,68.3,0.425,7.0,21.5,0.324,22.1,46.8,0.472,11.4,14.8,0.769,7.4,25.3,32.7,19.4,6.2,3.2,12.7,16.9,76.5,1162.0,2732.0,0.425,279.0,860.0,0.324,883.0,1872.0,0.472,455.0,592.0,0.769,296.0,1010.0,1306.0,777.0,249.0,127.0,506.0,674.0,3058.0,37.2,87.5,0.425,8.9,27.5,0.324,28.3,59.9,0.472,14.6,19.0,0.769,9.5,32.3,41.8,24.9,8.0,4.1,16.2,21.6,97.9,0.425,13.0,0.685,0.205,0.283,0.106,0.091,0.315,0.472,0.609,0.42,0.428,0.373,0.324,0.618,0.828,0.155,0.331
NYL,LVA,6,15,90,82,2,2,2,1,0,1,1,1,1,1,1,0,1,2,1,2,2,0,0,0,3,1,1,0,3,1,1,30.8,68.7,0.448,10.1,29.0,0.349,20.6,39.7,0.52,14.0,17.2,0.814,8.5,28.1,36.6,22.8,7.9,4.5,12.7,15.4,85.6,1230,2747,0.448,405,1160,0.349,825,1587,0.52,559,687,0.814,338,1125,1463,911,316,179,506,615,3424,28.5,32,8,33,7,9.15,-1.09,8.06,109.6,97.9,11.7,78.1,0.25,0.422,0.561,0.521,14.2,25.1,0.203,0.476,14.5,79.2,0.167,39.4,88.0,0.448,13.0,37.1,0.349,26.4,50.8,0.52,17.9,22.0,0.814,10.8,36.0,46.8,29.2,10.1,5.7,16.2,19.7,109.6,0.448,14.5,0.578,0.159,0.258,0.108,0.053,0.422,0.52,0.712,0.486,0.404,0.345,0.349,0.657,0.911,0.201,0.403,29.1,68.3,0.425,7.0,21.5,0.324,22.1,46.8,0.472,11.4,14.8,0.769,7.4,25.3,32.7,19.4,6.2,3.2,12.7,16.9,76.5,1162.0,2732.0,0.425,279.0,860.0,0.324,883.0,1872.0,0.472,455.0,592.0,0.769,296.0,1010.0,1306.0,777.0,249.0,127.0,506.0,674.0,3058.0,37.2,87.5,0.425,8.9,27.5,0.324,28.3,59.9,0.472,14.6,19.0,0.769,9.5,32.3,41.8,24.9,8.0,4.1,16.2,21.6,97.9,0.425,13.0,0.685,0.205,0.283,0.106,0.091,0.315,0.472,0.609,0.42,0.428,0.373,0.324,0.618,0.828,0.155,0.331
NYL,PHO,6,18,93,99,2,2,2,1,0,1,1,1,1,1,1,0,1,2,1,2,2,0,0,0,2,1,1,0,3,1,1,30.8,68.7,0.448,10.1,29.0,0.349,20.6,39.7,0.52,14.0,17.2,0.814,8.5,28.1,36.6,22.8,7.9,4.5,12.7,15.4,85.6,1230,2747,0.448,405,1160,0.349,825,1587,0.52,559,687,0.814,338,1125,1463,911,316,179,506,615,3424,28.5,32,8,33,7,9.15,-1.09,8.06,109.6,97.9,11.7,78.1,0.25,0.422,0.561,0.521,14.2,25.1,0.203,0.476,14.5,79.2,0.167,39.4,88.0,0.448,13.0,37.1,0.349,26.4,50.8,0.52,17.9,22.0,0.814,10.8,36.0,46.8,29.2,10.1,5.7,16.2,19.7,109.6,0.448,14.5,0.578,0.159,0.258,0.108,0.053,0.422,0.52,0.712,0.486,0.404,0.345,0.349,0.657,0.911,0.201,0.403,29.1,68.3,0.425,7.0,21.5,0.324,22.1,46.8,0.472,11.4,14.8,0.769,7.4,25.3,32.7,19.4,6.2,3.2,12.7,16.9,76.5,1162.0,2732.0,0.425,279.0,860.0,0.324,883.0,1872.0,0.472,455.0,592.0,0.769,296.0,1010.0,1306.0,777.0,249.0,127.0,506.0,674.0,3058.0,37.2,87.5,0.425,8.9,27.5,0.324,28.3,59.9,0.472,14.6,19.0,0.769,9.5,32.3,41.8,24.9,8.0,4.1,16.2,21.6,97.9,0.425,13.0,0.685,0.205,0.283,0.106,0.091,0.315,0.472,0.609,0.42,0.428,0.373,0.324,0.618,0.828,0.155,0.331
NYL,LAS,6,20,93,80,2,2,2,1,0,1,1,1,1,1,1,0,1,2,1,2,2,0,0,0,3,0,1,0,3,1,1,30.8,68.7,0.448,10.1,29.0,0.349,20.6,39.7,0.52,14.0,17.2,0.814,8.5,28.1,36.6,22.8,7.9,4.5,12.7,15.4,85.6,1230,2747,0.448,405,1160,0.349,825,1587,0.52,559,687,0.814,338,1125,1463,911,316,179,506,615,3424,28.5,32,8,33,7,9.15,-1.09,8.06,109.6,97.9,11.7,78.1,0.25,0.422,0.561,0.521,14.2,25.1,0.203,0.476,14.5,79.2,0.167,39.4,88.0,0.448,13.0,37.1,0.349,26.4,50.8,0.52,17.9,22.0,0.814,10.8,36.0,46.8,29.2,10.1,5.7,16.2,19.7,109.6,0.448,14.5,0.578,0.159,0.258,0.108,0.053,0.422,0.52,0.712,0.486,0.404,0.345,0.349,0.657,0.911,0.201,0.403,29.1,68.3,0.425,7.0,21.5,0.324,22.1,46.8,0.472,11.4,14.8,0.769,7.4,25.3,32.7,19.4,6.2,3.2,12.7,16.9,76.5,1162.0,2732.0,0.425,279.0,860.0,0.324,883.0,1872.0,0.472,455.0,592.0,0.769,296.0,1010.0,1306.0,777.0,249.0,127.0,506.0,674.0,3058.0,37.2,87.5,0.425,8.9,27.5,0.324,28.3,59.9,0.472,14.6,19.0,0.769,9.5,32.3,41.8,24.9,8.0,4.1,16.2,21.6,97.9,0.425,13.0,0.685,0.205,0.283,0.106,0.091,0.315,0.472,0.609,0.42,0.428,0.373,0.324,0.618,0.828,0.155,0.331
NYL,LAS,6,22,98,88,2,2,2,1,0,1,1,1,1,1,1,0,1,2,1,2,2,0,0,0,3,0,1,0,3,1,1,30.8,68.7,0.448,10.1,29.0,0.349,20.6,39.7,0.52,14.0,17.2,0.814,8.5,28.1,36.6,22.8,7.9,4.5,12.7,15.4,85.6,1230,2747,0.448,405,1160,0.349,825,1587,0.52,559,687,0.814,338,1125,1463,911,316,179,506,615,3424,28.5,32,8,33,7,9.15,-1.09,8.06,109.6,97.9,11.7,78.1,0.25,0.422,0.561,0.521,14.2,25.1,0.203,0.476,14.5,79.2,0.167,39.4,88.0,0.448,13.0,37.1,0.349,26.4,50.8,0.52,17.9,22.0,0.814,10.8,36.0,46.8,29.2,10.1,5.7,16.2,19.7,109.6,0.448,14.5,0.578,0.159,0.258,0.108,0.053,0.422,0.52,0.712,0.486,0.404,0.345,0.349,0.657,0.911,0.201,0.403,29.1,68.3,0.425,7.0,21.5,0.324,22.1,46.8,0.472,11.4,14.8,0.769,7.4,25.3,32.7,19.4,6.2,3.2,12.7,16.9,76.5,1162.0,2732.0,0.425,279.0,860.0,0.324,883.0,1872.0,0.472,455.0,592.0,0.769,296.0,1010.0,1306.0,777.0,249.0,127.0,506.0,674.0,3058.0,37.2,87.5,0.425,8.9,27.5,0.324,28.3,59.9,0.472,14.6,19.0,0.769,9.5,32.3,41.8,24.9,8.0,4.1,16.2,21.6,97.9,0.425,13.0,0.685,0.205,0.283,0.106,0.091,0.315,0.472,0.609,0.42,0.428,0.373,0.324,0.618,0.828,0.155,0.331
NYL,ATL,6,23,96,75,2,2,2,1,0,1,1,1,1,1,1,0,1,2,1,2,2,0,0,0,3,0,1,0,3,1,1,30.8,68.7,0.448,10.1,29.0,0.349,20.6,39.7,0.52,14.0,17.2,0.814,8.5,28.1,36.6,22.8,7.9,4.5,12.7,15.4,85.6,1230,2747,0.448,405,1160,0.349,825,1587,0.52,559,687,0.814,338,1125,1463,911,316,179,506,615,3424,28.5,32,8,33,7,9.15,-1.09,8.06,109.6,97.9,11.7,78.1,0.25,0.422,0.561,0.521,14.2,25.1,0.203,0.476,14.5,79.2,0.167,39.4,88.0,0.448,13.0,37.1,0.349,26.4,50.8,0.52,17.9,22.0,0.814,10.8,36.0,46.8,29.2,10.1,5.7,16.2,19.7,109.6,0.448,14.5,0.578,0.159,0.258,0.108,0.053,0.422,0.52,0.712,0.486,0.404,0.345,0.349,0.657,0.911,0.201,0.403,29.1,68.3,0.425,7.0,21.5,0.324,22.1,46.8,0.472,11.4,14.8,0.769,7.4,25.3,32.7,19.4,6.2,3.2,12.7,16.9,76.5,1162.0,2732.0,0.425,279.0,860.0,0.324,883.0,1872.0,0.472,455.0,592.0,0.769,296.0,1010.0,1306.0,777.0,249.0,127.0,506.0,674.0,3058.0,37.2,87.5,0.425,8.9,27.5,0.324,28.3,59.9,0.472,14.6,19.0,0.769,9.5,32.3,41.8,24.9,8.0,4.1,16.2,21.6,97.9,0.425,13.0,0.685,0.205,0.283,0.106,0.091,0.315,0.472,0.609,0.42,0.428,0.373,0.324,0.618,0.828,0.155,0.331
NYL,ATL,6,30,81,75,2,2,2,1,0,1,1,1,2,1,2,0,1,2,1,2,2,0,0,0,1,1,1,0,3,1,1,30.8,68.7,0.448,10.1,29.0,0.349,20.6,39.7,0.52,14.0,17.2,0.814,8.5,28.1,36.6,22.8,7.9,4.5,12.7,15.4,85.6,1230,2747,0.448,405,1160,0.349,825,1587,0.52,559,687,0.814,338,1125,1463,911,316,179,506,615,3424,28.5,32,8,33,7,9.15,-1.09,8.06,109.6,97.9,11.7,78.1,0.25,0.422,0.561,0.521,14.2,25.1,0.203,0.476,14.5,79.2,0.167,39.4,88.0,0.448,13.0,37.1,0.349,26.4,50.8,0.52,17.9,22.0,0.814,10.8,36.0,46.8,29.2,10.1,5.7,16.2,19.7,109.6,0.448,14.5,0.578,0.159,0.258,0.108,0.053,0.422,0.52,0.712,0.486,0.404,0.345,0.349,0.657,0.911,0.201,0.403,29.1,68.3,0.425,7.0,21.5,0.324,22.1,46.8,0.472,11.4,14.8,0.769,7.4,25.3,32.7,19.4,6.2,3.2,12.7,16.9,76.5,1162.0,2732.0,0.425,279.0,860.0,0.324,883.0,1872.0,0.472,455.0,592.0,0.769,296.0,1010.0,1306.0,777.0,249.0,127.0,506.0,674.0,3058.0,37.2,87.5,0.425,8.9,27.5,0.324,28.3,59.9,0.472,14.6,19.0,0.769,9.5,32.3,41.8,24.9,8.0,4.1,16.2,21.6,97.9,0.425,13.0,0.685,0.205,0.283,0.106,0.091,0.315,0.472,0.609,0.42,0.428,0.373,0.324,0.618,0.828,0.155,0.331
NYL,MIN,7,2,76,67,2,2,2,1,0,1,1,1,2,1,2,0,1,2,1,2,2,0,0,0,1,1,1,0,3,1,1,30.8,68.7,0.448,10.1,29.0,0.349,20.6,39.7,0.52,14.0,17.2,0.814,8.5,28.1,36.6,22.8,7.9,4.5,12.7,15.4,85.6,1230,2747,0.448,405,1160,0.349,825,1587,0.52,559,687,0.814,338,1125,1463,911,316,179,506,615,3424,28.5,32,8,33,7,9.15,-1.09,8.06,109.6,97.9,11.7,78.1,0.25,0.422,0.561,0.521,14.2,25.1,0.203,0.476,14.5,79.2,0.167,39.4,88.0,0.448,13.0,37.1,0.349,26.4,50.8,0.52,17.9,22.0,0.814,10.8,36.0,46.8,29.2,10.1,5.7,16.2,19.7,109.6,0.448,14.5,0.578,0.159,0.258,0.108,0.053,0.422,0.52,0.712,0.486,0.404,0.345,0.349,0.657,0.911,0.201,0.403,29.1,68.3,0.425,7.0,21.5,0.324,22.1,46.8,0.472,11.4,14.8,0.769,7.4,25.3,32.7,19.4,6.2,3.2,12.7,16.9,76.5,1162.0,2732.0,0.425,279.0,860.0,0.324,883.0,1872.0,0.472,455.0,592.0,0.769,296.0,1010.0,1306.0,777.0,249.0,127.0,506.0,674.0,3058.0,37.2,87.5,0.425,8.9,27.5,0.324,28.3,59.9,0.472,14.6,19.0,0.769,9.5,32.3,41.8,24.9,8.0,4.1,16.2,21.6,97.9,0.425,13.0,0.685,0.205,0.283,0.106,0.091,0.315,0.472,0.609,0.42,0.428,0.373,0.324,0.618,0.828,0.155,0.331
NYL,IND,7,6,78,83,2,2,2,1,0,1,1,1,2,1,2,0,1,2,1,2,2,0,0,0,1,1,1,0,3,1,1,30.8,68.7,0.448,10.1,29.0,0.349,20.6,39.7,0.52,14.0,17.2,0.814,8.5,28.1,36.6,22.8,7.9,4.5,12.7,15.4,85.6,1230,2747,0.448,405,1160,0.349,825,1587,0.52,559,687,0.814,338,1125,1463,911,316,179,506,615,3424,28.5,32,8,33,7,9.15,-1.09,8.06,109.6,97.9,11.7,78.1,0.25,0.422,0.561,0.521,14.2,25.1,0.203,0.476,14.5,79.2,0.167,39.4,88.0,0.448,13.0,37.1,0.349,26.4,50.8,0.52,17.9,22.0,0.814,10.8,36.0,46.8,29.2,10.1,5.7,16.2,19.7,109.6,0.448,14.5,0.578,0.159,0.258,0.108,0.053,0.422,0.52,0.712,0.486,0.404,0.345,0.349,0.657,0.911,0.201,0.403,29.1,68.3,0.425,7.0,21.5,0.324,22.1,46.8,0.472,11.4,14.8,0.769,7.4,25.3,32.7,19.4,6.2,3.2,12.7,16.9,76.5,1162.0,2732.0,0.425,279.0,860.0,0.324,883.0,1872.0,0.472,455.0,592.0,0.769,296.0,1010.0,1306.0,777.0,249.0,127.0,506.0,674.0,3058.0,37.2,87.5,0.425,8.9,27.5,0.324,28.3,59.9,0.472,14.6,19.0,0.769,9.5,32.3,41.8,24.9,8.0,4.1,16.2,21.6,97.9,0.425,13.0,0.685,0.205,0.283,0.106,0.091,0.315,0.472,0.609,0.42,0.428,0.373,0.324,0.618,0.828,0.155,0.331
NYL,CON,7,10,71,68,2,2,2,1,0,1,1,1,2,1,2,0,1,2,1,2,2,0,0,0,1,0,1,0,3,1,1,30.8,68.7,0.448,10.1,29.0,0.349,20.6,39.7,0.52,14.0,17.2,0.814,8.5,28.1,36.6,22.8,7.9,4.5,12.7,15.4,85.6,1230,2747,0.448,405,1160,0.349,825,1587,0.52,559,687,0.814,338,1125,1463,911,316,179,506,615,3424,28.5,32,8,33,7,9.15,-1.09,8.06,109.6,97.9,11.7,78.1,0.25,0.422,0.561,0.521,14.2,25.1,0.203,0.476,14.5,79.2,0.167,39.4,88.0,0.448,13.0,37.1,0.349,26.4,50.8,0.52,17.9,22.0,0.814,10.8,36.0,46.8,29.2,10.1,5.7,16.2,19.7,109.6,0.448,14.5,0.578,0.159,0.258,0.108,0.053,0.422,0.52,0.712,0.486,0.404,0.345,0.349,0.657,0.911,0.201,0.403,29.1,68.3,0.425,7.0,21.5,0.324,22.1,46.8,0.472,11.4,14.8,0.769,7.4,25.3,32.7,19.4,6.2,3.2,12.7,16.9,76.5,1162.0,2732.0,0.425,279.0,860.0,0.324,883.0,1872.0,0.472,455.0,592.0,0.769,296.0,1010.0,1306.0,777.0,249.0,127.0,506.0,674.0,3058.0,37.2,87.5,0.425,8.9,27.5,0.324,28.3,59.9,0.472,14.6,19.0,0.769,9.5,32.3,41.8,24.9,8.0,4.1,16.2,21.6,97.9,0.425,13.0,0.685,0.205,0.283,0.106,0.091,0.315,0.472,0.609,0.42,0.428,0.373,0.324,0.618,0.828,0.155,0.331
NYL,CHI,7,11,91,76,2,2,2,1,1,1,1,1,2,1,2,0,1,2,1,2,2,0,0,0,3,0,1,0,3,1,1,30.8,68.7,0.448,10.1,29.0,0.349,20.6,39.7,0.52,14.0,17.2,0.814,8.5,28.1,36.6,22.8,7.9,4.5,12.7,15.4,85.6,1230,2747,0.448,405,1160,0.349,825,1587,0.52,559,687,0.814,338,1125,1463,911,316,179,506,615,3424,28.5,32,8,33,7,9.15,-1.09,8.06,109.6,97.9,11.7,78.1,0.25,0.422,0.561,0.521,14.2,25.1,0.203,0.476,14.5,79.2,0.167,39.4,88.0,0.448,13.0,37.1,0.349,26.4,50.8,0.52,17.9,22.0,0.814,10.8,36.0,46.8,29.2,10.1,5.7,16.2,19.7,109.6,0.448,14.5,0.578,0.159,0.258,0.108,0.053,0.422,0.52,0.712,0.486,0.404,0.345,0.349,0.657,0.911,0.201,0.403,29.1,68.3,0.425,7.0,21.5,0.324,22.1,46.8,0.472,11.4,14.8,0.769,7.4,25.3,32.7,19.4,6.2,3.2,12.7,16.9,76.5,1162.0,2732.0,0.425,279.0,860.0,0.324,883.0,1872.0,0.472,455.0,592.0,0.769,296.0,1010.0,1306.0,777.0,249.0,127.0,506.0,674.0,3058.0,37.2,87.5,0.425,8.9,27.5,0.324,28.3,59.9,0.472,14.6,19.0,0.769,9.5,32.3,41.8,24.9,8.0,4.1,16.2,21.6,97.9,0.425,13.0,0.685,0.205,0.283,0.106,0.091,0.315,0.472,0.609,0.42,0.428,0.373,0.324,0.618,0.828,0.155,0.331
NYL,CHI,7,13,81,67,1,2,1,1,0,0,0,1,2,1,2,0,1,1,0,1,1,0,0,0,2,0,1,0,2,0,1,30.8,68.7,0.448,10.1,29.0,0.349,20.6,39.7,0.52,14.0,17.2,0.814,8.5,28.1,36.6,22.8,7.9,4.5,12.7,15.4,85.6,1230,2747,0.448,405,1160,0.349,825,1587,0.52,559,687,0.814,338,1125,1463,911,316,179,506,615,3424,28.5,32,8,33,7,9.15,-1.09,8.06,109.6,97.9,11.7,78.1,0.25,0.422,0.561,0.521,14.2,25.1,0.203,0.476,14.5,79.2,0.167,39.4,88.0,0.448,13.0,37.1,0.349,26.4,50.8,0.52,17.9,22.0,0.814,10.8,36.0,46.8,29.2,10.1,5.7,16.2,19.7,109.6,0.448,14.5,0.578,0.159,0.258,0.108,0.053,0.422,0.52,0.712,0.486,0.404,0.345,0.349,0.657,0.911,0.201,0.403,29.1,68.3,0.425,7.0,21.5,0.324,22.1,46.8,0.472,11.4,14.8,0.769,7.4,25.3,32.7,19.4,6.2,3.2,12.7,16.9,76.5,1162.0,2732.0,0.425,279.0,860.0,0.324,883.0,1872.0,0.472,455.0,592.0,0.769,296.0,1010.0,1306.0,777.0,249.0,127.0,506.0,674.0,3058.0,37.2,87.5,0.425,8.9,27.5,0.324,28.3,59.9,0.472,14.6,19.0,0.769,9.5,32.3,41.8,24.9,8.0,4.1,16.2,21.6,97.9,0.425,13.0,0.685,0.205,0.283,0.106,0.091,0.315,0.472,0.609,0.42,0.428,0.373,0.324,0.618,0.828,0.155,0.331
NYL,CON,7,16,82,74,1,2,1,1,0,0,0,1,2,1,2,0,1,1,0,1,1,0,0,0,2,0,1,0,2,0,1,30.8,68.7,0.448,10.1,29.0,0.349,20.6,39.7,0.52,14.0,17.2,0.814,8.5,28.1,36.6,22.8,7.9,4.5,12.7,15.4,85.6,1230,2747,0.448,405,1160,0.349,825,1587,0.52,559,687,0.814,338,1125,1463,911,316,179,506,615,3424,28.5,32,8,33,7,9.15,-1.09,8.06,109.6,97.9,11.7,78.1,0.25,0.422,0.561,0.521,14.2,25.1,0.203,0.476,14.5,79.2,0.167,39.4,88.0,0.448,13.0,37.1,0.349,26.4,50.8,0.52,17.9,22.0,0.814,10.8,36.0,46.8,29.2,10.1,5.7,16.2,19.7,109.6,0.448,14.5,0.578,0.159,0.258,0.108,0.053,0.422,0.52,0.712,0.486,0.404,0.345,0.349,0.657,0.911,0.201,0.403,29.1,68.3,0.425,7.0,21.5,0.324,22.1,46.8,0.472,11.4,14.8,0.769,7.4,25.3,32.7,19.4,6.2,3.2,12.7,16.9,76.5,1162.0,2732.0,0.425,279.0,860.0,0.324,883.0,1872.0,0.472,455.0,592.0,0.769,296.0,1010.0,1306.0,777.0,249.0,127.0,506.0,674.0,3058.0,37.2,87.5,0.425,8.9,27.5,0.324,28.3,59.9,0.472,14.6,19.0,0.769,9.5,32.3,41.8,24.9,8.0,4.1,16.2,21.6,97.9,0.425,13.0,0.685,0.205,0.283,0.106,0.091,0.315,0.472,0.609,0.42,0.428,0.373,0.324,0.618,0.828,0.155,0.331
NYL,LAS,8,15,103,68,2,2,2,1,1,1,1,1,2,1,2,0,1,2,1,2,2,0,0,0,3,0,1,0,3,1,1,30.8,68.7,0.448,10.1,29.0,0.349,20.6,39.7,0.52,14.0,17.2,0.814,8.5,28.1,36.6,22.8,7.9,4.5,12.7,15.4,85.6,1230,2747,0.448,405,1160,0.349,825,1587,0.52,559,687,0.814,338,1125,1463,911,316,179,506,615,3424,28.5,32,8,33,7,9.15,-1.09,8.06,109.6,97.9,11.7,78.1,0.25,0.422,0.561,0.521,14.2,25.1,0.203,0.476,14.5,79.2,0.167,39.4,88.0,0.448,13.0,37.1,0.349,26.4,50.8,0.52,17.9,22.0,0.814,10.8,36.0,46.8,29.2,10.1,5.7,16.2,19.7,109.6,0.448,14.5,0.578,0.159,0.258,0.108,0.053,0.422,0.52,0.712,0.486,0.404,0.345,0.349,0.657,0.911,0.201,0.403,29.1,68.3,0.425,7.0,21.5,0.324,22.1,46.8,0.472,11.4,14.8,0.769,7.4,25.3,32.7,19.4,6.2,3.2,12.7,16.9,76.5,1162.0,2732.0,0.425,279.0,860.0,0.324,883.0,1872.0,0.472,455.0,592.0,0.769,296.0,1010.0,1306.0,777.0,249.0,127.0,506.0,674.0,3058.0,37.2,87.5,0.425,8.9,27.5,0.324,28.3,59.9,0.472,14.6,19.0,0.769,9.5,32.3,41.8,24.9,8.0,4.1,16.2,21.6,97.9,0.425,13.0,0.685,0.205,0.283,0.106,0.091,0.315,0.472,0.609,0.42,0.428,0.373,0.324,0.618,0.828,0.155,0.331
NYL,LVA,8,17,79,67,2,2,2,1,0,1,1,1,2,1,2,0,1,2,1,2,2,0,0,0,2,0,1,0,3,1,1,30.8,68.7,0.448,10.1,29.0,0.349,20.6,39.7,0.52,14.0,17.2,0.814,8.5,28.1,36.6,22.8,7.9,4.5,12.7,15.4,85.6,1230,2747,0.448,405,1160,0.349,825,1587,0.52,559,687,0.814,338,1125,1463,911,316,179,506,615,3424,28.5,32,8,33,7,9.15,-1.09,8.06,109.6,97.9,11.7,78.1,0.25,0.422,0.561,0.521,14.2,25.1,0.203,0.476,14.5,79.2,0.167,39.4,88.0,0.448,13.0,37.1,0.349,26.4,50.8,0.52,17.9,22.0,0.814,10.8,36.0,46.8,29.2,10.1,5.7,16.2,19.7,109.6,0.448,14.5,0.578,0.159,0.258,0.108,0.053,0.422,0.52,0.712,0.486,0.404,0.345,0.349,0.657,0.911,0.201,0.403,29.1,68.3,0.425,7.0,21.5,0.324,22.1,46.8,0.472,11.4,14.8,0.769,7.4,25.3,32.7,19.4,6.2,3.2,12.7,16.9,76.5,1162.0,2732.0,0.425,279.0,860.0,0.324,883.0,1872.0,0.472,455.0,592.0,0.769,296.0,1010.0,1306.0,777.0,249.0,127.0,506.0,674.0,3058.0,37.2,87.5,0.425,8.9,27.5,0.324,28.3,59.9,0.472,14.6,19.0,0.769,9.5,32.3,41.8,24.9,8.0,4.1,16.2,21.6,97.9,0.425,13.0,0.685,0.205,0.283,0.106,0.091,0.315,0.472,0.609,0.42,0.428,0.373,0.324,0.618,0.828,0.155,0.331
NYL,DAL,8,20,94,74,1,2,1,0,1,1,1,0,1,0,1,0,0,2,1,2,2,0,0,0,3,0,0,0,2,1,0,30.8,68.7,0.448,10.1,29.0,0.349,20.6,39.7,0.52,14.0,17.2,0.814,8.5,28.1,36.6,22.8,7.9,4.5,12.7,15.4,85.6,1230,2747,0.448,405,1160,0.349,825,1587,0.52,559,687,0.814,338,1125,1463,911,316,179,506,615,3424,28.5,32,8,33,7,9.15,-1.09,8.06,109.6,97.9,11.7,78.1,0.25,0.422,0.561,0.521,14.2,25.1,0.203,0.476,14.5,79.2,0.167,39.4,88.0,0.448,13.0,37.1,0.349,26.4,50.8,0.52,17.9,22.0,0.814,10.8,36.0,46.8,29.2,10.1,5.7,16.2,19.7,109.6,0.448,14.5,0.578,0.159,0.258,0.108,0.053,0.422,0.52,0.712,0.486,0.404,0.345,0.349,0.657,0.911,0.201,0.403,29.1,68.3,0.425,7.0,21.5,0.324,22.1,46.8,0.472,11.4,14.8,0.769,7.4,25.3,32.7,19.4,6.2,3.2,12.7,16.9,76.5,1162.0,2732.0,0.425,279.0,860.0,0.324,883.0,1872.0,0.472,455.0,592.0,0.769,296.0,1010.0,1306.0,777.0,249.0,127.0,506.0,674.0,3058.0,37.2,87.5,0.425,8.9,27.5,0.324,28.3,59.9,0.472,14.6,19.0,0.769,9.5,32.3,41.8,24.9,8.0,4.1,16.2,21.6,97.9,0.425,13.0,0.685,0.205,0.283,0.106,0.091,0.315,0.472,0.609,0.42,0.428,0.373,0.324,0.618,0.828,0.155,0.331
NYL,DAL,8,22,79,71,1,2,1,0,1,1,1,0,1,0,1,0,0,2,1,2,2,0,0,0,2,0,0,0,2,1,0,30.8,68.7,0.448,10.1,29.0,0.349,20.6,39.7,0.52,14.0,17.2,0.814,8.5,28.1,36.6,22.8,7.9,4.5,12.7,15.4,85.6,1230,2747,0.448,405,1160,0.349,825,1587,0.52,559,687,0.814,338,1125,1463,911,316,179,506,615,3424,28.5,32,8,33,7,9.15,-1.09,8.06,109.6,97.9,11.7,78.1,0.25,0.422,0.561,0.521,14.2,25.1,0.203,0.476,14.5,79.2,0.167,39.4,88.0,0.448,13.0,37.1,0.349,26.4,50.8,0.52,17.9,22.0,0.814,10.8,36.0,46.8,29.2,10.1,5.7,16.2,19.7,109.6,0.448,14.5,0.578,0.159,0.258,0.108,0.053,0.422,0.52,0.712,0.486,0.404,0.345,0.349,0.657,0.911,0.201,0.403,29.1,68.3,0.425,7.0,21.5,0.324,22.1,46.8,0.472,11.4,14.8,0.769,7.4,25.3,32.7,19.4,6.2,3.2,12.7,16.9,76.5,1162.0,2732.0,0.425,279.0,860.0,0.324,883.0,1872.0,0.472,455.0,592.0,0.769,296.0,1010.0,1306.0,777.0,249.0,127.0,506.0,674.0,3058.0,37.2,87.5,0.425,8.9,27.5,0.324,28.3,59.9,0.472,14.6,19.0,0.769,9.5,32.3,41.8,24.9,8.0,4.1,16.2,21.6,97.9,0.425,13.0,0.685,0.205,0.283,0.106,0.091,0.315,0.472,0.609,0.42,0.428,0.373,0.324,0.618,0.828,0.155,0.331
NYL,CON,8,24,64,72,2,2,2,1,1,1,1,1,2,1,2,0,1,2,1,2,2,0,0,0,3,0,1,0,3,1,1,30.8,68.7,0.448,10.1,29.0,0.349,20.6,39.7,0.52,14.0,17.2,0.814,8.5,28.1,36.6,22.8,7.9,4.5,12.7,15.4,85.6,1230,2747,0.448,405,1160,0.349,825,1587,0.52,559,687,0.814,338,1125,1463,911,316,179,506,615,3424,28.5,32,8,33,7,9.15,-1.09,8.06,109.6,97.9,11.7,78.1,0.25,0.422,0.561,0.521,14.2,25.1,0.203,0.476,14.5,79.2,0.167,39.4,88.0,0.448,13.0,37.1,0.349,26.4,50.8,0.52,17.9,22.0,0.814,10.8,36.0,46.8,29.2,10.1,5.7,16.2,19.7,109.6,0.448,14.5,0.578,0.159,0.258,0.108,0.053,0.422,0.52,0.712,0.486,0.404,0.345,0.349,0.657,0.911,0.201,0.403,29.1,68.3,0.425,7.0,21.5,0.324,22.1,46.8,0.472,11.4,14.8,0.769,7.4,25.3,32.7,19.4,6.2,3.2,12.7,16.9,76.5,1162.0,2732.0,0.425,279.0,860.0,0.324,883.0,1872.0,0.472,455.0,592.0,0.769,296.0,1010.0,1306.0,777.0,249.0,127.0,506.0,674.0,3058.0,37.2,87.5,0.425,8.9,27.5,0.324,28.3,59.9,0.472,14.6,19.0,0.769,9.5,32.3,41.8,24.9,8.0,4.1,16.2,21.6,97.9,0.425,13.0,0.685,0.205,0.283,0.106,0.091,0.315,0.472,0.609,0.42,0.428,0.373,0.324,0.618,0.828,0.155,0.331
NYL,PHO,8,26,84,70,2,2,2,1,0,1,1,1,2,1,2,0,1,2,1,2,2,0,0,0,1,1,1,0,3,1,1,30.8,68.7,0.448,10.1,29.0,0.349,20.6,39.7,0.52,14.0,17.2,0.814,8.5,28.1,36.6,22.8,7.9,4.5,12.7,15.4,85.6,1230,2747,0.448,405,1160,0.349,825,1587,0.52,559,687,0.814,338,1125,1463,911,316,179,506,615,3424,28.5,32,8,33,7,9.15,-1.09,8.06,109.6,97.9,11.7,78.1,0.25,0.422,0.561,0.521,14.2,25.1,0.203,0.476,14.5,79.2,0.167,39.4,88.0,0.448,13.0,37.1,0.349,26.4,50.8,0.52,17.9,22.0,0.814,10.8,36.0,46.8,29.2,10.1,5.7,16.2,19.7,109.6,0.448,14.5,0.578,0.159,0.258,0.108,0.053,0.422,0.52,0.712,0.486,0.404,0.345,0.349,0.657,0.911,0.201,0.403,29.1,68.3,0.425,7.0,21.5,0.324,22.1,46.8,0.472,11.4,14.8,0.769,7.4,25.3,32.7,19.4,6.2,3.2,12.7,16.9,76.5,1162.0,2732.0,0.425,279.0,860.0,0.324,883.0,1872.0,0.472,455.0,592.0,0.769,296.0,1010.0,1306.0,777.0,249.0,127.0,506.0,674.0,3058.0,37.2,87.5,0.425,8.9,27.5,0.324,28.3,59.9,0.472,14.6,19.0,0.769,9.5,32.3,41.8,24.9,8.0,4.1,16.2,21.6,97.9,0.425,13.0,0.685,0.205,0.283,0.106,0.091,0.315,0.472,0.609,0.42,0.428,0.373,0.324,0.618,0.828,0.155,0.331
NYL,LAS,8,28,88,94,2,1,2,1,0,1,1,1,2,1,2,0,1,1,1,1,1,0,0,0,0,1,1,0,2,1,1,30.8,68.7,0.448,10.1,29.0,0.349,20.6,39.7,0.52,14.0,17.2,0.814,8.5,28.1,36.6,22.8,7.9,4.5,12.7,15.4,85.6,1230,2747,0.448,405,1160,0.349,825,1587,0.52,559,687,0.814,338,1125,1463,911,316,179,506,615,3424,28.5,32,8,33,7,9.15,-1.09,8.06,109.6,97.9,11.7,78.1,0.25,0.422,0.561,0.521,14.2,25.1,0.203,0.476,14.5,79.2,0.167,39.4,88.0,0.448,13.0,37.1,0.349,26.4,50.8,0.52,17.9,22.0,0.814,10.8,36.0,46.8,29.2,10.1,5.7,16.2,19.7,109.6,0.448,14.5,0.578,0.159,0.258,0.108,0.053,0.422,0.52,0.712,0.486,0.404,0.345,0.349,0.657,0.911,0.201,0.403,29.1,68.3,0.425,7.0,21.5,0.324,22.1,46.8,0.472,11.4,14.8,0.769,7.4,25.3,32.7,19.4,6.2,3.2,12.7,16.9,76.5,1162.0,2732.0,0.425,279.0,860.0,0.324,883.0,1872.0,0.472,455.0,592.0,0.769,296.0,1010.0,1306.0,777.0,249.0,127.0,506.0,674.0,3058.0,37.2,87.5,0.425,8.9,27.5,0.324,28.3,59.9,0.472,14.6,19.0,0.769,9.5,32.3,41.8,24.9,8.0,4.1,16.2,21.6,97.9,0.425,13.0,0.685,0.205,0.283,0.106,0.091,0.315,0.472,0.609,0.42,0.428,0.373,0.324,0.618,0.828,0.155,0.331
NYL,SEA,8,30,98,85,2,2,2,1,0,1,1,1,2,1,2,0,1,2,1,2,2,0,0,0,1,1,1,0,3,1,1,30.8,68.7,0.448,10.1,29.0,0.349,20.6,39.7,0.52,14.0,17.2,0.814,8.5,28.1,36.6,22.8,7.9,4.5,12.7,15.4,85.6,1230,2747,0.448,405,1160,0.349,825,1587,0.52,559,687,0.814,338,1125,1463,911,316,179,506,615,3424,28.5,32,8,33,7,9.15,-1.09,8.06,109.6,97.9,11.7,78.1,0.25,0.422,0.561,0.521,14.2,25.1,0.203,0.476,14.5,79.2,0.167,39.4,88.0,0.448,13.0,37.1,0.349,26.4,50.8,0.52,17.9,22.0,0.814,10.8,36.0,46.8,29.2,10.1,5.7,16.2,19.7,109.6,0.448,14.5,0.578,0.159,0.258,0.108,0.053,0.422,0.52,0.712,0.486,0.404,0.345,0.349,0.657,0.911,0.201,0.403,29.1,68.3,0.425,7.0,21.5,0.324,22.1,46.8,0.472,11.4,14.8,0.769,7.4,25.3,32.7,19.4,6.2,3.2,12.7,16.9,76.5,1162.0,2732.0,0.425,279.0,860.0,0.324,883.0,1872.0,0.472,455.0,592.0,0.769,296.0,1010.0,1306.0,777.0,249.0,127.0,506.0,674.0,3058.0,37.2,87.5,0.425,8.9,27.5,0.324,28.3,59.9,0.472,14.6,19.0,0.769,9.5,32.3,41.8,24.9,8.0,4.1,16.2,21.6,97.9,0.425,13.0,0.685,0.205,0.283,0.106,0.091,0.315,0.472,0.609,0.42,0.428,0.373,0.324,0.618,0.828,0.155,0.331
NYL,SEA,9,5,77,70,2,2,2,1,0,1,1,1,2,1,2,0,1,2,1,2,2,0,0,0,1,1,1,0,3,1,1,30.8,68.7,0.448,10.1,29.0,0.349,20.6,39.7,0.52,14.0,17.2,0.814,8.5,28.1,36.6,22.8,7.9,4.5,12.7,15.4,85.6,1230,2747,0.448,405,1160,0.349,825,1587,0.52,559,687,0.814,338,1125,1463,911,316,179,506,615,3424,28.5,32,8,33,7,9.15,-1.09,8.06,109.6,97.9,11.7,78.1,0.25,0.422,0.561,0.521,14.2,25.1,0.203,0.476,14.5,79.2,0.167,39.4,88.0,0.448,13.0,37.1,0.349,26.4,50.8,0.52,17.9,22.0,0.814,10.8,36.0,46.8,29.2,10.1,5.7,16.2,19.7,109.6,0.448,14.5,0.578,0.159,0.258,0.108,0.053,0.422,0.52,0.712,0.486,0.404,0.345,0.349,0.657,0.911,0.201,0.403,29.1,68.3,0.425,7.0,21.5,0.324,22.1,46.8,0.472,11.4,14.8,0.769,7.4,25.3,32.7,19.4,6.2,3.2,12.7,16.9,76.5,1162.0,2732.0,0.425,279.0,860.0,0.324,883.0,1872.0,0.472,455.0,592.0,0.769,296.0,1010.0,1306.0,777.0,249.0,127.0,506.0,674.0,3058.0,37.2,87.5,0.425,8.9,27.5,0.324,28.3,59.9,0.472,14.6,19.0,0.769,9.5,32.3,41.8,24.9,8.0,4.1,16.2,21.6,97.9,0.425,13.0,0.685,0.205,0.283,0.106,0.091,0.315,0.472,0.609,0.42,0.428,0.373,0.324,0.618,0.828,0.155,0.331
NYL,LVA,9,8,75,71,2,2,2,1,0,1,1,1,2,1,2,0,1,2,1,2,2,0,0,0,1,1,1,0,3,1,1,30.8,68.7,0.448,10.1,29.0,0.349,20.6,39.7,0.52,14.0,17.2,0.814,8.5,28.1,36.6,22.8,7.9,4.5,12.7,15.4,85.6,1230,2747,0.448,405,1160,0.349,825,1587,0.52,559,687,0.814,338,1125,1463,911,316,179,506,615,3424,28.5,32,8,33,7,9.15,-1.09,8.06,109.6,97.9,11.7,78.1,0.25,0.422,0.561,0.521,14.2,25.1,0.203,0.476,14.5,79.2,0.167,39.4,88.0,0.448,13.0,37.1,0.349,26.4,50.8,0.52,17.9,22.0,0.814,10.8,36.0,46.8,29.2,10.1,5.7,16.2,19.7,109.6,0.448,14.5,0.578,0.159,0.258,0.108,0.053,0.422,0.52,0.712,0.486,0.404,0.345,0.349,0.657,0.911,0.201,0.403,29.1,68.3,0.425,7.0,21.5,0.324,22.1,46.8,0.472,11.4,14.8,0.769,7.4,25.3,32.7,19.4,6.2,3.2,12.7,16.9,76.5,1162.0,2732.0,0.425,279.0,860.0,0.324,883.0,1872.0,0.472,455.0,592.0,0.769,296.0,1010.0,1306.0,777.0,249.0,127.0,506.0,674.0,3058.0,37.2,87.5,0.425,8.9,27.5,0.324,28.3,59.9,0.472,14.6,19.0,0.769,9.5,32.3,41.8,24.9,8.0,4.1,16.2,21.6,97.9,0.425,13.0,0.685,0.205,0.283,0.106,0.091,0.315,0.472,0.609,0.42,0.428,0.373,0.324,0.618,0.828,0.155,0.331
NYL,DAL,9,10,105,91,2,2,2,1,1,1,1,1,2,1,2,0,1,2,1,2,2,0,0,0,3,1,1,0,3,1,1,30.8,68.7,0.448,10.1,29.0,0.349,20.6,39.7,0.52,14.0,17.2,0.814,8.5,28.1,36.6,22.8,7.9,4.5,12.7,15.4,85.6,1230,2747,0.448,405,1160,0.349,825,1587,0.52,559,687,0.814,338,1125,1463,911,316,179,506,615,3424,28.5,32,8,33,7,9.15,-1.09,8.06,109.6,97.9,11.7,78.1,0.25,0.422,0.561,0.521,14.2,25.1,0.203,0.476,14.5,79.2,0.167,39.4,88.0,0.448,13.0,37.1,0.349,26.4,50.8,0.52,17.9,22.0,0.814,10.8,36.0,46.8,29.2,10.1,5.7,16.2,19.7,109.6,0.448,14.5,0.578,0.159,0.258,0.108,0.053,0.422,0.52,0.712,0.486,0.404,0.345,0.349,0.657,0.911,0.201,0.403,29.1,68.3,0.425,7.0,21.5,0.324,22.1,46.8,0.472,11.4,14.8,0.769,7.4,25.3,32.7,19.4,6.2,3.2,12.7,16.9,76.5,1162.0,2732.0,0.425,279.0,860.0,0.324,883.0,1872.0,0.472,455.0,592.0,0.769,296.0,1010.0,1306.0,777.0,249.0,127.0,506.0,674.0,3058.0,37.2,87.5,0.425,8.9,27.5,0.324,28.3,59.9,0.472,14.6,19.0,0.769,9.5,32.3,41.8,24.9,8.0,4.1,16.2,21.6,97.9,0.425,13.0,0.685,0.205,0.283,0.106,0.091,0.315,0.472,0.609,0.42,0.428,0.373,0.324,0.618,0.828,0.155,0.331
NYL,DAL,9,12,99,67,2,2,2,1,1,1,1,1,2,1,2,0,1,2,1,2,2,0,0,0,3,1,1,0,3,1,1,30.8,68.7,0.448,10.1,29.0,0.349,20.6,39.7,0.52,14.0,17.2,0.814,8.5,28.1,36.6,22.8,7.9,4.5,12.7,15.4,85.6,1230,2747,0.448,405,1160,0.349,825,1587,0.52,559,687,0.814,338,1125,1463,911,316,179,506,615,3424,28.5,32,8,33,7,9.15,-1.09,8.06,109.6,97.9,11.7,78.1,0.25,0.422,0.561,0.521,14.2,25.1,0.203,0.476,14.5,79.2,0.167,39.4,88.0,0.448,13.0,37.1,0.349,26.4,50.8,0.52,17.9,22.0,0.814,10.8,36.0,46.8,29.2,10.1,5.7,16.2,19.7,109.6,0.448,14.5,0.578,0.159,0.258,0.108,0.053,0.422,0.52,0.712,0.486,0.404,0.345,0.349,0.657,0.911,0.201,0.403,29.1,68.3,0.425,7.0,21.5,0.324,22.1,46.8,0.472,11.4,14.8,0.769,7.4,25.3,32.7,19.4,6.2,3.2,12.7,16.9,76.5,1162.0,2732.0,0.425,279.0,860.0,0.324,883.0,1872.0,0.472,455.0,592.0,0.769,296.0,1010.0,1306.0,777.0,249.0,127.0,506.0,674.0,3058.0,37.2,87.5,0.425,8.9,27.5,0.324,28.3,59.9,0.472,14.6,19.0,0.769,9.5,32.3,41.8,24.9,8.0,4.1,16.2,21.6,97.9,0.425,13.0,0.685,0.205,0.283,0.106,0.091,0.315,0.472,0.609,0.42,0.428,0.373,0.324,0.618,0.828,0.155,0.331
NYL,MIN,9,15,79,88,2,2,2,1,1,1,1,1,2,1,2,0,1,2,1,2,2,0,0,0,1,1,1,0,3,1,1,30.8,68.7,0.448,10.1,29.0,0.349,20.6,39.7,0.52,14.0,17.2,0.814,8.5,28.1,36.6,22.8,7.9,4.5,12.7,15.4,85.6,1230,2747,0.448,405,1160,0.349,825,1587,0.52,559,687,0.814,338,1125,1463,911,316,179,506,615,3424,28.5,32,8,33,7,9.15,-1.09,8.06,109.6,97.9,11.7,78.1,0.25,0.422,0.561,0.521,14.2,25.1,0.203,0.476,14.5,79.2,0.167,39.4,88.0,0.448,13.0,37.1,0.349,26.4,50.8,0.52,17.9,22.0,0.814,10.8,36.0,46.8,29.2,10.1,5.7,16.2,19.7,109.6,0.448,14.5,0.578,0.159,0.258,0.108,0.053,0.422,0.52,0.712,0.486,0.404,0.345,0.349,0.657,0.911,0.201,0.403,29.1,68.3,0.425,7.0,21.5,0.324,22.1,46.8,0.472,11.4,14.8,0.769,7.4,25.3,32.7,19.4,6.2,3.2,12.7,16.9,76.5,1162.0,2732.0,0.425,279.0,860.0,0.324,883.0,1872.0,0.472,455.0,592.0,0.769,296.0,1010.0,1306.0,777.0,249.0,127.0,506.0,674.0,3058.0,37.2,87.5,0.425,8.9,27.5,0.324,28.3,59.9,0.472,14.6,19.0,0.769,9.5,32.3,41.8,24.9,8.0,4.1,16.2,21.6,97.9,0.425,13.0,0.685,0.205,0.283,0.106,0.091,0.315,0.472,0.609,0.42,0.428,0.373,0.324,0.618,0.828,0.155,0.331
NYL,WAS,9,17,87,71,2,2,2,1,1,1,1,1,2,1,2,0,1,2,1,2,2,0,0,0,3,1,1,0,3,1,1,30.8,68.7,0.448,10.1,29.0,0.349,20.6,39.7,0.52,14.0,17.2,0.814,8.5,28.1,36.6,22.8,7.9,4.5,12.7,15.4,85.6,1230,2747,0.448,405,1160,0.349,825,1587,0.52,559,687,0.814,338,1125,1463,911,316,179,506,615,3424,28.5,32,8,33,7,9.15,-1.09,8.06,109.6,97.9,11.7,78.1,0.25,0.422,0.561,0.521,14.2,25.1,0.203,0.476,14.5,79.2,0.167,39.4,88.0,0.448,13.0,37.1,0.349,26.4,50.8,0.52,17.9,22.0,0.814,10.8,36.0,46.8,29.2,10.1,5.7,16.2,19.7,109.6,0.448,14.5,0.578,0.159,0.258,0.108,0.053,0.422,0.52,0.712,0.486,0.404,0.345,0.349,0.657,0.911,0.201,0.403,29.1,68.3,0.425,7.0,21.5,0.324,22.1,46.8,0.472,11.4,14.8,0.769,7.4,25.3,32.7,19.4,6.2,3.2,12.7,16.9,76.5,1162.0,2732.0,0.425,279.0,860.0,0.324,883.0,1872.0,0.472,455.0,592.0,0.769,296.0,1010.0,1306.0,777.0,249.0,127.0,506.0,674.0,3058.0,37.2,87.5,0.425,8.9,27.5,0.324,28.3,59.9,0.472,14.6,19.0,0.769,9.5,32.3,41.8,24.9,8.0,4.1,16.2,21.6,97.9,0.425,13.0,0.685,0.205,0.283,0.106,0.091,0.315,0.472,0.609,0.42,0.428,0.373,0.324,0.618,0.828,0.155,0.331
NYL,ATL,9,19,67,78,2,2,2,1,1,1,1,1,2,1,2,0,1,2,1,2,2,0,0,0,2,1,1,0,3,1,1,30.8,68.7,0.448,10.1,29.0,0.349,20.6,39.7,0.52,14.0,17.2,0.814,8.5,28.1,36.6,22.8,7.9,4.5,12.7,15.4,85.6,1230,2747,0.448,405,1160,0.349,825,1587,0.52,559,687,0.814,338,1125,1463,911,316,179,506,615,3424,28.5,32,8,33,7,9.15,-1.09,8.06,109.6,97.9,11.7,78.1,0.25,0.422,0.561,0.521,14.2,25.1,0.203,0.476,14.5,79.2,0.167,39.4,88.0,0.448,13.0,37.1,0.349,26.4,50.8,0.52,17.9,22.0,0.814,10.8,36.0,46.8,29.2,10.1,5.7,16.2,19.7,109.6,0.448,14.5,0.578,0.159,0.258,0.108,0.053,0.422,0.52,0.712,0.486,0.404,0.345,0.349,0.657,0.911,0.201,0.403,29.1,68.3,0.425,7.0,21.5,0.324,22.1,46.8,0.472,11.4,14.8,0.769,7.4,25.3,32.7,19.4,6.2,3.2,12.7,16.9,76.5,1162.0,2732.0,0.425,279.0,860.0,0.324,883.0,1872.0,0.472,455.0,592.0,0.769,296.0,1010.0,1306.0,777.0,249.0,127.0,506.0,674.0,3058.0,37.2,87.5,0.425,8.9,27.5,0.324,28.3,59.9,0.472,14.6,19.0,0.769,9.5,32.3,41.8,24.9,8.0,4.1,16.2,21.6,97.9,0.425,13.0,0.685,0.205,0.283,0.106,0.091,0.315,0.472,0.609,0.42,0.428,0.373,0.324,0.618,0.828,0.155,0.331
PHO,LVA,5,14,80,89,1,0,1,1,0,1,0,1,1,2,1,0,1,0,0,0,0,0,0,2,1,0,1,0,0,1,1,29.1,66.3,0.439,8.5,26.2,0.326,20.6,40.2,0.512,14.7,18.4,0.799,6.7,25.6,32.3,19.9,6.6,4.7,13.3,16.9,81.5,1164,2653,0.439,341,1046,0.326,823,1607,0.512,589,737,0.799,269,1024,1293,794,264,189,530,676,3258,30.4,19,21,15,25,-3.3,0.33,-2.97,103.6,107.8,-4.2,78.2,0.278,0.394,0.547,0.503,15.1,20.0,0.222,0.496,13.1,71.6,0.189,37.0,84.4,0.439,10.8,33.3,0.326,26.2,51.1,0.512,18.7,23.4,0.799,8.6,32.6,41.1,25.3,8.4,6.0,16.9,21.5,103.6,0.439,14.5,0.606,0.173,0.248,0.096,0.089,0.394,0.512,0.734,0.439,0.406,0.398,0.326,0.606,0.865,0.179,0.316,30.9,71.7,0.431,9.4,27.4,0.342,21.6,44.4,0.486,13.6,17.5,0.777,10.2,26.8,37.0,22.0,7.0,3.3,12.0,17.0,84.8,1237.0,2869.0,0.431,374.0,1094.0,0.342,863.0,1775.0,0.486,542.0,698.0,0.777,406.0,1073.0,1479.0,879.0,281.0,133.0,478.0,679.0,3390.0,39.3,91.2,0.431,11.9,34.8,0.342,27.4,56.4,0.486,17.2,22.2,0.777,12.9,34.1,47.0,28.0,8.9,4.2,15.2,21.6,107.8,0.431,14.0,0.619,0.176,0.241,0.102,0.1,0.381,0.486,0.707,0.423,0.39,0.347,0.342,0.641,0.872,0.185,0.356
PHO,ATL,5,18,88,85,1,0,1,1,1,1,0,1,1,2,1,0,1,0,0,0,0,0,0,2,1,0,1,0,0,1,1,29.1,66.3,0.439,8.5,26.2,0.326,20.6,40.2,0.512,14.7,18.4,0.799,6.7,25.6,32.3,19.9,6.6,4.7,13.3,16.9,81.5,1164,2653,0.439,341,1046,0.326,823,1607,0.512,589,737,0.799,269,1024,1293,794,264,189,530,676,3258,30.4,19,21,15,25,-3.3,0.33,-2.97,103.6,107.8,-4.2,78.2,0.278,0.394,0.547,0.503,15.1,20.0,0.222,0.496,13.1,71.6,0.189,37.0,84.4,0.439,10.8,33.3,0.326,26.2,51.1,0.512,18.7,23.4,0.799,8.6,32.6,41.1,25.3,8.4,6.0,16.9,21.5,103.6,0.439,14.5,0.606,0.173,0.248,0.096,0.089,0.394,0.512,0.734,0.439,0.406,0.398,0.326,0.606,0.865,0.179,0.316,30.9,71.7,0.431,9.4,27.4,0.342,21.6,44.4,0.486,13.6,17.5,0.777,10.2,26.8,37.0,22.0,7.0,3.3,12.0,17.0,84.8,1237.0,2869.0,0.431,374.0,1094.0,0.342,863.0,1775.0,0.486,542.0,698.0,0.777,406.0,1073.0,1479.0,879.0,281.0,133.0,478.0,679.0,3390.0,39.3,91.2,0.431,11.9,34.8,0.342,27.4,56.4,0.486,17.2,22.2,0.777,12.9,34.1,47.0,28.0,8.9,4.2,15.2,21.6,107.8,0.431,14.0,0.619,0.176,0.241,0.102,0.1,0.381,0.486,0.707,0.423,0.39,0.347,0.342,0.641,0.872,0.185,0.356
PHO,LVA,5,21,98,88,1,0,1,1,1,1,0,1,1,2,1,0,1,0,0,0,0,0,0,2,1,0,1,0,0,1,1,29.1,66.3,0.439,8.5,26.2,0.326,20.6,40.2,0.512,14.7,18.4,0.799,6.7,25.6,32.3,19.9,6.6,4.7,13.3,16.9,81.5,1164,2653,0.439,341,1046,0.326,823,1607,0.512,589,737,0.799,269,1024,1293,794,264,189,530,676,3258,30.4,19,21,15,25,-3.3,0.33,-2.97,103.6,107.8,-4.2,78.2,0.278,0.394,0.547,0.503,15.1,20.0,0.222,0.496,13.1,71.6,0.189,37.0,84.4,0.439,10.8,33.3,0.326,26.2,51.1,0.512,18.7,23.4,0.799,8.6,32.6,41.1,25.3,8.4,6.0,16.9,21.5,103.6,0.439,14.5,0.606,0.173,0.248,0.096,0.089,0.394,0.512,0.734,0.439,0.406,0.398,0.326,0.606,0.865,0.179,0.316,30.9,71.7,0.431,9.4,27.4,0.342,21.6,44.4,0.486,13.6,17.5,0.777,10.2,26.8,37.0,22.0,7.0,3.3,12.0,17.0,84.8,1237.0,2869.0,0.431,374.0,1094.0,0.342,863.0,1775.0,0.486,542.0,698.0,0.777,406.0,1073.0,1479.0,879.0,281.0,133.0,478.0,679.0,3390.0,39.3,91.2,0.431,11.9,34.8,0.342,27.4,56.4,0.486,17.2,22.2,0.777,12.9,34.1,47.0,28.0,8.9,4.2,15.2,21.6,107.8,0.431,14.0,0.619,0.176,0.241,0.102,0.1,0.381,0.486,0.707,0.423,0.39,0.347,0.342,0.641,0.872,0.185,0.356
PHO,WAS,5,23,83,80,1,0,1,1,1,1,0,1,1,2,1,0,1,0,0,0,0,0,0,2,1,0,1,0,0,1,1,29.1,66.3,0.439,8.5,26.2,0.326,20.6,40.2,0.512,14.7,18.4,0.799,6.7,25.6,32.3,19.9,6.6,4.7,13.3,16.9,81.5,1164,2653,0.439,341,1046,0.326,823,1607,0.512,589,737,0.799,269,1024,1293,794,264,189,530,676,3258,30.4,19,21,15,25,-3.3,0.33,-2.97,103.6,107.8,-4.2,78.2,0.278,0.394,0.547,0.503,15.1,20.0,0.222,0.496,13.1,71.6,0.189,37.0,84.4,0.439,10.8,33.3,0.326,26.2,51.1,0.512,18.7,23.4,0.799,8.6,32.6,41.1,25.3,8.4,6.0,16.9,21.5,103.6,0.439,14.5,0.606,0.173,0.248,0.096,0.089,0.394,0.512,0.734,0.439,0.406,0.398,0.326,0.606,0.865,0.179,0.316,30.9,71.7,0.431,9.4,27.4,0.342,21.6,44.4,0.486,13.6,17.5,0.777,10.2,26.8,37.0,22.0,7.0,3.3,12.0,17.0,84.8,1237.0,2869.0,0.431,374.0,1094.0,0.342,863.0,1775.0,0.486,542.0,698.0,0.777,406.0,1073.0,1479.0,879.0,281.0,133.0,478.0,679.0,3390.0,39.3,91.2,0.431,11.9,34.8,0.342,27.4,56.4,0.486,17.2,22.2,0.777,12.9,34.1,47.0,28.0,8.9,4.2,15.2,21.6,107.8,0.431,14.0,0.619,0.176,0.241,0.102,0.1,0.381,0.486,0.707,0.423,0.39,0.347,0.342,0.641,0.872,0.185,0.356
PHO,DAL,5,25,92,107,1,0,1,1,1,1,0,1,1,2,1,0,1,0,0,0,0,0,0,2,1,0,1,0,0,1,1,29.1,66.3,0.439,8.5,26.2,0.326,20.6,40.2,0.512,14.7,18.4,0.799,6.7,25.6,32.3,19.9,6.6,4.7,13.3,16.9,81.5,1164,2653,0.439,341,1046,0.326,823,1607,0.512,589,737,0.799,269,1024,1293,794,264,189,530,676,3258,30.4,19,21,15,25,-3.3,0.33,-2.97,103.6,107.8,-4.2,78.2,0.278,0.394,0.547,0.503,15.1,20.0,0.222,0.496,13.1,71.6,0.189,37.0,84.4,0.439,10.8,33.3,0.326,26.2,51.1,0.512,18.7,23.4,0.799,8.6,32.6,41.1,25.3,8.4,6.0,16.9,21.5,103.6,0.439,14.5,0.606,0.173,0.248,0.096,0.089,0.394,0.512,0.734,0.439,0.406,0.398,0.326,0.606,0.865,0.179,0.316,30.9,71.7,0.431,9.4,27.4,0.342,21.6,44.4,0.486,13.6,17.5,0.777,10.2,26.8,37.0,22.0,7.0,3.3,12.0,17.0,84.8,1237.0,2869.0,0.431,374.0,1094.0,0.342,863.0,1775.0,0.486,542.0,698.0,0.777,406.0,1073.0,1479.0,879.0,281.0,133.0,478.0,679.0,3390.0,39.3,91.2,0.431,11.9,34.8,0.342,27.4,56.4,0.486,17.2,22.2,0.777,12.9,34.1,47.0,28.0,8.9,4.2,15.2,21.6,107.8,0.431,14.0,0.619,0.176,0.241,0.102,0.1,0.381,0.486,0.707,0.423,0.39,0.347,0.342,0.641,0.872,0.185,0.356
PHO,CON,5,28,47,70,1,0,1,1,1,1,0,1,1,2,1,0,1,0,0,0,0,0,0,0,1,0,1,0,0,1,1,29.1,66.3,0.439,8.5,26.2,0.326,20.6,40.2,0.512,14.7,18.4,0.799,6.7,25.6,32.3,19.9,6.6,4.7,13.3,16.9,81.5,1164,2653,0.439,341,1046,0.326,823,1607,0.512,589,737,0.799,269,1024,1293,794,264,189,530,676,3258,30.4,19,21,15,25,-3.3,0.33,-2.97,103.6,107.8,-4.2,78.2,0.278,0.394,0.547,0.503,15.1,20.0,0.222,0.496,13.1,71.6,0.189,37.0,84.4,0.439,10.8,33.3,0.326,26.2,51.1,0.512,18.7,23.4,0.799,8.6,32.6,41.1,25.3,8.4,6.0,16.9,21.5,103.6,0.439,14.5,0.606,0.173,0.248,0.096,0.089,0.394,0.512,0.734,0.439,0.406,0.398,0.326,0.606,0.865,0.179,0.316,30.9,71.7,0.431,9.4,27.4,0.342,21.6,44.4,0.486,13.6,17.5,0.777,10.2,26.8,37.0,22.0,7.0,3.3,12.0,17.0,84.8,1237.0,2869.0,0.431,374.0,1094.0,0.342,863.0,1775.0,0.486,542.0,698.0,0.777,406.0,1073.0,1479.0,879.0,281.0,133.0,478.0,679.0,3390.0,39.3,91.2,0.431,11.9,34.8,0.342,27.4,56.4,0.486,17.2,22.2,0.777,12.9,34.1,47.0,28.0,8.9,4.2,15.2,21.6,107.8,0.431,14.0,0.619,0.176,0.241,0.102,0.1,0.381,0.486,0.707,0.423,0.39,0.347,0.342,0.641,0.872,0.185,0.356
PHO,NYL,5,29,78,81,1,0,1,1,1,1,0,1,1,2,1,0,1,0,0,0,0,0,0,1,1,0,1,0,0,1,1,29.1,66.3,0.439,8.5,26.2,0.326,20.6,40.2,0.512,14.7,18.4,0.799,6.7,25.6,32.3,19.9,6.6,4.7,13.3,16.9,81.5,1164,2653,0.439,341,1046,0.326,823,1607,0.512,589,737,0.799,269,1024,1293,794,264,189,530,676,3258,30.4,19,21,15,25,-3.3,0.33,-2.97,103.6,107.8,-4.2,78.2,0.278,0.394,0.547,0.503,15.1,20.0,0.222,0.496,13.1,71.6,0.189,37.0,84.4,0.439,10.8,33.3,0.326,26.2,51.1,0.512,18.7,23.4,0.799,8.6,32.6,41.1,25.3,8.4,6.0,16.9,21.5,103.6,0.439,14.5,0.606,0.173,0.248,0.096,0.089,0.394,0.512,0.734,0.439,0.406,0.398,0.326,0.606,0.865,0.179,0.316,30.9,71.7,0.431,9.4,27.4,0.342,21.6,44.4,0.486,13.6,17.5,0.777,10.2,26.8,37.0,22.0,7.0,3.3,12.0,17.0,84.8,1237.0,2869.0,0.431,374.0,1094.0,0.342,863.0,1775.0,0.486,542.0,698.0,0.777,406.0,1073.0,1479.0,879.0,281.0,133.0,478.0,679.0,3390.0,39.3,91.2,0.431,11.9,34.8,0.342,27.4,56.4,0.486,17.2,22.2,0.777,12.9,34.1,47.0,28.0,8.9,4.2,15.2,21.6,107.8,0.431,14.0,0.619,0.176,0.241,0.102,0.1,0.381,0.486,0.707,0.423,0.39,0.347,0.342,0.641,0.872,0.185,0.356
PHO,MIN,5,31,71,95,1,0,1,1,1,1,0,1,1,2,1,0,1,0,0,0,0,0,0,1,1,0,1,0,0,1,1,29.1,66.3,0.439,8.5,26.2,0.326,20.6,40.2,0.512,14.7,18.4,0.799,6.7,25.6,32.3,19.9,6.6,4.7,13.3,16.9,81.5,1164,2653,0.439,341,1046,0.326,823,1607,0.512,589,737,0.799,269,1024,1293,794,264,189,530,676,3258,30.4,19,21,15,25,-3.3,0.33,-2.97,103.6,107.8,-4.2,78.2,0.278,0.394,0.547,0.503,15.1,20.0,0.222,0.496,13.1,71.6,0.189,37.0,84.4,0.439,10.8,33.3,0.326,26.2,51.1,0.512,18.7,23.4,0.799,8.6,32.6,41.1,25.3,8.4,6.0,16.9,21.5,103.6,0.439,14.5,0.606,0.173,0.248,0.096,0.089,0.394,0.512,0.734,0.439,0.406,0.398,0.326,0.606,0.865,0.179,0.316,30.9,71.7,0.431,9.4,27.4,0.342,21.6,44.4,0.486,13.6,17.5,0.777,10.2,26.8,37.0,22.0,7.0,3.3,12.0,17.0,84.8,1237.0,2869.0,0.431,374.0,1094.0,0.342,863.0,1775.0,0.486,542.0,698.0,0.777,406.0,1073.0,1479.0,879.0,281.0,133.0,478.0,679.0,3390.0,39.3,91.2,0.431,11.9,34.8,0.342,27.4,56.4,0.486,17.2,22.2,0.777,12.9,34.1,47.0,28.0,8.9,4.2,15.2,21.6,107.8,0.431,14.0,0.619,0.176,0.241,0.102,0.1,0.381,0.486,0.707,0.423,0.39,0.347,0.342,0.641,0.872,0.185,0.356
PHO,LAS,6,2,87,68,1,0,1,1,0,1,0,1,1,2,1,0,1,0,0,0,0,0,0,1,1,0,1,0,0,1,1,29.1,66.3,0.439,8.5,26.2,0.326,20.6,40.2,0.512,14.7,18.4,0.799,6.7,25.6,32.3,19.9,6.6,4.7,13.3,16.9,81.5,1164,2653,0.439,341,1046,0.326,823,1607,0.512,589,737,0.799,269,1024,1293,794,264,189,530,676,3258,30.4,19,21,15,25,-3.3,0.33,-2.97,103.6,107.8,-4.2,78.2,0.278,0.394,0.547,0.503,15.1,20.0,0.222,0.496,13.1,71.6,0.189,37.0,84.4,0.439,10.8,33.3,0.326,26.2,51.1,0.512,18.7,23.4,0.799,8.6,32.6,41.1,25.3,8.4,6.0,16.9,21.5,103.6,0.439,14.5,0.606,0.173,0.248,0.096,0.089,0.394,0.512,0.734,0.439,0.406,0.398,0.326,0.606,0.865,0.179,0.316,30.9,71.7,0.431,9.4,27.4,0.342,21.6,44.4,0.486,13.6,17.5,0.777,10.2,26.8,37.0,22.0,7.0,3.3,12.0,17.0,84.8,1237.0,2869.0,0.431,374.0,1094.0,0.342,863.0,1775.0,0.486,542.0,698.0,0.777,406.0,1073.0,1479.0,879.0,281.0,133.0,478.0,679.0,3390.0,39.3,91.2,0.431,11.9,34.8,0.342,27.4,56.4,0.486,17.2,22.2,0.777,12.9,34.1,47.0,28.0,8.9,4.2,15.2,21.6,107.8,0.431,14.0,0.619,0.176,0.241,0.102,0.1,0.381,0.486,0.707,0.423,0.39,0.347,0.342,0.641,0.872,0.185,0.356
PHO,SEA,6,4,62,80,1,0,1,1,1,1,0,1,1,2,1,0,1,0,0,0,0,0,0,1,1,0,1,0,0,1,1,29.1,66.3,0.439,8.5,26.2,0.326,20.6,40.2,0.512,14.7,18.4,0.799,6.7,25.6,32.3,19.9,6.6,4.7,13.3,16.9,81.5,1164,2653,0.439,341,1046,0.326,823,1607,0.512,589,737,0.799,269,1024,1293,794,264,189,530,676,3258,30.4,19,21,15,25,-3.3,0.33,-2.97,103.6,107.8,-4.2,78.2,0.278,0.394,0.547,0.503,15.1,20.0,0.222,0.496,13.1,71.6,0.189,37.0,84.4,0.439,10.8,33.3,0.326,26.2,51.1,0.512,18.7,23.4,0.799,8.6,32.6,41.1,25.3,8.4,6.0,16.9,21.5,103.6,0.439,14.5,0.606,0.173,0.248,0.096,0.089,0.394,0.512,0.734,0.439,0.406,0.398,0.326,0.606,0.865,0.179,0.316,30.9,71.7,0.431,9.4,27.4,0.342,21.6,44.4,0.486,13.6,17.5,0.777,10.2,26.8,37.0,22.0,7.0,3.3,12.0,17.0,84.8,1237.0,2869.0,0.431,374.0,1094.0,0.342,863.0,1775.0,0.486,542.0,698.0,0.777,406.0,1073.0,1479.0,879.0,281.0,133.0,478.0,679.0,3390.0,39.3,91.2,0.431,11.9,34.8,0.342,27.4,56.4,0.486,17.2,22.2,0.777,12.9,34.1,47.0,28.0,8.9,4.2,15.2,21.6,107.8,0.431,14.0,0.619,0.176,0.241,0.102,0.1,0.381,0.486,0.707,0.423,0.39,0.347,0.342,0.641,0.872,0.185,0.356
PHO,MIN,6,7,81,80,1,1,1,1,0,1,1,1,1,2,1,0,1,1,0,0,0,0,0,2,1,0,1,0,0,2,1,29.1,66.3,0.439,8.5,26.2,0.326,20.6,40.2,0.512,14.7,18.4,0.799,6.7,25.6,32.3,19.9,6.6,4.7,13.3,16.9,81.5,1164,2653,0.439,341,1046,0.326,823,1607,0.512,589,737,0.799,269,1024,1293,794,264,189,530,676,3258,30.4,19,21,15,25,-3.3,0.33,-2.97,103.6,107.8,-4.2,78.2,0.278,0.394,0.547,0.503,15.1,20.0,0.222,0.496,13.1,71.6,0.189,37.0,84.4,0.439,10.8,33.3,0.326,26.2,51.1,0.512,18.7,23.4,0.799,8.6,32.6,41.1,25.3,8.4,6.0,16.9,21.5,103.6,0.439,14.5,0.606,0.173,0.248,0.096,0.089,0.394,0.512,0.734,0.439,0.406,0.398,0.326,0.606,0.865,0.179,0.316,30.9,71.7,0.431,9.4,27.4,0.342,21.6,44.4,0.486,13.6,17.5,0.777,10.2,26.8,37.0,22.0,7.0,3.3,12.0,17.0,84.8,1237.0,2869.0,0.431,374.0,1094.0,0.342,863.0,1775.0,0.486,542.0,698.0,0.777,406.0,1073.0,1479.0,879.0,281.0,133.0,478.0,679.0,3390.0,39.3,91.2,0.431,11.9,34.8,0.342,27.4,56.4,0.486,17.2,22.2,0.777,12.9,34.1,47.0,28.0,8.9,4.2,15.2,21.6,107.8,0.431,14.0,0.619,0.176,0.241,0.102,0.1,0.381,0.486,0.707,0.423,0.39,0.347,0.342,0.641,0.872,0.185,0.356
PHO,DAL,6,9,97,90,1,1,1,1,0,1,1,1,1,2,1,0,1,1,0,0,0,0,0,2,1,0,1,0,0,2,1,29.1,66.3,0.439,8.5,26.2,0.326,20.6,40.2,0.512,14.7,18.4,0.799,6.7,25.6,32.3,19.9,6.6,4.7,13.3,16.9,81.5,1164,2653,0.439,341,1046,0.326,823,1607,0.512,589,737,0.799,269,1024,1293,794,264,189,530,676,3258,30.4,19,21,15,25,-3.3,0.33,-2.97,103.6,107.8,-4.2,78.2,0.278,0.394,0.547,0.503,15.1,20.0,0.222,0.496,13.1,71.6,0.189,37.0,84.4,0.439,10.8,33.3,0.326,26.2,51.1,0.512,18.7,23.4,0.799,8.6,32.6,41.1,25.3,8.4,6.0,16.9,21.5,103.6,0.439,14.5,0.606,0.173,0.248,0.096,0.089,0.394,0.512,0.734,0.439,0.406,0.398,0.326,0.606,0.865,0.179,0.316,30.9,71.7,0.431,9.4,27.4,0.342,21.6,44.4,0.486,13.6,17.5,0.777,10.2,26.8,37.0,22.0,7.0,3.3,12.0,17.0,84.8,1237.0,2869.0,0.431,374.0,1094.0,0.342,863.0,1775.0,0.486,542.0,698.0,0.777,406.0,1073.0,1479.0,879.0,281.0,133.0,478.0,679.0,3390.0,39.3,91.2,0.431,11.9,34.8,0.342,27.4,56.4,0.486,17.2,22.2,0.777,12.9,34.1,47.0,28.0,8.9,4.2,15.2,21.6,107.8,0.431,14.0,0.619,0.176,0.241,0.102,0.1,0.381,0.486,0.707,0.423,0.39,0.347,0.342,0.641,0.872,0.185,0.356
PHO,LVA,6,13,99,103,1,1,1,1,0,1,1,1,1,2,1,0,1,1,0,0,0,0,0,2,1,0,1,0,0,2,1,29.1,66.3,0.439,8.5,26.2,0.326,20.6,40.2,0.512,14.7,18.4,0.799,6.7,25.6,32.3,19.9,6.6,4.7,13.3,16.9,81.5,1164,2653,0.439,341,1046,0.326,823,1607,0.512,589,737,0.799,269,1024,1293,794,264,189,530,676,3258,30.4,19,21,15,25,-3.3,0.33,-2.97,103.6,107.8,-4.2,78.2,0.278,0.394,0.547,0.503,15.1,20.0,0.222,0.496,13.1,71.6,0.189,37.0,84.4,0.439,10.8,33.3,0.326,26.2,51.1,0.512,18.7,23.4,0.799,8.6,32.6,41.1,25.3,8.4,6.0,16.9,21.5,103.6,0.439,14.5,0.606,0.173,0.248,0.096,0.089,0.394,0.512,0.734,0.439,0.406,0.398,0.326,0.606,0.865,0.179,0.316,30.9,71.7,0.431,9.4,27.4,0.342,21.6,44.4,0.486,13.6,17.5,0.777,10.2,26.8,37.0,22.0,7.0,3.3,12.0,17.0,84.8,1237.0,2869.0,0.431,374.0,1094.0,0.342,863.0,1775.0,0.486,542.0,698.0,0.777,406.0,1073.0,1479.0,879.0,281.0,133.0,478.0,679.0,3390.0,39.3,91.2,0.431,11.9,34.8,0.342,27.4,56.4,0.486,17.2,22.2,0.777,12.9,34.1,47.0,28.0,8.9,4.2,15.2,21.6,107.8,0.431,14.0,0.619,0.176,0.241,0.102,0.1,0.381,0.486,0.707,0.423,0.39,0.347,0.342,0.641,0.872,0.185,0.356
PHO,SEA,6,16,87,78,1,1,1,1,0,1,1,1,1,2,1,0,1,1,0,0,0,0,0,2,1,0,1,0,0,2,1,29.1,66.3,0.439,8.5,26.2,0.326,20.6,40.2,0.512,14.7,18.4,0.799,6.7,25.6,32.3,19.9,6.6,4.7,13.3,16.9,81.5,1164,2653,0.439,341,1046,0.326,823,1607,0.512,589,737,0.799,269,1024,1293,794,264,189,530,676,3258,30.4,19,21,15,25,-3.3,0.33,-2.97,103.6,107.8,-4.2,78.2,0.278,0.394,0.547,0.503,15.1,20.0,0.222,0.496,13.1,71.6,0.189,37.0,84.4,0.439,10.8,33.3,0.326,26.2,51.1,0.512,18.7,23.4,0.799,8.6,32.6,41.1,25.3,8.4,6.0,16.9,21.5,103.6,0.439,14.5,0.606,0.173,0.248,0.096,0.089,0.394,0.512,0.734,0.439,0.406,0.398,0.326,0.606,0.865,0.179,0.316,30.9,71.7,0.431,9.4,27.4,0.342,21.6,44.4,0.486,13.6,17.5,0.777,10.2,26.8,37.0,22.0,7.0,3.3,12.0,17.0,84.8,1237.0,2869.0,0.431,374.0,1094.0,0.342,863.0,1775.0,0.486,542.0,698.0,0.777,406.0,1073.0,1479.0,879.0,281.0,133.0,478.0,679.0,3390.0,39.3,91.2,0.431,11.9,34.8,0.342,27.4,56.4,0.486,17.2,22.2,0.777,12.9,34.1,47.0,28.0,8.9,4.2,15.2,21.6,107.8,0.431,14.0,0.619,0.176,0.241,0.102,0.1,0.381,0.486,0.707,0.423,0.39,0.347,0.342,0.641,0.872,0.185,0.356
PHO,NYL,6,18,99,93,1,1,1,1,0,1,1,1,1,2,1,0,1,1,0,0,0,0,0,2,1,0,1,0,0,2,1,29.1,66.3,0.439,8.5,26.2,0.326,20.6,40.2,0.512,14.7,18.4,0.799,6.7,25.6,32.3,19.9,6.6,4.7,13.3,16.9,81.5,1164,2653,0.439,341,1046,0.326,823,1607,0.512,589,737,0.799,269,1024,1293,794,264,189,530,676,3258,30.4,19,21,15,25,-3.3,0.33,-2.97,103.6,107.8,-4.2,78.2,0.278,0.394,0.547,0.503,15.1,20.0,0.222,0.496,13.1,71.6,0.189,37.0,84.4,0.439,10.8,33.3,0.326,26.2,51.1,0.512,18.7,23.4,0.799,8.6,32.6,41.1,25.3,8.4,6.0,16.9,21.5,103.6,0.439,14.5,0.606,0.173,0.248,0.096,0.089,0.394,0.512,0.734,0.439,0.406,0.398,0.326,0.606,0.865,0.179,0.316,30.9,71.7,0.431,9.4,27.4,0.342,21.6,44.4,0.486,13.6,17.5,0.777,10.2,26.8,37.0,22.0,7.0,3.3,12.0,17.0,84.8,1237.0,2869.0,0.431,374.0,1094.0,0.342,863.0,1775.0,0.486,542.0,698.0,0.777,406.0,1073.0,1479.0,879.0,281.0,133.0,478.0,679.0,3390.0,39.3,91.2,0.431,11.9,34.8,0.342,27.4,56.4,0.486,17.2,22.2,0.777,12.9,34.1,47.0,28.0,8.9,4.2,15.2,21.6,107.8,0.431,14.0,0.619,0.176,0.241,0.102,0.1,0.381,0.486,0.707,0.423,0.39,0.347,0.342,0.641,0.872,0.185,0.356
PHO,MIN,6,22,60,73,1,1,1,1,1,1,1,1,1,2,1,1,1,1,0,0,0,0,0,1,1,0,1,0,0,2,1,29.1,66.3,0.439,8.5,26.2,0.326,20.6,40.2,0.512,14.7,18.4,0.799,6.7,25.6,32.3,19.9,6.6,4.7,13.3,16.9,81.5,1164,2653,0.439,341,1046,0.326,823,1607,0.512,589,737,0.799,269,1024,1293,794,264,189,530,676,3258,30.4,19,21,15,25,-3.3,0.33,-2.97,103.6,107.8,-4.2,78.2,0.278,0.394,0.547,0.503,15.1,20.0,0.222,0.496,13.1,71.6,0.189,37.0,84.4,0.439,10.8,33.3,0.326,26.2,51.1,0.512,18.7,23.4,0.799,8.6,32.6,41.1,25.3,8.4,6.0,16.9,21.5,103.6,0.439,14.5,0.606,0.173,0.248,0.096,0.089,0.394,0.512,0.734,0.439,0.406,0.398,0.326,0.606,0.865,0.179,0.316,30.9,71.7,0.431,9.4,27.4,0.342,21.6,44.4,0.486,13.6,17.5,0.777,10.2,26.8,37.0,22.0,7.0,3.3,12.0,17.0,84.8,1237.0,2869.0,0.431,374.0,1094.0,0.342,863.0,1775.0,0.486,542.0,698.0,0.777,406.0,1073.0,1479.0,879.0,281.0,133.0,478.0,679.0,3390.0,39.3,91.2,0.431,11.9,34.8,0.342,27.4,56.4,0.486,17.2,22.2,0.777,12.9,34.1,47.0,28.0,8.9,4.2,15.2,21.6,107.8,0.431,14.0,0.619,0.176,0.241,0.102,0.1,0.381,0.486,0.707,0.423,0.39,0.347,0.342,0.641,0.872,0.185,0.356
PHO,LAS,6,28,92,78,1,1,1,1,1,1,1,1,1,2,1,1,1,1,0,0,0,0,0,2,1,0,1,0,0,2,1,29.1,66.3,0.439,8.5,26.2,0.326,20.6,40.2,0.512,14.7,18.4,0.799,6.7,25.6,32.3,19.9,6.6,4.7,13.3,16.9,81.5,1164,2653,0.439,341,1046,0.326,823,1607,0.512,589,737,0.799,269,1024,1293,794,264,189,530,676,3258,30.4,19,21,15,25,-3.3,0.33,-2.97,103.6,107.8,-4.2,78.2,0.278,0.394,0.547,0.503,15.1,20.0,0.222,0.496,13.1,71.6,0.189,37.0,84.4,0.439,10.8,33.3,0.326,26.2,51.1,0.512,18.7,23.4,0.799,8.6,32.6,41.1,25.3,8.4,6.0,16.9,21.5,103.6,0.439,14.5,0.606,0.173,0.248,0.096,0.089,0.394,0.512,0.734,0.439,0.406,0.398,0.326,0.606,0.865,0.179,0.316,30.9,71.7,0.431,9.4,27.4,0.342,21.6,44.4,0.486,13.6,17.5,0.777,10.2,26.8,37.0,22.0,7.0,3.3,12.0,17.0,84.8,1237.0,2869.0,0.431,374.0,1094.0,0.342,863.0,1775.0,0.486,542.0,698.0,0.777,406.0,1073.0,1479.0,879.0,281.0,133.0,478.0,679.0,3390.0,39.3,91.2,0.431,11.9,34.8,0.342,27.4,56.4,0.486,17.2,22.2,0.777,12.9,34.1,47.0,28.0,8.9,4.2,15.2,21.6,107.8,0.431,14.0,0.619,0.176,0.241,0.102,0.1,0.381,0.486,0.707,0.423,0.39,0.347,0.342,0.641,0.872,0.185,0.356
PHO,IND,6,30,82,88,1,1,1,1,0,1,1,1,1,2,1,0,1,1,0,0,0,0,0,2,1,0,1,0,0,2,1,29.1,66.3,0.439,8.5,26.2,0.326,20.6,40.2,0.512,14.7,18.4,0.799,6.7,25.6,32.3,19.9,6.6,4.7,13.3,16.9,81.5,1164,2653,0.439,341,1046,0.326,823,1607,0.512,589,737,0.799,269,1024,1293,794,264,189,530,676,3258,30.4,19,21,15,25,-3.3,0.33,-2.97,103.6,107.8,-4.2,78.2,0.278,0.394,0.547,0.503,15.1,20.0,0.222,0.496,13.1,71.6,0.189,37.0,84.4,0.439,10.8,33.3,0.326,26.2,51.1,0.512,18.7,23.4,0.799,8.6,32.6,41.1,25.3,8.4,6.0,16.9,21.5,103.6,0.439,14.5,0.606,0.173,0.248,0.096,0.089,0.394,0.512,0.734,0.439,0.406,0.398,0.326,0.606,0.865,0.179,0.316,30.9,71.7,0.431,9.4,27.4,0.342,21.6,44.4,0.486,13.6,17.5,0.777,10.2,26.8,37.0,22.0,7.0,3.3,12.0,17.0,84.8,1237.0,2869.0,0.431,374.0,1094.0,0.342,863.0,1775.0,0.486,542.0,698.0,0.777,406.0,1073.0,1479.0,879.0,281.0,133.0,478.0,679.0,3390.0,39.3,91.2,0.431,11.9,34.8,0.342,27.4,56.4,0.486,17.2,22.2,0.777,12.9,34.1,47.0,28.0,8.9,4.2,15.2,21.6,107.8,0.431,14.0,0.619,0.176,0.241,0.102,0.1,0.381,0.486,0.707,0.423,0.39,0.347,0.342,0.641,0.872,0.185,0.356
PHO,CON,7,1,72,83,1,1,1,0,0,1,1,1,1,2,1,0,1,1,0,0,0,0,0,1,1,0,0,0,0,2,1,29.1,66.3,0.439,8.5,26.2,0.326,20.6,40.2,0.512,14.7,18.4,0.799,6.7,25.6,32.3,19.9,6.6,4.7,13.3,16.9,81.5,1164,2653,0.439,341,1046,0.326,823,1607,0.512,589,737,0.799,269,1024,1293,794,264,189,530,676,3258,30.4,19,21,15,25,-3.3,0.33,-2.97,103.6,107.8,-4.2,78.2,0.278,0.394,0.547,0.503,15.1,20.0,0.222,0.496,13.1,71.6,0.189,37.0,84.4,0.439,10.8,33.3,0.326,26.2,51.1,0.512,18.7,23.4,0.799,8.6,32.6,41.1,25.3,8.4,6.0,16.9,21.5,103.6,0.439,14.5,0.606,0.173,0.248,0.096,0.089,0.394,0.512,0.734,0.439,0.406,0.398,0.326,0.606,0.865,0.179,0.316,30.9,71.7,0.431,9.4,27.4,0.342,21.6,44.4,0.486,13.6,17.5,0.777,10.2,26.8,37.0,22.0,7.0,3.3,12.0,17.0,84.8,1237.0,2869.0,0.431,374.0,1094.0,0.342,863.0,1775.0,0.486,542.0,698.0,0.777,406.0,1073.0,1479.0,879.0,281.0,133.0,478.0,679.0,3390.0,39.3,91.2,0.431,11.9,34.8,0.342,27.4,56.4,0.486,17.2,22.2,0.777,12.9,34.1,47.0,28.0,8.9,4.2,15.2,21.6,107.8,0.431,14.0,0.619,0.176,0.241,0.102,0.1,0.381,0.486,0.707,0.423,0.39,0.347,0.342,0.641,0.872,0.185,0.356
PHO,DAL,7,3,104,96,1,1,1,1,0,1,1,1,1,2,1,0,1,1,0,0,0,0,0,2,1,0,1,0,0,2,1,29.1,66.3,0.439,8.5,26.2,0.326,20.6,40.2,0.512,14.7,18.4,0.799,6.7,25.6,32.3,19.9,6.6,4.7,13.3,16.9,81.5,1164,2653,0.439,341,1046,0.326,823,1607,0.512,589,737,0.799,269,1024,1293,794,264,189,530,676,3258,30.4,19,21,15,25,-3.3,0.33,-2.97,103.6,107.8,-4.2,78.2,0.278,0.394,0.547,0.503,15.1,20.0,0.222,0.496,13.1,71.6,0.189,37.0,84.4,0.439,10.8,33.3,0.326,26.2,51.1,0.512,18.7,23.4,0.799,8.6,32.6,41.1,25.3,8.4,6.0,16.9,21.5,103.6,0.439,14.5,0.606,0.173,0.248,0.096,0.089,0.394,0.512,0.734,0.439,0.406,0.398,0.326,0.606,0.865,0.179,0.316,30.9,71.7,0.431,9.4,27.4,0.342,21.6,44.4,0.486,13.6,17.5,0.777,10.2,26.8,37.0,22.0,7.0,3.3,12.0,17.0,84.8,1237.0,2869.0,0.431,374.0,1094.0,0.342,863.0,1775.0,0.486,542.0,698.0,0.777,406.0,1073.0,1479.0,879.0,281.0,133.0,478.0,679.0,3390.0,39.3,91.2,0.431,11.9,34.8,0.342,27.4,56.4,0.486,17.2,22.2,0.777,12.9,34.1,47.0,28.0,8.9,4.2,15.2,21.6,107.8,0.431,14.0,0.619,0.176,0.241,0.102,0.1,0.381,0.486,0.707,0.423,0.39,0.347,0.342,0.641,0.872,0.185,0.356
PHO,LAS,7,7,84,78,1,1,1,0,0,1,1,1,1,2,1,0,1,1,0,0,0,0,0,1,1,0,0,0,0,2,1,29.1,66.3,0.439,8.5,26.2,0.326,20.6,40.2,0.512,14.7,18.4,0.799,6.7,25.6,32.3,19.9,6.6,4.7,13.3,16.9,81.5,1164,2653,0.439,341,1046,0.326,823,1607,0.512,589,737,0.799,269,1024,1293,794,264,189,530,676,3258,30.4,19,21,15,25,-3.3,0.33,-2.97,103.6,107.8,-4.2,78.2,0.278,0.394,0.547,0.503,15.1,20.0,0.222,0.496,13.1,71.6,0.189,37.0,84.4,0.439,10.8,33.3,0.326,26.2,51.1,0.512,18.7,23.4,0.799,8.6,32.6,41.1,25.3,8.4,6.0,16.9,21.5,103.6,0.439,14.5,0.606,0.173,0.248,0.096,0.089,0.394,0.512,0.734,0.439,0.406,0.398,0.326,0.606,0.865,0.179,0.316,30.9,71.7,0.431,9.4,27.4,0.342,21.6,44.4,0.486,13.6,17.5,0.777,10.2,26.8,37.0,22.0,7.0,3.3,12.0,17.0,84.8,1237.0,2869.0,0.431,374.0,1094.0,0.342,863.0,1775.0,0.486,542.0,698.0,0.777,406.0,1073.0,1479.0,879.0,281.0,133.0,478.0,679.0,3390.0,39.3,91.2,0.431,11.9,34.8,0.342,27.4,56.4,0.486,17.2,22.2,0.777,12.9,34.1,47.0,28.0,8.9,4.2,15.2,21.6,107.8,0.431,14.0,0.619,0.176,0.241,0.102,0.1,0.381,0.486,0.707,0.423,0.39,0.347,0.342,0.641,0.872,0.185,0.356
PHO,DAL,7,10,100,84,1,1,1,0,0,1,1,1,1,2,1,0,1,1,0,0,0,0,0,2,1,0,0,0,0,2,1,29.1,66.3,0.439,8.5,26.2,0.326,20.6,40.2,0.512,14.7,18.4,0.799,6.7,25.6,32.3,19.9,6.6,4.7,13.3,16.9,81.5,1164,2653,0.439,341,1046,0.326,823,1607,0.512,589,737,0.799,269,1024,1293,794,264,189,530,676,3258,30.4,19,21,15,25,-3.3,0.33,-2.97,103.6,107.8,-4.2,78.2,0.278,0.394,0.547,0.503,15.1,20.0,0.222,0.496,13.1,71.6,0.189,37.0,84.4,0.439,10.8,33.3,0.326,26.2,51.1,0.512,18.7,23.4,0.799,8.6,32.6,41.1,25.3,8.4,6.0,16.9,21.5,103.6,0.439,14.5,0.606,0.173,0.248,0.096,0.089,0.394,0.512,0.734,0.439,0.406,0.398,0.326,0.606,0.865,0.179,0.316,30.9,71.7,0.431,9.4,27.4,0.342,21.6,44.4,0.486,13.6,17.5,0.777,10.2,26.8,37.0,22.0,7.0,3.3,12.0,17.0,84.8,1237.0,2869.0,0.431,374.0,1094.0,0.342,863.0,1775.0,0.486,542.0,698.0,0.777,406.0,1073.0,1479.0,879.0,281.0,133.0,478.0,679.0,3390.0,39.3,91.2,0.431,11.9,34.8,0.342,27.4,56.4,0.486,17.2,22.2,0.777,12.9,34.1,47.0,28.0,8.9,4.2,15.2,21.6,107.8,0.431,14.0,0.619,0.176,0.241,0.102,0.1,0.381,0.486,0.707,0.423,0.39,0.347,0.342,0.641,0.872,0.185,0.356
PHO,IND,7,12,86,95,1,2,1,0,0,1,1,0,0,1,0,0,1,1,0,0,0,0,0,2,0,0,0,0,0,2,0,29.1,66.3,0.439,8.5,26.2,0.326,20.6,40.2,0.512,14.7,18.4,0.799,6.7,25.6,32.3,19.9,6.6,4.7,13.3,16.9,81.5,1164,2653,0.439,341,1046,0.326,823,1607,0.512,589,737,0.799,269,1024,1293,794,264,189,530,676,3258,30.4,19,21,15,25,-3.3,0.33,-2.97,103.6,107.8,-4.2,78.2,0.278,0.394,0.547,0.503,15.1,20.0,0.222,0.496,13.1,71.6,0.189,37.0,84.4,0.439,10.8,33.3,0.326,26.2,51.1,0.512,18.7,23.4,0.799,8.6,32.6,41.1,25.3,8.4,6.0,16.9,21.5,103.6,0.439,14.5,0.606,0.173,0.248,0.096,0.089,0.394,0.512,0.734,0.439,0.406,0.398,0.326,0.606,0.865,0.179,0.316,30.9,71.7,0.431,9.4,27.4,0.342,21.6,44.4,0.486,13.6,17.5,0.777,10.2,26.8,37.0,22.0,7.0,3.3,12.0,17.0,84.8,1237.0,2869.0,0.431,374.0,1094.0,0.342,863.0,1775.0,0.486,542.0,698.0,0.777,406.0,1073.0,1479.0,879.0,281.0,133.0,478.0,679.0,3390.0,39.3,91.2,0.431,11.9,34.8,0.342,27.4,56.4,0.486,17.2,22.2,0.777,12.9,34.1,47.0,28.0,8.9,4.2,15.2,21.6,107.8,0.431,14.0,0.619,0.176,0.241,0.102,0.1,0.381,0.486,0.707,0.423,0.39,0.347,0.342,0.641,0.872,0.185,0.356
PHO,CON,7,14,69,96,1,2,1,1,0,1,1,1,1,2,1,0,1,1,0,0,0,0,0,2,1,0,1,0,0,2,1,29.1,66.3,0.439,8.5,26.2,0.326,20.6,40.2,0.512,14.7,18.4,0.799,6.7,25.6,32.3,19.9,6.6,4.7,13.3,16.9,81.5,1164,2653,0.439,341,1046,0.326,823,1607,0.512,589,737,0.799,269,1024,1293,794,264,189,530,676,3258,30.4,19,21,15,25,-3.3,0.33,-2.97,103.6,107.8,-4.2,78.2,0.278,0.394,0.547,0.503,15.1,20.0,0.222,0.496,13.1,71.6,0.189,37.0,84.4,0.439,10.8,33.3,0.326,26.2,51.1,0.512,18.7,23.4,0.799,8.6,32.6,41.1,25.3,8.4,6.0,16.9,21.5,103.6,0.439,14.5,0.606,0.173,0.248,0.096,0.089,0.394,0.512,0.734,0.439,0.406,0.398,0.326,0.606,0.865,0.179,0.316,30.9,71.7,0.431,9.4,27.4,0.342,21.6,44.4,0.486,13.6,17.5,0.777,10.2,26.8,37.0,22.0,7.0,3.3,12.0,17.0,84.8,1237.0,2869.0,0.431,374.0,1094.0,0.342,863.0,1775.0,0.486,542.0,698.0,0.777,406.0,1073.0,1479.0,879.0,281.0,133.0,478.0,679.0,3390.0,39.3,91.2,0.431,11.9,34.8,0.342,27.4,56.4,0.486,17.2,22.2,0.777,12.9,34.1,47.0,28.0,8.9,4.2,15.2,21.6,107.8,0.431,14.0,0.619,0.176,0.241,0.102,0.1,0.381,0.486,0.707,0.423,0.39,0.347,0.342,0.641,0.872,0.185,0.356
PHO,WAS,7,16,96,87,1,2,1,1,0,1,1,1,1,2,1,0,1,1,0,0,0,0,0,2,1,0,1,0,0,2,1,29.1,66.3,0.439,8.5,26.2,0.326,20.6,40.2,0.512,14.7,18.4,0.799,6.7,25.6,32.3,19.9,6.6,4.7,13.3,16.9,81.5,1164,2653,0.439,341,1046,0.326,823,1607,0.512,589,737,0.799,269,1024,1293,794,264,189,530,676,3258,30.4,19,21,15,25,-3.3,0.33,-2.97,103.6,107.8,-4.2,78.2,0.278,0.394,0.547,0.503,15.1,20.0,0.222,0.496,13.1,71.6,0.189,37.0,84.4,0.439,10.8,33.3,0.326,26.2,51.1,0.512,18.7,23.4,0.799,8.6,32.6,41.1,25.3,8.4,6.0,16.9,21.5,103.6,0.439,14.5,0.606,0.173,0.248,0.096,0.089,0.394,0.512,0.734,0.439,0.406,0.398,0.326,0.606,0.865,0.179,0.316,30.9,71.7,0.431,9.4,27.4,0.342,21.6,44.4,0.486,13.6,17.5,0.777,10.2,26.8,37.0,22.0,7.0,3.3,12.0,17.0,84.8,1237.0,2869.0,0.431,374.0,1094.0,0.342,863.0,1775.0,0.486,542.0,698.0,0.777,406.0,1073.0,1479.0,879.0,281.0,133.0,478.0,679.0,3390.0,39.3,91.2,0.431,11.9,34.8,0.342,27.4,56.4,0.486,17.2,22.2,0.777,12.9,34.1,47.0,28.0,8.9,4.2,15.2,21.6,107.8,0.431,14.0,0.619,0.176,0.241,0.102,0.1,0.381,0.486,0.707,0.423,0.39,0.347,0.342,0.641,0.872,0.185,0.356
PHO,CHI,8,15,85,65,1,2,1,1,0,1,1,1,1,2,1,0,1,1,0,0,0,0,0,1,1,0,1,0,0,2,1,29.1,66.3,0.439,8.5,26.2,0.326,20.6,40.2,0.512,14.7,18.4,0.799,6.7,25.6,32.3,19.9,6.6,4.7,13.3,16.9,81.5,1164,2653,0.439,341,1046,0.326,823,1607,0.512,589,737,0.799,269,1024,1293,794,264,189,530,676,3258,30.4,19,21,15,25,-3.3,0.33,-2.97,103.6,107.8,-4.2,78.2,0.278,0.394,0.547,0.503,15.1,20.0,0.222,0.496,13.1,71.6,0.189,37.0,84.4,0.439,10.8,33.3,0.326,26.2,51.1,0.512,18.7,23.4,0.799,8.6,32.6,41.1,25.3,8.4,6.0,16.9,21.5,103.6,0.439,14.5,0.606,0.173,0.248,0.096,0.089,0.394,0.512,0.734,0.439,0.406,0.398,0.326,0.606,0.865,0.179,0.316,30.9,71.7,0.431,9.4,27.4,0.342,21.6,44.4,0.486,13.6,17.5,0.777,10.2,26.8,37.0,22.0,7.0,3.3,12.0,17.0,84.8,1237.0,2869.0,0.431,374.0,1094.0,0.342,863.0,1775.0,0.486,542.0,698.0,0.777,406.0,1073.0,1479.0,879.0,281.0,133.0,478.0,679.0,3390.0,39.3,91.2,0.431,11.9,34.8,0.342,27.4,56.4,0.486,17.2,22.2,0.777,12.9,34.1,47.0,28.0,8.9,4.2,15.2,21.6,107.8,0.431,14.0,0.619,0.176,0.241,0.102,0.1,0.381,0.486,0.707,0.423,0.39,0.347,0.342,0.641,0.872,0.185,0.356
PHO,IND,8,16,89,98,1,1,1,1,0,1,1,1,1,2,1,0,1,1,0,0,0,0,0,1,1,0,1,0,0,2,1,29.1,66.3,0.439,8.5,26.2,0.326,20.6,40.2,0.512,14.7,18.4,0.799,6.7,25.6,32.3,19.9,6.6,4.7,13.3,16.9,81.5,1164,2653,0.439,341,1046,0.326,823,1607,0.512,589,737,0.799,269,1024,1293,794,264,189,530,676,3258,30.4,19,21,15,25,-3.3,0.33,-2.97,103.6,107.8,-4.2,78.2,0.278,0.394,0.547,0.503,15.1,20.0,0.222,0.496,13.1,71.6,0.189,37.0,84.4,0.439,10.8,33.3,0.326,26.2,51.1,0.512,18.7,23.4,0.799,8.6,32.6,41.1,25.3,8.4,6.0,16.9,21.5,103.6,0.439,14.5,0.606,0.173,0.248,0.096,0.089,0.394,0.512,0.734,0.439,0.406,0.398,0.326,0.606,0.865,0.179,0.316,30.9,71.7,0.431,9.4,27.4,0.342,21.6,44.4,0.486,13.6,17.5,0.777,10.2,26.8,37.0,22.0,7.0,3.3,12.0,17.0,84.8,1237.0,2869.0,0.431,374.0,1094.0,0.342,863.0,1775.0,0.486,542.0,698.0,0.777,406.0,1073.0,1479.0,879.0,281.0,133.0,478.0,679.0,3390.0,39.3,91.2,0.431,11.9,34.8,0.342,27.4,56.4,0.486,17.2,22.2,0.777,12.9,34.1,47.0,28.0,8.9,4.2,15.2,21.6,107.8,0.431,14.0,0.619,0.176,0.241,0.102,0.1,0.381,0.486,0.707,0.423,0.39,0.347,0.342,0.641,0.872,0.185,0.356
PHO,CHI,8,18,86,68,1,1,1,1,0,1,1,1,1,2,1,0,1,1,0,0,0,0,0,1,1,0,1,0,0,2,1,29.1,66.3,0.439,8.5,26.2,0.326,20.6,40.2,0.512,14.7,18.4,0.799,6.7,25.6,32.3,19.9,6.6,4.7,13.3,16.9,81.5,1164,2653,0.439,341,1046,0.326,823,1607,0.512,589,737,0.799,269,1024,1293,794,264,189,530,676,3258,30.4,19,21,15,25,-3.3,0.33,-2.97,103.6,107.8,-4.2,78.2,0.278,0.394,0.547,0.503,15.1,20.0,0.222,0.496,13.1,71.6,0.189,37.0,84.4,0.439,10.8,33.3,0.326,26.2,51.1,0.512,18.7,23.4,0.799,8.6,32.6,41.1,25.3,8.4,6.0,16.9,21.5,103.6,0.439,14.5,0.606,0.173,0.248,0.096,0.089,0.394,0.512,0.734,0.439,0.406,0.398,0.326,0.606,0.865,0.179,0.316,30.9,71.7,0.431,9.4,27.4,0.342,21.6,44.4,0.486,13.6,17.5,0.777,10.2,26.8,37.0,22.0,7.0,3.3,12.0,17.0,84.8,1237.0,2869.0,0.431,374.0,1094.0,0.342,863.0,1775.0,0.486,542.0,698.0,0.777,406.0,1073.0,1479.0,879.0,281.0,133.0,478.0,679.0,3390.0,39.3,91.2,0.431,11.9,34.8,0.342,27.4,56.4,0.486,17.2,22.2,0.777,12.9,34.1,47.0,28.0,8.9,4.2,15.2,21.6,107.8,0.431,14.0,0.619,0.176,0.241,0.102,0.1,0.381,0.486,0.707,0.423,0.39,0.347,0.342,0.641,0.872,0.185,0.356
PHO,ATL,8,21,63,72,1,1,1,1,0,1,1,1,1,2,1,0,1,1,0,0,0,0,0,0,1,0,1,0,0,2,1,29.1,66.3,0.439,8.5,26.2,0.326,20.6,40.2,0.512,14.7,18.4,0.799,6.7,25.6,32.3,19.9,6.6,4.7,13.3,16.9,81.5,1164,2653,0.439,341,1046,0.326,823,1607,0.512,589,737,0.799,269,1024,1293,794,264,189,530,676,3258,30.4,19,21,15,25,-3.3,0.33,-2.97,103.6,107.8,-4.2,78.2,0.278,0.394,0.547,0.503,15.1,20.0,0.222,0.496,13.1,71.6,0.189,37.0,84.4,0.439,10.8,33.3,0.326,26.2,51.1,0.512,18.7,23.4,0.799,8.6,32.6,41.1,25.3,8.4,6.0,16.9,21.5,103.6,0.439,14.5,0.606,0.173,0.248,0.096,0.089,0.394,0.512,0.734,0.439,0.406,0.398,0.326,0.606,0.865,0.179,0.316,30.9,71.7,0.431,9.4,27.4,0.342,21.6,44.4,0.486,13.6,17.5,0.777,10.2,26.8,37.0,22.0,7.0,3.3,12.0,17.0,84.8,1237.0,2869.0,0.431,374.0,1094.0,0.342,863.0,1775.0,0.486,542.0,698.0,0.777,406.0,1073.0,1479.0,879.0,281.0,133.0,478.0,679.0,3390.0,39.3,91.2,0.431,11.9,34.8,0.342,27.4,56.4,0.486,17.2,22.2,0.777,12.9,34.1,47.0,28.0,8.9,4.2,15.2,21.6,107.8,0.431,14.0,0.619,0.176,0.241,0.102,0.1,0.381,0.486,0.707,0.423,0.39,0.347,0.342,0.641,0.872,0.185,0.356
PHO,ATL,8,23,82,80,1,2,1,1,0,1,1,1,1,2,1,0,1,1,0,0,0,0,0,1,1,0,1,0,0,2,1,29.1,66.3,0.439,8.5,26.2,0.326,20.6,40.2,0.512,14.7,18.4,0.799,6.7,25.6,32.3,19.9,6.6,4.7,13.3,16.9,81.5,1164,2653,0.439,341,1046,0.326,823,1607,0.512,589,737,0.799,269,1024,1293,794,264,189,530,676,3258,30.4,19,21,15,25,-3.3,0.33,-2.97,103.6,107.8,-4.2,78.2,0.278,0.394,0.547,0.503,15.1,20.0,0.222,0.496,13.1,71.6,0.189,37.0,84.4,0.439,10.8,33.3,0.326,26.2,51.1,0.512,18.7,23.4,0.799,8.6,32.6,41.1,25.3,8.4,6.0,16.9,21.5,103.6,0.439,14.5,0.606,0.173,0.248,0.096,0.089,0.394,0.512,0.734,0.439,0.406,0.398,0.326,0.606,0.865,0.179,0.316,30.9,71.7,0.431,9.4,27.4,0.342,21.6,44.4,0.486,13.6,17.5,0.777,10.2,26.8,37.0,22.0,7.0,3.3,12.0,17.0,84.8,1237.0,2869.0,0.431,374.0,1094.0,0.342,863.0,1775.0,0.486,542.0,698.0,0.777,406.0,1073.0,1479.0,879.0,281.0,133.0,478.0,679.0,3390.0,39.3,91.2,0.431,11.9,34.8,0.342,27.4,56.4,0.486,17.2,22.2,0.777,12.9,34.1,47.0,28.0,8.9,4.2,15.2,21.6,107.8,0.431,14.0,0.619,0.176,0.241,0.102,0.1,0.381,0.486,0.707,0.423,0.39,0.347,0.342,0.641,0.872,0.185,0.356
PHO,NYL,8,26,70,84,1,2,1,1,0,1,1,1,1,2,1,0,1,1,0,0,0,0,0,1,1,0,1,0,0,2,1,29.1,66.3,0.439,8.5,26.2,0.326,20.6,40.2,0.512,14.7,18.4,0.799,6.7,25.6,32.3,19.9,6.6,4.7,13.3,16.9,81.5,1164,2653,0.439,341,1046,0.326,823,1607,0.512,589,737,0.799,269,1024,1293,794,264,189,530,676,3258,30.4,19,21,15,25,-3.3,0.33,-2.97,103.6,107.8,-4.2,78.2,0.278,0.394,0.547,0.503,15.1,20.0,0.222,0.496,13.1,71.6,0.189,37.0,84.4,0.439,10.8,33.3,0.326,26.2,51.1,0.512,18.7,23.4,0.799,8.6,32.6,41.1,25.3,8.4,6.0,16.9,21.5,103.6,0.439,14.5,0.606,0.173,0.248,0.096,0.089,0.394,0.512,0.734,0.439,0.406,0.398,0.326,0.606,0.865,0.179,0.316,30.9,71.7,0.431,9.4,27.4,0.342,21.6,44.4,0.486,13.6,17.5,0.777,10.2,26.8,37.0,22.0,7.0,3.3,12.0,17.0,84.8,1237.0,2869.0,0.431,374.0,1094.0,0.342,863.0,1775.0,0.486,542.0,698.0,0.777,406.0,1073.0,1479.0,879.0,281.0,133.0,478.0,679.0,3390.0,39.3,91.2,0.431,11.9,34.8,0.342,27.4,56.4,0.486,17.2,22.2,0.777,12.9,34.1,47.0,28.0,8.9,4.2,15.2,21.6,107.8,0.431,14.0,0.619,0.176,0.241,0.102,0.1,0.381,0.486,0.707,0.423,0.39,0.347,0.342,0.641,0.872,0.185,0.356
PHO,MIN,8,28,76,89,1,2,1,1,0,1,1,1,1,2,1,0,1,1,0,0,0,0,0,1,1,0,1,0,0,2,1,29.1,66.3,0.439,8.5,26.2,0.326,20.6,40.2,0.512,14.7,18.4,0.799,6.7,25.6,32.3,19.9,6.6,4.7,13.3,16.9,81.5,1164,2653,0.439,341,1046,0.326,823,1607,0.512,589,737,0.799,269,1024,1293,794,264,189,530,676,3258,30.4,19,21,15,25,-3.3,0.33,-2.97,103.6,107.8,-4.2,78.2,0.278,0.394,0.547,0.503,15.1,20.0,0.222,0.496,13.1,71.6,0.189,37.0,84.4,0.439,10.8,33.3,0.326,26.2,51.1,0.512,18.7,23.4,0.799,8.6,32.6,41.1,25.3,8.4,6.0,16.9,21.5,103.6,0.439,14.5,0.606,0.173,0.248,0.096,0.089,0.394,0.512,0.734,0.439,0.406,0.398,0.326,0.606,0.865,0.179,0.316,30.9,71.7,0.431,9.4,27.4,0.342,21.6,44.4,0.486,13.6,17.5,0.777,10.2,26.8,37.0,22.0,7.0,3.3,12.0,17.0,84.8,1237.0,2869.0,0.431,374.0,1094.0,0.342,863.0,1775.0,0.486,542.0,698.0,0.777,406.0,1073.0,1479.0,879.0,281.0,133.0,478.0,679.0,3390.0,39.3,91.2,0.431,11.9,34.8,0.342,27.4,56.4,0.486,17.2,22.2,0.777,12.9,34.1,47.0,28.0,8.9,4.2,15.2,21.6,107.8,0.431,14.0,0.619,0.176,0.241,0.102,0.1,0.381,0.486,0.707,0.423,0.39,0.347,0.342,0.641,0.872,0.185,0.356
PHO,LVA,9,1,79,97,1,2,1,1,0,1,1,1,1,2,1,0,1,1,0,0,0,0,0,1,1,0,1,0,0,2,1,29.1,66.3,0.439,8.5,26.2,0.326,20.6,40.2,0.512,14.7,18.4,0.799,6.7,25.6,32.3,19.9,6.6,4.7,13.3,16.9,81.5,1164,2653,0.439,341,1046,0.326,823,1607,0.512,589,737,0.799,269,1024,1293,794,264,189,530,676,3258,30.4,19,21,15,25,-3.3,0.33,-2.97,103.6,107.8,-4.2,78.2,0.278,0.394,0.547,0.503,15.1,20.0,0.222,0.496,13.1,71.6,0.189,37.0,84.4,0.439,10.8,33.3,0.326,26.2,51.1,0.512,18.7,23.4,0.799,8.6,32.6,41.1,25.3,8.4,6.0,16.9,21.5,103.6,0.439,14.5,0.606,0.173,0.248,0.096,0.089,0.394,0.512,0.734,0.439,0.406,0.398,0.326,0.606,0.865,0.179,0.316,30.9,71.7,0.431,9.4,27.4,0.342,21.6,44.4,0.486,13.6,17.5,0.777,10.2,26.8,37.0,22.0,7.0,3.3,12.0,17.0,84.8,1237.0,2869.0,0.431,374.0,1094.0,0.342,863.0,1775.0,0.486,542.0,698.0,0.777,406.0,1073.0,1479.0,879.0,281.0,133.0,478.0,679.0,3390.0,39.3,91.2,0.431,11.9,34.8,0.342,27.4,56.4,0.486,17.2,22.2,0.777,12.9,34.1,47.0,28.0,8.9,4.2,15.2,21.6,107.8,0.431,14.0,0.619,0.176,0.241,0.102,0.1,0.381,0.486,0.707,0.423,0.39,0.347,0.342,0.641,0.872,0.185,0.356
PHO,ATL,9,3,74,66,1,2,1,1,0,1,1,0,0,1,0,0,1,1,0,0,0,0,0,1,0,0,1,0,0,2,0,29.1,66.3,0.439,8.5,26.2,0.326,20.6,40.2,0.512,14.7,18.4,0.799,6.7,25.6,32.3,19.9,6.6,4.7,13.3,16.9,81.5,1164,2653,0.439,341,1046,0.326,823,1607,0.512,589,737,0.799,269,1024,1293,794,264,189,530,676,3258,30.4,19,21,15,25,-3.3,0.33,-2.97,103.6,107.8,-4.2,78.2,0.278,0.394,0.547,0.503,15.1,20.0,0.222,0.496,13.1,71.6,0.189,37.0,84.4,0.439,10.8,33.3,0.326,26.2,51.1,0.512,18.7,23.4,0.799,8.6,32.6,41.1,25.3,8.4,6.0,16.9,21.5,103.6,0.439,14.5,0.606,0.173,0.248,0.096,0.089,0.394,0.512,0.734,0.439,0.406,0.398,0.326,0.606,0.865,0.179,0.316,30.9,71.7,0.431,9.4,27.4,0.342,21.6,44.4,0.486,13.6,17.5,0.777,10.2,26.8,37.0,22.0,7.0,3.3,12.0,17.0,84.8,1237.0,2869.0,0.431,374.0,1094.0,0.342,863.0,1775.0,0.486,542.0,698.0,0.777,406.0,1073.0,1479.0,879.0,281.0,133.0,478.0,679.0,3390.0,39.3,91.2,0.431,11.9,34.8,0.342,27.4,56.4,0.486,17.2,22.2,0.777,12.9,34.1,47.0,28.0,8.9,4.2,15.2,21.6,107.8,0.431,14.0,0.619,0.176,0.241,0.102,0.1,0.381,0.486,0.707,0.423,0.39,0.347,0.342,0.641,0.872,0.185,0.356
PHO,WAS,9,5,77,90,1,2,1,1,0,1,1,1,1,2,1,0,1,1,0,0,0,0,0,1,1,1,1,0,0,2,1,29.1,66.3,0.439,8.5,26.2,0.326,20.6,40.2,0.512,14.7,18.4,0.799,6.7,25.6,32.3,19.9,6.6,4.7,13.3,16.9,81.5,1164,2653,0.439,341,1046,0.326,823,1607,0.512,589,737,0.799,269,1024,1293,794,264,189,530,676,3258,30.4,19,21,15,25,-3.3,0.33,-2.97,103.6,107.8,-4.2,78.2,0.278,0.394,0.547,0.503,15.1,20.0,0.222,0.496,13.1,71.6,0.189,37.0,84.4,0.439,10.8,33.3,0.326,26.2,51.1,0.512,18.7,23.4,0.799,8.6,32.6,41.1,25.3,8.4,6.0,16.9,21.5,103.6,0.439,14.5,0.606,0.173,0.248,0.096,0.089,0.394,0.512,0.734,0.439,0.406,0.398,0.326,0.606,0.865,0.179,0.316,30.9,71.7,0.431,9.4,27.4,0.342,21.6,44.4,0.486,13.6,17.5,0.777,10.2,26.8,37.0,22.0,7.0,3.3,12.0,17.0,84.8,1237.0,2869.0,0.431,374.0,1094.0,0.342,863.0,1775.0,0.486,542.0,698.0,0.777,406.0,1073.0,1479.0,879.0,281.0,133.0,478.0,679.0,3390.0,39.3,91.2,0.431,11.9,34.8,0.342,27.4,56.4,0.486,17.2,22.2,0.777,12.9,34.1,47.0,28.0,8.9,4.2,15.2,21.6,107.8,0.431,14.0,0.619,0.176,0.241,0.102,0.1,0.381,0.486,0.707,0.423,0.39,0.347,0.342,0.641,0.872,0.185,0.356
PHO,SEA,9,7,66,90,1,2,1,1,0,1,1,1,1,2,1,0,1,1,0,0,0,0,0,1,1,1,1,0,0,2,1,29.1,66.3,0.439,8.5,26.2,0.326,20.6,40.2,0.512,14.7,18.4,0.799,6.7,25.6,32.3,19.9,6.6,4.7,13.3,16.9,81.5,1164,2653,0.439,341,1046,0.326,823,1607,0.512,589,737,0.799,269,1024,1293,794,264,189,530,676,3258,30.4,19,21,15,25,-3.3,0.33,-2.97,103.6,107.8,-4.2,78.2,0.278,0.394,0.547,0.503,15.1,20.0,0.222,0.496,13.1,71.6,0.189,37.0,84.4,0.439,10.8,33.3,0.326,26.2,51.1,0.512,18.7,23.4,0.799,8.6,32.6,41.1,25.3,8.4,6.0,16.9,21.5,103.6,0.439,14.5,0.606,0.173,0.248,0.096,0.089,0.394,0.512,0.734,0.439,0.406,0.398,0.326,0.606,0.865,0.179,0.316,30.9,71.7,0.431,9.4,27.4,0.342,21.6,44.4,0.486,13.6,17.5,0.777,10.2,26.8,37.0,22.0,7.0,3.3,12.0,17.0,84.8,1237.0,2869.0,0.431,374.0,1094.0,0.342,863.0,1775.0,0.486,542.0,698.0,0.777,406.0,1073.0,1479.0,879.0,281.0,133.0,478.0,679.0,3390.0,39.3,91.2,0.431,11.9,34.8,0.342,27.4,56.4,0.486,17.2,22.2,0.777,12.9,34.1,47.0,28.0,8.9,4.2,15.2,21.6,107.8,0.431,14.0,0.619,0.176,0.241,0.102,0.1,0.381,0.486,0.707,0.423,0.39,0.347,0.342,0.641,0.872,0.185,0.356
PHO,CON,9,13,69,88,0,2,0,1,0,0,1,1,1,1,1,0,0,1,0,0,0,0,0,1,1,1,1,0,0,1,1,29.1,66.3,0.439,8.5,26.2,0.326,20.6,40.2,0.512,14.7,18.4,0.799,6.7,25.6,32.3,19.9,6.6,4.7,13.3,16.9,81.5,1164,2653,0.439,341,1046,0.326,823,1607,0.512,589,737,0.799,269,1024,1293,794,264,189,530,676,3258,30.4,19,21,15,25,-3.3,0.33,-2.97,103.6,107.8,-4.2,78.2,0.278,0.394,0.547,0.503,15.1,20.0,0.222,0.496,13.1,71.6,0.189,37.0,84.4,0.439,10.8,33.3,0.326,26.2,51.1,0.512,18.7,23.4,0.799,8.6,32.6,41.1,25.3,8.4,6.0,16.9,21.5,103.6,0.439,14.5,0.606,0.173,0.248,0.096,0.089,0.394,0.512,0.734,0.439,0.406,0.398,0.326,0.606,0.865,0.179,0.316,30.9,71.7,0.431,9.4,27.4,0.342,21.6,44.4,0.486,13.6,17.5,0.777,10.2,26.8,37.0,22.0,7.0,3.3,12.0,17.0,84.8,1237.0,2869.0,0.431,374.0,1094.0,0.342,863.0,1775.0,0.486,542.0,698.0,0.777,406.0,1073.0,1479.0,879.0,281.0,133.0,478.0,679.0,3390.0,39.3,91.2,0.431,11.9,34.8,0.342,27.4,56.4,0.486,17.2,22.2,0.777,12.9,34.1,47.0,28.0,8.9,4.2,15.2,21.6,107.8,0.431,14.0,0.619,0.176,0.241,0.102,0.1,0.381,0.486,0.707,0.423,0.39,0.347,0.342,0.641,0.872,0.185,0.356
PHO,CHI,9,15,93,88,0,2,0,1,0,0,1,1,1,1,1,0,0,1,0,0,0,0,0,1,1,1,1,0,0,1,1,29.1,66.3,0.439,8.5,26.2,0.326,20.6,40.2,0.512,14.7,18.4,0.799,6.7,25.6,32.3,19.9,6.6,4.7,13.3,16.9,81.5,1164,2653,0.439,341,1046,0.326,823,1607,0.512,589,737,0.799,269,1024,1293,794,264,189,530,676,3258,30.4,19,21,15,25,-3.3,0.33,-2.97,103.6,107.8,-4.2,78.2,0.278,0.394,0.547,0.503,15.1,20.0,0.222,0.496,13.1,71.6,0.189,37.0,84.4,0.439,10.8,33.3,0.326,26.2,51.1,0.512,18.7,23.4,0.799,8.6,32.6,41.1,25.3,8.4,6.0,16.9,21.5,103.6,0.439,14.5,0.606,0.173,0.248,0.096,0.089,0.394,0.512,0.734,0.439,0.406,0.398,0.326,0.606,0.865,0.179,0.316,30.9,71.7,0.431,9.4,27.4,0.342,21.6,44.4,0.486,13.6,17.5,0.777,10.2,26.8,37.0,22.0,7.0,3.3,12.0,17.0,84.8,1237.0,2869.0,0.431,374.0,1094.0,0.342,863.0,1775.0,0.486,542.0,698.0,0.777,406.0,1073.0,1479.0,879.0,281.0,133.0,478.0,679.0,3390.0,39.3,91.2,0.431,11.9,34.8,0.342,27.4,56.4,0.486,17.2,22.2,0.777,12.9,34.1,47.0,28.0,8.9,4.2,15.2,21.6,107.8,0.431,14.0,0.619,0.176,0.241,0.102,0.1,0.381,0.486,0.707,0.423,0.39,0.347,0.342,0.641,0.872,0.185,0.356
PHO,LAS,9,17,85,81,0,2,0,1,0,0,1,1,1,1,1,0,0,1,0,0,0,0,0,1,1,1,1,0,0,1,1,29.1,66.3,0.439,8.5,26.2,0.326,20.6,40.2,0.512,14.7,18.4,0.799,6.7,25.6,32.3,19.9,6.6,4.7,13.3,16.9,81.5,1164,2653,0.439,341,1046,0.326,823,1607,0.512,589,737,0.799,269,1024,1293,794,264,189,530,676,3258,30.4,19,21,15,25,-3.3,0.33,-2.97,103.6,107.8,-4.2,78.2,0.278,0.394,0.547,0.503,15.1,20.0,0.222,0.496,13.1,71.6,0.189,37.0,84.4,0.439,10.8,33.3,0.326,26.2,51.1,0.512,18.7,23.4,0.799,8.6,32.6,41.1,25.3,8.4,6.0,16.9,21.5,103.6,0.439,14.5,0.606,0.173,0.248,0.096,0.089,0.394,0.512,0.734,0.439,0.406,0.398,0.326,0.606,0.865,0.179,0.316,30.9,71.7,0.431,9.4,27.4,0.342,21.6,44.4,0.486,13.6,17.5,0.777,10.2,26.8,37.0,22.0,7.0,3.3,12.0,17.0,84.8,1237.0,2869.0,0.431,374.0,1094.0,0.342,863.0,1775.0,0.486,542.0,698.0,0.777,406.0,1073.0,1479.0,879.0,281.0,133.0,478.0,679.0,3390.0,39.3,91.2,0.431,11.9,34.8,0.342,27.4,56.4,0.486,17.2,22.2,0.777,12.9,34.1,47.0,28.0,8.9,4.2,15.2,21.6,107.8,0.431,14.0,0.619,0.176,0.241,0.102,0.1,0.381,0.486,0.707,0.423,0.39,0.347,0.342,0.641,0.872,0.185,0.356
PHO,SEA,9,19,70,89,1,2,1,1,0,1,1,1,1,2,1,0,1,1,0,0,0,0,0,1,1,1,1,0,0,2,1,29.1,66.3,0.439,8.5,26.2,0.326,20.6,40.2,0.512,14.7,18.4,0.799,6.7,25.6,32.3,19.9,6.6,4.7,13.3,16.9,81.5,1164,2653,0.439,341,1046,0.326,823,1607,0.512,589,737,0.799,269,1024,1293,794,264,189,530,676,3258,30.4,19,21,15,25,-3.3,0.33,-2.97,103.6,107.8,-4.2,78.2,0.278,0.394,0.547,0.503,15.1,20.0,0.222,0.496,13.1,71.6,0.189,37.0,84.4,0.439,10.8,33.3,0.326,26.2,51.1,0.512,18.7,23.4,0.799,8.6,32.6,41.1,25.3,8.4,6.0,16.9,21.5,103.6,0.439,14.5,0.606,0.173,0.248,0.096,0.089,0.394,0.512,0.734,0.439,0.406,0.398,0.326,0.606,0.865,0.179,0.316,30.9,71.7,0.431,9.4,27.4,0.342,21.6,44.4,0.486,13.6,17.5,0.777,10.2,26.8,37.0,22.0,7.0,3.3,12.0,17.0,84.8,1237.0,2869.0,0.431,374.0,1094.0,0.342,863.0,1775.0,0.486,542.0,698.0,0.777,406.0,1073.0,1479.0,879.0,281.0,133.0,478.0,679.0,3390.0,39.3,91.2,0.431,11.9,34.8,0.342,27.4,56.4,0.486,17.2,22.2,0.777,12.9,34.1,47.0,28.0,8.9,4.2,15.2,21.6,107.8,0.431,14.0,0.619,0.176,0.241,0.102,0.1,0.381,0.486,0.707,0.423,0.39,0.347,0.342,0.641,0.872,0.185,0.356
SEA,MIN,5,14,70,83,1,0,1,0,0,1,0,1,1,1,1,0,1,1,2,2,0,1,0,1,0,0,0,0,2,1,1,31.1,71.3,0.435,6.1,21.0,0.288,25.0,50.3,0.497,15.1,18.0,0.84,8.7,26.0,34.7,20.7,9.3,5.2,12.4,16.5,83.2,1242,2852,0.435,242,840,0.288,1000,2012,0.497,603,718,0.84,346,1040,1386,826,372,206,496,660,3329,29.1,25,15,27,13,4.48,-0.56,3.92,104.2,98.6,5.6,79.4,0.252,0.295,0.525,0.478,13.5,24.2,0.211,0.477,16.5,74.6,0.21,38.9,89.2,0.435,7.6,26.3,0.288,31.3,63.0,0.497,18.9,22.5,0.84,10.8,32.5,43.4,25.8,11.6,6.4,15.5,20.7,104.2,0.435,12.8,0.705,0.202,0.278,0.131,0.094,0.295,0.497,0.693,0.435,0.405,0.387,0.288,0.616,0.868,0.17,0.301,28.8,67.7,0.426,6.9,21.0,0.329,21.9,46.7,0.469,14.2,18.2,0.784,8.9,27.2,36.0,19.5,7.6,4.6,15.0,16.4,78.8,1152.0,2707.0,0.426,277.0,841.0,0.329,875.0,1866.0,0.469,569.0,726.0,0.784,355.0,1086.0,1441.0,779.0,305.0,183.0,599.0,656.0,3150.0,36.0,84.7,0.426,8.7,26.3,0.329,27.4,58.4,0.469,17.8,22.7,0.784,11.1,34.0,45.1,24.4,9.5,5.7,18.7,20.5,98.6,0.426,13.0,0.689,0.225,0.279,0.104,0.082,0.311,0.469,0.651,0.412,0.355,0.308,0.329,0.608,0.895,0.187,0.382
SEA,MIN,5,17,93,102,1,0,1,0,0,1,0,1,1,1,1,0,1,1,2,2,0,1,0,1,0,0,0,0,2,1,1,31.1,71.3,0.435,6.1,21.0,0.288,25.0,50.3,0.497,15.1,18.0,0.84,8.7,26.0,34.7,20.7,9.3,5.2,12.4,16.5,83.2,1242,2852,0.435,242,840,0.288,1000,2012,0.497,603,718,0.84,346,1040,1386,826,372,206,496,660,3329,29.1,25,15,27,13,4.48,-0.56,3.92,104.2,98.6,5.6,79.4,0.252,0.295,0.525,0.478,13.5,24.2,0.211,0.477,16.5,74.6,0.21,38.9,89.2,0.435,7.6,26.3,0.288,31.3,63.0,0.497,18.9,22.5,0.84,10.8,32.5,43.4,25.8,11.6,6.4,15.5,20.7,104.2,0.435,12.8,0.705,0.202,0.278,0.131,0.094,0.295,0.497,0.693,0.435,0.405,0.387,0.288,0.616,0.868,0.17,0.301,28.8,67.7,0.426,6.9,21.0,0.329,21.9,46.7,0.469,14.2,18.2,0.784,8.9,27.2,36.0,19.5,7.6,4.6,15.0,16.4,78.8,1152.0,2707.0,0.426,277.0,841.0,0.329,875.0,1866.0,0.469,569.0,726.0,0.784,355.0,1086.0,1441.0,779.0,305.0,183.0,599.0,656.0,3150.0,36.0,84.7,0.426,8.7,26.3,0.329,27.4,58.4,0.469,17.8,22.7,0.784,11.1,34.0,45.1,24.4,9.5,5.7,18.7,20.5,98.6,0.426,13.0,0.689,0.225,0.279,0.104,0.082,0.311,0.469,0.651,0.412,0.355,0.308,0.329,0.608,0.895,0.187,0.382
SEA,WAS,5,19,84,75,1,0,1,0,0,1,0,1,1,1,1,0,1,1,1,1,0,1,0,1,0,0,0,0,1,1,1,31.1,71.3,0.435,6.1,21.0,0.288,25.0,50.3,0.497,15.1,18.0,0.84,8.7,26.0,34.7,20.7,9.3,5.2,12.4,16.5,83.2,1242,2852,0.435,242,840,0.288,1000,2012,0.497,603,718,0.84,346,1040,1386,826,372,206,496,660,3329,29.1,25,15,27,13,4.48,-0.56,3.92,104.2,98.6,5.6,79.4,0.252,0.295,0.525,0.478,13.5,24.2,0.211,0.477,16.5,74.6,0.21,38.9,89.2,0.435,7.6,26.3,0.288,31.3,63.0,0.497,18.9,22.5,0.84,10.8,32.5,43.4,25.8,11.6,6.4,15.5,20.7,104.2,0.435,12.8,0.705,0.202,0.278,0.131,0.094,0.295,0.497,0.693,0.435,0.405,0.387,0.288,0.616,0.868,0.17,0.301,28.8,67.7,0.426,6.9,21.0,0.329,21.9,46.7,0.469,14.2,18.2,0.784,8.9,27.2,36.0,19.5,7.6,4.6,15.0,16.4,78.8,1152.0,2707.0,0.426,277.0,841.0,0.329,875.0,1866.0,0.469,569.0,726.0,0.784,355.0,1086.0,1441.0,779.0,305.0,183.0,599.0,656.0,3150.0,36.0,84.7,0.426,8.7,26.3,0.329,27.4,58.4,0.469,17.8,22.7,0.784,11.1,34.0,45.1,24.4,9.5,5.7,18.7,20.5,98.6,0.426,13.0,0.689,0.225,0.279,0.104,0.082,0.311,0.469,0.651,0.412,0.355,0.308,0.329,0.608,0.895,0.187,0.382
SEA,NYL,5,20,63,74,1,0,1,0,0,1,0,1,1,1,1,0,1,1,1,1,0,1,0,1,0,0,0,0,1,1,1,31.1,71.3,0.435,6.1,21.0,0.288,25.0,50.3,0.497,15.1,18.0,0.84,8.7,26.0,34.7,20.7,9.3,5.2,12.4,16.5,83.2,1242,2852,0.435,242,840,0.288,1000,2012,0.497,603,718,0.84,346,1040,1386,826,372,206,496,660,3329,29.1,25,15,27,13,4.48,-0.56,3.92,104.2,98.6,5.6,79.4,0.252,0.295,0.525,0.478,13.5,24.2,0.211,0.477,16.5,74.6,0.21,38.9,89.2,0.435,7.6,26.3,0.288,31.3,63.0,0.497,18.9,22.5,0.84,10.8,32.5,43.4,25.8,11.6,6.4,15.5,20.7,104.2,0.435,12.8,0.705,0.202,0.278,0.131,0.094,0.295,0.497,0.693,0.435,0.405,0.387,0.288,0.616,0.868,0.17,0.301,28.8,67.7,0.426,6.9,21.0,0.329,21.9,46.7,0.469,14.2,18.2,0.784,8.9,27.2,36.0,19.5,7.6,4.6,15.0,16.4,78.8,1152.0,2707.0,0.426,277.0,841.0,0.329,875.0,1866.0,0.469,569.0,726.0,0.784,355.0,1086.0,1441.0,779.0,305.0,183.0,599.0,656.0,3150.0,36.0,84.7,0.426,8.7,26.3,0.329,27.4,58.4,0.469,17.8,22.7,0.784,11.1,34.0,45.1,24.4,9.5,5.7,18.7,20.5,98.6,0.426,13.0,0.689,0.225,0.279,0.104,0.082,0.311,0.469,0.651,0.412,0.355,0.308,0.329,0.608,0.895,0.187,0.382
SEA,IND,5,22,85,83,1,0,1,0,0,1,0,1,1,1,1,0,1,1,2,2,0,0,0,1,0,0,0,0,2,1,1,31.1,71.3,0.435,6.1,21.0,0.288,25.0,50.3,0.497,15.1,18.0,0.84,8.7,26.0,34.7,20.7,9.3,5.2,12.4,16.5,83.2,1242,2852,0.435,242,840,0.288,1000,2012,0.497,603,718,0.84,346,1040,1386,826,372,206,496,660,3329,29.1,25,15,27,13,4.48,-0.56,3.92,104.2,98.6,5.6,79.4,0.252,0.295,0.525,0.478,13.5,24.2,0.211,0.477,16.5,74.6,0.21,38.9,89.2,0.435,7.6,26.3,0.288,31.3,63.0,0.497,18.9,22.5,0.84,10.8,32.5,43.4,25.8,11.6,6.4,15.5,20.7,104.2,0.435,12.8,0.705,0.202,0.278,0.131,0.094,0.295,0.497,0.693,0.435,0.405,0.387,0.288,0.616,0.868,0.17,0.301,28.8,67.7,0.426,6.9,21.0,0.329,21.9,46.7,0.469,14.2,18.2,0.784,8.9,27.2,36.0,19.5,7.6,4.6,15.0,16.4,78.8,1152.0,2707.0,0.426,277.0,841.0,0.329,875.0,1866.0,0.469,569.0,726.0,0.784,355.0,1086.0,1441.0,779.0,305.0,183.0,599.0,656.0,3150.0,36.0,84.7,0.426,8.7,26.3,0.329,27.4,58.4,0.469,17.8,22.7,0.784,11.1,34.0,45.1,24.4,9.5,5.7,18.7,20.5,98.6,0.426,13.0,0.689,0.225,0.279,0.104,0.082,0.311,0.469,0.651,0.412,0.355,0.308,0.329,0.608,0.895,0.187,0.382
SEA,WAS,5,25,101,69,1,0,1,0,0,1,0,1,1,1,1,0,1,1,2,2,0,1,0,1,0,0,0,0,2,1,1,31.1,71.3,0.435,6.1,21.0,0.288,25.0,50.3,0.497,15.1,18.0,0.84,8.7,26.0,34.7,20.7,9.3,5.2,12.4,16.5,83.2,1242,2852,0.435,242,840,0.288,1000,2012,0.497,603,718,0.84,346,1040,1386,826,372,206,496,660,3329,29.1,25,15,27,13,4.48,-0.56,3.92,104.2,98.6,5.6,79.4,0.252,0.295,0.525,0.478,13.5,24.2,0.211,0.477,16.5,74.6,0.21,38.9,89.2,0.435,7.6,26.3,0.288,31.3,63.0,0.497,18.9,22.5,0.84,10.8,32.5,43.4,25.8,11.6,6.4,15.5,20.7,104.2,0.435,12.8,0.705,0.202,0.278,0.131,0.094,0.295,0.497,0.693,0.435,0.405,0.387,0.288,0.616,0.868,0.17,0.301,28.8,67.7,0.426,6.9,21.0,0.329,21.9,46.7,0.469,14.2,18.2,0.784,8.9,27.2,36.0,19.5,7.6,4.6,15.0,16.4,78.8,1152.0,2707.0,0.426,277.0,841.0,0.329,875.0,1866.0,0.469,569.0,726.0,0.784,355.0,1086.0,1441.0,779.0,305.0,183.0,599.0,656.0,3150.0,36.0,84.7,0.426,8.7,26.3,0.329,27.4,58.4,0.469,17.8,22.7,0.784,11.1,34.0,45.1,24.4,9.5,5.7,18.7,20.5,98.6,0.426,13.0,0.689,0.225,0.279,0.104,0.082,0.311,0.469,0.651,0.412,0.355,0.308,0.329,0.608,0.895,0.187,0.382
SEA,CHI,5,28,77,68,1,0,1,0,0,1,0,1,1,1,1,0,1,1,2,2,0,1,0,1,0,0,0,0,2,1,1,31.1,71.3,0.435,6.1,21.0,0.288,25.0,50.3,0.497,15.1,18.0,0.84,8.7,26.0,34.7,20.7,9.3,5.2,12.4,16.5,83.2,1242,2852,0.435,242,840,0.288,1000,2012,0.497,603,718,0.84,346,1040,1386,826,372,206,496,660,3329,29.1,25,15,27,13,4.48,-0.56,3.92,104.2,98.6,5.6,79.4,0.252,0.295,0.525,0.478,13.5,24.2,0.211,0.477,16.5,74.6,0.21,38.9,89.2,0.435,7.6,26.3,0.288,31.3,63.0,0.497,18.9,22.5,0.84,10.8,32.5,43.4,25.8,11.6,6.4,15.5,20.7,104.2,0.435,12.8,0.705,0.202,0.278,0.131,0.094,0.295,0.497,0.693,0.435,0.405,0.387,0.288,0.616,0.868,0.17,0.301,28.8,67.7,0.426,6.9,21.0,0.329,21.9,46.7,0.469,14.2,18.2,0.784,8.9,27.2,36.0,19.5,7.6,4.6,15.0,16.4,78.8,1152.0,2707.0,0.426,277.0,841.0,0.329,875.0,1866.0,0.469,569.0,726.0,0.784,355.0,1086.0,1441.0,779.0,305.0,183.0,599.0,656.0,3150.0,36.0,84.7,0.426,8.7,26.3,0.329,27.4,58.4,0.469,17.8,22.7,0.784,11.1,34.0,45.1,24.4,9.5,5.7,18.7,20.5,98.6,0.426,13.0,0.689,0.225,0.279,0.104,0.082,0.311,0.469,0.651,0.412,0.355,0.308,0.329,0.608,0.895,0.187,0.382
SEA,IND,5,30,103,88,1,0,1,0,0,1,0,1,1,1,1,0,1,1,2,2,0,1,0,1,0,0,0,0,2,1,1,31.1,71.3,0.435,6.1,21.0,0.288,25.0,50.3,0.497,15.1,18.0,0.84,8.7,26.0,34.7,20.7,9.3,5.2,12.4,16.5,83.2,1242,2852,0.435,242,840,0.288,1000,2012,0.497,603,718,0.84,346,1040,1386,826,372,206,496,660,3329,29.1,25,15,27,13,4.48,-0.56,3.92,104.2,98.6,5.6,79.4,0.252,0.295,0.525,0.478,13.5,24.2,0.211,0.477,16.5,74.6,0.21,38.9,89.2,0.435,7.6,26.3,0.288,31.3,63.0,0.497,18.9,22.5,0.84,10.8,32.5,43.4,25.8,11.6,6.4,15.5,20.7,104.2,0.435,12.8,0.705,0.202,0.278,0.131,0.094,0.295,0.497,0.693,0.435,0.405,0.387,0.288,0.616,0.868,0.17,0.301,28.8,67.7,0.426,6.9,21.0,0.329,21.9,46.7,0.469,14.2,18.2,0.784,8.9,27.2,36.0,19.5,7.6,4.6,15.0,16.4,78.8,1152.0,2707.0,0.426,277.0,841.0,0.329,875.0,1866.0,0.469,569.0,726.0,0.784,355.0,1086.0,1441.0,779.0,305.0,183.0,599.0,656.0,3150.0,36.0,84.7,0.426,8.7,26.3,0.329,27.4,58.4,0.469,17.8,22.7,0.784,11.1,34.0,45.1,24.4,9.5,5.7,18.7,20.5,98.6,0.426,13.0,0.689,0.225,0.279,0.104,0.082,0.311,0.469,0.651,0.412,0.355,0.308,0.329,0.608,0.895,0.187,0.382
SEA,PHO,6,4,80,62,1,0,1,0,0,1,0,1,1,1,1,0,1,1,1,1,0,0,0,1,0,0,0,0,1,1,1,31.1,71.3,0.435,6.1,21.0,0.288,25.0,50.3,0.497,15.1,18.0,0.84,8.7,26.0,34.7,20.7,9.3,5.2,12.4,16.5,83.2,1242,2852,0.435,242,840,0.288,1000,2012,0.497,603,718,0.84,346,1040,1386,826,372,206,496,660,3329,29.1,25,15,27,13,4.48,-0.56,3.92,104.2,98.6,5.6,79.4,0.252,0.295,0.525,0.478,13.5,24.2,0.211,0.477,16.5,74.6,0.21,38.9,89.2,0.435,7.6,26.3,0.288,31.3,63.0,0.497,18.9,22.5,0.84,10.8,32.5,43.4,25.8,11.6,6.4,15.5,20.7,104.2,0.435,12.8,0.705,0.202,0.278,0.131,0.094,0.295,0.497,0.693,0.435,0.405,0.387,0.288,0.616,0.868,0.17,0.301,28.8,67.7,0.426,6.9,21.0,0.329,21.9,46.7,0.469,14.2,18.2,0.784,8.9,27.2,36.0,19.5,7.6,4.6,15.0,16.4,78.8,1152.0,2707.0,0.426,277.0,841.0,0.329,875.0,1866.0,0.469,569.0,726.0,0.784,355.0,1086.0,1441.0,779.0,305.0,183.0,599.0,656.0,3150.0,36.0,84.7,0.426,8.7,26.3,0.329,27.4,58.4,0.469,17.8,22.7,0.784,11.1,34.0,45.1,24.4,9.5,5.7,18.7,20.5,98.6,0.426,13.0,0.689,0.225,0.279,0.104,0.082,0.311,0.469,0.651,0.412,0.355,0.308,0.329,0.608,0.895,0.187,0.382
SEA,LVA,6,7,78,65,1,0,1,0,0,1,0,1,1,1,1,0,1,1,2,2,0,0,0,1,0,0,0,0,2,1,1,31.1,71.3,0.435,6.1,21.0,0.288,25.0,50.3,0.497,15.1,18.0,0.84,8.7,26.0,34.7,20.7,9.3,5.2,12.4,16.5,83.2,1242,2852,0.435,242,840,0.288,1000,2012,0.497,603,718,0.84,346,1040,1386,826,372,206,496,660,3329,29.1,25,15,27,13,4.48,-0.56,3.92,104.2,98.6,5.6,79.4,0.252,0.295,0.525,0.478,13.5,24.2,0.211,0.477,16.5,74.6,0.21,38.9,89.2,0.435,7.6,26.3,0.288,31.3,63.0,0.497,18.9,22.5,0.84,10.8,32.5,43.4,25.8,11.6,6.4,15.5,20.7,104.2,0.435,12.8,0.705,0.202,0.278,0.131,0.094,0.295,0.497,0.693,0.435,0.405,0.387,0.288,0.616,0.868,0.17,0.301,28.8,67.7,0.426,6.9,21.0,0.329,21.9,46.7,0.469,14.2,18.2,0.784,8.9,27.2,36.0,19.5,7.6,4.6,15.0,16.4,78.8,1152.0,2707.0,0.426,277.0,841.0,0.329,875.0,1866.0,0.469,569.0,726.0,0.784,355.0,1086.0,1441.0,779.0,305.0,183.0,599.0,656.0,3150.0,36.0,84.7,0.426,8.7,26.3,0.329,27.4,58.4,0.469,17.8,22.7,0.784,11.1,34.0,45.1,24.4,9.5,5.7,18.7,20.5,98.6,0.426,13.0,0.689,0.225,0.279,0.104,0.082,0.311,0.469,0.651,0.412,0.355,0.308,0.329,0.608,0.895,0.187,0.382
SEA,MIN,6,9,64,83,1,0,1,0,0,1,0,1,1,1,1,0,1,1,2,2,0,0,0,1,0,0,0,0,2,1,1,31.1,71.3,0.435,6.1,21.0,0.288,25.0,50.3,0.497,15.1,18.0,0.84,8.7,26.0,34.7,20.7,9.3,5.2,12.4,16.5,83.2,1242,2852,0.435,242,840,0.288,1000,2012,0.497,603,718,0.84,346,1040,1386,826,372,206,496,660,3329,29.1,25,15,27,13,4.48,-0.56,3.92,104.2,98.6,5.6,79.4,0.252,0.295,0.525,0.478,13.5,24.2,0.211,0.477,16.5,74.6,0.21,38.9,89.2,0.435,7.6,26.3,0.288,31.3,63.0,0.497,18.9,22.5,0.84,10.8,32.5,43.4,25.8,11.6,6.4,15.5,20.7,104.2,0.435,12.8,0.705,0.202,0.278,0.131,0.094,0.295,0.497,0.693,0.435,0.405,0.387,0.288,0.616,0.868,0.17,0.301,28.8,67.7,0.426,6.9,21.0,0.329,21.9,46.7,0.469,14.2,18.2,0.784,8.9,27.2,36.0,19.5,7.6,4.6,15.0,16.4,78.8,1152.0,2707.0,0.426,277.0,841.0,0.329,875.0,1866.0,0.469,569.0,726.0,0.784,355.0,1086.0,1441.0,779.0,305.0,183.0,599.0,656.0,3150.0,36.0,84.7,0.426,8.7,26.3,0.329,27.4,58.4,0.469,17.8,22.7,0.784,11.1,34.0,45.1,24.4,9.5,5.7,18.7,20.5,98.6,0.426,13.0,0.689,0.225,0.279,0.104,0.082,0.311,0.469,0.651,0.412,0.355,0.308,0.329,0.608,0.895,0.187,0.382
SEA,LAS,6,11,95,79,1,0,1,0,0,1,0,1,1,1,1,0,1,1,2,2,0,0,0,1,0,0,0,0,2,1,1,31.1,71.3,0.435,6.1,21.0,0.288,25.0,50.3,0.497,15.1,18.0,0.84,8.7,26.0,34.7,20.7,9.3,5.2,12.4,16.5,83.2,1242,2852,0.435,242,840,0.288,1000,2012,0.497,603,718,0.84,346,1040,1386,826,372,206,496,660,3329,29.1,25,15,27,13,4.48,-0.56,3.92,104.2,98.6,5.6,79.4,0.252,0.295,0.525,0.478,13.5,24.2,0.211,0.477,16.5,74.6,0.21,38.9,89.2,0.435,7.6,26.3,0.288,31.3,63.0,0.497,18.9,22.5,0.84,10.8,32.5,43.4,25.8,11.6,6.4,15.5,20.7,104.2,0.435,12.8,0.705,0.202,0.278,0.131,0.094,0.295,0.497,0.693,0.435,0.405,0.387,0.288,0.616,0.868,0.17,0.301,28.8,67.7,0.426,6.9,21.0,0.329,21.9,46.7,0.469,14.2,18.2,0.784,8.9,27.2,36.0,19.5,7.6,4.6,15.0,16.4,78.8,1152.0,2707.0,0.426,277.0,841.0,0.329,875.0,1866.0,0.469,569.0,726.0,0.784,355.0,1086.0,1441.0,779.0,305.0,183.0,599.0,656.0,3150.0,36.0,84.7,0.426,8.7,26.3,0.329,27.4,58.4,0.469,17.8,22.7,0.784,11.1,34.0,45.1,24.4,9.5,5.7,18.7,20.5,98.6,0.426,13.0,0.689,0.225,0.279,0.104,0.082,0.311,0.469,0.651,0.412,0.355,0.308,0.329,0.608,0.895,0.187,0.382
SEA,DAL,6,13,92,84,1,0,1,0,0,1,0,1,1,1,1,0,1,1,2,2,0,0,0,1,0,0,0,0,2,1,1,31.1,71.3,0.435,6.1,21.0,0.288,25.0,50.3,0.497,15.1,18.0,0.84,8.7,26.0,34.7,20.7,9.3,5.2,12.4,16.5,83.2,1242,2852,0.435,242,840,0.288,1000,2012,0.497,603,718,0.84,346,1040,1386,826,372,206,496,660,3329,29.1,25,15,27,13,4.48,-0.56,3.92,104.2,98.6,5.6,79.4,0.252,0.295,0.525,0.478,13.5,24.2,0.211,0.477,16.5,74.6,0.21,38.9,89.2,0.435,7.6,26.3,0.288,31.3,63.0,0.497,18.9,22.5,0.84,10.8,32.5,43.4,25.8,11.6,6.4,15.5,20.7,104.2,0.435,12.8,0.705,0.202,0.278,0.131,0.094,0.295,0.497,0.693,0.435,0.405,0.387,0.288,0.616,0.868,0.17,0.301,28.8,67.7,0.426,6.9,21.0,0.329,21.9,46.7,0.469,14.2,18.2,0.784,8.9,27.2,36.0,19.5,7.6,4.6,15.0,16.4,78.8,1152.0,2707.0,0.426,277.0,841.0,0.329,875.0,1866.0,0.469,569.0,726.0,0.784,355.0,1086.0,1441.0,779.0,305.0,183.0,599.0,656.0,3150.0,36.0,84.7,0.426,8.7,26.3,0.329,27.4,58.4,0.469,17.8,22.7,0.784,11.1,34.0,45.1,24.4,9.5,5.7,18.7,20.5,98.6,0.426,13.0,0.689,0.225,0.279,0.104,0.082,0.311,0.469,0.651,0.412,0.355,0.308,0.329,0.608,0.895,0.187,0.382
SEA,PHO,6,16,78,87,1,0,1,0,0,1,0,1,1,1,1,0,1,1,2,2,0,0,0,1,0,0,0,0,2,1,1,31.1,71.3,0.435,6.1,21.0,0.288,25.0,50.3,0.497,15.1,18.0,0.84,8.7,26.0,34.7,20.7,9.3,5.2,12.4,16.5,83.2,1242,2852,0.435,242,840,0.288,1000,2012,0.497,603,718,0.84,346,1040,1386,826,372,206,496,660,3329,29.1,25,15,27,13,4.48,-0.56,3.92,104.2,98.6,5.6,79.4,0.252,0.295,0.525,0.478,13.5,24.2,0.211,0.477,16.5,74.6,0.21,38.9,89.2,0.435,7.6,26.3,0.288,31.3,63.0,0.497,18.9,22.5,0.84,10.8,32.5,43.4,25.8,11.6,6.4,15.5,20.7,104.2,0.435,12.8,0.705,0.202,0.278,0.131,0.094,0.295,0.497,0.693,0.435,0.405,0.387,0.288,0.616,0.868,0.17,0.301,28.8,67.7,0.426,6.9,21.0,0.329,21.9,46.7,0.469,14.2,18.2,0.784,8.9,27.2,36.0,19.5,7.6,4.6,15.0,16.4,78.8,1152.0,2707.0,0.426,277.0,841.0,0.329,875.0,1866.0,0.469,569.0,726.0,0.784,355.0,1086.0,1441.0,779.0,305.0,183.0,599.0,656.0,3150.0,36.0,84.7,0.426,8.7,26.3,0.329,27.4,58.4,0.469,17.8,22.7,0.784,11.1,34.0,45.1,24.4,9.5,5.7,18.7,20.5,98.6,0.426,13.0,0.689,0.225,0.279,0.104,0.082,0.311,0.469,0.651,0.412,0.355,0.308,0.329,0.608,0.895,0.187,0.382
SEA,LVA,6,19,83,94,1,0,1,0,0,1,0,1,1,1,1,0,1,1,2,2,0,0,0,1,0,0,0,0,2,1,1,31.1,71.3,0.435,6.1,21.0,0.288,25.0,50.3,0.497,15.1,18.0,0.84,8.7,26.0,34.7,20.7,9.3,5.2,12.4,16.5,83.2,1242,2852,0.435,242,840,0.288,1000,2012,0.497,603,718,0.84,346,1040,1386,826,372,206,496,660,3329,29.1,25,15,27,13,4.48,-0.56,3.92,104.2,98.6,5.6,79.4,0.252,0.295,0.525,0.478,13.5,24.2,0.211,0.477,16.5,74.6,0.21,38.9,89.2,0.435,7.6,26.3,0.288,31.3,63.0,0.497,18.9,22.5,0.84,10.8,32.5,43.4,25.8,11.6,6.4,15.5,20.7,104.2,0.435,12.8,0.705,0.202,0.278,0.131,0.094,0.295,0.497,0.693,0.435,0.405,0.387,0.288,0.616,0.868,0.17,0.301,28.8,67.7,0.426,6.9,21.0,0.329,21.9,46.7,0.469,14.2,18.2,0.784,8.9,27.2,36.0,19.5,7.6,4.6,15.0,16.4,78.8,1152.0,2707.0,0.426,277.0,841.0,0.329,875.0,1866.0,0.469,569.0,726.0,0.784,355.0,1086.0,1441.0,779.0,305.0,183.0,599.0,656.0,3150.0,36.0,84.7,0.426,8.7,26.3,0.329,27.4,58.4,0.469,17.8,22.7,0.784,11.1,34.0,45.1,24.4,9.5,5.7,18.7,20.5,98.6,0.426,13.0,0.689,0.225,0.279,0.104,0.082,0.311,0.469,0.651,0.412,0.355,0.308,0.329,0.608,0.895,0.187,0.382
SEA,CON,6,23,72,61,1,0,1,0,0,1,0,1,1,1,1,0,1,1,2,2,0,0,0,1,0,0,0,0,2,1,1,31.1,71.3,0.435,6.1,21.0,0.288,25.0,50.3,0.497,15.1,18.0,0.84,8.7,26.0,34.7,20.7,9.3,5.2,12.4,16.5,83.2,1242,2852,0.435,242,840,0.288,1000,2012,0.497,603,718,0.84,346,1040,1386,826,372,206,496,660,3329,29.1,25,15,27,13,4.48,-0.56,3.92,104.2,98.6,5.6,79.4,0.252,0.295,0.525,0.478,13.5,24.2,0.211,0.477,16.5,74.6,0.21,38.9,89.2,0.435,7.6,26.3,0.288,31.3,63.0,0.497,18.9,22.5,0.84,10.8,32.5,43.4,25.8,11.6,6.4,15.5,20.7,104.2,0.435,12.8,0.705,0.202,0.278,0.131,0.094,0.295,0.497,0.693,0.435,0.405,0.387,0.288,0.616,0.868,0.17,0.301,28.8,67.7,0.426,6.9,21.0,0.329,21.9,46.7,0.469,14.2,18.2,0.784,8.9,27.2,36.0,19.5,7.6,4.6,15.0,16.4,78.8,1152.0,2707.0,0.426,277.0,841.0,0.329,875.0,1866.0,0.469,569.0,726.0,0.784,355.0,1086.0,1441.0,779.0,305.0,183.0,599.0,656.0,3150.0,36.0,84.7,0.426,8.7,26.3,0.329,27.4,58.4,0.469,17.8,22.7,0.784,11.1,34.0,45.1,24.4,9.5,5.7,18.7,20.5,98.6,0.426,13.0,0.689,0.225,0.279,0.104,0.082,0.311,0.469,0.651,0.412,0.355,0.308,0.329,0.608,0.895,0.187,0.382
SEA,IND,6,27,89,77,1,0,1,0,0,1,0,1,1,1,1,0,1,1,2,2,0,0,0,1,0,0,0,0,2,1,1,31.1,71.3,0.435,6.1,21.0,0.288,25.0,50.3,0.497,15.1,18.0,0.84,8.7,26.0,34.7,20.7,9.3,5.2,12.4,16.5,83.2,1242,2852,0.435,242,840,0.288,1000,2012,0.497,603,718,0.84,346,1040,1386,826,372,206,496,660,3329,29.1,25,15,27,13,4.48,-0.56,3.92,104.2,98.6,5.6,79.4,0.252,0.295,0.525,0.478,13.5,24.2,0.211,0.477,16.5,74.6,0.21,38.9,89.2,0.435,7.6,26.3,0.288,31.3,63.0,0.497,18.9,22.5,0.84,10.8,32.5,43.4,25.8,11.6,6.4,15.5,20.7,104.2,0.435,12.8,0.705,0.202,0.278,0.131,0.094,0.295,0.497,0.693,0.435,0.405,0.387,0.288,0.616,0.868,0.17,0.301,28.8,67.7,0.426,6.9,21.0,0.329,21.9,46.7,0.469,14.2,18.2,0.784,8.9,27.2,36.0,19.5,7.6,4.6,15.0,16.4,78.8,1152.0,2707.0,0.426,277.0,841.0,0.329,875.0,1866.0,0.469,569.0,726.0,0.784,355.0,1086.0,1441.0,779.0,305.0,183.0,599.0,656.0,3150.0,36.0,84.7,0.426,8.7,26.3,0.329,27.4,58.4,0.469,17.8,22.7,0.784,11.1,34.0,45.1,24.4,9.5,5.7,18.7,20.5,98.6,0.426,13.0,0.689,0.225,0.279,0.104,0.082,0.311,0.469,0.651,0.412,0.355,0.308,0.329,0.608,0.895,0.187,0.382
SEA,DAL,6,29,97,76,1,0,1,0,0,1,0,1,1,1,1,0,1,1,2,2,0,0,0,1,0,0,0,0,2,1,1,31.1,71.3,0.435,6.1,21.0,0.288,25.0,50.3,0.497,15.1,18.0,0.84,8.7,26.0,34.7,20.7,9.3,5.2,12.4,16.5,83.2,1242,2852,0.435,242,840,0.288,1000,2012,0.497,603,718,0.84,346,1040,1386,826,372,206,496,660,3329,29.1,25,15,27,13,4.48,-0.56,3.92,104.2,98.6,5.6,79.4,0.252,0.295,0.525,0.478,13.5,24.2,0.211,0.477,16.5,74.6,0.21,38.9,89.2,0.435,7.6,26.3,0.288,31.3,63.0,0.497,18.9,22.5,0.84,10.8,32.5,43.4,25.8,11.6,6.4,15.5,20.7,104.2,0.435,12.8,0.705,0.202,0.278,0.131,0.094,0.295,0.497,0.693,0.435,0.405,0.387,0.288,0.616,0.868,0.17,0.301,28.8,67.7,0.426,6.9,21.0,0.329,21.9,46.7,0.469,14.2,18.2,0.784,8.9,27.2,36.0,19.5,7.6,4.6,15.0,16.4,78.8,1152.0,2707.0,0.426,277.0,841.0,0.329,875.0,1866.0,0.469,569.0,726.0,0.784,355.0,1086.0,1441.0,779.0,305.0,183.0,599.0,656.0,3150.0,36.0,84.7,0.426,8.7,26.3,0.329,27.4,58.4,0.469,17.8,22.7,0.784,11.1,34.0,45.1,24.4,9.5,5.7,18.7,20.5,98.6,0.426,13.0,0.689,0.225,0.279,0.104,0.082,0.311,0.469,0.651,0.412,0.355,0.308,0.329,0.608,0.895,0.187,0.382
SEA,DAL,7,1,95,71,1,0,1,0,0,1,0,1,1,1,1,0,1,1,2,2,0,0,0,1,0,0,0,0,2,1,1,31.1,71.3,0.435,6.1,21.0,0.288,25.0,50.3,0.497,15.1,18.0,0.84,8.7,26.0,34.7,20.7,9.3,5.2,12.4,16.5,83.2,1242,2852,0.435,242,840,0.288,1000,2012,0.497,603,718,0.84,346,1040,1386,826,372,206,496,660,3329,29.1,25,15,27,13,4.48,-0.56,3.92,104.2,98.6,5.6,79.4,0.252,0.295,0.525,0.478,13.5,24.2,0.211,0.477,16.5,74.6,0.21,38.9,89.2,0.435,7.6,26.3,0.288,31.3,63.0,0.497,18.9,22.5,0.84,10.8,32.5,43.4,25.8,11.6,6.4,15.5,20.7,104.2,0.435,12.8,0.705,0.202,0.278,0.131,0.094,0.295,0.497,0.693,0.435,0.405,0.387,0.288,0.616,0.868,0.17,0.301,28.8,67.7,0.426,6.9,21.0,0.329,21.9,46.7,0.469,14.2,18.2,0.784,8.9,27.2,36.0,19.5,7.6,4.6,15.0,16.4,78.8,1152.0,2707.0,0.426,277.0,841.0,0.329,875.0,1866.0,0.469,569.0,726.0,0.784,355.0,1086.0,1441.0,779.0,305.0,183.0,599.0,656.0,3150.0,36.0,84.7,0.426,8.7,26.3,0.329,27.4,58.4,0.469,17.8,22.7,0.784,11.1,34.0,45.1,24.4,9.5,5.7,18.7,20.5,98.6,0.426,13.0,0.689,0.225,0.279,0.104,0.082,0.311,0.469,0.651,0.412,0.355,0.308,0.329,0.608,0.895,0.187,0.382
SEA,CHI,7,5,84,88,1,0,1,0,0,1,0,1,1,1,1,0,1,1,2,2,0,0,0,1,0,0,0,0,2,1,1,31.1,71.3,0.435,6.1,21.0,0.288,25.0,50.3,0.497,15.1,18.0,0.84,8.7,26.0,34.7,20.7,9.3,5.2,12.4,16.5,83.2,1242,2852,0.435,242,840,0.288,1000,2012,0.497,603,718,0.84,346,1040,1386,826,372,206,496,660,3329,29.1,25,15,27,13,4.48,-0.56,3.92,104.2,98.6,5.6,79.4,0.252,0.295,0.525,0.478,13.5,24.2,0.211,0.477,16.5,74.6,0.21,38.9,89.2,0.435,7.6,26.3,0.288,31.3,63.0,0.497,18.9,22.5,0.84,10.8,32.5,43.4,25.8,11.6,6.4,15.5,20.7,104.2,0.435,12.8,0.705,0.202,0.278,0.131,0.094,0.295,0.497,0.693,0.435,0.405,0.387,0.288,0.616,0.868,0.17,0.301,28.8,67.7,0.426,6.9,21.0,0.329,21.9,46.7,0.469,14.2,18.2,0.784,8.9,27.2,36.0,19.5,7.6,4.6,15.0,16.4,78.8,1152.0,2707.0,0.426,277.0,841.0,0.329,875.0,1866.0,0.469,569.0,726.0,0.784,355.0,1086.0,1441.0,779.0,305.0,183.0,599.0,656.0,3150.0,36.0,84.7,0.426,8.7,26.3,0.329,27.4,58.4,0.469,17.8,22.7,0.784,11.1,34.0,45.1,24.4,9.5,5.7,18.7,20.5,98.6,0.426,13.0,0.689,0.225,0.279,0.104,0.082,0.311,0.469,0.651,0.412,0.355,0.308,0.329,0.608,0.895,0.187,0.382
SEA,CHI,7,7,84,71,1,0,1,0,0,1,0,1,1,1,1,0,1,1,2,2,0,0,0,1,0,0,0,0,2,1,1,31.1,71.3,0.435,6.1,21.0,0.288,25.0,50.3,0.497,15.1,18.0,0.84,8.7,26.0,34.7,20.7,9.3,5.2,12.4,16.5,83.2,1242,2852,0.435,242,840,0.288,1000,2012,0.497,603,718,0.84,346,1040,1386,826,372,206,496,660,3329,29.1,25,15,27,13,4.48,-0.56,3.92,104.2,98.6,5.6,79.4,0.252,0.295,0.525,0.478,13.5,24.2,0.211,0.477,16.5,74.6,0.21,38.9,89.2,0.435,7.6,26.3,0.288,31.3,63.0,0.497,18.9,22.5,0.84,10.8,32.5,43.4,25.8,11.6,6.4,15.5,20.7,104.2,0.435,12.8,0.705,0.202,0.278,0.131,0.094,0.295,0.497,0.693,0.435,0.405,0.387,0.288,0.616,0.868,0.17,0.301,28.8,67.7,0.426,6.9,21.0,0.329,21.9,46.7,0.469,14.2,18.2,0.784,8.9,27.2,36.0,19.5,7.6,4.6,15.0,16.4,78.8,1152.0,2707.0,0.426,277.0,841.0,0.329,875.0,1866.0,0.469,569.0,726.0,0.784,355.0,1086.0,1441.0,779.0,305.0,183.0,599.0,656.0,3150.0,36.0,84.7,0.426,8.7,26.3,0.329,27.4,58.4,0.469,17.8,22.7,0.784,11.1,34.0,45.1,24.4,9.5,5.7,18.7,20.5,98.6,0.426,13.0,0.689,0.225,0.279,0.104,0.082,0.311,0.469,0.651,0.412,0.355,0.308,0.329,0.608,0.895,0.187,0.382
SEA,LVA,7,10,79,84,1,0,1,0,0,1,0,1,1,1,1,0,1,1,2,2,0,0,0,1,0,0,0,0,2,1,1,31.1,71.3,0.435,6.1,21.0,0.288,25.0,50.3,0.497,15.1,18.0,0.84,8.7,26.0,34.7,20.7,9.3,5.2,12.4,16.5,83.2,1242,2852,0.435,242,840,0.288,1000,2012,0.497,603,718,0.84,346,1040,1386,826,372,206,496,660,3329,29.1,25,15,27,13,4.48,-0.56,3.92,104.2,98.6,5.6,79.4,0.252,0.295,0.525,0.478,13.5,24.2,0.211,0.477,16.5,74.6,0.21,38.9,89.2,0.435,7.6,26.3,0.288,31.3,63.0,0.497,18.9,22.5,0.84,10.8,32.5,43.4,25.8,11.6,6.4,15.5,20.7,104.2,0.435,12.8,0.705,0.202,0.278,0.131,0.094,0.295,0.497,0.693,0.435,0.405,0.387,0.288,0.616,0.868,0.17,0.301,28.8,67.7,0.426,6.9,21.0,0.329,21.9,46.7,0.469,14.2,18.2,0.784,8.9,27.2,36.0,19.5,7.6,4.6,15.0,16.4,78.8,1152.0,2707.0,0.426,277.0,841.0,0.329,875.0,1866.0,0.469,569.0,726.0,0.784,355.0,1086.0,1441.0,779.0,305.0,183.0,599.0,656.0,3150.0,36.0,84.7,0.426,8.7,26.3,0.329,27.4,58.4,0.469,17.8,22.7,0.784,11.1,34.0,45.1,24.4,9.5,5.7,18.7,20.5,98.6,0.426,13.0,0.689,0.225,0.279,0.104,0.082,0.311,0.469,0.651,0.412,0.355,0.308,0.329,0.608,0.895,0.187,0.382
SEA,MIN,7,12,91,63,1,0,1,0,0,1,0,1,1,1,1,0,1,1,2,2,0,0,0,1,0,0,0,0,2,1,1,31.1,71.3,0.435,6.1,21.0,0.288,25.0,50.3,0.497,15.1,18.0,0.84,8.7,26.0,34.7,20.7,9.3,5.2,12.4,16.5,83.2,1242,2852,0.435,242,840,0.288,1000,2012,0.497,603,718,0.84,346,1040,1386,826,372,206,496,660,3329,29.1,25,15,27,13,4.48,-0.56,3.92,104.2,98.6,5.6,79.4,0.252,0.295,0.525,0.478,13.5,24.2,0.211,0.477,16.5,74.6,0.21,38.9,89.2,0.435,7.6,26.3,0.288,31.3,63.0,0.497,18.9,22.5,0.84,10.8,32.5,43.4,25.8,11.6,6.4,15.5,20.7,104.2,0.435,12.8,0.705,0.202,0.278,0.131,0.094,0.295,0.497,0.693,0.435,0.405,0.387,0.288,0.616,0.868,0.17,0.301,28.8,67.7,0.426,6.9,21.0,0.329,21.9,46.7,0.469,14.2,18.2,0.784,8.9,27.2,36.0,19.5,7.6,4.6,15.0,16.4,78.8,1152.0,2707.0,0.426,277.0,841.0,0.329,875.0,1866.0,0.469,569.0,726.0,0.784,355.0,1086.0,1441.0,779.0,305.0,183.0,599.0,656.0,3150.0,36.0,84.7,0.426,8.7,26.3,0.329,27.4,58.4,0.469,17.8,22.7,0.784,11.1,34.0,45.1,24.4,9.5,5.7,18.7,20.5,98.6,0.426,13.0,0.689,0.225,0.279,0.104,0.082,0.311,0.469,0.651,0.412,0.355,0.308,0.329,0.608,0.895,0.187,0.382
SEA,ATL,7,14,81,70,1,0,1,0,0,1,0,1,1,1,1,0,1,1,2,2,0,0,0,1,0,0,0,0,2,1,1,31.1,71.3,0.435,6.1,21.0,0.288,25.0,50.3,0.497,15.1,18.0,0.84,8.7,26.0,34.7,20.7,9.3,5.2,12.4,16.5,83.2,1242,2852,0.435,242,840,0.288,1000,2012,0.497,603,718,0.84,346,1040,1386,826,372,206,496,660,3329,29.1,25,15,27,13,4.48,-0.56,3.92,104.2,98.6,5.6,79.4,0.252,0.295,0.525,0.478,13.5,24.2,0.211,0.477,16.5,74.6,0.21,38.9,89.2,0.435,7.6,26.3,0.288,31.3,63.0,0.497,18.9,22.5,0.84,10.8,32.5,43.4,25.8,11.6,6.4,15.5,20.7,104.2,0.435,12.8,0.705,0.202,0.278,0.131,0.094,0.295,0.497,0.693,0.435,0.405,0.387,0.288,0.616,0.868,0.17,0.301,28.8,67.7,0.426,6.9,21.0,0.329,21.9,46.7,0.469,14.2,18.2,0.784,8.9,27.2,36.0,19.5,7.6,4.6,15.0,16.4,78.8,1152.0,2707.0,0.426,277.0,841.0,0.329,875.0,1866.0,0.469,569.0,726.0,0.784,355.0,1086.0,1441.0,779.0,305.0,183.0,599.0,656.0,3150.0,36.0,84.7,0.426,8.7,26.3,0.329,27.4,58.4,0.469,17.8,22.7,0.784,11.1,34.0,45.1,24.4,9.5,5.7,18.7,20.5,98.6,0.426,13.0,0.689,0.225,0.279,0.104,0.082,0.311,0.469,0.651,0.412,0.355,0.308,0.329,0.608,0.895,0.187,0.382
SEA,LAS,7,16,89,83,1,0,1,0,0,1,0,1,1,1,1,0,1,1,2,2,0,0,0,1,0,0,0,0,2,1,1,31.1,71.3,0.435,6.1,21.0,0.288,25.0,50.3,0.497,15.1,18.0,0.84,8.7,26.0,34.7,20.7,9.3,5.2,12.4,16.5,83.2,1242,2852,0.435,242,840,0.288,1000,2012,0.497,603,718,0.84,346,1040,1386,826,372,206,496,660,3329,29.1,25,15,27,13,4.48,-0.56,3.92,104.2,98.6,5.6,79.4,0.252,0.295,0.525,0.478,13.5,24.2,0.211,0.477,16.5,74.6,0.21,38.9,89.2,0.435,7.6,26.3,0.288,31.3,63.0,0.497,18.9,22.5,0.84,10.8,32.5,43.4,25.8,11.6,6.4,15.5,20.7,104.2,0.435,12.8,0.705,0.202,0.278,0.131,0.094,0.295,0.497,0.693,0.435,0.405,0.387,0.288,0.616,0.868,0.17,0.301,28.8,67.7,0.426,6.9,21.0,0.329,21.9,46.7,0.469,14.2,18.2,0.784,8.9,27.2,36.0,19.5,7.6,4.6,15.0,16.4,78.8,1152.0,2707.0,0.426,277.0,841.0,0.329,875.0,1866.0,0.469,569.0,726.0,0.784,355.0,1086.0,1441.0,779.0,305.0,183.0,599.0,656.0,3150.0,36.0,84.7,0.426,8.7,26.3,0.329,27.4,58.4,0.469,17.8,22.7,0.784,11.1,34.0,45.1,24.4,9.5,5.7,18.7,20.5,98.6,0.426,13.0,0.689,0.225,0.279,0.104,0.082,0.311,0.469,0.651,0.412,0.355,0.308,0.329,0.608,0.895,0.187,0.382
SEA,ATL,8,16,81,83,1,0,1,0,0,1,0,1,1,1,1,0,1,1,2,2,0,0,0,1,0,0,0,0,2,1,1,31.1,71.3,0.435,6.1,21.0,0.288,25.0,50.3,0.497,15.1,18.0,0.84,8.7,26.0,34.7,20.7,9.3,5.2,12.4,16.5,83.2,1242,2852,0.435,242,840,0.288,1000,2012,0.497,603,718,0.84,346,1040,1386,826,372,206,496,660,3329,29.1,25,15,27,13,4.48,-0.56,3.92,104.2,98.6,5.6,79.4,0.252,0.295,0.525,0.478,13.5,24.2,0.211,0.477,16.5,74.6,0.21,38.9,89.2,0.435,7.6,26.3,0.288,31.3,63.0,0.497,18.9,22.5,0.84,10.8,32.5,43.4,25.8,11.6,6.4,15.5,20.7,104.2,0.435,12.8,0.705,0.202,0.278,0.131,0.094,0.295,0.497,0.693,0.435,0.405,0.387,0.288,0.616,0.868,0.17,0.301,28.8,67.7,0.426,6.9,21.0,0.329,21.9,46.7,0.469,14.2,18.2,0.784,8.9,27.2,36.0,19.5,7.6,4.6,15.0,16.4,78.8,1152.0,2707.0,0.426,277.0,841.0,0.329,875.0,1866.0,0.469,569.0,726.0,0.784,355.0,1086.0,1441.0,779.0,305.0,183.0,599.0,656.0,3150.0,36.0,84.7,0.426,8.7,26.3,0.329,27.4,58.4,0.469,17.8,22.7,0.784,11.1,34.0,45.1,24.4,9.5,5.7,18.7,20.5,98.6,0.426,13.0,0.689,0.225,0.279,0.104,0.082,0.311,0.469,0.651,0.412,0.355,0.308,0.329,0.608,0.895,0.187,0.382
SEA,IND,8,18,75,92,1,0,1,0,0,1,0,1,1,1,1,0,1,1,2,2,0,0,0,1,0,0,0,0,2,1,1,31.1,71.3,0.435,6.1,21.0,0.288,25.0,50.3,0.497,15.1,18.0,0.84,8.7,26.0,34.7,20.7,9.3,5.2,12.4,16.5,83.2,1242,2852,0.435,242,840,0.288,1000,2012,0.497,603,718,0.84,346,1040,1386,826,372,206,496,660,3329,29.1,25,15,27,13,4.48,-0.56,3.92,104.2,98.6,5.6,79.4,0.252,0.295,0.525,0.478,13.5,24.2,0.211,0.477,16.5,74.6,0.21,38.9,89.2,0.435,7.6,26.3,0.288,31.3,63.0,0.497,18.9,22.5,0.84,10.8,32.5,43.4,25.8,11.6,6.4,15.5,20.7,104.2,0.435,12.8,0.705,0.202,0.278,0.131,0.094,0.295,0.497,0.693,0.435,0.405,0.387,0.288,0.616,0.868,0.17,0.301,28.8,67.7,0.426,6.9,21.0,0.329,21.9,46.7,0.469,14.2,18.2,0.784,8.9,27.2,36.0,19.5,7.6,4.6,15.0,16.4,78.8,1152.0,2707.0,0.426,277.0,841.0,0.329,875.0,1866.0,0.469,569.0,726.0,0.784,355.0,1086.0,1441.0,779.0,305.0,183.0,599.0,656.0,3150.0,36.0,84.7,0.426,8.7,26.3,0.329,27.4,58.4,0.469,17.8,22.7,0.784,11.1,34.0,45.1,24.4,9.5,5.7,18.7,20.5,98.6,0.426,13.0,0.689,0.225,0.279,0.104,0.082,0.311,0.469,0.651,0.412,0.355,0.308,0.329,0.608,0.895,0.187,0.382
SEA,WAS,8,20,83,77,1,0,1,0,0,1,0,1,1,1,1,0,1,1,2,2,0,0,0,1,0,0,0,0,2,1,1,31.1,71.3,0.435,6.1,21.0,0.288,25.0,50.3,0.497,15.1,18.0,0.84,8.7,26.0,34.7,20.7,9.3,5.2,12.4,16.5,83.2,1242,2852,0.435,242,840,0.288,1000,2012,0.497,603,718,0.84,346,1040,1386,826,372,206,496,660,3329,29.1,25,15,27,13,4.48,-0.56,3.92,104.2,98.6,5.6,79.4,0.252,0.295,0.525,0.478,13.5,24.2,0.211,0.477,16.5,74.6,0.21,38.9,89.2,0.435,7.6,26.3,0.288,31.3,63.0,0.497,18.9,22.5,0.84,10.8,32.5,43.4,25.8,11.6,6.4,15.5,20.7,104.2,0.435,12.8,0.705,0.202,0.278,0.131,0.094,0.295,0.497,0.693,0.435,0.405,0.387,0.288,0.616,0.868,0.17,0.301,28.8,67.7,0.426,6.9,21.0,0.329,21.9,46.7,0.469,14.2,18.2,0.784,8.9,27.2,36.0,19.5,7.6,4.6,15.0,16.4,78.8,1152.0,2707.0,0.426,277.0,841.0,0.329,875.0,1866.0,0.469,569.0,726.0,0.784,355.0,1086.0,1441.0,779.0,305.0,183.0,599.0,656.0,3150.0,36.0,84.7,0.426,8.7,26.3,0.329,27.4,58.4,0.469,17.8,22.7,0.784,11.1,34.0,45.1,24.4,9.5,5.7,18.7,20.5,98.6,0.426,13.0,0.689,0.225,0.279,0.104,0.082,0.311,0.469,0.651,0.412,0.355,0.308,0.329,0.608,0.895,0.187,0.382
SEA,WAS,8,26,72,74,1,0,1,0,0,1,0,1,1,1,1,0,1,1,3,2,0,0,0,1,1,0,0,0,2,1,1,31.1,71.3,0.435,6.1,21.0,0.288,25.0,50.3,0.497,15.1,18.0,0.84,8.7,26.0,34.7,20.7,9.3,5.2,12.4,16.5,83.2,1242,2852,0.435,242,840,0.288,1000,2012,0.497,603,718,0.84,346,1040,1386,826,372,206,496,660,3329,29.1,25,15,27,13,4.48,-0.56,3.92,104.2,98.6,5.6,79.4,0.252,0.295,0.525,0.478,13.5,24.2,0.211,0.477,16.5,74.6,0.21,38.9,89.2,0.435,7.6,26.3,0.288,31.3,63.0,0.497,18.9,22.5,0.84,10.8,32.5,43.4,25.8,11.6,6.4,15.5,20.7,104.2,0.435,12.8,0.705,0.202,0.278,0.131,0.094,0.295,0.497,0.693,0.435,0.405,0.387,0.288,0.616,0.868,0.17,0.301,28.8,67.7,0.426,6.9,21.0,0.329,21.9,46.7,0.469,14.2,18.2,0.784,8.9,27.2,36.0,19.5,7.6,4.6,15.0,16.4,78.8,1152.0,2707.0,0.426,277.0,841.0,0.329,875.0,1866.0,0.469,569.0,726.0,0.784,355.0,1086.0,1441.0,779.0,305.0,183.0,599.0,656.0,3150.0,36.0,84.7,0.426,8.7,26.3,0.329,27.4,58.4,0.469,17.8,22.7,0.784,11.1,34.0,45.1,24.4,9.5,5.7,18.7,20.5,98.6,0.426,13.0,0.689,0.225,0.279,0.104,0.082,0.311,0.469,0.651,0.412,0.355,0.308,0.329,0.608,0.895,0.187,0.382
SEA,ATL,8,28,85,81,1,0,1,0,0,1,0,1,1,1,1,0,1,1,3,2,0,0,0,1,1,0,0,0,2,1,1,31.1,71.3,0.435,6.1,21.0,0.288,25.0,50.3,0.497,15.1,18.0,0.84,8.7,26.0,34.7,20.7,9.3,5.2,12.4,16.5,83.2,1242,2852,0.435,242,840,0.288,1000,2012,0.497,603,718,0.84,346,1040,1386,826,372,206,496,660,3329,29.1,25,15,27,13,4.48,-0.56,3.92,104.2,98.6,5.6,79.4,0.252,0.295,0.525,0.478,13.5,24.2,0.211,0.477,16.5,74.6,0.21,38.9,89.2,0.435,7.6,26.3,0.288,31.3,63.0,0.497,18.9,22.5,0.84,10.8,32.5,43.4,25.8,11.6,6.4,15.5,20.7,104.2,0.435,12.8,0.705,0.202,0.278,0.131,0.094,0.295,0.497,0.693,0.435,0.405,0.387,0.288,0.616,0.868,0.17,0.301,28.8,67.7,0.426,6.9,21.0,0.329,21.9,46.7,0.469,14.2,18.2,0.784,8.9,27.2,36.0,19.5,7.6,4.6,15.0,16.4,78.8,1152.0,2707.0,0.426,277.0,841.0,0.329,875.0,1866.0,0.469,569.0,726.0,0.784,355.0,1086.0,1441.0,779.0,305.0,183.0,599.0,656.0,3150.0,36.0,84.7,0.426,8.7,26.3,0.329,27.4,58.4,0.469,17.8,22.7,0.784,11.1,34.0,45.1,24.4,9.5,5.7,18.7,20.5,98.6,0.426,13.0,0.689,0.225,0.279,0.104,0.082,0.311,0.469,0.651,0.412,0.355,0.308,0.329,0.608,0.895,0.187,0.382
SEA,NYL,8,30,85,98,1,0,1,0,0,1,0,1,1,1,1,0,1,1,3,2,0,0,0,1,1,0,0,0,2,1,1,31.1,71.3,0.435,6.1,21.0,0.288,25.0,50.3,0.497,15.1,18.0,0.84,8.7,26.0,34.7,20.7,9.3,5.2,12.4,16.5,83.2,1242,2852,0.435,242,840,0.288,1000,2012,0.497,603,718,0.84,346,1040,1386,826,372,206,496,660,3329,29.1,25,15,27,13,4.48,-0.56,3.92,104.2,98.6,5.6,79.4,0.252,0.295,0.525,0.478,13.5,24.2,0.211,0.477,16.5,74.6,0.21,38.9,89.2,0.435,7.6,26.3,0.288,31.3,63.0,0.497,18.9,22.5,0.84,10.8,32.5,43.4,25.8,11.6,6.4,15.5,20.7,104.2,0.435,12.8,0.705,0.202,0.278,0.131,0.094,0.295,0.497,0.693,0.435,0.405,0.387,0.288,0.616,0.868,0.17,0.301,28.8,67.7,0.426,6.9,21.0,0.329,21.9,46.7,0.469,14.2,18.2,0.784,8.9,27.2,36.0,19.5,7.6,4.6,15.0,16.4,78.8,1152.0,2707.0,0.426,277.0,841.0,0.329,875.0,1866.0,0.469,569.0,726.0,0.784,355.0,1086.0,1441.0,779.0,305.0,183.0,599.0,656.0,3150.0,36.0,84.7,0.426,8.7,26.3,0.329,27.4,58.4,0.469,17.8,22.7,0.784,11.1,34.0,45.1,24.4,9.5,5.7,18.7,20.5,98.6,0.426,13.0,0.689,0.225,0.279,0.104,0.082,0.311,0.469,0.651,0.412,0.355,0.308,0.329,0.608,0.895,0.187,0.382
SEA,CON,9,1,86,93,1,0,1,0,0,1,0,1,1,1,1,0,1,1,3,2,0,0,0,1,1,0,0,0,2,1,1,31.1,71.3,0.435,6.1,21.0,0.288,25.0,50.3,0.497,15.1,18.0,0.84,8.7,26.0,34.7,20.7,9.3,5.2,12.4,16.5,83.2,1242,2852,0.435,242,840,0.288,1000,2012,0.497,603,718,0.84,346,1040,1386,826,372,206,496,660,3329,29.1,25,15,27,13,4.48,-0.56,3.92,104.2,98.6,5.6,79.4,0.252,0.295,0.525,0.478,13.5,24.2,0.211,0.477,16.5,74.6,0.21,38.9,89.2,0.435,7.6,26.3,0.288,31.3,63.0,0.497,18.9,22.5,0.84,10.8,32.5,43.4,25.8,11.6,6.4,15.5,20.7,104.2,0.435,12.8,0.705,0.202,0.278,0.131,0.094,0.295,0.497,0.693,0.435,0.405,0.387,0.288,0.616,0.868,0.17,0.301,28.8,67.7,0.426,6.9,21.0,0.329,21.9,46.7,0.469,14.2,18.2,0.784,8.9,27.2,36.0,19.5,7.6,4.6,15.0,16.4,78.8,1152.0,2707.0,0.426,277.0,841.0,0.329,875.0,1866.0,0.469,569.0,726.0,0.784,355.0,1086.0,1441.0,779.0,305.0,183.0,599.0,656.0,3150.0,36.0,84.7,0.426,8.7,26.3,0.329,27.4,58.4,0.469,17.8,22.7,0.784,11.1,34.0,45.1,24.4,9.5,5.7,18.7,20.5,98.6,0.426,13.0,0.689,0.225,0.279,0.104,0.082,0.311,0.469,0.651,0.412,0.355,0.308,0.329,0.608,0.895,0.187,0.382
SEA,CON,9,3,71,64,1,0,1,0,0,1,0,1,1,1,1,0,1,1,3,2,0,0,0,1,1,0,0,0,2,1,1,31.1,71.3,0.435,6.1,21.0,0.288,25.0,50.3,0.497,15.1,18.0,0.84,8.7,26.0,34.7,20.7,9.3,5.2,12.4,16.5,83.2,1242,2852,0.435,242,840,0.288,1000,2012,0.497,603,718,0.84,346,1040,1386,826,372,206,496,660,3329,29.1,25,15,27,13,4.48,-0.56,3.92,104.2,98.6,5.6,79.4,0.252,0.295,0.525,0.478,13.5,24.2,0.211,0.477,16.5,74.6,0.21,38.9,89.2,0.435,7.6,26.3,0.288,31.3,63.0,0.497,18.9,22.5,0.84,10.8,32.5,43.4,25.8,11.6,6.4,15.5,20.7,104.2,0.435,12.8,0.705,0.202,0.278,0.131,0.094,0.295,0.497,0.693,0.435,0.405,0.387,0.288,0.616,0.868,0.17,0.301,28.8,67.7,0.426,6.9,21.0,0.329,21.9,46.7,0.469,14.2,18.2,0.784,8.9,27.2,36.0,19.5,7.6,4.6,15.0,16.4,78.8,1152.0,2707.0,0.426,277.0,841.0,0.329,875.0,1866.0,0.469,569.0,726.0,0.784,355.0,1086.0,1441.0,779.0,305.0,183.0,599.0,656.0,3150.0,36.0,84.7,0.426,8.7,26.3,0.329,27.4,58.4,0.469,17.8,22.7,0.784,11.1,34.0,45.1,24.4,9.5,5.7,18.7,20.5,98.6,0.426,13.0,0.689,0.225,0.279,0.104,0.082,0.311,0.469,0.651,0.412,0.355,0.308,0.329,0.608,0.895,0.187,0.382
SEA,NYL,9,5,70,77,1,0,1,0,0,1,0,1,1,1,1,0,1,1,3,2,0,0,0,1,1,0,0,0,2,1,1,31.1,71.3,0.435,6.1,21.0,0.288,25.0,50.3,0.497,15.1,18.0,0.84,8.7,26.0,34.7,20.7,9.3,5.2,12.4,16.5,83.2,1242,2852,0.435,242,840,0.288,1000,2012,0.497,603,718,0.84,346,1040,1386,826,372,206,496,660,3329,29.1,25,15,27,13,4.48,-0.56,3.92,104.2,98.6,5.6,79.4,0.252,0.295,0.525,0.478,13.5,24.2,0.211,0.477,16.5,74.6,0.21,38.9,89.2,0.435,7.6,26.3,0.288,31.3,63.0,0.497,18.9,22.5,0.84,10.8,32.5,43.4,25.8,11.6,6.4,15.5,20.7,104.2,0.435,12.8,0.705,0.202,0.278,0.131,0.094,0.295,0.497,0.693,0.435,0.405,0.387,0.288,0.616,0.868,0.17,0.301,28.8,67.7,0.426,6.9,21.0,0.329,21.9,46.7,0.469,14.2,18.2,0.784,8.9,27.2,36.0,19.5,7.6,4.6,15.0,16.4,78.8,1152.0,2707.0,0.426,277.0,841.0,0.329,875.0,1866.0,0.469,569.0,726.0,0.784,355.0,1086.0,1441.0,779.0,305.0,183.0,599.0,656.0,3150.0,36.0,84.7,0.426,8.7,26.3,0.329,27.4,58.4,0.469,17.8,22.7,0.784,11.1,34.0,45.1,24.4,9.5,5.7,18.7,20.5,98.6,0.426,13.0,0.689,0.225,0.279,0.104,0.082,0.311,0.469,0.651,0.412,0.355,0.308,0.329,0.608,0.895,0.187,0.382
SEA,PHO,9,7,90,66,1,0,1,0,0,1,0,1,1,1,1,0,1,1,3,2,0,0,0,1,1,0,0,0,2,1,1,31.1,71.3,0.435,6.1,21.0,0.288,25.0,50.3,0.497,15.1,18.0,0.84,8.7,26.0,34.7,20.7,9.3,5.2,12.4,16.5,83.2,1242,2852,0.435,242,840,0.288,1000,2012,0.497,603,718,0.84,346,1040,1386,826,372,206,496,660,3329,29.1,25,15,27,13,4.48,-0.56,3.92,104.2,98.6,5.6,79.4,0.252,0.295,0.525,0.478,13.5,24.2,0.211,0.477,16.5,74.6,0.21,38.9,89.2,0.435,7.6,26.3,0.288,31.3,63.0,0.497,18.9,22.5,0.84,10.8,32.5,43.4,25.8,11.6,6.4,15.5,20.7,104.2,0.435,12.8,0.705,0.202,0.278,0.131,0.094,0.295,0.497,0.693,0.435,0.405,0.387,0.288,0.616,0.868,0.17,0.301,28.8,67.7,0.426,6.9,21.0,0.329,21.9,46.7,0.469,14.2,18.2,0.784,8.9,27.2,36.0,19.5,7.6,4.6,15.0,16.4,78.8,1152.0,2707.0,0.426,277.0,841.0,0.329,875.0,1866.0,0.469,569.0,726.0,0.784,355.0,1086.0,1441.0,779.0,305.0,183.0,599.0,656.0,3150.0,36.0,84.7,0.426,8.7,26.3,0.329,27.4,58.4,0.469,17.8,22.7,0.784,11.1,34.0,45.1,24.4,9.5,5.7,18.7,20.5,98.6,0.426,13.0,0.689,0.225,0.279,0.104,0.082,0.311,0.469,0.651,0.412,0.355,0.308,0.329,0.608,0.895,0.187,0.382
SEA,LAS,9,11,90,82,1,0,1,0,0,1,0,1,1,1,1,0,1,1,3,2,0,0,0,1,1,0,0,0,2,1,1,31.1,71.3,0.435,6.1,21.0,0.288,25.0,50.3,0.497,15.1,18.0,0.84,8.7,26.0,34.7,20.7,9.3,5.2,12.4,16.5,83.2,1242,2852,0.435,242,840,0.288,1000,2012,0.497,603,718,0.84,346,1040,1386,826,372,206,496,660,3329,29.1,25,15,27,13,4.48,-0.56,3.92,104.2,98.6,5.6,79.4,0.252,0.295,0.525,0.478,13.5,24.2,0.211,0.477,16.5,74.6,0.21,38.9,89.2,0.435,7.6,26.3,0.288,31.3,63.0,0.497,18.9,22.5,0.84,10.8,32.5,43.4,25.8,11.6,6.4,15.5,20.7,104.2,0.435,12.8,0.705,0.202,0.278,0.131,0.094,0.295,0.497,0.693,0.435,0.405,0.387,0.288,0.616,0.868,0.17,0.301,28.8,67.7,0.426,6.9,21.0,0.329,21.9,46.7,0.469,14.2,18.2,0.784,8.9,27.2,36.0,19.5,7.6,4.6,15.0,16.4,78.8,1152.0,2707.0,0.426,277.0,841.0,0.329,875.0,1866.0,0.469,569.0,726.0,0.784,355.0,1086.0,1441.0,779.0,305.0,183.0,599.0,656.0,3150.0,36.0,84.7,0.426,8.7,26.3,0.329,27.4,58.4,0.469,17.8,22.7,0.784,11.1,34.0,45.1,24.4,9.5,5.7,18.7,20.5,98.6,0.426,13.0,0.689,0.225,0.279,0.104,0.082,0.311,0.469,0.651,0.412,0.355,0.308,0.329,0.608,0.895,0.187,0.382
SEA,DAL,9,13,83,81,1,0,1,0,0,1,0,1,1,1,1,0,1,1,3,2,0,0,0,1,1,0,0,0,2,1,1,31.1,71.3,0.435,6.1,21.0,0.288,25.0,50.3,0.497,15.1,18.0,0.84,8.7,26.0,34.7,20.7,9.3,5.2,12.4,16.5,83.2,1242,2852,0.435,242,840,0.288,1000,2012,0.497,603,718,0.84,346,1040,1386,826,372,206,496,660,3329,29.1,25,15,27,13,4.48,-0.56,3.92,104.2,98.6,5.6,79.4,0.252,0.295,0.525,0.478,13.5,24.2,0.211,0.477,16.5,74.6,0.21,38.9,89.2,0.435,7.6,26.3,0.288,31.3,63.0,0.497,18.9,22.5,0.84,10.8,32.5,43.4,25.8,11.6,6.4,15.5,20.7,104.2,0.435,12.8,0.705,0.202,0.278,0.131,0.094,0.295,0.497,0.693,0.435,0.405,0.387,0.288,0.616,0.868,0.17,0.301,28.8,67.7,0.426,6.9,21.0,0.329,21.9,46.7,0.469,14.2,18.2,0.784,8.9,27.2,36.0,19.5,7.6,4.6,15.0,16.4,78.8,1152.0,2707.0,0.426,277.0,841.0,0.329,875.0,1866.0,0.469,569.0,726.0,0.784,355.0,1086.0,1441.0,779.0,305.0,183.0,599.0,656.0,3150.0,36.0,84.7,0.426,8.7,26.3,0.329,27.4,58.4,0.469,17.8,22.7,0.784,11.1,34.0,45.1,24.4,9.5,5.7,18.7,20.5,98.6,0.426,13.0,0.689,0.225,0.279,0.104,0.082,0.311,0.469,0.651,0.412,0.355,0.308,0.329,0.608,0.895,0.187,0.382
SEA,LAS,9,15,90,87,0,0,0,0,0,0,0,1,1,1,1,0,0,0,3,1,0,0,0,0,1,0,0,0,1,0,1,31.1,71.3,0.435,6.1,21.0,0.288,25.0,50.3,0.497,15.1,18.0,0.84,8.7,26.0,34.7,20.7,9.3,5.2,12.4,16.5,83.2,1242,2852,0.435,242,840,0.288,1000,2012,0.497,603,718,0.84,346,1040,1386,826,372,206,496,660,3329,29.1,25,15,27,13,4.48,-0.56,3.92,104.2,98.6,5.6,79.4,0.252,0.295,0.525,0.478,13.5,24.2,0.211,0.477,16.5,74.6,0.21,38.9,89.2,0.435,7.6,26.3,0.288,31.3,63.0,0.497,18.9,22.5,0.84,10.8,32.5,43.4,25.8,11.6,6.4,15.5,20.7,104.2,0.435,12.8,0.705,0.202,0.278,0.131,0.094,0.295,0.497,0.693,0.435,0.405,0.387,0.288,0.616,0.868,0.17,0.301,28.8,67.7,0.426,6.9,21.0,0.329,21.9,46.7,0.469,14.2,18.2,0.784,8.9,27.2,36.0,19.5,7.6,4.6,15.0,16.4,78.8,1152.0,2707.0,0.426,277.0,841.0,0.329,875.0,1866.0,0.469,569.0,726.0,0.784,355.0,1086.0,1441.0,779.0,305.0,183.0,599.0,656.0,3150.0,36.0,84.7,0.426,8.7,26.3,0.329,27.4,58.4,0.469,17.8,22.7,0.784,11.1,34.0,45.1,24.4,9.5,5.7,18.7,20.5,98.6,0.426,13.0,0.689,0.225,0.279,0.104,0.082,0.311,0.469,0.651,0.412,0.355,0.308,0.329,0.608,0.895,0.187,0.382
SEA,LVA,9,17,72,85,0,0,0,0,0,0,0,1,1,1,1,0,0,0,3,1,0,0,0,0,1,0,0,0,1,0,1,31.1,71.3,0.435,6.1,21.0,0.288,25.0,50.3,0.497,15.1,18.0,0.84,8.7,26.0,34.7,20.7,9.3,5.2,12.4,16.5,83.2,1242,2852,0.435,242,840,0.288,1000,2012,0.497,603,718,0.84,346,1040,1386,826,372,206,496,660,3329,29.1,25,15,27,13,4.48,-0.56,3.92,104.2,98.6,5.6,79.4,0.252,0.295,0.525,0.478,13.5,24.2,0.211,0.477,16.5,74.6,0.21,38.9,89.2,0.435,7.6,26.3,0.288,31.3,63.0,0.497,18.9,22.5,0.84,10.8,32.5,43.4,25.8,11.6,6.4,15.5,20.7,104.2,0.435,12.8,0.705,0.202,0.278,0.131,0.094,0.295,0.497,0.693,0.435,0.405,0.387,0.288,0.616,0.868,0.17,0.301,28.8,67.7,0.426,6.9,21.0,0.329,21.9,46.7,0.469,14.2,18.2,0.784,8.9,27.2,36.0,19.5,7.6,4.6,15.0,16.4,78.8,1152.0,2707.0,0.426,277.0,841.0,0.329,875.0,1866.0,0.469,569.0,726.0,0.784,355.0,1086.0,1441.0,779.0,305.0,183.0,599.0,656.0,3150.0,36.0,84.7,0.426,8.7,26.3,0.329,27.4,58.4,0.469,17.8,22.7,0.784,11.1,34.0,45.1,24.4,9.5,5.7,18.7,20.5,98.6,0.426,13.0,0.689,0.225,0.279,0.104,0.082,0.311,0.469,0.651,0.412,0.355,0.308,0.329,0.608,0.895,0.187,0.382
SEA,PHO,9,19,89,70,0,0,0,0,0,0,0,1,1,1,1,0,0,0,3,1,0,0,0,0,1,0,0,0,1,0,1,31.1,71.3,0.435,6.1,21.0,0.288,25.0,50.3,0.497,15.1,18.0,0.84,8.7,26.0,34.7,20.7,9.3,5.2,12.4,16.5,83.2,1242,2852,0.435,242,840,0.288,1000,2012,0.497,603,718,0.84,346,1040,1386,826,372,206,496,660,3329,29.1,25,15,27,13,4.48,-0.56,3.92,104.2,98.6,5.6,79.4,0.252,0.295,0.525,0.478,13.5,24.2,0.211,0.477,16.5,74.6,0.21,38.9,89.2,0.435,7.6,26.3,0.288,31.3,63.0,0.497,18.9,22.5,0.84,10.8,32.5,43.4,25.8,11.6,6.4,15.5,20.7,104.2,0.435,12.8,0.705,0.202,0.278,0.131,0.094,0.295,0.497,0.693,0.435,0.405,0.387,0.288,0.616,0.868,0.17,0.301,28.8,67.7,0.426,6.9,21.0,0.329,21.9,46.7,0.469,14.2,18.2,0.784,8.9,27.2,36.0,19.5,7.6,4.6,15.0,16.4,78.8,1152.0,2707.0,0.426,277.0,841.0,0.329,875.0,1866.0,0.469,569.0,726.0,0.784,355.0,1086.0,1441.0,779.0,305.0,183.0,599.0,656.0,3150.0,36.0,84.7,0.426,8.7,26.3,0.329,27.4,58.4,0.469,17.8,22.7,0.784,11.1,34.0,45.1,24.4,9.5,5.7,18.7,20.5,98.6,0.426,13.0,0.689,0.225,0.279,0.104,0.082,0.311,0.469,0.651,0.412,0.355,0.308,0.329,0.608,0.895,0.187,0.382
WAS,NYL,5,14,80,85,0,1,0,0,0,0,0,0,0,0,0,0,2,0,0,0,0,0,1,1,1,1,0,1,0,1,1,29.0,67.0,0.433,9.7,26.6,0.366,19.3,40.4,0.477,11.5,15.0,0.767,7.1,24.8,31.9,21.6,7.3,3.4,15.1,18.4,79.3,1161,2681,0.433,389,1064,0.366,772,1617,0.477,461,601,0.767,283,991,1274,863,291,137,604,737,3172,27.3,14,26,15,25,-2.98,0.54,-2.44,99.7,103.4,-3.7,79.1,0.224,0.397,0.538,0.506,17.0,20.6,0.172,0.502,16.7,75.2,0.241,36.5,84.3,0.433,12.2,33.4,0.366,24.3,50.8,0.477,14.5,18.9,0.767,8.9,31.1,40.0,27.1,9.1,4.3,19.0,23.2,99.7,0.433,14.4,0.603,0.181,0.245,0.086,0.091,0.397,0.477,0.685,0.378,0.478,0.332,0.366,0.637,0.954,0.183,0.451,29.3,66.1,0.443,7.8,23.3,0.333,21.5,42.8,0.504,15.9,20.0,0.795,8.2,27.2,35.4,20.1,8.3,3.4,15.0,18.2,82.3,1172.0,2643.0,0.443,311.0,933.0,0.333,861.0,1710.0,0.504,636.0,800.0,0.795,326.0,1088.0,1414.0,803.0,332.0,135.0,600.0,727.0,3291.0,36.8,83.1,0.443,9.8,29.3,0.333,27.1,53.7,0.504,20.0,25.1,0.795,10.2,34.2,44.4,25.2,10.4,4.2,18.9,22.9,103.4,0.443,14.0,0.647,0.177,0.269,0.111,0.089,0.353,0.504,0.699,0.443,0.439,0.377,0.333,0.612,0.887,0.228,0.347
WAS,CON,5,17,77,84,0,1,0,0,0,0,0,0,0,0,0,0,2,0,0,0,0,0,1,1,1,1,0,1,0,1,1,29.0,67.0,0.433,9.7,26.6,0.366,19.3,40.4,0.477,11.5,15.0,0.767,7.1,24.8,31.9,21.6,7.3,3.4,15.1,18.4,79.3,1161,2681,0.433,389,1064,0.366,772,1617,0.477,461,601,0.767,283,991,1274,863,291,137,604,737,3172,27.3,14,26,15,25,-2.98,0.54,-2.44,99.7,103.4,-3.7,79.1,0.224,0.397,0.538,0.506,17.0,20.6,0.172,0.502,16.7,75.2,0.241,36.5,84.3,0.433,12.2,33.4,0.366,24.3,50.8,0.477,14.5,18.9,0.767,8.9,31.1,40.0,27.1,9.1,4.3,19.0,23.2,99.7,0.433,14.4,0.603,0.181,0.245,0.086,0.091,0.397,0.477,0.685,0.378,0.478,0.332,0.366,0.637,0.954,0.183,0.451,29.3,66.1,0.443,7.8,23.3,0.333,21.5,42.8,0.504,15.9,20.0,0.795,8.2,27.2,35.4,20.1,8.3,3.4,15.0,18.2,82.3,1172.0,2643.0,0.443,311.0,933.0,0.333,861.0,1710.0,0.504,636.0,800.0,0.795,326.0,1088.0,1414.0,803.0,332.0,135.0,600.0,727.0,3291.0,36.8,83.1,0.443,9.8,29.3,0.333,27.1,53.7,0.504,20.0,25.1,0.795,10.2,34.2,44.4,25.2,10.4,4.2,18.9,22.9,103.4,0.443,14.0,0.647,0.177,0.269,0.111,0.089,0.353,0.504,0.699,0.443,0.439,0.377,0.333,0.612,0.887,0.228,0.347
WAS,SEA,5,19,75,84,0,1,0,0,0,0,0,0,0,0,0,0,0,0,0,0,0,0,0,2,1,0,0,1,0,0,1,29.0,67.0,0.433,9.7,26.6,0.366,19.3,40.4,0.477,11.5,15.0,0.767,7.1,24.8,31.9,21.6,7.3,3.4,15.1,18.4,79.3,1161,2681,0.433,389,1064,0.366,772,1617,0.477,461,601,0.767,283,991,1274,863,291,137,604,737,3172,27.3,14,26,15,25,-2.98,0.54,-2.44,99.7,103.4,-3.7,79.1,0.224,0.397,0.538,0.506,17.0,20.6,0.172,0.502,16.7,75.2,0.241,36.5,84.3,0.433,12.2,33.4,0.366,24.3,50.8,0.477,14.5,18.9,0.767,8.9,31.1,40.0,27.1,9.1,4.3,19.0,23.2,99.7,0.433,14.4,0.603,0.181,0.245,0.086,0.091,0.397,0.477,0.685,0.378,0.478,0.332,0.366,0.637,0.954,0.183,0.451,29.3,66.1,0.443,7.8,23.3,0.333,21.5,42.8,0.504,15.9,20.0,0.795,8.2,27.2,35.4,20.1,8.3,3.4,15.0,18.2,82.3,1172.0,2643.0,0.443,311.0,933.0,0.333,861.0,1710.0,0.504,636.0,800.0,0.795,326.0,1088.0,1414.0,803.0,332.0,135.0,600.0,727.0,3291.0,36.8,83.1,0.443,9.8,29.3,0.333,27.1,53.7,0.504,20.0,25.1,0.795,10.2,34.2,44.4,25.2,10.4,4.2,18.9,22.9,103.4,0.443,14.0,0.647,0.177,0.269,0.111,0.089,0.353,0.504,0.699,0.443,0.439,0.377,0.333,0.612,0.887,0.228,0.347
WAS,LAS,5,21,68,70,0,1,0,0,0,0,0,0,0,0,0,0,1,0,0,0,0,0,1,1,1,0,0,1,0,1,1,29.0,67.0,0.433,9.7,26.6,0.366,19.3,40.4,0.477,11.5,15.0,0.767,7.1,24.8,31.9,21.6,7.3,3.4,15.1,18.4,79.3,1161,2681,0.433,389,1064,0.366,772,1617,0.477,461,601,0.767,283,991,1274,863,291,137,604,737,3172,27.3,14,26,15,25,-2.98,0.54,-2.44,99.7,103.4,-3.7,79.1,0.224,0.397,0.538,0.506,17.0,20.6,0.172,0.502,16.7,75.2,0.241,36.5,84.3,0.433,12.2,33.4,0.366,24.3,50.8,0.477,14.5,18.9,0.767,8.9,31.1,40.0,27.1,9.1,4.3,19.0,23.2,99.7,0.433,14.4,0.603,0.181,0.245,0.086,0.091,0.397,0.477,0.685,0.378,0.478,0.332,0.366,0.637,0.954,0.183,0.451,29.3,66.1,0.443,7.8,23.3,0.333,21.5,42.8,0.504,15.9,20.0,0.795,8.2,27.2,35.4,20.1,8.3,3.4,15.0,18.2,82.3,1172.0,2643.0,0.443,311.0,933.0,0.333,861.0,1710.0,0.504,636.0,800.0,0.795,326.0,1088.0,1414.0,803.0,332.0,135.0,600.0,727.0,3291.0,36.8,83.1,0.443,9.8,29.3,0.333,27.1,53.7,0.504,20.0,25.1,0.795,10.2,34.2,44.4,25.2,10.4,4.2,18.9,22.9,103.4,0.443,14.0,0.647,0.177,0.269,0.111,0.089,0.353,0.504,0.699,0.443,0.439,0.377,0.333,0.612,0.887,0.228,0.347
WAS,PHO,5,23,80,83,0,1,0,0,0,0,0,0,0,0,0,0,1,0,0,0,0,0,1,2,1,0,0,1,0,1,1,29.0,67.0,0.433,9.7,26.6,0.366,19.3,40.4,0.477,11.5,15.0,0.767,7.1,24.8,31.9,21.6,7.3,3.4,15.1,18.4,79.3,1161,2681,0.433,389,1064,0.366,772,1617,0.477,461,601,0.767,283,991,1274,863,291,137,604,737,3172,27.3,14,26,15,25,-2.98,0.54,-2.44,99.7,103.4,-3.7,79.1,0.224,0.397,0.538,0.506,17.0,20.6,0.172,0.502,16.7,75.2,0.241,36.5,84.3,0.433,12.2,33.4,0.366,24.3,50.8,0.477,14.5,18.9,0.767,8.9,31.1,40.0,27.1,9.1,4.3,19.0,23.2,99.7,0.433,14.4,0.603,0.181,0.245,0.086,0.091,0.397,0.477,0.685,0.378,0.478,0.332,0.366,0.637,0.954,0.183,0.451,29.3,66.1,0.443,7.8,23.3,0.333,21.5,42.8,0.504,15.9,20.0,0.795,8.2,27.2,35.4,20.1,8.3,3.4,15.0,18.2,82.3,1172.0,2643.0,0.443,311.0,933.0,0.333,861.0,1710.0,0.504,636.0,800.0,0.795,326.0,1088.0,1414.0,803.0,332.0,135.0,600.0,727.0,3291.0,36.8,83.1,0.443,9.8,29.3,0.333,27.1,53.7,0.504,20.0,25.1,0.795,10.2,34.2,44.4,25.2,10.4,4.2,18.9,22.9,103.4,0.443,14.0,0.647,0.177,0.269,0.111,0.089,0.353,0.504,0.699,0.443,0.439,0.377,0.333,0.612,0.887,0.228,0.347
WAS,SEA,5,25,69,101,0,1,0,0,0,0,0,0,0,0,0,0,0,0,0,0,0,0,0,2,1,0,0,1,0,0,1,29.0,67.0,0.433,9.7,26.6,0.366,19.3,40.4,0.477,11.5,15.0,0.767,7.1,24.8,31.9,21.6,7.3,3.4,15.1,18.4,79.3,1161,2681,0.433,389,1064,0.366,772,1617,0.477,461,601,0.767,283,991,1274,863,291,137,604,737,3172,27.3,14,26,15,25,-2.98,0.54,-2.44,99.7,103.4,-3.7,79.1,0.224,0.397,0.538,0.506,17.0,20.6,0.172,0.502,16.7,75.2,0.241,36.5,84.3,0.433,12.2,33.4,0.366,24.3,50.8,0.477,14.5,18.9,0.767,8.9,31.1,40.0,27.1,9.1,4.3,19.0,23.2,99.7,0.433,14.4,0.603,0.181,0.245,0.086,0.091,0.397,0.477,0.685,0.378,0.478,0.332,0.366,0.637,0.954,0.183,0.451,29.3,66.1,0.443,7.8,23.3,0.333,21.5,42.8,0.504,15.9,20.0,0.795,8.2,27.2,35.4,20.1,8.3,3.4,15.0,18.2,82.3,1172.0,2643.0,0.443,311.0,933.0,0.333,861.0,1710.0,0.504,636.0,800.0,0.795,326.0,1088.0,1414.0,803.0,332.0,135.0,600.0,727.0,3291.0,36.8,83.1,0.443,9.8,29.3,0.333,27.1,53.7,0.504,20.0,25.1,0.795,10.2,34.2,44.4,25.2,10.4,4.2,18.9,22.9,103.4,0.443,14.0,0.647,0.177,0.269,0.111,0.089,0.353,0.504,0.699,0.443,0.439,0.377,0.333,0.612,0.887,0.228,0.347
WAS,ATL,5,29,67,73,0,1,0,0,0,0,0,0,0,0,0,0,1,0,0,0,0,0,1,1,1,0,0,1,0,1,1,29.0,67.0,0.433,9.7,26.6,0.366,19.3,40.4,0.477,11.5,15.0,0.767,7.1,24.8,31.9,21.6,7.3,3.4,15.1,18.4,79.3,1161,2681,0.433,389,1064,0.366,772,1617,0.477,461,601,0.767,283,991,1274,863,291,137,604,737,3172,27.3,14,26,15,25,-2.98,0.54,-2.44,99.7,103.4,-3.7,79.1,0.224,0.397,0.538,0.506,17.0,20.6,0.172,0.502,16.7,75.2,0.241,36.5,84.3,0.433,12.2,33.4,0.366,24.3,50.8,0.477,14.5,18.9,0.767,8.9,31.1,40.0,27.1,9.1,4.3,19.0,23.2,99.7,0.433,14.4,0.603,0.181,0.245,0.086,0.091,0.397,0.477,0.685,0.378,0.478,0.332,0.366,0.637,0.954,0.183,0.451,29.3,66.1,0.443,7.8,23.3,0.333,21.5,42.8,0.504,15.9,20.0,0.795,8.2,27.2,35.4,20.1,8.3,3.4,15.0,18.2,82.3,1172.0,2643.0,0.443,311.0,933.0,0.333,861.0,1710.0,0.504,636.0,800.0,0.795,326.0,1088.0,1414.0,803.0,332.0,135.0,600.0,727.0,3291.0,36.8,83.1,0.443,9.8,29.3,0.333,27.1,53.7,0.504,20.0,25.1,0.795,10.2,34.2,44.4,25.2,10.4,4.2,18.9,22.9,103.4,0.443,14.0,0.647,0.177,0.269,0.111,0.089,0.353,0.504,0.699,0.443,0.439,0.377,0.333,0.612,0.887,0.228,0.347
WAS,NYL,5,31,79,90,0,1,0,0,0,0,0,0,0,0,0,0,1,0,0,0,0,0,1,2,1,0,0,1,0,1,1,29.0,67.0,0.433,9.7,26.6,0.366,19.3,40.4,0.477,11.5,15.0,0.767,7.1,24.8,31.9,21.6,7.3,3.4,15.1,18.4,79.3,1161,2681,0.433,389,1064,0.366,772,1617,0.477,461,601,0.767,283,991,1274,863,291,137,604,737,3172,27.3,14,26,15,25,-2.98,0.54,-2.44,99.7,103.4,-3.7,79.1,0.224,0.397,0.538,0.506,17.0,20.6,0.172,0.502,16.7,75.2,0.241,36.5,84.3,0.433,12.2,33.4,0.366,24.3,50.8,0.477,14.5,18.9,0.767,8.9,31.1,40.0,27.1,9.1,4.3,19.0,23.2,99.7,0.433,14.4,0.603,0.181,0.245,0.086,0.091,0.397,0.477,0.685,0.378,0.478,0.332,0.366,0.637,0.954,0.183,0.451,29.3,66.1,0.443,7.8,23.3,0.333,21.5,42.8,0.504,15.9,20.0,0.795,8.2,27.2,35.4,20.1,8.3,3.4,15.0,18.2,82.3,1172.0,2643.0,0.443,311.0,933.0,0.333,861.0,1710.0,0.504,636.0,800.0,0.795,326.0,1088.0,1414.0,803.0,332.0,135.0,600.0,727.0,3291.0,36.8,83.1,0.443,9.8,29.3,0.333,27.1,53.7,0.504,20.0,25.1,0.795,10.2,34.2,44.4,25.2,10.4,4.2,18.9,22.9,103.4,0.443,14.0,0.647,0.177,0.269,0.111,0.089,0.353,0.504,0.699,0.443,0.439,0.377,0.333,0.612,0.887,0.228,0.347
WAS,CON,6,4,59,76,0,1,0,0,0,0,0,0,0,0,0,0,0,0,0,0,0,0,0,2,1,0,0,1,0,0,1,29.0,67.0,0.433,9.7,26.6,0.366,19.3,40.4,0.477,11.5,15.0,0.767,7.1,24.8,31.9,21.6,7.3,3.4,15.1,18.4,79.3,1161,2681,0.433,389,1064,0.366,772,1617,0.477,461,601,0.767,283,991,1274,863,291,137,604,737,3172,27.3,14,26,15,25,-2.98,0.54,-2.44,99.7,103.4,-3.7,79.1,0.224,0.397,0.538,0.506,17.0,20.6,0.172,0.502,16.7,75.2,0.241,36.5,84.3,0.433,12.2,33.4,0.366,24.3,50.8,0.477,14.5,18.9,0.767,8.9,31.1,40.0,27.1,9.1,4.3,19.0,23.2,99.7,0.433,14.4,0.603,0.181,0.245,0.086,0.091,0.397,0.477,0.685,0.378,0.478,0.332,0.366,0.637,0.954,0.183,0.451,29.3,66.1,0.443,7.8,23.3,0.333,21.5,42.8,0.504,15.9,20.0,0.795,8.2,27.2,35.4,20.1,8.3,3.4,15.0,18.2,82.3,1172.0,2643.0,0.443,311.0,933.0,0.333,861.0,1710.0,0.504,636.0,800.0,0.795,326.0,1088.0,1414.0,803.0,332.0,135.0,600.0,727.0,3291.0,36.8,83.1,0.443,9.8,29.3,0.333,27.1,53.7,0.504,20.0,25.1,0.795,10.2,34.2,44.4,25.2,10.4,4.2,18.9,22.9,103.4,0.443,14.0,0.647,0.177,0.269,0.111,0.089,0.353,0.504,0.699,0.443,0.439,0.377,0.333,0.612,0.887,0.228,0.347
WAS,CHI,6,6,71,79,0,1,0,0,0,0,0,0,0,0,0,0,0,0,0,0,0,0,0,1,1,0,0,1,0,0,1,29.0,67.0,0.433,9.7,26.6,0.366,19.3,40.4,0.477,11.5,15.0,0.767,7.1,24.8,31.9,21.6,7.3,3.4,15.1,18.4,79.3,1161,2681,0.433,389,1064,0.366,772,1617,0.477,461,601,0.767,283,991,1274,863,291,137,604,737,3172,27.3,14,26,15,25,-2.98,0.54,-2.44,99.7,103.4,-3.7,79.1,0.224,0.397,0.538,0.506,17.0,20.6,0.172,0.502,16.7,75.2,0.241,36.5,84.3,0.433,12.2,33.4,0.366,24.3,50.8,0.477,14.5,18.9,0.767,8.9,31.1,40.0,27.1,9.1,4.3,19.0,23.2,99.7,0.433,14.4,0.603,0.181,0.245,0.086,0.091,0.397,0.477,0.685,0.378,0.478,0.332,0.366,0.637,0.954,0.183,0.451,29.3,66.1,0.443,7.8,23.3,0.333,21.5,42.8,0.504,15.9,20.0,0.795,8.2,27.2,35.4,20.1,8.3,3.4,15.0,18.2,82.3,1172.0,2643.0,0.443,311.0,933.0,0.333,861.0,1710.0,0.504,636.0,800.0,0.795,326.0,1088.0,1414.0,803.0,332.0,135.0,600.0,727.0,3291.0,36.8,83.1,0.443,9.8,29.3,0.333,27.1,53.7,0.504,20.0,25.1,0.795,10.2,34.2,44.4,25.2,10.4,4.2,18.9,22.9,103.4,0.443,14.0,0.647,0.177,0.269,0.111,0.089,0.353,0.504,0.699,0.443,0.439,0.377,0.333,0.612,0.887,0.228,0.347
WAS,IND,6,7,83,85,0,1,0,0,0,0,0,0,0,0,0,0,0,0,0,0,0,0,0,2,1,0,0,1,0,0,1,29.0,67.0,0.433,9.7,26.6,0.366,19.3,40.4,0.477,11.5,15.0,0.767,7.1,24.8,31.9,21.6,7.3,3.4,15.1,18.4,79.3,1161,2681,0.433,389,1064,0.366,772,1617,0.477,461,601,0.767,283,991,1274,863,291,137,604,737,3172,27.3,14,26,15,25,-2.98,0.54,-2.44,99.7,103.4,-3.7,79.1,0.224,0.397,0.538,0.506,17.0,20.6,0.172,0.502,16.7,75.2,0.241,36.5,84.3,0.433,12.2,33.4,0.366,24.3,50.8,0.477,14.5,18.9,0.767,8.9,31.1,40.0,27.1,9.1,4.3,19.0,23.2,99.7,0.433,14.4,0.603,0.181,0.245,0.086,0.091,0.397,0.477,0.685,0.378,0.478,0.332,0.366,0.637,0.954,0.183,0.451,29.3,66.1,0.443,7.8,23.3,0.333,21.5,42.8,0.504,15.9,20.0,0.795,8.2,27.2,35.4,20.1,8.3,3.4,15.0,18.2,82.3,1172.0,2643.0,0.443,311.0,933.0,0.333,861.0,1710.0,0.504,636.0,800.0,0.795,326.0,1088.0,1414.0,803.0,332.0,135.0,600.0,727.0,3291.0,36.8,83.1,0.443,9.8,29.3,0.333,27.1,53.7,0.504,20.0,25.1,0.795,10.2,34.2,44.4,25.2,10.4,4.2,18.9,22.9,103.4,0.443,14.0,0.647,0.177,0.269,0.111,0.089,0.353,0.504,0.699,0.443,0.439,0.377,0.333,0.612,0.887,0.228,0.347
WAS,NYL,6,9,88,93,0,1,0,0,0,0,0,0,0,0,0,0,0,0,0,0,0,0,0,1,1,0,0,1,0,0,1,29.0,67.0,0.433,9.7,26.6,0.366,19.3,40.4,0.477,11.5,15.0,0.767,7.1,24.8,31.9,21.6,7.3,3.4,15.1,18.4,79.3,1161,2681,0.433,389,1064,0.366,772,1617,0.477,461,601,0.767,283,991,1274,863,291,137,604,737,3172,27.3,14,26,15,25,-2.98,0.54,-2.44,99.7,103.4,-3.7,79.1,0.224,0.397,0.538,0.506,17.0,20.6,0.172,0.502,16.7,75.2,0.241,36.5,84.3,0.433,12.2,33.4,0.366,24.3,50.8,0.477,14.5,18.9,0.767,8.9,31.1,40.0,27.1,9.1,4.3,19.0,23.2,99.7,0.433,14.4,0.603,0.181,0.245,0.086,0.091,0.397,0.477,0.685,0.378,0.478,0.332,0.366,0.637,0.954,0.183,0.451,29.3,66.1,0.443,7.8,23.3,0.333,21.5,42.8,0.504,15.9,20.0,0.795,8.2,27.2,35.4,20.1,8.3,3.4,15.0,18.2,82.3,1172.0,2643.0,0.443,311.0,933.0,0.333,861.0,1710.0,0.504,636.0,800.0,0.795,326.0,1088.0,1414.0,803.0,332.0,135.0,600.0,727.0,3291.0,36.8,83.1,0.443,9.8,29.3,0.333,27.1,53.7,0.504,20.0,25.1,0.795,10.2,34.2,44.4,25.2,10.4,4.2,18.9,22.9,103.4,0.443,14.0,0.647,0.177,0.269,0.111,0.089,0.353,0.504,0.699,0.443,0.439,0.377,0.333,0.612,0.887,0.228,0.347
WAS,ATL,6,11,87,68,0,1,0,0,0,0,0,0,0,0,0,0,1,0,0,0,0,0,0,2,1,1,0,1,0,0,1,29.0,67.0,0.433,9.7,26.6,0.366,19.3,40.4,0.477,11.5,15.0,0.767,7.1,24.8,31.9,21.6,7.3,3.4,15.1,18.4,79.3,1161,2681,0.433,389,1064,0.366,772,1617,0.477,461,601,0.767,283,991,1274,863,291,137,604,737,3172,27.3,14,26,15,25,-2.98,0.54,-2.44,99.7,103.4,-3.7,79.1,0.224,0.397,0.538,0.506,17.0,20.6,0.172,0.502,16.7,75.2,0.241,36.5,84.3,0.433,12.2,33.4,0.366,24.3,50.8,0.477,14.5,18.9,0.767,8.9,31.1,40.0,27.1,9.1,4.3,19.0,23.2,99.7,0.433,14.4,0.603,0.181,0.245,0.086,0.091,0.397,0.477,0.685,0.378,0.478,0.332,0.366,0.637,0.954,0.183,0.451,29.3,66.1,0.443,7.8,23.3,0.333,21.5,42.8,0.504,15.9,20.0,0.795,8.2,27.2,35.4,20.1,8.3,3.4,15.0,18.2,82.3,1172.0,2643.0,0.443,311.0,933.0,0.333,861.0,1710.0,0.504,636.0,800.0,0.795,326.0,1088.0,1414.0,803.0,332.0,135.0,600.0,727.0,3291.0,36.8,83.1,0.443,9.8,29.3,0.333,27.1,53.7,0.504,20.0,25.1,0.795,10.2,34.2,44.4,25.2,10.4,4.2,18.9,22.9,103.4,0.443,14.0,0.647,0.177,0.269,0.111,0.089,0.353,0.504,0.699,0.443,0.439,0.377,0.333,0.612,0.887,0.228,0.347
WAS,CHI,6,14,83,81,0,1,0,0,0,0,0,0,0,0,0,0,0,0,0,0,0,0,0,1,1,0,0,1,0,0,1,29.0,67.0,0.433,9.7,26.6,0.366,19.3,40.4,0.477,11.5,15.0,0.767,7.1,24.8,31.9,21.6,7.3,3.4,15.1,18.4,79.3,1161,2681,0.433,389,1064,0.366,772,1617,0.477,461,601,0.767,283,991,1274,863,291,137,604,737,3172,27.3,14,26,15,25,-2.98,0.54,-2.44,99.7,103.4,-3.7,79.1,0.224,0.397,0.538,0.506,17.0,20.6,0.172,0.502,16.7,75.2,0.241,36.5,84.3,0.433,12.2,33.4,0.366,24.3,50.8,0.477,14.5,18.9,0.767,8.9,31.1,40.0,27.1,9.1,4.3,19.0,23.2,99.7,0.433,14.4,0.603,0.181,0.245,0.086,0.091,0.397,0.477,0.685,0.378,0.478,0.332,0.366,0.637,0.954,0.183,0.451,29.3,66.1,0.443,7.8,23.3,0.333,21.5,42.8,0.504,15.9,20.0,0.795,8.2,27.2,35.4,20.1,8.3,3.4,15.0,18.2,82.3,1172.0,2643.0,0.443,311.0,933.0,0.333,861.0,1710.0,0.504,636.0,800.0,0.795,326.0,1088.0,1414.0,803.0,332.0,135.0,600.0,727.0,3291.0,36.8,83.1,0.443,9.8,29.3,0.333,27.1,53.7,0.504,20.0,25.1,0.795,10.2,34.2,44.4,25.2,10.4,4.2,18.9,22.9,103.4,0.443,14.0,0.647,0.177,0.269,0.111,0.089,0.353,0.504,0.699,0.443,0.439,0.377,0.333,0.612,0.887,0.228,0.347
WAS,IND,6,19,81,88,0,1,0,0,0,0,0,0,0,0,0,0,0,0,0,0,0,0,0,1,1,0,0,1,0,0,1,29.0,67.0,0.433,9.7,26.6,0.366,19.3,40.4,0.477,11.5,15.0,0.767,7.1,24.8,31.9,21.6,7.3,3.4,15.1,18.4,79.3,1161,2681,0.433,389,1064,0.366,772,1617,0.477,461,601,0.767,283,991,1274,863,291,137,604,737,3172,27.3,14,26,15,25,-2.98,0.54,-2.44,99.7,103.4,-3.7,79.1,0.224,0.397,0.538,0.506,17.0,20.6,0.172,0.502,16.7,75.2,0.241,36.5,84.3,0.433,12.2,33.4,0.366,24.3,50.8,0.477,14.5,18.9,0.767,8.9,31.1,40.0,27.1,9.1,4.3,19.0,23.2,99.7,0.433,14.4,0.603,0.181,0.245,0.086,0.091,0.397,0.477,0.685,0.378,0.478,0.332,0.366,0.637,0.954,0.183,0.451,29.3,66.1,0.443,7.8,23.3,0.333,21.5,42.8,0.504,15.9,20.0,0.795,8.2,27.2,35.4,20.1,8.3,3.4,15.0,18.2,82.3,1172.0,2643.0,0.443,311.0,933.0,0.333,861.0,1710.0,0.504,636.0,800.0,0.795,326.0,1088.0,1414.0,803.0,332.0,135.0,600.0,727.0,3291.0,36.8,83.1,0.443,9.8,29.3,0.333,27.1,53.7,0.504,20.0,25.1,0.795,10.2,34.2,44.4,25.2,10.4,4.2,18.9,22.9,103.4,0.443,14.0,0.647,0.177,0.269,0.111,0.089,0.353,0.504,0.699,0.443,0.439,0.377,0.333,0.612,0.887,0.228,0.347
WAS,DAL,6,22,97,69,0,1,0,0,0,0,0,0,0,0,0,0,0,0,0,0,0,0,0,2,1,0,0,0,0,0,1,29.0,67.0,0.433,9.7,26.6,0.366,19.3,40.4,0.477,11.5,15.0,0.767,7.1,24.8,31.9,21.6,7.3,3.4,15.1,18.4,79.3,1161,2681,0.433,389,1064,0.366,772,1617,0.477,461,601,0.767,283,991,1274,863,291,137,604,737,3172,27.3,14,26,15,25,-2.98,0.54,-2.44,99.7,103.4,-3.7,79.1,0.224,0.397,0.538,0.506,17.0,20.6,0.172,0.502,16.7,75.2,0.241,36.5,84.3,0.433,12.2,33.4,0.366,24.3,50.8,0.477,14.5,18.9,0.767,8.9,31.1,40.0,27.1,9.1,4.3,19.0,23.2,99.7,0.433,14.4,0.603,0.181,0.245,0.086,0.091,0.397,0.477,0.685,0.378,0.478,0.332,0.366,0.637,0.954,0.183,0.451,29.3,66.1,0.443,7.8,23.3,0.333,21.5,42.8,0.504,15.9,20.0,0.795,8.2,27.2,35.4,20.1,8.3,3.4,15.0,18.2,82.3,1172.0,2643.0,0.443,311.0,933.0,0.333,861.0,1710.0,0.504,636.0,800.0,0.795,326.0,1088.0,1414.0,803.0,332.0,135.0,600.0,727.0,3291.0,36.8,83.1,0.443,9.8,29.3,0.333,27.1,53.7,0.504,20.0,25.1,0.795,10.2,34.2,44.4,25.2,10.4,4.2,18.9,22.9,103.4,0.443,14.0,0.647,0.177,0.269,0.111,0.089,0.353,0.504,0.699,0.443,0.439,0.377,0.333,0.612,0.887,0.228,0.347
WAS,DAL,6,23,92,84,0,1,0,0,0,0,0,0,0,0,0,0,0,0,0,0,0,0,0,2,1,0,0,0,0,0,1,29.0,67.0,0.433,9.7,26.6,0.366,19.3,40.4,0.477,11.5,15.0,0.767,7.1,24.8,31.9,21.6,7.3,3.4,15.1,18.4,79.3,1161,2681,0.433,389,1064,0.366,772,1617,0.477,461,601,0.767,283,991,1274,863,291,137,604,737,3172,27.3,14,26,15,25,-2.98,0.54,-2.44,99.7,103.4,-3.7,79.1,0.224,0.397,0.538,0.506,17.0,20.6,0.172,0.502,16.7,75.2,0.241,36.5,84.3,0.433,12.2,33.4,0.366,24.3,50.8,0.477,14.5,18.9,0.767,8.9,31.1,40.0,27.1,9.1,4.3,19.0,23.2,99.7,0.433,14.4,0.603,0.181,0.245,0.086,0.091,0.397,0.477,0.685,0.378,0.478,0.332,0.366,0.637,0.954,0.183,0.451,29.3,66.1,0.443,7.8,23.3,0.333,21.5,42.8,0.504,15.9,20.0,0.795,8.2,27.2,35.4,20.1,8.3,3.4,15.0,18.2,82.3,1172.0,2643.0,0.443,311.0,933.0,0.333,861.0,1710.0,0.504,636.0,800.0,0.795,326.0,1088.0,1414.0,803.0,332.0,135.0,600.0,727.0,3291.0,36.8,83.1,0.443,9.8,29.3,0.333,27.1,53.7,0.504,20.0,25.1,0.795,10.2,34.2,44.4,25.2,10.4,4.2,18.9,22.9,103.4,0.443,14.0,0.647,0.177,0.269,0.111,0.089,0.353,0.504,0.699,0.443,0.439,0.377,0.333,0.612,0.887,0.228,0.347
WAS,CON,6,27,91,94,0,1,0,0,0,0,0,0,0,0,0,0,0,0,0,0,0,0,0,2,1,0,0,0,0,0,1,29.0,67.0,0.433,9.7,26.6,0.366,19.3,40.4,0.477,11.5,15.0,0.767,7.1,24.8,31.9,21.6,7.3,3.4,15.1,18.4,79.3,1161,2681,0.433,389,1064,0.366,772,1617,0.477,461,601,0.767,283,991,1274,863,291,137,604,737,3172,27.3,14,26,15,25,-2.98,0.54,-2.44,99.7,103.4,-3.7,79.1,0.224,0.397,0.538,0.506,17.0,20.6,0.172,0.502,16.7,75.2,0.241,36.5,84.3,0.433,12.2,33.4,0.366,24.3,50.8,0.477,14.5,18.9,0.767,8.9,31.1,40.0,27.1,9.1,4.3,19.0,23.2,99.7,0.433,14.4,0.603,0.181,0.245,0.086,0.091,0.397,0.477,0.685,0.378,0.478,0.332,0.366,0.637,0.954,0.183,0.451,29.3,66.1,0.443,7.8,23.3,0.333,21.5,42.8,0.504,15.9,20.0,0.795,8.2,27.2,35.4,20.1,8.3,3.4,15.0,18.2,82.3,1172.0,2643.0,0.443,311.0,933.0,0.333,861.0,1710.0,0.504,636.0,800.0,0.795,326.0,1088.0,1414.0,803.0,332.0,135.0,600.0,727.0,3291.0,36.8,83.1,0.443,9.8,29.3,0.333,27.1,53.7,0.504,20.0,25.1,0.795,10.2,34.2,44.4,25.2,10.4,4.2,18.9,22.9,103.4,0.443,14.0,0.647,0.177,0.269,0.111,0.089,0.353,0.504,0.699,0.443,0.439,0.377,0.333,0.612,0.887,0.228,0.347
WAS,LVA,6,29,77,88,0,1,0,0,0,0,0,0,0,0,0,0,0,0,0,0,0,0,0,2,1,0,0,1,0,0,1,29.0,67.0,0.433,9.7,26.6,0.366,19.3,40.4,0.477,11.5,15.0,0.767,7.1,24.8,31.9,21.6,7.3,3.4,15.1,18.4,79.3,1161,2681,0.433,389,1064,0.366,772,1617,0.477,461,601,0.767,283,991,1274,863,291,137,604,737,3172,27.3,14,26,15,25,-2.98,0.54,-2.44,99.7,103.4,-3.7,79.1,0.224,0.397,0.538,0.506,17.0,20.6,0.172,0.502,16.7,75.2,0.241,36.5,84.3,0.433,12.2,33.4,0.366,24.3,50.8,0.477,14.5,18.9,0.767,8.9,31.1,40.0,27.1,9.1,4.3,19.0,23.2,99.7,0.433,14.4,0.603,0.181,0.245,0.086,0.091,0.397,0.477,0.685,0.378,0.478,0.332,0.366,0.637,0.954,0.183,0.451,29.3,66.1,0.443,7.8,23.3,0.333,21.5,42.8,0.504,15.9,20.0,0.795,8.2,27.2,35.4,20.1,8.3,3.4,15.0,18.2,82.3,1172.0,2643.0,0.443,311.0,933.0,0.333,861.0,1710.0,0.504,636.0,800.0,0.795,326.0,1088.0,1414.0,803.0,332.0,135.0,600.0,727.0,3291.0,36.8,83.1,0.443,9.8,29.3,0.333,27.1,53.7,0.504,20.0,25.1,0.795,10.2,34.2,44.4,25.2,10.4,4.2,18.9,22.9,103.4,0.443,14.0,0.647,0.177,0.269,0.111,0.089,0.353,0.504,0.699,0.443,0.439,0.377,0.333,0.612,0.887,0.228,0.347
WAS,LAS,7,2,82,80,0,1,0,0,0,0,0,0,0,0,0,0,0,0,0,0,0,0,0,2,1,0,0,1,0,0,1,29.0,67.0,0.433,9.7,26.6,0.366,19.3,40.4,0.477,11.5,15.0,0.767,7.1,24.8,31.9,21.6,7.3,3.4,15.1,18.4,79.3,1161,2681,0.433,389,1064,0.366,772,1617,0.477,461,601,0.767,283,991,1274,863,291,137,604,737,3172,27.3,14,26,15,25,-2.98,0.54,-2.44,99.7,103.4,-3.7,79.1,0.224,0.397,0.538,0.506,17.0,20.6,0.172,0.502,16.7,75.2,0.241,36.5,84.3,0.433,12.2,33.4,0.366,24.3,50.8,0.477,14.5,18.9,0.767,8.9,31.1,40.0,27.1,9.1,4.3,19.0,23.2,99.7,0.433,14.4,0.603,0.181,0.245,0.086,0.091,0.397,0.477,0.685,0.378,0.478,0.332,0.366,0.637,0.954,0.183,0.451,29.3,66.1,0.443,7.8,23.3,0.333,21.5,42.8,0.504,15.9,20.0,0.795,8.2,27.2,35.4,20.1,8.3,3.4,15.0,18.2,82.3,1172.0,2643.0,0.443,311.0,933.0,0.333,861.0,1710.0,0.504,636.0,800.0,0.795,326.0,1088.0,1414.0,803.0,332.0,135.0,600.0,727.0,3291.0,36.8,83.1,0.443,9.8,29.3,0.333,27.1,53.7,0.504,20.0,25.1,0.795,10.2,34.2,44.4,25.2,10.4,4.2,18.9,22.9,103.4,0.443,14.0,0.647,0.177,0.269,0.111,0.089,0.353,0.504,0.699,0.443,0.439,0.377,0.333,0.612,0.887,0.228,0.347
WAS,LVA,7,4,77,98,0,0,0,0,0,0,0,0,0,0,0,0,0,0,0,0,0,0,0,2,0,0,0,1,0,0,1,29.0,67.0,0.433,9.7,26.6,0.366,19.3,40.4,0.477,11.5,15.0,0.767,7.1,24.8,31.9,21.6,7.3,3.4,15.1,18.4,79.3,1161,2681,0.433,389,1064,0.366,772,1617,0.477,461,601,0.767,283,991,1274,863,291,137,604,737,3172,27.3,14,26,15,25,-2.98,0.54,-2.44,99.7,103.4,-3.7,79.1,0.224,0.397,0.538,0.506,17.0,20.6,0.172,0.502,16.7,75.2,0.241,36.5,84.3,0.433,12.2,33.4,0.366,24.3,50.8,0.477,14.5,18.9,0.767,8.9,31.1,40.0,27.1,9.1,4.3,19.0,23.2,99.7,0.433,14.4,0.603,0.181,0.245,0.086,0.091,0.397,0.477,0.685,0.378,0.478,0.332,0.366,0.637,0.954,0.183,0.451,29.3,66.1,0.443,7.8,23.3,0.333,21.5,42.8,0.504,15.9,20.0,0.795,8.2,27.2,35.4,20.1,8.3,3.4,15.0,18.2,82.3,1172.0,2643.0,0.443,311.0,933.0,0.333,861.0,1710.0,0.504,636.0,800.0,0.795,326.0,1088.0,1414.0,803.0,332.0,135.0,600.0,727.0,3291.0,36.8,83.1,0.443,9.8,29.3,0.333,27.1,53.7,0.504,20.0,25.1,0.795,10.2,34.2,44.4,25.2,10.4,4.2,18.9,22.9,103.4,0.443,14.0,0.647,0.177,0.269,0.111,0.089,0.353,0.504,0.699,0.443,0.439,0.377,0.333,0.612,0.887,0.228,0.347
WAS,MIN,7,6,67,74,0,1,0,0,0,0,0,0,0,0,0,0,0,0,0,0,0,0,0,2,1,0,0,1,0,0,1,29.0,67.0,0.433,9.7,26.6,0.366,19.3,40.4,0.477,11.5,15.0,0.767,7.1,24.8,31.9,21.6,7.3,3.4,15.1,18.4,79.3,1161,2681,0.433,389,1064,0.366,772,1617,0.477,461,601,0.767,283,991,1274,863,291,137,604,737,3172,27.3,14,26,15,25,-2.98,0.54,-2.44,99.7,103.4,-3.7,79.1,0.224,0.397,0.538,0.506,17.0,20.6,0.172,0.502,16.7,75.2,0.241,36.5,84.3,0.433,12.2,33.4,0.366,24.3,50.8,0.477,14.5,18.9,0.767,8.9,31.1,40.0,27.1,9.1,4.3,19.0,23.2,99.7,0.433,14.4,0.603,0.181,0.245,0.086,0.091,0.397,0.477,0.685,0.378,0.478,0.332,0.366,0.637,0.954,0.183,0.451,29.3,66.1,0.443,7.8,23.3,0.333,21.5,42.8,0.504,15.9,20.0,0.795,8.2,27.2,35.4,20.1,8.3,3.4,15.0,18.2,82.3,1172.0,2643.0,0.443,311.0,933.0,0.333,861.0,1710.0,0.504,636.0,800.0,0.795,326.0,1088.0,1414.0,803.0,332.0,135.0,600.0,727.0,3291.0,36.8,83.1,0.443,9.8,29.3,0.333,27.1,53.7,0.504,20.0,25.1,0.795,10.2,34.2,44.4,25.2,10.4,4.2,18.9,22.9,103.4,0.443,14.0,0.647,0.177,0.269,0.111,0.089,0.353,0.504,0.699,0.443,0.439,0.377,0.333,0.612,0.887,0.228,0.347
WAS,IND,7,10,89,84,0,1,0,0,0,0,0,0,0,0,0,0,0,0,0,0,0,0,0,2,1,0,0,1,0,0,1,29.0,67.0,0.433,9.7,26.6,0.366,19.3,40.4,0.477,11.5,15.0,0.767,7.1,24.8,31.9,21.6,7.3,3.4,15.1,18.4,79.3,1161,2681,0.433,389,1064,0.366,772,1617,0.477,461,601,0.767,283,991,1274,863,291,137,604,737,3172,27.3,14,26,15,25,-2.98,0.54,-2.44,99.7,103.4,-3.7,79.1,0.224,0.397,0.538,0.506,17.0,20.6,0.172,0.502,16.7,75.2,0.241,36.5,84.3,0.433,12.2,33.4,0.366,24.3,50.8,0.477,14.5,18.9,0.767,8.9,31.1,40.0,27.1,9.1,4.3,19.0,23.2,99.7,0.433,14.4,0.603,0.181,0.245,0.086,0.091,0.397,0.477,0.685,0.378,0.478,0.332,0.366,0.637,0.954,0.183,0.451,29.3,66.1,0.443,7.8,23.3,0.333,21.5,42.8,0.504,15.9,20.0,0.795,8.2,27.2,35.4,20.1,8.3,3.4,15.0,18.2,82.3,1172.0,2643.0,0.443,311.0,933.0,0.333,861.0,1710.0,0.504,636.0,800.0,0.795,326.0,1088.0,1414.0,803.0,332.0,135.0,600.0,727.0,3291.0,36.8,83.1,0.443,9.8,29.3,0.333,27.1,53.7,0.504,20.0,25.1,0.795,10.2,34.2,44.4,25.2,10.4,4.2,18.9,22.9,103.4,0.443,14.0,0.647,0.177,0.269,0.111,0.089,0.353,0.504,0.699,0.443,0.439,0.377,0.333,0.612,0.887,0.228,0.347
WAS,LVA,7,14,77,89,0,1,0,0,0,0,0,0,0,0,0,0,0,0,0,0,0,0,0,2,1,0,0,1,0,0,1,29.0,67.0,0.433,9.7,26.6,0.366,19.3,40.4,0.477,11.5,15.0,0.767,7.1,24.8,31.9,21.6,7.3,3.4,15.1,18.4,79.3,1161,2681,0.433,389,1064,0.366,772,1617,0.477,461,601,0.767,283,991,1274,863,291,137,604,737,3172,27.3,14,26,15,25,-2.98,0.54,-2.44,99.7,103.4,-3.7,79.1,0.224,0.397,0.538,0.506,17.0,20.6,0.172,0.502,16.7,75.2,0.241,36.5,84.3,0.433,12.2,33.4,0.366,24.3,50.8,0.477,14.5,18.9,0.767,8.9,31.1,40.0,27.1,9.1,4.3,19.0,23.2,99.7,0.433,14.4,0.603,0.181,0.245,0.086,0.091,0.397,0.477,0.685,0.378,0.478,0.332,0.366,0.637,0.954,0.183,0.451,29.3,66.1,0.443,7.8,23.3,0.333,21.5,42.8,0.504,15.9,20.0,0.795,8.2,27.2,35.4,20.1,8.3,3.4,15.0,18.2,82.3,1172.0,2643.0,0.443,311.0,933.0,0.333,861.0,1710.0,0.504,636.0,800.0,0.795,326.0,1088.0,1414.0,803.0,332.0,135.0,600.0,727.0,3291.0,36.8,83.1,0.443,9.8,29.3,0.333,27.1,53.7,0.504,20.0,25.1,0.795,10.2,34.2,44.4,25.2,10.4,4.2,18.9,22.9,103.4,0.443,14.0,0.647,0.177,0.269,0.111,0.089,0.353,0.504,0.699,0.443,0.439,0.377,0.333,0.612,0.887,0.228,0.347
WAS,PHO,7,16,87,96,0,1,0,0,0,0,0,0,0,0,0,0,0,0,0,0,0,0,0,1,1,0,0,1,0,0,1,29.0,67.0,0.433,9.7,26.6,0.366,19.3,40.4,0.477,11.5,15.0,0.767,7.1,24.8,31.9,21.6,7.3,3.4,15.1,18.4,79.3,1161,2681,0.433,389,1064,0.366,772,1617,0.477,461,601,0.767,283,991,1274,863,291,137,604,737,3172,27.3,14,26,15,25,-2.98,0.54,-2.44,99.7,103.4,-3.7,79.1,0.224,0.397,0.538,0.506,17.0,20.6,0.172,0.502,16.7,75.2,0.241,36.5,84.3,0.433,12.2,33.4,0.366,24.3,50.8,0.477,14.5,18.9,0.767,8.9,31.1,40.0,27.1,9.1,4.3,19.0,23.2,99.7,0.433,14.4,0.603,0.181,0.245,0.086,0.091,0.397,0.477,0.685,0.378,0.478,0.332,0.366,0.637,0.954,0.183,0.451,29.3,66.1,0.443,7.8,23.3,0.333,21.5,42.8,0.504,15.9,20.0,0.795,8.2,27.2,35.4,20.1,8.3,3.4,15.0,18.2,82.3,1172.0,2643.0,0.443,311.0,933.0,0.333,861.0,1710.0,0.504,636.0,800.0,0.795,326.0,1088.0,1414.0,803.0,332.0,135.0,600.0,727.0,3291.0,36.8,83.1,0.443,9.8,29.3,0.333,27.1,53.7,0.504,20.0,25.1,0.795,10.2,34.2,44.4,25.2,10.4,4.2,18.9,22.9,103.4,0.443,14.0,0.647,0.177,0.269,0.111,0.089,0.353,0.504,0.699,0.443,0.439,0.377,0.333,0.612,0.887,0.228,0.347
WAS,MIN,8,15,68,79,0,1,0,0,0,0,0,0,0,0,0,0,2,0,0,0,0,0,1,1,1,1,0,1,0,1,1,29.0,67.0,0.433,9.7,26.6,0.366,19.3,40.4,0.477,11.5,15.0,0.767,7.1,24.8,31.9,21.6,7.3,3.4,15.1,18.4,79.3,1161,2681,0.433,389,1064,0.366,772,1617,0.477,461,601,0.767,283,991,1274,863,291,137,604,737,3172,27.3,14,26,15,25,-2.98,0.54,-2.44,99.7,103.4,-3.7,79.1,0.224,0.397,0.538,0.506,17.0,20.6,0.172,0.502,16.7,75.2,0.241,36.5,84.3,0.433,12.2,33.4,0.366,24.3,50.8,0.477,14.5,18.9,0.767,8.9,31.1,40.0,27.1,9.1,4.3,19.0,23.2,99.7,0.433,14.4,0.603,0.181,0.245,0.086,0.091,0.397,0.477,0.685,0.378,0.478,0.332,0.366,0.637,0.954,0.183,0.451,29.3,66.1,0.443,7.8,23.3,0.333,21.5,42.8,0.504,15.9,20.0,0.795,8.2,27.2,35.4,20.1,8.3,3.4,15.0,18.2,82.3,1172.0,2643.0,0.443,311.0,933.0,0.333,861.0,1710.0,0.504,636.0,800.0,0.795,326.0,1088.0,1414.0,803.0,332.0,135.0,600.0,727.0,3291.0,36.8,83.1,0.443,9.8,29.3,0.333,27.1,53.7,0.504,20.0,25.1,0.795,10.2,34.2,44.4,25.2,10.4,4.2,18.9,22.9,103.4,0.443,14.0,0.647,0.177,0.269,0.111,0.089,0.353,0.504,0.699,0.443,0.439,0.377,0.333,0.612,0.887,0.228,0.347
WAS,MIN,8,17,83,99,0,1,0,0,0,0,0,0,0,0,0,0,2,0,0,0,0,0,1,1,1,1,0,1,0,1,1,29.0,67.0,0.433,9.7,26.6,0.366,19.3,40.4,0.477,11.5,15.0,0.767,7.1,24.8,31.9,21.6,7.3,3.4,15.1,18.4,79.3,1161,2681,0.433,389,1064,0.366,772,1617,0.477,461,601,0.767,283,991,1274,863,291,137,604,737,3172,27.3,14,26,15,25,-2.98,0.54,-2.44,99.7,103.4,-3.7,79.1,0.224,0.397,0.538,0.506,17.0,20.6,0.172,0.502,16.7,75.2,0.241,36.5,84.3,0.433,12.2,33.4,0.366,24.3,50.8,0.477,14.5,18.9,0.767,8.9,31.1,40.0,27.1,9.1,4.3,19.0,23.2,99.7,0.433,14.4,0.603,0.181,0.245,0.086,0.091,0.397,0.477,0.685,0.378,0.478,0.332,0.366,0.637,0.954,0.183,0.451,29.3,66.1,0.443,7.8,23.3,0.333,21.5,42.8,0.504,15.9,20.0,0.795,8.2,27.2,35.4,20.1,8.3,3.4,15.0,18.2,82.3,1172.0,2643.0,0.443,311.0,933.0,0.333,861.0,1710.0,0.504,636.0,800.0,0.795,326.0,1088.0,1414.0,803.0,332.0,135.0,600.0,727.0,3291.0,36.8,83.1,0.443,9.8,29.3,0.333,27.1,53.7,0.504,20.0,25.1,0.795,10.2,34.2,44.4,25.2,10.4,4.2,18.9,22.9,103.4,0.443,14.0,0.647,0.177,0.269,0.111,0.089,0.353,0.504,0.699,0.443,0.439,0.377,0.333,0.612,0.887,0.228,0.347
WAS,SEA,8,20,77,83,0,1,0,0,0,0,0,0,0,0,0,0,2,0,0,0,0,0,1,1,1,1,0,1,0,1,1,29.0,67.0,0.433,9.7,26.6,0.366,19.3,40.4,0.477,11.5,15.0,0.767,7.1,24.8,31.9,21.6,7.3,3.4,15.1,18.4,79.3,1161,2681,0.433,389,1064,0.366,772,1617,0.477,461,601,0.767,283,991,1274,863,291,137,604,737,3172,27.3,14,26,15,25,-2.98,0.54,-2.44,99.7,103.4,-3.7,79.1,0.224,0.397,0.538,0.506,17.0,20.6,0.172,0.502,16.7,75.2,0.241,36.5,84.3,0.433,12.2,33.4,0.366,24.3,50.8,0.477,14.5,18.9,0.767,8.9,31.1,40.0,27.1,9.1,4.3,19.0,23.2,99.7,0.433,14.4,0.603,0.181,0.245,0.086,0.091,0.397,0.477,0.685,0.378,0.478,0.332,0.366,0.637,0.954,0.183,0.451,29.3,66.1,0.443,7.8,23.3,0.333,21.5,42.8,0.504,15.9,20.0,0.795,8.2,27.2,35.4,20.1,8.3,3.4,15.0,18.2,82.3,1172.0,2643.0,0.443,311.0,933.0,0.333,861.0,1710.0,0.504,636.0,800.0,0.795,326.0,1088.0,1414.0,803.0,332.0,135.0,600.0,727.0,3291.0,36.8,83.1,0.443,9.8,29.3,0.333,27.1,53.7,0.504,20.0,25.1,0.795,10.2,34.2,44.4,25.2,10.4,4.2,18.9,22.9,103.4,0.443,14.0,0.647,0.177,0.269,0.111,0.089,0.353,0.504,0.699,0.443,0.439,0.377,0.333,0.612,0.887,0.228,0.347
WAS,LAS,8,23,80,74,0,1,0,0,0,0,0,0,0,0,0,0,2,0,0,0,0,0,1,2,1,1,0,1,0,1,1,29.0,67.0,0.433,9.7,26.6,0.366,19.3,40.4,0.477,11.5,15.0,0.767,7.1,24.8,31.9,21.6,7.3,3.4,15.1,18.4,79.3,1161,2681,0.433,389,1064,0.366,772,1617,0.477,461,601,0.767,283,991,1274,863,291,137,604,737,3172,27.3,14,26,15,25,-2.98,0.54,-2.44,99.7,103.4,-3.7,79.1,0.224,0.397,0.538,0.506,17.0,20.6,0.172,0.502,16.7,75.2,0.241,36.5,84.3,0.433,12.2,33.4,0.366,24.3,50.8,0.477,14.5,18.9,0.767,8.9,31.1,40.0,27.1,9.1,4.3,19.0,23.2,99.7,0.433,14.4,0.603,0.181,0.245,0.086,0.091,0.397,0.477,0.685,0.378,0.478,0.332,0.366,0.637,0.954,0.183,0.451,29.3,66.1,0.443,7.8,23.3,0.333,21.5,42.8,0.504,15.9,20.0,0.795,8.2,27.2,35.4,20.1,8.3,3.4,15.0,18.2,82.3,1172.0,2643.0,0.443,311.0,933.0,0.333,861.0,1710.0,0.504,636.0,800.0,0.795,326.0,1088.0,1414.0,803.0,332.0,135.0,600.0,727.0,3291.0,36.8,83.1,0.443,9.8,29.3,0.333,27.1,53.7,0.504,20.0,25.1,0.795,10.2,34.2,44.4,25.2,10.4,4.2,18.9,22.9,103.4,0.443,14.0,0.647,0.177,0.269,0.111,0.089,0.353,0.504,0.699,0.443,0.439,0.377,0.333,0.612,0.887,0.228,0.347
WAS,SEA,8,26,74,72,0,1,0,0,0,0,0,0,0,0,0,0,2,0,0,0,0,0,1,1,1,1,0,1,0,1,1,29.0,67.0,0.433,9.7,26.6,0.366,19.3,40.4,0.477,11.5,15.0,0.767,7.1,24.8,31.9,21.6,7.3,3.4,15.1,18.4,79.3,1161,2681,0.433,389,1064,0.366,772,1617,0.477,461,601,0.767,283,991,1274,863,291,137,604,737,3172,27.3,14,26,15,25,-2.98,0.54,-2.44,99.7,103.4,-3.7,79.1,0.224,0.397,0.538,0.506,17.0,20.6,0.172,0.502,16.7,75.2,0.241,36.5,84.3,0.433,12.2,33.4,0.366,24.3,50.8,0.477,14.5,18.9,0.767,8.9,31.1,40.0,27.1,9.1,4.3,19.0,23.2,99.7,0.433,14.4,0.603,0.181,0.245,0.086,0.091,0.397,0.477,0.685,0.378,0.478,0.332,0.366,0.637,0.954,0.183,0.451,29.3,66.1,0.443,7.8,23.3,0.333,21.5,42.8,0.504,15.9,20.0,0.795,8.2,27.2,35.4,20.1,8.3,3.4,15.0,18.2,82.3,1172.0,2643.0,0.443,311.0,933.0,0.333,861.0,1710.0,0.504,636.0,800.0,0.795,326.0,1088.0,1414.0,803.0,332.0,135.0,600.0,727.0,3291.0,36.8,83.1,0.443,9.8,29.3,0.333,27.1,53.7,0.504,20.0,25.1,0.795,10.2,34.2,44.4,25.2,10.4,4.2,18.9,22.9,103.4,0.443,14.0,0.647,0.177,0.269,0.111,0.089,0.353,0.504,0.699,0.443,0.439,0.377,0.333,0.612,0.887,0.228,0.347
WAS,CHI,8,28,74,70,0,1,0,0,0,0,0,0,0,0,0,1,1,0,0,0,0,1,1,2,2,1,0,1,0,0,1,29.0,67.0,0.433,9.7,26.6,0.366,19.3,40.4,0.477,11.5,15.0,0.767,7.1,24.8,31.9,21.6,7.3,3.4,15.1,18.4,79.3,1161,2681,0.433,389,1064,0.366,772,1617,0.477,461,601,0.767,283,991,1274,863,291,137,604,737,3172,27.3,14,26,15,25,-2.98,0.54,-2.44,99.7,103.4,-3.7,79.1,0.224,0.397,0.538,0.506,17.0,20.6,0.172,0.502,16.7,75.2,0.241,36.5,84.3,0.433,12.2,33.4,0.366,24.3,50.8,0.477,14.5,18.9,0.767,8.9,31.1,40.0,27.1,9.1,4.3,19.0,23.2,99.7,0.433,14.4,0.603,0.181,0.245,0.086,0.091,0.397,0.477,0.685,0.378,0.478,0.332,0.366,0.637,0.954,0.183,0.451,29.3,66.1,0.443,7.8,23.3,0.333,21.5,42.8,0.504,15.9,20.0,0.795,8.2,27.2,35.4,20.1,8.3,3.4,15.0,18.2,82.3,1172.0,2643.0,0.443,311.0,933.0,0.333,861.0,1710.0,0.504,636.0,800.0,0.795,326.0,1088.0,1414.0,803.0,332.0,135.0,600.0,727.0,3291.0,36.8,83.1,0.443,9.8,29.3,0.333,27.1,53.7,0.504,20.0,25.1,0.795,10.2,34.2,44.4,25.2,10.4,4.2,18.9,22.9,103.4,0.443,14.0,0.647,0.177,0.269,0.111,0.089,0.353,0.504,0.699,0.443,0.439,0.377,0.333,0.612,0.887,0.228,0.347
WAS,CON,8,31,85,96,0,1,0,0,0,0,0,0,0,0,0,1,1,0,0,0,0,1,1,2,2,1,0,1,0,0,1,29.0,67.0,0.433,9.7,26.6,0.366,19.3,40.4,0.477,11.5,15.0,0.767,7.1,24.8,31.9,21.6,7.3,3.4,15.1,18.4,79.3,1161,2681,0.433,389,1064,0.366,772,1617,0.477,461,601,0.767,283,991,1274,863,291,137,604,737,3172,27.3,14,26,15,25,-2.98,0.54,-2.44,99.7,103.4,-3.7,79.1,0.224,0.397,0.538,0.506,17.0,20.6,0.172,0.502,16.7,75.2,0.241,36.5,84.3,0.433,12.2,33.4,0.366,24.3,50.8,0.477,14.5,18.9,0.767,8.9,31.1,40.0,27.1,9.1,4.3,19.0,23.2,99.7,0.433,14.4,0.603,0.181,0.245,0.086,0.091,0.397,0.477,0.685,0.378,0.478,0.332,0.366,0.637,0.954,0.183,0.451,29.3,66.1,0.443,7.8,23.3,0.333,21.5,42.8,0.504,15.9,20.0,0.795,8.2,27.2,35.4,20.1,8.3,3.4,15.0,18.2,82.3,1172.0,2643.0,0.443,311.0,933.0,0.333,861.0,1710.0,0.504,636.0,800.0,0.795,326.0,1088.0,1414.0,803.0,332.0,135.0,600.0,727.0,3291.0,36.8,83.1,0.443,9.8,29.3,0.333,27.1,53.7,0.504,20.0,25.1,0.795,10.2,34.2,44.4,25.2,10.4,4.2,18.9,22.9,103.4,0.443,14.0,0.647,0.177,0.269,0.111,0.089,0.353,0.504,0.699,0.443,0.439,0.377,0.333,0.612,0.887,0.228,0.347
WAS,DAL,9,3,90,86,0,1,0,0,0,0,0,0,0,0,0,1,1,0,0,0,0,1,1,1,2,1,0,1,0,0,1,29.0,67.0,0.433,9.7,26.6,0.366,19.3,40.4,0.477,11.5,15.0,0.767,7.1,24.8,31.9,21.6,7.3,3.4,15.1,18.4,79.3,1161,2681,0.433,389,1064,0.366,772,1617,0.477,461,601,0.767,283,991,1274,863,291,137,604,737,3172,27.3,14,26,15,25,-2.98,0.54,-2.44,99.7,103.4,-3.7,79.1,0.224,0.397,0.538,0.506,17.0,20.6,0.172,0.502,16.7,75.2,0.241,36.5,84.3,0.433,12.2,33.4,0.366,24.3,50.8,0.477,14.5,18.9,0.767,8.9,31.1,40.0,27.1,9.1,4.3,19.0,23.2,99.7,0.433,14.4,0.603,0.181,0.245,0.086,0.091,0.397,0.477,0.685,0.378,0.478,0.332,0.366,0.637,0.954,0.183,0.451,29.3,66.1,0.443,7.8,23.3,0.333,21.5,42.8,0.504,15.9,20.0,0.795,8.2,27.2,35.4,20.1,8.3,3.4,15.0,18.2,82.3,1172.0,2643.0,0.443,311.0,933.0,0.333,861.0,1710.0,0.504,636.0,800.0,0.795,326.0,1088.0,1414.0,803.0,332.0,135.0,600.0,727.0,3291.0,36.8,83.1,0.443,9.8,29.3,0.333,27.1,53.7,0.504,20.0,25.1,0.795,10.2,34.2,44.4,25.2,10.4,4.2,18.9,22.9,103.4,0.443,14.0,0.647,0.177,0.269,0.111,0.089,0.353,0.504,0.699,0.443,0.439,0.377,0.333,0.612,0.887,0.228,0.347
WAS,PHO,9,5,90,77,0,1,0,0,0,0,0,0,0,0,0,1,1,0,0,0,0,1,1,2,2,1,0,1,0,0,1,29.0,67.0,0.433,9.7,26.6,0.366,19.3,40.4,0.477,11.5,15.0,0.767,7.1,24.8,31.9,21.6,7.3,3.4,15.1,18.4,79.3,1161,2681,0.433,389,1064,0.366,772,1617,0.477,461,601,0.767,283,991,1274,863,291,137,604,737,3172,27.3,14,26,15,25,-2.98,0.54,-2.44,99.7,103.4,-3.7,79.1,0.224,0.397,0.538,0.506,17.0,20.6,0.172,0.502,16.7,75.2,0.241,36.5,84.3,0.433,12.2,33.4,0.366,24.3,50.8,0.477,14.5,18.9,0.767,8.9,31.1,40.0,27.1,9.1,4.3,19.0,23.2,99.7,0.433,14.4,0.603,0.181,0.245,0.086,0.091,0.397,0.477,0.685,0.378,0.478,0.332,0.366,0.637,0.954,0.183,0.451,29.3,66.1,0.443,7.8,23.3,0.333,21.5,42.8,0.504,15.9,20.0,0.795,8.2,27.2,35.4,20.1,8.3,3.4,15.0,18.2,82.3,1172.0,2643.0,0.443,311.0,933.0,0.333,861.0,1710.0,0.504,636.0,800.0,0.795,326.0,1088.0,1414.0,803.0,332.0,135.0,600.0,727.0,3291.0,36.8,83.1,0.443,9.8,29.3,0.333,27.1,53.7,0.504,20.0,25.1,0.795,10.2,34.2,44.4,25.2,10.4,4.2,18.9,22.9,103.4,0.443,14.0,0.647,0.177,0.269,0.111,0.089,0.353,0.504,0.699,0.443,0.439,0.377,0.333,0.612,0.887,0.228,0.347
WAS,MIN,9,8,71,78,0,1,0,0,0,0,0,0,0,0,0,1,2,0,0,0,0,1,2,1,2,1,0,1,0,1,1,29.0,67.0,0.433,9.7,26.6,0.366,19.3,40.4,0.477,11.5,15.0,0.767,7.1,24.8,31.9,21.6,7.3,3.4,15.1,18.4,79.3,1161,2681,0.433,389,1064,0.366,772,1617,0.477,461,601,0.767,283,991,1274,863,291,137,604,737,3172,27.3,14,26,15,25,-2.98,0.54,-2.44,99.7,103.4,-3.7,79.1,0.224,0.397,0.538,0.506,17.0,20.6,0.172,0.502,16.7,75.2,0.241,36.5,84.3,0.433,12.2,33.4,0.366,24.3,50.8,0.477,14.5,18.9,0.767,8.9,31.1,40.0,27.1,9.1,4.3,19.0,23.2,99.7,0.433,14.4,0.603,0.181,0.245,0.086,0.091,0.397,0.477,0.685,0.378,0.478,0.332,0.366,0.637,0.954,0.183,0.451,29.3,66.1,0.443,7.8,23.3,0.333,21.5,42.8,0.504,15.9,20.0,0.795,8.2,27.2,35.4,20.1,8.3,3.4,15.0,18.2,82.3,1172.0,2643.0,0.443,311.0,933.0,0.333,861.0,1710.0,0.504,636.0,800.0,0.795,326.0,1088.0,1414.0,803.0,332.0,135.0,600.0,727.0,3291.0,36.8,83.1,0.443,9.8,29.3,0.333,27.1,53.7,0.504,20.0,25.1,0.795,10.2,34.2,44.4,25.2,10.4,4.2,18.9,22.9,103.4,0.443,14.0,0.647,0.177,0.269,0.111,0.089,0.353,0.504,0.699,0.443,0.439,0.377,0.333,0.612,0.887,0.228,0.347
WAS,CHI,9,11,89,58,0,1,0,0,0,0,0,0,0,0,0,1,1,0,0,0,0,1,1,2,2,1,0,1,0,0,1,29.0,67.0,0.433,9.7,26.6,0.366,19.3,40.4,0.477,11.5,15.0,0.767,7.1,24.8,31.9,21.6,7.3,3.4,15.1,18.4,79.3,1161,2681,0.433,389,1064,0.366,772,1617,0.477,461,601,0.767,283,991,1274,863,291,137,604,737,3172,27.3,14,26,15,25,-2.98,0.54,-2.44,99.7,103.4,-3.7,79.1,0.224,0.397,0.538,0.506,17.0,20.6,0.172,0.502,16.7,75.2,0.241,36.5,84.3,0.433,12.2,33.4,0.366,24.3,50.8,0.477,14.5,18.9,0.767,8.9,31.1,40.0,27.1,9.1,4.3,19.0,23.2,99.7,0.433,14.4,0.603,0.181,0.245,0.086,0.091,0.397,0.477,0.685,0.378,0.478,0.332,0.366,0.637,0.954,0.183,0.451,29.3,66.1,0.443,7.8,23.3,0.333,21.5,42.8,0.504,15.9,20.0,0.795,8.2,27.2,35.4,20.1,8.3,3.4,15.0,18.2,82.3,1172.0,2643.0,0.443,311.0,933.0,0.333,861.0,1710.0,0.504,636.0,800.0,0.795,326.0,1088.0,1414.0,803.0,332.0,135.0,600.0,727.0,3291.0,36.8,83.1,0.443,9.8,29.3,0.333,27.1,53.7,0.504,20.0,25.1,0.795,10.2,34.2,44.4,25.2,10.4,4.2,18.9,22.9,103.4,0.443,14.0,0.647,0.177,0.269,0.111,0.089,0.353,0.504,0.699,0.443,0.439,0.377,0.333,0.612,0.887,0.228,0.347
WAS,ATL,9,13,72,69,0,1,0,0,0,0,0,0,0,0,0,1,1,0,0,0,0,1,1,1,2,1,0,1,0,0,1,29.0,67.0,0.433,9.7,26.6,0.366,19.3,40.4,0.477,11.5,15.0,0.767,7.1,24.8,31.9,21.6,7.3,3.4,15.1,18.4,79.3,1161,2681,0.433,389,1064,0.366,772,1617,0.477,461,601,0.767,283,991,1274,863,291,137,604,737,3172,27.3,14,26,15,25,-2.98,0.54,-2.44,99.7,103.4,-3.7,79.1,0.224,0.397,0.538,0.506,17.0,20.6,0.172,0.502,16.7,75.2,0.241,36.5,84.3,0.433,12.2,33.4,0.366,24.3,50.8,0.477,14.5,18.9,0.767,8.9,31.1,40.0,27.1,9.1,4.3,19.0,23.2,99.7,0.433,14.4,0.603,0.181,0.245,0.086,0.091,0.397,0.477,0.685,0.378,0.478,0.332,0.366,0.637,0.954,0.183,0.451,29.3,66.1,0.443,7.8,23.3,0.333,21.5,42.8,0.504,15.9,20.0,0.795,8.2,27.2,35.4,20.1,8.3,3.4,15.0,18.2,82.3,1172.0,2643.0,0.443,311.0,933.0,0.333,861.0,1710.0,0.504,636.0,800.0,0.795,326.0,1088.0,1414.0,803.0,332.0,135.0,600.0,727.0,3291.0,36.8,83.1,0.443,9.8,29.3,0.333,27.1,53.7,0.504,20.0,25.1,0.795,10.2,34.2,44.4,25.2,10.4,4.2,18.9,22.9,103.4,0.443,14.0,0.647,0.177,0.269,0.111,0.089,0.353,0.504,0.699,0.443,0.439,0.377,0.333,0.612,0.887,0.228,0.347
WAS,ATL,9,15,73,76,0,1,0,0,0,0,0,0,0,0,0,1,1,0,0,0,0,1,1,1,2,1,0,0,0,0,1,29.0,67.0,0.433,9.7,26.6,0.366,19.3,40.4,0.477,11.5,15.0,0.767,7.1,24.8,31.9,21.6,7.3,3.4,15.1,18.4,79.3,1161,2681,0.433,389,1064,0.366,772,1617,0.477,461,601,0.767,283,991,1274,863,291,137,604,737,3172,27.3,14,26,15,25,-2.98,0.54,-2.44,99.7,103.4,-3.7,79.1,0.224,0.397,0.538,0.506,17.0,20.6,0.172,0.502,16.7,75.2,0.241,36.5,84.3,0.433,12.2,33.4,0.366,24.3,50.8,0.477,14.5,18.9,0.767,8.9,31.1,40.0,27.1,9.1,4.3,19.0,23.2,99.7,0.433,14.4,0.603,0.181,0.245,0.086,0.091,0.397,0.477,0.685,0.378,0.478,0.332,0.366,0.637,0.954,0.183,0.451,29.3,66.1,0.443,7.8,23.3,0.333,21.5,42.8,0.504,15.9,20.0,0.795,8.2,27.2,35.4,20.1,8.3,3.4,15.0,18.2,82.3,1172.0,2643.0,0.443,311.0,933.0,0.333,861.0,1710.0,0.504,636.0,800.0,0.795,326.0,1088.0,1414.0,803.0,332.0,135.0,600.0,727.0,3291.0,36.8,83.1,0.443,9.8,29.3,0.333,27.1,53.7,0.504,20.0,25.1,0.795,10.2,34.2,44.4,25.2,10.4,4.2,18.9,22.9,103.4,0.443,14.0,0.647,0.177,0.269,0.111,0.089,0.353,0.504,0.699,0.443,0.439,0.377,0.333,0.612,0.887,0.228,0.347
WAS,NYL,9,17,71,87,0,1,0,0,0,0,0,0,0,0,0,1,1,0,0,0,0,1,1,2,2,1,0,0,0,0,1,29.0,67.0,0.433,9.7,26.6,0.366,19.3,40.4,0.477,11.5,15.0,0.767,7.1,24.8,31.9,21.6,7.3,3.4,15.1,18.4,79.3,1161,2681,0.433,389,1064,0.366,772,1617,0.477,461,601,0.767,283,991,1274,863,291,137,604,737,3172,27.3,14,26,15,25,-2.98,0.54,-2.44,99.7,103.4,-3.7,79.1,0.224,0.397,0.538,0.506,17.0,20.6,0.172,0.502,16.7,75.2,0.241,36.5,84.3,0.433,12.2,33.4,0.366,24.3,50.8,0.477,14.5,18.9,0.767,8.9,31.1,40.0,27.1,9.1,4.3,19.0,23.2,99.7,0.433,14.4,0.603,0.181,0.245,0.086,0.091,0.397,0.477,0.685,0.378,0.478,0.332,0.366,0.637,0.954,0.183,0.451,29.3,66.1,0.443,7.8,23.3,0.333,21.5,42.8,0.504,15.9,20.0,0.795,8.2,27.2,35.4,20.1,8.3,3.4,15.0,18.2,82.3,1172.0,2643.0,0.443,311.0,933.0,0.333,861.0,1710.0,0.504,636.0,800.0,0.795,326.0,1088.0,1414.0,803.0,332.0,135.0,600.0,727.0,3291.0,36.8,83.1,0.443,9.8,29.3,0.333,27.1,53.7,0.504,20.0,25.1,0.795,10.2,34.2,44.4,25.2,10.4,4.2,18.9,22.9,103.4,0.443,14.0,0.647,0.177,0.269,0.111,0.089,0.353,0.504,0.699,0.443,0.439,0.377,0.333,0.612,0.887,0.228,0.347
WAS,IND,9,19,92,91,0,1,0,0,0,0,0,0,0,0,0,1,1,0,0,0,0,1,1,2,2,1,0,0,0,0,1,29.0,67.0,0.433,9.7,26.6,0.366,19.3,40.4,0.477,11.5,15.0,0.767,7.1,24.8,31.9,21.6,7.3,3.4,15.1,18.4,79.3,1161,2681,0.433,389,1064,0.366,772,1617,0.477,461,601,0.767,283,991,1274,863,291,137,604,737,3172,27.3,14,26,15,25,-2.98,0.54,-2.44,99.7,103.4,-3.7,79.1,0.224,0.397,0.538,0.506,17.0,20.6,0.172,0.502,16.7,75.2,0.241,36.5,84.3,0.433,12.2,33.4,0.366,24.3,50.8,0.477,14.5,18.9,0.767,8.9,31.1,40.0,27.1,9.1,4.3,19.0,23.2,99.7,0.433,14.4,0.603,0.181,0.245,0.086,0.091,0.397,0.477,0.685,0.378,0.478,0.332,0.366,0.637,0.954,0.183,0.451,29.3,66.1,0.443,7.8,23.3,0.333,21.5,42.8,0.504,15.9,20.0,0.795,8.2,27.2,35.4,20.1,8.3,3.4,15.0,18.2,82.3,1172.0,2643.0,0.443,311.0,933.0,0.333,861.0,1710.0,0.504,636.0,800.0,0.795,326.0,1088.0,1414.0,803.0,332.0,135.0,600.0,727.0,3291.0,36.8,83.1,0.443,9.8,29.3,0.333,27.1,53.7,0.504,20.0,25.1,0.795,10.2,34.2,44.4,25.2,10.4,4.2,18.9,22.9,103.4,0.443,14.0,0.647,0.177,0.269,0.111,0.089,0.353,0.504,0.699,0.443,0.439,0.377,0.333,0.612,0.887,0.228,0.347
