team,year,home_away,opp,team_score,opp_score,day,month,all_around_star,and_one_machine,catch_and_shoot,corner_3_specialist,defensive_anchor,defensive_rebounder,efficient_scorer,elite_scorer,fast_break_threat,floor_general,free_throw_generator,glass_cleaner,heave_chucker,impact_bench,midrange_sniper,offensive_hub,offensive_rebounder,playmaker,plus_minus_driver,rim_protector,self_creator,slasher,steal_artist,stretch_big,three_point_specialist,turnover_prone,volume_shooter,team_per_game_fg,team_per_game_fga,team_per_game_fg%,team_per_game_3p,team_per_game_3pa,team_per_game_3p%,team_per_game_2p,team_per_game_2pa,team_per_game_2p%,team_per_game_ft,team_per_game_fta,team_per_game_ft%,team_per_game_orb,team_per_game_drb,team_per_game_trb,team_per_game_ast,team_per_game_stl,team_per_game_blk,team_per_game_tov,team_per_game_pf,team_per_game_pts,opp_per_game_fg,opp_per_game_fga,opp_per_game_fg%,opp_per_game_3p,opp_per_game_3pa,opp_per_game_3p%,opp_per_game_2p,opp_per_game_2pa,opp_per_game_2p%,opp_per_game_ft,opp_per_game_fta,opp_per_game_ft%,opp_per_game_orb,opp_per_game_drb,opp_per_game_trb,opp_per_game_ast,opp_per_game_stl,opp_per_game_blk,opp_per_game_tov,opp_per_game_pf,opp_per_game_pts,team_per_poss_fg,team_per_poss_fga,team_per_poss_fg%,team_per_poss_3p,team_per_poss_3pa,team_per_poss_3p%,team_per_poss_2p,team_per_poss_2pa,team_per_poss_2p%,team_per_poss_ft,team_per_poss_fta,team_per_poss_ft%,team_per_poss_orb,team_per_poss_drb,team_per_poss_trb,team_per_poss_ast,team_per_poss_stl,team_per_poss_blk,team_per_poss_tov,team_per_poss_pf,team_per_poss_pts,opp_per_poss_fg,opp_per_poss_fga,opp_per_poss_fg%,opp_per_poss_3p,opp_per_poss_3pa,opp_per_poss_3p%,opp_per_poss_2p,opp_per_poss_2pa,opp_per_poss_2p%,opp_per_poss_ft,opp_per_poss_fta,opp_per_poss_ft%,opp_per_poss_orb,opp_per_poss_drb,opp_per_poss_trb,opp_per_poss_ast,opp_per_poss_stl,opp_per_poss_blk,opp_per_poss_tov,opp_per_poss_pf,opp_per_poss_pts,team_fg%,team_dist.,team_% of fga by distance_2p,team_% of fga by distance_0-3,team_% of fga by distance_3-10,team_% of fga by distance_10-16,team_% of fga by distance_16-3p,team_% of fga by distance_3p,team_fg% by distance_2p,team_fg% by distance_0-3,team_fg% by distance_3-10,team_fg% by distance_10-16,team_fg% by distance_16-3p,team_fg% by distance_3p,team_% of fg ast'd_2p,team_% of fg ast'd_3p,team_corner_%3pa,team_corner_3p%,opp_fg%,opp_dist.,opp_% of fga by distance_2p,opp_% of fga by distance_0-3,opp_% of fga by distance_3-10,opp_% of fga by distance_10-16,opp_% of fga by distance_16-3p,opp_% of fga by distance_3p,opp_fg% by distance_2p,opp_fg% by distance_0-3,opp_fg% by distance_3-10,opp_fg% by distance_10-16,opp_fg% by distance_16-3p,opp_fg% by distance_3p,opp_% of fg ast'd_2p,opp_% of fg ast'd_3p,opp_corner_%3pa,opp_corner_3p%,team_age,team_mov,team_sos,team_srs,team_ortg,team_drtg,team_nrtg,team_pace,team_ftr,team_3par,team_ts%,team_efg%,team_tov%,team_orb%,team_ft/fga,team_efg%.1,team_tov%.1,team_drb%,team_ft/fga.1
ATL,2020,1.0,DAL,105,95,26.0,7.0,0.0,0.0,0.0,0.0,0.0,0.0,0.0,1.0,0.0,1.0,0.0,0.0,0.0,1.0,0.0,1.0,0.0,0.0,0.0,0.0,1.0,0.0,0.0,0.0,0.0,1.0,1.0,,,,,,,,,,,,,,,,,,,,,,,,,,,,,,,,,,,,,,,,,,,,,,,,,,,,,,,,,,,,,,,,,,,,,,,,,,,,,,,,,,,,,,,,,,,,,,,,,,,,,,,,,,,,,,,,,,,,,,,,,,,,,,,,,,,,,,,,,,,
ATL,2020,0.0,LVA,70,100,29.0,7.0,0.0,0.0,0.0,0.0,0.0,0.0,0.0,1.0,0.0,1.0,0.0,0.0,0.0,1.0,0.0,1.0,0.0,0.0,0.0,0.0,1.0,0.0,0.0,0.0,0.0,1.0,1.0,,,,,,,,,,,,,,,,,,,,,,,,,,,,,,,,,,,,,,,,,,,,,,,,,,,,,,,,,,,,,,,,,,,,,,,,,,,,,,,,,,,,,,,,,,,,,,,,,,,,,,,,,,,,,,,,,,,,,,,,,,,,,,,,,,,,,,,,,,,
ATL,2020,1.0,NYL,84,78,31.0,7.0,0.0,0.0,0.0,0.0,0.0,0.0,0.0,1.0,0.0,1.0,0.0,0.0,0.0,1.0,0.0,1.0,0.0,0.0,0.0,0.0,1.0,0.0,0.0,0.0,0.0,1.0,1.0,,,,,,,,,,,,,,,,,,,,,,,,,,,,,,,,,,,,,,,,,,,,,,,,,,,,,,,,,,,,,,,,,,,,,,,,,,,,,,,,,,,,,,,,,,,,,,,,,,,,,,,,,,,,,,,,,,,,,,,,,,,,,,,,,,,,,,,,,,,
ATL,2020,0.0,IND,77,93,2.0,8.0,0.0,0.0,0.0,0.0,0.0,0.0,0.0,1.0,0.0,1.0,0.0,0.0,0.0,1.0,0.0,1.0,0.0,0.0,0.0,0.0,1.0,0.0,0.0,0.0,0.0,1.0,1.0,,,,,,,,,,,,,,,,,,,,,,,,,,,,,,,,,,,,,,,,,,,,,,,,,,,,,,,,,,,,,,,,,,,,,,,,,,,,,,,,,,,,,,,,,,,,,,,,,,,,,,,,,,,,,,,,,,,,,,,,,,,,,,,,,,,,,,,,,,,
ATL,2020,1.0,PHO,74,81,4.0,8.0,0.0,0.0,0.0,0.0,0.0,0.0,0.0,1.0,0.0,1.0,0.0,0.0,0.0,1.0,0.0,1.0,0.0,0.0,0.0,0.0,1.0,0.0,0.0,0.0,0.0,1.0,1.0,,,,,,,,,,,,,,,,,,,,,,,,,,,,,,,,,,,,,,,,,,,,,,,,,,,,,,,,,,,,,,,,,,,,,,,,,,,,,,,,,,,,,,,,,,,,,,,,,,,,,,,,,,,,,,,,,,,,,,,,,,,,,,,,,,,,,,,,,,,
ATL,2020,1.0,SEA,92,93,6.0,8.0,0.0,0.0,0.0,0.0,0.0,0.0,0.0,1.0,0.0,1.0,0.0,0.0,0.0,1.0,0.0,1.0,0.0,0.0,0.0,0.0,1.0,0.0,0.0,0.0,0.0,1.0,1.0,,,,,,,,,,,,,,,,,,,,,,,,,,,,,,,,,,,,,,,,,,,,,,,,,,,,,,,,,,,,,,,,,,,,,,,,,,,,,,,,,,,,,,,,,,,,,,,,,,,,,,,,,,,,,,,,,,,,,,,,,,,,,,,,,,,,,,,,,,,
ATL,2020,0.0,DAL,75,85,8.0,8.0,0.0,0.0,0.0,0.0,0.0,0.0,0.0,1.0,0.0,1.0,0.0,0.0,0.0,1.0,0.0,1.0,0.0,0.0,0.0,0.0,1.0,0.0,0.0,0.0,0.0,1.0,1.0,,,,,,,,,,,,,,,,,,,,,,,,,,,,,,,,,,,,,,,,,,,,,,,,,,,,,,,,,,,,,,,,,,,,,,,,,,,,,,,,,,,,,,,,,,,,,,,,,,,,,,,,,,,,,,,,,,,,,,,,,,,,,,,,,,,,,,,,,,,
ATL,2020,1.0,CON,82,93,10.0,8.0,0.0,0.0,0.0,0.0,0.0,0.0,0.0,1.0,0.0,1.0,0.0,0.0,0.0,1.0,0.0,1.0,0.0,0.0,0.0,0.0,1.0,0.0,0.0,0.0,0.0,1.0,1.0,,,,,,,,,,,,,,,,,,,,,,,,,,,,,,,,,,,,,,,,,,,,,,,,,,,,,,,,,,,,,,,,,,,,,,,,,,,,,,,,,,,,,,,,,,,,,,,,,,,,,,,,,,,,,,,,,,,,,,,,,,,,,,,,,,,,,,,,,,,
ATL,2020,0.0,SEA,63,100,12.0,8.0,0.0,0.0,0.0,0.0,0.0,0.0,0.0,0.0,0.0,0.0,0.0,0.0,0.0,0.0,0.0,0.0,0.0,0.0,0.0,0.0,0.0,0.0,0.0,0.0,0.0,0.0,0.0,,,,,,,,,,,,,,,,,,,,,,,,,,,,,,,,,,,,,,,,,,,,,,,,,,,,,,,,,,,,,,,,,,,,,,,,,,,,,,,,,,,,,,,,,,,,,,,,,,,,,,,,,,,,,,,,,,,,,,,,,,,,,,,,,,,,,,,,,,,
ATL,2020,0.0,PHO,80,96,14.0,8.0,0.0,0.0,0.0,0.0,0.0,0.0,0.0,0.0,0.0,0.0,0.0,0.0,0.0,0.0,0.0,0.0,0.0,0.0,0.0,0.0,0.0,0.0,0.0,0.0,0.0,0.0,0.0,,,,,,,,,,,,,,,,,,,,,,,,,,,,,,,,,,,,,,,,,,,,,,,,,,,,,,,,,,,,,,,,,,,,,,,,,,,,,,,,,,,,,,,,,,,,,,,,,,,,,,,,,,,,,,,,,,,,,,,,,,,,,,,,,,,,,,,,,,,
ATL,2020,1.0,CHI,67,92,16.0,8.0,0.0,0.0,0.0,0.0,0.0,0.0,0.0,0.0,0.0,0.0,0.0,0.0,0.0,0.0,0.0,0.0,0.0,0.0,0.0,0.0,0.0,0.0,0.0,0.0,0.0,0.0,0.0,,,,,,,,,,,,,,,,,,,,,,,,,,,,,,,,,,,,,,,,,,,,,,,,,,,,,,,,,,,,,,,,,,,,,,,,,,,,,,,,,,,,,,,,,,,,,,,,,,,,,,,,,,,,,,,,,,,,,,,,,,,,,,,,,,,,,,,,,,,
ATL,2020,0.0,WAS,91,98,19.0,8.0,0.0,0.0,0.0,0.0,0.0,0.0,0.0,0.0,0.0,0.0,0.0,0.0,0.0,0.0,0.0,0.0,0.0,0.0,0.0,0.0,0.0,0.0,0.0,0.0,0.0,0.0,0.0,,,,,,,,,,,,,,,,,,,,,,,,,,,,,,,,,,,,,,,,,,,,,,,,,,,,,,,,,,,,,,,,,,,,,,,,,,,,,,,,,,,,,,,,,,,,,,,,,,,,,,,,,,,,,,,,,,,,,,,,,,,,,,,,,,,,,,,,,,,
ATL,2020,1.0,LAS,85,93,21.0,8.0,0.0,0.0,0.0,0.0,0.0,0.0,0.0,0.0,0.0,0.0,0.0,0.0,0.0,0.0,0.0,0.0,0.0,0.0,0.0,0.0,0.0,0.0,0.0,0.0,0.0,0.0,0.0,,,,,,,,,,,,,,,,,,,,,,,,,,,,,,,,,,,,,,,,,,,,,,,,,,,,,,,,,,,,,,,,,,,,,,,,,,,,,,,,,,,,,,,,,,,,,,,,,,,,,,,,,,,,,,,,,,,,,,,,,,,,,,,,,,,,,,,,,,,
ATL,2020,0.0,MIN,78,75,23.0,8.0,0.0,0.0,0.0,0.0,0.0,0.0,0.0,0.0,0.0,0.0,0.0,0.0,0.0,0.0,0.0,0.0,0.0,0.0,0.0,0.0,0.0,0.0,0.0,0.0,0.0,0.0,0.0,,,,,,,,,,,,,,,,,,,,,,,,,,,,,,,,,,,,,,,,,,,,,,,,,,,,,,,,,,,,,,,,,,,,,,,,,,,,,,,,,,,,,,,,,,,,,,,,,,,,,,,,,,,,,,,,,,,,,,,,,,,,,,,,,,,,,,,,,,,
ATL,2020,1.0,MIN,79,88,28.0,8.0,0.0,0.0,0.0,0.0,0.0,0.0,0.0,1.0,0.0,1.0,0.0,0.0,0.0,1.0,0.0,1.0,0.0,0.0,0.0,0.0,1.0,0.0,0.0,0.0,0.0,1.0,1.0,,,,,,,,,,,,,,,,,,,,,,,,,,,,,,,,,,,,,,,,,,,,,,,,,,,,,,,,,,,,,,,,,,,,,,,,,,,,,,,,,,,,,,,,,,,,,,,,,,,,,,,,,,,,,,,,,,,,,,,,,,,,,,,,,,,,,,,,,,,
ATL,2020,0.0,LAS,79,84,30.0,8.0,0.0,0.0,0.0,0.0,0.0,0.0,0.0,1.0,0.0,1.0,0.0,0.0,0.0,1.0,0.0,1.0,0.0,0.0,0.0,0.0,1.0,0.0,0.0,0.0,0.0,1.0,1.0,,,,,,,,,,,,,,,,,,,,,,,,,,,,,,,,,,,,,,,,,,,,,,,,,,,,,,,,,,,,,,,,,,,,,,,,,,,,,,,,,,,,,,,,,,,,,,,,,,,,,,,,,,,,,,,,,,,,,,,,,,,,,,,,,,,,,,,,,,,
ATL,2020,1.0,IND,102,90,1.0,9.0,0.0,0.0,0.0,0.0,0.0,0.0,0.0,1.0,0.0,1.0,0.0,0.0,0.0,1.0,0.0,1.0,0.0,0.0,0.0,0.0,1.0,0.0,0.0,0.0,0.0,1.0,1.0,,,,,,,,,,,,,,,,,,,,,,,,,,,,,,,,,,,,,,,,,,,,,,,,,,,,,,,,,,,,,,,,,,,,,,,,,,,,,,,,,,,,,,,,,,,,,,,,,,,,,,,,,,,,,,,,,,,,,,,,,,,,,,,,,,,,,,,,,,,
ATL,2020,0.0,NYL,62,56,3.0,9.0,0.0,0.0,0.0,0.0,0.0,0.0,0.0,1.0,0.0,1.0,0.0,0.0,0.0,1.0,0.0,1.0,0.0,0.0,0.0,0.0,1.0,0.0,0.0,0.0,0.0,1.0,1.0,,,,,,,,,,,,,,,,,,,,,,,,,,,,,,,,,,,,,,,,,,,,,,,,,,,,,,,,,,,,,,,,,,,,,,,,,,,,,,,,,,,,,,,,,,,,,,,,,,,,,,,,,,,,,,,,,,,,,,,,,,,,,,,,,,,,,,,,,,,
ATL,2020,1.0,LVA,79,89,5.0,9.0,0.0,0.0,0.0,0.0,0.0,0.0,0.0,1.0,0.0,1.0,0.0,0.0,0.0,1.0,0.0,1.0,0.0,0.0,0.0,0.0,1.0,0.0,0.0,0.0,0.0,1.0,1.0,,,,,,,,,,,,,,,,,,,,,,,,,,,,,,,,,,,,,,,,,,,,,,,,,,,,,,,,,,,,,,,,,,,,,,,,,,,,,,,,,,,,,,,,,,,,,,,,,,,,,,,,,,,,,,,,,,,,,,,,,,,,,,,,,,,,,,,,,,,
ATL,2020,0.0,CHI,97,89,9.0,9.0,0.0,0.0,0.0,0.0,0.0,0.0,0.0,1.0,0.0,1.0,0.0,0.0,0.0,1.0,0.0,1.0,0.0,0.0,0.0,0.0,1.0,0.0,0.0,0.0,0.0,1.0,1.0,,,,,,,,,,,,,,,,,,,,,,,,,,,,,,,,,,,,,,,,,,,,,,,,,,,,,,,,,,,,,,,,,,,,,,,,,,,,,,,,,,,,,,,,,,,,,,,,,,,,,,,,,,,,,,,,,,,,,,,,,,,,,,,,,,,,,,,,,,,
ATL,2020,0.0,CON,82,75,11.0,9.0,0.0,0.0,0.0,0.0,0.0,0.0,0.0,1.0,0.0,1.0,0.0,0.0,0.0,1.0,0.0,1.0,0.0,0.0,0.0,0.0,1.0,0.0,0.0,0.0,0.0,1.0,1.0,,,,,,,,,,,,,,,,,,,,,,,,,,,,,,,,,,,,,,,,,,,,,,,,,,,,,,,,,,,,,,,,,,,,,,,,,,,,,,,,,,,,,,,,,,,,,,,,,,,,,,,,,,,,,,,,,,,,,,,,,,,,,,,,,,,,,,,,,,,
ATL,2020,1.0,WAS,78,85,13.0,9.0,0.0,0.0,0.0,0.0,0.0,0.0,0.0,1.0,0.0,1.0,0.0,0.0,0.0,1.0,0.0,1.0,0.0,0.0,0.0,0.0,1.0,0.0,0.0,0.0,0.0,1.0,1.0,,,,,,,,,,,,,,,,,,,,,,,,,,,,,,,,,,,,,,,,,,,,,,,,,,,,,,,,,,,,,,,,,,,,,,,,,,,,,,,,,,,,,,,,,,,,,,,,,,,,,,,,,,,,,,,,,,,,,,,,,,,,,,,,,,,,,,,,,,,
CHI,2020,0.0,LVA,88,86,26.0,7.0,0.0,0.0,0.0,0.0,0.0,0.0,0.0,0.0,0.0,0.0,0.0,0.0,0.0,0.0,0.0,0.0,0.0,0.0,0.0,0.0,0.0,0.0,0.0,0.0,0.0,0.0,0.0,,,,,,,,,,,,,,,,,,,,,,,,,,,,,,,,,,,,,,,,,,,,,,,,,,,,,,,,,,,,,,,,,,,,,,,,,,,,,,,,,,,,,,,,,,,,,,,,,,,,,,,,,,,,,,,,,,,,,,,,,,,,,,,,,,,,,,,,,,,
CHI,2020,1.0,LAS,96,78,28.0,7.0,0.0,0.0,0.0,0.0,0.0,0.0,0.0,0.0,0.0,0.0,0.0,0.0,0.0,0.0,0.0,0.0,0.0,0.0,0.0,0.0,0.0,0.0,0.0,0.0,0.0,0.0,0.0,,,,,,,,,,,,,,,,,,,,,,,,,,,,,,,,,,,,,,,,,,,,,,,,,,,,,,,,,,,,,,,,,,,,,,,,,,,,,,,,,,,,,,,,,,,,,,,,,,,,,,,,,,,,,,,,,,,,,,,,,,,,,,,,,,,,,,,,,,,
CHI,2020,0.0,MIN,81,83,30.0,7.0,0.0,0.0,0.0,0.0,0.0,0.0,0.0,0.0,0.0,0.0,0.0,0.0,0.0,0.0,0.0,0.0,0.0,0.0,0.0,0.0,0.0,0.0,0.0,0.0,0.0,0.0,0.0,,,,,,,,,,,,,,,,,,,,,,,,,,,,,,,,,,,,,,,,,,,,,,,,,,,,,,,,,,,,,,,,,,,,,,,,,,,,,,,,,,,,,,,,,,,,,,,,,,,,,,,,,,,,,,,,,,,,,,,,,,,,,,,,,,,,,,,,,,,
CHI,2020,1.0,WAS,88,86,1.0,8.0,0.0,0.0,0.0,0.0,0.0,0.0,0.0,0.0,0.0,0.0,0.0,0.0,0.0,0.0,0.0,0.0,0.0,0.0,0.0,0.0,0.0,0.0,0.0,0.0,0.0,0.0,0.0,,,,,,,,,,,,,,,,,,,,,,,,,,,,,,,,,,,,,,,,,,,,,,,,,,,,,,,,,,,,,,,,,,,,,,,,,,,,,,,,,,,,,,,,,,,,,,,,,,,,,,,,,,,,,,,,,,,,,,,,,,,,,,,,,,,,,,,,,,,
CHI,2020,1.0,DAL,82,79,4.0,8.0,0.0,0.0,0.0,0.0,0.0,0.0,0.0,0.0,0.0,0.0,0.0,0.0,0.0,0.0,0.0,0.0,0.0,0.0,0.0,0.0,0.0,0.0,0.0,0.0,0.0,0.0,0.0,,,,,,,,,,,,,,,,,,,,,,,,,,,,,,,,,,,,,,,,,,,,,,,,,,,,,,,,,,,,,,,,,,,,,,,,,,,,,,,,,,,,,,,,,,,,,,,,,,,,,,,,,,,,,,,,,,,,,,,,,,,,,,,,,,,,,,,,,,,
CHI,2020,0.0,PHO,86,96,6.0,8.0,0.0,0.0,0.0,0.0,0.0,0.0,0.0,0.0,0.0,0.0,0.0,0.0,0.0,0.0,0.0,0.0,0.0,0.0,0.0,0.0,0.0,0.0,0.0,0.0,0.0,0.0,0.0,,,,,,,,,,,,,,,,,,,,,,,,,,,,,,,,,,,,,,,,,,,,,,,,,,,,,,,,,,,,,,,,,,,,,,,,,,,,,,,,,,,,,,,,,,,,,,,,,,,,,,,,,,,,,,,,,,,,,,,,,,,,,,,,,,,,,,,,,,,
CHI,2020,0.0,CON,100,93,8.0,8.0,0.0,0.0,0.0,0.0,0.0,0.0,0.0,0.0,0.0,0.0,0.0,0.0,0.0,0.0,0.0,0.0,0.0,0.0,0.0,0.0,0.0,0.0,0.0,0.0,0.0,0.0,0.0,,,,,,,,,,,,,,,,,,,,,,,,,,,,,,,,,,,,,,,,,,,,,,,,,,,,,,,,,,,,,,,,,,,,,,,,,,,,,,,,,,,,,,,,,,,,,,,,,,,,,,,,,,,,,,,,,,,,,,,,,,,,,,,,,,,,,,,,,,,
CHI,2020,0.0,SEA,71,89,10.0,8.0,0.0,0.0,0.0,0.0,0.0,0.0,0.0,0.0,0.0,0.0,0.0,0.0,0.0,0.0,0.0,0.0,0.0,0.0,0.0,0.0,0.0,0.0,0.0,0.0,0.0,0.0,0.0,,,,,,,,,,,,,,,,,,,,,,,,,,,,,,,,,,,,,,,,,,,,,,,,,,,,,,,,,,,,,,,,,,,,,,,,,,,,,,,,,,,,,,,,,,,,,,,,,,,,,,,,,,,,,,,,,,,,,,,,,,,,,,,,,,,,,,,,,,,
CHI,2020,1.0,PHO,89,71,12.0,8.0,0.0,0.0,0.0,0.0,0.0,0.0,0.0,0.0,0.0,0.0,0.0,0.0,0.0,0.0,0.0,0.0,0.0,0.0,0.0,0.0,0.0,0.0,0.0,0.0,0.0,0.0,0.0,,,,,,,,,,,,,,,,,,,,,,,,,,,,,,,,,,,,,,,,,,,,,,,,,,,,,,,,,,,,,,,,,,,,,,,,,,,,,,,,,,,,,,,,,,,,,,,,,,,,,,,,,,,,,,,,,,,,,,,,,,,,,,,,,,,,,,,,,,,
CHI,2020,1.0,CON,74,77,14.0,8.0,0.0,0.0,0.0,0.0,0.0,0.0,0.0,0.0,0.0,0.0,0.0,0.0,0.0,0.0,0.0,0.0,0.0,0.0,0.0,0.0,0.0,0.0,0.0,0.0,0.0,0.0,0.0,,,,,,,,,,,,,,,,,,,,,,,,,,,,,,,,,,,,,,,,,,,,,,,,,,,,,,,,,,,,,,,,,,,,,,,,,,,,,,,,,,,,,,,,,,,,,,,,,,,,,,,,,,,,,,,,,,,,,,,,,,,,,,,,,,,,,,,,,,,
CHI,2020,0.0,ATL,92,67,16.0,8.0,0.0,0.0,0.0,0.0,0.0,0.0,0.0,0.0,0.0,0.0,0.0,0.0,0.0,0.0,0.0,0.0,0.0,0.0,0.0,0.0,0.0,0.0,0.0,0.0,0.0,0.0,0.0,,,,,,,,,,,,,,,,,,,,,,,,,,,,,,,,,,,,,,,,,,,,,,,,,,,,,,,,,,,,,,,,,,,,,,,,,,,,,,,,,,,,,,,,,,,,,,,,,,,,,,,,,,,,,,,,,,,,,,,,,,,,,,,,,,,,,,,,,,,
CHI,2020,1.0,LVA,84,82,18.0,8.0,0.0,0.0,0.0,0.0,0.0,0.0,0.0,0.0,0.0,0.0,0.0,0.0,0.0,0.0,0.0,0.0,0.0,0.0,0.0,0.0,0.0,0.0,0.0,0.0,0.0,0.0,0.0,,,,,,,,,,,,,,,,,,,,,,,,,,,,,,,,,,,,,,,,,,,,,,,,,,,,,,,,,,,,,,,,,,,,,,,,,,,,,,,,,,,,,,,,,,,,,,,,,,,,,,,,,,,,,,,,,,,,,,,,,,,,,,,,,,,,,,,,,,,
CHI,2020,0.0,NYL,101,85,20.0,8.0,0.0,0.0,0.0,0.0,0.0,0.0,0.0,0.0,0.0,0.0,0.0,0.0,0.0,0.0,0.0,0.0,0.0,0.0,0.0,0.0,0.0,0.0,0.0,0.0,0.0,0.0,0.0,,,,,,,,,,,,,,,,,,,,,,,,,,,,,,,,,,,,,,,,,,,,,,,,,,,,,,,,,,,,,,,,,,,,,,,,,,,,,,,,,,,,,,,,,,,,,,,,,,,,,,,,,,,,,,,,,,,,,,,,,,,,,,,,,,,,,,,,,,,
CHI,2020,1.0,IND,87,76,22.0,8.0,0.0,0.0,0.0,0.0,0.0,0.0,0.0,0.0,0.0,0.0,0.0,0.0,0.0,0.0,0.0,0.0,0.0,0.0,0.0,0.0,0.0,0.0,0.0,0.0,0.0,0.0,0.0,,,,,,,,,,,,,,,,,,,,,,,,,,,,,,,,,,,,,,,,,,,,,,,,,,,,,,,,,,,,,,,,,,,,,,,,,,,,,,,,,,,,,,,,,,,,,,,,,,,,,,,,,,,,,,,,,,,,,,,,,,,,,,,,,,,,,,,,,,,
CHI,2020,1.0,NYL,99,101,25.0,8.0,0.0,0.0,0.0,0.0,0.0,0.0,0.0,0.0,0.0,0.0,0.0,0.0,0.0,0.0,0.0,0.0,0.0,0.0,0.0,0.0,0.0,0.0,0.0,0.0,0.0,0.0,0.0,,,,,,,,,,,,,,,,,,,,,,,,,,,,,,,,,,,,,,,,,,,,,,,,,,,,,,,,,,,,,,,,,,,,,,,,,,,,,,,,,,,,,,,,,,,,,,,,,,,,,,,,,,,,,,,,,,,,,,,,,,,,,,,,,,,,,,,,,,,
CHI,2020,1.0,SEA,74,88,29.0,8.0,0.0,0.0,0.0,0.0,0.0,0.0,0.0,0.0,0.0,0.0,0.0,0.0,0.0,0.0,0.0,0.0,0.0,0.0,0.0,0.0,0.0,0.0,0.0,0.0,0.0,0.0,0.0,,,,,,,,,,,,,,,,,,,,,,,,,,,,,,,,,,,,,,,,,,,,,,,,,,,,,,,,,,,,,,,,,,,,,,,,,,,,,,,,,,,,,,,,,,,,,,,,,,,,,,,,,,,,,,,,,,,,,,,,,,,,,,,,,,,,,,,,,,,
CHI,2020,0.0,IND,100,77,31.0,8.0,0.0,0.0,0.0,0.0,0.0,0.0,0.0,0.0,0.0,0.0,0.0,0.0,0.0,0.0,0.0,0.0,0.0,0.0,0.0,0.0,0.0,0.0,0.0,0.0,0.0,0.0,0.0,,,,,,,,,,,,,,,,,,,,,,,,,,,,,,,,,,,,,,,,,,,,,,,,,,,,,,,,,,,,,,,,,,,,,,,,,,,,,,,,,,,,,,,,,,,,,,,,,,,,,,,,,,,,,,,,,,,,,,,,,,,,,,,,,,,,,,,,,,,
CHI,2020,1.0,MIN,83,86,2.0,9.0,0.0,0.0,0.0,0.0,0.0,0.0,0.0,0.0,0.0,0.0,0.0,0.0,0.0,0.0,0.0,0.0,0.0,0.0,0.0,0.0,0.0,0.0,0.0,0.0,0.0,0.0,0.0,,,,,,,,,,,,,,,,,,,,,,,,,,,,,,,,,,,,,,,,,,,,,,,,,,,,,,,,,,,,,,,,,,,,,,,,,,,,,,,,,,,,,,,,,,,,,,,,,,,,,,,,,,,,,,,,,,,,,,,,,,,,,,,,,,,,,,,,,,,
CHI,2020,0.0,WAS,69,79,4.0,9.0,0.0,0.0,0.0,0.0,0.0,0.0,0.0,0.0,0.0,0.0,0.0,0.0,0.0,0.0,0.0,0.0,0.0,0.0,0.0,0.0,0.0,0.0,0.0,0.0,0.0,0.0,0.0,,,,,,,,,,,,,,,,,,,,,,,,,,,,,,,,,,,,,,,,,,,,,,,,,,,,,,,,,,,,,,,,,,,,,,,,,,,,,,,,,,,,,,,,,,,,,,,,,,,,,,,,,,,,,,,,,,,,,,,,,,,,,,,,,,,,,,,,,,,
CHI,2020,0.0,LAS,80,86,6.0,9.0,0.0,0.0,0.0,0.0,0.0,0.0,0.0,0.0,0.0,0.0,0.0,0.0,0.0,0.0,0.0,0.0,0.0,0.0,0.0,0.0,0.0,0.0,0.0,0.0,0.0,0.0,0.0,,,,,,,,,,,,,,,,,,,,,,,,,,,,,,,,,,,,,,,,,,,,,,,,,,,,,,,,,,,,,,,,,,,,,,,,,,,,,,,,,,,,,,,,,,,,,,,,,,,,,,,,,,,,,,,,,,,,,,,,,,,,,,,,,,,,,,,,,,,
CHI,2020,1.0,ATL,89,97,9.0,9.0,0.0,0.0,0.0,0.0,0.0,0.0,0.0,0.0,0.0,0.0,0.0,0.0,0.0,0.0,0.0,0.0,0.0,0.0,0.0,0.0,0.0,0.0,0.0,0.0,0.0,0.0,0.0,,,,,,,,,,,,,,,,,,,,,,,,,,,,,,,,,,,,,,,,,,,,,,,,,,,,,,,,,,,,,,,,,,,,,,,,,,,,,,,,,,,,,,,,,,,,,,,,,,,,,,,,,,,,,,,,,,,,,,,,,,,,,,,,,,,,,,,,,,,
CHI,2020,0.0,DAL,95,88,11.0,9.0,0.0,0.0,0.0,0.0,0.0,0.0,0.0,0.0,0.0,0.0,0.0,0.0,0.0,0.0,0.0,0.0,0.0,0.0,0.0,0.0,0.0,0.0,0.0,0.0,0.0,0.0,0.0,,,,,,,,,,,,,,,,,,,,,,,,,,,,,,,,,,,,,,,,,,,,,,,,,,,,,,,,,,,,,,,,,,,,,,,,,,,,,,,,,,,,,,,,,,,,,,,,,,,,,,,,,,,,,,,,,,,,,,,,,,,,,,,,,,,,,,,,,,,
CON,2020,0.0,MIN,69,77,26.0,7.0,0.0,0.0,0.0,0.0,0.0,0.0,0.0,0.0,0.0,0.0,0.0,0.0,0.0,0.0,0.0,0.0,0.0,0.0,0.0,0.0,0.0,0.0,0.0,0.0,0.0,0.0,0.0,,,,,,,,,,,,,,,,,,,,,,,,,,,,,,,,,,,,,,,,,,,,,,,,,,,,,,,,,,,,,,,,,,,,,,,,,,,,,,,,,,,,,,,,,,,,,,,,,,,,,,,,,,,,,,,,,,,,,,,,,,,,,,,,,,,,,,,,,,,
CON,2020,1.0,WAS,89,94,28.0,7.0,0.0,0.0,0.0,0.0,0.0,0.0,0.0,0.0,0.0,0.0,0.0,0.0,0.0,0.0,0.0,0.0,0.0,0.0,0.0,0.0,0.0,0.0,0.0,0.0,0.0,0.0,0.0,,,,,,,,,,,,,,,,,,,,,,,,,,,,,,,,,,,,,,,,,,,,,,,,,,,,,,,,,,,,,,,,,,,,,,,,,,,,,,,,,,,,,,,,,,,,,,,,,,,,,,,,,,,,,,,,,,,,,,,,,,,,,,,,,,,,,,,,,,,
CON,2020,0.0,LAS,76,81,30.0,7.0,0.0,0.0,0.0,0.0,0.0,0.0,0.0,0.0,0.0,0.0,0.0,0.0,0.0,0.0,0.0,0.0,0.0,0.0,0.0,0.0,0.0,0.0,0.0,0.0,0.0,0.0,0.0,,,,,,,,,,,,,,,,,,,,,,,,,,,,,,,,,,,,,,,,,,,,,,,,,,,,,,,,,,,,,,,,,,,,,,,,,,,,,,,,,,,,,,,,,,,,,,,,,,,,,,,,,,,,,,,,,,,,,,,,,,,,,,,,,,,,,,,,,,,
CON,2020,1.0,MIN,69,78,1.0,8.0,0.0,0.0,0.0,0.0,0.0,0.0,0.0,0.0,0.0,0.0,0.0,0.0,0.0,0.0,0.0,0.0,0.0,0.0,0.0,0.0,0.0,0.0,0.0,0.0,0.0,0.0,0.0,,,,,,,,,,,,,,,,,,,,,,,,,,,,,,,,,,,,,,,,,,,,,,,,,,,,,,,,,,,,,,,,,,,,,,,,,,,,,,,,,,,,,,,,,,,,,,,,,,,,,,,,,,,,,,,,,,,,,,,,,,,,,,,,,,,,,,,,,,,
CON,2020,0.0,SEA,74,87,4.0,8.0,0.0,0.0,0.0,0.0,0.0,0.0,0.0,0.0,0.0,0.0,0.0,0.0,0.0,0.0,0.0,0.0,0.0,0.0,0.0,0.0,0.0,0.0,0.0,0.0,0.0,0.0,0.0,,,,,,,,,,,,,,,,,,,,,,,,,,,,,,,,,,,,,,,,,,,,,,,,,,,,,,,,,,,,,,,,,,,,,,,,,,,,,,,,,,,,,,,,,,,,,,,,,,,,,,,,,,,,,,,,,,,,,,,,,,,,,,,,,,,,,,,,,,,
CON,2020,0.0,DAL,91,68,6.0,8.0,0.0,0.0,0.0,0.0,0.0,0.0,0.0,0.0,0.0,0.0,0.0,0.0,0.0,0.0,0.0,0.0,0.0,0.0,0.0,0.0,0.0,0.0,0.0,0.0,0.0,0.0,0.0,,,,,,,,,,,,,,,,,,,,,,,,,,,,,,,,,,,,,,,,,,,,,,,,,,,,,,,,,,,,,,,,,,,,,,,,,,,,,,,,,,,,,,,,,,,,,,,,,,,,,,,,,,,,,,,,,,,,,,,,,,,,,,,,,,,,,,,,,,,
CON,2020,1.0,CHI,93,100,8.0,8.0,0.0,0.0,0.0,0.0,0.0,0.0,0.0,0.0,0.0,0.0,0.0,0.0,0.0,0.0,0.0,0.0,0.0,0.0,0.0,0.0,0.0,0.0,0.0,0.0,0.0,0.0,0.0,,,,,,,,,,,,,,,,,,,,,,,,,,,,,,,,,,,,,,,,,,,,,,,,,,,,,,,,,,,,,,,,,,,,,,,,,,,,,,,,,,,,,,,,,,,,,,,,,,,,,,,,,,,,,,,,,,,,,,,,,,,,,,,,,,,,,,,,,,,
CON,2020,0.0,ATL,93,82,10.0,8.0,0.0,0.0,0.0,0.0,0.0,0.0,0.0,0.0,0.0,0.0,0.0,0.0,0.0,0.0,0.0,0.0,0.0,0.0,0.0,0.0,0.0,0.0,0.0,0.0,0.0,0.0,0.0,,,,,,,,,,,,,,,,,,,,,,,,,,,,,,,,,,,,,,,,,,,,,,,,,,,,,,,,,,,,,,,,,,,,,,,,,,,,,,,,,,,,,,,,,,,,,,,,,,,,,,,,,,,,,,,,,,,,,,,,,,,,,,,,,,,,,,,,,,,
CON,2020,1.0,DAL,70,66,12.0,8.0,0.0,0.0,0.0,0.0,0.0,0.0,0.0,0.0,0.0,0.0,0.0,0.0,0.0,0.0,0.0,0.0,0.0,0.0,0.0,0.0,0.0,0.0,0.0,0.0,0.0,0.0,0.0,,,,,,,,,,,,,,,,,,,,,,,,,,,,,,,,,,,,,,,,,,,,,,,,,,,,,,,,,,,,,,,,,,,,,,,,,,,,,,,,,,,,,,,,,,,,,,,,,,,,,,,,,,,,,,,,,,,,,,,,,,,,,,,,,,,,,,,,,,,
CON,2020,0.0,CHI,77,74,14.0,8.0,0.0,0.0,0.0,0.0,0.0,0.0,0.0,0.0,0.0,0.0,0.0,0.0,0.0,0.0,0.0,0.0,0.0,0.0,0.0,0.0,0.0,0.0,0.0,0.0,0.0,0.0,0.0,,,,,,,,,,,,,,,,,,,,,,,,,,,,,,,,,,,,,,,,,,,,,,,,,,,,,,,,,,,,,,,,,,,,,,,,,,,,,,,,,,,,,,,,,,,,,,,,,,,,,,,,,,,,,,,,,,,,,,,,,,,,,,,,,,,,,,,,,,,
CON,2020,1.0,SEA,72,95,16.0,8.0,0.0,0.0,0.0,0.0,0.0,0.0,0.0,0.0,0.0,0.0,0.0,0.0,0.0,0.0,0.0,0.0,0.0,0.0,0.0,0.0,0.0,0.0,0.0,0.0,0.0,0.0,0.0,,,,,,,,,,,,,,,,,,,,,,,,,,,,,,,,,,,,,,,,,,,,,,,,,,,,,,,,,,,,,,,,,,,,,,,,,,,,,,,,,,,,,,,,,,,,,,,,,,,,,,,,,,,,,,,,,,,,,,,,,,,,,,,,,,,,,,,,,,,
CON,2020,1.0,IND,84,62,18.0,8.0,0.0,0.0,0.0,0.0,0.0,0.0,0.0,0.0,0.0,0.0,0.0,0.0,0.0,0.0,0.0,0.0,0.0,0.0,0.0,0.0,0.0,0.0,0.0,0.0,0.0,0.0,0.0,,,,,,,,,,,,,,,,,,,,,,,,,,,,,,,,,,,,,,,,,,,,,,,,,,,,,,,,,,,,,,,,,,,,,,,,,,,,,,,,,,,,,,,,,,,,,,,,,,,,,,,,,,,,,,,,,,,,,,,,,,,,,,,,,,,,,,,,,,,
CON,2020,0.0,LVA,78,99,20.0,8.0,0.0,0.0,0.0,0.0,0.0,0.0,0.0,0.0,0.0,0.0,0.0,0.0,0.0,0.0,0.0,0.0,0.0,0.0,0.0,0.0,0.0,0.0,0.0,0.0,0.0,0.0,0.0,,,,,,,,,,,,,,,,,,,,,,,,,,,,,,,,,,,,,,,,,,,,,,,,,,,,,,,,,,,,,,,,,,,,,,,,,,,,,,,,,,,,,,,,,,,,,,,,,,,,,,,,,,,,,,,,,,,,,,,,,,,,,,,,,,,,,,,,,,,
CON,2020,1.0,NYL,82,65,22.0,8.0,0.0,0.0,0.0,0.0,0.0,0.0,0.0,0.0,0.0,0.0,0.0,0.0,0.0,0.0,0.0,0.0,0.0,0.0,0.0,0.0,0.0,0.0,0.0,0.0,0.0,0.0,0.0,,,,,,,,,,,,,,,,,,,,,,,,,,,,,,,,,,,,,,,,,,,,,,,,,,,,,,,,,,,,,,,,,,,,,,,,,,,,,,,,,,,,,,,,,,,,,,,,,,,,,,,,,,,,,,,,,,,,,,,,,,,,,,,,,,,,,,,,,,,
CON,2020,1.0,LAS,76,80,28.0,8.0,0.0,0.0,0.0,0.0,0.0,0.0,0.0,0.0,0.0,0.0,0.0,0.0,0.0,0.0,0.0,0.0,0.0,0.0,0.0,0.0,0.0,0.0,0.0,0.0,0.0,0.0,0.0,,,,,,,,,,,,,,,,,,,,,,,,,,,,,,,,,,,,,,,,,,,,,,,,,,,,,,,,,,,,,,,,,,,,,,,,,,,,,,,,,,,,,,,,,,,,,,,,,,,,,,,,,,,,,,,,,,,,,,,,,,,,,,,,,,,,,,,,,,,
CON,2020,0.0,WAS,76,63,30.0,8.0,0.0,0.0,0.0,0.0,0.0,0.0,0.0,0.0,0.0,0.0,0.0,0.0,0.0,0.0,0.0,0.0,0.0,0.0,0.0,0.0,0.0,0.0,0.0,0.0,0.0,0.0,0.0,,,,,,,,,,,,,,,,,,,,,,,,,,,,,,,,,,,,,,,,,,,,,,,,,,,,,,,,,,,,,,,,,,,,,,,,,,,,,,,,,,,,,,,,,,,,,,,,,,,,,,,,,,,,,,,,,,,,,,,,,,,,,,,,,,,,,,,,,,,
CON,2020,0.0,NYL,70,65,1.0,9.0,0.0,0.0,0.0,0.0,0.0,0.0,0.0,0.0,0.0,0.0,0.0,0.0,0.0,0.0,0.0,0.0,0.0,0.0,0.0,0.0,0.0,0.0,0.0,0.0,0.0,0.0,0.0,,,,,,,,,,,,,,,,,,,,,,,,,,,,,,,,,,,,,,,,,,,,,,,,,,,,,,,,,,,,,,,,,,,,,,,,,,,,,,,,,,,,,,,,,,,,,,,,,,,,,,,,,,,,,,,,,,,,,,,,,,,,,,,,,,,,,,,,,,,
CON,2020,1.0,LVA,78,93,3.0,9.0,0.0,0.0,0.0,0.0,0.0,0.0,0.0,0.0,0.0,0.0,0.0,0.0,0.0,0.0,0.0,0.0,0.0,0.0,0.0,0.0,0.0,0.0,0.0,0.0,0.0,0.0,0.0,,,,,,,,,,,,,,,,,,,,,,,,,,,,,,,,,,,,,,,,,,,,,,,,,,,,,,,,,,,,,,,,,,,,,,,,,,,,,,,,,,,,,,,,,,,,,,,,,,,,,,,,,,,,,,,,,,,,,,,,,,,,,,,,,,,,,,,,,,,
CON,2020,0.0,IND,96,77,5.0,9.0,0.0,0.0,0.0,0.0,0.0,0.0,0.0,0.0,0.0,0.0,0.0,0.0,0.0,0.0,0.0,0.0,0.0,0.0,0.0,0.0,0.0,0.0,0.0,0.0,0.0,0.0,0.0,,,,,,,,,,,,,,,,,,,,,,,,,,,,,,,,,,,,,,,,,,,,,,,,,,,,,,,,,,,,,,,,,,,,,,,,,,,,,,,,,,,,,,,,,,,,,,,,,,,,,,,,,,,,,,,,,,,,,,,,,,,,,,,,,,,,,,,,,,,
CON,2020,0.0,PHO,85,70,7.0,9.0,0.0,0.0,0.0,0.0,0.0,0.0,0.0,0.0,0.0,0.0,0.0,0.0,0.0,0.0,0.0,0.0,0.0,0.0,0.0,0.0,0.0,0.0,0.0,0.0,0.0,0.0,0.0,,,,,,,,,,,,,,,,,,,,,,,,,,,,,,,,,,,,,,,,,,,,,,,,,,,,,,,,,,,,,,,,,,,,,,,,,,,,,,,,,,,,,,,,,,,,,,,,,,,,,,,,,,,,,,,,,,,,,,,,,,,,,,,,,,,,,,,,,,,
CON,2020,1.0,PHO,95,100,9.0,9.0,0.0,0.0,0.0,0.0,0.0,0.0,0.0,0.0,0.0,0.0,0.0,0.0,0.0,0.0,0.0,0.0,0.0,0.0,0.0,0.0,0.0,0.0,0.0,0.0,0.0,0.0,0.0,,,,,,,,,,,,,,,,,,,,,,,,,,,,,,,,,,,,,,,,,,,,,,,,,,,,,,,,,,,,,,,,,,,,,,,,,,,,,,,,,,,,,,,,,,,,,,,,,,,,,,,,,,,,,,,,,,,,,,,,,,,,,,,,,,,,,,,,,,,
CON,2020,1.0,ATL,75,82,11.0,9.0,0.0,0.0,0.0,0.0,0.0,0.0,0.0,0.0,0.0,0.0,0.0,0.0,0.0,0.0,0.0,0.0,0.0,0.0,0.0,0.0,0.0,0.0,0.0,0.0,0.0,0.0,0.0,,,,,,,,,,,,,,,,,,,,,,,,,,,,,,,,,,,,,,,,,,,,,,,,,,,,,,,,,,,,,,,,,,,,,,,,,,,,,,,,,,,,,,,,,,,,,,,,,,,,,,,,,,,,,,,,,,,,,,,,,,,,,,,,,,,,,,,,,,,
DAL,2020,0.0,ATL,95,105,26.0,7.0,0.0,1.0,0.0,0.0,0.0,1.0,0.0,0.0,0.0,0.0,1.0,1.0,0.0,0.0,1.0,0.0,1.0,0.0,0.0,0.0,0.0,0.0,0.0,0.0,0.0,0.0,0.0,,,,,,,,,,,,,,,,,,,,,,,,,,,,,,,,,,,,,,,,,,,,,,,,,,,,,,,,,,,,,,,,,,,,,,,,,,,,,,,,,,,,,,,,,,,,,,,,,,,,,,,,,,,,,,,,,,,,,,,,,,,,,,,,,,,,,,,,,,,
DAL,2020,1.0,NYL,93,80,29.0,7.0,0.0,1.0,0.0,0.0,0.0,1.0,0.0,0.0,0.0,0.0,1.0,1.0,0.0,0.0,1.0,0.0,1.0,0.0,0.0,0.0,0.0,0.0,0.0,0.0,0.0,0.0,0.0,,,,,,,,,,,,,,,,,,,,,,,,,,,,,,,,,,,,,,,,,,,,,,,,,,,,,,,,,,,,,,,,,,,,,,,,,,,,,,,,,,,,,,,,,,,,,,,,,,,,,,,,,,,,,,,,,,,,,,,,,,,,,,,,,,,,,,,,,,,
DAL,2020,1.0,IND,76,73,31.0,7.0,0.0,1.0,0.0,0.0,0.0,1.0,0.0,0.0,0.0,0.0,1.0,1.0,0.0,0.0,1.0,0.0,1.0,0.0,0.0,0.0,0.0,0.0,0.0,0.0,0.0,0.0,0.0,,,,,,,,,,,,,,,,,,,,,,,,,,,,,,,,,,,,,,,,,,,,,,,,,,,,,,,,,,,,,,,,,,,,,,,,,,,,,,,,,,,,,,,,,,,,,,,,,,,,,,,,,,,,,,,,,,,,,,,,,,,,,,,,,,,,,,,,,,,
DAL,2020,0.0,LVA,70,79,2.0,8.0,0.0,1.0,0.0,0.0,0.0,1.0,0.0,0.0,0.0,0.0,1.0,1.0,0.0,0.0,1.0,0.0,1.0,0.0,0.0,0.0,0.0,0.0,0.0,0.0,0.0,0.0,0.0,,,,,,,,,,,,,,,,,,,,,,,,,,,,,,,,,,,,,,,,,,,,,,,,,,,,,,,,,,,,,,,,,,,,,,,,,,,,,,,,,,,,,,,,,,,,,,,,,,,,,,,,,,,,,,,,,,,,,,,,,,,,,,,,,,,,,,,,,,,
DAL,2020,0.0,CHI,79,82,4.0,8.0,0.0,1.0,0.0,0.0,0.0,1.0,0.0,0.0,0.0,0.0,1.0,1.0,0.0,0.0,1.0,0.0,1.0,0.0,0.0,0.0,0.0,0.0,0.0,0.0,0.0,0.0,0.0,,,,,,,,,,,,,,,,,,,,,,,,,,,,,,,,,,,,,,,,,,,,,,,,,,,,,,,,,,,,,,,,,,,,,,,,,,,,,,,,,,,,,,,,,,,,,,,,,,,,,,,,,,,,,,,,,,,,,,,,,,,,,,,,,,,,,,,,,,,
DAL,2020,1.0,CON,68,91,6.0,8.0,0.0,1.0,0.0,0.0,0.0,1.0,0.0,0.0,0.0,0.0,1.0,1.0,0.0,0.0,1.0,0.0,1.0,0.0,0.0,0.0,0.0,0.0,0.0,0.0,0.0,0.0,0.0,,,,,,,,,,,,,,,,,,,,,,,,,,,,,,,,,,,,,,,,,,,,,,,,,,,,,,,,,,,,,,,,,,,,,,,,,,,,,,,,,,,,,,,,,,,,,,,,,,,,,,,,,,,,,,,,,,,,,,,,,,,,,,,,,,,,,,,,,,,
DAL,2020,1.0,ATL,85,75,8.0,8.0,0.0,1.0,0.0,0.0,0.0,1.0,0.0,0.0,0.0,0.0,1.0,1.0,0.0,0.0,0.0,0.0,1.0,0.0,0.0,0.0,0.0,0.0,0.0,0.0,0.0,0.0,0.0,,,,,,,,,,,,,,,,,,,,,,,,,,,,,,,,,,,,,,,,,,,,,,,,,,,,,,,,,,,,,,,,,,,,,,,,,,,,,,,,,,,,,,,,,,,,,,,,,,,,,,,,,,,,,,,,,,,,,,,,,,,,,,,,,,,,,,,,,,,
DAL,2020,1.0,PHO,79,91,10.0,8.0,0.0,1.0,0.0,0.0,0.0,1.0,0.0,0.0,0.0,0.0,1.0,1.0,0.0,0.0,1.0,0.0,1.0,0.0,0.0,0.0,0.0,0.0,0.0,0.0,0.0,0.0,0.0,,,,,,,,,,,,,,,,,,,,,,,,,,,,,,,,,,,,,,,,,,,,,,,,,,,,,,,,,,,,,,,,,,,,,,,,,,,,,,,,,,,,,,,,,,,,,,,,,,,,,,,,,,,,,,,,,,,,,,,,,,,,,,,,,,,,,,,,,,,
DAL,2020,0.0,CON,66,70,12.0,8.0,0.0,1.0,0.0,0.0,0.0,1.0,0.0,0.0,0.0,0.0,1.0,1.0,0.0,0.0,1.0,0.0,1.0,0.0,0.0,0.0,0.0,0.0,0.0,0.0,0.0,0.0,0.0,,,,,,,,,,,,,,,,,,,,,,,,,,,,,,,,,,,,,,,,,,,,,,,,,,,,,,,,,,,,,,,,,,,,,,,,,,,,,,,,,,,,,,,,,,,,,,,,,,,,,,,,,,,,,,,,,,,,,,,,,,,,,,,,,,,,,,,,,,,
DAL,2020,1.0,SEA,65,83,14.0,8.0,0.0,0.0,0.0,0.0,0.0,0.0,0.0,0.0,0.0,0.0,0.0,0.0,0.0,0.0,1.0,0.0,0.0,0.0,0.0,0.0,0.0,0.0,0.0,0.0,0.0,0.0,0.0,,,,,,,,,,,,,,,,,,,,,,,,,,,,,,,,,,,,,,,,,,,,,,,,,,,,,,,,,,,,,,,,,,,,,,,,,,,,,,,,,,,,,,,,,,,,,,,,,,,,,,,,,,,,,,,,,,,,,,,,,,,,,,,,,,,,,,,,,,,
DAL,2020,0.0,PHO,95,89,16.0,8.0,0.0,0.0,0.0,0.0,0.0,0.0,0.0,0.0,0.0,0.0,0.0,0.0,0.0,0.0,1.0,0.0,0.0,0.0,0.0,0.0,0.0,0.0,0.0,0.0,0.0,0.0,0.0,,,,,,,,,,,,,,,,,,,,,,,,,,,,,,,,,,,,,,,,,,,,,,,,,,,,,,,,,,,,,,,,,,,,,,,,,,,,,,,,,,,,,,,,,,,,,,,,,,,,,,,,,,,,,,,,,,,,,,,,,,,,,,,,,,,,,,,,,,,
DAL,2020,0.0,MIN,84,91,19.0,8.0,0.0,0.0,0.0,0.0,0.0,0.0,0.0,0.0,0.0,0.0,0.0,0.0,0.0,0.0,1.0,0.0,0.0,0.0,0.0,0.0,0.0,0.0,0.0,0.0,0.0,0.0,0.0,,,,,,,,,,,,,,,,,,,,,,,,,,,,,,,,,,,,,,,,,,,,,,,,,,,,,,,,,,,,,,,,,,,,,,,,,,,,,,,,,,,,,,,,,,,,,,,,,,,,,,,,,,,,,,,,,,,,,,,,,,,,,,,,,,,,,,,,,,,
DAL,2020,1.0,WAS,101,92,21.0,8.0,0.0,0.0,0.0,0.0,0.0,0.0,0.0,0.0,0.0,0.0,0.0,0.0,0.0,0.0,1.0,0.0,0.0,0.0,0.0,0.0,0.0,0.0,0.0,0.0,0.0,0.0,0.0,,,,,,,,,,,,,,,,,,,,,,,,,,,,,,,,,,,,,,,,,,,,,,,,,,,,,,,,,,,,,,,,,,,,,,,,,,,,,,,,,,,,,,,,,,,,,,,,,,,,,,,,,,,,,,,,,,,,,,,,,,,,,,,,,,,,,,,,,,,
DAL,2020,0.0,LAS,81,84,23.0,8.0,0.0,1.0,0.0,0.0,0.0,1.0,0.0,0.0,0.0,0.0,1.0,1.0,0.0,0.0,1.0,0.0,1.0,0.0,0.0,0.0,0.0,0.0,0.0,0.0,0.0,0.0,0.0,,,,,,,,,,,,,,,,,,,,,,,,,,,,,,,,,,,,,,,,,,,,,,,,,,,,,,,,,,,,,,,,,,,,,,,,,,,,,,,,,,,,,,,,,,,,,,,,,,,,,,,,,,,,,,,,,,,,,,,,,,,,,,,,,,,,,,,,,,,
DAL,2020,1.0,LVA,92,96,25.0,8.0,0.0,1.0,0.0,0.0,0.0,1.0,0.0,0.0,0.0,0.0,1.0,1.0,0.0,0.0,1.0,0.0,1.0,0.0,0.0,0.0,0.0,0.0,0.0,0.0,0.0,0.0,0.0,,,,,,,,,,,,,,,,,,,,,,,,,,,,,,,,,,,,,,,,,,,,,,,,,,,,,,,,,,,,,,,,,,,,,,,,,,,,,,,,,,,,,,,,,,,,,,,,,,,,,,,,,,,,,,,,,,,,,,,,,,,,,,,,,,,,,,,,,,,
DAL,2020,0.0,IND,82,78,29.0,8.0,0.0,1.0,0.0,0.0,0.0,1.0,0.0,0.0,0.0,0.0,1.0,1.0,0.0,0.0,1.0,0.0,1.0,0.0,0.0,0.0,0.0,0.0,0.0,0.0,0.0,0.0,0.0,,,,,,,,,,,,,,,,,,,,,,,,,,,,,,,,,,,,,,,,,,,,,,,,,,,,,,,,,,,,,,,,,,,,,,,,,,,,,,,,,,,,,,,,,,,,,,,,,,,,,,,,,,,,,,,,,,,,,,,,,,,,,,,,,,,,,,,,,,,
DAL,2020,1.0,LAS,83,91,2.0,9.0,0.0,1.0,0.0,0.0,0.0,1.0,0.0,0.0,0.0,0.0,1.0,1.0,0.0,0.0,1.0,0.0,1.0,0.0,0.0,0.0,0.0,0.0,0.0,0.0,0.0,0.0,0.0,,,,,,,,,,,,,,,,,,,,,,,,,,,,,,,,,,,,,,,,,,,,,,,,,,,,,,,,,,,,,,,,,,,,,,,,,,,,,,,,,,,,,,,,,,,,,,,,,,,,,,,,,,,,,,,,,,,,,,,,,,,,,,,,,,,,,,,,,,,
DAL,2020,1.0,MIN,75,88,4.0,9.0,0.0,1.0,0.0,0.0,0.0,1.0,0.0,0.0,0.0,0.0,1.0,1.0,0.0,0.0,1.0,0.0,1.0,0.0,0.0,0.0,0.0,0.0,0.0,0.0,0.0,0.0,0.0,,,,,,,,,,,,,,,,,,,,,,,,,,,,,,,,,,,,,,,,,,,,,,,,,,,,,,,,,,,,,,,,,,,,,,,,,,,,,,,,,,,,,,,,,,,,,,,,,,,,,,,,,,,,,,,,,,,,,,,,,,,,,,,,,,,,,,,,,,,
DAL,2020,0.0,WAS,101,94,6.0,9.0,0.0,1.0,0.0,0.0,0.0,1.0,0.0,0.0,0.0,0.0,1.0,1.0,0.0,0.0,1.0,0.0,1.0,0.0,0.0,0.0,0.0,0.0,0.0,0.0,0.0,0.0,0.0,,,,,,,,,,,,,,,,,,,,,,,,,,,,,,,,,,,,,,,,,,,,,,,,,,,,,,,,,,,,,,,,,,,,,,,,,,,,,,,,,,,,,,,,,,,,,,,,,,,,,,,,,,,,,,,,,,,,,,,,,,,,,,,,,,,,,,,,,,,
DAL,2020,0.0,SEA,95,107,9.0,9.0,0.0,1.0,0.0,0.0,0.0,1.0,0.0,0.0,0.0,0.0,1.0,1.0,0.0,0.0,1.0,0.0,1.0,0.0,0.0,0.0,0.0,0.0,0.0,0.0,0.0,0.0,0.0,,,,,,,,,,,,,,,,,,,,,,,,,,,,,,,,,,,,,,,,,,,,,,,,,,,,,,,,,,,,,,,,,,,,,,,,,,,,,,,,,,,,,,,,,,,,,,,,,,,,,,,,,,,,,,,,,,,,,,,,,,,,,,,,,,,,,,,,,,,
DAL,2020,1.0,CHI,88,95,11.0,9.0,0.0,0.0,0.0,0.0,0.0,0.0,0.0,0.0,0.0,0.0,0.0,0.0,0.0,0.0,1.0,0.0,0.0,0.0,0.0,0.0,0.0,0.0,0.0,0.0,0.0,0.0,0.0,,,,,,,,,,,,,,,,,,,,,,,,,,,,,,,,,,,,,,,,,,,,,,,,,,,,,,,,,,,,,,,,,,,,,,,,,,,,,,,,,,,,,,,,,,,,,,,,,,,,,,,,,,,,,,,,,,,,,,,,,,,,,,,,,,,,,,,,,,,
DAL,2020,0.0,NYL,82,79,13.0,9.0,0.0,0.0,0.0,0.0,0.0,0.0,0.0,0.0,0.0,0.0,0.0,0.0,0.0,0.0,1.0,0.0,0.0,0.0,0.0,0.0,0.0,0.0,0.0,0.0,0.0,0.0,0.0,,,,,,,,,,,,,,,,,,,,,,,,,,,,,,,,,,,,,,,,,,,,,,,,,,,,,,,,,,,,,,,,,,,,,,,,,,,,,,,,,,,,,,,,,,,,,,,,,,,,,,,,,,,,,,,,,,,,,,,,,,,,,,,,,,,,,,,,,,,
IND,2020,0.0,WAS,76,101,25.0,7.0,0.0,0.0,0.0,0.0,0.0,0.0,0.0,0.0,0.0,0.0,0.0,0.0,0.0,0.0,0.0,0.0,0.0,0.0,0.0,0.0,0.0,0.0,0.0,0.0,0.0,0.0,0.0,,,,,,,,,,,,,,,,,,,,,,,,,,,,,,,,,,,,,,,,,,,,,,,,,,,,,,,,,,,,,,,,,,,,,,,,,,,,,,,,,,,,,,,,,,,,,,,,,,,,,,,,,,,,,,,,,,,,,,,,,,,,,,,,,,,,,,,,,,,
IND,2020,1.0,PHO,106,100,29.0,7.0,0.0,0.0,0.0,0.0,0.0,0.0,0.0,0.0,0.0,0.0,0.0,0.0,0.0,0.0,0.0,0.0,0.0,0.0,0.0,0.0,0.0,0.0,0.0,0.0,0.0,0.0,0.0,,,,,,,,,,,,,,,,,,,,,,,,,,,,,,,,,,,,,,,,,,,,,,,,,,,,,,,,,,,,,,,,,,,,,,,,,,,,,,,,,,,,,,,,,,,,,,,,,,,,,,,,,,,,,,,,,,,,,,,,,,,,,,,,,,,,,,,,,,,
IND,2020,0.0,DAL,73,76,31.0,7.0,0.0,0.0,0.0,0.0,0.0,0.0,0.0,0.0,0.0,0.0,0.0,0.0,0.0,0.0,0.0,0.0,0.0,0.0,0.0,0.0,0.0,0.0,0.0,0.0,0.0,0.0,0.0,,,,,,,,,,,,,,,,,,,,,,,,,,,,,,,,,,,,,,,,,,,,,,,,,,,,,,,,,,,,,,,,,,,,,,,,,,,,,,,,,,,,,,,,,,,,,,,,,,,,,,,,,,,,,,,,,,,,,,,,,,,,,,,,,,,,,,,,,,,
IND,2020,1.0,ATL,93,77,2.0,8.0,0.0,0.0,0.0,0.0,0.0,0.0,0.0,0.0,0.0,0.0,0.0,0.0,0.0,0.0,0.0,0.0,0.0,0.0,0.0,0.0,0.0,0.0,0.0,0.0,0.0,0.0,0.0,,,,,,,,,,,,,,,,,,,,,,,,,,,,,,,,,,,,,,,,,,,,,,,,,,,,,,,,,,,,,,,,,,,,,,,,,,,,,,,,,,,,,,,,,,,,,,,,,,,,,,,,,,,,,,,,,,,,,,,,,,,,,,,,,,,,,,,,,,,
IND,2020,0.0,LAS,75,86,5.0,8.0,0.0,0.0,0.0,0.0,0.0,0.0,0.0,0.0,0.0,0.0,0.0,0.0,0.0,0.0,0.0,0.0,0.0,0.0,0.0,0.0,0.0,0.0,0.0,0.0,0.0,0.0,0.0,,,,,,,,,,,,,,,,,,,,,,,,,,,,,,,,,,,,,,,,,,,,,,,,,,,,,,,,,,,,,,,,,,,,,,,,,,,,,,,,,,,,,,,,,,,,,,,,,,,,,,,,,,,,,,,,,,,,,,,,,,,,,,,,,,,,,,,,,,,
IND,2020,0.0,MIN,80,87,7.0,8.0,0.0,0.0,0.0,0.0,0.0,0.0,0.0,0.0,0.0,0.0,0.0,0.0,0.0,0.0,0.0,0.0,0.0,0.0,0.0,0.0,0.0,0.0,0.0,0.0,0.0,0.0,0.0,,,,,,,,,,,,,,,,,,,,,,,,,,,,,,,,,,,,,,,,,,,,,,,,,,,,,,,,,,,,,,,,,,,,,,,,,,,,,,,,,,,,,,,,,,,,,,,,,,,,,,,,,,,,,,,,,,,,,,,,,,,,,,,,,,,,,,,,,,,
IND,2020,1.0,WAS,91,84,9.0,8.0,0.0,0.0,0.0,0.0,0.0,0.0,0.0,0.0,0.0,0.0,0.0,0.0,0.0,0.0,0.0,0.0,0.0,0.0,0.0,0.0,0.0,0.0,0.0,0.0,0.0,0.0,0.0,,,,,,,,,,,,,,,,,,,,,,,,,,,,,,,,,,,,,,,,,,,,,,,,,,,,,,,,,,,,,,,,,,,,,,,,,,,,,,,,,,,,,,,,,,,,,,,,,,,,,,,,,,,,,,,,,,,,,,,,,,,,,,,,,,,,,,,,,,,
IND,2020,1.0,LVA,79,98,11.0,8.0,0.0,0.0,0.0,0.0,0.0,0.0,0.0,0.0,0.0,0.0,0.0,0.0,0.0,0.0,0.0,0.0,0.0,0.0,0.0,0.0,0.0,0.0,0.0,0.0,0.0,0.0,0.0,,,,,,,,,,,,,,,,,,,,,,,,,,,,,,,,,,,,,,,,,,,,,,,,,,,,,,,,,,,,,,,,,,,,,,,,,,,,,,,,,,,,,,,,,,,,,,,,,,,,,,,,,,,,,,,,,,,,,,,,,,,,,,,,,,,,,,,,,,,
IND,2020,0.0,NYL,86,79,13.0,8.0,0.0,0.0,0.0,0.0,0.0,0.0,0.0,0.0,0.0,0.0,0.0,0.0,0.0,0.0,0.0,0.0,0.0,0.0,0.0,0.0,0.0,0.0,0.0,0.0,0.0,0.0,0.0,,,,,,,,,,,,,,,,,,,,,,,,,,,,,,,,,,,,,,,,,,,,,,,,,,,,,,,,,,,,,,,,,,,,,,,,,,,,,,,,,,,,,,,,,,,,,,,,,,,,,,,,,,,,,,,,,,,,,,,,,,,,,,,,,,,,,,,,,,,
IND,2020,1.0,LAS,76,90,15.0,8.0,0.0,0.0,0.0,0.0,0.0,0.0,0.0,0.0,0.0,0.0,0.0,0.0,0.0,0.0,0.0,0.0,0.0,0.0,0.0,0.0,0.0,0.0,0.0,0.0,0.0,0.0,0.0,,,,,,,,,,,,,,,,,,,,,,,,,,,,,,,,,,,,,,,,,,,,,,,,,,,,,,,,,,,,,,,,,,,,,,,,,,,,,,,,,,,,,,,,,,,,,,,,,,,,,,,,,,,,,,,,,,,,,,,,,,,,,,,,,,,,,,,,,,,
IND,2020,0.0,CON,62,84,18.0,8.0,0.0,0.0,0.0,0.0,0.0,0.0,0.0,0.0,0.0,0.0,0.0,0.0,0.0,0.0,0.0,0.0,0.0,0.0,0.0,0.0,0.0,0.0,0.0,0.0,0.0,0.0,0.0,,,,,,,,,,,,,,,,,,,,,,,,,,,,,,,,,,,,,,,,,,,,,,,,,,,,,,,,,,,,,,,,,,,,,,,,,,,,,,,,,,,,,,,,,,,,,,,,,,,,,,,,,,,,,,,,,,,,,,,,,,,,,,,,,,,,,,,,,,,
IND,2020,1.0,SEA,90,84,20.0,8.0,0.0,0.0,0.0,0.0,0.0,0.0,0.0,0.0,0.0,0.0,0.0,0.0,0.0,0.0,0.0,0.0,0.0,0.0,0.0,0.0,0.0,0.0,0.0,0.0,0.0,0.0,0.0,,,,,,,,,,,,,,,,,,,,,,,,,,,,,,,,,,,,,,,,,,,,,,,,,,,,,,,,,,,,,,,,,,,,,,,,,,,,,,,,,,,,,,,,,,,,,,,,,,,,,,,,,,,,,,,,,,,,,,,,,,,,,,,,,,,,,,,,,,,
IND,2020,0.0,CHI,76,87,22.0,8.0,0.0,0.0,0.0,0.0,0.0,0.0,0.0,0.0,0.0,0.0,0.0,0.0,0.0,0.0,0.0,0.0,0.0,0.0,0.0,0.0,0.0,0.0,0.0,0.0,0.0,0.0,0.0,,,,,,,,,,,,,,,,,,,,,,,,,,,,,,,,,,,,,,,,,,,,,,,,,,,,,,,,,,,,,,,,,,,,,,,,,,,,,,,,,,,,,,,,,,,,,,,,,,,,,,,,,,,,,,,,,,,,,,,,,,,,,,,,,,,,,,,,,,,
IND,2020,0.0,SEA,74,87,25.0,8.0,0.0,0.0,0.0,0.0,0.0,0.0,0.0,0.0,0.0,0.0,0.0,0.0,0.0,0.0,0.0,0.0,0.0,0.0,0.0,0.0,0.0,0.0,0.0,0.0,0.0,0.0,0.0,,,,,,,,,,,,,,,,,,,,,,,,,,,,,,,,,,,,,,,,,,,,,,,,,,,,,,,,,,,,,,,,,,,,,,,,,,,,,,,,,,,,,,,,,,,,,,,,,,,,,,,,,,,,,,,,,,,,,,,,,,,,,,,,,,,,,,,,,,,
IND,2020,1.0,DAL,78,82,29.0,8.0,0.0,0.0,0.0,0.0,0.0,0.0,0.0,0.0,0.0,0.0,0.0,0.0,0.0,0.0,0.0,0.0,0.0,0.0,0.0,0.0,0.0,0.0,0.0,0.0,0.0,0.0,0.0,,,,,,,,,,,,,,,,,,,,,,,,,,,,,,,,,,,,,,,,,,,,,,,,,,,,,,,,,,,,,,,,,,,,,,,,,,,,,,,,,,,,,,,,,,,,,,,,,,,,,,,,,,,,,,,,,,,,,,,,,,,,,,,,,,,,,,,,,,,
IND,2020,1.0,CHI,77,100,31.0,8.0,0.0,0.0,0.0,0.0,0.0,0.0,0.0,0.0,0.0,0.0,0.0,0.0,0.0,0.0,0.0,0.0,0.0,0.0,0.0,0.0,0.0,0.0,0.0,0.0,0.0,0.0,0.0,,,,,,,,,,,,,,,,,,,,,,,,,,,,,,,,,,,,,,,,,,,,,,,,,,,,,,,,,,,,,,,,,,,,,,,,,,,,,,,,,,,,,,,,,,,,,,,,,,,,,,,,,,,,,,,,,,,,,,,,,,,,,,,,,,,,,,,,,,,
IND,2020,0.0,ATL,90,102,1.0,9.0,0.0,0.0,0.0,0.0,0.0,0.0,0.0,0.0,0.0,0.0,0.0,0.0,0.0,0.0,0.0,0.0,0.0,0.0,0.0,0.0,0.0,0.0,0.0,0.0,0.0,0.0,0.0,,,,,,,,,,,,,,,,,,,,,,,,,,,,,,,,,,,,,,,,,,,,,,,,,,,,,,,,,,,,,,,,,,,,,,,,,,,,,,,,,,,,,,,,,,,,,,,,,,,,,,,,,,,,,,,,,,,,,,,,,,,,,,,,,,,,,,,,,,,
IND,2020,0.0,PHO,81,105,3.0,9.0,0.0,0.0,0.0,0.0,0.0,0.0,0.0,0.0,0.0,0.0,0.0,0.0,0.0,0.0,0.0,0.0,0.0,0.0,0.0,0.0,0.0,0.0,0.0,0.0,0.0,0.0,0.0,,,,,,,,,,,,,,,,,,,,,,,,,,,,,,,,,,,,,,,,,,,,,,,,,,,,,,,,,,,,,,,,,,,,,,,,,,,,,,,,,,,,,,,,,,,,,,,,,,,,,,,,,,,,,,,,,,,,,,,,,,,,,,,,,,,,,,,,,,,
IND,2020,1.0,CON,77,96,5.0,9.0,0.0,0.0,0.0,0.0,0.0,0.0,0.0,0.0,0.0,0.0,0.0,0.0,0.0,0.0,0.0,0.0,0.0,0.0,0.0,0.0,0.0,0.0,0.0,0.0,0.0,0.0,0.0,,,,,,,,,,,,,,,,,,,,,,,,,,,,,,,,,,,,,,,,,,,,,,,,,,,,,,,,,,,,,,,,,,,,,,,,,,,,,,,,,,,,,,,,,,,,,,,,,,,,,,,,,,,,,,,,,,,,,,,,,,,,,,,,,,,,,,,,,,,
IND,2020,0.0,LVA,86,92,8.0,9.0,0.0,0.0,0.0,0.0,0.0,0.0,0.0,0.0,0.0,0.0,0.0,0.0,0.0,0.0,0.0,0.0,0.0,0.0,0.0,0.0,0.0,0.0,0.0,0.0,0.0,0.0,0.0,,,,,,,,,,,,,,,,,,,,,,,,,,,,,,,,,,,,,,,,,,,,,,,,,,,,,,,,,,,,,,,,,,,,,,,,,,,,,,,,,,,,,,,,,,,,,,,,,,,,,,,,,,,,,,,,,,,,,,,,,,,,,,,,,,,,,,,,,,,
IND,2020,1.0,NYL,85,75,10.0,9.0,0.0,0.0,0.0,0.0,0.0,0.0,0.0,0.0,0.0,0.0,0.0,0.0,0.0,0.0,0.0,0.0,0.0,0.0,0.0,0.0,0.0,0.0,0.0,0.0,0.0,0.0,0.0,,,,,,,,,,,,,,,,,,,,,,,,,,,,,,,,,,,,,,,,,,,,,,,,,,,,,,,,,,,,,,,,,,,,,,,,,,,,,,,,,,,,,,,,,,,,,,,,,,,,,,,,,,,,,,,,,,,,,,,,,,,,,,,,,,,,,,,,,,,
IND,2020,1.0,MIN,86,98,12.0,9.0,0.0,0.0,0.0,0.0,0.0,0.0,0.0,0.0,0.0,0.0,0.0,0.0,0.0,0.0,0.0,0.0,0.0,0.0,0.0,0.0,0.0,0.0,0.0,0.0,0.0,0.0,0.0,,,,,,,,,,,,,,,,,,,,,,,,,,,,,,,,,,,,,,,,,,,,,,,,,,,,,,,,,,,,,,,,,,,,,,,,,,,,,,,,,,,,,,,,,,,,,,,,,,,,,,,,,,,,,,,,,,,,,,,,,,,,,,,,,,,,,,,,,,,
LAS,2020,0.0,PHO,99,76,25.0,7.0,0.0,0.0,0.0,0.0,0.0,0.0,0.0,0.0,0.0,0.0,0.0,0.0,0.0,0.0,0.0,0.0,0.0,0.0,0.0,0.0,0.0,0.0,0.0,0.0,0.0,0.0,0.0,,,,,,,,,,,,,,,,,,,,,,,,,,,,,,,,,,,,,,,,,,,,,,,,,,,,,,,,,,,,,,,,,,,,,,,,,,,,,,,,,,,,,,,,,,,,,,,,,,,,,,,,,,,,,,,,,,,,,,,,,,,,,,,,,,,,,,,,,,,
LAS,2020,0.0,CHI,78,96,28.0,7.0,0.0,0.0,0.0,0.0,0.0,0.0,0.0,0.0,0.0,0.0,0.0,0.0,0.0,0.0,0.0,0.0,0.0,0.0,0.0,0.0,0.0,0.0,0.0,0.0,0.0,0.0,0.0,,,,,,,,,,,,,,,,,,,,,,,,,,,,,,,,,,,,,,,,,,,,,,,,,,,,,,,,,,,,,,,,,,,,,,,,,,,,,,,,,,,,,,,,,,,,,,,,,,,,,,,,,,,,,,,,,,,,,,,,,,,,,,,,,,,,,,,,,,,
LAS,2020,1.0,CON,81,76,30.0,7.0,0.0,0.0,0.0,0.0,0.0,0.0,0.0,0.0,0.0,0.0,0.0,0.0,0.0,0.0,0.0,0.0,0.0,0.0,0.0,0.0,0.0,0.0,0.0,0.0,0.0,0.0,0.0,,,,,,,,,,,,,,,,,,,,,,,,,,,,,,,,,,,,,,,,,,,,,,,,,,,,,,,,,,,,,,,,,,,,,,,,,,,,,,,,,,,,,,,,,,,,,,,,,,,,,,,,,,,,,,,,,,,,,,,,,,,,,,,,,,,,,,,,,,,
LAS,2020,0.0,SEA,75,81,1.0,8.0,0.0,0.0,0.0,0.0,0.0,0.0,0.0,0.0,0.0,0.0,0.0,0.0,0.0,0.0,0.0,0.0,0.0,0.0,0.0,0.0,0.0,0.0,0.0,0.0,0.0,0.0,0.0,,,,,,,,,,,,,,,,,,,,,,,,,,,,,,,,,,,,,,,,,,,,,,,,,,,,,,,,,,,,,,,,,,,,,,,,,,,,,,,,,,,,,,,,,,,,,,,,,,,,,,,,,,,,,,,,,,,,,,,,,,,,,,,,,,,,,,,,,,,
LAS,2020,1.0,IND,86,75,5.0,8.0,0.0,0.0,0.0,0.0,0.0,0.0,0.0,0.0,0.0,0.0,0.0,0.0,0.0,0.0,0.0,0.0,0.0,0.0,0.0,0.0,0.0,0.0,0.0,0.0,0.0,0.0,0.0,,,,,,,,,,,,,,,,,,,,,,,,,,,,,,,,,,,,,,,,,,,,,,,,,,,,,,,,,,,,,,,,,,,,,,,,,,,,,,,,,,,,,,,,,,,,,,,,,,,,,,,,,,,,,,,,,,,,,,,,,,,,,,,,,,,,,,,,,,,
LAS,2020,0.0,LVA,82,86,7.0,8.0,0.0,0.0,0.0,0.0,0.0,0.0,0.0,0.0,0.0,0.0,0.0,0.0,0.0,0.0,0.0,0.0,0.0,0.0,0.0,0.0,0.0,0.0,0.0,0.0,0.0,0.0,0.0,,,,,,,,,,,,,,,,,,,,,,,,,,,,,,,,,,,,,,,,,,,,,,,,,,,,,,,,,,,,,,,,,,,,,,,,,,,,,,,,,,,,,,,,,,,,,,,,,,,,,,,,,,,,,,,,,,,,,,,,,,,,,,,,,,,,,,,,,,,
LAS,2020,1.0,MIN,97,81,9.0,8.0,0.0,0.0,0.0,0.0,0.0,0.0,0.0,0.0,0.0,0.0,0.0,0.0,0.0,0.0,0.0,0.0,0.0,0.0,0.0,0.0,0.0,0.0,0.0,0.0,0.0,0.0,0.0,,,,,,,,,,,,,,,,,,,,,,,,,,,,,,,,,,,,,,,,,,,,,,,,,,,,,,,,,,,,,,,,,,,,,,,,,,,,,,,,,,,,,,,,,,,,,,,,,,,,,,,,,,,,,,,,,,,,,,,,,,,,,,,,,,,,,,,,,,,
LAS,2020,1.0,NYL,93,78,11.0,8.0,0.0,0.0,0.0,0.0,0.0,0.0,0.0,0.0,0.0,0.0,0.0,0.0,0.0,0.0,0.0,0.0,0.0,0.0,0.0,0.0,0.0,0.0,0.0,0.0,0.0,0.0,0.0,,,,,,,,,,,,,,,,,,,,,,,,,,,,,,,,,,,,,,,,,,,,,,,,,,,,,,,,,,,,,,,,,,,,,,,,,,,,,,,,,,,,,,,,,,,,,,,,,,,,,,,,,,,,,,,,,,,,,,,,,,,,,,,,,,,,,,,,,,,
LAS,2020,0.0,WAS,81,64,13.0,8.0,0.0,0.0,0.0,0.0,0.0,0.0,0.0,0.0,0.0,0.0,0.0,0.0,0.0,0.0,0.0,0.0,0.0,0.0,0.0,0.0,0.0,0.0,0.0,0.0,0.0,0.0,0.0,,,,,,,,,,,,,,,,,,,,,,,,,,,,,,,,,,,,,,,,,,,,,,,,,,,,,,,,,,,,,,,,,,,,,,,,,,,,,,,,,,,,,,,,,,,,,,,,,,,,,,,,,,,,,,,,,,,,,,,,,,,,,,,,,,,,,,,,,,,
LAS,2020,0.0,IND,90,76,15.0,8.0,0.0,0.0,0.0,0.0,0.0,0.0,0.0,0.0,0.0,0.0,0.0,0.0,0.0,0.0,0.0,0.0,0.0,0.0,0.0,0.0,0.0,0.0,0.0,0.0,0.0,0.0,0.0,,,,,,,,,,,,,,,,,,,,,,,,,,,,,,,,,,,,,,,,,,,,,,,,,,,,,,,,,,,,,,,,,,,,,,,,,,,,,,,,,,,,,,,,,,,,,,,,,,,,,,,,,,,,,,,,,,,,,,,,,,,,,,,,,,,,,,,,,,,
LAS,2020,1.0,PHO,83,74,19.0,8.0,0.0,0.0,0.0,0.0,0.0,0.0,0.0,0.0,0.0,0.0,0.0,0.0,0.0,0.0,0.0,0.0,0.0,0.0,0.0,0.0,0.0,0.0,0.0,0.0,0.0,0.0,0.0,,,,,,,,,,,,,,,,,,,,,,,,,,,,,,,,,,,,,,,,,,,,,,,,,,,,,,,,,,,,,,,,,,,,,,,,,,,,,,,,,,,,,,,,,,,,,,,,,,,,,,,,,,,,,,,,,,,,,,,,,,,,,,,,,,,,,,,,,,,
LAS,2020,0.0,ATL,93,85,21.0,8.0,0.0,0.0,0.0,0.0,0.0,0.0,0.0,0.0,0.0,0.0,0.0,0.0,0.0,0.0,0.0,0.0,0.0,0.0,0.0,0.0,0.0,0.0,0.0,0.0,0.0,0.0,0.0,,,,,,,,,,,,,,,,,,,,,,,,,,,,,,,,,,,,,,,,,,,,,,,,,,,,,,,,,,,,,,,,,,,,,,,,,,,,,,,,,,,,,,,,,,,,,,,,,,,,,,,,,,,,,,,,,,,,,,,,,,,,,,,,,,,,,,,,,,,
LAS,2020,1.0,DAL,84,81,23.0,8.0,0.0,0.0,0.0,0.0,0.0,0.0,0.0,0.0,0.0,0.0,0.0,0.0,0.0,0.0,0.0,0.0,0.0,0.0,0.0,0.0,0.0,0.0,0.0,0.0,0.0,0.0,0.0,,,,,,,,,,,,,,,,,,,,,,,,,,,,,,,,,,,,,,,,,,,,,,,,,,,,,,,,,,,,,,,,,,,,,,,,,,,,,,,,,,,,,,,,,,,,,,,,,,,,,,,,,,,,,,,,,,,,,,,,,,,,,,,,,,,,,,,,,,,
LAS,2020,0.0,CON,80,76,28.0,8.0,0.0,0.0,0.0,0.0,0.0,0.0,0.0,0.0,0.0,0.0,0.0,0.0,0.0,0.0,0.0,0.0,0.0,0.0,0.0,0.0,0.0,0.0,0.0,0.0,0.0,0.0,0.0,,,,,,,,,,,,,,,,,,,,,,,,,,,,,,,,,,,,,,,,,,,,,,,,,,,,,,,,,,,,,,,,,,,,,,,,,,,,,,,,,,,,,,,,,,,,,,,,,,,,,,,,,,,,,,,,,,,,,,,,,,,,,,,,,,,,,,,,,,,
LAS,2020,1.0,ATL,84,79,30.0,8.0,0.0,0.0,0.0,0.0,0.0,0.0,0.0,0.0,0.0,0.0,0.0,0.0,0.0,0.0,0.0,0.0,0.0,0.0,0.0,0.0,0.0,0.0,0.0,0.0,0.0,0.0,0.0,,,,,,,,,,,,,,,,,,,,,,,,,,,,,,,,,,,,,,,,,,,,,,,,,,,,,,,,,,,,,,,,,,,,,,,,,,,,,,,,,,,,,,,,,,,,,,,,,,,,,,,,,,,,,,,,,,,,,,,,,,,,,,,,,,,,,,,,,,,
LAS,2020,0.0,MIN,78,96,31.0,8.0,0.0,0.0,0.0,0.0,0.0,0.0,0.0,0.0,0.0,0.0,0.0,0.0,0.0,0.0,0.0,0.0,0.0,0.0,0.0,0.0,0.0,0.0,0.0,0.0,0.0,0.0,0.0,,,,,,,,,,,,,,,,,,,,,,,,,,,,,,,,,,,,,,,,,,,,,,,,,,,,,,,,,,,,,,,,,,,,,,,,,,,,,,,,,,,,,,,,,,,,,,,,,,,,,,,,,,,,,,,,,,,,,,,,,,,,,,,,,,,,,,,,,,,
LAS,2020,0.0,DAL,91,83,2.0,9.0,0.0,0.0,0.0,0.0,0.0,0.0,0.0,0.0,0.0,0.0,0.0,0.0,0.0,0.0,0.0,0.0,0.0,0.0,0.0,0.0,0.0,0.0,0.0,0.0,0.0,0.0,0.0,,,,,,,,,,,,,,,,,,,,,,,,,,,,,,,,,,,,,,,,,,,,,,,,,,,,,,,,,,,,,,,,,,,,,,,,,,,,,,,,,,,,,,,,,,,,,,,,,,,,,,,,,,,,,,,,,,,,,,,,,,,,,,,,,,,,,,,,,,,
LAS,2020,1.0,SEA,89,90,4.0,9.0,0.0,0.0,0.0,0.0,0.0,0.0,0.0,0.0,0.0,0.0,0.0,0.0,0.0,0.0,0.0,0.0,0.0,0.0,0.0,0.0,0.0,0.0,0.0,0.0,0.0,0.0,0.0,,,,,,,,,,,,,,,,,,,,,,,,,,,,,,,,,,,,,,,,,,,,,,,,,,,,,,,,,,,,,,,,,,,,,,,,,,,,,,,,,,,,,,,,,,,,,,,,,,,,,,,,,,,,,,,,,,,,,,,,,,,,,,,,,,,,,,,,,,,
LAS,2020,1.0,CHI,86,80,6.0,9.0,0.0,0.0,0.0,0.0,0.0,0.0,0.0,0.0,0.0,0.0,0.0,0.0,0.0,0.0,0.0,0.0,0.0,0.0,0.0,0.0,0.0,0.0,0.0,0.0,0.0,0.0,0.0,,,,,,,,,,,,,,,,,,,,,,,,,,,,,,,,,,,,,,,,,,,,,,,,,,,,,,,,,,,,,,,,,,,,,,,,,,,,,,,,,,,,,,,,,,,,,,,,,,,,,,,,,,,,,,,,,,,,,,,,,,,,,,,,,,,,,,,,,,,
LAS,2020,0.0,NYL,96,70,8.0,9.0,0.0,0.0,0.0,0.0,0.0,0.0,0.0,0.0,0.0,0.0,0.0,0.0,0.0,0.0,0.0,0.0,0.0,0.0,0.0,0.0,0.0,0.0,0.0,0.0,0.0,0.0,0.0,,,,,,,,,,,,,,,,,,,,,,,,,,,,,,,,,,,,,,,,,,,,,,,,,,,,,,,,,,,,,,,,,,,,,,,,,,,,,,,,,,,,,,,,,,,,,,,,,,,,,,,,,,,,,,,,,,,,,,,,,,,,,,,,,,,,,,,,,,,
LAS,2020,1.0,WAS,72,80,10.0,9.0,0.0,0.0,0.0,0.0,0.0,0.0,0.0,0.0,0.0,0.0,0.0,0.0,0.0,0.0,0.0,0.0,0.0,0.0,0.0,0.0,0.0,0.0,0.0,0.0,0.0,0.0,0.0,,,,,,,,,,,,,,,,,,,,,,,,,,,,,,,,,,,,,,,,,,,,,,,,,,,,,,,,,,,,,,,,,,,,,,,,,,,,,,,,,,,,,,,,,,,,,,,,,,,,,,,,,,,,,,,,,,,,,,,,,,,,,,,,,,,,,,,,,,,
LAS,2020,1.0,LVA,70,84,12.0,9.0,0.0,0.0,0.0,0.0,0.0,0.0,0.0,0.0,0.0,0.0,0.0,0.0,0.0,0.0,0.0,0.0,0.0,0.0,0.0,0.0,0.0,0.0,0.0,0.0,0.0,0.0,0.0,,,,,,,,,,,,,,,,,,,,,,,,,,,,,,,,,,,,,,,,,,,,,,,,,,,,,,,,,,,,,,,,,,,,,,,,,,,,,,,,,,,,,,,,,,,,,,,,,,,,,,,,,,,,,,,,,,,,,,,,,,,,,,,,,,,,,,,,,,,
MIN,2020,1.0,CON,77,69,26.0,7.0,0.0,0.0,0.0,0.0,0.0,0.0,0.0,0.0,0.0,0.0,0.0,0.0,0.0,0.0,1.0,0.0,0.0,1.0,0.0,0.0,0.0,0.0,0.0,1.0,1.0,0.0,0.0,,,,,,,,,,,,,,,,,,,,,,,,,,,,,,,,,,,,,,,,,,,,,,,,,,,,,,,,,,,,,,,,,,,,,,,,,,,,,,,,,,,,,,,,,,,,,,,,,,,,,,,,,,,,,,,,,,,,,,,,,,,,,,,,,,,,,,,,,,,
MIN,2020,0.0,SEA,66,90,28.0,7.0,0.0,0.0,0.0,0.0,0.0,0.0,0.0,0.0,0.0,0.0,0.0,0.0,0.0,0.0,1.0,0.0,0.0,1.0,0.0,0.0,0.0,0.0,0.0,1.0,1.0,0.0,0.0,,,,,,,,,,,,,,,,,,,,,,,,,,,,,,,,,,,,,,,,,,,,,,,,,,,,,,,,,,,,,,,,,,,,,,,,,,,,,,,,,,,,,,,,,,,,,,,,,,,,,,,,,,,,,,,,,,,,,,,,,,,,,,,,,,,,,,,,,,,
MIN,2020,1.0,CHI,83,81,30.0,7.0,0.0,0.0,0.0,0.0,0.0,0.0,0.0,0.0,0.0,0.0,0.0,0.0,0.0,0.0,1.0,0.0,0.0,1.0,0.0,0.0,0.0,0.0,0.0,1.0,1.0,0.0,0.0,,,,,,,,,,,,,,,,,,,,,,,,,,,,,,,,,,,,,,,,,,,,,,,,,,,,,,,,,,,,,,,,,,,,,,,,,,,,,,,,,,,,,,,,,,,,,,,,,,,,,,,,,,,,,,,,,,,,,,,,,,,,,,,,,,,,,,,,,,,
MIN,2020,0.0,CON,78,69,1.0,8.0,0.0,0.0,0.0,0.0,0.0,0.0,0.0,0.0,0.0,0.0,0.0,0.0,0.0,0.0,1.0,0.0,0.0,1.0,0.0,0.0,0.0,0.0,0.0,1.0,1.0,0.0,0.0,,,,,,,,,,,,,,,,,,,,,,,,,,,,,,,,,,,,,,,,,,,,,,,,,,,,,,,,,,,,,,,,,,,,,,,,,,,,,,,,,,,,,,,,,,,,,,,,,,,,,,,,,,,,,,,,,,,,,,,,,,,,,,,,,,,,,,,,,,,
MIN,2020,0.0,NYL,92,66,5.0,8.0,0.0,0.0,0.0,0.0,0.0,0.0,0.0,0.0,0.0,0.0,0.0,0.0,0.0,0.0,1.0,0.0,0.0,1.0,0.0,0.0,0.0,0.0,0.0,1.0,1.0,0.0,0.0,,,,,,,,,,,,,,,,,,,,,,,,,,,,,,,,,,,,,,,,,,,,,,,,,,,,,,,,,,,,,,,,,,,,,,,,,,,,,,,,,,,,,,,,,,,,,,,,,,,,,,,,,,,,,,,,,,,,,,,,,,,,,,,,,,,,,,,,,,,
MIN,2020,1.0,IND,87,80,7.0,8.0,0.0,0.0,0.0,0.0,0.0,0.0,0.0,0.0,0.0,0.0,0.0,0.0,0.0,0.0,1.0,0.0,0.0,1.0,0.0,0.0,0.0,0.0,0.0,1.0,1.0,0.0,0.0,,,,,,,,,,,,,,,,,,,,,,,,,,,,,,,,,,,,,,,,,,,,,,,,,,,,,,,,,,,,,,,,,,,,,,,,,,,,,,,,,,,,,,,,,,,,,,,,,,,,,,,,,,,,,,,,,,,,,,,,,,,,,,,,,,,,,,,,,,,
MIN,2020,0.0,LAS,81,97,9.0,8.0,0.0,0.0,0.0,0.0,0.0,0.0,0.0,0.0,0.0,0.0,0.0,0.0,0.0,0.0,1.0,0.0,0.0,1.0,0.0,0.0,0.0,0.0,0.0,1.0,1.0,0.0,0.0,,,,,,,,,,,,,,,,,,,,,,,,,,,,,,,,,,,,,,,,,,,,,,,,,,,,,,,,,,,,,,,,,,,,,,,,,,,,,,,,,,,,,,,,,,,,,,,,,,,,,,,,,,,,,,,,,,,,,,,,,,,,,,,,,,,,,,,,,,,
MIN,2020,1.0,WAS,68,48,11.0,8.0,0.0,0.0,0.0,0.0,0.0,0.0,0.0,0.0,0.0,0.0,0.0,0.0,0.0,0.0,1.0,0.0,0.0,1.0,0.0,0.0,0.0,0.0,0.0,1.0,1.0,0.0,0.0,,,,,,,,,,,,,,,,,,,,,,,,,,,,,,,,,,,,,,,,,,,,,,,,,,,,,,,,,,,,,,,,,,,,,,,,,,,,,,,,,,,,,,,,,,,,,,,,,,,,,,,,,,,,,,,,,,,,,,,,,,,,,,,,,,,,,,,,,,,
MIN,2020,0.0,LVA,77,87,13.0,8.0,0.0,0.0,0.0,0.0,0.0,0.0,0.0,0.0,0.0,0.0,0.0,0.0,0.0,0.0,1.0,0.0,0.0,1.0,0.0,0.0,0.0,0.0,0.0,1.0,1.0,0.0,0.0,,,,,,,,,,,,,,,,,,,,,,,,,,,,,,,,,,,,,,,,,,,,,,,,,,,,,,,,,,,,,,,,,,,,,,,,,,,,,,,,,,,,,,,,,,,,,,,,,,,,,,,,,,,,,,,,,,,,,,,,,,,,,,,,,,,,,,,,,,,
MIN,2020,1.0,NYL,94,64,15.0,8.0,0.0,0.0,0.0,0.0,0.0,0.0,0.0,0.0,0.0,0.0,0.0,0.0,0.0,0.0,1.0,0.0,0.0,1.0,0.0,0.0,0.0,0.0,0.0,1.0,1.0,0.0,0.0,,,,,,,,,,,,,,,,,,,,,,,,,,,,,,,,,,,,,,,,,,,,,,,,,,,,,,,,,,,,,,,,,,,,,,,,,,,,,,,,,,,,,,,,,,,,,,,,,,,,,,,,,,,,,,,,,,,,,,,,,,,,,,,,,,,,,,,,,,,
MIN,2020,1.0,DAL,91,84,19.0,8.0,0.0,0.0,0.0,0.0,0.0,0.0,0.0,0.0,0.0,0.0,0.0,0.0,0.0,0.0,1.0,0.0,0.0,1.0,0.0,0.0,0.0,0.0,0.0,1.0,1.0,0.0,0.0,,,,,,,,,,,,,,,,,,,,,,,,,,,,,,,,,,,,,,,,,,,,,,,,,,,,,,,,,,,,,,,,,,,,,,,,,,,,,,,,,,,,,,,,,,,,,,,,,,,,,,,,,,,,,,,,,,,,,,,,,,,,,,,,,,,,,,,,,,,
MIN,2020,0.0,PHO,90,80,21.0,8.0,0.0,0.0,0.0,0.0,0.0,0.0,0.0,0.0,0.0,0.0,0.0,0.0,0.0,0.0,1.0,0.0,0.0,1.0,0.0,0.0,0.0,0.0,0.0,1.0,1.0,0.0,0.0,,,,,,,,,,,,,,,,,,,,,,,,,,,,,,,,,,,,,,,,,,,,,,,,,,,,,,,,,,,,,,,,,,,,,,,,,,,,,,,,,,,,,,,,,,,,,,,,,,,,,,,,,,,,,,,,,,,,,,,,,,,,,,,,,,,,,,,,,,,
MIN,2020,1.0,ATL,75,78,23.0,8.0,0.0,0.0,0.0,0.0,0.0,0.0,0.0,0.0,0.0,0.0,0.0,0.0,0.0,0.0,1.0,0.0,0.0,1.0,0.0,0.0,0.0,0.0,0.0,1.0,1.0,0.0,0.0,,,,,,,,,,,,,,,,,,,,,,,,,,,,,,,,,,,,,,,,,,,,,,,,,,,,,,,,,,,,,,,,,,,,,,,,,,,,,,,,,,,,,,,,,,,,,,,,,,,,,,,,,,,,,,,,,,,,,,,,,,,,,,,,,,,,,,,,,,,
MIN,2020,0.0,ATL,88,79,28.0,8.0,0.0,0.0,0.0,0.0,0.0,0.0,0.0,0.0,0.0,0.0,0.0,0.0,0.0,0.0,1.0,0.0,0.0,1.0,0.0,0.0,0.0,0.0,0.0,1.0,1.0,0.0,0.0,,,,,,,,,,,,,,,,,,,,,,,,,,,,,,,,,,,,,,,,,,,,,,,,,,,,,,,,,,,,,,,,,,,,,,,,,,,,,,,,,,,,,,,,,,,,,,,,,,,,,,,,,,,,,,,,,,,,,,,,,,,,,,,,,,,,,,,,,,,
MIN,2020,1.0,PHO,79,83,30.0,8.0,0.0,0.0,0.0,0.0,0.0,0.0,0.0,0.0,0.0,0.0,0.0,0.0,0.0,0.0,1.0,0.0,0.0,1.0,0.0,0.0,0.0,0.0,0.0,1.0,1.0,0.0,0.0,,,,,,,,,,,,,,,,,,,,,,,,,,,,,,,,,,,,,,,,,,,,,,,,,,,,,,,,,,,,,,,,,,,,,,,,,,,,,,,,,,,,,,,,,,,,,,,,,,,,,,,,,,,,,,,,,,,,,,,,,,,,,,,,,,,,,,,,,,,
MIN,2020,1.0,LAS,96,78,31.0,8.0,0.0,0.0,0.0,0.0,0.0,0.0,0.0,0.0,0.0,0.0,0.0,0.0,0.0,0.0,1.0,0.0,0.0,1.0,0.0,0.0,0.0,0.0,0.0,1.0,1.0,0.0,0.0,,,,,,,,,,,,,,,,,,,,,,,,,,,,,,,,,,,,,,,,,,,,,,,,,,,,,,,,,,,,,,,,,,,,,,,,,,,,,,,,,,,,,,,,,,,,,,,,,,,,,,,,,,,,,,,,,,,,,,,,,,,,,,,,,,,,,,,,,,,
MIN,2020,0.0,CHI,86,83,2.0,9.0,0.0,0.0,0.0,0.0,0.0,0.0,0.0,0.0,0.0,0.0,0.0,0.0,0.0,0.0,1.0,0.0,0.0,1.0,0.0,0.0,0.0,0.0,0.0,1.0,1.0,0.0,0.0,,,,,,,,,,,,,,,,,,,,,,,,,,,,,,,,,,,,,,,,,,,,,,,,,,,,,,,,,,,,,,,,,,,,,,,,,,,,,,,,,,,,,,,,,,,,,,,,,,,,,,,,,,,,,,,,,,,,,,,,,,,,,,,,,,,,,,,,,,,
MIN,2020,0.0,DAL,88,75,4.0,9.0,0.0,0.0,0.0,0.0,0.0,0.0,0.0,0.0,0.0,0.0,0.0,0.0,0.0,0.0,1.0,0.0,0.0,1.0,0.0,0.0,0.0,0.0,0.0,1.0,1.0,0.0,0.0,,,,,,,,,,,,,,,,,,,,,,,,,,,,,,,,,,,,,,,,,,,,,,,,,,,,,,,,,,,,,,,,,,,,,,,,,,,,,,,,,,,,,,,,,,,,,,,,,,,,,,,,,,,,,,,,,,,,,,,,,,,,,,,,,,,,,,,,,,,
MIN,2020,1.0,SEA,88,103,6.0,9.0,0.0,0.0,0.0,0.0,0.0,0.0,0.0,0.0,0.0,0.0,0.0,0.0,0.0,0.0,1.0,0.0,0.0,1.0,0.0,0.0,0.0,0.0,0.0,1.0,1.0,0.0,0.0,,,,,,,,,,,,,,,,,,,,,,,,,,,,,,,,,,,,,,,,,,,,,,,,,,,,,,,,,,,,,,,,,,,,,,,,,,,,,,,,,,,,,,,,,,,,,,,,,,,,,,,,,,,,,,,,,,,,,,,,,,,,,,,,,,,,,,,,,,,
MIN,2020,0.0,WAS,86,89,8.0,9.0,0.0,0.0,0.0,0.0,0.0,0.0,0.0,0.0,0.0,0.0,0.0,0.0,0.0,0.0,1.0,0.0,0.0,1.0,0.0,0.0,0.0,0.0,0.0,1.0,1.0,0.0,0.0,,,,,,,,,,,,,,,,,,,,,,,,,,,,,,,,,,,,,,,,,,,,,,,,,,,,,,,,,,,,,,,,,,,,,,,,,,,,,,,,,,,,,,,,,,,,,,,,,,,,,,,,,,,,,,,,,,,,,,,,,,,,,,,,,,,,,,,,,,,
MIN,2020,1.0,LVA,89,104,10.0,9.0,0.0,0.0,0.0,0.0,0.0,0.0,0.0,0.0,0.0,0.0,0.0,0.0,0.0,0.0,1.0,0.0,0.0,1.0,0.0,0.0,0.0,0.0,0.0,1.0,1.0,0.0,0.0,,,,,,,,,,,,,,,,,,,,,,,,,,,,,,,,,,,,,,,,,,,,,,,,,,,,,,,,,,,,,,,,,,,,,,,,,,,,,,,,,,,,,,,,,,,,,,,,,,,,,,,,,,,,,,,,,,,,,,,,,,,,,,,,,,,,,,,,,,,
MIN,2020,0.0,IND,98,86,12.0,9.0,0.0,0.0,0.0,0.0,0.0,0.0,0.0,0.0,0.0,0.0,0.0,0.0,0.0,0.0,0.0,0.0,0.0,0.0,0.0,0.0,0.0,0.0,0.0,0.0,0.0,0.0,0.0,,,,,,,,,,,,,,,,,,,,,,,,,,,,,,,,,,,,,,,,,,,,,,,,,,,,,,,,,,,,,,,,,,,,,,,,,,,,,,,,,,,,,,,,,,,,,,,,,,,,,,,,,,,,,,,,,,,,,,,,,,,,,,,,,,,,,,,,,,,
NYL,2020,1.0,SEA,71,87,25.0,7.0,0.0,0.0,0.0,0.0,0.0,0.0,0.0,1.0,0.0,1.0,0.0,0.0,0.0,1.0,0.0,1.0,0.0,1.0,0.0,0.0,1.0,1.0,0.0,1.0,1.0,1.0,1.0,,,,,,,,,,,,,,,,,,,,,,,,,,,,,,,,,,,,,,,,,,,,,,,,,,,,,,,,,,,,,,,,,,,,,,,,,,,,,,,,,,,,,,,,,,,,,,,,,,,,,,,,,,,,,,,,,,,,,,,,,,,,,,,,,,,,,,,,,,,
NYL,2020,0.0,DAL,80,93,29.0,7.0,0.0,0.0,0.0,0.0,0.0,0.0,0.0,1.0,0.0,1.0,0.0,0.0,0.0,1.0,0.0,1.0,0.0,1.0,0.0,0.0,1.0,1.0,0.0,1.0,1.0,1.0,1.0,,,,,,,,,,,,,,,,,,,,,,,,,,,,,,,,,,,,,,,,,,,,,,,,,,,,,,,,,,,,,,,,,,,,,,,,,,,,,,,,,,,,,,,,,,,,,,,,,,,,,,,,,,,,,,,,,,,,,,,,,,,,,,,,,,,,,,,,,,,
NYL,2020,0.0,ATL,78,84,31.0,7.0,0.0,0.0,0.0,0.0,0.0,0.0,0.0,1.0,0.0,1.0,0.0,0.0,0.0,1.0,0.0,1.0,0.0,1.0,0.0,0.0,1.0,1.0,0.0,1.0,1.0,1.0,1.0,,,,,,,,,,,,,,,,,,,,,,,,,,,,,,,,,,,,,,,,,,,,,,,,,,,,,,,,,,,,,,,,,,,,,,,,,,,,,,,,,,,,,,,,,,,,,,,,,,,,,,,,,,,,,,,,,,,,,,,,,,,,,,,,,,,,,,,,,,,
NYL,2020,1.0,PHO,67,96,2.0,8.0,0.0,0.0,0.0,0.0,0.0,0.0,0.0,0.0,0.0,0.0,0.0,0.0,0.0,0.0,0.0,0.0,0.0,0.0,0.0,0.0,0.0,0.0,0.0,0.0,0.0,0.0,0.0,,,,,,,,,,,,,,,,,,,,,,,,,,,,,,,,,,,,,,,,,,,,,,,,,,,,,,,,,,,,,,,,,,,,,,,,,,,,,,,,,,,,,,,,,,,,,,,,,,,,,,,,,,,,,,,,,,,,,,,,,,,,,,,,,,,,,,,,,,,
NYL,2020,1.0,MIN,66,92,5.0,8.0,0.0,0.0,0.0,0.0,0.0,0.0,0.0,0.0,0.0,0.0,0.0,0.0,0.0,0.0,0.0,0.0,0.0,0.0,0.0,0.0,0.0,0.0,0.0,0.0,0.0,0.0,0.0,,,,,,,,,,,,,,,,,,,,,,,,,,,,,,,,,,,,,,,,,,,,,,,,,,,,,,,,,,,,,,,,,,,,,,,,,,,,,,,,,,,,,,,,,,,,,,,,,,,,,,,,,,,,,,,,,,,,,,,,,,,,,,,,,,,,,,,,,,,
NYL,2020,0.0,WAS,74,66,7.0,8.0,0.0,0.0,0.0,0.0,0.0,0.0,0.0,0.0,0.0,0.0,0.0,0.0,0.0,0.0,0.0,0.0,0.0,0.0,0.0,0.0,0.0,0.0,0.0,0.0,0.0,0.0,0.0,,,,,,,,,,,,,,,,,,,,,,,,,,,,,,,,,,,,,,,,,,,,,,,,,,,,,,,,,,,,,,,,,,,,,,,,,,,,,,,,,,,,,,,,,,,,,,,,,,,,,,,,,,,,,,,,,,,,,,,,,,,,,,,,,,,,,,,,,,,
NYL,2020,1.0,LVA,76,78,9.0,8.0,0.0,0.0,0.0,0.0,0.0,0.0,0.0,0.0,0.0,0.0,0.0,0.0,0.0,0.0,0.0,0.0,0.0,0.0,0.0,0.0,0.0,0.0,0.0,0.0,0.0,0.0,0.0,,,,,,,,,,,,,,,,,,,,,,,,,,,,,,,,,,,,,,,,,,,,,,,,,,,,,,,,,,,,,,,,,,,,,,,,,,,,,,,,,,,,,,,,,,,,,,,,,,,,,,,,,,,,,,,,,,,,,,,,,,,,,,,,,,,,,,,,,,,
NYL,2020,0.0,LAS,78,93,11.0,8.0,0.0,0.0,0.0,0.0,0.0,0.0,0.0,0.0,0.0,0.0,0.0,0.0,0.0,0.0,0.0,0.0,0.0,0.0,0.0,0.0,0.0,0.0,0.0,0.0,0.0,0.0,0.0,,,,,,,,,,,,,,,,,,,,,,,,,,,,,,,,,,,,,,,,,,,,,,,,,,,,,,,,,,,,,,,,,,,,,,,,,,,,,,,,,,,,,,,,,,,,,,,,,,,,,,,,,,,,,,,,,,,,,,,,,,,,,,,,,,,,,,,,,,,
NYL,2020,1.0,IND,79,86,13.0,8.0,0.0,0.0,0.0,0.0,0.0,0.0,0.0,0.0,0.0,0.0,0.0,0.0,0.0,0.0,0.0,0.0,0.0,0.0,0.0,0.0,0.0,0.0,0.0,0.0,0.0,0.0,0.0,,,,,,,,,,,,,,,,,,,,,,,,,,,,,,,,,,,,,,,,,,,,,,,,,,,,,,,,,,,,,,,,,,,,,,,,,,,,,,,,,,,,,,,,,,,,,,,,,,,,,,,,,,,,,,,,,,,,,,,,,,,,,,,,,,,,,,,,,,,
NYL,2020,0.0,MIN,64,94,15.0,8.0,0.0,0.0,0.0,0.0,0.0,0.0,0.0,0.0,0.0,0.0,0.0,0.0,0.0,0.0,0.0,0.0,0.0,0.0,0.0,0.0,0.0,0.0,0.0,0.0,0.0,0.0,0.0,,,,,,,,,,,,,,,,,,,,,,,,,,,,,,,,,,,,,,,,,,,,,,,,,,,,,,,,,,,,,,,,,,,,,,,,,,,,,,,,,,,,,,,,,,,,,,,,,,,,,,,,,,,,,,,,,,,,,,,,,,,,,,,,,,,,,,,,,,,
NYL,2020,0.0,SEA,64,105,18.0,8.0,0.0,0.0,0.0,0.0,0.0,0.0,0.0,0.0,0.0,0.0,0.0,0.0,0.0,0.0,0.0,0.0,0.0,0.0,0.0,0.0,0.0,0.0,0.0,0.0,0.0,0.0,0.0,,,,,,,,,,,,,,,,,,,,,,,,,,,,,,,,,,,,,,,,,,,,,,,,,,,,,,,,,,,,,,,,,,,,,,,,,,,,,,,,,,,,,,,,,,,,,,,,,,,,,,,,,,,,,,,,,,,,,,,,,,,,,,,,,,,,,,,,,,,
NYL,2020,1.0,CHI,85,101,20.0,8.0,0.0,0.0,0.0,0.0,0.0,0.0,0.0,0.0,0.0,0.0,0.0,0.0,0.0,0.0,0.0,0.0,0.0,0.0,0.0,0.0,0.0,0.0,0.0,0.0,0.0,0.0,0.0,,,,,,,,,,,,,,,,,,,,,,,,,,,,,,,,,,,,,,,,,,,,,,,,,,,,,,,,,,,,,,,,,,,,,,,,,,,,,,,,,,,,,,,,,,,,,,,,,,,,,,,,,,,,,,,,,,,,,,,,,,,,,,,,,,,,,,,,,,,
NYL,2020,0.0,CON,65,82,22.0,8.0,0.0,0.0,0.0,0.0,0.0,0.0,0.0,0.0,0.0,0.0,0.0,0.0,0.0,0.0,0.0,0.0,0.0,0.0,0.0,0.0,0.0,0.0,0.0,0.0,0.0,0.0,0.0,,,,,,,,,,,,,,,,,,,,,,,,,,,,,,,,,,,,,,,,,,,,,,,,,,,,,,,,,,,,,,,,,,,,,,,,,,,,,,,,,,,,,,,,,,,,,,,,,,,,,,,,,,,,,,,,,,,,,,,,,,,,,,,,,,,,,,,,,,,
NYL,2020,0.0,CHI,101,99,25.0,8.0,0.0,0.0,0.0,0.0,0.0,0.0,0.0,0.0,0.0,0.0,0.0,0.0,0.0,0.0,0.0,0.0,0.0,0.0,0.0,0.0,0.0,0.0,0.0,0.0,0.0,0.0,0.0,,,,,,,,,,,,,,,,,,,,,,,,,,,,,,,,,,,,,,,,,,,,,,,,,,,,,,,,,,,,,,,,,,,,,,,,,,,,,,,,,,,,,,,,,,,,,,,,,,,,,,,,,,,,,,,,,,,,,,,,,,,,,,,,,,,,,,,,,,,
NYL,2020,0.0,LVA,63,80,29.0,8.0,0.0,0.0,0.0,0.0,0.0,0.0,0.0,0.0,0.0,0.0,0.0,0.0,0.0,0.0,0.0,0.0,0.0,0.0,0.0,0.0,0.0,0.0,0.0,0.0,0.0,0.0,0.0,,,,,,,,,,,,,,,,,,,,,,,,,,,,,,,,,,,,,,,,,,,,,,,,,,,,,,,,,,,,,,,,,,,,,,,,,,,,,,,,,,,,,,,,,,,,,,,,,,,,,,,,,,,,,,,,,,,,,,,,,,,,,,,,,,,,,,,,,,,
NYL,2020,1.0,CON,65,70,1.0,9.0,0.0,0.0,0.0,0.0,0.0,0.0,0.0,0.0,0.0,0.0,0.0,0.0,0.0,0.0,0.0,0.0,0.0,0.0,0.0,0.0,0.0,0.0,0.0,0.0,0.0,0.0,0.0,,,,,,,,,,,,,,,,,,,,,,,,,,,,,,,,,,,,,,,,,,,,,,,,,,,,,,,,,,,,,,,,,,,,,,,,,,,,,,,,,,,,,,,,,,,,,,,,,,,,,,,,,,,,,,,,,,,,,,,,,,,,,,,,,,,,,,,,,,,
NYL,2020,1.0,ATL,56,62,3.0,9.0,0.0,0.0,0.0,0.0,0.0,0.0,0.0,0.0,0.0,0.0,0.0,0.0,0.0,0.0,0.0,0.0,0.0,0.0,0.0,0.0,0.0,0.0,0.0,0.0,0.0,0.0,0.0,,,,,,,,,,,,,,,,,,,,,,,,,,,,,,,,,,,,,,,,,,,,,,,,,,,,,,,,,,,,,,,,,,,,,,,,,,,,,,,,,,,,,,,,,,,,,,,,,,,,,,,,,,,,,,,,,,,,,,,,,,,,,,,,,,,,,,,,,,,
NYL,2020,0.0,PHO,67,83,5.0,9.0,0.0,0.0,0.0,0.0,0.0,0.0,0.0,0.0,0.0,0.0,0.0,0.0,0.0,0.0,0.0,0.0,0.0,0.0,0.0,0.0,0.0,0.0,0.0,0.0,0.0,0.0,0.0,,,,,,,,,,,,,,,,,,,,,,,,,,,,,,,,,,,,,,,,,,,,,,,,,,,,,,,,,,,,,,,,,,,,,,,,,,,,,,,,,,,,,,,,,,,,,,,,,,,,,,,,,,,,,,,,,,,,,,,,,,,,,,,,,,,,,,,,,,,
NYL,2020,1.0,LAS,70,96,8.0,9.0,0.0,0.0,0.0,0.0,0.0,0.0,0.0,0.0,0.0,0.0,0.0,0.0,0.0,0.0,0.0,0.0,0.0,0.0,0.0,0.0,0.0,0.0,0.0,0.0,0.0,0.0,0.0,,,,,,,,,,,,,,,,,,,,,,,,,,,,,,,,,,,,,,,,,,,,,,,,,,,,,,,,,,,,,,,,,,,,,,,,,,,,,,,,,,,,,,,,,,,,,,,,,,,,,,,,,,,,,,,,,,,,,,,,,,,,,,,,,,,,,,,,,,,
NYL,2020,0.0,IND,75,85,10.0,9.0,0.0,0.0,0.0,0.0,0.0,0.0,0.0,0.0,0.0,0.0,0.0,0.0,0.0,0.0,0.0,0.0,0.0,0.0,0.0,0.0,0.0,0.0,0.0,0.0,0.0,0.0,0.0,,,,,,,,,,,,,,,,,,,,,,,,,,,,,,,,,,,,,,,,,,,,,,,,,,,,,,,,,,,,,,,,,,,,,,,,,,,,,,,,,,,,,,,,,,,,,,,,,,,,,,,,,,,,,,,,,,,,,,,,,,,,,,,,,,,,,,,,,,,
NYL,2020,1.0,WAS,58,75,12.0,9.0,0.0,0.0,0.0,0.0,0.0,0.0,0.0,0.0,0.0,0.0,0.0,0.0,0.0,0.0,0.0,0.0,0.0,0.0,0.0,0.0,0.0,0.0,0.0,0.0,0.0,0.0,0.0,,,,,,,,,,,,,,,,,,,,,,,,,,,,,,,,,,,,,,,,,,,,,,,,,,,,,,,,,,,,,,,,,,,,,,,,,,,,,,,,,,,,,,,,,,,,,,,,,,,,,,,,,,,,,,,,,,,,,,,,,,,,,,,,,,,,,,,,,,,
NYL,2020,1.0,DAL,79,82,13.0,9.0,0.0,0.0,0.0,0.0,0.0,0.0,0.0,0.0,0.0,0.0,0.0,0.0,0.0,0.0,0.0,0.0,0.0,0.0,0.0,0.0,0.0,0.0,0.0,0.0,0.0,0.0,0.0,,,,,,,,,,,,,,,,,,,,,,,,,,,,,,,,,,,,,,,,,,,,,,,,,,,,,,,,,,,,,,,,,,,,,,,,,,,,,,,,,,,,,,,,,,,,,,,,,,,,,,,,,,,,,,,,,,,,,,,,,,,,,,,,,,,,,,,,,,,
PHO,2020,1.0,LAS,76,99,25.0,7.0,0.0,0.0,0.0,0.0,0.0,0.0,0.0,0.0,0.0,0.0,0.0,0.0,0.0,0.0,0.0,0.0,0.0,0.0,0.0,0.0,0.0,0.0,0.0,0.0,0.0,0.0,0.0,,,,,,,,,,,,,,,,,,,,,,,,,,,,,,,,,,,,,,,,,,,,,,,,,,,,,,,,,,,,,,,,,,,,,,,,,,,,,,,,,,,,,,,,,,,,,,,,,,,,,,,,,,,,,,,,,,,,,,,,,,,,,,,,,,,,,,,,,,,
PHO,2020,0.0,IND,100,106,29.0,7.0,0.0,0.0,0.0,0.0,0.0,0.0,0.0,0.0,0.0,0.0,0.0,0.0,0.0,0.0,0.0,0.0,0.0,0.0,0.0,0.0,0.0,0.0,0.0,0.0,0.0,0.0,0.0,,,,,,,,,,,,,,,,,,,,,,,,,,,,,,,,,,,,,,,,,,,,,,,,,,,,,,,,,,,,,,,,,,,,,,,,,,,,,,,,,,,,,,,,,,,,,,,,,,,,,,,,,,,,,,,,,,,,,,,,,,,,,,,,,,,,,,,,,,,
PHO,2020,1.0,LVA,102,95,31.0,7.0,0.0,0.0,0.0,0.0,0.0,0.0,0.0,0.0,0.0,0.0,0.0,0.0,0.0,0.0,0.0,0.0,0.0,0.0,0.0,0.0,0.0,0.0,0.0,0.0,0.0,0.0,0.0,,,,,,,,,,,,,,,,,,,,,,,,,,,,,,,,,,,,,,,,,,,,,,,,,,,,,,,,,,,,,,,,,,,,,,,,,,,,,,,,,,,,,,,,,,,,,,,,,,,,,,,,,,,,,,,,,,,,,,,,,,,,,,,,,,,,,,,,,,,
PHO,2020,0.0,NYL,96,67,2.0,8.0,0.0,0.0,0.0,0.0,0.0,0.0,0.0,0.0,0.0,0.0,0.0,0.0,0.0,0.0,0.0,0.0,0.0,0.0,0.0,0.0,0.0,0.0,0.0,0.0,0.0,0.0,0.0,,,,,,,,,,,,,,,,,,,,,,,,,,,,,,,,,,,,,,,,,,,,,,,,,,,,,,,,,,,,,,,,,,,,,,,,,,,,,,,,,,,,,,,,,,,,,,,,,,,,,,,,,,,,,,,,,,,,,,,,,,,,,,,,,,,,,,,,,,,
PHO,2020,0.0,ATL,81,74,4.0,8.0,0.0,0.0,0.0,0.0,0.0,0.0,0.0,0.0,0.0,0.0,0.0,0.0,0.0,0.0,0.0,0.0,0.0,0.0,0.0,0.0,0.0,0.0,0.0,0.0,0.0,0.0,0.0,,,,,,,,,,,,,,,,,,,,,,,,,,,,,,,,,,,,,,,,,,,,,,,,,,,,,,,,,,,,,,,,,,,,,,,,,,,,,,,,,,,,,,,,,,,,,,,,,,,,,,,,,,,,,,,,,,,,,,,,,,,,,,,,,,,,,,,,,,,
PHO,2020,1.0,CHI,96,86,6.0,8.0,0.0,0.0,0.0,0.0,0.0,0.0,0.0,0.0,0.0,0.0,0.0,0.0,0.0,0.0,0.0,0.0,0.0,0.0,0.0,0.0,0.0,0.0,0.0,0.0,0.0,0.0,0.0,,,,,,,,,,,,,,,,,,,,,,,,,,,,,,,,,,,,,,,,,,,,,,,,,,,,,,,,,,,,,,,,,,,,,,,,,,,,,,,,,,,,,,,,,,,,,,,,,,,,,,,,,,,,,,,,,,,,,,,,,,,,,,,,,,,,,,,,,,,
PHO,2020,0.0,SEA,68,74,8.0,8.0,0.0,0.0,0.0,0.0,0.0,0.0,0.0,0.0,0.0,0.0,0.0,0.0,0.0,0.0,0.0,0.0,0.0,0.0,0.0,0.0,0.0,0.0,0.0,0.0,0.0,0.0,0.0,,,,,,,,,,,,,,,,,,,,,,,,,,,,,,,,,,,,,,,,,,,,,,,,,,,,,,,,,,,,,,,,,,,,,,,,,,,,,,,,,,,,,,,,,,,,,,,,,,,,,,,,,,,,,,,,,,,,,,,,,,,,,,,,,,,,,,,,,,,
PHO,2020,0.0,DAL,91,79,10.0,8.0,0.0,0.0,0.0,0.0,0.0,0.0,0.0,0.0,0.0,0.0,0.0,0.0,0.0,0.0,0.0,0.0,0.0,0.0,0.0,0.0,0.0,0.0,0.0,0.0,0.0,0.0,0.0,,,,,,,,,,,,,,,,,,,,,,,,,,,,,,,,,,,,,,,,,,,,,,,,,,,,,,,,,,,,,,,,,,,,,,,,,,,,,,,,,,,,,,,,,,,,,,,,,,,,,,,,,,,,,,,,,,,,,,,,,,,,,,,,,,,,,,,,,,,
PHO,2020,0.0,CHI,71,89,12.0,8.0,0.0,0.0,0.0,0.0,0.0,0.0,0.0,0.0,0.0,0.0,0.0,0.0,0.0,0.0,0.0,0.0,0.0,0.0,0.0,0.0,0.0,0.0,0.0,0.0,0.0,0.0,0.0,,,,,,,,,,,,,,,,,,,,,,,,,,,,,,,,,,,,,,,,,,,,,,,,,,,,,,,,,,,,,,,,,,,,,,,,,,,,,,,,,,,,,,,,,,,,,,,,,,,,,,,,,,,,,,,,,,,,,,,,,,,,,,,,,,,,,,,,,,,
PHO,2020,1.0,ATL,96,80,14.0,8.0,0.0,0.0,0.0,0.0,0.0,0.0,0.0,0.0,0.0,0.0,0.0,0.0,0.0,0.0,0.0,0.0,0.0,0.0,0.0,0.0,0.0,0.0,0.0,0.0,0.0,0.0,0.0,,,,,,,,,,,,,,,,,,,,,,,,,,,,,,,,,,,,,,,,,,,,,,,,,,,,,,,,,,,,,,,,,,,,,,,,,,,,,,,,,,,,,,,,,,,,,,,,,,,,,,,,,,,,,,,,,,,,,,,,,,,,,,,,,,,,,,,,,,,
PHO,2020,1.0,DAL,89,95,16.0,8.0,0.0,0.0,0.0,0.0,0.0,0.0,0.0,0.0,0.0,0.0,0.0,0.0,0.0,0.0,0.0,0.0,0.0,0.0,0.0,0.0,0.0,0.0,0.0,0.0,0.0,0.0,0.0,,,,,,,,,,,,,,,,,,,,,,,,,,,,,,,,,,,,,,,,,,,,,,,,,,,,,,,,,,,,,,,,,,,,,,,,,,,,,,,,,,,,,,,,,,,,,,,,,,,,,,,,,,,,,,,,,,,,,,,,,,,,,,,,,,,,,,,,,,,
PHO,2020,0.0,LAS,74,83,19.0,8.0,0.0,0.0,0.0,0.0,0.0,0.0,0.0,0.0,0.0,0.0,0.0,0.0,0.0,0.0,0.0,0.0,0.0,0.0,0.0,0.0,0.0,0.0,0.0,0.0,0.0,0.0,0.0,,,,,,,,,,,,,,,,,,,,,,,,,,,,,,,,,,,,,,,,,,,,,,,,,,,,,,,,,,,,,,,,,,,,,,,,,,,,,,,,,,,,,,,,,,,,,,,,,,,,,,,,,,,,,,,,,,,,,,,,,,,,,,,,,,,,,,,,,,,
PHO,2020,1.0,MIN,80,90,21.0,8.0,0.0,0.0,0.0,0.0,0.0,0.0,0.0,0.0,0.0,0.0,0.0,0.0,0.0,0.0,0.0,0.0,0.0,0.0,0.0,0.0,0.0,0.0,0.0,0.0,0.0,0.0,0.0,,,,,,,,,,,,,,,,,,,,,,,,,,,,,,,,,,,,,,,,,,,,,,,,,,,,,,,,,,,,,,,,,,,,,,,,,,,,,,,,,,,,,,,,,,,,,,,,,,,,,,,,,,,,,,,,,,,,,,,,,,,,,,,,,,,,,,,,,,,
PHO,2020,0.0,WAS,88,87,23.0,8.0,0.0,0.0,0.0,0.0,0.0,0.0,0.0,0.0,0.0,0.0,0.0,0.0,0.0,0.0,0.0,0.0,0.0,0.0,0.0,0.0,0.0,0.0,0.0,0.0,0.0,0.0,0.0,,,,,,,,,,,,,,,,,,,,,,,,,,,,,,,,,,,,,,,,,,,,,,,,,,,,,,,,,,,,,,,,,,,,,,,,,,,,,,,,,,,,,,,,,,,,,,,,,,,,,,,,,,,,,,,,,,,,,,,,,,,,,,,,,,,,,,,,,,,
PHO,2020,1.0,WAS,94,72,28.0,8.0,0.0,0.0,0.0,0.0,0.0,0.0,0.0,0.0,0.0,0.0,0.0,0.0,0.0,0.0,0.0,0.0,0.0,0.0,0.0,0.0,0.0,0.0,0.0,0.0,0.0,0.0,0.0,,,,,,,,,,,,,,,,,,,,,,,,,,,,,,,,,,,,,,,,,,,,,,,,,,,,,,,,,,,,,,,,,,,,,,,,,,,,,,,,,,,,,,,,,,,,,,,,,,,,,,,,,,,,,,,,,,,,,,,,,,,,,,,,,,,,,,,,,,,
PHO,2020,0.0,MIN,83,79,30.0,8.0,0.0,0.0,0.0,0.0,0.0,0.0,0.0,0.0,0.0,0.0,0.0,0.0,0.0,0.0,0.0,0.0,0.0,0.0,0.0,0.0,0.0,0.0,0.0,0.0,0.0,0.0,0.0,,,,,,,,,,,,,,,,,,,,,,,,,,,,,,,,,,,,,,,,,,,,,,,,,,,,,,,,,,,,,,,,,,,,,,,,,,,,,,,,,,,,,,,,,,,,,,,,,,,,,,,,,,,,,,,,,,,,,,,,,,,,,,,,,,,,,,,,,,,
PHO,2020,0.0,LVA,92,85,1.0,9.0,0.0,0.0,0.0,0.0,0.0,0.0,0.0,0.0,0.0,0.0,0.0,0.0,0.0,0.0,0.0,0.0,0.0,0.0,0.0,0.0,0.0,0.0,0.0,0.0,0.0,0.0,0.0,,,,,,,,,,,,,,,,,,,,,,,,,,,,,,,,,,,,,,,,,,,,,,,,,,,,,,,,,,,,,,,,,,,,,,,,,,,,,,,,,,,,,,,,,,,,,,,,,,,,,,,,,,,,,,,,,,,,,,,,,,,,,,,,,,,,,,,,,,,
PHO,2020,1.0,IND,105,81,3.0,9.0,0.0,0.0,0.0,0.0,0.0,0.0,0.0,0.0,0.0,0.0,0.0,0.0,0.0,0.0,0.0,0.0,0.0,0.0,0.0,0.0,0.0,0.0,0.0,0.0,0.0,0.0,0.0,,,,,,,,,,,,,,,,,,,,,,,,,,,,,,,,,,,,,,,,,,,,,,,,,,,,,,,,,,,,,,,,,,,,,,,,,,,,,,,,,,,,,,,,,,,,,,,,,,,,,,,,,,,,,,,,,,,,,,,,,,,,,,,,,,,,,,,,,,,
PHO,2020,1.0,NYL,83,67,5.0,9.0,0.0,0.0,0.0,0.0,0.0,0.0,0.0,0.0,0.0,0.0,0.0,0.0,0.0,0.0,0.0,0.0,0.0,0.0,0.0,0.0,0.0,0.0,0.0,0.0,0.0,0.0,0.0,,,,,,,,,,,,,,,,,,,,,,,,,,,,,,,,,,,,,,,,,,,,,,,,,,,,,,,,,,,,,,,,,,,,,,,,,,,,,,,,,,,,,,,,,,,,,,,,,,,,,,,,,,,,,,,,,,,,,,,,,,,,,,,,,,,,,,,,,,,
PHO,2020,1.0,CON,70,85,7.0,9.0,0.0,0.0,0.0,0.0,0.0,0.0,0.0,0.0,0.0,0.0,0.0,0.0,0.0,0.0,0.0,0.0,0.0,0.0,0.0,0.0,0.0,0.0,0.0,0.0,0.0,0.0,0.0,,,,,,,,,,,,,,,,,,,,,,,,,,,,,,,,,,,,,,,,,,,,,,,,,,,,,,,,,,,,,,,,,,,,,,,,,,,,,,,,,,,,,,,,,,,,,,,,,,,,,,,,,,,,,,,,,,,,,,,,,,,,,,,,,,,,,,,,,,,
PHO,2020,0.0,CON,100,95,9.0,9.0,0.0,0.0,0.0,0.0,0.0,0.0,0.0,0.0,0.0,0.0,0.0,0.0,0.0,0.0,0.0,0.0,0.0,0.0,0.0,0.0,0.0,0.0,0.0,0.0,0.0,0.0,0.0,,,,,,,,,,,,,,,,,,,,,,,,,,,,,,,,,,,,,,,,,,,,,,,,,,,,,,,,,,,,,,,,,,,,,,,,,,,,,,,,,,,,,,,,,,,,,,,,,,,,,,,,,,,,,,,,,,,,,,,,,,,,,,,,,,,,,,,,,,,
PHO,2020,1.0,SEA,60,83,11.0,9.0,0.0,0.0,0.0,0.0,0.0,0.0,0.0,0.0,0.0,0.0,0.0,0.0,0.0,0.0,0.0,0.0,0.0,0.0,0.0,0.0,0.0,0.0,0.0,0.0,0.0,0.0,0.0,,,,,,,,,,,,,,,,,,,,,,,,,,,,,,,,,,,,,,,,,,,,,,,,,,,,,,,,,,,,,,,,,,,,,,,,,,,,,,,,,,,,,,,,,,,,,,,,,,,,,,,,,,,,,,,,,,,,,,,,,,,,,,,,,,,,,,,,,,,
SEA,2020,0.0,NYL,87,71,25.0,7.0,0.0,0.0,1.0,0.0,0.0,0.0,0.0,0.0,0.0,0.0,0.0,0.0,0.0,0.0,0.0,0.0,1.0,0.0,0.0,0.0,0.0,0.0,0.0,0.0,0.0,0.0,0.0,,,,,,,,,,,,,,,,,,,,,,,,,,,,,,,,,,,,,,,,,,,,,,,,,,,,,,,,,,,,,,,,,,,,,,,,,,,,,,,,,,,,,,,,,,,,,,,,,,,,,,,,,,,,,,,,,,,,,,,,,,,,,,,,,,,,,,,,,,,
SEA,2020,1.0,MIN,90,66,28.0,7.0,0.0,0.0,1.0,0.0,0.0,0.0,0.0,0.0,0.0,0.0,0.0,0.0,0.0,0.0,0.0,0.0,1.0,0.0,0.0,0.0,0.0,0.0,0.0,0.0,0.0,0.0,0.0,,,,,,,,,,,,,,,,,,,,,,,,,,,,,,,,,,,,,,,,,,,,,,,,,,,,,,,,,,,,,,,,,,,,,,,,,,,,,,,,,,,,,,,,,,,,,,,,,,,,,,,,,,,,,,,,,,,,,,,,,,,,,,,,,,,,,,,,,,,
SEA,2020,0.0,WAS,71,89,30.0,7.0,0.0,0.0,1.0,0.0,0.0,0.0,0.0,0.0,0.0,0.0,0.0,0.0,0.0,0.0,0.0,0.0,1.0,0.0,0.0,0.0,0.0,0.0,0.0,0.0,0.0,0.0,0.0,,,,,,,,,,,,,,,,,,,,,,,,,,,,,,,,,,,,,,,,,,,,,,,,,,,,,,,,,,,,,,,,,,,,,,,,,,,,,,,,,,,,,,,,,,,,,,,,,,,,,,,,,,,,,,,,,,,,,,,,,,,,,,,,,,,,,,,,,,,
SEA,2020,1.0,LAS,81,75,1.0,8.0,0.0,0.0,1.0,0.0,0.0,0.0,0.0,0.0,0.0,0.0,0.0,0.0,0.0,0.0,0.0,0.0,1.0,0.0,0.0,0.0,0.0,0.0,0.0,0.0,0.0,0.0,0.0,,,,,,,,,,,,,,,,,,,,,,,,,,,,,,,,,,,,,,,,,,,,,,,,,,,,,,,,,,,,,,,,,,,,,,,,,,,,,,,,,,,,,,,,,,,,,,,,,,,,,,,,,,,,,,,,,,,,,,,,,,,,,,,,,,,,,,,,,,,
SEA,2020,1.0,CON,87,74,4.0,8.0,0.0,0.0,1.0,0.0,0.0,0.0,0.0,0.0,0.0,0.0,0.0,0.0,0.0,0.0,0.0,0.0,1.0,0.0,0.0,0.0,0.0,0.0,0.0,0.0,0.0,0.0,0.0,,,,,,,,,,,,,,,,,,,,,,,,,,,,,,,,,,,,,,,,,,,,,,,,,,,,,,,,,,,,,,,,,,,,,,,,,,,,,,,,,,,,,,,,,,,,,,,,,,,,,,,,,,,,,,,,,,,,,,,,,,,,,,,,,,,,,,,,,,,
SEA,2020,0.0,ATL,93,92,6.0,8.0,0.0,0.0,1.0,0.0,0.0,0.0,0.0,0.0,0.0,0.0,0.0,0.0,0.0,0.0,0.0,0.0,1.0,0.0,0.0,0.0,0.0,0.0,0.0,0.0,0.0,0.0,0.0,,,,,,,,,,,,,,,,,,,,,,,,,,,,,,,,,,,,,,,,,,,,,,,,,,,,,,,,,,,,,,,,,,,,,,,,,,,,,,,,,,,,,,,,,,,,,,,,,,,,,,,,,,,,,,,,,,,,,,,,,,,,,,,,,,,,,,,,,,,
SEA,2020,1.0,PHO,74,68,8.0,8.0,0.0,0.0,1.0,0.0,0.0,0.0,0.0,0.0,0.0,0.0,0.0,0.0,0.0,0.0,0.0,0.0,1.0,0.0,0.0,0.0,0.0,0.0,0.0,0.0,0.0,0.0,0.0,,,,,,,,,,,,,,,,,,,,,,,,,,,,,,,,,,,,,,,,,,,,,,,,,,,,,,,,,,,,,,,,,,,,,,,,,,,,,,,,,,,,,,,,,,,,,,,,,,,,,,,,,,,,,,,,,,,,,,,,,,,,,,,,,,,,,,,,,,,
SEA,2020,1.0,CHI,89,71,10.0,8.0,0.0,0.0,1.0,0.0,0.0,0.0,0.0,0.0,0.0,0.0,0.0,0.0,0.0,0.0,0.0,0.0,1.0,0.0,0.0,0.0,0.0,0.0,0.0,0.0,0.0,0.0,0.0,,,,,,,,,,,,,,,,,,,,,,,,,,,,,,,,,,,,,,,,,,,,,,,,,,,,,,,,,,,,,,,,,,,,,,,,,,,,,,,,,,,,,,,,,,,,,,,,,,,,,,,,,,,,,,,,,,,,,,,,,,,,,,,,,,,,,,,,,,,
SEA,2020,1.0,ATL,100,63,12.0,8.0,0.0,0.0,1.0,0.0,0.0,0.0,0.0,0.0,0.0,0.0,0.0,0.0,0.0,0.0,0.0,0.0,1.0,0.0,0.0,0.0,0.0,0.0,0.0,0.0,0.0,0.0,0.0,,,,,,,,,,,,,,,,,,,,,,,,,,,,,,,,,,,,,,,,,,,,,,,,,,,,,,,,,,,,,,,,,,,,,,,,,,,,,,,,,,,,,,,,,,,,,,,,,,,,,,,,,,,,,,,,,,,,,,,,,,,,,,,,,,,,,,,,,,,
SEA,2020,0.0,DAL,83,65,14.0,8.0,0.0,0.0,1.0,0.0,0.0,0.0,0.0,0.0,0.0,0.0,0.0,0.0,0.0,0.0,0.0,0.0,1.0,0.0,0.0,0.0,0.0,0.0,0.0,0.0,0.0,0.0,0.0,,,,,,,,,,,,,,,,,,,,,,,,,,,,,,,,,,,,,,,,,,,,,,,,,,,,,,,,,,,,,,,,,,,,,,,,,,,,,,,,,,,,,,,,,,,,,,,,,,,,,,,,,,,,,,,,,,,,,,,,,,,,,,,,,,,,,,,,,,,
SEA,2020,0.0,CON,95,72,16.0,8.0,0.0,0.0,1.0,0.0,0.0,0.0,0.0,0.0,0.0,0.0,0.0,0.0,0.0,0.0,0.0,0.0,1.0,0.0,0.0,0.0,0.0,0.0,0.0,0.0,0.0,0.0,0.0,,,,,,,,,,,,,,,,,,,,,,,,,,,,,,,,,,,,,,,,,,,,,,,,,,,,,,,,,,,,,,,,,,,,,,,,,,,,,,,,,,,,,,,,,,,,,,,,,,,,,,,,,,,,,,,,,,,,,,,,,,,,,,,,,,,,,,,,,,,
SEA,2020,1.0,NYL,105,64,18.0,8.0,0.0,0.0,1.0,0.0,0.0,0.0,0.0,0.0,0.0,0.0,0.0,0.0,0.0,0.0,0.0,0.0,1.0,0.0,0.0,0.0,0.0,0.0,0.0,0.0,0.0,0.0,0.0,,,,,,,,,,,,,,,,,,,,,,,,,,,,,,,,,,,,,,,,,,,,,,,,,,,,,,,,,,,,,,,,,,,,,,,,,,,,,,,,,,,,,,,,,,,,,,,,,,,,,,,,,,,,,,,,,,,,,,,,,,,,,,,,,,,,,,,,,,,
SEA,2020,0.0,IND,84,90,20.0,8.0,0.0,0.0,1.0,0.0,0.0,0.0,0.0,0.0,0.0,0.0,0.0,0.0,0.0,0.0,0.0,0.0,1.0,0.0,0.0,0.0,0.0,0.0,0.0,0.0,0.0,0.0,0.0,,,,,,,,,,,,,,,,,,,,,,,,,,,,,,,,,,,,,,,,,,,,,,,,,,,,,,,,,,,,,,,,,,,,,,,,,,,,,,,,,,,,,,,,,,,,,,,,,,,,,,,,,,,,,,,,,,,,,,,,,,,,,,,,,,,,,,,,,,,
SEA,2020,0.0,LVA,74,82,22.0,8.0,0.0,0.0,1.0,0.0,0.0,0.0,0.0,0.0,0.0,0.0,0.0,0.0,0.0,0.0,0.0,0.0,1.0,0.0,0.0,0.0,0.0,0.0,0.0,0.0,0.0,0.0,0.0,,,,,,,,,,,,,,,,,,,,,,,,,,,,,,,,,,,,,,,,,,,,,,,,,,,,,,,,,,,,,,,,,,,,,,,,,,,,,,,,,,,,,,,,,,,,,,,,,,,,,,,,,,,,,,,,,,,,,,,,,,,,,,,,,,,,,,,,,,,
SEA,2020,1.0,IND,87,74,25.0,8.0,0.0,0.0,1.0,0.0,0.0,0.0,0.0,0.0,0.0,0.0,0.0,0.0,0.0,0.0,0.0,0.0,1.0,0.0,0.0,0.0,0.0,0.0,0.0,0.0,0.0,0.0,0.0,,,,,,,,,,,,,,,,,,,,,,,,,,,,,,,,,,,,,,,,,,,,,,,,,,,,,,,,,,,,,,,,,,,,,,,,,,,,,,,,,,,,,,,,,,,,,,,,,,,,,,,,,,,,,,,,,,,,,,,,,,,,,,,,,,,,,,,,,,,
SEA,2020,0.0,CHI,88,74,29.0,8.0,0.0,0.0,1.0,0.0,0.0,0.0,0.0,0.0,0.0,0.0,0.0,0.0,0.0,0.0,0.0,0.0,1.0,0.0,0.0,0.0,0.0,0.0,0.0,0.0,0.0,0.0,0.0,,,,,,,,,,,,,,,,,,,,,,,,,,,,,,,,,,,,,,,,,,,,,,,,,,,,,,,,,,,,,,,,,,,,,,,,,,,,,,,,,,,,,,,,,,,,,,,,,,,,,,,,,,,,,,,,,,,,,,,,,,,,,,,,,,,,,,,,,,,
SEA,2020,1.0,WAS,71,64,2.0,9.0,0.0,0.0,1.0,0.0,0.0,0.0,0.0,0.0,0.0,0.0,0.0,0.0,0.0,0.0,0.0,0.0,1.0,0.0,0.0,0.0,0.0,0.0,0.0,0.0,0.0,0.0,0.0,,,,,,,,,,,,,,,,,,,,,,,,,,,,,,,,,,,,,,,,,,,,,,,,,,,,,,,,,,,,,,,,,,,,,,,,,,,,,,,,,,,,,,,,,,,,,,,,,,,,,,,,,,,,,,,,,,,,,,,,,,,,,,,,,,,,,,,,,,,
SEA,2020,0.0,LAS,90,89,4.0,9.0,0.0,0.0,1.0,0.0,0.0,0.0,0.0,0.0,0.0,0.0,0.0,0.0,0.0,0.0,0.0,0.0,1.0,0.0,0.0,0.0,0.0,0.0,0.0,0.0,0.0,0.0,0.0,,,,,,,,,,,,,,,,,,,,,,,,,,,,,,,,,,,,,,,,,,,,,,,,,,,,,,,,,,,,,,,,,,,,,,,,,,,,,,,,,,,,,,,,,,,,,,,,,,,,,,,,,,,,,,,,,,,,,,,,,,,,,,,,,,,,,,,,,,,
SEA,2020,0.0,MIN,103,88,6.0,9.0,0.0,0.0,1.0,0.0,0.0,0.0,0.0,0.0,0.0,0.0,0.0,0.0,0.0,0.0,0.0,0.0,1.0,0.0,0.0,0.0,0.0,0.0,0.0,0.0,0.0,0.0,0.0,,,,,,,,,,,,,,,,,,,,,,,,,,,,,,,,,,,,,,,,,,,,,,,,,,,,,,,,,,,,,,,,,,,,,,,,,,,,,,,,,,,,,,,,,,,,,,,,,,,,,,,,,,,,,,,,,,,,,,,,,,,,,,,,,,,,,,,,,,,
SEA,2020,1.0,DAL,107,95,9.0,9.0,0.0,0.0,1.0,0.0,0.0,0.0,0.0,0.0,0.0,0.0,0.0,0.0,0.0,0.0,0.0,0.0,1.0,0.0,0.0,0.0,0.0,0.0,0.0,0.0,0.0,0.0,0.0,,,,,,,,,,,,,,,,,,,,,,,,,,,,,,,,,,,,,,,,,,,,,,,,,,,,,,,,,,,,,,,,,,,,,,,,,,,,,,,,,,,,,,,,,,,,,,,,,,,,,,,,,,,,,,,,,,,,,,,,,,,,,,,,,,,,,,,,,,,
SEA,2020,0.0,PHO,83,60,11.0,9.0,0.0,0.0,1.0,0.0,0.0,0.0,0.0,0.0,0.0,0.0,0.0,0.0,0.0,0.0,0.0,0.0,1.0,0.0,0.0,0.0,0.0,0.0,0.0,0.0,0.0,0.0,0.0,,,,,,,,,,,,,,,,,,,,,,,,,,,,,,,,,,,,,,,,,,,,,,,,,,,,,,,,,,,,,,,,,,,,,,,,,,,,,,,,,,,,,,,,,,,,,,,,,,,,,,,,,,,,,,,,,,,,,,,,,,,,,,,,,,,,,,,,,,,
SEA,2020,1.0,LVA,84,86,13.0,9.0,0.0,0.0,1.0,0.0,0.0,0.0,0.0,0.0,0.0,0.0,0.0,0.0,0.0,0.0,0.0,0.0,1.0,0.0,0.0,0.0,0.0,0.0,0.0,0.0,0.0,0.0,0.0,,,,,,,,,,,,,,,,,,,,,,,,,,,,,,,,,,,,,,,,,,,,,,,,,,,,,,,,,,,,,,,,,,,,,,,,,,,,,,,,,,,,,,,,,,,,,,,,,,,,,,,,,,,,,,,,,,,,,,,,,,,,,,,,,,,,,,,,,,,
WAS,2020,1.0,IND,101,76,25.0,7.0,0.0,0.0,0.0,0.0,0.0,0.0,0.0,0.0,0.0,0.0,0.0,0.0,0.0,0.0,0.0,0.0,0.0,0.0,0.0,0.0,0.0,0.0,0.0,0.0,0.0,0.0,0.0,,,,,,,,,,,,,,,,,,,,,,,,,,,,,,,,,,,,,,,,,,,,,,,,,,,,,,,,,,,,,,,,,,,,,,,,,,,,,,,,,,,,,,,,,,,,,,,,,,,,,,,,,,,,,,,,,,,,,,,,,,,,,,,,,,,,,,,,,,,
WAS,2020,0.0,CON,94,89,28.0,7.0,0.0,0.0,0.0,0.0,0.0,0.0,0.0,0.0,0.0,0.0,0.0,0.0,0.0,0.0,0.0,0.0,0.0,0.0,0.0,0.0,0.0,0.0,0.0,0.0,0.0,0.0,0.0,,,,,,,,,,,,,,,,,,,,,,,,,,,,,,,,,,,,,,,,,,,,,,,,,,,,,,,,,,,,,,,,,,,,,,,,,,,,,,,,,,,,,,,,,,,,,,,,,,,,,,,,,,,,,,,,,,,,,,,,,,,,,,,,,,,,,,,,,,,
WAS,2020,1.0,SEA,89,71,30.0,7.0,0.0,0.0,0.0,0.0,0.0,0.0,0.0,0.0,0.0,0.0,0.0,0.0,0.0,0.0,0.0,0.0,0.0,0.0,0.0,0.0,0.0,0.0,0.0,0.0,0.0,0.0,0.0,,,,,,,,,,,,,,,,,,,,,,,,,,,,,,,,,,,,,,,,,,,,,,,,,,,,,,,,,,,,,,,,,,,,,,,,,,,,,,,,,,,,,,,,,,,,,,,,,,,,,,,,,,,,,,,,,,,,,,,,,,,,,,,,,,,,,,,,,,,
WAS,2020,0.0,CHI,86,88,1.0,8.0,0.0,0.0,0.0,0.0,0.0,0.0,0.0,0.0,0.0,0.0,0.0,0.0,0.0,0.0,0.0,0.0,0.0,0.0,0.0,0.0,0.0,0.0,0.0,0.0,0.0,0.0,0.0,,,,,,,,,,,,,,,,,,,,,,,,,,,,,,,,,,,,,,,,,,,,,,,,,,,,,,,,,,,,,,,,,,,,,,,,,,,,,,,,,,,,,,,,,,,,,,,,,,,,,,,,,,,,,,,,,,,,,,,,,,,,,,,,,,,,,,,,,,,
WAS,2020,1.0,LVA,77,83,5.0,8.0,0.0,0.0,0.0,0.0,0.0,0.0,0.0,0.0,0.0,0.0,0.0,0.0,0.0,0.0,0.0,0.0,0.0,0.0,0.0,0.0,0.0,0.0,0.0,0.0,0.0,0.0,0.0,,,,,,,,,,,,,,,,,,,,,,,,,,,,,,,,,,,,,,,,,,,,,,,,,,,,,,,,,,,,,,,,,,,,,,,,,,,,,,,,,,,,,,,,,,,,,,,,,,,,,,,,,,,,,,,,,,,,,,,,,,,,,,,,,,,,,,,,,,,
WAS,2020,1.0,NYL,66,74,7.0,8.0,0.0,0.0,0.0,0.0,0.0,0.0,0.0,0.0,0.0,0.0,0.0,0.0,0.0,0.0,0.0,0.0,0.0,0.0,0.0,0.0,0.0,0.0,0.0,0.0,0.0,0.0,0.0,,,,,,,,,,,,,,,,,,,,,,,,,,,,,,,,,,,,,,,,,,,,,,,,,,,,,,,,,,,,,,,,,,,,,,,,,,,,,,,,,,,,,,,,,,,,,,,,,,,,,,,,,,,,,,,,,,,,,,,,,,,,,,,,,,,,,,,,,,,
WAS,2020,0.0,IND,84,91,9.0,8.0,0.0,0.0,0.0,0.0,0.0,0.0,0.0,0.0,0.0,0.0,0.0,0.0,0.0,0.0,0.0,0.0,0.0,0.0,0.0,0.0,0.0,0.0,0.0,0.0,0.0,0.0,0.0,,,,,,,,,,,,,,,,,,,,,,,,,,,,,,,,,,,,,,,,,,,,,,,,,,,,,,,,,,,,,,,,,,,,,,,,,,,,,,,,,,,,,,,,,,,,,,,,,,,,,,,,,,,,,,,,,,,,,,,,,,,,,,,,,,,,,,,,,,,
WAS,2020,0.0,MIN,48,68,11.0,8.0,0.0,0.0,0.0,0.0,0.0,0.0,0.0,0.0,0.0,0.0,0.0,0.0,0.0,0.0,0.0,0.0,0.0,0.0,0.0,0.0,0.0,0.0,0.0,0.0,0.0,0.0,0.0,,,,,,,,,,,,,,,,,,,,,,,,,,,,,,,,,,,,,,,,,,,,,,,,,,,,,,,,,,,,,,,,,,,,,,,,,,,,,,,,,,,,,,,,,,,,,,,,,,,,,,,,,,,,,,,,,,,,,,,,,,,,,,,,,,,,,,,,,,,
WAS,2020,1.0,LAS,64,81,13.0,8.0,0.0,0.0,0.0,0.0,0.0,0.0,0.0,0.0,0.0,0.0,0.0,0.0,0.0,0.0,0.0,0.0,0.0,0.0,0.0,0.0,0.0,0.0,0.0,0.0,0.0,0.0,0.0,,,,,,,,,,,,,,,,,,,,,,,,,,,,,,,,,,,,,,,,,,,,,,,,,,,,,,,,,,,,,,,,,,,,,,,,,,,,,,,,,,,,,,,,,,,,,,,,,,,,,,,,,,,,,,,,,,,,,,,,,,,,,,,,,,,,,,,,,,,
WAS,2020,0.0,LVA,73,88,15.0,8.0,0.0,0.0,0.0,0.0,0.0,0.0,0.0,0.0,0.0,0.0,0.0,0.0,0.0,0.0,0.0,0.0,0.0,0.0,0.0,0.0,0.0,0.0,0.0,0.0,0.0,0.0,0.0,,,,,,,,,,,,,,,,,,,,,,,,,,,,,,,,,,,,,,,,,,,,,,,,,,,,,,,,,,,,,,,,,,,,,,,,,,,,,,,,,,,,,,,,,,,,,,,,,,,,,,,,,,,,,,,,,,,,,,,,,,,,,,,,,,,,,,,,,,,
WAS,2020,1.0,ATL,98,91,19.0,8.0,0.0,0.0,0.0,0.0,0.0,0.0,0.0,0.0,0.0,0.0,0.0,0.0,0.0,0.0,0.0,0.0,0.0,0.0,0.0,0.0,0.0,1.0,0.0,0.0,0.0,0.0,0.0,,,,,,,,,,,,,,,,,,,,,,,,,,,,,,,,,,,,,,,,,,,,,,,,,,,,,,,,,,,,,,,,,,,,,,,,,,,,,,,,,,,,,,,,,,,,,,,,,,,,,,,,,,,,,,,,,,,,,,,,,,,,,,,,,,,,,,,,,,,
WAS,2020,0.0,DAL,92,101,21.0,8.0,0.0,0.0,0.0,0.0,0.0,0.0,0.0,0.0,0.0,0.0,0.0,0.0,0.0,0.0,0.0,0.0,0.0,0.0,0.0,0.0,0.0,1.0,0.0,0.0,0.0,0.0,0.0,,,,,,,,,,,,,,,,,,,,,,,,,,,,,,,,,,,,,,,,,,,,,,,,,,,,,,,,,,,,,,,,,,,,,,,,,,,,,,,,,,,,,,,,,,,,,,,,,,,,,,,,,,,,,,,,,,,,,,,,,,,,,,,,,,,,,,,,,,,
WAS,2020,1.0,PHO,87,88,23.0,8.0,0.0,0.0,0.0,0.0,0.0,0.0,0.0,0.0,0.0,0.0,0.0,0.0,0.0,0.0,0.0,0.0,0.0,0.0,0.0,0.0,0.0,1.0,0.0,0.0,0.0,0.0,0.0,,,,,,,,,,,,,,,,,,,,,,,,,,,,,,,,,,,,,,,,,,,,,,,,,,,,,,,,,,,,,,,,,,,,,,,,,,,,,,,,,,,,,,,,,,,,,,,,,,,,,,,,,,,,,,,,,,,,,,,,,,,,,,,,,,,,,,,,,,,
WAS,2020,0.0,PHO,72,94,28.0,8.0,0.0,0.0,0.0,0.0,0.0,0.0,0.0,0.0,0.0,0.0,0.0,0.0,0.0,0.0,0.0,0.0,0.0,0.0,0.0,0.0,0.0,1.0,0.0,0.0,0.0,0.0,0.0,,,,,,,,,,,,,,,,,,,,,,,,,,,,,,,,,,,,,,,,,,,,,,,,,,,,,,,,,,,,,,,,,,,,,,,,,,,,,,,,,,,,,,,,,,,,,,,,,,,,,,,,,,,,,,,,,,,,,,,,,,,,,,,,,,,,,,,,,,,
WAS,2020,1.0,CON,63,76,30.0,8.0,0.0,0.0,0.0,0.0,0.0,0.0,0.0,0.0,0.0,0.0,0.0,0.0,0.0,0.0,0.0,0.0,0.0,0.0,0.0,0.0,0.0,1.0,0.0,0.0,0.0,0.0,0.0,,,,,,,,,,,,,,,,,,,,,,,,,,,,,,,,,,,,,,,,,,,,,,,,,,,,,,,,,,,,,,,,,,,,,,,,,,,,,,,,,,,,,,,,,,,,,,,,,,,,,,,,,,,,,,,,,,,,,,,,,,,,,,,,,,,,,,,,,,,
WAS,2020,0.0,SEA,64,71,2.0,9.0,0.0,0.0,0.0,0.0,0.0,0.0,0.0,0.0,0.0,0.0,0.0,0.0,0.0,0.0,0.0,0.0,0.0,0.0,0.0,0.0,0.0,1.0,0.0,0.0,0.0,0.0,0.0,,,,,,,,,,,,,,,,,,,,,,,,,,,,,,,,,,,,,,,,,,,,,,,,,,,,,,,,,,,,,,,,,,,,,,,,,,,,,,,,,,,,,,,,,,,,,,,,,,,,,,,,,,,,,,,,,,,,,,,,,,,,,,,,,,,,,,,,,,,
WAS,2020,1.0,CHI,79,69,4.0,9.0,0.0,0.0,0.0,0.0,0.0,0.0,0.0,0.0,0.0,0.0,0.0,0.0,0.0,0.0,0.0,0.0,0.0,0.0,0.0,0.0,0.0,1.0,0.0,0.0,0.0,0.0,0.0,,,,,,,,,,,,,,,,,,,,,,,,,,,,,,,,,,,,,,,,,,,,,,,,,,,,,,,,,,,,,,,,,,,,,,,,,,,,,,,,,,,,,,,,,,,,,,,,,,,,,,,,,,,,,,,,,,,,,,,,,,,,,,,,,,,,,,,,,,,
WAS,2020,1.0,DAL,94,101,6.0,9.0,0.0,0.0,0.0,0.0,0.0,0.0,0.0,0.0,0.0,0.0,0.0,0.0,0.0,0.0,0.0,0.0,0.0,0.0,0.0,0.0,0.0,1.0,0.0,0.0,0.0,0.0,0.0,,,,,,,,,,,,,,,,,,,,,,,,,,,,,,,,,,,,,,,,,,,,,,,,,,,,,,,,,,,,,,,,,,,,,,,,,,,,,,,,,,,,,,,,,,,,,,,,,,,,,,,,,,,,,,,,,,,,,,,,,,,,,,,,,,,,,,,,,,,
WAS,2020,1.0,MIN,89,86,8.0,9.0,0.0,0.0,0.0,0.0,0.0,0.0,0.0,0.0,0.0,0.0,0.0,0.0,0.0,0.0,0.0,0.0,0.0,0.0,0.0,0.0,0.0,1.0,0.0,0.0,0.0,0.0,0.0,,,,,,,,,,,,,,,,,,,,,,,,,,,,,,,,,,,,,,,,,,,,,,,,,,,,,,,,,,,,,,,,,,,,,,,,,,,,,,,,,,,,,,,,,,,,,,,,,,,,,,,,,,,,,,,,,,,,,,,,,,,,,,,,,,,,,,,,,,,
WAS,2020,0.0,LAS,80,72,10.0,9.0,0.0,0.0,0.0,0.0,0.0,0.0,0.0,0.0,0.0,0.0,0.0,0.0,0.0,0.0,0.0,0.0,0.0,0.0,0.0,0.0,0.0,1.0,0.0,0.0,0.0,0.0,0.0,,,,,,,,,,,,,,,,,,,,,,,,,,,,,,,,,,,,,,,,,,,,,,,,,,,,,,,,,,,,,,,,,,,,,,,,,,,,,,,,,,,,,,,,,,,,,,,,,,,,,,,,,,,,,,,,,,,,,,,,,,,,,,,,,,,,,,,,,,,
WAS,2020,0.0,NYL,75,58,12.0,9.0,0.0,0.0,0.0,0.0,0.0,0.0,0.0,0.0,0.0,0.0,0.0,0.0,0.0,0.0,0.0,0.0,0.0,0.0,0.0,0.0,0.0,1.0,0.0,0.0,0.0,0.0,0.0,,,,,,,,,,,,,,,,,,,,,,,,,,,,,,,,,,,,,,,,,,,,,,,,,,,,,,,,,,,,,,,,,,,,,,,,,,,,,,,,,,,,,,,,,,,,,,,,,,,,,,,,,,,,,,,,,,,,,,,,,,,,,,,,,,,,,,,,,,,
WAS,2020,0.0,ATL,85,78,13.0,9.0,0.0,0.0,0.0,0.0,0.0,0.0,0.0,0.0,0.0,0.0,0.0,0.0,0.0,0.0,0.0,0.0,0.0,0.0,0.0,0.0,0.0,1.0,0.0,0.0,0.0,0.0,0.0,,,,,,,,,,,,,,,,,,,,,,,,,,,,,,,,,,,,,,,,,,,,,,,,,,,,,,,,,,,,,,,,,,,,,,,,,,,,,,,,,,,,,,,,,,,,,,,,,,,,,,,,,,,,,,,,,,,,,,,,,,,,,,,,,,,,,,,,,,,
LVA,2020,1.0,CHI,86,88,26.0,7.0,0.0,0.0,0.0,0.0,0.0,0.0,0.0,0.0,0.0,0.0,0.0,0.0,0.0,0.0,0.0,0.0,0.0,0.0,0.0,0.0,0.0,0.0,0.0,0.0,0.0,0.0,0.0,,,,,,,,,,,,,,,,,,,,,,,,,,,,,,,,,,,,,,,,,,,,,,,,,,,,,,,,,,,,,,,,,,,,,,,,,,,,,,,,,,,,,,,,,,,,,,,,,,,,,,,,,,,,,,,,,,,,,,,,,,,,,,,,,,,,,,,,,,,
LVA,2020,1.0,ATL,100,70,29.0,7.0,0.0,0.0,0.0,0.0,0.0,0.0,0.0,0.0,0.0,0.0,0.0,0.0,0.0,0.0,0.0,0.0,0.0,0.0,0.0,0.0,0.0,0.0,0.0,0.0,0.0,0.0,0.0,,,,,,,,,,,,,,,,,,,,,,,,,,,,,,,,,,,,,,,,,,,,,,,,,,,,,,,,,,,,,,,,,,,,,,,,,,,,,,,,,,,,,,,,,,,,,,,,,,,,,,,,,,,,,,,,,,,,,,,,,,,,,,,,,,,,,,,,,,,
LVA,2020,0.0,PHO,95,102,31.0,7.0,0.0,0.0,0.0,0.0,0.0,0.0,0.0,0.0,0.0,0.0,0.0,0.0,0.0,0.0,0.0,0.0,0.0,0.0,0.0,0.0,0.0,0.0,0.0,0.0,0.0,0.0,0.0,,,,,,,,,,,,,,,,,,,,,,,,,,,,,,,,,,,,,,,,,,,,,,,,,,,,,,,,,,,,,,,,,,,,,,,,,,,,,,,,,,,,,,,,,,,,,,,,,,,,,,,,,,,,,,,,,,,,,,,,,,,,,,,,,,,,,,,,,,,
LVA,2020,1.0,DAL,79,70,2.0,8.0,0.0,0.0,0.0,0.0,0.0,0.0,0.0,0.0,0.0,0.0,0.0,0.0,0.0,0.0,0.0,0.0,0.0,0.0,0.0,0.0,0.0,0.0,0.0,0.0,0.0,0.0,0.0,,,,,,,,,,,,,,,,,,,,,,,,,,,,,,,,,,,,,,,,,,,,,,,,,,,,,,,,,,,,,,,,,,,,,,,,,,,,,,,,,,,,,,,,,,,,,,,,,,,,,,,,,,,,,,,,,,,,,,,,,,,,,,,,,,,,,,,,,,,
LVA,2020,0.0,WAS,83,77,5.0,8.0,0.0,0.0,0.0,0.0,0.0,0.0,0.0,0.0,0.0,0.0,0.0,0.0,0.0,0.0,0.0,0.0,0.0,0.0,0.0,0.0,0.0,0.0,0.0,0.0,0.0,0.0,0.0,,,,,,,,,,,,,,,,,,,,,,,,,,,,,,,,,,,,,,,,,,,,,,,,,,,,,,,,,,,,,,,,,,,,,,,,,,,,,,,,,,,,,,,,,,,,,,,,,,,,,,,,,,,,,,,,,,,,,,,,,,,,,,,,,,,,,,,,,,,
LVA,2020,1.0,LAS,86,82,7.0,8.0,0.0,0.0,0.0,0.0,0.0,0.0,0.0,0.0,0.0,0.0,0.0,0.0,0.0,0.0,0.0,0.0,0.0,0.0,0.0,0.0,0.0,0.0,0.0,0.0,0.0,0.0,0.0,,,,,,,,,,,,,,,,,,,,,,,,,,,,,,,,,,,,,,,,,,,,,,,,,,,,,,,,,,,,,,,,,,,,,,,,,,,,,,,,,,,,,,,,,,,,,,,,,,,,,,,,,,,,,,,,,,,,,,,,,,,,,,,,,,,,,,,,,,,
LVA,2020,0.0,NYL,78,76,9.0,8.0,0.0,0.0,0.0,0.0,0.0,0.0,0.0,0.0,0.0,0.0,0.0,0.0,0.0,0.0,0.0,0.0,0.0,0.0,0.0,0.0,0.0,0.0,0.0,0.0,0.0,0.0,0.0,,,,,,,,,,,,,,,,,,,,,,,,,,,,,,,,,,,,,,,,,,,,,,,,,,,,,,,,,,,,,,,,,,,,,,,,,,,,,,,,,,,,,,,,,,,,,,,,,,,,,,,,,,,,,,,,,,,,,,,,,,,,,,,,,,,,,,,,,,,
LVA,2020,0.0,IND,98,79,11.0,8.0,0.0,0.0,0.0,0.0,0.0,0.0,0.0,0.0,0.0,0.0,0.0,0.0,0.0,0.0,0.0,0.0,0.0,0.0,0.0,0.0,0.0,0.0,0.0,0.0,0.0,0.0,0.0,,,,,,,,,,,,,,,,,,,,,,,,,,,,,,,,,,,,,,,,,,,,,,,,,,,,,,,,,,,,,,,,,,,,,,,,,,,,,,,,,,,,,,,,,,,,,,,,,,,,,,,,,,,,,,,,,,,,,,,,,,,,,,,,,,,,,,,,,,,
LVA,2020,1.0,MIN,87,77,13.0,8.0,0.0,0.0,0.0,0.0,0.0,0.0,0.0,0.0,0.0,0.0,0.0,0.0,0.0,0.0,0.0,0.0,0.0,0.0,0.0,0.0,0.0,0.0,0.0,0.0,0.0,0.0,0.0,,,,,,,,,,,,,,,,,,,,,,,,,,,,,,,,,,,,,,,,,,,,,,,,,,,,,,,,,,,,,,,,,,,,,,,,,,,,,,,,,,,,,,,,,,,,,,,,,,,,,,,,,,,,,,,,,,,,,,,,,,,,,,,,,,,,,,,,,,,
LVA,2020,1.0,WAS,88,73,15.0,8.0,0.0,0.0,0.0,0.0,0.0,0.0,0.0,0.0,0.0,0.0,0.0,0.0,0.0,0.0,0.0,0.0,0.0,0.0,0.0,0.0,0.0,0.0,0.0,0.0,0.0,0.0,0.0,,,,,,,,,,,,,,,,,,,,,,,,,,,,,,,,,,,,,,,,,,,,,,,,,,,,,,,,,,,,,,,,,,,,,,,,,,,,,,,,,,,,,,,,,,,,,,,,,,,,,,,,,,,,,,,,,,,,,,,,,,,,,,,,,,,,,,,,,,,
LVA,2020,0.0,CHI,82,84,18.0,8.0,0.0,0.0,0.0,0.0,0.0,0.0,0.0,0.0,0.0,0.0,0.0,0.0,0.0,0.0,0.0,0.0,0.0,0.0,0.0,0.0,0.0,0.0,0.0,0.0,0.0,0.0,0.0,,,,,,,,,,,,,,,,,,,,,,,,,,,,,,,,,,,,,,,,,,,,,,,,,,,,,,,,,,,,,,,,,,,,,,,,,,,,,,,,,,,,,,,,,,,,,,,,,,,,,,,,,,,,,,,,,,,,,,,,,,,,,,,,,,,,,,,,,,,
LVA,2020,1.0,CON,99,78,20.0,8.0,0.0,0.0,0.0,0.0,0.0,0.0,0.0,0.0,0.0,0.0,0.0,0.0,0.0,0.0,0.0,0.0,0.0,0.0,0.0,0.0,0.0,0.0,0.0,0.0,0.0,0.0,0.0,,,,,,,,,,,,,,,,,,,,,,,,,,,,,,,,,,,,,,,,,,,,,,,,,,,,,,,,,,,,,,,,,,,,,,,,,,,,,,,,,,,,,,,,,,,,,,,,,,,,,,,,,,,,,,,,,,,,,,,,,,,,,,,,,,,,,,,,,,,
LVA,2020,1.0,SEA,82,74,22.0,8.0,0.0,0.0,0.0,0.0,0.0,0.0,0.0,0.0,0.0,0.0,0.0,0.0,0.0,0.0,0.0,0.0,0.0,0.0,0.0,0.0,0.0,0.0,0.0,0.0,0.0,0.0,0.0,,,,,,,,,,,,,,,,,,,,,,,,,,,,,,,,,,,,,,,,,,,,,,,,,,,,,,,,,,,,,,,,,,,,,,,,,,,,,,,,,,,,,,,,,,,,,,,,,,,,,,,,,,,,,,,,,,,,,,,,,,,,,,,,,,,,,,,,,,,
LVA,2020,0.0,DAL,96,92,25.0,8.0,0.0,0.0,0.0,0.0,0.0,0.0,0.0,0.0,0.0,0.0,0.0,0.0,0.0,0.0,0.0,0.0,0.0,0.0,0.0,0.0,0.0,0.0,0.0,0.0,0.0,0.0,0.0,,,,,,,,,,,,,,,,,,,,,,,,,,,,,,,,,,,,,,,,,,,,,,,,,,,,,,,,,,,,,,,,,,,,,,,,,,,,,,,,,,,,,,,,,,,,,,,,,,,,,,,,,,,,,,,,,,,,,,,,,,,,,,,,,,,,,,,,,,,
LVA,2020,1.0,NYL,80,63,29.0,8.0,0.0,0.0,0.0,0.0,0.0,0.0,0.0,0.0,0.0,0.0,0.0,0.0,0.0,0.0,0.0,0.0,0.0,0.0,0.0,0.0,0.0,0.0,0.0,0.0,0.0,0.0,0.0,,,,,,,,,,,,,,,,,,,,,,,,,,,,,,,,,,,,,,,,,,,,,,,,,,,,,,,,,,,,,,,,,,,,,,,,,,,,,,,,,,,,,,,,,,,,,,,,,,,,,,,,,,,,,,,,,,,,,,,,,,,,,,,,,,,,,,,,,,,
LVA,2020,1.0,PHO,85,92,1.0,9.0,0.0,0.0,0.0,0.0,0.0,0.0,0.0,0.0,0.0,0.0,0.0,0.0,0.0,0.0,0.0,0.0,0.0,0.0,0.0,0.0,0.0,0.0,0.0,0.0,0.0,0.0,0.0,,,,,,,,,,,,,,,,,,,,,,,,,,,,,,,,,,,,,,,,,,,,,,,,,,,,,,,,,,,,,,,,,,,,,,,,,,,,,,,,,,,,,,,,,,,,,,,,,,,,,,,,,,,,,,,,,,,,,,,,,,,,,,,,,,,,,,,,,,,
LVA,2020,0.0,CON,93,78,3.0,9.0,0.0,0.0,0.0,0.0,0.0,0.0,0.0,0.0,0.0,0.0,0.0,0.0,0.0,0.0,0.0,0.0,0.0,0.0,0.0,0.0,0.0,0.0,0.0,0.0,0.0,0.0,0.0,,,,,,,,,,,,,,,,,,,,,,,,,,,,,,,,,,,,,,,,,,,,,,,,,,,,,,,,,,,,,,,,,,,,,,,,,,,,,,,,,,,,,,,,,,,,,,,,,,,,,,,,,,,,,,,,,,,,,,,,,,,,,,,,,,,,,,,,,,,
LVA,2020,0.0,ATL,89,79,5.0,9.0,0.0,0.0,0.0,0.0,0.0,0.0,0.0,0.0,0.0,0.0,0.0,0.0,0.0,0.0,0.0,0.0,0.0,0.0,0.0,0.0,0.0,0.0,0.0,0.0,0.0,0.0,0.0,,,,,,,,,,,,,,,,,,,,,,,,,,,,,,,,,,,,,,,,,,,,,,,,,,,,,,,,,,,,,,,,,,,,,,,,,,,,,,,,,,,,,,,,,,,,,,,,,,,,,,,,,,,,,,,,,,,,,,,,,,,,,,,,,,,,,,,,,,,
LVA,2020,1.0,IND,92,86,8.0,9.0,0.0,0.0,0.0,0.0,0.0,0.0,0.0,0.0,0.0,0.0,0.0,0.0,0.0,0.0,0.0,0.0,0.0,0.0,0.0,0.0,0.0,0.0,0.0,0.0,0.0,0.0,0.0,,,,,,,,,,,,,,,,,,,,,,,,,,,,,,,,,,,,,,,,,,,,,,,,,,,,,,,,,,,,,,,,,,,,,,,,,,,,,,,,,,,,,,,,,,,,,,,,,,,,,,,,,,,,,,,,,,,,,,,,,,,,,,,,,,,,,,,,,,,
LVA,2020,0.0,MIN,104,89,10.0,9.0,0.0,0.0,0.0,0.0,0.0,0.0,0.0,0.0,0.0,0.0,0.0,0.0,0.0,0.0,0.0,0.0,0.0,0.0,0.0,0.0,0.0,0.0,0.0,0.0,0.0,0.0,0.0,,,,,,,,,,,,,,,,,,,,,,,,,,,,,,,,,,,,,,,,,,,,,,,,,,,,,,,,,,,,,,,,,,,,,,,,,,,,,,,,,,,,,,,,,,,,,,,,,,,,,,,,,,,,,,,,,,,,,,,,,,,,,,,,,,,,,,,,,,,
LVA,2020,0.0,LAS,84,70,12.0,9.0,0.0,0.0,0.0,0.0,0.0,0.0,0.0,0.0,0.0,0.0,0.0,0.0,0.0,0.0,0.0,0.0,0.0,0.0,0.0,0.0,0.0,0.0,0.0,0.0,0.0,0.0,0.0,,,,,,,,,,,,,,,,,,,,,,,,,,,,,,,,,,,,,,,,,,,,,,,,,,,,,,,,,,,,,,,,,,,,,,,,,,,,,,,,,,,,,,,,,,,,,,,,,,,,,,,,,,,,,,,,,,,,,,,,,,,,,,,,,,,,,,,,,,,
LVA,2020,0.0,SEA,86,84,13.0,9.0,0.0,0.0,0.0,0.0,0.0,0.0,0.0,0.0,0.0,0.0,0.0,0.0,0.0,0.0,0.0,0.0,0.0,0.0,0.0,0.0,0.0,0.0,0.0,0.0,0.0,0.0,0.0,,,,,,,,,,,,,,,,,,,,,,,,,,,,,,,,,,,,,,,,,,,,,,,,,,,,,,,,,,,,,,,,,,,,,,,,,,,,,,,,,,,,,,,,,,,,,,,,,,,,,,,,,,,,,,,,,,,,,,,,,,,,,,,,,,,,,,,,,,,
ATL,2021,1.0,CON,67,78,14.0,5.0,0.0,0.0,1.0,0.0,0.0,0.0,0.0,0.0,0.0,0.0,0.0,0.0,1.0,0.0,0.0,0.0,0.0,0.0,0.0,0.0,1.0,0.0,0.0,0.0,0.0,0.0,0.0,,,,,,,,,,,,,,,,,,,,,,,,,,,,,,,,,,,,,,,,,,,,,,,,,,,,,,,,,,,,,,,,,,,,,,,,,,,,,,,,,,,,,,,,,,,,,,,,,,,,,,,,,,,,,,,,,,,,,,,,,,,,,,,,,,,,,,,,,,,
ATL,2021,1.0,CHI,77,85,19.0,5.0,0.0,0.0,1.0,0.0,0.0,0.0,0.0,0.0,0.0,0.0,0.0,0.0,1.0,0.0,0.0,0.0,0.0,0.0,0.0,0.0,1.0,0.0,0.0,0.0,0.0,0.0,0.0,,,,,,,,,,,,,,,,,,,,,,,,,,,,,,,,,,,,,,,,,,,,,,,,,,,,,,,,,,,,,,,,,,,,,,,,,,,,,,,,,,,,,,,,,,,,,,,,,,,,,,,,,,,,,,,,,,,,,,,,,,,,,,,,,,,,,,,,,,,
ATL,2021,0.0,IND,83,79,21.0,5.0,0.0,0.0,1.0,0.0,0.0,0.0,0.0,0.0,0.0,0.0,0.0,0.0,0.0,0.0,0.0,0.0,0.0,0.0,0.0,0.0,1.0,0.0,0.0,0.0,0.0,0.0,0.0,,,,,,,,,,,,,,,,,,,,,,,,,,,,,,,,,,,,,,,,,,,,,,,,,,,,,,,,,,,,,,,,,,,,,,,,,,,,,,,,,,,,,,,,,,,,,,,,,,,,,,,,,,,,,,,,,,,,,,,,,,,,,,,,,,,,,,,,,,,
ATL,2021,0.0,CHI,90,83,25.0,5.0,0.0,0.0,1.0,0.0,0.0,0.0,0.0,0.0,0.0,0.0,0.0,0.0,1.0,0.0,0.0,0.0,0.0,0.0,0.0,0.0,1.0,0.0,0.0,0.0,0.0,0.0,0.0,,,,,,,,,,,,,,,,,,,,,,,,,,,,,,,,,,,,,,,,,,,,,,,,,,,,,,,,,,,,,,,,,,,,,,,,,,,,,,,,,,,,,,,,,,,,,,,,,,,,,,,,,,,,,,,,,,,,,,,,,,,,,,,,,,,,,,,,,,,
ATL,2021,1.0,DAL,101,95,27.0,5.0,0.0,0.0,1.0,0.0,0.0,0.0,0.0,0.0,0.0,0.0,0.0,0.0,1.0,0.0,0.0,0.0,0.0,0.0,0.0,0.0,1.0,0.0,0.0,0.0,0.0,0.0,0.0,,,,,,,,,,,,,,,,,,,,,,,,,,,,,,,,,,,,,,,,,,,,,,,,,,,,,,,,,,,,,,,,,,,,,,,,,,,,,,,,,,,,,,,,,,,,,,,,,,,,,,,,,,,,,,,,,,,,,,,,,,,,,,,,,,,,,,,,,,,
ATL,2021,0.0,NYL,90,87,29.0,5.0,0.0,0.0,1.0,0.0,0.0,0.0,0.0,0.0,0.0,0.0,0.0,0.0,1.0,0.0,0.0,0.0,0.0,0.0,0.0,0.0,1.0,0.0,0.0,0.0,0.0,0.0,0.0,,,,,,,,,,,,,,,,,,,,,,,,,,,,,,,,,,,,,,,,,,,,,,,,,,,,,,,,,,,,,,,,,,,,,,,,,,,,,,,,,,,,,,,,,,,,,,,,,,,,,,,,,,,,,,,,,,,,,,,,,,,,,,,,,,,,,,,,,,,
ATL,2021,0.0,MIN,84,86,4.0,6.0,0.0,0.0,0.0,0.0,0.0,0.0,0.0,0.0,0.0,0.0,0.0,0.0,1.0,0.0,0.0,0.0,0.0,0.0,0.0,0.0,0.0,0.0,0.0,0.0,0.0,0.0,0.0,,,,,,,,,,,,,,,,,,,,,,,,,,,,,,,,,,,,,,,,,,,,,,,,,,,,,,,,,,,,,,,,,,,,,,,,,,,,,,,,,,,,,,,,,,,,,,,,,,,,,,,,,,,,,,,,,,,,,,,,,,,,,,,,,,,,,,,,,,,
ATL,2021,0.0,MIN,80,100,6.0,6.0,0.0,0.0,0.0,0.0,0.0,0.0,0.0,0.0,0.0,0.0,0.0,0.0,1.0,0.0,0.0,0.0,0.0,0.0,0.0,0.0,0.0,0.0,0.0,0.0,0.0,0.0,0.0,,,,,,,,,,,,,,,,,,,,,,,,,,,,,,,,,,,,,,,,,,,,,,,,,,,,,,,,,,,,,,,,,,,,,,,,,,,,,,,,,,,,,,,,,,,,,,,,,,,,,,,,,,,,,,,,,,,,,,,,,,,,,,,,,,,,,,,,,,,
ATL,2021,1.0,SEA,71,95,9.0,6.0,0.0,0.0,0.0,0.0,0.0,0.0,0.0,0.0,0.0,0.0,0.0,0.0,1.0,0.0,0.0,0.0,0.0,0.0,0.0,0.0,0.0,0.0,0.0,0.0,0.0,0.0,0.0,,,,,,,,,,,,,,,,,,,,,,,,,,,,,,,,,,,,,,,,,,,,,,,,,,,,,,,,,,,,,,,,,,,,,,,,,,,,,,,,,,,,,,,,,,,,,,,,,,,,,,,,,,,,,,,,,,,,,,,,,,,,,,,,,,,,,,,,,,,
ATL,2021,1.0,SEA,75,86,11.0,6.0,0.0,0.0,0.0,0.0,0.0,0.0,0.0,0.0,0.0,0.0,0.0,0.0,1.0,0.0,0.0,0.0,0.0,0.0,0.0,0.0,0.0,0.0,0.0,0.0,0.0,0.0,0.0,,,,,,,,,,,,,,,,,,,,,,,,,,,,,,,,,,,,,,,,,,,,,,,,,,,,,,,,,,,,,,,,,,,,,,,,,,,,,,,,,,,,,,,,,,,,,,,,,,,,,,,,,,,,,,,,,,,,,,,,,,,,,,,,,,,,,,,,,,,
ATL,2021,1.0,WAS,101,78,13.0,6.0,0.0,0.0,0.0,0.0,0.0,0.0,0.0,0.0,0.0,0.0,0.0,0.0,1.0,0.0,0.0,0.0,0.0,0.0,0.0,0.0,0.0,0.0,0.0,0.0,0.0,0.0,0.0,,,,,,,,,,,,,,,,,,,,,,,,,,,,,,,,,,,,,,,,,,,,,,,,,,,,,,,,,,,,,,,,,,,,,,,,,,,,,,,,,,,,,,,,,,,,,,,,,,,,,,,,,,,,,,,,,,,,,,,,,,,,,,,,,,,,,,,,,,,
ATL,2021,0.0,WAS,93,96,17.0,6.0,0.0,0.0,0.0,0.0,0.0,0.0,0.0,0.0,0.0,0.0,0.0,0.0,1.0,0.0,0.0,0.0,0.0,0.0,0.0,0.0,0.0,0.0,0.0,0.0,0.0,0.0,0.0,,,,,,,,,,,,,,,,,,,,,,,,,,,,,,,,,,,,,,,,,,,,,,,,,,,,,,,,,,,,,,,,,,,,,,,,,,,,,,,,,,,,,,,,,,,,,,,,,,,,,,,,,,,,,,,,,,,,,,,,,,,,,,,,,,,,,,,,,,,
ATL,2021,1.0,MIN,85,87,23.0,6.0,0.0,0.0,1.0,0.0,0.0,0.0,0.0,0.0,0.0,0.0,0.0,0.0,1.0,0.0,0.0,0.0,0.0,0.0,0.0,0.0,1.0,0.0,0.0,0.0,0.0,0.0,0.0,,,,,,,,,,,,,,,,,,,,,,,,,,,,,,,,,,,,,,,,,,,,,,,,,,,,,,,,,,,,,,,,,,,,,,,,,,,,,,,,,,,,,,,,,,,,,,,,,,,,,,,,,,,,,,,,,,,,,,,,,,,,,,,,,,,,,,,,,,,
ATL,2021,1.0,NYL,78,101,26.0,6.0,0.0,0.0,1.0,0.0,0.0,0.0,0.0,0.0,0.0,0.0,0.0,0.0,1.0,0.0,0.0,0.0,0.0,0.0,0.0,0.0,1.0,0.0,0.0,0.0,0.0,0.0,0.0,,,,,,,,,,,,,,,,,,,,,,,,,,,,,,,,,,,,,,,,,,,,,,,,,,,,,,,,,,,,,,,,,,,,,,,,,,,,,,,,,,,,,,,,,,,,,,,,,,,,,,,,,,,,,,,,,,,,,,,,,,,,,,,,,,,,,,,,,,,
ATL,2021,1.0,NYL,73,69,29.0,6.0,0.0,0.0,1.0,0.0,0.0,0.0,0.0,0.0,0.0,0.0,0.0,0.0,1.0,0.0,0.0,0.0,0.0,0.0,0.0,0.0,1.0,0.0,0.0,0.0,0.0,0.0,0.0,,,,,,,,,,,,,,,,,,,,,,,,,,,,,,,,,,,,,,,,,,,,,,,,,,,,,,,,,,,,,,,,,,,,,,,,,,,,,,,,,,,,,,,,,,,,,,,,,,,,,,,,,,,,,,,,,,,,,,,,,,,,,,,,,,,,,,,,,,,
ATL,2021,0.0,SEA,88,91,2.0,7.0,0.0,0.0,1.0,0.0,0.0,0.0,0.0,0.0,0.0,0.0,0.0,0.0,0.0,0.0,0.0,0.0,0.0,0.0,0.0,0.0,1.0,0.0,0.0,0.0,0.0,0.0,0.0,,,,,,,,,,,,,,,,,,,,,,,,,,,,,,,,,,,,,,,,,,,,,,,,,,,,,,,,,,,,,,,,,,,,,,,,,,,,,,,,,,,,,,,,,,,,,,,,,,,,,,,,,,,,,,,,,,,,,,,,,,,,,,,,,,,,,,,,,,,
ATL,2021,0.0,LVA,95,118,4.0,7.0,0.0,0.0,1.0,0.0,0.0,0.0,0.0,0.0,0.0,0.0,0.0,0.0,1.0,0.0,0.0,0.0,0.0,0.0,0.0,0.0,1.0,0.0,0.0,0.0,0.0,0.0,0.0,,,,,,,,,,,,,,,,,,,,,,,,,,,,,,,,,,,,,,,,,,,,,,,,,,,,,,,,,,,,,,,,,,,,,,,,,,,,,,,,,,,,,,,,,,,,,,,,,,,,,,,,,,,,,,,,,,,,,,,,,,,,,,,,,,,,,,,,,,,
ATL,2021,0.0,CON,72,84,9.0,7.0,0.0,0.0,0.0,0.0,0.0,0.0,0.0,0.0,0.0,0.0,0.0,0.0,1.0,0.0,0.0,0.0,0.0,0.0,0.0,0.0,0.0,0.0,0.0,0.0,0.0,0.0,0.0,,,,,,,,,,,,,,,,,,,,,,,,,,,,,,,,,,,,,,,,,,,,,,,,,,,,,,,,,,,,,,,,,,,,,,,,,,,,,,,,,,,,,,,,,,,,,,,,,,,,,,,,,,,,,,,,,,,,,,,,,,,,,,,,,,,,,,,,,,,
ATL,2021,1.0,IND,68,79,11.0,7.0,0.0,0.0,0.0,0.0,0.0,0.0,0.0,0.0,0.0,0.0,0.0,0.0,1.0,0.0,0.0,0.0,0.0,0.0,0.0,0.0,0.0,0.0,0.0,0.0,0.0,0.0,0.0,,,,,,,,,,,,,,,,,,,,,,,,,,,,,,,,,,,,,,,,,,,,,,,,,,,,,,,,,,,,,,,,,,,,,,,,,,,,,,,,,,,,,,,,,,,,,,,,,,,,,,,,,,,,,,,,,,,,,,,,,,,,,,,,,,,,,,,,,,,
ATL,2021,0.0,PHO,81,92,15.0,8.0,0.0,0.0,0.0,0.0,0.0,0.0,0.0,0.0,0.0,0.0,0.0,0.0,1.0,0.0,0.0,0.0,0.0,0.0,0.0,0.0,0.0,0.0,0.0,0.0,0.0,0.0,0.0,,,,,,,,,,,,,,,,,,,,,,,,,,,,,,,,,,,,,,,,,,,,,,,,,,,,,,,,,,,,,,,,,,,,,,,,,,,,,,,,,,,,,,,,,,,,,,,,,,,,,,,,,,,,,,,,,,,,,,,,,,,,,,,,,,,,,,,,,,,
ATL,2021,0.0,LAS,80,85,17.0,8.0,0.0,0.0,0.0,0.0,0.0,0.0,0.0,0.0,0.0,0.0,0.0,0.0,1.0,0.0,0.0,0.0,0.0,0.0,0.0,0.0,0.0,0.0,0.0,0.0,0.0,0.0,0.0,,,,,,,,,,,,,,,,,,,,,,,,,,,,,,,,,,,,,,,,,,,,,,,,,,,,,,,,,,,,,,,,,,,,,,,,,,,,,,,,,,,,,,,,,,,,,,,,,,,,,,,,,,,,,,,,,,,,,,,,,,,,,,,,,,,,,,,,,,,
ATL,2021,0.0,LAS,64,66,19.0,8.0,0.0,0.0,0.0,0.0,0.0,0.0,0.0,0.0,0.0,0.0,0.0,0.0,1.0,0.0,0.0,0.0,0.0,0.0,0.0,0.0,0.0,0.0,0.0,0.0,0.0,0.0,0.0,,,,,,,,,,,,,,,,,,,,,,,,,,,,,,,,,,,,,,,,,,,,,,,,,,,,,,,,,,,,,,,,,,,,,,,,,,,,,,,,,,,,,,,,,,,,,,,,,,,,,,,,,,,,,,,,,,,,,,,,,,,,,,,,,,,,,,,,,,,
ATL,2021,1.0,PHO,69,84,21.0,8.0,0.0,0.0,0.0,0.0,0.0,0.0,0.0,0.0,0.0,0.0,0.0,0.0,1.0,0.0,0.0,0.0,0.0,0.0,0.0,0.0,0.0,0.0,0.0,0.0,0.0,0.0,0.0,,,,,,,,,,,,,,,,,,,,,,,,,,,,,,,,,,,,,,,,,,,,,,,,,,,,,,,,,,,,,,,,,,,,,,,,,,,,,,,,,,,,,,,,,,,,,,,,,,,,,,,,,,,,,,,,,,,,,,,,,,,,,,,,,,,,,,,,,,,
ATL,2021,1.0,CHI,79,86,24.0,8.0,0.0,0.0,0.0,0.0,0.0,0.0,0.0,0.0,0.0,0.0,0.0,0.0,1.0,0.0,0.0,0.0,0.0,0.0,0.0,0.0,0.0,0.0,0.0,0.0,0.0,0.0,0.0,,,,,,,,,,,,,,,,,,,,,,,,,,,,,,,,,,,,,,,,,,,,,,,,,,,,,,,,,,,,,,,,,,,,,,,,,,,,,,,,,,,,,,,,,,,,,,,,,,,,,,,,,,,,,,,,,,,,,,,,,,,,,,,,,,,,,,,,,,,
ATL,2021,1.0,LVA,71,78,26.0,8.0,0.0,0.0,0.0,0.0,0.0,0.0,0.0,0.0,0.0,0.0,0.0,0.0,1.0,0.0,0.0,0.0,0.0,0.0,0.0,0.0,0.0,0.0,0.0,0.0,0.0,0.0,0.0,,,,,,,,,,,,,,,,,,,,,,,,,,,,,,,,,,,,,,,,,,,,,,,,,,,,,,,,,,,,,,,,,,,,,,,,,,,,,,,,,,,,,,,,,,,,,,,,,,,,,,,,,,,,,,,,,,,,,,,,,,,,,,,,,,,,,,,,,,,
ATL,2021,0.0,DAL,68,72,2.0,9.0,0.0,0.0,0.0,0.0,0.0,0.0,0.0,0.0,0.0,0.0,0.0,0.0,1.0,0.0,0.0,0.0,0.0,0.0,0.0,0.0,0.0,0.0,0.0,0.0,0.0,0.0,0.0,,,,,,,,,,,,,,,,,,,,,,,,,,,,,,,,,,,,,,,,,,,,,,,,,,,,,,,,,,,,,,,,,,,,,,,,,,,,,,,,,,,,,,,,,,,,,,,,,,,,,,,,,,,,,,,,,,,,,,,,,,,,,,,,,,,,,,,,,,,
ATL,2021,0.0,DAL,69,64,5.0,9.0,0.0,0.0,0.0,0.0,0.0,0.0,0.0,0.0,0.0,0.0,0.0,0.0,1.0,0.0,0.0,0.0,0.0,0.0,0.0,0.0,0.0,0.0,0.0,0.0,0.0,0.0,0.0,,,,,,,,,,,,,,,,,,,,,,,,,,,,,,,,,,,,,,,,,,,,,,,,,,,,,,,,,,,,,,,,,,,,,,,,,,,,,,,,,,,,,,,,,,,,,,,,,,,,,,,,,,,,,,,,,,,,,,,,,,,,,,,,,,,,,,,,,,,
ATL,2021,1.0,PHO,75,76,8.0,9.0,0.0,0.0,0.0,0.0,0.0,0.0,0.0,0.0,0.0,0.0,0.0,0.0,1.0,0.0,0.0,0.0,0.0,0.0,0.0,0.0,0.0,0.0,0.0,0.0,0.0,0.0,0.0,,,,,,,,,,,,,,,,,,,,,,,,,,,,,,,,,,,,,,,,,,,,,,,,,,,,,,,,,,,,,,,,,,,,,,,,,,,,,,,,,,,,,,,,,,,,,,,,,,,,,,,,,,,,,,,,,,,,,,,,,,,,,,,,,,,,,,,,,,,
ATL,2021,0.0,WAS,74,82,10.0,9.0,0.0,0.0,0.0,0.0,0.0,0.0,0.0,0.0,0.0,0.0,0.0,0.0,1.0,0.0,0.0,0.0,0.0,0.0,0.0,0.0,0.0,0.0,0.0,0.0,0.0,0.0,0.0,,,,,,,,,,,,,,,,,,,,,,,,,,,,,,,,,,,,,,,,,,,,,,,,,,,,,,,,,,,,,,,,,,,,,,,,,,,,,,,,,,,,,,,,,,,,,,,,,,,,,,,,,,,,,,,,,,,,,,,,,,,,,,,,,,,,,,,,,,,
ATL,2021,1.0,IND,85,78,14.0,9.0,0.0,0.0,0.0,0.0,0.0,0.0,0.0,0.0,0.0,0.0,0.0,0.0,1.0,0.0,0.0,0.0,0.0,0.0,0.0,0.0,0.0,0.0,0.0,0.0,0.0,0.0,0.0,,,,,,,,,,,,,,,,,,,,,,,,,,,,,,,,,,,,,,,,,,,,,,,,,,,,,,,,,,,,,,,,,,,,,,,,,,,,,,,,,,,,,,,,,,,,,,,,,,,,,,,,,,,,,,,,,,,,,,,,,,,,,,,,,,,,,,,,,,,
ATL,2021,1.0,LAS,68,74,16.0,9.0,0.0,0.0,0.0,0.0,0.0,0.0,0.0,0.0,0.0,0.0,0.0,0.0,1.0,0.0,0.0,0.0,0.0,0.0,0.0,0.0,0.0,0.0,0.0,0.0,0.0,0.0,0.0,,,,,,,,,,,,,,,,,,,,,,,,,,,,,,,,,,,,,,,,,,,,,,,,,,,,,,,,,,,,,,,,,,,,,,,,,,,,,,,,,,,,,,,,,,,,,,,,,,,,,,,,,,,,,,,,,,,,,,,,,,,,,,,,,,,,,,,,,,,
ATL,2021,0.0,CON,64,84,19.0,9.0,0.0,0.0,0.0,0.0,0.0,0.0,0.0,0.0,0.0,0.0,0.0,0.0,1.0,0.0,0.0,0.0,0.0,0.0,0.0,0.0,0.0,0.0,0.0,0.0,0.0,0.0,0.0,,,,,,,,,,,,,,,,,,,,,,,,,,,,,,,,,,,,,,,,,,,,,,,,,,,,,,,,,,,,,,,,,,,,,,,,,,,,,,,,,,,,,,,,,,,,,,,,,,,,,,,,,,,,,,,,,,,,,,,,,,,,,,,,,,,,,,,,,,,
CHI,2021,0.0,WAS,70,56,15.0,5.0,0.0,0.0,0.0,0.0,0.0,0.0,0.0,0.0,0.0,0.0,0.0,0.0,0.0,0.0,0.0,0.0,0.0,0.0,0.0,0.0,0.0,0.0,0.0,0.0,0.0,0.0,0.0,,,,,,,,,,,,,,,,,,,,,,,,,,,,,,,,,,,,,,,,,,,,,,,,,,,,,,,,,,,,,,,,,,,,,,,,,,,,,,,,,,,,,,,,,,,,,,,,,,,,,,,,,,,,,,,,,,,,,,,,,,,,,,,,,,,,,,,,,,,
CHI,2021,0.0,ATL,85,77,19.0,5.0,0.0,0.0,0.0,0.0,0.0,0.0,1.0,0.0,0.0,0.0,0.0,0.0,0.0,0.0,0.0,0.0,0.0,0.0,0.0,0.0,0.0,0.0,0.0,0.0,0.0,0.0,0.0,,,,,,,,,,,,,,,,,,,,,,,,,,,,,,,,,,,,,,,,,,,,,,,,,,,,,,,,,,,,,,,,,,,,,,,,,,,,,,,,,,,,,,,,,,,,,,,,,,,,,,,,,,,,,,,,,,,,,,,,,,,,,,,,,,,,,,,,,,,
CHI,2021,1.0,NYL,85,93,23.0,5.0,0.0,0.0,0.0,0.0,0.0,0.0,0.0,0.0,0.0,0.0,0.0,0.0,0.0,0.0,0.0,0.0,0.0,0.0,0.0,0.0,0.0,0.0,0.0,0.0,0.0,0.0,0.0,,,,,,,,,,,,,,,,,,,,,,,,,,,,,,,,,,,,,,,,,,,,,,,,,,,,,,,,,,,,,,,,,,,,,,,,,,,,,,,,,,,,,,,,,,,,,,,,,,,,,,,,,,,,,,,,,,,,,,,,,,,,,,,,,,,,,,,,,,,
CHI,2021,1.0,ATL,83,90,25.0,5.0,0.0,0.0,0.0,0.0,0.0,0.0,0.0,0.0,0.0,0.0,0.0,0.0,0.0,0.0,0.0,0.0,0.0,0.0,0.0,0.0,0.0,0.0,0.0,0.0,0.0,0.0,0.0,,,,,,,,,,,,,,,,,,,,,,,,,,,,,,,,,,,,,,,,,,,,,,,,,,,,,,,,,,,,,,,,,,,,,,,,,,,,,,,,,,,,,,,,,,,,,,,,,,,,,,,,,,,,,,,,,,,,,,,,,,,,,,,,,,,,,,,,,,,
CHI,2021,1.0,LAS,61,76,28.0,5.0,0.0,0.0,0.0,0.0,0.0,0.0,1.0,0.0,0.0,0.0,0.0,0.0,0.0,0.0,0.0,0.0,0.0,0.0,0.0,0.0,0.0,0.0,0.0,0.0,0.0,0.0,0.0,,,,,,,,,,,,,,,,,,,,,,,,,,,,,,,,,,,,,,,,,,,,,,,,,,,,,,,,,,,,,,,,,,,,,,,,,,,,,,,,,,,,,,,,,,,,,,,,,,,,,,,,,,,,,,,,,,,,,,,,,,,,,,,,,,,,,,,,,,,
CHI,2021,1.0,LAS,79,82,30.0,5.0,0.0,0.0,0.0,0.0,0.0,0.0,0.0,0.0,0.0,0.0,0.0,0.0,0.0,0.0,0.0,0.0,0.0,0.0,0.0,0.0,0.0,0.0,0.0,0.0,0.0,0.0,0.0,,,,,,,,,,,,,,,,,,,,,,,,,,,,,,,,,,,,,,,,,,,,,,,,,,,,,,,,,,,,,,,,,,,,,,,,,,,,,,,,,,,,,,,,,,,,,,,,,,,,,,,,,,,,,,,,,,,,,,,,,,,,,,,,,,,,,,,,,,,
CHI,2021,1.0,PHO,83,84,1.0,6.0,0.0,0.0,0.0,0.0,0.0,0.0,0.0,0.0,0.0,0.0,0.0,0.0,0.0,0.0,0.0,0.0,0.0,0.0,0.0,0.0,0.0,0.0,0.0,0.0,0.0,0.0,0.0,,,,,,,,,,,,,,,,,,,,,,,,,,,,,,,,,,,,,,,,,,,,,,,,,,,,,,,,,,,,,,,,,,,,,,,,,,,,,,,,,,,,,,,,,,,,,,,,,,,,,,,,,,,,,,,,,,,,,,,,,,,,,,,,,,,,,,,,,,,
CHI,2021,0.0,PHO,74,77,3.0,6.0,0.0,0.0,0.0,0.0,0.0,0.0,0.0,0.0,0.0,0.0,0.0,0.0,0.0,0.0,0.0,0.0,0.0,0.0,0.0,0.0,0.0,0.0,0.0,0.0,0.0,0.0,0.0,,,,,,,,,,,,,,,,,,,,,,,,,,,,,,,,,,,,,,,,,,,,,,,,,,,,,,,,,,,,,,,,,,,,,,,,,,,,,,,,,,,,,,,,,,,,,,,,,,,,,,,,,,,,,,,,,,,,,,,,,,,,,,,,,,,,,,,,,,,
CHI,2021,0.0,LAS,63,68,5.0,6.0,0.0,0.0,0.0,0.0,0.0,0.0,0.0,0.0,0.0,0.0,0.0,0.0,0.0,0.0,0.0,0.0,0.0,0.0,0.0,0.0,0.0,0.0,0.0,0.0,0.0,0.0,0.0,,,,,,,,,,,,,,,,,,,,,,,,,,,,,,,,,,,,,,,,,,,,,,,,,,,,,,,,,,,,,,,,,,,,,,,,,,,,,,,,,,,,,,,,,,,,,,,,,,,,,,,,,,,,,,,,,,,,,,,,,,,,,,,,,,,,,,,,,,,
CHI,2021,1.0,IND,92,76,9.0,6.0,0.0,0.0,0.0,0.0,0.0,0.0,1.0,0.0,0.0,0.0,0.0,0.0,0.0,0.0,0.0,0.0,0.0,0.0,0.0,0.0,0.0,0.0,0.0,0.0,0.0,0.0,0.0,,,,,,,,,,,,,,,,,,,,,,,,,,,,,,,,,,,,,,,,,,,,,,,,,,,,,,,,,,,,,,,,,,,,,,,,,,,,,,,,,,,,,,,,,,,,,,,,,,,,,,,,,,,,,,,,,,,,,,,,,,,,,,,,,,,,,,,,,,,
CHI,2021,0.0,IND,83,79,12.0,6.0,0.0,0.0,0.0,0.0,0.0,0.0,0.0,0.0,0.0,0.0,0.0,0.0,0.0,0.0,0.0,0.0,0.0,0.0,0.0,0.0,0.0,0.0,0.0,0.0,0.0,0.0,0.0,,,,,,,,,,,,,,,,,,,,,,,,,,,,,,,,,,,,,,,,,,,,,,,,,,,,,,,,,,,,,,,,,,,,,,,,,,,,,,,,,,,,,,,,,,,,,,,,,,,,,,,,,,,,,,,,,,,,,,,,,,,,,,,,,,,,,,,,,,,
CHI,2021,0.0,MIN,105,89,15.0,6.0,0.0,0.0,0.0,0.0,0.0,0.0,0.0,0.0,0.0,0.0,0.0,0.0,0.0,0.0,0.0,0.0,0.0,0.0,0.0,0.0,0.0,0.0,0.0,0.0,0.0,0.0,0.0,,,,,,,,,,,,,,,,,,,,,,,,,,,,,,,,,,,,,,,,,,,,,,,,,,,,,,,,,,,,,,,,,,,,,,,,,,,,,,,,,,,,,,,,,,,,,,,,,,,,,,,,,,,,,,,,,,,,,,,,,,,,,,,,,,,,,,,,,,,
CHI,2021,1.0,CON,81,75,17.0,6.0,0.0,0.0,0.0,0.0,0.0,0.0,0.0,0.0,0.0,0.0,0.0,0.0,0.0,0.0,0.0,0.0,0.0,0.0,0.0,0.0,0.0,0.0,0.0,0.0,0.0,0.0,0.0,,,,,,,,,,,,,,,,,,,,,,,,,,,,,,,,,,,,,,,,,,,,,,,,,,,,,,,,,,,,,,,,,,,,,,,,,,,,,,,,,,,,,,,,,,,,,,,,,,,,,,,,,,,,,,,,,,,,,,,,,,,,,,,,,,,,,,,,,,,
CHI,2021,1.0,CON,91,81,19.0,6.0,0.0,0.0,0.0,0.0,0.0,0.0,0.0,0.0,0.0,0.0,0.0,0.0,0.0,0.0,0.0,0.0,0.0,0.0,0.0,0.0,0.0,0.0,0.0,0.0,0.0,0.0,0.0,,,,,,,,,,,,,,,,,,,,,,,,,,,,,,,,,,,,,,,,,,,,,,,,,,,,,,,,,,,,,,,,,,,,,,,,,,,,,,,,,,,,,,,,,,,,,,,,,,,,,,,,,,,,,,,,,,,,,,,,,,,,,,,,,,,,,,,,,,,
CHI,2021,0.0,NYL,92,72,22.0,6.0,0.0,0.0,0.0,0.0,0.0,0.0,0.0,0.0,0.0,0.0,0.0,0.0,0.0,0.0,0.0,0.0,0.0,0.0,0.0,0.0,0.0,0.0,0.0,0.0,0.0,0.0,0.0,,,,,,,,,,,,,,,,,,,,,,,,,,,,,,,,,,,,,,,,,,,,,,,,,,,,,,,,,,,,,,,,,,,,,,,,,,,,,,,,,,,,,,,,,,,,,,,,,,,,,,,,,,,,,,,,,,,,,,,,,,,,,,,,,,,,,,,,,,,
CHI,2021,0.0,NYL,91,68,24.0,6.0,0.0,0.0,0.0,0.0,0.0,0.0,0.0,0.0,0.0,0.0,0.0,0.0,0.0,0.0,0.0,0.0,0.0,0.0,0.0,0.0,0.0,0.0,0.0,0.0,0.0,0.0,0.0,,,,,,,,,,,,,,,,,,,,,,,,,,,,,,,,,,,,,,,,,,,,,,,,,,,,,,,,,,,,,,,,,,,,,,,,,,,,,,,,,,,,,,,,,,,,,,,,,,,,,,,,,,,,,,,,,,,,,,,,,,,,,,,,,,,,,,,,,,,
CHI,2021,0.0,CON,58,74,27.0,6.0,0.0,0.0,0.0,0.0,0.0,0.0,0.0,0.0,0.0,0.0,0.0,0.0,0.0,0.0,0.0,0.0,0.0,0.0,0.0,0.0,0.0,0.0,0.0,0.0,0.0,0.0,0.0,,,,,,,,,,,,,,,,,,,,,,,,,,,,,,,,,,,,,,,,,,,,,,,,,,,,,,,,,,,,,,,,,,,,,,,,,,,,,,,,,,,,,,,,,,,,,,,,,,,,,,,,,,,,,,,,,,,,,,,,,,,,,,,,,,,,,,,,,,,
CHI,2021,0.0,DAL,91,81,30.0,6.0,0.0,0.0,0.0,0.0,0.0,0.0,0.0,0.0,0.0,0.0,0.0,0.0,0.0,0.0,0.0,0.0,0.0,0.0,0.0,0.0,0.0,0.0,0.0,0.0,0.0,0.0,0.0,,,,,,,,,,,,,,,,,,,,,,,,,,,,,,,,,,,,,,,,,,,,,,,,,,,,,,,,,,,,,,,,,,,,,,,,,,,,,,,,,,,,,,,,,,,,,,,,,,,,,,,,,,,,,,,,,,,,,,,,,,,,,,,,,,,,,,,,,,,
CHI,2021,0.0,DAL,91,100,2.0,7.0,0.0,0.0,0.0,0.0,0.0,0.0,0.0,0.0,0.0,0.0,0.0,0.0,0.0,0.0,0.0,0.0,0.0,0.0,0.0,0.0,0.0,0.0,0.0,0.0,0.0,0.0,0.0,,,,,,,,,,,,,,,,,,,,,,,,,,,,,,,,,,,,,,,,,,,,,,,,,,,,,,,,,,,,,,,,,,,,,,,,,,,,,,,,,,,,,,,,,,,,,,,,,,,,,,,,,,,,,,,,,,,,,,,,,,,,,,,,,,,,,,,,,,,
CHI,2021,1.0,WAS,85,89,10.0,7.0,0.0,0.0,0.0,0.0,0.0,0.0,0.0,0.0,0.0,0.0,0.0,0.0,0.0,0.0,0.0,0.0,0.0,0.0,0.0,0.0,0.0,0.0,0.0,0.0,0.0,0.0,0.0,,,,,,,,,,,,,,,,,,,,,,,,,,,,,,,,,,,,,,,,,,,,,,,,,,,,,,,,,,,,,,,,,,,,,,,,,,,,,,,,,,,,,,,,,,,,,,,,,,,,,,,,,,,,,,,,,,,,,,,,,,,,,,,,,,,,,,,,,,,
CHI,2021,1.0,SEA,87,85,15.0,8.0,0.0,0.0,0.0,0.0,0.0,0.0,0.0,0.0,0.0,0.0,0.0,0.0,0.0,0.0,0.0,0.0,0.0,0.0,0.0,0.0,0.0,0.0,0.0,0.0,0.0,0.0,0.0,,,,,,,,,,,,,,,,,,,,,,,,,,,,,,,,,,,,,,,,,,,,,,,,,,,,,,,,,,,,,,,,,,,,,,,,,,,,,,,,,,,,,,,,,,,,,,,,,,,,,,,,,,,,,,,,,,,,,,,,,,,,,,,,,,,,,,,,,,,
CHI,2021,1.0,DAL,76,80,17.0,8.0,0.0,0.0,0.0,0.0,0.0,0.0,0.0,0.0,0.0,0.0,0.0,0.0,0.0,0.0,0.0,0.0,0.0,0.0,0.0,0.0,0.0,0.0,0.0,0.0,0.0,0.0,0.0,,,,,,,,,,,,,,,,,,,,,,,,,,,,,,,,,,,,,,,,,,,,,,,,,,,,,,,,,,,,,,,,,,,,,,,,,,,,,,,,,,,,,,,,,,,,,,,,,,,,,,,,,,,,,,,,,,,,,,,,,,,,,,,,,,,,,,,,,,,
CHI,2021,1.0,MIN,95,101,21.0,8.0,0.0,0.0,0.0,0.0,0.0,0.0,0.0,0.0,0.0,0.0,0.0,0.0,0.0,0.0,0.0,0.0,0.0,0.0,0.0,0.0,0.0,0.0,0.0,0.0,0.0,0.0,0.0,,,,,,,,,,,,,,,,,,,,,,,,,,,,,,,,,,,,,,,,,,,,,,,,,,,,,,,,,,,,,,,,,,,,,,,,,,,,,,,,,,,,,,,,,,,,,,,,,,,,,,,,,,,,,,,,,,,,,,,,,,,,,,,,,,,,,,,,,,,
CHI,2021,0.0,ATL,86,79,24.0,8.0,0.0,0.0,0.0,0.0,0.0,0.0,0.0,0.0,0.0,0.0,0.0,0.0,0.0,0.0,0.0,0.0,0.0,0.0,0.0,0.0,0.0,0.0,0.0,0.0,0.0,0.0,0.0,,,,,,,,,,,,,,,,,,,,,,,,,,,,,,,,,,,,,,,,,,,,,,,,,,,,,,,,,,,,,,,,,,,,,,,,,,,,,,,,,,,,,,,,,,,,,,,,,,,,,,,,,,,,,,,,,,,,,,,,,,,,,,,,,,,,,,,,,,,
CHI,2021,0.0,SEA,73,69,27.0,8.0,0.0,0.0,0.0,0.0,0.0,0.0,0.0,0.0,0.0,0.0,0.0,0.0,0.0,0.0,0.0,0.0,0.0,0.0,0.0,0.0,0.0,0.0,0.0,0.0,0.0,0.0,0.0,,,,,,,,,,,,,,,,,,,,,,,,,,,,,,,,,,,,,,,,,,,,,,,,,,,,,,,,,,,,,,,,,,,,,,,,,,,,,,,,,,,,,,,,,,,,,,,,,,,,,,,,,,,,,,,,,,,,,,,,,,,,,,,,,,,,,,,,,,,
CHI,2021,0.0,SEA,107,75,29.0,8.0,0.0,0.0,0.0,0.0,0.0,0.0,0.0,0.0,0.0,0.0,0.0,0.0,0.0,0.0,0.0,0.0,0.0,0.0,0.0,0.0,0.0,0.0,0.0,0.0,0.0,0.0,0.0,,,,,,,,,,,,,,,,,,,,,,,,,,,,,,,,,,,,,,,,,,,,,,,,,,,,,,,,,,,,,,,,,,,,,,,,,,,,,,,,,,,,,,,,,,,,,,,,,,,,,,,,,,,,,,,,,,,,,,,,,,,,,,,,,,,,,,,,,,,
CHI,2021,0.0,PHO,83,103,31.0,8.0,0.0,0.0,0.0,0.0,0.0,0.0,0.0,0.0,0.0,0.0,0.0,0.0,0.0,0.0,0.0,0.0,0.0,0.0,0.0,0.0,0.0,0.0,0.0,0.0,0.0,0.0,0.0,,,,,,,,,,,,,,,,,,,,,,,,,,,,,,,,,,,,,,,,,,,,,,,,,,,,,,,,,,,,,,,,,,,,,,,,,,,,,,,,,,,,,,,,,,,,,,,,,,,,,,,,,,,,,,,,,,,,,,,,,,,,,,,,,,,,,,,,,,,
CHI,2021,0.0,LVA,83,90,2.0,9.0,0.0,0.0,0.0,0.0,0.0,0.0,0.0,0.0,0.0,0.0,0.0,0.0,0.0,0.0,0.0,0.0,0.0,0.0,0.0,0.0,0.0,0.0,0.0,0.0,0.0,0.0,0.0,,,,,,,,,,,,,,,,,,,,,,,,,,,,,,,,,,,,,,,,,,,,,,,,,,,,,,,,,,,,,,,,,,,,,,,,,,,,,,,,,,,,,,,,,,,,,,,,,,,,,,,,,,,,,,,,,,,,,,,,,,,,,,,,,,,,,,,,,,,
CHI,2021,1.0,LVA,92,84,5.0,9.0,0.0,0.0,0.0,0.0,0.0,0.0,0.0,0.0,0.0,0.0,0.0,0.0,0.0,0.0,0.0,0.0,0.0,0.0,0.0,0.0,0.0,0.0,0.0,0.0,0.0,0.0,0.0,,,,,,,,,,,,,,,,,,,,,,,,,,,,,,,,,,,,,,,,,,,,,,,,,,,,,,,,,,,,,,,,,,,,,,,,,,,,,,,,,,,,,,,,,,,,,,,,,,,,,,,,,,,,,,,,,,,,,,,,,,,,,,,,,,,,,,,,,,,
CHI,2021,1.0,WAS,71,79,12.0,9.0,0.0,0.0,0.0,0.0,0.0,0.0,0.0,0.0,0.0,0.0,0.0,0.0,0.0,0.0,0.0,0.0,0.0,0.0,0.0,0.0,0.0,0.0,0.0,0.0,0.0,0.0,0.0,,,,,,,,,,,,,,,,,,,,,,,,,,,,,,,,,,,,,,,,,,,,,,,,,,,,,,,,,,,,,,,,,,,,,,,,,,,,,,,,,,,,,,,,,,,,,,,,,,,,,,,,,,,,,,,,,,,,,,,,,,,,,,,,,,,,,,,,,,,
CHI,2021,1.0,LVA,70,103,17.0,9.0,0.0,0.0,0.0,0.0,0.0,0.0,0.0,0.0,0.0,0.0,0.0,0.0,0.0,0.0,0.0,0.0,0.0,0.0,0.0,0.0,0.0,0.0,0.0,0.0,0.0,0.0,0.0,,,,,,,,,,,,,,,,,,,,,,,,,,,,,,,,,,,,,,,,,,,,,,,,,,,,,,,,,,,,,,,,,,,,,,,,,,,,,,,,,,,,,,,,,,,,,,,,,,,,,,,,,,,,,,,,,,,,,,,,,,,,,,,,,,,,,,,,,,,
CHI,2021,1.0,IND,98,87,19.0,9.0,0.0,0.0,0.0,0.0,0.0,0.0,0.0,0.0,0.0,0.0,0.0,0.0,0.0,0.0,0.0,0.0,0.0,0.0,0.0,0.0,0.0,0.0,0.0,0.0,0.0,0.0,0.0,,,,,,,,,,,,,,,,,,,,,,,,,,,,,,,,,,,,,,,,,,,,,,,,,,,,,,,,,,,,,,,,,,,,,,,,,,,,,,,,,,,,,,,,,,,,,,,,,,,,,,,,,,,,,,,,,,,,,,,,,,,,,,,,,,,,,,,,,,,
CON,2021,0.0,ATL,78,67,14.0,5.0,0.0,0.0,0.0,0.0,0.0,0.0,0.0,0.0,0.0,0.0,0.0,0.0,0.0,0.0,0.0,0.0,0.0,0.0,0.0,0.0,0.0,0.0,0.0,0.0,0.0,0.0,0.0,,,,,,,,,,,,,,,,,,,,,,,,,,,,,,,,,,,,,,,,,,,,,,,,,,,,,,,,,,,,,,,,,,,,,,,,,,,,,,,,,,,,,,,,,,,,,,,,,,,,,,,,,,,,,,,,,,,,,,,,,,,,,,,,,,,,,,,,,,,
CON,2021,1.0,PHO,86,78,16.0,5.0,0.0,0.0,0.0,0.0,0.0,0.0,0.0,0.0,0.0,0.0,0.0,0.0,0.0,0.0,0.0,0.0,0.0,0.0,0.0,0.0,0.0,0.0,0.0,0.0,0.0,0.0,0.0,,,,,,,,,,,,,,,,,,,,,,,,,,,,,,,,,,,,,,,,,,,,,,,,,,,,,,,,,,,,,,,,,,,,,,,,,,,,,,,,,,,,,,,,,,,,,,,,,,,,,,,,,,,,,,,,,,,,,,,,,,,,,,,,,,,,,,,,,,,
CON,2021,1.0,IND,88,67,19.0,5.0,0.0,0.0,0.0,0.0,0.0,0.0,0.0,0.0,0.0,0.0,0.0,0.0,0.0,0.0,0.0,0.0,0.0,0.0,0.0,0.0,0.0,0.0,0.0,0.0,0.0,0.0,0.0,,,,,,,,,,,,,,,,,,,,,,,,,,,,,,,,,,,,,,,,,,,,,,,,,,,,,,,,,,,,,,,,,,,,,,,,,,,,,,,,,,,,,,,,,,,,,,,,,,,,,,,,,,,,,,,,,,,,,,,,,,,,,,,,,,,,,,,,,,,
CON,2021,0.0,PHO,84,67,21.0,5.0,0.0,0.0,0.0,0.0,0.0,0.0,0.0,0.0,0.0,0.0,0.0,0.0,0.0,0.0,0.0,0.0,0.0,0.0,0.0,0.0,0.0,0.0,0.0,0.0,0.0,0.0,0.0,,,,,,,,,,,,,,,,,,,,,,,,,,,,,,,,,,,,,,,,,,,,,,,,,,,,,,,,,,,,,,,,,,,,,,,,,,,,,,,,,,,,,,,,,,,,,,,,,,,,,,,,,,,,,,,,,,,,,,,,,,,,,,,,,,,,,,,,,,,
CON,2021,0.0,LVA,72,65,23.0,5.0,0.0,0.0,0.0,0.0,0.0,0.0,0.0,0.0,0.0,0.0,0.0,0.0,0.0,0.0,0.0,0.0,0.0,0.0,0.0,0.0,0.0,0.0,0.0,0.0,0.0,0.0,0.0,,,,,,,,,,,,,,,,,,,,,,,,,,,,,,,,,,,,,,,,,,,,,,,,,,,,,,,,,,,,,,,,,,,,,,,,,,,,,,,,,,,,,,,,,,,,,,,,,,,,,,,,,,,,,,,,,,,,,,,,,,,,,,,,,,,,,,,,,,,
CON,2021,0.0,SEA,87,90,25.0,5.0,0.0,0.0,0.0,0.0,0.0,0.0,0.0,0.0,0.0,0.0,0.0,0.0,0.0,0.0,0.0,0.0,0.0,0.0,0.0,0.0,0.0,0.0,0.0,0.0,0.0,0.0,0.0,,,,,,,,,,,,,,,,,,,,,,,,,,,,,,,,,,,,,,,,,,,,,,,,,,,,,,,,,,,,,,,,,,,,,,,,,,,,,,,,,,,,,,,,,,,,,,,,,,,,,,,,,,,,,,,,,,,,,,,,,,,,,,,,,,,,,,,,,,,
CON,2021,1.0,WAS,86,81,28.0,5.0,0.0,0.0,0.0,0.0,0.0,0.0,0.0,0.0,0.0,0.0,0.0,0.0,0.0,0.0,0.0,0.0,0.0,0.0,0.0,0.0,0.0,0.0,0.0,0.0,0.0,0.0,0.0,,,,,,,,,,,,,,,,,,,,,,,,,,,,,,,,,,,,,,,,,,,,,,,,,,,,,,,,,,,,,,,,,,,,,,,,,,,,,,,,,,,,,,,,,,,,,,,,,,,,,,,,,,,,,,,,,,,,,,,,,,,,,,,,,,,,,,,,,,,
CON,2021,0.0,MIN,74,79,30.0,5.0,0.0,0.0,0.0,0.0,0.0,0.0,0.0,0.0,0.0,0.0,0.0,0.0,0.0,0.0,0.0,0.0,0.0,0.0,0.0,0.0,0.0,0.0,0.0,0.0,0.0,0.0,0.0,,,,,,,,,,,,,,,,,,,,,,,,,,,,,,,,,,,,,,,,,,,,,,,,,,,,,,,,,,,,,,,,,,,,,,,,,,,,,,,,,,,,,,,,,,,,,,,,,,,,,,,,,,,,,,,,,,,,,,,,,,,,,,,,,,,,,,,,,,,
CON,2021,1.0,LVA,74,67,1.0,6.0,0.0,0.0,0.0,0.0,0.0,0.0,0.0,0.0,0.0,0.0,0.0,0.0,0.0,0.0,0.0,0.0,0.0,0.0,0.0,0.0,0.0,0.0,0.0,0.0,0.0,0.0,0.0,,,,,,,,,,,,,,,,,,,,,,,,,,,,,,,,,,,,,,,,,,,,,,,,,,,,,,,,,,,,,,,,,,,,,,,,,,,,,,,,,,,,,,,,,,,,,,,,,,,,,,,,,,,,,,,,,,,,,,,,,,,,,,,,,,,,,,,,,,,
CON,2021,1.0,NYL,85,64,5.0,6.0,0.0,0.0,0.0,0.0,0.0,0.0,0.0,0.0,0.0,0.0,0.0,0.0,0.0,0.0,0.0,0.0,0.0,0.0,0.0,0.0,0.0,0.0,0.0,0.0,0.0,0.0,0.0,,,,,,,,,,,,,,,,,,,,,,,,,,,,,,,,,,,,,,,,,,,,,,,,,,,,,,,,,,,,,,,,,,,,,,,,,,,,,,,,,,,,,,,,,,,,,,,,,,,,,,,,,,,,,,,,,,,,,,,,,,,,,,,,,,,,,,,,,,,
CON,2021,1.0,SEA,66,89,13.0,6.0,0.0,0.0,0.0,0.0,0.0,0.0,0.0,0.0,0.0,0.0,0.0,0.0,0.0,0.0,0.0,0.0,0.0,0.0,0.0,0.0,0.0,0.0,0.0,0.0,0.0,0.0,0.0,,,,,,,,,,,,,,,,,,,,,,,,,,,,,,,,,,,,,,,,,,,,,,,,,,,,,,,,,,,,,,,,,,,,,,,,,,,,,,,,,,,,,,,,,,,,,,,,,,,,,,,,,,,,,,,,,,,,,,,,,,,,,,,,,,,,,,,,,,,
CON,2021,0.0,CHI,75,81,17.0,6.0,0.0,0.0,0.0,0.0,0.0,0.0,0.0,0.0,0.0,0.0,0.0,0.0,0.0,0.0,0.0,0.0,0.0,0.0,0.0,0.0,0.0,0.0,0.0,0.0,0.0,0.0,0.0,,,,,,,,,,,,,,,,,,,,,,,,,,,,,,,,,,,,,,,,,,,,,,,,,,,,,,,,,,,,,,,,,,,,,,,,,,,,,,,,,,,,,,,,,,,,,,,,,,,,,,,,,,,,,,,,,,,,,,,,,,,,,,,,,,,,,,,,,,,
CON,2021,0.0,CHI,81,91,19.0,6.0,0.0,0.0,0.0,0.0,0.0,0.0,0.0,0.0,0.0,0.0,0.0,0.0,0.0,0.0,0.0,0.0,0.0,0.0,0.0,0.0,0.0,0.0,0.0,0.0,0.0,0.0,0.0,,,,,,,,,,,,,,,,,,,,,,,,,,,,,,,,,,,,,,,,,,,,,,,,,,,,,,,,,,,,,,,,,,,,,,,,,,,,,,,,,,,,,,,,,,,,,,,,,,,,,,,,,,,,,,,,,,,,,,,,,,,,,,,,,,,,,,,,,,,
CON,2021,1.0,DAL,80,70,22.0,6.0,0.0,0.0,0.0,0.0,0.0,0.0,0.0,0.0,0.0,0.0,0.0,0.0,0.0,0.0,0.0,0.0,0.0,0.0,0.0,0.0,0.0,0.0,0.0,0.0,0.0,0.0,0.0,,,,,,,,,,,,,,,,,,,,,,,,,,,,,,,,,,,,,,,,,,,,,,,,,,,,,,,,,,,,,,,,,,,,,,,,,,,,,,,,,,,,,,,,,,,,,,,,,,,,,,,,,,,,,,,,,,,,,,,,,,,,,,,,,,,,,,,,,,,
CON,2021,1.0,CHI,74,58,27.0,6.0,0.0,0.0,0.0,0.0,0.0,0.0,0.0,0.0,0.0,0.0,0.0,0.0,0.0,0.0,0.0,0.0,0.0,0.0,0.0,0.0,0.0,0.0,0.0,0.0,0.0,0.0,0.0,,,,,,,,,,,,,,,,,,,,,,,,,,,,,,,,,,,,,,,,,,,,,,,,,,,,,,,,,,,,,,,,,,,,,,,,,,,,,,,,,,,,,,,,,,,,,,,,,,,,,,,,,,,,,,,,,,,,,,,,,,,,,,,,,,,,,,,,,,,
CON,2021,0.0,WAS,90,71,29.0,6.0,0.0,0.0,0.0,0.0,0.0,0.0,0.0,0.0,0.0,0.0,0.0,0.0,0.0,0.0,0.0,0.0,0.0,0.0,0.0,0.0,0.0,0.0,0.0,0.0,0.0,0.0,0.0,,,,,,,,,,,,,,,,,,,,,,,,,,,,,,,,,,,,,,,,,,,,,,,,,,,,,,,,,,,,,,,,,,,,,,,,,,,,,,,,,,,,,,,,,,,,,,,,,,,,,,,,,,,,,,,,,,,,,,,,,,,,,,,,,,,,,,,,,,,
CON,2021,0.0,IND,86,80,1.0,7.0,0.0,0.0,0.0,0.0,0.0,0.0,0.0,0.0,0.0,0.0,0.0,0.0,0.0,0.0,0.0,0.0,0.0,0.0,0.0,0.0,0.0,0.0,0.0,0.0,0.0,0.0,0.0,,,,,,,,,,,,,,,,,,,,,,,,,,,,,,,,,,,,,,,,,,,,,,,,,,,,,,,,,,,,,,,,,,,,,,,,,,,,,,,,,,,,,,,,,,,,,,,,,,,,,,,,,,,,,,,,,,,,,,,,,,,,,,,,,,,,,,,,,,,
CON,2021,0.0,IND,67,73,3.0,7.0,0.0,0.0,0.0,0.0,0.0,0.0,0.0,0.0,0.0,0.0,0.0,0.0,0.0,0.0,0.0,0.0,0.0,0.0,0.0,0.0,0.0,0.0,0.0,0.0,0.0,0.0,0.0,,,,,,,,,,,,,,,,,,,,,,,,,,,,,,,,,,,,,,,,,,,,,,,,,,,,,,,,,,,,,,,,,,,,,,,,,,,,,,,,,,,,,,,,,,,,,,,,,,,,,,,,,,,,,,,,,,,,,,,,,,,,,,,,,,,,,,,,,,,
CON,2021,1.0,ATL,84,72,9.0,7.0,0.0,0.0,0.0,0.0,0.0,0.0,0.0,0.0,0.0,0.0,0.0,0.0,0.0,0.0,0.0,0.0,0.0,0.0,0.0,0.0,0.0,0.0,0.0,0.0,0.0,0.0,0.0,,,,,,,,,,,,,,,,,,,,,,,,,,,,,,,,,,,,,,,,,,,,,,,,,,,,,,,,,,,,,,,,,,,,,,,,,,,,,,,,,,,,,,,,,,,,,,,,,,,,,,,,,,,,,,,,,,,,,,,,,,,,,,,,,,,,,,,,,,,
CON,2021,0.0,NYL,71,54,11.0,7.0,0.0,0.0,0.0,0.0,0.0,0.0,0.0,0.0,0.0,0.0,0.0,0.0,0.0,0.0,0.0,0.0,0.0,0.0,0.0,0.0,0.0,0.0,0.0,0.0,0.0,0.0,0.0,,,,,,,,,,,,,,,,,,,,,,,,,,,,,,,,,,,,,,,,,,,,,,,,,,,,,,,,,,,,,,,,,,,,,,,,,,,,,,,,,,,,,,,,,,,,,,,,,,,,,,,,,,,,,,,,,,,,,,,,,,,,,,,,,,,,,,,,,,,
CON,2021,0.0,DAL,80,59,15.0,8.0,0.0,0.0,0.0,0.0,0.0,0.0,0.0,0.0,0.0,0.0,0.0,0.0,0.0,0.0,0.0,0.0,0.0,0.0,0.0,0.0,0.0,0.0,0.0,0.0,0.0,0.0,0.0,,,,,,,,,,,,,,,,,,,,,,,,,,,,,,,,,,,,,,,,,,,,,,,,,,,,,,,,,,,,,,,,,,,,,,,,,,,,,,,,,,,,,,,,,,,,,,,,,,,,,,,,,,,,,,,,,,,,,,,,,,,,,,,,,,,,,,,,,,,
CON,2021,1.0,MIN,72,60,17.0,8.0,0.0,0.0,0.0,0.0,0.0,0.0,0.0,0.0,0.0,0.0,0.0,0.0,0.0,0.0,0.0,0.0,0.0,0.0,0.0,0.0,0.0,0.0,0.0,0.0,0.0,0.0,0.0,,,,,,,,,,,,,,,,,,,,,,,,,,,,,,,,,,,,,,,,,,,,,,,,,,,,,,,,,,,,,,,,,,,,,,,,,,,,,,,,,,,,,,,,,,,,,,,,,,,,,,,,,,,,,,,,,,,,,,,,,,,,,,,,,,,,,,,,,,,
CON,2021,1.0,MIN,82,71,19.0,8.0,0.0,0.0,0.0,0.0,0.0,0.0,0.0,0.0,0.0,0.0,0.0,0.0,0.0,0.0,0.0,0.0,0.0,0.0,0.0,0.0,0.0,0.0,0.0,0.0,0.0,0.0,0.0,,,,,,,,,,,,,,,,,,,,,,,,,,,,,,,,,,,,,,,,,,,,,,,,,,,,,,,,,,,,,,,,,,,,,,,,,,,,,,,,,,,,,,,,,,,,,,,,,,,,,,,,,,,,,,,,,,,,,,,,,,,,,,,,,,,,,,,,,,,
CON,2021,1.0,LVA,76,62,24.0,8.0,0.0,0.0,0.0,0.0,0.0,0.0,0.0,0.0,0.0,0.0,0.0,0.0,0.0,0.0,0.0,0.0,0.0,0.0,0.0,0.0,0.0,0.0,0.0,0.0,0.0,0.0,0.0,,,,,,,,,,,,,,,,,,,,,,,,,,,,,,,,,,,,,,,,,,,,,,,,,,,,,,,,,,,,,,,,,,,,,,,,,,,,,,,,,,,,,,,,,,,,,,,,,,,,,,,,,,,,,,,,,,,,,,,,,,,,,,,,,,,,,,,,,,,
CON,2021,1.0,LAS,76,72,26.0,8.0,0.0,0.0,0.0,0.0,0.0,0.0,0.0,0.0,0.0,0.0,0.0,0.0,0.0,0.0,0.0,0.0,0.0,0.0,0.0,0.0,0.0,0.0,0.0,0.0,0.0,0.0,0.0,,,,,,,,,,,,,,,,,,,,,,,,,,,,,,,,,,,,,,,,,,,,,,,,,,,,,,,,,,,,,,,,,,,,,,,,,,,,,,,,,,,,,,,,,,,,,,,,,,,,,,,,,,,,,,,,,,,,,,,,,,,,,,,,,,,,,,,,,,,
CON,2021,1.0,LAS,76,61,28.0,8.0,0.0,0.0,0.0,0.0,0.0,0.0,0.0,0.0,0.0,0.0,0.0,0.0,0.0,0.0,0.0,0.0,0.0,0.0,0.0,0.0,0.0,0.0,0.0,0.0,0.0,0.0,0.0,,,,,,,,,,,,,,,,,,,,,,,,,,,,,,,,,,,,,,,,,,,,,,,,,,,,,,,,,,,,,,,,,,,,,,,,,,,,,,,,,,,,,,,,,,,,,,,,,,,,,,,,,,,,,,,,,,,,,,,,,,,,,,,,,,,,,,,,,,,
CON,2021,0.0,WAS,85,75,31.0,8.0,0.0,0.0,0.0,0.0,0.0,0.0,0.0,0.0,0.0,0.0,0.0,0.0,0.0,0.0,0.0,0.0,0.0,0.0,0.0,0.0,0.0,0.0,0.0,0.0,0.0,0.0,0.0,,,,,,,,,,,,,,,,,,,,,,,,,,,,,,,,,,,,,,,,,,,,,,,,,,,,,,,,,,,,,,,,,,,,,,,,,,,,,,,,,,,,,,,,,,,,,,,,,,,,,,,,,,,,,,,,,,,,,,,,,,,,,,,,,,,,,,,,,,,
CON,2021,0.0,DAL,83,56,7.0,9.0,0.0,0.0,0.0,0.0,0.0,0.0,0.0,0.0,0.0,0.0,0.0,0.0,0.0,0.0,0.0,0.0,0.0,0.0,0.0,0.0,0.0,0.0,0.0,0.0,0.0,0.0,0.0,,,,,,,,,,,,,,,,,,,,,,,,,,,,,,,,,,,,,,,,,,,,,,,,,,,,,,,,,,,,,,,,,,,,,,,,,,,,,,,,,,,,,,,,,,,,,,,,,,,,,,,,,,,,,,,,,,,,,,,,,,,,,,,,,,,,,,,,,,,
CON,2021,0.0,LAS,75,57,9.0,9.0,0.0,0.0,0.0,0.0,0.0,0.0,0.0,0.0,0.0,0.0,0.0,0.0,0.0,0.0,0.0,0.0,0.0,0.0,0.0,0.0,0.0,0.0,0.0,0.0,0.0,0.0,0.0,,,,,,,,,,,,,,,,,,,,,,,,,,,,,,,,,,,,,,,,,,,,,,,,,,,,,,,,,,,,,,,,,,,,,,,,,,,,,,,,,,,,,,,,,,,,,,,,,,,,,,,,,,,,,,,,,,,,,,,,,,,,,,,,,,,,,,,,,,,
CON,2021,0.0,PHO,76,67,11.0,9.0,0.0,0.0,0.0,0.0,0.0,0.0,0.0,0.0,0.0,0.0,0.0,0.0,0.0,0.0,0.0,0.0,0.0,0.0,0.0,0.0,0.0,0.0,0.0,0.0,0.0,0.0,0.0,,,,,,,,,,,,,,,,,,,,,,,,,,,,,,,,,,,,,,,,,,,,,,,,,,,,,,,,,,,,,,,,,,,,,,,,,,,,,,,,,,,,,,,,,,,,,,,,,,,,,,,,,,,,,,,,,,,,,,,,,,,,,,,,,,,,,,,,,,,
CON,2021,1.0,NYL,98,69,15.0,9.0,0.0,0.0,0.0,0.0,0.0,0.0,0.0,0.0,0.0,0.0,0.0,0.0,0.0,0.0,0.0,0.0,0.0,0.0,0.0,0.0,0.0,0.0,0.0,0.0,0.0,0.0,0.0,,,,,,,,,,,,,,,,,,,,,,,,,,,,,,,,,,,,,,,,,,,,,,,,,,,,,,,,,,,,,,,,,,,,,,,,,,,,,,,,,,,,,,,,,,,,,,,,,,,,,,,,,,,,,,,,,,,,,,,,,,,,,,,,,,,,,,,,,,,
CON,2021,1.0,ATL,84,64,19.0,9.0,0.0,0.0,0.0,0.0,0.0,0.0,0.0,0.0,0.0,0.0,0.0,0.0,0.0,0.0,0.0,0.0,0.0,0.0,0.0,0.0,0.0,0.0,0.0,0.0,0.0,0.0,0.0,,,,,,,,,,,,,,,,,,,,,,,,,,,,,,,,,,,,,,,,,,,,,,,,,,,,,,,,,,,,,,,,,,,,,,,,,,,,,,,,,,,,,,,,,,,,,,,,,,,,,,,,,,,,,,,,,,,,,,,,,,,,,,,,,,,,,,,,,,,
DAL,2021,0.0,LAS,94,71,14.0,5.0,0.0,0.0,1.0,1.0,0.0,0.0,0.0,0.0,0.0,0.0,0.0,0.0,0.0,0.0,0.0,0.0,0.0,0.0,0.0,0.0,0.0,0.0,0.0,0.0,0.0,0.0,0.0,,,,,,,,,,,,,,,,,,,,,,,,,,,,,,,,,,,,,,,,,,,,,,,,,,,,,,,,,,,,,,,,,,,,,,,,,,,,,,,,,,,,,,,,,,,,,,,,,,,,,,,,,,,,,,,,,,,,,,,,,,,,,,,,,,,,,,,,,,,
DAL,2021,1.0,SEA,97,100,22.0,5.0,0.0,0.0,1.0,1.0,0.0,0.0,0.0,0.0,0.0,0.0,0.0,0.0,0.0,0.0,0.0,0.0,0.0,0.0,0.0,0.0,0.0,0.0,0.0,0.0,0.0,0.0,0.0,,,,,,,,,,,,,,,,,,,,,,,,,,,,,,,,,,,,,,,,,,,,,,,,,,,,,,,,,,,,,,,,,,,,,,,,,,,,,,,,,,,,,,,,,,,,,,,,,,,,,,,,,,,,,,,,,,,,,,,,,,,,,,,,,,,,,,,,,,,
DAL,2021,0.0,NYL,81,88,24.0,5.0,0.0,0.0,1.0,1.0,0.0,0.0,0.0,0.0,0.0,0.0,0.0,0.0,0.0,0.0,0.0,0.0,0.0,0.0,0.0,0.0,0.0,0.0,0.0,0.0,0.0,0.0,0.0,,,,,,,,,,,,,,,,,,,,,,,,,,,,,,,,,,,,,,,,,,,,,,,,,,,,,,,,,,,,,,,,,,,,,,,,,,,,,,,,,,,,,,,,,,,,,,,,,,,,,,,,,,,,,,,,,,,,,,,,,,,,,,,,,,,,,,,,,,,
DAL,2021,0.0,ATL,95,101,27.0,5.0,0.0,0.0,1.0,1.0,0.0,0.0,0.0,0.0,0.0,0.0,0.0,0.0,0.0,0.0,0.0,0.0,0.0,0.0,0.0,0.0,0.0,0.0,0.0,0.0,0.0,0.0,0.0,,,,,,,,,,,,,,,,,,,,,,,,,,,,,,,,,,,,,,,,,,,,,,,,,,,,,,,,,,,,,,,,,,,,,,,,,,,,,,,,,,,,,,,,,,,,,,,,,,,,,,,,,,,,,,,,,,,,,,,,,,,,,,,,,,,,,,,,,,,
DAL,2021,1.0,PHO,85,89,29.0,5.0,0.0,0.0,1.0,1.0,0.0,0.0,0.0,0.0,0.0,0.0,0.0,0.0,0.0,0.0,0.0,0.0,0.0,0.0,0.0,0.0,0.0,0.0,0.0,0.0,0.0,0.0,0.0,,,,,,,,,,,,,,,,,,,,,,,,,,,,,,,,,,,,,,,,,,,,,,,,,,,,,,,,,,,,,,,,,,,,,,,,,,,,,,,,,,,,,,,,,,,,,,,,,,,,,,,,,,,,,,,,,,,,,,,,,,,,,,,,,,,,,,,,,,,
DAL,2021,1.0,LAS,79,69,1.0,6.0,0.0,0.0,1.0,1.0,0.0,0.0,0.0,0.0,0.0,0.0,0.0,0.0,0.0,0.0,0.0,0.0,0.0,0.0,0.0,0.0,0.0,0.0,0.0,0.0,0.0,0.0,0.0,,,,,,,,,,,,,,,,,,,,,,,,,,,,,,,,,,,,,,,,,,,,,,,,,,,,,,,,,,,,,,,,,,,,,,,,,,,,,,,,,,,,,,,,,,,,,,,,,,,,,,,,,,,,,,,,,,,,,,,,,,,,,,,,,,,,,,,,,,,
DAL,2021,0.0,SEA,102,105,4.0,6.0,0.0,0.0,0.0,0.0,0.0,0.0,0.0,0.0,0.0,0.0,0.0,0.0,0.0,0.0,0.0,0.0,0.0,0.0,0.0,0.0,0.0,0.0,0.0,0.0,0.0,0.0,0.0,,,,,,,,,,,,,,,,,,,,,,,,,,,,,,,,,,,,,,,,,,,,,,,,,,,,,,,,,,,,,,,,,,,,,,,,,,,,,,,,,,,,,,,,,,,,,,,,,,,,,,,,,,,,,,,,,,,,,,,,,,,,,,,,,,,,,,,,,,,
DAL,2021,0.0,SEA,68,67,6.0,6.0,0.0,0.0,0.0,0.0,0.0,0.0,0.0,0.0,0.0,0.0,0.0,0.0,0.0,0.0,0.0,0.0,0.0,0.0,0.0,0.0,0.0,0.0,0.0,0.0,0.0,0.0,0.0,,,,,,,,,,,,,,,,,,,,,,,,,,,,,,,,,,,,,,,,,,,,,,,,,,,,,,,,,,,,,,,,,,,,,,,,,,,,,,,,,,,,,,,,,,,,,,,,,,,,,,,,,,,,,,,,,,,,,,,,,,,,,,,,,,,,,,,,,,,
DAL,2021,0.0,PHO,85,81,8.0,6.0,0.0,0.0,0.0,0.0,0.0,0.0,0.0,0.0,0.0,0.0,0.0,0.0,0.0,0.0,0.0,0.0,0.0,0.0,0.0,0.0,0.0,0.0,0.0,0.0,0.0,0.0,0.0,,,,,,,,,,,,,,,,,,,,,,,,,,,,,,,,,,,,,,,,,,,,,,,,,,,,,,,,,,,,,,,,,,,,,,,,,,,,,,,,,,,,,,,,,,,,,,,,,,,,,,,,,,,,,,,,,,,,,,,,,,,,,,,,,,,,,,,,,,,
DAL,2021,0.0,PHO,77,59,11.0,6.0,0.0,0.0,0.0,0.0,0.0,0.0,0.0,0.0,0.0,0.0,0.0,0.0,0.0,0.0,0.0,0.0,0.0,0.0,0.0,0.0,0.0,0.0,0.0,0.0,0.0,0.0,0.0,,,,,,,,,,,,,,,,,,,,,,,,,,,,,,,,,,,,,,,,,,,,,,,,,,,,,,,,,,,,,,,,,,,,,,,,,,,,,,,,,,,,,,,,,,,,,,,,,,,,,,,,,,,,,,,,,,,,,,,,,,,,,,,,,,,,,,,,,,,
DAL,2021,0.0,LVA,78,85,13.0,6.0,0.0,0.0,0.0,0.0,0.0,0.0,0.0,0.0,0.0,0.0,0.0,0.0,0.0,0.0,0.0,0.0,0.0,0.0,0.0,0.0,0.0,0.0,0.0,0.0,0.0,0.0,0.0,,,,,,,,,,,,,,,,,,,,,,,,,,,,,,,,,,,,,,,,,,,,,,,,,,,,,,,,,,,,,,,,,,,,,,,,,,,,,,,,,,,,,,,,,,,,,,,,,,,,,,,,,,,,,,,,,,,,,,,,,,,,,,,,,,,,,,,,,,,
DAL,2021,1.0,MIN,73,85,17.0,6.0,0.0,0.0,0.0,0.0,0.0,0.0,0.0,0.0,0.0,0.0,0.0,0.0,0.0,0.0,0.0,0.0,0.0,0.0,0.0,0.0,0.0,0.0,0.0,0.0,0.0,0.0,0.0,,,,,,,,,,,,,,,,,,,,,,,,,,,,,,,,,,,,,,,,,,,,,,,,,,,,,,,,,,,,,,,,,,,,,,,,,,,,,,,,,,,,,,,,,,,,,,,,,,,,,,,,,,,,,,,,,,,,,,,,,,,,,,,,,,,,,,,,,,,
DAL,2021,1.0,MIN,95,77,19.0,6.0,0.0,0.0,0.0,0.0,0.0,0.0,0.0,0.0,0.0,0.0,0.0,0.0,0.0,0.0,0.0,0.0,0.0,0.0,0.0,0.0,0.0,0.0,0.0,0.0,0.0,0.0,0.0,,,,,,,,,,,,,,,,,,,,,,,,,,,,,,,,,,,,,,,,,,,,,,,,,,,,,,,,,,,,,,,,,,,,,,,,,,,,,,,,,,,,,,,,,,,,,,,,,,,,,,,,,,,,,,,,,,,,,,,,,,,,,,,,,,,,,,,,,,,
DAL,2021,0.0,CON,70,80,22.0,6.0,0.0,0.0,0.0,0.0,0.0,0.0,0.0,0.0,0.0,0.0,0.0,0.0,0.0,0.0,0.0,0.0,0.0,0.0,0.0,0.0,0.0,0.0,0.0,0.0,0.0,0.0,0.0,,,,,,,,,,,,,,,,,,,,,,,,,,,,,,,,,,,,,,,,,,,,,,,,,,,,,,,,,,,,,,,,,,,,,,,,,,,,,,,,,,,,,,,,,,,,,,,,,,,,,,,,,,,,,,,,,,,,,,,,,,,,,,,,,,,,,,,,,,,
DAL,2021,0.0,IND,89,64,24.0,6.0,0.0,0.0,0.0,0.0,0.0,0.0,0.0,0.0,0.0,0.0,0.0,0.0,0.0,0.0,0.0,0.0,0.0,0.0,0.0,0.0,0.0,0.0,0.0,0.0,0.0,0.0,0.0,,,,,,,,,,,,,,,,,,,,,,,,,,,,,,,,,,,,,,,,,,,,,,,,,,,,,,,,,,,,,,,,,,,,,,,,,,,,,,,,,,,,,,,,,,,,,,,,,,,,,,,,,,,,,,,,,,,,,,,,,,,,,,,,,,,,,,,,,,,
DAL,2021,1.0,WAS,85,74,26.0,6.0,0.0,0.0,0.0,0.0,0.0,0.0,0.0,0.0,0.0,0.0,0.0,0.0,0.0,0.0,0.0,0.0,0.0,0.0,0.0,0.0,0.0,0.0,0.0,0.0,0.0,0.0,0.0,,,,,,,,,,,,,,,,,,,,,,,,,,,,,,,,,,,,,,,,,,,,,,,,,,,,,,,,,,,,,,,,,,,,,,,,,,,,,,,,,,,,,,,,,,,,,,,,,,,,,,,,,,,,,,,,,,,,,,,,,,,,,,,,,,,,,,,,,,,
DAL,2021,1.0,CHI,81,91,30.0,6.0,0.0,0.0,0.0,0.0,0.0,0.0,0.0,0.0,0.0,0.0,0.0,0.0,0.0,0.0,0.0,0.0,0.0,0.0,0.0,0.0,0.0,0.0,0.0,0.0,0.0,0.0,0.0,,,,,,,,,,,,,,,,,,,,,,,,,,,,,,,,,,,,,,,,,,,,,,,,,,,,,,,,,,,,,,,,,,,,,,,,,,,,,,,,,,,,,,,,,,,,,,,,,,,,,,,,,,,,,,,,,,,,,,,,,,,,,,,,,,,,,,,,,,,
DAL,2021,1.0,CHI,100,91,2.0,7.0,0.0,0.0,0.0,0.0,0.0,0.0,0.0,0.0,0.0,0.0,0.0,0.0,0.0,0.0,0.0,0.0,0.0,0.0,0.0,0.0,0.0,0.0,0.0,0.0,0.0,0.0,0.0,,,,,,,,,,,,,,,,,,,,,,,,,,,,,,,,,,,,,,,,,,,,,,,,,,,,,,,,,,,,,,,,,,,,,,,,,,,,,,,,,,,,,,,,,,,,,,,,,,,,,,,,,,,,,,,,,,,,,,,,,,,,,,,,,,,,,,,,,,,
DAL,2021,0.0,NYL,96,99,5.0,7.0,0.0,0.0,0.0,0.0,0.0,0.0,0.0,0.0,0.0,0.0,0.0,0.0,0.0,0.0,0.0,0.0,0.0,0.0,0.0,0.0,0.0,0.0,0.0,0.0,0.0,0.0,0.0,,,,,,,,,,,,,,,,,,,,,,,,,,,,,,,,,,,,,,,,,,,,,,,,,,,,,,,,,,,,,,,,,,,,,,,,,,,,,,,,,,,,,,,,,,,,,,,,,,,,,,,,,,,,,,,,,,,,,,,,,,,,,,,,,,,,,,,,,,,
DAL,2021,0.0,MIN,79,85,7.0,7.0,0.0,0.0,0.0,0.0,0.0,0.0,0.0,0.0,0.0,0.0,0.0,0.0,0.0,0.0,0.0,0.0,0.0,0.0,0.0,0.0,0.0,0.0,0.0,0.0,0.0,0.0,0.0,,,,,,,,,,,,,,,,,,,,,,,,,,,,,,,,,,,,,,,,,,,,,,,,,,,,,,,,,,,,,,,,,,,,,,,,,,,,,,,,,,,,,,,,,,,,,,,,,,,,,,,,,,,,,,,,,,,,,,,,,,,,,,,,,,,,,,,,,,,
DAL,2021,1.0,LVA,79,95,11.0,7.0,0.0,0.0,0.0,0.0,0.0,0.0,0.0,0.0,0.0,0.0,0.0,0.0,0.0,0.0,0.0,0.0,0.0,0.0,0.0,0.0,0.0,0.0,0.0,0.0,0.0,0.0,0.0,,,,,,,,,,,,,,,,,,,,,,,,,,,,,,,,,,,,,,,,,,,,,,,,,,,,,,,,,,,,,,,,,,,,,,,,,,,,,,,,,,,,,,,,,,,,,,,,,,,,,,,,,,,,,,,,,,,,,,,,,,,,,,,,,,,,,,,,,,,
DAL,2021,1.0,CON,59,80,15.0,8.0,0.0,0.0,0.0,0.0,0.0,0.0,0.0,0.0,0.0,0.0,0.0,0.0,0.0,0.0,0.0,0.0,0.0,0.0,0.0,0.0,0.0,0.0,0.0,0.0,0.0,0.0,0.0,,,,,,,,,,,,,,,,,,,,,,,,,,,,,,,,,,,,,,,,,,,,,,,,,,,,,,,,,,,,,,,,,,,,,,,,,,,,,,,,,,,,,,,,,,,,,,,,,,,,,,,,,,,,,,,,,,,,,,,,,,,,,,,,,,,,,,,,,,,
DAL,2021,0.0,CHI,80,76,17.0,8.0,0.0,0.0,0.0,0.0,0.0,0.0,0.0,0.0,0.0,0.0,0.0,0.0,0.0,0.0,0.0,0.0,0.0,0.0,0.0,0.0,0.0,0.0,0.0,0.0,0.0,0.0,0.0,,,,,,,,,,,,,,,,,,,,,,,,,,,,,,,,,,,,,,,,,,,,,,,,,,,,,,,,,,,,,,,,,,,,,,,,,,,,,,,,,,,,,,,,,,,,,,,,,,,,,,,,,,,,,,,,,,,,,,,,,,,,,,,,,,,,,,,,,,,
DAL,2021,1.0,IND,81,83,20.0,8.0,0.0,0.0,0.0,0.0,0.0,0.0,0.0,0.0,0.0,0.0,0.0,0.0,0.0,0.0,0.0,0.0,0.0,0.0,0.0,0.0,0.0,0.0,0.0,0.0,0.0,0.0,0.0,,,,,,,,,,,,,,,,,,,,,,,,,,,,,,,,,,,,,,,,,,,,,,,,,,,,,,,,,,,,,,,,,,,,,,,,,,,,,,,,,,,,,,,,,,,,,,,,,,,,,,,,,,,,,,,,,,,,,,,,,,,,,,,,,,,,,,,,,,,
DAL,2021,0.0,WAS,82,77,26.0,8.0,0.0,0.0,0.0,0.0,0.0,0.0,0.0,0.0,0.0,0.0,0.0,0.0,0.0,0.0,0.0,0.0,0.0,0.0,0.0,0.0,0.0,0.0,0.0,0.0,0.0,0.0,0.0,,,,,,,,,,,,,,,,,,,,,,,,,,,,,,,,,,,,,,,,,,,,,,,,,,,,,,,,,,,,,,,,,,,,,,,,,,,,,,,,,,,,,,,,,,,,,,,,,,,,,,,,,,,,,,,,,,,,,,,,,,,,,,,,,,,,,,,,,,,
DAL,2021,0.0,WAS,75,76,28.0,8.0,0.0,0.0,0.0,0.0,0.0,0.0,0.0,0.0,0.0,0.0,0.0,0.0,0.0,0.0,0.0,0.0,0.0,0.0,0.0,0.0,0.0,0.0,0.0,0.0,0.0,0.0,0.0,,,,,,,,,,,,,,,,,,,,,,,,,,,,,,,,,,,,,,,,,,,,,,,,,,,,,,,,,,,,,,,,,,,,,,,,,,,,,,,,,,,,,,,,,,,,,,,,,,,,,,,,,,,,,,,,,,,,,,,,,,,,,,,,,,,,,,,,,,,
DAL,2021,1.0,ATL,72,68,2.0,9.0,0.0,0.0,0.0,0.0,0.0,0.0,0.0,0.0,0.0,0.0,0.0,0.0,0.0,0.0,0.0,0.0,0.0,0.0,0.0,0.0,0.0,0.0,0.0,0.0,0.0,0.0,0.0,,,,,,,,,,,,,,,,,,,,,,,,,,,,,,,,,,,,,,,,,,,,,,,,,,,,,,,,,,,,,,,,,,,,,,,,,,,,,,,,,,,,,,,,,,,,,,,,,,,,,,,,,,,,,,,,,,,,,,,,,,,,,,,,,,,,,,,,,,,
DAL,2021,1.0,ATL,64,69,5.0,9.0,0.0,0.0,0.0,0.0,0.0,0.0,0.0,0.0,0.0,0.0,0.0,0.0,0.0,0.0,0.0,0.0,0.0,0.0,0.0,0.0,0.0,0.0,0.0,0.0,0.0,0.0,0.0,,,,,,,,,,,,,,,,,,,,,,,,,,,,,,,,,,,,,,,,,,,,,,,,,,,,,,,,,,,,,,,,,,,,,,,,,,,,,,,,,,,,,,,,,,,,,,,,,,,,,,,,,,,,,,,,,,,,,,,,,,,,,,,,,,,,,,,,,,,
DAL,2021,1.0,CON,56,83,7.0,9.0,0.0,0.0,0.0,0.0,0.0,0.0,0.0,0.0,0.0,0.0,0.0,0.0,0.0,0.0,0.0,0.0,0.0,0.0,0.0,0.0,0.0,0.0,0.0,0.0,0.0,0.0,0.0,,,,,,,,,,,,,,,,,,,,,,,,,,,,,,,,,,,,,,,,,,,,,,,,,,,,,,,,,,,,,,,,,,,,,,,,,,,,,,,,,,,,,,,,,,,,,,,,,,,,,,,,,,,,,,,,,,,,,,,,,,,,,,,,,,,,,,,,,,,
DAL,2021,1.0,NYL,77,76,11.0,9.0,0.0,0.0,0.0,0.0,0.0,0.0,0.0,0.0,0.0,0.0,0.0,0.0,0.0,0.0,0.0,0.0,0.0,0.0,0.0,0.0,0.0,0.0,0.0,0.0,0.0,0.0,0.0,,,,,,,,,,,,,,,,,,,,,,,,,,,,,,,,,,,,,,,,,,,,,,,,,,,,,,,,,,,,,,,,,,,,,,,,,,,,,,,,,,,,,,,,,,,,,,,,,,,,,,,,,,,,,,,,,,,,,,,,,,,,,,,,,,,,,,,,,,,
DAL,2021,0.0,LVA,75,85,13.0,9.0,0.0,0.0,0.0,0.0,0.0,0.0,0.0,0.0,0.0,0.0,0.0,0.0,0.0,0.0,0.0,0.0,0.0,0.0,0.0,0.0,0.0,0.0,0.0,0.0,0.0,0.0,0.0,,,,,,,,,,,,,,,,,,,,,,,,,,,,,,,,,,,,,,,,,,,,,,,,,,,,,,,,,,,,,,,,,,,,,,,,,,,,,,,,,,,,,,,,,,,,,,,,,,,,,,,,,,,,,,,,,,,,,,,,,,,,,,,,,,,,,,,,,,,
DAL,2021,1.0,LAS,87,84,19.0,9.0,0.0,0.0,0.0,0.0,0.0,0.0,0.0,0.0,0.0,0.0,0.0,0.0,0.0,0.0,0.0,0.0,0.0,0.0,0.0,0.0,0.0,0.0,0.0,0.0,0.0,0.0,0.0,,,,,,,,,,,,,,,,,,,,,,,,,,,,,,,,,,,,,,,,,,,,,,,,,,,,,,,,,,,,,,,,,,,,,,,,,,,,,,,,,,,,,,,,,,,,,,,,,,,,,,,,,,,,,,,,,,,,,,,,,,,,,,,,,,,,,,,,,,,
IND,2021,0.0,NYL,87,90,14.0,5.0,0.0,0.0,0.0,0.0,0.0,0.0,0.0,0.0,0.0,0.0,0.0,0.0,0.0,0.0,0.0,0.0,0.0,0.0,0.0,0.0,0.0,0.0,0.0,0.0,0.0,0.0,0.0,,,,,,,,,,,,,,,,,,,,,,,,,,,,,,,,,,,,,,,,,,,,,,,,,,,,,,,,,,,,,,,,,,,,,,,,,,,,,,,,,,,,,,,,,,,,,,,,,,,,,,,,,,,,,,,,,,,,,,,,,,,,,,,,,,,,,,,,,,,
IND,2021,1.0,NYL,65,73,16.0,5.0,0.0,0.0,0.0,0.0,0.0,0.0,0.0,0.0,0.0,0.0,0.0,0.0,0.0,0.0,0.0,0.0,0.0,0.0,0.0,0.0,0.0,0.0,0.0,0.0,0.0,0.0,0.0,,,,,,,,,,,,,,,,,,,,,,,,,,,,,,,,,,,,,,,,,,,,,,,,,,,,,,,,,,,,,,,,,,,,,,,,,,,,,,,,,,,,,,,,,,,,,,,,,,,,,,,,,,,,,,,,,,,,,,,,,,,,,,,,,,,,,,,,,,,
IND,2021,0.0,CON,67,88,19.0,5.0,0.0,0.0,0.0,0.0,0.0,0.0,0.0,0.0,0.0,0.0,0.0,0.0,0.0,0.0,0.0,0.0,0.0,0.0,0.0,0.0,0.0,0.0,0.0,0.0,0.0,0.0,0.0,,,,,,,,,,,,,,,,,,,,,,,,,,,,,,,,,,,,,,,,,,,,,,,,,,,,,,,,,,,,,,,,,,,,,,,,,,,,,,,,,,,,,,,,,,,,,,,,,,,,,,,,,,,,,,,,,,,,,,,,,,,,,,,,,,,,,,,,,,,
IND,2021,1.0,ATL,79,83,21.0,5.0,0.0,0.0,0.0,0.0,0.0,0.0,0.0,0.0,0.0,0.0,0.0,0.0,0.0,0.0,0.0,0.0,0.0,0.0,0.0,0.0,0.0,0.0,0.0,0.0,0.0,0.0,0.0,,,,,,,,,,,,,,,,,,,,,,,,,,,,,,,,,,,,,,,,,,,,,,,,,,,,,,,,,,,,,,,,,,,,,,,,,,,,,,,,,,,,,,,,,,,,,,,,,,,,,,,,,,,,,,,,,,,,,,,,,,,,,,,,,,,,,,,,,,,
IND,2021,1.0,WAS,89,77,23.0,5.0,0.0,0.0,0.0,0.0,0.0,0.0,0.0,0.0,0.0,0.0,0.0,0.0,0.0,0.0,0.0,0.0,0.0,0.0,0.0,0.0,0.0,0.0,0.0,0.0,0.0,0.0,0.0,,,,,,,,,,,,,,,,,,,,,,,,,,,,,,,,,,,,,,,,,,,,,,,,,,,,,,,,,,,,,,,,,,,,,,,,,,,,,,,,,,,,,,,,,,,,,,,,,,,,,,,,,,,,,,,,,,,,,,,,,,,,,,,,,,,,,,,,,,,
IND,2021,1.0,WAS,69,85,25.0,5.0,0.0,0.0,0.0,0.0,0.0,0.0,0.0,0.0,0.0,0.0,0.0,0.0,0.0,0.0,0.0,0.0,0.0,0.0,0.0,0.0,0.0,0.0,0.0,0.0,0.0,0.0,0.0,,,,,,,,,,,,,,,,,,,,,,,,,,,,,,,,,,,,,,,,,,,,,,,,,,,,,,,,,,,,,,,,,,,,,,,,,,,,,,,,,,,,,,,,,,,,,,,,,,,,,,,,,,,,,,,,,,,,,,,,,,,,,,,,,,,,,,,,,,,
IND,2021,0.0,LVA,77,113,28.0,5.0,0.0,0.0,0.0,0.0,0.0,0.0,0.0,0.0,0.0,0.0,0.0,0.0,0.0,0.0,0.0,0.0,0.0,0.0,0.0,0.0,0.0,0.0,0.0,0.0,0.0,0.0,0.0,,,,,,,,,,,,,,,,,,,,,,,,,,,,,,,,,,,,,,,,,,,,,,,,,,,,,,,,,,,,,,,,,,,,,,,,,,,,,,,,,,,,,,,,,,,,,,,,,,,,,,,,,,,,,,,,,,,,,,,,,,,,,,,,,,,,,,,,,,,
IND,2021,0.0,LVA,78,101,30.0,5.0,0.0,0.0,0.0,0.0,0.0,0.0,0.0,0.0,0.0,0.0,0.0,0.0,0.0,0.0,0.0,0.0,0.0,0.0,0.0,0.0,0.0,0.0,0.0,0.0,0.0,0.0,0.0,,,,,,,,,,,,,,,,,,,,,,,,,,,,,,,,,,,,,,,,,,,,,,,,,,,,,,,,,,,,,,,,,,,,,,,,,,,,,,,,,,,,,,,,,,,,,,,,,,,,,,,,,,,,,,,,,,,,,,,,,,,,,,,,,,,,,,,,,,,
IND,2021,0.0,SEA,73,88,1.0,6.0,0.0,0.0,0.0,0.0,0.0,0.0,0.0,0.0,0.0,0.0,0.0,0.0,0.0,0.0,0.0,0.0,0.0,0.0,0.0,0.0,0.0,0.0,0.0,0.0,0.0,0.0,0.0,,,,,,,,,,,,,,,,,,,,,,,,,,,,,,,,,,,,,,,,,,,,,,,,,,,,,,,,,,,,,,,,,,,,,,,,,,,,,,,,,,,,,,,,,,,,,,,,,,,,,,,,,,,,,,,,,,,,,,,,,,,,,,,,,,,,,,,,,,,
IND,2021,0.0,LAS,63,98,3.0,6.0,0.0,0.0,0.0,0.0,0.0,0.0,0.0,0.0,0.0,0.0,0.0,0.0,0.0,0.0,0.0,0.0,0.0,0.0,0.0,0.0,0.0,0.0,0.0,0.0,0.0,0.0,0.0,,,,,,,,,,,,,,,,,,,,,,,,,,,,,,,,,,,,,,,,,,,,,,,,,,,,,,,,,,,,,,,,,,,,,,,,,,,,,,,,,,,,,,,,,,,,,,,,,,,,,,,,,,,,,,,,,,,,,,,,,,,,,,,,,,,,,,,,,,,
IND,2021,0.0,CHI,76,92,9.0,6.0,0.0,0.0,0.0,0.0,0.0,0.0,0.0,0.0,0.0,0.0,0.0,0.0,0.0,0.0,0.0,0.0,0.0,0.0,0.0,0.0,0.0,0.0,0.0,0.0,0.0,0.0,0.0,,,,,,,,,,,,,,,,,,,,,,,,,,,,,,,,,,,,,,,,,,,,,,,,,,,,,,,,,,,,,,,,,,,,,,,,,,,,,,,,,,,,,,,,,,,,,,,,,,,,,,,,,,,,,,,,,,,,,,,,,,,,,,,,,,,,,,,,,,,
IND,2021,1.0,CHI,79,83,12.0,6.0,0.0,0.0,0.0,0.0,0.0,0.0,0.0,0.0,0.0,0.0,0.0,0.0,0.0,0.0,0.0,0.0,0.0,0.0,0.0,0.0,0.0,0.0,0.0,0.0,0.0,0.0,0.0,,,,,,,,,,,,,,,,,,,,,,,,,,,,,,,,,,,,,,,,,,,,,,,,,,,,,,,,,,,,,,,,,,,,,,,,,,,,,,,,,,,,,,,,,,,,,,,,,,,,,,,,,,,,,,,,,,,,,,,,,,,,,,,,,,,,,,,,,,,
IND,2021,1.0,SEA,70,87,15.0,6.0,0.0,0.0,0.0,0.0,0.0,0.0,0.0,0.0,0.0,0.0,0.0,0.0,0.0,0.0,0.0,0.0,0.0,0.0,0.0,0.0,0.0,0.0,0.0,0.0,0.0,0.0,0.0,,,,,,,,,,,,,,,,,,,,,,,,,,,,,,,,,,,,,,,,,,,,,,,,,,,,,,,,,,,,,,,,,,,,,,,,,,,,,,,,,,,,,,,,,,,,,,,,,,,,,,,,,,,,,,,,,,,,,,,,,,,,,,,,,,,,,,,,,,,
IND,2021,1.0,SEA,69,79,17.0,6.0,0.0,0.0,0.0,0.0,0.0,0.0,0.0,0.0,0.0,0.0,0.0,0.0,0.0,0.0,0.0,0.0,0.0,0.0,0.0,0.0,0.0,0.0,0.0,0.0,0.0,0.0,0.0,,,,,,,,,,,,,,,,,,,,,,,,,,,,,,,,,,,,,,,,,,,,,,,,,,,,,,,,,,,,,,,,,,,,,,,,,,,,,,,,,,,,,,,,,,,,,,,,,,,,,,,,,,,,,,,,,,,,,,,,,,,,,,,,,,,,,,,,,,,
IND,2021,0.0,WAS,77,82,19.0,6.0,0.0,0.0,0.0,0.0,0.0,0.0,0.0,0.0,0.0,0.0,0.0,0.0,0.0,0.0,0.0,0.0,0.0,0.0,0.0,0.0,0.0,0.0,0.0,0.0,0.0,0.0,0.0,,,,,,,,,,,,,,,,,,,,,,,,,,,,,,,,,,,,,,,,,,,,,,,,,,,,,,,,,,,,,,,,,,,,,,,,,,,,,,,,,,,,,,,,,,,,,,,,,,,,,,,,,,,,,,,,,,,,,,,,,,,,,,,,,,,,,,,,,,,
IND,2021,1.0,DAL,64,89,24.0,6.0,0.0,0.0,0.0,0.0,0.0,0.0,0.0,0.0,0.0,0.0,0.0,0.0,0.0,0.0,0.0,0.0,0.0,0.0,0.0,0.0,0.0,0.0,0.0,0.0,0.0,0.0,0.0,,,,,,,,,,,,,,,,,,,,,,,,,,,,,,,,,,,,,,,,,,,,,,,,,,,,,,,,,,,,,,,,,,,,,,,,,,,,,,,,,,,,,,,,,,,,,,,,,,,,,,,,,,,,,,,,,,,,,,,,,,,,,,,,,,,,,,,,,,,
IND,2021,1.0,CON,80,86,1.0,7.0,0.0,0.0,0.0,0.0,0.0,0.0,0.0,0.0,0.0,0.0,0.0,0.0,0.0,0.0,0.0,0.0,0.0,0.0,0.0,0.0,0.0,0.0,0.0,0.0,0.0,0.0,0.0,,,,,,,,,,,,,,,,,,,,,,,,,,,,,,,,,,,,,,,,,,,,,,,,,,,,,,,,,,,,,,,,,,,,,,,,,,,,,,,,,,,,,,,,,,,,,,,,,,,,,,,,,,,,,,,,,,,,,,,,,,,,,,,,,,,,,,,,,,,
IND,2021,1.0,CON,73,67,3.0,7.0,0.0,0.0,0.0,0.0,0.0,0.0,0.0,0.0,0.0,0.0,0.0,0.0,0.0,0.0,0.0,0.0,0.0,0.0,0.0,0.0,0.0,0.0,0.0,0.0,0.0,0.0,0.0,,,,,,,,,,,,,,,,,,,,,,,,,,,,,,,,,,,,,,,,,,,,,,,,,,,,,,,,,,,,,,,,,,,,,,,,,,,,,,,,,,,,,,,,,,,,,,,,,,,,,,,,,,,,,,,,,,,,,,,,,,,,,,,,,,,,,,,,,,,
IND,2021,1.0,NYL,82,69,9.0,7.0,0.0,0.0,0.0,0.0,0.0,0.0,0.0,0.0,0.0,0.0,0.0,0.0,0.0,0.0,0.0,0.0,0.0,0.0,0.0,0.0,0.0,0.0,0.0,0.0,0.0,0.0,0.0,,,,,,,,,,,,,,,,,,,,,,,,,,,,,,,,,,,,,,,,,,,,,,,,,,,,,,,,,,,,,,,,,,,,,,,,,,,,,,,,,,,,,,,,,,,,,,,,,,,,,,,,,,,,,,,,,,,,,,,,,,,,,,,,,,,,,,,,,,,
IND,2021,0.0,ATL,79,68,11.0,7.0,0.0,0.0,0.0,0.0,0.0,0.0,0.0,0.0,0.0,0.0,0.0,0.0,0.0,0.0,0.0,0.0,0.0,0.0,0.0,0.0,0.0,0.0,0.0,0.0,0.0,0.0,0.0,,,,,,,,,,,,,,,,,,,,,,,,,,,,,,,,,,,,,,,,,,,,,,,,,,,,,,,,,,,,,,,,,,,,,,,,,,,,,,,,,,,,,,,,,,,,,,,,,,,,,,,,,,,,,,,,,,,,,,,,,,,,,,,,,,,,,,,,,,,
IND,2021,0.0,LAS,70,75,15.0,8.0,0.0,0.0,0.0,0.0,0.0,0.0,0.0,0.0,0.0,0.0,0.0,0.0,0.0,0.0,0.0,0.0,0.0,0.0,0.0,0.0,0.0,0.0,0.0,0.0,0.0,0.0,0.0,,,,,,,,,,,,,,,,,,,,,,,,,,,,,,,,,,,,,,,,,,,,,,,,,,,,,,,,,,,,,,,,,,,,,,,,,,,,,,,,,,,,,,,,,,,,,,,,,,,,,,,,,,,,,,,,,,,,,,,,,,,,,,,,,,,,,,,,,,,
IND,2021,0.0,PHO,80,84,17.0,8.0,0.0,0.0,0.0,0.0,0.0,0.0,0.0,0.0,0.0,0.0,0.0,0.0,0.0,0.0,0.0,0.0,0.0,0.0,0.0,0.0,0.0,0.0,0.0,0.0,0.0,0.0,0.0,,,,,,,,,,,,,,,,,,,,,,,,,,,,,,,,,,,,,,,,,,,,,,,,,,,,,,,,,,,,,,,,,,,,,,,,,,,,,,,,,,,,,,,,,,,,,,,,,,,,,,,,,,,,,,,,,,,,,,,,,,,,,,,,,,,,,,,,,,,
IND,2021,0.0,DAL,83,81,20.0,8.0,0.0,0.0,0.0,0.0,0.0,0.0,0.0,0.0,0.0,0.0,0.0,0.0,0.0,0.0,0.0,0.0,0.0,0.0,0.0,0.0,0.0,0.0,0.0,0.0,0.0,0.0,0.0,,,,,,,,,,,,,,,,,,,,,,,,,,,,,,,,,,,,,,,,,,,,,,,,,,,,,,,,,,,,,,,,,,,,,,,,,,,,,,,,,,,,,,,,,,,,,,,,,,,,,,,,,,,,,,,,,,,,,,,,,,,,,,,,,,,,,,,,,,,
IND,2021,1.0,LVA,71,87,28.0,8.0,0.0,0.0,0.0,0.0,0.0,0.0,0.0,0.0,0.0,0.0,0.0,0.0,0.0,0.0,0.0,0.0,0.0,0.0,0.0,0.0,0.0,0.0,0.0,0.0,0.0,0.0,0.0,,,,,,,,,,,,,,,,,,,,,,,,,,,,,,,,,,,,,,,,,,,,,,,,,,,,,,,,,,,,,,,,,,,,,,,,,,,,,,,,,,,,,,,,,,,,,,,,,,,,,,,,,,,,,,,,,,,,,,,,,,,,,,,,,,,,,,,,,,,
IND,2021,1.0,LAS,74,72,31.0,8.0,0.0,0.0,0.0,0.0,0.0,0.0,0.0,0.0,0.0,0.0,0.0,0.0,0.0,0.0,0.0,0.0,0.0,0.0,0.0,0.0,0.0,0.0,0.0,0.0,0.0,0.0,0.0,,,,,,,,,,,,,,,,,,,,,,,,,,,,,,,,,,,,,,,,,,,,,,,,,,,,,,,,,,,,,,,,,,,,,,,,,,,,,,,,,,,,,,,,,,,,,,,,,,,,,,,,,,,,,,,,,,,,,,,,,,,,,,,,,,,,,,,,,,,
IND,2021,1.0,PHO,65,87,4.0,9.0,0.0,0.0,0.0,0.0,0.0,0.0,0.0,0.0,0.0,0.0,0.0,0.0,0.0,0.0,0.0,0.0,0.0,0.0,0.0,0.0,0.0,0.0,0.0,0.0,0.0,0.0,0.0,,,,,,,,,,,,,,,,,,,,,,,,,,,,,,,,,,,,,,,,,,,,,,,,,,,,,,,,,,,,,,,,,,,,,,,,,,,,,,,,,,,,,,,,,,,,,,,,,,,,,,,,,,,,,,,,,,,,,,,,,,,,,,,,,,,,,,,,,,,
IND,2021,1.0,PHO,81,86,6.0,9.0,0.0,0.0,0.0,0.0,0.0,0.0,0.0,0.0,0.0,0.0,0.0,0.0,0.0,0.0,0.0,0.0,0.0,0.0,0.0,0.0,0.0,0.0,0.0,0.0,0.0,0.0,0.0,,,,,,,,,,,,,,,,,,,,,,,,,,,,,,,,,,,,,,,,,,,,,,,,,,,,,,,,,,,,,,,,,,,,,,,,,,,,,,,,,,,,,,,,,,,,,,,,,,,,,,,,,,,,,,,,,,,,,,,,,,,,,,,,,,,,,,,,,,,
IND,2021,0.0,MIN,72,89,10.0,9.0,0.0,0.0,0.0,0.0,0.0,0.0,0.0,0.0,0.0,0.0,0.0,0.0,0.0,0.0,0.0,0.0,0.0,0.0,0.0,0.0,0.0,0.0,0.0,0.0,0.0,0.0,0.0,,,,,,,,,,,,,,,,,,,,,,,,,,,,,,,,,,,,,,,,,,,,,,,,,,,,,,,,,,,,,,,,,,,,,,,,,,,,,,,,,,,,,,,,,,,,,,,,,,,,,,,,,,,,,,,,,,,,,,,,,,,,,,,,,,,,,,,,,,,
IND,2021,0.0,MIN,80,90,12.0,9.0,0.0,0.0,0.0,0.0,0.0,0.0,0.0,0.0,0.0,0.0,0.0,0.0,0.0,0.0,0.0,0.0,0.0,0.0,0.0,0.0,0.0,0.0,0.0,0.0,0.0,0.0,0.0,,,,,,,,,,,,,,,,,,,,,,,,,,,,,,,,,,,,,,,,,,,,,,,,,,,,,,,,,,,,,,,,,,,,,,,,,,,,,,,,,,,,,,,,,,,,,,,,,,,,,,,,,,,,,,,,,,,,,,,,,,,,,,,,,,,,,,,,,,,
IND,2021,0.0,ATL,78,85,14.0,9.0,0.0,0.0,0.0,0.0,0.0,0.0,0.0,0.0,0.0,0.0,0.0,0.0,0.0,0.0,0.0,0.0,0.0,0.0,0.0,0.0,0.0,0.0,0.0,0.0,0.0,0.0,0.0,,,,,,,,,,,,,,,,,,,,,,,,,,,,,,,,,,,,,,,,,,,,,,,,,,,,,,,,,,,,,,,,,,,,,,,,,,,,,,,,,,,,,,,,,,,,,,,,,,,,,,,,,,,,,,,,,,,,,,,,,,,,,,,,,,,,,,,,,,,
IND,2021,1.0,MIN,73,92,17.0,9.0,0.0,0.0,0.0,0.0,0.0,0.0,0.0,0.0,0.0,0.0,0.0,0.0,0.0,0.0,0.0,0.0,0.0,0.0,0.0,0.0,0.0,0.0,0.0,0.0,0.0,0.0,0.0,,,,,,,,,,,,,,,,,,,,,,,,,,,,,,,,,,,,,,,,,,,,,,,,,,,,,,,,,,,,,,,,,,,,,,,,,,,,,,,,,,,,,,,,,,,,,,,,,,,,,,,,,,,,,,,,,,,,,,,,,,,,,,,,,,,,,,,,,,,
IND,2021,0.0,CHI,87,98,19.0,9.0,0.0,0.0,0.0,0.0,0.0,0.0,0.0,0.0,0.0,0.0,0.0,0.0,0.0,0.0,0.0,0.0,0.0,0.0,0.0,0.0,0.0,0.0,0.0,0.0,0.0,0.0,0.0,,,,,,,,,,,,,,,,,,,,,,,,,,,,,,,,,,,,,,,,,,,,,,,,,,,,,,,,,,,,,,,,,,,,,,,,,,,,,,,,,,,,,,,,,,,,,,,,,,,,,,,,,,,,,,,,,,,,,,,,,,,,,,,,,,,,,,,,,,,
LAS,2021,1.0,DAL,71,94,14.0,5.0,0.0,0.0,0.0,0.0,0.0,0.0,0.0,0.0,0.0,0.0,0.0,0.0,0.0,0.0,0.0,0.0,0.0,0.0,0.0,0.0,0.0,0.0,0.0,0.0,0.0,0.0,0.0,,,,,,,,,,,,,,,,,,,,,,,,,,,,,,,,,,,,,,,,,,,,,,,,,,,,,,,,,,,,,,,,,,,,,,,,,,,,,,,,,,,,,,,,,,,,,,,,,,,,,,,,,,,,,,,,,,,,,,,,,,,,,,,,,,,,,,,,,,,
LAS,2021,0.0,LVA,69,97,21.0,5.0,0.0,0.0,0.0,0.0,0.0,0.0,0.0,0.0,0.0,0.0,0.0,0.0,0.0,0.0,0.0,0.0,0.0,0.0,0.0,0.0,0.0,0.0,0.0,0.0,0.0,0.0,0.0,,,,,,,,,,,,,,,,,,,,,,,,,,,,,,,,,,,,,,,,,,,,,,,,,,,,,,,,,,,,,,,,,,,,,,,,,,,,,,,,,,,,,,,,,,,,,,,,,,,,,,,,,,,,,,,,,,,,,,,,,,,,,,,,,,,,,,,,,,,
LAS,2021,0.0,CHI,76,61,28.0,5.0,0.0,0.0,0.0,0.0,0.0,0.0,0.0,0.0,0.0,0.0,0.0,0.0,0.0,0.0,0.0,0.0,0.0,0.0,0.0,0.0,0.0,0.0,0.0,0.0,0.0,0.0,0.0,,,,,,,,,,,,,,,,,,,,,,,,,,,,,,,,,,,,,,,,,,,,,,,,,,,,,,,,,,,,,,,,,,,,,,,,,,,,,,,,,,,,,,,,,,,,,,,,,,,,,,,,,,,,,,,,,,,,,,,,,,,,,,,,,,,,,,,,,,,
LAS,2021,0.0,CHI,82,79,30.0,5.0,0.0,0.0,0.0,0.0,0.0,0.0,0.0,0.0,0.0,0.0,0.0,0.0,0.0,0.0,0.0,0.0,0.0,0.0,0.0,0.0,0.0,0.0,0.0,0.0,0.0,0.0,0.0,,,,,,,,,,,,,,,,,,,,,,,,,,,,,,,,,,,,,,,,,,,,,,,,,,,,,,,,,,,,,,,,,,,,,,,,,,,,,,,,,,,,,,,,,,,,,,,,,,,,,,,,,,,,,,,,,,,,,,,,,,,,,,,,,,,,,,,,,,,
LAS,2021,0.0,DAL,69,79,1.0,6.0,0.0,0.0,0.0,0.0,0.0,0.0,0.0,0.0,0.0,0.0,0.0,0.0,0.0,0.0,0.0,0.0,0.0,0.0,0.0,0.0,0.0,0.0,0.0,0.0,0.0,0.0,0.0,,,,,,,,,,,,,,,,,,,,,,,,,,,,,,,,,,,,,,,,,,,,,,,,,,,,,,,,,,,,,,,,,,,,,,,,,,,,,,,,,,,,,,,,,,,,,,,,,,,,,,,,,,,,,,,,,,,,,,,,,,,,,,,,,,,,,,,,,,,
LAS,2021,1.0,IND,98,63,3.0,6.0,0.0,0.0,0.0,0.0,0.0,0.0,0.0,0.0,0.0,0.0,0.0,0.0,0.0,0.0,0.0,0.0,0.0,0.0,0.0,0.0,0.0,0.0,0.0,0.0,0.0,0.0,0.0,,,,,,,,,,,,,,,,,,,,,,,,,,,,,,,,,,,,,,,,,,,,,,,,,,,,,,,,,,,,,,,,,,,,,,,,,,,,,,,,,,,,,,,,,,,,,,,,,,,,,,,,,,,,,,,,,,,,,,,,,,,,,,,,,,,,,,,,,,,
LAS,2021,1.0,CHI,68,63,5.0,6.0,0.0,0.0,0.0,0.0,0.0,0.0,0.0,0.0,0.0,0.0,0.0,0.0,0.0,0.0,0.0,0.0,0.0,0.0,0.0,0.0,0.0,0.0,0.0,0.0,0.0,0.0,0.0,,,,,,,,,,,,,,,,,,,,,,,,,,,,,,,,,,,,,,,,,,,,,,,,,,,,,,,,,,,,,,,,,,,,,,,,,,,,,,,,,,,,,,,,,,,,,,,,,,,,,,,,,,,,,,,,,,,,,,,,,,,,,,,,,,,,,,,,,,,
LAS,2021,0.0,WAS,71,89,10.0,6.0,0.0,0.0,0.0,0.0,0.0,0.0,0.0,0.0,0.0,0.0,0.0,0.0,0.0,0.0,0.0,0.0,0.0,0.0,0.0,0.0,0.0,0.0,0.0,0.0,0.0,0.0,0.0,,,,,,,,,,,,,,,,,,,,,,,,,,,,,,,,,,,,,,,,,,,,,,,,,,,,,,,,,,,,,,,,,,,,,,,,,,,,,,,,,,,,,,,,,,,,,,,,,,,,,,,,,,,,,,,,,,,,,,,,,,,,,,,,,,,,,,,,,,,
LAS,2021,0.0,MIN,64,80,12.0,6.0,0.0,0.0,0.0,0.0,0.0,0.0,0.0,0.0,0.0,0.0,0.0,0.0,0.0,0.0,0.0,0.0,0.0,0.0,0.0,0.0,0.0,0.0,0.0,0.0,0.0,0.0,0.0,,,,,,,,,,,,,,,,,,,,,,,,,,,,,,,,,,,,,,,,,,,,,,,,,,,,,,,,,,,,,,,,,,,,,,,,,,,,,,,,,,,,,,,,,,,,,,,,,,,,,,,,,,,,,,,,,,,,,,,,,,,,,,,,,,,,,,,,,,,
LAS,2021,1.0,PHO,85,80,16.0,6.0,0.0,0.0,0.0,0.0,0.0,0.0,0.0,0.0,0.0,0.0,0.0,0.0,0.0,0.0,0.0,0.0,0.0,0.0,0.0,0.0,0.0,0.0,0.0,0.0,0.0,0.0,0.0,,,,,,,,,,,,,,,,,,,,,,,,,,,,,,,,,,,,,,,,,,,,,,,,,,,,,,,,,,,,,,,,,,,,,,,,,,,,,,,,,,,,,,,,,,,,,,,,,,,,,,,,,,,,,,,,,,,,,,,,,,,,,,,,,,,,,,,,,,,
LAS,2021,1.0,PHO,66,80,18.0,6.0,0.0,0.0,0.0,0.0,0.0,0.0,0.0,0.0,0.0,0.0,0.0,0.0,0.0,0.0,0.0,0.0,0.0,0.0,0.0,0.0,0.0,0.0,0.0,0.0,0.0,0.0,0.0,,,,,,,,,,,,,,,,,,,,,,,,,,,,,,,,,,,,,,,,,,,,,,,,,,,,,,,,,,,,,,,,,,,,,,,,,,,,,,,,,,,,,,,,,,,,,,,,,,,,,,,,,,,,,,,,,,,,,,,,,,,,,,,,,,,,,,,,,,,
LAS,2021,1.0,NYL,73,76,20.0,6.0,0.0,0.0,0.0,0.0,0.0,0.0,0.0,0.0,0.0,0.0,0.0,0.0,0.0,0.0,0.0,0.0,0.0,0.0,0.0,0.0,0.0,0.0,0.0,0.0,0.0,0.0,0.0,,,,,,,,,,,,,,,,,,,,,,,,,,,,,,,,,,,,,,,,,,,,,,,,,,,,,,,,,,,,,,,,,,,,,,,,,,,,,,,,,,,,,,,,,,,,,,,,,,,,,,,,,,,,,,,,,,,,,,,,,,,,,,,,,,,,,,,,,,,
LAS,2021,1.0,WAS,89,82,24.0,6.0,0.0,0.0,0.0,0.0,0.0,0.0,0.0,0.0,0.0,0.0,0.0,0.0,0.0,0.0,0.0,0.0,0.0,0.0,0.0,0.0,0.0,0.0,0.0,0.0,0.0,0.0,0.0,,,,,,,,,,,,,,,,,,,,,,,,,,,,,,,,,,,,,,,,,,,,,,,,,,,,,,,,,,,,,,,,,,,,,,,,,,,,,,,,,,,,,,,,,,,,,,,,,,,,,,,,,,,,,,,,,,,,,,,,,,,,,,,,,,,,,,,,,,,
LAS,2021,0.0,PHO,79,88,27.0,6.0,0.0,0.0,0.0,0.0,0.0,0.0,0.0,0.0,0.0,0.0,0.0,0.0,0.0,0.0,0.0,0.0,0.0,0.0,0.0,0.0,0.0,0.0,0.0,0.0,0.0,0.0,0.0,,,,,,,,,,,,,,,,,,,,,,,,,,,,,,,,,,,,,,,,,,,,,,,,,,,,,,,,,,,,,,,,,,,,,,,,,,,,,,,,,,,,,,,,,,,,,,,,,,,,,,,,,,,,,,,,,,,,,,,,,,,,,,,,,,,,,,,,,,,
LAS,2021,1.0,LVA,75,99,30.0,6.0,0.0,0.0,0.0,0.0,0.0,0.0,0.0,0.0,0.0,0.0,0.0,0.0,0.0,0.0,0.0,0.0,0.0,0.0,0.0,0.0,0.0,0.0,0.0,0.0,0.0,0.0,0.0,,,,,,,,,,,,,,,,,,,,,,,,,,,,,,,,,,,,,,,,,,,,,,,,,,,,,,,,,,,,,,,,,,,,,,,,,,,,,,,,,,,,,,,,,,,,,,,,,,,,,,,,,,,,,,,,,,,,,,,,,,,,,,,,,,,,,,,,,,,
LAS,2021,1.0,LVA,58,66,2.0,7.0,0.0,0.0,0.0,0.0,0.0,0.0,0.0,0.0,0.0,0.0,0.0,0.0,0.0,0.0,0.0,0.0,0.0,0.0,0.0,0.0,0.0,0.0,0.0,0.0,0.0,0.0,0.0,,,,,,,,,,,,,,,,,,,,,,,,,,,,,,,,,,,,,,,,,,,,,,,,,,,,,,,,,,,,,,,,,,,,,,,,,,,,,,,,,,,,,,,,,,,,,,,,,,,,,,,,,,,,,,,,,,,,,,,,,,,,,,,,,,,,,,,,,,,
LAS,2021,1.0,SEA,74,84,4.0,7.0,0.0,0.0,0.0,0.0,0.0,0.0,0.0,0.0,0.0,0.0,0.0,0.0,0.0,0.0,0.0,0.0,0.0,0.0,0.0,0.0,0.0,0.0,0.0,0.0,0.0,0.0,0.0,,,,,,,,,,,,,,,,,,,,,,,,,,,,,,,,,,,,,,,,,,,,,,,,,,,,,,,,,,,,,,,,,,,,,,,,,,,,,,,,,,,,,,,,,,,,,,,,,,,,,,,,,,,,,,,,,,,,,,,,,,,,,,,,,,,,,,,,,,,
LAS,2021,0.0,SEA,62,71,7.0,7.0,0.0,0.0,0.0,0.0,0.0,0.0,0.0,0.0,0.0,0.0,0.0,0.0,0.0,0.0,0.0,0.0,0.0,0.0,0.0,0.0,0.0,0.0,0.0,0.0,0.0,0.0,0.0,,,,,,,,,,,,,,,,,,,,,,,,,,,,,,,,,,,,,,,,,,,,,,,,,,,,,,,,,,,,,,,,,,,,,,,,,,,,,,,,,,,,,,,,,,,,,,,,,,,,,,,,,,,,,,,,,,,,,,,,,,,,,,,,,,,,,,,,,,,
LAS,2021,1.0,MIN,61,86,11.0,7.0,0.0,0.0,0.0,0.0,0.0,0.0,0.0,0.0,0.0,0.0,0.0,0.0,0.0,0.0,0.0,0.0,0.0,0.0,0.0,0.0,0.0,0.0,0.0,0.0,0.0,0.0,0.0,,,,,,,,,,,,,,,,,,,,,,,,,,,,,,,,,,,,,,,,,,,,,,,,,,,,,,,,,,,,,,,,,,,,,,,,,,,,,,,,,,,,,,,,,,,,,,,,,,,,,,,,,,,,,,,,,,,,,,,,,,,,,,,,,,,,,,,,,,,
LAS,2021,1.0,IND,75,70,15.0,8.0,0.0,0.0,0.0,0.0,0.0,0.0,0.0,0.0,0.0,0.0,0.0,0.0,0.0,0.0,0.0,0.0,0.0,0.0,0.0,0.0,0.0,0.0,0.0,0.0,0.0,0.0,0.0,,,,,,,,,,,,,,,,,,,,,,,,,,,,,,,,,,,,,,,,,,,,,,,,,,,,,,,,,,,,,,,,,,,,,,,,,,,,,,,,,,,,,,,,,,,,,,,,,,,,,,,,,,,,,,,,,,,,,,,,,,,,,,,,,,,,,,,,,,,
LAS,2021,1.0,ATL,85,80,17.0,8.0,0.0,0.0,0.0,0.0,0.0,0.0,0.0,0.0,0.0,0.0,0.0,0.0,0.0,0.0,0.0,0.0,0.0,0.0,0.0,0.0,0.0,0.0,0.0,0.0,0.0,0.0,0.0,,,,,,,,,,,,,,,,,,,,,,,,,,,,,,,,,,,,,,,,,,,,,,,,,,,,,,,,,,,,,,,,,,,,,,,,,,,,,,,,,,,,,,,,,,,,,,,,,,,,,,,,,,,,,,,,,,,,,,,,,,,,,,,,,,,,,,,,,,,
LAS,2021,1.0,ATL,66,64,19.0,8.0,0.0,0.0,0.0,0.0,0.0,0.0,0.0,0.0,0.0,0.0,0.0,0.0,0.0,0.0,0.0,0.0,0.0,0.0,0.0,0.0,0.0,0.0,0.0,0.0,0.0,0.0,0.0,,,,,,,,,,,,,,,,,,,,,,,,,,,,,,,,,,,,,,,,,,,,,,,,,,,,,,,,,,,,,,,,,,,,,,,,,,,,,,,,,,,,,,,,,,,,,,,,,,,,,,,,,,,,,,,,,,,,,,,,,,,,,,,,,,,,,,,,,,,
LAS,2021,0.0,NYL,86,83,22.0,8.0,0.0,0.0,0.0,0.0,0.0,0.0,0.0,0.0,0.0,0.0,0.0,0.0,0.0,0.0,0.0,0.0,0.0,0.0,0.0,0.0,0.0,0.0,0.0,0.0,0.0,0.0,0.0,,,,,,,,,,,,,,,,,,,,,,,,,,,,,,,,,,,,,,,,,,,,,,,,,,,,,,,,,,,,,,,,,,,,,,,,,,,,,,,,,,,,,,,,,,,,,,,,,,,,,,,,,,,,,,,,,,,,,,,,,,,,,,,,,,,,,,,,,,,
LAS,2021,0.0,WAS,68,78,24.0,8.0,0.0,0.0,0.0,0.0,0.0,0.0,0.0,0.0,0.0,0.0,0.0,0.0,0.0,0.0,0.0,0.0,0.0,0.0,0.0,0.0,0.0,0.0,0.0,0.0,0.0,0.0,0.0,,,,,,,,,,,,,,,,,,,,,,,,,,,,,,,,,,,,,,,,,,,,,,,,,,,,,,,,,,,,,,,,,,,,,,,,,,,,,,,,,,,,,,,,,,,,,,,,,,,,,,,,,,,,,,,,,,,,,,,,,,,,,,,,,,,,,,,,,,,
LAS,2021,0.0,CON,72,76,26.0,8.0,0.0,0.0,0.0,0.0,0.0,0.0,0.0,0.0,0.0,0.0,0.0,0.0,0.0,0.0,0.0,0.0,0.0,0.0,0.0,0.0,0.0,0.0,0.0,0.0,0.0,0.0,0.0,,,,,,,,,,,,,,,,,,,,,,,,,,,,,,,,,,,,,,,,,,,,,,,,,,,,,,,,,,,,,,,,,,,,,,,,,,,,,,,,,,,,,,,,,,,,,,,,,,,,,,,,,,,,,,,,,,,,,,,,,,,,,,,,,,,,,,,,,,,
LAS,2021,0.0,CON,61,76,28.0,8.0,0.0,0.0,0.0,0.0,0.0,0.0,0.0,0.0,0.0,0.0,0.0,0.0,0.0,0.0,0.0,0.0,0.0,0.0,0.0,0.0,0.0,0.0,0.0,0.0,0.0,0.0,0.0,,,,,,,,,,,,,,,,,,,,,,,,,,,,,,,,,,,,,,,,,,,,,,,,,,,,,,,,,,,,,,,,,,,,,,,,,,,,,,,,,,,,,,,,,,,,,,,,,,,,,,,,,,,,,,,,,,,,,,,,,,,,,,,,,,,,,,,,,,,
LAS,2021,0.0,IND,72,74,31.0,8.0,0.0,0.0,0.0,0.0,0.0,0.0,0.0,0.0,0.0,0.0,0.0,0.0,0.0,0.0,0.0,0.0,0.0,0.0,0.0,0.0,0.0,0.0,0.0,0.0,0.0,0.0,0.0,,,,,,,,,,,,,,,,,,,,,,,,,,,,,,,,,,,,,,,,,,,,,,,,,,,,,,,,,,,,,,,,,,,,,,,,,,,,,,,,,,,,,,,,,,,,,,,,,,,,,,,,,,,,,,,,,,,,,,,,,,,,,,,,,,,,,,,,,,,
LAS,2021,0.0,MIN,57,66,2.0,9.0,0.0,0.0,0.0,0.0,0.0,0.0,0.0,0.0,0.0,0.0,0.0,0.0,0.0,0.0,0.0,0.0,0.0,0.0,0.0,0.0,0.0,0.0,0.0,0.0,0.0,0.0,0.0,,,,,,,,,,,,,,,,,,,,,,,,,,,,,,,,,,,,,,,,,,,,,,,,,,,,,,,,,,,,,,,,,,,,,,,,,,,,,,,,,,,,,,,,,,,,,,,,,,,,,,,,,,,,,,,,,,,,,,,,,,,,,,,,,,,,,,,,,,,
LAS,2021,1.0,CON,57,75,9.0,9.0,0.0,0.0,0.0,0.0,0.0,0.0,0.0,0.0,0.0,0.0,0.0,0.0,0.0,0.0,0.0,0.0,0.0,0.0,0.0,0.0,0.0,0.0,0.0,0.0,0.0,0.0,0.0,,,,,,,,,,,,,,,,,,,,,,,,,,,,,,,,,,,,,,,,,,,,,,,,,,,,,,,,,,,,,,,,,,,,,,,,,,,,,,,,,,,,,,,,,,,,,,,,,,,,,,,,,,,,,,,,,,,,,,,,,,,,,,,,,,,,,,,,,,,
LAS,2021,1.0,SEA,81,53,12.0,9.0,0.0,0.0,0.0,0.0,0.0,0.0,0.0,0.0,0.0,0.0,0.0,0.0,0.0,0.0,0.0,0.0,0.0,0.0,0.0,0.0,0.0,0.0,0.0,0.0,0.0,0.0,0.0,,,,,,,,,,,,,,,,,,,,,,,,,,,,,,,,,,,,,,,,,,,,,,,,,,,,,,,,,,,,,,,,,,,,,,,,,,,,,,,,,,,,,,,,,,,,,,,,,,,,,,,,,,,,,,,,,,,,,,,,,,,,,,,,,,,,,,,,,,,
LAS,2021,0.0,ATL,74,68,16.0,9.0,0.0,0.0,0.0,0.0,0.0,0.0,0.0,0.0,0.0,0.0,0.0,0.0,0.0,0.0,0.0,0.0,0.0,0.0,0.0,0.0,0.0,0.0,0.0,0.0,0.0,0.0,0.0,,,,,,,,,,,,,,,,,,,,,,,,,,,,,,,,,,,,,,,,,,,,,,,,,,,,,,,,,,,,,,,,,,,,,,,,,,,,,,,,,,,,,,,,,,,,,,,,,,,,,,,,,,,,,,,,,,,,,,,,,,,,,,,,,,,,,,,,,,,
LAS,2021,0.0,DAL,84,87,19.0,9.0,0.0,0.0,0.0,0.0,0.0,0.0,0.0,0.0,0.0,0.0,0.0,0.0,0.0,0.0,0.0,0.0,0.0,0.0,0.0,0.0,0.0,0.0,0.0,0.0,0.0,0.0,0.0,,,,,,,,,,,,,,,,,,,,,,,,,,,,,,,,,,,,,,,,,,,,,,,,,,,,,,,,,,,,,,,,,,,,,,,,,,,,,,,,,,,,,,,,,,,,,,,,,,,,,,,,,,,,,,,,,,,,,,,,,,,,,,,,,,,,,,,,,,,
MIN,2021,1.0,PHO,75,77,14.0,5.0,0.0,0.0,0.0,0.0,0.0,0.0,0.0,0.0,0.0,0.0,0.0,0.0,0.0,0.0,0.0,0.0,0.0,0.0,0.0,0.0,0.0,0.0,0.0,0.0,0.0,0.0,0.0,,,,,,,,,,,,,,,,,,,,,,,,,,,,,,,,,,,,,,,,,,,,,,,,,,,,,,,,,,,,,,,,,,,,,,,,,,,,,,,,,,,,,,,,,,,,,,,,,,,,,,,,,,,,,,,,,,,,,,,,,,,,,,,,,,,,,,,,,,,
MIN,2021,0.0,NYL,75,86,18.0,5.0,0.0,0.0,0.0,0.0,0.0,0.0,0.0,0.0,0.0,0.0,0.0,0.0,0.0,0.0,0.0,0.0,0.0,0.0,0.0,0.0,0.0,0.0,0.0,0.0,0.0,0.0,0.0,,,,,,,,,,,,,,,,,,,,,,,,,,,,,,,,,,,,,,,,,,,,,,,,,,,,,,,,,,,,,,,,,,,,,,,,,,,,,,,,,,,,,,,,,,,,,,,,,,,,,,,,,,,,,,,,,,,,,,,,,,,,,,,,,,,,,,,,,,,
MIN,2021,1.0,SEA,78,90,20.0,5.0,0.0,0.0,0.0,0.0,0.0,0.0,0.0,0.0,0.0,0.0,0.0,0.0,0.0,0.0,0.0,0.0,0.0,0.0,0.0,0.0,0.0,0.0,0.0,0.0,0.0,0.0,0.0,,,,,,,,,,,,,,,,,,,,,,,,,,,,,,,,,,,,,,,,,,,,,,,,,,,,,,,,,,,,,,,,,,,,,,,,,,,,,,,,,,,,,,,,,,,,,,,,,,,,,,,,,,,,,,,,,,,,,,,,,,,,,,,,,,,,,,,,,,,
MIN,2021,0.0,SEA,72,82,28.0,5.0,0.0,0.0,0.0,0.0,0.0,0.0,0.0,0.0,0.0,0.0,0.0,0.0,0.0,0.0,0.0,0.0,0.0,0.0,0.0,0.0,0.0,0.0,0.0,0.0,0.0,0.0,0.0,,,,,,,,,,,,,,,,,,,,,,,,,,,,,,,,,,,,,,,,,,,,,,,,,,,,,,,,,,,,,,,,,,,,,,,,,,,,,,,,,,,,,,,,,,,,,,,,,,,,,,,,,,,,,,,,,,,,,,,,,,,,,,,,,,,,,,,,,,,
MIN,2021,1.0,CON,79,74,30.0,5.0,0.0,0.0,0.0,0.0,0.0,0.0,0.0,0.0,0.0,0.0,0.0,0.0,0.0,0.0,0.0,0.0,0.0,0.0,0.0,0.0,0.0,0.0,0.0,0.0,0.0,0.0,0.0,,,,,,,,,,,,,,,,,,,,,,,,,,,,,,,,,,,,,,,,,,,,,,,,,,,,,,,,,,,,,,,,,,,,,,,,,,,,,,,,,,,,,,,,,,,,,,,,,,,,,,,,,,,,,,,,,,,,,,,,,,,,,,,,,,,,,,,,,,,
MIN,2021,1.0,ATL,86,84,4.0,6.0,0.0,0.0,0.0,0.0,0.0,0.0,0.0,0.0,0.0,0.0,0.0,0.0,0.0,0.0,0.0,0.0,0.0,0.0,0.0,0.0,0.0,0.0,0.0,0.0,0.0,0.0,0.0,,,,,,,,,,,,,,,,,,,,,,,,,,,,,,,,,,,,,,,,,,,,,,,,,,,,,,,,,,,,,,,,,,,,,,,,,,,,,,,,,,,,,,,,,,,,,,,,,,,,,,,,,,,,,,,,,,,,,,,,,,,,,,,,,,,,,,,,,,,
MIN,2021,1.0,ATL,100,80,6.0,6.0,0.0,0.0,0.0,0.0,0.0,0.0,0.0,0.0,0.0,0.0,0.0,0.0,0.0,0.0,0.0,0.0,0.0,0.0,0.0,0.0,0.0,0.0,0.0,0.0,0.0,0.0,0.0,,,,,,,,,,,,,,,,,,,,,,,,,,,,,,,,,,,,,,,,,,,,,,,,,,,,,,,,,,,,,,,,,,,,,,,,,,,,,,,,,,,,,,,,,,,,,,,,,,,,,,,,,,,,,,,,,,,,,,,,,,,,,,,,,,,,,,,,,,,
MIN,2021,0.0,WAS,81,85,8.0,6.0,0.0,0.0,0.0,0.0,0.0,0.0,0.0,0.0,0.0,0.0,0.0,0.0,0.0,0.0,0.0,0.0,0.0,0.0,0.0,0.0,0.0,0.0,0.0,0.0,0.0,0.0,0.0,,,,,,,,,,,,,,,,,,,,,,,,,,,,,,,,,,,,,,,,,,,,,,,,,,,,,,,,,,,,,,,,,,,,,,,,,,,,,,,,,,,,,,,,,,,,,,,,,,,,,,,,,,,,,,,,,,,,,,,,,,,,,,,,,,,,,,,,,,,
MIN,2021,1.0,LAS,80,64,12.0,6.0,0.0,0.0,0.0,0.0,0.0,0.0,0.0,0.0,0.0,0.0,0.0,0.0,0.0,0.0,0.0,0.0,0.0,0.0,0.0,0.0,0.0,0.0,0.0,0.0,0.0,0.0,0.0,,,,,,,,,,,,,,,,,,,,,,,,,,,,,,,,,,,,,,,,,,,,,,,,,,,,,,,,,,,,,,,,,,,,,,,,,,,,,,,,,,,,,,,,,,,,,,,,,,,,,,,,,,,,,,,,,,,,,,,,,,,,,,,,,,,,,,,,,,,
MIN,2021,1.0,CHI,89,105,15.0,6.0,0.0,0.0,0.0,0.0,0.0,0.0,0.0,0.0,0.0,0.0,0.0,0.0,0.0,0.0,0.0,0.0,0.0,0.0,0.0,0.0,0.0,0.0,0.0,0.0,0.0,0.0,0.0,,,,,,,,,,,,,,,,,,,,,,,,,,,,,,,,,,,,,,,,,,,,,,,,,,,,,,,,,,,,,,,,,,,,,,,,,,,,,,,,,,,,,,,,,,,,,,,,,,,,,,,,,,,,,,,,,,,,,,,,,,,,,,,,,,,,,,,,,,,
MIN,2021,0.0,DAL,85,73,17.0,6.0,0.0,0.0,0.0,0.0,0.0,0.0,0.0,0.0,0.0,0.0,0.0,0.0,0.0,0.0,0.0,0.0,0.0,0.0,0.0,0.0,0.0,0.0,0.0,0.0,0.0,0.0,0.0,,,,,,,,,,,,,,,,,,,,,,,,,,,,,,,,,,,,,,,,,,,,,,,,,,,,,,,,,,,,,,,,,,,,,,,,,,,,,,,,,,,,,,,,,,,,,,,,,,,,,,,,,,,,,,,,,,,,,,,,,,,,,,,,,,,,,,,,,,,
MIN,2021,0.0,DAL,77,95,19.0,6.0,0.0,0.0,0.0,0.0,0.0,0.0,0.0,0.0,0.0,0.0,0.0,0.0,0.0,0.0,0.0,0.0,0.0,0.0,0.0,0.0,0.0,0.0,0.0,0.0,0.0,0.0,0.0,,,,,,,,,,,,,,,,,,,,,,,,,,,,,,,,,,,,,,,,,,,,,,,,,,,,,,,,,,,,,,,,,,,,,,,,,,,,,,,,,,,,,,,,,,,,,,,,,,,,,,,,,,,,,,,,,,,,,,,,,,,,,,,,,,,,,,,,,,,
MIN,2021,0.0,ATL,87,85,23.0,6.0,0.0,0.0,0.0,0.0,0.0,0.0,0.0,0.0,0.0,0.0,0.0,0.0,0.0,0.0,0.0,0.0,0.0,0.0,0.0,0.0,0.0,0.0,0.0,0.0,0.0,0.0,0.0,,,,,,,,,,,,,,,,,,,,,,,,,,,,,,,,,,,,,,,,,,,,,,,,,,,,,,,,,,,,,,,,,,,,,,,,,,,,,,,,,,,,,,,,,,,,,,,,,,,,,,,,,,,,,,,,,,,,,,,,,,,,,,,,,,,,,,,,,,,
MIN,2021,1.0,LVA,90,89,25.0,6.0,0.0,0.0,0.0,0.0,0.0,0.0,0.0,0.0,0.0,0.0,0.0,0.0,0.0,0.0,0.0,0.0,0.0,0.0,0.0,0.0,0.0,0.0,0.0,0.0,0.0,0.0,0.0,,,,,,,,,,,,,,,,,,,,,,,,,,,,,,,,,,,,,,,,,,,,,,,,,,,,,,,,,,,,,,,,,,,,,,,,,,,,,,,,,,,,,,,,,,,,,,,,,,,,,,,,,,,,,,,,,,,,,,,,,,,,,,,,,,,,,,,,,,,
MIN,2021,0.0,PHO,82,76,30.0,6.0,0.0,0.0,0.0,0.0,0.0,0.0,0.0,0.0,0.0,0.0,0.0,0.0,0.0,0.0,0.0,0.0,0.0,0.0,0.0,0.0,0.0,0.0,0.0,0.0,0.0,0.0,0.0,,,,,,,,,,,,,,,,,,,,,,,,,,,,,,,,,,,,,,,,,,,,,,,,,,,,,,,,,,,,,,,,,,,,,,,,,,,,,,,,,,,,,,,,,,,,,,,,,,,,,,,,,,,,,,,,,,,,,,,,,,,,,,,,,,,,,,,,,,,
MIN,2021,0.0,PHO,99,68,3.0,7.0,0.0,0.0,0.0,0.0,0.0,0.0,0.0,0.0,0.0,0.0,0.0,0.0,0.0,0.0,0.0,0.0,0.0,0.0,0.0,0.0,0.0,0.0,0.0,0.0,0.0,0.0,0.0,,,,,,,,,,,,,,,,,,,,,,,,,,,,,,,,,,,,,,,,,,,,,,,,,,,,,,,,,,,,,,,,,,,,,,,,,,,,,,,,,,,,,,,,,,,,,,,,,,,,,,,,,,,,,,,,,,,,,,,,,,,,,,,,,,,,,,,,,,,
MIN,2021,1.0,DAL,85,79,7.0,7.0,0.0,0.0,0.0,0.0,0.0,0.0,0.0,0.0,0.0,0.0,0.0,0.0,0.0,0.0,0.0,0.0,0.0,0.0,0.0,0.0,0.0,0.0,0.0,0.0,0.0,0.0,0.0,,,,,,,,,,,,,,,,,,,,,,,,,,,,,,,,,,,,,,,,,,,,,,,,,,,,,,,,,,,,,,,,,,,,,,,,,,,,,,,,,,,,,,,,,,,,,,,,,,,,,,,,,,,,,,,,,,,,,,,,,,,,,,,,,,,,,,,,,,,
MIN,2021,0.0,LVA,77,67,9.0,7.0,0.0,0.0,0.0,0.0,0.0,0.0,0.0,0.0,0.0,0.0,0.0,0.0,0.0,0.0,0.0,0.0,0.0,0.0,0.0,0.0,0.0,0.0,0.0,0.0,0.0,0.0,0.0,,,,,,,,,,,,,,,,,,,,,,,,,,,,,,,,,,,,,,,,,,,,,,,,,,,,,,,,,,,,,,,,,,,,,,,,,,,,,,,,,,,,,,,,,,,,,,,,,,,,,,,,,,,,,,,,,,,,,,,,,,,,,,,,,,,,,,,,,,,
MIN,2021,0.0,LAS,86,61,11.0,7.0,0.0,0.0,0.0,0.0,0.0,0.0,0.0,0.0,0.0,0.0,0.0,0.0,0.0,0.0,0.0,0.0,0.0,0.0,1.0,0.0,0.0,0.0,0.0,0.0,0.0,0.0,0.0,,,,,,,,,,,,,,,,,,,,,,,,,,,,,,,,,,,,,,,,,,,,,,,,,,,,,,,,,,,,,,,,,,,,,,,,,,,,,,,,,,,,,,,,,,,,,,,,,,,,,,,,,,,,,,,,,,,,,,,,,,,,,,,,,,,,,,,,,,,
MIN,2021,1.0,NYL,88,78,15.0,8.0,0.0,0.0,0.0,0.0,0.0,0.0,0.0,0.0,0.0,0.0,0.0,0.0,0.0,0.0,0.0,0.0,0.0,0.0,0.0,0.0,0.0,0.0,0.0,0.0,0.0,0.0,0.0,,,,,,,,,,,,,,,,,,,,,,,,,,,,,,,,,,,,,,,,,,,,,,,,,,,,,,,,,,,,,,,,,,,,,,,,,,,,,,,,,,,,,,,,,,,,,,,,,,,,,,,,,,,,,,,,,,,,,,,,,,,,,,,,,,,,,,,,,,,
MIN,2021,0.0,CON,60,72,17.0,8.0,0.0,0.0,0.0,0.0,0.0,0.0,0.0,0.0,0.0,0.0,0.0,0.0,0.0,0.0,0.0,0.0,0.0,0.0,0.0,0.0,0.0,0.0,0.0,0.0,0.0,0.0,0.0,,,,,,,,,,,,,,,,,,,,,,,,,,,,,,,,,,,,,,,,,,,,,,,,,,,,,,,,,,,,,,,,,,,,,,,,,,,,,,,,,,,,,,,,,,,,,,,,,,,,,,,,,,,,,,,,,,,,,,,,,,,,,,,,,,,,,,,,,,,
MIN,2021,0.0,CON,71,82,19.0,8.0,0.0,0.0,0.0,0.0,0.0,0.0,0.0,0.0,0.0,0.0,0.0,0.0,0.0,0.0,0.0,0.0,0.0,0.0,0.0,0.0,0.0,0.0,0.0,0.0,0.0,0.0,0.0,,,,,,,,,,,,,,,,,,,,,,,,,,,,,,,,,,,,,,,,,,,,,,,,,,,,,,,,,,,,,,,,,,,,,,,,,,,,,,,,,,,,,,,,,,,,,,,,,,,,,,,,,,,,,,,,,,,,,,,,,,,,,,,,,,,,,,,,,,,
MIN,2021,0.0,CHI,101,95,21.0,8.0,0.0,0.0,0.0,0.0,0.0,0.0,0.0,0.0,0.0,0.0,0.0,0.0,0.0,0.0,0.0,0.0,0.0,0.0,0.0,0.0,0.0,0.0,0.0,0.0,0.0,0.0,0.0,,,,,,,,,,,,,,,,,,,,,,,,,,,,,,,,,,,,,,,,,,,,,,,,,,,,,,,,,,,,,,,,,,,,,,,,,,,,,,,,,,,,,,,,,,,,,,,,,,,,,,,,,,,,,,,,,,,,,,,,,,,,,,,,,,,,,,,,,,,
MIN,2021,1.0,SEA,76,70,24.0,8.0,0.0,0.0,0.0,0.0,0.0,0.0,0.0,0.0,0.0,0.0,0.0,0.0,0.0,0.0,0.0,0.0,0.0,0.0,0.0,0.0,0.0,0.0,0.0,0.0,0.0,0.0,0.0,,,,,,,,,,,,,,,,,,,,,,,,,,,,,,,,,,,,,,,,,,,,,,,,,,,,,,,,,,,,,,,,,,,,,,,,,,,,,,,,,,,,,,,,,,,,,,,,,,,,,,,,,,,,,,,,,,,,,,,,,,,,,,,,,,,,,,,,,,,
MIN,2021,1.0,NYL,74,66,31.0,8.0,0.0,0.0,0.0,0.0,0.0,0.0,0.0,0.0,0.0,0.0,0.0,0.0,0.0,0.0,0.0,0.0,0.0,0.0,0.0,0.0,0.0,0.0,0.0,0.0,0.0,0.0,0.0,,,,,,,,,,,,,,,,,,,,,,,,,,,,,,,,,,,,,,,,,,,,,,,,,,,,,,,,,,,,,,,,,,,,,,,,,,,,,,,,,,,,,,,,,,,,,,,,,,,,,,,,,,,,,,,,,,,,,,,,,,,,,,,,,,,,,,,,,,,
MIN,2021,1.0,LAS,66,57,2.0,9.0,0.0,0.0,0.0,0.0,0.0,0.0,0.0,0.0,0.0,0.0,0.0,0.0,0.0,0.0,0.0,0.0,0.0,0.0,0.0,0.0,0.0,0.0,0.0,0.0,0.0,0.0,0.0,,,,,,,,,,,,,,,,,,,,,,,,,,,,,,,,,,,,,,,,,,,,,,,,,,,,,,,,,,,,,,,,,,,,,,,,,,,,,,,,,,,,,,,,,,,,,,,,,,,,,,,,,,,,,,,,,,,,,,,,,,,,,,,,,,,,,,,,,,,
MIN,2021,1.0,WAS,93,75,4.0,9.0,0.0,0.0,0.0,0.0,0.0,0.0,0.0,0.0,0.0,0.0,0.0,0.0,0.0,0.0,0.0,0.0,0.0,0.0,0.0,0.0,0.0,0.0,0.0,0.0,0.0,0.0,0.0,,,,,,,,,,,,,,,,,,,,,,,,,,,,,,,,,,,,,,,,,,,,,,,,,,,,,,,,,,,,,,,,,,,,,,,,,,,,,,,,,,,,,,,,,,,,,,,,,,,,,,,,,,,,,,,,,,,,,,,,,,,,,,,,,,,,,,,,,,,
MIN,2021,0.0,LVA,81,102,8.0,9.0,0.0,0.0,0.0,0.0,0.0,0.0,0.0,0.0,0.0,0.0,0.0,0.0,0.0,0.0,0.0,0.0,0.0,0.0,0.0,0.0,0.0,0.0,0.0,0.0,0.0,0.0,0.0,,,,,,,,,,,,,,,,,,,,,,,,,,,,,,,,,,,,,,,,,,,,,,,,,,,,,,,,,,,,,,,,,,,,,,,,,,,,,,,,,,,,,,,,,,,,,,,,,,,,,,,,,,,,,,,,,,,,,,,,,,,,,,,,,,,,,,,,,,,
MIN,2021,1.0,IND,89,72,10.0,9.0,0.0,0.0,0.0,0.0,0.0,0.0,0.0,0.0,0.0,0.0,0.0,0.0,0.0,0.0,0.0,0.0,0.0,0.0,0.0,0.0,0.0,0.0,0.0,0.0,0.0,0.0,0.0,,,,,,,,,,,,,,,,,,,,,,,,,,,,,,,,,,,,,,,,,,,,,,,,,,,,,,,,,,,,,,,,,,,,,,,,,,,,,,,,,,,,,,,,,,,,,,,,,,,,,,,,,,,,,,,,,,,,,,,,,,,,,,,,,,,,,,,,,,,
MIN,2021,1.0,IND,90,80,12.0,9.0,0.0,0.0,0.0,0.0,0.0,0.0,0.0,0.0,0.0,0.0,0.0,0.0,0.0,0.0,0.0,0.0,0.0,0.0,0.0,0.0,0.0,0.0,0.0,0.0,0.0,0.0,0.0,,,,,,,,,,,,,,,,,,,,,,,,,,,,,,,,,,,,,,,,,,,,,,,,,,,,,,,,,,,,,,,,,,,,,,,,,,,,,,,,,,,,,,,,,,,,,,,,,,,,,,,,,,,,,,,,,,,,,,,,,,,,,,,,,,,,,,,,,,,
MIN,2021,0.0,IND,92,73,17.0,9.0,0.0,0.0,0.0,0.0,0.0,0.0,0.0,0.0,0.0,0.0,0.0,0.0,0.0,0.0,0.0,0.0,0.0,0.0,0.0,0.0,0.0,0.0,0.0,0.0,0.0,0.0,0.0,,,,,,,,,,,,,,,,,,,,,,,,,,,,,,,,,,,,,,,,,,,,,,,,,,,,,,,,,,,,,,,,,,,,,,,,,,,,,,,,,,,,,,,,,,,,,,,,,,,,,,,,,,,,,,,,,,,,,,,,,,,,,,,,,,,,,,,,,,,
MIN,2021,0.0,WAS,83,77,19.0,9.0,0.0,0.0,0.0,0.0,0.0,0.0,0.0,0.0,0.0,0.0,0.0,0.0,0.0,0.0,0.0,0.0,0.0,0.0,0.0,0.0,0.0,0.0,0.0,0.0,0.0,0.0,0.0,,,,,,,,,,,,,,,,,,,,,,,,,,,,,,,,,,,,,,,,,,,,,,,,,,,,,,,,,,,,,,,,,,,,,,,,,,,,,,,,,,,,,,,,,,,,,,,,,,,,,,,,,,,,,,,,,,,,,,,,,,,,,,,,,,,,,,,,,,,
NYL,2021,1.0,IND,90,87,14.0,5.0,0.0,0.0,0.0,0.0,0.0,0.0,0.0,0.0,1.0,1.0,0.0,0.0,0.0,0.0,0.0,1.0,0.0,1.0,0.0,0.0,0.0,0.0,0.0,1.0,1.0,1.0,0.0,,,,,,,,,,,,,,,,,,,,,,,,,,,,,,,,,,,,,,,,,,,,,,,,,,,,,,,,,,,,,,,,,,,,,,,,,,,,,,,,,,,,,,,,,,,,,,,,,,,,,,,,,,,,,,,,,,,,,,,,,,,,,,,,,,,,,,,,,,,
NYL,2021,0.0,IND,73,65,16.0,5.0,0.0,0.0,0.0,0.0,0.0,0.0,0.0,0.0,1.0,1.0,0.0,0.0,0.0,0.0,0.0,1.0,0.0,1.0,0.0,0.0,0.0,0.0,0.0,1.0,1.0,1.0,0.0,,,,,,,,,,,,,,,,,,,,,,,,,,,,,,,,,,,,,,,,,,,,,,,,,,,,,,,,,,,,,,,,,,,,,,,,,,,,,,,,,,,,,,,,,,,,,,,,,,,,,,,,,,,,,,,,,,,,,,,,,,,,,,,,,,,,,,,,,,,
NYL,2021,1.0,MIN,86,75,18.0,5.0,0.0,0.0,0.0,0.0,0.0,0.0,0.0,0.0,1.0,1.0,0.0,0.0,0.0,0.0,0.0,1.0,0.0,1.0,0.0,0.0,0.0,0.0,0.0,1.0,1.0,1.0,0.0,,,,,,,,,,,,,,,,,,,,,,,,,,,,,,,,,,,,,,,,,,,,,,,,,,,,,,,,,,,,,,,,,,,,,,,,,,,,,,,,,,,,,,,,,,,,,,,,,,,,,,,,,,,,,,,,,,,,,,,,,,,,,,,,,,,,,,,,,,,
NYL,2021,0.0,WAS,72,101,21.0,5.0,0.0,0.0,0.0,0.0,0.0,0.0,0.0,0.0,1.0,1.0,0.0,0.0,0.0,0.0,0.0,1.0,0.0,1.0,0.0,0.0,0.0,0.0,0.0,1.0,1.0,1.0,0.0,,,,,,,,,,,,,,,,,,,,,,,,,,,,,,,,,,,,,,,,,,,,,,,,,,,,,,,,,,,,,,,,,,,,,,,,,,,,,,,,,,,,,,,,,,,,,,,,,,,,,,,,,,,,,,,,,,,,,,,,,,,,,,,,,,,,,,,,,,,
NYL,2021,0.0,CHI,93,85,23.0,5.0,0.0,0.0,0.0,0.0,0.0,0.0,0.0,0.0,1.0,1.0,0.0,0.0,0.0,0.0,0.0,1.0,0.0,1.0,0.0,0.0,0.0,0.0,0.0,1.0,1.0,1.0,0.0,,,,,,,,,,,,,,,,,,,,,,,,,,,,,,,,,,,,,,,,,,,,,,,,,,,,,,,,,,,,,,,,,,,,,,,,,,,,,,,,,,,,,,,,,,,,,,,,,,,,,,,,,,,,,,,,,,,,,,,,,,,,,,,,,,,,,,,,,,,
NYL,2021,1.0,DAL,88,81,24.0,5.0,0.0,0.0,0.0,0.0,0.0,0.0,0.0,0.0,1.0,1.0,0.0,0.0,0.0,0.0,0.0,1.0,0.0,1.0,0.0,0.0,0.0,0.0,0.0,1.0,1.0,1.0,0.0,,,,,,,,,,,,,,,,,,,,,,,,,,,,,,,,,,,,,,,,,,,,,,,,,,,,,,,,,,,,,,,,,,,,,,,,,,,,,,,,,,,,,,,,,,,,,,,,,,,,,,,,,,,,,,,,,,,,,,,,,,,,,,,,,,,,,,,,,,,
NYL,2021,1.0,ATL,87,90,29.0,5.0,0.0,0.0,0.0,0.0,0.0,0.0,0.0,0.0,1.0,1.0,0.0,0.0,0.0,0.0,0.0,1.0,0.0,1.0,0.0,0.0,0.0,0.0,0.0,1.0,1.0,1.0,0.0,,,,,,,,,,,,,,,,,,,,,,,,,,,,,,,,,,,,,,,,,,,,,,,,,,,,,,,,,,,,,,,,,,,,,,,,,,,,,,,,,,,,,,,,,,,,,,,,,,,,,,,,,,,,,,,,,,,,,,,,,,,,,,,,,,,,,,,,,,,
NYL,2021,1.0,LVA,82,94,3.0,6.0,0.0,0.0,0.0,0.0,0.0,0.0,0.0,0.0,1.0,1.0,0.0,0.0,0.0,0.0,0.0,1.0,0.0,1.0,0.0,0.0,0.0,0.0,0.0,1.0,1.0,1.0,0.0,,,,,,,,,,,,,,,,,,,,,,,,,,,,,,,,,,,,,,,,,,,,,,,,,,,,,,,,,,,,,,,,,,,,,,,,,,,,,,,,,,,,,,,,,,,,,,,,,,,,,,,,,,,,,,,,,,,,,,,,,,,,,,,,,,,,,,,,,,,
NYL,2021,0.0,CON,64,85,5.0,6.0,0.0,0.0,0.0,0.0,0.0,0.0,0.0,0.0,1.0,1.0,0.0,0.0,0.0,0.0,0.0,1.0,0.0,1.0,0.0,0.0,0.0,0.0,0.0,1.0,1.0,1.0,0.0,,,,,,,,,,,,,,,,,,,,,,,,,,,,,,,,,,,,,,,,,,,,,,,,,,,,,,,,,,,,,,,,,,,,,,,,,,,,,,,,,,,,,,,,,,,,,,,,,,,,,,,,,,,,,,,,,,,,,,,,,,,,,,,,,,,,,,,,,,,
NYL,2021,0.0,PHO,85,83,13.0,6.0,0.0,0.0,0.0,0.0,0.0,0.0,0.0,0.0,0.0,0.0,0.0,0.0,0.0,0.0,0.0,0.0,0.0,0.0,0.0,0.0,0.0,0.0,0.0,0.0,0.0,0.0,0.0,,,,,,,,,,,,,,,,,,,,,,,,,,,,,,,,,,,,,,,,,,,,,,,,,,,,,,,,,,,,,,,,,,,,,,,,,,,,,,,,,,,,,,,,,,,,,,,,,,,,,,,,,,,,,,,,,,,,,,,,,,,,,,,,,,,,,,,,,,,
NYL,2021,0.0,LVA,78,100,15.0,6.0,0.0,0.0,0.0,0.0,0.0,0.0,0.0,0.0,0.0,0.0,0.0,0.0,0.0,0.0,0.0,0.0,0.0,0.0,0.0,0.0,0.0,0.0,0.0,0.0,0.0,0.0,0.0,,,,,,,,,,,,,,,,,,,,,,,,,,,,,,,,,,,,,,,,,,,,,,,,,,,,,,,,,,,,,,,,,,,,,,,,,,,,,,,,,,,,,,,,,,,,,,,,,,,,,,,,,,,,,,,,,,,,,,,,,,,,,,,,,,,,,,,,,,,
NYL,2021,0.0,LVA,76,103,17.0,6.0,0.0,0.0,0.0,0.0,0.0,0.0,0.0,0.0,1.0,1.0,0.0,0.0,0.0,0.0,0.0,1.0,0.0,1.0,0.0,0.0,0.0,0.0,0.0,1.0,1.0,1.0,0.0,,,,,,,,,,,,,,,,,,,,,,,,,,,,,,,,,,,,,,,,,,,,,,,,,,,,,,,,,,,,,,,,,,,,,,,,,,,,,,,,,,,,,,,,,,,,,,,,,,,,,,,,,,,,,,,,,,,,,,,,,,,,,,,,,,,,,,,,,,,
NYL,2021,0.0,LAS,76,73,20.0,6.0,0.0,0.0,0.0,0.0,0.0,0.0,0.0,0.0,1.0,1.0,0.0,0.0,0.0,0.0,0.0,1.0,0.0,1.0,0.0,0.0,0.0,0.0,0.0,1.0,1.0,1.0,0.0,,,,,,,,,,,,,,,,,,,,,,,,,,,,,,,,,,,,,,,,,,,,,,,,,,,,,,,,,,,,,,,,,,,,,,,,,,,,,,,,,,,,,,,,,,,,,,,,,,,,,,,,,,,,,,,,,,,,,,,,,,,,,,,,,,,,,,,,,,,
NYL,2021,1.0,CHI,72,92,22.0,6.0,0.0,0.0,0.0,0.0,0.0,0.0,0.0,0.0,1.0,1.0,0.0,0.0,0.0,0.0,0.0,1.0,0.0,1.0,0.0,0.0,0.0,0.0,0.0,1.0,1.0,1.0,0.0,,,,,,,,,,,,,,,,,,,,,,,,,,,,,,,,,,,,,,,,,,,,,,,,,,,,,,,,,,,,,,,,,,,,,,,,,,,,,,,,,,,,,,,,,,,,,,,,,,,,,,,,,,,,,,,,,,,,,,,,,,,,,,,,,,,,,,,,,,,
NYL,2021,1.0,CHI,68,91,24.0,6.0,0.0,0.0,0.0,0.0,0.0,0.0,0.0,0.0,1.0,1.0,0.0,0.0,0.0,0.0,0.0,1.0,0.0,1.0,0.0,0.0,0.0,0.0,0.0,1.0,1.0,1.0,0.0,,,,,,,,,,,,,,,,,,,,,,,,,,,,,,,,,,,,,,,,,,,,,,,,,,,,,,,,,,,,,,,,,,,,,,,,,,,,,,,,,,,,,,,,,,,,,,,,,,,,,,,,,,,,,,,,,,,,,,,,,,,,,,,,,,,,,,,,,,,
NYL,2021,0.0,ATL,101,78,26.0,6.0,0.0,0.0,0.0,0.0,0.0,0.0,0.0,0.0,1.0,1.0,0.0,0.0,0.0,0.0,0.0,1.0,0.0,1.0,0.0,0.0,0.0,0.0,0.0,1.0,1.0,1.0,0.0,,,,,,,,,,,,,,,,,,,,,,,,,,,,,,,,,,,,,,,,,,,,,,,,,,,,,,,,,,,,,,,,,,,,,,,,,,,,,,,,,,,,,,,,,,,,,,,,,,,,,,,,,,,,,,,,,,,,,,,,,,,,,,,,,,,,,,,,,,,
NYL,2021,0.0,ATL,69,73,29.0,6.0,0.0,0.0,0.0,0.0,0.0,0.0,0.0,0.0,1.0,1.0,0.0,0.0,0.0,0.0,0.0,1.0,0.0,1.0,0.0,0.0,0.0,0.0,0.0,1.0,1.0,1.0,0.0,,,,,,,,,,,,,,,,,,,,,,,,,,,,,,,,,,,,,,,,,,,,,,,,,,,,,,,,,,,,,,,,,,,,,,,,,,,,,,,,,,,,,,,,,,,,,,,,,,,,,,,,,,,,,,,,,,,,,,,,,,,,,,,,,,,,,,,,,,,
NYL,2021,1.0,WAS,82,79,3.0,7.0,0.0,0.0,0.0,0.0,0.0,0.0,0.0,0.0,1.0,1.0,0.0,0.0,0.0,0.0,0.0,1.0,0.0,1.0,0.0,0.0,0.0,0.0,0.0,1.0,1.0,1.0,0.0,,,,,,,,,,,,,,,,,,,,,,,,,,,,,,,,,,,,,,,,,,,,,,,,,,,,,,,,,,,,,,,,,,,,,,,,,,,,,,,,,,,,,,,,,,,,,,,,,,,,,,,,,,,,,,,,,,,,,,,,,,,,,,,,,,,,,,,,,,,
NYL,2021,1.0,DAL,99,96,5.0,7.0,0.0,0.0,0.0,0.0,0.0,0.0,0.0,0.0,1.0,1.0,0.0,0.0,0.0,0.0,0.0,1.0,0.0,1.0,0.0,0.0,0.0,0.0,0.0,1.0,1.0,1.0,0.0,,,,,,,,,,,,,,,,,,,,,,,,,,,,,,,,,,,,,,,,,,,,,,,,,,,,,,,,,,,,,,,,,,,,,,,,,,,,,,,,,,,,,,,,,,,,,,,,,,,,,,,,,,,,,,,,,,,,,,,,,,,,,,,,,,,,,,,,,,,
NYL,2021,0.0,IND,69,82,9.0,7.0,0.0,0.0,0.0,0.0,0.0,0.0,0.0,0.0,1.0,1.0,0.0,0.0,0.0,0.0,0.0,1.0,0.0,1.0,0.0,0.0,0.0,0.0,0.0,1.0,1.0,1.0,0.0,,,,,,,,,,,,,,,,,,,,,,,,,,,,,,,,,,,,,,,,,,,,,,,,,,,,,,,,,,,,,,,,,,,,,,,,,,,,,,,,,,,,,,,,,,,,,,,,,,,,,,,,,,,,,,,,,,,,,,,,,,,,,,,,,,,,,,,,,,,
NYL,2021,1.0,CON,54,71,11.0,7.0,0.0,0.0,0.0,0.0,0.0,0.0,0.0,0.0,1.0,1.0,0.0,0.0,0.0,0.0,0.0,1.0,0.0,1.0,0.0,0.0,0.0,0.0,0.0,1.0,1.0,1.0,0.0,,,,,,,,,,,,,,,,,,,,,,,,,,,,,,,,,,,,,,,,,,,,,,,,,,,,,,,,,,,,,,,,,,,,,,,,,,,,,,,,,,,,,,,,,,,,,,,,,,,,,,,,,,,,,,,,,,,,,,,,,,,,,,,,,,,,,,,,,,,
NYL,2021,0.0,MIN,78,88,15.0,8.0,0.0,0.0,0.0,0.0,0.0,0.0,0.0,0.0,1.0,1.0,0.0,0.0,0.0,0.0,0.0,1.0,0.0,1.0,0.0,0.0,0.0,0.0,0.0,1.0,1.0,1.0,0.0,,,,,,,,,,,,,,,,,,,,,,,,,,,,,,,,,,,,,,,,,,,,,,,,,,,,,,,,,,,,,,,,,,,,,,,,,,,,,,,,,,,,,,,,,,,,,,,,,,,,,,,,,,,,,,,,,,,,,,,,,,,,,,,,,,,,,,,,,,,
NYL,2021,1.0,SEA,83,79,18.0,8.0,0.0,0.0,0.0,0.0,0.0,0.0,0.0,0.0,1.0,1.0,0.0,0.0,0.0,0.0,0.0,1.0,0.0,1.0,0.0,0.0,0.0,0.0,0.0,1.0,1.0,1.0,0.0,,,,,,,,,,,,,,,,,,,,,,,,,,,,,,,,,,,,,,,,,,,,,,,,,,,,,,,,,,,,,,,,,,,,,,,,,,,,,,,,,,,,,,,,,,,,,,,,,,,,,,,,,,,,,,,,,,,,,,,,,,,,,,,,,,,,,,,,,,,
NYL,2021,1.0,SEA,83,99,20.0,8.0,0.0,0.0,0.0,0.0,0.0,0.0,0.0,0.0,1.0,1.0,0.0,0.0,0.0,0.0,0.0,1.0,0.0,1.0,0.0,0.0,0.0,0.0,0.0,1.0,1.0,1.0,0.0,,,,,,,,,,,,,,,,,,,,,,,,,,,,,,,,,,,,,,,,,,,,,,,,,,,,,,,,,,,,,,,,,,,,,,,,,,,,,,,,,,,,,,,,,,,,,,,,,,,,,,,,,,,,,,,,,,,,,,,,,,,,,,,,,,,,,,,,,,,
NYL,2021,1.0,LAS,83,86,22.0,8.0,0.0,0.0,0.0,0.0,0.0,0.0,0.0,0.0,1.0,1.0,0.0,0.0,0.0,0.0,0.0,1.0,0.0,1.0,0.0,0.0,0.0,0.0,0.0,1.0,1.0,1.0,0.0,,,,,,,,,,,,,,,,,,,,,,,,,,,,,,,,,,,,,,,,,,,,,,,,,,,,,,,,,,,,,,,,,,,,,,,,,,,,,,,,,,,,,,,,,,,,,,,,,,,,,,,,,,,,,,,,,,,,,,,,,,,,,,,,,,,,,,,,,,,
NYL,2021,1.0,PHO,79,106,25.0,8.0,0.0,0.0,0.0,0.0,0.0,0.0,0.0,0.0,1.0,1.0,0.0,0.0,0.0,0.0,0.0,1.0,0.0,1.0,0.0,0.0,0.0,0.0,0.0,1.0,1.0,1.0,0.0,,,,,,,,,,,,,,,,,,,,,,,,,,,,,,,,,,,,,,,,,,,,,,,,,,,,,,,,,,,,,,,,,,,,,,,,,,,,,,,,,,,,,,,,,,,,,,,,,,,,,,,,,,,,,,,,,,,,,,,,,,,,,,,,,,,,,,,,,,,
NYL,2021,1.0,PHO,64,80,27.0,8.0,0.0,0.0,0.0,0.0,0.0,0.0,0.0,0.0,1.0,1.0,0.0,0.0,0.0,0.0,0.0,1.0,0.0,1.0,0.0,0.0,0.0,0.0,0.0,1.0,1.0,1.0,0.0,,,,,,,,,,,,,,,,,,,,,,,,,,,,,,,,,,,,,,,,,,,,,,,,,,,,,,,,,,,,,,,,,,,,,,,,,,,,,,,,,,,,,,,,,,,,,,,,,,,,,,,,,,,,,,,,,,,,,,,,,,,,,,,,,,,,,,,,,,,
NYL,2021,0.0,MIN,66,74,31.0,8.0,0.0,0.0,0.0,0.0,0.0,0.0,0.0,0.0,1.0,1.0,0.0,0.0,0.0,0.0,0.0,1.0,0.0,1.0,0.0,0.0,0.0,0.0,0.0,1.0,1.0,1.0,0.0,,,,,,,,,,,,,,,,,,,,,,,,,,,,,,,,,,,,,,,,,,,,,,,,,,,,,,,,,,,,,,,,,,,,,,,,,,,,,,,,,,,,,,,,,,,,,,,,,,,,,,,,,,,,,,,,,,,,,,,,,,,,,,,,,,,,,,,,,,,
NYL,2021,0.0,SEA,75,85,2.0,9.0,0.0,0.0,0.0,0.0,0.0,0.0,0.0,0.0,1.0,1.0,0.0,0.0,0.0,0.0,0.0,1.0,0.0,1.0,0.0,0.0,0.0,0.0,0.0,1.0,1.0,1.0,0.0,,,,,,,,,,,,,,,,,,,,,,,,,,,,,,,,,,,,,,,,,,,,,,,,,,,,,,,,,,,,,,,,,,,,,,,,,,,,,,,,,,,,,,,,,,,,,,,,,,,,,,,,,,,,,,,,,,,,,,,,,,,,,,,,,,,,,,,,,,,
NYL,2021,0.0,DAL,76,77,11.0,9.0,0.0,0.0,0.0,0.0,0.0,0.0,0.0,0.0,1.0,1.0,0.0,0.0,0.0,0.0,0.0,1.0,0.0,1.0,0.0,0.0,0.0,0.0,0.0,1.0,1.0,1.0,0.0,,,,,,,,,,,,,,,,,,,,,,,,,,,,,,,,,,,,,,,,,,,,,,,,,,,,,,,,,,,,,,,,,,,,,,,,,,,,,,,,,,,,,,,,,,,,,,,,,,,,,,,,,,,,,,,,,,,,,,,,,,,,,,,,,,,,,,,,,,,
NYL,2021,0.0,CON,69,98,15.0,9.0,0.0,0.0,0.0,0.0,0.0,0.0,0.0,0.0,1.0,1.0,0.0,0.0,0.0,0.0,0.0,1.0,0.0,1.0,0.0,0.0,0.0,0.0,0.0,1.0,1.0,1.0,0.0,,,,,,,,,,,,,,,,,,,,,,,,,,,,,,,,,,,,,,,,,,,,,,,,,,,,,,,,,,,,,,,,,,,,,,,,,,,,,,,,,,,,,,,,,,,,,,,,,,,,,,,,,,,,,,,,,,,,,,,,,,,,,,,,,,,,,,,,,,,
NYL,2021,1.0,WAS,91,80,17.0,9.0,0.0,0.0,0.0,0.0,0.0,0.0,0.0,0.0,1.0,1.0,0.0,0.0,0.0,0.0,0.0,1.0,0.0,1.0,0.0,0.0,0.0,0.0,0.0,1.0,1.0,1.0,0.0,,,,,,,,,,,,,,,,,,,,,,,,,,,,,,,,,,,,,,,,,,,,,,,,,,,,,,,,,,,,,,,,,,,,,,,,,,,,,,,,,,,,,,,,,,,,,,,,,,,,,,,,,,,,,,,,,,,,,,,,,,,,,,,,,,,,,,,,,,,
PHO,2021,0.0,MIN,77,75,14.0,5.0,0.0,0.0,0.0,0.0,0.0,0.0,0.0,0.0,0.0,0.0,0.0,0.0,0.0,0.0,0.0,0.0,0.0,0.0,0.0,0.0,0.0,0.0,0.0,0.0,0.0,0.0,0.0,,,,,,,,,,,,,,,,,,,,,,,,,,,,,,,,,,,,,,,,,,,,,,,,,,,,,,,,,,,,,,,,,,,,,,,,,,,,,,,,,,,,,,,,,,,,,,,,,,,,,,,,,,,,,,,,,,,,,,,,,,,,,,,,,,,,,,,,,,,
PHO,2021,0.0,CON,78,86,16.0,5.0,0.0,0.0,0.0,0.0,0.0,0.0,0.0,0.0,0.0,0.0,0.0,0.0,0.0,0.0,0.0,0.0,0.0,0.0,0.0,0.0,0.0,0.0,0.0,0.0,0.0,0.0,0.0,,,,,,,,,,,,,,,,,,,,,,,,,,,,,,,,,,,,,,,,,,,,,,,,,,,,,,,,,,,,,,,,,,,,,,,,,,,,,,,,,,,,,,,,,,,,,,,,,,,,,,,,,,,,,,,,,,,,,,,,,,,,,,,,,,,,,,,,,,,
PHO,2021,0.0,WAS,91,70,18.0,5.0,0.0,0.0,0.0,0.0,0.0,0.0,0.0,0.0,0.0,0.0,0.0,0.0,0.0,0.0,0.0,0.0,0.0,0.0,0.0,0.0,0.0,0.0,0.0,0.0,0.0,0.0,0.0,,,,,,,,,,,,,,,,,,,,,,,,,,,,,,,,,,,,,,,,,,,,,,,,,,,,,,,,,,,,,,,,,,,,,,,,,,,,,,,,,,,,,,,,,,,,,,,,,,,,,,,,,,,,,,,,,,,,,,,,,,,,,,,,,,,,,,,,,,,
PHO,2021,1.0,CON,67,84,21.0,5.0,0.0,0.0,0.0,0.0,0.0,0.0,0.0,0.0,0.0,0.0,0.0,0.0,0.0,0.0,0.0,0.0,0.0,0.0,0.0,0.0,0.0,0.0,0.0,0.0,0.0,0.0,0.0,,,,,,,,,,,,,,,,,,,,,,,,,,,,,,,,,,,,,,,,,,,,,,,,,,,,,,,,,,,,,,,,,,,,,,,,,,,,,,,,,,,,,,,,,,,,,,,,,,,,,,,,,,,,,,,,,,,,,,,,,,,,,,,,,,,,,,,,,,,
PHO,2021,1.0,LVA,79,85,26.0,5.0,0.0,0.0,0.0,0.0,0.0,0.0,0.0,0.0,0.0,0.0,0.0,0.0,0.0,0.0,0.0,0.0,0.0,0.0,0.0,0.0,0.0,0.0,0.0,0.0,0.0,0.0,0.0,,,,,,,,,,,,,,,,,,,,,,,,,,,,,,,,,,,,,,,,,,,,,,,,,,,,,,,,,,,,,,,,,,,,,,,,,,,,,,,,,,,,,,,,,,,,,,,,,,,,,,,,,,,,,,,,,,,,,,,,,,,,,,,,,,,,,,,,,,,
PHO,2021,0.0,DAL,89,85,29.0,5.0,0.0,0.0,0.0,0.0,0.0,0.0,0.0,0.0,0.0,0.0,0.0,0.0,0.0,0.0,0.0,0.0,0.0,0.0,0.0,0.0,0.0,0.0,0.0,0.0,0.0,0.0,0.0,,,,,,,,,,,,,,,,,,,,,,,,,,,,,,,,,,,,,,,,,,,,,,,,,,,,,,,,,,,,,,,,,,,,,,,,,,,,,,,,,,,,,,,,,,,,,,,,,,,,,,,,,,,,,,,,,,,,,,,,,,,,,,,,,,,,,,,,,,,
PHO,2021,0.0,CHI,84,83,1.0,6.0,0.0,0.0,0.0,0.0,0.0,0.0,0.0,0.0,0.0,0.0,0.0,0.0,0.0,0.0,0.0,0.0,0.0,0.0,0.0,0.0,0.0,0.0,0.0,0.0,0.0,0.0,0.0,,,,,,,,,,,,,,,,,,,,,,,,,,,,,,,,,,,,,,,,,,,,,,,,,,,,,,,,,,,,,,,,,,,,,,,,,,,,,,,,,,,,,,,,,,,,,,,,,,,,,,,,,,,,,,,,,,,,,,,,,,,,,,,,,,,,,,,,,,,
PHO,2021,1.0,CHI,77,74,3.0,6.0,0.0,0.0,0.0,0.0,0.0,0.0,0.0,0.0,0.0,0.0,0.0,0.0,0.0,0.0,0.0,0.0,0.0,0.0,0.0,0.0,0.0,0.0,0.0,0.0,0.0,0.0,0.0,,,,,,,,,,,,,,,,,,,,,,,,,,,,,,,,,,,,,,,,,,,,,,,,,,,,,,,,,,,,,,,,,,,,,,,,,,,,,,,,,,,,,,,,,,,,,,,,,,,,,,,,,,,,,,,,,,,,,,,,,,,,,,,,,,,,,,,,,,,
PHO,2021,1.0,DAL,81,85,8.0,6.0,0.0,0.0,0.0,0.0,0.0,0.0,0.0,0.0,0.0,0.0,0.0,0.0,0.0,0.0,0.0,0.0,0.0,0.0,0.0,0.0,0.0,0.0,0.0,0.0,0.0,0.0,0.0,,,,,,,,,,,,,,,,,,,,,,,,,,,,,,,,,,,,,,,,,,,,,,,,,,,,,,,,,,,,,,,,,,,,,,,,,,,,,,,,,,,,,,,,,,,,,,,,,,,,,,,,,,,,,,,,,,,,,,,,,,,,,,,,,,,,,,,,,,,
PHO,2021,1.0,DAL,59,77,11.0,6.0,0.0,0.0,0.0,0.0,0.0,0.0,0.0,0.0,0.0,0.0,0.0,0.0,0.0,0.0,0.0,0.0,0.0,0.0,0.0,0.0,0.0,0.0,0.0,0.0,0.0,0.0,0.0,,,,,,,,,,,,,,,,,,,,,,,,,,,,,,,,,,,,,,,,,,,,,,,,,,,,,,,,,,,,,,,,,,,,,,,,,,,,,,,,,,,,,,,,,,,,,,,,,,,,,,,,,,,,,,,,,,,,,,,,,,,,,,,,,,,,,,,,,,,
PHO,2021,1.0,NYL,83,85,13.0,6.0,0.0,0.0,0.0,0.0,0.0,0.0,0.0,0.0,0.0,0.0,0.0,0.0,0.0,0.0,0.0,0.0,0.0,0.0,0.0,0.0,0.0,0.0,0.0,0.0,0.0,0.0,0.0,,,,,,,,,,,,,,,,,,,,,,,,,,,,,,,,,,,,,,,,,,,,,,,,,,,,,,,,,,,,,,,,,,,,,,,,,,,,,,,,,,,,,,,,,,,,,,,,,,,,,,,,,,,,,,,,,,,,,,,,,,,,,,,,,,,,,,,,,,,
PHO,2021,0.0,LAS,80,85,16.0,6.0,0.0,0.0,0.0,0.0,0.0,0.0,0.0,0.0,0.0,0.0,0.0,0.0,0.0,0.0,0.0,0.0,0.0,0.0,0.0,0.0,0.0,0.0,0.0,0.0,0.0,0.0,0.0,,,,,,,,,,,,,,,,,,,,,,,,,,,,,,,,,,,,,,,,,,,,,,,,,,,,,,,,,,,,,,,,,,,,,,,,,,,,,,,,,,,,,,,,,,,,,,,,,,,,,,,,,,,,,,,,,,,,,,,,,,,,,,,,,,,,,,,,,,,
PHO,2021,0.0,LAS,80,66,18.0,6.0,0.0,0.0,0.0,0.0,0.0,0.0,0.0,0.0,0.0,0.0,0.0,0.0,0.0,0.0,0.0,0.0,0.0,0.0,0.0,0.0,0.0,0.0,0.0,0.0,0.0,0.0,0.0,,,,,,,,,,,,,,,,,,,,,,,,,,,,,,,,,,,,,,,,,,,,,,,,,,,,,,,,,,,,,,,,,,,,,,,,,,,,,,,,,,,,,,,,,,,,,,,,,,,,,,,,,,,,,,,,,,,,,,,,,,,,,,,,,,,,,,,,,,,
PHO,2021,1.0,LAS,88,79,27.0,6.0,0.0,0.0,0.0,0.0,0.0,0.0,0.0,0.0,0.0,0.0,0.0,0.0,0.0,0.0,0.0,0.0,0.0,0.0,0.0,0.0,0.0,0.0,0.0,0.0,0.0,0.0,0.0,,,,,,,,,,,,,,,,,,,,,,,,,,,,,,,,,,,,,,,,,,,,,,,,,,,,,,,,,,,,,,,,,,,,,,,,,,,,,,,,,,,,,,,,,,,,,,,,,,,,,,,,,,,,,,,,,,,,,,,,,,,,,,,,,,,,,,,,,,,
PHO,2021,1.0,MIN,76,82,30.0,6.0,0.0,0.0,0.0,0.0,0.0,0.0,0.0,0.0,0.0,0.0,0.0,0.0,0.0,0.0,0.0,0.0,0.0,0.0,0.0,0.0,0.0,0.0,0.0,0.0,0.0,0.0,0.0,,,,,,,,,,,,,,,,,,,,,,,,,,,,,,,,,,,,,,,,,,,,,,,,,,,,,,,,,,,,,,,,,,,,,,,,,,,,,,,,,,,,,,,,,,,,,,,,,,,,,,,,,,,,,,,,,,,,,,,,,,,,,,,,,,,,,,,,,,,
PHO,2021,1.0,MIN,68,99,3.0,7.0,0.0,0.0,0.0,0.0,0.0,0.0,0.0,0.0,0.0,0.0,0.0,0.0,0.0,0.0,0.0,0.0,0.0,0.0,0.0,0.0,0.0,0.0,0.0,0.0,0.0,0.0,0.0,,,,,,,,,,,,,,,,,,,,,,,,,,,,,,,,,,,,,,,,,,,,,,,,,,,,,,,,,,,,,,,,,,,,,,,,,,,,,,,,,,,,,,,,,,,,,,,,,,,,,,,,,,,,,,,,,,,,,,,,,,,,,,,,,,,,,,,,,,,
PHO,2021,0.0,LVA,99,90,7.0,7.0,0.0,0.0,0.0,0.0,0.0,0.0,0.0,0.0,0.0,0.0,0.0,0.0,0.0,0.0,0.0,0.0,0.0,0.0,0.0,0.0,0.0,0.0,0.0,0.0,0.0,0.0,0.0,,,,,,,,,,,,,,,,,,,,,,,,,,,,,,,,,,,,,,,,,,,,,,,,,,,,,,,,,,,,,,,,,,,,,,,,,,,,,,,,,,,,,,,,,,,,,,,,,,,,,,,,,,,,,,,,,,,,,,,,,,,,,,,,,,,,,,,,,,,
PHO,2021,1.0,SEA,85,77,9.0,7.0,0.0,0.0,0.0,0.0,0.0,0.0,0.0,0.0,0.0,0.0,0.0,0.0,0.0,0.0,0.0,0.0,0.0,0.0,0.0,0.0,0.0,0.0,0.0,0.0,0.0,0.0,0.0,,,,,,,,,,,,,,,,,,,,,,,,,,,,,,,,,,,,,,,,,,,,,,,,,,,,,,,,,,,,,,,,,,,,,,,,,,,,,,,,,,,,,,,,,,,,,,,,,,,,,,,,,,,,,,,,,,,,,,,,,,,,,,,,,,,,,,,,,,,
PHO,2021,0.0,SEA,75,82,11.0,7.0,0.0,0.0,0.0,0.0,0.0,0.0,0.0,0.0,0.0,0.0,0.0,0.0,0.0,0.0,0.0,0.0,0.0,0.0,0.0,0.0,0.0,0.0,0.0,0.0,0.0,0.0,0.0,,,,,,,,,,,,,,,,,,,,,,,,,,,,,,,,,,,,,,,,,,,,,,,,,,,,,,,,,,,,,,,,,,,,,,,,,,,,,,,,,,,,,,,,,,,,,,,,,,,,,,,,,,,,,,,,,,,,,,,,,,,,,,,,,,,,,,,,,,,
PHO,2021,1.0,ATL,92,81,15.0,8.0,0.0,0.0,0.0,0.0,0.0,0.0,0.0,0.0,0.0,0.0,0.0,0.0,0.0,0.0,0.0,0.0,0.0,0.0,0.0,0.0,0.0,0.0,0.0,0.0,0.0,0.0,0.0,,,,,,,,,,,,,,,,,,,,,,,,,,,,,,,,,,,,,,,,,,,,,,,,,,,,,,,,,,,,,,,,,,,,,,,,,,,,,,,,,,,,,,,,,,,,,,,,,,,,,,,,,,,,,,,,,,,,,,,,,,,,,,,,,,,,,,,,,,,
PHO,2021,1.0,IND,84,80,17.0,8.0,0.0,0.0,0.0,0.0,0.0,0.0,0.0,0.0,0.0,0.0,0.0,0.0,0.0,0.0,0.0,0.0,0.0,0.0,0.0,0.0,0.0,0.0,0.0,0.0,0.0,0.0,0.0,,,,,,,,,,,,,,,,,,,,,,,,,,,,,,,,,,,,,,,,,,,,,,,,,,,,,,,,,,,,,,,,,,,,,,,,,,,,,,,,,,,,,,,,,,,,,,,,,,,,,,,,,,,,,,,,,,,,,,,,,,,,,,,,,,,,,,,,,,,
PHO,2021,1.0,WAS,77,64,19.0,8.0,0.0,0.0,0.0,0.0,0.0,0.0,0.0,0.0,0.0,0.0,0.0,0.0,0.0,0.0,0.0,0.0,0.0,0.0,0.0,0.0,0.0,0.0,0.0,0.0,0.0,0.0,0.0,,,,,,,,,,,,,,,,,,,,,,,,,,,,,,,,,,,,,,,,,,,,,,,,,,,,,,,,,,,,,,,,,,,,,,,,,,,,,,,,,,,,,,,,,,,,,,,,,,,,,,,,,,,,,,,,,,,,,,,,,,,,,,,,,,,,,,,,,,,
PHO,2021,0.0,ATL,84,69,21.0,8.0,0.0,0.0,0.0,0.0,0.0,0.0,0.0,0.0,0.0,0.0,0.0,0.0,0.0,0.0,0.0,0.0,0.0,0.0,0.0,0.0,0.0,0.0,0.0,0.0,0.0,0.0,0.0,,,,,,,,,,,,,,,,,,,,,,,,,,,,,,,,,,,,,,,,,,,,,,,,,,,,,,,,,,,,,,,,,,,,,,,,,,,,,,,,,,,,,,,,,,,,,,,,,,,,,,,,,,,,,,,,,,,,,,,,,,,,,,,,,,,,,,,,,,,
PHO,2021,0.0,NYL,106,79,25.0,8.0,0.0,0.0,0.0,0.0,0.0,0.0,0.0,0.0,0.0,0.0,0.0,0.0,0.0,0.0,0.0,0.0,0.0,0.0,0.0,0.0,0.0,0.0,0.0,0.0,0.0,0.0,0.0,,,,,,,,,,,,,,,,,,,,,,,,,,,,,,,,,,,,,,,,,,,,,,,,,,,,,,,,,,,,,,,,,,,,,,,,,,,,,,,,,,,,,,,,,,,,,,,,,,,,,,,,,,,,,,,,,,,,,,,,,,,,,,,,,,,,,,,,,,,
PHO,2021,0.0,NYL,80,64,27.0,8.0,0.0,0.0,0.0,0.0,0.0,0.0,0.0,0.0,0.0,0.0,0.0,0.0,0.0,0.0,0.0,0.0,0.0,0.0,0.0,0.0,0.0,0.0,0.0,0.0,0.0,0.0,0.0,,,,,,,,,,,,,,,,,,,,,,,,,,,,,,,,,,,,,,,,,,,,,,,,,,,,,,,,,,,,,,,,,,,,,,,,,,,,,,,,,,,,,,,,,,,,,,,,,,,,,,,,,,,,,,,,,,,,,,,,,,,,,,,,,,,,,,,,,,,
PHO,2021,1.0,CHI,103,83,31.0,8.0,0.0,0.0,0.0,0.0,0.0,0.0,0.0,0.0,0.0,0.0,0.0,0.0,0.0,0.0,0.0,0.0,0.0,0.0,0.0,0.0,0.0,0.0,0.0,0.0,0.0,0.0,0.0,,,,,,,,,,,,,,,,,,,,,,,,,,,,,,,,,,,,,,,,,,,,,,,,,,,,,,,,,,,,,,,,,,,,,,,,,,,,,,,,,,,,,,,,,,,,,,,,,,,,,,,,,,,,,,,,,,,,,,,,,,,,,,,,,,,,,,,,,,,
PHO,2021,0.0,IND,87,65,4.0,9.0,0.0,0.0,0.0,0.0,0.0,0.0,0.0,0.0,0.0,0.0,0.0,0.0,0.0,0.0,0.0,0.0,0.0,0.0,0.0,0.0,0.0,0.0,0.0,0.0,0.0,0.0,0.0,,,,,,,,,,,,,,,,,,,,,,,,,,,,,,,,,,,,,,,,,,,,,,,,,,,,,,,,,,,,,,,,,,,,,,,,,,,,,,,,,,,,,,,,,,,,,,,,,,,,,,,,,,,,,,,,,,,,,,,,,,,,,,,,,,,,,,,,,,,
PHO,2021,0.0,IND,86,81,6.0,9.0,0.0,0.0,0.0,0.0,0.0,0.0,0.0,0.0,0.0,0.0,0.0,0.0,0.0,0.0,0.0,0.0,0.0,0.0,0.0,0.0,0.0,0.0,0.0,0.0,0.0,0.0,0.0,,,,,,,,,,,,,,,,,,,,,,,,,,,,,,,,,,,,,,,,,,,,,,,,,,,,,,,,,,,,,,,,,,,,,,,,,,,,,,,,,,,,,,,,,,,,,,,,,,,,,,,,,,,,,,,,,,,,,,,,,,,,,,,,,,,,,,,,,,,
PHO,2021,0.0,ATL,76,75,8.0,9.0,0.0,0.0,0.0,0.0,0.0,0.0,0.0,0.0,0.0,0.0,0.0,0.0,0.0,0.0,0.0,0.0,0.0,0.0,0.0,0.0,0.0,0.0,0.0,0.0,0.0,0.0,0.0,,,,,,,,,,,,,,,,,,,,,,,,,,,,,,,,,,,,,,,,,,,,,,,,,,,,,,,,,,,,,,,,,,,,,,,,,,,,,,,,,,,,,,,,,,,,,,,,,,,,,,,,,,,,,,,,,,,,,,,,,,,,,,,,,,,,,,,,,,,
PHO,2021,1.0,CON,67,76,11.0,9.0,0.0,0.0,0.0,0.0,0.0,0.0,0.0,0.0,0.0,0.0,0.0,0.0,0.0,0.0,0.0,0.0,0.0,0.0,0.0,0.0,0.0,0.0,0.0,0.0,0.0,0.0,0.0,,,,,,,,,,,,,,,,,,,,,,,,,,,,,,,,,,,,,,,,,,,,,,,,,,,,,,,,,,,,,,,,,,,,,,,,,,,,,,,,,,,,,,,,,,,,,,,,,,,,,,,,,,,,,,,,,,,,,,,,,,,,,,,,,,,,,,,,,,,
PHO,2021,0.0,SEA,85,94,17.0,9.0,0.0,0.0,0.0,0.0,0.0,0.0,0.0,0.0,0.0,0.0,0.0,0.0,0.0,0.0,0.0,0.0,0.0,0.0,0.0,0.0,0.0,0.0,0.0,0.0,0.0,0.0,0.0,,,,,,,,,,,,,,,,,,,,,,,,,,,,,,,,,,,,,,,,,,,,,,,,,,,,,,,,,,,,,,,,,,,,,,,,,,,,,,,,,,,,,,,,,,,,,,,,,,,,,,,,,,,,,,,,,,,,,,,,,,,,,,,,,,,,,,,,,,,
PHO,2021,1.0,LVA,83,84,19.0,9.0,0.0,0.0,0.0,0.0,0.0,0.0,0.0,0.0,0.0,0.0,0.0,0.0,0.0,0.0,0.0,0.0,0.0,0.0,0.0,0.0,0.0,0.0,0.0,0.0,0.0,0.0,0.0,,,,,,,,,,,,,,,,,,,,,,,,,,,,,,,,,,,,,,,,,,,,,,,,,,,,,,,,,,,,,,,,,,,,,,,,,,,,,,,,,,,,,,,,,,,,,,,,,,,,,,,,,,,,,,,,,,,,,,,,,,,,,,,,,,,,,,,,,,,
SEA,2021,1.0,LVA,97,83,15.0,5.0,0.0,0.0,0.0,0.0,0.0,0.0,0.0,0.0,0.0,0.0,0.0,0.0,0.0,0.0,0.0,0.0,1.0,0.0,0.0,0.0,0.0,0.0,0.0,0.0,0.0,0.0,0.0,,,,,,,,,,,,,,,,,,,,,,,,,,,,,,,,,,,,,,,,,,,,,,,,,,,,,,,,,,,,,,,,,,,,,,,,,,,,,,,,,,,,,,,,,,,,,,,,,,,,,,,,,,,,,,,,,,,,,,,,,,,,,,,,,,,,,,,,,,,
SEA,2021,1.0,LVA,80,96,18.0,5.0,0.0,0.0,0.0,0.0,0.0,0.0,0.0,0.0,0.0,0.0,0.0,0.0,0.0,0.0,0.0,0.0,1.0,0.0,0.0,0.0,0.0,0.0,0.0,0.0,0.0,0.0,0.0,,,,,,,,,,,,,,,,,,,,,,,,,,,,,,,,,,,,,,,,,,,,,,,,,,,,,,,,,,,,,,,,,,,,,,,,,,,,,,,,,,,,,,,,,,,,,,,,,,,,,,,,,,,,,,,,,,,,,,,,,,,,,,,,,,,,,,,,,,,
SEA,2021,0.0,MIN,90,78,20.0,5.0,0.0,0.0,0.0,0.0,0.0,0.0,0.0,0.0,0.0,0.0,0.0,0.0,0.0,0.0,0.0,0.0,1.0,0.0,0.0,0.0,0.0,0.0,0.0,0.0,0.0,0.0,0.0,,,,,,,,,,,,,,,,,,,,,,,,,,,,,,,,,,,,,,,,,,,,,,,,,,,,,,,,,,,,,,,,,,,,,,,,,,,,,,,,,,,,,,,,,,,,,,,,,,,,,,,,,,,,,,,,,,,,,,,,,,,,,,,,,,,,,,,,,,,
SEA,2021,0.0,DAL,100,97,22.0,5.0,0.0,0.0,0.0,0.0,0.0,0.0,0.0,0.0,0.0,0.0,0.0,0.0,0.0,0.0,0.0,0.0,1.0,0.0,0.0,0.0,0.0,0.0,0.0,0.0,0.0,0.0,0.0,,,,,,,,,,,,,,,,,,,,,,,,,,,,,,,,,,,,,,,,,,,,,,,,,,,,,,,,,,,,,,,,,,,,,,,,,,,,,,,,,,,,,,,,,,,,,,,,,,,,,,,,,,,,,,,,,,,,,,,,,,,,,,,,,,,,,,,,,,,
SEA,2021,1.0,CON,90,87,25.0,5.0,0.0,0.0,0.0,0.0,0.0,0.0,0.0,0.0,0.0,0.0,0.0,0.0,0.0,0.0,0.0,0.0,1.0,0.0,0.0,0.0,0.0,0.0,0.0,0.0,0.0,0.0,0.0,,,,,,,,,,,,,,,,,,,,,,,,,,,,,,,,,,,,,,,,,,,,,,,,,,,,,,,,,,,,,,,,,,,,,,,,,,,,,,,,,,,,,,,,,,,,,,,,,,,,,,,,,,,,,,,,,,,,,,,,,,,,,,,,,,,,,,,,,,,
SEA,2021,1.0,MIN,82,72,28.0,5.0,0.0,0.0,0.0,0.0,0.0,0.0,0.0,0.0,0.0,0.0,0.0,0.0,0.0,0.0,0.0,0.0,1.0,0.0,0.0,0.0,0.0,0.0,0.0,0.0,0.0,0.0,0.0,,,,,,,,,,,,,,,,,,,,,,,,,,,,,,,,,,,,,,,,,,,,,,,,,,,,,,,,,,,,,,,,,,,,,,,,,,,,,,,,,,,,,,,,,,,,,,,,,,,,,,,,,,,,,,,,,,,,,,,,,,,,,,,,,,,,,,,,,,,
SEA,2021,1.0,IND,88,73,1.0,6.0,0.0,0.0,0.0,0.0,0.0,0.0,0.0,0.0,0.0,0.0,0.0,0.0,0.0,0.0,0.0,0.0,1.0,0.0,0.0,0.0,0.0,0.0,0.0,0.0,0.0,0.0,0.0,,,,,,,,,,,,,,,,,,,,,,,,,,,,,,,,,,,,,,,,,,,,,,,,,,,,,,,,,,,,,,,,,,,,,,,,,,,,,,,,,,,,,,,,,,,,,,,,,,,,,,,,,,,,,,,,,,,,,,,,,,,,,,,,,,,,,,,,,,,
SEA,2021,1.0,DAL,105,102,4.0,6.0,0.0,0.0,0.0,0.0,0.0,0.0,0.0,0.0,0.0,0.0,0.0,0.0,0.0,0.0,0.0,0.0,1.0,0.0,0.0,0.0,0.0,0.0,0.0,0.0,0.0,0.0,0.0,,,,,,,,,,,,,,,,,,,,,,,,,,,,,,,,,,,,,,,,,,,,,,,,,,,,,,,,,,,,,,,,,,,,,,,,,,,,,,,,,,,,,,,,,,,,,,,,,,,,,,,,,,,,,,,,,,,,,,,,,,,,,,,,,,,,,,,,,,,
SEA,2021,1.0,DAL,67,68,6.0,6.0,0.0,0.0,0.0,0.0,0.0,0.0,0.0,0.0,0.0,0.0,0.0,0.0,0.0,0.0,0.0,0.0,1.0,0.0,0.0,0.0,0.0,0.0,0.0,0.0,0.0,0.0,0.0,,,,,,,,,,,,,,,,,,,,,,,,,,,,,,,,,,,,,,,,,,,,,,,,,,,,,,,,,,,,,,,,,,,,,,,,,,,,,,,,,,,,,,,,,,,,,,,,,,,,,,,,,,,,,,,,,,,,,,,,,,,,,,,,,,,,,,,,,,,
SEA,2021,0.0,ATL,95,71,9.0,6.0,0.0,0.0,0.0,0.0,0.0,0.0,0.0,0.0,0.0,0.0,0.0,0.0,0.0,0.0,0.0,0.0,1.0,0.0,0.0,0.0,0.0,0.0,0.0,0.0,0.0,0.0,0.0,,,,,,,,,,,,,,,,,,,,,,,,,,,,,,,,,,,,,,,,,,,,,,,,,,,,,,,,,,,,,,,,,,,,,,,,,,,,,,,,,,,,,,,,,,,,,,,,,,,,,,,,,,,,,,,,,,,,,,,,,,,,,,,,,,,,,,,,,,,
SEA,2021,0.0,ATL,86,75,11.0,6.0,0.0,0.0,0.0,0.0,0.0,0.0,0.0,0.0,0.0,0.0,0.0,0.0,0.0,0.0,0.0,0.0,1.0,0.0,0.0,0.0,0.0,0.0,0.0,0.0,0.0,0.0,0.0,,,,,,,,,,,,,,,,,,,,,,,,,,,,,,,,,,,,,,,,,,,,,,,,,,,,,,,,,,,,,,,,,,,,,,,,,,,,,,,,,,,,,,,,,,,,,,,,,,,,,,,,,,,,,,,,,,,,,,,,,,,,,,,,,,,,,,,,,,,
SEA,2021,0.0,CON,89,66,13.0,6.0,0.0,0.0,0.0,0.0,0.0,0.0,0.0,0.0,0.0,0.0,0.0,0.0,0.0,0.0,0.0,0.0,1.0,0.0,0.0,0.0,0.0,0.0,0.0,0.0,0.0,0.0,0.0,,,,,,,,,,,,,,,,,,,,,,,,,,,,,,,,,,,,,,,,,,,,,,,,,,,,,,,,,,,,,,,,,,,,,,,,,,,,,,,,,,,,,,,,,,,,,,,,,,,,,,,,,,,,,,,,,,,,,,,,,,,,,,,,,,,,,,,,,,,
SEA,2021,0.0,IND,87,70,15.0,6.0,0.0,0.0,0.0,0.0,0.0,0.0,0.0,0.0,0.0,0.0,0.0,0.0,0.0,0.0,0.0,0.0,1.0,0.0,0.0,0.0,0.0,0.0,0.0,0.0,0.0,0.0,0.0,,,,,,,,,,,,,,,,,,,,,,,,,,,,,,,,,,,,,,,,,,,,,,,,,,,,,,,,,,,,,,,,,,,,,,,,,,,,,,,,,,,,,,,,,,,,,,,,,,,,,,,,,,,,,,,,,,,,,,,,,,,,,,,,,,,,,,,,,,,
SEA,2021,0.0,IND,79,69,17.0,6.0,0.0,0.0,0.0,0.0,0.0,0.0,0.0,0.0,0.0,0.0,0.0,0.0,0.0,0.0,0.0,0.0,1.0,0.0,0.0,0.0,0.0,0.0,0.0,0.0,0.0,0.0,0.0,,,,,,,,,,,,,,,,,,,,,,,,,,,,,,,,,,,,,,,,,,,,,,,,,,,,,,,,,,,,,,,,,,,,,,,,,,,,,,,,,,,,,,,,,,,,,,,,,,,,,,,,,,,,,,,,,,,,,,,,,,,,,,,,,,,,,,,,,,,
SEA,2021,1.0,WAS,83,87,22.0,6.0,0.0,0.0,0.0,0.0,0.0,0.0,0.0,0.0,0.0,0.0,0.0,0.0,0.0,0.0,0.0,0.0,1.0,0.0,0.0,0.0,0.0,0.0,0.0,0.0,0.0,0.0,0.0,,,,,,,,,,,,,,,,,,,,,,,,,,,,,,,,,,,,,,,,,,,,,,,,,,,,,,,,,,,,,,,,,,,,,,,,,,,,,,,,,,,,,,,,,,,,,,,,,,,,,,,,,,,,,,,,,,,,,,,,,,,,,,,,,,,,,,,,,,,
SEA,2021,0.0,LVA,92,95,27.0,6.0,0.0,0.0,0.0,0.0,0.0,0.0,0.0,0.0,0.0,0.0,0.0,0.0,0.0,0.0,0.0,0.0,1.0,0.0,0.0,0.0,0.0,0.0,0.0,0.0,0.0,0.0,0.0,,,,,,,,,,,,,,,,,,,,,,,,,,,,,,,,,,,,,,,,,,,,,,,,,,,,,,,,,,,,,,,,,,,,,,,,,,,,,,,,,,,,,,,,,,,,,,,,,,,,,,,,,,,,,,,,,,,,,,,,,,,,,,,,,,,,,,,,,,,
SEA,2021,1.0,ATL,91,88,2.0,7.0,0.0,0.0,0.0,0.0,0.0,0.0,0.0,0.0,0.0,0.0,0.0,0.0,0.0,0.0,0.0,0.0,1.0,0.0,0.0,0.0,0.0,0.0,0.0,0.0,0.0,0.0,0.0,,,,,,,,,,,,,,,,,,,,,,,,,,,,,,,,,,,,,,,,,,,,,,,,,,,,,,,,,,,,,,,,,,,,,,,,,,,,,,,,,,,,,,,,,,,,,,,,,,,,,,,,,,,,,,,,,,,,,,,,,,,,,,,,,,,,,,,,,,,
SEA,2021,0.0,LAS,84,74,4.0,7.0,0.0,0.0,0.0,0.0,0.0,0.0,0.0,0.0,0.0,0.0,0.0,0.0,0.0,0.0,0.0,0.0,1.0,0.0,0.0,0.0,0.0,0.0,0.0,0.0,0.0,0.0,0.0,,,,,,,,,,,,,,,,,,,,,,,,,,,,,,,,,,,,,,,,,,,,,,,,,,,,,,,,,,,,,,,,,,,,,,,,,,,,,,,,,,,,,,,,,,,,,,,,,,,,,,,,,,,,,,,,,,,,,,,,,,,,,,,,,,,,,,,,,,,
SEA,2021,1.0,LAS,71,62,7.0,7.0,0.0,0.0,0.0,0.0,0.0,0.0,0.0,0.0,0.0,0.0,0.0,0.0,0.0,0.0,0.0,0.0,1.0,0.0,0.0,0.0,0.0,0.0,0.0,0.0,0.0,0.0,0.0,,,,,,,,,,,,,,,,,,,,,,,,,,,,,,,,,,,,,,,,,,,,,,,,,,,,,,,,,,,,,,,,,,,,,,,,,,,,,,,,,,,,,,,,,,,,,,,,,,,,,,,,,,,,,,,,,,,,,,,,,,,,,,,,,,,,,,,,,,,
SEA,2021,0.0,PHO,77,85,9.0,7.0,0.0,0.0,0.0,0.0,0.0,0.0,0.0,0.0,0.0,0.0,0.0,0.0,0.0,0.0,0.0,0.0,0.0,0.0,0.0,0.0,0.0,0.0,0.0,0.0,0.0,0.0,0.0,,,,,,,,,,,,,,,,,,,,,,,,,,,,,,,,,,,,,,,,,,,,,,,,,,,,,,,,,,,,,,,,,,,,,,,,,,,,,,,,,,,,,,,,,,,,,,,,,,,,,,,,,,,,,,,,,,,,,,,,,,,,,,,,,,,,,,,,,,,
SEA,2021,1.0,PHO,82,75,11.0,7.0,0.0,0.0,0.0,0.0,0.0,0.0,0.0,0.0,0.0,0.0,0.0,0.0,0.0,0.0,0.0,0.0,0.0,0.0,0.0,0.0,0.0,0.0,0.0,0.0,0.0,0.0,0.0,,,,,,,,,,,,,,,,,,,,,,,,,,,,,,,,,,,,,,,,,,,,,,,,,,,,,,,,,,,,,,,,,,,,,,,,,,,,,,,,,,,,,,,,,,,,,,,,,,,,,,,,,,,,,,,,,,,,,,,,,,,,,,,,,,,,,,,,,,,
SEA,2021,0.0,CHI,85,87,15.0,8.0,0.0,0.0,0.0,0.0,0.0,0.0,0.0,0.0,0.0,0.0,0.0,0.0,0.0,0.0,0.0,0.0,1.0,0.0,0.0,0.0,0.0,0.0,0.0,0.0,0.0,0.0,0.0,,,,,,,,,,,,,,,,,,,,,,,,,,,,,,,,,,,,,,,,,,,,,,,,,,,,,,,,,,,,,,,,,,,,,,,,,,,,,,,,,,,,,,,,,,,,,,,,,,,,,,,,,,,,,,,,,,,,,,,,,,,,,,,,,,,,,,,,,,,
SEA,2021,0.0,NYL,79,83,18.0,8.0,0.0,0.0,0.0,0.0,0.0,0.0,0.0,0.0,0.0,0.0,0.0,0.0,0.0,0.0,0.0,0.0,1.0,0.0,0.0,0.0,0.0,0.0,0.0,0.0,0.0,0.0,0.0,,,,,,,,,,,,,,,,,,,,,,,,,,,,,,,,,,,,,,,,,,,,,,,,,,,,,,,,,,,,,,,,,,,,,,,,,,,,,,,,,,,,,,,,,,,,,,,,,,,,,,,,,,,,,,,,,,,,,,,,,,,,,,,,,,,,,,,,,,,
SEA,2021,0.0,NYL,99,83,20.0,8.0,0.0,0.0,0.0,0.0,0.0,0.0,0.0,0.0,0.0,0.0,0.0,0.0,0.0,0.0,0.0,0.0,1.0,0.0,0.0,0.0,0.0,0.0,0.0,0.0,0.0,0.0,0.0,,,,,,,,,,,,,,,,,,,,,,,,,,,,,,,,,,,,,,,,,,,,,,,,,,,,,,,,,,,,,,,,,,,,,,,,,,,,,,,,,,,,,,,,,,,,,,,,,,,,,,,,,,,,,,,,,,,,,,,,,,,,,,,,,,,,,,,,,,,
SEA,2021,0.0,WAS,85,78,22.0,8.0,0.0,0.0,0.0,0.0,0.0,0.0,0.0,0.0,0.0,0.0,0.0,0.0,0.0,0.0,0.0,0.0,1.0,0.0,0.0,0.0,0.0,0.0,0.0,0.0,0.0,0.0,0.0,,,,,,,,,,,,,,,,,,,,,,,,,,,,,,,,,,,,,,,,,,,,,,,,,,,,,,,,,,,,,,,,,,,,,,,,,,,,,,,,,,,,,,,,,,,,,,,,,,,,,,,,,,,,,,,,,,,,,,,,,,,,,,,,,,,,,,,,,,,
SEA,2021,0.0,MIN,70,76,24.0,8.0,0.0,0.0,0.0,0.0,0.0,0.0,0.0,0.0,0.0,0.0,0.0,0.0,0.0,0.0,0.0,0.0,1.0,0.0,0.0,0.0,0.0,0.0,0.0,0.0,0.0,0.0,0.0,,,,,,,,,,,,,,,,,,,,,,,,,,,,,,,,,,,,,,,,,,,,,,,,,,,,,,,,,,,,,,,,,,,,,,,,,,,,,,,,,,,,,,,,,,,,,,,,,,,,,,,,,,,,,,,,,,,,,,,,,,,,,,,,,,,,,,,,,,,
SEA,2021,1.0,CHI,69,73,27.0,8.0,0.0,0.0,0.0,0.0,0.0,0.0,0.0,0.0,0.0,0.0,0.0,0.0,0.0,0.0,0.0,0.0,1.0,0.0,0.0,0.0,0.0,0.0,0.0,0.0,0.0,0.0,0.0,,,,,,,,,,,,,,,,,,,,,,,,,,,,,,,,,,,,,,,,,,,,,,,,,,,,,,,,,,,,,,,,,,,,,,,,,,,,,,,,,,,,,,,,,,,,,,,,,,,,,,,,,,,,,,,,,,,,,,,,,,,,,,,,,,,,,,,,,,,
SEA,2021,1.0,CHI,75,107,29.0,8.0,0.0,0.0,0.0,0.0,0.0,0.0,0.0,0.0,0.0,0.0,0.0,0.0,0.0,0.0,0.0,0.0,1.0,0.0,0.0,0.0,0.0,0.0,0.0,0.0,0.0,0.0,0.0,,,,,,,,,,,,,,,,,,,,,,,,,,,,,,,,,,,,,,,,,,,,,,,,,,,,,,,,,,,,,,,,,,,,,,,,,,,,,,,,,,,,,,,,,,,,,,,,,,,,,,,,,,,,,,,,,,,,,,,,,,,,,,,,,,,,,,,,,,,
SEA,2021,1.0,NYL,85,75,2.0,9.0,0.0,0.0,0.0,0.0,0.0,0.0,0.0,0.0,0.0,0.0,0.0,0.0,0.0,0.0,0.0,0.0,1.0,0.0,0.0,0.0,0.0,0.0,0.0,0.0,0.0,0.0,0.0,,,,,,,,,,,,,,,,,,,,,,,,,,,,,,,,,,,,,,,,,,,,,,,,,,,,,,,,,,,,,,,,,,,,,,,,,,,,,,,,,,,,,,,,,,,,,,,,,,,,,,,,,,,,,,,,,,,,,,,,,,,,,,,,,,,,,,,,,,,
SEA,2021,1.0,WAS,105,71,7.0,9.0,0.0,0.0,0.0,0.0,0.0,0.0,0.0,0.0,0.0,0.0,0.0,0.0,0.0,0.0,0.0,0.0,1.0,0.0,0.0,0.0,0.0,0.0,0.0,0.0,0.0,0.0,0.0,,,,,,,,,,,,,,,,,,,,,,,,,,,,,,,,,,,,,,,,,,,,,,,,,,,,,,,,,,,,,,,,,,,,,,,,,,,,,,,,,,,,,,,,,,,,,,,,,,,,,,,,,,,,,,,,,,,,,,,,,,,,,,,,,,,,,,,,,,,
SEA,2021,0.0,LAS,53,81,12.0,9.0,0.0,0.0,0.0,0.0,0.0,0.0,0.0,0.0,0.0,0.0,0.0,0.0,0.0,0.0,0.0,0.0,1.0,0.0,0.0,0.0,0.0,0.0,0.0,0.0,0.0,0.0,0.0,,,,,,,,,,,,,,,,,,,,,,,,,,,,,,,,,,,,,,,,,,,,,,,,,,,,,,,,,,,,,,,,,,,,,,,,,,,,,,,,,,,,,,,,,,,,,,,,,,,,,,,,,,,,,,,,,,,,,,,,,,,,,,,,,,,,,,,,,,,
SEA,2021,1.0,PHO,94,85,17.0,9.0,0.0,0.0,0.0,0.0,0.0,0.0,0.0,0.0,0.0,0.0,0.0,0.0,0.0,0.0,0.0,0.0,1.0,0.0,0.0,0.0,0.0,0.0,0.0,0.0,0.0,0.0,0.0,,,,,,,,,,,,,,,,,,,,,,,,,,,,,,,,,,,,,,,,,,,,,,,,,,,,,,,,,,,,,,,,,,,,,,,,,,,,,,,,,,,,,,,,,,,,,,,,,,,,,,,,,,,,,,,,,,,,,,,,,,,,,,,,,,,,,,,,,,,
WAS,2021,1.0,CHI,56,70,15.0,5.0,0.0,0.0,0.0,0.0,0.0,0.0,0.0,0.0,0.0,0.0,0.0,0.0,0.0,0.0,0.0,0.0,0.0,0.0,0.0,0.0,0.0,0.0,0.0,0.0,0.0,0.0,0.0,,,,,,,,,,,,,,,,,,,,,,,,,,,,,,,,,,,,,,,,,,,,,,,,,,,,,,,,,,,,,,,,,,,,,,,,,,,,,,,,,,,,,,,,,,,,,,,,,,,,,,,,,,,,,,,,,,,,,,,,,,,,,,,,,,,,,,,,,,,
WAS,2021,1.0,PHO,70,91,18.0,5.0,0.0,0.0,0.0,0.0,0.0,0.0,0.0,0.0,0.0,0.0,0.0,0.0,0.0,0.0,0.0,0.0,0.0,0.0,0.0,0.0,0.0,0.0,0.0,0.0,0.0,0.0,0.0,,,,,,,,,,,,,,,,,,,,,,,,,,,,,,,,,,,,,,,,,,,,,,,,,,,,,,,,,,,,,,,,,,,,,,,,,,,,,,,,,,,,,,,,,,,,,,,,,,,,,,,,,,,,,,,,,,,,,,,,,,,,,,,,,,,,,,,,,,,
WAS,2021,1.0,NYL,101,72,21.0,5.0,0.0,0.0,0.0,0.0,0.0,0.0,0.0,0.0,0.0,0.0,0.0,0.0,0.0,0.0,0.0,0.0,0.0,0.0,0.0,0.0,0.0,0.0,0.0,0.0,0.0,0.0,0.0,,,,,,,,,,,,,,,,,,,,,,,,,,,,,,,,,,,,,,,,,,,,,,,,,,,,,,,,,,,,,,,,,,,,,,,,,,,,,,,,,,,,,,,,,,,,,,,,,,,,,,,,,,,,,,,,,,,,,,,,,,,,,,,,,,,,,,,,,,,
WAS,2021,0.0,IND,77,89,23.0,5.0,0.0,0.0,0.0,0.0,0.0,0.0,0.0,0.0,0.0,0.0,0.0,0.0,0.0,0.0,0.0,0.0,0.0,0.0,0.0,0.0,0.0,0.0,0.0,0.0,0.0,0.0,0.0,,,,,,,,,,,,,,,,,,,,,,,,,,,,,,,,,,,,,,,,,,,,,,,,,,,,,,,,,,,,,,,,,,,,,,,,,,,,,,,,,,,,,,,,,,,,,,,,,,,,,,,,,,,,,,,,,,,,,,,,,,,,,,,,,,,,,,,,,,,
WAS,2021,0.0,IND,85,69,25.0,5.0,0.0,0.0,0.0,0.0,0.0,0.0,0.0,0.0,0.0,0.0,0.0,0.0,0.0,0.0,0.0,0.0,0.0,0.0,0.0,0.0,0.0,0.0,0.0,0.0,0.0,0.0,0.0,,,,,,,,,,,,,,,,,,,,,,,,,,,,,,,,,,,,,,,,,,,,,,,,,,,,,,,,,,,,,,,,,,,,,,,,,,,,,,,,,,,,,,,,,,,,,,,,,,,,,,,,,,,,,,,,,,,,,,,,,,,,,,,,,,,,,,,,,,,
WAS,2021,0.0,CON,81,86,28.0,5.0,0.0,0.0,0.0,0.0,0.0,0.0,0.0,0.0,0.0,0.0,0.0,0.0,0.0,0.0,0.0,0.0,0.0,0.0,0.0,0.0,0.0,0.0,0.0,0.0,0.0,0.0,0.0,,,,,,,,,,,,,,,,,,,,,,,,,,,,,,,,,,,,,,,,,,,,,,,,,,,,,,,,,,,,,,,,,,,,,,,,,,,,,,,,,,,,,,,,,,,,,,,,,,,,,,,,,,,,,,,,,,,,,,,,,,,,,,,,,,,,,,,,,,,
WAS,2021,1.0,LVA,93,96,5.0,6.0,0.0,0.0,0.0,0.0,0.0,0.0,0.0,0.0,0.0,0.0,0.0,0.0,0.0,0.0,0.0,0.0,0.0,0.0,0.0,0.0,0.0,0.0,0.0,0.0,0.0,0.0,0.0,,,,,,,,,,,,,,,,,,,,,,,,,,,,,,,,,,,,,,,,,,,,,,,,,,,,,,,,,,,,,,,,,,,,,,,,,,,,,,,,,,,,,,,,,,,,,,,,,,,,,,,,,,,,,,,,,,,,,,,,,,,,,,,,,,,,,,,,,,,
WAS,2021,1.0,MIN,85,81,8.0,6.0,0.0,0.0,0.0,0.0,0.0,0.0,0.0,0.0,0.0,0.0,0.0,0.0,0.0,0.0,0.0,0.0,0.0,0.0,0.0,0.0,0.0,0.0,0.0,0.0,0.0,0.0,0.0,,,,,,,,,,,,,,,,,,,,,,,,,,,,,,,,,,,,,,,,,,,,,,,,,,,,,,,,,,,,,,,,,,,,,,,,,,,,,,,,,,,,,,,,,,,,,,,,,,,,,,,,,,,,,,,,,,,,,,,,,,,,,,,,,,,,,,,,,,,
WAS,2021,1.0,LAS,89,71,10.0,6.0,0.0,0.0,0.0,0.0,0.0,0.0,0.0,0.0,0.0,0.0,0.0,0.0,0.0,0.0,0.0,0.0,0.0,0.0,0.0,0.0,0.0,0.0,0.0,0.0,0.0,0.0,0.0,,,,,,,,,,,,,,,,,,,,,,,,,,,,,,,,,,,,,,,,,,,,,,,,,,,,,,,,,,,,,,,,,,,,,,,,,,,,,,,,,,,,,,,,,,,,,,,,,,,,,,,,,,,,,,,,,,,,,,,,,,,,,,,,,,,,,,,,,,,
WAS,2021,0.0,ATL,78,101,13.0,6.0,0.0,0.0,0.0,0.0,0.0,0.0,0.0,0.0,0.0,0.0,0.0,0.0,0.0,0.0,0.0,0.0,0.0,0.0,0.0,0.0,0.0,0.0,0.0,0.0,0.0,0.0,0.0,,,,,,,,,,,,,,,,,,,,,,,,,,,,,,,,,,,,,,,,,,,,,,,,,,,,,,,,,,,,,,,,,,,,,,,,,,,,,,,,,,,,,,,,,,,,,,,,,,,,,,,,,,,,,,,,,,,,,,,,,,,,,,,,,,,,,,,,,,,
WAS,2021,1.0,ATL,96,93,17.0,6.0,0.0,0.0,0.0,0.0,0.0,0.0,0.0,0.0,0.0,0.0,0.0,0.0,0.0,0.0,0.0,0.0,0.0,0.0,0.0,0.0,0.0,0.0,0.0,0.0,0.0,0.0,0.0,,,,,,,,,,,,,,,,,,,,,,,,,,,,,,,,,,,,,,,,,,,,,,,,,,,,,,,,,,,,,,,,,,,,,,,,,,,,,,,,,,,,,,,,,,,,,,,,,,,,,,,,,,,,,,,,,,,,,,,,,,,,,,,,,,,,,,,,,,,
WAS,2021,1.0,IND,82,77,19.0,6.0,0.0,0.0,0.0,0.0,0.0,0.0,0.0,0.0,0.0,0.0,0.0,0.0,0.0,0.0,0.0,0.0,0.0,0.0,0.0,0.0,0.0,0.0,0.0,0.0,0.0,0.0,0.0,,,,,,,,,,,,,,,,,,,,,,,,,,,,,,,,,,,,,,,,,,,,,,,,,,,,,,,,,,,,,,,,,,,,,,,,,,,,,,,,,,,,,,,,,,,,,,,,,,,,,,,,,,,,,,,,,,,,,,,,,,,,,,,,,,,,,,,,,,,
WAS,2021,0.0,SEA,87,83,22.0,6.0,0.0,0.0,0.0,0.0,0.0,0.0,0.0,0.0,0.0,0.0,0.0,0.0,0.0,0.0,0.0,0.0,0.0,0.0,0.0,0.0,0.0,0.0,0.0,0.0,0.0,0.0,0.0,,,,,,,,,,,,,,,,,,,,,,,,,,,,,,,,,,,,,,,,,,,,,,,,,,,,,,,,,,,,,,,,,,,,,,,,,,,,,,,,,,,,,,,,,,,,,,,,,,,,,,,,,,,,,,,,,,,,,,,,,,,,,,,,,,,,,,,,,,,
WAS,2021,0.0,LAS,82,89,24.0,6.0,0.0,0.0,0.0,0.0,0.0,0.0,0.0,0.0,0.0,0.0,0.0,0.0,0.0,0.0,0.0,0.0,0.0,0.0,0.0,0.0,0.0,0.0,0.0,0.0,0.0,0.0,0.0,,,,,,,,,,,,,,,,,,,,,,,,,,,,,,,,,,,,,,,,,,,,,,,,,,,,,,,,,,,,,,,,,,,,,,,,,,,,,,,,,,,,,,,,,,,,,,,,,,,,,,,,,,,,,,,,,,,,,,,,,,,,,,,,,,,,,,,,,,,
WAS,2021,0.0,DAL,74,85,26.0,6.0,0.0,0.0,0.0,0.0,0.0,0.0,0.0,0.0,0.0,0.0,0.0,0.0,0.0,0.0,0.0,0.0,0.0,0.0,0.0,0.0,0.0,0.0,0.0,0.0,0.0,0.0,0.0,,,,,,,,,,,,,,,,,,,,,,,,,,,,,,,,,,,,,,,,,,,,,,,,,,,,,,,,,,,,,,,,,,,,,,,,,,,,,,,,,,,,,,,,,,,,,,,,,,,,,,,,,,,,,,,,,,,,,,,,,,,,,,,,,,,,,,,,,,,
WAS,2021,1.0,CON,71,90,29.0,6.0,0.0,0.0,0.0,0.0,0.0,0.0,0.0,0.0,0.0,0.0,0.0,0.0,0.0,0.0,0.0,0.0,0.0,0.0,0.0,0.0,0.0,0.0,0.0,0.0,0.0,0.0,0.0,,,,,,,,,,,,,,,,,,,,,,,,,,,,,,,,,,,,,,,,,,,,,,,,,,,,,,,,,,,,,,,,,,,,,,,,,,,,,,,,,,,,,,,,,,,,,,,,,,,,,,,,,,,,,,,,,,,,,,,,,,,,,,,,,,,,,,,,,,,
WAS,2021,0.0,NYL,79,82,3.0,7.0,0.0,0.0,0.0,0.0,0.0,0.0,0.0,0.0,0.0,0.0,0.0,0.0,0.0,0.0,0.0,0.0,0.0,0.0,0.0,0.0,0.0,0.0,0.0,0.0,0.0,0.0,0.0,,,,,,,,,,,,,,,,,,,,,,,,,,,,,,,,,,,,,,,,,,,,,,,,,,,,,,,,,,,,,,,,,,,,,,,,,,,,,,,,,,,,,,,,,,,,,,,,,,,,,,,,,,,,,,,,,,,,,,,,,,,,,,,,,,,,,,,,,,,
WAS,2021,0.0,CHI,89,85,10.0,7.0,0.0,0.0,0.0,0.0,0.0,0.0,0.0,0.0,0.0,0.0,0.0,0.0,0.0,0.0,0.0,0.0,0.0,0.0,0.0,0.0,0.0,0.0,0.0,0.0,0.0,0.0,0.0,,,,,,,,,,,,,,,,,,,,,,,,,,,,,,,,,,,,,,,,,,,,,,,,,,,,,,,,,,,,,,,,,,,,,,,,,,,,,,,,,,,,,,,,,,,,,,,,,,,,,,,,,,,,,,,,,,,,,,,,,,,,,,,,,,,,,,,,,,,
WAS,2021,0.0,LVA,83,84,15.0,8.0,0.0,0.0,0.0,0.0,0.0,0.0,0.0,0.0,0.0,0.0,0.0,0.0,0.0,0.0,0.0,0.0,0.0,0.0,0.0,0.0,0.0,0.0,0.0,0.0,0.0,0.0,0.0,,,,,,,,,,,,,,,,,,,,,,,,,,,,,,,,,,,,,,,,,,,,,,,,,,,,,,,,,,,,,,,,,,,,,,,,,,,,,,,,,,,,,,,,,,,,,,,,,,,,,,,,,,,,,,,,,,,,,,,,,,,,,,,,,,,,,,,,,,,
WAS,2021,0.0,LVA,83,93,17.0,8.0,0.0,0.0,0.0,0.0,0.0,0.0,0.0,0.0,0.0,0.0,0.0,0.0,0.0,0.0,0.0,0.0,0.0,0.0,0.0,0.0,0.0,0.0,0.0,0.0,0.0,0.0,0.0,,,,,,,,,,,,,,,,,,,,,,,,,,,,,,,,,,,,,,,,,,,,,,,,,,,,,,,,,,,,,,,,,,,,,,,,,,,,,,,,,,,,,,,,,,,,,,,,,,,,,,,,,,,,,,,,,,,,,,,,,,,,,,,,,,,,,,,,,,,
WAS,2021,0.0,PHO,64,77,19.0,8.0,0.0,0.0,0.0,0.0,0.0,0.0,0.0,0.0,0.0,0.0,0.0,0.0,0.0,0.0,0.0,0.0,0.0,0.0,0.0,0.0,0.0,0.0,0.0,0.0,0.0,0.0,0.0,,,,,,,,,,,,,,,,,,,,,,,,,,,,,,,,,,,,,,,,,,,,,,,,,,,,,,,,,,,,,,,,,,,,,,,,,,,,,,,,,,,,,,,,,,,,,,,,,,,,,,,,,,,,,,,,,,,,,,,,,,,,,,,,,,,,,,,,,,,
WAS,2021,1.0,SEA,78,85,22.0,8.0,0.0,0.0,0.0,0.0,0.0,0.0,0.0,0.0,0.0,0.0,0.0,0.0,0.0,0.0,0.0,0.0,0.0,0.0,0.0,0.0,0.0,0.0,0.0,0.0,0.0,0.0,0.0,,,,,,,,,,,,,,,,,,,,,,,,,,,,,,,,,,,,,,,,,,,,,,,,,,,,,,,,,,,,,,,,,,,,,,,,,,,,,,,,,,,,,,,,,,,,,,,,,,,,,,,,,,,,,,,,,,,,,,,,,,,,,,,,,,,,,,,,,,,
WAS,2021,1.0,LAS,78,68,24.0,8.0,0.0,0.0,0.0,0.0,0.0,0.0,0.0,0.0,0.0,0.0,0.0,0.0,0.0,0.0,0.0,0.0,0.0,0.0,0.0,0.0,0.0,0.0,0.0,0.0,0.0,0.0,0.0,,,,,,,,,,,,,,,,,,,,,,,,,,,,,,,,,,,,,,,,,,,,,,,,,,,,,,,,,,,,,,,,,,,,,,,,,,,,,,,,,,,,,,,,,,,,,,,,,,,,,,,,,,,,,,,,,,,,,,,,,,,,,,,,,,,,,,,,,,,
WAS,2021,1.0,DAL,77,82,26.0,8.0,0.0,0.0,0.0,0.0,0.0,0.0,0.0,0.0,0.0,0.0,0.0,0.0,0.0,0.0,0.0,0.0,0.0,0.0,0.0,0.0,0.0,0.0,0.0,0.0,0.0,0.0,0.0,,,,,,,,,,,,,,,,,,,,,,,,,,,,,,,,,,,,,,,,,,,,,,,,,,,,,,,,,,,,,,,,,,,,,,,,,,,,,,,,,,,,,,,,,,,,,,,,,,,,,,,,,,,,,,,,,,,,,,,,,,,,,,,,,,,,,,,,,,,
WAS,2021,1.0,DAL,76,75,28.0,8.0,0.0,0.0,0.0,0.0,0.0,0.0,0.0,0.0,0.0,0.0,0.0,0.0,0.0,0.0,0.0,0.0,0.0,0.0,0.0,0.0,0.0,0.0,0.0,0.0,0.0,0.0,0.0,,,,,,,,,,,,,,,,,,,,,,,,,,,,,,,,,,,,,,,,,,,,,,,,,,,,,,,,,,,,,,,,,,,,,,,,,,,,,,,,,,,,,,,,,,,,,,,,,,,,,,,,,,,,,,,,,,,,,,,,,,,,,,,,,,,,,,,,,,,
WAS,2021,1.0,CON,75,85,31.0,8.0,0.0,0.0,0.0,0.0,0.0,0.0,0.0,0.0,0.0,0.0,0.0,0.0,0.0,0.0,0.0,0.0,0.0,0.0,0.0,0.0,0.0,0.0,0.0,0.0,0.0,0.0,0.0,,,,,,,,,,,,,,,,,,,,,,,,,,,,,,,,,,,,,,,,,,,,,,,,,,,,,,,,,,,,,,,,,,,,,,,,,,,,,,,,,,,,,,,,,,,,,,,,,,,,,,,,,,,,,,,,,,,,,,,,,,,,,,,,,,,,,,,,,,,
WAS,2021,0.0,MIN,75,93,4.0,9.0,0.0,0.0,0.0,0.0,0.0,0.0,0.0,0.0,0.0,0.0,0.0,0.0,0.0,0.0,0.0,0.0,0.0,0.0,0.0,0.0,0.0,0.0,0.0,0.0,0.0,0.0,0.0,,,,,,,,,,,,,,,,,,,,,,,,,,,,,,,,,,,,,,,,,,,,,,,,,,,,,,,,,,,,,,,,,,,,,,,,,,,,,,,,,,,,,,,,,,,,,,,,,,,,,,,,,,,,,,,,,,,,,,,,,,,,,,,,,,,,,,,,,,,
WAS,2021,0.0,SEA,71,105,7.0,9.0,0.0,0.0,0.0,0.0,0.0,0.0,0.0,0.0,0.0,0.0,0.0,0.0,0.0,0.0,0.0,0.0,0.0,0.0,0.0,0.0,0.0,0.0,0.0,0.0,0.0,0.0,0.0,,,,,,,,,,,,,,,,,,,,,,,,,,,,,,,,,,,,,,,,,,,,,,,,,,,,,,,,,,,,,,,,,,,,,,,,,,,,,,,,,,,,,,,,,,,,,,,,,,,,,,,,,,,,,,,,,,,,,,,,,,,,,,,,,,,,,,,,,,,
WAS,2021,1.0,ATL,82,74,10.0,9.0,0.0,0.0,0.0,0.0,0.0,0.0,0.0,0.0,0.0,0.0,0.0,0.0,0.0,0.0,0.0,0.0,0.0,0.0,0.0,0.0,0.0,0.0,0.0,0.0,0.0,0.0,0.0,,,,,,,,,,,,,,,,,,,,,,,,,,,,,,,,,,,,,,,,,,,,,,,,,,,,,,,,,,,,,,,,,,,,,,,,,,,,,,,,,,,,,,,,,,,,,,,,,,,,,,,,,,,,,,,,,,,,,,,,,,,,,,,,,,,,,,,,,,,
WAS,2021,0.0,CHI,79,71,12.0,9.0,0.0,0.0,0.0,0.0,0.0,0.0,0.0,0.0,0.0,0.0,0.0,0.0,0.0,0.0,0.0,0.0,0.0,0.0,0.0,0.0,0.0,0.0,0.0,0.0,0.0,0.0,0.0,,,,,,,,,,,,,,,,,,,,,,,,,,,,,,,,,,,,,,,,,,,,,,,,,,,,,,,,,,,,,,,,,,,,,,,,,,,,,,,,,,,,,,,,,,,,,,,,,,,,,,,,,,,,,,,,,,,,,,,,,,,,,,,,,,,,,,,,,,,
WAS,2021,0.0,NYL,80,91,17.0,9.0,0.0,0.0,0.0,0.0,0.0,0.0,0.0,0.0,0.0,0.0,0.0,0.0,0.0,0.0,0.0,0.0,0.0,0.0,0.0,0.0,0.0,0.0,0.0,0.0,0.0,0.0,0.0,,,,,,,,,,,,,,,,,,,,,,,,,,,,,,,,,,,,,,,,,,,,,,,,,,,,,,,,,,,,,,,,,,,,,,,,,,,,,,,,,,,,,,,,,,,,,,,,,,,,,,,,,,,,,,,,,,,,,,,,,,,,,,,,,,,,,,,,,,,
WAS,2021,1.0,MIN,77,83,19.0,9.0,0.0,0.0,0.0,0.0,0.0,0.0,0.0,0.0,0.0,0.0,0.0,0.0,0.0,0.0,0.0,0.0,0.0,0.0,0.0,0.0,0.0,0.0,0.0,0.0,0.0,0.0,0.0,,,,,,,,,,,,,,,,,,,,,,,,,,,,,,,,,,,,,,,,,,,,,,,,,,,,,,,,,,,,,,,,,,,,,,,,,,,,,,,,,,,,,,,,,,,,,,,,,,,,,,,,,,,,,,,,,,,,,,,,,,,,,,,,,,,,,,,,,,,
LVA,2021,0.0,SEA,83,97,15.0,5.0,0.0,0.0,0.0,0.0,0.0,0.0,0.0,0.0,0.0,0.0,0.0,0.0,0.0,0.0,0.0,0.0,0.0,0.0,0.0,0.0,0.0,0.0,0.0,0.0,0.0,0.0,0.0,,,,,,,,,,,,,,,,,,,,,,,,,,,,,,,,,,,,,,,,,,,,,,,,,,,,,,,,,,,,,,,,,,,,,,,,,,,,,,,,,,,,,,,,,,,,,,,,,,,,,,,,,,,,,,,,,,,,,,,,,,,,,,,,,,,,,,,,,,,
LVA,2021,0.0,SEA,96,80,18.0,5.0,0.0,0.0,0.0,0.0,0.0,0.0,0.0,0.0,0.0,0.0,0.0,0.0,0.0,0.0,0.0,0.0,0.0,0.0,0.0,0.0,0.0,0.0,0.0,0.0,0.0,0.0,0.0,,,,,,,,,,,,,,,,,,,,,,,,,,,,,,,,,,,,,,,,,,,,,,,,,,,,,,,,,,,,,,,,,,,,,,,,,,,,,,,,,,,,,,,,,,,,,,,,,,,,,,,,,,,,,,,,,,,,,,,,,,,,,,,,,,,,,,,,,,,
LVA,2021,1.0,LAS,97,69,21.0,5.0,0.0,0.0,0.0,0.0,0.0,0.0,0.0,0.0,0.0,0.0,0.0,0.0,0.0,0.0,0.0,0.0,0.0,0.0,0.0,0.0,0.0,0.0,0.0,0.0,0.0,0.0,0.0,,,,,,,,,,,,,,,,,,,,,,,,,,,,,,,,,,,,,,,,,,,,,,,,,,,,,,,,,,,,,,,,,,,,,,,,,,,,,,,,,,,,,,,,,,,,,,,,,,,,,,,,,,,,,,,,,,,,,,,,,,,,,,,,,,,,,,,,,,,
LVA,2021,1.0,CON,65,72,23.0,5.0,0.0,0.0,0.0,0.0,0.0,0.0,0.0,0.0,0.0,0.0,0.0,0.0,0.0,0.0,0.0,0.0,0.0,0.0,0.0,0.0,0.0,0.0,0.0,0.0,0.0,0.0,0.0,,,,,,,,,,,,,,,,,,,,,,,,,,,,,,,,,,,,,,,,,,,,,,,,,,,,,,,,,,,,,,,,,,,,,,,,,,,,,,,,,,,,,,,,,,,,,,,,,,,,,,,,,,,,,,,,,,,,,,,,,,,,,,,,,,,,,,,,,,,
LVA,2021,0.0,PHO,85,79,26.0,5.0,0.0,0.0,0.0,0.0,0.0,0.0,0.0,0.0,0.0,0.0,0.0,0.0,0.0,0.0,0.0,0.0,0.0,0.0,0.0,0.0,0.0,0.0,0.0,0.0,0.0,0.0,0.0,,,,,,,,,,,,,,,,,,,,,,,,,,,,,,,,,,,,,,,,,,,,,,,,,,,,,,,,,,,,,,,,,,,,,,,,,,,,,,,,,,,,,,,,,,,,,,,,,,,,,,,,,,,,,,,,,,,,,,,,,,,,,,,,,,,,,,,,,,,
LVA,2021,1.0,IND,113,77,28.0,5.0,0.0,0.0,0.0,0.0,0.0,0.0,0.0,0.0,0.0,0.0,0.0,0.0,0.0,0.0,0.0,0.0,0.0,0.0,0.0,0.0,0.0,0.0,0.0,0.0,0.0,0.0,0.0,,,,,,,,,,,,,,,,,,,,,,,,,,,,,,,,,,,,,,,,,,,,,,,,,,,,,,,,,,,,,,,,,,,,,,,,,,,,,,,,,,,,,,,,,,,,,,,,,,,,,,,,,,,,,,,,,,,,,,,,,,,,,,,,,,,,,,,,,,,
LVA,2021,1.0,IND,101,78,30.0,5.0,0.0,0.0,0.0,0.0,0.0,0.0,1.0,0.0,0.0,0.0,0.0,0.0,0.0,0.0,0.0,0.0,0.0,0.0,0.0,0.0,0.0,0.0,0.0,0.0,0.0,0.0,0.0,,,,,,,,,,,,,,,,,,,,,,,,,,,,,,,,,,,,,,,,,,,,,,,,,,,,,,,,,,,,,,,,,,,,,,,,,,,,,,,,,,,,,,,,,,,,,,,,,,,,,,,,,,,,,,,,,,,,,,,,,,,,,,,,,,,,,,,,,,,
LVA,2021,0.0,CON,67,74,1.0,6.0,0.0,0.0,0.0,0.0,0.0,0.0,0.0,0.0,0.0,0.0,0.0,0.0,0.0,0.0,0.0,0.0,0.0,0.0,0.0,0.0,0.0,0.0,0.0,0.0,0.0,0.0,0.0,,,,,,,,,,,,,,,,,,,,,,,,,,,,,,,,,,,,,,,,,,,,,,,,,,,,,,,,,,,,,,,,,,,,,,,,,,,,,,,,,,,,,,,,,,,,,,,,,,,,,,,,,,,,,,,,,,,,,,,,,,,,,,,,,,,,,,,,,,,
LVA,2021,0.0,NYL,94,82,3.0,6.0,0.0,0.0,0.0,0.0,0.0,0.0,1.0,0.0,0.0,0.0,0.0,0.0,0.0,0.0,0.0,0.0,0.0,0.0,0.0,0.0,0.0,0.0,0.0,0.0,0.0,0.0,0.0,,,,,,,,,,,,,,,,,,,,,,,,,,,,,,,,,,,,,,,,,,,,,,,,,,,,,,,,,,,,,,,,,,,,,,,,,,,,,,,,,,,,,,,,,,,,,,,,,,,,,,,,,,,,,,,,,,,,,,,,,,,,,,,,,,,,,,,,,,,
LVA,2021,0.0,WAS,96,93,5.0,6.0,0.0,0.0,0.0,0.0,0.0,0.0,0.0,0.0,0.0,0.0,0.0,0.0,0.0,0.0,0.0,0.0,0.0,0.0,0.0,0.0,0.0,0.0,0.0,0.0,0.0,0.0,0.0,,,,,,,,,,,,,,,,,,,,,,,,,,,,,,,,,,,,,,,,,,,,,,,,,,,,,,,,,,,,,,,,,,,,,,,,,,,,,,,,,,,,,,,,,,,,,,,,,,,,,,,,,,,,,,,,,,,,,,,,,,,,,,,,,,,,,,,,,,,
LVA,2021,1.0,DAL,85,78,13.0,6.0,0.0,0.0,0.0,0.0,0.0,0.0,0.0,0.0,0.0,0.0,0.0,0.0,0.0,0.0,0.0,0.0,0.0,0.0,0.0,0.0,0.0,0.0,0.0,0.0,0.0,0.0,0.0,,,,,,,,,,,,,,,,,,,,,,,,,,,,,,,,,,,,,,,,,,,,,,,,,,,,,,,,,,,,,,,,,,,,,,,,,,,,,,,,,,,,,,,,,,,,,,,,,,,,,,,,,,,,,,,,,,,,,,,,,,,,,,,,,,,,,,,,,,,
LVA,2021,1.0,NYL,100,78,15.0,6.0,0.0,0.0,0.0,0.0,0.0,0.0,1.0,0.0,0.0,0.0,0.0,0.0,0.0,0.0,0.0,0.0,0.0,0.0,0.0,0.0,0.0,0.0,0.0,0.0,0.0,0.0,0.0,,,,,,,,,,,,,,,,,,,,,,,,,,,,,,,,,,,,,,,,,,,,,,,,,,,,,,,,,,,,,,,,,,,,,,,,,,,,,,,,,,,,,,,,,,,,,,,,,,,,,,,,,,,,,,,,,,,,,,,,,,,,,,,,,,,,,,,,,,,
LVA,2021,1.0,NYL,103,76,17.0,6.0,0.0,0.0,0.0,0.0,0.0,0.0,1.0,0.0,0.0,0.0,0.0,0.0,0.0,0.0,0.0,0.0,0.0,0.0,0.0,0.0,0.0,0.0,0.0,0.0,0.0,0.0,0.0,,,,,,,,,,,,,,,,,,,,,,,,,,,,,,,,,,,,,,,,,,,,,,,,,,,,,,,,,,,,,,,,,,,,,,,,,,,,,,,,,,,,,,,,,,,,,,,,,,,,,,,,,,,,,,,,,,,,,,,,,,,,,,,,,,,,,,,,,,,
LVA,2021,0.0,MIN,89,90,25.0,6.0,0.0,0.0,0.0,0.0,0.0,0.0,0.0,0.0,0.0,0.0,0.0,0.0,0.0,0.0,0.0,0.0,0.0,0.0,0.0,0.0,0.0,0.0,0.0,0.0,0.0,0.0,0.0,,,,,,,,,,,,,,,,,,,,,,,,,,,,,,,,,,,,,,,,,,,,,,,,,,,,,,,,,,,,,,,,,,,,,,,,,,,,,,,,,,,,,,,,,,,,,,,,,,,,,,,,,,,,,,,,,,,,,,,,,,,,,,,,,,,,,,,,,,,
LVA,2021,1.0,SEA,95,92,27.0,6.0,0.0,0.0,0.0,0.0,0.0,0.0,0.0,0.0,0.0,0.0,0.0,0.0,0.0,0.0,0.0,0.0,0.0,0.0,0.0,0.0,0.0,0.0,0.0,0.0,0.0,0.0,0.0,,,,,,,,,,,,,,,,,,,,,,,,,,,,,,,,,,,,,,,,,,,,,,,,,,,,,,,,,,,,,,,,,,,,,,,,,,,,,,,,,,,,,,,,,,,,,,,,,,,,,,,,,,,,,,,,,,,,,,,,,,,,,,,,,,,,,,,,,,,
LVA,2021,0.0,LAS,99,75,30.0,6.0,0.0,0.0,0.0,0.0,0.0,0.0,0.0,0.0,0.0,0.0,0.0,0.0,0.0,0.0,0.0,0.0,0.0,0.0,0.0,0.0,0.0,0.0,0.0,0.0,0.0,0.0,0.0,,,,,,,,,,,,,,,,,,,,,,,,,,,,,,,,,,,,,,,,,,,,,,,,,,,,,,,,,,,,,,,,,,,,,,,,,,,,,,,,,,,,,,,,,,,,,,,,,,,,,,,,,,,,,,,,,,,,,,,,,,,,,,,,,,,,,,,,,,,
LVA,2021,0.0,LAS,66,58,2.0,7.0,0.0,0.0,0.0,0.0,0.0,0.0,0.0,0.0,0.0,0.0,0.0,0.0,0.0,0.0,0.0,0.0,0.0,0.0,0.0,0.0,0.0,0.0,0.0,0.0,0.0,0.0,0.0,,,,,,,,,,,,,,,,,,,,,,,,,,,,,,,,,,,,,,,,,,,,,,,,,,,,,,,,,,,,,,,,,,,,,,,,,,,,,,,,,,,,,,,,,,,,,,,,,,,,,,,,,,,,,,,,,,,,,,,,,,,,,,,,,,,,,,,,,,,
LVA,2021,1.0,ATL,118,95,4.0,7.0,0.0,0.0,0.0,0.0,0.0,0.0,0.0,0.0,0.0,0.0,0.0,0.0,0.0,0.0,0.0,0.0,0.0,0.0,0.0,0.0,0.0,0.0,0.0,0.0,0.0,0.0,0.0,,,,,,,,,,,,,,,,,,,,,,,,,,,,,,,,,,,,,,,,,,,,,,,,,,,,,,,,,,,,,,,,,,,,,,,,,,,,,,,,,,,,,,,,,,,,,,,,,,,,,,,,,,,,,,,,,,,,,,,,,,,,,,,,,,,,,,,,,,,
LVA,2021,1.0,PHO,90,99,7.0,7.0,0.0,0.0,0.0,0.0,0.0,0.0,0.0,0.0,0.0,0.0,0.0,0.0,0.0,0.0,0.0,0.0,0.0,0.0,0.0,0.0,0.0,0.0,0.0,0.0,0.0,0.0,0.0,,,,,,,,,,,,,,,,,,,,,,,,,,,,,,,,,,,,,,,,,,,,,,,,,,,,,,,,,,,,,,,,,,,,,,,,,,,,,,,,,,,,,,,,,,,,,,,,,,,,,,,,,,,,,,,,,,,,,,,,,,,,,,,,,,,,,,,,,,,
LVA,2021,1.0,MIN,67,77,9.0,7.0,0.0,0.0,0.0,0.0,0.0,0.0,0.0,0.0,0.0,0.0,0.0,0.0,0.0,0.0,0.0,0.0,0.0,0.0,0.0,0.0,0.0,0.0,0.0,0.0,0.0,0.0,0.0,,,,,,,,,,,,,,,,,,,,,,,,,,,,,,,,,,,,,,,,,,,,,,,,,,,,,,,,,,,,,,,,,,,,,,,,,,,,,,,,,,,,,,,,,,,,,,,,,,,,,,,,,,,,,,,,,,,,,,,,,,,,,,,,,,,,,,,,,,,
LVA,2021,0.0,DAL,95,79,11.0,7.0,0.0,0.0,0.0,0.0,0.0,0.0,0.0,0.0,0.0,0.0,0.0,0.0,0.0,0.0,0.0,0.0,0.0,0.0,0.0,0.0,0.0,0.0,0.0,0.0,0.0,0.0,0.0,,,,,,,,,,,,,,,,,,,,,,,,,,,,,,,,,,,,,,,,,,,,,,,,,,,,,,,,,,,,,,,,,,,,,,,,,,,,,,,,,,,,,,,,,,,,,,,,,,,,,,,,,,,,,,,,,,,,,,,,,,,,,,,,,,,,,,,,,,,
LVA,2021,1.0,WAS,84,83,15.0,8.0,0.0,0.0,0.0,0.0,0.0,0.0,0.0,0.0,0.0,0.0,0.0,0.0,0.0,0.0,0.0,0.0,0.0,0.0,0.0,0.0,0.0,0.0,0.0,0.0,0.0,0.0,0.0,,,,,,,,,,,,,,,,,,,,,,,,,,,,,,,,,,,,,,,,,,,,,,,,,,,,,,,,,,,,,,,,,,,,,,,,,,,,,,,,,,,,,,,,,,,,,,,,,,,,,,,,,,,,,,,,,,,,,,,,,,,,,,,,,,,,,,,,,,,
LVA,2021,1.0,WAS,93,83,17.0,8.0,0.0,0.0,0.0,0.0,0.0,0.0,0.0,0.0,0.0,0.0,0.0,0.0,0.0,0.0,0.0,0.0,0.0,0.0,0.0,0.0,0.0,0.0,0.0,0.0,0.0,0.0,0.0,,,,,,,,,,,,,,,,,,,,,,,,,,,,,,,,,,,,,,,,,,,,,,,,,,,,,,,,,,,,,,,,,,,,,,,,,,,,,,,,,,,,,,,,,,,,,,,,,,,,,,,,,,,,,,,,,,,,,,,,,,,,,,,,,,,,,,,,,,,
LVA,2021,0.0,CON,62,76,24.0,8.0,0.0,0.0,0.0,0.0,0.0,0.0,0.0,0.0,0.0,0.0,0.0,0.0,0.0,0.0,0.0,0.0,0.0,0.0,0.0,0.0,0.0,0.0,0.0,0.0,0.0,0.0,0.0,,,,,,,,,,,,,,,,,,,,,,,,,,,,,,,,,,,,,,,,,,,,,,,,,,,,,,,,,,,,,,,,,,,,,,,,,,,,,,,,,,,,,,,,,,,,,,,,,,,,,,,,,,,,,,,,,,,,,,,,,,,,,,,,,,,,,,,,,,,
LVA,2021,0.0,ATL,78,71,26.0,8.0,0.0,0.0,0.0,0.0,0.0,0.0,0.0,0.0,0.0,0.0,0.0,0.0,0.0,0.0,0.0,0.0,0.0,0.0,0.0,0.0,0.0,0.0,0.0,0.0,0.0,0.0,0.0,,,,,,,,,,,,,,,,,,,,,,,,,,,,,,,,,,,,,,,,,,,,,,,,,,,,,,,,,,,,,,,,,,,,,,,,,,,,,,,,,,,,,,,,,,,,,,,,,,,,,,,,,,,,,,,,,,,,,,,,,,,,,,,,,,,,,,,,,,,
LVA,2021,0.0,IND,87,71,28.0,8.0,0.0,0.0,0.0,0.0,0.0,0.0,0.0,0.0,0.0,0.0,0.0,0.0,0.0,0.0,0.0,0.0,0.0,0.0,0.0,0.0,0.0,0.0,0.0,0.0,0.0,0.0,0.0,,,,,,,,,,,,,,,,,,,,,,,,,,,,,,,,,,,,,,,,,,,,,,,,,,,,,,,,,,,,,,,,,,,,,,,,,,,,,,,,,,,,,,,,,,,,,,,,,,,,,,,,,,,,,,,,,,,,,,,,,,,,,,,,,,,,,,,,,,,
LVA,2021,1.0,CHI,90,83,2.0,9.0,0.0,0.0,0.0,0.0,0.0,0.0,0.0,0.0,0.0,0.0,0.0,0.0,0.0,0.0,0.0,0.0,0.0,0.0,0.0,0.0,0.0,0.0,0.0,0.0,0.0,0.0,0.0,,,,,,,,,,,,,,,,,,,,,,,,,,,,,,,,,,,,,,,,,,,,,,,,,,,,,,,,,,,,,,,,,,,,,,,,,,,,,,,,,,,,,,,,,,,,,,,,,,,,,,,,,,,,,,,,,,,,,,,,,,,,,,,,,,,,,,,,,,,
LVA,2021,0.0,CHI,84,92,5.0,9.0,0.0,0.0,0.0,0.0,0.0,0.0,0.0,0.0,0.0,0.0,0.0,0.0,0.0,0.0,0.0,0.0,0.0,0.0,0.0,0.0,0.0,0.0,0.0,0.0,0.0,0.0,0.0,,,,,,,,,,,,,,,,,,,,,,,,,,,,,,,,,,,,,,,,,,,,,,,,,,,,,,,,,,,,,,,,,,,,,,,,,,,,,,,,,,,,,,,,,,,,,,,,,,,,,,,,,,,,,,,,,,,,,,,,,,,,,,,,,,,,,,,,,,,
LVA,2021,1.0,MIN,102,81,8.0,9.0,0.0,0.0,0.0,0.0,0.0,0.0,0.0,0.0,0.0,0.0,0.0,0.0,0.0,0.0,0.0,0.0,0.0,0.0,0.0,0.0,0.0,0.0,0.0,0.0,0.0,0.0,0.0,,,,,,,,,,,,,,,,,,,,,,,,,,,,,,,,,,,,,,,,,,,,,,,,,,,,,,,,,,,,,,,,,,,,,,,,,,,,,,,,,,,,,,,,,,,,,,,,,,,,,,,,,,,,,,,,,,,,,,,,,,,,,,,,,,,,,,,,,,,
LVA,2021,1.0,DAL,85,75,13.0,9.0,0.0,0.0,0.0,0.0,0.0,0.0,0.0,0.0,0.0,0.0,0.0,0.0,0.0,0.0,0.0,0.0,0.0,0.0,0.0,0.0,0.0,0.0,0.0,0.0,0.0,0.0,0.0,,,,,,,,,,,,,,,,,,,,,,,,,,,,,,,,,,,,,,,,,,,,,,,,,,,,,,,,,,,,,,,,,,,,,,,,,,,,,,,,,,,,,,,,,,,,,,,,,,,,,,,,,,,,,,,,,,,,,,,,,,,,,,,,,,,,,,,,,,,
LVA,2021,0.0,CHI,103,70,17.0,9.0,0.0,0.0,0.0,0.0,0.0,0.0,0.0,0.0,0.0,0.0,0.0,0.0,0.0,0.0,0.0,0.0,0.0,0.0,0.0,0.0,0.0,0.0,0.0,0.0,0.0,0.0,0.0,,,,,,,,,,,,,,,,,,,,,,,,,,,,,,,,,,,,,,,,,,,,,,,,,,,,,,,,,,,,,,,,,,,,,,,,,,,,,,,,,,,,,,,,,,,,,,,,,,,,,,,,,,,,,,,,,,,,,,,,,,,,,,,,,,,,,,,,,,,
LVA,2021,0.0,PHO,84,83,19.0,9.0,0.0,0.0,0.0,0.0,0.0,0.0,0.0,0.0,0.0,0.0,0.0,0.0,0.0,0.0,0.0,0.0,0.0,0.0,0.0,0.0,0.0,0.0,0.0,0.0,0.0,0.0,0.0,,,,,,,,,,,,,,,,,,,,,,,,,,,,,,,,,,,,,,,,,,,,,,,,,,,,,,,,,,,,,,,,,,,,,,,,,,,,,,,,,,,,,,,,,,,,,,,,,,,,,,,,,,,,,,,,,,,,,,,,,,,,,,,,,,,,,,,,,,,
ATL,2022,0.0,DAL,66,59,7.0,5.0,0.0,0.0,0.0,0.0,0.0,0.0,0.0,0.0,0.0,0.0,0.0,0.0,1.0,0.0,0.0,0.0,0.0,0.0,0.0,0.0,0.0,0.0,1.0,1.0,1.0,0.0,1.0,,,,,,,,,,,,,,,,,,,,,,,,,,,,,,,,,,,,,,,,,,,,,,,,,,,,,,,,,,,,,,,,,,,,,,,,,,,,,,,,,,,,,,,,,,,,,,,,,,,,,,,,,,,,,,,,,,,,,,,,,,,,,,,,,,,,,,,,,,,
ATL,2022,1.0,LAS,77,75,11.0,5.0,0.0,0.0,0.0,0.0,0.0,0.0,0.0,0.0,0.0,0.0,0.0,0.0,1.0,0.0,0.0,0.0,0.0,0.0,0.0,0.0,0.0,0.0,1.0,1.0,1.0,0.0,1.0,,,,,,,,,,,,,,,,,,,,,,,,,,,,,,,,,,,,,,,,,,,,,,,,,,,,,,,,,,,,,,,,,,,,,,,,,,,,,,,,,,,,,,,,,,,,,,,,,,,,,,,,,,,,,,,,,,,,,,,,,,,,,,,,,,,,,,,,,,,
ATL,2022,1.0,LVA,73,96,13.0,5.0,0.0,0.0,0.0,0.0,0.0,0.0,0.0,0.0,0.0,0.0,0.0,0.0,1.0,0.0,0.0,0.0,0.0,0.0,0.0,0.0,0.0,0.0,1.0,1.0,1.0,0.0,1.0,,,,,,,,,,,,,,,,,,,,,,,,,,,,,,,,,,,,,,,,,,,,,,,,,,,,,,,,,,,,,,,,,,,,,,,,,,,,,,,,,,,,,,,,,,,,,,,,,,,,,,,,,,,,,,,,,,,,,,,,,,,,,,,,,,,,,,,,,,,
ATL,2022,0.0,IND,85,79,15.0,5.0,0.0,0.0,0.0,0.0,0.0,0.0,0.0,0.0,0.0,0.0,0.0,0.0,1.0,0.0,0.0,0.0,0.0,0.0,0.0,0.0,0.0,0.0,1.0,1.0,1.0,0.0,1.0,,,,,,,,,,,,,,,,,,,,,,,,,,,,,,,,,,,,,,,,,,,,,,,,,,,,,,,,,,,,,,,,,,,,,,,,,,,,,,,,,,,,,,,,,,,,,,,,,,,,,,,,,,,,,,,,,,,,,,,,,,,,,,,,,,,,,,,,,,,
ATL,2022,0.0,IND,101,79,17.0,5.0,0.0,0.0,0.0,0.0,0.0,0.0,0.0,0.0,0.0,0.0,0.0,0.0,1.0,0.0,0.0,0.0,0.0,0.0,0.0,0.0,0.0,0.0,1.0,1.0,1.0,0.0,1.0,,,,,,,,,,,,,,,,,,,,,,,,,,,,,,,,,,,,,,,,,,,,,,,,,,,,,,,,,,,,,,,,,,,,,,,,,,,,,,,,,,,,,,,,,,,,,,,,,,,,,,,,,,,,,,,,,,,,,,,,,,,,,,,,,,,,,,,,,,,
ATL,2022,1.0,WAS,73,78,20.0,5.0,0.0,0.0,0.0,0.0,0.0,0.0,0.0,0.0,0.0,0.0,0.0,0.0,1.0,0.0,0.0,0.0,0.0,0.0,0.0,0.0,0.0,0.0,1.0,1.0,1.0,0.0,1.0,,,,,,,,,,,,,,,,,,,,,,,,,,,,,,,,,,,,,,,,,,,,,,,,,,,,,,,,,,,,,,,,,,,,,,,,,,,,,,,,,,,,,,,,,,,,,,,,,,,,,,,,,,,,,,,,,,,,,,,,,,,,,,,,,,,,,,,,,,,
ATL,2022,0.0,WAS,50,70,24.0,5.0,0.0,0.0,0.0,0.0,0.0,0.0,0.0,0.0,0.0,0.0,0.0,0.0,1.0,0.0,0.0,0.0,0.0,0.0,0.0,0.0,0.0,0.0,1.0,1.0,1.0,0.0,1.0,,,,,,,,,,,,,,,,,,,,,,,,,,,,,,,,,,,,,,,,,,,,,,,,,,,,,,,,,,,,,,,,,,,,,,,,,,,,,,,,,,,,,,,,,,,,,,,,,,,,,,,,,,,,,,,,,,,,,,,,,,,,,,,,,,,,,,,,,,,
ATL,2022,1.0,PHO,81,54,29.0,5.0,0.0,0.0,0.0,0.0,0.0,0.0,0.0,0.0,0.0,0.0,0.0,0.0,1.0,0.0,0.0,0.0,0.0,0.0,0.0,0.0,0.0,0.0,1.0,1.0,1.0,0.0,1.0,,,,,,,,,,,,,,,,,,,,,,,,,,,,,,,,,,,,,,,,,,,,,,,,,,,,,,,,,,,,,,,,,,,,,,,,,,,,,,,,,,,,,,,,,,,,,,,,,,,,,,,,,,,,,,,,,,,,,,,,,,,,,,,,,,,,,,,,,,,
ATL,2022,1.0,MIN,84,76,1.0,6.0,0.0,0.0,0.0,0.0,0.0,0.0,0.0,0.0,0.0,0.0,0.0,0.0,1.0,0.0,0.0,0.0,0.0,0.0,0.0,0.0,0.0,0.0,1.0,1.0,1.0,0.0,1.0,,,,,,,,,,,,,,,,,,,,,,,,,,,,,,,,,,,,,,,,,,,,,,,,,,,,,,,,,,,,,,,,,,,,,,,,,,,,,,,,,,,,,,,,,,,,,,,,,,,,,,,,,,,,,,,,,,,,,,,,,,,,,,,,,,,,,,,,,,,
ATL,2022,1.0,CHI,65,73,3.0,6.0,0.0,0.0,0.0,0.0,0.0,0.0,0.0,0.0,0.0,0.0,0.0,0.0,1.0,0.0,0.0,0.0,0.0,0.0,0.0,0.0,0.0,0.0,1.0,1.0,1.0,0.0,1.0,,,,,,,,,,,,,,,,,,,,,,,,,,,,,,,,,,,,,,,,,,,,,,,,,,,,,,,,,,,,,,,,,,,,,,,,,,,,,,,,,,,,,,,,,,,,,,,,,,,,,,,,,,,,,,,,,,,,,,,,,,,,,,,,,,,,,,,,,,,
ATL,2022,1.0,IND,75,66,5.0,6.0,0.0,0.0,0.0,0.0,0.0,0.0,0.0,0.0,0.0,0.0,0.0,0.0,1.0,0.0,0.0,0.0,0.0,0.0,0.0,0.0,0.0,0.0,1.0,1.0,1.0,0.0,1.0,,,,,,,,,,,,,,,,,,,,,,,,,,,,,,,,,,,,,,,,,,,,,,,,,,,,,,,,,,,,,,,,,,,,,,,,,,,,,,,,,,,,,,,,,,,,,,,,,,,,,,,,,,,,,,,,,,,,,,,,,,,,,,,,,,,,,,,,,,,
ATL,2022,0.0,SEA,60,72,7.0,6.0,0.0,0.0,0.0,0.0,0.0,0.0,0.0,0.0,0.0,0.0,0.0,0.0,1.0,0.0,0.0,0.0,0.0,0.0,0.0,0.0,0.0,0.0,1.0,1.0,1.0,0.0,1.0,,,,,,,,,,,,,,,,,,,,,,,,,,,,,,,,,,,,,,,,,,,,,,,,,,,,,,,,,,,,,,,,,,,,,,,,,,,,,,,,,,,,,,,,,,,,,,,,,,,,,,,,,,,,,,,,,,,,,,,,,,,,,,,,,,,,,,,,,,,
ATL,2022,0.0,PHO,88,90,10.0,6.0,0.0,0.0,0.0,0.0,0.0,0.0,0.0,0.0,0.0,0.0,0.0,0.0,1.0,0.0,0.0,0.0,0.0,0.0,0.0,0.0,0.0,0.0,1.0,1.0,1.0,0.0,1.0,,,,,,,,,,,,,,,,,,,,,,,,,,,,,,,,,,,,,,,,,,,,,,,,,,,,,,,,,,,,,,,,,,,,,,,,,,,,,,,,,,,,,,,,,,,,,,,,,,,,,,,,,,,,,,,,,,,,,,,,,,,,,,,,,,,,,,,,,,,
ATL,2022,0.0,CON,92,105,15.0,6.0,0.0,0.0,0.0,0.0,0.0,0.0,0.0,0.0,0.0,0.0,0.0,0.0,1.0,0.0,0.0,0.0,0.0,0.0,0.0,0.0,0.0,0.0,1.0,1.0,1.0,0.0,1.0,,,,,,,,,,,,,,,,,,,,,,,,,,,,,,,,,,,,,,,,,,,,,,,,,,,,,,,,,,,,,,,,,,,,,,,,,,,,,,,,,,,,,,,,,,,,,,,,,,,,,,,,,,,,,,,,,,,,,,,,,,,,,,,,,,,,,,,,,,,
ATL,2022,0.0,CHI,100,106,17.0,6.0,0.0,0.0,0.0,0.0,0.0,0.0,0.0,0.0,0.0,0.0,0.0,0.0,1.0,0.0,0.0,0.0,0.0,0.0,0.0,0.0,0.0,0.0,1.0,1.0,1.0,0.0,1.0,,,,,,,,,,,,,,,,,,,,,,,,,,,,,,,,,,,,,,,,,,,,,,,,,,,,,,,,,,,,,,,,,,,,,,,,,,,,,,,,,,,,,,,,,,,,,,,,,,,,,,,,,,,,,,,,,,,,,,,,,,,,,,,,,,,,,,,,,,,
ATL,2022,1.0,DAL,80,75,21.0,6.0,0.0,0.0,0.0,1.0,0.0,0.0,1.0,0.0,0.0,0.0,0.0,0.0,1.0,0.0,0.0,0.0,0.0,0.0,0.0,0.0,0.0,0.0,1.0,1.0,1.0,0.0,1.0,,,,,,,,,,,,,,,,,,,,,,,,,,,,,,,,,,,,,,,,,,,,,,,,,,,,,,,,,,,,,,,,,,,,,,,,,,,,,,,,,,,,,,,,,,,,,,,,,,,,,,,,,,,,,,,,,,,,,,,,,,,,,,,,,,,,,,,,,,,
ATL,2022,1.0,NYL,77,89,24.0,6.0,0.0,0.0,0.0,1.0,0.0,0.0,1.0,0.0,0.0,0.0,0.0,0.0,1.0,0.0,0.0,0.0,0.0,0.0,0.0,0.0,0.0,0.0,1.0,1.0,1.0,0.0,1.0,,,,,,,,,,,,,,,,,,,,,,,,,,,,,,,,,,,,,,,,,,,,,,,,,,,,,,,,,,,,,,,,,,,,,,,,,,,,,,,,,,,,,,,,,,,,,,,,,,,,,,,,,,,,,,,,,,,,,,,,,,,,,,,,,,,,,,,,,,,
ATL,2022,1.0,CON,61,72,26.0,6.0,0.0,0.0,0.0,1.0,0.0,0.0,1.0,0.0,0.0,0.0,0.0,0.0,1.0,0.0,0.0,0.0,0.0,0.0,0.0,0.0,0.0,0.0,1.0,1.0,1.0,0.0,1.0,,,,,,,,,,,,,,,,,,,,,,,,,,,,,,,,,,,,,,,,,,,,,,,,,,,,,,,,,,,,,,,,,,,,,,,,,,,,,,,,,,,,,,,,,,,,,,,,,,,,,,,,,,,,,,,,,,,,,,,,,,,,,,,,,,,,,,,,,,,
ATL,2022,0.0,WAS,74,92,28.0,6.0,0.0,0.0,0.0,0.0,0.0,0.0,0.0,0.0,0.0,0.0,0.0,0.0,1.0,0.0,0.0,0.0,0.0,0.0,0.0,0.0,0.0,0.0,1.0,1.0,1.0,0.0,1.0,,,,,,,,,,,,,,,,,,,,,,,,,,,,,,,,,,,,,,,,,,,,,,,,,,,,,,,,,,,,,,,,,,,,,,,,,,,,,,,,,,,,,,,,,,,,,,,,,,,,,,,,,,,,,,,,,,,,,,,,,,,,,,,,,,,,,,,,,,,
ATL,2022,0.0,NYL,92,81,30.0,6.0,0.0,0.0,0.0,0.0,0.0,0.0,0.0,0.0,0.0,0.0,0.0,0.0,1.0,0.0,0.0,0.0,0.0,0.0,0.0,0.0,0.0,0.0,1.0,1.0,1.0,0.0,1.0,,,,,,,,,,,,,,,,,,,,,,,,,,,,,,,,,,,,,,,,,,,,,,,,,,,,,,,,,,,,,,,,,,,,,,,,,,,,,,,,,,,,,,,,,,,,,,,,,,,,,,,,,,,,,,,,,,,,,,,,,,,,,,,,,,,,,,,,,,,
ATL,2022,1.0,SEA,90,76,3.0,7.0,0.0,0.0,0.0,0.0,0.0,0.0,0.0,0.0,0.0,0.0,0.0,0.0,1.0,0.0,0.0,0.0,0.0,0.0,0.0,0.0,0.0,0.0,1.0,1.0,1.0,0.0,1.0,,,,,,,,,,,,,,,,,,,,,,,,,,,,,,,,,,,,,,,,,,,,,,,,,,,,,,,,,,,,,,,,,,,,,,,,,,,,,,,,,,,,,,,,,,,,,,,,,,,,,,,,,,,,,,,,,,,,,,,,,,,,,,,,,,,,,,,,,,,
ATL,2022,1.0,WAS,66,85,6.0,7.0,0.0,0.0,0.0,0.0,0.0,0.0,0.0,0.0,0.0,0.0,0.0,0.0,1.0,0.0,0.0,0.0,0.0,0.0,0.0,0.0,0.0,0.0,1.0,1.0,1.0,0.0,1.0,,,,,,,,,,,,,,,,,,,,,,,,,,,,,,,,,,,,,,,,,,,,,,,,,,,,,,,,,,,,,,,,,,,,,,,,,,,,,,,,,,,,,,,,,,,,,,,,,,,,,,,,,,,,,,,,,,,,,,,,,,,,,,,,,,,,,,,,,,,
ATL,2022,0.0,CHI,75,90,12.0,7.0,0.0,0.0,0.0,0.0,0.0,0.0,0.0,0.0,0.0,0.0,0.0,0.0,1.0,0.0,0.0,0.0,0.0,0.0,0.0,0.0,0.0,0.0,1.0,1.0,1.0,0.0,1.0,,,,,,,,,,,,,,,,,,,,,,,,,,,,,,,,,,,,,,,,,,,,,,,,,,,,,,,,,,,,,,,,,,,,,,,,,,,,,,,,,,,,,,,,,,,,,,,,,,,,,,,,,,,,,,,,,,,,,,,,,,,,,,,,,,,,,,,,,,,
ATL,2022,1.0,CON,68,93,15.0,7.0,0.0,0.0,0.0,0.0,0.0,0.0,0.0,0.0,0.0,0.0,0.0,0.0,1.0,0.0,0.0,0.0,0.0,0.0,0.0,0.0,0.0,0.0,0.0,0.0,0.0,0.0,0.0,,,,,,,,,,,,,,,,,,,,,,,,,,,,,,,,,,,,,,,,,,,,,,,,,,,,,,,,,,,,,,,,,,,,,,,,,,,,,,,,,,,,,,,,,,,,,,,,,,,,,,,,,,,,,,,,,,,,,,,,,,,,,,,,,,,,,,,,,,,
ATL,2022,0.0,PHO,85,75,17.0,7.0,0.0,0.0,0.0,0.0,0.0,0.0,0.0,0.0,0.0,0.0,0.0,0.0,1.0,0.0,0.0,0.0,0.0,0.0,0.0,0.0,0.0,0.0,0.0,0.0,0.0,0.0,0.0,,,,,,,,,,,,,,,,,,,,,,,,,,,,,,,,,,,,,,,,,,,,,,,,,,,,,,,,,,,,,,,,,,,,,,,,,,,,,,,,,,,,,,,,,,,,,,,,,,,,,,,,,,,,,,,,,,,,,,,,,,,,,,,,,,,,,,,,,,,
ATL,2022,0.0,LVA,92,76,19.0,7.0,0.0,0.0,0.0,0.0,0.0,0.0,0.0,0.0,0.0,0.0,0.0,0.0,1.0,0.0,0.0,0.0,0.0,0.0,0.0,0.0,0.0,0.0,1.0,1.0,1.0,0.0,1.0,,,,,,,,,,,,,,,,,,,,,,,,,,,,,,,,,,,,,,,,,,,,,,,,,,,,,,,,,,,,,,,,,,,,,,,,,,,,,,,,,,,,,,,,,,,,,,,,,,,,,,,,,,,,,,,,,,,,,,,,,,,,,,,,,,,,,,,,,,,
ATL,2022,0.0,LAS,78,85,21.0,7.0,0.0,0.0,0.0,0.0,0.0,0.0,0.0,0.0,0.0,0.0,0.0,0.0,1.0,0.0,0.0,0.0,0.0,0.0,0.0,0.0,0.0,0.0,1.0,1.0,1.0,0.0,1.0,,,,,,,,,,,,,,,,,,,,,,,,,,,,,,,,,,,,,,,,,,,,,,,,,,,,,,,,,,,,,,,,,,,,,,,,,,,,,,,,,,,,,,,,,,,,,,,,,,,,,,,,,,,,,,,,,,,,,,,,,,,,,,,,,,,,,,,,,,,
ATL,2022,0.0,SEA,72,82,24.0,7.0,0.0,0.0,0.0,0.0,0.0,0.0,0.0,0.0,0.0,0.0,0.0,0.0,1.0,0.0,0.0,0.0,0.0,0.0,0.0,0.0,0.0,0.0,1.0,1.0,1.0,0.0,1.0,,,,,,,,,,,,,,,,,,,,,,,,,,,,,,,,,,,,,,,,,,,,,,,,,,,,,,,,,,,,,,,,,,,,,,,,,,,,,,,,,,,,,,,,,,,,,,,,,,,,,,,,,,,,,,,,,,,,,,,,,,,,,,,,,,,,,,,,,,,
ATL,2022,1.0,MIN,85,92,28.0,7.0,0.0,0.0,0.0,0.0,0.0,0.0,0.0,0.0,0.0,0.0,0.0,0.0,1.0,0.0,0.0,0.0,0.0,0.0,0.0,0.0,0.0,0.0,1.0,1.0,1.0,0.0,1.0,,,,,,,,,,,,,,,,,,,,,,,,,,,,,,,,,,,,,,,,,,,,,,,,,,,,,,,,,,,,,,,,,,,,,,,,,,,,,,,,,,,,,,,,,,,,,,,,,,,,,,,,,,,,,,,,,,,,,,,,,,,,,,,,,,,,,,,,,,,
ATL,2022,1.0,DAL,68,81,30.0,7.0,0.0,0.0,0.0,0.0,0.0,0.0,0.0,0.0,0.0,0.0,0.0,0.0,1.0,0.0,0.0,0.0,0.0,0.0,0.0,0.0,0.0,0.0,1.0,1.0,1.0,0.0,1.0,,,,,,,,,,,,,,,,,,,,,,,,,,,,,,,,,,,,,,,,,,,,,,,,,,,,,,,,,,,,,,,,,,,,,,,,,,,,,,,,,,,,,,,,,,,,,,,,,,,,,,,,,,,,,,,,,,,,,,,,,,,,,,,,,,,,,,,,,,,
ATL,2022,1.0,IND,91,81,3.0,8.0,0.0,0.0,0.0,1.0,0.0,0.0,1.0,0.0,0.0,0.0,0.0,0.0,1.0,0.0,0.0,0.0,0.0,0.0,0.0,0.0,0.0,0.0,1.0,1.0,1.0,0.0,1.0,,,,,,,,,,,,,,,,,,,,,,,,,,,,,,,,,,,,,,,,,,,,,,,,,,,,,,,,,,,,,,,,,,,,,,,,,,,,,,,,,,,,,,,,,,,,,,,,,,,,,,,,,,,,,,,,,,,,,,,,,,,,,,,,,,,,,,,,,,,
ATL,2022,1.0,LAS,88,86,5.0,8.0,0.0,0.0,0.0,1.0,0.0,0.0,1.0,0.0,0.0,0.0,0.0,0.0,1.0,0.0,0.0,0.0,0.0,0.0,0.0,0.0,0.0,0.0,1.0,1.0,1.0,0.0,1.0,,,,,,,,,,,,,,,,,,,,,,,,,,,,,,,,,,,,,,,,,,,,,,,,,,,,,,,,,,,,,,,,,,,,,,,,,,,,,,,,,,,,,,,,,,,,,,,,,,,,,,,,,,,,,,,,,,,,,,,,,,,,,,,,,,,,,,,,,,,
ATL,2022,0.0,MIN,71,81,7.0,8.0,0.0,0.0,0.0,1.0,0.0,0.0,1.0,0.0,0.0,0.0,0.0,0.0,1.0,0.0,0.0,0.0,0.0,0.0,0.0,0.0,0.0,0.0,1.0,1.0,1.0,0.0,1.0,,,,,,,,,,,,,,,,,,,,,,,,,,,,,,,,,,,,,,,,,,,,,,,,,,,,,,,,,,,,,,,,,,,,,,,,,,,,,,,,,,,,,,,,,,,,,,,,,,,,,,,,,,,,,,,,,,,,,,,,,,,,,,,,,,,,,,,,,,,
ATL,2022,0.0,LVA,90,97,9.0,8.0,0.0,0.0,0.0,1.0,0.0,0.0,1.0,0.0,0.0,0.0,0.0,0.0,1.0,0.0,0.0,0.0,0.0,0.0,0.0,0.0,0.0,0.0,1.0,1.0,1.0,0.0,1.0,,,,,,,,,,,,,,,,,,,,,,,,,,,,,,,,,,,,,,,,,,,,,,,,,,,,,,,,,,,,,,,,,,,,,,,,,,,,,,,,,,,,,,,,,,,,,,,,,,,,,,,,,,,,,,,,,,,,,,,,,,,,,,,,,,,,,,,,,,,
ATL,2022,1.0,NYL,70,80,12.0,8.0,0.0,0.0,0.0,1.0,0.0,0.0,1.0,0.0,0.0,0.0,0.0,0.0,1.0,0.0,0.0,0.0,0.0,0.0,0.0,0.0,0.0,0.0,1.0,1.0,1.0,0.0,1.0,,,,,,,,,,,,,,,,,,,,,,,,,,,,,,,,,,,,,,,,,,,,,,,,,,,,,,,,,,,,,,,,,,,,,,,,,,,,,,,,,,,,,,,,,,,,,,,,,,,,,,,,,,,,,,,,,,,,,,,,,,,,,,,,,,,,,,,,,,,
ATL,2022,0.0,NYL,83,87,14.0,8.0,0.0,0.0,0.0,1.0,0.0,0.0,1.0,0.0,0.0,0.0,0.0,0.0,1.0,0.0,0.0,0.0,0.0,0.0,0.0,0.0,0.0,0.0,1.0,1.0,1.0,0.0,1.0,,,,,,,,,,,,,,,,,,,,,,,,,,,,,,,,,,,,,,,,,,,,,,,,,,,,,,,,,,,,,,,,,,,,,,,,,,,,,,,,,,,,,,,,,,,,,,,,,,,,,,,,,,,,,,,,,,,,,,,,,,,,,,,,,,,,,,,,,,,
CHI,2022,1.0,LAS,91,98,6.0,5.0,0.0,0.0,0.0,1.0,0.0,0.0,0.0,0.0,0.0,0.0,0.0,0.0,0.0,0.0,0.0,0.0,0.0,0.0,0.0,0.0,0.0,0.0,0.0,0.0,0.0,0.0,0.0,,,,,,,,,,,,,,,,,,,,,,,,,,,,,,,,,,,,,,,,,,,,,,,,,,,,,,,,,,,,,,,,,,,,,,,,,,,,,,,,,,,,,,,,,,,,,,,,,,,,,,,,,,,,,,,,,,,,,,,,,,,,,,,,,,,,,,,,,,,
CHI,2022,1.0,NYL,83,50,11.0,5.0,0.0,0.0,0.0,1.0,0.0,0.0,0.0,0.0,0.0,0.0,0.0,0.0,0.0,0.0,0.0,0.0,0.0,0.0,0.0,0.0,0.0,0.0,0.0,0.0,0.0,0.0,0.0,,,,,,,,,,,,,,,,,,,,,,,,,,,,,,,,,,,,,,,,,,,,,,,,,,,,,,,,,,,,,,,,,,,,,,,,,,,,,,,,,,,,,,,,,,,,,,,,,,,,,,,,,,,,,,,,,,,,,,,,,,,,,,,,,,,,,,,,,,,
CHI,2022,0.0,MIN,82,78,14.0,5.0,0.0,0.0,0.0,1.0,0.0,0.0,0.0,0.0,0.0,0.0,0.0,0.0,0.0,0.0,0.0,0.0,0.0,0.0,0.0,0.0,0.0,0.0,0.0,0.0,0.0,0.0,0.0,,,,,,,,,,,,,,,,,,,,,,,,,,,,,,,,,,,,,,,,,,,,,,,,,,,,,,,,,,,,,,,,,,,,,,,,,,,,,,,,,,,,,,,,,,,,,,,,,,,,,,,,,,,,,,,,,,,,,,,,,,,,,,,,,,,,,,,,,,,
CHI,2022,0.0,SEA,71,74,18.0,5.0,0.0,0.0,0.0,1.0,0.0,0.0,0.0,0.0,0.0,0.0,0.0,0.0,0.0,0.0,0.0,0.0,0.0,0.0,0.0,0.0,0.0,0.0,0.0,0.0,0.0,0.0,0.0,,,,,,,,,,,,,,,,,,,,,,,,,,,,,,,,,,,,,,,,,,,,,,,,,,,,,,,,,,,,,,,,,,,,,,,,,,,,,,,,,,,,,,,,,,,,,,,,,,,,,,,,,,,,,,,,,,,,,,,,,,,,,,,,,,,,,,,,,,,
CHI,2022,0.0,WAS,82,73,22.0,5.0,0.0,0.0,0.0,1.0,0.0,0.0,0.0,0.0,0.0,0.0,0.0,0.0,0.0,0.0,0.0,0.0,0.0,0.0,0.0,0.0,0.0,0.0,0.0,0.0,0.0,0.0,0.0,,,,,,,,,,,,,,,,,,,,,,,,,,,,,,,,,,,,,,,,,,,,,,,,,,,,,,,,,,,,,,,,,,,,,,,,,,,,,,,,,,,,,,,,,,,,,,,,,,,,,,,,,,,,,,,,,,,,,,,,,,,,,,,,,,,,,,,,,,,
CHI,2022,1.0,IND,95,90,24.0,5.0,0.0,0.0,0.0,1.0,0.0,0.0,0.0,0.0,0.0,0.0,0.0,0.0,0.0,0.0,0.0,0.0,0.0,0.0,0.0,0.0,0.0,0.0,0.0,0.0,0.0,0.0,0.0,,,,,,,,,,,,,,,,,,,,,,,,,,,,,,,,,,,,,,,,,,,,,,,,,,,,,,,,,,,,,,,,,,,,,,,,,,,,,,,,,,,,,,,,,,,,,,,,,,,,,,,,,,,,,,,,,,,,,,,,,,,,,,,,,,,,,,,,,,,
CHI,2022,1.0,LVA,76,83,28.0,5.0,0.0,0.0,0.0,1.0,0.0,1.0,0.0,0.0,0.0,0.0,0.0,0.0,0.0,0.0,0.0,0.0,0.0,0.0,0.0,0.0,0.0,0.0,0.0,0.0,0.0,0.0,0.0,,,,,,,,,,,,,,,,,,,,,,,,,,,,,,,,,,,,,,,,,,,,,,,,,,,,,,,,,,,,,,,,,,,,,,,,,,,,,,,,,,,,,,,,,,,,,,,,,,,,,,,,,,,,,,,,,,,,,,,,,,,,,,,,,,,,,,,,,,,
CHI,2022,1.0,PHO,73,70,31.0,5.0,0.0,0.0,0.0,1.0,0.0,1.0,0.0,0.0,0.0,0.0,0.0,0.0,0.0,0.0,0.0,0.0,0.0,0.0,0.0,0.0,0.0,0.0,0.0,0.0,0.0,0.0,0.0,,,,,,,,,,,,,,,,,,,,,,,,,,,,,,,,,,,,,,,,,,,,,,,,,,,,,,,,,,,,,,,,,,,,,,,,,,,,,,,,,,,,,,,,,,,,,,,,,,,,,,,,,,,,,,,,,,,,,,,,,,,,,,,,,,,,,,,,,,,
CHI,2022,0.0,ATL,73,65,3.0,6.0,0.0,0.0,0.0,1.0,0.0,0.0,0.0,0.0,0.0,0.0,0.0,0.0,0.0,0.0,0.0,0.0,0.0,0.0,0.0,0.0,0.0,0.0,0.0,0.0,0.0,0.0,0.0,,,,,,,,,,,,,,,,,,,,,,,,,,,,,,,,,,,,,,,,,,,,,,,,,,,,,,,,,,,,,,,,,,,,,,,,,,,,,,,,,,,,,,,,,,,,,,,,,,,,,,,,,,,,,,,,,,,,,,,,,,,,,,,,,,,,,,,,,,,
CHI,2022,1.0,WAS,91,82,5.0,6.0,0.0,0.0,0.0,1.0,0.0,1.0,0.0,0.0,0.0,0.0,0.0,0.0,0.0,0.0,0.0,0.0,0.0,0.0,0.0,0.0,0.0,0.0,0.0,0.0,0.0,0.0,0.0,,,,,,,,,,,,,,,,,,,,,,,,,,,,,,,,,,,,,,,,,,,,,,,,,,,,,,,,,,,,,,,,,,,,,,,,,,,,,,,,,,,,,,,,,,,,,,,,,,,,,,,,,,,,,,,,,,,,,,,,,,,,,,,,,,,,,,,,,,,
CHI,2022,0.0,WAS,82,84,8.0,6.0,0.0,0.0,0.0,1.0,0.0,0.0,0.0,0.0,0.0,0.0,0.0,0.0,0.0,0.0,0.0,0.0,0.0,0.0,0.0,0.0,0.0,0.0,0.0,0.0,0.0,0.0,0.0,,,,,,,,,,,,,,,,,,,,,,,,,,,,,,,,,,,,,,,,,,,,,,,,,,,,,,,,,,,,,,,,,,,,,,,,,,,,,,,,,,,,,,,,,,,,,,,,,,,,,,,,,,,,,,,,,,,,,,,,,,,,,,,,,,,,,,,,,,,
CHI,2022,0.0,CON,83,79,10.0,6.0,0.0,0.0,0.0,1.0,0.0,1.0,0.0,0.0,0.0,0.0,0.0,0.0,0.0,0.0,0.0,0.0,0.0,0.0,0.0,0.0,0.0,0.0,0.0,0.0,0.0,0.0,0.0,,,,,,,,,,,,,,,,,,,,,,,,,,,,,,,,,,,,,,,,,,,,,,,,,,,,,,,,,,,,,,,,,,,,,,,,,,,,,,,,,,,,,,,,,,,,,,,,,,,,,,,,,,,,,,,,,,,,,,,,,,,,,,,,,,,,,,,,,,,
CHI,2022,0.0,NYL,88,86,12.0,6.0,0.0,0.0,0.0,1.0,0.0,1.0,0.0,0.0,0.0,0.0,0.0,0.0,0.0,0.0,0.0,0.0,0.0,0.0,0.0,0.0,0.0,0.0,0.0,0.0,0.0,0.0,0.0,,,,,,,,,,,,,,,,,,,,,,,,,,,,,,,,,,,,,,,,,,,,,,,,,,,,,,,,,,,,,,,,,,,,,,,,,,,,,,,,,,,,,,,,,,,,,,,,,,,,,,,,,,,,,,,,,,,,,,,,,,,,,,,,,,,,,,,,,,,
CHI,2022,1.0,ATL,106,100,17.0,6.0,0.0,0.0,0.0,1.0,0.0,1.0,0.0,0.0,0.0,0.0,0.0,0.0,0.0,0.0,0.0,0.0,0.0,0.0,0.0,0.0,0.0,0.0,0.0,0.0,0.0,0.0,0.0,,,,,,,,,,,,,,,,,,,,,,,,,,,,,,,,,,,,,,,,,,,,,,,,,,,,,,,,,,,,,,,,,,,,,,,,,,,,,,,,,,,,,,,,,,,,,,,,,,,,,,,,,,,,,,,,,,,,,,,,,,,,,,,,,,,,,,,,,,,
CHI,2022,0.0,IND,87,89,19.0,6.0,0.0,0.0,0.0,1.0,0.0,1.0,0.0,0.0,0.0,0.0,0.0,0.0,0.0,0.0,0.0,0.0,0.0,0.0,0.0,0.0,0.0,0.0,0.0,0.0,0.0,0.0,0.0,,,,,,,,,,,,,,,,,,,,,,,,,,,,,,,,,,,,,,,,,,,,,,,,,,,,,,,,,,,,,,,,,,,,,,,,,,,,,,,,,,,,,,,,,,,,,,,,,,,,,,,,,,,,,,,,,,,,,,,,,,,,,,,,,,,,,,,,,,,
CHI,2022,0.0,LVA,104,95,21.0,6.0,0.0,0.0,0.0,0.0,0.0,0.0,0.0,0.0,0.0,0.0,0.0,0.0,0.0,0.0,0.0,0.0,0.0,0.0,0.0,0.0,0.0,0.0,0.0,0.0,0.0,0.0,0.0,,,,,,,,,,,,,,,,,,,,,,,,,,,,,,,,,,,,,,,,,,,,,,,,,,,,,,,,,,,,,,,,,,,,,,,,,,,,,,,,,,,,,,,,,,,,,,,,,,,,,,,,,,,,,,,,,,,,,,,,,,,,,,,,,,,,,,,,,,,
CHI,2022,0.0,LAS,82,59,23.0,6.0,0.0,0.0,0.0,1.0,0.0,1.0,0.0,0.0,0.0,0.0,0.0,0.0,0.0,0.0,0.0,0.0,0.0,0.0,0.0,0.0,0.0,0.0,0.0,0.0,0.0,0.0,0.0,,,,,,,,,,,,,,,,,,,,,,,,,,,,,,,,,,,,,,,,,,,,,,,,,,,,,,,,,,,,,,,,,,,,,,,,,,,,,,,,,,,,,,,,,,,,,,,,,,,,,,,,,,,,,,,,,,,,,,,,,,,,,,,,,,,,,,,,,,,
CHI,2022,1.0,MIN,88,85,26.0,6.0,0.0,0.0,0.0,1.0,0.0,0.0,0.0,0.0,0.0,0.0,0.0,0.0,0.0,0.0,0.0,0.0,0.0,0.0,0.0,0.0,0.0,0.0,0.0,0.0,0.0,0.0,0.0,,,,,,,,,,,,,,,,,,,,,,,,,,,,,,,,,,,,,,,,,,,,,,,,,,,,,,,,,,,,,,,,,,,,,,,,,,,,,,,,,,,,,,,,,,,,,,,,,,,,,,,,,,,,,,,,,,,,,,,,,,,,,,,,,,,,,,,,,,,
CHI,2022,1.0,CON,91,83,29.0,6.0,0.0,0.0,0.0,1.0,0.0,1.0,0.0,0.0,0.0,0.0,0.0,0.0,0.0,0.0,0.0,0.0,0.0,0.0,0.0,0.0,0.0,0.0,0.0,0.0,0.0,0.0,0.0,,,,,,,,,,,,,,,,,,,,,,,,,,,,,,,,,,,,,,,,,,,,,,,,,,,,,,,,,,,,,,,,,,,,,,,,,,,,,,,,,,,,,,,,,,,,,,,,,,,,,,,,,,,,,,,,,,,,,,,,,,,,,,,,,,,,,,,,,,,
CHI,2022,1.0,PHO,91,75,2.0,7.0,0.0,0.0,0.0,1.0,0.0,1.0,0.0,0.0,0.0,0.0,0.0,0.0,0.0,0.0,0.0,0.0,0.0,0.0,0.0,0.0,0.0,0.0,0.0,0.0,0.0,0.0,0.0,,,,,,,,,,,,,,,,,,,,,,,,,,,,,,,,,,,,,,,,,,,,,,,,,,,,,,,,,,,,,,,,,,,,,,,,,,,,,,,,,,,,,,,,,,,,,,,,,,,,,,,,,,,,,,,,,,,,,,,,,,,,,,,,,,,,,,,,,,,
CHI,2022,0.0,MIN,78,81,6.0,7.0,0.0,0.0,0.0,1.0,0.0,0.0,0.0,0.0,0.0,0.0,0.0,0.0,0.0,0.0,0.0,0.0,0.0,0.0,0.0,0.0,0.0,0.0,0.0,0.0,0.0,0.0,0.0,,,,,,,,,,,,,,,,,,,,,,,,,,,,,,,,,,,,,,,,,,,,,,,,,,,,,,,,,,,,,,,,,,,,,,,,,,,,,,,,,,,,,,,,,,,,,,,,,,,,,,,,,,,,,,,,,,,,,,,,,,,,,,,,,,,,,,,,,,,
CHI,2022,0.0,IND,93,84,7.0,7.0,0.0,0.0,0.0,1.0,0.0,1.0,0.0,0.0,0.0,0.0,0.0,0.0,0.0,0.0,0.0,0.0,0.0,0.0,0.0,0.0,0.0,0.0,0.0,0.0,0.0,0.0,0.0,,,,,,,,,,,,,,,,,,,,,,,,,,,,,,,,,,,,,,,,,,,,,,,,,,,,,,,,,,,,,,,,,,,,,,,,,,,,,,,,,,,,,,,,,,,,,,,,,,,,,,,,,,,,,,,,,,,,,,,,,,,,,,,,,,,,,,,,,,,
CHI,2022,1.0,ATL,90,75,12.0,7.0,0.0,0.0,0.0,1.0,0.0,1.0,0.0,0.0,0.0,0.0,0.0,0.0,0.0,0.0,0.0,0.0,0.0,0.0,0.0,0.0,0.0,0.0,0.0,0.0,0.0,0.0,0.0,,,,,,,,,,,,,,,,,,,,,,,,,,,,,,,,,,,,,,,,,,,,,,,,,,,,,,,,,,,,,,,,,,,,,,,,,,,,,,,,,,,,,,,,,,,,,,,,,,,,,,,,,,,,,,,,,,,,,,,,,,,,,,,,,,,,,,,,,,,
CHI,2022,0.0,LAS,80,68,14.0,7.0,0.0,0.0,0.0,1.0,0.0,1.0,0.0,0.0,0.0,0.0,0.0,0.0,0.0,0.0,0.0,0.0,0.0,0.0,0.0,0.0,0.0,0.0,0.0,0.0,0.0,0.0,0.0,,,,,,,,,,,,,,,,,,,,,,,,,,,,,,,,,,,,,,,,,,,,,,,,,,,,,,,,,,,,,,,,,,,,,,,,,,,,,,,,,,,,,,,,,,,,,,,,,,,,,,,,,,,,,,,,,,,,,,,,,,,,,,,,,,,,,,,,,,,
CHI,2022,0.0,DAL,89,81,16.0,7.0,0.0,0.0,0.0,1.0,0.0,0.0,0.0,0.0,0.0,0.0,0.0,0.0,0.0,0.0,0.0,0.0,0.0,0.0,0.0,0.0,0.0,0.0,0.0,0.0,0.0,0.0,0.0,,,,,,,,,,,,,,,,,,,,,,,,,,,,,,,,,,,,,,,,,,,,,,,,,,,,,,,,,,,,,,,,,,,,,,,,,,,,,,,,,,,,,,,,,,,,,,,,,,,,,,,,,,,,,,,,,,,,,,,,,,,,,,,,,,,,,,,,,,,
CHI,2022,1.0,SEA,78,74,20.0,7.0,0.0,0.0,0.0,1.0,0.0,0.0,0.0,0.0,0.0,0.0,0.0,0.0,0.0,0.0,0.0,0.0,0.0,0.0,0.0,0.0,0.0,0.0,0.0,0.0,0.0,0.0,0.0,,,,,,,,,,,,,,,,,,,,,,,,,,,,,,,,,,,,,,,,,,,,,,,,,,,,,,,,,,,,,,,,,,,,,,,,,,,,,,,,,,,,,,,,,,,,,,,,,,,,,,,,,,,,,,,,,,,,,,,,,,,,,,,,,,,,,,,,,,,
CHI,2022,1.0,DAL,89,83,22.0,7.0,0.0,0.0,0.0,1.0,0.0,1.0,0.0,0.0,0.0,0.0,0.0,0.0,0.0,0.0,0.0,0.0,0.0,0.0,0.0,0.0,0.0,0.0,0.0,0.0,0.0,0.0,0.0,,,,,,,,,,,,,,,,,,,,,,,,,,,,,,,,,,,,,,,,,,,,,,,,,,,,,,,,,,,,,,,,,,,,,,,,,,,,,,,,,,,,,,,,,,,,,,,,,,,,,,,,,,,,,,,,,,,,,,,,,,,,,,,,,,,,,,,,,,,
CHI,2022,0.0,NYL,80,83,23.0,7.0,0.0,0.0,0.0,1.0,0.0,1.0,0.0,0.0,0.0,0.0,0.0,0.0,0.0,0.0,0.0,0.0,0.0,0.0,0.0,0.0,0.0,0.0,0.0,0.0,0.0,0.0,0.0,,,,,,,,,,,,,,,,,,,,,,,,,,,,,,,,,,,,,,,,,,,,,,,,,,,,,,,,,,,,,,,,,,,,,,,,,,,,,,,,,,,,,,,,,,,,,,,,,,,,,,,,,,,,,,,,,,,,,,,,,,,,,,,,,,,,,,,,,,,
CHI,2022,1.0,NYL,89,81,29.0,7.0,0.0,0.0,0.0,1.0,0.0,1.0,0.0,0.0,0.0,0.0,0.0,0.0,0.0,0.0,0.0,0.0,0.0,0.0,0.0,0.0,0.0,0.0,0.0,0.0,0.0,0.0,0.0,,,,,,,,,,,,,,,,,,,,,,,,,,,,,,,,,,,,,,,,,,,,,,,,,,,,,,,,,,,,,,,,,,,,,,,,,,,,,,,,,,,,,,,,,,,,,,,,,,,,,,,,,,,,,,,,,,,,,,,,,,,,,,,,,,,,,,,,,,,
CHI,2022,0.0,CON,95,92,31.0,7.0,0.0,0.0,0.0,1.0,0.0,0.0,0.0,0.0,0.0,0.0,0.0,0.0,0.0,0.0,0.0,0.0,0.0,0.0,0.0,0.0,0.0,0.0,0.0,0.0,0.0,0.0,0.0,,,,,,,,,,,,,,,,,,,,,,,,,,,,,,,,,,,,,,,,,,,,,,,,,,,,,,,,,,,,,,,,,,,,,,,,,,,,,,,,,,,,,,,,,,,,,,,,,,,,,,,,,,,,,,,,,,,,,,,,,,,,,,,,,,,,,,,,,,,
CHI,2022,1.0,DAL,78,84,2.0,8.0,0.0,0.0,0.0,1.0,0.0,0.0,0.0,0.0,0.0,0.0,0.0,0.0,0.0,0.0,0.0,0.0,0.0,0.0,0.0,0.0,0.0,0.0,0.0,0.0,0.0,0.0,0.0,,,,,,,,,,,,,,,,,,,,,,,,,,,,,,,,,,,,,,,,,,,,,,,,,,,,,,,,,,,,,,,,,,,,,,,,,,,,,,,,,,,,,,,,,,,,,,,,,,,,,,,,,,,,,,,,,,,,,,,,,,,,,,,,,,,,,,,,,,,
CHI,2022,1.0,WAS,93,83,5.0,8.0,0.0,0.0,0.0,1.0,0.0,0.0,0.0,0.0,0.0,0.0,0.0,0.0,0.0,0.0,0.0,0.0,0.0,0.0,0.0,0.0,0.0,0.0,0.0,0.0,0.0,0.0,0.0,,,,,,,,,,,,,,,,,,,,,,,,,,,,,,,,,,,,,,,,,,,,,,,,,,,,,,,,,,,,,,,,,,,,,,,,,,,,,,,,,,,,,,,,,,,,,,,,,,,,,,,,,,,,,,,,,,,,,,,,,,,,,,,,,,,,,,,,,,,
CHI,2022,1.0,CON,94,91,7.0,8.0,0.0,0.0,0.0,0.0,0.0,0.0,0.0,0.0,0.0,0.0,0.0,0.0,0.0,0.0,0.0,0.0,0.0,0.0,0.0,0.0,0.0,0.0,0.0,0.0,0.0,0.0,0.0,,,,,,,,,,,,,,,,,,,,,,,,,,,,,,,,,,,,,,,,,,,,,,,,,,,,,,,,,,,,,,,,,,,,,,,,,,,,,,,,,,,,,,,,,,,,,,,,,,,,,,,,,,,,,,,,,,,,,,,,,,,,,,,,,,,,,,,,,,,
CHI,2022,1.0,SEA,100,111,9.0,8.0,0.0,0.0,0.0,0.0,0.0,0.0,0.0,0.0,0.0,0.0,0.0,0.0,0.0,0.0,0.0,0.0,0.0,0.0,0.0,0.0,0.0,0.0,0.0,0.0,0.0,0.0,0.0,,,,,,,,,,,,,,,,,,,,,,,,,,,,,,,,,,,,,,,,,,,,,,,,,,,,,,,,,,,,,,,,,,,,,,,,,,,,,,,,,,,,,,,,,,,,,,,,,,,,,,,,,,,,,,,,,,,,,,,,,,,,,,,,,,,,,,,,,,,
CHI,2022,0.0,LVA,78,89,11.0,8.0,0.0,0.0,0.0,1.0,0.0,0.0,0.0,0.0,0.0,0.0,0.0,0.0,0.0,0.0,0.0,0.0,0.0,0.0,0.0,0.0,0.0,0.0,0.0,0.0,0.0,0.0,0.0,,,,,,,,,,,,,,,,,,,,,,,,,,,,,,,,,,,,,,,,,,,,,,,,,,,,,,,,,,,,,,,,,,,,,,,,,,,,,,,,,,,,,,,,,,,,,,,,,,,,,,,,,,,,,,,,,,,,,,,,,,,,,,,,,,,,,,,,,,,
CHI,2022,0.0,PHO,82,67,14.0,8.0,0.0,0.0,0.0,1.0,0.0,0.0,0.0,0.0,0.0,0.0,0.0,0.0,0.0,0.0,0.0,0.0,0.0,0.0,0.0,0.0,0.0,0.0,0.0,0.0,0.0,0.0,0.0,,,,,,,,,,,,,,,,,,,,,,,,,,,,,,,,,,,,,,,,,,,,,,,,,,,,,,,,,,,,,,,,,,,,,,,,,,,,,,,,,,,,,,,,,,,,,,,,,,,,,,,,,,,,,,,,,,,,,,,,,,,,,,,,,,,,,,,,,,,
CON,2022,0.0,NYL,79,81,7.0,5.0,0.0,0.0,0.0,0.0,0.0,0.0,0.0,0.0,0.0,0.0,0.0,0.0,0.0,0.0,0.0,0.0,0.0,0.0,0.0,0.0,0.0,0.0,0.0,0.0,0.0,0.0,0.0,,,,,,,,,,,,,,,,,,,,,,,,,,,,,,,,,,,,,,,,,,,,,,,,,,,,,,,,,,,,,,,,,,,,,,,,,,,,,,,,,,,,,,,,,,,,,,,,,,,,,,,,,,,,,,,,,,,,,,,,,,,,,,,,,,,,,,,,,,,
CON,2022,1.0,LAS,77,60,14.0,5.0,0.0,0.0,0.0,0.0,0.0,0.0,0.0,0.0,0.0,0.0,0.0,0.0,0.0,0.0,0.0,0.0,0.0,0.0,0.0,0.0,0.0,0.0,0.0,0.0,0.0,0.0,0.0,,,,,,,,,,,,,,,,,,,,,,,,,,,,,,,,,,,,,,,,,,,,,,,,,,,,,,,,,,,,,,,,,,,,,,,,,,,,,,,,,,,,,,,,,,,,,,,,,,,,,,,,,,,,,,,,,,,,,,,,,,,,,,,,,,,,,,,,,,,
CON,2022,0.0,NYL,92,65,17.0,5.0,0.0,0.0,0.0,0.0,0.0,0.0,0.0,0.0,0.0,0.0,0.0,0.0,0.0,0.0,0.0,0.0,0.0,0.0,0.0,0.0,0.0,0.0,0.0,0.0,0.0,0.0,0.0,,,,,,,,,,,,,,,,,,,,,,,,,,,,,,,,,,,,,,,,,,,,,,,,,,,,,,,,,,,,,,,,,,,,,,,,,,,,,,,,,,,,,,,,,,,,,,,,,,,,,,,,,,,,,,,,,,,,,,,,,,,,,,,,,,,,,,,,,,,
CON,2022,1.0,IND,94,85,20.0,5.0,0.0,0.0,0.0,0.0,0.0,0.0,0.0,0.0,0.0,0.0,0.0,0.0,0.0,0.0,0.0,0.0,0.0,0.0,0.0,0.0,0.0,0.0,0.0,0.0,0.0,0.0,0.0,,,,,,,,,,,,,,,,,,,,,,,,,,,,,,,,,,,,,,,,,,,,,,,,,,,,,,,,,,,,,,,,,,,,,,,,,,,,,,,,,,,,,,,,,,,,,,,,,,,,,,,,,,,,,,,,,,,,,,,,,,,,,,,,,,,,,,,,,,,
CON,2022,0.0,IND,92,70,22.0,5.0,0.0,0.0,0.0,0.0,0.0,0.0,0.0,0.0,0.0,0.0,0.0,0.0,0.0,0.0,0.0,0.0,0.0,0.0,0.0,0.0,0.0,0.0,0.0,0.0,0.0,0.0,0.0,,,,,,,,,,,,,,,,,,,,,,,,,,,,,,,,,,,,,,,,,,,,,,,,,,,,,,,,,,,,,,,,,,,,,,,,,,,,,,,,,,,,,,,,,,,,,,,,,,,,,,,,,,,,,,,,,,,,,,,,,,,,,,,,,,,,,,,,,,,
CON,2022,1.0,DAL,77,85,24.0,5.0,0.0,0.0,0.0,0.0,0.0,0.0,0.0,0.0,0.0,0.0,0.0,0.0,0.0,0.0,0.0,0.0,0.0,0.0,0.0,0.0,0.0,0.0,0.0,0.0,0.0,0.0,0.0,,,,,,,,,,,,,,,,,,,,,,,,,,,,,,,,,,,,,,,,,,,,,,,,,,,,,,,,,,,,,,,,,,,,,,,,,,,,,,,,,,,,,,,,,,,,,,,,,,,,,,,,,,,,,,,,,,,,,,,,,,,,,,,,,,,,,,,,,,,
CON,2022,1.0,DAL,99,68,26.0,5.0,0.0,0.0,0.0,0.0,0.0,0.0,0.0,0.0,0.0,0.0,0.0,0.0,0.0,0.0,0.0,0.0,0.0,0.0,0.0,0.0,0.0,0.0,0.0,0.0,0.0,0.0,0.0,,,,,,,,,,,,,,,,,,,,,,,,,,,,,,,,,,,,,,,,,,,,,,,,,,,,,,,,,,,,,,,,,,,,,,,,,,,,,,,,,,,,,,,,,,,,,,,,,,,,,,,,,,,,,,,,,,,,,,,,,,,,,,,,,,,,,,,,,,,
CON,2022,1.0,WAS,79,71,28.0,5.0,0.0,0.0,0.0,0.0,0.0,0.0,0.0,0.0,0.0,0.0,0.0,0.0,0.0,0.0,0.0,0.0,0.0,0.0,0.0,0.0,0.0,0.0,0.0,0.0,0.0,0.0,0.0,,,,,,,,,,,,,,,,,,,,,,,,,,,,,,,,,,,,,,,,,,,,,,,,,,,,,,,,,,,,,,,,,,,,,,,,,,,,,,,,,,,,,,,,,,,,,,,,,,,,,,,,,,,,,,,,,,,,,,,,,,,,,,,,,,,,,,,,,,,
CON,2022,0.0,LVA,81,89,31.0,5.0,0.0,0.0,0.0,0.0,0.0,0.0,0.0,0.0,0.0,0.0,0.0,0.0,0.0,0.0,0.0,0.0,0.0,0.0,0.0,0.0,0.0,0.0,0.0,0.0,0.0,0.0,0.0,,,,,,,,,,,,,,,,,,,,,,,,,,,,,,,,,,,,,,,,,,,,,,,,,,,,,,,,,,,,,,,,,,,,,,,,,,,,,,,,,,,,,,,,,,,,,,,,,,,,,,,,,,,,,,,,,,,,,,,,,,,,,,,,,,,,,,,,,,,
CON,2022,0.0,LVA,97,90,2.0,6.0,0.0,0.0,0.0,0.0,0.0,0.0,0.0,0.0,0.0,0.0,0.0,0.0,0.0,0.0,0.0,0.0,0.0,0.0,0.0,0.0,0.0,0.0,0.0,0.0,0.0,0.0,0.0,,,,,,,,,,,,,,,,,,,,,,,,,,,,,,,,,,,,,,,,,,,,,,,,,,,,,,,,,,,,,,,,,,,,,,,,,,,,,,,,,,,,,,,,,,,,,,,,,,,,,,,,,,,,,,,,,,,,,,,,,,,,,,,,,,,,,,,,,,,
CON,2022,0.0,PHO,92,88,3.0,6.0,0.0,0.0,0.0,0.0,0.0,0.0,0.0,0.0,0.0,0.0,0.0,0.0,0.0,0.0,0.0,0.0,0.0,0.0,0.0,0.0,0.0,0.0,0.0,0.0,0.0,0.0,0.0,,,,,,,,,,,,,,,,,,,,,,,,,,,,,,,,,,,,,,,,,,,,,,,,,,,,,,,,,,,,,,,,,,,,,,,,,,,,,,,,,,,,,,,,,,,,,,,,,,,,,,,,,,,,,,,,,,,,,,,,,,,,,,,,,,,,,,,,,,,
CON,2022,0.0,SEA,93,86,5.0,6.0,0.0,0.0,0.0,0.0,0.0,0.0,0.0,0.0,0.0,0.0,0.0,0.0,0.0,0.0,0.0,0.0,0.0,0.0,0.0,0.0,0.0,0.0,0.0,0.0,0.0,0.0,0.0,,,,,,,,,,,,,,,,,,,,,,,,,,,,,,,,,,,,,,,,,,,,,,,,,,,,,,,,,,,,,,,,,,,,,,,,,,,,,,,,,,,,,,,,,,,,,,,,,,,,,,,,,,,,,,,,,,,,,,,,,,,,,,,,,,,,,,,,,,,
CON,2022,1.0,IND,88,69,8.0,6.0,0.0,0.0,0.0,0.0,0.0,0.0,0.0,0.0,0.0,0.0,0.0,0.0,0.0,0.0,0.0,0.0,0.0,0.0,0.0,0.0,0.0,0.0,0.0,0.0,0.0,0.0,0.0,,,,,,,,,,,,,,,,,,,,,,,,,,,,,,,,,,,,,,,,,,,,,,,,,,,,,,,,,,,,,,,,,,,,,,,,,,,,,,,,,,,,,,,,,,,,,,,,,,,,,,,,,,,,,,,,,,,,,,,,,,,,,,,,,,,,,,,,,,,
CON,2022,1.0,CHI,79,83,10.0,6.0,0.0,0.0,0.0,0.0,0.0,0.0,0.0,0.0,0.0,0.0,0.0,0.0,0.0,0.0,0.0,0.0,0.0,0.0,0.0,0.0,0.0,0.0,0.0,0.0,0.0,0.0,0.0,,,,,,,,,,,,,,,,,,,,,,,,,,,,,,,,,,,,,,,,,,,,,,,,,,,,,,,,,,,,,,,,,,,,,,,,,,,,,,,,,,,,,,,,,,,,,,,,,,,,,,,,,,,,,,,,,,,,,,,,,,,,,,,,,,,,,,,,,,,
CON,2022,1.0,ATL,105,92,15.0,6.0,0.0,0.0,0.0,0.0,0.0,0.0,0.0,0.0,0.0,0.0,0.0,0.0,0.0,0.0,0.0,0.0,0.0,0.0,0.0,0.0,0.0,0.0,0.0,0.0,0.0,0.0,0.0,,,,,,,,,,,,,,,,,,,,,,,,,,,,,,,,,,,,,,,,,,,,,,,,,,,,,,,,,,,,,,,,,,,,,,,,,,,,,,,,,,,,,,,,,,,,,,,,,,,,,,,,,,,,,,,,,,,,,,,,,,,,,,,,,,,,,,,,,,,
CON,2022,1.0,SEA,82,71,17.0,6.0,0.0,0.0,0.0,0.0,0.0,0.0,0.0,0.0,0.0,0.0,0.0,0.0,0.0,0.0,0.0,0.0,0.0,0.0,0.0,0.0,0.0,0.0,0.0,0.0,0.0,0.0,0.0,,,,,,,,,,,,,,,,,,,,,,,,,,,,,,,,,,,,,,,,,,,,,,,,,,,,,,,,,,,,,,,,,,,,,,,,,,,,,,,,,,,,,,,,,,,,,,,,,,,,,,,,,,,,,,,,,,,,,,,,,,,,,,,,,,,,,,,,,,,
CON,2022,0.0,WAS,63,71,19.0,6.0,0.0,0.0,0.0,0.0,0.0,0.0,0.0,0.0,0.0,0.0,0.0,0.0,0.0,0.0,0.0,0.0,0.0,0.0,0.0,0.0,0.0,0.0,0.0,0.0,0.0,0.0,0.0,,,,,,,,,,,,,,,,,,,,,,,,,,,,,,,,,,,,,,,,,,,,,,,,,,,,,,,,,,,,,,,,,,,,,,,,,,,,,,,,,,,,,,,,,,,,,,,,,,,,,,,,,,,,,,,,,,,,,,,,,,,,,,,,,,,,,,,,,,,
CON,2022,1.0,NYL,77,81,22.0,6.0,0.0,0.0,0.0,0.0,0.0,0.0,0.0,0.0,0.0,0.0,0.0,0.0,0.0,0.0,0.0,0.0,0.0,0.0,0.0,0.0,0.0,0.0,0.0,0.0,0.0,0.0,0.0,,,,,,,,,,,,,,,,,,,,,,,,,,,,,,,,,,,,,,,,,,,,,,,,,,,,,,,,,,,,,,,,,,,,,,,,,,,,,,,,,,,,,,,,,,,,,,,,,,,,,,,,,,,,,,,,,,,,,,,,,,,,,,,,,,,,,,,,,,,
CON,2022,0.0,ATL,72,61,26.0,6.0,0.0,0.0,0.0,0.0,0.0,0.0,0.0,0.0,0.0,0.0,0.0,0.0,0.0,0.0,0.0,0.0,0.0,0.0,0.0,0.0,0.0,0.0,0.0,0.0,0.0,0.0,0.0,,,,,,,,,,,,,,,,,,,,,,,,,,,,,,,,,,,,,,,,,,,,,,,,,,,,,,,,,,,,,,,,,,,,,,,,,,,,,,,,,,,,,,,,,,,,,,,,,,,,,,,,,,,,,,,,,,,,,,,,,,,,,,,,,,,,,,,,,,,
CON,2022,0.0,CHI,83,91,29.0,6.0,0.0,0.0,0.0,0.0,0.0,0.0,0.0,0.0,0.0,0.0,0.0,0.0,0.0,0.0,0.0,0.0,0.0,0.0,0.0,0.0,0.0,0.0,0.0,0.0,0.0,0.0,0.0,,,,,,,,,,,,,,,,,,,,,,,,,,,,,,,,,,,,,,,,,,,,,,,,,,,,,,,,,,,,,,,,,,,,,,,,,,,,,,,,,,,,,,,,,,,,,,,,,,,,,,,,,,,,,,,,,,,,,,,,,,,,,,,,,,,,,,,,,,,
CON,2022,1.0,WAS,74,72,3.0,7.0,0.0,0.0,0.0,0.0,0.0,0.0,0.0,0.0,0.0,0.0,0.0,0.0,0.0,0.0,0.0,0.0,0.0,0.0,0.0,0.0,0.0,0.0,0.0,0.0,0.0,0.0,0.0,,,,,,,,,,,,,,,,,,,,,,,,,,,,,,,,,,,,,,,,,,,,,,,,,,,,,,,,,,,,,,,,,,,,,,,,,,,,,,,,,,,,,,,,,,,,,,,,,,,,,,,,,,,,,,,,,,,,,,,,,,,,,,,,,,,,,,,,,,,
CON,2022,0.0,DAL,71,82,5.0,7.0,0.0,0.0,0.0,0.0,0.0,0.0,0.0,0.0,0.0,0.0,0.0,0.0,0.0,0.0,0.0,0.0,0.0,0.0,0.0,0.0,0.0,0.0,0.0,0.0,0.0,0.0,0.0,,,,,,,,,,,,,,,,,,,,,,,,,,,,,,,,,,,,,,,,,,,,,,,,,,,,,,,,,,,,,,,,,,,,,,,,,,,,,,,,,,,,,,,,,,,,,,,,,,,,,,,,,,,,,,,,,,,,,,,,,,,,,,,,,,,,,,,,,,,
CON,2022,0.0,IND,89,81,13.0,7.0,0.0,0.0,0.0,0.0,0.0,0.0,0.0,0.0,0.0,0.0,0.0,0.0,0.0,0.0,0.0,0.0,0.0,0.0,0.0,0.0,0.0,0.0,0.0,0.0,0.0,0.0,0.0,,,,,,,,,,,,,,,,,,,,,,,,,,,,,,,,,,,,,,,,,,,,,,,,,,,,,,,,,,,,,,,,,,,,,,,,,,,,,,,,,,,,,,,,,,,,,,,,,,,,,,,,,,,,,,,,,,,,,,,,,,,,,,,,,,,,,,,,,,,
CON,2022,0.0,ATL,93,68,15.0,7.0,0.0,0.0,0.0,0.0,0.0,0.0,0.0,0.0,0.0,0.0,0.0,0.0,0.0,0.0,0.0,0.0,0.0,0.0,0.0,0.0,0.0,0.0,0.0,0.0,0.0,0.0,0.0,,,,,,,,,,,,,,,,,,,,,,,,,,,,,,,,,,,,,,,,,,,,,,,,,,,,,,,,,,,,,,,,,,,,,,,,,,,,,,,,,,,,,,,,,,,,,,,,,,,,,,,,,,,,,,,,,,,,,,,,,,,,,,,,,,,,,,,,,,,
CON,2022,1.0,LVA,83,91,17.0,7.0,0.0,0.0,0.0,0.0,0.0,0.0,0.0,0.0,0.0,0.0,0.0,0.0,0.0,0.0,0.0,0.0,0.0,0.0,0.0,0.0,0.0,0.0,0.0,0.0,0.0,0.0,0.0,,,,,,,,,,,,,,,,,,,,,,,,,,,,,,,,,,,,,,,,,,,,,,,,,,,,,,,,,,,,,,,,,,,,,,,,,,,,,,,,,,,,,,,,,,,,,,,,,,,,,,,,,,,,,,,,,,,,,,,,,,,,,,,,,,,,,,,,,,,
CON,2022,1.0,NYL,82,63,19.0,7.0,0.0,0.0,0.0,0.0,0.0,0.0,0.0,0.0,0.0,0.0,0.0,0.0,0.0,0.0,0.0,0.0,0.0,0.0,0.0,0.0,0.0,0.0,0.0,0.0,0.0,0.0,0.0,,,,,,,,,,,,,,,,,,,,,,,,,,,,,,,,,,,,,,,,,,,,,,,,,,,,,,,,,,,,,,,,,,,,,,,,,,,,,,,,,,,,,,,,,,,,,,,,,,,,,,,,,,,,,,,,,,,,,,,,,,,,,,,,,,,,,,,,,,,
CON,2022,0.0,MIN,94,84,22.0,7.0,0.0,0.0,0.0,0.0,0.0,0.0,0.0,0.0,0.0,0.0,0.0,0.0,0.0,0.0,0.0,0.0,0.0,0.0,0.0,0.0,0.0,0.0,0.0,0.0,0.0,0.0,0.0,,,,,,,,,,,,,,,,,,,,,,,,,,,,,,,,,,,,,,,,,,,,,,,,,,,,,,,,,,,,,,,,,,,,,,,,,,,,,,,,,,,,,,,,,,,,,,,,,,,,,,,,,,,,,,,,,,,,,,,,,,,,,,,,,,,,,,,,,,,
CON,2022,0.0,MIN,86,79,24.0,7.0,0.0,0.0,0.0,0.0,0.0,0.0,0.0,0.0,0.0,0.0,0.0,0.0,0.0,0.0,0.0,0.0,0.0,0.0,0.0,0.0,0.0,0.0,0.0,0.0,0.0,0.0,0.0,,,,,,,,,,,,,,,,,,,,,,,,,,,,,,,,,,,,,,,,,,,,,,,,,,,,,,,,,,,,,,,,,,,,,,,,,,,,,,,,,,,,,,,,,,,,,,,,,,,,,,,,,,,,,,,,,,,,,,,,,,,,,,,,,,,,,,,,,,,
CON,2022,1.0,SEA,88,83,28.0,7.0,0.0,0.0,0.0,0.0,0.0,0.0,0.0,0.0,0.0,0.0,0.0,0.0,0.0,0.0,0.0,0.0,0.0,0.0,0.0,0.0,0.0,0.0,0.0,0.0,0.0,0.0,0.0,,,,,,,,,,,,,,,,,,,,,,,,,,,,,,,,,,,,,,,,,,,,,,,,,,,,,,,,,,,,,,,,,,,,,,,,,,,,,,,,,,,,,,,,,,,,,,,,,,,,,,,,,,,,,,,,,,,,,,,,,,,,,,,,,,,,,,,,,,,
CON,2022,1.0,CHI,92,95,31.0,7.0,0.0,0.0,0.0,0.0,0.0,0.0,0.0,0.0,0.0,0.0,0.0,0.0,0.0,0.0,0.0,0.0,0.0,0.0,0.0,0.0,0.0,0.0,0.0,0.0,0.0,0.0,0.0,,,,,,,,,,,,,,,,,,,,,,,,,,,,,,,,,,,,,,,,,,,,,,,,,,,,,,,,,,,,,,,,,,,,,,,,,,,,,,,,,,,,,,,,,,,,,,,,,,,,,,,,,,,,,,,,,,,,,,,,,,,,,,,,,,,,,,,,,,,
CON,2022,1.0,PHO,87,63,2.0,8.0,0.0,0.0,0.0,0.0,0.0,0.0,0.0,0.0,0.0,0.0,0.0,0.0,0.0,0.0,0.0,0.0,0.0,0.0,0.0,0.0,0.0,0.0,0.0,0.0,0.0,0.0,0.0,,,,,,,,,,,,,,,,,,,,,,,,,,,,,,,,,,,,,,,,,,,,,,,,,,,,,,,,,,,,,,,,,,,,,,,,,,,,,,,,,,,,,,,,,,,,,,,,,,,,,,,,,,,,,,,,,,,,,,,,,,,,,,,,,,,,,,,,,,,
CON,2022,1.0,PHO,77,64,4.0,8.0,0.0,0.0,0.0,0.0,0.0,0.0,0.0,0.0,0.0,0.0,0.0,0.0,0.0,0.0,0.0,0.0,0.0,0.0,0.0,0.0,0.0,0.0,0.0,0.0,0.0,0.0,0.0,,,,,,,,,,,,,,,,,,,,,,,,,,,,,,,,,,,,,,,,,,,,,,,,,,,,,,,,,,,,,,,,,,,,,,,,,,,,,,,,,,,,,,,,,,,,,,,,,,,,,,,,,,,,,,,,,,,,,,,,,,,,,,,,,,,,,,,,,,,
CON,2022,0.0,CHI,91,94,7.0,8.0,0.0,0.0,0.0,0.0,0.0,0.0,0.0,0.0,0.0,0.0,0.0,0.0,0.0,0.0,0.0,0.0,0.0,0.0,0.0,0.0,0.0,0.0,0.0,0.0,0.0,0.0,0.0,,,,,,,,,,,,,,,,,,,,,,,,,,,,,,,,,,,,,,,,,,,,,,,,,,,,,,,,,,,,,,,,,,,,,,,,,,,,,,,,,,,,,,,,,,,,,,,,,,,,,,,,,,,,,,,,,,,,,,,,,,,,,,,,,,,,,,,,,,,
CON,2022,0.0,LAS,97,71,9.0,8.0,0.0,0.0,0.0,0.0,0.0,0.0,0.0,0.0,0.0,0.0,0.0,0.0,0.0,0.0,0.0,0.0,0.0,0.0,0.0,0.0,0.0,0.0,0.0,0.0,0.0,0.0,0.0,,,,,,,,,,,,,,,,,,,,,,,,,,,,,,,,,,,,,,,,,,,,,,,,,,,,,,,,,,,,,,,,,,,,,,,,,,,,,,,,,,,,,,,,,,,,,,,,,,,,,,,,,,,,,,,,,,,,,,,,,,,,,,,,,,,,,,,,,,,
CON,2022,0.0,LAS,93,69,11.0,8.0,0.0,0.0,0.0,0.0,0.0,0.0,0.0,0.0,0.0,0.0,0.0,0.0,0.0,0.0,0.0,0.0,0.0,0.0,0.0,0.0,0.0,0.0,0.0,0.0,0.0,0.0,0.0,,,,,,,,,,,,,,,,,,,,,,,,,,,,,,,,,,,,,,,,,,,,,,,,,,,,,,,,,,,,,,,,,,,,,,,,,,,,,,,,,,,,,,,,,,,,,,,,,,,,,,,,,,,,,,,,,,,,,,,,,,,,,,,,,,,,,,,,,,,
CON,2022,1.0,MIN,90,83,14.0,8.0,0.0,0.0,0.0,0.0,0.0,0.0,0.0,0.0,0.0,0.0,0.0,0.0,0.0,0.0,0.0,0.0,0.0,0.0,0.0,0.0,0.0,0.0,0.0,0.0,0.0,0.0,0.0,,,,,,,,,,,,,,,,,,,,,,,,,,,,,,,,,,,,,,,,,,,,,,,,,,,,,,,,,,,,,,,,,,,,,,,,,,,,,,,,,,,,,,,,,,,,,,,,,,,,,,,,,,,,,,,,,,,,,,,,,,,,,,,,,,,,,,,,,,,
DAL,2022,1.0,ATL,59,66,7.0,5.0,0.0,0.0,0.0,1.0,0.0,0.0,0.0,0.0,0.0,0.0,0.0,0.0,0.0,0.0,0.0,0.0,0.0,0.0,0.0,0.0,0.0,0.0,0.0,0.0,0.0,0.0,0.0,,,,,,,,,,,,,,,,,,,,,,,,,,,,,,,,,,,,,,,,,,,,,,,,,,,,,,,,,,,,,,,,,,,,,,,,,,,,,,,,,,,,,,,,,,,,,,,,,,,,,,,,,,,,,,,,,,,,,,,,,,,,,,,,,,,,,,,,,,,
DAL,2022,0.0,WAS,94,86,13.0,5.0,0.0,0.0,0.0,1.0,0.0,0.0,0.0,0.0,0.0,0.0,0.0,0.0,0.0,0.0,0.0,0.0,0.0,0.0,0.0,0.0,0.0,0.0,0.0,0.0,0.0,0.0,0.0,,,,,,,,,,,,,,,,,,,,,,,,,,,,,,,,,,,,,,,,,,,,,,,,,,,,,,,,,,,,,,,,,,,,,,,,,,,,,,,,,,,,,,,,,,,,,,,,,,,,,,,,,,,,,,,,,,,,,,,,,,,,,,,,,,,,,,,,,,,
DAL,2022,0.0,NYL,81,71,15.0,5.0,0.0,0.0,0.0,1.0,0.0,0.0,0.0,0.0,0.0,0.0,0.0,0.0,0.0,0.0,0.0,0.0,0.0,0.0,0.0,0.0,0.0,0.0,0.0,0.0,0.0,0.0,0.0,,,,,,,,,,,,,,,,,,,,,,,,,,,,,,,,,,,,,,,,,,,,,,,,,,,,,,,,,,,,,,,,,,,,,,,,,,,,,,,,,,,,,,,,,,,,,,,,,,,,,,,,,,,,,,,,,,,,,,,,,,,,,,,,,,,,,,,,,,,
DAL,2022,1.0,WAS,68,84,17.0,5.0,0.0,0.0,0.0,1.0,0.0,0.0,0.0,0.0,0.0,0.0,0.0,0.0,0.0,0.0,0.0,0.0,0.0,0.0,0.0,0.0,0.0,0.0,0.0,0.0,0.0,0.0,0.0,,,,,,,,,,,,,,,,,,,,,,,,,,,,,,,,,,,,,,,,,,,,,,,,,,,,,,,,,,,,,,,,,,,,,,,,,,,,,,,,,,,,,,,,,,,,,,,,,,,,,,,,,,,,,,,,,,,,,,,,,,,,,,,,,,,,,,,,,,,
DAL,2022,0.0,PHO,94,84,19.0,5.0,0.0,0.0,0.0,1.0,0.0,0.0,0.0,0.0,0.0,0.0,0.0,0.0,0.0,0.0,0.0,0.0,0.0,0.0,0.0,0.0,0.0,0.0,0.0,0.0,0.0,0.0,0.0,,,,,,,,,,,,,,,,,,,,,,,,,,,,,,,,,,,,,,,,,,,,,,,,,,,,,,,,,,,,,,,,,,,,,,,,,,,,,,,,,,,,,,,,,,,,,,,,,,,,,,,,,,,,,,,,,,,,,,,,,,,,,,,,,,,,,,,,,,,
DAL,2022,1.0,MIN,94,78,21.0,5.0,0.0,0.0,0.0,1.0,0.0,0.0,0.0,0.0,0.0,0.0,0.0,0.0,0.0,0.0,0.0,0.0,0.0,0.0,0.0,0.0,1.0,0.0,0.0,0.0,0.0,0.0,0.0,,,,,,,,,,,,,,,,,,,,,,,,,,,,,,,,,,,,,,,,,,,,,,,,,,,,,,,,,,,,,,,,,,,,,,,,,,,,,,,,,,,,,,,,,,,,,,,,,,,,,,,,,,,,,,,,,,,,,,,,,,,,,,,,,,,,,,,,,,,
DAL,2022,0.0,CON,85,77,24.0,5.0,0.0,0.0,0.0,1.0,0.0,0.0,0.0,0.0,0.0,0.0,0.0,0.0,0.0,0.0,0.0,0.0,0.0,0.0,0.0,0.0,1.0,0.0,0.0,0.0,0.0,0.0,0.0,,,,,,,,,,,,,,,,,,,,,,,,,,,,,,,,,,,,,,,,,,,,,,,,,,,,,,,,,,,,,,,,,,,,,,,,,,,,,,,,,,,,,,,,,,,,,,,,,,,,,,,,,,,,,,,,,,,,,,,,,,,,,,,,,,,,,,,,,,,
DAL,2022,0.0,CON,68,99,26.0,5.0,0.0,0.0,0.0,1.0,0.0,0.0,0.0,0.0,0.0,0.0,0.0,0.0,0.0,0.0,0.0,0.0,0.0,0.0,0.0,0.0,1.0,0.0,0.0,0.0,0.0,0.0,0.0,,,,,,,,,,,,,,,,,,,,,,,,,,,,,,,,,,,,,,,,,,,,,,,,,,,,,,,,,,,,,,,,,,,,,,,,,,,,,,,,,,,,,,,,,,,,,,,,,,,,,,,,,,,,,,,,,,,,,,,,,,,,,,,,,,,,,,,,,,,
DAL,2022,0.0,LAS,91,93,31.0,5.0,0.0,0.0,0.0,1.0,0.0,0.0,0.0,0.0,0.0,0.0,0.0,0.0,0.0,0.0,0.0,0.0,0.0,0.0,0.0,0.0,1.0,0.0,0.0,0.0,0.0,0.0,0.0,,,,,,,,,,,,,,,,,,,,,,,,,,,,,,,,,,,,,,,,,,,,,,,,,,,,,,,,,,,,,,,,,,,,,,,,,,,,,,,,,,,,,,,,,,,,,,,,,,,,,,,,,,,,,,,,,,,,,,,,,,,,,,,,,,,,,,,,,,,
DAL,2022,0.0,SEA,68,51,3.0,6.0,0.0,0.0,0.0,1.0,0.0,0.0,0.0,0.0,0.0,0.0,0.0,0.0,0.0,0.0,0.0,0.0,0.0,0.0,0.0,0.0,1.0,0.0,0.0,0.0,0.0,0.0,0.0,,,,,,,,,,,,,,,,,,,,,,,,,,,,,,,,,,,,,,,,,,,,,,,,,,,,,,,,,,,,,,,,,,,,,,,,,,,,,,,,,,,,,,,,,,,,,,,,,,,,,,,,,,,,,,,,,,,,,,,,,,,,,,,,,,,,,,,,,,,
DAL,2022,0.0,LVA,78,84,5.0,6.0,0.0,0.0,0.0,1.0,0.0,0.0,0.0,0.0,0.0,0.0,0.0,0.0,0.0,0.0,0.0,0.0,0.0,0.0,0.0,0.0,1.0,0.0,0.0,0.0,0.0,0.0,0.0,,,,,,,,,,,,,,,,,,,,,,,,,,,,,,,,,,,,,,,,,,,,,,,,,,,,,,,,,,,,,,,,,,,,,,,,,,,,,,,,,,,,,,,,,,,,,,,,,,,,,,,,,,,,,,,,,,,,,,,,,,,,,,,,,,,,,,,,,,,
DAL,2022,1.0,SEA,88,89,10.0,6.0,0.0,0.0,0.0,1.0,0.0,0.0,0.0,0.0,0.0,0.0,0.0,0.0,0.0,0.0,0.0,0.0,0.0,0.0,0.0,0.0,1.0,0.0,0.0,0.0,0.0,0.0,0.0,,,,,,,,,,,,,,,,,,,,,,,,,,,,,,,,,,,,,,,,,,,,,,,,,,,,,,,,,,,,,,,,,,,,,,,,,,,,,,,,,,,,,,,,,,,,,,,,,,,,,,,,,,,,,,,,,,,,,,,,,,,,,,,,,,,,,,,,,,,
DAL,2022,1.0,SEA,79,84,12.0,6.0,0.0,0.0,0.0,1.0,0.0,0.0,0.0,0.0,0.0,0.0,0.0,0.0,0.0,0.0,0.0,0.0,0.0,0.0,0.0,0.0,1.0,0.0,0.0,0.0,0.0,0.0,0.0,,,,,,,,,,,,,,,,,,,,,,,,,,,,,,,,,,,,,,,,,,,,,,,,,,,,,,,,,,,,,,,,,,,,,,,,,,,,,,,,,,,,,,,,,,,,,,,,,,,,,,,,,,,,,,,,,,,,,,,,,,,,,,,,,,,,,,,,,,,
DAL,2022,1.0,LVA,84,92,15.0,6.0,0.0,0.0,0.0,1.0,0.0,0.0,0.0,0.0,0.0,0.0,0.0,0.0,0.0,0.0,0.0,0.0,0.0,0.0,0.0,0.0,0.0,0.0,0.0,0.0,0.0,0.0,0.0,,,,,,,,,,,,,,,,,,,,,,,,,,,,,,,,,,,,,,,,,,,,,,,,,,,,,,,,,,,,,,,,,,,,,,,,,,,,,,,,,,,,,,,,,,,,,,,,,,,,,,,,,,,,,,,,,,,,,,,,,,,,,,,,,,,,,,,,,,,
DAL,2022,1.0,PHO,93,88,17.0,6.0,0.0,0.0,0.0,1.0,0.0,0.0,0.0,0.0,0.0,0.0,0.0,0.0,0.0,0.0,0.0,0.0,0.0,0.0,0.0,0.0,0.0,0.0,0.0,0.0,0.0,0.0,0.0,,,,,,,,,,,,,,,,,,,,,,,,,,,,,,,,,,,,,,,,,,,,,,,,,,,,,,,,,,,,,,,,,,,,,,,,,,,,,,,,,,,,,,,,,,,,,,,,,,,,,,,,,,,,,,,,,,,,,,,,,,,,,,,,,,,,,,,,,,,
DAL,2022,1.0,LAS,92,82,19.0,6.0,0.0,0.0,0.0,1.0,0.0,0.0,0.0,0.0,0.0,0.0,0.0,0.0,0.0,0.0,0.0,0.0,0.0,0.0,0.0,0.0,0.0,0.0,0.0,0.0,0.0,0.0,0.0,,,,,,,,,,,,,,,,,,,,,,,,,,,,,,,,,,,,,,,,,,,,,,,,,,,,,,,,,,,,,,,,,,,,,,,,,,,,,,,,,,,,,,,,,,,,,,,,,,,,,,,,,,,,,,,,,,,,,,,,,,,,,,,,,,,,,,,,,,,
DAL,2022,0.0,ATL,75,80,21.0,6.0,0.0,0.0,0.0,1.0,0.0,0.0,0.0,0.0,0.0,0.0,0.0,0.0,0.0,0.0,0.0,0.0,0.0,0.0,0.0,0.0,0.0,0.0,0.0,0.0,0.0,0.0,0.0,,,,,,,,,,,,,,,,,,,,,,,,,,,,,,,,,,,,,,,,,,,,,,,,,,,,,,,,,,,,,,,,,,,,,,,,,,,,,,,,,,,,,,,,,,,,,,,,,,,,,,,,,,,,,,,,,,,,,,,,,,,,,,,,,,,,,,,,,,,
DAL,2022,1.0,IND,94,68,23.0,6.0,0.0,0.0,0.0,1.0,0.0,0.0,0.0,0.0,0.0,0.0,0.0,0.0,0.0,0.0,0.0,0.0,0.0,0.0,0.0,0.0,0.0,0.0,0.0,0.0,0.0,0.0,0.0,,,,,,,,,,,,,,,,,,,,,,,,,,,,,,,,,,,,,,,,,,,,,,,,,,,,,,,,,,,,,,,,,,,,,,,,,,,,,,,,,,,,,,,,,,,,,,,,,,,,,,,,,,,,,,,,,,,,,,,,,,,,,,,,,,,,,,,,,,,
DAL,2022,1.0,PHO,72,83,25.0,6.0,0.0,0.0,0.0,1.0,0.0,0.0,0.0,0.0,0.0,0.0,0.0,0.0,0.0,0.0,0.0,0.0,0.0,0.0,0.0,0.0,0.0,0.0,0.0,0.0,0.0,0.0,0.0,,,,,,,,,,,,,,,,,,,,,,,,,,,,,,,,,,,,,,,,,,,,,,,,,,,,,,,,,,,,,,,,,,,,,,,,,,,,,,,,,,,,,,,,,,,,,,,,,,,,,,,,,,,,,,,,,,,,,,,,,,,,,,,,,,,,,,,,,,,
DAL,2022,0.0,MIN,64,92,28.0,6.0,0.0,0.0,0.0,1.0,0.0,0.0,0.0,0.0,0.0,0.0,0.0,0.0,0.0,0.0,0.0,0.0,0.0,0.0,0.0,0.0,0.0,0.0,0.0,0.0,0.0,0.0,0.0,,,,,,,,,,,,,,,,,,,,,,,,,,,,,,,,,,,,,,,,,,,,,,,,,,,,,,,,,,,,,,,,,,,,,,,,,,,,,,,,,,,,,,,,,,,,,,,,,,,,,,,,,,,,,,,,,,,,,,,,,,,,,,,,,,,,,,,,,,,
DAL,2022,1.0,LAS,89,97,1.0,7.0,0.0,0.0,0.0,1.0,0.0,0.0,0.0,0.0,0.0,0.0,0.0,0.0,0.0,0.0,0.0,0.0,0.0,0.0,0.0,0.0,1.0,0.0,0.0,0.0,0.0,0.0,0.0,,,,,,,,,,,,,,,,,,,,,,,,,,,,,,,,,,,,,,,,,,,,,,,,,,,,,,,,,,,,,,,,,,,,,,,,,,,,,,,,,,,,,,,,,,,,,,,,,,,,,,,,,,,,,,,,,,,,,,,,,,,,,,,,,,,,,,,,,,,
DAL,2022,1.0,CON,82,71,5.0,7.0,0.0,0.0,0.0,1.0,0.0,0.0,0.0,0.0,0.0,0.0,0.0,0.0,0.0,0.0,0.0,0.0,0.0,0.0,0.0,0.0,1.0,0.0,0.0,0.0,0.0,0.0,0.0,,,,,,,,,,,,,,,,,,,,,,,,,,,,,,,,,,,,,,,,,,,,,,,,,,,,,,,,,,,,,,,,,,,,,,,,,,,,,,,,,,,,,,,,,,,,,,,,,,,,,,,,,,,,,,,,,,,,,,,,,,,,,,,,,,,,,,,,,,,
DAL,2022,0.0,SEA,74,83,12.0,7.0,0.0,0.0,0.0,1.0,0.0,0.0,0.0,0.0,0.0,0.0,0.0,0.0,0.0,0.0,0.0,0.0,0.0,0.0,0.0,0.0,1.0,0.0,0.0,0.0,0.0,0.0,0.0,,,,,,,,,,,,,,,,,,,,,,,,,,,,,,,,,,,,,,,,,,,,,,,,,,,,,,,,,,,,,,,,,,,,,,,,,,,,,,,,,,,,,,,,,,,,,,,,,,,,,,,,,,,,,,,,,,,,,,,,,,,,,,,,,,,,,,,,,,,
DAL,2022,0.0,MIN,92,87,14.0,7.0,0.0,0.0,0.0,1.0,0.0,0.0,0.0,0.0,0.0,0.0,0.0,0.0,0.0,0.0,0.0,0.0,0.0,0.0,0.0,0.0,0.0,0.0,0.0,0.0,0.0,0.0,0.0,,,,,,,,,,,,,,,,,,,,,,,,,,,,,,,,,,,,,,,,,,,,,,,,,,,,,,,,,,,,,,,,,,,,,,,,,,,,,,,,,,,,,,,,,,,,,,,,,,,,,,,,,,,,,,,,,,,,,,,,,,,,,,,,,,,,,,,,,,,
DAL,2022,1.0,CHI,81,89,16.0,7.0,0.0,0.0,0.0,1.0,0.0,0.0,0.0,0.0,0.0,0.0,0.0,0.0,0.0,0.0,0.0,0.0,0.0,0.0,0.0,0.0,0.0,0.0,0.0,0.0,0.0,0.0,0.0,,,,,,,,,,,,,,,,,,,,,,,,,,,,,,,,,,,,,,,,,,,,,,,,,,,,,,,,,,,,,,,,,,,,,,,,,,,,,,,,,,,,,,,,,,,,,,,,,,,,,,,,,,,,,,,,,,,,,,,,,,,,,,,,,,,,,,,,,,,
DAL,2022,0.0,CHI,83,89,22.0,7.0,0.0,0.0,0.0,1.0,0.0,0.0,0.0,0.0,0.0,0.0,0.0,0.0,0.0,0.0,0.0,0.0,0.0,0.0,0.0,0.0,0.0,0.0,0.0,0.0,0.0,0.0,0.0,,,,,,,,,,,,,,,,,,,,,,,,,,,,,,,,,,,,,,,,,,,,,,,,,,,,,,,,,,,,,,,,,,,,,,,,,,,,,,,,,,,,,,,,,,,,,,,,,,,,,,,,,,,,,,,,,,,,,,,,,,,,,,,,,,,,,,,,,,,
DAL,2022,0.0,IND,96,86,24.0,7.0,0.0,0.0,0.0,1.0,0.0,0.0,0.0,0.0,0.0,0.0,0.0,0.0,0.0,0.0,0.0,0.0,0.0,0.0,0.0,0.0,0.0,0.0,0.0,0.0,0.0,0.0,0.0,,,,,,,,,,,,,,,,,,,,,,,,,,,,,,,,,,,,,,,,,,,,,,,,,,,,,,,,,,,,,,,,,,,,,,,,,,,,,,,,,,,,,,,,,,,,,,,,,,,,,,,,,,,,,,,,,,,,,,,,,,,,,,,,,,,,,,,,,,,
DAL,2022,1.0,WAS,77,87,28.0,7.0,0.0,0.0,0.0,1.0,0.0,0.0,0.0,0.0,0.0,0.0,0.0,0.0,0.0,0.0,0.0,0.0,0.0,0.0,0.0,0.0,0.0,0.0,0.0,0.0,0.0,0.0,0.0,,,,,,,,,,,,,,,,,,,,,,,,,,,,,,,,,,,,,,,,,,,,,,,,,,,,,,,,,,,,,,,,,,,,,,,,,,,,,,,,,,,,,,,,,,,,,,,,,,,,,,,,,,,,,,,,,,,,,,,,,,,,,,,,,,,,,,,,,,,
DAL,2022,0.0,ATL,81,68,30.0,7.0,0.0,0.0,0.0,1.0,0.0,0.0,0.0,0.0,0.0,0.0,0.0,0.0,0.0,0.0,0.0,0.0,0.0,0.0,0.0,0.0,0.0,0.0,0.0,0.0,0.0,0.0,0.0,,,,,,,,,,,,,,,,,,,,,,,,,,,,,,,,,,,,,,,,,,,,,,,,,,,,,,,,,,,,,,,,,,,,,,,,,,,,,,,,,,,,,,,,,,,,,,,,,,,,,,,,,,,,,,,,,,,,,,,,,,,,,,,,,,,,,,,,,,,
DAL,2022,0.0,CHI,84,78,2.0,8.0,0.0,0.0,0.0,1.0,0.0,0.0,0.0,0.0,0.0,0.0,0.0,0.0,0.0,0.0,0.0,0.0,0.0,0.0,0.0,0.0,0.0,0.0,0.0,0.0,0.0,0.0,0.0,,,,,,,,,,,,,,,,,,,,,,,,,,,,,,,,,,,,,,,,,,,,,,,,,,,,,,,,,,,,,,,,,,,,,,,,,,,,,,,,,,,,,,,,,,,,,,,,,,,,,,,,,,,,,,,,,,,,,,,,,,,,,,,,,,,,,,,,,,,
DAL,2022,1.0,LVA,82,80,4.0,8.0,0.0,0.0,0.0,1.0,0.0,0.0,0.0,0.0,0.0,0.0,0.0,0.0,0.0,0.0,0.0,0.0,0.0,0.0,0.0,0.0,0.0,0.0,0.0,0.0,0.0,0.0,0.0,,,,,,,,,,,,,,,,,,,,,,,,,,,,,,,,,,,,,,,,,,,,,,,,,,,,,,,,,,,,,,,,,,,,,,,,,,,,,,,,,,,,,,,,,,,,,,,,,,,,,,,,,,,,,,,,,,,,,,,,,,,,,,,,,,,,,,,,,,,
DAL,2022,1.0,IND,95,91,6.0,8.0,0.0,0.0,0.0,1.0,0.0,0.0,0.0,0.0,0.0,0.0,0.0,0.0,0.0,0.0,0.0,0.0,0.0,0.0,0.0,0.0,0.0,0.0,0.0,0.0,0.0,0.0,0.0,,,,,,,,,,,,,,,,,,,,,,,,,,,,,,,,,,,,,,,,,,,,,,,,,,,,,,,,,,,,,,,,,,,,,,,,,,,,,,,,,,,,,,,,,,,,,,,,,,,,,,,,,,,,,,,,,,,,,,,,,,,,,,,,,,,,,,,,,,,
DAL,2022,1.0,NYL,86,77,8.0,8.0,0.0,0.0,0.0,1.0,0.0,0.0,0.0,0.0,0.0,0.0,0.0,0.0,0.0,0.0,0.0,0.0,0.0,0.0,0.0,0.0,0.0,0.0,0.0,0.0,0.0,0.0,0.0,,,,,,,,,,,,,,,,,,,,,,,,,,,,,,,,,,,,,,,,,,,,,,,,,,,,,,,,,,,,,,,,,,,,,,,,,,,,,,,,,,,,,,,,,,,,,,,,,,,,,,,,,,,,,,,,,,,,,,,,,,,,,,,,,,,,,,,,,,,
DAL,2022,1.0,NYL,73,91,10.0,8.0,0.0,0.0,0.0,1.0,0.0,0.0,0.0,0.0,0.0,0.0,0.0,0.0,0.0,0.0,0.0,0.0,0.0,0.0,0.0,0.0,0.0,0.0,0.0,0.0,0.0,0.0,0.0,,,,,,,,,,,,,,,,,,,,,,,,,,,,,,,,,,,,,,,,,,,,,,,,,,,,,,,,,,,,,,,,,,,,,,,,,,,,,,,,,,,,,,,,,,,,,,,,,,,,,,,,,,,,,,,,,,,,,,,,,,,,,,,,,,,,,,,,,,,
DAL,2022,0.0,PHO,74,86,12.0,8.0,0.0,0.0,0.0,1.0,0.0,0.0,0.0,0.0,0.0,0.0,0.0,0.0,0.0,0.0,0.0,0.0,0.0,0.0,0.0,0.0,0.0,0.0,0.0,0.0,0.0,0.0,0.0,,,,,,,,,,,,,,,,,,,,,,,,,,,,,,,,,,,,,,,,,,,,,,,,,,,,,,,,,,,,,,,,,,,,,,,,,,,,,,,,,,,,,,,,,,,,,,,,,,,,,,,,,,,,,,,,,,,,,,,,,,,,,,,,,,,,,,,,,,,
DAL,2022,0.0,LAS,116,88,14.0,8.0,0.0,0.0,0.0,1.0,0.0,0.0,0.0,0.0,0.0,0.0,0.0,0.0,0.0,0.0,0.0,0.0,0.0,0.0,0.0,0.0,0.0,0.0,0.0,0.0,0.0,0.0,0.0,,,,,,,,,,,,,,,,,,,,,,,,,,,,,,,,,,,,,,,,,,,,,,,,,,,,,,,,,,,,,,,,,,,,,,,,,,,,,,,,,,,,,,,,,,,,,,,,,,,,,,,,,,,,,,,,,,,,,,,,,,,,,,,,,,,,,,,,,,,
IND,2022,0.0,WAS,70,84,6.0,5.0,0.0,1.0,0.0,0.0,0.0,0.0,0.0,0.0,0.0,1.0,0.0,1.0,0.0,0.0,1.0,1.0,2.0,0.0,1.0,2.0,0.0,0.0,0.0,0.0,0.0,0.0,0.0,,,,,,,,,,,,,,,,,,,,,,,,,,,,,,,,,,,,,,,,,,,,,,,,,,,,,,,,,,,,,,,,,,,,,,,,,,,,,,,,,,,,,,,,,,,,,,,,,,,,,,,,,,,,,,,,,,,,,,,,,,,,,,,,,,,,,,,,,,,
IND,2022,1.0,LAS,77,87,8.0,5.0,0.0,1.0,0.0,0.0,0.0,0.0,0.0,0.0,0.0,1.0,0.0,1.0,0.0,0.0,1.0,1.0,2.0,0.0,1.0,2.0,0.0,0.0,0.0,0.0,0.0,0.0,0.0,,,,,,,,,,,,,,,,,,,,,,,,,,,,,,,,,,,,,,,,,,,,,,,,,,,,,,,,,,,,,,,,,,,,,,,,,,,,,,,,,,,,,,,,,,,,,,,,,,,,,,,,,,,,,,,,,,,,,,,,,,,,,,,,,,,,,,,,,,,
IND,2022,1.0,MIN,82,76,10.0,5.0,0.0,1.0,0.0,0.0,0.0,0.0,0.0,0.0,0.0,1.0,0.0,1.0,0.0,0.0,1.0,1.0,2.0,0.0,1.0,2.0,0.0,0.0,0.0,0.0,0.0,0.0,0.0,,,,,,,,,,,,,,,,,,,,,,,,,,,,,,,,,,,,,,,,,,,,,,,,,,,,,,,,,,,,,,,,,,,,,,,,,,,,,,,,,,,,,,,,,,,,,,,,,,,,,,,,,,,,,,,,,,,,,,,,,,,,,,,,,,,,,,,,,,,
IND,2022,0.0,NYL,92,86,13.0,5.0,0.0,1.0,0.0,0.0,0.0,0.0,0.0,0.0,0.0,0.0,0.0,1.0,0.0,0.0,0.0,0.0,2.0,0.0,0.0,2.0,0.0,0.0,0.0,0.0,0.0,0.0,0.0,,,,,,,,,,,,,,,,,,,,,,,,,,,,,,,,,,,,,,,,,,,,,,,,,,,,,,,,,,,,,,,,,,,,,,,,,,,,,,,,,,,,,,,,,,,,,,,,,,,,,,,,,,,,,,,,,,,,,,,,,,,,,,,,,,,,,,,,,,,
IND,2022,1.0,ATL,79,85,15.0,5.0,0.0,1.0,0.0,0.0,0.0,0.0,0.0,0.0,0.0,0.0,0.0,1.0,0.0,0.0,0.0,0.0,2.0,0.0,0.0,2.0,0.0,0.0,0.0,0.0,0.0,0.0,0.0,,,,,,,,,,,,,,,,,,,,,,,,,,,,,,,,,,,,,,,,,,,,,,,,,,,,,,,,,,,,,,,,,,,,,,,,,,,,,,,,,,,,,,,,,,,,,,,,,,,,,,,,,,,,,,,,,,,,,,,,,,,,,,,,,,,,,,,,,,,
IND,2022,1.0,ATL,79,101,17.0,5.0,0.0,0.0,0.0,0.0,0.0,0.0,0.0,0.0,0.0,0.0,0.0,0.0,0.0,0.0,0.0,0.0,2.0,0.0,0.0,2.0,0.0,0.0,0.0,0.0,0.0,0.0,0.0,,,,,,,,,,,,,,,,,,,,,,,,,,,,,,,,,,,,,,,,,,,,,,,,,,,,,,,,,,,,,,,,,,,,,,,,,,,,,,,,,,,,,,,,,,,,,,,,,,,,,,,,,,,,,,,,,,,,,,,,,,,,,,,,,,,,,,,,,,,
IND,2022,0.0,CON,85,94,20.0,5.0,0.0,0.0,0.0,0.0,0.0,0.0,0.0,0.0,0.0,0.0,0.0,0.0,0.0,0.0,0.0,0.0,2.0,0.0,0.0,2.0,0.0,0.0,0.0,0.0,0.0,0.0,0.0,,,,,,,,,,,,,,,,,,,,,,,,,,,,,,,,,,,,,,,,,,,,,,,,,,,,,,,,,,,,,,,,,,,,,,,,,,,,,,,,,,,,,,,,,,,,,,,,,,,,,,,,,,,,,,,,,,,,,,,,,,,,,,,,,,,,,,,,,,,
IND,2022,1.0,CON,70,92,22.0,5.0,0.0,0.0,0.0,0.0,0.0,0.0,0.0,0.0,0.0,0.0,0.0,0.0,0.0,0.0,0.0,0.0,2.0,0.0,0.0,2.0,0.0,0.0,0.0,0.0,0.0,0.0,0.0,,,,,,,,,,,,,,,,,,,,,,,,,,,,,,,,,,,,,,,,,,,,,,,,,,,,,,,,,,,,,,,,,,,,,,,,,,,,,,,,,,,,,,,,,,,,,,,,,,,,,,,,,,,,,,,,,,,,,,,,,,,,,,,,,,,,,,,,,,,
IND,2022,0.0,CHI,90,95,24.0,5.0,0.0,0.0,0.0,0.0,0.0,0.0,0.0,0.0,0.0,0.0,0.0,0.0,0.0,0.0,0.0,0.0,2.0,0.0,0.0,2.0,0.0,0.0,0.0,0.0,0.0,0.0,0.0,,,,,,,,,,,,,,,,,,,,,,,,,,,,,,,,,,,,,,,,,,,,,,,,,,,,,,,,,,,,,,,,,,,,,,,,,,,,,,,,,,,,,,,,,,,,,,,,,,,,,,,,,,,,,,,,,,,,,,,,,,,,,,,,,,,,,,,,,,,
IND,2022,1.0,LAS,101,96,27.0,5.0,0.0,1.0,0.0,0.0,0.0,0.0,0.0,0.0,0.0,0.0,0.0,1.0,0.0,0.0,0.0,0.0,2.0,0.0,0.0,2.0,0.0,0.0,0.0,0.0,0.0,0.0,0.0,,,,,,,,,,,,,,,,,,,,,,,,,,,,,,,,,,,,,,,,,,,,,,,,,,,,,,,,,,,,,,,,,,,,,,,,,,,,,,,,,,,,,,,,,,,,,,,,,,,,,,,,,,,,,,,,,,,,,,,,,,,,,,,,,,,,,,,,,,,
IND,2022,1.0,WAS,75,87,31.0,5.0,0.0,1.0,0.0,0.0,0.0,0.0,0.0,0.0,0.0,0.0,0.0,1.0,0.0,0.0,0.0,0.0,2.0,0.0,0.0,2.0,0.0,0.0,0.0,0.0,0.0,0.0,0.0,,,,,,,,,,,,,,,,,,,,,,,,,,,,,,,,,,,,,,,,,,,,,,,,,,,,,,,,,,,,,,,,,,,,,,,,,,,,,,,,,,,,,,,,,,,,,,,,,,,,,,,,,,,,,,,,,,,,,,,,,,,,,,,,,,,,,,,,,,,
IND,2022,0.0,NYL,74,87,1.0,6.0,0.0,1.0,0.0,0.0,0.0,0.0,0.0,0.0,0.0,0.0,0.0,1.0,0.0,0.0,0.0,0.0,2.0,0.0,0.0,2.0,0.0,0.0,0.0,0.0,0.0,0.0,0.0,,,,,,,,,,,,,,,,,,,,,,,,,,,,,,,,,,,,,,,,,,,,,,,,,,,,,,,,,,,,,,,,,,,,,,,,,,,,,,,,,,,,,,,,,,,,,,,,,,,,,,,,,,,,,,,,,,,,,,,,,,,,,,,,,,,,,,,,,,,
IND,2022,0.0,ATL,66,75,5.0,6.0,0.0,1.0,0.0,0.0,0.0,0.0,0.0,0.0,0.0,0.0,0.0,1.0,0.0,0.0,0.0,0.0,2.0,0.0,0.0,2.0,0.0,0.0,0.0,0.0,0.0,0.0,0.0,,,,,,,,,,,,,,,,,,,,,,,,,,,,,,,,,,,,,,,,,,,,,,,,,,,,,,,,,,,,,,,,,,,,,,,,,,,,,,,,,,,,,,,,,,,,,,,,,,,,,,,,,,,,,,,,,,,,,,,,,,,,,,,,,,,,,,,,,,,
IND,2022,0.0,CON,69,88,8.0,6.0,0.0,1.0,0.0,0.0,0.0,0.0,0.0,0.0,0.0,0.0,0.0,1.0,0.0,0.0,0.0,0.0,2.0,0.0,0.0,2.0,0.0,0.0,0.0,0.0,0.0,0.0,0.0,,,,,,,,,,,,,,,,,,,,,,,,,,,,,,,,,,,,,,,,,,,,,,,,,,,,,,,,,,,,,,,,,,,,,,,,,,,,,,,,,,,,,,,,,,,,,,,,,,,,,,,,,,,,,,,,,,,,,,,,,,,,,,,,,,,,,,,,,,,
IND,2022,1.0,NYL,83,97,10.0,6.0,0.0,1.0,0.0,0.0,0.0,0.0,0.0,0.0,0.0,0.0,0.0,1.0,0.0,0.0,0.0,0.0,2.0,0.0,0.0,2.0,0.0,0.0,0.0,0.0,0.0,0.0,0.0,,,,,,,,,,,,,,,,,,,,,,,,,,,,,,,,,,,,,,,,,,,,,,,,,,,,,,,,,,,,,,,,,,,,,,,,,,,,,,,,,,,,,,,,,,,,,,,,,,,,,,,,,,,,,,,,,,,,,,,,,,,,,,,,,,,,,,,,,,,
IND,2022,0.0,MIN,84,80,12.0,6.0,0.0,1.0,0.0,0.0,0.0,0.0,0.0,0.0,0.0,0.0,0.0,1.0,0.0,0.0,0.0,0.0,2.0,0.0,0.0,2.0,0.0,0.0,0.0,0.0,0.0,0.0,0.0,,,,,,,,,,,,,,,,,,,,,,,,,,,,,,,,,,,,,,,,,,,,,,,,,,,,,,,,,,,,,,,,,,,,,,,,,,,,,,,,,,,,,,,,,,,,,,,,,,,,,,,,,,,,,,,,,,,,,,,,,,,,,,,,,,,,,,,,,,,
IND,2022,1.0,PHO,80,93,15.0,6.0,0.0,1.0,0.0,0.0,0.0,0.0,0.0,0.0,0.0,0.0,0.0,1.0,0.0,0.0,0.0,0.0,2.0,0.0,0.0,2.0,0.0,0.0,0.0,0.0,0.0,0.0,0.0,,,,,,,,,,,,,,,,,,,,,,,,,,,,,,,,,,,,,,,,,,,,,,,,,,,,,,,,,,,,,,,,,,,,,,,,,,,,,,,,,,,,,,,,,,,,,,,,,,,,,,,,,,,,,,,,,,,,,,,,,,,,,,,,,,,,,,,,,,,
IND,2022,1.0,CHI,89,87,19.0,6.0,0.0,1.0,0.0,0.0,0.0,0.0,0.0,0.0,0.0,0.0,0.0,1.0,0.0,0.0,0.0,0.0,2.0,0.0,0.0,2.0,0.0,0.0,0.0,0.0,0.0,0.0,0.0,,,,,,,,,,,,,,,,,,,,,,,,,,,,,,,,,,,,,,,,,,,,,,,,,,,,,,,,,,,,,,,,,,,,,,,,,,,,,,,,,,,,,,,,,,,,,,,,,,,,,,,,,,,,,,,,,,,,,,,,,,,,,,,,,,,,,,,,,,,
IND,2022,0.0,DAL,68,94,23.0,6.0,0.0,1.0,0.0,0.0,0.0,0.0,0.0,0.0,0.0,0.0,0.0,1.0,0.0,0.0,0.0,0.0,2.0,0.0,0.0,2.0,0.0,0.0,0.0,0.0,0.0,0.0,0.0,,,,,,,,,,,,,,,,,,,,,,,,,,,,,,,,,,,,,,,,,,,,,,,,,,,,,,,,,,,,,,,,,,,,,,,,,,,,,,,,,,,,,,,,,,,,,,,,,,,,,,,,,,,,,,,,,,,,,,,,,,,,,,,,,,,,,,,,,,,
IND,2022,0.0,PHO,71,83,27.0,6.0,0.0,1.0,0.0,0.0,0.0,0.0,0.0,0.0,0.0,0.0,0.0,1.0,0.0,0.0,0.0,0.0,2.0,0.0,0.0,2.0,0.0,0.0,0.0,0.0,0.0,0.0,0.0,,,,,,,,,,,,,,,,,,,,,,,,,,,,,,,,,,,,,,,,,,,,,,,,,,,,,,,,,,,,,,,,,,,,,,,,,,,,,,,,,,,,,,,,,,,,,,,,,,,,,,,,,,,,,,,,,,,,,,,,,,,,,,,,,,,,,,,,,,,
IND,2022,0.0,PHO,78,99,29.0,6.0,0.0,1.0,0.0,0.0,0.0,0.0,0.0,0.0,0.0,0.0,0.0,1.0,0.0,0.0,0.0,0.0,2.0,0.0,0.0,2.0,0.0,0.0,0.0,0.0,0.0,0.0,0.0,,,,,,,,,,,,,,,,,,,,,,,,,,,,,,,,,,,,,,,,,,,,,,,,,,,,,,,,,,,,,,,,,,,,,,,,,,,,,,,,,,,,,,,,,,,,,,,,,,,,,,,,,,,,,,,,,,,,,,,,,,,,,,,,,,,,,,,,,,,
IND,2022,0.0,SEA,57,73,1.0,7.0,0.0,1.0,0.0,0.0,0.0,0.0,0.0,0.0,0.0,0.0,0.0,1.0,0.0,0.0,0.0,0.0,2.0,0.0,0.0,2.0,0.0,0.0,0.0,0.0,0.0,0.0,0.0,,,,,,,,,,,,,,,,,,,,,,,,,,,,,,,,,,,,,,,,,,,,,,,,,,,,,,,,,,,,,,,,,,,,,,,,,,,,,,,,,,,,,,,,,,,,,,,,,,,,,,,,,,,,,,,,,,,,,,,,,,,,,,,,,,,,,,,,,,,
IND,2022,1.0,SEA,73,95,5.0,7.0,0.0,1.0,0.0,0.0,0.0,0.0,0.0,0.0,0.0,0.0,0.0,1.0,0.0,0.0,0.0,0.0,1.0,0.0,0.0,1.0,0.0,0.0,0.0,0.0,0.0,0.0,0.0,,,,,,,,,,,,,,,,,,,,,,,,,,,,,,,,,,,,,,,,,,,,,,,,,,,,,,,,,,,,,,,,,,,,,,,,,,,,,,,,,,,,,,,,,,,,,,,,,,,,,,,,,,,,,,,,,,,,,,,,,,,,,,,,,,,,,,,,,,,
IND,2022,1.0,CHI,84,93,7.0,7.0,0.0,1.0,0.0,0.0,0.0,0.0,0.0,0.0,0.0,0.0,0.0,1.0,0.0,0.0,0.0,0.0,1.0,0.0,0.0,1.0,0.0,0.0,0.0,0.0,0.0,0.0,0.0,,,,,,,,,,,,,,,,,,,,,,,,,,,,,,,,,,,,,,,,,,,,,,,,,,,,,,,,,,,,,,,,,,,,,,,,,,,,,,,,,,,,,,,,,,,,,,,,,,,,,,,,,,,,,,,,,,,,,,,,,,,,,,,,,,,,,,,,,,,
IND,2022,1.0,CON,81,89,13.0,7.0,0.0,1.0,0.0,0.0,0.0,0.0,0.0,0.0,0.0,0.0,0.0,1.0,0.0,0.0,0.0,0.0,2.0,0.0,0.0,2.0,0.0,0.0,0.0,0.0,0.0,0.0,0.0,,,,,,,,,,,,,,,,,,,,,,,,,,,,,,,,,,,,,,,,,,,,,,,,,,,,,,,,,,,,,,,,,,,,,,,,,,,,,,,,,,,,,,,,,,,,,,,,,,,,,,,,,,,,,,,,,,,,,,,,,,,,,,,,,,,,,,,,,,,
IND,2022,1.0,MIN,77,87,15.0,7.0,0.0,1.0,0.0,0.0,0.0,0.0,0.0,0.0,0.0,0.0,0.0,1.0,0.0,0.0,0.0,0.0,2.0,0.0,0.0,2.0,0.0,0.0,0.0,0.0,0.0,0.0,0.0,,,,,,,,,,,,,,,,,,,,,,,,,,,,,,,,,,,,,,,,,,,,,,,,,,,,,,,,,,,,,,,,,,,,,,,,,,,,,,,,,,,,,,,,,,,,,,,,,,,,,,,,,,,,,,,,,,,,,,,,,,,,,,,,,,,,,,,,,,,
IND,2022,0.0,SEA,65,81,17.0,7.0,0.0,1.0,0.0,0.0,0.0,0.0,0.0,0.0,0.0,0.0,0.0,1.0,0.0,0.0,0.0,0.0,2.0,0.0,0.0,2.0,0.0,0.0,0.0,0.0,0.0,0.0,0.0,,,,,,,,,,,,,,,,,,,,,,,,,,,,,,,,,,,,,,,,,,,,,,,,,,,,,,,,,,,,,,,,,,,,,,,,,,,,,,,,,,,,,,,,,,,,,,,,,,,,,,,,,,,,,,,,,,,,,,,,,,,,,,,,,,,,,,,,,,,
IND,2022,0.0,LAS,79,86,19.0,7.0,0.0,1.0,0.0,0.0,0.0,0.0,0.0,0.0,0.0,0.0,0.0,1.0,0.0,0.0,0.0,0.0,2.0,0.0,0.0,2.0,0.0,0.0,0.0,0.0,0.0,0.0,0.0,,,,,,,,,,,,,,,,,,,,,,,,,,,,,,,,,,,,,,,,,,,,,,,,,,,,,,,,,,,,,,,,,,,,,,,,,,,,,,,,,,,,,,,,,,,,,,,,,,,,,,,,,,,,,,,,,,,,,,,,,,,,,,,,,,,,,,,,,,,
IND,2022,0.0,LVA,77,90,21.0,7.0,0.0,1.0,0.0,0.0,0.0,0.0,0.0,0.0,0.0,0.0,0.0,1.0,0.0,0.0,0.0,0.0,2.0,0.0,0.0,2.0,0.0,0.0,0.0,0.0,0.0,0.0,0.0,,,,,,,,,,,,,,,,,,,,,,,,,,,,,,,,,,,,,,,,,,,,,,,,,,,,,,,,,,,,,,,,,,,,,,,,,,,,,,,,,,,,,,,,,,,,,,,,,,,,,,,,,,,,,,,,,,,,,,,,,,,,,,,,,,,,,,,,,,,
IND,2022,1.0,DAL,86,96,24.0,7.0,0.0,1.0,0.0,0.0,0.0,0.0,0.0,0.0,0.0,0.0,0.0,1.0,0.0,0.0,0.0,0.0,2.0,0.0,0.0,2.0,0.0,0.0,0.0,0.0,0.0,0.0,0.0,,,,,,,,,,,,,,,,,,,,,,,,,,,,,,,,,,,,,,,,,,,,,,,,,,,,,,,,,,,,,,,,,,,,,,,,,,,,,,,,,,,,,,,,,,,,,,,,,,,,,,,,,,,,,,,,,,,,,,,,,,,,,,,,,,,,,,,,,,,
IND,2022,1.0,LVA,72,93,29.0,7.0,0.0,1.0,0.0,0.0,0.0,0.0,0.0,0.0,0.0,0.0,0.0,1.0,0.0,0.0,0.0,0.0,2.0,0.0,0.0,2.0,0.0,0.0,0.0,0.0,0.0,0.0,0.0,,,,,,,,,,,,,,,,,,,,,,,,,,,,,,,,,,,,,,,,,,,,,,,,,,,,,,,,,,,,,,,,,,,,,,,,,,,,,,,,,,,,,,,,,,,,,,,,,,,,,,,,,,,,,,,,,,,,,,,,,,,,,,,,,,,,,,,,,,,
IND,2022,1.0,LVA,69,94,31.0,7.0,0.0,1.0,0.0,0.0,0.0,0.0,0.0,0.0,0.0,0.0,0.0,1.0,0.0,0.0,0.0,0.0,2.0,0.0,0.0,2.0,0.0,0.0,0.0,0.0,0.0,0.0,0.0,,,,,,,,,,,,,,,,,,,,,,,,,,,,,,,,,,,,,,,,,,,,,,,,,,,,,,,,,,,,,,,,,,,,,,,,,,,,,,,,,,,,,,,,,,,,,,,,,,,,,,,,,,,,,,,,,,,,,,,,,,,,,,,,,,,,,,,,,,,
IND,2022,0.0,ATL,81,91,3.0,8.0,0.0,1.0,0.0,0.0,0.0,0.0,0.0,0.0,0.0,0.0,0.0,1.0,0.0,0.0,0.0,0.0,1.0,0.0,0.0,1.0,0.0,0.0,0.0,0.0,0.0,0.0,0.0,,,,,,,,,,,,,,,,,,,,,,,,,,,,,,,,,,,,,,,,,,,,,,,,,,,,,,,,,,,,,,,,,,,,,,,,,,,,,,,,,,,,,,,,,,,,,,,,,,,,,,,,,,,,,,,,,,,,,,,,,,,,,,,,,,,,,,,,,,,
IND,2022,0.0,DAL,91,95,6.0,8.0,0.0,1.0,0.0,0.0,0.0,0.0,0.0,0.0,0.0,0.0,0.0,1.0,0.0,0.0,0.0,0.0,2.0,0.0,0.0,2.0,0.0,0.0,0.0,0.0,0.0,0.0,0.0,,,,,,,,,,,,,,,,,,,,,,,,,,,,,,,,,,,,,,,,,,,,,,,,,,,,,,,,,,,,,,,,,,,,,,,,,,,,,,,,,,,,,,,,,,,,,,,,,,,,,,,,,,,,,,,,,,,,,,,,,,,,,,,,,,,,,,,,,,,
IND,2022,1.0,WAS,70,82,12.0,8.0,0.0,1.0,0.0,0.0,0.0,0.0,0.0,0.0,0.0,0.0,0.0,1.0,0.0,0.0,0.0,0.0,1.0,0.0,0.0,1.0,0.0,0.0,0.0,0.0,0.0,0.0,0.0,,,,,,,,,,,,,,,,,,,,,,,,,,,,,,,,,,,,,,,,,,,,,,,,,,,,,,,,,,,,,,,,,,,,,,,,,,,,,,,,,,,,,,,,,,,,,,,,,,,,,,,,,,,,,,,,,,,,,,,,,,,,,,,,,,,,,,,,,,,
IND,2022,0.0,WAS,83,95,14.0,8.0,0.0,1.0,0.0,0.0,0.0,0.0,0.0,0.0,0.0,0.0,0.0,1.0,0.0,0.0,0.0,0.0,2.0,0.0,0.0,2.0,0.0,0.0,0.0,0.0,0.0,0.0,0.0,,,,,,,,,,,,,,,,,,,,,,,,,,,,,,,,,,,,,,,,,,,,,,,,,,,,,,,,,,,,,,,,,,,,,,,,,,,,,,,,,,,,,,,,,,,,,,,,,,,,,,,,,,,,,,,,,,,,,,,,,,,,,,,,,,,,,,,,,,,
LAS,2022,0.0,CHI,98,91,6.0,5.0,0.0,0.0,2.0,0.0,0.0,0.0,0.0,0.0,0.0,0.0,0.0,0.0,1.0,0.0,0.0,0.0,0.0,0.0,0.0,0.0,1.0,0.0,0.0,0.0,0.0,0.0,0.0,,,,,,,,,,,,,,,,,,,,,,,,,,,,,,,,,,,,,,,,,,,,,,,,,,,,,,,,,,,,,,,,,,,,,,,,,,,,,,,,,,,,,,,,,,,,,,,,,,,,,,,,,,,,,,,,,,,,,,,,,,,,,,,,,,,,,,,,,,,
LAS,2022,0.0,IND,87,77,8.0,5.0,0.0,0.0,2.0,0.0,0.0,0.0,0.0,0.0,0.0,0.0,0.0,0.0,1.0,0.0,0.0,0.0,0.0,0.0,0.0,0.0,1.0,0.0,0.0,0.0,0.0,0.0,0.0,,,,,,,,,,,,,,,,,,,,,,,,,,,,,,,,,,,,,,,,,,,,,,,,,,,,,,,,,,,,,,,,,,,,,,,,,,,,,,,,,,,,,,,,,,,,,,,,,,,,,,,,,,,,,,,,,,,,,,,,,,,,,,,,,,,,,,,,,,,
LAS,2022,0.0,ATL,75,77,11.0,5.0,0.0,0.0,1.0,0.0,0.0,0.0,0.0,0.0,0.0,0.0,0.0,0.0,0.0,0.0,0.0,0.0,0.0,0.0,0.0,0.0,1.0,0.0,0.0,0.0,0.0,0.0,0.0,,,,,,,,,,,,,,,,,,,,,,,,,,,,,,,,,,,,,,,,,,,,,,,,,,,,,,,,,,,,,,,,,,,,,,,,,,,,,,,,,,,,,,,,,,,,,,,,,,,,,,,,,,,,,,,,,,,,,,,,,,,,,,,,,,,,,,,,,,,
LAS,2022,0.0,CON,60,77,14.0,5.0,0.0,0.0,2.0,0.0,0.0,0.0,0.0,0.0,0.0,0.0,0.0,0.0,1.0,0.0,0.0,0.0,0.0,0.0,0.0,0.0,1.0,0.0,0.0,0.0,0.0,0.0,0.0,,,,,,,,,,,,,,,,,,,,,,,,,,,,,,,,,,,,,,,,,,,,,,,,,,,,,,,,,,,,,,,,,,,,,,,,,,,,,,,,,,,,,,,,,,,,,,,,,,,,,,,,,,,,,,,,,,,,,,,,,,,,,,,,,,,,,,,,,,,
LAS,2022,1.0,MIN,84,87,17.0,5.0,0.0,0.0,1.0,0.0,0.0,0.0,0.0,0.0,0.0,0.0,0.0,0.0,0.0,0.0,0.0,0.0,0.0,0.0,0.0,0.0,1.0,0.0,0.0,0.0,0.0,0.0,0.0,,,,,,,,,,,,,,,,,,,,,,,,,,,,,,,,,,,,,,,,,,,,,,,,,,,,,,,,,,,,,,,,,,,,,,,,,,,,,,,,,,,,,,,,,,,,,,,,,,,,,,,,,,,,,,,,,,,,,,,,,,,,,,,,,,,,,,,,,,,
LAS,2022,0.0,SEA,80,83,20.0,5.0,0.0,0.0,1.0,0.0,0.0,0.0,0.0,0.0,0.0,0.0,0.0,0.0,0.0,0.0,0.0,0.0,1.0,0.0,0.0,0.0,1.0,0.0,0.0,0.0,0.0,0.0,0.0,,,,,,,,,,,,,,,,,,,,,,,,,,,,,,,,,,,,,,,,,,,,,,,,,,,,,,,,,,,,,,,,,,,,,,,,,,,,,,,,,,,,,,,,,,,,,,,,,,,,,,,,,,,,,,,,,,,,,,,,,,,,,,,,,,,,,,,,,,,
LAS,2022,0.0,LVA,76,104,23.0,5.0,0.0,0.0,2.0,0.0,0.0,0.0,0.0,0.0,0.0,0.0,0.0,0.0,1.0,0.0,0.0,0.0,1.0,0.0,0.0,0.0,1.0,0.0,0.0,0.0,0.0,0.0,0.0,,,,,,,,,,,,,,,,,,,,,,,,,,,,,,,,,,,,,,,,,,,,,,,,,,,,,,,,,,,,,,,,,,,,,,,,,,,,,,,,,,,,,,,,,,,,,,,,,,,,,,,,,,,,,,,,,,,,,,,,,,,,,,,,,,,,,,,,,,,
LAS,2022,1.0,PHO,99,94,25.0,5.0,0.0,0.0,1.0,0.0,0.0,0.0,0.0,0.0,0.0,0.0,0.0,0.0,0.0,0.0,0.0,0.0,0.0,0.0,0.0,0.0,1.0,0.0,0.0,0.0,0.0,0.0,0.0,,,,,,,,,,,,,,,,,,,,,,,,,,,,,,,,,,,,,,,,,,,,,,,,,,,,,,,,,,,,,,,,,,,,,,,,,,,,,,,,,,,,,,,,,,,,,,,,,,,,,,,,,,,,,,,,,,,,,,,,,,,,,,,,,,,,,,,,,,,
LAS,2022,0.0,IND,96,101,27.0,5.0,0.0,0.0,1.0,0.0,0.0,0.0,0.0,0.0,0.0,0.0,0.0,0.0,0.0,0.0,0.0,0.0,1.0,0.0,0.0,0.0,1.0,0.0,0.0,0.0,0.0,0.0,0.0,,,,,,,,,,,,,,,,,,,,,,,,,,,,,,,,,,,,,,,,,,,,,,,,,,,,,,,,,,,,,,,,,,,,,,,,,,,,,,,,,,,,,,,,,,,,,,,,,,,,,,,,,,,,,,,,,,,,,,,,,,,,,,,,,,,,,,,,,,,
LAS,2022,0.0,MIN,85,83,29.0,5.0,0.0,0.0,1.0,0.0,0.0,0.0,0.0,0.0,0.0,0.0,0.0,0.0,0.0,0.0,0.0,0.0,1.0,0.0,0.0,0.0,1.0,0.0,0.0,0.0,0.0,0.0,0.0,,,,,,,,,,,,,,,,,,,,,,,,,,,,,,,,,,,,,,,,,,,,,,,,,,,,,,,,,,,,,,,,,,,,,,,,,,,,,,,,,,,,,,,,,,,,,,,,,,,,,,,,,,,,,,,,,,,,,,,,,,,,,,,,,,,,,,,,,,,
LAS,2022,1.0,DAL,93,91,31.0,5.0,0.0,0.0,1.0,0.0,0.0,0.0,0.0,0.0,0.0,0.0,0.0,0.0,0.0,0.0,0.0,0.0,1.0,0.0,0.0,0.0,1.0,0.0,0.0,0.0,0.0,0.0,0.0,,,,,,,,,,,,,,,,,,,,,,,,,,,,,,,,,,,,,,,,,,,,,,,,,,,,,,,,,,,,,,,,,,,,,,,,,,,,,,,,,,,,,,,,,,,,,,,,,,,,,,,,,,,,,,,,,,,,,,,,,,,,,,,,,,,,,,,,,,,
LAS,2022,0.0,PHO,74,81,5.0,6.0,0.0,0.0,1.0,0.0,0.0,0.0,0.0,0.0,0.0,0.0,0.0,0.0,0.0,0.0,0.0,0.0,1.0,0.0,0.0,0.0,1.0,0.0,0.0,0.0,0.0,0.0,0.0,,,,,,,,,,,,,,,,,,,,,,,,,,,,,,,,,,,,,,,,,,,,,,,,,,,,,,,,,,,,,,,,,,,,,,,,,,,,,,,,,,,,,,,,,,,,,,,,,,,,,,,,,,,,,,,,,,,,,,,,,,,,,,,,,,,,,,,,,,,
LAS,2022,1.0,LVA,72,89,11.0,6.0,0.0,0.0,1.0,0.0,0.0,0.0,0.0,0.0,0.0,0.0,0.0,0.0,0.0,0.0,0.0,0.0,1.0,0.0,0.0,0.0,1.0,0.0,0.0,0.0,0.0,0.0,0.0,,,,,,,,,,,,,,,,,,,,,,,,,,,,,,,,,,,,,,,,,,,,,,,,,,,,,,,,,,,,,,,,,,,,,,,,,,,,,,,,,,,,,,,,,,,,,,,,,,,,,,,,,,,,,,,,,,,,,,,,,,,,,,,,,,,,,,,,,,,
LAS,2022,0.0,DAL,82,92,19.0,6.0,0.0,0.0,1.0,0.0,0.0,0.0,0.0,0.0,0.0,0.0,0.0,0.0,0.0,0.0,0.0,0.0,1.0,0.0,0.0,0.0,1.0,0.0,0.0,0.0,0.0,0.0,0.0,,,,,,,,,,,,,,,,,,,,,,,,,,,,,,,,,,,,,,,,,,,,,,,,,,,,,,,,,,,,,,,,,,,,,,,,,,,,,,,,,,,,,,,,,,,,,,,,,,,,,,,,,,,,,,,,,,,,,,,,,,,,,,,,,,,,,,,,,,,
LAS,2022,1.0,WAS,84,82,21.0,6.0,0.0,0.0,1.0,0.0,0.0,0.0,0.0,0.0,0.0,0.0,0.0,0.0,0.0,0.0,0.0,0.0,1.0,0.0,0.0,0.0,1.0,0.0,0.0,0.0,0.0,0.0,0.0,,,,,,,,,,,,,,,,,,,,,,,,,,,,,,,,,,,,,,,,,,,,,,,,,,,,,,,,,,,,,,,,,,,,,,,,,,,,,,,,,,,,,,,,,,,,,,,,,,,,,,,,,,,,,,,,,,,,,,,,,,,,,,,,,,,,,,,,,,,
LAS,2022,1.0,CHI,59,82,23.0,6.0,0.0,0.0,0.0,0.0,0.0,0.0,0.0,0.0,0.0,0.0,0.0,0.0,0.0,0.0,0.0,0.0,1.0,0.0,0.0,0.0,0.0,0.0,0.0,0.0,0.0,0.0,0.0,,,,,,,,,,,,,,,,,,,,,,,,,,,,,,,,,,,,,,,,,,,,,,,,,,,,,,,,,,,,,,,,,,,,,,,,,,,,,,,,,,,,,,,,,,,,,,,,,,,,,,,,,,,,,,,,,,,,,,,,,,,,,,,,,,,,,,,,,,,
LAS,2022,0.0,SEA,85,77,25.0,6.0,0.0,0.0,0.0,0.0,0.0,0.0,0.0,0.0,0.0,0.0,0.0,0.0,0.0,0.0,0.0,0.0,1.0,0.0,0.0,0.0,0.0,0.0,0.0,0.0,0.0,0.0,0.0,,,,,,,,,,,,,,,,,,,,,,,,,,,,,,,,,,,,,,,,,,,,,,,,,,,,,,,,,,,,,,,,,,,,,,,,,,,,,,,,,,,,,,,,,,,,,,,,,,,,,,,,,,,,,,,,,,,,,,,,,,,,,,,,,,,,,,,,,,,
LAS,2022,1.0,LVA,73,79,27.0,6.0,0.0,0.0,1.0,0.0,0.0,0.0,0.0,0.0,0.0,0.0,0.0,0.0,0.0,0.0,0.0,0.0,1.0,0.0,0.0,0.0,1.0,0.0,0.0,0.0,0.0,0.0,0.0,,,,,,,,,,,,,,,,,,,,,,,,,,,,,,,,,,,,,,,,,,,,,,,,,,,,,,,,,,,,,,,,,,,,,,,,,,,,,,,,,,,,,,,,,,,,,,,,,,,,,,,,,,,,,,,,,,,,,,,,,,,,,,,,,,,,,,,,,,,
LAS,2022,0.0,DAL,97,89,1.0,7.0,0.0,0.0,1.0,0.0,0.0,0.0,0.0,0.0,0.0,0.0,0.0,0.0,0.0,0.0,0.0,0.0,1.0,0.0,0.0,0.0,1.0,0.0,0.0,0.0,0.0,0.0,0.0,,,,,,,,,,,,,,,,,,,,,,,,,,,,,,,,,,,,,,,,,,,,,,,,,,,,,,,,,,,,,,,,,,,,,,,,,,,,,,,,,,,,,,,,,,,,,,,,,,,,,,,,,,,,,,,,,,,,,,,,,,,,,,,,,,,,,,,,,,,
LAS,2022,1.0,NYL,84,74,3.0,7.0,0.0,0.0,0.0,0.0,0.0,0.0,0.0,0.0,0.0,0.0,0.0,0.0,0.0,0.0,0.0,0.0,1.0,0.0,0.0,0.0,0.0,0.0,0.0,0.0,0.0,0.0,0.0,,,,,,,,,,,,,,,,,,,,,,,,,,,,,,,,,,,,,,,,,,,,,,,,,,,,,,,,,,,,,,,,,,,,,,,,,,,,,,,,,,,,,,,,,,,,,,,,,,,,,,,,,,,,,,,,,,,,,,,,,,,,,,,,,,,,,,,,,,,
LAS,2022,1.0,PHO,78,75,4.0,7.0,0.0,0.0,0.0,0.0,0.0,0.0,0.0,0.0,0.0,0.0,0.0,0.0,0.0,0.0,0.0,0.0,1.0,0.0,0.0,0.0,0.0,0.0,0.0,0.0,0.0,0.0,0.0,,,,,,,,,,,,,,,,,,,,,,,,,,,,,,,,,,,,,,,,,,,,,,,,,,,,,,,,,,,,,,,,,,,,,,,,,,,,,,,,,,,,,,,,,,,,,,,,,,,,,,,,,,,,,,,,,,,,,,,,,,,,,,,,,,,,,,,,,,,
LAS,2022,1.0,SEA,69,106,7.0,7.0,0.0,0.0,0.0,0.0,0.0,0.0,0.0,0.0,0.0,0.0,0.0,0.0,0.0,0.0,0.0,0.0,1.0,0.0,0.0,0.0,0.0,0.0,0.0,0.0,0.0,0.0,0.0,,,,,,,,,,,,,,,,,,,,,,,,,,,,,,,,,,,,,,,,,,,,,,,,,,,,,,,,,,,,,,,,,,,,,,,,,,,,,,,,,,,,,,,,,,,,,,,,,,,,,,,,,,,,,,,,,,,,,,,,,,,,,,,,,,,,,,,,,,,
LAS,2022,1.0,WAS,81,94,12.0,7.0,0.0,0.0,0.0,0.0,0.0,0.0,0.0,0.0,0.0,0.0,0.0,0.0,0.0,0.0,0.0,0.0,1.0,0.0,0.0,0.0,0.0,0.0,0.0,0.0,0.0,0.0,0.0,,,,,,,,,,,,,,,,,,,,,,,,,,,,,,,,,,,,,,,,,,,,,,,,,,,,,,,,,,,,,,,,,,,,,,,,,,,,,,,,,,,,,,,,,,,,,,,,,,,,,,,,,,,,,,,,,,,,,,,,,,,,,,,,,,,,,,,,,,,
LAS,2022,1.0,CHI,68,80,14.0,7.0,0.0,0.0,0.0,0.0,0.0,0.0,0.0,0.0,0.0,0.0,0.0,0.0,0.0,0.0,0.0,0.0,1.0,0.0,0.0,0.0,0.0,0.0,0.0,0.0,0.0,0.0,0.0,,,,,,,,,,,,,,,,,,,,,,,,,,,,,,,,,,,,,,,,,,,,,,,,,,,,,,,,,,,,,,,,,,,,,,,,,,,,,,,,,,,,,,,,,,,,,,,,,,,,,,,,,,,,,,,,,,,,,,,,,,,,,,,,,,,,,,,,,,,
LAS,2022,1.0,IND,86,79,19.0,7.0,0.0,0.0,0.0,0.0,0.0,0.0,0.0,0.0,0.0,0.0,0.0,0.0,0.0,0.0,0.0,0.0,1.0,0.0,0.0,0.0,0.0,0.0,0.0,0.0,0.0,0.0,0.0,,,,,,,,,,,,,,,,,,,,,,,,,,,,,,,,,,,,,,,,,,,,,,,,,,,,,,,,,,,,,,,,,,,,,,,,,,,,,,,,,,,,,,,,,,,,,,,,,,,,,,,,,,,,,,,,,,,,,,,,,,,,,,,,,,,,,,,,,,,
LAS,2022,1.0,ATL,85,78,21.0,7.0,0.0,0.0,1.0,0.0,0.0,0.0,0.0,0.0,0.0,0.0,0.0,0.0,0.0,0.0,0.0,0.0,1.0,0.0,0.0,0.0,1.0,0.0,0.0,0.0,0.0,0.0,0.0,,,,,,,,,,,,,,,,,,,,,,,,,,,,,,,,,,,,,,,,,,,,,,,,,,,,,,,,,,,,,,,,,,,,,,,,,,,,,,,,,,,,,,,,,,,,,,,,,,,,,,,,,,,,,,,,,,,,,,,,,,,,,,,,,,,,,,,,,,,
LAS,2022,0.0,LVA,66,84,23.0,7.0,0.0,0.0,1.0,0.0,0.0,0.0,0.0,0.0,0.0,0.0,0.0,0.0,0.0,0.0,0.0,0.0,1.0,0.0,0.0,0.0,1.0,0.0,0.0,0.0,0.0,0.0,0.0,,,,,,,,,,,,,,,,,,,,,,,,,,,,,,,,,,,,,,,,,,,,,,,,,,,,,,,,,,,,,,,,,,,,,,,,,,,,,,,,,,,,,,,,,,,,,,,,,,,,,,,,,,,,,,,,,,,,,,,,,,,,,,,,,,,,,,,,,,,
LAS,2022,0.0,PHO,80,90,28.0,7.0,0.0,0.0,1.0,0.0,0.0,0.0,0.0,0.0,0.0,0.0,0.0,0.0,0.0,0.0,0.0,0.0,1.0,0.0,0.0,0.0,1.0,0.0,0.0,0.0,0.0,0.0,0.0,,,,,,,,,,,,,,,,,,,,,,,,,,,,,,,,,,,,,,,,,,,,,,,,,,,,,,,,,,,,,,,,,,,,,,,,,,,,,,,,,,,,,,,,,,,,,,,,,,,,,,,,,,,,,,,,,,,,,,,,,,,,,,,,,,,,,,,,,,,
LAS,2022,1.0,MIN,77,84,31.0,7.0,0.0,0.0,1.0,0.0,0.0,0.0,0.0,0.0,0.0,0.0,0.0,0.0,0.0,0.0,0.0,0.0,1.0,0.0,0.0,0.0,1.0,0.0,0.0,0.0,0.0,0.0,0.0,,,,,,,,,,,,,,,,,,,,,,,,,,,,,,,,,,,,,,,,,,,,,,,,,,,,,,,,,,,,,,,,,,,,,,,,,,,,,,,,,,,,,,,,,,,,,,,,,,,,,,,,,,,,,,,,,,,,,,,,,,,,,,,,,,,,,,,,,,,
LAS,2022,0.0,NYL,73,102,2.0,8.0,0.0,0.0,1.0,0.0,0.0,0.0,0.0,0.0,0.0,0.0,0.0,0.0,0.0,0.0,0.0,0.0,1.0,0.0,0.0,0.0,1.0,0.0,0.0,0.0,0.0,0.0,0.0,,,,,,,,,,,,,,,,,,,,,,,,,,,,,,,,,,,,,,,,,,,,,,,,,,,,,,,,,,,,,,,,,,,,,,,,,,,,,,,,,,,,,,,,,,,,,,,,,,,,,,,,,,,,,,,,,,,,,,,,,,,,,,,,,,,,,,,,,,,
LAS,2022,0.0,NYL,61,64,3.0,8.0,0.0,0.0,0.0,0.0,0.0,0.0,0.0,0.0,0.0,0.0,0.0,0.0,0.0,0.0,0.0,0.0,1.0,0.0,0.0,0.0,0.0,0.0,0.0,0.0,0.0,0.0,0.0,,,,,,,,,,,,,,,,,,,,,,,,,,,,,,,,,,,,,,,,,,,,,,,,,,,,,,,,,,,,,,,,,,,,,,,,,,,,,,,,,,,,,,,,,,,,,,,,,,,,,,,,,,,,,,,,,,,,,,,,,,,,,,,,,,,,,,,,,,,
LAS,2022,0.0,ATL,86,88,5.0,8.0,0.0,0.0,0.0,0.0,0.0,0.0,0.0,0.0,0.0,0.0,0.0,0.0,0.0,0.0,0.0,0.0,1.0,0.0,0.0,0.0,0.0,0.0,0.0,0.0,0.0,0.0,0.0,,,,,,,,,,,,,,,,,,,,,,,,,,,,,,,,,,,,,,,,,,,,,,,,,,,,,,,,,,,,,,,,,,,,,,,,,,,,,,,,,,,,,,,,,,,,,,,,,,,,,,,,,,,,,,,,,,,,,,,,,,,,,,,,,,,,,,,,,,,
LAS,2022,0.0,WAS,79,76,7.0,8.0,0.0,0.0,0.0,0.0,0.0,0.0,0.0,0.0,0.0,0.0,0.0,0.0,0.0,0.0,0.0,0.0,1.0,0.0,0.0,0.0,0.0,0.0,0.0,0.0,0.0,0.0,0.0,,,,,,,,,,,,,,,,,,,,,,,,,,,,,,,,,,,,,,,,,,,,,,,,,,,,,,,,,,,,,,,,,,,,,,,,,,,,,,,,,,,,,,,,,,,,,,,,,,,,,,,,,,,,,,,,,,,,,,,,,,,,,,,,,,,,,,,,,,,
LAS,2022,1.0,CON,71,97,9.0,8.0,0.0,0.0,0.0,0.0,0.0,0.0,0.0,0.0,0.0,0.0,0.0,0.0,0.0,0.0,0.0,0.0,1.0,0.0,0.0,0.0,0.0,0.0,0.0,0.0,0.0,0.0,0.0,,,,,,,,,,,,,,,,,,,,,,,,,,,,,,,,,,,,,,,,,,,,,,,,,,,,,,,,,,,,,,,,,,,,,,,,,,,,,,,,,,,,,,,,,,,,,,,,,,,,,,,,,,,,,,,,,,,,,,,,,,,,,,,,,,,,,,,,,,,
LAS,2022,1.0,CON,69,93,11.0,8.0,0.0,0.0,1.0,0.0,0.0,0.0,0.0,0.0,0.0,0.0,0.0,0.0,0.0,0.0,0.0,0.0,1.0,0.0,0.0,0.0,1.0,0.0,0.0,0.0,0.0,0.0,0.0,,,,,,,,,,,,,,,,,,,,,,,,,,,,,,,,,,,,,,,,,,,,,,,,,,,,,,,,,,,,,,,,,,,,,,,,,,,,,,,,,,,,,,,,,,,,,,,,,,,,,,,,,,,,,,,,,,,,,,,,,,,,,,,,,,,,,,,,,,,
LAS,2022,1.0,DAL,88,116,14.0,8.0,0.0,0.0,1.0,0.0,0.0,0.0,0.0,0.0,0.0,0.0,0.0,0.0,0.0,0.0,0.0,0.0,1.0,0.0,0.0,0.0,1.0,0.0,0.0,0.0,0.0,0.0,0.0,,,,,,,,,,,,,,,,,,,,,,,,,,,,,,,,,,,,,,,,,,,,,,,,,,,,,,,,,,,,,,,,,,,,,,,,,,,,,,,,,,,,,,,,,,,,,,,,,,,,,,,,,,,,,,,,,,,,,,,,,,,,,,,,,,,,,,,,,,,
MIN,2022,0.0,SEA,74,97,6.0,5.0,0.0,0.0,0.0,0.0,0.0,0.0,0.0,0.0,0.0,0.0,0.0,0.0,0.0,0.0,0.0,0.0,0.0,0.0,0.0,0.0,0.0,0.0,0.0,0.0,0.0,0.0,0.0,,,,,,,,,,,,,,,,,,,,,,,,,,,,,,,,,,,,,,,,,,,,,,,,,,,,,,,,,,,,,,,,,,,,,,,,,,,,,,,,,,,,,,,,,,,,,,,,,,,,,,,,,,,,,,,,,,,,,,,,,,,,,,,,,,,,,,,,,,,
MIN,2022,1.0,WAS,66,78,8.0,5.0,0.0,0.0,0.0,0.0,0.0,0.0,0.0,0.0,0.0,0.0,0.0,0.0,0.0,0.0,0.0,0.0,0.0,0.0,0.0,0.0,0.0,0.0,0.0,0.0,0.0,0.0,0.0,,,,,,,,,,,,,,,,,,,,,,,,,,,,,,,,,,,,,,,,,,,,,,,,,,,,,,,,,,,,,,,,,,,,,,,,,,,,,,,,,,,,,,,,,,,,,,,,,,,,,,,,,,,,,,,,,,,,,,,,,,,,,,,,,,,,,,,,,,,
MIN,2022,0.0,IND,76,82,10.0,5.0,0.0,0.0,0.0,0.0,0.0,0.0,0.0,0.0,0.0,0.0,0.0,0.0,0.0,0.0,0.0,0.0,0.0,0.0,0.0,0.0,0.0,0.0,0.0,0.0,0.0,0.0,0.0,,,,,,,,,,,,,,,,,,,,,,,,,,,,,,,,,,,,,,,,,,,,,,,,,,,,,,,,,,,,,,,,,,,,,,,,,,,,,,,,,,,,,,,,,,,,,,,,,,,,,,,,,,,,,,,,,,,,,,,,,,,,,,,,,,,,,,,,,,,
MIN,2022,1.0,CHI,78,82,14.0,5.0,0.0,0.0,0.0,0.0,0.0,0.0,0.0,0.0,0.0,0.0,0.0,0.0,0.0,0.0,0.0,0.0,0.0,0.0,0.0,0.0,0.0,0.0,0.0,0.0,0.0,0.0,0.0,,,,,,,,,,,,,,,,,,,,,,,,,,,,,,,,,,,,,,,,,,,,,,,,,,,,,,,,,,,,,,,,,,,,,,,,,,,,,,,,,,,,,,,,,,,,,,,,,,,,,,,,,,,,,,,,,,,,,,,,,,,,,,,,,,,,,,,,,,,
MIN,2022,0.0,LAS,87,84,17.0,5.0,0.0,0.0,0.0,0.0,0.0,0.0,0.0,0.0,0.0,0.0,0.0,0.0,0.0,0.0,0.0,0.0,0.0,0.0,0.0,0.0,0.0,0.0,0.0,0.0,0.0,0.0,0.0,,,,,,,,,,,,,,,,,,,,,,,,,,,,,,,,,,,,,,,,,,,,,,,,,,,,,,,,,,,,,,,,,,,,,,,,,,,,,,,,,,,,,,,,,,,,,,,,,,,,,,,,,,,,,,,,,,,,,,,,,,,,,,,,,,,,,,,,,,,
MIN,2022,0.0,LVA,87,93,19.0,5.0,0.0,0.0,0.0,0.0,0.0,0.0,0.0,0.0,0.0,0.0,0.0,0.0,0.0,0.0,0.0,0.0,0.0,0.0,0.0,0.0,0.0,0.0,0.0,0.0,0.0,0.0,0.0,,,,,,,,,,,,,,,,,,,,,,,,,,,,,,,,,,,,,,,,,,,,,,,,,,,,,,,,,,,,,,,,,,,,,,,,,,,,,,,,,,,,,,,,,,,,,,,,,,,,,,,,,,,,,,,,,,,,,,,,,,,,,,,,,,,,,,,,,,,
MIN,2022,0.0,DAL,78,94,21.0,5.0,0.0,0.0,0.0,0.0,0.0,0.0,0.0,0.0,0.0,0.0,0.0,0.0,0.0,0.0,0.0,0.0,0.0,0.0,0.0,0.0,0.0,0.0,0.0,0.0,0.0,0.0,0.0,,,,,,,,,,,,,,,,,,,,,,,,,,,,,,,,,,,,,,,,,,,,,,,,,,,,,,,,,,,,,,,,,,,,,,,,,,,,,,,,,,,,,,,,,,,,,,,,,,,,,,,,,,,,,,,,,,,,,,,,,,,,,,,,,,,,,,,,,,,
MIN,2022,1.0,NYL,84,78,24.0,5.0,0.0,0.0,0.0,0.0,0.0,0.0,0.0,0.0,0.0,0.0,0.0,0.0,0.0,0.0,0.0,0.0,0.0,0.0,0.0,0.0,0.0,0.0,0.0,0.0,0.0,0.0,0.0,,,,,,,,,,,,,,,,,,,,,,,,,,,,,,,,,,,,,,,,,,,,,,,,,,,,,,,,,,,,,,,,,,,,,,,,,,,,,,,,,,,,,,,,,,,,,,,,,,,,,,,,,,,,,,,,,,,,,,,,,,,,,,,,,,,,,,,,,,,
MIN,2022,1.0,LAS,83,85,29.0,5.0,0.0,0.0,0.0,0.0,0.0,0.0,0.0,0.0,0.0,0.0,0.0,0.0,0.0,0.0,0.0,0.0,0.0,0.0,0.0,0.0,0.0,0.0,0.0,0.0,0.0,0.0,0.0,,,,,,,,,,,,,,,,,,,,,,,,,,,,,,,,,,,,,,,,,,,,,,,,,,,,,,,,,,,,,,,,,,,,,,,,,,,,,,,,,,,,,,,,,,,,,,,,,,,,,,,,,,,,,,,,,,,,,,,,,,,,,,,,,,,,,,,,,,,
MIN,2022,0.0,ATL,76,84,1.0,6.0,0.0,0.0,0.0,0.0,0.0,0.0,0.0,0.0,0.0,0.0,0.0,0.0,0.0,0.0,0.0,0.0,0.0,0.0,0.0,0.0,0.0,0.0,0.0,0.0,0.0,0.0,0.0,,,,,,,,,,,,,,,,,,,,,,,,,,,,,,,,,,,,,,,,,,,,,,,,,,,,,,,,,,,,,,,,,,,,,,,,,,,,,,,,,,,,,,,,,,,,,,,,,,,,,,,,,,,,,,,,,,,,,,,,,,,,,,,,,,,,,,,,,,,
MIN,2022,0.0,NYL,84,77,5.0,6.0,0.0,0.0,0.0,0.0,0.0,0.0,0.0,0.0,0.0,0.0,0.0,0.0,0.0,0.0,0.0,0.0,0.0,0.0,0.0,0.0,0.0,0.0,0.0,0.0,0.0,0.0,0.0,,,,,,,,,,,,,,,,,,,,,,,,,,,,,,,,,,,,,,,,,,,,,,,,,,,,,,,,,,,,,,,,,,,,,,,,,,,,,,,,,,,,,,,,,,,,,,,,,,,,,,,,,,,,,,,,,,,,,,,,,,,,,,,,,,,,,,,,,,,
MIN,2022,0.0,NYL,69,88,7.0,6.0,0.0,0.0,0.0,0.0,0.0,0.0,0.0,0.0,0.0,0.0,0.0,0.0,0.0,0.0,0.0,0.0,0.0,0.0,0.0,0.0,0.0,0.0,0.0,0.0,0.0,0.0,0.0,,,,,,,,,,,,,,,,,,,,,,,,,,,,,,,,,,,,,,,,,,,,,,,,,,,,,,,,,,,,,,,,,,,,,,,,,,,,,,,,,,,,,,,,,,,,,,,,,,,,,,,,,,,,,,,,,,,,,,,,,,,,,,,,,,,,,,,,,,,
MIN,2022,1.0,WAS,59,76,10.0,6.0,0.0,0.0,0.0,0.0,0.0,0.0,0.0,0.0,0.0,0.0,0.0,0.0,0.0,0.0,0.0,0.0,0.0,0.0,0.0,0.0,0.0,0.0,0.0,0.0,0.0,0.0,0.0,,,,,,,,,,,,,,,,,,,,,,,,,,,,,,,,,,,,,,,,,,,,,,,,,,,,,,,,,,,,,,,,,,,,,,,,,,,,,,,,,,,,,,,,,,,,,,,,,,,,,,,,,,,,,,,,,,,,,,,,,,,,,,,,,,,,,,,,,,,
MIN,2022,1.0,IND,80,84,12.0,6.0,0.0,0.0,0.0,0.0,0.0,0.0,0.0,0.0,0.0,0.0,0.0,0.0,0.0,0.0,0.0,0.0,0.0,0.0,0.0,0.0,0.0,0.0,0.0,0.0,0.0,0.0,0.0,,,,,,,,,,,,,,,,,,,,,,,,,,,,,,,,,,,,,,,,,,,,,,,,,,,,,,,,,,,,,,,,,,,,,,,,,,,,,,,,,,,,,,,,,,,,,,,,,,,,,,,,,,,,,,,,,,,,,,,,,,,,,,,,,,,,,,,,,,,
MIN,2022,1.0,SEA,79,81,14.0,6.0,0.0,0.0,0.0,0.0,0.0,0.0,0.0,0.0,0.0,0.0,0.0,0.0,0.0,0.0,0.0,0.0,0.0,0.0,0.0,0.0,0.0,0.0,0.0,0.0,0.0,0.0,0.0,,,,,,,,,,,,,,,,,,,,,,,,,,,,,,,,,,,,,,,,,,,,,,,,,,,,,,,,,,,,,,,,,,,,,,,,,,,,,,,,,,,,,,,,,,,,,,,,,,,,,,,,,,,,,,,,,,,,,,,,,,,,,,,,,,,,,,,,,,,
MIN,2022,0.0,LVA,95,96,19.0,6.0,0.0,0.0,0.0,0.0,0.0,0.0,0.0,0.0,0.0,0.0,0.0,0.0,0.0,0.0,0.0,0.0,0.0,0.0,0.0,0.0,0.0,0.0,0.0,0.0,0.0,0.0,0.0,,,,,,,,,,,,,,,,,,,,,,,,,,,,,,,,,,,,,,,,,,,,,,,,,,,,,,,,,,,,,,,,,,,,,,,,,,,,,,,,,,,,,,,,,,,,,,,,,,,,,,,,,,,,,,,,,,,,,,,,,,,,,,,,,,,,,,,,,,,
MIN,2022,0.0,PHO,84,71,21.0,6.0,0.0,0.0,0.0,0.0,0.0,0.0,0.0,0.0,0.0,0.0,0.0,0.0,0.0,0.0,0.0,0.0,0.0,0.0,0.0,0.0,0.0,0.0,0.0,0.0,0.0,0.0,0.0,,,,,,,,,,,,,,,,,,,,,,,,,,,,,,,,,,,,,,,,,,,,,,,,,,,,,,,,,,,,,,,,,,,,,,,,,,,,,,,,,,,,,,,,,,,,,,,,,,,,,,,,,,,,,,,,,,,,,,,,,,,,,,,,,,,,,,,,,,,
MIN,2022,1.0,PHO,100,88,23.0,6.0,0.0,0.0,0.0,0.0,0.0,0.0,0.0,0.0,0.0,0.0,0.0,0.0,0.0,0.0,0.0,0.0,0.0,0.0,0.0,0.0,0.0,0.0,0.0,0.0,0.0,0.0,0.0,,,,,,,,,,,,,,,,,,,,,,,,,,,,,,,,,,,,,,,,,,,,,,,,,,,,,,,,,,,,,,,,,,,,,,,,,,,,,,,,,,,,,,,,,,,,,,,,,,,,,,,,,,,,,,,,,,,,,,,,,,,,,,,,,,,,,,,,,,,
MIN,2022,0.0,CHI,85,88,26.0,6.0,0.0,0.0,0.0,0.0,0.0,0.0,0.0,0.0,0.0,0.0,0.0,0.0,0.0,0.0,0.0,0.0,0.0,0.0,0.0,0.0,0.0,0.0,0.0,0.0,0.0,0.0,0.0,,,,,,,,,,,,,,,,,,,,,,,,,,,,,,,,,,,,,,,,,,,,,,,,,,,,,,,,,,,,,,,,,,,,,,,,,,,,,,,,,,,,,,,,,,,,,,,,,,,,,,,,,,,,,,,,,,,,,,,,,,,,,,,,,,,,,,,,,,,
MIN,2022,1.0,DAL,92,64,28.0,6.0,0.0,0.0,0.0,0.0,0.0,0.0,0.0,0.0,0.0,0.0,0.0,0.0,0.0,0.0,0.0,0.0,0.0,0.0,0.0,0.0,0.0,0.0,0.0,0.0,0.0,0.0,0.0,,,,,,,,,,,,,,,,,,,,,,,,,,,,,,,,,,,,,,,,,,,,,,,,,,,,,,,,,,,,,,,,,,,,,,,,,,,,,,,,,,,,,,,,,,,,,,,,,,,,,,,,,,,,,,,,,,,,,,,,,,,,,,,,,,,,,,,,,,,
MIN,2022,1.0,LVA,85,91,1.0,7.0,0.0,0.0,0.0,0.0,0.0,0.0,0.0,0.0,0.0,0.0,0.0,0.0,0.0,0.0,0.0,0.0,0.0,0.0,0.0,0.0,0.0,0.0,0.0,0.0,0.0,0.0,0.0,,,,,,,,,,,,,,,,,,,,,,,,,,,,,,,,,,,,,,,,,,,,,,,,,,,,,,,,,,,,,,,,,,,,,,,,,,,,,,,,,,,,,,,,,,,,,,,,,,,,,,,,,,,,,,,,,,,,,,,,,,,,,,,,,,,,,,,,,,,
MIN,2022,1.0,LVA,102,71,3.0,7.0,0.0,0.0,0.0,0.0,0.0,0.0,0.0,0.0,0.0,0.0,0.0,0.0,0.0,0.0,0.0,0.0,0.0,0.0,0.0,0.0,0.0,0.0,0.0,0.0,0.0,0.0,0.0,,,,,,,,,,,,,,,,,,,,,,,,,,,,,,,,,,,,,,,,,,,,,,,,,,,,,,,,,,,,,,,,,,,,,,,,,,,,,,,,,,,,,,,,,,,,,,,,,,,,,,,,,,,,,,,,,,,,,,,,,,,,,,,,,,,,,,,,,,,
MIN,2022,1.0,CHI,81,78,6.0,7.0,0.0,0.0,0.0,0.0,0.0,0.0,0.0,0.0,0.0,0.0,0.0,0.0,0.0,0.0,0.0,0.0,0.0,0.0,0.0,0.0,0.0,0.0,0.0,0.0,0.0,0.0,0.0,,,,,,,,,,,,,,,,,,,,,,,,,,,,,,,,,,,,,,,,,,,,,,,,,,,,,,,,,,,,,,,,,,,,,,,,,,,,,,,,,,,,,,,,,,,,,,,,,,,,,,,,,,,,,,,,,,,,,,,,,,,,,,,,,,,,,,,,,,,
MIN,2022,1.0,PHO,118,107,12.0,7.0,0.0,0.0,0.0,0.0,0.0,0.0,0.0,0.0,0.0,0.0,0.0,0.0,0.0,0.0,0.0,0.0,0.0,0.0,0.0,0.0,0.0,0.0,0.0,0.0,0.0,0.0,0.0,,,,,,,,,,,,,,,,,,,,,,,,,,,,,,,,,,,,,,,,,,,,,,,,,,,,,,,,,,,,,,,,,,,,,,,,,,,,,,,,,,,,,,,,,,,,,,,,,,,,,,,,,,,,,,,,,,,,,,,,,,,,,,,,,,,,,,,,,,,
MIN,2022,1.0,DAL,87,92,14.0,7.0,0.0,0.0,0.0,0.0,0.0,0.0,0.0,0.0,0.0,0.0,0.0,0.0,0.0,0.0,0.0,0.0,0.0,0.0,0.0,0.0,0.0,0.0,0.0,0.0,0.0,0.0,0.0,,,,,,,,,,,,,,,,,,,,,,,,,,,,,,,,,,,,,,,,,,,,,,,,,,,,,,,,,,,,,,,,,,,,,,,,,,,,,,,,,,,,,,,,,,,,,,,,,,,,,,,,,,,,,,,,,,,,,,,,,,,,,,,,,,,,,,,,,,,
MIN,2022,0.0,IND,87,77,15.0,7.0,0.0,0.0,0.0,0.0,0.0,0.0,0.0,0.0,0.0,0.0,0.0,0.0,0.0,0.0,0.0,0.0,0.0,0.0,0.0,0.0,0.0,0.0,0.0,0.0,0.0,0.0,0.0,,,,,,,,,,,,,,,,,,,,,,,,,,,,,,,,,,,,,,,,,,,,,,,,,,,,,,,,,,,,,,,,,,,,,,,,,,,,,,,,,,,,,,,,,,,,,,,,,,,,,,,,,,,,,,,,,,,,,,,,,,,,,,,,,,,,,,,,,,,
MIN,2022,0.0,WAS,57,70,17.0,7.0,0.0,0.0,0.0,0.0,0.0,0.0,0.0,0.0,0.0,0.0,0.0,0.0,0.0,0.0,0.0,0.0,0.0,0.0,0.0,0.0,0.0,0.0,0.0,0.0,0.0,0.0,0.0,,,,,,,,,,,,,,,,,,,,,,,,,,,,,,,,,,,,,,,,,,,,,,,,,,,,,,,,,,,,,,,,,,,,,,,,,,,,,,,,,,,,,,,,,,,,,,,,,,,,,,,,,,,,,,,,,,,,,,,,,,,,,,,,,,,,,,,,,,,
MIN,2022,1.0,CON,84,94,22.0,7.0,0.0,0.0,0.0,0.0,0.0,0.0,0.0,0.0,0.0,0.0,0.0,0.0,0.0,0.0,0.0,0.0,0.0,0.0,0.0,0.0,0.0,0.0,0.0,0.0,0.0,0.0,0.0,,,,,,,,,,,,,,,,,,,,,,,,,,,,,,,,,,,,,,,,,,,,,,,,,,,,,,,,,,,,,,,,,,,,,,,,,,,,,,,,,,,,,,,,,,,,,,,,,,,,,,,,,,,,,,,,,,,,,,,,,,,,,,,,,,,,,,,,,,,
MIN,2022,1.0,CON,79,86,24.0,7.0,0.0,0.0,0.0,0.0,0.0,0.0,0.0,0.0,0.0,0.0,0.0,0.0,0.0,0.0,0.0,0.0,0.0,0.0,0.0,0.0,0.0,0.0,0.0,0.0,0.0,0.0,0.0,,,,,,,,,,,,,,,,,,,,,,,,,,,,,,,,,,,,,,,,,,,,,,,,,,,,,,,,,,,,,,,,,,,,,,,,,,,,,,,,,,,,,,,,,,,,,,,,,,,,,,,,,,,,,,,,,,,,,,,,,,,,,,,,,,,,,,,,,,,
MIN,2022,0.0,ATL,92,85,28.0,7.0,0.0,0.0,0.0,0.0,0.0,0.0,0.0,0.0,0.0,0.0,0.0,0.0,0.0,0.0,0.0,0.0,0.0,0.0,0.0,0.0,0.0,0.0,0.0,0.0,0.0,0.0,0.0,,,,,,,,,,,,,,,,,,,,,,,,,,,,,,,,,,,,,,,,,,,,,,,,,,,,,,,,,,,,,,,,,,,,,,,,,,,,,,,,,,,,,,,,,,,,,,,,,,,,,,,,,,,,,,,,,,,,,,,,,,,,,,,,,,,,,,,,,,,
MIN,2022,0.0,LAS,84,77,31.0,7.0,0.0,0.0,0.0,0.0,0.0,0.0,0.0,0.0,0.0,0.0,0.0,0.0,0.0,0.0,0.0,0.0,0.0,0.0,0.0,0.0,0.0,0.0,0.0,0.0,0.0,0.0,0.0,,,,,,,,,,,,,,,,,,,,,,,,,,,,,,,,,,,,,,,,,,,,,,,,,,,,,,,,,,,,,,,,,,,,,,,,,,,,,,,,,,,,,,,,,,,,,,,,,,,,,,,,,,,,,,,,,,,,,,,,,,,,,,,,,,,,,,,,,,,
MIN,2022,0.0,SEA,77,89,3.0,8.0,0.0,0.0,0.0,0.0,0.0,0.0,0.0,0.0,0.0,0.0,0.0,0.0,0.0,0.0,0.0,0.0,0.0,0.0,0.0,0.0,0.0,0.0,0.0,0.0,0.0,0.0,0.0,,,,,,,,,,,,,,,,,,,,,,,,,,,,,,,,,,,,,,,,,,,,,,,,,,,,,,,,,,,,,,,,,,,,,,,,,,,,,,,,,,,,,,,,,,,,,,,,,,,,,,,,,,,,,,,,,,,,,,,,,,,,,,,,,,,,,,,,,,,
MIN,2022,1.0,ATL,81,71,7.0,8.0,0.0,0.0,0.0,0.0,0.0,0.0,0.0,0.0,0.0,0.0,0.0,0.0,0.0,0.0,0.0,0.0,0.0,0.0,0.0,0.0,0.0,0.0,0.0,0.0,0.0,0.0,0.0,,,,,,,,,,,,,,,,,,,,,,,,,,,,,,,,,,,,,,,,,,,,,,,,,,,,,,,,,,,,,,,,,,,,,,,,,,,,,,,,,,,,,,,,,,,,,,,,,,,,,,,,,,,,,,,,,,,,,,,,,,,,,,,,,,,,,,,,,,,
MIN,2022,0.0,PHO,86,77,10.0,8.0,0.0,0.0,0.0,0.0,0.0,0.0,0.0,0.0,0.0,0.0,0.0,0.0,0.0,0.0,0.0,0.0,0.0,0.0,0.0,0.0,0.0,0.0,0.0,0.0,0.0,0.0,0.0,,,,,,,,,,,,,,,,,,,,,,,,,,,,,,,,,,,,,,,,,,,,,,,,,,,,,,,,,,,,,,,,,,,,,,,,,,,,,,,,,,,,,,,,,,,,,,,,,,,,,,,,,,,,,,,,,,,,,,,,,,,,,,,,,,,,,,,,,,,
MIN,2022,1.0,SEA,69,96,12.0,8.0,0.0,0.0,0.0,0.0,0.0,0.0,0.0,0.0,0.0,0.0,0.0,0.0,0.0,0.0,0.0,0.0,0.0,0.0,0.0,0.0,0.0,0.0,0.0,0.0,0.0,0.0,0.0,,,,,,,,,,,,,,,,,,,,,,,,,,,,,,,,,,,,,,,,,,,,,,,,,,,,,,,,,,,,,,,,,,,,,,,,,,,,,,,,,,,,,,,,,,,,,,,,,,,,,,,,,,,,,,,,,,,,,,,,,,,,,,,,,,,,,,,,,,,
MIN,2022,0.0,CON,83,90,14.0,8.0,0.0,0.0,0.0,0.0,0.0,0.0,0.0,0.0,0.0,0.0,0.0,0.0,0.0,0.0,0.0,0.0,0.0,0.0,0.0,0.0,0.0,0.0,0.0,0.0,0.0,0.0,0.0,,,,,,,,,,,,,,,,,,,,,,,,,,,,,,,,,,,,,,,,,,,,,,,,,,,,,,,,,,,,,,,,,,,,,,,,,,,,,,,,,,,,,,,,,,,,,,,,,,,,,,,,,,,,,,,,,,,,,,,,,,,,,,,,,,,,,,,,,,,
NYL,2022,1.0,CON,81,79,7.0,5.0,1.0,1.0,0.0,0.0,0.0,0.0,0.0,1.0,1.0,1.0,0.0,1.0,0.0,0.0,0.0,1.0,1.0,1.0,0.0,0.0,1.0,0.0,0.0,1.0,1.0,1.0,1.0,,,,,,,,,,,,,,,,,,,,,,,,,,,,,,,,,,,,,,,,,,,,,,,,,,,,,,,,,,,,,,,,,,,,,,,,,,,,,,,,,,,,,,,,,,,,,,,,,,,,,,,,,,,,,,,,,,,,,,,,,,,,,,,,,,,,,,,,,,,
NYL,2022,0.0,CHI,50,83,11.0,5.0,1.0,1.0,0.0,0.0,0.0,0.0,0.0,1.0,1.0,1.0,0.0,1.0,0.0,0.0,0.0,1.0,1.0,1.0,0.0,0.0,1.0,0.0,0.0,1.0,1.0,1.0,1.0,,,,,,,,,,,,,,,,,,,,,,,,,,,,,,,,,,,,,,,,,,,,,,,,,,,,,,,,,,,,,,,,,,,,,,,,,,,,,,,,,,,,,,,,,,,,,,,,,,,,,,,,,,,,,,,,,,,,,,,,,,,,,,,,,,,,,,,,,,,
NYL,2022,1.0,IND,86,92,13.0,5.0,1.0,1.0,0.0,0.0,0.0,0.0,0.0,1.0,1.0,1.0,0.0,1.0,0.0,0.0,1.0,1.0,1.0,1.0,0.0,0.0,1.0,0.0,0.0,1.0,1.0,1.0,1.0,,,,,,,,,,,,,,,,,,,,,,,,,,,,,,,,,,,,,,,,,,,,,,,,,,,,,,,,,,,,,,,,,,,,,,,,,,,,,,,,,,,,,,,,,,,,,,,,,,,,,,,,,,,,,,,,,,,,,,,,,,,,,,,,,,,,,,,,,,,
NYL,2022,1.0,DAL,71,81,15.0,5.0,1.0,1.0,0.0,0.0,0.0,0.0,0.0,1.0,1.0,1.0,0.0,1.0,0.0,0.0,0.0,1.0,1.0,1.0,0.0,0.0,1.0,0.0,0.0,1.0,1.0,1.0,1.0,,,,,,,,,,,,,,,,,,,,,,,,,,,,,,,,,,,,,,,,,,,,,,,,,,,,,,,,,,,,,,,,,,,,,,,,,,,,,,,,,,,,,,,,,,,,,,,,,,,,,,,,,,,,,,,,,,,,,,,,,,,,,,,,,,,,,,,,,,,
NYL,2022,1.0,CON,65,92,17.0,5.0,1.0,1.0,0.0,0.0,0.0,0.0,0.0,1.0,1.0,1.0,0.0,1.0,0.0,0.0,0.0,1.0,1.0,1.0,0.0,0.0,1.0,0.0,0.0,1.0,1.0,1.0,1.0,,,,,,,,,,,,,,,,,,,,,,,,,,,,,,,,,,,,,,,,,,,,,,,,,,,,,,,,,,,,,,,,,,,,,,,,,,,,,,,,,,,,,,,,,,,,,,,,,,,,,,,,,,,,,,,,,,,,,,,,,,,,,,,,,,,,,,,,,,,
NYL,2022,0.0,MIN,78,84,24.0,5.0,1.0,1.0,0.0,0.0,0.0,0.0,0.0,1.0,1.0,1.0,0.0,1.0,0.0,0.0,0.0,1.0,0.0,1.0,0.0,0.0,1.0,0.0,0.0,1.0,1.0,1.0,1.0,,,,,,,,,,,,,,,,,,,,,,,,,,,,,,,,,,,,,,,,,,,,,,,,,,,,,,,,,,,,,,,,,,,,,,,,,,,,,,,,,,,,,,,,,,,,,,,,,,,,,,,,,,,,,,,,,,,,,,,,,,,,,,,,,,,,,,,,,,,
NYL,2022,0.0,SEA,71,79,27.0,5.0,1.0,1.0,0.0,0.0,0.0,0.0,0.0,1.0,1.0,1.0,0.0,1.0,0.0,0.0,0.0,1.0,0.0,1.0,0.0,0.0,1.0,0.0,0.0,1.0,1.0,1.0,1.0,,,,,,,,,,,,,,,,,,,,,,,,,,,,,,,,,,,,,,,,,,,,,,,,,,,,,,,,,,,,,,,,,,,,,,,,,,,,,,,,,,,,,,,,,,,,,,,,,,,,,,,,,,,,,,,,,,,,,,,,,,,,,,,,,,,,,,,,,,,
NYL,2022,0.0,SEA,61,92,29.0,5.0,1.0,1.0,0.0,0.0,0.0,0.0,0.0,1.0,1.0,1.0,0.0,1.0,0.0,0.0,0.0,1.0,0.0,1.0,0.0,0.0,1.0,0.0,0.0,1.0,1.0,1.0,1.0,,,,,,,,,,,,,,,,,,,,,,,,,,,,,,,,,,,,,,,,,,,,,,,,,,,,,,,,,,,,,,,,,,,,,,,,,,,,,,,,,,,,,,,,,,,,,,,,,,,,,,,,,,,,,,,,,,,,,,,,,,,,,,,,,,,,,,,,,,,
NYL,2022,1.0,IND,87,74,1.0,6.0,1.0,1.0,0.0,0.0,0.0,0.0,0.0,1.0,1.0,1.0,0.0,1.0,0.0,0.0,0.0,1.0,1.0,1.0,0.0,0.0,1.0,0.0,0.0,1.0,1.0,1.0,1.0,,,,,,,,,,,,,,,,,,,,,,,,,,,,,,,,,,,,,,,,,,,,,,,,,,,,,,,,,,,,,,,,,,,,,,,,,,,,,,,,,,,,,,,,,,,,,,,,,,,,,,,,,,,,,,,,,,,,,,,,,,,,,,,,,,,,,,,,,,,
NYL,2022,0.0,WAS,74,70,3.0,6.0,1.0,1.0,0.0,0.0,0.0,0.0,0.0,1.0,1.0,1.0,0.0,1.0,0.0,0.0,0.0,1.0,0.0,1.0,0.0,0.0,1.0,0.0,0.0,1.0,1.0,1.0,1.0,,,,,,,,,,,,,,,,,,,,,,,,,,,,,,,,,,,,,,,,,,,,,,,,,,,,,,,,,,,,,,,,,,,,,,,,,,,,,,,,,,,,,,,,,,,,,,,,,,,,,,,,,,,,,,,,,,,,,,,,,,,,,,,,,,,,,,,,,,,
NYL,2022,1.0,MIN,77,84,5.0,6.0,1.0,1.0,0.0,0.0,0.0,0.0,0.0,1.0,1.0,1.0,0.0,1.0,0.0,0.0,0.0,1.0,0.0,1.0,0.0,0.0,1.0,0.0,0.0,1.0,1.0,1.0,1.0,,,,,,,,,,,,,,,,,,,,,,,,,,,,,,,,,,,,,,,,,,,,,,,,,,,,,,,,,,,,,,,,,,,,,,,,,,,,,,,,,,,,,,,,,,,,,,,,,,,,,,,,,,,,,,,,,,,,,,,,,,,,,,,,,,,,,,,,,,,
NYL,2022,1.0,MIN,88,69,7.0,6.0,1.0,1.0,0.0,0.0,0.0,0.0,0.0,1.0,1.0,1.0,0.0,1.0,0.0,0.0,0.0,1.0,1.0,1.0,0.0,0.0,1.0,0.0,0.0,1.0,1.0,1.0,1.0,,,,,,,,,,,,,,,,,,,,,,,,,,,,,,,,,,,,,,,,,,,,,,,,,,,,,,,,,,,,,,,,,,,,,,,,,,,,,,,,,,,,,,,,,,,,,,,,,,,,,,,,,,,,,,,,,,,,,,,,,,,,,,,,,,,,,,,,,,,
NYL,2022,0.0,IND,97,83,10.0,6.0,1.0,1.0,0.0,0.0,0.0,0.0,0.0,1.0,1.0,1.0,0.0,1.0,0.0,0.0,0.0,1.0,1.0,1.0,0.0,0.0,1.0,0.0,0.0,1.0,1.0,1.0,1.0,,,,,,,,,,,,,,,,,,,,,,,,,,,,,,,,,,,,,,,,,,,,,,,,,,,,,,,,,,,,,,,,,,,,,,,,,,,,,,,,,,,,,,,,,,,,,,,,,,,,,,,,,,,,,,,,,,,,,,,,,,,,,,,,,,,,,,,,,,,
NYL,2022,1.0,CHI,86,88,12.0,6.0,1.0,1.0,0.0,0.0,0.0,0.0,0.0,1.0,1.0,1.0,0.0,1.0,0.0,0.0,0.0,1.0,0.0,1.0,0.0,0.0,1.0,0.0,0.0,1.0,1.0,1.0,1.0,,,,,,,,,,,,,,,,,,,,,,,,,,,,,,,,,,,,,,,,,,,,,,,,,,,,,,,,,,,,,,,,,,,,,,,,,,,,,,,,,,,,,,,,,,,,,,,,,,,,,,,,,,,,,,,,,,,,,,,,,,,,,,,,,,,,,,,,,,,
NYL,2022,1.0,WAS,77,65,16.0,6.0,1.0,1.0,0.0,0.0,0.0,0.0,0.0,1.0,1.0,1.0,0.0,1.0,0.0,0.0,0.0,1.0,0.0,1.0,0.0,0.0,1.0,0.0,0.0,1.0,1.0,1.0,1.0,,,,,,,,,,,,,,,,,,,,,,,,,,,,,,,,,,,,,,,,,,,,,,,,,,,,,,,,,,,,,,,,,,,,,,,,,,,,,,,,,,,,,,,,,,,,,,,,,,,,,,,,,,,,,,,,,,,,,,,,,,,,,,,,,,,,,,,,,,,
NYL,2022,1.0,SEA,72,81,19.0,6.0,1.0,1.0,0.0,0.0,0.0,0.0,0.0,1.0,1.0,1.0,0.0,1.0,0.0,0.0,1.0,1.0,1.0,1.0,0.0,0.0,1.0,0.0,0.0,1.0,1.0,1.0,1.0,,,,,,,,,,,,,,,,,,,,,,,,,,,,,,,,,,,,,,,,,,,,,,,,,,,,,,,,,,,,,,,,,,,,,,,,,,,,,,,,,,,,,,,,,,,,,,,,,,,,,,,,,,,,,,,,,,,,,,,,,,,,,,,,,,,,,,,,,,,
NYL,2022,0.0,CON,81,77,22.0,6.0,1.0,1.0,0.0,0.0,0.0,0.0,0.0,1.0,1.0,1.0,0.0,1.0,0.0,0.0,1.0,1.0,1.0,1.0,0.0,0.0,1.0,0.0,0.0,1.0,1.0,1.0,1.0,,,,,,,,,,,,,,,,,,,,,,,,,,,,,,,,,,,,,,,,,,,,,,,,,,,,,,,,,,,,,,,,,,,,,,,,,,,,,,,,,,,,,,,,,,,,,,,,,,,,,,,,,,,,,,,,,,,,,,,,,,,,,,,,,,,,,,,,,,,
NYL,2022,0.0,ATL,89,77,24.0,6.0,1.0,1.0,0.0,0.0,0.0,0.0,0.0,1.0,1.0,1.0,0.0,1.0,0.0,0.0,1.0,1.0,1.0,1.0,0.0,0.0,1.0,0.0,0.0,1.0,1.0,1.0,1.0,,,,,,,,,,,,,,,,,,,,,,,,,,,,,,,,,,,,,,,,,,,,,,,,,,,,,,,,,,,,,,,,,,,,,,,,,,,,,,,,,,,,,,,,,,,,,,,,,,,,,,,,,,,,,,,,,,,,,,,,,,,,,,,,,,,,,,,,,,,
NYL,2022,1.0,ATL,81,92,30.0,6.0,1.0,1.0,0.0,0.0,0.0,0.0,0.0,1.0,1.0,1.0,0.0,1.0,0.0,0.0,1.0,1.0,0.0,1.0,0.0,0.0,1.0,0.0,0.0,1.0,1.0,1.0,1.0,,,,,,,,,,,,,,,,,,,,,,,,,,,,,,,,,,,,,,,,,,,,,,,,,,,,,,,,,,,,,,,,,,,,,,,,,,,,,,,,,,,,,,,,,,,,,,,,,,,,,,,,,,,,,,,,,,,,,,,,,,,,,,,,,,,,,,,,,,,
NYL,2022,0.0,LAS,74,84,3.0,7.0,1.0,1.0,0.0,0.0,0.0,0.0,0.0,1.0,1.0,1.0,0.0,1.0,0.0,0.0,1.0,1.0,0.0,1.0,0.0,0.0,1.0,0.0,0.0,1.0,1.0,1.0,1.0,,,,,,,,,,,,,,,,,,,,,,,,,,,,,,,,,,,,,,,,,,,,,,,,,,,,,,,,,,,,,,,,,,,,,,,,,,,,,,,,,,,,,,,,,,,,,,,,,,,,,,,,,,,,,,,,,,,,,,,,,,,,,,,,,,,,,,,,,,,
NYL,2022,0.0,LVA,116,107,6.0,7.0,1.0,1.0,0.0,0.0,0.0,0.0,0.0,1.0,1.0,1.0,0.0,1.0,0.0,0.0,1.0,1.0,0.0,1.0,0.0,0.0,1.0,0.0,0.0,1.0,1.0,1.0,1.0,,,,,,,,,,,,,,,,,,,,,,,,,,,,,,,,,,,,,,,,,,,,,,,,,,,,,,,,,,,,,,,,,,,,,,,,,,,,,,,,,,,,,,,,,,,,,,,,,,,,,,,,,,,,,,,,,,,,,,,,,,,,,,,,,,,,,,,,,,,
NYL,2022,0.0,PHO,81,84,7.0,7.0,1.0,1.0,0.0,0.0,0.0,0.0,0.0,1.0,1.0,1.0,0.0,1.0,0.0,0.0,1.0,1.0,0.0,1.0,0.0,0.0,1.0,0.0,0.0,1.0,1.0,1.0,1.0,,,,,,,,,,,,,,,,,,,,,,,,,,,,,,,,,,,,,,,,,,,,,,,,,,,,,,,,,,,,,,,,,,,,,,,,,,,,,,,,,,,,,,,,,,,,,,,,,,,,,,,,,,,,,,,,,,,,,,,,,,,,,,,,,,,,,,,,,,,
NYL,2022,1.0,LVA,101,107,12.0,7.0,1.0,1.0,0.0,0.0,0.0,0.0,0.0,1.0,1.0,1.0,0.0,1.0,0.0,0.0,1.0,1.0,0.0,1.0,0.0,0.0,1.0,0.0,0.0,1.0,1.0,1.0,1.0,,,,,,,,,,,,,,,,,,,,,,,,,,,,,,,,,,,,,,,,,,,,,,,,,,,,,,,,,,,,,,,,,,,,,,,,,,,,,,,,,,,,,,,,,,,,,,,,,,,,,,,,,,,,,,,,,,,,,,,,,,,,,,,,,,,,,,,,,,,
NYL,2022,1.0,LVA,74,108,14.0,7.0,1.0,1.0,0.0,0.0,0.0,0.0,0.0,1.0,1.0,1.0,0.0,1.0,0.0,0.0,1.0,1.0,0.0,1.0,0.0,0.0,1.0,0.0,0.0,1.0,1.0,1.0,1.0,,,,,,,,,,,,,,,,,,,,,,,,,,,,,,,,,,,,,,,,,,,,,,,,,,,,,,,,,,,,,,,,,,,,,,,,,,,,,,,,,,,,,,,,,,,,,,,,,,,,,,,,,,,,,,,,,,,,,,,,,,,,,,,,,,,,,,,,,,,
NYL,2022,0.0,CON,63,82,19.0,7.0,1.0,1.0,0.0,0.0,0.0,0.0,0.0,1.0,1.0,1.0,0.0,1.0,0.0,0.0,1.0,1.0,0.0,1.0,0.0,0.0,1.0,0.0,0.0,1.0,1.0,1.0,1.0,,,,,,,,,,,,,,,,,,,,,,,,,,,,,,,,,,,,,,,,,,,,,,,,,,,,,,,,,,,,,,,,,,,,,,,,,,,,,,,,,,,,,,,,,,,,,,,,,,,,,,,,,,,,,,,,,,,,,,,,,,,,,,,,,,,,,,,,,,,
NYL,2022,0.0,WAS,69,78,21.0,7.0,1.0,1.0,0.0,0.0,0.0,0.0,0.0,1.0,1.0,1.0,0.0,1.0,0.0,0.0,1.0,1.0,0.0,1.0,0.0,0.0,1.0,0.0,0.0,1.0,1.0,1.0,1.0,,,,,,,,,,,,,,,,,,,,,,,,,,,,,,,,,,,,,,,,,,,,,,,,,,,,,,,,,,,,,,,,,,,,,,,,,,,,,,,,,,,,,,,,,,,,,,,,,,,,,,,,,,,,,,,,,,,,,,,,,,,,,,,,,,,,,,,,,,,
NYL,2022,1.0,CHI,83,80,23.0,7.0,1.0,1.0,0.0,0.0,0.0,0.0,0.0,1.0,1.0,1.0,0.0,1.0,0.0,0.0,0.0,1.0,0.0,1.0,0.0,0.0,1.0,0.0,0.0,1.0,1.0,1.0,1.0,,,,,,,,,,,,,,,,,,,,,,,,,,,,,,,,,,,,,,,,,,,,,,,,,,,,,,,,,,,,,,,,,,,,,,,,,,,,,,,,,,,,,,,,,,,,,,,,,,,,,,,,,,,,,,,,,,,,,,,,,,,,,,,,,,,,,,,,,,,
NYL,2022,0.0,CHI,81,89,29.0,7.0,1.0,1.0,0.0,0.0,0.0,0.0,0.0,1.0,1.0,1.0,0.0,1.0,0.0,0.0,0.0,1.0,0.0,1.0,0.0,0.0,1.0,0.0,0.0,1.0,1.0,1.0,1.0,,,,,,,,,,,,,,,,,,,,,,,,,,,,,,,,,,,,,,,,,,,,,,,,,,,,,,,,,,,,,,,,,,,,,,,,,,,,,,,,,,,,,,,,,,,,,,,,,,,,,,,,,,,,,,,,,,,,,,,,,,,,,,,,,,,,,,,,,,,
NYL,2022,1.0,PHO,89,69,31.0,7.0,1.0,1.0,0.0,0.0,0.0,0.0,0.0,1.0,1.0,1.0,0.0,1.0,0.0,0.0,0.0,1.0,0.0,1.0,0.0,0.0,1.0,0.0,0.0,1.0,1.0,1.0,1.0,,,,,,,,,,,,,,,,,,,,,,,,,,,,,,,,,,,,,,,,,,,,,,,,,,,,,,,,,,,,,,,,,,,,,,,,,,,,,,,,,,,,,,,,,,,,,,,,,,,,,,,,,,,,,,,,,,,,,,,,,,,,,,,,,,,,,,,,,,,
NYL,2022,1.0,LAS,102,73,2.0,8.0,1.0,1.0,0.0,0.0,0.0,0.0,0.0,1.0,1.0,1.0,0.0,1.0,0.0,0.0,1.0,1.0,0.0,1.0,0.0,0.0,1.0,0.0,0.0,1.0,1.0,1.0,1.0,,,,,,,,,,,,,,,,,,,,,,,,,,,,,,,,,,,,,,,,,,,,,,,,,,,,,,,,,,,,,,,,,,,,,,,,,,,,,,,,,,,,,,,,,,,,,,,,,,,,,,,,,,,,,,,,,,,,,,,,,,,,,,,,,,,,,,,,,,,
NYL,2022,1.0,LAS,64,61,3.0,8.0,1.0,1.0,0.0,0.0,0.0,0.0,0.0,1.0,1.0,1.0,0.0,1.0,0.0,0.0,0.0,1.0,0.0,1.0,0.0,0.0,1.0,0.0,0.0,1.0,1.0,1.0,1.0,,,,,,,,,,,,,,,,,,,,,,,,,,,,,,,,,,,,,,,,,,,,,,,,,,,,,,,,,,,,,,,,,,,,,,,,,,,,,,,,,,,,,,,,,,,,,,,,,,,,,,,,,,,,,,,,,,,,,,,,,,,,,,,,,,,,,,,,,,,
NYL,2022,0.0,PHO,62,76,6.0,8.0,1.0,1.0,0.0,0.0,0.0,0.0,0.0,1.0,1.0,1.0,0.0,1.0,0.0,0.0,0.0,1.0,0.0,1.0,0.0,0.0,1.0,0.0,0.0,1.0,1.0,1.0,1.0,,,,,,,,,,,,,,,,,,,,,,,,,,,,,,,,,,,,,,,,,,,,,,,,,,,,,,,,,,,,,,,,,,,,,,,,,,,,,,,,,,,,,,,,,,,,,,,,,,,,,,,,,,,,,,,,,,,,,,,,,,,,,,,,,,,,,,,,,,,
NYL,2022,0.0,DAL,77,86,8.0,8.0,1.0,1.0,0.0,0.0,0.0,0.0,0.0,1.0,1.0,1.0,0.0,1.0,0.0,0.0,0.0,1.0,0.0,1.0,0.0,0.0,1.0,0.0,0.0,1.0,1.0,1.0,1.0,,,,,,,,,,,,,,,,,,,,,,,,,,,,,,,,,,,,,,,,,,,,,,,,,,,,,,,,,,,,,,,,,,,,,,,,,,,,,,,,,,,,,,,,,,,,,,,,,,,,,,,,,,,,,,,,,,,,,,,,,,,,,,,,,,,,,,,,,,,
NYL,2022,0.0,DAL,91,73,10.0,8.0,1.0,1.0,0.0,0.0,0.0,0.0,0.0,1.0,1.0,1.0,0.0,1.0,0.0,0.0,1.0,1.0,0.0,1.0,0.0,0.0,1.0,0.0,0.0,1.0,1.0,1.0,1.0,,,,,,,,,,,,,,,,,,,,,,,,,,,,,,,,,,,,,,,,,,,,,,,,,,,,,,,,,,,,,,,,,,,,,,,,,,,,,,,,,,,,,,,,,,,,,,,,,,,,,,,,,,,,,,,,,,,,,,,,,,,,,,,,,,,,,,,,,,,
NYL,2022,0.0,ATL,80,70,12.0,8.0,1.0,1.0,0.0,0.0,0.0,0.0,0.0,1.0,1.0,1.0,0.0,1.0,0.0,0.0,0.0,1.0,0.0,1.0,0.0,0.0,1.0,0.0,0.0,1.0,1.0,1.0,1.0,,,,,,,,,,,,,,,,,,,,,,,,,,,,,,,,,,,,,,,,,,,,,,,,,,,,,,,,,,,,,,,,,,,,,,,,,,,,,,,,,,,,,,,,,,,,,,,,,,,,,,,,,,,,,,,,,,,,,,,,,,,,,,,,,,,,,,,,,,,
NYL,2022,1.0,ATL,87,83,14.0,8.0,1.0,1.0,0.0,0.0,0.0,0.0,0.0,1.0,1.0,1.0,0.0,1.0,0.0,0.0,0.0,1.0,0.0,1.0,0.0,0.0,1.0,0.0,0.0,1.0,1.0,1.0,1.0,,,,,,,,,,,,,,,,,,,,,,,,,,,,,,,,,,,,,,,,,,,,,,,,,,,,,,,,,,,,,,,,,,,,,,,,,,,,,,,,,,,,,,,,,,,,,,,,,,,,,,,,,,,,,,,,,,,,,,,,,,,,,,,,,,,,,,,,,,,
PHO,2022,1.0,LVA,88,106,6.0,5.0,0.0,0.0,0.0,0.0,0.0,0.0,0.0,0.0,0.0,0.0,0.0,0.0,0.0,0.0,0.0,0.0,0.0,0.0,0.0,0.0,0.0,0.0,0.0,0.0,0.0,0.0,0.0,,,,,,,,,,,,,,,,,,,,,,,,,,,,,,,,,,,,,,,,,,,,,,,,,,,,,,,,,,,,,,,,,,,,,,,,,,,,,,,,,,,,,,,,,,,,,,,,,,,,,,,,,,,,,,,,,,,,,,,,,,,,,,,,,,,,,,,,,,,
PHO,2022,1.0,SEA,97,77,11.0,5.0,0.0,0.0,0.0,0.0,0.0,0.0,0.0,0.0,0.0,0.0,0.0,0.0,0.0,0.0,0.0,0.0,0.0,0.0,0.0,0.0,0.0,0.0,0.0,0.0,0.0,0.0,0.0,,,,,,,,,,,,,,,,,,,,,,,,,,,,,,,,,,,,,,,,,,,,,,,,,,,,,,,,,,,,,,,,,,,,,,,,,,,,,,,,,,,,,,,,,,,,,,,,,,,,,,,,,,,,,,,,,,,,,,,,,,,,,,,,,,,,,,,,,,,
PHO,2022,0.0,SEA,69,64,14.0,5.0,0.0,0.0,0.0,0.0,0.0,0.0,0.0,0.0,0.0,0.0,0.0,0.0,0.0,0.0,0.0,0.0,0.0,0.0,0.0,0.0,0.0,0.0,0.0,0.0,0.0,0.0,0.0,,,,,,,,,,,,,,,,,,,,,,,,,,,,,,,,,,,,,,,,,,,,,,,,,,,,,,,,,,,,,,,,,,,,,,,,,,,,,,,,,,,,,,,,,,,,,,,,,,,,,,,,,,,,,,,,,,,,,,,,,,,,,,,,,,,,,,,,,,,
PHO,2022,0.0,LVA,74,86,17.0,5.0,0.0,0.0,0.0,0.0,0.0,0.0,0.0,0.0,0.0,0.0,0.0,0.0,0.0,0.0,0.0,0.0,0.0,0.0,0.0,0.0,0.0,0.0,0.0,0.0,0.0,0.0,0.0,,,,,,,,,,,,,,,,,,,,,,,,,,,,,,,,,,,,,,,,,,,,,,,,,,,,,,,,,,,,,,,,,,,,,,,,,,,,,,,,,,,,,,,,,,,,,,,,,,,,,,,,,,,,,,,,,,,,,,,,,,,,,,,,,,,,,,,,,,,
PHO,2022,1.0,DAL,84,94,19.0,5.0,0.0,0.0,0.0,0.0,0.0,0.0,0.0,0.0,0.0,0.0,0.0,0.0,0.0,0.0,0.0,0.0,0.0,0.0,0.0,0.0,0.0,0.0,0.0,0.0,0.0,0.0,0.0,,,,,,,,,,,,,,,,,,,,,,,,,,,,,,,,,,,,,,,,,,,,,,,,,,,,,,,,,,,,,,,,,,,,,,,,,,,,,,,,,,,,,,,,,,,,,,,,,,,,,,,,,,,,,,,,,,,,,,,,,,,,,,,,,,,,,,,,,,,
PHO,2022,0.0,LVA,80,100,21.0,5.0,0.0,0.0,0.0,0.0,0.0,0.0,0.0,0.0,0.0,0.0,0.0,0.0,0.0,0.0,0.0,0.0,0.0,0.0,0.0,0.0,0.0,0.0,0.0,0.0,0.0,0.0,0.0,,,,,,,,,,,,,,,,,,,,,,,,,,,,,,,,,,,,,,,,,,,,,,,,,,,,,,,,,,,,,,,,,,,,,,,,,,,,,,,,,,,,,,,,,,,,,,,,,,,,,,,,,,,,,,,,,,,,,,,,,,,,,,,,,,,,,,,,,,,
PHO,2022,0.0,LAS,94,99,25.0,5.0,0.0,0.0,0.0,0.0,0.0,0.0,0.0,0.0,0.0,0.0,0.0,0.0,0.0,0.0,0.0,0.0,0.0,0.0,0.0,0.0,0.0,0.0,0.0,0.0,0.0,0.0,0.0,,,,,,,,,,,,,,,,,,,,,,,,,,,,,,,,,,,,,,,,,,,,,,,,,,,,,,,,,,,,,,,,,,,,,,,,,,,,,,,,,,,,,,,,,,,,,,,,,,,,,,,,,,,,,,,,,,,,,,,,,,,,,,,,,,,,,,,,,,,
PHO,2022,0.0,ATL,54,81,29.0,5.0,0.0,0.0,0.0,0.0,0.0,0.0,0.0,0.0,0.0,0.0,0.0,0.0,0.0,0.0,0.0,0.0,0.0,0.0,0.0,0.0,0.0,0.0,0.0,0.0,0.0,0.0,0.0,,,,,,,,,,,,,,,,,,,,,,,,,,,,,,,,,,,,,,,,,,,,,,,,,,,,,,,,,,,,,,,,,,,,,,,,,,,,,,,,,,,,,,,,,,,,,,,,,,,,,,,,,,,,,,,,,,,,,,,,,,,,,,,,,,,,,,,,,,,
PHO,2022,0.0,CHI,70,73,31.0,5.0,0.0,0.0,0.0,0.0,0.0,0.0,0.0,0.0,0.0,0.0,0.0,0.0,0.0,0.0,0.0,0.0,0.0,0.0,0.0,0.0,0.0,0.0,0.0,0.0,0.0,0.0,0.0,,,,,,,,,,,,,,,,,,,,,,,,,,,,,,,,,,,,,,,,,,,,,,,,,,,,,,,,,,,,,,,,,,,,,,,,,,,,,,,,,,,,,,,,,,,,,,,,,,,,,,,,,,,,,,,,,,,,,,,,,,,,,,,,,,,,,,,,,,,
PHO,2022,1.0,CON,88,92,3.0,6.0,0.0,0.0,0.0,0.0,0.0,0.0,0.0,0.0,0.0,0.0,0.0,0.0,0.0,0.0,0.0,0.0,0.0,0.0,0.0,0.0,0.0,0.0,0.0,0.0,0.0,0.0,0.0,,,,,,,,,,,,,,,,,,,,,,,,,,,,,,,,,,,,,,,,,,,,,,,,,,,,,,,,,,,,,,,,,,,,,,,,,,,,,,,,,,,,,,,,,,,,,,,,,,,,,,,,,,,,,,,,,,,,,,,,,,,,,,,,,,,,,,,,,,,
PHO,2022,1.0,LAS,81,74,5.0,6.0,0.0,0.0,0.0,0.0,0.0,0.0,0.0,0.0,0.0,0.0,0.0,0.0,0.0,0.0,0.0,0.0,0.0,0.0,0.0,0.0,0.0,0.0,0.0,0.0,0.0,0.0,0.0,,,,,,,,,,,,,,,,,,,,,,,,,,,,,,,,,,,,,,,,,,,,,,,,,,,,,,,,,,,,,,,,,,,,,,,,,,,,,,,,,,,,,,,,,,,,,,,,,,,,,,,,,,,,,,,,,,,,,,,,,,,,,,,,,,,,,,,,,,,
PHO,2022,1.0,ATL,90,88,10.0,6.0,0.0,0.0,0.0,0.0,0.0,0.0,0.0,0.0,0.0,0.0,0.0,0.0,0.0,0.0,0.0,0.0,0.0,0.0,0.0,0.0,0.0,0.0,0.0,0.0,0.0,0.0,0.0,,,,,,,,,,,,,,,,,,,,,,,,,,,,,,,,,,,,,,,,,,,,,,,,,,,,,,,,,,,,,,,,,,,,,,,,,,,,,,,,,,,,,,,,,,,,,,,,,,,,,,,,,,,,,,,,,,,,,,,,,,,,,,,,,,,,,,,,,,,
PHO,2022,0.0,WAS,99,90,12.0,6.0,0.0,0.0,0.0,0.0,0.0,0.0,0.0,0.0,0.0,0.0,0.0,0.0,0.0,0.0,0.0,0.0,0.0,0.0,0.0,0.0,0.0,0.0,0.0,0.0,0.0,0.0,0.0,,,,,,,,,,,,,,,,,,,,,,,,,,,,,,,,,,,,,,,,,,,,,,,,,,,,,,,,,,,,,,,,,,,,,,,,,,,,,,,,,,,,,,,,,,,,,,,,,,,,,,,,,,,,,,,,,,,,,,,,,,,,,,,,,,,,,,,,,,,
PHO,2022,0.0,WAS,65,83,14.0,6.0,0.0,0.0,0.0,0.0,0.0,0.0,0.0,0.0,0.0,0.0,0.0,0.0,0.0,0.0,0.0,0.0,0.0,0.0,0.0,0.0,0.0,0.0,0.0,0.0,0.0,0.0,0.0,,,,,,,,,,,,,,,,,,,,,,,,,,,,,,,,,,,,,,,,,,,,,,,,,,,,,,,,,,,,,,,,,,,,,,,,,,,,,,,,,,,,,,,,,,,,,,,,,,,,,,,,,,,,,,,,,,,,,,,,,,,,,,,,,,,,,,,,,,,
PHO,2022,0.0,IND,93,80,15.0,6.0,0.0,0.0,0.0,0.0,0.0,0.0,0.0,0.0,0.0,0.0,0.0,0.0,0.0,0.0,0.0,0.0,0.0,0.0,0.0,0.0,0.0,0.0,0.0,0.0,0.0,0.0,0.0,,,,,,,,,,,,,,,,,,,,,,,,,,,,,,,,,,,,,,,,,,,,,,,,,,,,,,,,,,,,,,,,,,,,,,,,,,,,,,,,,,,,,,,,,,,,,,,,,,,,,,,,,,,,,,,,,,,,,,,,,,,,,,,,,,,,,,,,,,,
PHO,2022,0.0,DAL,88,93,17.0,6.0,0.0,0.0,0.0,0.0,0.0,0.0,0.0,0.0,0.0,0.0,0.0,0.0,0.0,0.0,0.0,0.0,0.0,0.0,0.0,0.0,0.0,0.0,0.0,0.0,0.0,0.0,0.0,,,,,,,,,,,,,,,,,,,,,,,,,,,,,,,,,,,,,,,,,,,,,,,,,,,,,,,,,,,,,,,,,,,,,,,,,,,,,,,,,,,,,,,,,,,,,,,,,,,,,,,,,,,,,,,,,,,,,,,,,,,,,,,,,,,,,,,,,,,
PHO,2022,1.0,MIN,71,84,21.0,6.0,0.0,0.0,0.0,0.0,0.0,0.0,0.0,0.0,0.0,0.0,0.0,0.0,0.0,0.0,0.0,0.0,0.0,0.0,0.0,0.0,0.0,0.0,0.0,0.0,0.0,0.0,0.0,,,,,,,,,,,,,,,,,,,,,,,,,,,,,,,,,,,,,,,,,,,,,,,,,,,,,,,,,,,,,,,,,,,,,,,,,,,,,,,,,,,,,,,,,,,,,,,,,,,,,,,,,,,,,,,,,,,,,,,,,,,,,,,,,,,,,,,,,,,
PHO,2022,0.0,MIN,88,100,23.0,6.0,0.0,0.0,0.0,0.0,0.0,0.0,0.0,0.0,0.0,0.0,0.0,0.0,0.0,0.0,0.0,0.0,0.0,0.0,0.0,0.0,0.0,0.0,0.0,0.0,0.0,0.0,0.0,,,,,,,,,,,,,,,,,,,,,,,,,,,,,,,,,,,,,,,,,,,,,,,,,,,,,,,,,,,,,,,,,,,,,,,,,,,,,,,,,,,,,,,,,,,,,,,,,,,,,,,,,,,,,,,,,,,,,,,,,,,,,,,,,,,,,,,,,,,
PHO,2022,0.0,DAL,83,72,25.0,6.0,0.0,0.0,0.0,0.0,0.0,0.0,0.0,0.0,0.0,0.0,0.0,0.0,0.0,0.0,0.0,0.0,0.0,0.0,0.0,0.0,0.0,0.0,0.0,0.0,0.0,0.0,0.0,,,,,,,,,,,,,,,,,,,,,,,,,,,,,,,,,,,,,,,,,,,,,,,,,,,,,,,,,,,,,,,,,,,,,,,,,,,,,,,,,,,,,,,,,,,,,,,,,,,,,,,,,,,,,,,,,,,,,,,,,,,,,,,,,,,,,,,,,,,
PHO,2022,1.0,IND,83,71,27.0,6.0,0.0,0.0,0.0,0.0,0.0,0.0,0.0,0.0,0.0,0.0,0.0,0.0,0.0,0.0,0.0,0.0,0.0,0.0,0.0,0.0,0.0,0.0,0.0,0.0,0.0,0.0,0.0,,,,,,,,,,,,,,,,,,,,,,,,,,,,,,,,,,,,,,,,,,,,,,,,,,,,,,,,,,,,,,,,,,,,,,,,,,,,,,,,,,,,,,,,,,,,,,,,,,,,,,,,,,,,,,,,,,,,,,,,,,,,,,,,,,,,,,,,,,,
PHO,2022,1.0,IND,99,78,29.0,6.0,0.0,0.0,0.0,0.0,0.0,0.0,0.0,0.0,0.0,0.0,0.0,0.0,0.0,0.0,0.0,0.0,0.0,0.0,0.0,0.0,0.0,0.0,0.0,0.0,0.0,0.0,0.0,,,,,,,,,,,,,,,,,,,,,,,,,,,,,,,,,,,,,,,,,,,,,,,,,,,,,,,,,,,,,,,,,,,,,,,,,,,,,,,,,,,,,,,,,,,,,,,,,,,,,,,,,,,,,,,,,,,,,,,,,,,,,,,,,,,,,,,,,,,
PHO,2022,0.0,CHI,75,91,2.0,7.0,0.0,0.0,0.0,0.0,0.0,0.0,0.0,0.0,0.0,0.0,0.0,0.0,0.0,0.0,0.0,0.0,0.0,0.0,0.0,0.0,0.0,0.0,0.0,0.0,0.0,0.0,0.0,,,,,,,,,,,,,,,,,,,,,,,,,,,,,,,,,,,,,,,,,,,,,,,,,,,,,,,,,,,,,,,,,,,,,,,,,,,,,,,,,,,,,,,,,,,,,,,,,,,,,,,,,,,,,,,,,,,,,,,,,,,,,,,,,,,,,,,,,,,
PHO,2022,0.0,LAS,75,78,4.0,7.0,0.0,0.0,0.0,0.0,0.0,0.0,0.0,0.0,0.0,0.0,0.0,0.0,0.0,0.0,0.0,0.0,0.0,0.0,0.0,0.0,0.0,0.0,0.0,0.0,0.0,0.0,0.0,,,,,,,,,,,,,,,,,,,,,,,,,,,,,,,,,,,,,,,,,,,,,,,,,,,,,,,,,,,,,,,,,,,,,,,,,,,,,,,,,,,,,,,,,,,,,,,,,,,,,,,,,,,,,,,,,,,,,,,,,,,,,,,,,,,,,,,,,,,
PHO,2022,1.0,NYL,84,81,7.0,7.0,0.0,0.0,0.0,0.0,0.0,0.0,0.0,0.0,0.0,0.0,0.0,0.0,0.0,0.0,0.0,0.0,0.0,0.0,0.0,0.0,0.0,0.0,0.0,0.0,0.0,0.0,0.0,,,,,,,,,,,,,,,,,,,,,,,,,,,,,,,,,,,,,,,,,,,,,,,,,,,,,,,,,,,,,,,,,,,,,,,,,,,,,,,,,,,,,,,,,,,,,,,,,,,,,,,,,,,,,,,,,,,,,,,,,,,,,,,,,,,,,,,,,,,
PHO,2022,0.0,MIN,107,118,12.0,7.0,0.0,0.0,0.0,0.0,0.0,0.0,0.0,0.0,0.0,0.0,0.0,0.0,0.0,0.0,0.0,0.0,0.0,0.0,0.0,0.0,0.0,0.0,0.0,0.0,0.0,0.0,0.0,,,,,,,,,,,,,,,,,,,,,,,,,,,,,,,,,,,,,,,,,,,,,,,,,,,,,,,,,,,,,,,,,,,,,,,,,,,,,,,,,,,,,,,,,,,,,,,,,,,,,,,,,,,,,,,,,,,,,,,,,,,,,,,,,,,,,,,,,,,
PHO,2022,1.0,WAS,80,75,14.0,7.0,0.0,0.0,0.0,0.0,0.0,0.0,0.0,0.0,0.0,0.0,0.0,0.0,0.0,0.0,0.0,0.0,0.0,0.0,0.0,0.0,0.0,0.0,0.0,0.0,0.0,0.0,0.0,,,,,,,,,,,,,,,,,,,,,,,,,,,,,,,,,,,,,,,,,,,,,,,,,,,,,,,,,,,,,,,,,,,,,,,,,,,,,,,,,,,,,,,,,,,,,,,,,,,,,,,,,,,,,,,,,,,,,,,,,,,,,,,,,,,,,,,,,,,
PHO,2022,1.0,ATL,75,85,17.0,7.0,0.0,0.0,0.0,0.0,0.0,0.0,0.0,0.0,0.0,0.0,0.0,0.0,0.0,0.0,0.0,0.0,0.0,0.0,0.0,0.0,0.0,0.0,0.0,0.0,0.0,0.0,0.0,,,,,,,,,,,,,,,,,,,,,,,,,,,,,,,,,,,,,,,,,,,,,,,,,,,,,,,,,,,,,,,,,,,,,,,,,,,,,,,,,,,,,,,,,,,,,,,,,,,,,,,,,,,,,,,,,,,,,,,,,,,,,,,,,,,,,,,,,,,
PHO,2022,1.0,SEA,94,78,22.0,7.0,0.0,0.0,0.0,0.0,0.0,0.0,0.0,0.0,0.0,0.0,0.0,0.0,0.0,0.0,0.0,0.0,0.0,0.0,0.0,0.0,0.0,0.0,0.0,0.0,0.0,0.0,0.0,,,,,,,,,,,,,,,,,,,,,,,,,,,,,,,,,,,,,,,,,,,,,,,,,,,,,,,,,,,,,,,,,,,,,,,,,,,,,,,,,,,,,,,,,,,,,,,,,,,,,,,,,,,,,,,,,,,,,,,,,,,,,,,,,,,,,,,,,,,
PHO,2022,1.0,LAS,90,80,28.0,7.0,0.0,0.0,0.0,0.0,0.0,0.0,0.0,0.0,0.0,0.0,0.0,0.0,0.0,0.0,0.0,0.0,0.0,0.0,0.0,0.0,0.0,0.0,0.0,0.0,0.0,0.0,0.0,,,,,,,,,,,,,,,,,,,,,,,,,,,,,,,,,,,,,,,,,,,,,,,,,,,,,,,,,,,,,,,,,,,,,,,,,,,,,,,,,,,,,,,,,,,,,,,,,,,,,,,,,,,,,,,,,,,,,,,,,,,,,,,,,,,,,,,,,,,
PHO,2022,0.0,NYL,69,89,31.0,7.0,0.0,0.0,0.0,0.0,0.0,0.0,0.0,0.0,0.0,0.0,0.0,0.0,0.0,0.0,0.0,0.0,0.0,0.0,0.0,0.0,0.0,0.0,0.0,0.0,0.0,0.0,0.0,,,,,,,,,,,,,,,,,,,,,,,,,,,,,,,,,,,,,,,,,,,,,,,,,,,,,,,,,,,,,,,,,,,,,,,,,,,,,,,,,,,,,,,,,,,,,,,,,,,,,,,,,,,,,,,,,,,,,,,,,,,,,,,,,,,,,,,,,,,
PHO,2022,0.0,CON,63,87,2.0,8.0,0.0,0.0,0.0,0.0,0.0,0.0,0.0,0.0,0.0,0.0,0.0,0.0,0.0,0.0,0.0,0.0,0.0,0.0,0.0,0.0,0.0,0.0,0.0,0.0,0.0,0.0,0.0,,,,,,,,,,,,,,,,,,,,,,,,,,,,,,,,,,,,,,,,,,,,,,,,,,,,,,,,,,,,,,,,,,,,,,,,,,,,,,,,,,,,,,,,,,,,,,,,,,,,,,,,,,,,,,,,,,,,,,,,,,,,,,,,,,,,,,,,,,,
PHO,2022,0.0,CON,64,77,4.0,8.0,0.0,0.0,0.0,0.0,0.0,0.0,0.0,0.0,0.0,0.0,0.0,0.0,0.0,0.0,0.0,0.0,0.0,0.0,0.0,0.0,0.0,0.0,0.0,0.0,0.0,0.0,0.0,,,,,,,,,,,,,,,,,,,,,,,,,,,,,,,,,,,,,,,,,,,,,,,,,,,,,,,,,,,,,,,,,,,,,,,,,,,,,,,,,,,,,,,,,,,,,,,,,,,,,,,,,,,,,,,,,,,,,,,,,,,,,,,,,,,,,,,,,,,
PHO,2022,1.0,NYL,76,62,6.0,8.0,0.0,0.0,0.0,0.0,0.0,0.0,0.0,0.0,0.0,0.0,0.0,0.0,0.0,0.0,0.0,0.0,0.0,0.0,0.0,0.0,0.0,0.0,0.0,0.0,0.0,0.0,0.0,,,,,,,,,,,,,,,,,,,,,,,,,,,,,,,,,,,,,,,,,,,,,,,,,,,,,,,,,,,,,,,,,,,,,,,,,,,,,,,,,,,,,,,,,,,,,,,,,,,,,,,,,,,,,,,,,,,,,,,,,,,,,,,,,,,,,,,,,,,
PHO,2022,1.0,MIN,77,86,10.0,8.0,0.0,0.0,0.0,0.0,0.0,0.0,0.0,0.0,0.0,0.0,0.0,0.0,0.0,0.0,0.0,0.0,0.0,0.0,0.0,0.0,0.0,0.0,0.0,0.0,0.0,0.0,0.0,,,,,,,,,,,,,,,,,,,,,,,,,,,,,,,,,,,,,,,,,,,,,,,,,,,,,,,,,,,,,,,,,,,,,,,,,,,,,,,,,,,,,,,,,,,,,,,,,,,,,,,,,,,,,,,,,,,,,,,,,,,,,,,,,,,,,,,,,,,
PHO,2022,1.0,DAL,86,74,12.0,8.0,0.0,0.0,0.0,0.0,0.0,0.0,0.0,0.0,0.0,0.0,0.0,0.0,0.0,0.0,0.0,0.0,0.0,0.0,0.0,0.0,0.0,0.0,0.0,0.0,0.0,0.0,0.0,,,,,,,,,,,,,,,,,,,,,,,,,,,,,,,,,,,,,,,,,,,,,,,,,,,,,,,,,,,,,,,,,,,,,,,,,,,,,,,,,,,,,,,,,,,,,,,,,,,,,,,,,,,,,,,,,,,,,,,,,,,,,,,,,,,,,,,,,,,
PHO,2022,1.0,CHI,67,82,14.0,8.0,0.0,0.0,0.0,0.0,0.0,0.0,0.0,0.0,0.0,0.0,0.0,0.0,0.0,0.0,0.0,0.0,0.0,0.0,0.0,0.0,0.0,0.0,0.0,0.0,0.0,0.0,0.0,,,,,,,,,,,,,,,,,,,,,,,,,,,,,,,,,,,,,,,,,,,,,,,,,,,,,,,,,,,,,,,,,,,,,,,,,,,,,,,,,,,,,,,,,,,,,,,,,,,,,,,,,,,,,,,,,,,,,,,,,,,,,,,,,,,,,,,,,,,
SEA,2022,1.0,MIN,97,74,6.0,5.0,0.0,0.0,1.0,0.0,1.0,0.0,0.0,0.0,0.0,0.0,0.0,0.0,0.0,0.0,0.0,0.0,0.0,0.0,0.0,1.0,0.0,0.0,0.0,0.0,0.0,0.0,0.0,,,,,,,,,,,,,,,,,,,,,,,,,,,,,,,,,,,,,,,,,,,,,,,,,,,,,,,,,,,,,,,,,,,,,,,,,,,,,,,,,,,,,,,,,,,,,,,,,,,,,,,,,,,,,,,,,,,,,,,,,,,,,,,,,,,,,,,,,,,
SEA,2022,0.0,LVA,74,85,8.0,5.0,0.0,0.0,1.0,0.0,1.0,0.0,0.0,0.0,0.0,0.0,0.0,0.0,0.0,0.0,0.0,0.0,0.0,0.0,0.0,1.0,0.0,0.0,0.0,0.0,0.0,0.0,0.0,,,,,,,,,,,,,,,,,,,,,,,,,,,,,,,,,,,,,,,,,,,,,,,,,,,,,,,,,,,,,,,,,,,,,,,,,,,,,,,,,,,,,,,,,,,,,,,,,,,,,,,,,,,,,,,,,,,,,,,,,,,,,,,,,,,,,,,,,,,
SEA,2022,0.0,PHO,77,97,11.0,5.0,0.0,0.0,1.0,0.0,1.0,0.0,0.0,0.0,0.0,0.0,0.0,0.0,0.0,0.0,0.0,0.0,0.0,0.0,0.0,1.0,0.0,0.0,0.0,0.0,0.0,0.0,0.0,,,,,,,,,,,,,,,,,,,,,,,,,,,,,,,,,,,,,,,,,,,,,,,,,,,,,,,,,,,,,,,,,,,,,,,,,,,,,,,,,,,,,,,,,,,,,,,,,,,,,,,,,,,,,,,,,,,,,,,,,,,,,,,,,,,,,,,,,,,
SEA,2022,1.0,PHO,64,69,14.0,5.0,0.0,0.0,1.0,0.0,1.0,0.0,0.0,0.0,0.0,0.0,0.0,0.0,0.0,0.0,0.0,0.0,0.0,0.0,0.0,1.0,0.0,0.0,0.0,0.0,0.0,0.0,0.0,,,,,,,,,,,,,,,,,,,,,,,,,,,,,,,,,,,,,,,,,,,,,,,,,,,,,,,,,,,,,,,,,,,,,,,,,,,,,,,,,,,,,,,,,,,,,,,,,,,,,,,,,,,,,,,,,,,,,,,,,,,,,,,,,,,,,,,,,,,
SEA,2022,1.0,CHI,74,71,18.0,5.0,0.0,0.0,1.0,0.0,1.0,0.0,0.0,0.0,0.0,0.0,0.0,0.0,0.0,0.0,0.0,0.0,0.0,0.0,0.0,1.0,0.0,0.0,0.0,0.0,0.0,0.0,0.0,,,,,,,,,,,,,,,,,,,,,,,,,,,,,,,,,,,,,,,,,,,,,,,,,,,,,,,,,,,,,,,,,,,,,,,,,,,,,,,,,,,,,,,,,,,,,,,,,,,,,,,,,,,,,,,,,,,,,,,,,,,,,,,,,,,,,,,,,,,
SEA,2022,1.0,LAS,83,80,20.0,5.0,0.0,0.0,1.0,0.0,1.0,0.0,0.0,0.0,0.0,0.0,0.0,0.0,0.0,0.0,0.0,0.0,0.0,0.0,0.0,1.0,0.0,0.0,0.0,0.0,0.0,0.0,0.0,,,,,,,,,,,,,,,,,,,,,,,,,,,,,,,,,,,,,,,,,,,,,,,,,,,,,,,,,,,,,,,,,,,,,,,,,,,,,,,,,,,,,,,,,,,,,,,,,,,,,,,,,,,,,,,,,,,,,,,,,,,,,,,,,,,,,,,,,,,
SEA,2022,1.0,NYL,79,71,27.0,5.0,0.0,0.0,0.0,0.0,0.0,0.0,0.0,0.0,0.0,0.0,0.0,0.0,0.0,0.0,1.0,0.0,0.0,0.0,1.0,0.0,0.0,0.0,0.0,0.0,0.0,0.0,0.0,,,,,,,,,,,,,,,,,,,,,,,,,,,,,,,,,,,,,,,,,,,,,,,,,,,,,,,,,,,,,,,,,,,,,,,,,,,,,,,,,,,,,,,,,,,,,,,,,,,,,,,,,,,,,,,,,,,,,,,,,,,,,,,,,,,,,,,,,,,
SEA,2022,1.0,NYL,92,61,29.0,5.0,0.0,0.0,0.0,0.0,0.0,0.0,0.0,0.0,0.0,0.0,0.0,0.0,0.0,0.0,1.0,0.0,0.0,0.0,1.0,0.0,0.0,0.0,0.0,0.0,0.0,0.0,0.0,,,,,,,,,,,,,,,,,,,,,,,,,,,,,,,,,,,,,,,,,,,,,,,,,,,,,,,,,,,,,,,,,,,,,,,,,,,,,,,,,,,,,,,,,,,,,,,,,,,,,,,,,,,,,,,,,,,,,,,,,,,,,,,,,,,,,,,,,,,
SEA,2022,1.0,DAL,51,68,3.0,6.0,0.0,0.0,0.0,0.0,0.0,0.0,0.0,0.0,0.0,0.0,0.0,0.0,0.0,0.0,1.0,0.0,0.0,0.0,1.0,0.0,0.0,0.0,0.0,0.0,0.0,0.0,0.0,,,,,,,,,,,,,,,,,,,,,,,,,,,,,,,,,,,,,,,,,,,,,,,,,,,,,,,,,,,,,,,,,,,,,,,,,,,,,,,,,,,,,,,,,,,,,,,,,,,,,,,,,,,,,,,,,,,,,,,,,,,,,,,,,,,,,,,,,,,
SEA,2022,1.0,CON,86,93,5.0,6.0,0.0,0.0,1.0,0.0,1.0,0.0,0.0,0.0,0.0,0.0,0.0,0.0,0.0,0.0,0.0,0.0,0.0,0.0,0.0,1.0,0.0,0.0,0.0,0.0,0.0,0.0,0.0,,,,,,,,,,,,,,,,,,,,,,,,,,,,,,,,,,,,,,,,,,,,,,,,,,,,,,,,,,,,,,,,,,,,,,,,,,,,,,,,,,,,,,,,,,,,,,,,,,,,,,,,,,,,,,,,,,,,,,,,,,,,,,,,,,,,,,,,,,,
SEA,2022,1.0,ATL,72,60,7.0,6.0,0.0,0.0,1.0,0.0,1.0,0.0,0.0,0.0,0.0,0.0,0.0,0.0,0.0,0.0,0.0,0.0,0.0,0.0,0.0,1.0,0.0,0.0,0.0,0.0,0.0,0.0,0.0,,,,,,,,,,,,,,,,,,,,,,,,,,,,,,,,,,,,,,,,,,,,,,,,,,,,,,,,,,,,,,,,,,,,,,,,,,,,,,,,,,,,,,,,,,,,,,,,,,,,,,,,,,,,,,,,,,,,,,,,,,,,,,,,,,,,,,,,,,,
SEA,2022,0.0,DAL,89,88,10.0,6.0,0.0,0.0,1.0,0.0,1.0,0.0,0.0,0.0,0.0,0.0,0.0,0.0,0.0,0.0,0.0,0.0,0.0,0.0,0.0,1.0,0.0,0.0,0.0,0.0,0.0,0.0,0.0,,,,,,,,,,,,,,,,,,,,,,,,,,,,,,,,,,,,,,,,,,,,,,,,,,,,,,,,,,,,,,,,,,,,,,,,,,,,,,,,,,,,,,,,,,,,,,,,,,,,,,,,,,,,,,,,,,,,,,,,,,,,,,,,,,,,,,,,,,,
SEA,2022,0.0,DAL,84,79,12.0,6.0,0.0,0.0,1.0,0.0,1.0,0.0,0.0,0.0,0.0,0.0,0.0,0.0,0.0,0.0,0.0,0.0,0.0,0.0,0.0,1.0,0.0,0.0,0.0,0.0,0.0,0.0,0.0,,,,,,,,,,,,,,,,,,,,,,,,,,,,,,,,,,,,,,,,,,,,,,,,,,,,,,,,,,,,,,,,,,,,,,,,,,,,,,,,,,,,,,,,,,,,,,,,,,,,,,,,,,,,,,,,,,,,,,,,,,,,,,,,,,,,,,,,,,,
SEA,2022,0.0,MIN,81,79,14.0,6.0,0.0,0.0,1.0,0.0,1.0,0.0,0.0,0.0,0.0,0.0,0.0,0.0,0.0,0.0,0.0,0.0,0.0,0.0,0.0,1.0,0.0,0.0,0.0,0.0,0.0,0.0,0.0,,,,,,,,,,,,,,,,,,,,,,,,,,,,,,,,,,,,,,,,,,,,,,,,,,,,,,,,,,,,,,,,,,,,,,,,,,,,,,,,,,,,,,,,,,,,,,,,,,,,,,,,,,,,,,,,,,,,,,,,,,,,,,,,,,,,,,,,,,,
SEA,2022,0.0,CON,71,82,17.0,6.0,0.0,0.0,1.0,0.0,1.0,0.0,0.0,0.0,0.0,0.0,0.0,0.0,0.0,0.0,0.0,0.0,0.0,0.0,0.0,1.0,0.0,0.0,0.0,0.0,0.0,0.0,0.0,,,,,,,,,,,,,,,,,,,,,,,,,,,,,,,,,,,,,,,,,,,,,,,,,,,,,,,,,,,,,,,,,,,,,,,,,,,,,,,,,,,,,,,,,,,,,,,,,,,,,,,,,,,,,,,,,,,,,,,,,,,,,,,,,,,,,,,,,,,
SEA,2022,0.0,NYL,81,72,19.0,6.0,0.0,0.0,1.0,0.0,1.0,0.0,0.0,0.0,0.0,0.0,0.0,0.0,0.0,0.0,0.0,0.0,0.0,0.0,0.0,1.0,0.0,0.0,0.0,0.0,0.0,0.0,0.0,,,,,,,,,,,,,,,,,,,,,,,,,,,,,,,,,,,,,,,,,,,,,,,,,,,,,,,,,,,,,,,,,,,,,,,,,,,,,,,,,,,,,,,,,,,,,,,,,,,,,,,,,,,,,,,,,,,,,,,,,,,,,,,,,,,,,,,,,,,
SEA,2022,1.0,WAS,85,71,23.0,6.0,0.0,0.0,1.0,0.0,1.0,0.0,0.0,0.0,0.0,0.0,0.0,0.0,0.0,0.0,0.0,0.0,0.0,0.0,0.0,1.0,0.0,0.0,0.0,0.0,0.0,0.0,0.0,,,,,,,,,,,,,,,,,,,,,,,,,,,,,,,,,,,,,,,,,,,,,,,,,,,,,,,,,,,,,,,,,,,,,,,,,,,,,,,,,,,,,,,,,,,,,,,,,,,,,,,,,,,,,,,,,,,,,,,,,,,,,,,,,,,,,,,,,,,
SEA,2022,1.0,LAS,77,85,25.0,6.0,0.0,0.0,1.0,0.0,1.0,0.0,0.0,0.0,0.0,0.0,0.0,0.0,0.0,0.0,0.0,0.0,0.0,0.0,0.0,1.0,0.0,0.0,0.0,0.0,0.0,0.0,0.0,,,,,,,,,,,,,,,,,,,,,,,,,,,,,,,,,,,,,,,,,,,,,,,,,,,,,,,,,,,,,,,,,,,,,,,,,,,,,,,,,,,,,,,,,,,,,,,,,,,,,,,,,,,,,,,,,,,,,,,,,,,,,,,,,,,,,,,,,,,
SEA,2022,1.0,LVA,88,78,29.0,6.0,0.0,0.0,1.0,0.0,1.0,0.0,0.0,0.0,0.0,0.0,0.0,0.0,0.0,0.0,0.0,0.0,0.0,0.0,0.0,1.0,0.0,0.0,0.0,0.0,0.0,0.0,0.0,,,,,,,,,,,,,,,,,,,,,,,,,,,,,,,,,,,,,,,,,,,,,,,,,,,,,,,,,,,,,,,,,,,,,,,,,,,,,,,,,,,,,,,,,,,,,,,,,,,,,,,,,,,,,,,,,,,,,,,,,,,,,,,,,,,,,,,,,,,
SEA,2022,1.0,IND,73,57,1.0,7.0,0.0,0.0,1.0,0.0,1.0,0.0,0.0,0.0,0.0,0.0,0.0,0.0,0.0,0.0,0.0,0.0,0.0,0.0,0.0,1.0,0.0,0.0,0.0,0.0,0.0,0.0,0.0,,,,,,,,,,,,,,,,,,,,,,,,,,,,,,,,,,,,,,,,,,,,,,,,,,,,,,,,,,,,,,,,,,,,,,,,,,,,,,,,,,,,,,,,,,,,,,,,,,,,,,,,,,,,,,,,,,,,,,,,,,,,,,,,,,,,,,,,,,,
SEA,2022,0.0,ATL,76,90,3.0,7.0,0.0,0.0,1.0,0.0,1.0,0.0,0.0,0.0,0.0,0.0,0.0,0.0,0.0,0.0,0.0,0.0,0.0,0.0,0.0,1.0,0.0,0.0,0.0,0.0,0.0,0.0,0.0,,,,,,,,,,,,,,,,,,,,,,,,,,,,,,,,,,,,,,,,,,,,,,,,,,,,,,,,,,,,,,,,,,,,,,,,,,,,,,,,,,,,,,,,,,,,,,,,,,,,,,,,,,,,,,,,,,,,,,,,,,,,,,,,,,,,,,,,,,,
SEA,2022,0.0,IND,95,73,5.0,7.0,0.0,0.0,1.0,0.0,1.0,0.0,0.0,0.0,0.0,0.0,0.0,0.0,0.0,0.0,0.0,0.0,0.0,0.0,0.0,1.0,0.0,0.0,0.0,0.0,0.0,0.0,0.0,,,,,,,,,,,,,,,,,,,,,,,,,,,,,,,,,,,,,,,,,,,,,,,,,,,,,,,,,,,,,,,,,,,,,,,,,,,,,,,,,,,,,,,,,,,,,,,,,,,,,,,,,,,,,,,,,,,,,,,,,,,,,,,,,,,,,,,,,,,
SEA,2022,0.0,LAS,106,69,7.0,7.0,0.0,0.0,1.0,0.0,1.0,0.0,0.0,0.0,0.0,0.0,0.0,0.0,0.0,0.0,0.0,0.0,0.0,0.0,0.0,1.0,0.0,0.0,0.0,0.0,0.0,0.0,0.0,,,,,,,,,,,,,,,,,,,,,,,,,,,,,,,,,,,,,,,,,,,,,,,,,,,,,,,,,,,,,,,,,,,,,,,,,,,,,,,,,,,,,,,,,,,,,,,,,,,,,,,,,,,,,,,,,,,,,,,,,,,,,,,,,,,,,,,,,,,
SEA,2022,1.0,DAL,83,74,12.0,7.0,0.0,0.0,1.0,0.0,1.0,0.0,0.0,0.0,0.0,0.0,0.0,0.0,0.0,0.0,0.0,0.0,0.0,0.0,0.0,1.0,0.0,0.0,0.0,0.0,0.0,0.0,0.0,,,,,,,,,,,,,,,,,,,,,,,,,,,,,,,,,,,,,,,,,,,,,,,,,,,,,,,,,,,,,,,,,,,,,,,,,,,,,,,,,,,,,,,,,,,,,,,,,,,,,,,,,,,,,,,,,,,,,,,,,,,,,,,,,,,,,,,,,,,
SEA,2022,1.0,IND,81,65,17.0,7.0,0.0,0.0,1.0,0.0,1.0,0.0,0.0,0.0,0.0,0.0,0.0,0.0,0.0,0.0,0.0,0.0,0.0,0.0,0.0,1.0,0.0,0.0,0.0,0.0,0.0,0.0,0.0,,,,,,,,,,,,,,,,,,,,,,,,,,,,,,,,,,,,,,,,,,,,,,,,,,,,,,,,,,,,,,,,,,,,,,,,,,,,,,,,,,,,,,,,,,,,,,,,,,,,,,,,,,,,,,,,,,,,,,,,,,,,,,,,,,,,,,,,,,,
SEA,2022,0.0,CHI,74,78,20.0,7.0,0.0,0.0,1.0,0.0,1.0,0.0,0.0,0.0,0.0,0.0,0.0,0.0,0.0,0.0,0.0,0.0,0.0,0.0,0.0,1.0,0.0,0.0,0.0,0.0,0.0,0.0,0.0,,,,,,,,,,,,,,,,,,,,,,,,,,,,,,,,,,,,,,,,,,,,,,,,,,,,,,,,,,,,,,,,,,,,,,,,,,,,,,,,,,,,,,,,,,,,,,,,,,,,,,,,,,,,,,,,,,,,,,,,,,,,,,,,,,,,,,,,,,,
SEA,2022,0.0,PHO,78,94,22.0,7.0,0.0,0.0,1.0,0.0,1.0,0.0,0.0,0.0,0.0,0.0,0.0,0.0,0.0,0.0,0.0,0.0,0.0,0.0,0.0,1.0,0.0,0.0,0.0,0.0,0.0,0.0,0.0,,,,,,,,,,,,,,,,,,,,,,,,,,,,,,,,,,,,,,,,,,,,,,,,,,,,,,,,,,,,,,,,,,,,,,,,,,,,,,,,,,,,,,,,,,,,,,,,,,,,,,,,,,,,,,,,,,,,,,,,,,,,,,,,,,,,,,,,,,,
SEA,2022,1.0,ATL,82,72,24.0,7.0,0.0,0.0,1.0,0.0,1.0,0.0,0.0,0.0,0.0,0.0,0.0,0.0,0.0,0.0,0.0,0.0,0.0,0.0,0.0,1.0,0.0,0.0,0.0,0.0,0.0,0.0,0.0,,,,,,,,,,,,,,,,,,,,,,,,,,,,,,,,,,,,,,,,,,,,,,,,,,,,,,,,,,,,,,,,,,,,,,,,,,,,,,,,,,,,,,,,,,,,,,,,,,,,,,,,,,,,,,,,,,,,,,,,,,,,,,,,,,,,,,,,,,,
SEA,2022,0.0,CON,83,88,28.0,7.0,0.0,0.0,1.0,0.0,1.0,0.0,0.0,0.0,0.0,0.0,0.0,0.0,0.0,0.0,0.0,0.0,0.0,0.0,0.0,1.0,0.0,0.0,0.0,0.0,0.0,0.0,0.0,,,,,,,,,,,,,,,,,,,,,,,,,,,,,,,,,,,,,,,,,,,,,,,,,,,,,,,,,,,,,,,,,,,,,,,,,,,,,,,,,,,,,,,,,,,,,,,,,,,,,,,,,,,,,,,,,,,,,,,,,,,,,,,,,,,,,,,,,,,
SEA,2022,0.0,WAS,82,77,30.0,7.0,0.0,0.0,1.0,0.0,1.0,0.0,0.0,0.0,0.0,0.0,0.0,0.0,0.0,0.0,0.0,0.0,0.0,0.0,0.0,1.0,0.0,0.0,0.0,0.0,0.0,0.0,0.0,,,,,,,,,,,,,,,,,,,,,,,,,,,,,,,,,,,,,,,,,,,,,,,,,,,,,,,,,,,,,,,,,,,,,,,,,,,,,,,,,,,,,,,,,,,,,,,,,,,,,,,,,,,,,,,,,,,,,,,,,,,,,,,,,,,,,,,,,,,
SEA,2022,0.0,WAS,75,78,31.0,7.0,0.0,0.0,1.0,0.0,1.0,0.0,0.0,0.0,0.0,0.0,0.0,0.0,0.0,0.0,0.0,0.0,0.0,0.0,0.0,1.0,0.0,0.0,0.0,0.0,0.0,0.0,0.0,,,,,,,,,,,,,,,,,,,,,,,,,,,,,,,,,,,,,,,,,,,,,,,,,,,,,,,,,,,,,,,,,,,,,,,,,,,,,,,,,,,,,,,,,,,,,,,,,,,,,,,,,,,,,,,,,,,,,,,,,,,,,,,,,,,,,,,,,,,
SEA,2022,1.0,MIN,89,77,3.0,8.0,0.0,0.0,1.0,0.0,1.0,0.0,0.0,0.0,0.0,0.0,0.0,0.0,0.0,0.0,0.0,0.0,0.0,0.0,0.0,1.0,0.0,0.0,0.0,0.0,0.0,0.0,0.0,,,,,,,,,,,,,,,,,,,,,,,,,,,,,,,,,,,,,,,,,,,,,,,,,,,,,,,,,,,,,,,,,,,,,,,,,,,,,,,,,,,,,,,,,,,,,,,,,,,,,,,,,,,,,,,,,,,,,,,,,,,,,,,,,,,,,,,,,,,
SEA,2022,1.0,LVA,81,89,7.0,8.0,0.0,0.0,1.0,0.0,1.0,0.0,0.0,0.0,0.0,0.0,0.0,0.0,0.0,0.0,0.0,0.0,0.0,0.0,0.0,1.0,0.0,0.0,0.0,0.0,0.0,0.0,0.0,,,,,,,,,,,,,,,,,,,,,,,,,,,,,,,,,,,,,,,,,,,,,,,,,,,,,,,,,,,,,,,,,,,,,,,,,,,,,,,,,,,,,,,,,,,,,,,,,,,,,,,,,,,,,,,,,,,,,,,,,,,,,,,,,,,,,,,,,,,
SEA,2022,0.0,CHI,111,100,9.0,8.0,0.0,0.0,1.0,0.0,1.0,0.0,0.0,0.0,0.0,0.0,0.0,0.0,0.0,0.0,0.0,0.0,0.0,0.0,0.0,1.0,0.0,0.0,0.0,0.0,0.0,0.0,0.0,,,,,,,,,,,,,,,,,,,,,,,,,,,,,,,,,,,,,,,,,,,,,,,,,,,,,,,,,,,,,,,,,,,,,,,,,,,,,,,,,,,,,,,,,,,,,,,,,,,,,,,,,,,,,,,,,,,,,,,,,,,,,,,,,,,,,,,,,,,
SEA,2022,0.0,MIN,96,69,12.0,8.0,0.0,0.0,1.0,0.0,1.0,0.0,0.0,0.0,0.0,0.0,0.0,0.0,0.0,0.0,0.0,0.0,0.0,0.0,0.0,1.0,0.0,0.0,0.0,0.0,0.0,0.0,0.0,,,,,,,,,,,,,,,,,,,,,,,,,,,,,,,,,,,,,,,,,,,,,,,,,,,,,,,,,,,,,,,,,,,,,,,,,,,,,,,,,,,,,,,,,,,,,,,,,,,,,,,,,,,,,,,,,,,,,,,,,,,,,,,,,,,,,,,,,,,
SEA,2022,0.0,LVA,100,109,14.0,8.0,0.0,0.0,1.0,0.0,1.0,0.0,0.0,0.0,0.0,0.0,0.0,0.0,0.0,0.0,0.0,0.0,0.0,0.0,0.0,1.0,0.0,0.0,0.0,0.0,0.0,0.0,0.0,,,,,,,,,,,,,,,,,,,,,,,,,,,,,,,,,,,,,,,,,,,,,,,,,,,,,,,,,,,,,,,,,,,,,,,,,,,,,,,,,,,,,,,,,,,,,,,,,,,,,,,,,,,,,,,,,,,,,,,,,,,,,,,,,,,,,,,,,,,
WAS,2022,1.0,IND,84,70,6.0,5.0,0.0,0.0,0.0,0.0,1.0,1.0,0.0,0.0,0.0,0.0,0.0,0.0,0.0,0.0,0.0,0.0,1.0,0.0,0.0,0.0,0.0,1.0,0.0,0.0,0.0,0.0,0.0,,,,,,,,,,,,,,,,,,,,,,,,,,,,,,,,,,,,,,,,,,,,,,,,,,,,,,,,,,,,,,,,,,,,,,,,,,,,,,,,,,,,,,,,,,,,,,,,,,,,,,,,,,,,,,,,,,,,,,,,,,,,,,,,,,,,,,,,,,,
WAS,2022,0.0,MIN,78,66,8.0,5.0,0.0,0.0,0.0,0.0,1.0,1.0,0.0,0.0,0.0,0.0,0.0,0.0,0.0,0.0,0.0,0.0,1.0,0.0,0.0,0.0,0.0,1.0,0.0,0.0,0.0,0.0,0.0,,,,,,,,,,,,,,,,,,,,,,,,,,,,,,,,,,,,,,,,,,,,,,,,,,,,,,,,,,,,,,,,,,,,,,,,,,,,,,,,,,,,,,,,,,,,,,,,,,,,,,,,,,,,,,,,,,,,,,,,,,,,,,,,,,,,,,,,,,,
WAS,2022,1.0,LVA,89,76,10.0,5.0,0.0,0.0,0.0,0.0,1.0,1.0,0.0,0.0,0.0,0.0,0.0,0.0,0.0,0.0,0.0,0.0,1.0,0.0,0.0,0.0,0.0,1.0,0.0,0.0,0.0,0.0,0.0,,,,,,,,,,,,,,,,,,,,,,,,,,,,,,,,,,,,,,,,,,,,,,,,,,,,,,,,,,,,,,,,,,,,,,,,,,,,,,,,,,,,,,,,,,,,,,,,,,,,,,,,,,,,,,,,,,,,,,,,,,,,,,,,,,,,,,,,,,,
WAS,2022,1.0,DAL,86,94,13.0,5.0,0.0,0.0,0.0,0.0,1.0,1.0,0.0,0.0,0.0,0.0,0.0,0.0,0.0,0.0,0.0,0.0,1.0,0.0,0.0,0.0,0.0,1.0,0.0,0.0,0.0,0.0,0.0,,,,,,,,,,,,,,,,,,,,,,,,,,,,,,,,,,,,,,,,,,,,,,,,,,,,,,,,,,,,,,,,,,,,,,,,,,,,,,,,,,,,,,,,,,,,,,,,,,,,,,,,,,,,,,,,,,,,,,,,,,,,,,,,,,,,,,,,,,,
WAS,2022,0.0,DAL,84,68,17.0,5.0,0.0,0.0,0.0,0.0,1.0,1.0,0.0,0.0,0.0,0.0,0.0,0.0,0.0,0.0,0.0,0.0,1.0,0.0,0.0,0.0,0.0,1.0,0.0,0.0,0.0,0.0,0.0,,,,,,,,,,,,,,,,,,,,,,,,,,,,,,,,,,,,,,,,,,,,,,,,,,,,,,,,,,,,,,,,,,,,,,,,,,,,,,,,,,,,,,,,,,,,,,,,,,,,,,,,,,,,,,,,,,,,,,,,,,,,,,,,,,,,,,,,,,,
WAS,2022,0.0,ATL,78,73,20.0,5.0,0.0,0.0,0.0,0.0,1.0,1.0,0.0,0.0,0.0,0.0,0.0,0.0,0.0,0.0,0.0,0.0,1.0,0.0,0.0,0.0,0.0,1.0,0.0,0.0,0.0,0.0,0.0,,,,,,,,,,,,,,,,,,,,,,,,,,,,,,,,,,,,,,,,,,,,,,,,,,,,,,,,,,,,,,,,,,,,,,,,,,,,,,,,,,,,,,,,,,,,,,,,,,,,,,,,,,,,,,,,,,,,,,,,,,,,,,,,,,,,,,,,,,,
WAS,2022,1.0,CHI,73,82,22.0,5.0,0.0,0.0,0.0,0.0,1.0,1.0,0.0,0.0,0.0,0.0,0.0,0.0,0.0,0.0,0.0,0.0,1.0,0.0,0.0,0.0,0.0,1.0,0.0,0.0,0.0,0.0,0.0,,,,,,,,,,,,,,,,,,,,,,,,,,,,,,,,,,,,,,,,,,,,,,,,,,,,,,,,,,,,,,,,,,,,,,,,,,,,,,,,,,,,,,,,,,,,,,,,,,,,,,,,,,,,,,,,,,,,,,,,,,,,,,,,,,,,,,,,,,,
WAS,2022,1.0,ATL,70,50,24.0,5.0,0.0,0.0,0.0,0.0,1.0,1.0,0.0,0.0,0.0,0.0,0.0,0.0,0.0,0.0,0.0,0.0,1.0,0.0,0.0,0.0,0.0,1.0,0.0,0.0,0.0,0.0,0.0,,,,,,,,,,,,,,,,,,,,,,,,,,,,,,,,,,,,,,,,,,,,,,,,,,,,,,,,,,,,,,,,,,,,,,,,,,,,,,,,,,,,,,,,,,,,,,,,,,,,,,,,,,,,,,,,,,,,,,,,,,,,,,,,,,,,,,,,,,,
WAS,2022,0.0,CON,71,79,28.0,5.0,0.0,0.0,0.0,0.0,1.0,1.0,0.0,0.0,0.0,0.0,0.0,0.0,0.0,0.0,0.0,0.0,1.0,0.0,0.0,0.0,0.0,1.0,0.0,0.0,0.0,0.0,0.0,,,,,,,,,,,,,,,,,,,,,,,,,,,,,,,,,,,,,,,,,,,,,,,,,,,,,,,,,,,,,,,,,,,,,,,,,,,,,,,,,,,,,,,,,,,,,,,,,,,,,,,,,,,,,,,,,,,,,,,,,,,,,,,,,,,,,,,,,,,
WAS,2022,0.0,IND,87,75,31.0,5.0,0.0,0.0,0.0,0.0,1.0,1.0,0.0,0.0,0.0,0.0,0.0,0.0,0.0,0.0,0.0,0.0,1.0,0.0,0.0,0.0,0.0,1.0,0.0,0.0,0.0,0.0,0.0,,,,,,,,,,,,,,,,,,,,,,,,,,,,,,,,,,,,,,,,,,,,,,,,,,,,,,,,,,,,,,,,,,,,,,,,,,,,,,,,,,,,,,,,,,,,,,,,,,,,,,,,,,,,,,,,,,,,,,,,,,,,,,,,,,,,,,,,,,,
WAS,2022,1.0,NYL,70,74,3.0,6.0,0.0,0.0,0.0,0.0,1.0,1.0,0.0,0.0,0.0,0.0,0.0,0.0,0.0,0.0,0.0,0.0,1.0,0.0,0.0,0.0,0.0,1.0,0.0,0.0,0.0,0.0,0.0,,,,,,,,,,,,,,,,,,,,,,,,,,,,,,,,,,,,,,,,,,,,,,,,,,,,,,,,,,,,,,,,,,,,,,,,,,,,,,,,,,,,,,,,,,,,,,,,,,,,,,,,,,,,,,,,,,,,,,,,,,,,,,,,,,,,,,,,,,,
WAS,2022,0.0,CHI,82,91,5.0,6.0,0.0,0.0,0.0,0.0,1.0,1.0,0.0,0.0,0.0,0.0,0.0,0.0,0.0,0.0,0.0,0.0,1.0,0.0,0.0,0.0,0.0,1.0,0.0,0.0,0.0,0.0,0.0,,,,,,,,,,,,,,,,,,,,,,,,,,,,,,,,,,,,,,,,,,,,,,,,,,,,,,,,,,,,,,,,,,,,,,,,,,,,,,,,,,,,,,,,,,,,,,,,,,,,,,,,,,,,,,,,,,,,,,,,,,,,,,,,,,,,,,,,,,,
WAS,2022,1.0,CHI,84,82,8.0,6.0,0.0,0.0,0.0,0.0,1.0,1.0,0.0,0.0,0.0,0.0,0.0,0.0,0.0,0.0,0.0,0.0,1.0,0.0,0.0,0.0,0.0,1.0,0.0,0.0,0.0,0.0,0.0,,,,,,,,,,,,,,,,,,,,,,,,,,,,,,,,,,,,,,,,,,,,,,,,,,,,,,,,,,,,,,,,,,,,,,,,,,,,,,,,,,,,,,,,,,,,,,,,,,,,,,,,,,,,,,,,,,,,,,,,,,,,,,,,,,,,,,,,,,,
WAS,2022,0.0,MIN,76,59,10.0,6.0,0.0,0.0,0.0,0.0,1.0,1.0,0.0,0.0,0.0,0.0,0.0,0.0,0.0,0.0,0.0,0.0,1.0,0.0,0.0,0.0,0.0,1.0,0.0,0.0,0.0,0.0,0.0,,,,,,,,,,,,,,,,,,,,,,,,,,,,,,,,,,,,,,,,,,,,,,,,,,,,,,,,,,,,,,,,,,,,,,,,,,,,,,,,,,,,,,,,,,,,,,,,,,,,,,,,,,,,,,,,,,,,,,,,,,,,,,,,,,,,,,,,,,,
WAS,2022,1.0,PHO,90,99,12.0,6.0,0.0,0.0,0.0,0.0,1.0,1.0,0.0,0.0,0.0,0.0,0.0,0.0,0.0,0.0,0.0,0.0,1.0,0.0,0.0,0.0,0.0,1.0,0.0,0.0,0.0,0.0,0.0,,,,,,,,,,,,,,,,,,,,,,,,,,,,,,,,,,,,,,,,,,,,,,,,,,,,,,,,,,,,,,,,,,,,,,,,,,,,,,,,,,,,,,,,,,,,,,,,,,,,,,,,,,,,,,,,,,,,,,,,,,,,,,,,,,,,,,,,,,,
WAS,2022,1.0,PHO,83,65,14.0,6.0,0.0,0.0,0.0,0.0,1.0,1.0,0.0,0.0,0.0,0.0,0.0,0.0,0.0,0.0,0.0,0.0,1.0,0.0,0.0,0.0,0.0,1.0,0.0,0.0,0.0,0.0,0.0,,,,,,,,,,,,,,,,,,,,,,,,,,,,,,,,,,,,,,,,,,,,,,,,,,,,,,,,,,,,,,,,,,,,,,,,,,,,,,,,,,,,,,,,,,,,,,,,,,,,,,,,,,,,,,,,,,,,,,,,,,,,,,,,,,,,,,,,,,,
WAS,2022,0.0,NYL,65,77,16.0,6.0,0.0,0.0,0.0,0.0,1.0,1.0,0.0,0.0,0.0,0.0,0.0,0.0,0.0,0.0,0.0,0.0,1.0,0.0,0.0,0.0,0.0,1.0,0.0,0.0,0.0,0.0,0.0,,,,,,,,,,,,,,,,,,,,,,,,,,,,,,,,,,,,,,,,,,,,,,,,,,,,,,,,,,,,,,,,,,,,,,,,,,,,,,,,,,,,,,,,,,,,,,,,,,,,,,,,,,,,,,,,,,,,,,,,,,,,,,,,,,,,,,,,,,,
WAS,2022,1.0,CON,71,63,19.0,6.0,0.0,0.0,0.0,0.0,1.0,1.0,0.0,0.0,0.0,0.0,0.0,0.0,0.0,0.0,0.0,0.0,1.0,0.0,0.0,0.0,0.0,1.0,0.0,0.0,0.0,0.0,0.0,,,,,,,,,,,,,,,,,,,,,,,,,,,,,,,,,,,,,,,,,,,,,,,,,,,,,,,,,,,,,,,,,,,,,,,,,,,,,,,,,,,,,,,,,,,,,,,,,,,,,,,,,,,,,,,,,,,,,,,,,,,,,,,,,,,,,,,,,,,
WAS,2022,0.0,LAS,82,84,21.0,6.0,0.0,0.0,0.0,0.0,1.0,1.0,0.0,0.0,0.0,0.0,0.0,0.0,0.0,0.0,0.0,0.0,1.0,0.0,0.0,0.0,0.0,1.0,0.0,0.0,0.0,0.0,0.0,,,,,,,,,,,,,,,,,,,,,,,,,,,,,,,,,,,,,,,,,,,,,,,,,,,,,,,,,,,,,,,,,,,,,,,,,,,,,,,,,,,,,,,,,,,,,,,,,,,,,,,,,,,,,,,,,,,,,,,,,,,,,,,,,,,,,,,,,,,
WAS,2022,0.0,SEA,71,85,23.0,6.0,0.0,0.0,0.0,0.0,1.0,1.0,0.0,0.0,0.0,0.0,0.0,0.0,0.0,0.0,0.0,0.0,1.0,0.0,0.0,0.0,0.0,1.0,0.0,0.0,0.0,0.0,0.0,,,,,,,,,,,,,,,,,,,,,,,,,,,,,,,,,,,,,,,,,,,,,,,,,,,,,,,,,,,,,,,,,,,,,,,,,,,,,,,,,,,,,,,,,,,,,,,,,,,,,,,,,,,,,,,,,,,,,,,,,,,,,,,,,,,,,,,,,,,
WAS,2022,0.0,LVA,87,86,25.0,6.0,0.0,0.0,0.0,0.0,1.0,1.0,0.0,0.0,0.0,0.0,0.0,0.0,0.0,0.0,0.0,0.0,1.0,0.0,0.0,0.0,0.0,1.0,0.0,0.0,0.0,0.0,0.0,,,,,,,,,,,,,,,,,,,,,,,,,,,,,,,,,,,,,,,,,,,,,,,,,,,,,,,,,,,,,,,,,,,,,,,,,,,,,,,,,,,,,,,,,,,,,,,,,,,,,,,,,,,,,,,,,,,,,,,,,,,,,,,,,,,,,,,,,,,
WAS,2022,1.0,ATL,92,74,28.0,6.0,0.0,0.0,0.0,0.0,1.0,1.0,0.0,0.0,0.0,0.0,0.0,0.0,0.0,0.0,0.0,0.0,1.0,0.0,0.0,0.0,0.0,1.0,0.0,0.0,0.0,0.0,0.0,,,,,,,,,,,,,,,,,,,,,,,,,,,,,,,,,,,,,,,,,,,,,,,,,,,,,,,,,,,,,,,,,,,,,,,,,,,,,,,,,,,,,,,,,,,,,,,,,,,,,,,,,,,,,,,,,,,,,,,,,,,,,,,,,,,,,,,,,,,
WAS,2022,0.0,CON,72,74,3.0,7.0,0.0,0.0,0.0,0.0,1.0,1.0,0.0,0.0,0.0,0.0,0.0,0.0,0.0,0.0,0.0,0.0,1.0,0.0,0.0,0.0,0.0,1.0,0.0,0.0,0.0,0.0,0.0,,,,,,,,,,,,,,,,,,,,,,,,,,,,,,,,,,,,,,,,,,,,,,,,,,,,,,,,,,,,,,,,,,,,,,,,,,,,,,,,,,,,,,,,,,,,,,,,,,,,,,,,,,,,,,,,,,,,,,,,,,,,,,,,,,,,,,,,,,,
WAS,2022,0.0,ATL,85,66,6.0,7.0,0.0,0.0,0.0,0.0,1.0,1.0,0.0,0.0,0.0,0.0,0.0,0.0,0.0,0.0,0.0,0.0,1.0,0.0,0.0,0.0,0.0,1.0,0.0,0.0,0.0,0.0,0.0,,,,,,,,,,,,,,,,,,,,,,,,,,,,,,,,,,,,,,,,,,,,,,,,,,,,,,,,,,,,,,,,,,,,,,,,,,,,,,,,,,,,,,,,,,,,,,,,,,,,,,,,,,,,,,,,,,,,,,,,,,,,,,,,,,,,,,,,,,,
WAS,2022,0.0,LAS,94,81,12.0,7.0,0.0,0.0,0.0,0.0,1.0,1.0,0.0,0.0,0.0,0.0,0.0,0.0,0.0,0.0,0.0,0.0,1.0,0.0,0.0,0.0,0.0,1.0,0.0,0.0,0.0,0.0,0.0,,,,,,,,,,,,,,,,,,,,,,,,,,,,,,,,,,,,,,,,,,,,,,,,,,,,,,,,,,,,,,,,,,,,,,,,,,,,,,,,,,,,,,,,,,,,,,,,,,,,,,,,,,,,,,,,,,,,,,,,,,,,,,,,,,,,,,,,,,,
WAS,2022,0.0,PHO,75,80,14.0,7.0,0.0,0.0,0.0,0.0,1.0,1.0,0.0,0.0,0.0,0.0,0.0,0.0,0.0,0.0,0.0,0.0,1.0,0.0,0.0,0.0,0.0,1.0,0.0,0.0,0.0,0.0,0.0,,,,,,,,,,,,,,,,,,,,,,,,,,,,,,,,,,,,,,,,,,,,,,,,,,,,,,,,,,,,,,,,,,,,,,,,,,,,,,,,,,,,,,,,,,,,,,,,,,,,,,,,,,,,,,,,,,,,,,,,,,,,,,,,,,,,,,,,,,,
WAS,2022,1.0,MIN,70,57,17.0,7.0,0.0,0.0,0.0,0.0,1.0,1.0,0.0,0.0,0.0,0.0,0.0,0.0,0.0,0.0,0.0,0.0,1.0,0.0,0.0,0.0,0.0,1.0,0.0,0.0,0.0,0.0,0.0,,,,,,,,,,,,,,,,,,,,,,,,,,,,,,,,,,,,,,,,,,,,,,,,,,,,,,,,,,,,,,,,,,,,,,,,,,,,,,,,,,,,,,,,,,,,,,,,,,,,,,,,,,,,,,,,,,,,,,,,,,,,,,,,,,,,,,,,,,,
WAS,2022,1.0,NYL,78,69,21.0,7.0,0.0,0.0,0.0,0.0,1.0,1.0,0.0,0.0,0.0,0.0,0.0,0.0,0.0,0.0,0.0,0.0,1.0,0.0,0.0,0.0,0.0,1.0,0.0,0.0,0.0,0.0,0.0,,,,,,,,,,,,,,,,,,,,,,,,,,,,,,,,,,,,,,,,,,,,,,,,,,,,,,,,,,,,,,,,,,,,,,,,,,,,,,,,,,,,,,,,,,,,,,,,,,,,,,,,,,,,,,,,,,,,,,,,,,,,,,,,,,,,,,,,,,,
WAS,2022,0.0,DAL,87,77,28.0,7.0,0.0,0.0,0.0,0.0,1.0,1.0,0.0,0.0,0.0,0.0,0.0,0.0,0.0,0.0,0.0,0.0,1.0,0.0,0.0,0.0,0.0,1.0,0.0,0.0,0.0,0.0,0.0,,,,,,,,,,,,,,,,,,,,,,,,,,,,,,,,,,,,,,,,,,,,,,,,,,,,,,,,,,,,,,,,,,,,,,,,,,,,,,,,,,,,,,,,,,,,,,,,,,,,,,,,,,,,,,,,,,,,,,,,,,,,,,,,,,,,,,,,,,,
WAS,2022,1.0,SEA,77,82,30.0,7.0,0.0,0.0,0.0,0.0,1.0,1.0,0.0,0.0,0.0,0.0,0.0,0.0,0.0,0.0,0.0,0.0,1.0,0.0,0.0,0.0,0.0,1.0,0.0,0.0,0.0,0.0,0.0,,,,,,,,,,,,,,,,,,,,,,,,,,,,,,,,,,,,,,,,,,,,,,,,,,,,,,,,,,,,,,,,,,,,,,,,,,,,,,,,,,,,,,,,,,,,,,,,,,,,,,,,,,,,,,,,,,,,,,,,,,,,,,,,,,,,,,,,,,,
WAS,2022,1.0,SEA,78,75,31.0,7.0,0.0,0.0,0.0,0.0,1.0,1.0,0.0,0.0,0.0,0.0,0.0,0.0,0.0,0.0,0.0,0.0,1.0,0.0,0.0,0.0,0.0,1.0,0.0,0.0,0.0,0.0,0.0,,,,,,,,,,,,,,,,,,,,,,,,,,,,,,,,,,,,,,,,,,,,,,,,,,,,,,,,,,,,,,,,,,,,,,,,,,,,,,,,,,,,,,,,,,,,,,,,,,,,,,,,,,,,,,,,,,,,,,,,,,,,,,,,,,,,,,,,,,,
WAS,2022,1.0,LVA,83,73,2.0,8.0,0.0,0.0,0.0,0.0,1.0,1.0,0.0,0.0,0.0,0.0,0.0,0.0,0.0,0.0,0.0,0.0,1.0,0.0,0.0,0.0,0.0,1.0,0.0,0.0,0.0,0.0,0.0,,,,,,,,,,,,,,,,,,,,,,,,,,,,,,,,,,,,,,,,,,,,,,,,,,,,,,,,,,,,,,,,,,,,,,,,,,,,,,,,,,,,,,,,,,,,,,,,,,,,,,,,,,,,,,,,,,,,,,,,,,,,,,,,,,,,,,,,,,,
WAS,2022,0.0,CHI,83,93,5.0,8.0,0.0,0.0,0.0,0.0,1.0,1.0,0.0,0.0,0.0,0.0,0.0,0.0,0.0,0.0,0.0,0.0,1.0,0.0,0.0,0.0,0.0,1.0,0.0,0.0,0.0,0.0,0.0,,,,,,,,,,,,,,,,,,,,,,,,,,,,,,,,,,,,,,,,,,,,,,,,,,,,,,,,,,,,,,,,,,,,,,,,,,,,,,,,,,,,,,,,,,,,,,,,,,,,,,,,,,,,,,,,,,,,,,,,,,,,,,,,,,,,,,,,,,,
WAS,2022,1.0,LAS,76,79,7.0,8.0,0.0,0.0,0.0,0.0,1.0,1.0,0.0,0.0,0.0,0.0,0.0,0.0,0.0,0.0,0.0,0.0,1.0,0.0,0.0,0.0,0.0,1.0,0.0,0.0,0.0,0.0,0.0,,,,,,,,,,,,,,,,,,,,,,,,,,,,,,,,,,,,,,,,,,,,,,,,,,,,,,,,,,,,,,,,,,,,,,,,,,,,,,,,,,,,,,,,,,,,,,,,,,,,,,,,,,,,,,,,,,,,,,,,,,,,,,,,,,,,,,,,,,,
WAS,2022,0.0,IND,82,70,12.0,8.0,0.0,0.0,0.0,0.0,1.0,1.0,0.0,0.0,0.0,0.0,0.0,0.0,0.0,0.0,0.0,0.0,1.0,0.0,0.0,0.0,0.0,1.0,0.0,0.0,0.0,0.0,0.0,,,,,,,,,,,,,,,,,,,,,,,,,,,,,,,,,,,,,,,,,,,,,,,,,,,,,,,,,,,,,,,,,,,,,,,,,,,,,,,,,,,,,,,,,,,,,,,,,,,,,,,,,,,,,,,,,,,,,,,,,,,,,,,,,,,,,,,,,,,
WAS,2022,1.0,IND,95,83,14.0,8.0,0.0,0.0,0.0,0.0,1.0,1.0,0.0,0.0,0.0,0.0,0.0,0.0,0.0,0.0,0.0,0.0,1.0,0.0,0.0,0.0,0.0,1.0,0.0,0.0,0.0,0.0,0.0,,,,,,,,,,,,,,,,,,,,,,,,,,,,,,,,,,,,,,,,,,,,,,,,,,,,,,,,,,,,,,,,,,,,,,,,,,,,,,,,,,,,,,,,,,,,,,,,,,,,,,,,,,,,,,,,,,,,,,,,,,,,,,,,,,,,,,,,,,,
LVA,2022,0.0,PHO,106,88,6.0,5.0,0.0,0.0,0.0,1.0,0.0,0.0,0.0,0.0,0.0,0.0,0.0,0.0,0.0,0.0,0.0,0.0,0.0,0.0,0.0,0.0,0.0,0.0,0.0,0.0,0.0,0.0,0.0,,,,,,,,,,,,,,,,,,,,,,,,,,,,,,,,,,,,,,,,,,,,,,,,,,,,,,,,,,,,,,,,,,,,,,,,,,,,,,,,,,,,,,,,,,,,,,,,,,,,,,,,,,,,,,,,,,,,,,,,,,,,,,,,,,,,,,,,,,,
LVA,2022,1.0,SEA,85,74,8.0,5.0,0.0,0.0,0.0,1.0,0.0,0.0,0.0,0.0,0.0,0.0,0.0,0.0,0.0,0.0,0.0,0.0,0.0,0.0,0.0,0.0,0.0,0.0,0.0,0.0,0.0,0.0,0.0,,,,,,,,,,,,,,,,,,,,,,,,,,,,,,,,,,,,,,,,,,,,,,,,,,,,,,,,,,,,,,,,,,,,,,,,,,,,,,,,,,,,,,,,,,,,,,,,,,,,,,,,,,,,,,,,,,,,,,,,,,,,,,,,,,,,,,,,,,,
LVA,2022,0.0,WAS,76,89,10.0,5.0,0.0,0.0,0.0,1.0,0.0,0.0,0.0,0.0,0.0,0.0,0.0,0.0,0.0,0.0,0.0,0.0,0.0,0.0,0.0,0.0,0.0,0.0,0.0,0.0,0.0,0.0,0.0,,,,,,,,,,,,,,,,,,,,,,,,,,,,,,,,,,,,,,,,,,,,,,,,,,,,,,,,,,,,,,,,,,,,,,,,,,,,,,,,,,,,,,,,,,,,,,,,,,,,,,,,,,,,,,,,,,,,,,,,,,,,,,,,,,,,,,,,,,,
LVA,2022,0.0,ATL,96,73,13.0,5.0,0.0,0.0,0.0,1.0,0.0,0.0,0.0,0.0,0.0,0.0,0.0,0.0,0.0,0.0,0.0,0.0,0.0,0.0,0.0,0.0,0.0,0.0,0.0,0.0,0.0,0.0,0.0,,,,,,,,,,,,,,,,,,,,,,,,,,,,,,,,,,,,,,,,,,,,,,,,,,,,,,,,,,,,,,,,,,,,,,,,,,,,,,,,,,,,,,,,,,,,,,,,,,,,,,,,,,,,,,,,,,,,,,,,,,,,,,,,,,,,,,,,,,,
LVA,2022,1.0,PHO,86,74,17.0,5.0,0.0,0.0,0.0,0.0,0.0,0.0,0.0,0.0,0.0,0.0,0.0,0.0,0.0,0.0,0.0,0.0,0.0,0.0,0.0,0.0,0.0,0.0,0.0,0.0,0.0,0.0,0.0,,,,,,,,,,,,,,,,,,,,,,,,,,,,,,,,,,,,,,,,,,,,,,,,,,,,,,,,,,,,,,,,,,,,,,,,,,,,,,,,,,,,,,,,,,,,,,,,,,,,,,,,,,,,,,,,,,,,,,,,,,,,,,,,,,,,,,,,,,,
LVA,2022,1.0,MIN,93,87,19.0,5.0,0.0,0.0,0.0,0.0,0.0,0.0,0.0,0.0,0.0,0.0,0.0,0.0,0.0,0.0,0.0,0.0,0.0,0.0,0.0,0.0,0.0,0.0,0.0,0.0,0.0,0.0,0.0,,,,,,,,,,,,,,,,,,,,,,,,,,,,,,,,,,,,,,,,,,,,,,,,,,,,,,,,,,,,,,,,,,,,,,,,,,,,,,,,,,,,,,,,,,,,,,,,,,,,,,,,,,,,,,,,,,,,,,,,,,,,,,,,,,,,,,,,,,,
LVA,2022,1.0,PHO,100,80,21.0,5.0,0.0,0.0,0.0,1.0,0.0,0.0,0.0,0.0,0.0,0.0,0.0,0.0,0.0,0.0,0.0,0.0,0.0,0.0,0.0,0.0,0.0,0.0,0.0,0.0,0.0,0.0,0.0,,,,,,,,,,,,,,,,,,,,,,,,,,,,,,,,,,,,,,,,,,,,,,,,,,,,,,,,,,,,,,,,,,,,,,,,,,,,,,,,,,,,,,,,,,,,,,,,,,,,,,,,,,,,,,,,,,,,,,,,,,,,,,,,,,,,,,,,,,,
LVA,2022,1.0,LAS,104,76,23.0,5.0,0.0,0.0,0.0,1.0,0.0,0.0,0.0,0.0,0.0,0.0,0.0,0.0,0.0,0.0,0.0,0.0,0.0,0.0,0.0,0.0,0.0,0.0,0.0,0.0,0.0,0.0,0.0,,,,,,,,,,,,,,,,,,,,,,,,,,,,,,,,,,,,,,,,,,,,,,,,,,,,,,,,,,,,,,,,,,,,,,,,,,,,,,,,,,,,,,,,,,,,,,,,,,,,,,,,,,,,,,,,,,,,,,,,,,,,,,,,,,,,,,,,,,,
LVA,2022,0.0,CHI,83,76,28.0,5.0,0.0,0.0,0.0,0.0,0.0,0.0,0.0,0.0,0.0,0.0,0.0,0.0,0.0,0.0,0.0,0.0,0.0,0.0,0.0,0.0,0.0,0.0,0.0,0.0,0.0,0.0,0.0,,,,,,,,,,,,,,,,,,,,,,,,,,,,,,,,,,,,,,,,,,,,,,,,,,,,,,,,,,,,,,,,,,,,,,,,,,,,,,,,,,,,,,,,,,,,,,,,,,,,,,,,,,,,,,,,,,,,,,,,,,,,,,,,,,,,,,,,,,,
LVA,2022,1.0,CON,89,81,31.0,5.0,0.0,0.0,0.0,1.0,0.0,0.0,0.0,0.0,0.0,0.0,0.0,0.0,0.0,0.0,0.0,0.0,0.0,0.0,0.0,0.0,0.0,0.0,0.0,0.0,0.0,0.0,0.0,,,,,,,,,,,,,,,,,,,,,,,,,,,,,,,,,,,,,,,,,,,,,,,,,,,,,,,,,,,,,,,,,,,,,,,,,,,,,,,,,,,,,,,,,,,,,,,,,,,,,,,,,,,,,,,,,,,,,,,,,,,,,,,,,,,,,,,,,,,
LVA,2022,1.0,CON,90,97,2.0,6.0,0.0,0.0,0.0,0.0,0.0,0.0,0.0,0.0,0.0,0.0,0.0,0.0,0.0,0.0,0.0,0.0,0.0,0.0,0.0,0.0,0.0,0.0,0.0,0.0,0.0,0.0,0.0,,,,,,,,,,,,,,,,,,,,,,,,,,,,,,,,,,,,,,,,,,,,,,,,,,,,,,,,,,,,,,,,,,,,,,,,,,,,,,,,,,,,,,,,,,,,,,,,,,,,,,,,,,,,,,,,,,,,,,,,,,,,,,,,,,,,,,,,,,,
LVA,2022,1.0,DAL,84,78,5.0,6.0,0.0,0.0,0.0,1.0,0.0,0.0,0.0,0.0,0.0,0.0,0.0,0.0,0.0,0.0,0.0,0.0,0.0,0.0,0.0,0.0,0.0,0.0,0.0,0.0,0.0,0.0,0.0,,,,,,,,,,,,,,,,,,,,,,,,,,,,,,,,,,,,,,,,,,,,,,,,,,,,,,,,,,,,,,,,,,,,,,,,,,,,,,,,,,,,,,,,,,,,,,,,,,,,,,,,,,,,,,,,,,,,,,,,,,,,,,,,,,,,,,,,,,,
LVA,2022,0.0,LAS,89,72,11.0,6.0,0.0,0.0,0.0,1.0,0.0,0.0,0.0,0.0,0.0,0.0,0.0,0.0,0.0,0.0,0.0,0.0,0.0,0.0,0.0,0.0,0.0,0.0,0.0,0.0,0.0,0.0,0.0,,,,,,,,,,,,,,,,,,,,,,,,,,,,,,,,,,,,,,,,,,,,,,,,,,,,,,,,,,,,,,,,,,,,,,,,,,,,,,,,,,,,,,,,,,,,,,,,,,,,,,,,,,,,,,,,,,,,,,,,,,,,,,,,,,,,,,,,,,,
LVA,2022,0.0,DAL,92,84,15.0,6.0,0.0,0.0,0.0,0.0,0.0,0.0,0.0,0.0,0.0,0.0,0.0,0.0,0.0,0.0,0.0,0.0,0.0,0.0,0.0,0.0,0.0,0.0,0.0,0.0,0.0,0.0,0.0,,,,,,,,,,,,,,,,,,,,,,,,,,,,,,,,,,,,,,,,,,,,,,,,,,,,,,,,,,,,,,,,,,,,,,,,,,,,,,,,,,,,,,,,,,,,,,,,,,,,,,,,,,,,,,,,,,,,,,,,,,,,,,,,,,,,,,,,,,,
LVA,2022,1.0,MIN,96,95,19.0,6.0,0.0,0.0,0.0,0.0,0.0,0.0,0.0,0.0,0.0,0.0,0.0,0.0,0.0,0.0,0.0,0.0,0.0,0.0,0.0,0.0,0.0,0.0,0.0,0.0,0.0,0.0,0.0,,,,,,,,,,,,,,,,,,,,,,,,,,,,,,,,,,,,,,,,,,,,,,,,,,,,,,,,,,,,,,,,,,,,,,,,,,,,,,,,,,,,,,,,,,,,,,,,,,,,,,,,,,,,,,,,,,,,,,,,,,,,,,,,,,,,,,,,,,,
LVA,2022,1.0,CHI,95,104,21.0,6.0,0.0,0.0,0.0,0.0,0.0,0.0,0.0,0.0,0.0,0.0,0.0,0.0,0.0,0.0,0.0,0.0,0.0,0.0,0.0,0.0,0.0,0.0,0.0,0.0,0.0,0.0,0.0,,,,,,,,,,,,,,,,,,,,,,,,,,,,,,,,,,,,,,,,,,,,,,,,,,,,,,,,,,,,,,,,,,,,,,,,,,,,,,,,,,,,,,,,,,,,,,,,,,,,,,,,,,,,,,,,,,,,,,,,,,,,,,,,,,,,,,,,,,,
LVA,2022,1.0,WAS,86,87,25.0,6.0,0.0,0.0,0.0,0.0,0.0,0.0,0.0,0.0,0.0,0.0,0.0,0.0,0.0,0.0,0.0,0.0,0.0,0.0,0.0,0.0,0.0,0.0,0.0,0.0,0.0,0.0,0.0,,,,,,,,,,,,,,,,,,,,,,,,,,,,,,,,,,,,,,,,,,,,,,,,,,,,,,,,,,,,,,,,,,,,,,,,,,,,,,,,,,,,,,,,,,,,,,,,,,,,,,,,,,,,,,,,,,,,,,,,,,,,,,,,,,,,,,,,,,,
LVA,2022,0.0,LAS,79,73,27.0,6.0,0.0,0.0,0.0,1.0,0.0,0.0,0.0,0.0,0.0,0.0,0.0,0.0,0.0,0.0,0.0,0.0,0.0,0.0,0.0,0.0,0.0,0.0,0.0,0.0,0.0,0.0,0.0,,,,,,,,,,,,,,,,,,,,,,,,,,,,,,,,,,,,,,,,,,,,,,,,,,,,,,,,,,,,,,,,,,,,,,,,,,,,,,,,,,,,,,,,,,,,,,,,,,,,,,,,,,,,,,,,,,,,,,,,,,,,,,,,,,,,,,,,,,,
LVA,2022,0.0,SEA,78,88,29.0,6.0,0.0,0.0,0.0,0.0,0.0,0.0,0.0,0.0,0.0,0.0,0.0,0.0,0.0,0.0,0.0,0.0,0.0,0.0,0.0,0.0,0.0,0.0,0.0,0.0,0.0,0.0,0.0,,,,,,,,,,,,,,,,,,,,,,,,,,,,,,,,,,,,,,,,,,,,,,,,,,,,,,,,,,,,,,,,,,,,,,,,,,,,,,,,,,,,,,,,,,,,,,,,,,,,,,,,,,,,,,,,,,,,,,,,,,,,,,,,,,,,,,,,,,,
LVA,2022,0.0,MIN,91,85,1.0,7.0,0.0,0.0,0.0,0.0,0.0,0.0,0.0,0.0,0.0,0.0,0.0,0.0,0.0,0.0,0.0,0.0,0.0,0.0,0.0,0.0,0.0,0.0,0.0,0.0,0.0,0.0,0.0,,,,,,,,,,,,,,,,,,,,,,,,,,,,,,,,,,,,,,,,,,,,,,,,,,,,,,,,,,,,,,,,,,,,,,,,,,,,,,,,,,,,,,,,,,,,,,,,,,,,,,,,,,,,,,,,,,,,,,,,,,,,,,,,,,,,,,,,,,,
LVA,2022,0.0,MIN,71,102,3.0,7.0,0.0,0.0,0.0,1.0,0.0,0.0,0.0,0.0,0.0,0.0,0.0,0.0,0.0,0.0,0.0,0.0,0.0,0.0,0.0,0.0,0.0,0.0,0.0,0.0,0.0,0.0,0.0,,,,,,,,,,,,,,,,,,,,,,,,,,,,,,,,,,,,,,,,,,,,,,,,,,,,,,,,,,,,,,,,,,,,,,,,,,,,,,,,,,,,,,,,,,,,,,,,,,,,,,,,,,,,,,,,,,,,,,,,,,,,,,,,,,,,,,,,,,,
LVA,2022,1.0,NYL,107,116,6.0,7.0,0.0,0.0,0.0,0.0,0.0,0.0,0.0,0.0,0.0,0.0,0.0,0.0,0.0,0.0,0.0,0.0,0.0,0.0,0.0,0.0,0.0,0.0,0.0,0.0,0.0,0.0,0.0,,,,,,,,,,,,,,,,,,,,,,,,,,,,,,,,,,,,,,,,,,,,,,,,,,,,,,,,,,,,,,,,,,,,,,,,,,,,,,,,,,,,,,,,,,,,,,,,,,,,,,,,,,,,,,,,,,,,,,,,,,,,,,,,,,,,,,,,,,,
LVA,2022,0.0,NYL,107,101,12.0,7.0,0.0,0.0,0.0,0.0,0.0,0.0,0.0,0.0,0.0,0.0,0.0,0.0,0.0,0.0,0.0,0.0,0.0,0.0,0.0,0.0,0.0,0.0,0.0,0.0,0.0,0.0,0.0,,,,,,,,,,,,,,,,,,,,,,,,,,,,,,,,,,,,,,,,,,,,,,,,,,,,,,,,,,,,,,,,,,,,,,,,,,,,,,,,,,,,,,,,,,,,,,,,,,,,,,,,,,,,,,,,,,,,,,,,,,,,,,,,,,,,,,,,,,,
LVA,2022,0.0,NYL,108,74,14.0,7.0,0.0,0.0,0.0,1.0,0.0,0.0,0.0,0.0,0.0,0.0,0.0,0.0,0.0,0.0,0.0,0.0,0.0,0.0,0.0,0.0,0.0,0.0,0.0,0.0,0.0,0.0,0.0,,,,,,,,,,,,,,,,,,,,,,,,,,,,,,,,,,,,,,,,,,,,,,,,,,,,,,,,,,,,,,,,,,,,,,,,,,,,,,,,,,,,,,,,,,,,,,,,,,,,,,,,,,,,,,,,,,,,,,,,,,,,,,,,,,,,,,,,,,,
LVA,2022,0.0,CON,91,83,17.0,7.0,0.0,0.0,0.0,0.0,0.0,0.0,0.0,0.0,0.0,0.0,0.0,0.0,0.0,0.0,0.0,0.0,0.0,0.0,0.0,0.0,0.0,0.0,0.0,0.0,0.0,0.0,0.0,,,,,,,,,,,,,,,,,,,,,,,,,,,,,,,,,,,,,,,,,,,,,,,,,,,,,,,,,,,,,,,,,,,,,,,,,,,,,,,,,,,,,,,,,,,,,,,,,,,,,,,,,,,,,,,,,,,,,,,,,,,,,,,,,,,,,,,,,,,
LVA,2022,1.0,ATL,76,92,19.0,7.0,0.0,0.0,0.0,1.0,0.0,0.0,0.0,0.0,0.0,0.0,0.0,0.0,0.0,0.0,0.0,0.0,0.0,0.0,0.0,0.0,0.0,0.0,0.0,0.0,0.0,0.0,0.0,,,,,,,,,,,,,,,,,,,,,,,,,,,,,,,,,,,,,,,,,,,,,,,,,,,,,,,,,,,,,,,,,,,,,,,,,,,,,,,,,,,,,,,,,,,,,,,,,,,,,,,,,,,,,,,,,,,,,,,,,,,,,,,,,,,,,,,,,,,
LVA,2022,1.0,IND,90,77,21.0,7.0,0.0,0.0,0.0,1.0,0.0,0.0,0.0,0.0,0.0,0.0,0.0,0.0,0.0,0.0,0.0,0.0,0.0,0.0,0.0,0.0,0.0,0.0,0.0,0.0,0.0,0.0,0.0,,,,,,,,,,,,,,,,,,,,,,,,,,,,,,,,,,,,,,,,,,,,,,,,,,,,,,,,,,,,,,,,,,,,,,,,,,,,,,,,,,,,,,,,,,,,,,,,,,,,,,,,,,,,,,,,,,,,,,,,,,,,,,,,,,,,,,,,,,,
LVA,2022,1.0,LAS,84,66,23.0,7.0,0.0,0.0,0.0,1.0,0.0,0.0,0.0,0.0,0.0,0.0,0.0,0.0,0.0,0.0,0.0,0.0,0.0,0.0,0.0,0.0,0.0,0.0,0.0,0.0,0.0,0.0,0.0,,,,,,,,,,,,,,,,,,,,,,,,,,,,,,,,,,,,,,,,,,,,,,,,,,,,,,,,,,,,,,,,,,,,,,,,,,,,,,,,,,,,,,,,,,,,,,,,,,,,,,,,,,,,,,,,,,,,,,,,,,,,,,,,,,,,,,,,,,,
LVA,2022,0.0,IND,93,72,29.0,7.0,0.0,0.0,0.0,1.0,0.0,0.0,0.0,0.0,0.0,0.0,0.0,0.0,0.0,0.0,0.0,0.0,0.0,0.0,0.0,0.0,0.0,0.0,0.0,0.0,0.0,0.0,0.0,,,,,,,,,,,,,,,,,,,,,,,,,,,,,,,,,,,,,,,,,,,,,,,,,,,,,,,,,,,,,,,,,,,,,,,,,,,,,,,,,,,,,,,,,,,,,,,,,,,,,,,,,,,,,,,,,,,,,,,,,,,,,,,,,,,,,,,,,,,
LVA,2022,0.0,IND,94,69,31.0,7.0,0.0,0.0,0.0,1.0,0.0,0.0,0.0,0.0,0.0,0.0,0.0,0.0,0.0,0.0,0.0,0.0,0.0,0.0,0.0,0.0,0.0,0.0,0.0,0.0,0.0,0.0,0.0,,,,,,,,,,,,,,,,,,,,,,,,,,,,,,,,,,,,,,,,,,,,,,,,,,,,,,,,,,,,,,,,,,,,,,,,,,,,,,,,,,,,,,,,,,,,,,,,,,,,,,,,,,,,,,,,,,,,,,,,,,,,,,,,,,,,,,,,,,,
LVA,2022,0.0,WAS,73,83,2.0,8.0,0.0,0.0,0.0,0.0,0.0,0.0,0.0,0.0,0.0,0.0,0.0,0.0,0.0,0.0,0.0,0.0,0.0,0.0,0.0,0.0,0.0,0.0,0.0,0.0,0.0,0.0,0.0,,,,,,,,,,,,,,,,,,,,,,,,,,,,,,,,,,,,,,,,,,,,,,,,,,,,,,,,,,,,,,,,,,,,,,,,,,,,,,,,,,,,,,,,,,,,,,,,,,,,,,,,,,,,,,,,,,,,,,,,,,,,,,,,,,,,,,,,,,,
LVA,2022,0.0,DAL,80,82,4.0,8.0,0.0,0.0,0.0,0.0,0.0,0.0,0.0,0.0,0.0,0.0,0.0,0.0,0.0,0.0,0.0,0.0,0.0,0.0,0.0,0.0,0.0,0.0,0.0,0.0,0.0,0.0,0.0,,,,,,,,,,,,,,,,,,,,,,,,,,,,,,,,,,,,,,,,,,,,,,,,,,,,,,,,,,,,,,,,,,,,,,,,,,,,,,,,,,,,,,,,,,,,,,,,,,,,,,,,,,,,,,,,,,,,,,,,,,,,,,,,,,,,,,,,,,,
LVA,2022,0.0,SEA,89,81,7.0,8.0,0.0,0.0,0.0,1.0,0.0,0.0,0.0,0.0,0.0,0.0,0.0,0.0,0.0,0.0,0.0,0.0,0.0,0.0,0.0,0.0,0.0,0.0,0.0,0.0,0.0,0.0,0.0,,,,,,,,,,,,,,,,,,,,,,,,,,,,,,,,,,,,,,,,,,,,,,,,,,,,,,,,,,,,,,,,,,,,,,,,,,,,,,,,,,,,,,,,,,,,,,,,,,,,,,,,,,,,,,,,,,,,,,,,,,,,,,,,,,,,,,,,,,,
LVA,2022,1.0,ATL,97,90,9.0,8.0,0.0,0.0,0.0,1.0,0.0,0.0,0.0,0.0,0.0,0.0,0.0,0.0,0.0,0.0,0.0,0.0,0.0,0.0,0.0,0.0,0.0,0.0,0.0,0.0,0.0,0.0,0.0,,,,,,,,,,,,,,,,,,,,,,,,,,,,,,,,,,,,,,,,,,,,,,,,,,,,,,,,,,,,,,,,,,,,,,,,,,,,,,,,,,,,,,,,,,,,,,,,,,,,,,,,,,,,,,,,,,,,,,,,,,,,,,,,,,,,,,,,,,,
LVA,2022,1.0,CHI,89,78,11.0,8.0,0.0,0.0,0.0,1.0,0.0,0.0,0.0,0.0,0.0,0.0,0.0,0.0,0.0,0.0,0.0,0.0,0.0,0.0,0.0,0.0,0.0,0.0,0.0,0.0,0.0,0.0,0.0,,,,,,,,,,,,,,,,,,,,,,,,,,,,,,,,,,,,,,,,,,,,,,,,,,,,,,,,,,,,,,,,,,,,,,,,,,,,,,,,,,,,,,,,,,,,,,,,,,,,,,,,,,,,,,,,,,,,,,,,,,,,,,,,,,,,,,,,,,,
LVA,2022,1.0,SEA,109,100,14.0,8.0,0.0,0.0,0.0,1.0,0.0,0.0,0.0,0.0,0.0,0.0,0.0,0.0,0.0,0.0,0.0,0.0,0.0,0.0,0.0,0.0,0.0,0.0,0.0,0.0,0.0,0.0,0.0,,,,,,,,,,,,,,,,,,,,,,,,,,,,,,,,,,,,,,,,,,,,,,,,,,,,,,,,,,,,,,,,,,,,,,,,,,,,,,,,,,,,,,,,,,,,,,,,,,,,,,,,,,,,,,,,,,,,,,,,,,,,,,,,,,,,,,,,,,,
ATL,2023,0.0,DAL,78,85,20.0,5.0,0.0,0.0,1.0,0.0,0.0,1.0,0.0,0.0,0.0,0.0,0.0,0.0,1.0,0.0,0.0,0.0,0.0,0.0,1.0,0.0,0.0,0.0,0.0,1.0,1.0,0.0,1.0,,,,,,,,,,,,,,,,,,,,,,,,,,,,,,,,,,,,,,,,,,,,,,,,,,,,,,,,,,,,,,,,,,,,,,,,,,,,,,,,,,,,,,,,,,,,,,,,,,,,,,,,,,,,,,,,,,,,,,,,,,,,,,,,,,,,,,,,,,,
ATL,2023,0.0,MIN,83,77,23.0,5.0,0.0,0.0,1.0,0.0,0.0,0.0,0.0,0.0,0.0,0.0,0.0,0.0,1.0,0.0,0.0,0.0,0.0,0.0,0.0,0.0,0.0,0.0,0.0,1.0,1.0,0.0,1.0,,,,,,,,,,,,,,,,,,,,,,,,,,,,,,,,,,,,,,,,,,,,,,,,,,,,,,,,,,,,,,,,,,,,,,,,,,,,,,,,,,,,,,,,,,,,,,,,,,,,,,,,,,,,,,,,,,,,,,,,,,,,,,,,,,,,,,,,,,,
ATL,2023,1.0,IND,87,90,28.0,5.0,0.0,0.0,1.0,0.0,0.0,0.0,0.0,0.0,0.0,0.0,0.0,0.0,1.0,0.0,0.0,0.0,0.0,0.0,0.0,0.0,0.0,0.0,0.0,1.0,1.0,0.0,1.0,,,,,,,,,,,,,,,,,,,,,,,,,,,,,,,,,,,,,,,,,,,,,,,,,,,,,,,,,,,,,,,,,,,,,,,,,,,,,,,,,,,,,,,,,,,,,,,,,,,,,,,,,,,,,,,,,,,,,,,,,,,,,,,,,,,,,,,,,,,
ATL,2023,1.0,CHI,83,65,30.0,5.0,0.0,0.0,1.0,0.0,0.0,1.0,0.0,0.0,0.0,0.0,0.0,0.0,1.0,0.0,0.0,0.0,0.0,0.0,1.0,0.0,0.0,0.0,0.0,1.0,1.0,0.0,1.0,,,,,,,,,,,,,,,,,,,,,,,,,,,,,,,,,,,,,,,,,,,,,,,,,,,,,,,,,,,,,,,,,,,,,,,,,,,,,,,,,,,,,,,,,,,,,,,,,,,,,,,,,,,,,,,,,,,,,,,,,,,,,,,,,,,,,,,,,,,
ATL,2023,1.0,LVA,87,92,2.0,6.0,0.0,0.0,1.0,0.0,0.0,1.0,0.0,0.0,0.0,0.0,0.0,0.0,1.0,0.0,0.0,0.0,0.0,0.0,1.0,0.0,0.0,0.0,0.0,1.0,1.0,0.0,1.0,,,,,,,,,,,,,,,,,,,,,,,,,,,,,,,,,,,,,,,,,,,,,,,,,,,,,,,,,,,,,,,,,,,,,,,,,,,,,,,,,,,,,,,,,,,,,,,,,,,,,,,,,,,,,,,,,,,,,,,,,,,,,,,,,,,,,,,,,,,
ATL,2023,1.0,NYL,83,106,9.0,6.0,0.0,0.0,1.0,0.0,0.0,0.0,0.0,0.0,0.0,0.0,0.0,0.0,0.0,0.0,0.0,0.0,0.0,0.0,0.0,0.0,0.0,0.0,0.0,1.0,1.0,0.0,1.0,,,,,,,,,,,,,,,,,,,,,,,,,,,,,,,,,,,,,,,,,,,,,,,,,,,,,,,,,,,,,,,,,,,,,,,,,,,,,,,,,,,,,,,,,,,,,,,,,,,,,,,,,,,,,,,,,,,,,,,,,,,,,,,,,,,,,,,,,,,
ATL,2023,1.0,CON,77,89,11.0,6.0,0.0,0.0,1.0,0.0,0.0,0.0,0.0,0.0,0.0,0.0,0.0,0.0,0.0,0.0,0.0,0.0,0.0,0.0,0.0,0.0,0.0,0.0,0.0,1.0,1.0,0.0,1.0,,,,,,,,,,,,,,,,,,,,,,,,,,,,,,,,,,,,,,,,,,,,,,,,,,,,,,,,,,,,,,,,,,,,,,,,,,,,,,,,,,,,,,,,,,,,,,,,,,,,,,,,,,,,,,,,,,,,,,,,,,,,,,,,,,,,,,,,,,,
ATL,2023,0.0,NYL,86,79,13.0,6.0,0.0,0.0,1.0,0.0,0.0,0.0,0.0,0.0,0.0,0.0,0.0,0.0,0.0,0.0,0.0,0.0,0.0,0.0,0.0,0.0,0.0,0.0,0.0,1.0,1.0,0.0,1.0,,,,,,,,,,,,,,,,,,,,,,,,,,,,,,,,,,,,,,,,,,,,,,,,,,,,,,,,,,,,,,,,,,,,,,,,,,,,,,,,,,,,,,,,,,,,,,,,,,,,,,,,,,,,,,,,,,,,,,,,,,,,,,,,,,,,,,,,,,,
ATL,2023,0.0,CON,92,88,15.0,6.0,0.0,0.0,1.0,0.0,0.0,0.0,0.0,0.0,0.0,0.0,0.0,0.0,0.0,0.0,0.0,0.0,0.0,0.0,0.0,0.0,0.0,0.0,0.0,1.0,1.0,0.0,1.0,,,,,,,,,,,,,,,,,,,,,,,,,,,,,,,,,,,,,,,,,,,,,,,,,,,,,,,,,,,,,,,,,,,,,,,,,,,,,,,,,,,,,,,,,,,,,,,,,,,,,,,,,,,,,,,,,,,,,,,,,,,,,,,,,,,,,,,,,,,
ATL,2023,0.0,IND,100,94,18.0,6.0,0.0,0.0,1.0,0.0,0.0,0.0,0.0,0.0,0.0,0.0,0.0,0.0,0.0,0.0,0.0,0.0,0.0,0.0,0.0,0.0,0.0,0.0,0.0,1.0,1.0,0.0,1.0,,,,,,,,,,,,,,,,,,,,,,,,,,,,,,,,,,,,,,,,,,,,,,,,,,,,,,,,,,,,,,,,,,,,,,,,,,,,,,,,,,,,,,,,,,,,,,,,,,,,,,,,,,,,,,,,,,,,,,,,,,,,,,,,,,,,,,,,,,,
ATL,2023,0.0,DAL,73,85,20.0,6.0,0.0,0.0,1.0,0.0,0.0,0.0,0.0,0.0,0.0,0.0,0.0,0.0,0.0,0.0,0.0,0.0,0.0,0.0,0.0,0.0,0.0,0.0,0.0,1.0,1.0,0.0,1.0,,,,,,,,,,,,,,,,,,,,,,,,,,,,,,,,,,,,,,,,,,,,,,,,,,,,,,,,,,,,,,,,,,,,,,,,,,,,,,,,,,,,,,,,,,,,,,,,,,,,,,,,,,,,,,,,,,,,,,,,,,,,,,,,,,,,,,,,,,,
ATL,2023,1.0,NYL,80,110,23.0,6.0,0.0,0.0,1.0,0.0,0.0,0.0,0.0,0.0,0.0,0.0,0.0,0.0,0.0,0.0,0.0,0.0,0.0,0.0,0.0,0.0,0.0,0.0,0.0,1.0,1.0,0.0,1.0,,,,,,,,,,,,,,,,,,,,,,,,,,,,,,,,,,,,,,,,,,,,,,,,,,,,,,,,,,,,,,,,,,,,,,,,,,,,,,,,,,,,,,,,,,,,,,,,,,,,,,,,,,,,,,,,,,,,,,,,,,,,,,,,,,,,,,,,,,,
ATL,2023,0.0,WAS,86,109,28.0,6.0,0.0,0.0,1.0,0.0,0.0,0.0,0.0,0.0,0.0,0.0,0.0,0.0,0.0,0.0,0.0,0.0,0.0,0.0,0.0,0.0,0.0,0.0,0.0,1.0,1.0,0.0,1.0,,,,,,,,,,,,,,,,,,,,,,,,,,,,,,,,,,,,,,,,,,,,,,,,,,,,,,,,,,,,,,,,,,,,,,,,,,,,,,,,,,,,,,,,,,,,,,,,,,,,,,,,,,,,,,,,,,,,,,,,,,,,,,,,,,,,,,,,,,,
ATL,2023,1.0,WAS,94,89,30.0,6.0,0.0,0.0,1.0,0.0,0.0,0.0,0.0,0.0,0.0,0.0,0.0,0.0,0.0,0.0,0.0,0.0,0.0,0.0,0.0,0.0,0.0,0.0,0.0,1.0,1.0,0.0,1.0,,,,,,,,,,,,,,,,,,,,,,,,,,,,,,,,,,,,,,,,,,,,,,,,,,,,,,,,,,,,,,,,,,,,,,,,,,,,,,,,,,,,,,,,,,,,,,,,,,,,,,,,,,,,,,,,,,,,,,,,,,,,,,,,,,,,,,,,,,,
ATL,2023,1.0,LAS,112,84,2.0,7.0,0.0,0.0,1.0,0.0,0.0,0.0,0.0,0.0,0.0,0.0,0.0,0.0,0.0,0.0,0.0,0.0,0.0,0.0,0.0,0.0,0.0,0.0,0.0,1.0,1.0,0.0,1.0,,,,,,,,,,,,,,,,,,,,,,,,,,,,,,,,,,,,,,,,,,,,,,,,,,,,,,,,,,,,,,,,,,,,,,,,,,,,,,,,,,,,,,,,,,,,,,,,,,,,,,,,,,,,,,,,,,,,,,,,,,,,,,,,,,,,,,,,,,,
ATL,2023,0.0,LAS,90,79,5.0,7.0,0.0,0.0,1.0,0.0,0.0,0.0,0.0,0.0,0.0,0.0,0.0,0.0,0.0,0.0,0.0,0.0,0.0,0.0,0.0,0.0,0.0,0.0,0.0,1.0,1.0,0.0,1.0,,,,,,,,,,,,,,,,,,,,,,,,,,,,,,,,,,,,,,,,,,,,,,,,,,,,,,,,,,,,,,,,,,,,,,,,,,,,,,,,,,,,,,,,,,,,,,,,,,,,,,,,,,,,,,,,,,,,,,,,,,,,,,,,,,,,,,,,,,,
ATL,2023,0.0,CHI,82,68,7.0,7.0,0.0,0.0,1.0,0.0,0.0,0.0,0.0,0.0,0.0,0.0,0.0,0.0,0.0,0.0,0.0,0.0,0.0,0.0,0.0,0.0,0.0,0.0,0.0,1.0,1.0,0.0,1.0,,,,,,,,,,,,,,,,,,,,,,,,,,,,,,,,,,,,,,,,,,,,,,,,,,,,,,,,,,,,,,,,,,,,,,,,,,,,,,,,,,,,,,,,,,,,,,,,,,,,,,,,,,,,,,,,,,,,,,,,,,,,,,,,,,,,,,,,,,,
ATL,2023,0.0,CHI,88,77,9.0,7.0,0.0,0.0,1.0,0.0,0.0,0.0,0.0,0.0,0.0,0.0,0.0,0.0,0.0,0.0,0.0,0.0,0.0,0.0,0.0,0.0,0.0,0.0,0.0,1.0,1.0,0.0,1.0,,,,,,,,,,,,,,,,,,,,,,,,,,,,,,,,,,,,,,,,,,,,,,,,,,,,,,,,,,,,,,,,,,,,,,,,,,,,,,,,,,,,,,,,,,,,,,,,,,,,,,,,,,,,,,,,,,,,,,,,,,,,,,,,,,,,,,,,,,,
ATL,2023,1.0,SEA,85,75,12.0,7.0,0.0,0.0,1.0,0.0,0.0,0.0,0.0,0.0,0.0,0.0,0.0,0.0,0.0,0.0,0.0,0.0,0.0,0.0,0.0,0.0,0.0,0.0,0.0,1.0,1.0,0.0,1.0,,,,,,,,,,,,,,,,,,,,,,,,,,,,,,,,,,,,,,,,,,,,,,,,,,,,,,,,,,,,,,,,,,,,,,,,,,,,,,,,,,,,,,,,,,,,,,,,,,,,,,,,,,,,,,,,,,,,,,,,,,,,,,,,,,,,,,,,,,,
ATL,2023,1.0,MIN,82,73,18.0,7.0,0.0,0.0,1.0,0.0,0.0,0.0,0.0,0.0,0.0,0.0,0.0,0.0,0.0,0.0,0.0,0.0,0.0,0.0,0.0,0.0,0.0,0.0,0.0,1.0,1.0,0.0,1.0,,,,,,,,,,,,,,,,,,,,,,,,,,,,,,,,,,,,,,,,,,,,,,,,,,,,,,,,,,,,,,,,,,,,,,,,,,,,,,,,,,,,,,,,,,,,,,,,,,,,,,,,,,,,,,,,,,,,,,,,,,,,,,,,,,,,,,,,,,,
ATL,2023,0.0,CON,71,82,20.0,7.0,0.0,0.0,1.0,0.0,0.0,0.0,0.0,0.0,0.0,0.0,0.0,0.0,1.0,0.0,0.0,0.0,0.0,0.0,0.0,0.0,0.0,0.0,0.0,1.0,1.0,0.0,1.0,,,,,,,,,,,,,,,,,,,,,,,,,,,,,,,,,,,,,,,,,,,,,,,,,,,,,,,,,,,,,,,,,,,,,,,,,,,,,,,,,,,,,,,,,,,,,,,,,,,,,,,,,,,,,,,,,,,,,,,,,,,,,,,,,,,,,,,,,,,
ATL,2023,1.0,CON,78,86,22.0,7.0,0.0,0.0,1.0,0.0,0.0,0.0,0.0,0.0,0.0,0.0,0.0,0.0,1.0,0.0,0.0,0.0,0.0,0.0,0.0,0.0,0.0,0.0,0.0,1.0,1.0,0.0,1.0,,,,,,,,,,,,,,,,,,,,,,,,,,,,,,,,,,,,,,,,,,,,,,,,,,,,,,,,,,,,,,,,,,,,,,,,,,,,,,,,,,,,,,,,,,,,,,,,,,,,,,,,,,,,,,,,,,,,,,,,,,,,,,,,,,,,,,,,,,,
ATL,2023,1.0,PHO,78,65,25.0,7.0,0.0,0.0,1.0,0.0,0.0,0.0,0.0,0.0,0.0,0.0,0.0,0.0,1.0,0.0,0.0,0.0,0.0,0.0,0.0,0.0,0.0,0.0,0.0,1.0,1.0,0.0,1.0,,,,,,,,,,,,,,,,,,,,,,,,,,,,,,,,,,,,,,,,,,,,,,,,,,,,,,,,,,,,,,,,,,,,,,,,,,,,,,,,,,,,,,,,,,,,,,,,,,,,,,,,,,,,,,,,,,,,,,,,,,,,,,,,,,,,,,,,,,,
ATL,2023,0.0,NYL,84,95,27.0,7.0,0.0,0.0,1.0,0.0,0.0,0.0,0.0,0.0,0.0,0.0,0.0,0.0,1.0,0.0,0.0,0.0,0.0,0.0,0.0,0.0,0.0,0.0,0.0,1.0,1.0,0.0,1.0,,,,,,,,,,,,,,,,,,,,,,,,,,,,,,,,,,,,,,,,,,,,,,,,,,,,,,,,,,,,,,,,,,,,,,,,,,,,,,,,,,,,,,,,,,,,,,,,,,,,,,,,,,,,,,,,,,,,,,,,,,,,,,,,,,,,,,,,,,,
ATL,2023,1.0,WAS,80,73,30.0,7.0,0.0,0.0,1.0,0.0,0.0,0.0,0.0,0.0,0.0,0.0,0.0,0.0,1.0,0.0,0.0,0.0,0.0,0.0,0.0,0.0,0.0,0.0,0.0,1.0,1.0,0.0,1.0,,,,,,,,,,,,,,,,,,,,,,,,,,,,,,,,,,,,,,,,,,,,,,,,,,,,,,,,,,,,,,,,,,,,,,,,,,,,,,,,,,,,,,,,,,,,,,,,,,,,,,,,,,,,,,,,,,,,,,,,,,,,,,,,,,,,,,,,,,,
ATL,2023,0.0,LVA,72,93,1.0,8.0,0.0,0.0,1.0,0.0,0.0,0.0,0.0,0.0,0.0,0.0,0.0,0.0,1.0,0.0,0.0,0.0,0.0,0.0,0.0,0.0,0.0,0.0,0.0,1.0,1.0,0.0,1.0,,,,,,,,,,,,,,,,,,,,,,,,,,,,,,,,,,,,,,,,,,,,,,,,,,,,,,,,,,,,,,,,,,,,,,,,,,,,,,,,,,,,,,,,,,,,,,,,,,,,,,,,,,,,,,,,,,,,,,,,,,,,,,,,,,,,,,,,,,,
ATL,2023,0.0,PHO,71,91,3.0,8.0,0.0,0.0,1.0,0.0,0.0,0.0,0.0,0.0,0.0,0.0,0.0,0.0,1.0,0.0,0.0,0.0,0.0,0.0,0.0,0.0,0.0,0.0,0.0,1.0,1.0,0.0,1.0,,,,,,,,,,,,,,,,,,,,,,,,,,,,,,,,,,,,,,,,,,,,,,,,,,,,,,,,,,,,,,,,,,,,,,,,,,,,,,,,,,,,,,,,,,,,,,,,,,,,,,,,,,,,,,,,,,,,,,,,,,,,,,,,,,,,,,,,,,,
ATL,2023,1.0,IND,82,73,6.0,8.0,0.0,0.0,1.0,0.0,0.0,0.0,0.0,0.0,0.0,0.0,0.0,0.0,1.0,0.0,0.0,0.0,0.0,0.0,0.0,0.0,0.0,0.0,0.0,1.0,1.0,0.0,1.0,,,,,,,,,,,,,,,,,,,,,,,,,,,,,,,,,,,,,,,,,,,,,,,,,,,,,,,,,,,,,,,,,,,,,,,,,,,,,,,,,,,,,,,,,,,,,,,,,,,,,,,,,,,,,,,,,,,,,,,,,,,,,,,,,,,,,,,,,,,
ATL,2023,0.0,SEA,67,68,10.0,8.0,0.0,0.0,1.0,0.0,0.0,0.0,0.0,0.0,0.0,0.0,0.0,0.0,1.0,0.0,0.0,0.0,0.0,0.0,0.0,0.0,0.0,0.0,0.0,1.0,1.0,0.0,1.0,,,,,,,,,,,,,,,,,,,,,,,,,,,,,,,,,,,,,,,,,,,,,,,,,,,,,,,,,,,,,,,,,,,,,,,,,,,,,,,,,,,,,,,,,,,,,,,,,,,,,,,,,,,,,,,,,,,,,,,,,,,,,,,,,,,,,,,,,,,
ATL,2023,0.0,LAS,74,85,12.0,8.0,0.0,0.0,1.0,0.0,0.0,0.0,0.0,0.0,0.0,0.0,0.0,0.0,1.0,0.0,0.0,0.0,0.0,0.0,0.0,0.0,0.0,0.0,0.0,1.0,1.0,0.0,1.0,,,,,,,,,,,,,,,,,,,,,,,,,,,,,,,,,,,,,,,,,,,,,,,,,,,,,,,,,,,,,,,,,,,,,,,,,,,,,,,,,,,,,,,,,,,,,,,,,,,,,,,,,,,,,,,,,,,,,,,,,,,,,,,,,,,,,,,,,,,
ATL,2023,0.0,LVA,65,86,13.0,8.0,0.0,0.0,1.0,0.0,0.0,0.0,0.0,0.0,0.0,0.0,0.0,0.0,1.0,0.0,0.0,0.0,0.0,0.0,0.0,0.0,0.0,0.0,0.0,1.0,1.0,0.0,1.0,,,,,,,,,,,,,,,,,,,,,,,,,,,,,,,,,,,,,,,,,,,,,,,,,,,,,,,,,,,,,,,,,,,,,,,,,,,,,,,,,,,,,,,,,,,,,,,,,,,,,,,,,,,,,,,,,,,,,,,,,,,,,,,,,,,,,,,,,,,
ATL,2023,1.0,CHI,78,67,18.0,8.0,0.0,0.0,1.0,0.0,0.0,0.0,0.0,0.0,0.0,0.0,0.0,0.0,1.0,0.0,0.0,0.0,0.0,0.0,0.0,0.0,0.0,0.0,0.0,0.0,0.0,0.0,0.0,,,,,,,,,,,,,,,,,,,,,,,,,,,,,,,,,,,,,,,,,,,,,,,,,,,,,,,,,,,,,,,,,,,,,,,,,,,,,,,,,,,,,,,,,,,,,,,,,,,,,,,,,,,,,,,,,,,,,,,,,,,,,,,,,,,,,,,,,,,
ATL,2023,1.0,LVA,100,112,22.0,8.0,0.0,0.0,1.0,0.0,0.0,0.0,0.0,0.0,0.0,0.0,0.0,0.0,1.0,0.0,0.0,0.0,0.0,0.0,0.0,0.0,0.0,0.0,0.0,1.0,1.0,0.0,1.0,,,,,,,,,,,,,,,,,,,,,,,,,,,,,,,,,,,,,,,,,,,,,,,,,,,,,,,,,,,,,,,,,,,,,,,,,,,,,,,,,,,,,,,,,,,,,,,,,,,,,,,,,,,,,,,,,,,,,,,,,,,,,,,,,,,,,,,,,,,
ATL,2023,1.0,LAS,78,83,25.0,8.0,0.0,0.0,1.0,0.0,0.0,0.0,0.0,0.0,0.0,0.0,0.0,0.0,1.0,0.0,0.0,0.0,0.0,0.0,0.0,0.0,0.0,0.0,0.0,1.0,1.0,0.0,1.0,,,,,,,,,,,,,,,,,,,,,,,,,,,,,,,,,,,,,,,,,,,,,,,,,,,,,,,,,,,,,,,,,,,,,,,,,,,,,,,,,,,,,,,,,,,,,,,,,,,,,,,,,,,,,,,,,,,,,,,,,,,,,,,,,,,,,,,,,,,
ATL,2023,0.0,IND,80,83,27.0,8.0,0.0,0.0,1.0,0.0,0.0,0.0,0.0,0.0,0.0,0.0,0.0,0.0,1.0,0.0,0.0,0.0,0.0,0.0,0.0,0.0,0.0,0.0,0.0,1.0,1.0,0.0,1.0,,,,,,,,,,,,,,,,,,,,,,,,,,,,,,,,,,,,,,,,,,,,,,,,,,,,,,,,,,,,,,,,,,,,,,,,,,,,,,,,,,,,,,,,,,,,,,,,,,,,,,,,,,,,,,,,,,,,,,,,,,,,,,,,,,,,,,,,,,,
ATL,2023,1.0,PHO,94,76,29.0,8.0,0.0,0.0,1.0,0.0,0.0,0.0,0.0,0.0,0.0,0.0,0.0,0.0,1.0,0.0,0.0,0.0,0.0,0.0,0.0,0.0,0.0,0.0,0.0,1.0,1.0,0.0,1.0,,,,,,,,,,,,,,,,,,,,,,,,,,,,,,,,,,,,,,,,,,,,,,,,,,,,,,,,,,,,,,,,,,,,,,,,,,,,,,,,,,,,,,,,,,,,,,,,,,,,,,,,,,,,,,,,,,,,,,,,,,,,,,,,,,,,,,,,,,,
ATL,2023,0.0,MIN,85,91,1.0,9.0,0.0,0.0,1.0,0.0,0.0,0.0,0.0,0.0,0.0,0.0,0.0,0.0,1.0,0.0,0.0,0.0,0.0,0.0,0.0,0.0,0.0,0.0,0.0,1.0,1.0,0.0,1.0,,,,,,,,,,,,,,,,,,,,,,,,,,,,,,,,,,,,,,,,,,,,,,,,,,,,,,,,,,,,,,,,,,,,,,,,,,,,,,,,,,,,,,,,,,,,,,,,,,,,,,,,,,,,,,,,,,,,,,,,,,,,,,,,,,,,,,,,,,,
ATL,2023,1.0,SEA,79,68,6.0,9.0,0.0,0.0,1.0,0.0,0.0,0.0,0.0,0.0,0.0,0.0,0.0,0.0,1.0,0.0,0.0,0.0,0.0,0.0,0.0,0.0,0.0,0.0,0.0,1.0,1.0,0.0,1.0,,,,,,,,,,,,,,,,,,,,,,,,,,,,,,,,,,,,,,,,,,,,,,,,,,,,,,,,,,,,,,,,,,,,,,,,,,,,,,,,,,,,,,,,,,,,,,,,,,,,,,,,,,,,,,,,,,,,,,,,,,,,,,,,,,,,,,,,,,,
ATL,2023,0.0,WAS,80,75,8.0,9.0,0.0,0.0,1.0,0.0,0.0,0.0,0.0,0.0,0.0,0.0,0.0,0.0,0.0,0.0,0.0,0.0,0.0,0.0,0.0,0.0,0.0,0.0,0.0,1.0,1.0,0.0,1.0,,,,,,,,,,,,,,,,,,,,,,,,,,,,,,,,,,,,,,,,,,,,,,,,,,,,,,,,,,,,,,,,,,,,,,,,,,,,,,,,,,,,,,,,,,,,,,,,,,,,,,,,,,,,,,,,,,,,,,,,,,,,,,,,,,,,,,,,,,,
ATL,2023,1.0,DAL,77,94,10.0,9.0,0.0,0.0,1.0,0.0,0.0,0.0,0.0,0.0,0.0,0.0,0.0,0.0,1.0,0.0,0.0,0.0,0.0,0.0,0.0,0.0,0.0,0.0,0.0,1.0,1.0,0.0,1.0,,,,,,,,,,,,,,,,,,,,,,,,,,,,,,,,,,,,,,,,,,,,,,,,,,,,,,,,,,,,,,,,,,,,,,,,,,,,,,,,,,,,,,,,,,,,,,,,,,,,,,,,,,,,,,,,,,,,,,,,,,,,,,,,,,,,,,,,,,,
CHI,2023,0.0,MIN,77,66,19.0,5.0,0.0,0.0,0.0,1.0,0.0,0.0,0.0,0.0,0.0,0.0,0.0,0.0,0.0,0.0,0.0,0.0,0.0,0.0,0.0,0.0,0.0,0.0,0.0,0.0,0.0,0.0,0.0,,,,,,,,,,,,,,,,,,,,,,,,,,,,,,,,,,,,,,,,,,,,,,,,,,,,,,,,,,,,,,,,,,,,,,,,,,,,,,,,,,,,,,,,,,,,,,,,,,,,,,,,,,,,,,,,,,,,,,,,,,,,,,,,,,,,,,,,,,,
CHI,2023,0.0,PHO,75,69,21.0,5.0,0.0,0.0,0.0,1.0,0.0,0.0,0.0,0.0,0.0,0.0,0.0,0.0,0.0,0.0,0.0,0.0,0.0,0.0,0.0,0.0,0.0,0.0,0.0,0.0,0.0,0.0,0.0,,,,,,,,,,,,,,,,,,,,,,,,,,,,,,,,,,,,,,,,,,,,,,,,,,,,,,,,,,,,,,,,,,,,,,,,,,,,,,,,,,,,,,,,,,,,,,,,,,,,,,,,,,,,,,,,,,,,,,,,,,,,,,,,,,,,,,,,,,,
CHI,2023,1.0,WAS,69,71,26.0,5.0,0.0,0.0,0.0,1.0,0.0,0.0,0.0,0.0,0.0,0.0,0.0,0.0,0.0,0.0,0.0,0.0,0.0,0.0,0.0,0.0,0.0,0.0,0.0,0.0,0.0,0.0,0.0,,,,,,,,,,,,,,,,,,,,,,,,,,,,,,,,,,,,,,,,,,,,,,,,,,,,,,,,,,,,,,,,,,,,,,,,,,,,,,,,,,,,,,,,,,,,,,,,,,,,,,,,,,,,,,,,,,,,,,,,,,,,,,,,,,,,,,,,,,,
CHI,2023,1.0,DAL,94,88,28.0,5.0,0.0,0.0,0.0,0.0,0.0,0.0,0.0,0.0,0.0,0.0,0.0,0.0,0.0,0.0,1.0,0.0,1.0,0.0,0.0,0.0,0.0,0.0,0.0,0.0,0.0,0.0,0.0,,,,,,,,,,,,,,,,,,,,,,,,,,,,,,,,,,,,,,,,,,,,,,,,,,,,,,,,,,,,,,,,,,,,,,,,,,,,,,,,,,,,,,,,,,,,,,,,,,,,,,,,,,,,,,,,,,,,,,,,,,,,,,,,,,,,,,,,,,,
CHI,2023,0.0,ATL,65,83,30.0,5.0,0.0,0.0,0.0,0.0,0.0,0.0,0.0,0.0,0.0,0.0,0.0,0.0,0.0,0.0,1.0,0.0,1.0,0.0,0.0,0.0,0.0,0.0,0.0,0.0,0.0,0.0,0.0,,,,,,,,,,,,,,,,,,,,,,,,,,,,,,,,,,,,,,,,,,,,,,,,,,,,,,,,,,,,,,,,,,,,,,,,,,,,,,,,,,,,,,,,,,,,,,,,,,,,,,,,,,,,,,,,,,,,,,,,,,,,,,,,,,,,,,,,,,,
CHI,2023,1.0,NYL,76,77,2.0,6.0,0.0,0.0,0.0,0.0,0.0,0.0,0.0,0.0,0.0,0.0,0.0,0.0,0.0,0.0,1.0,0.0,1.0,0.0,0.0,0.0,0.0,0.0,0.0,0.0,0.0,0.0,0.0,,,,,,,,,,,,,,,,,,,,,,,,,,,,,,,,,,,,,,,,,,,,,,,,,,,,,,,,,,,,,,,,,,,,,,,,,,,,,,,,,,,,,,,,,,,,,,,,,,,,,,,,,,,,,,,,,,,,,,,,,,,,,,,,,,,,,,,,,,,
CHI,2023,0.0,NYL,86,82,4.0,6.0,0.0,0.0,0.0,0.0,0.0,0.0,0.0,0.0,0.0,0.0,0.0,0.0,0.0,0.0,1.0,0.0,1.0,0.0,0.0,0.0,0.0,0.0,0.0,0.0,0.0,0.0,0.0,,,,,,,,,,,,,,,,,,,,,,,,,,,,,,,,,,,,,,,,,,,,,,,,,,,,,,,,,,,,,,,,,,,,,,,,,,,,,,,,,,,,,,,,,,,,,,,,,,,,,,,,,,,,,,,,,,,,,,,,,,,,,,,,,,,,,,,,,,,
CHI,2023,1.0,IND,108,103,6.0,6.0,0.0,0.0,0.0,0.0,0.0,0.0,0.0,0.0,0.0,0.0,0.0,0.0,0.0,0.0,1.0,0.0,1.0,0.0,0.0,0.0,0.0,0.0,0.0,0.0,0.0,0.0,0.0,,,,,,,,,,,,,,,,,,,,,,,,,,,,,,,,,,,,,,,,,,,,,,,,,,,,,,,,,,,,,,,,,,,,,,,,,,,,,,,,,,,,,,,,,,,,,,,,,,,,,,,,,,,,,,,,,,,,,,,,,,,,,,,,,,,,,,,,,,,
CHI,2023,0.0,LAS,62,77,9.0,6.0,0.0,0.0,0.0,0.0,0.0,0.0,0.0,0.0,0.0,0.0,0.0,0.0,0.0,0.0,1.0,0.0,1.0,0.0,0.0,0.0,0.0,0.0,0.0,0.0,0.0,0.0,0.0,,,,,,,,,,,,,,,,,,,,,,,,,,,,,,,,,,,,,,,,,,,,,,,,,,,,,,,,,,,,,,,,,,,,,,,,,,,,,,,,,,,,,,,,,,,,,,,,,,,,,,,,,,,,,,,,,,,,,,,,,,,,,,,,,,,,,,,,,,,
CHI,2023,0.0,LVA,80,93,11.0,6.0,0.0,0.0,0.0,0.0,0.0,0.0,0.0,0.0,0.0,0.0,0.0,0.0,0.0,0.0,1.0,0.0,1.0,0.0,0.0,0.0,0.0,0.0,0.0,0.0,0.0,0.0,0.0,,,,,,,,,,,,,,,,,,,,,,,,,,,,,,,,,,,,,,,,,,,,,,,,,,,,,,,,,,,,,,,,,,,,,,,,,,,,,,,,,,,,,,,,,,,,,,,,,,,,,,,,,,,,,,,,,,,,,,,,,,,,,,,,,,,,,,,,,,,
CHI,2023,1.0,IND,90,92,15.0,6.0,0.0,0.0,0.0,0.0,0.0,0.0,0.0,0.0,0.0,0.0,0.0,0.0,0.0,0.0,1.0,0.0,1.0,0.0,0.0,0.0,0.0,0.0,0.0,0.0,0.0,0.0,0.0,,,,,,,,,,,,,,,,,,,,,,,,,,,,,,,,,,,,,,,,,,,,,,,,,,,,,,,,,,,,,,,,,,,,,,,,,,,,,,,,,,,,,,,,,,,,,,,,,,,,,,,,,,,,,,,,,,,,,,,,,,,,,,,,,,,,,,,,,,,
CHI,2023,0.0,WAS,69,77,18.0,6.0,0.0,0.0,0.0,1.0,0.0,0.0,0.0,0.0,0.0,0.0,0.0,0.0,0.0,0.0,1.0,0.0,1.0,0.0,0.0,0.0,0.0,0.0,0.0,0.0,0.0,0.0,0.0,,,,,,,,,,,,,,,,,,,,,,,,,,,,,,,,,,,,,,,,,,,,,,,,,,,,,,,,,,,,,,,,,,,,,,,,,,,,,,,,,,,,,,,,,,,,,,,,,,,,,,,,,,,,,,,,,,,,,,,,,,,,,,,,,,,,,,,,,,,
CHI,2023,1.0,WAS,59,80,22.0,6.0,0.0,0.0,0.0,1.0,0.0,0.0,0.0,0.0,0.0,0.0,0.0,0.0,0.0,0.0,1.0,0.0,1.0,0.0,0.0,0.0,0.0,0.0,0.0,0.0,0.0,0.0,0.0,,,,,,,,,,,,,,,,,,,,,,,,,,,,,,,,,,,,,,,,,,,,,,,,,,,,,,,,,,,,,,,,,,,,,,,,,,,,,,,,,,,,,,,,,,,,,,,,,,,,,,,,,,,,,,,,,,,,,,,,,,,,,,,,,,,,,,,,,,,
CHI,2023,0.0,CON,72,96,25.0,6.0,0.0,0.0,0.0,1.0,0.0,0.0,0.0,0.0,0.0,0.0,0.0,0.0,0.0,0.0,0.0,0.0,0.0,0.0,0.0,0.0,0.0,0.0,0.0,0.0,0.0,0.0,0.0,,,,,,,,,,,,,,,,,,,,,,,,,,,,,,,,,,,,,,,,,,,,,,,,,,,,,,,,,,,,,,,,,,,,,,,,,,,,,,,,,,,,,,,,,,,,,,,,,,,,,,,,,,,,,,,,,,,,,,,,,,,,,,,,,,,,,,,,,,,
CHI,2023,1.0,LAS,80,63,28.0,6.0,0.0,0.0,0.0,1.0,0.0,0.0,0.0,0.0,0.0,0.0,0.0,0.0,0.0,0.0,1.0,0.0,1.0,0.0,0.0,0.0,0.0,0.0,0.0,0.0,0.0,0.0,0.0,,,,,,,,,,,,,,,,,,,,,,,,,,,,,,,,,,,,,,,,,,,,,,,,,,,,,,,,,,,,,,,,,,,,,,,,,,,,,,,,,,,,,,,,,,,,,,,,,,,,,,,,,,,,,,,,,,,,,,,,,,,,,,,,,,,,,,,,,,,
CHI,2023,1.0,LAS,86,78,30.0,6.0,0.0,0.0,0.0,1.0,0.0,0.0,0.0,0.0,0.0,0.0,0.0,0.0,0.0,0.0,0.0,0.0,0.0,0.0,0.0,0.0,0.0,0.0,0.0,0.0,0.0,0.0,0.0,,,,,,,,,,,,,,,,,,,,,,,,,,,,,,,,,,,,,,,,,,,,,,,,,,,,,,,,,,,,,,,,,,,,,,,,,,,,,,,,,,,,,,,,,,,,,,,,,,,,,,,,,,,,,,,,,,,,,,,,,,,,,,,,,,,,,,,,,,,
CHI,2023,0.0,IND,89,87,2.0,7.0,0.0,0.0,0.0,1.0,0.0,0.0,0.0,0.0,0.0,0.0,0.0,0.0,0.0,0.0,0.0,0.0,0.0,0.0,0.0,0.0,0.0,0.0,0.0,0.0,0.0,0.0,0.0,,,,,,,,,,,,,,,,,,,,,,,,,,,,,,,,,,,,,,,,,,,,,,,,,,,,,,,,,,,,,,,,,,,,,,,,,,,,,,,,,,,,,,,,,,,,,,,,,,,,,,,,,,,,,,,,,,,,,,,,,,,,,,,,,,,,,,,,,,,
CHI,2023,1.0,ATL,68,82,7.0,7.0,0.0,0.0,0.0,1.0,0.0,0.0,0.0,0.0,0.0,0.0,0.0,0.0,0.0,0.0,1.0,0.0,1.0,0.0,0.0,0.0,0.0,0.0,0.0,0.0,0.0,0.0,0.0,,,,,,,,,,,,,,,,,,,,,,,,,,,,,,,,,,,,,,,,,,,,,,,,,,,,,,,,,,,,,,,,,,,,,,,,,,,,,,,,,,,,,,,,,,,,,,,,,,,,,,,,,,,,,,,,,,,,,,,,,,,,,,,,,,,,,,,,,,,
CHI,2023,1.0,ATL,77,88,9.0,7.0,0.0,0.0,0.0,1.0,0.0,0.0,0.0,0.0,0.0,0.0,0.0,0.0,0.0,0.0,0.0,0.0,0.0,0.0,0.0,0.0,0.0,0.0,0.0,0.0,0.0,0.0,0.0,,,,,,,,,,,,,,,,,,,,,,,,,,,,,,,,,,,,,,,,,,,,,,,,,,,,,,,,,,,,,,,,,,,,,,,,,,,,,,,,,,,,,,,,,,,,,,,,,,,,,,,,,,,,,,,,,,,,,,,,,,,,,,,,,,,,,,,,,,,
CHI,2023,1.0,CON,72,84,12.0,7.0,0.0,0.0,0.0,1.0,0.0,0.0,0.0,0.0,0.0,0.0,0.0,0.0,0.0,0.0,0.0,0.0,0.0,0.0,0.0,0.0,0.0,0.0,0.0,0.0,0.0,0.0,0.0,,,,,,,,,,,,,,,,,,,,,,,,,,,,,,,,,,,,,,,,,,,,,,,,,,,,,,,,,,,,,,,,,,,,,,,,,,,,,,,,,,,,,,,,,,,,,,,,,,,,,,,,,,,,,,,,,,,,,,,,,,,,,,,,,,,,,,,,,,,
CHI,2023,0.0,PHO,62,80,20.0,7.0,0.0,0.0,0.0,1.0,0.0,0.0,0.0,0.0,0.0,0.0,0.0,0.0,0.0,0.0,0.0,0.0,0.0,0.0,0.0,0.0,0.0,0.0,0.0,0.0,0.0,0.0,0.0,,,,,,,,,,,,,,,,,,,,,,,,,,,,,,,,,,,,,,,,,,,,,,,,,,,,,,,,,,,,,,,,,,,,,,,,,,,,,,,,,,,,,,,,,,,,,,,,,,,,,,,,,,,,,,,,,,,,,,,,,,,,,,,,,,,,,,,,,,,
CHI,2023,0.0,SEA,90,75,22.0,7.0,0.0,0.0,0.0,1.0,0.0,0.0,0.0,0.0,0.0,0.0,0.0,0.0,0.0,0.0,1.0,0.0,1.0,0.0,0.0,0.0,0.0,0.0,0.0,0.0,0.0,0.0,0.0,,,,,,,,,,,,,,,,,,,,,,,,,,,,,,,,,,,,,,,,,,,,,,,,,,,,,,,,,,,,,,,,,,,,,,,,,,,,,,,,,,,,,,,,,,,,,,,,,,,,,,,,,,,,,,,,,,,,,,,,,,,,,,,,,,,,,,,,,,,
CHI,2023,1.0,LVA,95,107,25.0,7.0,0.0,0.0,0.0,1.0,0.0,0.0,0.0,0.0,0.0,0.0,0.0,0.0,0.0,0.0,0.0,0.0,0.0,0.0,0.0,0.0,0.0,0.0,0.0,0.0,0.0,0.0,0.0,,,,,,,,,,,,,,,,,,,,,,,,,,,,,,,,,,,,,,,,,,,,,,,,,,,,,,,,,,,,,,,,,,,,,,,,,,,,,,,,,,,,,,,,,,,,,,,,,,,,,,,,,,,,,,,,,,,,,,,,,,,,,,,,,,,,,,,,,,,
CHI,2023,1.0,SEA,74,83,28.0,7.0,0.0,0.0,0.0,0.0,0.0,0.0,0.0,0.0,0.0,0.0,0.0,0.0,0.0,0.0,0.0,0.0,0.0,0.0,0.0,0.0,0.0,0.0,0.0,0.0,0.0,0.0,0.0,,,,,,,,,,,,,,,,,,,,,,,,,,,,,,,,,,,,,,,,,,,,,,,,,,,,,,,,,,,,,,,,,,,,,,,,,,,,,,,,,,,,,,,,,,,,,,,,,,,,,,,,,,,,,,,,,,,,,,,,,,,,,,,,,,,,,,,,,,,
CHI,2023,1.0,PHO,104,85,30.0,7.0,0.0,0.0,0.0,1.0,0.0,0.0,0.0,0.0,0.0,0.0,0.0,0.0,0.0,0.0,0.0,0.0,0.0,0.0,0.0,0.0,0.0,0.0,0.0,0.0,0.0,0.0,0.0,,,,,,,,,,,,,,,,,,,,,,,,,,,,,,,,,,,,,,,,,,,,,,,,,,,,,,,,,,,,,,,,,,,,,,,,,,,,,,,,,,,,,,,,,,,,,,,,,,,,,,,,,,,,,,,,,,,,,,,,,,,,,,,,,,,,,,,,,,,
CHI,2023,0.0,DAL,104,89,4.0,8.0,0.0,0.0,0.0,1.0,0.0,0.0,0.0,0.0,0.0,0.0,0.0,0.0,0.0,0.0,0.0,0.0,0.0,0.0,0.0,0.0,0.0,0.0,0.0,0.0,0.0,0.0,0.0,,,,,,,,,,,,,,,,,,,,,,,,,,,,,,,,,,,,,,,,,,,,,,,,,,,,,,,,,,,,,,,,,,,,,,,,,,,,,,,,,,,,,,,,,,,,,,,,,,,,,,,,,,,,,,,,,,,,,,,,,,,,,,,,,,,,,,,,,,,
CHI,2023,0.0,DAL,104,96,6.0,8.0,0.0,0.0,0.0,1.0,0.0,0.0,0.0,0.0,0.0,0.0,0.0,0.0,0.0,0.0,0.0,0.0,0.0,0.0,0.0,0.0,0.0,0.0,0.0,0.0,0.0,0.0,0.0,,,,,,,,,,,,,,,,,,,,,,,,,,,,,,,,,,,,,,,,,,,,,,,,,,,,,,,,,,,,,,,,,,,,,,,,,,,,,,,,,,,,,,,,,,,,,,,,,,,,,,,,,,,,,,,,,,,,,,,,,,,,,,,,,,,,,,,,,,,
CHI,2023,1.0,MIN,79,88,8.0,8.0,0.0,0.0,0.0,1.0,0.0,0.0,0.0,0.0,0.0,0.0,0.0,0.0,0.0,0.0,0.0,0.0,0.0,0.0,0.0,0.0,0.0,0.0,0.0,0.0,0.0,0.0,0.0,,,,,,,,,,,,,,,,,,,,,,,,,,,,,,,,,,,,,,,,,,,,,,,,,,,,,,,,,,,,,,,,,,,,,,,,,,,,,,,,,,,,,,,,,,,,,,,,,,,,,,,,,,,,,,,,,,,,,,,,,,,,,,,,,,,,,,,,,,,
CHI,2023,0.0,NYL,73,89,11.0,8.0,0.0,0.0,0.0,1.0,0.0,0.0,0.0,0.0,0.0,0.0,0.0,0.0,0.0,0.0,0.0,0.0,0.0,0.0,0.0,0.0,0.0,0.0,0.0,0.0,0.0,0.0,0.0,,,,,,,,,,,,,,,,,,,,,,,,,,,,,,,,,,,,,,,,,,,,,,,,,,,,,,,,,,,,,,,,,,,,,,,,,,,,,,,,,,,,,,,,,,,,,,,,,,,,,,,,,,,,,,,,,,,,,,,,,,,,,,,,,,,,,,,,,,,
CHI,2023,0.0,WAS,76,83,13.0,8.0,0.0,0.0,0.0,1.0,0.0,0.0,0.0,0.0,0.0,0.0,0.0,0.0,0.0,0.0,0.0,0.0,0.0,0.0,0.0,0.0,0.0,0.0,0.0,0.0,0.0,0.0,0.0,,,,,,,,,,,,,,,,,,,,,,,,,,,,,,,,,,,,,,,,,,,,,,,,,,,,,,,,,,,,,,,,,,,,,,,,,,,,,,,,,,,,,,,,,,,,,,,,,,,,,,,,,,,,,,,,,,,,,,,,,,,,,,,,,,,,,,,,,,,
CHI,2023,0.0,ATL,67,78,18.0,8.0,0.0,0.0,0.0,1.0,0.0,0.0,0.0,0.0,0.0,0.0,0.0,0.0,0.0,0.0,1.0,0.0,1.0,0.0,0.0,0.0,0.0,0.0,0.0,0.0,0.0,0.0,0.0,,,,,,,,,,,,,,,,,,,,,,,,,,,,,,,,,,,,,,,,,,,,,,,,,,,,,,,,,,,,,,,,,,,,,,,,,,,,,,,,,,,,,,,,,,,,,,,,,,,,,,,,,,,,,,,,,,,,,,,,,,,,,,,,,,,,,,,,,,,
CHI,2023,1.0,CON,73,79,20.0,8.0,0.0,0.0,0.0,0.0,0.0,0.0,0.0,0.0,0.0,0.0,0.0,0.0,0.0,0.0,0.0,0.0,0.0,0.0,0.0,0.0,0.0,0.0,0.0,0.0,0.0,0.0,0.0,,,,,,,,,,,,,,,,,,,,,,,,,,,,,,,,,,,,,,,,,,,,,,,,,,,,,,,,,,,,,,,,,,,,,,,,,,,,,,,,,,,,,,,,,,,,,,,,,,,,,,,,,,,,,,,,,,,,,,,,,,,,,,,,,,,,,,,,,,,
CHI,2023,1.0,SEA,102,79,22.0,8.0,0.0,0.0,0.0,1.0,0.0,0.0,0.0,0.0,0.0,0.0,0.0,0.0,0.0,0.0,1.0,0.0,1.0,0.0,0.0,0.0,0.0,0.0,0.0,0.0,0.0,0.0,0.0,,,,,,,,,,,,,,,,,,,,,,,,,,,,,,,,,,,,,,,,,,,,,,,,,,,,,,,,,,,,,,,,,,,,,,,,,,,,,,,,,,,,,,,,,,,,,,,,,,,,,,,,,,,,,,,,,,,,,,,,,,,,,,,,,,,,,,,,,,,
CHI,2023,1.0,LVA,87,94,24.0,8.0,0.0,0.0,0.0,0.0,0.0,0.0,0.0,0.0,0.0,0.0,0.0,0.0,0.0,0.0,0.0,0.0,0.0,0.0,0.0,0.0,0.0,0.0,0.0,0.0,0.0,0.0,0.0,,,,,,,,,,,,,,,,,,,,,,,,,,,,,,,,,,,,,,,,,,,,,,,,,,,,,,,,,,,,,,,,,,,,,,,,,,,,,,,,,,,,,,,,,,,,,,,,,,,,,,,,,,,,,,,,,,,,,,,,,,,,,,,,,,,,,,,,,,,
CHI,2023,0.0,SEA,90,85,27.0,8.0,0.0,0.0,0.0,1.0,0.0,0.0,0.0,0.0,0.0,0.0,0.0,0.0,0.0,0.0,0.0,0.0,0.0,0.0,0.0,0.0,0.0,0.0,0.0,0.0,0.0,0.0,0.0,,,,,,,,,,,,,,,,,,,,,,,,,,,,,,,,,,,,,,,,,,,,,,,,,,,,,,,,,,,,,,,,,,,,,,,,,,,,,,,,,,,,,,,,,,,,,,,,,,,,,,,,,,,,,,,,,,,,,,,,,,,,,,,,,,,,,,,,,,,
CHI,2023,0.0,LAS,76,75,29.0,8.0,0.0,0.0,0.0,1.0,0.0,0.0,0.0,0.0,0.0,0.0,0.0,0.0,0.0,0.0,1.0,0.0,1.0,0.0,0.0,0.0,0.0,0.0,0.0,0.0,0.0,0.0,0.0,,,,,,,,,,,,,,,,,,,,,,,,,,,,,,,,,,,,,,,,,,,,,,,,,,,,,,,,,,,,,,,,,,,,,,,,,,,,,,,,,,,,,,,,,,,,,,,,,,,,,,,,,,,,,,,,,,,,,,,,,,,,,,,,,,,,,,,,,,,
CHI,2023,1.0,NYL,69,86,3.0,9.0,0.0,0.0,0.0,1.0,0.0,0.0,0.0,0.0,0.0,0.0,0.0,0.0,0.0,0.0,1.0,0.0,1.0,0.0,0.0,0.0,0.0,0.0,0.0,0.0,0.0,0.0,0.0,,,,,,,,,,,,,,,,,,,,,,,,,,,,,,,,,,,,,,,,,,,,,,,,,,,,,,,,,,,,,,,,,,,,,,,,,,,,,,,,,,,,,,,,,,,,,,,,,,,,,,,,,,,,,,,,,,,,,,,,,,,,,,,,,,,,,,,,,,,
CHI,2023,0.0,IND,96,69,5.0,9.0,0.0,0.0,0.0,1.0,0.0,0.0,0.0,0.0,0.0,0.0,0.0,0.0,0.0,0.0,1.0,0.0,1.0,0.0,0.0,0.0,0.0,0.0,0.0,0.0,0.0,0.0,0.0,,,,,,,,,,,,,,,,,,,,,,,,,,,,,,,,,,,,,,,,,,,,,,,,,,,,,,,,,,,,,,,,,,,,,,,,,,,,,,,,,,,,,,,,,,,,,,,,,,,,,,,,,,,,,,,,,,,,,,,,,,,,,,,,,,,,,,,,,,,
CHI,2023,1.0,MIN,92,87,8.0,9.0,0.0,0.0,0.0,0.0,0.0,0.0,0.0,0.0,0.0,0.0,0.0,0.0,0.0,0.0,1.0,0.0,1.0,0.0,0.0,0.0,0.0,0.0,0.0,0.0,0.0,0.0,0.0,,,,,,,,,,,,,,,,,,,,,,,,,,,,,,,,,,,,,,,,,,,,,,,,,,,,,,,,,,,,,,,,,,,,,,,,,,,,,,,,,,,,,,,,,,,,,,,,,,,,,,,,,,,,,,,,,,,,,,,,,,,,,,,,,,,,,,,,,,,
CHI,2023,0.0,CON,102,91,10.0,9.0,0.0,0.0,0.0,1.0,0.0,0.0,0.0,0.0,0.0,0.0,0.0,0.0,0.0,0.0,1.0,0.0,1.0,0.0,0.0,0.0,0.0,0.0,0.0,0.0,0.0,0.0,0.0,,,,,,,,,,,,,,,,,,,,,,,,,,,,,,,,,,,,,,,,,,,,,,,,,,,,,,,,,,,,,,,,,,,,,,,,,,,,,,,,,,,,,,,,,,,,,,,,,,,,,,,,,,,,,,,,,,,,,,,,,,,,,,,,,,,,,,,,,,,
CON,2023,0.0,IND,70,61,19.0,5.0,0.0,0.0,0.0,0.0,0.0,0.0,0.0,0.0,0.0,0.0,0.0,0.0,0.0,0.0,0.0,0.0,0.0,0.0,0.0,0.0,0.0,0.0,0.0,0.0,0.0,0.0,0.0,,,,,,,,,,,,,,,,,,,,,,,,,,,,,,,,,,,,,,,,,,,,,,,,,,,,,,,,,,,,,,,,,,,,,,,,,,,,,,,,,,,,,,,,,,,,,,,,,,,,,,,,,,,,,,,,,,,,,,,,,,,,,,,,,,,,,,,,,,,
CON,2023,1.0,WAS,80,74,21.0,5.0,0.0,0.0,0.0,0.0,0.0,0.0,0.0,0.0,0.0,0.0,0.0,0.0,0.0,0.0,0.0,0.0,0.0,0.0,0.0,0.0,0.0,0.0,0.0,0.0,0.0,0.0,0.0,,,,,,,,,,,,,,,,,,,,,,,,,,,,,,,,,,,,,,,,,,,,,,,,,,,,,,,,,,,,,,,,,,,,,,,,,,,,,,,,,,,,,,,,,,,,,,,,,,,,,,,,,,,,,,,,,,,,,,,,,,,,,,,,,,,,,,,,,,,
CON,2023,0.0,WAS,88,81,23.0,5.0,0.0,0.0,0.0,0.0,0.0,0.0,0.0,0.0,0.0,0.0,0.0,0.0,0.0,0.0,0.0,0.0,0.0,0.0,0.0,0.0,0.0,0.0,0.0,0.0,0.0,0.0,0.0,,,,,,,,,,,,,,,,,,,,,,,,,,,,,,,,,,,,,,,,,,,,,,,,,,,,,,,,,,,,,,,,,,,,,,,,,,,,,,,,,,,,,,,,,,,,,,,,,,,,,,,,,,,,,,,,,,,,,,,,,,,,,,,,,,,,,,,,,,,
CON,2023,0.0,NYL,65,81,27.0,5.0,0.0,0.0,0.0,0.0,0.0,0.0,0.0,0.0,0.0,0.0,0.0,0.0,0.0,0.0,0.0,0.0,0.0,0.0,0.0,0.0,0.0,0.0,0.0,0.0,0.0,0.0,0.0,,,,,,,,,,,,,,,,,,,,,,,,,,,,,,,,,,,,,,,,,,,,,,,,,,,,,,,,,,,,,,,,,,,,,,,,,,,,,,,,,,,,,,,,,,,,,,,,,,,,,,,,,,,,,,,,,,,,,,,,,,,,,,,,,,,,,,,,,,,
CON,2023,1.0,IND,81,78,30.0,5.0,0.0,0.0,0.0,0.0,0.0,0.0,0.0,0.0,0.0,0.0,0.0,0.0,0.0,0.0,0.0,0.0,0.0,0.0,0.0,0.0,0.0,0.0,0.0,0.0,0.0,0.0,0.0,,,,,,,,,,,,,,,,,,,,,,,,,,,,,,,,,,,,,,,,,,,,,,,,,,,,,,,,,,,,,,,,,,,,,,,,,,,,,,,,,,,,,,,,,,,,,,,,,,,,,,,,,,,,,,,,,,,,,,,,,,,,,,,,,,,,,,,,,,,
CON,2023,0.0,MIN,89,84,1.0,6.0,0.0,0.0,0.0,0.0,0.0,0.0,0.0,0.0,0.0,0.0,0.0,0.0,0.0,0.0,0.0,0.0,0.0,0.0,0.0,0.0,0.0,0.0,0.0,0.0,0.0,0.0,0.0,,,,,,,,,,,,,,,,,,,,,,,,,,,,,,,,,,,,,,,,,,,,,,,,,,,,,,,,,,,,,,,,,,,,,,,,,,,,,,,,,,,,,,,,,,,,,,,,,,,,,,,,,,,,,,,,,,,,,,,,,,,,,,,,,,,,,,,,,,,
CON,2023,1.0,DAL,80,74,4.0,6.0,0.0,0.0,0.0,0.0,0.0,0.0,0.0,0.0,0.0,0.0,0.0,0.0,0.0,0.0,0.0,0.0,0.0,0.0,0.0,0.0,0.0,0.0,0.0,0.0,0.0,0.0,0.0,,,,,,,,,,,,,,,,,,,,,,,,,,,,,,,,,,,,,,,,,,,,,,,,,,,,,,,,,,,,,,,,,,,,,,,,,,,,,,,,,,,,,,,,,,,,,,,,,,,,,,,,,,,,,,,,,,,,,,,,,,,,,,,,,,,,,,,,,,,
CON,2023,1.0,LVA,84,90,6.0,6.0,0.0,0.0,0.0,0.0,0.0,0.0,0.0,0.0,0.0,0.0,0.0,0.0,0.0,0.0,0.0,0.0,0.0,0.0,0.0,0.0,0.0,0.0,0.0,0.0,0.0,0.0,0.0,,,,,,,,,,,,,,,,,,,,,,,,,,,,,,,,,,,,,,,,,,,,,,,,,,,,,,,,,,,,,,,,,,,,,,,,,,,,,,,,,,,,,,,,,,,,,,,,,,,,,,,,,,,,,,,,,,,,,,,,,,,,,,,,,,,,,,,,,,,
CON,2023,1.0,LVA,94,77,8.0,6.0,0.0,0.0,0.0,0.0,0.0,0.0,0.0,0.0,0.0,0.0,0.0,0.0,0.0,0.0,0.0,0.0,0.0,0.0,0.0,0.0,0.0,0.0,0.0,0.0,0.0,0.0,0.0,,,,,,,,,,,,,,,,,,,,,,,,,,,,,,,,,,,,,,,,,,,,,,,,,,,,,,,,,,,,,,,,,,,,,,,,,,,,,,,,,,,,,,,,,,,,,,,,,,,,,,,,,,,,,,,,,,,,,,,,,,,,,,,,,,,,,,,,,,,
CON,2023,0.0,ATL,89,77,11.0,6.0,0.0,0.0,0.0,0.0,0.0,0.0,0.0,0.0,0.0,0.0,0.0,0.0,0.0,0.0,0.0,0.0,0.0,0.0,0.0,0.0,0.0,0.0,0.0,0.0,0.0,0.0,0.0,,,,,,,,,,,,,,,,,,,,,,,,,,,,,,,,,,,,,,,,,,,,,,,,,,,,,,,,,,,,,,,,,,,,,,,,,,,,,,,,,,,,,,,,,,,,,,,,,,,,,,,,,,,,,,,,,,,,,,,,,,,,,,,,,,,,,,,,,,,
CON,2023,1.0,ATL,88,92,15.0,6.0,0.0,0.0,0.0,0.0,0.0,0.0,0.0,0.0,0.0,0.0,0.0,0.0,0.0,0.0,0.0,0.0,0.0,0.0,0.0,0.0,0.0,0.0,0.0,0.0,0.0,0.0,0.0,,,,,,,,,,,,,,,,,,,,,,,,,,,,,,,,,,,,,,,,,,,,,,,,,,,,,,,,,,,,,,,,,,,,,,,,,,,,,,,,,,,,,,,,,,,,,,,,,,,,,,,,,,,,,,,,,,,,,,,,,,,,,,,,,,,,,,,,,,,
CON,2023,0.0,LAS,83,74,18.0,6.0,0.0,0.0,0.0,0.0,0.0,0.0,0.0,0.0,0.0,0.0,0.0,0.0,0.0,0.0,0.0,0.0,0.0,0.0,0.0,0.0,0.0,0.0,0.0,0.0,0.0,0.0,0.0,,,,,,,,,,,,,,,,,,,,,,,,,,,,,,,,,,,,,,,,,,,,,,,,,,,,,,,,,,,,,,,,,,,,,,,,,,,,,,,,,,,,,,,,,,,,,,,,,,,,,,,,,,,,,,,,,,,,,,,,,,,,,,,,,,,,,,,,,,,
CON,2023,0.0,SEA,85,79,20.0,6.0,0.0,0.0,0.0,0.0,0.0,0.0,0.0,0.0,0.0,0.0,0.0,0.0,0.0,0.0,0.0,0.0,0.0,0.0,0.0,0.0,0.0,0.0,0.0,0.0,0.0,0.0,0.0,,,,,,,,,,,,,,,,,,,,,,,,,,,,,,,,,,,,,,,,,,,,,,,,,,,,,,,,,,,,,,,,,,,,,,,,,,,,,,,,,,,,,,,,,,,,,,,,,,,,,,,,,,,,,,,,,,,,,,,,,,,,,,,,,,,,,,,,,,,
CON,2023,0.0,MIN,89,68,22.0,6.0,0.0,0.0,0.0,0.0,0.0,0.0,0.0,0.0,0.0,0.0,0.0,0.0,0.0,0.0,0.0,0.0,0.0,0.0,0.0,0.0,0.0,1.0,0.0,0.0,0.0,0.0,0.0,,,,,,,,,,,,,,,,,,,,,,,,,,,,,,,,,,,,,,,,,,,,,,,,,,,,,,,,,,,,,,,,,,,,,,,,,,,,,,,,,,,,,,,,,,,,,,,,,,,,,,,,,,,,,,,,,,,,,,,,,,,,,,,,,,,,,,,,,,,
CON,2023,1.0,CHI,96,72,25.0,6.0,0.0,0.0,0.0,0.0,0.0,0.0,0.0,0.0,0.0,0.0,0.0,0.0,0.0,0.0,0.0,0.0,0.0,0.0,0.0,0.0,0.0,1.0,0.0,0.0,0.0,0.0,0.0,,,,,,,,,,,,,,,,,,,,,,,,,,,,,,,,,,,,,,,,,,,,,,,,,,,,,,,,,,,,,,,,,,,,,,,,,,,,,,,,,,,,,,,,,,,,,,,,,,,,,,,,,,,,,,,,,,,,,,,,,,,,,,,,,,,,,,,,,,,
CON,2023,1.0,NYL,81,89,27.0,6.0,0.0,0.0,0.0,0.0,0.0,0.0,0.0,0.0,0.0,0.0,0.0,0.0,0.0,0.0,0.0,0.0,0.0,0.0,0.0,0.0,0.0,0.0,0.0,0.0,0.0,0.0,0.0,,,,,,,,,,,,,,,,,,,,,,,,,,,,,,,,,,,,,,,,,,,,,,,,,,,,,,,,,,,,,,,,,,,,,,,,,,,,,,,,,,,,,,,,,,,,,,,,,,,,,,,,,,,,,,,,,,,,,,,,,,,,,,,,,,,,,,,,,,,
CON,2023,0.0,LVA,84,102,1.0,7.0,0.0,0.0,0.0,0.0,0.0,0.0,0.0,0.0,0.0,0.0,0.0,0.0,0.0,0.0,0.0,0.0,0.0,0.0,0.0,0.0,0.0,1.0,0.0,0.0,0.0,0.0,0.0,,,,,,,,,,,,,,,,,,,,,,,,,,,,,,,,,,,,,,,,,,,,,,,,,,,,,,,,,,,,,,,,,,,,,,,,,,,,,,,,,,,,,,,,,,,,,,,,,,,,,,,,,,,,,,,,,,,,,,,,,,,,,,,,,,,,,,,,,,,
CON,2023,1.0,SEA,93,73,6.0,7.0,0.0,0.0,0.0,0.0,0.0,0.0,0.0,0.0,0.0,0.0,0.0,0.0,0.0,0.0,0.0,0.0,0.0,0.0,0.0,0.0,0.0,1.0,0.0,0.0,0.0,0.0,0.0,,,,,,,,,,,,,,,,,,,,,,,,,,,,,,,,,,,,,,,,,,,,,,,,,,,,,,,,,,,,,,,,,,,,,,,,,,,,,,,,,,,,,,,,,,,,,,,,,,,,,,,,,,,,,,,,,,,,,,,,,,,,,,,,,,,,,,,,,,,
CON,2023,1.0,WAS,92,84,9.0,7.0,0.0,0.0,0.0,0.0,0.0,0.0,0.0,0.0,0.0,0.0,0.0,0.0,0.0,0.0,0.0,0.0,0.0,0.0,0.0,0.0,0.0,0.0,0.0,0.0,0.0,0.0,0.0,,,,,,,,,,,,,,,,,,,,,,,,,,,,,,,,,,,,,,,,,,,,,,,,,,,,,,,,,,,,,,,,,,,,,,,,,,,,,,,,,,,,,,,,,,,,,,,,,,,,,,,,,,,,,,,,,,,,,,,,,,,,,,,,,,,,,,,,,,,
CON,2023,0.0,CHI,84,72,12.0,7.0,0.0,0.0,0.0,0.0,0.0,0.0,0.0,0.0,0.0,0.0,0.0,0.0,0.0,0.0,0.0,0.0,0.0,0.0,0.0,0.0,0.0,0.0,0.0,0.0,0.0,0.0,0.0,,,,,,,,,,,,,,,,,,,,,,,,,,,,,,,,,,,,,,,,,,,,,,,,,,,,,,,,,,,,,,,,,,,,,,,,,,,,,,,,,,,,,,,,,,,,,,,,,,,,,,,,,,,,,,,,,,,,,,,,,,,,,,,,,,,,,,,,,,,
CON,2023,0.0,PHO,66,72,18.0,7.0,0.0,0.0,0.0,0.0,0.0,0.0,0.0,0.0,0.0,0.0,0.0,0.0,0.0,0.0,0.0,0.0,0.0,0.0,0.0,0.0,0.0,0.0,0.0,0.0,0.0,0.0,0.0,,,,,,,,,,,,,,,,,,,,,,,,,,,,,,,,,,,,,,,,,,,,,,,,,,,,,,,,,,,,,,,,,,,,,,,,,,,,,,,,,,,,,,,,,,,,,,,,,,,,,,,,,,,,,,,,,,,,,,,,,,,,,,,,,,,,,,,,,,,
CON,2023,1.0,ATL,82,71,20.0,7.0,0.0,0.0,0.0,0.0,0.0,0.0,0.0,0.0,0.0,0.0,0.0,0.0,0.0,0.0,0.0,0.0,0.0,0.0,0.0,0.0,0.0,0.0,0.0,0.0,0.0,0.0,0.0,,,,,,,,,,,,,,,,,,,,,,,,,,,,,,,,,,,,,,,,,,,,,,,,,,,,,,,,,,,,,,,,,,,,,,,,,,,,,,,,,,,,,,,,,,,,,,,,,,,,,,,,,,,,,,,,,,,,,,,,,,,,,,,,,,,,,,,,,,,
CON,2023,0.0,ATL,86,78,22.0,7.0,0.0,0.0,0.0,0.0,0.0,0.0,0.0,0.0,0.0,0.0,0.0,0.0,0.0,0.0,0.0,0.0,0.0,0.0,0.0,0.0,0.0,0.0,0.0,0.0,0.0,0.0,0.0,,,,,,,,,,,,,,,,,,,,,,,,,,,,,,,,,,,,,,,,,,,,,,,,,,,,,,,,,,,,,,,,,,,,,,,,,,,,,,,,,,,,,,,,,,,,,,,,,,,,,,,,,,,,,,,,,,,,,,,,,,,,,,,,,,,,,,,,,,,
CON,2023,0.0,DAL,88,83,25.0,7.0,0.0,0.0,0.0,0.0,0.0,0.0,0.0,0.0,0.0,0.0,0.0,0.0,0.0,0.0,0.0,0.0,0.0,0.0,0.0,0.0,0.0,0.0,0.0,0.0,0.0,0.0,0.0,,,,,,,,,,,,,,,,,,,,,,,,,,,,,,,,,,,,,,,,,,,,,,,,,,,,,,,,,,,,,,,,,,,,,,,,,,,,,,,,,,,,,,,,,,,,,,,,,,,,,,,,,,,,,,,,,,,,,,,,,,,,,,,,,,,,,,,,,,,
CON,2023,1.0,MIN,83,87,30.0,7.0,0.0,0.0,0.0,0.0,0.0,0.0,0.0,0.0,0.0,0.0,0.0,0.0,0.0,0.0,0.0,0.0,0.0,0.0,0.0,0.0,0.0,0.0,0.0,0.0,0.0,0.0,0.0,,,,,,,,,,,,,,,,,,,,,,,,,,,,,,,,,,,,,,,,,,,,,,,,,,,,,,,,,,,,,,,,,,,,,,,,,,,,,,,,,,,,,,,,,,,,,,,,,,,,,,,,,,,,,,,,,,,,,,,,,,,,,,,,,,,,,,,,,,,
CON,2023,1.0,MIN,79,69,1.0,8.0,0.0,0.0,0.0,0.0,0.0,0.0,0.0,0.0,0.0,0.0,0.0,0.0,0.0,0.0,0.0,0.0,0.0,0.0,0.0,0.0,0.0,0.0,0.0,0.0,0.0,0.0,0.0,,,,,,,,,,,,,,,,,,,,,,,,,,,,,,,,,,,,,,,,,,,,,,,,,,,,,,,,,,,,,,,,,,,,,,,,,,,,,,,,,,,,,,,,,,,,,,,,,,,,,,,,,,,,,,,,,,,,,,,,,,,,,,,,,,,,,,,,,,,
CON,2023,0.0,IND,88,72,4.0,8.0,0.0,0.0,0.0,0.0,0.0,0.0,0.0,0.0,0.0,0.0,0.0,0.0,0.0,0.0,0.0,0.0,0.0,0.0,0.0,0.0,0.0,0.0,0.0,0.0,0.0,0.0,0.0,,,,,,,,,,,,,,,,,,,,,,,,,,,,,,,,,,,,,,,,,,,,,,,,,,,,,,,,,,,,,,,,,,,,,,,,,,,,,,,,,,,,,,,,,,,,,,,,,,,,,,,,,,,,,,,,,,,,,,,,,,,,,,,,,,,,,,,,,,,
CON,2023,0.0,SEA,81,69,8.0,8.0,0.0,0.0,0.0,0.0,0.0,0.0,0.0,0.0,0.0,0.0,0.0,0.0,0.0,0.0,0.0,0.0,0.0,0.0,0.0,0.0,0.0,0.0,0.0,0.0,0.0,0.0,0.0,,,,,,,,,,,,,,,,,,,,,,,,,,,,,,,,,,,,,,,,,,,,,,,,,,,,,,,,,,,,,,,,,,,,,,,,,,,,,,,,,,,,,,,,,,,,,,,,,,,,,,,,,,,,,,,,,,,,,,,,,,,,,,,,,,,,,,,,,,,
CON,2023,0.0,PHO,84,90,10.0,8.0,0.0,0.0,0.0,0.0,0.0,0.0,0.0,0.0,0.0,0.0,0.0,0.0,0.0,0.0,0.0,0.0,0.0,0.0,0.0,0.0,0.0,0.0,0.0,0.0,0.0,0.0,0.0,,,,,,,,,,,,,,,,,,,,,,,,,,,,,,,,,,,,,,,,,,,,,,,,,,,,,,,,,,,,,,,,,,,,,,,,,,,,,,,,,,,,,,,,,,,,,,,,,,,,,,,,,,,,,,,,,,,,,,,,,,,,,,,,,,,,,,,,,,,
CON,2023,0.0,DAL,81,91,12.0,8.0,0.0,0.0,0.0,0.0,0.0,0.0,0.0,0.0,0.0,0.0,0.0,0.0,0.0,0.0,0.0,0.0,0.0,0.0,0.0,0.0,0.0,0.0,0.0,0.0,0.0,0.0,0.0,,,,,,,,,,,,,,,,,,,,,,,,,,,,,,,,,,,,,,,,,,,,,,,,,,,,,,,,,,,,,,,,,,,,,,,,,,,,,,,,,,,,,,,,,,,,,,,,,,,,,,,,,,,,,,,,,,,,,,,,,,,,,,,,,,,,,,,,,,,
CON,2023,1.0,DAL,75,95,18.0,8.0,0.0,0.0,0.0,0.0,0.0,0.0,0.0,0.0,0.0,0.0,0.0,0.0,0.0,0.0,0.0,0.0,0.0,0.0,0.0,0.0,0.0,0.0,0.0,0.0,0.0,0.0,0.0,,,,,,,,,,,,,,,,,,,,,,,,,,,,,,,,,,,,,,,,,,,,,,,,,,,,,,,,,,,,,,,,,,,,,,,,,,,,,,,,,,,,,,,,,,,,,,,,,,,,,,,,,,,,,,,,,,,,,,,,,,,,,,,,,,,,,,,,,,,
CON,2023,0.0,CHI,79,73,20.0,8.0,0.0,0.0,0.0,0.0,0.0,0.0,0.0,0.0,0.0,0.0,0.0,0.0,0.0,0.0,0.0,0.0,0.0,0.0,0.0,0.0,0.0,0.0,0.0,0.0,0.0,0.0,0.0,,,,,,,,,,,,,,,,,,,,,,,,,,,,,,,,,,,,,,,,,,,,,,,,,,,,,,,,,,,,,,,,,,,,,,,,,,,,,,,,,,,,,,,,,,,,,,,,,,,,,,,,,,,,,,,,,,,,,,,,,,,,,,,,,,,,,,,,,,,
CON,2023,0.0,WAS,68,64,22.0,8.0,0.0,0.0,0.0,0.0,0.0,0.0,0.0,0.0,0.0,0.0,0.0,0.0,0.0,0.0,0.0,0.0,0.0,0.0,0.0,0.0,0.0,0.0,0.0,0.0,0.0,0.0,0.0,,,,,,,,,,,,,,,,,,,,,,,,,,,,,,,,,,,,,,,,,,,,,,,,,,,,,,,,,,,,,,,,,,,,,,,,,,,,,,,,,,,,,,,,,,,,,,,,,,,,,,,,,,,,,,,,,,,,,,,,,,,,,,,,,,,,,,,,,,,
CON,2023,1.0,NYL,90,95,24.0,8.0,0.0,0.0,0.0,0.0,0.0,0.0,0.0,0.0,0.0,0.0,0.0,0.0,0.0,0.0,0.0,0.0,0.0,0.0,0.0,0.0,0.0,0.0,0.0,0.0,0.0,0.0,0.0,,,,,,,,,,,,,,,,,,,,,,,,,,,,,,,,,,,,,,,,,,,,,,,,,,,,,,,,,,,,,,,,,,,,,,,,,,,,,,,,,,,,,,,,,,,,,,,,,,,,,,,,,,,,,,,,,,,,,,,,,,,,,,,,,,,,,,,,,,,
CON,2023,1.0,LAS,83,68,27.0,8.0,0.0,0.0,0.0,0.0,0.0,0.0,0.0,0.0,0.0,0.0,0.0,0.0,0.0,0.0,0.0,0.0,0.0,0.0,0.0,0.0,0.0,0.0,0.0,0.0,0.0,0.0,0.0,,,,,,,,,,,,,,,,,,,,,,,,,,,,,,,,,,,,,,,,,,,,,,,,,,,,,,,,,,,,,,,,,,,,,,,,,,,,,,,,,,,,,,,,,,,,,,,,,,,,,,,,,,,,,,,,,,,,,,,,,,,,,,,,,,,,,,,,,,,
CON,2023,1.0,PHO,84,74,31.0,8.0,0.0,0.0,0.0,0.0,0.0,0.0,0.0,0.0,0.0,0.0,0.0,0.0,0.0,0.0,0.0,0.0,0.0,0.0,0.0,0.0,0.0,0.0,0.0,0.0,0.0,0.0,0.0,,,,,,,,,,,,,,,,,,,,,,,,,,,,,,,,,,,,,,,,,,,,,,,,,,,,,,,,,,,,,,,,,,,,,,,,,,,,,,,,,,,,,,,,,,,,,,,,,,,,,,,,,,,,,,,,,,,,,,,,,,,,,,,,,,,,,,,,,,,
CON,2023,0.0,NYL,58,89,1.0,9.0,0.0,0.0,0.0,0.0,0.0,0.0,0.0,0.0,0.0,0.0,0.0,0.0,0.0,0.0,0.0,0.0,0.0,0.0,0.0,0.0,0.0,0.0,0.0,0.0,0.0,0.0,0.0,,,,,,,,,,,,,,,,,,,,,,,,,,,,,,,,,,,,,,,,,,,,,,,,,,,,,,,,,,,,,,,,,,,,,,,,,,,,,,,,,,,,,,,,,,,,,,,,,,,,,,,,,,,,,,,,,,,,,,,,,,,,,,,,,,,,,,,,,,,
CON,2023,1.0,LAS,90,76,5.0,9.0,0.0,0.0,0.0,0.0,0.0,0.0,0.0,0.0,0.0,0.0,0.0,0.0,0.0,0.0,0.0,0.0,0.0,0.0,0.0,0.0,0.0,0.0,0.0,0.0,0.0,0.0,0.0,,,,,,,,,,,,,,,,,,,,,,,,,,,,,,,,,,,,,,,,,,,,,,,,,,,,,,,,,,,,,,,,,,,,,,,,,,,,,,,,,,,,,,,,,,,,,,,,,,,,,,,,,,,,,,,,,,,,,,,,,,,,,,,,,,,,,,,,,,,
CON,2023,1.0,IND,76,59,8.0,9.0,0.0,0.0,0.0,0.0,0.0,0.0,0.0,0.0,0.0,0.0,0.0,0.0,0.0,0.0,0.0,0.0,0.0,0.0,0.0,0.0,0.0,0.0,0.0,0.0,0.0,0.0,0.0,,,,,,,,,,,,,,,,,,,,,,,,,,,,,,,,,,,,,,,,,,,,,,,,,,,,,,,,,,,,,,,,,,,,,,,,,,,,,,,,,,,,,,,,,,,,,,,,,,,,,,,,,,,,,,,,,,,,,,,,,,,,,,,,,,,,,,,,,,,
CON,2023,1.0,CHI,91,102,10.0,9.0,0.0,0.0,0.0,0.0,0.0,0.0,0.0,0.0,0.0,0.0,0.0,0.0,0.0,0.0,0.0,0.0,0.0,0.0,0.0,0.0,0.0,0.0,0.0,0.0,0.0,0.0,0.0,,,,,,,,,,,,,,,,,,,,,,,,,,,,,,,,,,,,,,,,,,,,,,,,,,,,,,,,,,,,,,,,,,,,,,,,,,,,,,,,,,,,,,,,,,,,,,,,,,,,,,,,,,,,,,,,,,,,,,,,,,,,,,,,,,,,,,,,,,,
DAL,2023,1.0,ATL,85,78,20.0,5.0,1.0,0.0,0.0,0.0,0.0,0.0,0.0,1.0,0.0,0.0,1.0,0.0,0.0,0.0,0.0,0.0,1.0,0.0,0.0,0.0,0.0,0.0,1.0,0.0,0.0,1.0,1.0,,,,,,,,,,,,,,,,,,,,,,,,,,,,,,,,,,,,,,,,,,,,,,,,,,,,,,,,,,,,,,,,,,,,,,,,,,,,,,,,,,,,,,,,,,,,,,,,,,,,,,,,,,,,,,,,,,,,,,,,,,,,,,,,,,,,,,,,,,,
DAL,2023,0.0,SEA,95,91,26.0,5.0,1.0,0.0,0.0,0.0,0.0,0.0,0.0,1.0,0.0,0.0,1.0,0.0,0.0,0.0,0.0,0.0,1.0,0.0,0.0,0.0,0.0,0.0,1.0,0.0,0.0,1.0,1.0,,,,,,,,,,,,,,,,,,,,,,,,,,,,,,,,,,,,,,,,,,,,,,,,,,,,,,,,,,,,,,,,,,,,,,,,,,,,,,,,,,,,,,,,,,,,,,,,,,,,,,,,,,,,,,,,,,,,,,,,,,,,,,,,,,,,,,,,,,,
DAL,2023,0.0,CHI,88,94,28.0,5.0,1.0,0.0,0.0,0.0,0.0,0.0,0.0,1.0,0.0,0.0,1.0,0.0,0.0,0.0,0.0,0.0,1.0,0.0,0.0,0.0,0.0,0.0,1.0,0.0,0.0,1.0,1.0,,,,,,,,,,,,,,,,,,,,,,,,,,,,,,,,,,,,,,,,,,,,,,,,,,,,,,,,,,,,,,,,,,,,,,,,,,,,,,,,,,,,,,,,,,,,,,,,,,,,,,,,,,,,,,,,,,,,,,,,,,,,,,,,,,,,,,,,,,,
DAL,2023,1.0,MIN,94,89,30.0,5.0,1.0,0.0,0.0,0.0,0.0,0.0,0.0,1.0,0.0,0.0,1.0,0.0,0.0,0.0,0.0,0.0,1.0,0.0,0.0,0.0,0.0,0.0,1.0,0.0,0.0,1.0,1.0,,,,,,,,,,,,,,,,,,,,,,,,,,,,,,,,,,,,,,,,,,,,,,,,,,,,,,,,,,,,,,,,,,,,,,,,,,,,,,,,,,,,,,,,,,,,,,,,,,,,,,,,,,,,,,,,,,,,,,,,,,,,,,,,,,,,,,,,,,,
DAL,2023,0.0,WAS,74,75,2.0,6.0,1.0,0.0,0.0,0.0,0.0,0.0,0.0,1.0,0.0,0.0,1.0,0.0,0.0,0.0,0.0,0.0,1.0,0.0,0.0,0.0,0.0,0.0,1.0,0.0,0.0,1.0,1.0,,,,,,,,,,,,,,,,,,,,,,,,,,,,,,,,,,,,,,,,,,,,,,,,,,,,,,,,,,,,,,,,,,,,,,,,,,,,,,,,,,,,,,,,,,,,,,,,,,,,,,,,,,,,,,,,,,,,,,,,,,,,,,,,,,,,,,,,,,,
DAL,2023,0.0,CON,74,80,4.0,6.0,1.0,0.0,0.0,0.0,0.0,0.0,0.0,1.0,0.0,0.0,1.0,0.0,0.0,0.0,0.0,0.0,1.0,0.0,0.0,0.0,0.0,0.0,1.0,0.0,0.0,1.0,1.0,,,,,,,,,,,,,,,,,,,,,,,,,,,,,,,,,,,,,,,,,,,,,,,,,,,,,,,,,,,,,,,,,,,,,,,,,,,,,,,,,,,,,,,,,,,,,,,,,,,,,,,,,,,,,,,,,,,,,,,,,,,,,,,,,,,,,,,,,,,
DAL,2023,1.0,PHO,84,79,7.0,6.0,1.0,0.0,0.0,0.0,0.0,0.0,0.0,1.0,0.0,0.0,1.0,0.0,0.0,0.0,0.0,0.0,1.0,0.0,0.0,0.0,0.0,0.0,1.0,0.0,0.0,1.0,1.0,,,,,,,,,,,,,,,,,,,,,,,,,,,,,,,,,,,,,,,,,,,,,,,,,,,,,,,,,,,,,,,,,,,,,,,,,,,,,,,,,,,,,,,,,,,,,,,,,,,,,,,,,,,,,,,,,,,,,,,,,,,,,,,,,,,,,,,,,,,
DAL,2023,1.0,PHO,90,77,9.0,6.0,1.0,0.0,0.0,0.0,0.0,0.0,0.0,1.0,0.0,0.0,1.0,0.0,0.0,0.0,0.0,0.0,1.0,0.0,0.0,0.0,0.0,0.0,1.0,0.0,0.0,1.0,1.0,,,,,,,,,,,,,,,,,,,,,,,,,,,,,,,,,,,,,,,,,,,,,,,,,,,,,,,,,,,,,,,,,,,,,,,,,,,,,,,,,,,,,,,,,,,,,,,,,,,,,,,,,,,,,,,,,,,,,,,,,,,,,,,,,,,,,,,,,,,
DAL,2023,0.0,NYL,93,102,11.0,6.0,1.0,0.0,0.0,0.0,0.0,0.0,0.0,1.0,0.0,0.0,1.0,0.0,0.0,0.0,0.0,0.0,1.0,0.0,0.0,0.0,0.0,0.0,1.0,0.0,0.0,1.0,1.0,,,,,,,,,,,,,,,,,,,,,,,,,,,,,,,,,,,,,,,,,,,,,,,,,,,,,,,,,,,,,,,,,,,,,,,,,,,,,,,,,,,,,,,,,,,,,,,,,,,,,,,,,,,,,,,,,,,,,,,,,,,,,,,,,,,,,,,,,,,
DAL,2023,1.0,LAS,61,79,14.0,6.0,1.0,0.0,0.0,0.0,0.0,0.0,0.0,1.0,0.0,0.0,1.0,0.0,0.0,0.0,0.0,0.0,1.0,0.0,0.0,0.0,0.0,0.0,1.0,0.0,0.0,1.0,1.0,,,,,,,,,,,,,,,,,,,,,,,,,,,,,,,,,,,,,,,,,,,,,,,,,,,,,,,,,,,,,,,,,,,,,,,,,,,,,,,,,,,,,,,,,,,,,,,,,,,,,,,,,,,,,,,,,,,,,,,,,,,,,,,,,,,,,,,,,,,
DAL,2023,1.0,SEA,103,109,17.0,6.0,1.0,0.0,0.0,0.0,0.0,0.0,0.0,1.0,0.0,0.0,1.0,0.0,0.0,0.0,0.0,0.0,1.0,0.0,0.0,0.0,0.0,0.0,1.0,0.0,0.0,1.0,1.0,,,,,,,,,,,,,,,,,,,,,,,,,,,,,,,,,,,,,,,,,,,,,,,,,,,,,,,,,,,,,,,,,,,,,,,,,,,,,,,,,,,,,,,,,,,,,,,,,,,,,,,,,,,,,,,,,,,,,,,,,,,,,,,,,,,,,,,,,,,
DAL,2023,1.0,ATL,85,73,20.0,6.0,1.0,0.0,0.0,0.0,0.0,0.0,0.0,1.0,0.0,0.0,1.0,0.0,0.0,0.0,0.0,0.0,1.0,0.0,0.0,0.0,0.0,0.0,1.0,0.0,0.0,1.0,1.0,,,,,,,,,,,,,,,,,,,,,,,,,,,,,,,,,,,,,,,,,,,,,,,,,,,,,,,,,,,,,,,,,,,,,,,,,,,,,,,,,,,,,,,,,,,,,,,,,,,,,,,,,,,,,,,,,,,,,,,,,,,,,,,,,,,,,,,,,,,
DAL,2023,0.0,LAS,74,76,23.0,6.0,1.0,0.0,0.0,0.0,0.0,0.0,0.0,1.0,0.0,0.0,1.0,0.0,0.0,0.0,0.0,0.0,1.0,0.0,0.0,0.0,0.0,0.0,1.0,0.0,0.0,1.0,1.0,,,,,,,,,,,,,,,,,,,,,,,,,,,,,,,,,,,,,,,,,,,,,,,,,,,,,,,,,,,,,,,,,,,,,,,,,,,,,,,,,,,,,,,,,,,,,,,,,,,,,,,,,,,,,,,,,,,,,,,,,,,,,,,,,,,,,,,,,,,
DAL,2023,0.0,LAS,83,93,25.0,6.0,1.0,0.0,0.0,0.0,0.0,0.0,0.0,1.0,0.0,0.0,1.0,0.0,0.0,0.0,0.0,0.0,1.0,0.0,0.0,0.0,0.0,0.0,1.0,0.0,0.0,1.0,1.0,,,,,,,,,,,,,,,,,,,,,,,,,,,,,,,,,,,,,,,,,,,,,,,,,,,,,,,,,,,,,,,,,,,,,,,,,,,,,,,,,,,,,,,,,,,,,,,,,,,,,,,,,,,,,,,,,,,,,,,,,,,,,,,,,,,,,,,,,,,
DAL,2023,0.0,PHO,77,62,27.0,6.0,1.0,0.0,0.0,0.0,0.0,0.0,0.0,1.0,0.0,0.0,1.0,0.0,0.0,0.0,0.0,0.0,1.0,0.0,0.0,0.0,0.0,0.0,1.0,0.0,0.0,1.0,1.0,,,,,,,,,,,,,,,,,,,,,,,,,,,,,,,,,,,,,,,,,,,,,,,,,,,,,,,,,,,,,,,,,,,,,,,,,,,,,,,,,,,,,,,,,,,,,,,,,,,,,,,,,,,,,,,,,,,,,,,,,,,,,,,,,,,,,,,,,,,
DAL,2023,1.0,WAS,89,72,2.0,7.0,1.0,0.0,0.0,0.0,0.0,0.0,0.0,1.0,0.0,0.0,1.0,0.0,0.0,0.0,0.0,0.0,1.0,0.0,0.0,0.0,0.0,0.0,1.0,0.0,0.0,1.0,1.0,,,,,,,,,,,,,,,,,,,,,,,,,,,,,,,,,,,,,,,,,,,,,,,,,,,,,,,,,,,,,,,,,,,,,,,,,,,,,,,,,,,,,,,,,,,,,,,,,,,,,,,,,,,,,,,,,,,,,,,,,,,,,,,,,,,,,,,,,,,
DAL,2023,0.0,LVA,82,89,5.0,7.0,1.0,0.0,0.0,0.0,0.0,0.0,0.0,1.0,0.0,0.0,1.0,0.0,0.0,0.0,0.0,0.0,1.0,0.0,0.0,0.0,0.0,0.0,1.0,0.0,0.0,1.0,1.0,,,,,,,,,,,,,,,,,,,,,,,,,,,,,,,,,,,,,,,,,,,,,,,,,,,,,,,,,,,,,,,,,,,,,,,,,,,,,,,,,,,,,,,,,,,,,,,,,,,,,,,,,,,,,,,,,,,,,,,,,,,,,,,,,,,,,,,,,,,
DAL,2023,1.0,LVA,80,78,7.0,7.0,1.0,0.0,0.0,0.0,0.0,0.0,0.0,1.0,0.0,0.0,1.0,0.0,0.0,0.0,0.0,0.0,1.0,0.0,0.0,0.0,0.0,0.0,1.0,0.0,0.0,1.0,1.0,,,,,,,,,,,,,,,,,,,,,,,,,,,,,,,,,,,,,,,,,,,,,,,,,,,,,,,,,,,,,,,,,,,,,,,,,,,,,,,,,,,,,,,,,,,,,,,,,,,,,,,,,,,,,,,,,,,,,,,,,,,,,,,,,,,,,,,,,,,
DAL,2023,0.0,IND,77,76,9.0,7.0,1.0,0.0,0.0,0.0,0.0,0.0,0.0,1.0,0.0,0.0,1.0,0.0,0.0,0.0,0.0,0.0,1.0,0.0,0.0,0.0,0.0,0.0,1.0,0.0,0.0,1.0,1.0,,,,,,,,,,,,,,,,,,,,,,,,,,,,,,,,,,,,,,,,,,,,,,,,,,,,,,,,,,,,,,,,,,,,,,,,,,,,,,,,,,,,,,,,,,,,,,,,,,,,,,,,,,,,,,,,,,,,,,,,,,,,,,,,,,,,,,,,,,,
DAL,2023,0.0,MIN,107,67,12.0,7.0,1.0,0.0,0.0,0.0,0.0,0.0,0.0,1.0,0.0,0.0,1.0,0.0,0.0,0.0,0.0,0.0,1.0,0.0,0.0,0.0,0.0,0.0,1.0,0.0,0.0,1.0,1.0,,,,,,,,,,,,,,,,,,,,,,,,,,,,,,,,,,,,,,,,,,,,,,,,,,,,,,,,,,,,,,,,,,,,,,,,,,,,,,,,,,,,,,,,,,,,,,,,,,,,,,,,,,,,,,,,,,,,,,,,,,,,,,,,,,,,,,,,,,,
DAL,2023,0.0,NYL,98,88,19.0,7.0,1.0,0.0,0.0,0.0,0.0,0.0,0.0,1.0,0.0,0.0,1.0,0.0,0.0,0.0,0.0,0.0,1.0,0.0,0.0,0.0,0.0,0.0,1.0,0.0,0.0,1.0,1.0,,,,,,,,,,,,,,,,,,,,,,,,,,,,,,,,,,,,,,,,,,,,,,,,,,,,,,,,,,,,,,,,,,,,,,,,,,,,,,,,,,,,,,,,,,,,,,,,,,,,,,,,,,,,,,,,,,,,,,,,,,,,,,,,,,,,,,,,,,,
DAL,2023,1.0,LAS,98,84,22.0,7.0,1.0,0.0,0.0,0.0,0.0,0.0,0.0,1.0,0.0,0.0,1.0,0.0,0.0,0.0,0.0,0.0,1.0,0.0,0.0,0.0,0.0,0.0,1.0,0.0,0.0,1.0,1.0,,,,,,,,,,,,,,,,,,,,,,,,,,,,,,,,,,,,,,,,,,,,,,,,,,,,,,,,,,,,,,,,,,,,,,,,,,,,,,,,,,,,,,,,,,,,,,,,,,,,,,,,,,,,,,,,,,,,,,,,,,,,,,,,,,,,,,,,,,,
DAL,2023,1.0,CON,83,88,25.0,7.0,1.0,0.0,0.0,0.0,0.0,0.0,0.0,1.0,0.0,0.0,1.0,0.0,0.0,0.0,0.0,0.0,0.0,0.0,0.0,0.0,0.0,0.0,1.0,0.0,0.0,1.0,1.0,,,,,,,,,,,,,,,,,,,,,,,,,,,,,,,,,,,,,,,,,,,,,,,,,,,,,,,,,,,,,,,,,,,,,,,,,,,,,,,,,,,,,,,,,,,,,,,,,,,,,,,,,,,,,,,,,,,,,,,,,,,,,,,,,,,,,,,,,,,
DAL,2023,1.0,WAS,90,62,28.0,7.0,1.0,0.0,0.0,0.0,0.0,0.0,0.0,1.0,0.0,0.0,1.0,0.0,0.0,0.0,0.0,0.0,1.0,0.0,0.0,0.0,0.0,0.0,1.0,0.0,0.0,1.0,1.0,,,,,,,,,,,,,,,,,,,,,,,,,,,,,,,,,,,,,,,,,,,,,,,,,,,,,,,,,,,,,,,,,,,,,,,,,,,,,,,,,,,,,,,,,,,,,,,,,,,,,,,,,,,,,,,,,,,,,,,,,,,,,,,,,,,,,,,,,,,
DAL,2023,0.0,LVA,91,104,30.0,7.0,1.0,0.0,0.0,0.0,0.0,0.0,0.0,1.0,0.0,0.0,1.0,0.0,0.0,0.0,0.0,0.0,1.0,0.0,0.0,0.0,0.0,0.0,1.0,0.0,0.0,1.0,1.0,,,,,,,,,,,,,,,,,,,,,,,,,,,,,,,,,,,,,,,,,,,,,,,,,,,,,,,,,,,,,,,,,,,,,,,,,,,,,,,,,,,,,,,,,,,,,,,,,,,,,,,,,,,,,,,,,,,,,,,,,,,,,,,,,,,,,,,,,,,
DAL,2023,0.0,SEA,76,65,2.0,8.0,1.0,0.0,0.0,0.0,0.0,0.0,0.0,1.0,0.0,0.0,1.0,0.0,0.0,0.0,0.0,0.0,1.0,0.0,0.0,0.0,0.0,0.0,1.0,0.0,0.0,1.0,1.0,,,,,,,,,,,,,,,,,,,,,,,,,,,,,,,,,,,,,,,,,,,,,,,,,,,,,,,,,,,,,,,,,,,,,,,,,,,,,,,,,,,,,,,,,,,,,,,,,,,,,,,,,,,,,,,,,,,,,,,,,,,,,,,,,,,,,,,,,,,
DAL,2023,1.0,CHI,89,104,4.0,8.0,1.0,0.0,0.0,0.0,0.0,0.0,0.0,1.0,0.0,0.0,1.0,0.0,0.0,0.0,0.0,0.0,1.0,0.0,0.0,0.0,0.0,0.0,1.0,0.0,0.0,1.0,1.0,,,,,,,,,,,,,,,,,,,,,,,,,,,,,,,,,,,,,,,,,,,,,,,,,,,,,,,,,,,,,,,,,,,,,,,,,,,,,,,,,,,,,,,,,,,,,,,,,,,,,,,,,,,,,,,,,,,,,,,,,,,,,,,,,,,,,,,,,,,
DAL,2023,1.0,CHI,96,104,6.0,8.0,1.0,0.0,0.0,0.0,0.0,0.0,0.0,1.0,0.0,0.0,1.0,0.0,0.0,0.0,0.0,0.0,1.0,0.0,0.0,0.0,0.0,0.0,1.0,0.0,0.0,1.0,1.0,,,,,,,,,,,,,,,,,,,,,,,,,,,,,,,,,,,,,,,,,,,,,,,,,,,,,,,,,,,,,,,,,,,,,,,,,,,,,,,,,,,,,,,,,,,,,,,,,,,,,,,,,,,,,,,,,,,,,,,,,,,,,,,,,,,,,,,,,,,
DAL,2023,1.0,LVA,84,104,8.0,8.0,1.0,0.0,0.0,0.0,0.0,0.0,0.0,1.0,0.0,0.0,1.0,0.0,0.0,0.0,0.0,0.0,1.0,0.0,0.0,0.0,0.0,0.0,1.0,0.0,0.0,1.0,1.0,,,,,,,,,,,,,,,,,,,,,,,,,,,,,,,,,,,,,,,,,,,,,,,,,,,,,,,,,,,,,,,,,,,,,,,,,,,,,,,,,,,,,,,,,,,,,,,,,,,,,,,,,,,,,,,,,,,,,,,,,,,,,,,,,,,,,,,,,,,
DAL,2023,1.0,CON,91,81,12.0,8.0,1.0,0.0,0.0,0.0,0.0,0.0,0.0,1.0,0.0,0.0,1.0,0.0,0.0,0.0,0.0,0.0,1.0,0.0,0.0,0.0,0.0,0.0,1.0,0.0,0.0,1.0,1.0,,,,,,,,,,,,,,,,,,,,,,,,,,,,,,,,,,,,,,,,,,,,,,,,,,,,,,,,,,,,,,,,,,,,,,,,,,,,,,,,,,,,,,,,,,,,,,,,,,,,,,,,,,,,,,,,,,,,,,,,,,,,,,,,,,,,,,,,,,,
DAL,2023,0.0,CON,95,75,18.0,8.0,1.0,0.0,0.0,0.0,0.0,0.0,0.0,1.0,0.0,0.0,1.0,0.0,0.0,0.0,0.0,0.0,1.0,0.0,0.0,0.0,0.0,0.0,1.0,0.0,0.0,1.0,1.0,,,,,,,,,,,,,,,,,,,,,,,,,,,,,,,,,,,,,,,,,,,,,,,,,,,,,,,,,,,,,,,,,,,,,,,,,,,,,,,,,,,,,,,,,,,,,,,,,,,,,,,,,,,,,,,,,,,,,,,,,,,,,,,,,,,,,,,,,,,
DAL,2023,0.0,WAS,97,84,20.0,8.0,1.0,0.0,0.0,0.0,0.0,0.0,0.0,1.0,0.0,0.0,1.0,0.0,0.0,0.0,0.0,0.0,1.0,0.0,0.0,0.0,0.0,0.0,1.0,0.0,0.0,1.0,1.0,,,,,,,,,,,,,,,,,,,,,,,,,,,,,,,,,,,,,,,,,,,,,,,,,,,,,,,,,,,,,,,,,,,,,,,,,,,,,,,,,,,,,,,,,,,,,,,,,,,,,,,,,,,,,,,,,,,,,,,,,,,,,,,,,,,,,,,,,,,
DAL,2023,0.0,MIN,86,91,22.0,8.0,1.0,0.0,0.0,0.0,0.0,0.0,0.0,1.0,0.0,0.0,1.0,0.0,0.0,0.0,0.0,0.0,1.0,0.0,0.0,0.0,0.0,0.0,1.0,0.0,0.0,1.0,1.0,,,,,,,,,,,,,,,,,,,,,,,,,,,,,,,,,,,,,,,,,,,,,,,,,,,,,,,,,,,,,,,,,,,,,,,,,,,,,,,,,,,,,,,,,,,,,,,,,,,,,,,,,,,,,,,,,,,,,,,,,,,,,,,,,,,,,,,,,,,
DAL,2023,1.0,MIN,81,90,24.0,8.0,0.0,0.0,0.0,0.0,0.0,0.0,0.0,0.0,0.0,0.0,0.0,0.0,0.0,0.0,0.0,0.0,1.0,0.0,0.0,0.0,0.0,0.0,0.0,0.0,0.0,0.0,0.0,,,,,,,,,,,,,,,,,,,,,,,,,,,,,,,,,,,,,,,,,,,,,,,,,,,,,,,,,,,,,,,,,,,,,,,,,,,,,,,,,,,,,,,,,,,,,,,,,,,,,,,,,,,,,,,,,,,,,,,,,,,,,,,,,,,,,,,,,,,
DAL,2023,0.0,PHO,77,74,27.0,8.0,0.0,0.0,0.0,0.0,0.0,0.0,0.0,0.0,0.0,0.0,0.0,0.0,0.0,0.0,0.0,0.0,1.0,0.0,0.0,0.0,0.0,0.0,0.0,0.0,0.0,0.0,0.0,,,,,,,,,,,,,,,,,,,,,,,,,,,,,,,,,,,,,,,,,,,,,,,,,,,,,,,,,,,,,,,,,,,,,,,,,,,,,,,,,,,,,,,,,,,,,,,,,,,,,,,,,,,,,,,,,,,,,,,,,,,,,,,,,,,,,,,,,,,
DAL,2023,0.0,IND,110,100,1.0,9.0,1.0,0.0,0.0,0.0,0.0,0.0,0.0,1.0,0.0,0.0,1.0,0.0,0.0,0.0,0.0,0.0,1.0,0.0,0.0,0.0,0.0,0.0,1.0,0.0,0.0,1.0,1.0,,,,,,,,,,,,,,,,,,,,,,,,,,,,,,,,,,,,,,,,,,,,,,,,,,,,,,,,,,,,,,,,,,,,,,,,,,,,,,,,,,,,,,,,,,,,,,,,,,,,,,,,,,,,,,,,,,,,,,,,,,,,,,,,,,,,,,,,,,,
DAL,2023,1.0,IND,84,97,3.0,9.0,1.0,0.0,0.0,0.0,0.0,0.0,0.0,1.0,0.0,0.0,1.0,0.0,0.0,0.0,0.0,0.0,1.0,0.0,0.0,0.0,0.0,0.0,1.0,0.0,0.0,1.0,1.0,,,,,,,,,,,,,,,,,,,,,,,,,,,,,,,,,,,,,,,,,,,,,,,,,,,,,,,,,,,,,,,,,,,,,,,,,,,,,,,,,,,,,,,,,,,,,,,,,,,,,,,,,,,,,,,,,,,,,,,,,,,,,,,,,,,,,,,,,,,
DAL,2023,1.0,NYL,93,94,5.0,9.0,1.0,0.0,0.0,0.0,0.0,0.0,0.0,1.0,0.0,0.0,1.0,0.0,0.0,0.0,0.0,0.0,1.0,0.0,0.0,0.0,0.0,0.0,1.0,0.0,0.0,1.0,1.0,,,,,,,,,,,,,,,,,,,,,,,,,,,,,,,,,,,,,,,,,,,,,,,,,,,,,,,,,,,,,,,,,,,,,,,,,,,,,,,,,,,,,,,,,,,,,,,,,,,,,,,,,,,,,,,,,,,,,,,,,,,,,,,,,,,,,,,,,,,
DAL,2023,1.0,SEA,106,91,8.0,9.0,1.0,0.0,0.0,0.0,0.0,0.0,0.0,1.0,0.0,0.0,1.0,0.0,0.0,0.0,0.0,0.0,1.0,0.0,0.0,0.0,0.0,0.0,1.0,0.0,0.0,1.0,1.0,,,,,,,,,,,,,,,,,,,,,,,,,,,,,,,,,,,,,,,,,,,,,,,,,,,,,,,,,,,,,,,,,,,,,,,,,,,,,,,,,,,,,,,,,,,,,,,,,,,,,,,,,,,,,,,,,,,,,,,,,,,,,,,,,,,,,,,,,,,
DAL,2023,0.0,ATL,94,77,10.0,9.0,1.0,0.0,0.0,0.0,0.0,0.0,0.0,1.0,0.0,0.0,1.0,0.0,0.0,0.0,0.0,0.0,1.0,0.0,0.0,0.0,0.0,0.0,1.0,0.0,0.0,1.0,1.0,,,,,,,,,,,,,,,,,,,,,,,,,,,,,,,,,,,,,,,,,,,,,,,,,,,,,,,,,,,,,,,,,,,,,,,,,,,,,,,,,,,,,,,,,,,,,,,,,,,,,,,,,,,,,,,,,,,,,,,,,,,,,,,,,,,,,,,,,,,
IND,2023,1.0,CON,61,70,19.0,5.0,1.0,0.0,1.0,1.0,0.0,2.0,1.0,0.0,0.0,0.0,0.0,2.0,1.0,0.0,1.0,0.0,1.0,0.0,0.0,1.0,1.0,0.0,0.0,0.0,0.0,1.0,0.0,,,,,,,,,,,,,,,,,,,,,,,,,,,,,,,,,,,,,,,,,,,,,,,,,,,,,,,,,,,,,,,,,,,,,,,,,,,,,,,,,,,,,,,,,,,,,,,,,,,,,,,,,,,,,,,,,,,,,,,,,,,,,,,,,,,,,,,,,,,
IND,2023,0.0,NYL,73,90,21.0,5.0,1.0,0.0,1.0,1.0,0.0,2.0,1.0,0.0,0.0,0.0,0.0,2.0,1.0,0.0,1.0,0.0,1.0,0.0,0.0,1.0,1.0,0.0,0.0,0.0,0.0,1.0,0.0,,,,,,,,,,,,,,,,,,,,,,,,,,,,,,,,,,,,,,,,,,,,,,,,,,,,,,,,,,,,,,,,,,,,,,,,,,,,,,,,,,,,,,,,,,,,,,,,,,,,,,,,,,,,,,,,,,,,,,,,,,,,,,,,,,,,,,,,,,,
IND,2023,0.0,ATL,90,87,28.0,5.0,1.0,0.0,1.0,0.0,0.0,2.0,1.0,0.0,0.0,0.0,0.0,2.0,1.0,0.0,1.0,0.0,1.0,0.0,0.0,1.0,1.0,0.0,0.0,0.0,0.0,1.0,0.0,,,,,,,,,,,,,,,,,,,,,,,,,,,,,,,,,,,,,,,,,,,,,,,,,,,,,,,,,,,,,,,,,,,,,,,,,,,,,,,,,,,,,,,,,,,,,,,,,,,,,,,,,,,,,,,,,,,,,,,,,,,,,,,,,,,,,,,,,,,
IND,2023,0.0,CON,78,81,30.0,5.0,1.0,0.0,1.0,0.0,0.0,2.0,1.0,0.0,0.0,0.0,0.0,2.0,1.0,0.0,1.0,0.0,1.0,0.0,0.0,1.0,1.0,0.0,0.0,0.0,0.0,1.0,0.0,,,,,,,,,,,,,,,,,,,,,,,,,,,,,,,,,,,,,,,,,,,,,,,,,,,,,,,,,,,,,,,,,,,,,,,,,,,,,,,,,,,,,,,,,,,,,,,,,,,,,,,,,,,,,,,,,,,,,,,,,,,,,,,,,,,,,,,,,,,
IND,2023,1.0,LVA,80,84,4.0,6.0,1.0,0.0,1.0,0.0,0.0,2.0,1.0,0.0,0.0,0.0,0.0,2.0,1.0,0.0,1.0,0.0,1.0,0.0,0.0,1.0,1.0,0.0,0.0,0.0,0.0,1.0,0.0,,,,,,,,,,,,,,,,,,,,,,,,,,,,,,,,,,,,,,,,,,,,,,,,,,,,,,,,,,,,,,,,,,,,,,,,,,,,,,,,,,,,,,,,,,,,,,,,,,,,,,,,,,,,,,,,,,,,,,,,,,,,,,,,,,,,,,,,,,,
IND,2023,0.0,CHI,103,108,6.0,6.0,1.0,0.0,1.0,0.0,0.0,2.0,1.0,0.0,0.0,0.0,0.0,2.0,1.0,0.0,1.0,0.0,1.0,0.0,0.0,1.0,1.0,0.0,0.0,0.0,0.0,1.0,0.0,,,,,,,,,,,,,,,,,,,,,,,,,,,,,,,,,,,,,,,,,,,,,,,,,,,,,,,,,,,,,,,,,,,,,,,,,,,,,,,,,,,,,,,,,,,,,,,,,,,,,,,,,,,,,,,,,,,,,,,,,,,,,,,,,,,,,,,,,,,
IND,2023,0.0,MIN,71,69,9.0,6.0,1.0,0.0,1.0,0.0,0.0,2.0,1.0,0.0,0.0,0.0,0.0,2.0,1.0,0.0,1.0,0.0,1.0,0.0,0.0,1.0,1.0,0.0,0.0,0.0,0.0,1.0,0.0,,,,,,,,,,,,,,,,,,,,,,,,,,,,,,,,,,,,,,,,,,,,,,,,,,,,,,,,,,,,,,,,,,,,,,,,,,,,,,,,,,,,,,,,,,,,,,,,,,,,,,,,,,,,,,,,,,,,,,,,,,,,,,,,,,,,,,,,,,,
IND,2023,1.0,PHO,82,85,11.0,6.0,1.0,0.0,1.0,0.0,0.0,2.0,1.0,0.0,0.0,0.0,0.0,2.0,1.0,0.0,1.0,0.0,1.0,0.0,0.0,1.0,1.0,0.0,0.0,0.0,0.0,1.0,0.0,,,,,,,,,,,,,,,,,,,,,,,,,,,,,,,,,,,,,,,,,,,,,,,,,,,,,,,,,,,,,,,,,,,,,,,,,,,,,,,,,,,,,,,,,,,,,,,,,,,,,,,,,,,,,,,,,,,,,,,,,,,,,,,,,,,,,,,,,,,
IND,2023,1.0,WAS,87,66,13.0,6.0,1.0,0.0,1.0,0.0,0.0,2.0,1.0,0.0,0.0,0.0,0.0,2.0,1.0,0.0,1.0,0.0,1.0,0.0,0.0,1.0,1.0,0.0,0.0,0.0,0.0,1.0,0.0,,,,,,,,,,,,,,,,,,,,,,,,,,,,,,,,,,,,,,,,,,,,,,,,,,,,,,,,,,,,,,,,,,,,,,,,,,,,,,,,,,,,,,,,,,,,,,,,,,,,,,,,,,,,,,,,,,,,,,,,,,,,,,,,,,,,,,,,,,,
IND,2023,0.0,CHI,92,90,15.0,6.0,1.0,0.0,1.0,0.0,0.0,2.0,1.0,0.0,0.0,0.0,0.0,2.0,1.0,0.0,1.0,0.0,1.0,0.0,0.0,1.0,1.0,0.0,0.0,0.0,0.0,1.0,0.0,,,,,,,,,,,,,,,,,,,,,,,,,,,,,,,,,,,,,,,,,,,,,,,,,,,,,,,,,,,,,,,,,,,,,,,,,,,,,,,,,,,,,,,,,,,,,,,,,,,,,,,,,,,,,,,,,,,,,,,,,,,,,,,,,,,,,,,,,,,
IND,2023,1.0,ATL,94,100,18.0,6.0,1.0,0.0,1.0,0.0,0.0,2.0,1.0,0.0,0.0,0.0,0.0,2.0,1.0,0.0,1.0,0.0,1.0,0.0,0.0,1.0,1.0,0.0,0.0,0.0,0.0,1.0,0.0,,,,,,,,,,,,,,,,,,,,,,,,,,,,,,,,,,,,,,,,,,,,,,,,,,,,,,,,,,,,,,,,,,,,,,,,,,,,,,,,,,,,,,,,,,,,,,,,,,,,,,,,,,,,,,,,,,,,,,,,,,,,,,,,,,,,,,,,,,,
IND,2023,0.0,SEA,80,68,22.0,6.0,1.0,0.0,1.0,1.0,0.0,2.0,1.0,0.0,0.0,0.0,0.0,2.0,1.0,0.0,1.0,0.0,1.0,0.0,0.0,1.0,1.0,0.0,0.0,0.0,0.0,1.0,0.0,,,,,,,,,,,,,,,,,,,,,,,,,,,,,,,,,,,,,,,,,,,,,,,,,,,,,,,,,,,,,,,,,,,,,,,,,,,,,,,,,,,,,,,,,,,,,,,,,,,,,,,,,,,,,,,,,,,,,,,,,,,,,,,,,,,,,,,,,,,
IND,2023,0.0,LVA,88,101,24.0,6.0,1.0,0.0,1.0,1.0,0.0,2.0,1.0,0.0,0.0,0.0,0.0,2.0,1.0,0.0,1.0,0.0,1.0,0.0,0.0,1.0,1.0,0.0,0.0,0.0,0.0,1.0,0.0,,,,,,,,,,,,,,,,,,,,,,,,,,,,,,,,,,,,,,,,,,,,,,,,,,,,,,,,,,,,,,,,,,,,,,,,,,,,,,,,,,,,,,,,,,,,,,,,,,,,,,,,,,,,,,,,,,,,,,,,,,,,,,,,,,,,,,,,,,,
IND,2023,0.0,LVA,80,88,26.0,6.0,1.0,0.0,1.0,0.0,0.0,2.0,1.0,0.0,0.0,0.0,0.0,2.0,1.0,0.0,1.0,0.0,1.0,0.0,0.0,1.0,1.0,0.0,0.0,0.0,0.0,1.0,0.0,,,,,,,,,,,,,,,,,,,,,,,,,,,,,,,,,,,,,,,,,,,,,,,,,,,,,,,,,,,,,,,,,,,,,,,,,,,,,,,,,,,,,,,,,,,,,,,,,,,,,,,,,,,,,,,,,,,,,,,,,,,,,,,,,,,,,,,,,,,
IND,2023,0.0,PHO,63,85,29.0,6.0,1.0,0.0,1.0,1.0,0.0,2.0,1.0,0.0,0.0,0.0,0.0,2.0,1.0,0.0,1.0,0.0,1.0,0.0,0.0,1.0,1.0,0.0,0.0,0.0,0.0,1.0,0.0,,,,,,,,,,,,,,,,,,,,,,,,,,,,,,,,,,,,,,,,,,,,,,,,,,,,,,,,,,,,,,,,,,,,,,,,,,,,,,,,,,,,,,,,,,,,,,,,,,,,,,,,,,,,,,,,,,,,,,,,,,,,,,,,,,,,,,,,,,,
IND,2023,1.0,CHI,87,89,2.0,7.0,1.0,0.0,1.0,0.0,0.0,2.0,1.0,0.0,0.0,0.0,0.0,2.0,1.0,0.0,1.0,0.0,1.0,0.0,0.0,1.0,1.0,0.0,0.0,0.0,0.0,1.0,0.0,,,,,,,,,,,,,,,,,,,,,,,,,,,,,,,,,,,,,,,,,,,,,,,,,,,,,,,,,,,,,,,,,,,,,,,,,,,,,,,,,,,,,,,,,,,,,,,,,,,,,,,,,,,,,,,,,,,,,,,,,,,,,,,,,,,,,,,,,,,
IND,2023,0.0,MIN,83,90,5.0,7.0,1.0,0.0,1.0,0.0,0.0,1.0,1.0,0.0,0.0,0.0,0.0,2.0,1.0,0.0,1.0,0.0,0.0,0.0,0.0,1.0,1.0,0.0,0.0,0.0,0.0,1.0,0.0,,,,,,,,,,,,,,,,,,,,,,,,,,,,,,,,,,,,,,,,,,,,,,,,,,,,,,,,,,,,,,,,,,,,,,,,,,,,,,,,,,,,,,,,,,,,,,,,,,,,,,,,,,,,,,,,,,,,,,,,,,,,,,,,,,,,,,,,,,,
IND,2023,0.0,WAS,88,96,7.0,7.0,1.0,0.0,1.0,0.0,0.0,1.0,1.0,0.0,0.0,0.0,0.0,2.0,1.0,0.0,1.0,0.0,0.0,0.0,0.0,1.0,1.0,0.0,0.0,0.0,0.0,1.0,0.0,,,,,,,,,,,,,,,,,,,,,,,,,,,,,,,,,,,,,,,,,,,,,,,,,,,,,,,,,,,,,,,,,,,,,,,,,,,,,,,,,,,,,,,,,,,,,,,,,,,,,,,,,,,,,,,,,,,,,,,,,,,,,,,,,,,,,,,,,,,
IND,2023,1.0,DAL,76,77,9.0,7.0,1.0,0.0,1.0,0.0,0.0,1.0,1.0,0.0,0.0,0.0,0.0,2.0,1.0,0.0,1.0,0.0,0.0,0.0,0.0,1.0,1.0,0.0,0.0,0.0,0.0,1.0,0.0,,,,,,,,,,,,,,,,,,,,,,,,,,,,,,,,,,,,,,,,,,,,,,,,,,,,,,,,,,,,,,,,,,,,,,,,,,,,,,,,,,,,,,,,,,,,,,,,,,,,,,,,,,,,,,,,,,,,,,,,,,,,,,,,,,,,,,,,,,,
IND,2023,1.0,NYL,87,95,12.0,7.0,1.0,0.0,1.0,1.0,0.0,0.0,1.0,0.0,0.0,0.0,0.0,1.0,1.0,0.0,0.0,0.0,0.0,0.0,0.0,1.0,0.0,0.0,0.0,0.0,0.0,0.0,0.0,,,,,,,,,,,,,,,,,,,,,,,,,,,,,,,,,,,,,,,,,,,,,,,,,,,,,,,,,,,,,,,,,,,,,,,,,,,,,,,,,,,,,,,,,,,,,,,,,,,,,,,,,,,,,,,,,,,,,,,,,,,,,,,,,,,,,,,,,,,
IND,2023,0.0,WAS,82,76,19.0,7.0,1.0,0.0,1.0,0.0,0.0,0.0,1.0,0.0,0.0,0.0,0.0,1.0,1.0,0.0,0.0,0.0,0.0,0.0,0.0,1.0,0.0,0.0,0.0,0.0,0.0,0.0,0.0,,,,,,,,,,,,,,,,,,,,,,,,,,,,,,,,,,,,,,,,,,,,,,,,,,,,,,,,,,,,,,,,,,,,,,,,,,,,,,,,,,,,,,,,,,,,,,,,,,,,,,,,,,,,,,,,,,,,,,,,,,,,,,,,,,,,,,,,,,,
IND,2023,0.0,NYL,83,101,23.0,7.0,1.0,0.0,1.0,1.0,0.0,0.0,1.0,0.0,0.0,0.0,0.0,1.0,1.0,0.0,1.0,0.0,0.0,0.0,0.0,1.0,0.0,0.0,0.0,0.0,0.0,0.0,0.0,,,,,,,,,,,,,,,,,,,,,,,,,,,,,,,,,,,,,,,,,,,,,,,,,,,,,,,,,,,,,,,,,,,,,,,,,,,,,,,,,,,,,,,,,,,,,,,,,,,,,,,,,,,,,,,,,,,,,,,,,,,,,,,,,,,,,,,,,,,
IND,2023,0.0,LAS,78,79,25.0,7.0,1.0,0.0,1.0,0.0,0.0,0.0,1.0,0.0,0.0,0.0,0.0,1.0,1.0,0.0,1.0,0.0,0.0,0.0,0.0,1.0,0.0,0.0,0.0,0.0,0.0,0.0,0.0,,,,,,,,,,,,,,,,,,,,,,,,,,,,,,,,,,,,,,,,,,,,,,,,,,,,,,,,,,,,,,,,,,,,,,,,,,,,,,,,,,,,,,,,,,,,,,,,,,,,,,,,,,,,,,,,,,,,,,,,,,,,,,,,,,,,,,,,,,,
IND,2023,0.0,LAS,68,81,27.0,7.0,1.0,0.0,1.0,0.0,0.0,0.0,1.0,0.0,0.0,0.0,0.0,1.0,1.0,0.0,1.0,0.0,0.0,0.0,0.0,1.0,0.0,0.0,0.0,0.0,0.0,0.0,0.0,,,,,,,,,,,,,,,,,,,,,,,,,,,,,,,,,,,,,,,,,,,,,,,,,,,,,,,,,,,,,,,,,,,,,,,,,,,,,,,,,,,,,,,,,,,,,,,,,,,,,,,,,,,,,,,,,,,,,,,,,,,,,,,,,,,,,,,,,,,
IND,2023,1.0,SEA,62,85,30.0,7.0,1.0,0.0,1.0,1.0,0.0,0.0,1.0,0.0,0.0,0.0,0.0,1.0,1.0,0.0,1.0,0.0,0.0,0.0,0.0,1.0,0.0,0.0,0.0,0.0,0.0,0.0,0.0,,,,,,,,,,,,,,,,,,,,,,,,,,,,,,,,,,,,,,,,,,,,,,,,,,,,,,,,,,,,,,,,,,,,,,,,,,,,,,,,,,,,,,,,,,,,,,,,,,,,,,,,,,,,,,,,,,,,,,,,,,,,,,,,,,,,,,,,,,,
IND,2023,1.0,PHO,72,71,1.0,8.0,1.0,0.0,1.0,1.0,0.0,0.0,1.0,0.0,0.0,0.0,0.0,1.0,1.0,0.0,1.0,0.0,0.0,0.0,0.0,1.0,0.0,0.0,0.0,0.0,0.0,0.0,0.0,,,,,,,,,,,,,,,,,,,,,,,,,,,,,,,,,,,,,,,,,,,,,,,,,,,,,,,,,,,,,,,,,,,,,,,,,,,,,,,,,,,,,,,,,,,,,,,,,,,,,,,,,,,,,,,,,,,,,,,,,,,,,,,,,,,,,,,,,,,
IND,2023,1.0,CON,72,88,4.0,8.0,1.0,0.0,1.0,1.0,0.0,0.0,1.0,0.0,0.0,0.0,0.0,1.0,1.0,0.0,1.0,0.0,0.0,0.0,0.0,1.0,0.0,0.0,0.0,0.0,0.0,0.0,0.0,,,,,,,,,,,,,,,,,,,,,,,,,,,,,,,,,,,,,,,,,,,,,,,,,,,,,,,,,,,,,,,,,,,,,,,,,,,,,,,,,,,,,,,,,,,,,,,,,,,,,,,,,,,,,,,,,,,,,,,,,,,,,,,,,,,,,,,,,,,
IND,2023,0.0,ATL,73,82,6.0,8.0,1.0,0.0,1.0,1.0,0.0,0.0,1.0,0.0,0.0,0.0,0.0,1.0,1.0,0.0,1.0,0.0,0.0,0.0,0.0,1.0,0.0,0.0,0.0,0.0,0.0,0.0,0.0,,,,,,,,,,,,,,,,,,,,,,,,,,,,,,,,,,,,,,,,,,,,,,,,,,,,,,,,,,,,,,,,,,,,,,,,,,,,,,,,,,,,,,,,,,,,,,,,,,,,,,,,,,,,,,,,,,,,,,,,,,,,,,,,,,,,,,,,,,,
IND,2023,1.0,LAS,80,87,8.0,8.0,1.0,0.0,1.0,0.0,0.0,1.0,1.0,0.0,0.0,0.0,0.0,2.0,1.0,0.0,1.0,0.0,0.0,0.0,0.0,1.0,1.0,0.0,0.0,0.0,0.0,1.0,0.0,,,,,,,,,,,,,,,,,,,,,,,,,,,,,,,,,,,,,,,,,,,,,,,,,,,,,,,,,,,,,,,,,,,,,,,,,,,,,,,,,,,,,,,,,,,,,,,,,,,,,,,,,,,,,,,,,,,,,,,,,,,,,,,,,,,,,,,,,,,
IND,2023,1.0,MIN,91,73,10.0,8.0,1.0,0.0,1.0,0.0,0.0,1.0,1.0,0.0,0.0,0.0,0.0,2.0,1.0,0.0,1.0,0.0,0.0,0.0,0.0,1.0,1.0,0.0,0.0,0.0,0.0,1.0,0.0,,,,,,,,,,,,,,,,,,,,,,,,,,,,,,,,,,,,,,,,,,,,,,,,,,,,,,,,,,,,,,,,,,,,,,,,,,,,,,,,,,,,,,,,,,,,,,,,,,,,,,,,,,,,,,,,,,,,,,,,,,,,,,,,,,,,,,,,,,,
IND,2023,1.0,NYL,89,100,13.0,8.0,1.0,0.0,1.0,0.0,0.0,1.0,1.0,0.0,0.0,0.0,0.0,2.0,1.0,0.0,1.0,0.0,0.0,0.0,0.0,1.0,1.0,0.0,0.0,0.0,0.0,1.0,0.0,,,,,,,,,,,,,,,,,,,,,,,,,,,,,,,,,,,,,,,,,,,,,,,,,,,,,,,,,,,,,,,,,,,,,,,,,,,,,,,,,,,,,,,,,,,,,,,,,,,,,,,,,,,,,,,,,,,,,,,,,,,,,,,,,,,,,,,,,,,
IND,2023,1.0,WAS,79,83,18.0,8.0,1.0,0.0,1.0,0.0,0.0,1.0,1.0,0.0,0.0,0.0,0.0,2.0,1.0,0.0,1.0,0.0,0.0,0.0,0.0,1.0,1.0,0.0,0.0,0.0,0.0,1.0,0.0,,,,,,,,,,,,,,,,,,,,,,,,,,,,,,,,,,,,,,,,,,,,,,,,,,,,,,,,,,,,,,,,,,,,,,,,,,,,,,,,,,,,,,,,,,,,,,,,,,,,,,,,,,,,,,,,,,,,,,,,,,,,,,,,,,,,,,,,,,,
IND,2023,0.0,PHO,83,73,20.0,8.0,1.0,0.0,1.0,1.0,0.0,1.0,1.0,0.0,0.0,0.0,0.0,2.0,1.0,0.0,0.0,0.0,0.0,0.0,0.0,1.0,1.0,0.0,0.0,0.0,0.0,1.0,0.0,,,,,,,,,,,,,,,,,,,,,,,,,,,,,,,,,,,,,,,,,,,,,,,,,,,,,,,,,,,,,,,,,,,,,,,,,,,,,,,,,,,,,,,,,,,,,,,,,,,,,,,,,,,,,,,,,,,,,,,,,,,,,,,,,,,,,,,,,,,
IND,2023,1.0,SEA,90,86,24.0,8.0,1.0,0.0,1.0,0.0,0.0,1.0,1.0,0.0,0.0,0.0,0.0,2.0,1.0,0.0,0.0,0.0,0.0,0.0,0.0,1.0,1.0,0.0,0.0,0.0,0.0,1.0,0.0,,,,,,,,,,,,,,,,,,,,,,,,,,,,,,,,,,,,,,,,,,,,,,,,,,,,,,,,,,,,,,,,,,,,,,,,,,,,,,,,,,,,,,,,,,,,,,,,,,,,,,,,,,,,,,,,,,,,,,,,,,,,,,,,,,,,,,,,,,,
IND,2023,1.0,ATL,83,80,27.0,8.0,1.0,0.0,1.0,1.0,0.0,1.0,1.0,0.0,0.0,0.0,0.0,2.0,1.0,0.0,0.0,0.0,0.0,0.0,0.0,1.0,1.0,0.0,0.0,0.0,0.0,1.0,0.0,,,,,,,,,,,,,,,,,,,,,,,,,,,,,,,,,,,,,,,,,,,,,,,,,,,,,,,,,,,,,,,,,,,,,,,,,,,,,,,,,,,,,,,,,,,,,,,,,,,,,,,,,,,,,,,,,,,,,,,,,,,,,,,,,,,,,,,,,,,
IND,2023,1.0,DAL,100,110,1.0,9.0,1.0,0.0,1.0,0.0,0.0,1.0,1.0,0.0,0.0,0.0,0.0,2.0,1.0,0.0,0.0,0.0,0.0,0.0,0.0,1.0,1.0,0.0,0.0,0.0,0.0,1.0,0.0,,,,,,,,,,,,,,,,,,,,,,,,,,,,,,,,,,,,,,,,,,,,,,,,,,,,,,,,,,,,,,,,,,,,,,,,,,,,,,,,,,,,,,,,,,,,,,,,,,,,,,,,,,,,,,,,,,,,,,,,,,,,,,,,,,,,,,,,,,,
IND,2023,0.0,DAL,97,84,3.0,9.0,1.0,0.0,1.0,0.0,0.0,1.0,1.0,0.0,0.0,0.0,0.0,2.0,1.0,0.0,0.0,0.0,0.0,0.0,0.0,1.0,1.0,0.0,0.0,0.0,0.0,1.0,0.0,,,,,,,,,,,,,,,,,,,,,,,,,,,,,,,,,,,,,,,,,,,,,,,,,,,,,,,,,,,,,,,,,,,,,,,,,,,,,,,,,,,,,,,,,,,,,,,,,,,,,,,,,,,,,,,,,,,,,,,,,,,,,,,,,,,,,,,,,,,
IND,2023,1.0,CHI,69,96,5.0,9.0,1.0,0.0,1.0,1.0,0.0,1.0,1.0,0.0,0.0,0.0,0.0,2.0,1.0,0.0,0.0,0.0,0.0,0.0,0.0,1.0,1.0,0.0,0.0,0.0,0.0,1.0,0.0,,,,,,,,,,,,,,,,,,,,,,,,,,,,,,,,,,,,,,,,,,,,,,,,,,,,,,,,,,,,,,,,,,,,,,,,,,,,,,,,,,,,,,,,,,,,,,,,,,,,,,,,,,,,,,,,,,,,,,,,,,,,,,,,,,,,,,,,,,,
IND,2023,0.0,CON,59,76,8.0,9.0,1.0,0.0,1.0,1.0,0.0,1.0,1.0,0.0,0.0,0.0,0.0,2.0,1.0,0.0,0.0,0.0,0.0,0.0,0.0,1.0,1.0,0.0,0.0,0.0,0.0,1.0,0.0,,,,,,,,,,,,,,,,,,,,,,,,,,,,,,,,,,,,,,,,,,,,,,,,,,,,,,,,,,,,,,,,,,,,,,,,,,,,,,,,,,,,,,,,,,,,,,,,,,,,,,,,,,,,,,,,,,,,,,,,,,,,,,,,,,,,,,,,,,,
IND,2023,1.0,MIN,87,72,10.0,9.0,1.0,0.0,1.0,0.0,0.0,1.0,1.0,0.0,0.0,0.0,0.0,2.0,1.0,0.0,0.0,0.0,0.0,0.0,0.0,1.0,1.0,0.0,0.0,0.0,0.0,1.0,0.0,,,,,,,,,,,,,,,,,,,,,,,,,,,,,,,,,,,,,,,,,,,,,,,,,,,,,,,,,,,,,,,,,,,,,,,,,,,,,,,,,,,,,,,,,,,,,,,,,,,,,,,,,,,,,,,,,,,,,,,,,,,,,,,,,,,,,,,,,,,
LAS,2023,1.0,PHO,94,71,19.0,5.0,0.0,0.0,0.0,0.0,0.0,0.0,0.0,0.0,0.0,0.0,0.0,0.0,0.0,0.0,0.0,0.0,0.0,0.0,0.0,0.0,0.0,0.0,0.0,0.0,0.0,0.0,0.0,,,,,,,,,,,,,,,,,,,,,,,,,,,,,,,,,,,,,,,,,,,,,,,,,,,,,,,,,,,,,,,,,,,,,,,,,,,,,,,,,,,,,,,,,,,,,,,,,,,,,,,,,,,,,,,,,,,,,,,,,,,,,,,,,,,,,,,,,,,
LAS,2023,1.0,LVA,85,94,25.0,5.0,0.0,0.0,0.0,0.0,0.0,0.0,0.0,0.0,0.0,0.0,0.0,0.0,0.0,0.0,0.0,0.0,0.0,0.0,0.0,0.0,0.0,0.0,0.0,0.0,0.0,0.0,0.0,,,,,,,,,,,,,,,,,,,,,,,,,,,,,,,,,,,,,,,,,,,,,,,,,,,,,,,,,,,,,,,,,,,,,,,,,,,,,,,,,,,,,,,,,,,,,,,,,,,,,,,,,,,,,,,,,,,,,,,,,,,,,,,,,,,,,,,,,,,
LAS,2023,0.0,LVA,65,93,27.0,5.0,0.0,0.0,0.0,0.0,0.0,0.0,0.0,0.0,0.0,0.0,0.0,0.0,0.0,0.0,0.0,0.0,0.0,0.0,0.0,0.0,0.0,0.0,0.0,0.0,0.0,0.0,0.0,,,,,,,,,,,,,,,,,,,,,,,,,,,,,,,,,,,,,,,,,,,,,,,,,,,,,,,,,,,,,,,,,,,,,,,,,,,,,,,,,,,,,,,,,,,,,,,,,,,,,,,,,,,,,,,,,,,,,,,,,,,,,,,,,,,,,,,,,,,
LAS,2023,0.0,PHO,99,93,2.0,6.0,0.0,0.0,0.0,0.0,0.0,0.0,0.0,0.0,0.0,0.0,0.0,0.0,0.0,0.0,0.0,0.0,0.0,0.0,0.0,0.0,0.0,0.0,0.0,0.0,0.0,0.0,0.0,,,,,,,,,,,,,,,,,,,,,,,,,,,,,,,,,,,,,,,,,,,,,,,,,,,,,,,,,,,,,,,,,,,,,,,,,,,,,,,,,,,,,,,,,,,,,,,,,,,,,,,,,,,,,,,,,,,,,,,,,,,,,,,,,,,,,,,,,,,
LAS,2023,1.0,SEA,92,85,3.0,6.0,0.0,0.0,0.0,0.0,0.0,0.0,0.0,0.0,0.0,0.0,0.0,0.0,0.0,0.0,0.0,0.0,0.0,0.0,0.0,0.0,0.0,0.0,0.0,0.0,0.0,0.0,0.0,,,,,,,,,,,,,,,,,,,,,,,,,,,,,,,,,,,,,,,,,,,,,,,,,,,,,,,,,,,,,,,,,,,,,,,,,,,,,,,,,,,,,,,,,,,,,,,,,,,,,,,,,,,,,,,,,,,,,,,,,,,,,,,,,,,,,,,,,,,
LAS,2023,0.0,SEA,63,66,6.0,6.0,0.0,0.0,0.0,0.0,0.0,0.0,0.0,0.0,0.0,0.0,0.0,0.0,0.0,0.0,0.0,0.0,0.0,0.0,0.0,0.0,0.0,0.0,0.0,0.0,0.0,0.0,0.0,,,,,,,,,,,,,,,,,,,,,,,,,,,,,,,,,,,,,,,,,,,,,,,,,,,,,,,,,,,,,,,,,,,,,,,,,,,,,,,,,,,,,,,,,,,,,,,,,,,,,,,,,,,,,,,,,,,,,,,,,,,,,,,,,,,,,,,,,,,
LAS,2023,1.0,CHI,77,62,9.0,6.0,0.0,0.0,0.0,0.0,0.0,0.0,0.0,0.0,0.0,0.0,0.0,0.0,0.0,0.0,0.0,0.0,0.0,0.0,0.0,0.0,0.0,0.0,0.0,0.0,0.0,0.0,0.0,,,,,,,,,,,,,,,,,,,,,,,,,,,,,,,,,,,,,,,,,,,,,,,,,,,,,,,,,,,,,,,,,,,,,,,,,,,,,,,,,,,,,,,,,,,,,,,,,,,,,,,,,,,,,,,,,,,,,,,,,,,,,,,,,,,,,,,,,,,
LAS,2023,0.0,MIN,86,91,11.0,6.0,0.0,0.0,0.0,0.0,0.0,0.0,0.0,0.0,0.0,0.0,0.0,0.0,0.0,0.0,0.0,0.0,0.0,0.0,0.0,0.0,0.0,0.0,0.0,0.0,0.0,0.0,0.0,,,,,,,,,,,,,,,,,,,,,,,,,,,,,,,,,,,,,,,,,,,,,,,,,,,,,,,,,,,,,,,,,,,,,,,,,,,,,,,,,,,,,,,,,,,,,,,,,,,,,,,,,,,,,,,,,,,,,,,,,,,,,,,,,,,,,,,,,,,
LAS,2023,0.0,DAL,79,61,14.0,6.0,0.0,0.0,0.0,0.0,0.0,0.0,0.0,0.0,0.0,0.0,0.0,0.0,0.0,0.0,0.0,0.0,0.0,0.0,0.0,0.0,0.0,0.0,0.0,0.0,0.0,0.0,0.0,,,,,,,,,,,,,,,,,,,,,,,,,,,,,,,,,,,,,,,,,,,,,,,,,,,,,,,,,,,,,,,,,,,,,,,,,,,,,,,,,,,,,,,,,,,,,,,,,,,,,,,,,,,,,,,,,,,,,,,,,,,,,,,,,,,,,,,,,,,
LAS,2023,1.0,MIN,72,77,16.0,6.0,0.0,0.0,0.0,0.0,0.0,0.0,0.0,0.0,0.0,0.0,0.0,0.0,0.0,0.0,0.0,0.0,0.0,0.0,0.0,0.0,0.0,0.0,0.0,0.0,0.0,0.0,0.0,,,,,,,,,,,,,,,,,,,,,,,,,,,,,,,,,,,,,,,,,,,,,,,,,,,,,,,,,,,,,,,,,,,,,,,,,,,,,,,,,,,,,,,,,,,,,,,,,,,,,,,,,,,,,,,,,,,,,,,,,,,,,,,,,,,,,,,,,,,
LAS,2023,1.0,CON,74,83,18.0,6.0,0.0,0.0,1.0,0.0,0.0,0.0,0.0,0.0,0.0,0.0,0.0,0.0,0.0,0.0,0.0,0.0,0.0,0.0,0.0,0.0,0.0,0.0,0.0,0.0,0.0,0.0,0.0,,,,,,,,,,,,,,,,,,,,,,,,,,,,,,,,,,,,,,,,,,,,,,,,,,,,,,,,,,,,,,,,,,,,,,,,,,,,,,,,,,,,,,,,,,,,,,,,,,,,,,,,,,,,,,,,,,,,,,,,,,,,,,,,,,,,,,,,,,,
LAS,2023,1.0,MIN,61,67,20.0,6.0,0.0,0.0,1.0,0.0,0.0,0.0,0.0,0.0,0.0,0.0,0.0,0.0,0.0,0.0,0.0,0.0,0.0,0.0,0.0,0.0,0.0,0.0,0.0,0.0,0.0,0.0,0.0,,,,,,,,,,,,,,,,,,,,,,,,,,,,,,,,,,,,,,,,,,,,,,,,,,,,,,,,,,,,,,,,,,,,,,,,,,,,,,,,,,,,,,,,,,,,,,,,,,,,,,,,,,,,,,,,,,,,,,,,,,,,,,,,,,,,,,,,,,,
LAS,2023,1.0,DAL,76,74,23.0,6.0,0.0,0.0,1.0,0.0,0.0,0.0,0.0,0.0,0.0,0.0,0.0,0.0,0.0,0.0,0.0,0.0,0.0,0.0,0.0,0.0,0.0,0.0,0.0,0.0,0.0,0.0,0.0,,,,,,,,,,,,,,,,,,,,,,,,,,,,,,,,,,,,,,,,,,,,,,,,,,,,,,,,,,,,,,,,,,,,,,,,,,,,,,,,,,,,,,,,,,,,,,,,,,,,,,,,,,,,,,,,,,,,,,,,,,,,,,,,,,,,,,,,,,,
LAS,2023,1.0,DAL,93,83,25.0,6.0,0.0,0.0,1.0,0.0,0.0,0.0,0.0,0.0,0.0,0.0,0.0,0.0,0.0,0.0,0.0,0.0,0.0,0.0,0.0,0.0,0.0,0.0,0.0,0.0,0.0,0.0,0.0,,,,,,,,,,,,,,,,,,,,,,,,,,,,,,,,,,,,,,,,,,,,,,,,,,,,,,,,,,,,,,,,,,,,,,,,,,,,,,,,,,,,,,,,,,,,,,,,,,,,,,,,,,,,,,,,,,,,,,,,,,,,,,,,,,,,,,,,,,,
LAS,2023,0.0,CHI,63,80,28.0,6.0,0.0,0.0,1.0,0.0,0.0,0.0,0.0,0.0,0.0,0.0,0.0,0.0,0.0,0.0,0.0,0.0,0.0,0.0,0.0,0.0,0.0,0.0,0.0,0.0,0.0,0.0,0.0,,,,,,,,,,,,,,,,,,,,,,,,,,,,,,,,,,,,,,,,,,,,,,,,,,,,,,,,,,,,,,,,,,,,,,,,,,,,,,,,,,,,,,,,,,,,,,,,,,,,,,,,,,,,,,,,,,,,,,,,,,,,,,,,,,,,,,,,,,,
LAS,2023,0.0,CHI,78,86,30.0,6.0,0.0,0.0,1.0,0.0,0.0,0.0,0.0,0.0,0.0,0.0,0.0,0.0,0.0,0.0,0.0,0.0,0.0,0.0,0.0,0.0,0.0,0.0,0.0,0.0,0.0,0.0,0.0,,,,,,,,,,,,,,,,,,,,,,,,,,,,,,,,,,,,,,,,,,,,,,,,,,,,,,,,,,,,,,,,,,,,,,,,,,,,,,,,,,,,,,,,,,,,,,,,,,,,,,,,,,,,,,,,,,,,,,,,,,,,,,,,,,,,,,,,,,,
LAS,2023,0.0,ATL,84,112,2.0,7.0,0.0,0.0,1.0,0.0,0.0,0.0,0.0,0.0,0.0,0.0,0.0,0.0,0.0,0.0,0.0,0.0,0.0,0.0,0.0,0.0,0.0,0.0,0.0,0.0,0.0,0.0,0.0,,,,,,,,,,,,,,,,,,,,,,,,,,,,,,,,,,,,,,,,,,,,,,,,,,,,,,,,,,,,,,,,,,,,,,,,,,,,,,,,,,,,,,,,,,,,,,,,,,,,,,,,,,,,,,,,,,,,,,,,,,,,,,,,,,,,,,,,,,,
LAS,2023,1.0,ATL,79,90,5.0,7.0,0.0,0.0,1.0,0.0,0.0,0.0,0.0,0.0,0.0,0.0,0.0,0.0,0.0,0.0,0.0,0.0,0.0,0.0,0.0,0.0,0.0,0.0,0.0,0.0,0.0,0.0,0.0,,,,,,,,,,,,,,,,,,,,,,,,,,,,,,,,,,,,,,,,,,,,,,,,,,,,,,,,,,,,,,,,,,,,,,,,,,,,,,,,,,,,,,,,,,,,,,,,,,,,,,,,,,,,,,,,,,,,,,,,,,,,,,,,,,,,,,,,,,,
LAS,2023,0.0,PHO,72,78,9.0,7.0,0.0,0.0,1.0,0.0,0.0,0.0,0.0,0.0,0.0,0.0,0.0,0.0,0.0,0.0,0.0,0.0,0.0,0.0,0.0,0.0,0.0,0.0,0.0,0.0,0.0,0.0,0.0,,,,,,,,,,,,,,,,,,,,,,,,,,,,,,,,,,,,,,,,,,,,,,,,,,,,,,,,,,,,,,,,,,,,,,,,,,,,,,,,,,,,,,,,,,,,,,,,,,,,,,,,,,,,,,,,,,,,,,,,,,,,,,,,,,,,,,,,,,,
LAS,2023,1.0,LVA,78,97,12.0,7.0,0.0,0.0,1.0,0.0,0.0,0.0,0.0,0.0,0.0,0.0,0.0,0.0,0.0,0.0,0.0,0.0,0.0,0.0,0.0,0.0,0.0,0.0,0.0,0.0,0.0,0.0,0.0,,,,,,,,,,,,,,,,,,,,,,,,,,,,,,,,,,,,,,,,,,,,,,,,,,,,,,,,,,,,,,,,,,,,,,,,,,,,,,,,,,,,,,,,,,,,,,,,,,,,,,,,,,,,,,,,,,,,,,,,,,,,,,,,,,,,,,,,,,,
LAS,2023,0.0,MIN,70,73,20.0,7.0,0.0,0.0,0.0,0.0,0.0,0.0,0.0,0.0,0.0,0.0,0.0,0.0,0.0,0.0,0.0,0.0,0.0,0.0,0.0,0.0,0.0,0.0,0.0,0.0,0.0,0.0,0.0,,,,,,,,,,,,,,,,,,,,,,,,,,,,,,,,,,,,,,,,,,,,,,,,,,,,,,,,,,,,,,,,,,,,,,,,,,,,,,,,,,,,,,,,,,,,,,,,,,,,,,,,,,,,,,,,,,,,,,,,,,,,,,,,,,,,,,,,,,,
LAS,2023,0.0,DAL,84,98,22.0,7.0,0.0,0.0,0.0,0.0,0.0,0.0,0.0,0.0,0.0,0.0,0.0,0.0,0.0,0.0,0.0,0.0,0.0,0.0,0.0,0.0,0.0,0.0,0.0,0.0,0.0,0.0,0.0,,,,,,,,,,,,,,,,,,,,,,,,,,,,,,,,,,,,,,,,,,,,,,,,,,,,,,,,,,,,,,,,,,,,,,,,,,,,,,,,,,,,,,,,,,,,,,,,,,,,,,,,,,,,,,,,,,,,,,,,,,,,,,,,,,,,,,,,,,,
LAS,2023,1.0,IND,79,78,25.0,7.0,0.0,0.0,0.0,0.0,0.0,0.0,0.0,0.0,0.0,0.0,0.0,0.0,0.0,0.0,0.0,0.0,0.0,0.0,0.0,0.0,0.0,0.0,0.0,0.0,0.0,0.0,0.0,,,,,,,,,,,,,,,,,,,,,,,,,,,,,,,,,,,,,,,,,,,,,,,,,,,,,,,,,,,,,,,,,,,,,,,,,,,,,,,,,,,,,,,,,,,,,,,,,,,,,,,,,,,,,,,,,,,,,,,,,,,,,,,,,,,,,,,,,,,
LAS,2023,1.0,IND,81,68,27.0,7.0,0.0,0.0,0.0,0.0,0.0,0.0,0.0,0.0,0.0,0.0,0.0,0.0,0.0,0.0,0.0,0.0,0.0,0.0,0.0,0.0,0.0,0.0,0.0,0.0,0.0,0.0,0.0,,,,,,,,,,,,,,,,,,,,,,,,,,,,,,,,,,,,,,,,,,,,,,,,,,,,,,,,,,,,,,,,,,,,,,,,,,,,,,,,,,,,,,,,,,,,,,,,,,,,,,,,,,,,,,,,,,,,,,,,,,,,,,,,,,,,,,,,,,,
LAS,2023,1.0,NYL,79,87,30.0,7.0,0.0,0.0,0.0,0.0,0.0,0.0,0.0,0.0,0.0,0.0,0.0,0.0,0.0,0.0,0.0,0.0,0.0,0.0,0.0,0.0,0.0,0.0,0.0,0.0,0.0,0.0,0.0,,,,,,,,,,,,,,,,,,,,,,,,,,,,,,,,,,,,,,,,,,,,,,,,,,,,,,,,,,,,,,,,,,,,,,,,,,,,,,,,,,,,,,,,,,,,,,,,,,,,,,,,,,,,,,,,,,,,,,,,,,,,,,,,,,,,,,,,,,,
LAS,2023,1.0,NYL,69,76,1.0,8.0,0.0,0.0,0.0,0.0,0.0,0.0,0.0,0.0,0.0,0.0,0.0,0.0,0.0,0.0,0.0,0.0,0.0,0.0,0.0,0.0,0.0,0.0,0.0,0.0,0.0,0.0,0.0,,,,,,,,,,,,,,,,,,,,,,,,,,,,,,,,,,,,,,,,,,,,,,,,,,,,,,,,,,,,,,,,,,,,,,,,,,,,,,,,,,,,,,,,,,,,,,,,,,,,,,,,,,,,,,,,,,,,,,,,,,,,,,,,,,,,,,,,,,,
LAS,2023,0.0,WAS,77,79,4.0,8.0,0.0,0.0,0.0,0.0,0.0,0.0,0.0,0.0,0.0,0.0,0.0,0.0,0.0,0.0,0.0,0.0,0.0,0.0,0.0,0.0,0.0,0.0,0.0,0.0,0.0,0.0,0.0,,,,,,,,,,,,,,,,,,,,,,,,,,,,,,,,,,,,,,,,,,,,,,,,,,,,,,,,,,,,,,,,,,,,,,,,,,,,,,,,,,,,,,,,,,,,,,,,,,,,,,,,,,,,,,,,,,,,,,,,,,,,,,,,,,,,,,,,,,,
LAS,2023,0.0,WAS,91,83,6.0,8.0,0.0,0.0,0.0,0.0,0.0,0.0,0.0,0.0,0.0,0.0,0.0,0.0,0.0,0.0,0.0,0.0,0.0,0.0,0.0,0.0,0.0,0.0,0.0,0.0,0.0,0.0,0.0,,,,,,,,,,,,,,,,,,,,,,,,,,,,,,,,,,,,,,,,,,,,,,,,,,,,,,,,,,,,,,,,,,,,,,,,,,,,,,,,,,,,,,,,,,,,,,,,,,,,,,,,,,,,,,,,,,,,,,,,,,,,,,,,,,,,,,,,,,,
LAS,2023,0.0,IND,87,80,8.0,8.0,0.0,0.0,0.0,0.0,0.0,0.0,0.0,0.0,0.0,0.0,0.0,0.0,0.0,0.0,0.0,0.0,0.0,0.0,0.0,0.0,0.0,0.0,0.0,0.0,0.0,0.0,0.0,,,,,,,,,,,,,,,,,,,,,,,,,,,,,,,,,,,,,,,,,,,,,,,,,,,,,,,,,,,,,,,,,,,,,,,,,,,,,,,,,,,,,,,,,,,,,,,,,,,,,,,,,,,,,,,,,,,,,,,,,,,,,,,,,,,,,,,,,,,
LAS,2023,1.0,ATL,85,74,12.0,8.0,0.0,0.0,0.0,0.0,0.0,0.0,0.0,0.0,0.0,0.0,0.0,0.0,0.0,0.0,0.0,0.0,0.0,0.0,0.0,0.0,0.0,0.0,0.0,0.0,0.0,0.0,0.0,,,,,,,,,,,,,,,,,,,,,,,,,,,,,,,,,,,,,,,,,,,,,,,,,,,,,,,,,,,,,,,,,,,,,,,,,,,,,,,,,,,,,,,,,,,,,,,,,,,,,,,,,,,,,,,,,,,,,,,,,,,,,,,,,,,,,,,,,,,
LAS,2023,0.0,LVA,78,72,19.0,8.0,0.0,0.0,0.0,0.0,0.0,0.0,0.0,0.0,0.0,0.0,0.0,0.0,0.0,0.0,0.0,0.0,0.0,0.0,0.0,0.0,0.0,0.0,0.0,0.0,0.0,0.0,0.0,,,,,,,,,,,,,,,,,,,,,,,,,,,,,,,,,,,,,,,,,,,,,,,,,,,,,,,,,,,,,,,,,,,,,,,,,,,,,,,,,,,,,,,,,,,,,,,,,,,,,,,,,,,,,,,,,,,,,,,,,,,,,,,,,,,,,,,,,,,
LAS,2023,1.0,PHO,91,62,23.0,8.0,0.0,0.0,0.0,0.0,0.0,0.0,0.0,0.0,0.0,0.0,0.0,0.0,0.0,0.0,0.0,0.0,0.0,0.0,0.0,0.0,0.0,0.0,0.0,0.0,0.0,0.0,0.0,,,,,,,,,,,,,,,,,,,,,,,,,,,,,,,,,,,,,,,,,,,,,,,,,,,,,,,,,,,,,,,,,,,,,,,,,,,,,,,,,,,,,,,,,,,,,,,,,,,,,,,,,,,,,,,,,,,,,,,,,,,,,,,,,,,,,,,,,,,
LAS,2023,0.0,ATL,83,78,25.0,8.0,0.0,0.0,0.0,0.0,0.0,0.0,0.0,0.0,0.0,0.0,0.0,0.0,0.0,0.0,0.0,0.0,0.0,0.0,0.0,0.0,0.0,0.0,0.0,0.0,0.0,0.0,0.0,,,,,,,,,,,,,,,,,,,,,,,,,,,,,,,,,,,,,,,,,,,,,,,,,,,,,,,,,,,,,,,,,,,,,,,,,,,,,,,,,,,,,,,,,,,,,,,,,,,,,,,,,,,,,,,,,,,,,,,,,,,,,,,,,,,,,,,,,,,
LAS,2023,0.0,CON,68,83,27.0,8.0,0.0,0.0,0.0,0.0,0.0,0.0,0.0,0.0,0.0,0.0,0.0,0.0,0.0,0.0,0.0,0.0,0.0,0.0,0.0,0.0,0.0,0.0,0.0,0.0,0.0,0.0,0.0,,,,,,,,,,,,,,,,,,,,,,,,,,,,,,,,,,,,,,,,,,,,,,,,,,,,,,,,,,,,,,,,,,,,,,,,,,,,,,,,,,,,,,,,,,,,,,,,,,,,,,,,,,,,,,,,,,,,,,,,,,,,,,,,,,,,,,,,,,,
LAS,2023,1.0,CHI,75,76,29.0,8.0,0.0,0.0,0.0,0.0,0.0,0.0,0.0,0.0,0.0,0.0,0.0,0.0,0.0,0.0,0.0,0.0,0.0,0.0,0.0,0.0,0.0,0.0,0.0,0.0,0.0,0.0,0.0,,,,,,,,,,,,,,,,,,,,,,,,,,,,,,,,,,,,,,,,,,,,,,,,,,,,,,,,,,,,,,,,,,,,,,,,,,,,,,,,,,,,,,,,,,,,,,,,,,,,,,,,,,,,,,,,,,,,,,,,,,,,,,,,,,,,,,,,,,,
LAS,2023,1.0,SEA,61,72,31.0,8.0,0.0,0.0,0.0,0.0,0.0,0.0,0.0,0.0,0.0,0.0,0.0,0.0,0.0,0.0,0.0,0.0,0.0,0.0,0.0,0.0,0.0,0.0,0.0,0.0,0.0,0.0,0.0,,,,,,,,,,,,,,,,,,,,,,,,,,,,,,,,,,,,,,,,,,,,,,,,,,,,,,,,,,,,,,,,,,,,,,,,,,,,,,,,,,,,,,,,,,,,,,,,,,,,,,,,,,,,,,,,,,,,,,,,,,,,,,,,,,,,,,,,,,,
LAS,2023,1.0,WAS,72,64,3.0,9.0,0.0,0.0,0.0,0.0,0.0,0.0,0.0,0.0,0.0,0.0,0.0,0.0,0.0,0.0,0.0,0.0,0.0,0.0,0.0,0.0,0.0,0.0,0.0,0.0,0.0,0.0,0.0,,,,,,,,,,,,,,,,,,,,,,,,,,,,,,,,,,,,,,,,,,,,,,,,,,,,,,,,,,,,,,,,,,,,,,,,,,,,,,,,,,,,,,,,,,,,,,,,,,,,,,,,,,,,,,,,,,,,,,,,,,,,,,,,,,,,,,,,,,,
LAS,2023,0.0,CON,76,90,5.0,9.0,0.0,0.0,0.0,0.0,0.0,0.0,0.0,0.0,0.0,0.0,0.0,0.0,0.0,0.0,0.0,0.0,0.0,0.0,0.0,0.0,0.0,0.0,0.0,0.0,0.0,0.0,0.0,,,,,,,,,,,,,,,,,,,,,,,,,,,,,,,,,,,,,,,,,,,,,,,,,,,,,,,,,,,,,,,,,,,,,,,,,,,,,,,,,,,,,,,,,,,,,,,,,,,,,,,,,,,,,,,,,,,,,,,,,,,,,,,,,,,,,,,,,,,
LAS,2023,0.0,NYL,89,96,7.0,9.0,0.0,0.0,0.0,0.0,0.0,0.0,0.0,0.0,0.0,0.0,0.0,0.0,0.0,0.0,0.0,0.0,0.0,0.0,0.0,0.0,0.0,0.0,0.0,0.0,0.0,0.0,0.0,,,,,,,,,,,,,,,,,,,,,,,,,,,,,,,,,,,,,,,,,,,,,,,,,,,,,,,,,,,,,,,,,,,,,,,,,,,,,,,,,,,,,,,,,,,,,,,,,,,,,,,,,,,,,,,,,,,,,,,,,,,,,,,,,,,,,,,,,,,
LAS,2023,0.0,SEA,91,89,10.0,9.0,0.0,0.0,0.0,0.0,0.0,0.0,0.0,0.0,0.0,0.0,0.0,0.0,0.0,0.0,0.0,0.0,0.0,0.0,0.0,0.0,0.0,0.0,0.0,0.0,0.0,0.0,0.0,,,,,,,,,,,,,,,,,,,,,,,,,,,,,,,,,,,,,,,,,,,,,,,,,,,,,,,,,,,,,,,,,,,,,,,,,,,,,,,,,,,,,,,,,,,,,,,,,,,,,,,,,,,,,,,,,,,,,,,,,,,,,,,,,,,,,,,,,,,
MIN,2023,1.0,CHI,66,77,19.0,5.0,0.0,0.0,1.0,0.0,0.0,0.0,0.0,0.0,0.0,0.0,0.0,0.0,0.0,0.0,0.0,0.0,0.0,0.0,0.0,0.0,0.0,0.0,0.0,0.0,0.0,0.0,0.0,,,,,,,,,,,,,,,,,,,,,,,,,,,,,,,,,,,,,,,,,,,,,,,,,,,,,,,,,,,,,,,,,,,,,,,,,,,,,,,,,,,,,,,,,,,,,,,,,,,,,,,,,,,,,,,,,,,,,,,,,,,,,,,,,,,,,,,,,,,
MIN,2023,1.0,ATL,77,83,23.0,5.0,0.0,0.0,1.0,0.0,0.0,0.0,0.0,0.0,0.0,0.0,0.0,0.0,0.0,0.0,0.0,0.0,0.0,0.0,0.0,0.0,0.0,0.0,0.0,0.0,0.0,0.0,0.0,,,,,,,,,,,,,,,,,,,,,,,,,,,,,,,,,,,,,,,,,,,,,,,,,,,,,,,,,,,,,,,,,,,,,,,,,,,,,,,,,,,,,,,,,,,,,,,,,,,,,,,,,,,,,,,,,,,,,,,,,,,,,,,,,,,,,,,,,,,
MIN,2023,0.0,PHO,81,90,25.0,5.0,0.0,0.0,1.0,0.0,0.0,0.0,0.0,0.0,0.0,0.0,0.0,0.0,0.0,0.0,0.0,0.0,0.0,0.0,0.0,0.0,0.0,0.0,0.0,0.0,0.0,0.0,0.0,,,,,,,,,,,,,,,,,,,,,,,,,,,,,,,,,,,,,,,,,,,,,,,,,,,,,,,,,,,,,,,,,,,,,,,,,,,,,,,,,,,,,,,,,,,,,,,,,,,,,,,,,,,,,,,,,,,,,,,,,,,,,,,,,,,,,,,,,,,
MIN,2023,0.0,LVA,73,94,28.0,5.0,0.0,0.0,1.0,0.0,0.0,0.0,0.0,0.0,0.0,0.0,0.0,0.0,0.0,0.0,0.0,0.0,0.0,0.0,0.0,0.0,0.0,0.0,0.0,0.0,0.0,0.0,0.0,,,,,,,,,,,,,,,,,,,,,,,,,,,,,,,,,,,,,,,,,,,,,,,,,,,,,,,,,,,,,,,,,,,,,,,,,,,,,,,,,,,,,,,,,,,,,,,,,,,,,,,,,,,,,,,,,,,,,,,,,,,,,,,,,,,,,,,,,,,
MIN,2023,0.0,DAL,89,94,30.0,5.0,0.0,0.0,1.0,0.0,0.0,0.0,0.0,0.0,0.0,0.0,0.0,0.0,0.0,0.0,0.0,0.0,0.0,0.0,0.0,0.0,0.0,0.0,0.0,0.0,0.0,0.0,0.0,,,,,,,,,,,,,,,,,,,,,,,,,,,,,,,,,,,,,,,,,,,,,,,,,,,,,,,,,,,,,,,,,,,,,,,,,,,,,,,,,,,,,,,,,,,,,,,,,,,,,,,,,,,,,,,,,,,,,,,,,,,,,,,,,,,,,,,,,,,
MIN,2023,1.0,CON,84,89,1.0,6.0,0.0,0.0,1.0,0.0,0.0,0.0,0.0,0.0,0.0,0.0,0.0,0.0,0.0,0.0,0.0,0.0,0.0,0.0,0.0,0.0,0.0,0.0,0.0,0.0,0.0,0.0,0.0,,,,,,,,,,,,,,,,,,,,,,,,,,,,,,,,,,,,,,,,,,,,,,,,,,,,,,,,,,,,,,,,,,,,,,,,,,,,,,,,,,,,,,,,,,,,,,,,,,,,,,,,,,,,,,,,,,,,,,,,,,,,,,,,,,,,,,,,,,,
MIN,2023,0.0,WAS,80,78,3.0,6.0,0.0,0.0,1.0,0.0,0.0,0.0,0.0,0.0,0.0,0.0,0.0,0.0,0.0,0.0,0.0,0.0,0.0,0.0,0.0,0.0,0.0,0.0,0.0,0.0,0.0,0.0,0.0,,,,,,,,,,,,,,,,,,,,,,,,,,,,,,,,,,,,,,,,,,,,,,,,,,,,,,,,,,,,,,,,,,,,,,,,,,,,,,,,,,,,,,,,,,,,,,,,,,,,,,,,,,,,,,,,,,,,,,,,,,,,,,,,,,,,,,,,,,,
MIN,2023,1.0,IND,69,71,9.0,6.0,0.0,0.0,1.0,0.0,0.0,0.0,0.0,0.0,0.0,0.0,0.0,0.0,0.0,0.0,0.0,0.0,0.0,0.0,0.0,0.0,0.0,0.0,0.0,0.0,0.0,0.0,0.0,,,,,,,,,,,,,,,,,,,,,,,,,,,,,,,,,,,,,,,,,,,,,,,,,,,,,,,,,,,,,,,,,,,,,,,,,,,,,,,,,,,,,,,,,,,,,,,,,,,,,,,,,,,,,,,,,,,,,,,,,,,,,,,,,,,,,,,,,,,
MIN,2023,1.0,LAS,91,86,11.0,6.0,0.0,0.0,1.0,0.0,0.0,0.0,0.0,0.0,0.0,0.0,0.0,0.0,0.0,0.0,0.0,0.0,0.0,0.0,0.0,0.0,0.0,0.0,0.0,0.0,0.0,0.0,0.0,,,,,,,,,,,,,,,,,,,,,,,,,,,,,,,,,,,,,,,,,,,,,,,,,,,,,,,,,,,,,,,,,,,,,,,,,,,,,,,,,,,,,,,,,,,,,,,,,,,,,,,,,,,,,,,,,,,,,,,,,,,,,,,,,,,,,,,,,,,
MIN,2023,0.0,LAS,77,72,16.0,6.0,0.0,0.0,1.0,0.0,0.0,0.0,0.0,0.0,0.0,0.0,0.0,0.0,0.0,0.0,0.0,0.0,0.0,0.0,0.0,0.0,0.0,0.0,0.0,0.0,0.0,0.0,0.0,,,,,,,,,,,,,,,,,,,,,,,,,,,,,,,,,,,,,,,,,,,,,,,,,,,,,,,,,,,,,,,,,,,,,,,,,,,,,,,,,,,,,,,,,,,,,,,,,,,,,,,,,,,,,,,,,,,,,,,,,,,,,,,,,,,,,,,,,,,
MIN,2023,0.0,LVA,62,93,18.0,6.0,0.0,0.0,1.0,0.0,0.0,0.0,0.0,0.0,0.0,0.0,0.0,0.0,0.0,0.0,0.0,0.0,1.0,0.0,0.0,0.0,0.0,0.0,0.0,0.0,0.0,0.0,0.0,,,,,,,,,,,,,,,,,,,,,,,,,,,,,,,,,,,,,,,,,,,,,,,,,,,,,,,,,,,,,,,,,,,,,,,,,,,,,,,,,,,,,,,,,,,,,,,,,,,,,,,,,,,,,,,,,,,,,,,,,,,,,,,,,,,,,,,,,,,
MIN,2023,0.0,LAS,67,61,20.0,6.0,0.0,0.0,1.0,0.0,0.0,0.0,0.0,0.0,0.0,0.0,0.0,0.0,0.0,0.0,0.0,0.0,0.0,0.0,0.0,0.0,0.0,0.0,0.0,0.0,0.0,0.0,0.0,,,,,,,,,,,,,,,,,,,,,,,,,,,,,,,,,,,,,,,,,,,,,,,,,,,,,,,,,,,,,,,,,,,,,,,,,,,,,,,,,,,,,,,,,,,,,,,,,,,,,,,,,,,,,,,,,,,,,,,,,,,,,,,,,,,,,,,,,,,
MIN,2023,1.0,CON,68,89,22.0,6.0,0.0,0.0,1.0,0.0,0.0,0.0,0.0,0.0,0.0,0.0,0.0,0.0,0.0,0.0,0.0,0.0,1.0,0.0,0.0,0.0,0.0,0.0,0.0,0.0,0.0,0.0,0.0,,,,,,,,,,,,,,,,,,,,,,,,,,,,,,,,,,,,,,,,,,,,,,,,,,,,,,,,,,,,,,,,,,,,,,,,,,,,,,,,,,,,,,,,,,,,,,,,,,,,,,,,,,,,,,,,,,,,,,,,,,,,,,,,,,,,,,,,,,,
MIN,2023,1.0,SEA,104,93,27.0,6.0,0.0,0.0,1.0,0.0,0.0,0.0,0.0,0.0,0.0,0.0,0.0,0.0,0.0,0.0,0.0,0.0,1.0,0.0,0.0,0.0,0.0,0.0,0.0,0.0,0.0,0.0,0.0,,,,,,,,,,,,,,,,,,,,,,,,,,,,,,,,,,,,,,,,,,,,,,,,,,,,,,,,,,,,,,,,,,,,,,,,,,,,,,,,,,,,,,,,,,,,,,,,,,,,,,,,,,,,,,,,,,,,,,,,,,,,,,,,,,,,,,,,,,,
MIN,2023,0.0,SEA,99,97,29.0,6.0,0.0,0.0,1.0,0.0,0.0,0.0,0.0,0.0,0.0,0.0,0.0,0.0,0.0,0.0,0.0,0.0,1.0,0.0,0.0,0.0,0.0,0.0,0.0,0.0,0.0,0.0,0.0,,,,,,,,,,,,,,,,,,,,,,,,,,,,,,,,,,,,,,,,,,,,,,,,,,,,,,,,,,,,,,,,,,,,,,,,,,,,,,,,,,,,,,,,,,,,,,,,,,,,,,,,,,,,,,,,,,,,,,,,,,,,,,,,,,,,,,,,,,,
MIN,2023,0.0,PHO,86,76,1.0,7.0,0.0,0.0,1.0,0.0,0.0,0.0,0.0,0.0,0.0,0.0,0.0,0.0,0.0,0.0,0.0,0.0,1.0,0.0,0.0,0.0,0.0,0.0,0.0,0.0,0.0,0.0,0.0,,,,,,,,,,,,,,,,,,,,,,,,,,,,,,,,,,,,,,,,,,,,,,,,,,,,,,,,,,,,,,,,,,,,,,,,,,,,,,,,,,,,,,,,,,,,,,,,,,,,,,,,,,,,,,,,,,,,,,,,,,,,,,,,,,,,,,,,,,,
MIN,2023,1.0,IND,90,83,5.0,7.0,0.0,0.0,1.0,0.0,0.0,0.0,0.0,0.0,0.0,0.0,0.0,0.0,0.0,0.0,0.0,0.0,1.0,0.0,0.0,0.0,0.0,0.0,0.0,0.0,0.0,0.0,0.0,,,,,,,,,,,,,,,,,,,,,,,,,,,,,,,,,,,,,,,,,,,,,,,,,,,,,,,,,,,,,,,,,,,,,,,,,,,,,,,,,,,,,,,,,,,,,,,,,,,,,,,,,,,,,,,,,,,,,,,,,,,,,,,,,,,,,,,,,,,
MIN,2023,1.0,PHO,75,64,7.0,7.0,0.0,0.0,1.0,0.0,0.0,0.0,0.0,0.0,0.0,0.0,0.0,0.0,0.0,0.0,0.0,0.0,1.0,0.0,0.0,0.0,0.0,0.0,0.0,0.0,0.0,0.0,0.0,,,,,,,,,,,,,,,,,,,,,,,,,,,,,,,,,,,,,,,,,,,,,,,,,,,,,,,,,,,,,,,,,,,,,,,,,,,,,,,,,,,,,,,,,,,,,,,,,,,,,,,,,,,,,,,,,,,,,,,,,,,,,,,,,,,,,,,,,,,
MIN,2023,1.0,LVA,89,113,9.0,7.0,0.0,0.0,1.0,0.0,0.0,0.0,0.0,0.0,0.0,0.0,0.0,0.0,0.0,0.0,0.0,0.0,1.0,0.0,0.0,0.0,0.0,0.0,0.0,0.0,0.0,0.0,0.0,,,,,,,,,,,,,,,,,,,,,,,,,,,,,,,,,,,,,,,,,,,,,,,,,,,,,,,,,,,,,,,,,,,,,,,,,,,,,,,,,,,,,,,,,,,,,,,,,,,,,,,,,,,,,,,,,,,,,,,,,,,,,,,,,,,,,,,,,,,
MIN,2023,1.0,DAL,67,107,12.0,7.0,0.0,0.0,1.0,0.0,0.0,0.0,0.0,0.0,0.0,0.0,0.0,0.0,0.0,0.0,0.0,0.0,1.0,0.0,0.0,0.0,0.0,0.0,0.0,0.0,0.0,0.0,0.0,,,,,,,,,,,,,,,,,,,,,,,,,,,,,,,,,,,,,,,,,,,,,,,,,,,,,,,,,,,,,,,,,,,,,,,,,,,,,,,,,,,,,,,,,,,,,,,,,,,,,,,,,,,,,,,,,,,,,,,,,,,,,,,,,,,,,,,,,,,
MIN,2023,0.0,ATL,73,82,18.0,7.0,0.0,0.0,1.0,0.0,0.0,0.0,0.0,0.0,0.0,0.0,0.0,0.0,0.0,0.0,0.0,0.0,1.0,0.0,0.0,0.0,0.0,0.0,0.0,0.0,0.0,0.0,0.0,,,,,,,,,,,,,,,,,,,,,,,,,,,,,,,,,,,,,,,,,,,,,,,,,,,,,,,,,,,,,,,,,,,,,,,,,,,,,,,,,,,,,,,,,,,,,,,,,,,,,,,,,,,,,,,,,,,,,,,,,,,,,,,,,,,,,,,,,,,
MIN,2023,1.0,LAS,73,70,20.0,7.0,0.0,0.0,1.0,0.0,0.0,0.0,0.0,0.0,0.0,0.0,0.0,0.0,0.0,0.0,0.0,0.0,0.0,0.0,0.0,0.0,0.0,0.0,0.0,0.0,0.0,0.0,0.0,,,,,,,,,,,,,,,,,,,,,,,,,,,,,,,,,,,,,,,,,,,,,,,,,,,,,,,,,,,,,,,,,,,,,,,,,,,,,,,,,,,,,,,,,,,,,,,,,,,,,,,,,,,,,,,,,,,,,,,,,,,,,,,,,,,,,,,,,,,
MIN,2023,1.0,LVA,81,98,22.0,7.0,0.0,0.0,1.0,0.0,0.0,0.0,0.0,0.0,0.0,0.0,0.0,0.0,0.0,0.0,0.0,0.0,0.0,0.0,0.0,0.0,0.0,0.0,0.0,0.0,0.0,0.0,0.0,,,,,,,,,,,,,,,,,,,,,,,,,,,,,,,,,,,,,,,,,,,,,,,,,,,,,,,,,,,,,,,,,,,,,,,,,,,,,,,,,,,,,,,,,,,,,,,,,,,,,,,,,,,,,,,,,,,,,,,,,,,,,,,,,,,,,,,,,,,
MIN,2023,1.0,WAS,97,92,26.0,7.0,0.0,0.0,1.0,0.0,0.0,0.0,0.0,0.0,0.0,0.0,0.0,0.0,0.0,0.0,0.0,0.0,0.0,0.0,0.0,0.0,0.0,0.0,0.0,0.0,0.0,0.0,0.0,,,,,,,,,,,,,,,,,,,,,,,,,,,,,,,,,,,,,,,,,,,,,,,,,,,,,,,,,,,,,,,,,,,,,,,,,,,,,,,,,,,,,,,,,,,,,,,,,,,,,,,,,,,,,,,,,,,,,,,,,,,,,,,,,,,,,,,,,,,
MIN,2023,0.0,NYL,88,83,28.0,7.0,0.0,0.0,1.0,0.0,0.0,0.0,0.0,0.0,0.0,0.0,0.0,0.0,0.0,0.0,0.0,0.0,1.0,0.0,0.0,0.0,0.0,0.0,0.0,0.0,0.0,0.0,0.0,,,,,,,,,,,,,,,,,,,,,,,,,,,,,,,,,,,,,,,,,,,,,,,,,,,,,,,,,,,,,,,,,,,,,,,,,,,,,,,,,,,,,,,,,,,,,,,,,,,,,,,,,,,,,,,,,,,,,,,,,,,,,,,,,,,,,,,,,,,
MIN,2023,0.0,CON,87,83,30.0,7.0,0.0,0.0,1.0,0.0,0.0,0.0,0.0,0.0,0.0,0.0,0.0,0.0,0.0,0.0,0.0,0.0,0.0,0.0,0.0,0.0,0.0,0.0,0.0,0.0,0.0,0.0,0.0,,,,,,,,,,,,,,,,,,,,,,,,,,,,,,,,,,,,,,,,,,,,,,,,,,,,,,,,,,,,,,,,,,,,,,,,,,,,,,,,,,,,,,,,,,,,,,,,,,,,,,,,,,,,,,,,,,,,,,,,,,,,,,,,,,,,,,,,,,,
MIN,2023,0.0,CON,69,79,1.0,8.0,0.0,0.0,1.0,0.0,0.0,0.0,0.0,0.0,0.0,0.0,0.0,0.0,0.0,0.0,0.0,0.0,1.0,0.0,0.0,0.0,0.0,0.0,0.0,0.0,0.0,0.0,0.0,,,,,,,,,,,,,,,,,,,,,,,,,,,,,,,,,,,,,,,,,,,,,,,,,,,,,,,,,,,,,,,,,,,,,,,,,,,,,,,,,,,,,,,,,,,,,,,,,,,,,,,,,,,,,,,,,,,,,,,,,,,,,,,,,,,,,,,,,,,
MIN,2023,1.0,NYL,66,76,4.0,8.0,0.0,0.0,0.0,0.0,0.0,0.0,0.0,0.0,0.0,0.0,0.0,0.0,0.0,0.0,0.0,0.0,0.0,0.0,0.0,0.0,0.0,0.0,0.0,0.0,0.0,0.0,0.0,,,,,,,,,,,,,,,,,,,,,,,,,,,,,,,,,,,,,,,,,,,,,,,,,,,,,,,,,,,,,,,,,,,,,,,,,,,,,,,,,,,,,,,,,,,,,,,,,,,,,,,,,,,,,,,,,,,,,,,,,,,,,,,,,,,,,,,,,,,
MIN,2023,0.0,CHI,88,79,8.0,8.0,0.0,0.0,0.0,0.0,0.0,0.0,0.0,0.0,0.0,0.0,0.0,0.0,0.0,0.0,0.0,0.0,0.0,0.0,0.0,0.0,0.0,0.0,0.0,0.0,0.0,0.0,0.0,,,,,,,,,,,,,,,,,,,,,,,,,,,,,,,,,,,,,,,,,,,,,,,,,,,,,,,,,,,,,,,,,,,,,,,,,,,,,,,,,,,,,,,,,,,,,,,,,,,,,,,,,,,,,,,,,,,,,,,,,,,,,,,,,,,,,,,,,,,
MIN,2023,0.0,IND,73,91,10.0,8.0,0.0,0.0,1.0,0.0,0.0,0.0,0.0,0.0,0.0,0.0,0.0,0.0,0.0,0.0,0.0,0.0,0.0,0.0,0.0,0.0,0.0,0.0,0.0,0.0,0.0,0.0,0.0,,,,,,,,,,,,,,,,,,,,,,,,,,,,,,,,,,,,,,,,,,,,,,,,,,,,,,,,,,,,,,,,,,,,,,,,,,,,,,,,,,,,,,,,,,,,,,,,,,,,,,,,,,,,,,,,,,,,,,,,,,,,,,,,,,,,,,,,,,,
MIN,2023,0.0,SEA,78,70,18.0,8.0,0.0,0.0,1.0,0.0,0.0,0.0,0.0,0.0,0.0,0.0,0.0,0.0,0.0,0.0,0.0,0.0,0.0,0.0,0.0,0.0,0.0,0.0,0.0,0.0,0.0,0.0,0.0,,,,,,,,,,,,,,,,,,,,,,,,,,,,,,,,,,,,,,,,,,,,,,,,,,,,,,,,,,,,,,,,,,,,,,,,,,,,,,,,,,,,,,,,,,,,,,,,,,,,,,,,,,,,,,,,,,,,,,,,,,,,,,,,,,,,,,,,,,,
MIN,2023,1.0,SEA,74,88,20.0,8.0,0.0,0.0,1.0,0.0,0.0,0.0,0.0,0.0,0.0,0.0,0.0,0.0,0.0,0.0,0.0,0.0,0.0,0.0,0.0,0.0,0.0,0.0,0.0,0.0,0.0,0.0,0.0,,,,,,,,,,,,,,,,,,,,,,,,,,,,,,,,,,,,,,,,,,,,,,,,,,,,,,,,,,,,,,,,,,,,,,,,,,,,,,,,,,,,,,,,,,,,,,,,,,,,,,,,,,,,,,,,,,,,,,,,,,,,,,,,,,,,,,,,,,,
MIN,2023,1.0,DAL,91,86,22.0,8.0,0.0,0.0,1.0,0.0,0.0,0.0,0.0,0.0,0.0,0.0,0.0,0.0,0.0,0.0,0.0,0.0,0.0,0.0,0.0,0.0,0.0,0.0,0.0,0.0,0.0,0.0,0.0,,,,,,,,,,,,,,,,,,,,,,,,,,,,,,,,,,,,,,,,,,,,,,,,,,,,,,,,,,,,,,,,,,,,,,,,,,,,,,,,,,,,,,,,,,,,,,,,,,,,,,,,,,,,,,,,,,,,,,,,,,,,,,,,,,,,,,,,,,,
MIN,2023,0.0,DAL,90,81,24.0,8.0,0.0,0.0,1.0,0.0,0.0,0.0,0.0,0.0,0.0,0.0,0.0,0.0,0.0,0.0,0.0,0.0,0.0,0.0,0.0,0.0,0.0,0.0,0.0,0.0,0.0,0.0,0.0,,,,,,,,,,,,,,,,,,,,,,,,,,,,,,,,,,,,,,,,,,,,,,,,,,,,,,,,,,,,,,,,,,,,,,,,,,,,,,,,,,,,,,,,,,,,,,,,,,,,,,,,,,,,,,,,,,,,,,,,,,,,,,,,,,,,,,,,,,,
MIN,2023,1.0,NYL,76,111,26.0,8.0,0.0,0.0,1.0,0.0,0.0,0.0,0.0,0.0,0.0,0.0,0.0,0.0,0.0,0.0,0.0,0.0,0.0,0.0,0.0,0.0,0.0,0.0,0.0,0.0,0.0,0.0,0.0,,,,,,,,,,,,,,,,,,,,,,,,,,,,,,,,,,,,,,,,,,,,,,,,,,,,,,,,,,,,,,,,,,,,,,,,,,,,,,,,,,,,,,,,,,,,,,,,,,,,,,,,,,,,,,,,,,,,,,,,,,,,,,,,,,,,,,,,,,,
MIN,2023,0.0,WAS,72,83,29.0,8.0,0.0,0.0,1.0,0.0,0.0,0.0,0.0,0.0,0.0,0.0,0.0,0.0,0.0,0.0,0.0,0.0,0.0,0.0,0.0,0.0,0.0,0.0,0.0,0.0,0.0,0.0,0.0,,,,,,,,,,,,,,,,,,,,,,,,,,,,,,,,,,,,,,,,,,,,,,,,,,,,,,,,,,,,,,,,,,,,,,,,,,,,,,,,,,,,,,,,,,,,,,,,,,,,,,,,,,,,,,,,,,,,,,,,,,,,,,,,,,,,,,,,,,,
MIN,2023,1.0,ATL,91,85,1.0,9.0,0.0,0.0,1.0,0.0,0.0,0.0,0.0,0.0,0.0,0.0,0.0,0.0,0.0,0.0,0.0,0.0,0.0,0.0,0.0,0.0,0.0,0.0,0.0,0.0,0.0,0.0,0.0,,,,,,,,,,,,,,,,,,,,,,,,,,,,,,,,,,,,,,,,,,,,,,,,,,,,,,,,,,,,,,,,,,,,,,,,,,,,,,,,,,,,,,,,,,,,,,,,,,,,,,,,,,,,,,,,,,,,,,,,,,,,,,,,,,,,,,,,,,,
MIN,2023,1.0,PHO,86,73,3.0,9.0,0.0,0.0,1.0,0.0,0.0,0.0,0.0,0.0,0.0,0.0,0.0,0.0,0.0,0.0,0.0,0.0,0.0,0.0,0.0,0.0,0.0,0.0,0.0,0.0,0.0,0.0,0.0,,,,,,,,,,,,,,,,,,,,,,,,,,,,,,,,,,,,,,,,,,,,,,,,,,,,,,,,,,,,,,,,,,,,,,,,,,,,,,,,,,,,,,,,,,,,,,,,,,,,,,,,,,,,,,,,,,,,,,,,,,,,,,,,,,,,,,,,,,,
MIN,2023,0.0,CHI,87,92,8.0,9.0,0.0,0.0,1.0,0.0,0.0,0.0,0.0,0.0,0.0,0.0,0.0,0.0,0.0,0.0,0.0,0.0,0.0,0.0,0.0,0.0,0.0,0.0,0.0,0.0,0.0,0.0,0.0,,,,,,,,,,,,,,,,,,,,,,,,,,,,,,,,,,,,,,,,,,,,,,,,,,,,,,,,,,,,,,,,,,,,,,,,,,,,,,,,,,,,,,,,,,,,,,,,,,,,,,,,,,,,,,,,,,,,,,,,,,,,,,,,,,,,,,,,,,,
MIN,2023,0.0,IND,72,87,10.0,9.0,0.0,0.0,1.0,0.0,0.0,0.0,0.0,0.0,0.0,0.0,0.0,0.0,0.0,0.0,0.0,0.0,0.0,0.0,0.0,0.0,0.0,0.0,0.0,0.0,0.0,0.0,0.0,,,,,,,,,,,,,,,,,,,,,,,,,,,,,,,,,,,,,,,,,,,,,,,,,,,,,,,,,,,,,,,,,,,,,,,,,,,,,,,,,,,,,,,,,,,,,,,,,,,,,,,,,,,,,,,,,,,,,,,,,,,,,,,,,,,,,,,,,,,
NYL,2023,0.0,WAS,64,80,19.0,5.0,1.0,0.0,0.0,0.0,0.0,0.0,0.0,0.0,1.0,0.0,0.0,0.0,0.0,0.0,0.0,0.0,0.0,1.0,0.0,0.0,0.0,0.0,0.0,1.0,1.0,0.0,0.0,,,,,,,,,,,,,,,,,,,,,,,,,,,,,,,,,,,,,,,,,,,,,,,,,,,,,,,,,,,,,,,,,,,,,,,,,,,,,,,,,,,,,,,,,,,,,,,,,,,,,,,,,,,,,,,,,,,,,,,,,,,,,,,,,,,,,,,,,,,
NYL,2023,1.0,IND,90,73,21.0,5.0,1.0,0.0,0.0,0.0,0.0,0.0,0.0,0.0,1.0,0.0,0.0,0.0,0.0,0.0,0.0,0.0,0.0,1.0,0.0,0.0,0.0,0.0,0.0,1.0,1.0,0.0,0.0,,,,,,,,,,,,,,,,,,,,,,,,,,,,,,,,,,,,,,,,,,,,,,,,,,,,,,,,,,,,,,,,,,,,,,,,,,,,,,,,,,,,,,,,,,,,,,,,,,,,,,,,,,,,,,,,,,,,,,,,,,,,,,,,,,,,,,,,,,,
NYL,2023,1.0,CON,81,65,27.0,5.0,1.0,0.0,0.0,0.0,0.0,0.0,0.0,0.0,1.0,0.0,0.0,0.0,0.0,0.0,0.0,0.0,0.0,1.0,0.0,0.0,0.0,0.0,0.0,1.0,1.0,0.0,0.0,,,,,,,,,,,,,,,,,,,,,,,,,,,,,,,,,,,,,,,,,,,,,,,,,,,,,,,,,,,,,,,,,,,,,,,,,,,,,,,,,,,,,,,,,,,,,,,,,,,,,,,,,,,,,,,,,,,,,,,,,,,,,,,,,,,,,,,,,,,
NYL,2023,0.0,SEA,86,78,30.0,5.0,1.0,0.0,0.0,0.0,0.0,0.0,0.0,0.0,1.0,0.0,0.0,0.0,0.0,0.0,0.0,0.0,0.0,1.0,0.0,0.0,0.0,0.0,0.0,1.0,1.0,0.0,0.0,,,,,,,,,,,,,,,,,,,,,,,,,,,,,,,,,,,,,,,,,,,,,,,,,,,,,,,,,,,,,,,,,,,,,,,,,,,,,,,,,,,,,,,,,,,,,,,,,,,,,,,,,,,,,,,,,,,,,,,,,,,,,,,,,,,,,,,,,,,
NYL,2023,0.0,CHI,77,76,2.0,6.0,1.0,0.0,0.0,0.0,0.0,0.0,0.0,0.0,1.0,0.0,0.0,0.0,0.0,0.0,0.0,0.0,0.0,1.0,0.0,0.0,0.0,0.0,0.0,1.0,1.0,0.0,0.0,,,,,,,,,,,,,,,,,,,,,,,,,,,,,,,,,,,,,,,,,,,,,,,,,,,,,,,,,,,,,,,,,,,,,,,,,,,,,,,,,,,,,,,,,,,,,,,,,,,,,,,,,,,,,,,,,,,,,,,,,,,,,,,,,,,,,,,,,,,
NYL,2023,1.0,CHI,82,86,4.0,6.0,1.0,0.0,0.0,0.0,0.0,0.0,0.0,0.0,1.0,0.0,0.0,0.0,0.0,0.0,0.0,0.0,0.0,1.0,0.0,0.0,0.0,0.0,0.0,1.0,1.0,0.0,0.0,,,,,,,,,,,,,,,,,,,,,,,,,,,,,,,,,,,,,,,,,,,,,,,,,,,,,,,,,,,,,,,,,,,,,,,,,,,,,,,,,,,,,,,,,,,,,,,,,,,,,,,,,,,,,,,,,,,,,,,,,,,,,,,,,,,,,,,,,,,
NYL,2023,0.0,ATL,106,83,9.0,6.0,1.0,0.0,0.0,0.0,0.0,0.0,0.0,0.0,1.0,0.0,0.0,0.0,0.0,0.0,0.0,0.0,0.0,1.0,0.0,0.0,0.0,0.0,0.0,1.0,1.0,0.0,0.0,,,,,,,,,,,,,,,,,,,,,,,,,,,,,,,,,,,,,,,,,,,,,,,,,,,,,,,,,,,,,,,,,,,,,,,,,,,,,,,,,,,,,,,,,,,,,,,,,,,,,,,,,,,,,,,,,,,,,,,,,,,,,,,,,,,,,,,,,,,
NYL,2023,1.0,DAL,102,93,11.0,6.0,1.0,0.0,0.0,0.0,0.0,0.0,0.0,0.0,1.0,0.0,0.0,0.0,0.0,0.0,0.0,0.0,0.0,1.0,0.0,0.0,0.0,0.0,0.0,1.0,1.0,0.0,0.0,,,,,,,,,,,,,,,,,,,,,,,,,,,,,,,,,,,,,,,,,,,,,,,,,,,,,,,,,,,,,,,,,,,,,,,,,,,,,,,,,,,,,,,,,,,,,,,,,,,,,,,,,,,,,,,,,,,,,,,,,,,,,,,,,,,,,,,,,,,
NYL,2023,1.0,ATL,79,86,13.0,6.0,0.0,0.0,0.0,0.0,0.0,0.0,0.0,0.0,0.0,0.0,0.0,0.0,0.0,0.0,0.0,0.0,0.0,0.0,0.0,0.0,0.0,0.0,0.0,0.0,0.0,0.0,0.0,,,,,,,,,,,,,,,,,,,,,,,,,,,,,,,,,,,,,,,,,,,,,,,,,,,,,,,,,,,,,,,,,,,,,,,,,,,,,,,,,,,,,,,,,,,,,,,,,,,,,,,,,,,,,,,,,,,,,,,,,,,,,,,,,,,,,,,,,,,
NYL,2023,1.0,PHO,89,71,18.0,6.0,0.0,0.0,0.0,0.0,0.0,0.0,0.0,0.0,0.0,0.0,0.0,0.0,0.0,0.0,0.0,0.0,0.0,0.0,0.0,0.0,0.0,0.0,0.0,0.0,0.0,0.0,0.0,,,,,,,,,,,,,,,,,,,,,,,,,,,,,,,,,,,,,,,,,,,,,,,,,,,,,,,,,,,,,,,,,,,,,,,,,,,,,,,,,,,,,,,,,,,,,,,,,,,,,,,,,,,,,,,,,,,,,,,,,,,,,,,,,,,,,,,,,,,
NYL,2023,0.0,ATL,110,80,23.0,6.0,1.0,0.0,0.0,0.0,0.0,0.0,0.0,0.0,1.0,0.0,0.0,0.0,0.0,0.0,0.0,0.0,0.0,1.0,0.0,0.0,0.0,0.0,0.0,1.0,1.0,0.0,0.0,,,,,,,,,,,,,,,,,,,,,,,,,,,,,,,,,,,,,,,,,,,,,,,,,,,,,,,,,,,,,,,,,,,,,,,,,,,,,,,,,,,,,,,,,,,,,,,,,,,,,,,,,,,,,,,,,,,,,,,,,,,,,,,,,,,,,,,,,,,
NYL,2023,1.0,WAS,89,88,25.0,6.0,1.0,0.0,0.0,0.0,0.0,0.0,0.0,0.0,1.0,0.0,0.0,0.0,0.0,0.0,0.0,0.0,0.0,1.0,0.0,0.0,0.0,0.0,0.0,1.0,1.0,0.0,0.0,,,,,,,,,,,,,,,,,,,,,,,,,,,,,,,,,,,,,,,,,,,,,,,,,,,,,,,,,,,,,,,,,,,,,,,,,,,,,,,,,,,,,,,,,,,,,,,,,,,,,,,,,,,,,,,,,,,,,,,,,,,,,,,,,,,,,,,,,,,
NYL,2023,0.0,CON,89,81,27.0,6.0,1.0,0.0,0.0,0.0,0.0,0.0,0.0,0.0,1.0,0.0,0.0,0.0,0.0,0.0,0.0,0.0,0.0,1.0,0.0,0.0,0.0,0.0,0.0,1.0,1.0,0.0,0.0,,,,,,,,,,,,,,,,,,,,,,,,,,,,,,,,,,,,,,,,,,,,,,,,,,,,,,,,,,,,,,,,,,,,,,,,,,,,,,,,,,,,,,,,,,,,,,,,,,,,,,,,,,,,,,,,,,,,,,,,,,,,,,,,,,,,,,,,,,,
NYL,2023,0.0,LVA,81,98,29.0,6.0,1.0,0.0,0.0,0.0,0.0,0.0,0.0,0.0,1.0,0.0,0.0,0.0,0.0,0.0,0.0,0.0,0.0,1.0,0.0,0.0,0.0,0.0,0.0,1.0,1.0,0.0,0.0,,,,,,,,,,,,,,,,,,,,,,,,,,,,,,,,,,,,,,,,,,,,,,,,,,,,,,,,,,,,,,,,,,,,,,,,,,,,,,,,,,,,,,,,,,,,,,,,,,,,,,,,,,,,,,,,,,,,,,,,,,,,,,,,,,,,,,,,,,,
NYL,2023,0.0,SEA,81,66,2.0,7.0,1.0,0.0,0.0,0.0,0.0,0.0,0.0,0.0,1.0,0.0,0.0,0.0,0.0,0.0,0.0,0.0,0.0,1.0,0.0,0.0,0.0,0.0,0.0,1.0,1.0,0.0,0.0,,,,,,,,,,,,,,,,,,,,,,,,,,,,,,,,,,,,,,,,,,,,,,,,,,,,,,,,,,,,,,,,,,,,,,,,,,,,,,,,,,,,,,,,,,,,,,,,,,,,,,,,,,,,,,,,,,,,,,,,,,,,,,,,,,,,,,,,,,,
NYL,2023,1.0,PHO,99,95,5.0,7.0,1.0,0.0,0.0,0.0,0.0,0.0,0.0,0.0,1.0,0.0,0.0,0.0,0.0,0.0,0.0,0.0,0.0,1.0,0.0,0.0,0.0,0.0,0.0,1.0,1.0,0.0,0.0,,,,,,,,,,,,,,,,,,,,,,,,,,,,,,,,,,,,,,,,,,,,,,,,,,,,,,,,,,,,,,,,,,,,,,,,,,,,,,,,,,,,,,,,,,,,,,,,,,,,,,,,,,,,,,,,,,,,,,,,,,,,,,,,,,,,,,,,,,,
NYL,2023,1.0,SEA,80,76,8.0,7.0,1.0,0.0,0.0,0.0,0.0,0.0,0.0,0.0,1.0,0.0,0.0,0.0,0.0,0.0,0.0,0.0,0.0,1.0,0.0,0.0,0.0,0.0,0.0,1.0,1.0,0.0,0.0,,,,,,,,,,,,,,,,,,,,,,,,,,,,,,,,,,,,,,,,,,,,,,,,,,,,,,,,,,,,,,,,,,,,,,,,,,,,,,,,,,,,,,,,,,,,,,,,,,,,,,,,,,,,,,,,,,,,,,,,,,,,,,,,,,,,,,,,,,,
NYL,2023,0.0,IND,95,87,12.0,7.0,1.0,0.0,0.0,0.0,0.0,0.0,0.0,0.0,1.0,0.0,0.0,0.0,0.0,0.0,0.0,0.0,0.0,1.0,0.0,0.0,0.0,0.0,0.0,1.0,1.0,0.0,0.0,,,,,,,,,,,,,,,,,,,,,,,,,,,,,,,,,,,,,,,,,,,,,,,,,,,,,,,,,,,,,,,,,,,,,,,,,,,,,,,,,,,,,,,,,,,,,,,,,,,,,,,,,,,,,,,,,,,,,,,,,,,,,,,,,,,,,,,,,,,
NYL,2023,1.0,DAL,88,98,19.0,7.0,1.0,0.0,0.0,0.0,0.0,0.0,0.0,0.0,1.0,0.0,0.0,0.0,0.0,0.0,0.0,0.0,0.0,1.0,0.0,0.0,0.0,0.0,0.0,1.0,1.0,0.0,0.0,,,,,,,,,,,,,,,,,,,,,,,,,,,,,,,,,,,,,,,,,,,,,,,,,,,,,,,,,,,,,,,,,,,,,,,,,,,,,,,,,,,,,,,,,,,,,,,,,,,,,,,,,,,,,,,,,,,,,,,,,,,,,,,,,,,,,,,,,,,
NYL,2023,0.0,WAS,96,87,21.0,7.0,1.0,0.0,0.0,0.0,0.0,0.0,0.0,0.0,1.0,0.0,0.0,0.0,0.0,0.0,0.0,0.0,0.0,1.0,0.0,0.0,0.0,0.0,0.0,1.0,1.0,0.0,0.0,,,,,,,,,,,,,,,,,,,,,,,,,,,,,,,,,,,,,,,,,,,,,,,,,,,,,,,,,,,,,,,,,,,,,,,,,,,,,,,,,,,,,,,,,,,,,,,,,,,,,,,,,,,,,,,,,,,,,,,,,,,,,,,,,,,,,,,,,,,
NYL,2023,1.0,IND,101,83,23.0,7.0,1.0,0.0,0.0,0.0,0.0,0.0,0.0,0.0,1.0,0.0,0.0,0.0,0.0,0.0,0.0,0.0,0.0,1.0,0.0,0.0,0.0,0.0,0.0,1.0,1.0,0.0,0.0,,,,,,,,,,,,,,,,,,,,,,,,,,,,,,,,,,,,,,,,,,,,,,,,,,,,,,,,,,,,,,,,,,,,,,,,,,,,,,,,,,,,,,,,,,,,,,,,,,,,,,,,,,,,,,,,,,,,,,,,,,,,,,,,,,,,,,,,,,,
NYL,2023,1.0,SEA,86,82,25.0,7.0,1.0,0.0,0.0,0.0,0.0,0.0,0.0,0.0,1.0,0.0,0.0,0.0,0.0,0.0,0.0,0.0,0.0,1.0,0.0,0.0,0.0,0.0,0.0,1.0,1.0,0.0,0.0,,,,,,,,,,,,,,,,,,,,,,,,,,,,,,,,,,,,,,,,,,,,,,,,,,,,,,,,,,,,,,,,,,,,,,,,,,,,,,,,,,,,,,,,,,,,,,,,,,,,,,,,,,,,,,,,,,,,,,,,,,,,,,,,,,,,,,,,,,,
NYL,2023,1.0,ATL,95,84,27.0,7.0,1.0,0.0,0.0,0.0,0.0,0.0,0.0,0.0,1.0,0.0,0.0,0.0,0.0,0.0,0.0,0.0,0.0,1.0,0.0,0.0,0.0,0.0,0.0,1.0,1.0,0.0,0.0,,,,,,,,,,,,,,,,,,,,,,,,,,,,,,,,,,,,,,,,,,,,,,,,,,,,,,,,,,,,,,,,,,,,,,,,,,,,,,,,,,,,,,,,,,,,,,,,,,,,,,,,,,,,,,,,,,,,,,,,,,,,,,,,,,,,,,,,,,,
NYL,2023,1.0,MIN,83,88,28.0,7.0,1.0,0.0,0.0,0.0,0.0,0.0,0.0,0.0,1.0,0.0,0.0,0.0,0.0,0.0,0.0,0.0,0.0,1.0,0.0,0.0,0.0,0.0,0.0,1.0,1.0,0.0,0.0,,,,,,,,,,,,,,,,,,,,,,,,,,,,,,,,,,,,,,,,,,,,,,,,,,,,,,,,,,,,,,,,,,,,,,,,,,,,,,,,,,,,,,,,,,,,,,,,,,,,,,,,,,,,,,,,,,,,,,,,,,,,,,,,,,,,,,,,,,,
NYL,2023,0.0,LAS,87,79,30.0,7.0,1.0,0.0,0.0,0.0,0.0,0.0,0.0,0.0,1.0,0.0,0.0,0.0,0.0,0.0,0.0,0.0,0.0,1.0,0.0,0.0,0.0,0.0,0.0,1.0,1.0,0.0,0.0,,,,,,,,,,,,,,,,,,,,,,,,,,,,,,,,,,,,,,,,,,,,,,,,,,,,,,,,,,,,,,,,,,,,,,,,,,,,,,,,,,,,,,,,,,,,,,,,,,,,,,,,,,,,,,,,,,,,,,,,,,,,,,,,,,,,,,,,,,,
NYL,2023,0.0,LAS,76,69,1.0,8.0,1.0,0.0,0.0,0.0,0.0,0.0,0.0,0.0,1.0,0.0,0.0,0.0,0.0,0.0,0.0,0.0,0.0,1.0,0.0,0.0,0.0,0.0,0.0,1.0,1.0,0.0,0.0,,,,,,,,,,,,,,,,,,,,,,,,,,,,,,,,,,,,,,,,,,,,,,,,,,,,,,,,,,,,,,,,,,,,,,,,,,,,,,,,,,,,,,,,,,,,,,,,,,,,,,,,,,,,,,,,,,,,,,,,,,,,,,,,,,,,,,,,,,,
NYL,2023,0.0,MIN,76,66,4.0,8.0,1.0,0.0,0.0,0.0,0.0,0.0,0.0,0.0,1.0,0.0,0.0,0.0,0.0,0.0,0.0,0.0,0.0,1.0,0.0,0.0,0.0,0.0,0.0,1.0,1.0,0.0,0.0,,,,,,,,,,,,,,,,,,,,,,,,,,,,,,,,,,,,,,,,,,,,,,,,,,,,,,,,,,,,,,,,,,,,,,,,,,,,,,,,,,,,,,,,,,,,,,,,,,,,,,,,,,,,,,,,,,,,,,,,,,,,,,,,,,,,,,,,,,,
NYL,2023,1.0,LVA,99,61,6.0,8.0,1.0,0.0,0.0,0.0,0.0,0.0,0.0,0.0,1.0,0.0,0.0,0.0,0.0,0.0,0.0,0.0,0.0,1.0,0.0,0.0,0.0,0.0,0.0,1.0,1.0,0.0,0.0,,,,,,,,,,,,,,,,,,,,,,,,,,,,,,,,,,,,,,,,,,,,,,,,,,,,,,,,,,,,,,,,,,,,,,,,,,,,,,,,,,,,,,,,,,,,,,,,,,,,,,,,,,,,,,,,,,,,,,,,,,,,,,,,,,,,,,,,,,,
NYL,2023,1.0,CHI,89,73,11.0,8.0,1.0,0.0,0.0,0.0,0.0,0.0,0.0,0.0,1.0,0.0,0.0,0.0,0.0,0.0,0.0,0.0,0.0,1.0,0.0,0.0,0.0,0.0,0.0,1.0,1.0,0.0,0.0,,,,,,,,,,,,,,,,,,,,,,,,,,,,,,,,,,,,,,,,,,,,,,,,,,,,,,,,,,,,,,,,,,,,,,,,,,,,,,,,,,,,,,,,,,,,,,,,,,,,,,,,,,,,,,,,,,,,,,,,,,,,,,,,,,,,,,,,,,,
NYL,2023,0.0,IND,100,89,13.0,8.0,1.0,0.0,0.0,0.0,0.0,0.0,0.0,0.0,1.0,0.0,0.0,0.0,0.0,0.0,0.0,0.0,0.0,1.0,0.0,0.0,0.0,0.0,0.0,1.0,1.0,0.0,0.0,,,,,,,,,,,,,,,,,,,,,,,,,,,,,,,,,,,,,,,,,,,,,,,,,,,,,,,,,,,,,,,,,,,,,,,,,,,,,,,,,,,,,,,,,,,,,,,,,,,,,,,,,,,,,,,,,,,,,,,,,,,,,,,,,,,,,,,,,,,
NYL,2023,0.0,LVA,75,88,17.0,8.0,1.0,0.0,0.0,0.0,0.0,0.0,0.0,0.0,1.0,0.0,0.0,0.0,0.0,0.0,0.0,0.0,0.0,1.0,0.0,0.0,0.0,0.0,0.0,1.0,1.0,0.0,0.0,,,,,,,,,,,,,,,,,,,,,,,,,,,,,,,,,,,,,,,,,,,,,,,,,,,,,,,,,,,,,,,,,,,,,,,,,,,,,,,,,,,,,,,,,,,,,,,,,,,,,,,,,,,,,,,,,,,,,,,,,,,,,,,,,,,,,,,,,,,
NYL,2023,0.0,PHO,85,63,18.0,8.0,1.0,0.0,0.0,0.0,0.0,0.0,0.0,0.0,1.0,0.0,0.0,0.0,0.0,0.0,0.0,0.0,0.0,1.0,0.0,0.0,0.0,0.0,0.0,1.0,1.0,0.0,0.0,,,,,,,,,,,,,,,,,,,,,,,,,,,,,,,,,,,,,,,,,,,,,,,,,,,,,,,,,,,,,,,,,,,,,,,,,,,,,,,,,,,,,,,,,,,,,,,,,,,,,,,,,,,,,,,,,,,,,,,,,,,,,,,,,,,,,,,,,,,
NYL,2023,0.0,CON,95,90,24.0,8.0,1.0,0.0,0.0,0.0,0.0,0.0,0.0,0.0,1.0,0.0,0.0,0.0,0.0,0.0,0.0,0.0,0.0,1.0,0.0,0.0,0.0,0.0,0.0,1.0,1.0,0.0,0.0,,,,,,,,,,,,,,,,,,,,,,,,,,,,,,,,,,,,,,,,,,,,,,,,,,,,,,,,,,,,,,,,,,,,,,,,,,,,,,,,,,,,,,,,,,,,,,,,,,,,,,,,,,,,,,,,,,,,,,,,,,,,,,,,,,,,,,,,,,,
NYL,2023,0.0,MIN,111,76,26.0,8.0,1.0,0.0,0.0,0.0,0.0,0.0,0.0,0.0,1.0,0.0,0.0,0.0,0.0,0.0,0.0,0.0,0.0,1.0,0.0,0.0,0.0,0.0,0.0,1.0,1.0,0.0,0.0,,,,,,,,,,,,,,,,,,,,,,,,,,,,,,,,,,,,,,,,,,,,,,,,,,,,,,,,,,,,,,,,,,,,,,,,,,,,,,,,,,,,,,,,,,,,,,,,,,,,,,,,,,,,,,,,,,,,,,,,,,,,,,,,,,,,,,,,,,,
NYL,2023,1.0,LVA,94,85,28.0,8.0,1.0,0.0,0.0,0.0,0.0,0.0,0.0,0.0,1.0,0.0,0.0,0.0,0.0,0.0,0.0,0.0,0.0,1.0,0.0,0.0,0.0,0.0,0.0,1.0,1.0,0.0,0.0,,,,,,,,,,,,,,,,,,,,,,,,,,,,,,,,,,,,,,,,,,,,,,,,,,,,,,,,,,,,,,,,,,,,,,,,,,,,,,,,,,,,,,,,,,,,,,,,,,,,,,,,,,,,,,,,,,,,,,,,,,,,,,,,,,,,,,,,,,,
NYL,2023,1.0,CON,89,58,1.0,9.0,0.0,0.0,0.0,0.0,0.0,0.0,0.0,0.0,0.0,0.0,0.0,0.0,0.0,0.0,0.0,0.0,0.0,0.0,0.0,0.0,0.0,0.0,0.0,0.0,0.0,0.0,0.0,,,,,,,,,,,,,,,,,,,,,,,,,,,,,,,,,,,,,,,,,,,,,,,,,,,,,,,,,,,,,,,,,,,,,,,,,,,,,,,,,,,,,,,,,,,,,,,,,,,,,,,,,,,,,,,,,,,,,,,,,,,,,,,,,,,,,,,,,,,
NYL,2023,0.0,CHI,86,69,3.0,9.0,0.0,0.0,0.0,0.0,0.0,0.0,0.0,0.0,0.0,0.0,0.0,0.0,0.0,0.0,0.0,0.0,0.0,0.0,0.0,0.0,0.0,0.0,0.0,0.0,0.0,0.0,0.0,,,,,,,,,,,,,,,,,,,,,,,,,,,,,,,,,,,,,,,,,,,,,,,,,,,,,,,,,,,,,,,,,,,,,,,,,,,,,,,,,,,,,,,,,,,,,,,,,,,,,,,,,,,,,,,,,,,,,,,,,,,,,,,,,,,,,,,,,,,
NYL,2023,0.0,DAL,94,93,5.0,9.0,1.0,0.0,0.0,0.0,0.0,0.0,0.0,0.0,1.0,0.0,0.0,0.0,0.0,0.0,0.0,0.0,0.0,1.0,0.0,0.0,0.0,0.0,0.0,1.0,1.0,0.0,0.0,,,,,,,,,,,,,,,,,,,,,,,,,,,,,,,,,,,,,,,,,,,,,,,,,,,,,,,,,,,,,,,,,,,,,,,,,,,,,,,,,,,,,,,,,,,,,,,,,,,,,,,,,,,,,,,,,,,,,,,,,,,,,,,,,,,,,,,,,,,
NYL,2023,1.0,LAS,96,89,7.0,9.0,1.0,0.0,0.0,0.0,0.0,0.0,0.0,0.0,1.0,0.0,0.0,0.0,0.0,0.0,0.0,0.0,0.0,1.0,0.0,0.0,0.0,0.0,0.0,1.0,1.0,0.0,0.0,,,,,,,,,,,,,,,,,,,,,,,,,,,,,,,,,,,,,,,,,,,,,,,,,,,,,,,,,,,,,,,,,,,,,,,,,,,,,,,,,,,,,,,,,,,,,,,,,,,,,,,,,,,,,,,,,,,,,,,,,,,,,,,,,,,,,,,,,,,
NYL,2023,1.0,WAS,88,90,10.0,9.0,1.0,0.0,0.0,0.0,0.0,0.0,0.0,0.0,1.0,0.0,0.0,0.0,0.0,0.0,0.0,0.0,0.0,1.0,0.0,0.0,0.0,0.0,0.0,1.0,1.0,0.0,0.0,,,,,,,,,,,,,,,,,,,,,,,,,,,,,,,,,,,,,,,,,,,,,,,,,,,,,,,,,,,,,,,,,,,,,,,,,,,,,,,,,,,,,,,,,,,,,,,,,,,,,,,,,,,,,,,,,,,,,,,,,,,,,,,,,,,,,,,,,,,
PHO,2023,0.0,LAS,71,94,19.0,5.0,0.0,0.0,0.0,0.0,0.0,0.0,1.0,0.0,1.0,1.0,0.0,0.0,0.0,0.0,0.0,1.0,1.0,1.0,0.0,0.0,0.0,0.0,0.0,0.0,0.0,0.0,0.0,,,,,,,,,,,,,,,,,,,,,,,,,,,,,,,,,,,,,,,,,,,,,,,,,,,,,,,,,,,,,,,,,,,,,,,,,,,,,,,,,,,,,,,,,,,,,,,,,,,,,,,,,,,,,,,,,,,,,,,,,,,,,,,,,,,,,,,,,,,
PHO,2023,1.0,CHI,69,75,21.0,5.0,0.0,0.0,0.0,0.0,0.0,0.0,0.0,0.0,1.0,1.0,0.0,0.0,0.0,0.0,0.0,1.0,0.0,1.0,0.0,0.0,0.0,0.0,0.0,0.0,0.0,0.0,0.0,,,,,,,,,,,,,,,,,,,,,,,,,,,,,,,,,,,,,,,,,,,,,,,,,,,,,,,,,,,,,,,,,,,,,,,,,,,,,,,,,,,,,,,,,,,,,,,,,,,,,,,,,,,,,,,,,,,,,,,,,,,,,,,,,,,,,,,,,,,
PHO,2023,1.0,MIN,90,81,25.0,5.0,0.0,0.0,0.0,0.0,0.0,0.0,0.0,0.0,1.0,1.0,0.0,0.0,0.0,0.0,0.0,1.0,0.0,1.0,0.0,0.0,0.0,0.0,0.0,0.0,0.0,0.0,0.0,,,,,,,,,,,,,,,,,,,,,,,,,,,,,,,,,,,,,,,,,,,,,,,,,,,,,,,,,,,,,,,,,,,,,,,,,,,,,,,,,,,,,,,,,,,,,,,,,,,,,,,,,,,,,,,,,,,,,,,,,,,,,,,,,,,,,,,,,,,
PHO,2023,1.0,LAS,93,99,2.0,6.0,0.0,0.0,0.0,0.0,0.0,0.0,0.0,0.0,1.0,1.0,0.0,0.0,0.0,0.0,0.0,1.0,0.0,1.0,0.0,0.0,0.0,0.0,0.0,0.0,0.0,0.0,0.0,,,,,,,,,,,,,,,,,,,,,,,,,,,,,,,,,,,,,,,,,,,,,,,,,,,,,,,,,,,,,,,,,,,,,,,,,,,,,,,,,,,,,,,,,,,,,,,,,,,,,,,,,,,,,,,,,,,,,,,,,,,,,,,,,,,,,,,,,,,
PHO,2023,0.0,DAL,79,84,7.0,6.0,0.0,0.0,0.0,0.0,0.0,0.0,0.0,0.0,1.0,1.0,0.0,0.0,0.0,0.0,0.0,1.0,0.0,1.0,0.0,0.0,0.0,0.0,0.0,0.0,0.0,0.0,0.0,,,,,,,,,,,,,,,,,,,,,,,,,,,,,,,,,,,,,,,,,,,,,,,,,,,,,,,,,,,,,,,,,,,,,,,,,,,,,,,,,,,,,,,,,,,,,,,,,,,,,,,,,,,,,,,,,,,,,,,,,,,,,,,,,,,,,,,,,,,
PHO,2023,0.0,DAL,77,90,9.0,6.0,0.0,0.0,0.0,0.0,0.0,0.0,0.0,0.0,1.0,1.0,0.0,0.0,0.0,0.0,0.0,1.0,0.0,1.0,0.0,0.0,0.0,0.0,0.0,0.0,0.0,0.0,0.0,,,,,,,,,,,,,,,,,,,,,,,,,,,,,,,,,,,,,,,,,,,,,,,,,,,,,,,,,,,,,,,,,,,,,,,,,,,,,,,,,,,,,,,,,,,,,,,,,,,,,,,,,,,,,,,,,,,,,,,,,,,,,,,,,,,,,,,,,,,
PHO,2023,0.0,IND,85,82,11.0,6.0,0.0,0.0,0.0,0.0,0.0,0.0,0.0,0.0,1.0,1.0,0.0,0.0,0.0,0.0,0.0,1.0,0.0,1.0,0.0,0.0,0.0,0.0,0.0,0.0,0.0,0.0,0.0,,,,,,,,,,,,,,,,,,,,,,,,,,,,,,,,,,,,,,,,,,,,,,,,,,,,,,,,,,,,,,,,,,,,,,,,,,,,,,,,,,,,,,,,,,,,,,,,,,,,,,,,,,,,,,,,,,,,,,,,,,,,,,,,,,,,,,,,,,,
PHO,2023,1.0,SEA,69,83,13.0,6.0,0.0,0.0,0.0,0.0,0.0,0.0,0.0,0.0,1.0,1.0,0.0,0.0,0.0,0.0,0.0,1.0,0.0,1.0,0.0,0.0,0.0,0.0,0.0,0.0,0.0,0.0,0.0,,,,,,,,,,,,,,,,,,,,,,,,,,,,,,,,,,,,,,,,,,,,,,,,,,,,,,,,,,,,,,,,,,,,,,,,,,,,,,,,,,,,,,,,,,,,,,,,,,,,,,,,,,,,,,,,,,,,,,,,,,,,,,,,,,,,,,,,,,,
PHO,2023,0.0,WAS,69,88,16.0,6.0,0.0,0.0,0.0,0.0,0.0,0.0,0.0,0.0,1.0,1.0,0.0,0.0,0.0,0.0,0.0,1.0,0.0,1.0,0.0,0.0,0.0,0.0,0.0,0.0,0.0,0.0,0.0,,,,,,,,,,,,,,,,,,,,,,,,,,,,,,,,,,,,,,,,,,,,,,,,,,,,,,,,,,,,,,,,,,,,,,,,,,,,,,,,,,,,,,,,,,,,,,,,,,,,,,,,,,,,,,,,,,,,,,,,,,,,,,,,,,,,,,,,,,,
PHO,2023,0.0,NYL,71,89,18.0,6.0,0.0,0.0,0.0,0.0,0.0,0.0,0.0,0.0,1.0,1.0,0.0,0.0,0.0,0.0,0.0,1.0,0.0,1.0,0.0,0.0,0.0,0.0,0.0,0.0,0.0,0.0,0.0,,,,,,,,,,,,,,,,,,,,,,,,,,,,,,,,,,,,,,,,,,,,,,,,,,,,,,,,,,,,,,,,,,,,,,,,,,,,,,,,,,,,,,,,,,,,,,,,,,,,,,,,,,,,,,,,,,,,,,,,,,,,,,,,,,,,,,,,,,,
PHO,2023,1.0,LVA,79,99,21.0,6.0,0.0,0.0,0.0,0.0,0.0,0.0,0.0,0.0,1.0,1.0,0.0,0.0,0.0,0.0,0.0,1.0,0.0,1.0,0.0,0.0,0.0,0.0,0.0,0.0,0.0,0.0,0.0,,,,,,,,,,,,,,,,,,,,,,,,,,,,,,,,,,,,,,,,,,,,,,,,,,,,,,,,,,,,,,,,,,,,,,,,,,,,,,,,,,,,,,,,,,,,,,,,,,,,,,,,,,,,,,,,,,,,,,,,,,,,,,,,,,,,,,,,,,,
PHO,2023,0.0,SEA,74,97,24.0,6.0,0.0,0.0,0.0,0.0,0.0,0.0,0.0,0.0,1.0,1.0,0.0,0.0,0.0,0.0,0.0,1.0,0.0,1.0,0.0,0.0,0.0,0.0,0.0,0.0,0.0,0.0,0.0,,,,,,,,,,,,,,,,,,,,,,,,,,,,,,,,,,,,,,,,,,,,,,,,,,,,,,,,,,,,,,,,,,,,,,,,,,,,,,,,,,,,,,,,,,,,,,,,,,,,,,,,,,,,,,,,,,,,,,,,,,,,,,,,,,,,,,,,,,,
PHO,2023,1.0,DAL,62,77,27.0,6.0,0.0,0.0,0.0,0.0,0.0,0.0,0.0,0.0,1.0,1.0,0.0,0.0,0.0,0.0,0.0,1.0,0.0,1.0,0.0,0.0,0.0,0.0,0.0,0.0,0.0,0.0,0.0,,,,,,,,,,,,,,,,,,,,,,,,,,,,,,,,,,,,,,,,,,,,,,,,,,,,,,,,,,,,,,,,,,,,,,,,,,,,,,,,,,,,,,,,,,,,,,,,,,,,,,,,,,,,,,,,,,,,,,,,,,,,,,,,,,,,,,,,,,,
PHO,2023,1.0,IND,85,63,29.0,6.0,0.0,0.0,0.0,0.0,0.0,0.0,0.0,0.0,1.0,1.0,0.0,0.0,0.0,0.0,0.0,1.0,0.0,1.0,0.0,0.0,0.0,0.0,0.0,0.0,0.0,0.0,0.0,,,,,,,,,,,,,,,,,,,,,,,,,,,,,,,,,,,,,,,,,,,,,,,,,,,,,,,,,,,,,,,,,,,,,,,,,,,,,,,,,,,,,,,,,,,,,,,,,,,,,,,,,,,,,,,,,,,,,,,,,,,,,,,,,,,,,,,,,,,
PHO,2023,1.0,MIN,76,86,1.0,7.0,0.0,0.0,0.0,0.0,0.0,0.0,0.0,0.0,1.0,1.0,0.0,0.0,0.0,0.0,0.0,1.0,0.0,1.0,0.0,0.0,0.0,0.0,0.0,0.0,0.0,0.0,0.0,,,,,,,,,,,,,,,,,,,,,,,,,,,,,,,,,,,,,,,,,,,,,,,,,,,,,,,,,,,,,,,,,,,,,,,,,,,,,,,,,,,,,,,,,,,,,,,,,,,,,,,,,,,,,,,,,,,,,,,,,,,,,,,,,,,,,,,,,,,
PHO,2023,0.0,NYL,95,99,5.0,7.0,0.0,0.0,0.0,0.0,0.0,0.0,0.0,0.0,1.0,1.0,0.0,0.0,0.0,0.0,0.0,1.0,0.0,1.0,0.0,0.0,0.0,0.0,0.0,0.0,0.0,0.0,0.0,,,,,,,,,,,,,,,,,,,,,,,,,,,,,,,,,,,,,,,,,,,,,,,,,,,,,,,,,,,,,,,,,,,,,,,,,,,,,,,,,,,,,,,,,,,,,,,,,,,,,,,,,,,,,,,,,,,,,,,,,,,,,,,,,,,,,,,,,,,
PHO,2023,0.0,MIN,64,75,7.0,7.0,0.0,0.0,0.0,0.0,0.0,0.0,0.0,0.0,1.0,1.0,0.0,0.0,0.0,0.0,0.0,1.0,0.0,1.0,0.0,0.0,0.0,0.0,0.0,0.0,0.0,0.0,0.0,,,,,,,,,,,,,,,,,,,,,,,,,,,,,,,,,,,,,,,,,,,,,,,,,,,,,,,,,,,,,,,,,,,,,,,,,,,,,,,,,,,,,,,,,,,,,,,,,,,,,,,,,,,,,,,,,,,,,,,,,,,,,,,,,,,,,,,,,,,
PHO,2023,1.0,LAS,78,72,9.0,7.0,0.0,0.0,0.0,0.0,0.0,0.0,0.0,0.0,1.0,1.0,0.0,0.0,0.0,0.0,0.0,1.0,0.0,1.0,0.0,0.0,0.0,0.0,0.0,0.0,0.0,0.0,0.0,,,,,,,,,,,,,,,,,,,,,,,,,,,,,,,,,,,,,,,,,,,,,,,,,,,,,,,,,,,,,,,,,,,,,,,,,,,,,,,,,,,,,,,,,,,,,,,,,,,,,,,,,,,,,,,,,,,,,,,,,,,,,,,,,,,,,,,,,,,
PHO,2023,0.0,LVA,72,98,11.0,7.0,0.0,0.0,0.0,0.0,0.0,0.0,0.0,0.0,1.0,1.0,0.0,0.0,0.0,0.0,0.0,1.0,0.0,1.0,0.0,0.0,0.0,0.0,0.0,0.0,0.0,0.0,0.0,,,,,,,,,,,,,,,,,,,,,,,,,,,,,,,,,,,,,,,,,,,,,,,,,,,,,,,,,,,,,,,,,,,,,,,,,,,,,,,,,,,,,,,,,,,,,,,,,,,,,,,,,,,,,,,,,,,,,,,,,,,,,,,,,,,,,,,,,,,
PHO,2023,1.0,CON,72,66,18.0,7.0,0.0,0.0,0.0,0.0,0.0,0.0,0.0,0.0,1.0,1.0,0.0,0.0,0.0,0.0,0.0,1.0,0.0,1.0,0.0,0.0,0.0,0.0,0.0,0.0,0.0,0.0,0.0,,,,,,,,,,,,,,,,,,,,,,,,,,,,,,,,,,,,,,,,,,,,,,,,,,,,,,,,,,,,,,,,,,,,,,,,,,,,,,,,,,,,,,,,,,,,,,,,,,,,,,,,,,,,,,,,,,,,,,,,,,,,,,,,,,,,,,,,,,,
PHO,2023,1.0,CHI,80,62,20.0,7.0,0.0,0.0,0.0,0.0,0.0,0.0,1.0,0.0,1.0,1.0,0.0,0.0,0.0,0.0,0.0,1.0,1.0,1.0,0.0,0.0,0.0,0.0,0.0,0.0,0.0,0.0,0.0,,,,,,,,,,,,,,,,,,,,,,,,,,,,,,,,,,,,,,,,,,,,,,,,,,,,,,,,,,,,,,,,,,,,,,,,,,,,,,,,,,,,,,,,,,,,,,,,,,,,,,,,,,,,,,,,,,,,,,,,,,,,,,,,,,,,,,,,,,,
PHO,2023,0.0,WAS,69,84,23.0,7.0,0.0,0.0,0.0,0.0,0.0,0.0,1.0,0.0,1.0,1.0,0.0,0.0,0.0,0.0,0.0,1.0,1.0,1.0,0.0,0.0,0.0,0.0,0.0,0.0,0.0,0.0,0.0,,,,,,,,,,,,,,,,,,,,,,,,,,,,,,,,,,,,,,,,,,,,,,,,,,,,,,,,,,,,,,,,,,,,,,,,,,,,,,,,,,,,,,,,,,,,,,,,,,,,,,,,,,,,,,,,,,,,,,,,,,,,,,,,,,,,,,,,,,,
PHO,2023,0.0,ATL,65,78,25.0,7.0,0.0,0.0,0.0,0.0,0.0,0.0,1.0,0.0,1.0,1.0,0.0,0.0,0.0,0.0,0.0,1.0,1.0,1.0,0.0,0.0,0.0,0.0,0.0,0.0,0.0,0.0,0.0,,,,,,,,,,,,,,,,,,,,,,,,,,,,,,,,,,,,,,,,,,,,,,,,,,,,,,,,,,,,,,,,,,,,,,,,,,,,,,,,,,,,,,,,,,,,,,,,,,,,,,,,,,,,,,,,,,,,,,,,,,,,,,,,,,,,,,,,,,,
PHO,2023,0.0,CHI,85,104,30.0,7.0,0.0,0.0,0.0,0.0,0.0,0.0,1.0,0.0,1.0,1.0,0.0,0.0,0.0,0.0,0.0,1.0,1.0,1.0,0.0,0.0,0.0,0.0,0.0,0.0,0.0,0.0,0.0,,,,,,,,,,,,,,,,,,,,,,,,,,,,,,,,,,,,,,,,,,,,,,,,,,,,,,,,,,,,,,,,,,,,,,,,,,,,,,,,,,,,,,,,,,,,,,,,,,,,,,,,,,,,,,,,,,,,,,,,,,,,,,,,,,,,,,,,,,,
PHO,2023,0.0,IND,71,72,1.0,8.0,0.0,0.0,0.0,0.0,0.0,0.0,1.0,0.0,1.0,1.0,0.0,0.0,0.0,0.0,0.0,1.0,1.0,1.0,0.0,0.0,0.0,0.0,0.0,0.0,0.0,0.0,0.0,,,,,,,,,,,,,,,,,,,,,,,,,,,,,,,,,,,,,,,,,,,,,,,,,,,,,,,,,,,,,,,,,,,,,,,,,,,,,,,,,,,,,,,,,,,,,,,,,,,,,,,,,,,,,,,,,,,,,,,,,,,,,,,,,,,,,,,,,,,
PHO,2023,1.0,ATL,91,71,3.0,8.0,0.0,0.0,0.0,0.0,0.0,0.0,1.0,0.0,1.0,1.0,0.0,0.0,0.0,0.0,0.0,1.0,1.0,1.0,0.0,0.0,0.0,0.0,0.0,0.0,0.0,0.0,0.0,,,,,,,,,,,,,,,,,,,,,,,,,,,,,,,,,,,,,,,,,,,,,,,,,,,,,,,,,,,,,,,,,,,,,,,,,,,,,,,,,,,,,,,,,,,,,,,,,,,,,,,,,,,,,,,,,,,,,,,,,,,,,,,,,,,,,,,,,,,
PHO,2023,1.0,SEA,91,97,5.0,8.0,0.0,0.0,0.0,0.0,0.0,0.0,0.0,0.0,1.0,1.0,0.0,0.0,0.0,0.0,0.0,1.0,0.0,1.0,0.0,0.0,0.0,0.0,0.0,0.0,0.0,0.0,0.0,,,,,,,,,,,,,,,,,,,,,,,,,,,,,,,,,,,,,,,,,,,,,,,,,,,,,,,,,,,,,,,,,,,,,,,,,,,,,,,,,,,,,,,,,,,,,,,,,,,,,,,,,,,,,,,,,,,,,,,,,,,,,,,,,,,,,,,,,,,
PHO,2023,1.0,WAS,91,72,8.0,8.0,0.0,0.0,0.0,0.0,0.0,0.0,0.0,0.0,1.0,1.0,0.0,0.0,0.0,0.0,0.0,1.0,0.0,1.0,1.0,0.0,0.0,0.0,0.0,0.0,0.0,0.0,0.0,,,,,,,,,,,,,,,,,,,,,,,,,,,,,,,,,,,,,,,,,,,,,,,,,,,,,,,,,,,,,,,,,,,,,,,,,,,,,,,,,,,,,,,,,,,,,,,,,,,,,,,,,,,,,,,,,,,,,,,,,,,,,,,,,,,,,,,,,,,
PHO,2023,1.0,CON,90,84,10.0,8.0,0.0,0.0,0.0,0.0,0.0,0.0,0.0,0.0,1.0,1.0,0.0,0.0,0.0,0.0,0.0,1.0,0.0,1.0,1.0,0.0,0.0,0.0,0.0,0.0,0.0,0.0,0.0,,,,,,,,,,,,,,,,,,,,,,,,,,,,,,,,,,,,,,,,,,,,,,,,,,,,,,,,,,,,,,,,,,,,,,,,,,,,,,,,,,,,,,,,,,,,,,,,,,,,,,,,,,,,,,,,,,,,,,,,,,,,,,,,,,,,,,,,,,,
PHO,2023,0.0,SEA,71,81,13.0,8.0,0.0,0.0,0.0,0.0,0.0,0.0,0.0,0.0,1.0,1.0,0.0,0.0,0.0,0.0,0.0,1.0,0.0,1.0,1.0,0.0,0.0,0.0,0.0,0.0,0.0,0.0,0.0,,,,,,,,,,,,,,,,,,,,,,,,,,,,,,,,,,,,,,,,,,,,,,,,,,,,,,,,,,,,,,,,,,,,,,,,,,,,,,,,,,,,,,,,,,,,,,,,,,,,,,,,,,,,,,,,,,,,,,,,,,,,,,,,,,,,,,,,,,,
PHO,2023,1.0,NYL,63,85,18.0,8.0,0.0,0.0,0.0,0.0,0.0,0.0,1.0,0.0,1.0,1.0,0.0,0.0,0.0,0.0,0.0,1.0,1.0,1.0,1.0,0.0,0.0,0.0,0.0,0.0,0.0,0.0,0.0,,,,,,,,,,,,,,,,,,,,,,,,,,,,,,,,,,,,,,,,,,,,,,,,,,,,,,,,,,,,,,,,,,,,,,,,,,,,,,,,,,,,,,,,,,,,,,,,,,,,,,,,,,,,,,,,,,,,,,,,,,,,,,,,,,,,,,,,,,,
PHO,2023,1.0,IND,73,83,20.0,8.0,0.0,0.0,0.0,0.0,0.0,0.0,1.0,0.0,1.0,1.0,0.0,0.0,0.0,0.0,0.0,1.0,1.0,1.0,1.0,0.0,0.0,0.0,0.0,0.0,0.0,0.0,0.0,,,,,,,,,,,,,,,,,,,,,,,,,,,,,,,,,,,,,,,,,,,,,,,,,,,,,,,,,,,,,,,,,,,,,,,,,,,,,,,,,,,,,,,,,,,,,,,,,,,,,,,,,,,,,,,,,,,,,,,,,,,,,,,,,,,,,,,,,,,
PHO,2023,0.0,LAS,62,91,23.0,8.0,0.0,0.0,0.0,0.0,0.0,0.0,1.0,0.0,1.0,1.0,0.0,0.0,0.0,0.0,0.0,1.0,1.0,1.0,0.0,0.0,0.0,0.0,0.0,0.0,0.0,0.0,0.0,,,,,,,,,,,,,,,,,,,,,,,,,,,,,,,,,,,,,,,,,,,,,,,,,,,,,,,,,,,,,,,,,,,,,,,,,,,,,,,,,,,,,,,,,,,,,,,,,,,,,,,,,,,,,,,,,,,,,,,,,,,,,,,,,,,,,,,,,,,
PHO,2023,1.0,DAL,74,77,27.0,8.0,0.0,0.0,0.0,0.0,0.0,0.0,0.0,0.0,1.0,1.0,0.0,0.0,0.0,0.0,0.0,1.0,0.0,1.0,0.0,0.0,0.0,0.0,0.0,0.0,0.0,0.0,0.0,,,,,,,,,,,,,,,,,,,,,,,,,,,,,,,,,,,,,,,,,,,,,,,,,,,,,,,,,,,,,,,,,,,,,,,,,,,,,,,,,,,,,,,,,,,,,,,,,,,,,,,,,,,,,,,,,,,,,,,,,,,,,,,,,,,,,,,,,,,
PHO,2023,0.0,ATL,76,94,29.0,8.0,0.0,0.0,0.0,0.0,0.0,0.0,0.0,0.0,1.0,1.0,0.0,0.0,0.0,0.0,0.0,1.0,0.0,1.0,0.0,0.0,0.0,0.0,0.0,0.0,0.0,0.0,0.0,,,,,,,,,,,,,,,,,,,,,,,,,,,,,,,,,,,,,,,,,,,,,,,,,,,,,,,,,,,,,,,,,,,,,,,,,,,,,,,,,,,,,,,,,,,,,,,,,,,,,,,,,,,,,,,,,,,,,,,,,,,,,,,,,,,,,,,,,,,
PHO,2023,0.0,CON,74,84,31.0,8.0,0.0,0.0,0.0,0.0,0.0,0.0,0.0,0.0,1.0,1.0,0.0,0.0,0.0,0.0,0.0,1.0,0.0,1.0,0.0,0.0,0.0,0.0,0.0,0.0,0.0,0.0,0.0,,,,,,,,,,,,,,,,,,,,,,,,,,,,,,,,,,,,,,,,,,,,,,,,,,,,,,,,,,,,,,,,,,,,,,,,,,,,,,,,,,,,,,,,,,,,,,,,,,,,,,,,,,,,,,,,,,,,,,,,,,,,,,,,,,,,,,,,,,,
PHO,2023,0.0,MIN,73,86,3.0,9.0,0.0,0.0,0.0,0.0,0.0,0.0,0.0,0.0,1.0,1.0,0.0,0.0,0.0,0.0,0.0,1.0,0.0,1.0,0.0,0.0,0.0,0.0,0.0,0.0,0.0,0.0,0.0,,,,,,,,,,,,,,,,,,,,,,,,,,,,,,,,,,,,,,,,,,,,,,,,,,,,,,,,,,,,,,,,,,,,,,,,,,,,,,,,,,,,,,,,,,,,,,,,,,,,,,,,,,,,,,,,,,,,,,,,,,,,,,,,,,,,,,,,,,,
PHO,2023,1.0,WAS,77,100,5.0,9.0,0.0,0.0,0.0,0.0,0.0,0.0,0.0,0.0,1.0,1.0,0.0,0.0,0.0,0.0,0.0,1.0,0.0,1.0,0.0,0.0,0.0,0.0,0.0,0.0,0.0,0.0,0.0,,,,,,,,,,,,,,,,,,,,,,,,,,,,,,,,,,,,,,,,,,,,,,,,,,,,,,,,,,,,,,,,,,,,,,,,,,,,,,,,,,,,,,,,,,,,,,,,,,,,,,,,,,,,,,,,,,,,,,,,,,,,,,,,,,,,,,,,,,,
PHO,2023,1.0,LVA,73,94,8.0,9.0,0.0,0.0,0.0,0.0,0.0,0.0,0.0,0.0,1.0,1.0,0.0,0.0,0.0,0.0,0.0,1.0,0.0,1.0,0.0,0.0,0.0,0.0,0.0,0.0,0.0,0.0,0.0,,,,,,,,,,,,,,,,,,,,,,,,,,,,,,,,,,,,,,,,,,,,,,,,,,,,,,,,,,,,,,,,,,,,,,,,,,,,,,,,,,,,,,,,,,,,,,,,,,,,,,,,,,,,,,,,,,,,,,,,,,,,,,,,,,,,,,,,,,,
PHO,2023,0.0,LVA,85,100,10.0,9.0,0.0,0.0,0.0,0.0,0.0,0.0,0.0,0.0,1.0,1.0,0.0,0.0,0.0,0.0,0.0,1.0,0.0,1.0,0.0,0.0,0.0,0.0,0.0,0.0,0.0,0.0,0.0,,,,,,,,,,,,,,,,,,,,,,,,,,,,,,,,,,,,,,,,,,,,,,,,,,,,,,,,,,,,,,,,,,,,,,,,,,,,,,,,,,,,,,,,,,,,,,,,,,,,,,,,,,,,,,,,,,,,,,,,,,,,,,,,,,,,,,,,,,,
SEA,2023,1.0,LVA,64,105,20.0,5.0,0.0,0.0,0.0,3.0,0.0,0.0,0.0,0.0,0.0,0.0,0.0,0.0,0.0,0.0,1.0,0.0,1.0,0.0,1.0,1.0,0.0,0.0,0.0,0.0,0.0,0.0,0.0,,,,,,,,,,,,,,,,,,,,,,,,,,,,,,,,,,,,,,,,,,,,,,,,,,,,,,,,,,,,,,,,,,,,,,,,,,,,,,,,,,,,,,,,,,,,,,,,,,,,,,,,,,,,,,,,,,,,,,,,,,,,,,,,,,,,,,,,,,,
SEA,2023,1.0,DAL,91,95,26.0,5.0,0.0,0.0,0.0,2.0,0.0,0.0,0.0,0.0,0.0,0.0,0.0,0.0,0.0,0.0,0.0,0.0,0.0,0.0,1.0,1.0,0.0,0.0,0.0,0.0,0.0,0.0,0.0,,,,,,,,,,,,,,,,,,,,,,,,,,,,,,,,,,,,,,,,,,,,,,,,,,,,,,,,,,,,,,,,,,,,,,,,,,,,,,,,,,,,,,,,,,,,,,,,,,,,,,,,,,,,,,,,,,,,,,,,,,,,,,,,,,,,,,,,,,,
SEA,2023,1.0,NYL,78,86,30.0,5.0,0.0,0.0,0.0,2.0,0.0,0.0,0.0,0.0,0.0,0.0,0.0,0.0,0.0,0.0,1.0,0.0,0.0,0.0,1.0,1.0,0.0,0.0,0.0,0.0,0.0,0.0,0.0,,,,,,,,,,,,,,,,,,,,,,,,,,,,,,,,,,,,,,,,,,,,,,,,,,,,,,,,,,,,,,,,,,,,,,,,,,,,,,,,,,,,,,,,,,,,,,,,,,,,,,,,,,,,,,,,,,,,,,,,,,,,,,,,,,,,,,,,,,,
SEA,2023,0.0,LAS,85,92,3.0,6.0,0.0,0.0,0.0,2.0,0.0,0.0,0.0,0.0,0.0,0.0,0.0,0.0,0.0,0.0,1.0,0.0,0.0,0.0,1.0,1.0,0.0,0.0,0.0,0.0,0.0,0.0,0.0,,,,,,,,,,,,,,,,,,,,,,,,,,,,,,,,,,,,,,,,,,,,,,,,,,,,,,,,,,,,,,,,,,,,,,,,,,,,,,,,,,,,,,,,,,,,,,,,,,,,,,,,,,,,,,,,,,,,,,,,,,,,,,,,,,,,,,,,,,,
SEA,2023,1.0,LAS,66,63,6.0,6.0,0.0,0.0,0.0,3.0,0.0,0.0,0.0,0.0,0.0,0.0,0.0,0.0,0.0,0.0,1.0,0.0,1.0,0.0,1.0,1.0,0.0,0.0,0.0,0.0,0.0,0.0,0.0,,,,,,,,,,,,,,,,,,,,,,,,,,,,,,,,,,,,,,,,,,,,,,,,,,,,,,,,,,,,,,,,,,,,,,,,,,,,,,,,,,,,,,,,,,,,,,,,,,,,,,,,,,,,,,,,,,,,,,,,,,,,,,,,,,,,,,,,,,,
SEA,2023,1.0,WAS,66,73,9.0,6.0,0.0,0.0,0.0,3.0,0.0,0.0,0.0,0.0,0.0,0.0,0.0,0.0,0.0,0.0,1.0,0.0,1.0,0.0,1.0,1.0,0.0,0.0,0.0,0.0,0.0,0.0,0.0,,,,,,,,,,,,,,,,,,,,,,,,,,,,,,,,,,,,,,,,,,,,,,,,,,,,,,,,,,,,,,,,,,,,,,,,,,,,,,,,,,,,,,,,,,,,,,,,,,,,,,,,,,,,,,,,,,,,,,,,,,,,,,,,,,,,,,,,,,,
SEA,2023,1.0,WAS,65,71,11.0,6.0,0.0,0.0,0.0,3.0,0.0,0.0,0.0,0.0,0.0,0.0,0.0,0.0,0.0,0.0,1.0,0.0,1.0,0.0,1.0,1.0,0.0,0.0,0.0,0.0,0.0,0.0,0.0,,,,,,,,,,,,,,,,,,,,,,,,,,,,,,,,,,,,,,,,,,,,,,,,,,,,,,,,,,,,,,,,,,,,,,,,,,,,,,,,,,,,,,,,,,,,,,,,,,,,,,,,,,,,,,,,,,,,,,,,,,,,,,,,,,,,,,,,,,,
SEA,2023,0.0,PHO,83,69,13.0,6.0,0.0,0.0,0.0,3.0,0.0,0.0,0.0,0.0,0.0,0.0,0.0,0.0,0.0,0.0,1.0,0.0,1.0,0.0,1.0,1.0,0.0,0.0,0.0,0.0,0.0,0.0,0.0,,,,,,,,,,,,,,,,,,,,,,,,,,,,,,,,,,,,,,,,,,,,,,,,,,,,,,,,,,,,,,,,,,,,,,,,,,,,,,,,,,,,,,,,,,,,,,,,,,,,,,,,,,,,,,,,,,,,,,,,,,,,,,,,,,,,,,,,,,,
SEA,2023,0.0,LVA,63,96,15.0,6.0,0.0,0.0,0.0,3.0,0.0,0.0,0.0,0.0,0.0,0.0,0.0,0.0,0.0,0.0,1.0,0.0,1.0,0.0,1.0,1.0,0.0,0.0,0.0,0.0,0.0,0.0,0.0,,,,,,,,,,,,,,,,,,,,,,,,,,,,,,,,,,,,,,,,,,,,,,,,,,,,,,,,,,,,,,,,,,,,,,,,,,,,,,,,,,,,,,,,,,,,,,,,,,,,,,,,,,,,,,,,,,,,,,,,,,,,,,,,,,,,,,,,,,,
SEA,2023,0.0,DAL,109,103,17.0,6.0,0.0,0.0,0.0,3.0,0.0,0.0,0.0,0.0,0.0,0.0,0.0,0.0,0.0,0.0,1.0,0.0,1.0,0.0,1.0,1.0,0.0,0.0,0.0,0.0,0.0,0.0,0.0,,,,,,,,,,,,,,,,,,,,,,,,,,,,,,,,,,,,,,,,,,,,,,,,,,,,,,,,,,,,,,,,,,,,,,,,,,,,,,,,,,,,,,,,,,,,,,,,,,,,,,,,,,,,,,,,,,,,,,,,,,,,,,,,,,,,,,,,,,,
SEA,2023,1.0,CON,79,85,20.0,6.0,0.0,0.0,0.0,3.0,0.0,0.0,0.0,0.0,0.0,0.0,0.0,0.0,0.0,0.0,1.0,0.0,0.0,0.0,1.0,1.0,0.0,0.0,0.0,0.0,0.0,0.0,0.0,,,,,,,,,,,,,,,,,,,,,,,,,,,,,,,,,,,,,,,,,,,,,,,,,,,,,,,,,,,,,,,,,,,,,,,,,,,,,,,,,,,,,,,,,,,,,,,,,,,,,,,,,,,,,,,,,,,,,,,,,,,,,,,,,,,,,,,,,,,
SEA,2023,1.0,IND,68,80,22.0,6.0,0.0,0.0,0.0,2.0,0.0,0.0,0.0,0.0,0.0,0.0,0.0,0.0,0.0,0.0,0.0,0.0,0.0,0.0,1.0,1.0,0.0,0.0,0.0,0.0,0.0,0.0,0.0,,,,,,,,,,,,,,,,,,,,,,,,,,,,,,,,,,,,,,,,,,,,,,,,,,,,,,,,,,,,,,,,,,,,,,,,,,,,,,,,,,,,,,,,,,,,,,,,,,,,,,,,,,,,,,,,,,,,,,,,,,,,,,,,,,,,,,,,,,,
SEA,2023,1.0,PHO,97,74,24.0,6.0,0.0,0.0,0.0,3.0,0.0,0.0,0.0,0.0,0.0,0.0,0.0,0.0,0.0,0.0,1.0,0.0,1.0,0.0,1.0,1.0,0.0,0.0,0.0,0.0,0.0,0.0,0.0,,,,,,,,,,,,,,,,,,,,,,,,,,,,,,,,,,,,,,,,,,,,,,,,,,,,,,,,,,,,,,,,,,,,,,,,,,,,,,,,,,,,,,,,,,,,,,,,,,,,,,,,,,,,,,,,,,,,,,,,,,,,,,,,,,,,,,,,,,,
SEA,2023,0.0,MIN,93,104,27.0,6.0,0.0,0.0,0.0,2.0,0.0,0.0,0.0,0.0,0.0,0.0,0.0,0.0,0.0,0.0,0.0,0.0,0.0,0.0,1.0,1.0,0.0,0.0,0.0,0.0,0.0,0.0,0.0,,,,,,,,,,,,,,,,,,,,,,,,,,,,,,,,,,,,,,,,,,,,,,,,,,,,,,,,,,,,,,,,,,,,,,,,,,,,,,,,,,,,,,,,,,,,,,,,,,,,,,,,,,,,,,,,,,,,,,,,,,,,,,,,,,,,,,,,,,,
SEA,2023,1.0,MIN,97,99,29.0,6.0,0.0,0.0,0.0,3.0,0.0,0.0,0.0,0.0,0.0,0.0,0.0,0.0,0.0,0.0,1.0,0.0,1.0,0.0,1.0,1.0,0.0,0.0,0.0,0.0,0.0,0.0,0.0,,,,,,,,,,,,,,,,,,,,,,,,,,,,,,,,,,,,,,,,,,,,,,,,,,,,,,,,,,,,,,,,,,,,,,,,,,,,,,,,,,,,,,,,,,,,,,,,,,,,,,,,,,,,,,,,,,,,,,,,,,,,,,,,,,,,,,,,,,,
SEA,2023,1.0,NYL,66,81,2.0,7.0,0.0,0.0,0.0,3.0,0.0,0.0,0.0,0.0,0.0,0.0,0.0,0.0,0.0,0.0,1.0,0.0,1.0,0.0,1.0,1.0,0.0,0.0,0.0,0.0,0.0,0.0,0.0,,,,,,,,,,,,,,,,,,,,,,,,,,,,,,,,,,,,,,,,,,,,,,,,,,,,,,,,,,,,,,,,,,,,,,,,,,,,,,,,,,,,,,,,,,,,,,,,,,,,,,,,,,,,,,,,,,,,,,,,,,,,,,,,,,,,,,,,,,,
SEA,2023,0.0,CON,73,93,6.0,7.0,0.0,0.0,0.0,3.0,0.0,0.0,0.0,0.0,0.0,0.0,0.0,0.0,0.0,0.0,1.0,0.0,1.0,0.0,1.0,1.0,0.0,0.0,0.0,0.0,0.0,0.0,0.0,,,,,,,,,,,,,,,,,,,,,,,,,,,,,,,,,,,,,,,,,,,,,,,,,,,,,,,,,,,,,,,,,,,,,,,,,,,,,,,,,,,,,,,,,,,,,,,,,,,,,,,,,,,,,,,,,,,,,,,,,,,,,,,,,,,,,,,,,,,
SEA,2023,0.0,NYL,76,80,8.0,7.0,0.0,0.0,0.0,2.0,0.0,0.0,0.0,0.0,0.0,0.0,0.0,0.0,0.0,0.0,0.0,0.0,1.0,0.0,1.0,1.0,0.0,0.0,0.0,0.0,0.0,0.0,0.0,,,,,,,,,,,,,,,,,,,,,,,,,,,,,,,,,,,,,,,,,,,,,,,,,,,,,,,,,,,,,,,,,,,,,,,,,,,,,,,,,,,,,,,,,,,,,,,,,,,,,,,,,,,,,,,,,,,,,,,,,,,,,,,,,,,,,,,,,,,
SEA,2023,0.0,WAS,86,93,11.0,7.0,0.0,0.0,0.0,3.0,0.0,0.0,0.0,0.0,0.0,0.0,0.0,0.0,0.0,0.0,1.0,0.0,1.0,0.0,1.0,1.0,0.0,0.0,0.0,0.0,0.0,0.0,0.0,,,,,,,,,,,,,,,,,,,,,,,,,,,,,,,,,,,,,,,,,,,,,,,,,,,,,,,,,,,,,,,,,,,,,,,,,,,,,,,,,,,,,,,,,,,,,,,,,,,,,,,,,,,,,,,,,,,,,,,,,,,,,,,,,,,,,,,,,,,
SEA,2023,0.0,ATL,75,85,12.0,7.0,0.0,0.0,0.0,3.0,0.0,0.0,0.0,0.0,0.0,0.0,0.0,0.0,0.0,0.0,1.0,0.0,1.0,0.0,1.0,1.0,0.0,0.0,0.0,0.0,0.0,0.0,0.0,,,,,,,,,,,,,,,,,,,,,,,,,,,,,,,,,,,,,,,,,,,,,,,,,,,,,,,,,,,,,,,,,,,,,,,,,,,,,,,,,,,,,,,,,,,,,,,,,,,,,,,,,,,,,,,,,,,,,,,,,,,,,,,,,,,,,,,,,,,
SEA,2023,1.0,LVA,63,79,20.0,7.0,0.0,0.0,0.0,2.0,0.0,0.0,0.0,0.0,0.0,0.0,0.0,0.0,0.0,0.0,0.0,0.0,1.0,0.0,1.0,1.0,0.0,0.0,0.0,0.0,0.0,0.0,0.0,,,,,,,,,,,,,,,,,,,,,,,,,,,,,,,,,,,,,,,,,,,,,,,,,,,,,,,,,,,,,,,,,,,,,,,,,,,,,,,,,,,,,,,,,,,,,,,,,,,,,,,,,,,,,,,,,,,,,,,,,,,,,,,,,,,,,,,,,,,
SEA,2023,1.0,CHI,75,90,22.0,7.0,0.0,0.0,0.0,3.0,0.0,0.0,0.0,0.0,0.0,0.0,0.0,0.0,0.0,0.0,1.0,0.0,1.0,0.0,1.0,1.0,0.0,0.0,0.0,0.0,0.0,0.0,0.0,,,,,,,,,,,,,,,,,,,,,,,,,,,,,,,,,,,,,,,,,,,,,,,,,,,,,,,,,,,,,,,,,,,,,,,,,,,,,,,,,,,,,,,,,,,,,,,,,,,,,,,,,,,,,,,,,,,,,,,,,,,,,,,,,,,,,,,,,,,
SEA,2023,0.0,NYL,82,86,25.0,7.0,0.0,0.0,0.0,1.0,0.0,0.0,0.0,0.0,0.0,0.0,0.0,0.0,0.0,0.0,0.0,0.0,1.0,0.0,1.0,1.0,0.0,0.0,0.0,0.0,0.0,0.0,0.0,,,,,,,,,,,,,,,,,,,,,,,,,,,,,,,,,,,,,,,,,,,,,,,,,,,,,,,,,,,,,,,,,,,,,,,,,,,,,,,,,,,,,,,,,,,,,,,,,,,,,,,,,,,,,,,,,,,,,,,,,,,,,,,,,,,,,,,,,,,
SEA,2023,0.0,CHI,83,74,28.0,7.0,0.0,0.0,0.0,2.0,0.0,0.0,0.0,0.0,0.0,0.0,0.0,0.0,0.0,0.0,0.0,0.0,1.0,0.0,1.0,1.0,0.0,0.0,0.0,0.0,0.0,0.0,0.0,,,,,,,,,,,,,,,,,,,,,,,,,,,,,,,,,,,,,,,,,,,,,,,,,,,,,,,,,,,,,,,,,,,,,,,,,,,,,,,,,,,,,,,,,,,,,,,,,,,,,,,,,,,,,,,,,,,,,,,,,,,,,,,,,,,,,,,,,,,
SEA,2023,0.0,IND,85,62,30.0,7.0,0.0,0.0,0.0,3.0,0.0,0.0,0.0,0.0,0.0,0.0,0.0,0.0,0.0,0.0,1.0,0.0,1.0,0.0,1.0,1.0,0.0,0.0,0.0,0.0,0.0,0.0,0.0,,,,,,,,,,,,,,,,,,,,,,,,,,,,,,,,,,,,,,,,,,,,,,,,,,,,,,,,,,,,,,,,,,,,,,,,,,,,,,,,,,,,,,,,,,,,,,,,,,,,,,,,,,,,,,,,,,,,,,,,,,,,,,,,,,,,,,,,,,,
SEA,2023,1.0,DAL,65,76,2.0,8.0,0.0,0.0,0.0,2.0,0.0,0.0,0.0,0.0,0.0,0.0,0.0,0.0,0.0,0.0,0.0,0.0,1.0,0.0,1.0,1.0,0.0,0.0,0.0,0.0,0.0,0.0,0.0,,,,,,,,,,,,,,,,,,,,,,,,,,,,,,,,,,,,,,,,,,,,,,,,,,,,,,,,,,,,,,,,,,,,,,,,,,,,,,,,,,,,,,,,,,,,,,,,,,,,,,,,,,,,,,,,,,,,,,,,,,,,,,,,,,,,,,,,,,,
SEA,2023,0.0,PHO,97,91,5.0,8.0,0.0,0.0,0.0,1.0,0.0,0.0,0.0,0.0,0.0,0.0,0.0,0.0,0.0,0.0,0.0,0.0,1.0,0.0,1.0,1.0,0.0,0.0,0.0,0.0,0.0,0.0,0.0,,,,,,,,,,,,,,,,,,,,,,,,,,,,,,,,,,,,,,,,,,,,,,,,,,,,,,,,,,,,,,,,,,,,,,,,,,,,,,,,,,,,,,,,,,,,,,,,,,,,,,,,,,,,,,,,,,,,,,,,,,,,,,,,,,,,,,,,,,,
SEA,2023,1.0,CON,69,81,8.0,8.0,0.0,0.0,0.0,2.0,0.0,0.0,0.0,0.0,0.0,0.0,0.0,0.0,0.0,0.0,1.0,0.0,1.0,0.0,1.0,1.0,0.0,0.0,0.0,0.0,0.0,0.0,0.0,,,,,,,,,,,,,,,,,,,,,,,,,,,,,,,,,,,,,,,,,,,,,,,,,,,,,,,,,,,,,,,,,,,,,,,,,,,,,,,,,,,,,,,,,,,,,,,,,,,,,,,,,,,,,,,,,,,,,,,,,,,,,,,,,,,,,,,,,,,
SEA,2023,1.0,ATL,68,67,10.0,8.0,0.0,0.0,0.0,2.0,0.0,0.0,0.0,0.0,0.0,0.0,0.0,0.0,0.0,0.0,1.0,0.0,1.0,0.0,1.0,1.0,0.0,0.0,0.0,0.0,0.0,0.0,0.0,,,,,,,,,,,,,,,,,,,,,,,,,,,,,,,,,,,,,,,,,,,,,,,,,,,,,,,,,,,,,,,,,,,,,,,,,,,,,,,,,,,,,,,,,,,,,,,,,,,,,,,,,,,,,,,,,,,,,,,,,,,,,,,,,,,,,,,,,,,
SEA,2023,1.0,PHO,81,71,13.0,8.0,0.0,0.0,0.0,2.0,0.0,0.0,0.0,0.0,0.0,0.0,0.0,0.0,0.0,0.0,1.0,0.0,1.0,0.0,1.0,1.0,0.0,0.0,0.0,0.0,0.0,0.0,0.0,,,,,,,,,,,,,,,,,,,,,,,,,,,,,,,,,,,,,,,,,,,,,,,,,,,,,,,,,,,,,,,,,,,,,,,,,,,,,,,,,,,,,,,,,,,,,,,,,,,,,,,,,,,,,,,,,,,,,,,,,,,,,,,,,,,,,,,,,,,
SEA,2023,1.0,MIN,70,78,18.0,8.0,0.0,0.0,0.0,2.0,0.0,0.0,0.0,0.0,0.0,0.0,0.0,0.0,0.0,0.0,1.0,0.0,1.0,0.0,1.0,1.0,0.0,0.0,0.0,0.0,0.0,0.0,0.0,,,,,,,,,,,,,,,,,,,,,,,,,,,,,,,,,,,,,,,,,,,,,,,,,,,,,,,,,,,,,,,,,,,,,,,,,,,,,,,,,,,,,,,,,,,,,,,,,,,,,,,,,,,,,,,,,,,,,,,,,,,,,,,,,,,,,,,,,,,
SEA,2023,0.0,MIN,88,74,20.0,8.0,0.0,0.0,0.0,2.0,0.0,0.0,0.0,0.0,0.0,0.0,0.0,0.0,0.0,0.0,1.0,0.0,1.0,0.0,1.0,1.0,0.0,0.0,0.0,0.0,0.0,0.0,0.0,,,,,,,,,,,,,,,,,,,,,,,,,,,,,,,,,,,,,,,,,,,,,,,,,,,,,,,,,,,,,,,,,,,,,,,,,,,,,,,,,,,,,,,,,,,,,,,,,,,,,,,,,,,,,,,,,,,,,,,,,,,,,,,,,,,,,,,,,,,
SEA,2023,0.0,CHI,79,102,22.0,8.0,0.0,0.0,0.0,2.0,0.0,0.0,0.0,0.0,0.0,0.0,0.0,0.0,0.0,0.0,1.0,0.0,1.0,0.0,1.0,1.0,0.0,0.0,0.0,0.0,0.0,0.0,0.0,,,,,,,,,,,,,,,,,,,,,,,,,,,,,,,,,,,,,,,,,,,,,,,,,,,,,,,,,,,,,,,,,,,,,,,,,,,,,,,,,,,,,,,,,,,,,,,,,,,,,,,,,,,,,,,,,,,,,,,,,,,,,,,,,,,,,,,,,,,
SEA,2023,0.0,IND,86,90,24.0,8.0,0.0,0.0,0.0,2.0,0.0,0.0,0.0,0.0,0.0,0.0,0.0,0.0,0.0,0.0,1.0,0.0,1.0,0.0,1.0,1.0,0.0,0.0,0.0,0.0,0.0,0.0,0.0,,,,,,,,,,,,,,,,,,,,,,,,,,,,,,,,,,,,,,,,,,,,,,,,,,,,,,,,,,,,,,,,,,,,,,,,,,,,,,,,,,,,,,,,,,,,,,,,,,,,,,,,,,,,,,,,,,,,,,,,,,,,,,,,,,,,,,,,,,,
SEA,2023,1.0,CHI,85,90,27.0,8.0,0.0,0.0,0.0,1.0,0.0,0.0,0.0,0.0,0.0,0.0,0.0,0.0,0.0,0.0,0.0,0.0,1.0,0.0,1.0,1.0,0.0,0.0,0.0,0.0,0.0,0.0,0.0,,,,,,,,,,,,,,,,,,,,,,,,,,,,,,,,,,,,,,,,,,,,,,,,,,,,,,,,,,,,,,,,,,,,,,,,,,,,,,,,,,,,,,,,,,,,,,,,,,,,,,,,,,,,,,,,,,,,,,,,,,,,,,,,,,,,,,,,,,,
SEA,2023,0.0,LAS,72,61,31.0,8.0,0.0,0.0,0.0,2.0,0.0,0.0,0.0,0.0,0.0,0.0,0.0,0.0,0.0,0.0,1.0,0.0,1.0,0.0,1.0,1.0,0.0,0.0,0.0,0.0,0.0,0.0,0.0,,,,,,,,,,,,,,,,,,,,,,,,,,,,,,,,,,,,,,,,,,,,,,,,,,,,,,,,,,,,,,,,,,,,,,,,,,,,,,,,,,,,,,,,,,,,,,,,,,,,,,,,,,,,,,,,,,,,,,,,,,,,,,,,,,,,,,,,,,,
SEA,2023,0.0,LVA,77,103,2.0,9.0,0.0,0.0,0.0,2.0,0.0,0.0,0.0,0.0,0.0,0.0,0.0,0.0,0.0,0.0,1.0,0.0,1.0,0.0,1.0,1.0,0.0,0.0,0.0,0.0,0.0,0.0,0.0,,,,,,,,,,,,,,,,,,,,,,,,,,,,,,,,,,,,,,,,,,,,,,,,,,,,,,,,,,,,,,,,,,,,,,,,,,,,,,,,,,,,,,,,,,,,,,,,,,,,,,,,,,,,,,,,,,,,,,,,,,,,,,,,,,,,,,,,,,,
SEA,2023,0.0,ATL,68,79,6.0,9.0,0.0,0.0,0.0,2.0,0.0,0.0,0.0,0.0,0.0,0.0,0.0,0.0,0.0,0.0,1.0,0.0,1.0,0.0,1.0,1.0,0.0,0.0,0.0,0.0,0.0,0.0,0.0,,,,,,,,,,,,,,,,,,,,,,,,,,,,,,,,,,,,,,,,,,,,,,,,,,,,,,,,,,,,,,,,,,,,,,,,,,,,,,,,,,,,,,,,,,,,,,,,,,,,,,,,,,,,,,,,,,,,,,,,,,,,,,,,,,,,,,,,,,,
SEA,2023,0.0,DAL,91,106,8.0,9.0,0.0,0.0,0.0,2.0,0.0,0.0,0.0,0.0,0.0,0.0,0.0,0.0,0.0,0.0,1.0,0.0,1.0,0.0,1.0,1.0,0.0,0.0,0.0,0.0,0.0,0.0,0.0,,,,,,,,,,,,,,,,,,,,,,,,,,,,,,,,,,,,,,,,,,,,,,,,,,,,,,,,,,,,,,,,,,,,,,,,,,,,,,,,,,,,,,,,,,,,,,,,,,,,,,,,,,,,,,,,,,,,,,,,,,,,,,,,,,,,,,,,,,,
SEA,2023,1.0,LAS,89,91,10.0,9.0,0.0,0.0,0.0,1.0,0.0,0.0,0.0,0.0,0.0,0.0,0.0,0.0,0.0,0.0,0.0,0.0,1.0,0.0,1.0,1.0,0.0,0.0,0.0,0.0,0.0,0.0,0.0,,,,,,,,,,,,,,,,,,,,,,,,,,,,,,,,,,,,,,,,,,,,,,,,,,,,,,,,,,,,,,,,,,,,,,,,,,,,,,,,,,,,,,,,,,,,,,,,,,,,,,,,,,,,,,,,,,,,,,,,,,,,,,,,,,,,,,,,,,,
WAS,2023,1.0,NYL,80,64,19.0,5.0,0.0,0.0,0.0,0.0,0.0,1.0,0.0,0.0,0.0,0.0,0.0,0.0,0.0,0.0,0.0,0.0,0.0,0.0,0.0,0.0,0.0,0.0,0.0,0.0,0.0,0.0,0.0,,,,,,,,,,,,,,,,,,,,,,,,,,,,,,,,,,,,,,,,,,,,,,,,,,,,,,,,,,,,,,,,,,,,,,,,,,,,,,,,,,,,,,,,,,,,,,,,,,,,,,,,,,,,,,,,,,,,,,,,,,,,,,,,,,,,,,,,,,,
WAS,2023,0.0,CON,74,80,21.0,5.0,0.0,0.0,0.0,0.0,0.0,1.0,0.0,0.0,0.0,0.0,0.0,0.0,0.0,0.0,0.0,0.0,0.0,0.0,0.0,0.0,0.0,0.0,0.0,0.0,0.0,0.0,0.0,,,,,,,,,,,,,,,,,,,,,,,,,,,,,,,,,,,,,,,,,,,,,,,,,,,,,,,,,,,,,,,,,,,,,,,,,,,,,,,,,,,,,,,,,,,,,,,,,,,,,,,,,,,,,,,,,,,,,,,,,,,,,,,,,,,,,,,,,,,
WAS,2023,1.0,CON,81,88,23.0,5.0,0.0,0.0,0.0,0.0,0.0,1.0,0.0,0.0,0.0,0.0,0.0,0.0,0.0,0.0,0.0,0.0,0.0,0.0,0.0,0.0,0.0,0.0,0.0,0.0,0.0,0.0,0.0,,,,,,,,,,,,,,,,,,,,,,,,,,,,,,,,,,,,,,,,,,,,,,,,,,,,,,,,,,,,,,,,,,,,,,,,,,,,,,,,,,,,,,,,,,,,,,,,,,,,,,,,,,,,,,,,,,,,,,,,,,,,,,,,,,,,,,,,,,,
WAS,2023,0.0,CHI,71,69,26.0,5.0,0.0,0.0,0.0,0.0,0.0,1.0,0.0,0.0,0.0,0.0,0.0,0.0,0.0,0.0,0.0,0.0,0.0,0.0,0.0,0.0,0.0,0.0,0.0,0.0,0.0,0.0,0.0,,,,,,,,,,,,,,,,,,,,,,,,,,,,,,,,,,,,,,,,,,,,,,,,,,,,,,,,,,,,,,,,,,,,,,,,,,,,,,,,,,,,,,,,,,,,,,,,,,,,,,,,,,,,,,,,,,,,,,,,,,,,,,,,,,,,,,,,,,,
WAS,2023,1.0,DAL,75,74,2.0,6.0,0.0,0.0,0.0,0.0,0.0,1.0,0.0,0.0,0.0,0.0,0.0,0.0,0.0,0.0,0.0,0.0,0.0,0.0,0.0,0.0,0.0,0.0,0.0,0.0,0.0,0.0,0.0,,,,,,,,,,,,,,,,,,,,,,,,,,,,,,,,,,,,,,,,,,,,,,,,,,,,,,,,,,,,,,,,,,,,,,,,,,,,,,,,,,,,,,,,,,,,,,,,,,,,,,,,,,,,,,,,,,,,,,,,,,,,,,,,,,,,,,,,,,,
WAS,2023,1.0,MIN,78,80,3.0,6.0,0.0,0.0,0.0,0.0,0.0,1.0,0.0,0.0,0.0,0.0,0.0,0.0,0.0,0.0,0.0,0.0,0.0,0.0,0.0,0.0,0.0,0.0,0.0,0.0,0.0,0.0,0.0,,,,,,,,,,,,,,,,,,,,,,,,,,,,,,,,,,,,,,,,,,,,,,,,,,,,,,,,,,,,,,,,,,,,,,,,,,,,,,,,,,,,,,,,,,,,,,,,,,,,,,,,,,,,,,,,,,,,,,,,,,,,,,,,,,,,,,,,,,,
WAS,2023,0.0,SEA,73,66,9.0,6.0,0.0,0.0,0.0,0.0,0.0,1.0,0.0,0.0,0.0,0.0,0.0,0.0,0.0,0.0,0.0,0.0,0.0,0.0,0.0,0.0,0.0,0.0,0.0,0.0,0.0,0.0,0.0,,,,,,,,,,,,,,,,,,,,,,,,,,,,,,,,,,,,,,,,,,,,,,,,,,,,,,,,,,,,,,,,,,,,,,,,,,,,,,,,,,,,,,,,,,,,,,,,,,,,,,,,,,,,,,,,,,,,,,,,,,,,,,,,,,,,,,,,,,,
WAS,2023,0.0,SEA,71,65,11.0,6.0,0.0,0.0,0.0,0.0,0.0,1.0,0.0,0.0,0.0,0.0,0.0,0.0,0.0,0.0,0.0,0.0,0.0,0.0,0.0,0.0,0.0,0.0,0.0,0.0,0.0,0.0,0.0,,,,,,,,,,,,,,,,,,,,,,,,,,,,,,,,,,,,,,,,,,,,,,,,,,,,,,,,,,,,,,,,,,,,,,,,,,,,,,,,,,,,,,,,,,,,,,,,,,,,,,,,,,,,,,,,,,,,,,,,,,,,,,,,,,,,,,,,,,,
WAS,2023,0.0,IND,66,87,13.0,6.0,0.0,0.0,0.0,0.0,0.0,1.0,0.0,0.0,0.0,0.0,0.0,0.0,0.0,0.0,0.0,0.0,0.0,0.0,0.0,0.0,0.0,0.0,0.0,0.0,0.0,0.0,0.0,,,,,,,,,,,,,,,,,,,,,,,,,,,,,,,,,,,,,,,,,,,,,,,,,,,,,,,,,,,,,,,,,,,,,,,,,,,,,,,,,,,,,,,,,,,,,,,,,,,,,,,,,,,,,,,,,,,,,,,,,,,,,,,,,,,,,,,,,,,
WAS,2023,1.0,PHO,88,69,16.0,6.0,0.0,0.0,0.0,0.0,0.0,1.0,0.0,0.0,0.0,0.0,0.0,0.0,0.0,0.0,0.0,0.0,0.0,0.0,0.0,0.0,0.0,0.0,0.0,0.0,0.0,0.0,0.0,,,,,,,,,,,,,,,,,,,,,,,,,,,,,,,,,,,,,,,,,,,,,,,,,,,,,,,,,,,,,,,,,,,,,,,,,,,,,,,,,,,,,,,,,,,,,,,,,,,,,,,,,,,,,,,,,,,,,,,,,,,,,,,,,,,,,,,,,,,
WAS,2023,1.0,CHI,77,69,18.0,6.0,0.0,0.0,0.0,0.0,0.0,1.0,0.0,0.0,0.0,0.0,0.0,0.0,0.0,0.0,0.0,0.0,0.0,0.0,0.0,0.0,0.0,0.0,0.0,0.0,0.0,0.0,0.0,,,,,,,,,,,,,,,,,,,,,,,,,,,,,,,,,,,,,,,,,,,,,,,,,,,,,,,,,,,,,,,,,,,,,,,,,,,,,,,,,,,,,,,,,,,,,,,,,,,,,,,,,,,,,,,,,,,,,,,,,,,,,,,,,,,,,,,,,,,
WAS,2023,0.0,CHI,80,59,22.0,6.0,0.0,0.0,0.0,0.0,0.0,1.0,0.0,0.0,0.0,0.0,0.0,0.0,0.0,0.0,0.0,0.0,0.0,0.0,0.0,0.0,0.0,0.0,0.0,0.0,0.0,0.0,0.0,,,,,,,,,,,,,,,,,,,,,,,,,,,,,,,,,,,,,,,,,,,,,,,,,,,,,,,,,,,,,,,,,,,,,,,,,,,,,,,,,,,,,,,,,,,,,,,,,,,,,,,,,,,,,,,,,,,,,,,,,,,,,,,,,,,,,,,,,,,
WAS,2023,0.0,NYL,88,89,25.0,6.0,0.0,0.0,0.0,0.0,0.0,1.0,0.0,0.0,0.0,0.0,0.0,0.0,0.0,0.0,0.0,0.0,0.0,0.0,0.0,0.0,0.0,0.0,0.0,0.0,0.0,0.0,0.0,,,,,,,,,,,,,,,,,,,,,,,,,,,,,,,,,,,,,,,,,,,,,,,,,,,,,,,,,,,,,,,,,,,,,,,,,,,,,,,,,,,,,,,,,,,,,,,,,,,,,,,,,,,,,,,,,,,,,,,,,,,,,,,,,,,,,,,,,,,
WAS,2023,1.0,ATL,109,86,28.0,6.0,0.0,0.0,0.0,0.0,0.0,0.0,0.0,0.0,0.0,0.0,0.0,0.0,0.0,0.0,0.0,0.0,0.0,0.0,0.0,0.0,0.0,0.0,0.0,0.0,0.0,0.0,0.0,,,,,,,,,,,,,,,,,,,,,,,,,,,,,,,,,,,,,,,,,,,,,,,,,,,,,,,,,,,,,,,,,,,,,,,,,,,,,,,,,,,,,,,,,,,,,,,,,,,,,,,,,,,,,,,,,,,,,,,,,,,,,,,,,,,,,,,,,,,
WAS,2023,0.0,ATL,89,94,30.0,6.0,0.0,0.0,0.0,0.0,0.0,0.0,0.0,0.0,0.0,0.0,0.0,0.0,0.0,0.0,0.0,0.0,0.0,0.0,0.0,0.0,0.0,0.0,0.0,0.0,0.0,0.0,0.0,,,,,,,,,,,,,,,,,,,,,,,,,,,,,,,,,,,,,,,,,,,,,,,,,,,,,,,,,,,,,,,,,,,,,,,,,,,,,,,,,,,,,,,,,,,,,,,,,,,,,,,,,,,,,,,,,,,,,,,,,,,,,,,,,,,,,,,,,,,
WAS,2023,0.0,DAL,72,89,2.0,7.0,0.0,0.0,0.0,0.0,0.0,0.0,0.0,0.0,0.0,0.0,0.0,0.0,0.0,0.0,0.0,0.0,0.0,0.0,0.0,0.0,0.0,0.0,0.0,0.0,0.0,0.0,0.0,,,,,,,,,,,,,,,,,,,,,,,,,,,,,,,,,,,,,,,,,,,,,,,,,,,,,,,,,,,,,,,,,,,,,,,,,,,,,,,,,,,,,,,,,,,,,,,,,,,,,,,,,,,,,,,,,,,,,,,,,,,,,,,,,,,,,,,,,,,
WAS,2023,1.0,IND,96,88,7.0,7.0,0.0,0.0,0.0,0.0,0.0,0.0,0.0,0.0,0.0,0.0,0.0,0.0,0.0,0.0,0.0,0.0,0.0,0.0,0.0,0.0,0.0,1.0,0.0,0.0,0.0,0.0,0.0,,,,,,,,,,,,,,,,,,,,,,,,,,,,,,,,,,,,,,,,,,,,,,,,,,,,,,,,,,,,,,,,,,,,,,,,,,,,,,,,,,,,,,,,,,,,,,,,,,,,,,,,,,,,,,,,,,,,,,,,,,,,,,,,,,,,,,,,,,,
WAS,2023,0.0,CON,84,92,9.0,7.0,0.0,0.0,0.0,0.0,0.0,0.0,0.0,0.0,0.0,0.0,0.0,0.0,0.0,0.0,0.0,0.0,0.0,0.0,0.0,0.0,0.0,1.0,0.0,0.0,0.0,0.0,0.0,,,,,,,,,,,,,,,,,,,,,,,,,,,,,,,,,,,,,,,,,,,,,,,,,,,,,,,,,,,,,,,,,,,,,,,,,,,,,,,,,,,,,,,,,,,,,,,,,,,,,,,,,,,,,,,,,,,,,,,,,,,,,,,,,,,,,,,,,,,
WAS,2023,1.0,SEA,93,86,11.0,7.0,0.0,0.0,0.0,0.0,0.0,0.0,0.0,0.0,0.0,0.0,0.0,0.0,0.0,0.0,0.0,0.0,0.0,0.0,0.0,0.0,0.0,1.0,0.0,0.0,0.0,0.0,0.0,,,,,,,,,,,,,,,,,,,,,,,,,,,,,,,,,,,,,,,,,,,,,,,,,,,,,,,,,,,,,,,,,,,,,,,,,,,,,,,,,,,,,,,,,,,,,,,,,,,,,,,,,,,,,,,,,,,,,,,,,,,,,,,,,,,,,,,,,,,
WAS,2023,1.0,IND,76,82,19.0,7.0,0.0,0.0,0.0,0.0,0.0,0.0,0.0,0.0,0.0,0.0,0.0,0.0,0.0,0.0,0.0,0.0,0.0,0.0,0.0,0.0,0.0,1.0,0.0,0.0,0.0,0.0,0.0,,,,,,,,,,,,,,,,,,,,,,,,,,,,,,,,,,,,,,,,,,,,,,,,,,,,,,,,,,,,,,,,,,,,,,,,,,,,,,,,,,,,,,,,,,,,,,,,,,,,,,,,,,,,,,,,,,,,,,,,,,,,,,,,,,,,,,,,,,,
WAS,2023,1.0,NYL,87,96,21.0,7.0,0.0,0.0,0.0,0.0,0.0,0.0,0.0,0.0,0.0,0.0,0.0,0.0,0.0,0.0,0.0,0.0,0.0,0.0,0.0,0.0,0.0,1.0,0.0,0.0,0.0,0.0,0.0,,,,,,,,,,,,,,,,,,,,,,,,,,,,,,,,,,,,,,,,,,,,,,,,,,,,,,,,,,,,,,,,,,,,,,,,,,,,,,,,,,,,,,,,,,,,,,,,,,,,,,,,,,,,,,,,,,,,,,,,,,,,,,,,,,,,,,,,,,,
WAS,2023,1.0,PHO,84,69,23.0,7.0,0.0,0.0,0.0,0.0,0.0,0.0,0.0,0.0,0.0,0.0,0.0,0.0,0.0,0.0,0.0,0.0,0.0,0.0,0.0,0.0,0.0,1.0,0.0,0.0,0.0,0.0,0.0,,,,,,,,,,,,,,,,,,,,,,,,,,,,,,,,,,,,,,,,,,,,,,,,,,,,,,,,,,,,,,,,,,,,,,,,,,,,,,,,,,,,,,,,,,,,,,,,,,,,,,,,,,,,,,,,,,,,,,,,,,,,,,,,,,,,,,,,,,,
WAS,2023,0.0,MIN,92,97,26.0,7.0,0.0,0.0,0.0,0.0,0.0,0.0,0.0,0.0,0.0,0.0,0.0,0.0,0.0,0.0,0.0,0.0,0.0,0.0,0.0,0.0,0.0,1.0,0.0,0.0,0.0,0.0,0.0,,,,,,,,,,,,,,,,,,,,,,,,,,,,,,,,,,,,,,,,,,,,,,,,,,,,,,,,,,,,,,,,,,,,,,,,,,,,,,,,,,,,,,,,,,,,,,,,,,,,,,,,,,,,,,,,,,,,,,,,,,,,,,,,,,,,,,,,,,,
WAS,2023,0.0,DAL,62,90,28.0,7.0,0.0,0.0,0.0,0.0,0.0,0.0,0.0,0.0,0.0,0.0,0.0,0.0,0.0,0.0,0.0,0.0,0.0,0.0,0.0,0.0,0.0,1.0,0.0,0.0,0.0,0.0,0.0,,,,,,,,,,,,,,,,,,,,,,,,,,,,,,,,,,,,,,,,,,,,,,,,,,,,,,,,,,,,,,,,,,,,,,,,,,,,,,,,,,,,,,,,,,,,,,,,,,,,,,,,,,,,,,,,,,,,,,,,,,,,,,,,,,,,,,,,,,,
WAS,2023,0.0,ATL,73,80,30.0,7.0,0.0,0.0,0.0,0.0,0.0,0.0,0.0,0.0,0.0,0.0,0.0,0.0,0.0,0.0,0.0,0.0,0.0,0.0,0.0,0.0,0.0,1.0,0.0,0.0,0.0,0.0,0.0,,,,,,,,,,,,,,,,,,,,,,,,,,,,,,,,,,,,,,,,,,,,,,,,,,,,,,,,,,,,,,,,,,,,,,,,,,,,,,,,,,,,,,,,,,,,,,,,,,,,,,,,,,,,,,,,,,,,,,,,,,,,,,,,,,,,,,,,,,,
WAS,2023,1.0,LAS,79,77,4.0,8.0,0.0,0.0,0.0,0.0,0.0,0.0,0.0,0.0,0.0,0.0,0.0,0.0,0.0,0.0,0.0,0.0,0.0,0.0,0.0,0.0,0.0,1.0,0.0,0.0,0.0,0.0,0.0,,,,,,,,,,,,,,,,,,,,,,,,,,,,,,,,,,,,,,,,,,,,,,,,,,,,,,,,,,,,,,,,,,,,,,,,,,,,,,,,,,,,,,,,,,,,,,,,,,,,,,,,,,,,,,,,,,,,,,,,,,,,,,,,,,,,,,,,,,,
WAS,2023,1.0,LAS,83,91,6.0,8.0,0.0,0.0,0.0,0.0,0.0,0.0,0.0,0.0,0.0,0.0,0.0,0.0,0.0,0.0,0.0,0.0,0.0,0.0,0.0,0.0,0.0,1.0,0.0,0.0,0.0,0.0,0.0,,,,,,,,,,,,,,,,,,,,,,,,,,,,,,,,,,,,,,,,,,,,,,,,,,,,,,,,,,,,,,,,,,,,,,,,,,,,,,,,,,,,,,,,,,,,,,,,,,,,,,,,,,,,,,,,,,,,,,,,,,,,,,,,,,,,,,,,,,,
WAS,2023,0.0,PHO,72,91,8.0,8.0,0.0,0.0,0.0,0.0,0.0,0.0,0.0,0.0,0.0,0.0,0.0,0.0,0.0,0.0,0.0,0.0,0.0,0.0,0.0,0.0,0.0,1.0,0.0,0.0,0.0,0.0,0.0,,,,,,,,,,,,,,,,,,,,,,,,,,,,,,,,,,,,,,,,,,,,,,,,,,,,,,,,,,,,,,,,,,,,,,,,,,,,,,,,,,,,,,,,,,,,,,,,,,,,,,,,,,,,,,,,,,,,,,,,,,,,,,,,,,,,,,,,,,,
WAS,2023,0.0,LVA,89,113,11.0,8.0,0.0,0.0,0.0,0.0,0.0,0.0,0.0,0.0,0.0,0.0,0.0,0.0,0.0,0.0,0.0,0.0,0.0,0.0,0.0,0.0,0.0,1.0,0.0,0.0,0.0,0.0,0.0,,,,,,,,,,,,,,,,,,,,,,,,,,,,,,,,,,,,,,,,,,,,,,,,,,,,,,,,,,,,,,,,,,,,,,,,,,,,,,,,,,,,,,,,,,,,,,,,,,,,,,,,,,,,,,,,,,,,,,,,,,,,,,,,,,,,,,,,,,,
WAS,2023,1.0,CHI,83,76,13.0,8.0,0.0,0.0,0.0,0.0,0.0,1.0,0.0,0.0,0.0,0.0,0.0,0.0,0.0,0.0,0.0,0.0,0.0,0.0,0.0,0.0,0.0,1.0,0.0,0.0,0.0,0.0,0.0,,,,,,,,,,,,,,,,,,,,,,,,,,,,,,,,,,,,,,,,,,,,,,,,,,,,,,,,,,,,,,,,,,,,,,,,,,,,,,,,,,,,,,,,,,,,,,,,,,,,,,,,,,,,,,,,,,,,,,,,,,,,,,,,,,,,,,,,,,,
WAS,2023,0.0,IND,83,79,18.0,8.0,0.0,0.0,0.0,0.0,0.0,1.0,0.0,0.0,0.0,0.0,0.0,0.0,0.0,0.0,0.0,0.0,0.0,0.0,0.0,0.0,0.0,1.0,0.0,0.0,0.0,0.0,0.0,,,,,,,,,,,,,,,,,,,,,,,,,,,,,,,,,,,,,,,,,,,,,,,,,,,,,,,,,,,,,,,,,,,,,,,,,,,,,,,,,,,,,,,,,,,,,,,,,,,,,,,,,,,,,,,,,,,,,,,,,,,,,,,,,,,,,,,,,,,
WAS,2023,1.0,DAL,84,97,20.0,8.0,0.0,0.0,0.0,0.0,0.0,0.0,0.0,0.0,0.0,0.0,0.0,0.0,0.0,0.0,0.0,0.0,0.0,0.0,0.0,0.0,0.0,1.0,0.0,0.0,0.0,0.0,0.0,,,,,,,,,,,,,,,,,,,,,,,,,,,,,,,,,,,,,,,,,,,,,,,,,,,,,,,,,,,,,,,,,,,,,,,,,,,,,,,,,,,,,,,,,,,,,,,,,,,,,,,,,,,,,,,,,,,,,,,,,,,,,,,,,,,,,,,,,,,
WAS,2023,1.0,CON,64,68,22.0,8.0,0.0,0.0,0.0,0.0,0.0,1.0,0.0,0.0,0.0,0.0,0.0,0.0,0.0,0.0,0.0,0.0,0.0,0.0,0.0,0.0,0.0,1.0,0.0,0.0,0.0,0.0,0.0,,,,,,,,,,,,,,,,,,,,,,,,,,,,,,,,,,,,,,,,,,,,,,,,,,,,,,,,,,,,,,,,,,,,,,,,,,,,,,,,,,,,,,,,,,,,,,,,,,,,,,,,,,,,,,,,,,,,,,,,,,,,,,,,,,,,,,,,,,,
WAS,2023,1.0,LVA,78,62,26.0,8.0,0.0,0.0,0.0,0.0,0.0,1.0,0.0,0.0,0.0,0.0,0.0,0.0,0.0,0.0,0.0,0.0,0.0,0.0,0.0,0.0,0.0,0.0,0.0,0.0,0.0,0.0,0.0,,,,,,,,,,,,,,,,,,,,,,,,,,,,,,,,,,,,,,,,,,,,,,,,,,,,,,,,,,,,,,,,,,,,,,,,,,,,,,,,,,,,,,,,,,,,,,,,,,,,,,,,,,,,,,,,,,,,,,,,,,,,,,,,,,,,,,,,,,,
WAS,2023,1.0,MIN,83,72,29.0,8.0,0.0,0.0,0.0,0.0,0.0,1.0,0.0,0.0,0.0,0.0,0.0,0.0,0.0,0.0,0.0,0.0,0.0,0.0,0.0,0.0,0.0,0.0,0.0,0.0,0.0,0.0,0.0,,,,,,,,,,,,,,,,,,,,,,,,,,,,,,,,,,,,,,,,,,,,,,,,,,,,,,,,,,,,,,,,,,,,,,,,,,,,,,,,,,,,,,,,,,,,,,,,,,,,,,,,,,,,,,,,,,,,,,,,,,,,,,,,,,,,,,,,,,,
WAS,2023,0.0,LVA,75,84,31.0,8.0,0.0,0.0,0.0,0.0,0.0,1.0,0.0,0.0,0.0,0.0,0.0,0.0,0.0,0.0,0.0,0.0,0.0,0.0,0.0,0.0,0.0,0.0,0.0,0.0,0.0,0.0,0.0,,,,,,,,,,,,,,,,,,,,,,,,,,,,,,,,,,,,,,,,,,,,,,,,,,,,,,,,,,,,,,,,,,,,,,,,,,,,,,,,,,,,,,,,,,,,,,,,,,,,,,,,,,,,,,,,,,,,,,,,,,,,,,,,,,,,,,,,,,,
WAS,2023,0.0,LAS,64,72,3.0,9.0,0.0,0.0,0.0,0.0,0.0,0.0,0.0,0.0,0.0,0.0,0.0,0.0,0.0,0.0,0.0,0.0,0.0,0.0,0.0,0.0,0.0,1.0,0.0,0.0,0.0,0.0,0.0,,,,,,,,,,,,,,,,,,,,,,,,,,,,,,,,,,,,,,,,,,,,,,,,,,,,,,,,,,,,,,,,,,,,,,,,,,,,,,,,,,,,,,,,,,,,,,,,,,,,,,,,,,,,,,,,,,,,,,,,,,,,,,,,,,,,,,,,,,,
WAS,2023,0.0,PHO,100,77,5.0,9.0,0.0,0.0,0.0,0.0,0.0,0.0,0.0,0.0,0.0,0.0,0.0,0.0,0.0,0.0,0.0,0.0,0.0,0.0,0.0,0.0,0.0,1.0,0.0,0.0,0.0,0.0,0.0,,,,,,,,,,,,,,,,,,,,,,,,,,,,,,,,,,,,,,,,,,,,,,,,,,,,,,,,,,,,,,,,,,,,,,,,,,,,,,,,,,,,,,,,,,,,,,,,,,,,,,,,,,,,,,,,,,,,,,,,,,,,,,,,,,,,,,,,,,,
WAS,2023,1.0,ATL,75,80,8.0,9.0,0.0,0.0,0.0,0.0,0.0,0.0,0.0,0.0,0.0,0.0,0.0,0.0,0.0,0.0,0.0,0.0,0.0,0.0,0.0,0.0,0.0,1.0,0.0,0.0,0.0,0.0,0.0,,,,,,,,,,,,,,,,,,,,,,,,,,,,,,,,,,,,,,,,,,,,,,,,,,,,,,,,,,,,,,,,,,,,,,,,,,,,,,,,,,,,,,,,,,,,,,,,,,,,,,,,,,,,,,,,,,,,,,,,,,,,,,,,,,,,,,,,,,,
WAS,2023,0.0,NYL,90,88,10.0,9.0,0.0,0.0,0.0,0.0,0.0,0.0,0.0,0.0,0.0,0.0,0.0,0.0,0.0,0.0,0.0,0.0,0.0,0.0,0.0,0.0,0.0,1.0,0.0,0.0,0.0,0.0,0.0,,,,,,,,,,,,,,,,,,,,,,,,,,,,,,,,,,,,,,,,,,,,,,,,,,,,,,,,,,,,,,,,,,,,,,,,,,,,,,,,,,,,,,,,,,,,,,,,,,,,,,,,,,,,,,,,,,,,,,,,,,,,,,,,,,,,,,,,,,,
LVA,2023,0.0,SEA,105,64,20.0,5.0,0.0,0.0,0.0,0.0,0.0,0.0,0.0,0.0,0.0,0.0,0.0,0.0,0.0,0.0,0.0,0.0,0.0,0.0,0.0,0.0,0.0,0.0,0.0,0.0,0.0,0.0,0.0,,,,,,,,,,,,,,,,,,,,,,,,,,,,,,,,,,,,,,,,,,,,,,,,,,,,,,,,,,,,,,,,,,,,,,,,,,,,,,,,,,,,,,,,,,,,,,,,,,,,,,,,,,,,,,,,,,,,,,,,,,,,,,,,,,,,,,,,,,,
LVA,2023,0.0,LAS,94,85,25.0,5.0,0.0,0.0,0.0,0.0,0.0,0.0,0.0,0.0,0.0,0.0,0.0,0.0,0.0,0.0,0.0,0.0,0.0,0.0,0.0,0.0,0.0,0.0,0.0,0.0,0.0,0.0,0.0,,,,,,,,,,,,,,,,,,,,,,,,,,,,,,,,,,,,,,,,,,,,,,,,,,,,,,,,,,,,,,,,,,,,,,,,,,,,,,,,,,,,,,,,,,,,,,,,,,,,,,,,,,,,,,,,,,,,,,,,,,,,,,,,,,,,,,,,,,,
LVA,2023,1.0,LAS,93,65,27.0,5.0,0.0,0.0,0.0,0.0,0.0,0.0,0.0,0.0,0.0,0.0,0.0,0.0,0.0,0.0,0.0,0.0,0.0,0.0,0.0,0.0,0.0,0.0,0.0,0.0,0.0,0.0,0.0,,,,,,,,,,,,,,,,,,,,,,,,,,,,,,,,,,,,,,,,,,,,,,,,,,,,,,,,,,,,,,,,,,,,,,,,,,,,,,,,,,,,,,,,,,,,,,,,,,,,,,,,,,,,,,,,,,,,,,,,,,,,,,,,,,,,,,,,,,,
LVA,2023,1.0,MIN,94,73,28.0,5.0,0.0,0.0,0.0,0.0,0.0,0.0,0.0,0.0,0.0,0.0,0.0,0.0,0.0,0.0,0.0,0.0,0.0,0.0,0.0,0.0,0.0,0.0,0.0,0.0,0.0,0.0,0.0,,,,,,,,,,,,,,,,,,,,,,,,,,,,,,,,,,,,,,,,,,,,,,,,,,,,,,,,,,,,,,,,,,,,,,,,,,,,,,,,,,,,,,,,,,,,,,,,,,,,,,,,,,,,,,,,,,,,,,,,,,,,,,,,,,,,,,,,,,,
LVA,2023,0.0,ATL,92,87,2.0,6.0,0.0,0.0,0.0,0.0,0.0,0.0,0.0,0.0,0.0,0.0,0.0,0.0,0.0,0.0,0.0,0.0,0.0,0.0,0.0,0.0,0.0,0.0,0.0,0.0,0.0,0.0,0.0,,,,,,,,,,,,,,,,,,,,,,,,,,,,,,,,,,,,,,,,,,,,,,,,,,,,,,,,,,,,,,,,,,,,,,,,,,,,,,,,,,,,,,,,,,,,,,,,,,,,,,,,,,,,,,,,,,,,,,,,,,,,,,,,,,,,,,,,,,,
LVA,2023,0.0,IND,84,80,4.0,6.0,0.0,0.0,0.0,0.0,0.0,0.0,0.0,0.0,0.0,0.0,0.0,0.0,0.0,0.0,0.0,0.0,0.0,0.0,0.0,0.0,0.0,0.0,0.0,0.0,0.0,0.0,0.0,,,,,,,,,,,,,,,,,,,,,,,,,,,,,,,,,,,,,,,,,,,,,,,,,,,,,,,,,,,,,,,,,,,,,,,,,,,,,,,,,,,,,,,,,,,,,,,,,,,,,,,,,,,,,,,,,,,,,,,,,,,,,,,,,,,,,,,,,,,
LVA,2023,0.0,CON,90,84,6.0,6.0,0.0,0.0,0.0,0.0,0.0,0.0,0.0,0.0,0.0,0.0,0.0,0.0,0.0,0.0,0.0,0.0,0.0,0.0,0.0,0.0,0.0,0.0,0.0,0.0,0.0,0.0,0.0,,,,,,,,,,,,,,,,,,,,,,,,,,,,,,,,,,,,,,,,,,,,,,,,,,,,,,,,,,,,,,,,,,,,,,,,,,,,,,,,,,,,,,,,,,,,,,,,,,,,,,,,,,,,,,,,,,,,,,,,,,,,,,,,,,,,,,,,,,,
LVA,2023,0.0,CON,77,94,8.0,6.0,0.0,0.0,0.0,0.0,0.0,0.0,0.0,0.0,0.0,0.0,0.0,0.0,0.0,0.0,0.0,0.0,0.0,0.0,0.0,0.0,0.0,0.0,0.0,0.0,0.0,0.0,0.0,,,,,,,,,,,,,,,,,,,,,,,,,,,,,,,,,,,,,,,,,,,,,,,,,,,,,,,,,,,,,,,,,,,,,,,,,,,,,,,,,,,,,,,,,,,,,,,,,,,,,,,,,,,,,,,,,,,,,,,,,,,,,,,,,,,,,,,,,,,
LVA,2023,1.0,CHI,93,80,11.0,6.0,0.0,0.0,0.0,0.0,0.0,0.0,0.0,0.0,0.0,0.0,0.0,0.0,0.0,0.0,0.0,0.0,0.0,0.0,0.0,0.0,0.0,0.0,0.0,0.0,0.0,0.0,0.0,,,,,,,,,,,,,,,,,,,,,,,,,,,,,,,,,,,,,,,,,,,,,,,,,,,,,,,,,,,,,,,,,,,,,,,,,,,,,,,,,,,,,,,,,,,,,,,,,,,,,,,,,,,,,,,,,,,,,,,,,,,,,,,,,,,,,,,,,,,
LVA,2023,1.0,SEA,96,63,15.0,6.0,0.0,0.0,0.0,0.0,0.0,0.0,0.0,0.0,0.0,0.0,0.0,0.0,0.0,0.0,0.0,0.0,0.0,0.0,0.0,0.0,0.0,0.0,0.0,0.0,0.0,0.0,0.0,,,,,,,,,,,,,,,,,,,,,,,,,,,,,,,,,,,,,,,,,,,,,,,,,,,,,,,,,,,,,,,,,,,,,,,,,,,,,,,,,,,,,,,,,,,,,,,,,,,,,,,,,,,,,,,,,,,,,,,,,,,,,,,,,,,,,,,,,,,
LVA,2023,1.0,MIN,93,62,18.0,6.0,0.0,0.0,0.0,0.0,0.0,0.0,0.0,0.0,0.0,0.0,0.0,0.0,0.0,0.0,0.0,0.0,0.0,0.0,0.0,0.0,0.0,0.0,0.0,0.0,0.0,0.0,0.0,,,,,,,,,,,,,,,,,,,,,,,,,,,,,,,,,,,,,,,,,,,,,,,,,,,,,,,,,,,,,,,,,,,,,,,,,,,,,,,,,,,,,,,,,,,,,,,,,,,,,,,,,,,,,,,,,,,,,,,,,,,,,,,,,,,,,,,,,,,
LVA,2023,0.0,PHO,99,79,21.0,6.0,0.0,0.0,0.0,0.0,0.0,0.0,0.0,0.0,0.0,0.0,0.0,0.0,0.0,0.0,0.0,0.0,0.0,0.0,0.0,0.0,0.0,0.0,0.0,0.0,0.0,0.0,0.0,,,,,,,,,,,,,,,,,,,,,,,,,,,,,,,,,,,,,,,,,,,,,,,,,,,,,,,,,,,,,,,,,,,,,,,,,,,,,,,,,,,,,,,,,,,,,,,,,,,,,,,,,,,,,,,,,,,,,,,,,,,,,,,,,,,,,,,,,,,
LVA,2023,1.0,IND,101,88,24.0,6.0,0.0,0.0,0.0,0.0,0.0,0.0,0.0,0.0,0.0,0.0,0.0,0.0,0.0,0.0,0.0,0.0,0.0,0.0,0.0,0.0,0.0,0.0,0.0,0.0,0.0,0.0,0.0,,,,,,,,,,,,,,,,,,,,,,,,,,,,,,,,,,,,,,,,,,,,,,,,,,,,,,,,,,,,,,,,,,,,,,,,,,,,,,,,,,,,,,,,,,,,,,,,,,,,,,,,,,,,,,,,,,,,,,,,,,,,,,,,,,,,,,,,,,,
LVA,2023,1.0,IND,88,80,26.0,6.0,0.0,0.0,0.0,0.0,0.0,0.0,0.0,0.0,0.0,0.0,0.0,0.0,0.0,0.0,0.0,0.0,0.0,0.0,0.0,0.0,0.0,0.0,0.0,0.0,0.0,0.0,0.0,,,,,,,,,,,,,,,,,,,,,,,,,,,,,,,,,,,,,,,,,,,,,,,,,,,,,,,,,,,,,,,,,,,,,,,,,,,,,,,,,,,,,,,,,,,,,,,,,,,,,,,,,,,,,,,,,,,,,,,,,,,,,,,,,,,,,,,,,,,
LVA,2023,1.0,NYL,98,81,29.0,6.0,0.0,0.0,0.0,0.0,0.0,0.0,0.0,0.0,0.0,0.0,0.0,0.0,0.0,0.0,0.0,0.0,0.0,0.0,0.0,0.0,0.0,0.0,0.0,0.0,0.0,0.0,0.0,,,,,,,,,,,,,,,,,,,,,,,,,,,,,,,,,,,,,,,,,,,,,,,,,,,,,,,,,,,,,,,,,,,,,,,,,,,,,,,,,,,,,,,,,,,,,,,,,,,,,,,,,,,,,,,,,,,,,,,,,,,,,,,,,,,,,,,,,,,
LVA,2023,1.0,CON,102,84,1.0,7.0,0.0,0.0,0.0,0.0,0.0,0.0,0.0,0.0,0.0,0.0,0.0,0.0,0.0,0.0,0.0,0.0,0.0,0.0,0.0,0.0,0.0,0.0,0.0,0.0,0.0,0.0,0.0,,,,,,,,,,,,,,,,,,,,,,,,,,,,,,,,,,,,,,,,,,,,,,,,,,,,,,,,,,,,,,,,,,,,,,,,,,,,,,,,,,,,,,,,,,,,,,,,,,,,,,,,,,,,,,,,,,,,,,,,,,,,,,,,,,,,,,,,,,,
LVA,2023,1.0,DAL,89,82,5.0,7.0,0.0,0.0,0.0,0.0,0.0,0.0,0.0,0.0,0.0,0.0,0.0,0.0,0.0,0.0,0.0,0.0,0.0,0.0,0.0,0.0,0.0,0.0,0.0,0.0,0.0,0.0,0.0,,,,,,,,,,,,,,,,,,,,,,,,,,,,,,,,,,,,,,,,,,,,,,,,,,,,,,,,,,,,,,,,,,,,,,,,,,,,,,,,,,,,,,,,,,,,,,,,,,,,,,,,,,,,,,,,,,,,,,,,,,,,,,,,,,,,,,,,,,,
LVA,2023,0.0,DAL,78,80,7.0,7.0,0.0,0.0,0.0,0.0,0.0,0.0,0.0,0.0,0.0,0.0,0.0,0.0,0.0,0.0,0.0,0.0,0.0,0.0,0.0,0.0,0.0,0.0,0.0,0.0,0.0,0.0,0.0,,,,,,,,,,,,,,,,,,,,,,,,,,,,,,,,,,,,,,,,,,,,,,,,,,,,,,,,,,,,,,,,,,,,,,,,,,,,,,,,,,,,,,,,,,,,,,,,,,,,,,,,,,,,,,,,,,,,,,,,,,,,,,,,,,,,,,,,,,,
LVA,2023,0.0,MIN,113,89,9.0,7.0,0.0,0.0,0.0,0.0,0.0,0.0,0.0,0.0,0.0,0.0,0.0,0.0,0.0,0.0,0.0,0.0,0.0,0.0,0.0,0.0,0.0,0.0,0.0,0.0,0.0,0.0,0.0,,,,,,,,,,,,,,,,,,,,,,,,,,,,,,,,,,,,,,,,,,,,,,,,,,,,,,,,,,,,,,,,,,,,,,,,,,,,,,,,,,,,,,,,,,,,,,,,,,,,,,,,,,,,,,,,,,,,,,,,,,,,,,,,,,,,,,,,,,,
LVA,2023,1.0,PHO,98,72,11.0,7.0,0.0,0.0,0.0,0.0,0.0,0.0,0.0,0.0,0.0,0.0,0.0,0.0,0.0,0.0,0.0,0.0,0.0,0.0,0.0,0.0,0.0,0.0,0.0,0.0,0.0,0.0,0.0,,,,,,,,,,,,,,,,,,,,,,,,,,,,,,,,,,,,,,,,,,,,,,,,,,,,,,,,,,,,,,,,,,,,,,,,,,,,,,,,,,,,,,,,,,,,,,,,,,,,,,,,,,,,,,,,,,,,,,,,,,,,,,,,,,,,,,,,,,,
LVA,2023,0.0,LAS,97,78,12.0,7.0,0.0,0.0,0.0,0.0,0.0,0.0,0.0,0.0,0.0,0.0,0.0,0.0,0.0,0.0,0.0,0.0,0.0,0.0,0.0,0.0,0.0,0.0,0.0,0.0,0.0,0.0,0.0,,,,,,,,,,,,,,,,,,,,,,,,,,,,,,,,,,,,,,,,,,,,,,,,,,,,,,,,,,,,,,,,,,,,,,,,,,,,,,,,,,,,,,,,,,,,,,,,,,,,,,,,,,,,,,,,,,,,,,,,,,,,,,,,,,,,,,,,,,,
LVA,2023,0.0,SEA,79,63,20.0,7.0,0.0,0.0,0.0,0.0,0.0,0.0,0.0,0.0,0.0,0.0,0.0,0.0,0.0,0.0,0.0,0.0,0.0,0.0,0.0,0.0,0.0,0.0,0.0,0.0,0.0,0.0,0.0,,,,,,,,,,,,,,,,,,,,,,,,,,,,,,,,,,,,,,,,,,,,,,,,,,,,,,,,,,,,,,,,,,,,,,,,,,,,,,,,,,,,,,,,,,,,,,,,,,,,,,,,,,,,,,,,,,,,,,,,,,,,,,,,,,,,,,,,,,,
LVA,2023,0.0,MIN,98,81,22.0,7.0,0.0,0.0,0.0,0.0,0.0,0.0,0.0,0.0,0.0,0.0,0.0,0.0,0.0,0.0,0.0,0.0,0.0,0.0,0.0,0.0,0.0,0.0,0.0,0.0,0.0,0.0,0.0,,,,,,,,,,,,,,,,,,,,,,,,,,,,,,,,,,,,,,,,,,,,,,,,,,,,,,,,,,,,,,,,,,,,,,,,,,,,,,,,,,,,,,,,,,,,,,,,,,,,,,,,,,,,,,,,,,,,,,,,,,,,,,,,,,,,,,,,,,,
LVA,2023,0.0,CHI,107,95,25.0,7.0,0.0,0.0,0.0,0.0,0.0,0.0,0.0,0.0,0.0,0.0,0.0,0.0,0.0,0.0,0.0,0.0,0.0,0.0,0.0,0.0,0.0,0.0,0.0,0.0,0.0,0.0,0.0,,,,,,,,,,,,,,,,,,,,,,,,,,,,,,,,,,,,,,,,,,,,,,,,,,,,,,,,,,,,,,,,,,,,,,,,,,,,,,,,,,,,,,,,,,,,,,,,,,,,,,,,,,,,,,,,,,,,,,,,,,,,,,,,,,,,,,,,,,,
LVA,2023,1.0,DAL,104,91,30.0,7.0,0.0,0.0,0.0,0.0,0.0,0.0,0.0,0.0,0.0,0.0,0.0,0.0,0.0,0.0,0.0,0.0,0.0,0.0,0.0,0.0,0.0,0.0,0.0,0.0,0.0,0.0,0.0,,,,,,,,,,,,,,,,,,,,,,,,,,,,,,,,,,,,,,,,,,,,,,,,,,,,,,,,,,,,,,,,,,,,,,,,,,,,,,,,,,,,,,,,,,,,,,,,,,,,,,,,,,,,,,,,,,,,,,,,,,,,,,,,,,,,,,,,,,,
LVA,2023,1.0,ATL,93,72,1.0,8.0,0.0,0.0,0.0,0.0,0.0,0.0,0.0,0.0,0.0,0.0,0.0,0.0,0.0,0.0,0.0,0.0,0.0,0.0,0.0,0.0,0.0,0.0,0.0,0.0,0.0,0.0,0.0,,,,,,,,,,,,,,,,,,,,,,,,,,,,,,,,,,,,,,,,,,,,,,,,,,,,,,,,,,,,,,,,,,,,,,,,,,,,,,,,,,,,,,,,,,,,,,,,,,,,,,,,,,,,,,,,,,,,,,,,,,,,,,,,,,,,,,,,,,,
LVA,2023,0.0,NYL,61,99,6.0,8.0,0.0,0.0,0.0,0.0,0.0,0.0,0.0,0.0,0.0,0.0,0.0,0.0,0.0,0.0,0.0,0.0,0.0,0.0,0.0,0.0,0.0,0.0,0.0,0.0,0.0,0.0,0.0,,,,,,,,,,,,,,,,,,,,,,,,,,,,,,,,,,,,,,,,,,,,,,,,,,,,,,,,,,,,,,,,,,,,,,,,,,,,,,,,,,,,,,,,,,,,,,,,,,,,,,,,,,,,,,,,,,,,,,,,,,,,,,,,,,,,,,,,,,,
LVA,2023,0.0,DAL,104,84,8.0,8.0,0.0,0.0,0.0,0.0,0.0,0.0,0.0,0.0,0.0,0.0,0.0,0.0,0.0,0.0,0.0,0.0,0.0,0.0,0.0,0.0,0.0,0.0,0.0,0.0,0.0,0.0,0.0,,,,,,,,,,,,,,,,,,,,,,,,,,,,,,,,,,,,,,,,,,,,,,,,,,,,,,,,,,,,,,,,,,,,,,,,,,,,,,,,,,,,,,,,,,,,,,,,,,,,,,,,,,,,,,,,,,,,,,,,,,,,,,,,,,,,,,,,,,,
LVA,2023,1.0,WAS,113,89,11.0,8.0,0.0,0.0,0.0,0.0,0.0,0.0,0.0,0.0,0.0,0.0,0.0,0.0,0.0,0.0,0.0,0.0,0.0,0.0,0.0,0.0,0.0,0.0,0.0,0.0,0.0,0.0,0.0,,,,,,,,,,,,,,,,,,,,,,,,,,,,,,,,,,,,,,,,,,,,,,,,,,,,,,,,,,,,,,,,,,,,,,,,,,,,,,,,,,,,,,,,,,,,,,,,,,,,,,,,,,,,,,,,,,,,,,,,,,,,,,,,,,,,,,,,,,,
LVA,2023,1.0,ATL,86,65,13.0,8.0,0.0,0.0,0.0,0.0,0.0,0.0,0.0,0.0,0.0,0.0,0.0,0.0,0.0,0.0,0.0,0.0,0.0,0.0,0.0,0.0,0.0,0.0,0.0,0.0,0.0,0.0,0.0,,,,,,,,,,,,,,,,,,,,,,,,,,,,,,,,,,,,,,,,,,,,,,,,,,,,,,,,,,,,,,,,,,,,,,,,,,,,,,,,,,,,,,,,,,,,,,,,,,,,,,,,,,,,,,,,,,,,,,,,,,,,,,,,,,,,,,,,,,,
LVA,2023,1.0,NYL,88,75,17.0,8.0,0.0,0.0,0.0,0.0,0.0,0.0,0.0,0.0,0.0,0.0,0.0,0.0,0.0,0.0,0.0,0.0,0.0,0.0,0.0,0.0,0.0,0.0,0.0,0.0,0.0,0.0,0.0,,,,,,,,,,,,,,,,,,,,,,,,,,,,,,,,,,,,,,,,,,,,,,,,,,,,,,,,,,,,,,,,,,,,,,,,,,,,,,,,,,,,,,,,,,,,,,,,,,,,,,,,,,,,,,,,,,,,,,,,,,,,,,,,,,,,,,,,,,,
LVA,2023,1.0,LAS,72,78,19.0,8.0,0.0,0.0,0.0,0.0,0.0,0.0,0.0,0.0,0.0,0.0,0.0,0.0,0.0,0.0,0.0,0.0,0.0,0.0,0.0,0.0,0.0,0.0,0.0,0.0,0.0,0.0,0.0,,,,,,,,,,,,,,,,,,,,,,,,,,,,,,,,,,,,,,,,,,,,,,,,,,,,,,,,,,,,,,,,,,,,,,,,,,,,,,,,,,,,,,,,,,,,,,,,,,,,,,,,,,,,,,,,,,,,,,,,,,,,,,,,,,,,,,,,,,,
LVA,2023,0.0,ATL,112,100,22.0,8.0,0.0,0.0,0.0,0.0,0.0,0.0,0.0,0.0,0.0,0.0,0.0,0.0,0.0,0.0,0.0,0.0,0.0,0.0,0.0,0.0,0.0,0.0,0.0,0.0,0.0,0.0,0.0,,,,,,,,,,,,,,,,,,,,,,,,,,,,,,,,,,,,,,,,,,,,,,,,,,,,,,,,,,,,,,,,,,,,,,,,,,,,,,,,,,,,,,,,,,,,,,,,,,,,,,,,,,,,,,,,,,,,,,,,,,,,,,,,,,,,,,,,,,,
LVA,2023,0.0,CHI,94,87,24.0,8.0,0.0,0.0,0.0,0.0,0.0,0.0,0.0,0.0,0.0,0.0,0.0,0.0,0.0,0.0,0.0,0.0,0.0,0.0,0.0,0.0,0.0,0.0,0.0,0.0,0.0,0.0,0.0,,,,,,,,,,,,,,,,,,,,,,,,,,,,,,,,,,,,,,,,,,,,,,,,,,,,,,,,,,,,,,,,,,,,,,,,,,,,,,,,,,,,,,,,,,,,,,,,,,,,,,,,,,,,,,,,,,,,,,,,,,,,,,,,,,,,,,,,,,,
LVA,2023,0.0,WAS,62,78,26.0,8.0,0.0,0.0,0.0,0.0,0.0,0.0,0.0,0.0,0.0,0.0,0.0,0.0,0.0,0.0,0.0,0.0,0.0,0.0,0.0,0.0,0.0,0.0,0.0,0.0,0.0,0.0,0.0,,,,,,,,,,,,,,,,,,,,,,,,,,,,,,,,,,,,,,,,,,,,,,,,,,,,,,,,,,,,,,,,,,,,,,,,,,,,,,,,,,,,,,,,,,,,,,,,,,,,,,,,,,,,,,,,,,,,,,,,,,,,,,,,,,,,,,,,,,,
LVA,2023,0.0,NYL,85,94,28.0,8.0,0.0,0.0,0.0,0.0,0.0,0.0,0.0,0.0,0.0,0.0,0.0,0.0,0.0,0.0,0.0,0.0,0.0,0.0,0.0,0.0,0.0,0.0,0.0,0.0,0.0,0.0,0.0,,,,,,,,,,,,,,,,,,,,,,,,,,,,,,,,,,,,,,,,,,,,,,,,,,,,,,,,,,,,,,,,,,,,,,,,,,,,,,,,,,,,,,,,,,,,,,,,,,,,,,,,,,,,,,,,,,,,,,,,,,,,,,,,,,,,,,,,,,,
LVA,2023,1.0,WAS,84,75,31.0,8.0,0.0,0.0,0.0,0.0,0.0,0.0,0.0,0.0,0.0,0.0,0.0,0.0,0.0,0.0,0.0,0.0,0.0,0.0,0.0,0.0,0.0,0.0,0.0,0.0,0.0,0.0,0.0,,,,,,,,,,,,,,,,,,,,,,,,,,,,,,,,,,,,,,,,,,,,,,,,,,,,,,,,,,,,,,,,,,,,,,,,,,,,,,,,,,,,,,,,,,,,,,,,,,,,,,,,,,,,,,,,,,,,,,,,,,,,,,,,,,,,,,,,,,,
LVA,2023,1.0,SEA,103,77,2.0,9.0,0.0,0.0,0.0,0.0,0.0,0.0,0.0,0.0,0.0,0.0,0.0,0.0,0.0,0.0,0.0,0.0,0.0,0.0,0.0,0.0,0.0,0.0,0.0,0.0,0.0,0.0,0.0,,,,,,,,,,,,,,,,,,,,,,,,,,,,,,,,,,,,,,,,,,,,,,,,,,,,,,,,,,,,,,,,,,,,,,,,,,,,,,,,,,,,,,,,,,,,,,,,,,,,,,,,,,,,,,,,,,,,,,,,,,,,,,,,,,,,,,,,,,,
LVA,2023,0.0,PHO,94,73,8.0,9.0,0.0,0.0,0.0,0.0,0.0,0.0,0.0,0.0,0.0,0.0,0.0,0.0,0.0,0.0,0.0,0.0,0.0,0.0,0.0,0.0,0.0,0.0,0.0,0.0,0.0,0.0,0.0,,,,,,,,,,,,,,,,,,,,,,,,,,,,,,,,,,,,,,,,,,,,,,,,,,,,,,,,,,,,,,,,,,,,,,,,,,,,,,,,,,,,,,,,,,,,,,,,,,,,,,,,,,,,,,,,,,,,,,,,,,,,,,,,,,,,,,,,,,,
LVA,2023,1.0,PHO,100,85,10.0,9.0,0.0,0.0,0.0,0.0,0.0,0.0,0.0,0.0,0.0,0.0,0.0,0.0,0.0,0.0,0.0,0.0,0.0,0.0,0.0,0.0,0.0,0.0,0.0,0.0,0.0,0.0,0.0,,,,,,,,,,,,,,,,,,,,,,,,,,,,,,,,,,,,,,,,,,,,,,,,,,,,,,,,,,,,,,,,,,,,,,,,,,,,,,,,,,,,,,,,,,,,,,,,,,,,,,,,,,,,,,,,,,,,,,,,,,,,,,,,,,,,,,,,,,,
ATL,2024,0.0,LAS,92,81,15.0,5.0,0.0,1.0,0.0,0.0,0.0,1.0,0.0,0.0,0.0,0.0,1.0,1.0,2.0,0.0,0.0,0.0,1.0,0.0,2.0,0.0,0.0,0.0,1.0,1.0,1.0,0.0,1.0,27.8,68.1,0.408,6.0,19.4,0.308,21.8,48.7,0.448,15.4,20.0,0.771,9.2,26.9,36.1,18.4,7.2,3.7,12.5,16.9,77.0,28.9,67.4,0.429,8.0,23.1,0.344,21.0,44.3,0.473,14.0,17.6,0.797,7.5,27.2,34.6,20.1,6.9,4.1,12.5,17.6,79.8,35.7,87.5,0.408,7.7,24.9,0.308,28.0,62.6,0.448,19.8,25.7,0.771,11.9,34.5,46.4,23.6,9.3,4.8,16.0,21.7,99.0,37.1,86.6,0.429,10.2,29.7,0.344,26.9,56.9,0.473,18.0,22.6,0.797,9.6,34.9,44.5,25.8,8.8,5.3,16.1,22.6,102.5,0.408,12.8,0.715,0.228,0.226,0.137,0.124,0.285,0.448,0.616,0.374,0.339,0.395,0.308,0.599,0.891,0.21,0.288,0.429,13.0,0.657,0.243,0.223,0.102,0.09,0.343,0.473,0.617,0.4,0.358,0.397,0.344,0.628,0.874,0.215,0.357,27.7,-2.75,0.36,-2.39,99.0,102.5,-3.5,77.1,0.294,0.285,0.501,0.452,14.0,25.4,0.227,0.488,14.3,78.3,0.208
ATL,2024,0.0,PHO,85,88,18.0,5.0,0.0,1.0,0.0,0.0,0.0,1.0,0.0,0.0,0.0,0.0,1.0,1.0,2.0,0.0,0.0,0.0,1.0,0.0,2.0,0.0,0.0,0.0,1.0,1.0,1.0,0.0,1.0,27.8,68.1,0.408,6.0,19.4,0.308,21.8,48.7,0.448,15.4,20.0,0.771,9.2,26.9,36.1,18.4,7.2,3.7,12.5,16.9,77.0,28.9,67.4,0.429,8.0,23.1,0.344,21.0,44.3,0.473,14.0,17.6,0.797,7.5,27.2,34.6,20.1,6.9,4.1,12.5,17.6,79.8,35.7,87.5,0.408,7.7,24.9,0.308,28.0,62.6,0.448,19.8,25.7,0.771,11.9,34.5,46.4,23.6,9.3,4.8,16.0,21.7,99.0,37.1,86.6,0.429,10.2,29.7,0.344,26.9,56.9,0.473,18.0,22.6,0.797,9.6,34.9,44.5,25.8,8.8,5.3,16.1,22.6,102.5,0.408,12.8,0.715,0.228,0.226,0.137,0.124,0.285,0.448,0.616,0.374,0.339,0.395,0.308,0.599,0.891,0.21,0.288,0.429,13.0,0.657,0.243,0.223,0.102,0.09,0.343,0.473,0.617,0.4,0.358,0.397,0.344,0.628,0.874,0.215,0.357,27.7,-2.75,0.36,-2.39,99.0,102.5,-3.5,77.1,0.294,0.285,0.501,0.452,14.0,25.4,0.227,0.488,14.3,78.3,0.208
ATL,2024,1.0,DAL,83,78,21.0,5.0,0.0,1.0,0.0,0.0,0.0,1.0,0.0,0.0,0.0,0.0,1.0,1.0,2.0,0.0,0.0,0.0,0.0,0.0,2.0,0.0,0.0,0.0,1.0,1.0,1.0,0.0,1.0,27.8,68.1,0.408,6.0,19.4,0.308,21.8,48.7,0.448,15.4,20.0,0.771,9.2,26.9,36.1,18.4,7.2,3.7,12.5,16.9,77.0,28.9,67.4,0.429,8.0,23.1,0.344,21.0,44.3,0.473,14.0,17.6,0.797,7.5,27.2,34.6,20.1,6.9,4.1,12.5,17.6,79.8,35.7,87.5,0.408,7.7,24.9,0.308,28.0,62.6,0.448,19.8,25.7,0.771,11.9,34.5,46.4,23.6,9.3,4.8,16.0,21.7,99.0,37.1,86.6,0.429,10.2,29.7,0.344,26.9,56.9,0.473,18.0,22.6,0.797,9.6,34.9,44.5,25.8,8.8,5.3,16.1,22.6,102.5,0.408,12.8,0.715,0.228,0.226,0.137,0.124,0.285,0.448,0.616,0.374,0.339,0.395,0.308,0.599,0.891,0.21,0.288,0.429,13.0,0.657,0.243,0.223,0.102,0.09,0.343,0.473,0.617,0.4,0.358,0.397,0.344,0.628,0.874,0.215,0.357,27.7,-2.75,0.36,-2.39,99.0,102.5,-3.5,77.1,0.294,0.285,0.501,0.452,14.0,25.4,0.227,0.488,14.3,78.3,0.208
ATL,2024,1.0,MIN,79,92,26.0,5.0,0.0,1.0,0.0,0.0,0.0,1.0,0.0,0.0,0.0,0.0,1.0,1.0,2.0,0.0,0.0,0.0,1.0,0.0,2.0,0.0,0.0,0.0,1.0,1.0,1.0,0.0,1.0,27.8,68.1,0.408,6.0,19.4,0.308,21.8,48.7,0.448,15.4,20.0,0.771,9.2,26.9,36.1,18.4,7.2,3.7,12.5,16.9,77.0,28.9,67.4,0.429,8.0,23.1,0.344,21.0,44.3,0.473,14.0,17.6,0.797,7.5,27.2,34.6,20.1,6.9,4.1,12.5,17.6,79.8,35.7,87.5,0.408,7.7,24.9,0.308,28.0,62.6,0.448,19.8,25.7,0.771,11.9,34.5,46.4,23.6,9.3,4.8,16.0,21.7,99.0,37.1,86.6,0.429,10.2,29.7,0.344,26.9,56.9,0.473,18.0,22.6,0.797,9.6,34.9,44.5,25.8,8.8,5.3,16.1,22.6,102.5,0.408,12.8,0.715,0.228,0.226,0.137,0.124,0.285,0.448,0.616,0.374,0.339,0.395,0.308,0.599,0.891,0.21,0.288,0.429,13.0,0.657,0.243,0.223,0.102,0.09,0.343,0.473,0.617,0.4,0.358,0.397,0.344,0.628,0.874,0.215,0.357,27.7,-2.75,0.36,-2.39,99.0,102.5,-3.5,77.1,0.294,0.285,0.501,0.452,14.0,25.4,0.227,0.488,14.3,78.3,0.208
ATL,2024,0.0,WAS,73,67,29.0,5.0,0.0,1.0,0.0,0.0,0.0,1.0,0.0,0.0,0.0,0.0,1.0,1.0,2.0,0.0,0.0,0.0,0.0,0.0,2.0,0.0,0.0,0.0,1.0,1.0,1.0,0.0,1.0,27.8,68.1,0.408,6.0,19.4,0.308,21.8,48.7,0.448,15.4,20.0,0.771,9.2,26.9,36.1,18.4,7.2,3.7,12.5,16.9,77.0,28.9,67.4,0.429,8.0,23.1,0.344,21.0,44.3,0.473,14.0,17.6,0.797,7.5,27.2,34.6,20.1,6.9,4.1,12.5,17.6,79.8,35.7,87.5,0.408,7.7,24.9,0.308,28.0,62.6,0.448,19.8,25.7,0.771,11.9,34.5,46.4,23.6,9.3,4.8,16.0,21.7,99.0,37.1,86.6,0.429,10.2,29.7,0.344,26.9,56.9,0.473,18.0,22.6,0.797,9.6,34.9,44.5,25.8,8.8,5.3,16.1,22.6,102.5,0.408,12.8,0.715,0.228,0.226,0.137,0.124,0.285,0.448,0.616,0.374,0.339,0.395,0.308,0.599,0.891,0.21,0.288,0.429,13.0,0.657,0.243,0.223,0.102,0.09,0.343,0.473,0.617,0.4,0.358,0.397,0.344,0.628,0.874,0.215,0.357,27.7,-2.75,0.36,-2.39,99.0,102.5,-3.5,77.1,0.294,0.285,0.501,0.452,14.0,25.4,0.227,0.488,14.3,78.3,0.208
ATL,2024,1.0,LVA,78,74,31.0,5.0,0.0,1.0,0.0,0.0,0.0,1.0,0.0,0.0,0.0,0.0,1.0,1.0,2.0,0.0,0.0,0.0,0.0,0.0,2.0,0.0,0.0,0.0,1.0,1.0,1.0,0.0,1.0,27.8,68.1,0.408,6.0,19.4,0.308,21.8,48.7,0.448,15.4,20.0,0.771,9.2,26.9,36.1,18.4,7.2,3.7,12.5,16.9,77.0,28.9,67.4,0.429,8.0,23.1,0.344,21.0,44.3,0.473,14.0,17.6,0.797,7.5,27.2,34.6,20.1,6.9,4.1,12.5,17.6,79.8,35.7,87.5,0.408,7.7,24.9,0.308,28.0,62.6,0.448,19.8,25.7,0.771,11.9,34.5,46.4,23.6,9.3,4.8,16.0,21.7,99.0,37.1,86.6,0.429,10.2,29.7,0.344,26.9,56.9,0.473,18.0,22.6,0.797,9.6,34.9,44.5,25.8,8.8,5.3,16.1,22.6,102.5,0.408,12.8,0.715,0.228,0.226,0.137,0.124,0.285,0.448,0.616,0.374,0.339,0.395,0.308,0.599,0.891,0.21,0.288,0.429,13.0,0.657,0.243,0.223,0.102,0.09,0.343,0.473,0.617,0.4,0.358,0.397,0.344,0.628,0.874,0.215,0.357,27.7,-2.75,0.36,-2.39,99.0,102.5,-3.5,77.1,0.294,0.285,0.501,0.452,14.0,25.4,0.227,0.488,14.3,78.3,0.208
ATL,2024,1.0,CON,50,69,2.0,6.0,0.0,1.0,0.0,0.0,0.0,1.0,0.0,0.0,0.0,0.0,1.0,1.0,2.0,0.0,0.0,0.0,1.0,0.0,2.0,0.0,0.0,0.0,1.0,1.0,1.0,0.0,1.0,27.8,68.1,0.408,6.0,19.4,0.308,21.8,48.7,0.448,15.4,20.0,0.771,9.2,26.9,36.1,18.4,7.2,3.7,12.5,16.9,77.0,28.9,67.4,0.429,8.0,23.1,0.344,21.0,44.3,0.473,14.0,17.6,0.797,7.5,27.2,34.6,20.1,6.9,4.1,12.5,17.6,79.8,35.7,87.5,0.408,7.7,24.9,0.308,28.0,62.6,0.448,19.8,25.7,0.771,11.9,34.5,46.4,23.6,9.3,4.8,16.0,21.7,99.0,37.1,86.6,0.429,10.2,29.7,0.344,26.9,56.9,0.473,18.0,22.6,0.797,9.6,34.9,44.5,25.8,8.8,5.3,16.1,22.6,102.5,0.408,12.8,0.715,0.228,0.226,0.137,0.124,0.285,0.448,0.616,0.374,0.339,0.395,0.308,0.599,0.891,0.21,0.288,0.429,13.0,0.657,0.243,0.223,0.102,0.09,0.343,0.473,0.617,0.4,0.358,0.397,0.344,0.628,0.874,0.215,0.357,27.7,-2.75,0.36,-2.39,99.0,102.5,-3.5,77.1,0.294,0.285,0.501,0.452,14.0,25.4,0.227,0.488,14.3,78.3,0.208
ATL,2024,1.0,NYL,61,78,6.0,6.0,0.0,1.0,0.0,0.0,0.0,1.0,0.0,0.0,0.0,0.0,1.0,1.0,2.0,0.0,0.0,0.0,1.0,0.0,2.0,0.0,0.0,0.0,1.0,1.0,1.0,0.0,1.0,27.8,68.1,0.408,6.0,19.4,0.308,21.8,48.7,0.448,15.4,20.0,0.771,9.2,26.9,36.1,18.4,7.2,3.7,12.5,16.9,77.0,28.9,67.4,0.429,8.0,23.1,0.344,21.0,44.3,0.473,14.0,17.6,0.797,7.5,27.2,34.6,20.1,6.9,4.1,12.5,17.6,79.8,35.7,87.5,0.408,7.7,24.9,0.308,28.0,62.6,0.448,19.8,25.7,0.771,11.9,34.5,46.4,23.6,9.3,4.8,16.0,21.7,99.0,37.1,86.6,0.429,10.2,29.7,0.344,26.9,56.9,0.473,18.0,22.6,0.797,9.6,34.9,44.5,25.8,8.8,5.3,16.1,22.6,102.5,0.408,12.8,0.715,0.228,0.226,0.137,0.124,0.285,0.448,0.616,0.374,0.339,0.395,0.308,0.599,0.891,0.21,0.288,0.429,13.0,0.657,0.243,0.223,0.102,0.09,0.343,0.473,0.617,0.4,0.358,0.397,0.344,0.628,0.874,0.215,0.357,27.7,-2.75,0.36,-2.39,99.0,102.5,-3.5,77.1,0.294,0.285,0.501,0.452,14.0,25.4,0.227,0.488,14.3,78.3,0.208
ATL,2024,0.0,CHI,89,80,8.0,6.0,0.0,1.0,0.0,0.0,0.0,1.0,0.0,0.0,0.0,0.0,1.0,1.0,2.0,0.0,0.0,0.0,0.0,0.0,2.0,0.0,0.0,0.0,1.0,1.0,1.0,0.0,1.0,27.8,68.1,0.408,6.0,19.4,0.308,21.8,48.7,0.448,15.4,20.0,0.771,9.2,26.9,36.1,18.4,7.2,3.7,12.5,16.9,77.0,28.9,67.4,0.429,8.0,23.1,0.344,21.0,44.3,0.473,14.0,17.6,0.797,7.5,27.2,34.6,20.1,6.9,4.1,12.5,17.6,79.8,35.7,87.5,0.408,7.7,24.9,0.308,28.0,62.6,0.448,19.8,25.7,0.771,11.9,34.5,46.4,23.6,9.3,4.8,16.0,21.7,99.0,37.1,86.6,0.429,10.2,29.7,0.344,26.9,56.9,0.473,18.0,22.6,0.797,9.6,34.9,44.5,25.8,8.8,5.3,16.1,22.6,102.5,0.408,12.8,0.715,0.228,0.226,0.137,0.124,0.285,0.448,0.616,0.374,0.339,0.395,0.308,0.599,0.891,0.21,0.288,0.429,13.0,0.657,0.243,0.223,0.102,0.09,0.343,0.473,0.617,0.4,0.358,0.397,0.344,0.628,0.874,0.215,0.357,27.7,-2.75,0.36,-2.39,99.0,102.5,-3.5,77.1,0.294,0.285,0.501,0.452,14.0,25.4,0.227,0.488,14.3,78.3,0.208
ATL,2024,1.0,WAS,68,87,11.0,6.0,0.0,1.0,0.0,0.0,0.0,1.0,0.0,0.0,0.0,0.0,1.0,1.0,2.0,0.0,0.0,0.0,1.0,0.0,2.0,0.0,0.0,0.0,1.0,1.0,1.0,0.0,1.0,27.8,68.1,0.408,6.0,19.4,0.308,21.8,48.7,0.448,15.4,20.0,0.771,9.2,26.9,36.1,18.4,7.2,3.7,12.5,16.9,77.0,28.9,67.4,0.429,8.0,23.1,0.344,21.0,44.3,0.473,14.0,17.6,0.797,7.5,27.2,34.6,20.1,6.9,4.1,12.5,17.6,79.8,35.7,87.5,0.408,7.7,24.9,0.308,28.0,62.6,0.448,19.8,25.7,0.771,11.9,34.5,46.4,23.6,9.3,4.8,16.0,21.7,99.0,37.1,86.6,0.429,10.2,29.7,0.344,26.9,56.9,0.473,18.0,22.6,0.797,9.6,34.9,44.5,25.8,8.8,5.3,16.1,22.6,102.5,0.408,12.8,0.715,0.228,0.226,0.137,0.124,0.285,0.448,0.616,0.374,0.339,0.395,0.308,0.599,0.891,0.21,0.288,0.429,13.0,0.657,0.243,0.223,0.102,0.09,0.343,0.473,0.617,0.4,0.358,0.397,0.344,0.628,0.874,0.215,0.357,27.7,-2.75,0.36,-2.39,99.0,102.5,-3.5,77.1,0.294,0.285,0.501,0.452,14.0,25.4,0.227,0.488,14.3,78.3,0.208
ATL,2024,0.0,IND,84,91,13.0,6.0,0.0,1.0,0.0,0.0,0.0,1.0,0.0,0.0,0.0,0.0,1.0,1.0,2.0,0.0,0.0,0.0,0.0,0.0,2.0,0.0,0.0,0.0,1.0,1.0,1.0,0.0,1.0,27.8,68.1,0.408,6.0,19.4,0.308,21.8,48.7,0.448,15.4,20.0,0.771,9.2,26.9,36.1,18.4,7.2,3.7,12.5,16.9,77.0,28.9,67.4,0.429,8.0,23.1,0.344,21.0,44.3,0.473,14.0,17.6,0.797,7.5,27.2,34.6,20.1,6.9,4.1,12.5,17.6,79.8,35.7,87.5,0.408,7.7,24.9,0.308,28.0,62.6,0.448,19.8,25.7,0.771,11.9,34.5,46.4,23.6,9.3,4.8,16.0,21.7,99.0,37.1,86.6,0.429,10.2,29.7,0.344,26.9,56.9,0.473,18.0,22.6,0.797,9.6,34.9,44.5,25.8,8.8,5.3,16.1,22.6,102.5,0.408,12.8,0.715,0.228,0.226,0.137,0.124,0.285,0.448,0.616,0.374,0.339,0.395,0.308,0.599,0.891,0.21,0.288,0.429,13.0,0.657,0.243,0.223,0.102,0.09,0.343,0.473,0.617,0.4,0.358,0.397,0.344,0.628,0.874,0.215,0.357,27.7,-2.75,0.36,-2.39,99.0,102.5,-3.5,77.1,0.294,0.285,0.501,0.452,14.0,25.4,0.227,0.488,14.3,78.3,0.208
ATL,2024,1.0,LAS,87,74,16.0,6.0,0.0,1.0,0.0,0.0,0.0,1.0,0.0,0.0,0.0,0.0,1.0,1.0,2.0,0.0,0.0,0.0,0.0,0.0,2.0,0.0,0.0,0.0,1.0,1.0,1.0,0.0,1.0,27.8,68.1,0.408,6.0,19.4,0.308,21.8,48.7,0.448,15.4,20.0,0.771,9.2,26.9,36.1,18.4,7.2,3.7,12.5,16.9,77.0,28.9,67.4,0.429,8.0,23.1,0.344,21.0,44.3,0.473,14.0,17.6,0.797,7.5,27.2,34.6,20.1,6.9,4.1,12.5,17.6,79.8,35.7,87.5,0.408,7.7,24.9,0.308,28.0,62.6,0.448,19.8,25.7,0.771,11.9,34.5,46.4,23.6,9.3,4.8,16.0,21.7,99.0,37.1,86.6,0.429,10.2,29.7,0.344,26.9,56.9,0.473,18.0,22.6,0.797,9.6,34.9,44.5,25.8,8.8,5.3,16.1,22.6,102.5,0.408,12.8,0.715,0.228,0.226,0.137,0.124,0.285,0.448,0.616,0.374,0.339,0.395,0.308,0.599,0.891,0.21,0.288,0.429,13.0,0.657,0.243,0.223,0.102,0.09,0.343,0.473,0.617,0.4,0.358,0.397,0.344,0.628,0.874,0.215,0.357,27.7,-2.75,0.36,-2.39,99.0,102.5,-3.5,77.1,0.294,0.285,0.501,0.452,14.0,25.4,0.227,0.488,14.3,78.3,0.208
ATL,2024,0.0,MIN,55,68,19.0,6.0,0.0,1.0,0.0,0.0,0.0,1.0,0.0,0.0,0.0,0.0,1.0,1.0,1.0,0.0,0.0,0.0,0.0,0.0,2.0,0.0,0.0,0.0,1.0,1.0,1.0,0.0,1.0,27.8,68.1,0.408,6.0,19.4,0.308,21.8,48.7,0.448,15.4,20.0,0.771,9.2,26.9,36.1,18.4,7.2,3.7,12.5,16.9,77.0,28.9,67.4,0.429,8.0,23.1,0.344,21.0,44.3,0.473,14.0,17.6,0.797,7.5,27.2,34.6,20.1,6.9,4.1,12.5,17.6,79.8,35.7,87.5,0.408,7.7,24.9,0.308,28.0,62.6,0.448,19.8,25.7,0.771,11.9,34.5,46.4,23.6,9.3,4.8,16.0,21.7,99.0,37.1,86.6,0.429,10.2,29.7,0.344,26.9,56.9,0.473,18.0,22.6,0.797,9.6,34.9,44.5,25.8,8.8,5.3,16.1,22.6,102.5,0.408,12.8,0.715,0.228,0.226,0.137,0.124,0.285,0.448,0.616,0.374,0.339,0.395,0.308,0.599,0.891,0.21,0.288,0.429,13.0,0.657,0.243,0.223,0.102,0.09,0.343,0.473,0.617,0.4,0.358,0.397,0.344,0.628,0.874,0.215,0.357,27.7,-2.75,0.36,-2.39,99.0,102.5,-3.5,77.1,0.294,0.285,0.501,0.452,14.0,25.4,0.227,0.488,14.3,78.3,0.208
ATL,2024,1.0,IND,79,91,21.0,6.0,0.0,1.0,0.0,0.0,0.0,1.0,0.0,0.0,0.0,0.0,1.0,1.0,2.0,0.0,0.0,0.0,1.0,0.0,2.0,0.0,0.0,0.0,0.0,0.0,0.0,0.0,0.0,27.8,68.1,0.408,6.0,19.4,0.308,21.8,48.7,0.448,15.4,20.0,0.771,9.2,26.9,36.1,18.4,7.2,3.7,12.5,16.9,77.0,28.9,67.4,0.429,8.0,23.1,0.344,21.0,44.3,0.473,14.0,17.6,0.797,7.5,27.2,34.6,20.1,6.9,4.1,12.5,17.6,79.8,35.7,87.5,0.408,7.7,24.9,0.308,28.0,62.6,0.448,19.8,25.7,0.771,11.9,34.5,46.4,23.6,9.3,4.8,16.0,21.7,99.0,37.1,86.6,0.429,10.2,29.7,0.344,26.9,56.9,0.473,18.0,22.6,0.797,9.6,34.9,44.5,25.8,8.8,5.3,16.1,22.6,102.5,0.408,12.8,0.715,0.228,0.226,0.137,0.124,0.285,0.448,0.616,0.374,0.339,0.395,0.308,0.599,0.891,0.21,0.288,0.429,13.0,0.657,0.243,0.223,0.102,0.09,0.343,0.473,0.617,0.4,0.358,0.397,0.344,0.628,0.874,0.215,0.357,27.7,-2.75,0.36,-2.39,99.0,102.5,-3.5,77.1,0.294,0.285,0.501,0.452,14.0,25.4,0.227,0.488,14.3,78.3,0.208
ATL,2024,1.0,NYL,75,96,23.0,6.0,0.0,1.0,0.0,0.0,0.0,1.0,0.0,0.0,0.0,0.0,1.0,1.0,2.0,0.0,0.0,0.0,1.0,1.0,2.0,0.0,0.0,0.0,0.0,0.0,0.0,0.0,0.0,27.8,68.1,0.408,6.0,19.4,0.308,21.8,48.7,0.448,15.4,20.0,0.771,9.2,26.9,36.1,18.4,7.2,3.7,12.5,16.9,77.0,28.9,67.4,0.429,8.0,23.1,0.344,21.0,44.3,0.473,14.0,17.6,0.797,7.5,27.2,34.6,20.1,6.9,4.1,12.5,17.6,79.8,35.7,87.5,0.408,7.7,24.9,0.308,28.0,62.6,0.448,19.8,25.7,0.771,11.9,34.5,46.4,23.6,9.3,4.8,16.0,21.7,99.0,37.1,86.6,0.429,10.2,29.7,0.344,26.9,56.9,0.473,18.0,22.6,0.797,9.6,34.9,44.5,25.8,8.8,5.3,16.1,22.6,102.5,0.408,12.8,0.715,0.228,0.226,0.137,0.124,0.285,0.448,0.616,0.374,0.339,0.395,0.308,0.599,0.891,0.21,0.288,0.429,13.0,0.657,0.243,0.223,0.102,0.09,0.343,0.473,0.617,0.4,0.358,0.397,0.344,0.628,0.874,0.215,0.357,27.7,-2.75,0.36,-2.39,99.0,102.5,-3.5,77.1,0.294,0.285,0.501,0.452,14.0,25.4,0.227,0.488,14.3,78.3,0.208
ATL,2024,0.0,CON,78,74,28.0,6.0,0.0,1.0,0.0,0.0,0.0,1.0,0.0,0.0,0.0,0.0,1.0,1.0,2.0,0.0,0.0,0.0,1.0,1.0,2.0,0.0,0.0,0.0,0.0,0.0,0.0,0.0,0.0,27.8,68.1,0.408,6.0,19.4,0.308,21.8,48.7,0.448,15.4,20.0,0.771,9.2,26.9,36.1,18.4,7.2,3.7,12.5,16.9,77.0,28.9,67.4,0.429,8.0,23.1,0.344,21.0,44.3,0.473,14.0,17.6,0.797,7.5,27.2,34.6,20.1,6.9,4.1,12.5,17.6,79.8,35.7,87.5,0.408,7.7,24.9,0.308,28.0,62.6,0.448,19.8,25.7,0.771,11.9,34.5,46.4,23.6,9.3,4.8,16.0,21.7,99.0,37.1,86.6,0.429,10.2,29.7,0.344,26.9,56.9,0.473,18.0,22.6,0.797,9.6,34.9,44.5,25.8,8.8,5.3,16.1,22.6,102.5,0.408,12.8,0.715,0.228,0.226,0.137,0.124,0.285,0.448,0.616,0.374,0.339,0.395,0.308,0.599,0.891,0.21,0.288,0.429,13.0,0.657,0.243,0.223,0.102,0.09,0.343,0.473,0.617,0.4,0.358,0.397,0.344,0.628,0.874,0.215,0.357,27.7,-2.75,0.36,-2.39,99.0,102.5,-3.5,77.1,0.294,0.285,0.501,0.452,14.0,25.4,0.227,0.488,14.3,78.3,0.208
ATL,2024,0.0,NYL,75,81,30.0,6.0,0.0,1.0,0.0,0.0,0.0,1.0,0.0,0.0,0.0,0.0,1.0,1.0,1.0,0.0,0.0,0.0,0.0,1.0,2.0,0.0,0.0,0.0,0.0,0.0,0.0,0.0,0.0,27.8,68.1,0.408,6.0,19.4,0.308,21.8,48.7,0.448,15.4,20.0,0.771,9.2,26.9,36.1,18.4,7.2,3.7,12.5,16.9,77.0,28.9,67.4,0.429,8.0,23.1,0.344,21.0,44.3,0.473,14.0,17.6,0.797,7.5,27.2,34.6,20.1,6.9,4.1,12.5,17.6,79.8,35.7,87.5,0.408,7.7,24.9,0.308,28.0,62.6,0.448,19.8,25.7,0.771,11.9,34.5,46.4,23.6,9.3,4.8,16.0,21.7,99.0,37.1,86.6,0.429,10.2,29.7,0.344,26.9,56.9,0.473,18.0,22.6,0.797,9.6,34.9,44.5,25.8,8.8,5.3,16.1,22.6,102.5,0.408,12.8,0.715,0.228,0.226,0.137,0.124,0.285,0.448,0.616,0.374,0.339,0.395,0.308,0.599,0.891,0.21,0.288,0.429,13.0,0.657,0.243,0.223,0.102,0.09,0.343,0.473,0.617,0.4,0.358,0.397,0.344,0.628,0.874,0.215,0.357,27.7,-2.75,0.36,-2.39,99.0,102.5,-3.5,77.1,0.294,0.285,0.501,0.452,14.0,25.4,0.227,0.488,14.3,78.3,0.208
ATL,2024,1.0,CHI,77,85,2.0,7.0,0.0,1.0,0.0,0.0,0.0,1.0,0.0,0.0,0.0,0.0,1.0,1.0,1.0,0.0,0.0,0.0,0.0,1.0,2.0,0.0,0.0,0.0,0.0,0.0,0.0,0.0,0.0,27.8,68.1,0.408,6.0,19.4,0.308,21.8,48.7,0.448,15.4,20.0,0.771,9.2,26.9,36.1,18.4,7.2,3.7,12.5,16.9,77.0,28.9,67.4,0.429,8.0,23.1,0.344,21.0,44.3,0.473,14.0,17.6,0.797,7.5,27.2,34.6,20.1,6.9,4.1,12.5,17.6,79.8,35.7,87.5,0.408,7.7,24.9,0.308,28.0,62.6,0.448,19.8,25.7,0.771,11.9,34.5,46.4,23.6,9.3,4.8,16.0,21.7,99.0,37.1,86.6,0.429,10.2,29.7,0.344,26.9,56.9,0.473,18.0,22.6,0.797,9.6,34.9,44.5,25.8,8.8,5.3,16.1,22.6,102.5,0.408,12.8,0.715,0.228,0.226,0.137,0.124,0.285,0.448,0.616,0.374,0.339,0.395,0.308,0.599,0.891,0.21,0.288,0.429,13.0,0.657,0.243,0.223,0.102,0.09,0.343,0.473,0.617,0.4,0.358,0.397,0.344,0.628,0.874,0.215,0.357,27.7,-2.75,0.36,-2.39,99.0,102.5,-3.5,77.1,0.294,0.285,0.501,0.452,14.0,25.4,0.227,0.488,14.3,78.3,0.208
ATL,2024,0.0,DAL,82,85,5.0,7.0,0.0,1.0,1.0,0.0,0.0,1.0,0.0,0.0,0.0,0.0,1.0,1.0,1.0,0.0,0.0,0.0,1.0,0.0,2.0,0.0,0.0,0.0,0.0,0.0,0.0,0.0,0.0,27.8,68.1,0.408,6.0,19.4,0.308,21.8,48.7,0.448,15.4,20.0,0.771,9.2,26.9,36.1,18.4,7.2,3.7,12.5,16.9,77.0,28.9,67.4,0.429,8.0,23.1,0.344,21.0,44.3,0.473,14.0,17.6,0.797,7.5,27.2,34.6,20.1,6.9,4.1,12.5,17.6,79.8,35.7,87.5,0.408,7.7,24.9,0.308,28.0,62.6,0.448,19.8,25.7,0.771,11.9,34.5,46.4,23.6,9.3,4.8,16.0,21.7,99.0,37.1,86.6,0.429,10.2,29.7,0.344,26.9,56.9,0.473,18.0,22.6,0.797,9.6,34.9,44.5,25.8,8.8,5.3,16.1,22.6,102.5,0.408,12.8,0.715,0.228,0.226,0.137,0.124,0.285,0.448,0.616,0.374,0.339,0.395,0.308,0.599,0.891,0.21,0.288,0.429,13.0,0.657,0.243,0.223,0.102,0.09,0.343,0.473,0.617,0.4,0.358,0.397,0.344,0.628,0.874,0.215,0.357,27.7,-2.75,0.36,-2.39,99.0,102.5,-3.5,77.1,0.294,0.285,0.501,0.452,14.0,25.4,0.227,0.488,14.3,78.3,0.208
ATL,2024,0.0,CON,67,80,7.0,7.0,0.0,1.0,1.0,0.0,0.0,1.0,0.0,0.0,0.0,0.0,1.0,1.0,1.0,0.0,0.0,0.0,1.0,0.0,2.0,0.0,0.0,0.0,0.0,0.0,0.0,0.0,0.0,27.8,68.1,0.408,6.0,19.4,0.308,21.8,48.7,0.448,15.4,20.0,0.771,9.2,26.9,36.1,18.4,7.2,3.7,12.5,16.9,77.0,28.9,67.4,0.429,8.0,23.1,0.344,21.0,44.3,0.473,14.0,17.6,0.797,7.5,27.2,34.6,20.1,6.9,4.1,12.5,17.6,79.8,35.7,87.5,0.408,7.7,24.9,0.308,28.0,62.6,0.448,19.8,25.7,0.771,11.9,34.5,46.4,23.6,9.3,4.8,16.0,21.7,99.0,37.1,86.6,0.429,10.2,29.7,0.344,26.9,56.9,0.473,18.0,22.6,0.797,9.6,34.9,44.5,25.8,8.8,5.3,16.1,22.6,102.5,0.408,12.8,0.715,0.228,0.226,0.137,0.124,0.285,0.448,0.616,0.374,0.339,0.395,0.308,0.599,0.891,0.21,0.288,0.429,13.0,0.657,0.243,0.223,0.102,0.09,0.343,0.473,0.617,0.4,0.358,0.397,0.344,0.628,0.874,0.215,0.357,27.7,-2.75,0.36,-2.39,99.0,102.5,-3.5,77.1,0.294,0.285,0.501,0.452,14.0,25.4,0.227,0.488,14.3,78.3,0.208
ATL,2024,0.0,CHI,69,78,10.0,7.0,0.0,1.0,1.0,0.0,0.0,1.0,0.0,0.0,0.0,0.0,1.0,1.0,1.0,0.0,0.0,0.0,0.0,0.0,2.0,0.0,0.0,0.0,0.0,0.0,0.0,0.0,0.0,27.8,68.1,0.408,6.0,19.4,0.308,21.8,48.7,0.448,15.4,20.0,0.771,9.2,26.9,36.1,18.4,7.2,3.7,12.5,16.9,77.0,28.9,67.4,0.429,8.0,23.1,0.344,21.0,44.3,0.473,14.0,17.6,0.797,7.5,27.2,34.6,20.1,6.9,4.1,12.5,17.6,79.8,35.7,87.5,0.408,7.7,24.9,0.308,28.0,62.6,0.448,19.8,25.7,0.771,11.9,34.5,46.4,23.6,9.3,4.8,16.0,21.7,99.0,37.1,86.6,0.429,10.2,29.7,0.344,26.9,56.9,0.473,18.0,22.6,0.797,9.6,34.9,44.5,25.8,8.8,5.3,16.1,22.6,102.5,0.408,12.8,0.715,0.228,0.226,0.137,0.124,0.285,0.448,0.616,0.374,0.339,0.395,0.308,0.599,0.891,0.21,0.288,0.429,13.0,0.657,0.243,0.223,0.102,0.09,0.343,0.473,0.617,0.4,0.358,0.397,0.344,0.628,0.874,0.215,0.357,27.7,-2.75,0.36,-2.39,99.0,102.5,-3.5,77.1,0.294,0.285,0.501,0.452,14.0,25.4,0.227,0.488,14.3,78.3,0.208
ATL,2024,1.0,LVA,70,84,12.0,7.0,0.0,1.0,1.0,0.0,0.0,1.0,0.0,0.0,0.0,0.0,1.0,1.0,1.0,0.0,0.0,0.0,0.0,0.0,2.0,0.0,0.0,0.0,0.0,0.0,0.0,0.0,0.0,27.8,68.1,0.408,6.0,19.4,0.308,21.8,48.7,0.448,15.4,20.0,0.771,9.2,26.9,36.1,18.4,7.2,3.7,12.5,16.9,77.0,28.9,67.4,0.429,8.0,23.1,0.344,21.0,44.3,0.473,14.0,17.6,0.797,7.5,27.2,34.6,20.1,6.9,4.1,12.5,17.6,79.8,35.7,87.5,0.408,7.7,24.9,0.308,28.0,62.6,0.448,19.8,25.7,0.771,11.9,34.5,46.4,23.6,9.3,4.8,16.0,21.7,99.0,37.1,86.6,0.429,10.2,29.7,0.344,26.9,56.9,0.473,18.0,22.6,0.797,9.6,34.9,44.5,25.8,8.8,5.3,16.1,22.6,102.5,0.408,12.8,0.715,0.228,0.226,0.137,0.124,0.285,0.448,0.616,0.374,0.339,0.395,0.308,0.599,0.891,0.21,0.288,0.429,13.0,0.657,0.243,0.223,0.102,0.09,0.343,0.473,0.617,0.4,0.358,0.397,0.344,0.628,0.874,0.215,0.357,27.7,-2.75,0.36,-2.39,99.0,102.5,-3.5,77.1,0.294,0.285,0.501,0.452,14.0,25.4,0.227,0.488,14.3,78.3,0.208
ATL,2024,0.0,SEA,70,81,14.0,7.0,0.0,1.0,1.0,0.0,0.0,1.0,0.0,0.0,0.0,0.0,1.0,1.0,2.0,0.0,0.0,0.0,0.0,0.0,2.0,0.0,0.0,0.0,0.0,0.0,0.0,0.0,0.0,27.8,68.1,0.408,6.0,19.4,0.308,21.8,48.7,0.448,15.4,20.0,0.771,9.2,26.9,36.1,18.4,7.2,3.7,12.5,16.9,77.0,28.9,67.4,0.429,8.0,23.1,0.344,21.0,44.3,0.473,14.0,17.6,0.797,7.5,27.2,34.6,20.1,6.9,4.1,12.5,17.6,79.8,35.7,87.5,0.408,7.7,24.9,0.308,28.0,62.6,0.448,19.8,25.7,0.771,11.9,34.5,46.4,23.6,9.3,4.8,16.0,21.7,99.0,37.1,86.6,0.429,10.2,29.7,0.344,26.9,56.9,0.473,18.0,22.6,0.797,9.6,34.9,44.5,25.8,8.8,5.3,16.1,22.6,102.5,0.408,12.8,0.715,0.228,0.226,0.137,0.124,0.285,0.448,0.616,0.374,0.339,0.395,0.308,0.599,0.891,0.21,0.288,0.429,13.0,0.657,0.243,0.223,0.102,0.09,0.343,0.473,0.617,0.4,0.358,0.397,0.344,0.628,0.874,0.215,0.357,27.7,-2.75,0.36,-2.39,99.0,102.5,-3.5,77.1,0.294,0.285,0.501,0.452,14.0,25.4,0.227,0.488,14.3,78.3,0.208
ATL,2024,0.0,MIN,79,86,17.0,7.0,0.0,1.0,1.0,0.0,0.0,1.0,0.0,0.0,0.0,0.0,1.0,1.0,2.0,0.0,0.0,0.0,0.0,0.0,2.0,0.0,0.0,0.0,1.0,1.0,1.0,0.0,1.0,27.8,68.1,0.408,6.0,19.4,0.308,21.8,48.7,0.448,15.4,20.0,0.771,9.2,26.9,36.1,18.4,7.2,3.7,12.5,16.9,77.0,28.9,67.4,0.429,8.0,23.1,0.344,21.0,44.3,0.473,14.0,17.6,0.797,7.5,27.2,34.6,20.1,6.9,4.1,12.5,17.6,79.8,35.7,87.5,0.408,7.7,24.9,0.308,28.0,62.6,0.448,19.8,25.7,0.771,11.9,34.5,46.4,23.6,9.3,4.8,16.0,21.7,99.0,37.1,86.6,0.429,10.2,29.7,0.344,26.9,56.9,0.473,18.0,22.6,0.797,9.6,34.9,44.5,25.8,8.8,5.3,16.1,22.6,102.5,0.408,12.8,0.715,0.228,0.226,0.137,0.124,0.285,0.448,0.616,0.374,0.339,0.395,0.308,0.599,0.891,0.21,0.288,0.429,13.0,0.657,0.243,0.223,0.102,0.09,0.343,0.473,0.617,0.4,0.358,0.397,0.344,0.628,0.874,0.215,0.357,27.7,-2.75,0.36,-2.39,99.0,102.5,-3.5,77.1,0.294,0.285,0.501,0.452,14.0,25.4,0.227,0.488,14.3,78.3,0.208
ATL,2024,1.0,SEA,83,81,16.0,8.0,0.0,1.0,0.0,0.0,0.0,1.0,0.0,0.0,0.0,0.0,1.0,1.0,1.0,0.0,0.0,0.0,0.0,1.0,2.0,0.0,0.0,0.0,1.0,1.0,1.0,0.0,1.0,27.8,68.1,0.408,6.0,19.4,0.308,21.8,48.7,0.448,15.4,20.0,0.771,9.2,26.9,36.1,18.4,7.2,3.7,12.5,16.9,77.0,28.9,67.4,0.429,8.0,23.1,0.344,21.0,44.3,0.473,14.0,17.6,0.797,7.5,27.2,34.6,20.1,6.9,4.1,12.5,17.6,79.8,35.7,87.5,0.408,7.7,24.9,0.308,28.0,62.6,0.448,19.8,25.7,0.771,11.9,34.5,46.4,23.6,9.3,4.8,16.0,21.7,99.0,37.1,86.6,0.429,10.2,29.7,0.344,26.9,56.9,0.473,18.0,22.6,0.797,9.6,34.9,44.5,25.8,8.8,5.3,16.1,22.6,102.5,0.408,12.8,0.715,0.228,0.226,0.137,0.124,0.285,0.448,0.616,0.374,0.339,0.395,0.308,0.599,0.891,0.21,0.288,0.429,13.0,0.657,0.243,0.223,0.102,0.09,0.343,0.473,0.617,0.4,0.358,0.397,0.344,0.628,0.874,0.215,0.357,27.7,-2.75,0.36,-2.39,99.0,102.5,-3.5,77.1,0.294,0.285,0.501,0.452,14.0,25.4,0.227,0.488,14.3,78.3,0.208
ATL,2024,1.0,CON,82,70,18.0,8.0,0.0,1.0,0.0,0.0,0.0,1.0,0.0,0.0,0.0,0.0,1.0,1.0,1.0,0.0,0.0,0.0,0.0,1.0,2.0,0.0,0.0,0.0,1.0,1.0,1.0,0.0,1.0,27.8,68.1,0.408,6.0,19.4,0.308,21.8,48.7,0.448,15.4,20.0,0.771,9.2,26.9,36.1,18.4,7.2,3.7,12.5,16.9,77.0,28.9,67.4,0.429,8.0,23.1,0.344,21.0,44.3,0.473,14.0,17.6,0.797,7.5,27.2,34.6,20.1,6.9,4.1,12.5,17.6,79.8,35.7,87.5,0.408,7.7,24.9,0.308,28.0,62.6,0.448,19.8,25.7,0.771,11.9,34.5,46.4,23.6,9.3,4.8,16.0,21.7,99.0,37.1,86.6,0.429,10.2,29.7,0.344,26.9,56.9,0.473,18.0,22.6,0.797,9.6,34.9,44.5,25.8,8.8,5.3,16.1,22.6,102.5,0.408,12.8,0.715,0.228,0.226,0.137,0.124,0.285,0.448,0.616,0.374,0.339,0.395,0.308,0.599,0.891,0.21,0.288,0.429,13.0,0.657,0.243,0.223,0.102,0.09,0.343,0.473,0.617,0.4,0.358,0.397,0.344,0.628,0.874,0.215,0.357,27.7,-2.75,0.36,-2.39,99.0,102.5,-3.5,77.1,0.294,0.285,0.501,0.452,14.0,25.4,0.227,0.488,14.3,78.3,0.208
ATL,2024,1.0,PHO,72,63,21.0,8.0,0.0,1.0,0.0,0.0,0.0,1.0,0.0,0.0,0.0,0.0,1.0,1.0,1.0,0.0,0.0,0.0,0.0,1.0,2.0,0.0,0.0,0.0,1.0,1.0,1.0,0.0,1.0,27.8,68.1,0.408,6.0,19.4,0.308,21.8,48.7,0.448,15.4,20.0,0.771,9.2,26.9,36.1,18.4,7.2,3.7,12.5,16.9,77.0,28.9,67.4,0.429,8.0,23.1,0.344,21.0,44.3,0.473,14.0,17.6,0.797,7.5,27.2,34.6,20.1,6.9,4.1,12.5,17.6,79.8,35.7,87.5,0.408,7.7,24.9,0.308,28.0,62.6,0.448,19.8,25.7,0.771,11.9,34.5,46.4,23.6,9.3,4.8,16.0,21.7,99.0,37.1,86.6,0.429,10.2,29.7,0.344,26.9,56.9,0.473,18.0,22.6,0.797,9.6,34.9,44.5,25.8,8.8,5.3,16.1,22.6,102.5,0.408,12.8,0.715,0.228,0.226,0.137,0.124,0.285,0.448,0.616,0.374,0.339,0.395,0.308,0.599,0.891,0.21,0.288,0.429,13.0,0.657,0.243,0.223,0.102,0.09,0.343,0.473,0.617,0.4,0.358,0.397,0.344,0.628,0.874,0.215,0.357,27.7,-2.75,0.36,-2.39,99.0,102.5,-3.5,77.1,0.294,0.285,0.501,0.452,14.0,25.4,0.227,0.488,14.3,78.3,0.208
ATL,2024,1.0,PHO,80,82,23.0,8.0,0.0,1.0,0.0,0.0,0.0,1.0,0.0,0.0,0.0,0.0,1.0,1.0,1.0,0.0,0.0,0.0,0.0,1.0,2.0,0.0,0.0,0.0,1.0,1.0,1.0,0.0,1.0,27.8,68.1,0.408,6.0,19.4,0.308,21.8,48.7,0.448,15.4,20.0,0.771,9.2,26.9,36.1,18.4,7.2,3.7,12.5,16.9,77.0,28.9,67.4,0.429,8.0,23.1,0.344,21.0,44.3,0.473,14.0,17.6,0.797,7.5,27.2,34.6,20.1,6.9,4.1,12.5,17.6,79.8,35.7,87.5,0.408,7.7,24.9,0.308,28.0,62.6,0.448,19.8,25.7,0.771,11.9,34.5,46.4,23.6,9.3,4.8,16.0,21.7,99.0,37.1,86.6,0.429,10.2,29.7,0.344,26.9,56.9,0.473,18.0,22.6,0.797,9.6,34.9,44.5,25.8,8.8,5.3,16.1,22.6,102.5,0.408,12.8,0.715,0.228,0.226,0.137,0.124,0.285,0.448,0.616,0.374,0.339,0.395,0.308,0.599,0.891,0.21,0.288,0.429,13.0,0.657,0.243,0.223,0.102,0.09,0.343,0.473,0.617,0.4,0.358,0.397,0.344,0.628,0.874,0.215,0.357,27.7,-2.75,0.36,-2.39,99.0,102.5,-3.5,77.1,0.294,0.285,0.501,0.452,14.0,25.4,0.227,0.488,14.3,78.3,0.208
ATL,2024,1.0,IND,79,84,26.0,8.0,0.0,1.0,0.0,0.0,0.0,1.0,0.0,0.0,0.0,0.0,1.0,1.0,1.0,0.0,0.0,0.0,0.0,1.0,2.0,0.0,0.0,0.0,1.0,1.0,1.0,0.0,1.0,27.8,68.1,0.408,6.0,19.4,0.308,21.8,48.7,0.448,15.4,20.0,0.771,9.2,26.9,36.1,18.4,7.2,3.7,12.5,16.9,77.0,28.9,67.4,0.429,8.0,23.1,0.344,21.0,44.3,0.473,14.0,17.6,0.797,7.5,27.2,34.6,20.1,6.9,4.1,12.5,17.6,79.8,35.7,87.5,0.408,7.7,24.9,0.308,28.0,62.6,0.448,19.8,25.7,0.771,11.9,34.5,46.4,23.6,9.3,4.8,16.0,21.7,99.0,37.1,86.6,0.429,10.2,29.7,0.344,26.9,56.9,0.473,18.0,22.6,0.797,9.6,34.9,44.5,25.8,8.8,5.3,16.1,22.6,102.5,0.408,12.8,0.715,0.228,0.226,0.137,0.124,0.285,0.448,0.616,0.374,0.339,0.395,0.308,0.599,0.891,0.21,0.288,0.429,13.0,0.657,0.243,0.223,0.102,0.09,0.343,0.473,0.617,0.4,0.358,0.397,0.344,0.628,0.874,0.215,0.357,27.7,-2.75,0.36,-2.39,99.0,102.5,-3.5,77.1,0.294,0.285,0.501,0.452,14.0,25.4,0.227,0.488,14.3,78.3,0.208
ATL,2024,0.0,SEA,81,85,28.0,8.0,0.0,1.0,0.0,0.0,0.0,1.0,0.0,0.0,0.0,0.0,1.0,1.0,1.0,0.0,0.0,0.0,0.0,1.0,2.0,0.0,0.0,0.0,1.0,1.0,1.0,0.0,1.0,27.8,68.1,0.408,6.0,19.4,0.308,21.8,48.7,0.448,15.4,20.0,0.771,9.2,26.9,36.1,18.4,7.2,3.7,12.5,16.9,77.0,28.9,67.4,0.429,8.0,23.1,0.344,21.0,44.3,0.473,14.0,17.6,0.797,7.5,27.2,34.6,20.1,6.9,4.1,12.5,17.6,79.8,35.7,87.5,0.408,7.7,24.9,0.308,28.0,62.6,0.448,19.8,25.7,0.771,11.9,34.5,46.4,23.6,9.3,4.8,16.0,21.7,99.0,37.1,86.6,0.429,10.2,29.7,0.344,26.9,56.9,0.473,18.0,22.6,0.797,9.6,34.9,44.5,25.8,8.8,5.3,16.1,22.6,102.5,0.408,12.8,0.715,0.228,0.226,0.137,0.124,0.285,0.448,0.616,0.374,0.339,0.395,0.308,0.599,0.891,0.21,0.288,0.429,13.0,0.657,0.243,0.223,0.102,0.09,0.343,0.473,0.617,0.4,0.358,0.397,0.344,0.628,0.874,0.215,0.357,27.7,-2.75,0.36,-2.39,99.0,102.5,-3.5,77.1,0.294,0.285,0.501,0.452,14.0,25.4,0.227,0.488,14.3,78.3,0.208
ATL,2024,0.0,LVA,72,83,30.0,8.0,0.0,1.0,0.0,0.0,0.0,0.0,0.0,0.0,0.0,0.0,1.0,0.0,1.0,0.0,0.0,0.0,1.0,1.0,1.0,0.0,0.0,0.0,1.0,1.0,1.0,0.0,1.0,27.8,68.1,0.408,6.0,19.4,0.308,21.8,48.7,0.448,15.4,20.0,0.771,9.2,26.9,36.1,18.4,7.2,3.7,12.5,16.9,77.0,28.9,67.4,0.429,8.0,23.1,0.344,21.0,44.3,0.473,14.0,17.6,0.797,7.5,27.2,34.6,20.1,6.9,4.1,12.5,17.6,79.8,35.7,87.5,0.408,7.7,24.9,0.308,28.0,62.6,0.448,19.8,25.7,0.771,11.9,34.5,46.4,23.6,9.3,4.8,16.0,21.7,99.0,37.1,86.6,0.429,10.2,29.7,0.344,26.9,56.9,0.473,18.0,22.6,0.797,9.6,34.9,44.5,25.8,8.8,5.3,16.1,22.6,102.5,0.408,12.8,0.715,0.228,0.226,0.137,0.124,0.285,0.448,0.616,0.374,0.339,0.395,0.308,0.599,0.891,0.21,0.288,0.429,13.0,0.657,0.243,0.223,0.102,0.09,0.343,0.473,0.617,0.4,0.358,0.397,0.344,0.628,0.874,0.215,0.357,27.7,-2.75,0.36,-2.39,99.0,102.5,-3.5,77.1,0.294,0.285,0.501,0.452,14.0,25.4,0.227,0.488,14.3,78.3,0.208
ATL,2024,0.0,LAS,80,62,1.0,9.0,0.0,1.0,0.0,0.0,0.0,1.0,0.0,0.0,0.0,0.0,1.0,1.0,1.0,0.0,0.0,0.0,1.0,1.0,2.0,0.0,0.0,0.0,1.0,1.0,1.0,0.0,1.0,27.8,68.1,0.408,6.0,19.4,0.308,21.8,48.7,0.448,15.4,20.0,0.771,9.2,26.9,36.1,18.4,7.2,3.7,12.5,16.9,77.0,28.9,67.4,0.429,8.0,23.1,0.344,21.0,44.3,0.473,14.0,17.6,0.797,7.5,27.2,34.6,20.1,6.9,4.1,12.5,17.6,79.8,35.7,87.5,0.408,7.7,24.9,0.308,28.0,62.6,0.448,19.8,25.7,0.771,11.9,34.5,46.4,23.6,9.3,4.8,16.0,21.7,99.0,37.1,86.6,0.429,10.2,29.7,0.344,26.9,56.9,0.473,18.0,22.6,0.797,9.6,34.9,44.5,25.8,8.8,5.3,16.1,22.6,102.5,0.408,12.8,0.715,0.228,0.226,0.137,0.124,0.285,0.448,0.616,0.374,0.339,0.395,0.308,0.599,0.891,0.21,0.288,0.429,13.0,0.657,0.243,0.223,0.102,0.09,0.343,0.473,0.617,0.4,0.358,0.397,0.344,0.628,0.874,0.215,0.357,27.7,-2.75,0.36,-2.39,99.0,102.5,-3.5,77.1,0.294,0.285,0.501,0.452,14.0,25.4,0.227,0.488,14.3,78.3,0.208
ATL,2024,0.0,PHO,66,74,3.0,9.0,0.0,1.0,0.0,0.0,0.0,1.0,0.0,0.0,0.0,0.0,1.0,1.0,1.0,0.0,0.0,0.0,1.0,1.0,2.0,0.0,0.0,0.0,1.0,1.0,1.0,0.0,1.0,27.8,68.1,0.408,6.0,19.4,0.308,21.8,48.7,0.448,15.4,20.0,0.771,9.2,26.9,36.1,18.4,7.2,3.7,12.5,16.9,77.0,28.9,67.4,0.429,8.0,23.1,0.344,21.0,44.3,0.473,14.0,17.6,0.797,7.5,27.2,34.6,20.1,6.9,4.1,12.5,17.6,79.8,35.7,87.5,0.408,7.7,24.9,0.308,28.0,62.6,0.448,19.8,25.7,0.771,11.9,34.5,46.4,23.6,9.3,4.8,16.0,21.7,99.0,37.1,86.6,0.429,10.2,29.7,0.344,26.9,56.9,0.473,18.0,22.6,0.797,9.6,34.9,44.5,25.8,8.8,5.3,16.1,22.6,102.5,0.408,12.8,0.715,0.228,0.226,0.137,0.124,0.285,0.448,0.616,0.374,0.339,0.395,0.308,0.599,0.891,0.21,0.288,0.429,13.0,0.657,0.243,0.223,0.102,0.09,0.343,0.473,0.617,0.4,0.358,0.397,0.344,0.628,0.874,0.215,0.357,27.7,-2.75,0.36,-2.39,99.0,102.5,-3.5,77.1,0.294,0.285,0.501,0.452,14.0,25.4,0.227,0.488,14.3,78.3,0.208
ATL,2024,1.0,DAL,107,96,6.0,9.0,0.0,1.0,0.0,0.0,0.0,1.0,0.0,0.0,0.0,0.0,1.0,1.0,1.0,0.0,0.0,0.0,0.0,1.0,2.0,0.0,0.0,0.0,1.0,1.0,1.0,0.0,1.0,27.8,68.1,0.408,6.0,19.4,0.308,21.8,48.7,0.448,15.4,20.0,0.771,9.2,26.9,36.1,18.4,7.2,3.7,12.5,16.9,77.0,28.9,67.4,0.429,8.0,23.1,0.344,21.0,44.3,0.473,14.0,17.6,0.797,7.5,27.2,34.6,20.1,6.9,4.1,12.5,17.6,79.8,35.7,87.5,0.408,7.7,24.9,0.308,28.0,62.6,0.448,19.8,25.7,0.771,11.9,34.5,46.4,23.6,9.3,4.8,16.0,21.7,99.0,37.1,86.6,0.429,10.2,29.7,0.344,26.9,56.9,0.473,18.0,22.6,0.797,9.6,34.9,44.5,25.8,8.8,5.3,16.1,22.6,102.5,0.408,12.8,0.715,0.228,0.226,0.137,0.124,0.285,0.448,0.616,0.374,0.339,0.395,0.308,0.599,0.891,0.21,0.288,0.429,13.0,0.657,0.243,0.223,0.102,0.09,0.343,0.473,0.617,0.4,0.358,0.397,0.344,0.628,0.874,0.215,0.357,27.7,-2.75,0.36,-2.39,99.0,102.5,-3.5,77.1,0.294,0.285,0.501,0.452,14.0,25.4,0.227,0.488,14.3,78.3,0.208
ATL,2024,0.0,IND,100,104,8.0,9.0,0.0,1.0,0.0,0.0,0.0,1.0,0.0,0.0,0.0,0.0,1.0,1.0,1.0,0.0,0.0,0.0,0.0,1.0,2.0,0.0,0.0,0.0,1.0,1.0,1.0,0.0,1.0,27.8,68.1,0.408,6.0,19.4,0.308,21.8,48.7,0.448,15.4,20.0,0.771,9.2,26.9,36.1,18.4,7.2,3.7,12.5,16.9,77.0,28.9,67.4,0.429,8.0,23.1,0.344,21.0,44.3,0.473,14.0,17.6,0.797,7.5,27.2,34.6,20.1,6.9,4.1,12.5,17.6,79.8,35.7,87.5,0.408,7.7,24.9,0.308,28.0,62.6,0.448,19.8,25.7,0.771,11.9,34.5,46.4,23.6,9.3,4.8,16.0,21.7,99.0,37.1,86.6,0.429,10.2,29.7,0.344,26.9,56.9,0.473,18.0,22.6,0.797,9.6,34.9,44.5,25.8,8.8,5.3,16.1,22.6,102.5,0.408,12.8,0.715,0.228,0.226,0.137,0.124,0.285,0.448,0.616,0.374,0.339,0.395,0.308,0.599,0.891,0.21,0.288,0.429,13.0,0.657,0.243,0.223,0.102,0.09,0.343,0.473,0.617,0.4,0.358,0.397,0.344,0.628,0.874,0.215,0.357,27.7,-2.75,0.36,-2.39,99.0,102.5,-3.5,77.1,0.294,0.285,0.501,0.452,14.0,25.4,0.227,0.488,14.3,78.3,0.208
ATL,2024,1.0,MIN,64,76,10.0,9.0,0.0,1.0,0.0,0.0,0.0,1.0,0.0,0.0,0.0,0.0,1.0,1.0,1.0,0.0,0.0,0.0,0.0,1.0,2.0,0.0,0.0,0.0,1.0,1.0,1.0,0.0,1.0,27.8,68.1,0.408,6.0,19.4,0.308,21.8,48.7,0.448,15.4,20.0,0.771,9.2,26.9,36.1,18.4,7.2,3.7,12.5,16.9,77.0,28.9,67.4,0.429,8.0,23.1,0.344,21.0,44.3,0.473,14.0,17.6,0.797,7.5,27.2,34.6,20.1,6.9,4.1,12.5,17.6,79.8,35.7,87.5,0.408,7.7,24.9,0.308,28.0,62.6,0.448,19.8,25.7,0.771,11.9,34.5,46.4,23.6,9.3,4.8,16.0,21.7,99.0,37.1,86.6,0.429,10.2,29.7,0.344,26.9,56.9,0.473,18.0,22.6,0.797,9.6,34.9,44.5,25.8,8.8,5.3,16.1,22.6,102.5,0.408,12.8,0.715,0.228,0.226,0.137,0.124,0.285,0.448,0.616,0.374,0.339,0.395,0.308,0.599,0.891,0.21,0.288,0.429,13.0,0.657,0.243,0.223,0.102,0.09,0.343,0.473,0.617,0.4,0.358,0.397,0.344,0.628,0.874,0.215,0.357,27.7,-2.75,0.36,-2.39,99.0,102.5,-3.5,77.1,0.294,0.285,0.501,0.452,14.0,25.4,0.227,0.488,14.3,78.3,0.208
ATL,2024,1.0,WAS,69,72,13.0,9.0,0.0,1.0,0.0,0.0,0.0,1.0,0.0,0.0,0.0,0.0,1.0,1.0,1.0,0.0,0.0,0.0,0.0,1.0,2.0,0.0,0.0,0.0,1.0,1.0,1.0,0.0,1.0,27.8,68.1,0.408,6.0,19.4,0.308,21.8,48.7,0.448,15.4,20.0,0.771,9.2,26.9,36.1,18.4,7.2,3.7,12.5,16.9,77.0,28.9,67.4,0.429,8.0,23.1,0.344,21.0,44.3,0.473,14.0,17.6,0.797,7.5,27.2,34.6,20.1,6.9,4.1,12.5,17.6,79.8,35.7,87.5,0.408,7.7,24.9,0.308,28.0,62.6,0.448,19.8,25.7,0.771,11.9,34.5,46.4,23.6,9.3,4.8,16.0,21.7,99.0,37.1,86.6,0.429,10.2,29.7,0.344,26.9,56.9,0.473,18.0,22.6,0.797,9.6,34.9,44.5,25.8,8.8,5.3,16.1,22.6,102.5,0.408,12.8,0.715,0.228,0.226,0.137,0.124,0.285,0.448,0.616,0.374,0.339,0.395,0.308,0.599,0.891,0.21,0.288,0.429,13.0,0.657,0.243,0.223,0.102,0.09,0.343,0.473,0.617,0.4,0.358,0.397,0.344,0.628,0.874,0.215,0.357,27.7,-2.75,0.36,-2.39,99.0,102.5,-3.5,77.1,0.294,0.285,0.501,0.452,14.0,25.4,0.227,0.488,14.3,78.3,0.208
ATL,2024,0.0,WAS,76,73,15.0,9.0,0.0,1.0,0.0,0.0,0.0,1.0,0.0,0.0,0.0,0.0,1.0,1.0,1.0,0.0,0.0,0.0,0.0,1.0,2.0,0.0,0.0,0.0,1.0,1.0,1.0,0.0,1.0,27.8,68.1,0.408,6.0,19.4,0.308,21.8,48.7,0.448,15.4,20.0,0.771,9.2,26.9,36.1,18.4,7.2,3.7,12.5,16.9,77.0,28.9,67.4,0.429,8.0,23.1,0.344,21.0,44.3,0.473,14.0,17.6,0.797,7.5,27.2,34.6,20.1,6.9,4.1,12.5,17.6,79.8,35.7,87.5,0.408,7.7,24.9,0.308,28.0,62.6,0.448,19.8,25.7,0.771,11.9,34.5,46.4,23.6,9.3,4.8,16.0,21.7,99.0,37.1,86.6,0.429,10.2,29.7,0.344,26.9,56.9,0.473,18.0,22.6,0.797,9.6,34.9,44.5,25.8,8.8,5.3,16.1,22.6,102.5,0.408,12.8,0.715,0.228,0.226,0.137,0.124,0.285,0.448,0.616,0.374,0.339,0.395,0.308,0.599,0.891,0.21,0.288,0.429,13.0,0.657,0.243,0.223,0.102,0.09,0.343,0.473,0.617,0.4,0.358,0.397,0.344,0.628,0.874,0.215,0.357,27.7,-2.75,0.36,-2.39,99.0,102.5,-3.5,77.1,0.294,0.285,0.501,0.452,14.0,25.4,0.227,0.488,14.3,78.3,0.208
ATL,2024,1.0,CHI,86,70,17.0,9.0,0.0,1.0,0.0,0.0,0.0,1.0,0.0,0.0,0.0,0.0,1.0,1.0,1.0,0.0,0.0,0.0,1.0,1.0,2.0,0.0,0.0,0.0,1.0,1.0,1.0,0.0,1.0,27.8,68.1,0.408,6.0,19.4,0.308,21.8,48.7,0.448,15.4,20.0,0.771,9.2,26.9,36.1,18.4,7.2,3.7,12.5,16.9,77.0,28.9,67.4,0.429,8.0,23.1,0.344,21.0,44.3,0.473,14.0,17.6,0.797,7.5,27.2,34.6,20.1,6.9,4.1,12.5,17.6,79.8,35.7,87.5,0.408,7.7,24.9,0.308,28.0,62.6,0.448,19.8,25.7,0.771,11.9,34.5,46.4,23.6,9.3,4.8,16.0,21.7,99.0,37.1,86.6,0.429,10.2,29.7,0.344,26.9,56.9,0.473,18.0,22.6,0.797,9.6,34.9,44.5,25.8,8.8,5.3,16.1,22.6,102.5,0.408,12.8,0.715,0.228,0.226,0.137,0.124,0.285,0.448,0.616,0.374,0.339,0.395,0.308,0.599,0.891,0.21,0.288,0.429,13.0,0.657,0.243,0.223,0.102,0.09,0.343,0.473,0.617,0.4,0.358,0.397,0.344,0.628,0.874,0.215,0.357,27.7,-2.75,0.36,-2.39,99.0,102.5,-3.5,77.1,0.294,0.285,0.501,0.452,14.0,25.4,0.227,0.488,14.3,78.3,0.208
ATL,2024,0.0,NYL,78,67,19.0,9.0,0.0,1.0,0.0,0.0,0.0,1.0,0.0,0.0,0.0,0.0,1.0,1.0,1.0,0.0,1.0,0.0,1.0,1.0,2.0,0.0,0.0,0.0,1.0,1.0,1.0,0.0,1.0,27.8,68.1,0.408,6.0,19.4,0.308,21.8,48.7,0.448,15.4,20.0,0.771,9.2,26.9,36.1,18.4,7.2,3.7,12.5,16.9,77.0,28.9,67.4,0.429,8.0,23.1,0.344,21.0,44.3,0.473,14.0,17.6,0.797,7.5,27.2,34.6,20.1,6.9,4.1,12.5,17.6,79.8,35.7,87.5,0.408,7.7,24.9,0.308,28.0,62.6,0.448,19.8,25.7,0.771,11.9,34.5,46.4,23.6,9.3,4.8,16.0,21.7,99.0,37.1,86.6,0.429,10.2,29.7,0.344,26.9,56.9,0.473,18.0,22.6,0.797,9.6,34.9,44.5,25.8,8.8,5.3,16.1,22.6,102.5,0.408,12.8,0.715,0.228,0.226,0.137,0.124,0.285,0.448,0.616,0.374,0.339,0.395,0.308,0.599,0.891,0.21,0.288,0.429,13.0,0.657,0.243,0.223,0.102,0.09,0.343,0.473,0.617,0.4,0.358,0.397,0.344,0.628,0.874,0.215,0.357,27.7,-2.75,0.36,-2.39,99.0,102.5,-3.5,77.1,0.294,0.285,0.501,0.452,14.0,25.4,0.227,0.488,14.3,78.3,0.208
CHI,2024,0.0,DAL,79,87,15.0,5.0,0.0,2.0,0.0,0.0,0.0,1.0,0.0,0.0,0.0,0.0,1.0,1.0,0.0,1.0,0.0,0.0,1.0,0.0,3.0,1.0,1.0,0.0,1.0,1.0,1.0,1.0,0.0,29.7,70.3,0.422,4.8,14.9,0.323,24.9,55.4,0.449,13.2,17.8,0.742,10.9,25.8,36.6,19.0,7.0,3.8,13.1,19.0,77.4,30.1,67.4,0.446,7.1,21.7,0.326,23.0,45.7,0.503,15.4,19.9,0.773,7.8,26.0,33.8,21.7,7.9,5.8,12.6,17.0,82.5,38.0,90.0,0.422,6.2,19.1,0.323,31.8,70.9,0.449,16.9,22.7,0.742,13.9,33.0,46.8,24.3,9.0,4.8,16.7,24.3,99.1,38.5,86.2,0.446,9.1,27.7,0.326,29.4,58.5,0.503,19.6,25.4,0.773,10.0,33.2,43.2,27.7,10.0,7.4,16.1,21.8,105.6,0.422,10.8,0.788,0.298,0.262,0.12,0.108,0.212,0.449,0.587,0.377,0.358,0.344,0.324,0.606,0.808,0.195,0.31,0.446,13.0,0.678,0.275,0.2,0.1,0.103,0.322,0.503,0.65,0.391,0.393,0.433,0.326,0.672,0.88,0.203,0.278,26.1,-5.13,0.46,-4.67,99.1,105.6,-6.5,78.2,0.252,0.212,0.495,0.457,14.3,29.5,0.187,0.499,14.2,76.8,0.228
CHI,2024,0.0,DAL,83,74,18.0,5.0,0.0,2.0,0.0,0.0,0.0,1.0,0.0,0.0,0.0,0.0,1.0,1.0,0.0,1.0,0.0,0.0,1.0,0.0,4.0,1.0,1.0,1.0,1.0,1.0,1.0,1.0,0.0,29.7,70.3,0.422,4.8,14.9,0.323,24.9,55.4,0.449,13.2,17.8,0.742,10.9,25.8,36.6,19.0,7.0,3.8,13.1,19.0,77.4,30.1,67.4,0.446,7.1,21.7,0.326,23.0,45.7,0.503,15.4,19.9,0.773,7.8,26.0,33.8,21.7,7.9,5.8,12.6,17.0,82.5,38.0,90.0,0.422,6.2,19.1,0.323,31.8,70.9,0.449,16.9,22.7,0.742,13.9,33.0,46.8,24.3,9.0,4.8,16.7,24.3,99.1,38.5,86.2,0.446,9.1,27.7,0.326,29.4,58.5,0.503,19.6,25.4,0.773,10.0,33.2,43.2,27.7,10.0,7.4,16.1,21.8,105.6,0.422,10.8,0.788,0.298,0.262,0.12,0.108,0.212,0.449,0.587,0.377,0.358,0.344,0.324,0.606,0.808,0.195,0.31,0.446,13.0,0.678,0.275,0.2,0.1,0.103,0.322,0.503,0.65,0.391,0.393,0.433,0.326,0.672,0.88,0.203,0.278,26.1,-5.13,0.46,-4.67,99.1,105.6,-6.5,78.2,0.252,0.212,0.495,0.457,14.3,29.5,0.187,0.499,14.2,76.8,0.228
CHI,2024,0.0,NYL,90,81,23.0,5.0,0.0,2.0,0.0,0.0,0.0,1.0,0.0,0.0,0.0,0.0,1.0,1.0,0.0,1.0,0.0,0.0,1.0,0.0,3.0,1.0,1.0,0.0,1.0,1.0,1.0,1.0,0.0,29.7,70.3,0.422,4.8,14.9,0.323,24.9,55.4,0.449,13.2,17.8,0.742,10.9,25.8,36.6,19.0,7.0,3.8,13.1,19.0,77.4,30.1,67.4,0.446,7.1,21.7,0.326,23.0,45.7,0.503,15.4,19.9,0.773,7.8,26.0,33.8,21.7,7.9,5.8,12.6,17.0,82.5,38.0,90.0,0.422,6.2,19.1,0.323,31.8,70.9,0.449,16.9,22.7,0.742,13.9,33.0,46.8,24.3,9.0,4.8,16.7,24.3,99.1,38.5,86.2,0.446,9.1,27.7,0.326,29.4,58.5,0.503,19.6,25.4,0.773,10.0,33.2,43.2,27.7,10.0,7.4,16.1,21.8,105.6,0.422,10.8,0.788,0.298,0.262,0.12,0.108,0.212,0.449,0.587,0.377,0.358,0.344,0.324,0.606,0.808,0.195,0.31,0.446,13.0,0.678,0.275,0.2,0.1,0.103,0.322,0.503,0.65,0.391,0.393,0.433,0.326,0.672,0.88,0.203,0.278,26.1,-5.13,0.46,-4.67,99.1,105.6,-6.5,78.2,0.252,0.212,0.495,0.457,14.3,29.5,0.187,0.499,14.2,76.8,0.228
CHI,2024,1.0,CON,82,86,25.0,5.0,0.0,2.0,0.0,0.0,0.0,1.0,0.0,0.0,0.0,0.0,1.0,1.0,0.0,1.0,0.0,0.0,1.0,0.0,3.0,1.0,1.0,0.0,1.0,1.0,1.0,1.0,0.0,29.7,70.3,0.422,4.8,14.9,0.323,24.9,55.4,0.449,13.2,17.8,0.742,10.9,25.8,36.6,19.0,7.0,3.8,13.1,19.0,77.4,30.1,67.4,0.446,7.1,21.7,0.326,23.0,45.7,0.503,15.4,19.9,0.773,7.8,26.0,33.8,21.7,7.9,5.8,12.6,17.0,82.5,38.0,90.0,0.422,6.2,19.1,0.323,31.8,70.9,0.449,16.9,22.7,0.742,13.9,33.0,46.8,24.3,9.0,4.8,16.7,24.3,99.1,38.5,86.2,0.446,9.1,27.7,0.326,29.4,58.5,0.503,19.6,25.4,0.773,10.0,33.2,43.2,27.7,10.0,7.4,16.1,21.8,105.6,0.422,10.8,0.788,0.298,0.262,0.12,0.108,0.212,0.449,0.587,0.377,0.358,0.344,0.324,0.606,0.808,0.195,0.31,0.446,13.0,0.678,0.275,0.2,0.1,0.103,0.322,0.503,0.65,0.391,0.393,0.433,0.326,0.672,0.88,0.203,0.278,26.1,-5.13,0.46,-4.67,99.1,105.6,-6.5,78.2,0.252,0.212,0.495,0.457,14.3,29.5,0.187,0.499,14.2,76.8,0.228
CHI,2024,1.0,SEA,68,77,28.0,5.0,0.0,2.0,0.0,0.0,0.0,1.0,0.0,0.0,0.0,0.0,1.0,1.0,0.0,1.0,0.0,0.0,1.0,0.0,3.0,1.0,1.0,0.0,1.0,1.0,1.0,1.0,0.0,29.7,70.3,0.422,4.8,14.9,0.323,24.9,55.4,0.449,13.2,17.8,0.742,10.9,25.8,36.6,19.0,7.0,3.8,13.1,19.0,77.4,30.1,67.4,0.446,7.1,21.7,0.326,23.0,45.7,0.503,15.4,19.9,0.773,7.8,26.0,33.8,21.7,7.9,5.8,12.6,17.0,82.5,38.0,90.0,0.422,6.2,19.1,0.323,31.8,70.9,0.449,16.9,22.7,0.742,13.9,33.0,46.8,24.3,9.0,4.8,16.7,24.3,99.1,38.5,86.2,0.446,9.1,27.7,0.326,29.4,58.5,0.503,19.6,25.4,0.773,10.0,33.2,43.2,27.7,10.0,7.4,16.1,21.8,105.6,0.422,10.8,0.788,0.298,0.262,0.12,0.108,0.212,0.449,0.587,0.377,0.358,0.344,0.324,0.606,0.808,0.195,0.31,0.446,13.0,0.678,0.275,0.2,0.1,0.103,0.322,0.503,0.65,0.391,0.393,0.433,0.326,0.672,0.88,0.203,0.278,26.1,-5.13,0.46,-4.67,99.1,105.6,-6.5,78.2,0.252,0.212,0.495,0.457,14.3,29.5,0.187,0.499,14.2,76.8,0.228
CHI,2024,1.0,LAS,83,73,30.0,5.0,0.0,2.0,0.0,0.0,0.0,1.0,0.0,0.0,0.0,0.0,1.0,1.0,0.0,1.0,0.0,0.0,1.0,0.0,4.0,1.0,1.0,1.0,1.0,1.0,1.0,1.0,0.0,29.7,70.3,0.422,4.8,14.9,0.323,24.9,55.4,0.449,13.2,17.8,0.742,10.9,25.8,36.6,19.0,7.0,3.8,13.1,19.0,77.4,30.1,67.4,0.446,7.1,21.7,0.326,23.0,45.7,0.503,15.4,19.9,0.773,7.8,26.0,33.8,21.7,7.9,5.8,12.6,17.0,82.5,38.0,90.0,0.422,6.2,19.1,0.323,31.8,70.9,0.449,16.9,22.7,0.742,13.9,33.0,46.8,24.3,9.0,4.8,16.7,24.3,99.1,38.5,86.2,0.446,9.1,27.7,0.326,29.4,58.5,0.503,19.6,25.4,0.773,10.0,33.2,43.2,27.7,10.0,7.4,16.1,21.8,105.6,0.422,10.8,0.788,0.298,0.262,0.12,0.108,0.212,0.449,0.587,0.377,0.358,0.344,0.324,0.606,0.808,0.195,0.31,0.446,13.0,0.678,0.275,0.2,0.1,0.103,0.322,0.503,0.65,0.391,0.393,0.433,0.326,0.672,0.88,0.203,0.278,26.1,-5.13,0.46,-4.67,99.1,105.6,-6.5,78.2,0.252,0.212,0.495,0.457,14.3,29.5,0.187,0.499,14.2,76.8,0.228
CHI,2024,0.0,IND,70,71,1.0,6.0,0.0,2.0,0.0,0.0,0.0,1.0,0.0,0.0,0.0,0.0,1.0,1.0,0.0,1.0,0.0,0.0,1.0,0.0,3.0,2.0,1.0,0.0,1.0,1.0,1.0,1.0,0.0,29.7,70.3,0.422,4.8,14.9,0.323,24.9,55.4,0.449,13.2,17.8,0.742,10.9,25.8,36.6,19.0,7.0,3.8,13.1,19.0,77.4,30.1,67.4,0.446,7.1,21.7,0.326,23.0,45.7,0.503,15.4,19.9,0.773,7.8,26.0,33.8,21.7,7.9,5.8,12.6,17.0,82.5,38.0,90.0,0.422,6.2,19.1,0.323,31.8,70.9,0.449,16.9,22.7,0.742,13.9,33.0,46.8,24.3,9.0,4.8,16.7,24.3,99.1,38.5,86.2,0.446,9.1,27.7,0.326,29.4,58.5,0.503,19.6,25.4,0.773,10.0,33.2,43.2,27.7,10.0,7.4,16.1,21.8,105.6,0.422,10.8,0.788,0.298,0.262,0.12,0.108,0.212,0.449,0.587,0.377,0.358,0.344,0.324,0.606,0.808,0.195,0.31,0.446,13.0,0.678,0.275,0.2,0.1,0.103,0.322,0.503,0.65,0.391,0.393,0.433,0.326,0.672,0.88,0.203,0.278,26.1,-5.13,0.46,-4.67,99.1,105.6,-6.5,78.2,0.252,0.212,0.495,0.457,14.3,29.5,0.187,0.499,14.2,76.8,0.228
CHI,2024,1.0,NYL,75,88,4.0,6.0,0.0,2.0,0.0,0.0,0.0,1.0,0.0,0.0,0.0,0.0,1.0,1.0,0.0,1.0,0.0,0.0,1.0,0.0,3.0,2.0,1.0,0.0,1.0,1.0,1.0,1.0,0.0,29.7,70.3,0.422,4.8,14.9,0.323,24.9,55.4,0.449,13.2,17.8,0.742,10.9,25.8,36.6,19.0,7.0,3.8,13.1,19.0,77.4,30.1,67.4,0.446,7.1,21.7,0.326,23.0,45.7,0.503,15.4,19.9,0.773,7.8,26.0,33.8,21.7,7.9,5.8,12.6,17.0,82.5,38.0,90.0,0.422,6.2,19.1,0.323,31.8,70.9,0.449,16.9,22.7,0.742,13.9,33.0,46.8,24.3,9.0,4.8,16.7,24.3,99.1,38.5,86.2,0.446,9.1,27.7,0.326,29.4,58.5,0.503,19.6,25.4,0.773,10.0,33.2,43.2,27.7,10.0,7.4,16.1,21.8,105.6,0.422,10.8,0.788,0.298,0.262,0.12,0.108,0.212,0.449,0.587,0.377,0.358,0.344,0.324,0.606,0.808,0.195,0.31,0.446,13.0,0.678,0.275,0.2,0.1,0.103,0.322,0.503,0.65,0.391,0.393,0.433,0.326,0.672,0.88,0.203,0.278,26.1,-5.13,0.46,-4.67,99.1,105.6,-6.5,78.2,0.252,0.212,0.495,0.457,14.3,29.5,0.187,0.499,14.2,76.8,0.228
CHI,2024,0.0,WAS,79,71,6.0,6.0,0.0,2.0,0.0,0.0,0.0,1.0,0.0,0.0,0.0,0.0,1.0,1.0,0.0,1.0,0.0,0.0,1.0,0.0,4.0,2.0,1.0,1.0,1.0,1.0,1.0,1.0,0.0,29.7,70.3,0.422,4.8,14.9,0.323,24.9,55.4,0.449,13.2,17.8,0.742,10.9,25.8,36.6,19.0,7.0,3.8,13.1,19.0,77.4,30.1,67.4,0.446,7.1,21.7,0.326,23.0,45.7,0.503,15.4,19.9,0.773,7.8,26.0,33.8,21.7,7.9,5.8,12.6,17.0,82.5,38.0,90.0,0.422,6.2,19.1,0.323,31.8,70.9,0.449,16.9,22.7,0.742,13.9,33.0,46.8,24.3,9.0,4.8,16.7,24.3,99.1,38.5,86.2,0.446,9.1,27.7,0.326,29.4,58.5,0.503,19.6,25.4,0.773,10.0,33.2,43.2,27.7,10.0,7.4,16.1,21.8,105.6,0.422,10.8,0.788,0.298,0.262,0.12,0.108,0.212,0.449,0.587,0.377,0.358,0.344,0.324,0.606,0.808,0.195,0.31,0.446,13.0,0.678,0.275,0.2,0.1,0.103,0.322,0.503,0.65,0.391,0.393,0.433,0.326,0.672,0.88,0.203,0.278,26.1,-5.13,0.46,-4.67,99.1,105.6,-6.5,78.2,0.252,0.212,0.495,0.457,14.3,29.5,0.187,0.499,14.2,76.8,0.228
CHI,2024,1.0,ATL,80,89,8.0,6.0,0.0,2.0,0.0,0.0,0.0,1.0,0.0,0.0,0.0,0.0,1.0,1.0,0.0,1.0,0.0,0.0,1.0,0.0,4.0,1.0,1.0,1.0,0.0,1.0,1.0,1.0,0.0,29.7,70.3,0.422,4.8,14.9,0.323,24.9,55.4,0.449,13.2,17.8,0.742,10.9,25.8,36.6,19.0,7.0,3.8,13.1,19.0,77.4,30.1,67.4,0.446,7.1,21.7,0.326,23.0,45.7,0.503,15.4,19.9,0.773,7.8,26.0,33.8,21.7,7.9,5.8,12.6,17.0,82.5,38.0,90.0,0.422,6.2,19.1,0.323,31.8,70.9,0.449,16.9,22.7,0.742,13.9,33.0,46.8,24.3,9.0,4.8,16.7,24.3,99.1,38.5,86.2,0.446,9.1,27.7,0.326,29.4,58.5,0.503,19.6,25.4,0.773,10.0,33.2,43.2,27.7,10.0,7.4,16.1,21.8,105.6,0.422,10.8,0.788,0.298,0.262,0.12,0.108,0.212,0.449,0.587,0.377,0.358,0.344,0.324,0.606,0.808,0.195,0.31,0.446,13.0,0.678,0.275,0.2,0.1,0.103,0.322,0.503,0.65,0.391,0.393,0.433,0.326,0.672,0.88,0.203,0.278,26.1,-5.13,0.46,-4.67,99.1,105.6,-6.5,78.2,0.252,0.212,0.495,0.457,14.3,29.5,0.187,0.499,14.2,76.8,0.228
CHI,2024,1.0,CON,75,83,12.0,6.0,0.0,2.0,0.0,0.0,0.0,1.0,0.0,0.0,0.0,0.0,1.0,1.0,0.0,1.0,0.0,0.0,1.0,0.0,3.0,1.0,1.0,0.0,0.0,1.0,1.0,1.0,0.0,29.7,70.3,0.422,4.8,14.9,0.323,24.9,55.4,0.449,13.2,17.8,0.742,10.9,25.8,36.6,19.0,7.0,3.8,13.1,19.0,77.4,30.1,67.4,0.446,7.1,21.7,0.326,23.0,45.7,0.503,15.4,19.9,0.773,7.8,26.0,33.8,21.7,7.9,5.8,12.6,17.0,82.5,38.0,90.0,0.422,6.2,19.1,0.323,31.8,70.9,0.449,16.9,22.7,0.742,13.9,33.0,46.8,24.3,9.0,4.8,16.7,24.3,99.1,38.5,86.2,0.446,9.1,27.7,0.326,29.4,58.5,0.503,19.6,25.4,0.773,10.0,33.2,43.2,27.7,10.0,7.4,16.1,21.8,105.6,0.422,10.8,0.788,0.298,0.262,0.12,0.108,0.212,0.449,0.587,0.377,0.358,0.344,0.324,0.606,0.808,0.195,0.31,0.446,13.0,0.678,0.275,0.2,0.1,0.103,0.322,0.503,0.65,0.391,0.393,0.433,0.326,0.672,0.88,0.203,0.278,26.1,-5.13,0.46,-4.67,99.1,105.6,-6.5,78.2,0.252,0.212,0.495,0.457,14.3,29.5,0.187,0.499,14.2,76.8,0.228
CHI,2024,0.0,WAS,81,83,14.0,6.0,0.0,2.0,0.0,0.0,0.0,1.0,0.0,0.0,0.0,0.0,1.0,1.0,0.0,1.0,0.0,0.0,1.0,0.0,3.0,1.0,1.0,0.0,0.0,1.0,1.0,1.0,0.0,29.7,70.3,0.422,4.8,14.9,0.323,24.9,55.4,0.449,13.2,17.8,0.742,10.9,25.8,36.6,19.0,7.0,3.8,13.1,19.0,77.4,30.1,67.4,0.446,7.1,21.7,0.326,23.0,45.7,0.503,15.4,19.9,0.773,7.8,26.0,33.8,21.7,7.9,5.8,12.6,17.0,82.5,38.0,90.0,0.422,6.2,19.1,0.323,31.8,70.9,0.449,16.9,22.7,0.742,13.9,33.0,46.8,24.3,9.0,4.8,16.7,24.3,99.1,38.5,86.2,0.446,9.1,27.7,0.326,29.4,58.5,0.503,19.6,25.4,0.773,10.0,33.2,43.2,27.7,10.0,7.4,16.1,21.8,105.6,0.422,10.8,0.788,0.298,0.262,0.12,0.108,0.212,0.449,0.587,0.377,0.358,0.344,0.324,0.606,0.808,0.195,0.31,0.446,13.0,0.678,0.275,0.2,0.1,0.103,0.322,0.503,0.65,0.391,0.393,0.433,0.326,0.672,0.88,0.203,0.278,26.1,-5.13,0.46,-4.67,99.1,105.6,-6.5,78.2,0.252,0.212,0.495,0.457,14.3,29.5,0.187,0.499,14.2,76.8,0.228
CHI,2024,0.0,IND,83,91,16.0,6.0,0.0,2.0,0.0,0.0,0.0,1.0,0.0,0.0,0.0,0.0,1.0,1.0,0.0,1.0,0.0,0.0,1.0,0.0,3.0,1.0,1.0,0.0,0.0,1.0,1.0,1.0,0.0,29.7,70.3,0.422,4.8,14.9,0.323,24.9,55.4,0.449,13.2,17.8,0.742,10.9,25.8,36.6,19.0,7.0,3.8,13.1,19.0,77.4,30.1,67.4,0.446,7.1,21.7,0.326,23.0,45.7,0.503,15.4,19.9,0.773,7.8,26.0,33.8,21.7,7.9,5.8,12.6,17.0,82.5,38.0,90.0,0.422,6.2,19.1,0.323,31.8,70.9,0.449,16.9,22.7,0.742,13.9,33.0,46.8,24.3,9.0,4.8,16.7,24.3,99.1,38.5,86.2,0.446,9.1,27.7,0.326,29.4,58.5,0.503,19.6,25.4,0.773,10.0,33.2,43.2,27.7,10.0,7.4,16.1,21.8,105.6,0.422,10.8,0.788,0.298,0.262,0.12,0.108,0.212,0.449,0.587,0.377,0.358,0.344,0.324,0.606,0.808,0.195,0.31,0.446,13.0,0.678,0.275,0.2,0.1,0.103,0.322,0.503,0.65,0.391,0.393,0.433,0.326,0.672,0.88,0.203,0.278,26.1,-5.13,0.46,-4.67,99.1,105.6,-6.5,78.2,0.252,0.212,0.495,0.457,14.3,29.5,0.187,0.499,14.2,76.8,0.228
CHI,2024,1.0,DAL,83,72,20.0,6.0,0.0,2.0,0.0,0.0,0.0,1.0,0.0,0.0,0.0,0.0,1.0,1.0,0.0,1.0,0.0,0.0,1.0,0.0,3.0,1.0,1.0,0.0,0.0,1.0,1.0,1.0,0.0,29.7,70.3,0.422,4.8,14.9,0.323,24.9,55.4,0.449,13.2,17.8,0.742,10.9,25.8,36.6,19.0,7.0,3.8,13.1,19.0,77.4,30.1,67.4,0.446,7.1,21.7,0.326,23.0,45.7,0.503,15.4,19.9,0.773,7.8,26.0,33.8,21.7,7.9,5.8,12.6,17.0,82.5,38.0,90.0,0.422,6.2,19.1,0.323,31.8,70.9,0.449,16.9,22.7,0.742,13.9,33.0,46.8,24.3,9.0,4.8,16.7,24.3,99.1,38.5,86.2,0.446,9.1,27.7,0.326,29.4,58.5,0.503,19.6,25.4,0.773,10.0,33.2,43.2,27.7,10.0,7.4,16.1,21.8,105.6,0.422,10.8,0.788,0.298,0.262,0.12,0.108,0.212,0.449,0.587,0.377,0.358,0.344,0.324,0.606,0.808,0.195,0.31,0.446,13.0,0.678,0.275,0.2,0.1,0.103,0.322,0.503,0.65,0.391,0.393,0.433,0.326,0.672,0.88,0.203,0.278,26.1,-5.13,0.46,-4.67,99.1,105.6,-6.5,78.2,0.252,0.212,0.495,0.457,14.3,29.5,0.187,0.499,14.2,76.8,0.228
CHI,2024,1.0,IND,88,87,23.0,6.0,0.0,2.0,0.0,0.0,0.0,1.0,0.0,0.0,0.0,0.0,1.0,1.0,0.0,1.0,0.0,0.0,1.0,0.0,3.0,1.0,1.0,0.0,0.0,1.0,1.0,1.0,0.0,29.7,70.3,0.422,4.8,14.9,0.323,24.9,55.4,0.449,13.2,17.8,0.742,10.9,25.8,36.6,19.0,7.0,3.8,13.1,19.0,77.4,30.1,67.4,0.446,7.1,21.7,0.326,23.0,45.7,0.503,15.4,19.9,0.773,7.8,26.0,33.8,21.7,7.9,5.8,12.6,17.0,82.5,38.0,90.0,0.422,6.2,19.1,0.323,31.8,70.9,0.449,16.9,22.7,0.742,13.9,33.0,46.8,24.3,9.0,4.8,16.7,24.3,99.1,38.5,86.2,0.446,9.1,27.7,0.326,29.4,58.5,0.503,19.6,25.4,0.773,10.0,33.2,43.2,27.7,10.0,7.4,16.1,21.8,105.6,0.422,10.8,0.788,0.298,0.262,0.12,0.108,0.212,0.449,0.587,0.377,0.358,0.344,0.324,0.606,0.808,0.195,0.31,0.446,13.0,0.678,0.275,0.2,0.1,0.103,0.322,0.503,0.65,0.391,0.393,0.433,0.326,0.672,0.88,0.203,0.278,26.1,-5.13,0.46,-4.67,99.1,105.6,-6.5,78.2,0.252,0.212,0.495,0.457,14.3,29.5,0.187,0.499,14.2,76.8,0.228
CHI,2024,1.0,LVA,83,95,27.0,6.0,0.0,2.0,0.0,0.0,0.0,1.0,0.0,0.0,0.0,0.0,1.0,1.0,0.0,1.0,0.0,0.0,1.0,0.0,4.0,1.0,1.0,1.0,0.0,1.0,1.0,1.0,0.0,29.7,70.3,0.422,4.8,14.9,0.323,24.9,55.4,0.449,13.2,17.8,0.742,10.9,25.8,36.6,19.0,7.0,3.8,13.1,19.0,77.4,30.1,67.4,0.446,7.1,21.7,0.326,23.0,45.7,0.503,15.4,19.9,0.773,7.8,26.0,33.8,21.7,7.9,5.8,12.6,17.0,82.5,38.0,90.0,0.422,6.2,19.1,0.323,31.8,70.9,0.449,16.9,22.7,0.742,13.9,33.0,46.8,24.3,9.0,4.8,16.7,24.3,99.1,38.5,86.2,0.446,9.1,27.7,0.326,29.4,58.5,0.503,19.6,25.4,0.773,10.0,33.2,43.2,27.7,10.0,7.4,16.1,21.8,105.6,0.422,10.8,0.788,0.298,0.262,0.12,0.108,0.212,0.449,0.587,0.377,0.358,0.344,0.324,0.606,0.808,0.195,0.31,0.446,13.0,0.678,0.275,0.2,0.1,0.103,0.322,0.503,0.65,0.391,0.393,0.433,0.326,0.672,0.88,0.203,0.278,26.1,-5.13,0.46,-4.67,99.1,105.6,-6.5,78.2,0.252,0.212,0.495,0.457,14.3,29.5,0.187,0.499,14.2,76.8,0.228
CHI,2024,1.0,MIN,62,70,30.0,6.0,0.0,2.0,0.0,0.0,0.0,1.0,0.0,0.0,0.0,0.0,1.0,1.0,0.0,1.0,0.0,0.0,1.0,0.0,3.0,1.0,1.0,0.0,0.0,1.0,1.0,1.0,0.0,29.7,70.3,0.422,4.8,14.9,0.323,24.9,55.4,0.449,13.2,17.8,0.742,10.9,25.8,36.6,19.0,7.0,3.8,13.1,19.0,77.4,30.1,67.4,0.446,7.1,21.7,0.326,23.0,45.7,0.503,15.4,19.9,0.773,7.8,26.0,33.8,21.7,7.9,5.8,12.6,17.0,82.5,38.0,90.0,0.422,6.2,19.1,0.323,31.8,70.9,0.449,16.9,22.7,0.742,13.9,33.0,46.8,24.3,9.0,4.8,16.7,24.3,99.1,38.5,86.2,0.446,9.1,27.7,0.326,29.4,58.5,0.503,19.6,25.4,0.773,10.0,33.2,43.2,27.7,10.0,7.4,16.1,21.8,105.6,0.422,10.8,0.788,0.298,0.262,0.12,0.108,0.212,0.449,0.587,0.377,0.358,0.344,0.324,0.606,0.808,0.195,0.31,0.446,13.0,0.678,0.275,0.2,0.1,0.103,0.322,0.503,0.65,0.391,0.393,0.433,0.326,0.672,0.88,0.203,0.278,26.1,-5.13,0.46,-4.67,99.1,105.6,-6.5,78.2,0.252,0.212,0.495,0.457,14.3,29.5,0.187,0.499,14.2,76.8,0.228
CHI,2024,0.0,ATL,85,77,2.0,7.0,0.0,2.0,0.0,0.0,0.0,1.0,0.0,0.0,0.0,0.0,1.0,1.0,0.0,1.0,0.0,0.0,1.0,0.0,3.0,1.0,1.0,0.0,0.0,1.0,1.0,1.0,0.0,29.7,70.3,0.422,4.8,14.9,0.323,24.9,55.4,0.449,13.2,17.8,0.742,10.9,25.8,36.6,19.0,7.0,3.8,13.1,19.0,77.4,30.1,67.4,0.446,7.1,21.7,0.326,23.0,45.7,0.503,15.4,19.9,0.773,7.8,26.0,33.8,21.7,7.9,5.8,12.6,17.0,82.5,38.0,90.0,0.422,6.2,19.1,0.323,31.8,70.9,0.449,16.9,22.7,0.742,13.9,33.0,46.8,24.3,9.0,4.8,16.7,24.3,99.1,38.5,86.2,0.446,9.1,27.7,0.326,29.4,58.5,0.503,19.6,25.4,0.773,10.0,33.2,43.2,27.7,10.0,7.4,16.1,21.8,105.6,0.422,10.8,0.788,0.298,0.262,0.12,0.108,0.212,0.449,0.587,0.377,0.358,0.344,0.324,0.606,0.808,0.195,0.31,0.446,13.0,0.678,0.275,0.2,0.1,0.103,0.322,0.503,0.65,0.391,0.393,0.433,0.326,0.672,0.88,0.203,0.278,26.1,-5.13,0.46,-4.67,99.1,105.6,-6.5,78.2,0.252,0.212,0.495,0.457,14.3,29.5,0.187,0.499,14.2,76.8,0.228
CHI,2024,0.0,SEA,88,84,5.0,7.0,0.0,2.0,0.0,0.0,0.0,1.0,0.0,0.0,0.0,0.0,1.0,1.0,0.0,1.0,0.0,0.0,1.0,0.0,3.0,1.0,1.0,0.0,0.0,1.0,1.0,1.0,0.0,29.7,70.3,0.422,4.8,14.9,0.323,24.9,55.4,0.449,13.2,17.8,0.742,10.9,25.8,36.6,19.0,7.0,3.8,13.1,19.0,77.4,30.1,67.4,0.446,7.1,21.7,0.326,23.0,45.7,0.503,15.4,19.9,0.773,7.8,26.0,33.8,21.7,7.9,5.8,12.6,17.0,82.5,38.0,90.0,0.422,6.2,19.1,0.323,31.8,70.9,0.449,16.9,22.7,0.742,13.9,33.0,46.8,24.3,9.0,4.8,16.7,24.3,99.1,38.5,86.2,0.446,9.1,27.7,0.326,29.4,58.5,0.503,19.6,25.4,0.773,10.0,33.2,43.2,27.7,10.0,7.4,16.1,21.8,105.6,0.422,10.8,0.788,0.298,0.262,0.12,0.108,0.212,0.449,0.587,0.377,0.358,0.344,0.324,0.606,0.808,0.195,0.31,0.446,13.0,0.678,0.275,0.2,0.1,0.103,0.322,0.503,0.65,0.391,0.393,0.433,0.326,0.672,0.88,0.203,0.278,26.1,-5.13,0.46,-4.67,99.1,105.6,-6.5,78.2,0.252,0.212,0.495,0.457,14.3,29.5,0.187,0.499,14.2,76.8,0.228
CHI,2024,0.0,SEA,71,84,7.0,7.0,0.0,2.0,0.0,0.0,0.0,1.0,0.0,0.0,0.0,0.0,1.0,1.0,0.0,1.0,0.0,0.0,1.0,0.0,3.0,1.0,1.0,0.0,0.0,1.0,1.0,1.0,0.0,29.7,70.3,0.422,4.8,14.9,0.323,24.9,55.4,0.449,13.2,17.8,0.742,10.9,25.8,36.6,19.0,7.0,3.8,13.1,19.0,77.4,30.1,67.4,0.446,7.1,21.7,0.326,23.0,45.7,0.503,15.4,19.9,0.773,7.8,26.0,33.8,21.7,7.9,5.8,12.6,17.0,82.5,38.0,90.0,0.422,6.2,19.1,0.323,31.8,70.9,0.449,16.9,22.7,0.742,13.9,33.0,46.8,24.3,9.0,4.8,16.7,24.3,99.1,38.5,86.2,0.446,9.1,27.7,0.326,29.4,58.5,0.503,19.6,25.4,0.773,10.0,33.2,43.2,27.7,10.0,7.4,16.1,21.8,105.6,0.422,10.8,0.788,0.298,0.262,0.12,0.108,0.212,0.449,0.587,0.377,0.358,0.344,0.324,0.606,0.808,0.195,0.31,0.446,13.0,0.678,0.275,0.2,0.1,0.103,0.322,0.503,0.65,0.391,0.393,0.433,0.326,0.672,0.88,0.203,0.278,26.1,-5.13,0.46,-4.67,99.1,105.6,-6.5,78.2,0.252,0.212,0.495,0.457,14.3,29.5,0.187,0.499,14.2,76.8,0.228
CHI,2024,1.0,ATL,78,69,10.0,7.0,0.0,2.0,0.0,0.0,0.0,1.0,0.0,0.0,0.0,0.0,1.0,1.0,0.0,1.0,0.0,0.0,1.0,0.0,3.0,1.0,1.0,0.0,0.0,1.0,1.0,1.0,0.0,29.7,70.3,0.422,4.8,14.9,0.323,24.9,55.4,0.449,13.2,17.8,0.742,10.9,25.8,36.6,19.0,7.0,3.8,13.1,19.0,77.4,30.1,67.4,0.446,7.1,21.7,0.326,23.0,45.7,0.503,15.4,19.9,0.773,7.8,26.0,33.8,21.7,7.9,5.8,12.6,17.0,82.5,38.0,90.0,0.422,6.2,19.1,0.323,31.8,70.9,0.449,16.9,22.7,0.742,13.9,33.0,46.8,24.3,9.0,4.8,16.7,24.3,99.1,38.5,86.2,0.446,9.1,27.7,0.326,29.4,58.5,0.503,19.6,25.4,0.773,10.0,33.2,43.2,27.7,10.0,7.4,16.1,21.8,105.6,0.422,10.8,0.788,0.298,0.262,0.12,0.108,0.212,0.449,0.587,0.377,0.358,0.344,0.324,0.606,0.808,0.195,0.31,0.446,13.0,0.678,0.275,0.2,0.1,0.103,0.322,0.503,0.65,0.391,0.393,0.433,0.326,0.672,0.88,0.203,0.278,26.1,-5.13,0.46,-4.67,99.1,105.6,-6.5,78.2,0.252,0.212,0.495,0.457,14.3,29.5,0.187,0.499,14.2,76.8,0.228
CHI,2024,0.0,NYL,76,91,11.0,7.0,0.0,2.0,0.0,0.0,0.0,1.0,0.0,0.0,0.0,0.0,1.0,1.0,0.0,1.0,0.0,0.0,1.0,0.0,3.0,1.0,1.0,0.0,0.0,1.0,1.0,1.0,0.0,29.7,70.3,0.422,4.8,14.9,0.323,24.9,55.4,0.449,13.2,17.8,0.742,10.9,25.8,36.6,19.0,7.0,3.8,13.1,19.0,77.4,30.1,67.4,0.446,7.1,21.7,0.326,23.0,45.7,0.503,15.4,19.9,0.773,7.8,26.0,33.8,21.7,7.9,5.8,12.6,17.0,82.5,38.0,90.0,0.422,6.2,19.1,0.323,31.8,70.9,0.449,16.9,22.7,0.742,13.9,33.0,46.8,24.3,9.0,4.8,16.7,24.3,99.1,38.5,86.2,0.446,9.1,27.7,0.326,29.4,58.5,0.503,19.6,25.4,0.773,10.0,33.2,43.2,27.7,10.0,7.4,16.1,21.8,105.6,0.422,10.8,0.788,0.298,0.262,0.12,0.108,0.212,0.449,0.587,0.377,0.358,0.344,0.324,0.606,0.808,0.195,0.31,0.446,13.0,0.678,0.275,0.2,0.1,0.103,0.322,0.503,0.65,0.391,0.393,0.433,0.326,0.672,0.88,0.203,0.278,26.1,-5.13,0.46,-4.67,99.1,105.6,-6.5,78.2,0.252,0.212,0.495,0.457,14.3,29.5,0.187,0.499,14.2,76.8,0.228
CHI,2024,1.0,NYL,67,81,13.0,7.0,0.0,2.0,0.0,0.0,0.0,1.0,0.0,0.0,0.0,0.0,1.0,1.0,0.0,1.0,0.0,0.0,1.0,0.0,3.0,1.0,1.0,0.0,0.0,1.0,1.0,1.0,0.0,29.7,70.3,0.422,4.8,14.9,0.323,24.9,55.4,0.449,13.2,17.8,0.742,10.9,25.8,36.6,19.0,7.0,3.8,13.1,19.0,77.4,30.1,67.4,0.446,7.1,21.7,0.326,23.0,45.7,0.503,15.4,19.9,0.773,7.8,26.0,33.8,21.7,7.9,5.8,12.6,17.0,82.5,38.0,90.0,0.422,6.2,19.1,0.323,31.8,70.9,0.449,16.9,22.7,0.742,13.9,33.0,46.8,24.3,9.0,4.8,16.7,24.3,99.1,38.5,86.2,0.446,9.1,27.7,0.326,29.4,58.5,0.503,19.6,25.4,0.773,10.0,33.2,43.2,27.7,10.0,7.4,16.1,21.8,105.6,0.422,10.8,0.788,0.298,0.262,0.12,0.108,0.212,0.449,0.587,0.377,0.358,0.344,0.324,0.606,0.808,0.195,0.31,0.446,13.0,0.678,0.275,0.2,0.1,0.103,0.322,0.503,0.65,0.391,0.393,0.433,0.326,0.672,0.88,0.203,0.278,26.1,-5.13,0.46,-4.67,99.1,105.6,-6.5,78.2,0.252,0.212,0.495,0.457,14.3,29.5,0.187,0.499,14.2,76.8,0.228
CHI,2024,0.0,LVA,93,85,16.0,7.0,0.0,2.0,0.0,0.0,0.0,1.0,0.0,0.0,0.0,0.0,1.0,1.0,0.0,1.0,0.0,0.0,1.0,0.0,3.0,1.0,1.0,0.0,0.0,1.0,1.0,1.0,0.0,29.7,70.3,0.422,4.8,14.9,0.323,24.9,55.4,0.449,13.2,17.8,0.742,10.9,25.8,36.6,19.0,7.0,3.8,13.1,19.0,77.4,30.1,67.4,0.446,7.1,21.7,0.326,23.0,45.7,0.503,15.4,19.9,0.773,7.8,26.0,33.8,21.7,7.9,5.8,12.6,17.0,82.5,38.0,90.0,0.422,6.2,19.1,0.323,31.8,70.9,0.449,16.9,22.7,0.742,13.9,33.0,46.8,24.3,9.0,4.8,16.7,24.3,99.1,38.5,86.2,0.446,9.1,27.7,0.326,29.4,58.5,0.503,19.6,25.4,0.773,10.0,33.2,43.2,27.7,10.0,7.4,16.1,21.8,105.6,0.422,10.8,0.788,0.298,0.262,0.12,0.108,0.212,0.449,0.587,0.377,0.358,0.344,0.324,0.606,0.808,0.195,0.31,0.446,13.0,0.678,0.275,0.2,0.1,0.103,0.322,0.503,0.65,0.391,0.393,0.433,0.326,0.672,0.88,0.203,0.278,26.1,-5.13,0.46,-4.67,99.1,105.6,-6.5,78.2,0.252,0.212,0.495,0.457,14.3,29.5,0.187,0.499,14.2,76.8,0.228
CHI,2024,1.0,PHO,65,85,15.0,8.0,0.0,1.0,0.0,0.0,0.0,1.0,0.0,0.0,0.0,0.0,1.0,1.0,0.0,0.0,0.0,0.0,1.0,0.0,2.0,1.0,0.0,2.0,0.0,0.0,0.0,0.0,0.0,29.7,70.3,0.422,4.8,14.9,0.323,24.9,55.4,0.449,13.2,17.8,0.742,10.9,25.8,36.6,19.0,7.0,3.8,13.1,19.0,77.4,30.1,67.4,0.446,7.1,21.7,0.326,23.0,45.7,0.503,15.4,19.9,0.773,7.8,26.0,33.8,21.7,7.9,5.8,12.6,17.0,82.5,38.0,90.0,0.422,6.2,19.1,0.323,31.8,70.9,0.449,16.9,22.7,0.742,13.9,33.0,46.8,24.3,9.0,4.8,16.7,24.3,99.1,38.5,86.2,0.446,9.1,27.7,0.326,29.4,58.5,0.503,19.6,25.4,0.773,10.0,33.2,43.2,27.7,10.0,7.4,16.1,21.8,105.6,0.422,10.8,0.788,0.298,0.262,0.12,0.108,0.212,0.449,0.587,0.377,0.358,0.344,0.324,0.606,0.808,0.195,0.31,0.446,13.0,0.678,0.275,0.2,0.1,0.103,0.322,0.503,0.65,0.391,0.393,0.433,0.326,0.672,0.88,0.203,0.278,26.1,-5.13,0.46,-4.67,99.1,105.6,-6.5,78.2,0.252,0.212,0.495,0.457,14.3,29.5,0.187,0.499,14.2,76.8,0.228
CHI,2024,0.0,LAS,90,86,17.0,8.0,0.0,2.0,0.0,0.0,0.0,1.0,0.0,0.0,0.0,0.0,1.0,1.0,0.0,1.0,0.0,0.0,1.0,0.0,3.0,1.0,1.0,1.0,0.0,0.0,0.0,0.0,0.0,29.7,70.3,0.422,4.8,14.9,0.323,24.9,55.4,0.449,13.2,17.8,0.742,10.9,25.8,36.6,19.0,7.0,3.8,13.1,19.0,77.4,30.1,67.4,0.446,7.1,21.7,0.326,23.0,45.7,0.503,15.4,19.9,0.773,7.8,26.0,33.8,21.7,7.9,5.8,12.6,17.0,82.5,38.0,90.0,0.422,6.2,19.1,0.323,31.8,70.9,0.449,16.9,22.7,0.742,13.9,33.0,46.8,24.3,9.0,4.8,16.7,24.3,99.1,38.5,86.2,0.446,9.1,27.7,0.326,29.4,58.5,0.503,19.6,25.4,0.773,10.0,33.2,43.2,27.7,10.0,7.4,16.1,21.8,105.6,0.422,10.8,0.788,0.298,0.262,0.12,0.108,0.212,0.449,0.587,0.377,0.358,0.344,0.324,0.606,0.808,0.195,0.31,0.446,13.0,0.678,0.275,0.2,0.1,0.103,0.322,0.503,0.65,0.391,0.393,0.433,0.326,0.672,0.88,0.203,0.278,26.1,-5.13,0.46,-4.67,99.1,105.6,-6.5,78.2,0.252,0.212,0.495,0.457,14.3,29.5,0.187,0.499,14.2,76.8,0.228
CHI,2024,0.0,PHO,68,86,18.0,8.0,0.0,2.0,0.0,0.0,0.0,1.0,0.0,0.0,0.0,0.0,1.0,1.0,0.0,1.0,0.0,0.0,1.0,0.0,3.0,1.0,1.0,2.0,0.0,0.0,0.0,0.0,0.0,29.7,70.3,0.422,4.8,14.9,0.323,24.9,55.4,0.449,13.2,17.8,0.742,10.9,25.8,36.6,19.0,7.0,3.8,13.1,19.0,77.4,30.1,67.4,0.446,7.1,21.7,0.326,23.0,45.7,0.503,15.4,19.9,0.773,7.8,26.0,33.8,21.7,7.9,5.8,12.6,17.0,82.5,38.0,90.0,0.422,6.2,19.1,0.323,31.8,70.9,0.449,16.9,22.7,0.742,13.9,33.0,46.8,24.3,9.0,4.8,16.7,24.3,99.1,38.5,86.2,0.446,9.1,27.7,0.326,29.4,58.5,0.503,19.6,25.4,0.773,10.0,33.2,43.2,27.7,10.0,7.4,16.1,21.8,105.6,0.422,10.8,0.788,0.298,0.262,0.12,0.108,0.212,0.449,0.587,0.377,0.358,0.344,0.324,0.606,0.808,0.195,0.31,0.446,13.0,0.678,0.275,0.2,0.1,0.103,0.322,0.503,0.65,0.391,0.393,0.433,0.326,0.672,0.88,0.203,0.278,26.1,-5.13,0.46,-4.67,99.1,105.6,-6.5,78.2,0.252,0.212,0.495,0.457,14.3,29.5,0.187,0.499,14.2,76.8,0.228
CHI,2024,0.0,CON,80,82,23.0,8.0,0.0,2.0,0.0,0.0,0.0,1.0,0.0,0.0,0.0,0.0,1.0,1.0,0.0,1.0,0.0,0.0,1.0,0.0,3.0,1.0,1.0,2.0,0.0,0.0,0.0,0.0,0.0,29.7,70.3,0.422,4.8,14.9,0.323,24.9,55.4,0.449,13.2,17.8,0.742,10.9,25.8,36.6,19.0,7.0,3.8,13.1,19.0,77.4,30.1,67.4,0.446,7.1,21.7,0.326,23.0,45.7,0.503,15.4,19.9,0.773,7.8,26.0,33.8,21.7,7.9,5.8,12.6,17.0,82.5,38.0,90.0,0.422,6.2,19.1,0.323,31.8,70.9,0.449,16.9,22.7,0.742,13.9,33.0,46.8,24.3,9.0,4.8,16.7,24.3,99.1,38.5,86.2,0.446,9.1,27.7,0.326,29.4,58.5,0.503,19.6,25.4,0.773,10.0,33.2,43.2,27.7,10.0,7.4,16.1,21.8,105.6,0.422,10.8,0.788,0.298,0.262,0.12,0.108,0.212,0.449,0.587,0.377,0.358,0.344,0.324,0.606,0.808,0.195,0.31,0.446,13.0,0.678,0.275,0.2,0.1,0.103,0.322,0.503,0.65,0.391,0.393,0.433,0.326,0.672,0.88,0.203,0.278,26.1,-5.13,0.46,-4.67,99.1,105.6,-6.5,78.2,0.252,0.212,0.495,0.457,14.3,29.5,0.187,0.499,14.2,76.8,0.228
CHI,2024,1.0,LVA,75,77,25.0,8.0,0.0,2.0,0.0,0.0,0.0,1.0,0.0,0.0,0.0,0.0,1.0,1.0,0.0,1.0,0.0,0.0,1.0,0.0,3.0,1.0,1.0,2.0,0.0,0.0,0.0,0.0,0.0,29.7,70.3,0.422,4.8,14.9,0.323,24.9,55.4,0.449,13.2,17.8,0.742,10.9,25.8,36.6,19.0,7.0,3.8,13.1,19.0,77.4,30.1,67.4,0.446,7.1,21.7,0.326,23.0,45.7,0.503,15.4,19.9,0.773,7.8,26.0,33.8,21.7,7.9,5.8,12.6,17.0,82.5,38.0,90.0,0.422,6.2,19.1,0.323,31.8,70.9,0.449,16.9,22.7,0.742,13.9,33.0,46.8,24.3,9.0,4.8,16.7,24.3,99.1,38.5,86.2,0.446,9.1,27.7,0.326,29.4,58.5,0.503,19.6,25.4,0.773,10.0,33.2,43.2,27.7,10.0,7.4,16.1,21.8,105.6,0.422,10.8,0.788,0.298,0.262,0.12,0.108,0.212,0.449,0.587,0.377,0.358,0.344,0.324,0.606,0.808,0.195,0.31,0.446,13.0,0.678,0.275,0.2,0.1,0.103,0.322,0.503,0.65,0.391,0.393,0.433,0.326,0.672,0.88,0.203,0.278,26.1,-5.13,0.46,-4.67,99.1,105.6,-6.5,78.2,0.252,0.212,0.495,0.457,14.3,29.5,0.187,0.499,14.2,76.8,0.228
CHI,2024,1.0,WAS,70,74,28.0,8.0,0.0,1.0,0.0,0.0,0.0,1.0,0.0,0.0,0.0,0.0,1.0,1.0,0.0,0.0,0.0,0.0,1.0,0.0,2.0,1.0,0.0,2.0,0.0,0.0,0.0,0.0,0.0,29.7,70.3,0.422,4.8,14.9,0.323,24.9,55.4,0.449,13.2,17.8,0.742,10.9,25.8,36.6,19.0,7.0,3.8,13.1,19.0,77.4,30.1,67.4,0.446,7.1,21.7,0.326,23.0,45.7,0.503,15.4,19.9,0.773,7.8,26.0,33.8,21.7,7.9,5.8,12.6,17.0,82.5,38.0,90.0,0.422,6.2,19.1,0.323,31.8,70.9,0.449,16.9,22.7,0.742,13.9,33.0,46.8,24.3,9.0,4.8,16.7,24.3,99.1,38.5,86.2,0.446,9.1,27.7,0.326,29.4,58.5,0.503,19.6,25.4,0.773,10.0,33.2,43.2,27.7,10.0,7.4,16.1,21.8,105.6,0.422,10.8,0.788,0.298,0.262,0.12,0.108,0.212,0.449,0.587,0.377,0.358,0.344,0.324,0.606,0.808,0.195,0.31,0.446,13.0,0.678,0.275,0.2,0.1,0.103,0.322,0.503,0.65,0.391,0.393,0.433,0.326,0.672,0.88,0.203,0.278,26.1,-5.13,0.46,-4.67,99.1,105.6,-6.5,78.2,0.252,0.212,0.495,0.457,14.3,29.5,0.187,0.499,14.2,76.8,0.228
CHI,2024,1.0,IND,81,100,30.0,8.0,0.0,1.0,0.0,0.0,0.0,1.0,0.0,0.0,0.0,0.0,1.0,1.0,0.0,0.0,0.0,0.0,1.0,0.0,2.0,1.0,0.0,2.0,0.0,0.0,0.0,0.0,0.0,29.7,70.3,0.422,4.8,14.9,0.323,24.9,55.4,0.449,13.2,17.8,0.742,10.9,25.8,36.6,19.0,7.0,3.8,13.1,19.0,77.4,30.1,67.4,0.446,7.1,21.7,0.326,23.0,45.7,0.503,15.4,19.9,0.773,7.8,26.0,33.8,21.7,7.9,5.8,12.6,17.0,82.5,38.0,90.0,0.422,6.2,19.1,0.323,31.8,70.9,0.449,16.9,22.7,0.742,13.9,33.0,46.8,24.3,9.0,4.8,16.7,24.3,99.1,38.5,86.2,0.446,9.1,27.7,0.326,29.4,58.5,0.503,19.6,25.4,0.773,10.0,33.2,43.2,27.7,10.0,7.4,16.1,21.8,105.6,0.422,10.8,0.788,0.298,0.262,0.12,0.108,0.212,0.449,0.587,0.377,0.358,0.344,0.324,0.606,0.808,0.195,0.31,0.446,13.0,0.678,0.275,0.2,0.1,0.103,0.322,0.503,0.65,0.391,0.393,0.433,0.326,0.672,0.88,0.203,0.278,26.1,-5.13,0.46,-4.67,99.1,105.6,-6.5,78.2,0.252,0.212,0.495,0.457,14.3,29.5,0.187,0.499,14.2,76.8,0.228
CHI,2024,0.0,MIN,74,79,1.0,9.0,0.0,1.0,0.0,0.0,0.0,1.0,0.0,0.0,0.0,0.0,1.0,1.0,0.0,0.0,0.0,0.0,1.0,0.0,2.0,1.0,0.0,2.0,0.0,0.0,0.0,0.0,0.0,29.7,70.3,0.422,4.8,14.9,0.323,24.9,55.4,0.449,13.2,17.8,0.742,10.9,25.8,36.6,19.0,7.0,3.8,13.1,19.0,77.4,30.1,67.4,0.446,7.1,21.7,0.326,23.0,45.7,0.503,15.4,19.9,0.773,7.8,26.0,33.8,21.7,7.9,5.8,12.6,17.0,82.5,38.0,90.0,0.422,6.2,19.1,0.323,31.8,70.9,0.449,16.9,22.7,0.742,13.9,33.0,46.8,24.3,9.0,4.8,16.7,24.3,99.1,38.5,86.2,0.446,9.1,27.7,0.326,29.4,58.5,0.503,19.6,25.4,0.773,10.0,33.2,43.2,27.7,10.0,7.4,16.1,21.8,105.6,0.422,10.8,0.788,0.298,0.262,0.12,0.108,0.212,0.449,0.587,0.377,0.358,0.344,0.324,0.606,0.808,0.195,0.31,0.446,13.0,0.678,0.275,0.2,0.1,0.103,0.322,0.503,0.65,0.391,0.393,0.433,0.326,0.672,0.88,0.203,0.278,26.1,-5.13,0.46,-4.67,99.1,105.6,-6.5,78.2,0.252,0.212,0.495,0.457,14.3,29.5,0.187,0.499,14.2,76.8,0.228
CHI,2024,0.0,LVA,71,90,3.0,9.0,0.0,1.0,0.0,0.0,0.0,1.0,0.0,0.0,0.0,0.0,1.0,1.0,0.0,0.0,0.0,0.0,1.0,0.0,2.0,1.0,0.0,2.0,0.0,0.0,0.0,0.0,0.0,29.7,70.3,0.422,4.8,14.9,0.323,24.9,55.4,0.449,13.2,17.8,0.742,10.9,25.8,36.6,19.0,7.0,3.8,13.1,19.0,77.4,30.1,67.4,0.446,7.1,21.7,0.326,23.0,45.7,0.503,15.4,19.9,0.773,7.8,26.0,33.8,21.7,7.9,5.8,12.6,17.0,82.5,38.0,90.0,0.422,6.2,19.1,0.323,31.8,70.9,0.449,16.9,22.7,0.742,13.9,33.0,46.8,24.3,9.0,4.8,16.7,24.3,99.1,38.5,86.2,0.446,9.1,27.7,0.326,29.4,58.5,0.503,19.6,25.4,0.773,10.0,33.2,43.2,27.7,10.0,7.4,16.1,21.8,105.6,0.422,10.8,0.788,0.298,0.262,0.12,0.108,0.212,0.449,0.587,0.377,0.358,0.344,0.324,0.606,0.808,0.195,0.31,0.446,13.0,0.678,0.275,0.2,0.1,0.103,0.322,0.503,0.65,0.391,0.393,0.433,0.326,0.672,0.88,0.203,0.278,26.1,-5.13,0.46,-4.67,99.1,105.6,-6.5,78.2,0.252,0.212,0.495,0.457,14.3,29.5,0.187,0.499,14.2,76.8,0.228
CHI,2024,1.0,LAS,92,78,6.0,9.0,0.0,2.0,0.0,0.0,0.0,1.0,0.0,0.0,0.0,0.0,1.0,1.0,0.0,1.0,0.0,0.0,1.0,0.0,3.0,1.0,1.0,2.0,0.0,0.0,0.0,0.0,0.0,29.7,70.3,0.422,4.8,14.9,0.323,24.9,55.4,0.449,13.2,17.8,0.742,10.9,25.8,36.6,19.0,7.0,3.8,13.1,19.0,77.4,30.1,67.4,0.446,7.1,21.7,0.326,23.0,45.7,0.503,15.4,19.9,0.773,7.8,26.0,33.8,21.7,7.9,5.8,12.6,17.0,82.5,38.0,90.0,0.422,6.2,19.1,0.323,31.8,70.9,0.449,16.9,22.7,0.742,13.9,33.0,46.8,24.3,9.0,4.8,16.7,24.3,99.1,38.5,86.2,0.446,9.1,27.7,0.326,29.4,58.5,0.503,19.6,25.4,0.773,10.0,33.2,43.2,27.7,10.0,7.4,16.1,21.8,105.6,0.422,10.8,0.788,0.298,0.262,0.12,0.108,0.212,0.449,0.587,0.377,0.358,0.344,0.324,0.606,0.808,0.195,0.31,0.446,13.0,0.678,0.275,0.2,0.1,0.103,0.322,0.503,0.65,0.391,0.393,0.433,0.326,0.672,0.88,0.203,0.278,26.1,-5.13,0.46,-4.67,99.1,105.6,-6.5,78.2,0.252,0.212,0.495,0.457,14.3,29.5,0.187,0.499,14.2,76.8,0.228
CHI,2024,1.0,DAL,92,77,8.0,9.0,0.0,1.0,0.0,0.0,0.0,0.0,0.0,0.0,0.0,0.0,0.0,0.0,0.0,1.0,0.0,0.0,0.0,0.0,2.0,1.0,1.0,1.0,0.0,0.0,0.0,0.0,0.0,29.7,70.3,0.422,4.8,14.9,0.323,24.9,55.4,0.449,13.2,17.8,0.742,10.9,25.8,36.6,19.0,7.0,3.8,13.1,19.0,77.4,30.1,67.4,0.446,7.1,21.7,0.326,23.0,45.7,0.503,15.4,19.9,0.773,7.8,26.0,33.8,21.7,7.9,5.8,12.6,17.0,82.5,38.0,90.0,0.422,6.2,19.1,0.323,31.8,70.9,0.449,16.9,22.7,0.742,13.9,33.0,46.8,24.3,9.0,4.8,16.7,24.3,99.1,38.5,86.2,0.446,9.1,27.7,0.326,29.4,58.5,0.503,19.6,25.4,0.773,10.0,33.2,43.2,27.7,10.0,7.4,16.1,21.8,105.6,0.422,10.8,0.788,0.298,0.262,0.12,0.108,0.212,0.449,0.587,0.377,0.358,0.344,0.324,0.606,0.808,0.195,0.31,0.446,13.0,0.678,0.275,0.2,0.1,0.103,0.322,0.503,0.65,0.391,0.393,0.433,0.326,0.672,0.88,0.203,0.278,26.1,-5.13,0.46,-4.67,99.1,105.6,-6.5,78.2,0.252,0.212,0.495,0.457,14.3,29.5,0.187,0.499,14.2,76.8,0.228
CHI,2024,1.0,WAS,58,89,11.0,9.0,0.0,1.0,0.0,0.0,0.0,0.0,0.0,0.0,0.0,0.0,0.0,0.0,0.0,1.0,0.0,0.0,0.0,0.0,2.0,1.0,1.0,2.0,0.0,0.0,0.0,0.0,0.0,29.7,70.3,0.422,4.8,14.9,0.323,24.9,55.4,0.449,13.2,17.8,0.742,10.9,25.8,36.6,19.0,7.0,3.8,13.1,19.0,77.4,30.1,67.4,0.446,7.1,21.7,0.326,23.0,45.7,0.503,15.4,19.9,0.773,7.8,26.0,33.8,21.7,7.9,5.8,12.6,17.0,82.5,38.0,90.0,0.422,6.2,19.1,0.323,31.8,70.9,0.449,16.9,22.7,0.742,13.9,33.0,46.8,24.3,9.0,4.8,16.7,24.3,99.1,38.5,86.2,0.446,9.1,27.7,0.326,29.4,58.5,0.503,19.6,25.4,0.773,10.0,33.2,43.2,27.7,10.0,7.4,16.1,21.8,105.6,0.422,10.8,0.788,0.298,0.262,0.12,0.108,0.212,0.449,0.587,0.377,0.358,0.344,0.324,0.606,0.808,0.195,0.31,0.446,13.0,0.678,0.275,0.2,0.1,0.103,0.322,0.503,0.65,0.391,0.393,0.433,0.326,0.672,0.88,0.203,0.278,26.1,-5.13,0.46,-4.67,99.1,105.6,-6.5,78.2,0.252,0.212,0.495,0.457,14.3,29.5,0.187,0.499,14.2,76.8,0.228
CHI,2024,0.0,MIN,66,83,13.0,9.0,0.0,1.0,0.0,0.0,0.0,0.0,0.0,0.0,0.0,0.0,0.0,0.0,0.0,1.0,0.0,0.0,0.0,0.0,2.0,1.0,1.0,2.0,0.0,0.0,0.0,0.0,0.0,29.7,70.3,0.422,4.8,14.9,0.323,24.9,55.4,0.449,13.2,17.8,0.742,10.9,25.8,36.6,19.0,7.0,3.8,13.1,19.0,77.4,30.1,67.4,0.446,7.1,21.7,0.326,23.0,45.7,0.503,15.4,19.9,0.773,7.8,26.0,33.8,21.7,7.9,5.8,12.6,17.0,82.5,38.0,90.0,0.422,6.2,19.1,0.323,31.8,70.9,0.449,16.9,22.7,0.742,13.9,33.0,46.8,24.3,9.0,4.8,16.7,24.3,99.1,38.5,86.2,0.446,9.1,27.7,0.326,29.4,58.5,0.503,19.6,25.4,0.773,10.0,33.2,43.2,27.7,10.0,7.4,16.1,21.8,105.6,0.422,10.8,0.788,0.298,0.262,0.12,0.108,0.212,0.449,0.587,0.377,0.358,0.344,0.324,0.606,0.808,0.195,0.31,0.446,13.0,0.678,0.275,0.2,0.1,0.103,0.322,0.503,0.65,0.391,0.393,0.433,0.326,0.672,0.88,0.203,0.278,26.1,-5.13,0.46,-4.67,99.1,105.6,-6.5,78.2,0.252,0.212,0.495,0.457,14.3,29.5,0.187,0.499,14.2,76.8,0.228
CHI,2024,1.0,PHO,88,93,15.0,9.0,0.0,1.0,0.0,0.0,0.0,0.0,0.0,0.0,0.0,0.0,0.0,0.0,0.0,1.0,0.0,0.0,0.0,0.0,2.0,1.0,1.0,2.0,0.0,0.0,0.0,0.0,0.0,29.7,70.3,0.422,4.8,14.9,0.323,24.9,55.4,0.449,13.2,17.8,0.742,10.9,25.8,36.6,19.0,7.0,3.8,13.1,19.0,77.4,30.1,67.4,0.446,7.1,21.7,0.326,23.0,45.7,0.503,15.4,19.9,0.773,7.8,26.0,33.8,21.7,7.9,5.8,12.6,17.0,82.5,38.0,90.0,0.422,6.2,19.1,0.323,31.8,70.9,0.449,16.9,22.7,0.742,13.9,33.0,46.8,24.3,9.0,4.8,16.7,24.3,99.1,38.5,86.2,0.446,9.1,27.7,0.326,29.4,58.5,0.503,19.6,25.4,0.773,10.0,33.2,43.2,27.7,10.0,7.4,16.1,21.8,105.6,0.422,10.8,0.788,0.298,0.262,0.12,0.108,0.212,0.449,0.587,0.377,0.358,0.344,0.324,0.606,0.808,0.195,0.31,0.446,13.0,0.678,0.275,0.2,0.1,0.103,0.322,0.503,0.65,0.391,0.393,0.433,0.326,0.672,0.88,0.203,0.278,26.1,-5.13,0.46,-4.67,99.1,105.6,-6.5,78.2,0.252,0.212,0.495,0.457,14.3,29.5,0.187,0.499,14.2,76.8,0.228
CHI,2024,0.0,ATL,70,86,17.0,9.0,0.0,0.0,0.0,0.0,0.0,0.0,0.0,0.0,0.0,0.0,0.0,0.0,0.0,0.0,0.0,0.0,0.0,0.0,1.0,0.0,0.0,2.0,0.0,0.0,0.0,0.0,0.0,29.7,70.3,0.422,4.8,14.9,0.323,24.9,55.4,0.449,13.2,17.8,0.742,10.9,25.8,36.6,19.0,7.0,3.8,13.1,19.0,77.4,30.1,67.4,0.446,7.1,21.7,0.326,23.0,45.7,0.503,15.4,19.9,0.773,7.8,26.0,33.8,21.7,7.9,5.8,12.6,17.0,82.5,38.0,90.0,0.422,6.2,19.1,0.323,31.8,70.9,0.449,16.9,22.7,0.742,13.9,33.0,46.8,24.3,9.0,4.8,16.7,24.3,99.1,38.5,86.2,0.446,9.1,27.7,0.326,29.4,58.5,0.503,19.6,25.4,0.773,10.0,33.2,43.2,27.7,10.0,7.4,16.1,21.8,105.6,0.422,10.8,0.788,0.298,0.262,0.12,0.108,0.212,0.449,0.587,0.377,0.358,0.344,0.324,0.606,0.808,0.195,0.31,0.446,13.0,0.678,0.275,0.2,0.1,0.103,0.322,0.503,0.65,0.391,0.393,0.433,0.326,0.672,0.88,0.203,0.278,26.1,-5.13,0.46,-4.67,99.1,105.6,-6.5,78.2,0.252,0.212,0.495,0.457,14.3,29.5,0.187,0.499,14.2,76.8,0.228
CHI,2024,0.0,CON,54,87,19.0,9.0,0.0,0.0,0.0,0.0,0.0,0.0,0.0,0.0,0.0,0.0,0.0,0.0,0.0,0.0,0.0,0.0,0.0,0.0,1.0,0.0,0.0,2.0,0.0,0.0,0.0,0.0,0.0,29.7,70.3,0.422,4.8,14.9,0.323,24.9,55.4,0.449,13.2,17.8,0.742,10.9,25.8,36.6,19.0,7.0,3.8,13.1,19.0,77.4,30.1,67.4,0.446,7.1,21.7,0.326,23.0,45.7,0.503,15.4,19.9,0.773,7.8,26.0,33.8,21.7,7.9,5.8,12.6,17.0,82.5,38.0,90.0,0.422,6.2,19.1,0.323,31.8,70.9,0.449,16.9,22.7,0.742,13.9,33.0,46.8,24.3,9.0,4.8,16.7,24.3,99.1,38.5,86.2,0.446,9.1,27.7,0.326,29.4,58.5,0.503,19.6,25.4,0.773,10.0,33.2,43.2,27.7,10.0,7.4,16.1,21.8,105.6,0.422,10.8,0.788,0.298,0.262,0.12,0.108,0.212,0.449,0.587,0.377,0.358,0.344,0.324,0.606,0.808,0.195,0.31,0.446,13.0,0.678,0.275,0.2,0.1,0.103,0.322,0.503,0.65,0.391,0.393,0.433,0.326,0.672,0.88,0.203,0.278,26.1,-5.13,0.46,-4.67,99.1,105.6,-6.5,78.2,0.252,0.212,0.495,0.457,14.3,29.5,0.187,0.499,14.2,76.8,0.228
CON,2024,1.0,IND,92,71,14.0,5.0,2.0,1.0,2.0,0.0,3.0,0.0,0.0,0.0,1.0,1.0,0.0,1.0,1.0,0.0,1.0,1.0,0.0,1.0,0.0,0.0,0.0,3.0,0.0,0.0,0.0,1.0,0.0,29.3,65.9,0.444,5.9,18.0,0.327,23.4,48.0,0.487,15.7,20.9,0.753,8.4,25.1,33.5,19.9,8.2,3.7,12.1,16.1,80.1,27.2,63.0,0.431,6.5,20.6,0.313,20.7,42.4,0.488,12.9,16.5,0.779,7.0,24.7,31.7,19.1,7.0,4.6,15.0,18.1,73.6,38.3,86.4,0.444,7.7,23.6,0.327,30.6,62.8,0.487,20.6,27.4,0.753,10.9,32.9,43.8,26.1,10.7,4.8,15.8,21.1,105.0,35.6,82.6,0.431,8.5,27.0,0.313,27.1,55.5,0.488,16.8,21.6,0.779,9.2,32.4,41.6,25.0,9.2,6.0,19.6,23.8,96.4,0.444,11.9,0.727,0.267,0.262,0.11,0.089,0.273,0.487,0.636,0.416,0.414,0.345,0.327,0.635,0.86,0.181,0.3,0.431,13.0,0.673,0.207,0.257,0.12,0.089,0.327,0.488,0.66,0.435,0.401,0.362,0.313,0.644,0.895,0.193,0.346,28.9,6.5,-0.75,5.75,105.0,96.4,8.6,75.8,0.317,0.273,0.533,0.488,13.8,25.2,0.239,0.482,17.6,78.2,0.204
CON,2024,1.0,WAS,84,77,17.0,5.0,2.0,1.0,1.0,0.0,3.0,0.0,0.0,0.0,1.0,1.0,0.0,1.0,1.0,0.0,1.0,1.0,0.0,1.0,0.0,0.0,0.0,2.0,0.0,0.0,0.0,1.0,0.0,29.3,65.9,0.444,5.9,18.0,0.327,23.4,48.0,0.487,15.7,20.9,0.753,8.4,25.1,33.5,19.9,8.2,3.7,12.1,16.1,80.1,27.2,63.0,0.431,6.5,20.6,0.313,20.7,42.4,0.488,12.9,16.5,0.779,7.0,24.7,31.7,19.1,7.0,4.6,15.0,18.1,73.6,38.3,86.4,0.444,7.7,23.6,0.327,30.6,62.8,0.487,20.6,27.4,0.753,10.9,32.9,43.8,26.1,10.7,4.8,15.8,21.1,105.0,35.6,82.6,0.431,8.5,27.0,0.313,27.1,55.5,0.488,16.8,21.6,0.779,9.2,32.4,41.6,25.0,9.2,6.0,19.6,23.8,96.4,0.444,11.9,0.727,0.267,0.262,0.11,0.089,0.273,0.487,0.636,0.416,0.414,0.345,0.327,0.635,0.86,0.181,0.3,0.431,13.0,0.673,0.207,0.257,0.12,0.089,0.327,0.488,0.66,0.435,0.401,0.362,0.313,0.644,0.895,0.193,0.346,28.9,6.5,-0.75,5.75,105.0,96.4,8.6,75.8,0.317,0.273,0.533,0.488,13.8,25.2,0.239,0.482,17.6,78.2,0.204
CON,2024,0.0,IND,88,84,20.0,5.0,2.0,1.0,2.0,0.0,3.0,0.0,0.0,0.0,1.0,1.0,0.0,1.0,1.0,0.0,1.0,1.0,0.0,1.0,0.0,0.0,0.0,2.0,0.0,0.0,0.0,1.0,0.0,29.3,65.9,0.444,5.9,18.0,0.327,23.4,48.0,0.487,15.7,20.9,0.753,8.4,25.1,33.5,19.9,8.2,3.7,12.1,16.1,80.1,27.2,63.0,0.431,6.5,20.6,0.313,20.7,42.4,0.488,12.9,16.5,0.779,7.0,24.7,31.7,19.1,7.0,4.6,15.0,18.1,73.6,38.3,86.4,0.444,7.7,23.6,0.327,30.6,62.8,0.487,20.6,27.4,0.753,10.9,32.9,43.8,26.1,10.7,4.8,15.8,21.1,105.0,35.6,82.6,0.431,8.5,27.0,0.313,27.1,55.5,0.488,16.8,21.6,0.779,9.2,32.4,41.6,25.0,9.2,6.0,19.6,23.8,96.4,0.444,11.9,0.727,0.267,0.262,0.11,0.089,0.273,0.487,0.636,0.416,0.414,0.345,0.327,0.635,0.86,0.181,0.3,0.431,13.0,0.673,0.207,0.257,0.12,0.089,0.327,0.488,0.66,0.435,0.401,0.362,0.313,0.644,0.895,0.193,0.346,28.9,6.5,-0.75,5.75,105.0,96.4,8.6,75.8,0.317,0.273,0.533,0.488,13.8,25.2,0.239,0.482,17.6,78.2,0.204
CON,2024,1.0,MIN,83,82,23.0,5.0,2.0,1.0,2.0,0.0,3.0,0.0,0.0,0.0,1.0,1.0,0.0,1.0,1.0,0.0,0.0,1.0,0.0,1.0,0.0,0.0,0.0,2.0,0.0,0.0,0.0,1.0,0.0,29.3,65.9,0.444,5.9,18.0,0.327,23.4,48.0,0.487,15.7,20.9,0.753,8.4,25.1,33.5,19.9,8.2,3.7,12.1,16.1,80.1,27.2,63.0,0.431,6.5,20.6,0.313,20.7,42.4,0.488,12.9,16.5,0.779,7.0,24.7,31.7,19.1,7.0,4.6,15.0,18.1,73.6,38.3,86.4,0.444,7.7,23.6,0.327,30.6,62.8,0.487,20.6,27.4,0.753,10.9,32.9,43.8,26.1,10.7,4.8,15.8,21.1,105.0,35.6,82.6,0.431,8.5,27.0,0.313,27.1,55.5,0.488,16.8,21.6,0.779,9.2,32.4,41.6,25.0,9.2,6.0,19.6,23.8,96.4,0.444,11.9,0.727,0.267,0.262,0.11,0.089,0.273,0.487,0.636,0.416,0.414,0.345,0.327,0.635,0.86,0.181,0.3,0.431,13.0,0.673,0.207,0.257,0.12,0.089,0.327,0.488,0.66,0.435,0.401,0.362,0.313,0.644,0.895,0.193,0.346,28.9,6.5,-0.75,5.75,105.0,96.4,8.6,75.8,0.317,0.273,0.533,0.488,13.8,25.2,0.239,0.482,17.6,78.2,0.204
CON,2024,0.0,CHI,86,82,25.0,5.0,2.0,1.0,2.0,0.0,3.0,0.0,0.0,0.0,1.0,1.0,0.0,1.0,1.0,0.0,1.0,1.0,0.0,1.0,0.0,0.0,0.0,3.0,0.0,0.0,0.0,1.0,0.0,29.3,65.9,0.444,5.9,18.0,0.327,23.4,48.0,0.487,15.7,20.9,0.753,8.4,25.1,33.5,19.9,8.2,3.7,12.1,16.1,80.1,27.2,63.0,0.431,6.5,20.6,0.313,20.7,42.4,0.488,12.9,16.5,0.779,7.0,24.7,31.7,19.1,7.0,4.6,15.0,18.1,73.6,38.3,86.4,0.444,7.7,23.6,0.327,30.6,62.8,0.487,20.6,27.4,0.753,10.9,32.9,43.8,26.1,10.7,4.8,15.8,21.1,105.0,35.6,82.6,0.431,8.5,27.0,0.313,27.1,55.5,0.488,16.8,21.6,0.779,9.2,32.4,41.6,25.0,9.2,6.0,19.6,23.8,96.4,0.444,11.9,0.727,0.267,0.262,0.11,0.089,0.273,0.487,0.636,0.416,0.414,0.345,0.327,0.635,0.86,0.181,0.3,0.431,13.0,0.673,0.207,0.257,0.12,0.089,0.327,0.488,0.66,0.435,0.401,0.362,0.313,0.644,0.895,0.193,0.346,28.9,6.5,-0.75,5.75,105.0,96.4,8.6,75.8,0.317,0.273,0.533,0.488,13.8,25.2,0.239,0.482,17.6,78.2,0.204
CON,2024,1.0,PHO,70,47,28.0,5.0,2.0,1.0,2.0,0.0,3.0,1.0,1.0,0.0,1.0,1.0,0.0,1.0,1.0,0.0,1.0,1.0,1.0,1.0,0.0,0.0,1.0,3.0,0.0,0.0,0.0,1.0,0.0,29.3,65.9,0.444,5.9,18.0,0.327,23.4,48.0,0.487,15.7,20.9,0.753,8.4,25.1,33.5,19.9,8.2,3.7,12.1,16.1,80.1,27.2,63.0,0.431,6.5,20.6,0.313,20.7,42.4,0.488,12.9,16.5,0.779,7.0,24.7,31.7,19.1,7.0,4.6,15.0,18.1,73.6,38.3,86.4,0.444,7.7,23.6,0.327,30.6,62.8,0.487,20.6,27.4,0.753,10.9,32.9,43.8,26.1,10.7,4.8,15.8,21.1,105.0,35.6,82.6,0.431,8.5,27.0,0.313,27.1,55.5,0.488,16.8,21.6,0.779,9.2,32.4,41.6,25.0,9.2,6.0,19.6,23.8,96.4,0.444,11.9,0.727,0.267,0.262,0.11,0.089,0.273,0.487,0.636,0.416,0.414,0.345,0.327,0.635,0.86,0.181,0.3,0.431,13.0,0.673,0.207,0.257,0.12,0.089,0.327,0.488,0.66,0.435,0.401,0.362,0.313,0.644,0.895,0.193,0.346,28.9,6.5,-0.75,5.75,105.0,96.4,8.6,75.8,0.317,0.273,0.533,0.488,13.8,25.2,0.239,0.482,17.6,78.2,0.204
CON,2024,1.0,DAL,74,72,31.0,5.0,2.0,1.0,2.0,0.0,3.0,0.0,0.0,0.0,1.0,1.0,0.0,1.0,1.0,0.0,1.0,1.0,0.0,1.0,0.0,0.0,0.0,3.0,0.0,0.0,0.0,1.0,0.0,29.3,65.9,0.444,5.9,18.0,0.327,23.4,48.0,0.487,15.7,20.9,0.753,8.4,25.1,33.5,19.9,8.2,3.7,12.1,16.1,80.1,27.2,63.0,0.431,6.5,20.6,0.313,20.7,42.4,0.488,12.9,16.5,0.779,7.0,24.7,31.7,19.1,7.0,4.6,15.0,18.1,73.6,38.3,86.4,0.444,7.7,23.6,0.327,30.6,62.8,0.487,20.6,27.4,0.753,10.9,32.9,43.8,26.1,10.7,4.8,15.8,21.1,105.0,35.6,82.6,0.431,8.5,27.0,0.313,27.1,55.5,0.488,16.8,21.6,0.779,9.2,32.4,41.6,25.0,9.2,6.0,19.6,23.8,96.4,0.444,11.9,0.727,0.267,0.262,0.11,0.089,0.273,0.487,0.636,0.416,0.414,0.345,0.327,0.635,0.86,0.181,0.3,0.431,13.0,0.673,0.207,0.257,0.12,0.089,0.327,0.488,0.66,0.435,0.401,0.362,0.313,0.644,0.895,0.193,0.346,28.9,6.5,-0.75,5.75,105.0,96.4,8.6,75.8,0.317,0.273,0.533,0.488,13.8,25.2,0.239,0.482,17.6,78.2,0.204
CON,2024,0.0,ATL,69,50,2.0,6.0,2.0,1.0,1.0,0.0,3.0,1.0,1.0,0.0,1.0,1.0,0.0,1.0,1.0,0.0,1.0,1.0,1.0,1.0,0.0,0.0,1.0,2.0,0.0,0.0,0.0,1.0,0.0,29.3,65.9,0.444,5.9,18.0,0.327,23.4,48.0,0.487,15.7,20.9,0.753,8.4,25.1,33.5,19.9,8.2,3.7,12.1,16.1,80.1,27.2,63.0,0.431,6.5,20.6,0.313,20.7,42.4,0.488,12.9,16.5,0.779,7.0,24.7,31.7,19.1,7.0,4.6,15.0,18.1,73.6,38.3,86.4,0.444,7.7,23.6,0.327,30.6,62.8,0.487,20.6,27.4,0.753,10.9,32.9,43.8,26.1,10.7,4.8,15.8,21.1,105.0,35.6,82.6,0.431,8.5,27.0,0.313,27.1,55.5,0.488,16.8,21.6,0.779,9.2,32.4,41.6,25.0,9.2,6.0,19.6,23.8,96.4,0.444,11.9,0.727,0.267,0.262,0.11,0.089,0.273,0.487,0.636,0.416,0.414,0.345,0.327,0.635,0.86,0.181,0.3,0.431,13.0,0.673,0.207,0.257,0.12,0.089,0.327,0.488,0.66,0.435,0.401,0.362,0.313,0.644,0.895,0.193,0.346,28.9,6.5,-0.75,5.75,105.0,96.4,8.6,75.8,0.317,0.273,0.533,0.488,13.8,25.2,0.239,0.482,17.6,78.2,0.204
CON,2024,1.0,WAS,76,59,4.0,6.0,2.0,1.0,2.0,0.0,3.0,1.0,1.0,0.0,1.0,1.0,0.0,1.0,1.0,0.0,1.0,1.0,1.0,1.0,0.0,0.0,1.0,2.0,0.0,0.0,0.0,1.0,0.0,29.3,65.9,0.444,5.9,18.0,0.327,23.4,48.0,0.487,15.7,20.9,0.753,8.4,25.1,33.5,19.9,8.2,3.7,12.1,16.1,80.1,27.2,63.0,0.431,6.5,20.6,0.313,20.7,42.4,0.488,12.9,16.5,0.779,7.0,24.7,31.7,19.1,7.0,4.6,15.0,18.1,73.6,38.3,86.4,0.444,7.7,23.6,0.327,30.6,62.8,0.487,20.6,27.4,0.753,10.9,32.9,43.8,26.1,10.7,4.8,15.8,21.1,105.0,35.6,82.6,0.431,8.5,27.0,0.313,27.1,55.5,0.488,16.8,21.6,0.779,9.2,32.4,41.6,25.0,9.2,6.0,19.6,23.8,96.4,0.444,11.9,0.727,0.267,0.262,0.11,0.089,0.273,0.487,0.636,0.416,0.414,0.345,0.327,0.635,0.86,0.181,0.3,0.431,13.0,0.673,0.207,0.257,0.12,0.089,0.327,0.488,0.66,0.435,0.401,0.362,0.313,0.644,0.895,0.193,0.346,28.9,6.5,-0.75,5.75,105.0,96.4,8.6,75.8,0.317,0.273,0.533,0.488,13.8,25.2,0.239,0.482,17.6,78.2,0.204
CON,2024,1.0,NYL,75,82,8.0,6.0,2.0,1.0,1.0,0.0,3.0,0.0,0.0,0.0,1.0,1.0,0.0,1.0,1.0,0.0,1.0,1.0,0.0,1.0,0.0,0.0,0.0,1.0,0.0,0.0,0.0,1.0,0.0,29.3,65.9,0.444,5.9,18.0,0.327,23.4,48.0,0.487,15.7,20.9,0.753,8.4,25.1,33.5,19.9,8.2,3.7,12.1,16.1,80.1,27.2,63.0,0.431,6.5,20.6,0.313,20.7,42.4,0.488,12.9,16.5,0.779,7.0,24.7,31.7,19.1,7.0,4.6,15.0,18.1,73.6,38.3,86.4,0.444,7.7,23.6,0.327,30.6,62.8,0.487,20.6,27.4,0.753,10.9,32.9,43.8,26.1,10.7,4.8,15.8,21.1,105.0,35.6,82.6,0.431,8.5,27.0,0.313,27.1,55.5,0.488,16.8,21.6,0.779,9.2,32.4,41.6,25.0,9.2,6.0,19.6,23.8,96.4,0.444,11.9,0.727,0.267,0.262,0.11,0.089,0.273,0.487,0.636,0.416,0.414,0.345,0.327,0.635,0.86,0.181,0.3,0.431,13.0,0.673,0.207,0.257,0.12,0.089,0.327,0.488,0.66,0.435,0.401,0.362,0.313,0.644,0.895,0.193,0.346,28.9,6.5,-0.75,5.75,105.0,96.4,8.6,75.8,0.317,0.273,0.533,0.488,13.8,25.2,0.239,0.482,17.6,78.2,0.204
CON,2024,1.0,IND,89,72,10.0,6.0,2.0,1.0,2.0,0.0,3.0,0.0,0.0,0.0,1.0,1.0,0.0,1.0,1.0,0.0,1.0,1.0,0.0,1.0,0.0,0.0,0.0,3.0,0.0,0.0,0.0,1.0,0.0,29.3,65.9,0.444,5.9,18.0,0.327,23.4,48.0,0.487,15.7,20.9,0.753,8.4,25.1,33.5,19.9,8.2,3.7,12.1,16.1,80.1,27.2,63.0,0.431,6.5,20.6,0.313,20.7,42.4,0.488,12.9,16.5,0.779,7.0,24.7,31.7,19.1,7.0,4.6,15.0,18.1,73.6,38.3,86.4,0.444,7.7,23.6,0.327,30.6,62.8,0.487,20.6,27.4,0.753,10.9,32.9,43.8,26.1,10.7,4.8,15.8,21.1,105.0,35.6,82.6,0.431,8.5,27.0,0.313,27.1,55.5,0.488,16.8,21.6,0.779,9.2,32.4,41.6,25.0,9.2,6.0,19.6,23.8,96.4,0.444,11.9,0.727,0.267,0.262,0.11,0.089,0.273,0.487,0.636,0.416,0.414,0.345,0.327,0.635,0.86,0.181,0.3,0.431,13.0,0.673,0.207,0.257,0.12,0.089,0.327,0.488,0.66,0.435,0.401,0.362,0.313,0.644,0.895,0.193,0.346,28.9,6.5,-0.75,5.75,105.0,96.4,8.6,75.8,0.317,0.273,0.533,0.488,13.8,25.2,0.239,0.482,17.6,78.2,0.204
CON,2024,0.0,CHI,83,75,12.0,6.0,2.0,1.0,1.0,0.0,3.0,0.0,0.0,0.0,1.0,1.0,0.0,1.0,1.0,0.0,1.0,1.0,0.0,1.0,0.0,0.0,0.0,1.0,0.0,0.0,0.0,1.0,0.0,29.3,65.9,0.444,5.9,18.0,0.327,23.4,48.0,0.487,15.7,20.9,0.753,8.4,25.1,33.5,19.9,8.2,3.7,12.1,16.1,80.1,27.2,63.0,0.431,6.5,20.6,0.313,20.7,42.4,0.488,12.9,16.5,0.779,7.0,24.7,31.7,19.1,7.0,4.6,15.0,18.1,73.6,38.3,86.4,0.444,7.7,23.6,0.327,30.6,62.8,0.487,20.6,27.4,0.753,10.9,32.9,43.8,26.1,10.7,4.8,15.8,21.1,105.0,35.6,82.6,0.431,8.5,27.0,0.313,27.1,55.5,0.488,16.8,21.6,0.779,9.2,32.4,41.6,25.0,9.2,6.0,19.6,23.8,96.4,0.444,11.9,0.727,0.267,0.262,0.11,0.089,0.273,0.487,0.636,0.416,0.414,0.345,0.327,0.635,0.86,0.181,0.3,0.431,13.0,0.673,0.207,0.257,0.12,0.089,0.327,0.488,0.66,0.435,0.401,0.362,0.313,0.644,0.895,0.193,0.346,28.9,6.5,-0.75,5.75,105.0,96.4,8.6,75.8,0.317,0.273,0.533,0.488,13.8,25.2,0.239,0.482,17.6,78.2,0.204
CON,2024,0.0,DAL,85,67,15.0,6.0,2.0,1.0,2.0,0.0,3.0,0.0,0.0,0.0,1.0,1.0,0.0,1.0,1.0,0.0,1.0,1.0,0.0,1.0,0.0,0.0,0.0,2.0,0.0,0.0,0.0,1.0,0.0,29.3,65.9,0.444,5.9,18.0,0.327,23.4,48.0,0.487,15.7,20.9,0.753,8.4,25.1,33.5,19.9,8.2,3.7,12.1,16.1,80.1,27.2,63.0,0.431,6.5,20.6,0.313,20.7,42.4,0.488,12.9,16.5,0.779,7.0,24.7,31.7,19.1,7.0,4.6,15.0,18.1,73.6,38.3,86.4,0.444,7.7,23.6,0.327,30.6,62.8,0.487,20.6,27.4,0.753,10.9,32.9,43.8,26.1,10.7,4.8,15.8,21.1,105.0,35.6,82.6,0.431,8.5,27.0,0.313,27.1,55.5,0.488,16.8,21.6,0.779,9.2,32.4,41.6,25.0,9.2,6.0,19.6,23.8,96.4,0.444,11.9,0.727,0.267,0.262,0.11,0.089,0.273,0.487,0.636,0.416,0.414,0.345,0.327,0.635,0.86,0.181,0.3,0.431,13.0,0.673,0.207,0.257,0.12,0.089,0.327,0.488,0.66,0.435,0.401,0.362,0.313,0.644,0.895,0.193,0.346,28.9,6.5,-0.75,5.75,105.0,96.4,8.6,75.8,0.317,0.273,0.533,0.488,13.8,25.2,0.239,0.482,17.6,78.2,0.204
CON,2024,1.0,LAS,79,70,18.0,6.0,2.0,1.0,2.0,0.0,3.0,0.0,0.0,0.0,1.0,1.0,0.0,1.0,1.0,0.0,1.0,1.0,0.0,1.0,0.0,0.0,0.0,2.0,0.0,0.0,0.0,1.0,0.0,29.3,65.9,0.444,5.9,18.0,0.327,23.4,48.0,0.487,15.7,20.9,0.753,8.4,25.1,33.5,19.9,8.2,3.7,12.1,16.1,80.1,27.2,63.0,0.431,6.5,20.6,0.313,20.7,42.4,0.488,12.9,16.5,0.779,7.0,24.7,31.7,19.1,7.0,4.6,15.0,18.1,73.6,38.3,86.4,0.444,7.7,23.6,0.327,30.6,62.8,0.487,20.6,27.4,0.753,10.9,32.9,43.8,26.1,10.7,4.8,15.8,21.1,105.0,35.6,82.6,0.431,8.5,27.0,0.313,27.1,55.5,0.488,16.8,21.6,0.779,9.2,32.4,41.6,25.0,9.2,6.0,19.6,23.8,96.4,0.444,11.9,0.727,0.267,0.262,0.11,0.089,0.273,0.487,0.636,0.416,0.414,0.345,0.327,0.635,0.86,0.181,0.3,0.431,13.0,0.673,0.207,0.257,0.12,0.089,0.327,0.488,0.66,0.435,0.401,0.362,0.313,0.644,0.895,0.193,0.346,28.9,6.5,-0.75,5.75,105.0,96.4,8.6,75.8,0.317,0.273,0.533,0.488,13.8,25.2,0.239,0.482,17.6,78.2,0.204
CON,2024,0.0,LVA,74,85,21.0,6.0,2.0,1.0,2.0,0.0,3.0,0.0,0.0,0.0,1.0,1.0,0.0,1.0,1.0,0.0,1.0,1.0,0.0,1.0,0.0,0.0,0.0,2.0,0.0,0.0,0.0,1.0,0.0,29.3,65.9,0.444,5.9,18.0,0.327,23.4,48.0,0.487,15.7,20.9,0.753,8.4,25.1,33.5,19.9,8.2,3.7,12.1,16.1,80.1,27.2,63.0,0.431,6.5,20.6,0.313,20.7,42.4,0.488,12.9,16.5,0.779,7.0,24.7,31.7,19.1,7.0,4.6,15.0,18.1,73.6,38.3,86.4,0.444,7.7,23.6,0.327,30.6,62.8,0.487,20.6,27.4,0.753,10.9,32.9,43.8,26.1,10.7,4.8,15.8,21.1,105.0,35.6,82.6,0.431,8.5,27.0,0.313,27.1,55.5,0.488,16.8,21.6,0.779,9.2,32.4,41.6,25.0,9.2,6.0,19.6,23.8,96.4,0.444,11.9,0.727,0.267,0.262,0.11,0.089,0.273,0.487,0.636,0.416,0.414,0.345,0.327,0.635,0.86,0.181,0.3,0.431,13.0,0.673,0.207,0.257,0.12,0.089,0.327,0.488,0.66,0.435,0.401,0.362,0.313,0.644,0.895,0.193,0.346,28.9,6.5,-0.75,5.75,105.0,96.4,8.6,75.8,0.317,0.273,0.533,0.488,13.8,25.2,0.239,0.482,17.6,78.2,0.204
CON,2024,0.0,SEA,61,72,23.0,6.0,2.0,1.0,2.0,0.0,3.0,0.0,0.0,0.0,1.0,1.0,0.0,1.0,1.0,0.0,1.0,1.0,0.0,1.0,0.0,0.0,0.0,2.0,0.0,0.0,0.0,1.0,0.0,29.3,65.9,0.444,5.9,18.0,0.327,23.4,48.0,0.487,15.7,20.9,0.753,8.4,25.1,33.5,19.9,8.2,3.7,12.1,16.1,80.1,27.2,63.0,0.431,6.5,20.6,0.313,20.7,42.4,0.488,12.9,16.5,0.779,7.0,24.7,31.7,19.1,7.0,4.6,15.0,18.1,73.6,38.3,86.4,0.444,7.7,23.6,0.327,30.6,62.8,0.487,20.6,27.4,0.753,10.9,32.9,43.8,26.1,10.7,4.8,15.8,21.1,105.0,35.6,82.6,0.431,8.5,27.0,0.313,27.1,55.5,0.488,16.8,21.6,0.779,9.2,32.4,41.6,25.0,9.2,6.0,19.6,23.8,96.4,0.444,11.9,0.727,0.267,0.262,0.11,0.089,0.273,0.487,0.636,0.416,0.414,0.345,0.327,0.635,0.86,0.181,0.3,0.431,13.0,0.673,0.207,0.257,0.12,0.089,0.327,0.488,0.66,0.435,0.401,0.362,0.313,0.644,0.895,0.193,0.346,28.9,6.5,-0.75,5.75,105.0,96.4,8.6,75.8,0.317,0.273,0.533,0.488,13.8,25.2,0.239,0.482,17.6,78.2,0.204
CON,2024,0.0,WAS,94,91,27.0,6.0,2.0,1.0,1.0,0.0,3.0,0.0,0.0,0.0,1.0,1.0,0.0,1.0,1.0,0.0,0.0,1.0,0.0,1.0,0.0,0.0,0.0,1.0,0.0,0.0,0.0,1.0,0.0,29.3,65.9,0.444,5.9,18.0,0.327,23.4,48.0,0.487,15.7,20.9,0.753,8.4,25.1,33.5,19.9,8.2,3.7,12.1,16.1,80.1,27.2,63.0,0.431,6.5,20.6,0.313,20.7,42.4,0.488,12.9,16.5,0.779,7.0,24.7,31.7,19.1,7.0,4.6,15.0,18.1,73.6,38.3,86.4,0.444,7.7,23.6,0.327,30.6,62.8,0.487,20.6,27.4,0.753,10.9,32.9,43.8,26.1,10.7,4.8,15.8,21.1,105.0,35.6,82.6,0.431,8.5,27.0,0.313,27.1,55.5,0.488,16.8,21.6,0.779,9.2,32.4,41.6,25.0,9.2,6.0,19.6,23.8,96.4,0.444,11.9,0.727,0.267,0.262,0.11,0.089,0.273,0.487,0.636,0.416,0.414,0.345,0.327,0.635,0.86,0.181,0.3,0.431,13.0,0.673,0.207,0.257,0.12,0.089,0.327,0.488,0.66,0.435,0.401,0.362,0.313,0.644,0.895,0.193,0.346,28.9,6.5,-0.75,5.75,105.0,96.4,8.6,75.8,0.317,0.273,0.533,0.488,13.8,25.2,0.239,0.482,17.6,78.2,0.204
CON,2024,1.0,ATL,74,78,28.0,6.0,2.0,1.0,1.0,0.0,3.0,0.0,0.0,0.0,1.0,1.0,0.0,1.0,1.0,0.0,1.0,1.0,0.0,1.0,0.0,0.0,0.0,1.0,0.0,0.0,0.0,1.0,0.0,29.3,65.9,0.444,5.9,18.0,0.327,23.4,48.0,0.487,15.7,20.9,0.753,8.4,25.1,33.5,19.9,8.2,3.7,12.1,16.1,80.1,27.2,63.0,0.431,6.5,20.6,0.313,20.7,42.4,0.488,12.9,16.5,0.779,7.0,24.7,31.7,19.1,7.0,4.6,15.0,18.1,73.6,38.3,86.4,0.444,7.7,23.6,0.327,30.6,62.8,0.487,20.6,27.4,0.753,10.9,32.9,43.8,26.1,10.7,4.8,15.8,21.1,105.0,35.6,82.6,0.431,8.5,27.0,0.313,27.1,55.5,0.488,16.8,21.6,0.779,9.2,32.4,41.6,25.0,9.2,6.0,19.6,23.8,96.4,0.444,11.9,0.727,0.267,0.262,0.11,0.089,0.273,0.487,0.636,0.416,0.414,0.345,0.327,0.635,0.86,0.181,0.3,0.431,13.0,0.673,0.207,0.257,0.12,0.089,0.327,0.488,0.66,0.435,0.401,0.362,0.313,0.644,0.895,0.193,0.346,28.9,6.5,-0.75,5.75,105.0,96.4,8.6,75.8,0.317,0.273,0.533,0.488,13.8,25.2,0.239,0.482,17.6,78.2,0.204
CON,2024,0.0,PHO,83,72,1.0,7.0,2.0,1.0,1.0,0.0,3.0,0.0,0.0,0.0,1.0,1.0,0.0,1.0,1.0,0.0,1.0,1.0,0.0,1.0,0.0,0.0,0.0,0.0,0.0,0.0,0.0,1.0,0.0,29.3,65.9,0.444,5.9,18.0,0.327,23.4,48.0,0.487,15.7,20.9,0.753,8.4,25.1,33.5,19.9,8.2,3.7,12.1,16.1,80.1,27.2,63.0,0.431,6.5,20.6,0.313,20.7,42.4,0.488,12.9,16.5,0.779,7.0,24.7,31.7,19.1,7.0,4.6,15.0,18.1,73.6,38.3,86.4,0.444,7.7,23.6,0.327,30.6,62.8,0.487,20.6,27.4,0.753,10.9,32.9,43.8,26.1,10.7,4.8,15.8,21.1,105.0,35.6,82.6,0.431,8.5,27.0,0.313,27.1,55.5,0.488,16.8,21.6,0.779,9.2,32.4,41.6,25.0,9.2,6.0,19.6,23.8,96.4,0.444,11.9,0.727,0.267,0.262,0.11,0.089,0.273,0.487,0.636,0.416,0.414,0.345,0.327,0.635,0.86,0.181,0.3,0.431,13.0,0.673,0.207,0.257,0.12,0.089,0.327,0.488,0.66,0.435,0.401,0.362,0.313,0.644,0.895,0.193,0.346,28.9,6.5,-0.75,5.75,105.0,96.4,8.6,75.8,0.317,0.273,0.533,0.488,13.8,25.2,0.239,0.482,17.6,78.2,0.204
CON,2024,0.0,MIN,78,73,4.0,7.0,2.0,1.0,1.0,0.0,3.0,0.0,0.0,0.0,1.0,1.0,0.0,1.0,1.0,0.0,1.0,1.0,0.0,1.0,0.0,0.0,0.0,1.0,0.0,0.0,0.0,1.0,0.0,29.3,65.9,0.444,5.9,18.0,0.327,23.4,48.0,0.487,15.7,20.9,0.753,8.4,25.1,33.5,19.9,8.2,3.7,12.1,16.1,80.1,27.2,63.0,0.431,6.5,20.6,0.313,20.7,42.4,0.488,12.9,16.5,0.779,7.0,24.7,31.7,19.1,7.0,4.6,15.0,18.1,73.6,38.3,86.4,0.444,7.7,23.6,0.327,30.6,62.8,0.487,20.6,27.4,0.753,10.9,32.9,43.8,26.1,10.7,4.8,15.8,21.1,105.0,35.6,82.6,0.431,8.5,27.0,0.313,27.1,55.5,0.488,16.8,21.6,0.779,9.2,32.4,41.6,25.0,9.2,6.0,19.6,23.8,96.4,0.444,11.9,0.727,0.267,0.262,0.11,0.089,0.273,0.487,0.636,0.416,0.414,0.345,0.327,0.635,0.86,0.181,0.3,0.431,13.0,0.673,0.207,0.257,0.12,0.089,0.327,0.488,0.66,0.435,0.401,0.362,0.313,0.644,0.895,0.193,0.346,28.9,6.5,-0.75,5.75,105.0,96.4,8.6,75.8,0.317,0.273,0.533,0.488,13.8,25.2,0.239,0.482,17.6,78.2,0.204
CON,2024,1.0,ATL,80,67,7.0,7.0,2.0,1.0,2.0,0.0,3.0,0.0,0.0,0.0,1.0,1.0,0.0,1.0,1.0,0.0,1.0,1.0,0.0,1.0,0.0,0.0,0.0,2.0,0.0,0.0,0.0,1.0,0.0,29.3,65.9,0.444,5.9,18.0,0.327,23.4,48.0,0.487,15.7,20.9,0.753,8.4,25.1,33.5,19.9,8.2,3.7,12.1,16.1,80.1,27.2,63.0,0.431,6.5,20.6,0.313,20.7,42.4,0.488,12.9,16.5,0.779,7.0,24.7,31.7,19.1,7.0,4.6,15.0,18.1,73.6,38.3,86.4,0.444,7.7,23.6,0.327,30.6,62.8,0.487,20.6,27.4,0.753,10.9,32.9,43.8,26.1,10.7,4.8,15.8,21.1,105.0,35.6,82.6,0.431,8.5,27.0,0.313,27.1,55.5,0.488,16.8,21.6,0.779,9.2,32.4,41.6,25.0,9.2,6.0,19.6,23.8,96.4,0.444,11.9,0.727,0.267,0.262,0.11,0.089,0.273,0.487,0.636,0.416,0.414,0.345,0.327,0.635,0.86,0.181,0.3,0.431,13.0,0.673,0.207,0.257,0.12,0.089,0.327,0.488,0.66,0.435,0.401,0.362,0.313,0.644,0.895,0.193,0.346,28.9,6.5,-0.75,5.75,105.0,96.4,8.6,75.8,0.317,0.273,0.533,0.488,13.8,25.2,0.239,0.482,17.6,78.2,0.204
CON,2024,1.0,NYL,68,71,10.0,7.0,2.0,1.0,1.0,0.0,3.0,0.0,0.0,0.0,1.0,1.0,0.0,1.0,1.0,0.0,0.0,1.0,0.0,1.0,0.0,0.0,0.0,1.0,0.0,0.0,0.0,1.0,0.0,29.3,65.9,0.444,5.9,18.0,0.327,23.4,48.0,0.487,15.7,20.9,0.753,8.4,25.1,33.5,19.9,8.2,3.7,12.1,16.1,80.1,27.2,63.0,0.431,6.5,20.6,0.313,20.7,42.4,0.488,12.9,16.5,0.779,7.0,24.7,31.7,19.1,7.0,4.6,15.0,18.1,73.6,38.3,86.4,0.444,7.7,23.6,0.327,30.6,62.8,0.487,20.6,27.4,0.753,10.9,32.9,43.8,26.1,10.7,4.8,15.8,21.1,105.0,35.6,82.6,0.431,8.5,27.0,0.313,27.1,55.5,0.488,16.8,21.6,0.779,9.2,32.4,41.6,25.0,9.2,6.0,19.6,23.8,96.4,0.444,11.9,0.727,0.267,0.262,0.11,0.089,0.273,0.487,0.636,0.416,0.414,0.345,0.327,0.635,0.86,0.181,0.3,0.431,13.0,0.673,0.207,0.257,0.12,0.089,0.327,0.488,0.66,0.435,0.401,0.362,0.313,0.644,0.895,0.193,0.346,28.9,6.5,-0.75,5.75,105.0,96.4,8.6,75.8,0.317,0.273,0.533,0.488,13.8,25.2,0.239,0.482,17.6,78.2,0.204
CON,2024,1.0,PHO,96,69,14.0,7.0,2.0,1.0,2.0,0.0,3.0,0.0,0.0,0.0,1.0,1.0,0.0,1.0,1.0,0.0,1.0,1.0,0.0,1.0,0.0,0.0,0.0,2.0,0.0,0.0,0.0,1.0,0.0,29.3,65.9,0.444,5.9,18.0,0.327,23.4,48.0,0.487,15.7,20.9,0.753,8.4,25.1,33.5,19.9,8.2,3.7,12.1,16.1,80.1,27.2,63.0,0.431,6.5,20.6,0.313,20.7,42.4,0.488,12.9,16.5,0.779,7.0,24.7,31.7,19.1,7.0,4.6,15.0,18.1,73.6,38.3,86.4,0.444,7.7,23.6,0.327,30.6,62.8,0.487,20.6,27.4,0.753,10.9,32.9,43.8,26.1,10.7,4.8,15.8,21.1,105.0,35.6,82.6,0.431,8.5,27.0,0.313,27.1,55.5,0.488,16.8,21.6,0.779,9.2,32.4,41.6,25.0,9.2,6.0,19.6,23.8,96.4,0.444,11.9,0.727,0.267,0.262,0.11,0.089,0.273,0.487,0.636,0.416,0.414,0.345,0.327,0.635,0.86,0.181,0.3,0.431,13.0,0.673,0.207,0.257,0.12,0.089,0.327,0.488,0.66,0.435,0.401,0.362,0.313,0.644,0.895,0.193,0.346,28.9,6.5,-0.75,5.75,105.0,96.4,8.6,75.8,0.317,0.273,0.533,0.488,13.8,25.2,0.239,0.482,17.6,78.2,0.204
CON,2024,0.0,NYL,74,82,16.0,7.0,2.0,1.0,1.0,0.0,3.0,0.0,0.0,0.0,1.0,1.0,0.0,1.0,1.0,0.0,1.0,1.0,0.0,1.0,0.0,0.0,0.0,1.0,0.0,0.0,0.0,1.0,0.0,29.3,65.9,0.444,5.9,18.0,0.327,23.4,48.0,0.487,15.7,20.9,0.753,8.4,25.1,33.5,19.9,8.2,3.7,12.1,16.1,80.1,27.2,63.0,0.431,6.5,20.6,0.313,20.7,42.4,0.488,12.9,16.5,0.779,7.0,24.7,31.7,19.1,7.0,4.6,15.0,18.1,73.6,38.3,86.4,0.444,7.7,23.6,0.327,30.6,62.8,0.487,20.6,27.4,0.753,10.9,32.9,43.8,26.1,10.7,4.8,15.8,21.1,105.0,35.6,82.6,0.431,8.5,27.0,0.313,27.1,55.5,0.488,16.8,21.6,0.779,9.2,32.4,41.6,25.0,9.2,6.0,19.6,23.8,96.4,0.444,11.9,0.727,0.267,0.262,0.11,0.089,0.273,0.487,0.636,0.416,0.414,0.345,0.327,0.635,0.86,0.181,0.3,0.431,13.0,0.673,0.207,0.257,0.12,0.089,0.327,0.488,0.66,0.435,0.401,0.362,0.313,0.644,0.895,0.193,0.346,28.9,6.5,-0.75,5.75,105.0,96.4,8.6,75.8,0.317,0.273,0.533,0.488,13.8,25.2,0.239,0.482,17.6,78.2,0.204
CON,2024,0.0,DAL,109,91,16.0,8.0,2.0,1.0,2.0,0.0,2.0,0.0,1.0,0.0,1.0,1.0,0.0,1.0,1.0,0.0,2.0,1.0,0.0,1.0,0.0,0.0,0.0,1.0,0.0,1.0,1.0,2.0,0.0,29.3,65.9,0.444,5.9,18.0,0.327,23.4,48.0,0.487,15.7,20.9,0.753,8.4,25.1,33.5,19.9,8.2,3.7,12.1,16.1,80.1,27.2,63.0,0.431,6.5,20.6,0.313,20.7,42.4,0.488,12.9,16.5,0.779,7.0,24.7,31.7,19.1,7.0,4.6,15.0,18.1,73.6,38.3,86.4,0.444,7.7,23.6,0.327,30.6,62.8,0.487,20.6,27.4,0.753,10.9,32.9,43.8,26.1,10.7,4.8,15.8,21.1,105.0,35.6,82.6,0.431,8.5,27.0,0.313,27.1,55.5,0.488,16.8,21.6,0.779,9.2,32.4,41.6,25.0,9.2,6.0,19.6,23.8,96.4,0.444,11.9,0.727,0.267,0.262,0.11,0.089,0.273,0.487,0.636,0.416,0.414,0.345,0.327,0.635,0.86,0.181,0.3,0.431,13.0,0.673,0.207,0.257,0.12,0.089,0.327,0.488,0.66,0.435,0.401,0.362,0.313,0.644,0.895,0.193,0.346,28.9,6.5,-0.75,5.75,105.0,96.4,8.6,75.8,0.317,0.273,0.533,0.488,13.8,25.2,0.239,0.482,17.6,78.2,0.204
CON,2024,0.0,ATL,70,82,18.0,8.0,2.0,1.0,1.0,0.0,3.0,0.0,0.0,0.0,1.0,1.0,0.0,1.0,1.0,0.0,1.0,1.0,0.0,1.0,0.0,0.0,0.0,0.0,0.0,1.0,1.0,2.0,0.0,29.3,65.9,0.444,5.9,18.0,0.327,23.4,48.0,0.487,15.7,20.9,0.753,8.4,25.1,33.5,19.9,8.2,3.7,12.1,16.1,80.1,27.2,63.0,0.431,6.5,20.6,0.313,20.7,42.4,0.488,12.9,16.5,0.779,7.0,24.7,31.7,19.1,7.0,4.6,15.0,18.1,73.6,38.3,86.4,0.444,7.7,23.6,0.327,30.6,62.8,0.487,20.6,27.4,0.753,10.9,32.9,43.8,26.1,10.7,4.8,15.8,21.1,105.0,35.6,82.6,0.431,8.5,27.0,0.313,27.1,55.5,0.488,16.8,21.6,0.779,9.2,32.4,41.6,25.0,9.2,6.0,19.6,23.8,96.4,0.444,11.9,0.727,0.267,0.262,0.11,0.089,0.273,0.487,0.636,0.416,0.414,0.345,0.327,0.635,0.86,0.181,0.3,0.431,13.0,0.673,0.207,0.257,0.12,0.089,0.327,0.488,0.66,0.435,0.401,0.362,0.313,0.644,0.895,0.193,0.346,28.9,6.5,-0.75,5.75,105.0,96.4,8.6,75.8,0.317,0.273,0.533,0.488,13.8,25.2,0.239,0.482,17.6,78.2,0.204
CON,2024,1.0,LAS,69,61,20.0,8.0,2.0,1.0,2.0,0.0,3.0,0.0,1.0,0.0,1.0,1.0,0.0,1.0,1.0,0.0,2.0,1.0,0.0,1.0,0.0,0.0,0.0,1.0,0.0,1.0,1.0,2.0,0.0,29.3,65.9,0.444,5.9,18.0,0.327,23.4,48.0,0.487,15.7,20.9,0.753,8.4,25.1,33.5,19.9,8.2,3.7,12.1,16.1,80.1,27.2,63.0,0.431,6.5,20.6,0.313,20.7,42.4,0.488,12.9,16.5,0.779,7.0,24.7,31.7,19.1,7.0,4.6,15.0,18.1,73.6,38.3,86.4,0.444,7.7,23.6,0.327,30.6,62.8,0.487,20.6,27.4,0.753,10.9,32.9,43.8,26.1,10.7,4.8,15.8,21.1,105.0,35.6,82.6,0.431,8.5,27.0,0.313,27.1,55.5,0.488,16.8,21.6,0.779,9.2,32.4,41.6,25.0,9.2,6.0,19.6,23.8,96.4,0.444,11.9,0.727,0.267,0.262,0.11,0.089,0.273,0.487,0.636,0.416,0.414,0.345,0.327,0.635,0.86,0.181,0.3,0.431,13.0,0.673,0.207,0.257,0.12,0.089,0.327,0.488,0.66,0.435,0.401,0.362,0.313,0.644,0.895,0.193,0.346,28.9,6.5,-0.75,5.75,105.0,96.4,8.6,75.8,0.317,0.273,0.533,0.488,13.8,25.2,0.239,0.482,17.6,78.2,0.204
CON,2024,1.0,CHI,82,80,23.0,8.0,2.0,1.0,1.0,0.0,3.0,0.0,0.0,0.0,1.0,1.0,0.0,1.0,1.0,0.0,1.0,1.0,0.0,1.0,0.0,0.0,0.0,0.0,0.0,1.0,1.0,2.0,0.0,29.3,65.9,0.444,5.9,18.0,0.327,23.4,48.0,0.487,15.7,20.9,0.753,8.4,25.1,33.5,19.9,8.2,3.7,12.1,16.1,80.1,27.2,63.0,0.431,6.5,20.6,0.313,20.7,42.4,0.488,12.9,16.5,0.779,7.0,24.7,31.7,19.1,7.0,4.6,15.0,18.1,73.6,38.3,86.4,0.444,7.7,23.6,0.327,30.6,62.8,0.487,20.6,27.4,0.753,10.9,32.9,43.8,26.1,10.7,4.8,15.8,21.1,105.0,35.6,82.6,0.431,8.5,27.0,0.313,27.1,55.5,0.488,16.8,21.6,0.779,9.2,32.4,41.6,25.0,9.2,6.0,19.6,23.8,96.4,0.444,11.9,0.727,0.267,0.262,0.11,0.089,0.273,0.487,0.636,0.416,0.414,0.345,0.327,0.635,0.86,0.181,0.3,0.431,13.0,0.673,0.207,0.257,0.12,0.089,0.327,0.488,0.66,0.435,0.401,0.362,0.313,0.644,0.895,0.193,0.346,28.9,6.5,-0.75,5.75,105.0,96.4,8.6,75.8,0.317,0.273,0.533,0.488,13.8,25.2,0.239,0.482,17.6,78.2,0.204
CON,2024,0.0,NYL,72,64,24.0,8.0,2.0,1.0,1.0,0.0,3.0,0.0,0.0,0.0,1.0,1.0,0.0,1.0,1.0,0.0,1.0,1.0,0.0,1.0,0.0,0.0,0.0,0.0,0.0,1.0,1.0,2.0,0.0,29.3,65.9,0.444,5.9,18.0,0.327,23.4,48.0,0.487,15.7,20.9,0.753,8.4,25.1,33.5,19.9,8.2,3.7,12.1,16.1,80.1,27.2,63.0,0.431,6.5,20.6,0.313,20.7,42.4,0.488,12.9,16.5,0.779,7.0,24.7,31.7,19.1,7.0,4.6,15.0,18.1,73.6,38.3,86.4,0.444,7.7,23.6,0.327,30.6,62.8,0.487,20.6,27.4,0.753,10.9,32.9,43.8,26.1,10.7,4.8,15.8,21.1,105.0,35.6,82.6,0.431,8.5,27.0,0.313,27.1,55.5,0.488,16.8,21.6,0.779,9.2,32.4,41.6,25.0,9.2,6.0,19.6,23.8,96.4,0.444,11.9,0.727,0.267,0.262,0.11,0.089,0.273,0.487,0.636,0.416,0.414,0.345,0.327,0.635,0.86,0.181,0.3,0.431,13.0,0.673,0.207,0.257,0.12,0.089,0.327,0.488,0.66,0.435,0.401,0.362,0.313,0.644,0.895,0.193,0.346,28.9,6.5,-0.75,5.75,105.0,96.4,8.6,75.8,0.317,0.273,0.533,0.488,13.8,25.2,0.239,0.482,17.6,78.2,0.204
CON,2024,0.0,IND,80,84,28.0,8.0,2.0,1.0,1.0,0.0,3.0,0.0,0.0,0.0,1.0,1.0,0.0,1.0,1.0,0.0,1.0,1.0,0.0,1.0,0.0,0.0,0.0,0.0,0.0,1.0,1.0,2.0,0.0,29.3,65.9,0.444,5.9,18.0,0.327,23.4,48.0,0.487,15.7,20.9,0.753,8.4,25.1,33.5,19.9,8.2,3.7,12.1,16.1,80.1,27.2,63.0,0.431,6.5,20.6,0.313,20.7,42.4,0.488,12.9,16.5,0.779,7.0,24.7,31.7,19.1,7.0,4.6,15.0,18.1,73.6,38.3,86.4,0.444,7.7,23.6,0.327,30.6,62.8,0.487,20.6,27.4,0.753,10.9,32.9,43.8,26.1,10.7,4.8,15.8,21.1,105.0,35.6,82.6,0.431,8.5,27.0,0.313,27.1,55.5,0.488,16.8,21.6,0.779,9.2,32.4,41.6,25.0,9.2,6.0,19.6,23.8,96.4,0.444,11.9,0.727,0.267,0.262,0.11,0.089,0.273,0.487,0.636,0.416,0.414,0.345,0.327,0.635,0.86,0.181,0.3,0.431,13.0,0.673,0.207,0.257,0.12,0.089,0.327,0.488,0.66,0.435,0.401,0.362,0.313,0.644,0.895,0.193,0.346,28.9,6.5,-0.75,5.75,105.0,96.4,8.6,75.8,0.317,0.273,0.533,0.488,13.8,25.2,0.239,0.482,17.6,78.2,0.204
CON,2024,0.0,WAS,96,85,31.0,8.0,2.0,1.0,2.0,0.0,3.0,0.0,0.0,0.0,1.0,1.0,0.0,1.0,1.0,0.0,1.0,1.0,0.0,1.0,0.0,0.0,0.0,1.0,0.0,1.0,1.0,2.0,0.0,29.3,65.9,0.444,5.9,18.0,0.327,23.4,48.0,0.487,15.7,20.9,0.753,8.4,25.1,33.5,19.9,8.2,3.7,12.1,16.1,80.1,27.2,63.0,0.431,6.5,20.6,0.313,20.7,42.4,0.488,12.9,16.5,0.779,7.0,24.7,31.7,19.1,7.0,4.6,15.0,18.1,73.6,38.3,86.4,0.444,7.7,23.6,0.327,30.6,62.8,0.487,20.6,27.4,0.753,10.9,32.9,43.8,26.1,10.7,4.8,15.8,21.1,105.0,35.6,82.6,0.431,8.5,27.0,0.313,27.1,55.5,0.488,16.8,21.6,0.779,9.2,32.4,41.6,25.0,9.2,6.0,19.6,23.8,96.4,0.444,11.9,0.727,0.267,0.262,0.11,0.089,0.273,0.487,0.636,0.416,0.414,0.345,0.327,0.635,0.86,0.181,0.3,0.431,13.0,0.673,0.207,0.257,0.12,0.089,0.327,0.488,0.66,0.435,0.401,0.362,0.313,0.644,0.895,0.193,0.346,28.9,6.5,-0.75,5.75,105.0,96.4,8.6,75.8,0.317,0.273,0.533,0.488,13.8,25.2,0.239,0.482,17.6,78.2,0.204
CON,2024,1.0,SEA,93,86,1.0,9.0,2.0,1.0,1.0,0.0,3.0,0.0,0.0,0.0,1.0,1.0,0.0,1.0,1.0,0.0,1.0,1.0,0.0,1.0,0.0,0.0,0.0,0.0,0.0,1.0,1.0,2.0,0.0,29.3,65.9,0.444,5.9,18.0,0.327,23.4,48.0,0.487,15.7,20.9,0.753,8.4,25.1,33.5,19.9,8.2,3.7,12.1,16.1,80.1,27.2,63.0,0.431,6.5,20.6,0.313,20.7,42.4,0.488,12.9,16.5,0.779,7.0,24.7,31.7,19.1,7.0,4.6,15.0,18.1,73.6,38.3,86.4,0.444,7.7,23.6,0.327,30.6,62.8,0.487,20.6,27.4,0.753,10.9,32.9,43.8,26.1,10.7,4.8,15.8,21.1,105.0,35.6,82.6,0.431,8.5,27.0,0.313,27.1,55.5,0.488,16.8,21.6,0.779,9.2,32.4,41.6,25.0,9.2,6.0,19.6,23.8,96.4,0.444,11.9,0.727,0.267,0.262,0.11,0.089,0.273,0.487,0.636,0.416,0.414,0.345,0.327,0.635,0.86,0.181,0.3,0.431,13.0,0.673,0.207,0.257,0.12,0.089,0.327,0.488,0.66,0.435,0.401,0.362,0.313,0.644,0.895,0.193,0.346,28.9,6.5,-0.75,5.75,105.0,96.4,8.6,75.8,0.317,0.273,0.533,0.488,13.8,25.2,0.239,0.482,17.6,78.2,0.204
CON,2024,1.0,SEA,64,71,3.0,9.0,2.0,1.0,1.0,0.0,3.0,0.0,0.0,0.0,1.0,1.0,0.0,1.0,1.0,0.0,1.0,1.0,0.0,1.0,0.0,0.0,0.0,0.0,0.0,1.0,1.0,2.0,0.0,29.3,65.9,0.444,5.9,18.0,0.327,23.4,48.0,0.487,15.7,20.9,0.753,8.4,25.1,33.5,19.9,8.2,3.7,12.1,16.1,80.1,27.2,63.0,0.431,6.5,20.6,0.313,20.7,42.4,0.488,12.9,16.5,0.779,7.0,24.7,31.7,19.1,7.0,4.6,15.0,18.1,73.6,38.3,86.4,0.444,7.7,23.6,0.327,30.6,62.8,0.487,20.6,27.4,0.753,10.9,32.9,43.8,26.1,10.7,4.8,15.8,21.1,105.0,35.6,82.6,0.431,8.5,27.0,0.313,27.1,55.5,0.488,16.8,21.6,0.779,9.2,32.4,41.6,25.0,9.2,6.0,19.6,23.8,96.4,0.444,11.9,0.727,0.267,0.262,0.11,0.089,0.273,0.487,0.636,0.416,0.414,0.345,0.327,0.635,0.86,0.181,0.3,0.431,13.0,0.673,0.207,0.257,0.12,0.089,0.327,0.488,0.66,0.435,0.401,0.362,0.313,0.644,0.895,0.193,0.346,28.9,6.5,-0.75,5.75,105.0,96.4,8.6,75.8,0.317,0.273,0.533,0.488,13.8,25.2,0.239,0.482,17.6,78.2,0.204
CON,2024,1.0,LVA,67,72,6.0,9.0,2.0,1.0,1.0,0.0,3.0,0.0,0.0,0.0,1.0,1.0,0.0,1.0,1.0,0.0,1.0,1.0,0.0,1.0,0.0,0.0,0.0,0.0,0.0,1.0,1.0,2.0,0.0,29.3,65.9,0.444,5.9,18.0,0.327,23.4,48.0,0.487,15.7,20.9,0.753,8.4,25.1,33.5,19.9,8.2,3.7,12.1,16.1,80.1,27.2,63.0,0.431,6.5,20.6,0.313,20.7,42.4,0.488,12.9,16.5,0.779,7.0,24.7,31.7,19.1,7.0,4.6,15.0,18.1,73.6,38.3,86.4,0.444,7.7,23.6,0.327,30.6,62.8,0.487,20.6,27.4,0.753,10.9,32.9,43.8,26.1,10.7,4.8,15.8,21.1,105.0,35.6,82.6,0.431,8.5,27.0,0.313,27.1,55.5,0.488,16.8,21.6,0.779,9.2,32.4,41.6,25.0,9.2,6.0,19.6,23.8,96.4,0.444,11.9,0.727,0.267,0.262,0.11,0.089,0.273,0.487,0.636,0.416,0.414,0.345,0.327,0.635,0.86,0.181,0.3,0.431,13.0,0.673,0.207,0.257,0.12,0.089,0.327,0.488,0.66,0.435,0.401,0.362,0.313,0.644,0.895,0.193,0.346,28.9,6.5,-0.75,5.75,105.0,96.4,8.6,75.8,0.317,0.273,0.533,0.488,13.8,25.2,0.239,0.482,17.6,78.2,0.204
CON,2024,0.0,LAS,79,67,8.0,9.0,2.0,1.0,2.0,0.0,3.0,0.0,0.0,0.0,1.0,1.0,0.0,1.0,1.0,0.0,1.0,1.0,0.0,1.0,0.0,0.0,0.0,1.0,0.0,1.0,1.0,2.0,0.0,29.3,65.9,0.444,5.9,18.0,0.327,23.4,48.0,0.487,15.7,20.9,0.753,8.4,25.1,33.5,19.9,8.2,3.7,12.1,16.1,80.1,27.2,63.0,0.431,6.5,20.6,0.313,20.7,42.4,0.488,12.9,16.5,0.779,7.0,24.7,31.7,19.1,7.0,4.6,15.0,18.1,73.6,38.3,86.4,0.444,7.7,23.6,0.327,30.6,62.8,0.487,20.6,27.4,0.753,10.9,32.9,43.8,26.1,10.7,4.8,15.8,21.1,105.0,35.6,82.6,0.431,8.5,27.0,0.313,27.1,55.5,0.488,16.8,21.6,0.779,9.2,32.4,41.6,25.0,9.2,6.0,19.6,23.8,96.4,0.444,11.9,0.727,0.267,0.262,0.11,0.089,0.273,0.487,0.636,0.416,0.414,0.345,0.327,0.635,0.86,0.181,0.3,0.431,13.0,0.673,0.207,0.257,0.12,0.089,0.327,0.488,0.66,0.435,0.401,0.362,0.313,0.644,0.895,0.193,0.346,28.9,6.5,-0.75,5.75,105.0,96.4,8.6,75.8,0.317,0.273,0.533,0.488,13.8,25.2,0.239,0.482,17.6,78.2,0.204
CON,2024,0.0,LAS,86,66,10.0,9.0,2.0,1.0,2.0,0.0,3.0,0.0,0.0,0.0,1.0,1.0,0.0,1.0,1.0,0.0,1.0,1.0,0.0,1.0,0.0,0.0,0.0,1.0,0.0,1.0,1.0,2.0,0.0,29.3,65.9,0.444,5.9,18.0,0.327,23.4,48.0,0.487,15.7,20.9,0.753,8.4,25.1,33.5,19.9,8.2,3.7,12.1,16.1,80.1,27.2,63.0,0.431,6.5,20.6,0.313,20.7,42.4,0.488,12.9,16.5,0.779,7.0,24.7,31.7,19.1,7.0,4.6,15.0,18.1,73.6,38.3,86.4,0.444,7.7,23.6,0.327,30.6,62.8,0.487,20.6,27.4,0.753,10.9,32.9,43.8,26.1,10.7,4.8,15.8,21.1,105.0,35.6,82.6,0.431,8.5,27.0,0.313,27.1,55.5,0.488,16.8,21.6,0.779,9.2,32.4,41.6,25.0,9.2,6.0,19.6,23.8,96.4,0.444,11.9,0.727,0.267,0.262,0.11,0.089,0.273,0.487,0.636,0.416,0.414,0.345,0.327,0.635,0.86,0.181,0.3,0.431,13.0,0.673,0.207,0.257,0.12,0.089,0.327,0.488,0.66,0.435,0.401,0.362,0.313,0.644,0.895,0.193,0.346,28.9,6.5,-0.75,5.75,105.0,96.4,8.6,75.8,0.317,0.273,0.533,0.488,13.8,25.2,0.239,0.482,17.6,78.2,0.204
CON,2024,0.0,PHO,88,69,13.0,9.0,2.0,1.0,2.0,0.0,3.0,0.0,0.0,0.0,1.0,1.0,0.0,1.0,1.0,0.0,1.0,1.0,0.0,1.0,0.0,0.0,0.0,1.0,0.0,1.0,1.0,2.0,0.0,29.3,65.9,0.444,5.9,18.0,0.327,23.4,48.0,0.487,15.7,20.9,0.753,8.4,25.1,33.5,19.9,8.2,3.7,12.1,16.1,80.1,27.2,63.0,0.431,6.5,20.6,0.313,20.7,42.4,0.488,12.9,16.5,0.779,7.0,24.7,31.7,19.1,7.0,4.6,15.0,18.1,73.6,38.3,86.4,0.444,7.7,23.6,0.327,30.6,62.8,0.487,20.6,27.4,0.753,10.9,32.9,43.8,26.1,10.7,4.8,15.8,21.1,105.0,35.6,82.6,0.431,8.5,27.0,0.313,27.1,55.5,0.488,16.8,21.6,0.779,9.2,32.4,41.6,25.0,9.2,6.0,19.6,23.8,96.4,0.444,11.9,0.727,0.267,0.262,0.11,0.089,0.273,0.487,0.636,0.416,0.414,0.345,0.327,0.635,0.86,0.181,0.3,0.431,13.0,0.673,0.207,0.257,0.12,0.089,0.327,0.488,0.66,0.435,0.401,0.362,0.313,0.644,0.895,0.193,0.346,28.9,6.5,-0.75,5.75,105.0,96.4,8.6,75.8,0.317,0.273,0.533,0.488,13.8,25.2,0.239,0.482,17.6,78.2,0.204
CON,2024,0.0,LVA,71,84,15.0,9.0,2.0,1.0,2.0,0.0,3.0,0.0,0.0,0.0,1.0,1.0,0.0,1.0,1.0,0.0,1.0,1.0,0.0,1.0,0.0,0.0,0.0,1.0,0.0,1.0,1.0,2.0,0.0,29.3,65.9,0.444,5.9,18.0,0.327,23.4,48.0,0.487,15.7,20.9,0.753,8.4,25.1,33.5,19.9,8.2,3.7,12.1,16.1,80.1,27.2,63.0,0.431,6.5,20.6,0.313,20.7,42.4,0.488,12.9,16.5,0.779,7.0,24.7,31.7,19.1,7.0,4.6,15.0,18.1,73.6,38.3,86.4,0.444,7.7,23.6,0.327,30.6,62.8,0.487,20.6,27.4,0.753,10.9,32.9,43.8,26.1,10.7,4.8,15.8,21.1,105.0,35.6,82.6,0.431,8.5,27.0,0.313,27.1,55.5,0.488,16.8,21.6,0.779,9.2,32.4,41.6,25.0,9.2,6.0,19.6,23.8,96.4,0.444,11.9,0.727,0.267,0.262,0.11,0.089,0.273,0.487,0.636,0.416,0.414,0.345,0.327,0.635,0.86,0.181,0.3,0.431,13.0,0.673,0.207,0.257,0.12,0.089,0.327,0.488,0.66,0.435,0.401,0.362,0.313,0.644,0.895,0.193,0.346,28.9,6.5,-0.75,5.75,105.0,96.4,8.6,75.8,0.317,0.273,0.533,0.488,13.8,25.2,0.239,0.482,17.6,78.2,0.204
CON,2024,1.0,MIN,76,78,17.0,9.0,2.0,1.0,1.0,0.0,3.0,0.0,0.0,0.0,1.0,1.0,0.0,1.0,1.0,0.0,1.0,1.0,0.0,1.0,0.0,0.0,0.0,0.0,0.0,1.0,1.0,2.0,0.0,29.3,65.9,0.444,5.9,18.0,0.327,23.4,48.0,0.487,15.7,20.9,0.753,8.4,25.1,33.5,19.9,8.2,3.7,12.1,16.1,80.1,27.2,63.0,0.431,6.5,20.6,0.313,20.7,42.4,0.488,12.9,16.5,0.779,7.0,24.7,31.7,19.1,7.0,4.6,15.0,18.1,73.6,38.3,86.4,0.444,7.7,23.6,0.327,30.6,62.8,0.487,20.6,27.4,0.753,10.9,32.9,43.8,26.1,10.7,4.8,15.8,21.1,105.0,35.6,82.6,0.431,8.5,27.0,0.313,27.1,55.5,0.488,16.8,21.6,0.779,9.2,32.4,41.6,25.0,9.2,6.0,19.6,23.8,96.4,0.444,11.9,0.727,0.267,0.262,0.11,0.089,0.273,0.487,0.636,0.416,0.414,0.345,0.327,0.635,0.86,0.181,0.3,0.431,13.0,0.673,0.207,0.257,0.12,0.089,0.327,0.488,0.66,0.435,0.401,0.362,0.313,0.644,0.895,0.193,0.346,28.9,6.5,-0.75,5.75,105.0,96.4,8.6,75.8,0.317,0.273,0.533,0.488,13.8,25.2,0.239,0.482,17.6,78.2,0.204
CON,2024,1.0,CHI,87,54,19.0,9.0,2.0,1.0,2.0,0.0,3.0,0.0,0.0,0.0,1.0,1.0,0.0,1.0,1.0,0.0,1.0,1.0,0.0,1.0,0.0,0.0,0.0,1.0,0.0,1.0,1.0,2.0,0.0,29.3,65.9,0.444,5.9,18.0,0.327,23.4,48.0,0.487,15.7,20.9,0.753,8.4,25.1,33.5,19.9,8.2,3.7,12.1,16.1,80.1,27.2,63.0,0.431,6.5,20.6,0.313,20.7,42.4,0.488,12.9,16.5,0.779,7.0,24.7,31.7,19.1,7.0,4.6,15.0,18.1,73.6,38.3,86.4,0.444,7.7,23.6,0.327,30.6,62.8,0.487,20.6,27.4,0.753,10.9,32.9,43.8,26.1,10.7,4.8,15.8,21.1,105.0,35.6,82.6,0.431,8.5,27.0,0.313,27.1,55.5,0.488,16.8,21.6,0.779,9.2,32.4,41.6,25.0,9.2,6.0,19.6,23.8,96.4,0.444,11.9,0.727,0.267,0.262,0.11,0.089,0.273,0.487,0.636,0.416,0.414,0.345,0.327,0.635,0.86,0.181,0.3,0.431,13.0,0.673,0.207,0.257,0.12,0.089,0.327,0.488,0.66,0.435,0.401,0.362,0.313,0.644,0.895,0.193,0.346,28.9,6.5,-0.75,5.75,105.0,96.4,8.6,75.8,0.317,0.273,0.533,0.488,13.8,25.2,0.239,0.482,17.6,78.2,0.204
DAL,2024,1.0,CHI,87,79,15.0,5.0,0.0,0.0,0.0,1.0,0.0,0.0,0.0,1.0,1.0,0.0,2.0,1.0,0.0,1.0,1.0,0.0,2.0,0.0,0.0,0.0,1.0,1.0,1.0,1.0,1.0,2.0,2.0,31.7,71.0,0.446,6.3,19.2,0.326,25.4,51.9,0.49,14.7,18.7,0.786,10.5,24.3,34.8,20.4,7.1,4.0,14.8,18.5,84.2,33.5,70.5,0.475,8.6,23.4,0.365,24.9,47.1,0.53,16.6,20.6,0.806,8.8,24.3,33.0,23.1,8.0,4.6,12.8,17.5,92.1,39.2,87.9,0.446,7.7,23.7,0.326,31.4,64.2,0.49,18.1,23.1,0.786,13.0,30.0,43.0,25.3,8.8,4.9,18.3,22.9,104.2,41.4,87.2,0.475,10.6,29.0,0.365,30.8,58.2,0.53,20.6,25.5,0.806,10.9,30.0,40.9,28.6,9.9,5.6,15.8,21.6,114.0,0.446,12.3,0.73,0.242,0.25,0.13,0.108,0.27,0.49,0.668,0.443,0.337,0.383,0.326,0.614,0.772,0.149,0.333,0.475,13.0,0.668,0.232,0.236,0.106,0.093,0.332,0.53,0.705,0.468,0.4,0.397,0.365,0.62,0.898,0.197,0.357,26.8,-7.93,0.75,-7.18,104.2,114.0,-9.8,80.1,0.263,0.27,0.531,0.49,15.8,30.2,0.206,0.536,13.8,73.4,0.236
DAL,2024,1.0,CHI,74,83,18.0,5.0,0.0,0.0,0.0,1.0,0.0,0.0,0.0,1.0,1.0,0.0,1.0,1.0,0.0,1.0,1.0,0.0,2.0,0.0,0.0,0.0,0.0,0.0,1.0,1.0,1.0,1.0,1.0,31.7,71.0,0.446,6.3,19.2,0.326,25.4,51.9,0.49,14.7,18.7,0.786,10.5,24.3,34.8,20.4,7.1,4.0,14.8,18.5,84.2,33.5,70.5,0.475,8.6,23.4,0.365,24.9,47.1,0.53,16.6,20.6,0.806,8.8,24.3,33.0,23.1,8.0,4.6,12.8,17.5,92.1,39.2,87.9,0.446,7.7,23.7,0.326,31.4,64.2,0.49,18.1,23.1,0.786,13.0,30.0,43.0,25.3,8.8,4.9,18.3,22.9,104.2,41.4,87.2,0.475,10.6,29.0,0.365,30.8,58.2,0.53,20.6,25.5,0.806,10.9,30.0,40.9,28.6,9.9,5.6,15.8,21.6,114.0,0.446,12.3,0.73,0.242,0.25,0.13,0.108,0.27,0.49,0.668,0.443,0.337,0.383,0.326,0.614,0.772,0.149,0.333,0.475,13.0,0.668,0.232,0.236,0.106,0.093,0.332,0.53,0.705,0.468,0.4,0.397,0.365,0.62,0.898,0.197,0.357,26.8,-7.93,0.75,-7.18,104.2,114.0,-9.8,80.1,0.263,0.27,0.531,0.49,15.8,30.2,0.206,0.536,13.8,73.4,0.236
DAL,2024,0.0,ATL,78,83,21.0,5.0,0.0,0.0,0.0,1.0,0.0,0.0,0.0,1.0,1.0,0.0,1.0,1.0,0.0,1.0,1.0,0.0,2.0,0.0,0.0,0.0,0.0,0.0,1.0,1.0,1.0,1.0,1.0,31.7,71.0,0.446,6.3,19.2,0.326,25.4,51.9,0.49,14.7,18.7,0.786,10.5,24.3,34.8,20.4,7.1,4.0,14.8,18.5,84.2,33.5,70.5,0.475,8.6,23.4,0.365,24.9,47.1,0.53,16.6,20.6,0.806,8.8,24.3,33.0,23.1,8.0,4.6,12.8,17.5,92.1,39.2,87.9,0.446,7.7,23.7,0.326,31.4,64.2,0.49,18.1,23.1,0.786,13.0,30.0,43.0,25.3,8.8,4.9,18.3,22.9,104.2,41.4,87.2,0.475,10.6,29.0,0.365,30.8,58.2,0.53,20.6,25.5,0.806,10.9,30.0,40.9,28.6,9.9,5.6,15.8,21.6,114.0,0.446,12.3,0.73,0.242,0.25,0.13,0.108,0.27,0.49,0.668,0.443,0.337,0.383,0.326,0.614,0.772,0.149,0.333,0.475,13.0,0.668,0.232,0.236,0.106,0.093,0.332,0.53,0.705,0.468,0.4,0.397,0.365,0.62,0.898,0.197,0.357,26.8,-7.93,0.75,-7.18,104.2,114.0,-9.8,80.1,0.263,0.27,0.531,0.49,15.8,30.2,0.206,0.536,13.8,73.4,0.236
DAL,2024,0.0,PHO,107,92,25.0,5.0,0.0,0.0,0.0,1.0,0.0,0.0,0.0,1.0,1.0,0.0,1.0,1.0,0.0,1.0,1.0,0.0,2.0,0.0,0.0,0.0,0.0,0.0,1.0,1.0,1.0,1.0,1.0,31.7,71.0,0.446,6.3,19.2,0.326,25.4,51.9,0.49,14.7,18.7,0.786,10.5,24.3,34.8,20.4,7.1,4.0,14.8,18.5,84.2,33.5,70.5,0.475,8.6,23.4,0.365,24.9,47.1,0.53,16.6,20.6,0.806,8.8,24.3,33.0,23.1,8.0,4.6,12.8,17.5,92.1,39.2,87.9,0.446,7.7,23.7,0.326,31.4,64.2,0.49,18.1,23.1,0.786,13.0,30.0,43.0,25.3,8.8,4.9,18.3,22.9,104.2,41.4,87.2,0.475,10.6,29.0,0.365,30.8,58.2,0.53,20.6,25.5,0.806,10.9,30.0,40.9,28.6,9.9,5.6,15.8,21.6,114.0,0.446,12.3,0.73,0.242,0.25,0.13,0.108,0.27,0.49,0.668,0.443,0.337,0.383,0.326,0.614,0.772,0.149,0.333,0.475,13.0,0.668,0.232,0.236,0.106,0.093,0.332,0.53,0.705,0.468,0.4,0.397,0.365,0.62,0.898,0.197,0.357,26.8,-7.93,0.75,-7.18,104.2,114.0,-9.8,80.1,0.263,0.27,0.531,0.49,15.8,30.2,0.206,0.536,13.8,73.4,0.236
DAL,2024,0.0,LAS,84,83,26.0,5.0,0.0,0.0,0.0,1.0,0.0,0.0,0.0,1.0,1.0,0.0,1.0,1.0,0.0,1.0,1.0,0.0,2.0,0.0,0.0,0.0,0.0,0.0,1.0,1.0,1.0,1.0,1.0,31.7,71.0,0.446,6.3,19.2,0.326,25.4,51.9,0.49,14.7,18.7,0.786,10.5,24.3,34.8,20.4,7.1,4.0,14.8,18.5,84.2,33.5,70.5,0.475,8.6,23.4,0.365,24.9,47.1,0.53,16.6,20.6,0.806,8.8,24.3,33.0,23.1,8.0,4.6,12.8,17.5,92.1,39.2,87.9,0.446,7.7,23.7,0.326,31.4,64.2,0.49,18.1,23.1,0.786,13.0,30.0,43.0,25.3,8.8,4.9,18.3,22.9,104.2,41.4,87.2,0.475,10.6,29.0,0.365,30.8,58.2,0.53,20.6,25.5,0.806,10.9,30.0,40.9,28.6,9.9,5.6,15.8,21.6,114.0,0.446,12.3,0.73,0.242,0.25,0.13,0.108,0.27,0.49,0.668,0.443,0.337,0.383,0.326,0.614,0.772,0.149,0.333,0.475,13.0,0.668,0.232,0.236,0.106,0.093,0.332,0.53,0.705,0.468,0.4,0.397,0.365,0.62,0.898,0.197,0.357,26.8,-7.93,0.75,-7.18,104.2,114.0,-9.8,80.1,0.263,0.27,0.531,0.49,15.8,30.2,0.206,0.536,13.8,73.4,0.236
DAL,2024,0.0,CON,72,74,31.0,5.0,0.0,0.0,0.0,1.0,0.0,0.0,0.0,1.0,1.0,0.0,1.0,1.0,0.0,1.0,1.0,0.0,2.0,0.0,0.0,0.0,0.0,0.0,1.0,1.0,1.0,1.0,1.0,31.7,71.0,0.446,6.3,19.2,0.326,25.4,51.9,0.49,14.7,18.7,0.786,10.5,24.3,34.8,20.4,7.1,4.0,14.8,18.5,84.2,33.5,70.5,0.475,8.6,23.4,0.365,24.9,47.1,0.53,16.6,20.6,0.806,8.8,24.3,33.0,23.1,8.0,4.6,12.8,17.5,92.1,39.2,87.9,0.446,7.7,23.7,0.326,31.4,64.2,0.49,18.1,23.1,0.786,13.0,30.0,43.0,25.3,8.8,4.9,18.3,22.9,104.2,41.4,87.2,0.475,10.6,29.0,0.365,30.8,58.2,0.53,20.6,25.5,0.806,10.9,30.0,40.9,28.6,9.9,5.6,15.8,21.6,114.0,0.446,12.3,0.73,0.242,0.25,0.13,0.108,0.27,0.49,0.668,0.443,0.337,0.383,0.326,0.614,0.772,0.149,0.333,0.475,13.0,0.668,0.232,0.236,0.106,0.093,0.332,0.53,0.705,0.468,0.4,0.397,0.365,0.62,0.898,0.197,0.357,26.8,-7.93,0.75,-7.18,104.2,114.0,-9.8,80.1,0.263,0.27,0.531,0.49,15.8,30.2,0.206,0.536,13.8,73.4,0.236
DAL,2024,0.0,MIN,76,87,2.0,6.0,0.0,0.0,0.0,1.0,0.0,0.0,0.0,1.0,1.0,0.0,1.0,1.0,0.0,1.0,1.0,0.0,2.0,0.0,0.0,0.0,0.0,0.0,1.0,1.0,1.0,1.0,1.0,31.7,71.0,0.446,6.3,19.2,0.326,25.4,51.9,0.49,14.7,18.7,0.786,10.5,24.3,34.8,20.4,7.1,4.0,14.8,18.5,84.2,33.5,70.5,0.475,8.6,23.4,0.365,24.9,47.1,0.53,16.6,20.6,0.806,8.8,24.3,33.0,23.1,8.0,4.6,12.8,17.5,92.1,39.2,87.9,0.446,7.7,23.7,0.326,31.4,64.2,0.49,18.1,23.1,0.786,13.0,30.0,43.0,25.3,8.8,4.9,18.3,22.9,104.2,41.4,87.2,0.475,10.6,29.0,0.365,30.8,58.2,0.53,20.6,25.5,0.806,10.9,30.0,40.9,28.6,9.9,5.6,15.8,21.6,114.0,0.446,12.3,0.73,0.242,0.25,0.13,0.108,0.27,0.49,0.668,0.443,0.337,0.383,0.326,0.614,0.772,0.149,0.333,0.475,13.0,0.668,0.232,0.236,0.106,0.093,0.332,0.53,0.705,0.468,0.4,0.397,0.365,0.62,0.898,0.197,0.357,26.8,-7.93,0.75,-7.18,104.2,114.0,-9.8,80.1,0.263,0.27,0.531,0.49,15.8,30.2,0.206,0.536,13.8,73.4,0.236
DAL,2024,1.0,LVA,81,95,5.0,6.0,0.0,0.0,0.0,1.0,0.0,0.0,0.0,1.0,1.0,0.0,1.0,1.0,0.0,1.0,1.0,0.0,2.0,0.0,0.0,0.0,0.0,0.0,1.0,1.0,1.0,1.0,1.0,31.7,71.0,0.446,6.3,19.2,0.326,25.4,51.9,0.49,14.7,18.7,0.786,10.5,24.3,34.8,20.4,7.1,4.0,14.8,18.5,84.2,33.5,70.5,0.475,8.6,23.4,0.365,24.9,47.1,0.53,16.6,20.6,0.806,8.8,24.3,33.0,23.1,8.0,4.6,12.8,17.5,92.1,39.2,87.9,0.446,7.7,23.7,0.326,31.4,64.2,0.49,18.1,23.1,0.786,13.0,30.0,43.0,25.3,8.8,4.9,18.3,22.9,104.2,41.4,87.2,0.475,10.6,29.0,0.365,30.8,58.2,0.53,20.6,25.5,0.806,10.9,30.0,40.9,28.6,9.9,5.6,15.8,21.6,114.0,0.446,12.3,0.73,0.242,0.25,0.13,0.108,0.27,0.49,0.668,0.443,0.337,0.383,0.326,0.614,0.772,0.149,0.333,0.475,13.0,0.668,0.232,0.236,0.106,0.093,0.332,0.53,0.705,0.468,0.4,0.397,0.365,0.62,0.898,0.197,0.357,26.8,-7.93,0.75,-7.18,104.2,114.0,-9.8,80.1,0.263,0.27,0.531,0.49,15.8,30.2,0.206,0.536,13.8,73.4,0.236
DAL,2024,0.0,LAS,72,81,7.0,6.0,0.0,0.0,0.0,1.0,0.0,0.0,0.0,1.0,1.0,0.0,1.0,1.0,0.0,1.0,1.0,0.0,2.0,0.0,0.0,0.0,0.0,0.0,1.0,1.0,1.0,1.0,1.0,31.7,71.0,0.446,6.3,19.2,0.326,25.4,51.9,0.49,14.7,18.7,0.786,10.5,24.3,34.8,20.4,7.1,4.0,14.8,18.5,84.2,33.5,70.5,0.475,8.6,23.4,0.365,24.9,47.1,0.53,16.6,20.6,0.806,8.8,24.3,33.0,23.1,8.0,4.6,12.8,17.5,92.1,39.2,87.9,0.446,7.7,23.7,0.326,31.4,64.2,0.49,18.1,23.1,0.786,13.0,30.0,43.0,25.3,8.8,4.9,18.3,22.9,104.2,41.4,87.2,0.475,10.6,29.0,0.365,30.8,58.2,0.53,20.6,25.5,0.806,10.9,30.0,40.9,28.6,9.9,5.6,15.8,21.6,114.0,0.446,12.3,0.73,0.242,0.25,0.13,0.108,0.27,0.49,0.668,0.443,0.337,0.383,0.326,0.614,0.772,0.149,0.333,0.475,13.0,0.668,0.232,0.236,0.106,0.093,0.332,0.53,0.705,0.468,0.4,0.397,0.365,0.62,0.898,0.197,0.357,26.8,-7.93,0.75,-7.18,104.2,114.0,-9.8,80.1,0.263,0.27,0.531,0.49,15.8,30.2,0.206,0.536,13.8,73.4,0.236
DAL,2024,1.0,PHO,90,97,9.0,6.0,0.0,0.0,0.0,1.0,0.0,0.0,0.0,1.0,1.0,0.0,1.0,1.0,0.0,1.0,1.0,0.0,2.0,0.0,0.0,0.0,0.0,0.0,1.0,1.0,1.0,1.0,1.0,31.7,71.0,0.446,6.3,19.2,0.326,25.4,51.9,0.49,14.7,18.7,0.786,10.5,24.3,34.8,20.4,7.1,4.0,14.8,18.5,84.2,33.5,70.5,0.475,8.6,23.4,0.365,24.9,47.1,0.53,16.6,20.6,0.806,8.8,24.3,33.0,23.1,8.0,4.6,12.8,17.5,92.1,39.2,87.9,0.446,7.7,23.7,0.326,31.4,64.2,0.49,18.1,23.1,0.786,13.0,30.0,43.0,25.3,8.8,4.9,18.3,22.9,104.2,41.4,87.2,0.475,10.6,29.0,0.365,30.8,58.2,0.53,20.6,25.5,0.806,10.9,30.0,40.9,28.6,9.9,5.6,15.8,21.6,114.0,0.446,12.3,0.73,0.242,0.25,0.13,0.108,0.27,0.49,0.668,0.443,0.337,0.383,0.326,0.614,0.772,0.149,0.333,0.475,13.0,0.668,0.232,0.236,0.106,0.093,0.332,0.53,0.705,0.468,0.4,0.397,0.365,0.62,0.898,0.197,0.357,26.8,-7.93,0.75,-7.18,104.2,114.0,-9.8,80.1,0.263,0.27,0.531,0.49,15.8,30.2,0.206,0.536,13.8,73.4,0.236
DAL,2024,1.0,SEA,84,92,13.0,6.0,0.0,0.0,0.0,1.0,0.0,0.0,0.0,1.0,1.0,0.0,1.0,1.0,0.0,1.0,1.0,0.0,2.0,0.0,0.0,0.0,0.0,0.0,1.0,1.0,1.0,1.0,1.0,31.7,71.0,0.446,6.3,19.2,0.326,25.4,51.9,0.49,14.7,18.7,0.786,10.5,24.3,34.8,20.4,7.1,4.0,14.8,18.5,84.2,33.5,70.5,0.475,8.6,23.4,0.365,24.9,47.1,0.53,16.6,20.6,0.806,8.8,24.3,33.0,23.1,8.0,4.6,12.8,17.5,92.1,39.2,87.9,0.446,7.7,23.7,0.326,31.4,64.2,0.49,18.1,23.1,0.786,13.0,30.0,43.0,25.3,8.8,4.9,18.3,22.9,104.2,41.4,87.2,0.475,10.6,29.0,0.365,30.8,58.2,0.53,20.6,25.5,0.806,10.9,30.0,40.9,28.6,9.9,5.6,15.8,21.6,114.0,0.446,12.3,0.73,0.242,0.25,0.13,0.108,0.27,0.49,0.668,0.443,0.337,0.383,0.326,0.614,0.772,0.149,0.333,0.475,13.0,0.668,0.232,0.236,0.106,0.093,0.332,0.53,0.705,0.468,0.4,0.397,0.365,0.62,0.898,0.197,0.357,26.8,-7.93,0.75,-7.18,104.2,114.0,-9.8,80.1,0.263,0.27,0.531,0.49,15.8,30.2,0.206,0.536,13.8,73.4,0.236
DAL,2024,1.0,CON,67,85,15.0,6.0,0.0,0.0,0.0,1.0,0.0,0.0,0.0,1.0,1.0,0.0,1.0,1.0,0.0,1.0,1.0,0.0,2.0,0.0,0.0,0.0,0.0,0.0,1.0,1.0,1.0,1.0,1.0,31.7,71.0,0.446,6.3,19.2,0.326,25.4,51.9,0.49,14.7,18.7,0.786,10.5,24.3,34.8,20.4,7.1,4.0,14.8,18.5,84.2,33.5,70.5,0.475,8.6,23.4,0.365,24.9,47.1,0.53,16.6,20.6,0.806,8.8,24.3,33.0,23.1,8.0,4.6,12.8,17.5,92.1,39.2,87.9,0.446,7.7,23.7,0.326,31.4,64.2,0.49,18.1,23.1,0.786,13.0,30.0,43.0,25.3,8.8,4.9,18.3,22.9,104.2,41.4,87.2,0.475,10.6,29.0,0.365,30.8,58.2,0.53,20.6,25.5,0.806,10.9,30.0,40.9,28.6,9.9,5.6,15.8,21.6,114.0,0.446,12.3,0.73,0.242,0.25,0.13,0.108,0.27,0.49,0.668,0.443,0.337,0.383,0.326,0.614,0.772,0.149,0.333,0.475,13.0,0.668,0.232,0.236,0.106,0.093,0.332,0.53,0.705,0.468,0.4,0.397,0.365,0.62,0.898,0.197,0.357,26.8,-7.93,0.75,-7.18,104.2,114.0,-9.8,80.1,0.263,0.27,0.531,0.49,15.8,30.2,0.206,0.536,13.8,73.4,0.236
DAL,2024,0.0,MIN,78,90,17.0,6.0,0.0,0.0,0.0,1.0,0.0,0.0,0.0,0.0,0.0,0.0,0.0,1.0,0.0,0.0,1.0,0.0,2.0,0.0,0.0,0.0,0.0,0.0,0.0,0.0,0.0,0.0,0.0,31.7,71.0,0.446,6.3,19.2,0.326,25.4,51.9,0.49,14.7,18.7,0.786,10.5,24.3,34.8,20.4,7.1,4.0,14.8,18.5,84.2,33.5,70.5,0.475,8.6,23.4,0.365,24.9,47.1,0.53,16.6,20.6,0.806,8.8,24.3,33.0,23.1,8.0,4.6,12.8,17.5,92.1,39.2,87.9,0.446,7.7,23.7,0.326,31.4,64.2,0.49,18.1,23.1,0.786,13.0,30.0,43.0,25.3,8.8,4.9,18.3,22.9,104.2,41.4,87.2,0.475,10.6,29.0,0.365,30.8,58.2,0.53,20.6,25.5,0.806,10.9,30.0,40.9,28.6,9.9,5.6,15.8,21.6,114.0,0.446,12.3,0.73,0.242,0.25,0.13,0.108,0.27,0.49,0.668,0.443,0.337,0.383,0.326,0.614,0.772,0.149,0.333,0.475,13.0,0.668,0.232,0.236,0.106,0.093,0.332,0.53,0.705,0.468,0.4,0.397,0.365,0.62,0.898,0.197,0.357,26.8,-7.93,0.75,-7.18,104.2,114.0,-9.8,80.1,0.263,0.27,0.531,0.49,15.8,30.2,0.206,0.536,13.8,73.4,0.236
DAL,2024,0.0,CHI,72,83,20.0,6.0,0.0,0.0,0.0,0.0,0.0,0.0,0.0,1.0,1.0,0.0,2.0,1.0,0.0,1.0,0.0,0.0,2.0,0.0,0.0,0.0,1.0,1.0,1.0,1.0,1.0,2.0,2.0,31.7,71.0,0.446,6.3,19.2,0.326,25.4,51.9,0.49,14.7,18.7,0.786,10.5,24.3,34.8,20.4,7.1,4.0,14.8,18.5,84.2,33.5,70.5,0.475,8.6,23.4,0.365,24.9,47.1,0.53,16.6,20.6,0.806,8.8,24.3,33.0,23.1,8.0,4.6,12.8,17.5,92.1,39.2,87.9,0.446,7.7,23.7,0.326,31.4,64.2,0.49,18.1,23.1,0.786,13.0,30.0,43.0,25.3,8.8,4.9,18.3,22.9,104.2,41.4,87.2,0.475,10.6,29.0,0.365,30.8,58.2,0.53,20.6,25.5,0.806,10.9,30.0,40.9,28.6,9.9,5.6,15.8,21.6,114.0,0.446,12.3,0.73,0.242,0.25,0.13,0.108,0.27,0.49,0.668,0.443,0.337,0.383,0.326,0.614,0.772,0.149,0.333,0.475,13.0,0.668,0.232,0.236,0.106,0.093,0.332,0.53,0.705,0.468,0.4,0.397,0.365,0.62,0.898,0.197,0.357,26.8,-7.93,0.75,-7.18,104.2,114.0,-9.8,80.1,0.263,0.27,0.531,0.49,15.8,30.2,0.206,0.536,13.8,73.4,0.236
DAL,2024,0.0,WAS,69,97,22.0,6.0,0.0,0.0,0.0,0.0,0.0,0.0,0.0,1.0,1.0,0.0,2.0,1.0,0.0,1.0,1.0,0.0,2.0,0.0,0.0,0.0,1.0,1.0,1.0,1.0,1.0,2.0,2.0,31.7,71.0,0.446,6.3,19.2,0.326,25.4,51.9,0.49,14.7,18.7,0.786,10.5,24.3,34.8,20.4,7.1,4.0,14.8,18.5,84.2,33.5,70.5,0.475,8.6,23.4,0.365,24.9,47.1,0.53,16.6,20.6,0.806,8.8,24.3,33.0,23.1,8.0,4.6,12.8,17.5,92.1,39.2,87.9,0.446,7.7,23.7,0.326,31.4,64.2,0.49,18.1,23.1,0.786,13.0,30.0,43.0,25.3,8.8,4.9,18.3,22.9,104.2,41.4,87.2,0.475,10.6,29.0,0.365,30.8,58.2,0.53,20.6,25.5,0.806,10.9,30.0,40.9,28.6,9.9,5.6,15.8,21.6,114.0,0.446,12.3,0.73,0.242,0.25,0.13,0.108,0.27,0.49,0.668,0.443,0.337,0.383,0.326,0.614,0.772,0.149,0.333,0.475,13.0,0.668,0.232,0.236,0.106,0.093,0.332,0.53,0.705,0.468,0.4,0.397,0.365,0.62,0.898,0.197,0.357,26.8,-7.93,0.75,-7.18,104.2,114.0,-9.8,80.1,0.263,0.27,0.531,0.49,15.8,30.2,0.206,0.536,13.8,73.4,0.236
DAL,2024,0.0,WAS,84,92,23.0,6.0,0.0,0.0,0.0,0.0,0.0,0.0,0.0,1.0,1.0,0.0,2.0,1.0,0.0,1.0,1.0,0.0,1.0,0.0,0.0,0.0,1.0,1.0,1.0,1.0,1.0,2.0,2.0,31.7,71.0,0.446,6.3,19.2,0.326,25.4,51.9,0.49,14.7,18.7,0.786,10.5,24.3,34.8,20.4,7.1,4.0,14.8,18.5,84.2,33.5,70.5,0.475,8.6,23.4,0.365,24.9,47.1,0.53,16.6,20.6,0.806,8.8,24.3,33.0,23.1,8.0,4.6,12.8,17.5,92.1,39.2,87.9,0.446,7.7,23.7,0.326,31.4,64.2,0.49,18.1,23.1,0.786,13.0,30.0,43.0,25.3,8.8,4.9,18.3,22.9,104.2,41.4,87.2,0.475,10.6,29.0,0.365,30.8,58.2,0.53,20.6,25.5,0.806,10.9,30.0,40.9,28.6,9.9,5.6,15.8,21.6,114.0,0.446,12.3,0.73,0.242,0.25,0.13,0.108,0.27,0.49,0.668,0.443,0.337,0.383,0.326,0.614,0.772,0.149,0.333,0.475,13.0,0.668,0.232,0.236,0.106,0.093,0.332,0.53,0.705,0.468,0.4,0.397,0.365,0.62,0.898,0.197,0.357,26.8,-7.93,0.75,-7.18,104.2,114.0,-9.8,80.1,0.263,0.27,0.531,0.49,15.8,30.2,0.206,0.536,13.8,73.4,0.236
DAL,2024,1.0,MIN,94,88,27.0,6.0,0.0,0.0,0.0,0.0,0.0,0.0,0.0,1.0,1.0,1.0,2.0,1.0,0.0,1.0,1.0,1.0,1.0,1.0,0.0,0.0,1.0,0.0,1.0,1.0,1.0,2.0,2.0,31.7,71.0,0.446,6.3,19.2,0.326,25.4,51.9,0.49,14.7,18.7,0.786,10.5,24.3,34.8,20.4,7.1,4.0,14.8,18.5,84.2,33.5,70.5,0.475,8.6,23.4,0.365,24.9,47.1,0.53,16.6,20.6,0.806,8.8,24.3,33.0,23.1,8.0,4.6,12.8,17.5,92.1,39.2,87.9,0.446,7.7,23.7,0.326,31.4,64.2,0.49,18.1,23.1,0.786,13.0,30.0,43.0,25.3,8.8,4.9,18.3,22.9,104.2,41.4,87.2,0.475,10.6,29.0,0.365,30.8,58.2,0.53,20.6,25.5,0.806,10.9,30.0,40.9,28.6,9.9,5.6,15.8,21.6,114.0,0.446,12.3,0.73,0.242,0.25,0.13,0.108,0.27,0.49,0.668,0.443,0.337,0.383,0.326,0.614,0.772,0.149,0.333,0.475,13.0,0.668,0.232,0.236,0.106,0.093,0.332,0.53,0.705,0.468,0.4,0.397,0.365,0.62,0.898,0.197,0.357,26.8,-7.93,0.75,-7.18,104.2,114.0,-9.8,80.1,0.263,0.27,0.531,0.49,15.8,30.2,0.206,0.536,13.8,73.4,0.236
DAL,2024,0.0,SEA,76,97,29.0,6.0,0.0,0.0,0.0,0.0,0.0,0.0,0.0,1.0,1.0,1.0,2.0,1.0,0.0,1.0,1.0,1.0,2.0,1.0,0.0,0.0,1.0,0.0,1.0,1.0,1.0,2.0,2.0,31.7,71.0,0.446,6.3,19.2,0.326,25.4,51.9,0.49,14.7,18.7,0.786,10.5,24.3,34.8,20.4,7.1,4.0,14.8,18.5,84.2,33.5,70.5,0.475,8.6,23.4,0.365,24.9,47.1,0.53,16.6,20.6,0.806,8.8,24.3,33.0,23.1,8.0,4.6,12.8,17.5,92.1,39.2,87.9,0.446,7.7,23.7,0.326,31.4,64.2,0.49,18.1,23.1,0.786,13.0,30.0,43.0,25.3,8.8,4.9,18.3,22.9,104.2,41.4,87.2,0.475,10.6,29.0,0.365,30.8,58.2,0.53,20.6,25.5,0.806,10.9,30.0,40.9,28.6,9.9,5.6,15.8,21.6,114.0,0.446,12.3,0.73,0.242,0.25,0.13,0.108,0.27,0.49,0.668,0.443,0.337,0.383,0.326,0.614,0.772,0.149,0.333,0.475,13.0,0.668,0.232,0.236,0.106,0.093,0.332,0.53,0.705,0.468,0.4,0.397,0.365,0.62,0.898,0.197,0.357,26.8,-7.93,0.75,-7.18,104.2,114.0,-9.8,80.1,0.263,0.27,0.531,0.49,15.8,30.2,0.206,0.536,13.8,73.4,0.236
DAL,2024,0.0,SEA,71,95,1.0,7.0,0.0,0.0,0.0,0.0,0.0,0.0,0.0,1.0,1.0,1.0,2.0,1.0,0.0,1.0,1.0,1.0,2.0,1.0,0.0,0.0,1.0,0.0,1.0,1.0,1.0,2.0,2.0,31.7,71.0,0.446,6.3,19.2,0.326,25.4,51.9,0.49,14.7,18.7,0.786,10.5,24.3,34.8,20.4,7.1,4.0,14.8,18.5,84.2,33.5,70.5,0.475,8.6,23.4,0.365,24.9,47.1,0.53,16.6,20.6,0.806,8.8,24.3,33.0,23.1,8.0,4.6,12.8,17.5,92.1,39.2,87.9,0.446,7.7,23.7,0.326,31.4,64.2,0.49,18.1,23.1,0.786,13.0,30.0,43.0,25.3,8.8,4.9,18.3,22.9,104.2,41.4,87.2,0.475,10.6,29.0,0.365,30.8,58.2,0.53,20.6,25.5,0.806,10.9,30.0,40.9,28.6,9.9,5.6,15.8,21.6,114.0,0.446,12.3,0.73,0.242,0.25,0.13,0.108,0.27,0.49,0.668,0.443,0.337,0.383,0.326,0.614,0.772,0.149,0.333,0.475,13.0,0.668,0.232,0.236,0.106,0.093,0.332,0.53,0.705,0.468,0.4,0.397,0.365,0.62,0.898,0.197,0.357,26.8,-7.93,0.75,-7.18,104.2,114.0,-9.8,80.1,0.263,0.27,0.531,0.49,15.8,30.2,0.206,0.536,13.8,73.4,0.236
DAL,2024,1.0,PHO,96,104,3.0,7.0,0.0,0.0,0.0,0.0,0.0,0.0,0.0,1.0,1.0,1.0,2.0,1.0,0.0,1.0,1.0,1.0,1.0,1.0,0.0,0.0,1.0,0.0,1.0,1.0,1.0,2.0,2.0,31.7,71.0,0.446,6.3,19.2,0.326,25.4,51.9,0.49,14.7,18.7,0.786,10.5,24.3,34.8,20.4,7.1,4.0,14.8,18.5,84.2,33.5,70.5,0.475,8.6,23.4,0.365,24.9,47.1,0.53,16.6,20.6,0.806,8.8,24.3,33.0,23.1,8.0,4.6,12.8,17.5,92.1,39.2,87.9,0.446,7.7,23.7,0.326,31.4,64.2,0.49,18.1,23.1,0.786,13.0,30.0,43.0,25.3,8.8,4.9,18.3,22.9,104.2,41.4,87.2,0.475,10.6,29.0,0.365,30.8,58.2,0.53,20.6,25.5,0.806,10.9,30.0,40.9,28.6,9.9,5.6,15.8,21.6,114.0,0.446,12.3,0.73,0.242,0.25,0.13,0.108,0.27,0.49,0.668,0.443,0.337,0.383,0.326,0.614,0.772,0.149,0.333,0.475,13.0,0.668,0.232,0.236,0.106,0.093,0.332,0.53,0.705,0.468,0.4,0.397,0.365,0.62,0.898,0.197,0.357,26.8,-7.93,0.75,-7.18,104.2,114.0,-9.8,80.1,0.263,0.27,0.531,0.49,15.8,30.2,0.206,0.536,13.8,73.4,0.236
DAL,2024,1.0,ATL,85,82,5.0,7.0,0.0,0.0,0.0,0.0,0.0,0.0,0.0,1.0,1.0,1.0,2.0,1.0,0.0,1.0,1.0,1.0,1.0,1.0,0.0,0.0,1.0,0.0,1.0,1.0,1.0,2.0,2.0,31.7,71.0,0.446,6.3,19.2,0.326,25.4,51.9,0.49,14.7,18.7,0.786,10.5,24.3,34.8,20.4,7.1,4.0,14.8,18.5,84.2,33.5,70.5,0.475,8.6,23.4,0.365,24.9,47.1,0.53,16.6,20.6,0.806,8.8,24.3,33.0,23.1,8.0,4.6,12.8,17.5,92.1,39.2,87.9,0.446,7.7,23.7,0.326,31.4,64.2,0.49,18.1,23.1,0.786,13.0,30.0,43.0,25.3,8.8,4.9,18.3,22.9,104.2,41.4,87.2,0.475,10.6,29.0,0.365,30.8,58.2,0.53,20.6,25.5,0.806,10.9,30.0,40.9,28.6,9.9,5.6,15.8,21.6,114.0,0.446,12.3,0.73,0.242,0.25,0.13,0.108,0.27,0.49,0.668,0.443,0.337,0.383,0.326,0.614,0.772,0.149,0.333,0.475,13.0,0.668,0.232,0.236,0.106,0.093,0.332,0.53,0.705,0.468,0.4,0.397,0.365,0.62,0.898,0.197,0.357,26.8,-7.93,0.75,-7.18,104.2,114.0,-9.8,80.1,0.263,0.27,0.531,0.49,15.8,30.2,0.206,0.536,13.8,73.4,0.236
DAL,2024,0.0,LVA,85,104,7.0,7.0,0.0,0.0,0.0,0.0,0.0,0.0,0.0,1.0,1.0,1.0,2.0,1.0,0.0,1.0,1.0,1.0,2.0,1.0,0.0,0.0,1.0,0.0,1.0,1.0,1.0,2.0,2.0,31.7,71.0,0.446,6.3,19.2,0.326,25.4,51.9,0.49,14.7,18.7,0.786,10.5,24.3,34.8,20.4,7.1,4.0,14.8,18.5,84.2,33.5,70.5,0.475,8.6,23.4,0.365,24.9,47.1,0.53,16.6,20.6,0.806,8.8,24.3,33.0,23.1,8.0,4.6,12.8,17.5,92.1,39.2,87.9,0.446,7.7,23.7,0.326,31.4,64.2,0.49,18.1,23.1,0.786,13.0,30.0,43.0,25.3,8.8,4.9,18.3,22.9,104.2,41.4,87.2,0.475,10.6,29.0,0.365,30.8,58.2,0.53,20.6,25.5,0.806,10.9,30.0,40.9,28.6,9.9,5.6,15.8,21.6,114.0,0.446,12.3,0.73,0.242,0.25,0.13,0.108,0.27,0.49,0.668,0.443,0.337,0.383,0.326,0.614,0.772,0.149,0.333,0.475,13.0,0.668,0.232,0.236,0.106,0.093,0.332,0.53,0.705,0.468,0.4,0.397,0.365,0.62,0.898,0.197,0.357,26.8,-7.93,0.75,-7.18,104.2,114.0,-9.8,80.1,0.263,0.27,0.531,0.49,15.8,30.2,0.206,0.536,13.8,73.4,0.236
DAL,2024,0.0,PHO,84,100,10.0,7.0,0.0,0.0,0.0,0.0,0.0,0.0,0.0,1.0,1.0,1.0,2.0,1.0,0.0,1.0,1.0,1.0,2.0,1.0,0.0,0.0,1.0,0.0,1.0,1.0,1.0,2.0,2.0,31.7,71.0,0.446,6.3,19.2,0.326,25.4,51.9,0.49,14.7,18.7,0.786,10.5,24.3,34.8,20.4,7.1,4.0,14.8,18.5,84.2,33.5,70.5,0.475,8.6,23.4,0.365,24.9,47.1,0.53,16.6,20.6,0.806,8.8,24.3,33.0,23.1,8.0,4.6,12.8,17.5,92.1,39.2,87.9,0.446,7.7,23.7,0.326,31.4,64.2,0.49,18.1,23.1,0.786,13.0,30.0,43.0,25.3,8.8,4.9,18.3,22.9,104.2,41.4,87.2,0.475,10.6,29.0,0.365,30.8,58.2,0.53,20.6,25.5,0.806,10.9,30.0,40.9,28.6,9.9,5.6,15.8,21.6,114.0,0.446,12.3,0.73,0.242,0.25,0.13,0.108,0.27,0.49,0.668,0.443,0.337,0.383,0.326,0.614,0.772,0.149,0.333,0.475,13.0,0.668,0.232,0.236,0.106,0.093,0.332,0.53,0.705,0.468,0.4,0.397,0.365,0.62,0.898,0.197,0.357,26.8,-7.93,0.75,-7.18,104.2,114.0,-9.8,80.1,0.263,0.27,0.531,0.49,15.8,30.2,0.206,0.536,13.8,73.4,0.236
DAL,2024,1.0,LAS,81,87,13.0,7.0,0.0,0.0,0.0,0.0,0.0,0.0,0.0,1.0,1.0,1.0,2.0,1.0,0.0,1.0,1.0,1.0,1.0,1.0,0.0,0.0,1.0,0.0,1.0,1.0,1.0,2.0,2.0,31.7,71.0,0.446,6.3,19.2,0.326,25.4,51.9,0.49,14.7,18.7,0.786,10.5,24.3,34.8,20.4,7.1,4.0,14.8,18.5,84.2,33.5,70.5,0.475,8.6,23.4,0.365,24.9,47.1,0.53,16.6,20.6,0.806,8.8,24.3,33.0,23.1,8.0,4.6,12.8,17.5,92.1,39.2,87.9,0.446,7.7,23.7,0.326,31.4,64.2,0.49,18.1,23.1,0.786,13.0,30.0,43.0,25.3,8.8,4.9,18.3,22.9,104.2,41.4,87.2,0.475,10.6,29.0,0.365,30.8,58.2,0.53,20.6,25.5,0.806,10.9,30.0,40.9,28.6,9.9,5.6,15.8,21.6,114.0,0.446,12.3,0.73,0.242,0.25,0.13,0.108,0.27,0.49,0.668,0.443,0.337,0.383,0.326,0.614,0.772,0.149,0.333,0.475,13.0,0.668,0.232,0.236,0.106,0.093,0.332,0.53,0.705,0.468,0.4,0.397,0.365,0.62,0.898,0.197,0.357,26.8,-7.93,0.75,-7.18,104.2,114.0,-9.8,80.1,0.263,0.27,0.531,0.49,15.8,30.2,0.206,0.536,13.8,73.4,0.236
DAL,2024,1.0,IND,101,93,17.0,7.0,0.0,0.0,0.0,0.0,0.0,0.0,0.0,1.0,1.0,1.0,2.0,1.0,0.0,1.0,1.0,1.0,1.0,1.0,0.0,0.0,1.0,0.0,1.0,1.0,1.0,2.0,2.0,31.7,71.0,0.446,6.3,19.2,0.326,25.4,51.9,0.49,14.7,18.7,0.786,10.5,24.3,34.8,20.4,7.1,4.0,14.8,18.5,84.2,33.5,70.5,0.475,8.6,23.4,0.365,24.9,47.1,0.53,16.6,20.6,0.806,8.8,24.3,33.0,23.1,8.0,4.6,12.8,17.5,92.1,39.2,87.9,0.446,7.7,23.7,0.326,31.4,64.2,0.49,18.1,23.1,0.786,13.0,30.0,43.0,25.3,8.8,4.9,18.3,22.9,104.2,41.4,87.2,0.475,10.6,29.0,0.365,30.8,58.2,0.53,20.6,25.5,0.806,10.9,30.0,40.9,28.6,9.9,5.6,15.8,21.6,114.0,0.446,12.3,0.73,0.242,0.25,0.13,0.108,0.27,0.49,0.668,0.443,0.337,0.383,0.326,0.614,0.772,0.149,0.333,0.475,13.0,0.668,0.232,0.236,0.106,0.093,0.332,0.53,0.705,0.468,0.4,0.397,0.365,0.62,0.898,0.197,0.357,26.8,-7.93,0.75,-7.18,104.2,114.0,-9.8,80.1,0.263,0.27,0.531,0.49,15.8,30.2,0.206,0.536,13.8,73.4,0.236
DAL,2024,1.0,CON,91,109,16.0,8.0,0.0,0.0,0.0,0.0,0.0,0.0,0.0,2.0,1.0,0.0,2.0,1.0,0.0,1.0,1.0,0.0,2.0,0.0,0.0,0.0,1.0,1.0,1.0,1.0,1.0,2.0,2.0,31.7,71.0,0.446,6.3,19.2,0.326,25.4,51.9,0.49,14.7,18.7,0.786,10.5,24.3,34.8,20.4,7.1,4.0,14.8,18.5,84.2,33.5,70.5,0.475,8.6,23.4,0.365,24.9,47.1,0.53,16.6,20.6,0.806,8.8,24.3,33.0,23.1,8.0,4.6,12.8,17.5,92.1,39.2,87.9,0.446,7.7,23.7,0.326,31.4,64.2,0.49,18.1,23.1,0.786,13.0,30.0,43.0,25.3,8.8,4.9,18.3,22.9,104.2,41.4,87.2,0.475,10.6,29.0,0.365,30.8,58.2,0.53,20.6,25.5,0.806,10.9,30.0,40.9,28.6,9.9,5.6,15.8,21.6,114.0,0.446,12.3,0.73,0.242,0.25,0.13,0.108,0.27,0.49,0.668,0.443,0.337,0.383,0.326,0.614,0.772,0.149,0.333,0.475,13.0,0.668,0.232,0.236,0.106,0.093,0.332,0.53,0.705,0.468,0.4,0.397,0.365,0.62,0.898,0.197,0.357,26.8,-7.93,0.75,-7.18,104.2,114.0,-9.8,80.1,0.263,0.27,0.531,0.49,15.8,30.2,0.206,0.536,13.8,73.4,0.236
DAL,2024,0.0,NYL,74,94,20.0,8.0,0.0,0.0,0.0,1.0,0.0,0.0,0.0,2.0,1.0,0.0,2.0,1.0,0.0,1.0,1.0,0.0,2.0,0.0,0.0,0.0,1.0,1.0,1.0,1.0,1.0,2.0,2.0,31.7,71.0,0.446,6.3,19.2,0.326,25.4,51.9,0.49,14.7,18.7,0.786,10.5,24.3,34.8,20.4,7.1,4.0,14.8,18.5,84.2,33.5,70.5,0.475,8.6,23.4,0.365,24.9,47.1,0.53,16.6,20.6,0.806,8.8,24.3,33.0,23.1,8.0,4.6,12.8,17.5,92.1,39.2,87.9,0.446,7.7,23.7,0.326,31.4,64.2,0.49,18.1,23.1,0.786,13.0,30.0,43.0,25.3,8.8,4.9,18.3,22.9,104.2,41.4,87.2,0.475,10.6,29.0,0.365,30.8,58.2,0.53,20.6,25.5,0.806,10.9,30.0,40.9,28.6,9.9,5.6,15.8,21.6,114.0,0.446,12.3,0.73,0.242,0.25,0.13,0.108,0.27,0.49,0.668,0.443,0.337,0.383,0.326,0.614,0.772,0.149,0.333,0.475,13.0,0.668,0.232,0.236,0.106,0.093,0.332,0.53,0.705,0.468,0.4,0.397,0.365,0.62,0.898,0.197,0.357,26.8,-7.93,0.75,-7.18,104.2,114.0,-9.8,80.1,0.263,0.27,0.531,0.49,15.8,30.2,0.206,0.536,13.8,73.4,0.236
DAL,2024,0.0,NYL,71,79,22.0,8.0,0.0,0.0,0.0,1.0,0.0,0.0,0.0,2.0,1.0,0.0,2.0,1.0,0.0,1.0,1.0,0.0,1.0,0.0,0.0,0.0,1.0,1.0,1.0,1.0,1.0,2.0,2.0,31.7,71.0,0.446,6.3,19.2,0.326,25.4,51.9,0.49,14.7,18.7,0.786,10.5,24.3,34.8,20.4,7.1,4.0,14.8,18.5,84.2,33.5,70.5,0.475,8.6,23.4,0.365,24.9,47.1,0.53,16.6,20.6,0.806,8.8,24.3,33.0,23.1,8.0,4.6,12.8,17.5,92.1,39.2,87.9,0.446,7.7,23.7,0.326,31.4,64.2,0.49,18.1,23.1,0.786,13.0,30.0,43.0,25.3,8.8,4.9,18.3,22.9,104.2,41.4,87.2,0.475,10.6,29.0,0.365,30.8,58.2,0.53,20.6,25.5,0.806,10.9,30.0,40.9,28.6,9.9,5.6,15.8,21.6,114.0,0.446,12.3,0.73,0.242,0.25,0.13,0.108,0.27,0.49,0.668,0.443,0.337,0.383,0.326,0.614,0.772,0.149,0.333,0.475,13.0,0.668,0.232,0.236,0.106,0.093,0.332,0.53,0.705,0.468,0.4,0.397,0.365,0.62,0.898,0.197,0.357,26.8,-7.93,0.75,-7.18,104.2,114.0,-9.8,80.1,0.263,0.27,0.531,0.49,15.8,30.2,0.206,0.536,13.8,73.4,0.236
DAL,2024,1.0,LAS,113,110,25.0,8.0,0.0,0.0,0.0,1.0,0.0,0.0,0.0,2.0,1.0,0.0,2.0,1.0,0.0,1.0,1.0,0.0,2.0,0.0,0.0,0.0,1.0,1.0,1.0,1.0,1.0,2.0,2.0,31.7,71.0,0.446,6.3,19.2,0.326,25.4,51.9,0.49,14.7,18.7,0.786,10.5,24.3,34.8,20.4,7.1,4.0,14.8,18.5,84.2,33.5,70.5,0.475,8.6,23.4,0.365,24.9,47.1,0.53,16.6,20.6,0.806,8.8,24.3,33.0,23.1,8.0,4.6,12.8,17.5,92.1,39.2,87.9,0.446,7.7,23.7,0.326,31.4,64.2,0.49,18.1,23.1,0.786,13.0,30.0,43.0,25.3,8.8,4.9,18.3,22.9,104.2,41.4,87.2,0.475,10.6,29.0,0.365,30.8,58.2,0.53,20.6,25.5,0.806,10.9,30.0,40.9,28.6,9.9,5.6,15.8,21.6,114.0,0.446,12.3,0.73,0.242,0.25,0.13,0.108,0.27,0.49,0.668,0.443,0.337,0.383,0.326,0.614,0.772,0.149,0.333,0.475,13.0,0.668,0.232,0.236,0.106,0.093,0.332,0.53,0.705,0.468,0.4,0.397,0.365,0.62,0.898,0.197,0.357,26.8,-7.93,0.75,-7.18,104.2,114.0,-9.8,80.1,0.263,0.27,0.531,0.49,15.8,30.2,0.206,0.536,13.8,73.4,0.236
DAL,2024,1.0,LVA,93,90,27.0,8.0,0.0,0.0,0.0,1.0,0.0,0.0,0.0,2.0,1.0,0.0,2.0,1.0,0.0,1.0,1.0,0.0,1.0,0.0,0.0,0.0,1.0,1.0,1.0,1.0,1.0,2.0,2.0,31.7,71.0,0.446,6.3,19.2,0.326,25.4,51.9,0.49,14.7,18.7,0.786,10.5,24.3,34.8,20.4,7.1,4.0,14.8,18.5,84.2,33.5,70.5,0.475,8.6,23.4,0.365,24.9,47.1,0.53,16.6,20.6,0.806,8.8,24.3,33.0,23.1,8.0,4.6,12.8,17.5,92.1,39.2,87.9,0.446,7.7,23.7,0.326,31.4,64.2,0.49,18.1,23.1,0.786,13.0,30.0,43.0,25.3,8.8,4.9,18.3,22.9,104.2,41.4,87.2,0.475,10.6,29.0,0.365,30.8,58.2,0.53,20.6,25.5,0.806,10.9,30.0,40.9,28.6,9.9,5.6,15.8,21.6,114.0,0.446,12.3,0.73,0.242,0.25,0.13,0.108,0.27,0.49,0.668,0.443,0.337,0.383,0.326,0.614,0.772,0.149,0.333,0.475,13.0,0.668,0.232,0.236,0.106,0.093,0.332,0.53,0.705,0.468,0.4,0.397,0.365,0.62,0.898,0.197,0.357,26.8,-7.93,0.75,-7.18,104.2,114.0,-9.8,80.1,0.263,0.27,0.531,0.49,15.8,30.2,0.206,0.536,13.8,73.4,0.236
DAL,2024,1.0,MIN,94,76,30.0,8.0,0.0,0.0,0.0,1.0,0.0,0.0,0.0,2.0,1.0,0.0,2.0,1.0,0.0,1.0,1.0,0.0,1.0,0.0,0.0,0.0,1.0,1.0,1.0,1.0,1.0,2.0,2.0,31.7,71.0,0.446,6.3,19.2,0.326,25.4,51.9,0.49,14.7,18.7,0.786,10.5,24.3,34.8,20.4,7.1,4.0,14.8,18.5,84.2,33.5,70.5,0.475,8.6,23.4,0.365,24.9,47.1,0.53,16.6,20.6,0.806,8.8,24.3,33.0,23.1,8.0,4.6,12.8,17.5,92.1,39.2,87.9,0.446,7.7,23.7,0.326,31.4,64.2,0.49,18.1,23.1,0.786,13.0,30.0,43.0,25.3,8.8,4.9,18.3,22.9,104.2,41.4,87.2,0.475,10.6,29.0,0.365,30.8,58.2,0.53,20.6,25.5,0.806,10.9,30.0,40.9,28.6,9.9,5.6,15.8,21.6,114.0,0.446,12.3,0.73,0.242,0.25,0.13,0.108,0.27,0.49,0.668,0.443,0.337,0.383,0.326,0.614,0.772,0.149,0.333,0.475,13.0,0.668,0.232,0.236,0.106,0.093,0.332,0.53,0.705,0.468,0.4,0.397,0.365,0.62,0.898,0.197,0.357,26.8,-7.93,0.75,-7.18,104.2,114.0,-9.8,80.1,0.263,0.27,0.531,0.49,15.8,30.2,0.206,0.536,13.8,73.4,0.236
DAL,2024,1.0,IND,93,100,1.0,9.0,0.0,0.0,0.0,1.0,0.0,0.0,0.0,2.0,1.0,0.0,2.0,1.0,0.0,1.0,1.0,0.0,1.0,0.0,0.0,0.0,1.0,0.0,1.0,1.0,1.0,2.0,2.0,31.7,71.0,0.446,6.3,19.2,0.326,25.4,51.9,0.49,14.7,18.7,0.786,10.5,24.3,34.8,20.4,7.1,4.0,14.8,18.5,84.2,33.5,70.5,0.475,8.6,23.4,0.365,24.9,47.1,0.53,16.6,20.6,0.806,8.8,24.3,33.0,23.1,8.0,4.6,12.8,17.5,92.1,39.2,87.9,0.446,7.7,23.7,0.326,31.4,64.2,0.49,18.1,23.1,0.786,13.0,30.0,43.0,25.3,8.8,4.9,18.3,22.9,104.2,41.4,87.2,0.475,10.6,29.0,0.365,30.8,58.2,0.53,20.6,25.5,0.806,10.9,30.0,40.9,28.6,9.9,5.6,15.8,21.6,114.0,0.446,12.3,0.73,0.242,0.25,0.13,0.108,0.27,0.49,0.668,0.443,0.337,0.383,0.326,0.614,0.772,0.149,0.333,0.475,13.0,0.668,0.232,0.236,0.106,0.093,0.332,0.53,0.705,0.468,0.4,0.397,0.365,0.62,0.898,0.197,0.357,26.8,-7.93,0.75,-7.18,104.2,114.0,-9.8,80.1,0.263,0.27,0.531,0.49,15.8,30.2,0.206,0.536,13.8,73.4,0.236
DAL,2024,1.0,WAS,86,90,3.0,9.0,0.0,0.0,0.0,1.0,0.0,0.0,0.0,2.0,1.0,0.0,2.0,1.0,0.0,1.0,1.0,0.0,1.0,0.0,0.0,0.0,1.0,0.0,1.0,1.0,1.0,2.0,2.0,31.7,71.0,0.446,6.3,19.2,0.326,25.4,51.9,0.49,14.7,18.7,0.786,10.5,24.3,34.8,20.4,7.1,4.0,14.8,18.5,84.2,33.5,70.5,0.475,8.6,23.4,0.365,24.9,47.1,0.53,16.6,20.6,0.806,8.8,24.3,33.0,23.1,8.0,4.6,12.8,17.5,92.1,39.2,87.9,0.446,7.7,23.7,0.326,31.4,64.2,0.49,18.1,23.1,0.786,13.0,30.0,43.0,25.3,8.8,4.9,18.3,22.9,104.2,41.4,87.2,0.475,10.6,29.0,0.365,30.8,58.2,0.53,20.6,25.5,0.806,10.9,30.0,40.9,28.6,9.9,5.6,15.8,21.6,114.0,0.446,12.3,0.73,0.242,0.25,0.13,0.108,0.27,0.49,0.668,0.443,0.337,0.383,0.326,0.614,0.772,0.149,0.333,0.475,13.0,0.668,0.232,0.236,0.106,0.093,0.332,0.53,0.705,0.468,0.4,0.397,0.365,0.62,0.898,0.197,0.357,26.8,-7.93,0.75,-7.18,104.2,114.0,-9.8,80.1,0.263,0.27,0.531,0.49,15.8,30.2,0.206,0.536,13.8,73.4,0.236
DAL,2024,0.0,ATL,96,107,6.0,9.0,0.0,0.0,0.0,1.0,0.0,0.0,0.0,2.0,1.0,0.0,2.0,1.0,0.0,1.0,1.0,0.0,1.0,0.0,0.0,0.0,1.0,1.0,1.0,1.0,1.0,2.0,2.0,31.7,71.0,0.446,6.3,19.2,0.326,25.4,51.9,0.49,14.7,18.7,0.786,10.5,24.3,34.8,20.4,7.1,4.0,14.8,18.5,84.2,33.5,70.5,0.475,8.6,23.4,0.365,24.9,47.1,0.53,16.6,20.6,0.806,8.8,24.3,33.0,23.1,8.0,4.6,12.8,17.5,92.1,39.2,87.9,0.446,7.7,23.7,0.326,31.4,64.2,0.49,18.1,23.1,0.786,13.0,30.0,43.0,25.3,8.8,4.9,18.3,22.9,104.2,41.4,87.2,0.475,10.6,29.0,0.365,30.8,58.2,0.53,20.6,25.5,0.806,10.9,30.0,40.9,28.6,9.9,5.6,15.8,21.6,114.0,0.446,12.3,0.73,0.242,0.25,0.13,0.108,0.27,0.49,0.668,0.443,0.337,0.383,0.326,0.614,0.772,0.149,0.333,0.475,13.0,0.668,0.232,0.236,0.106,0.093,0.332,0.53,0.705,0.468,0.4,0.397,0.365,0.62,0.898,0.197,0.357,26.8,-7.93,0.75,-7.18,104.2,114.0,-9.8,80.1,0.263,0.27,0.531,0.49,15.8,30.2,0.206,0.536,13.8,73.4,0.236
DAL,2024,0.0,CHI,77,92,8.0,9.0,0.0,0.0,0.0,1.0,0.0,0.0,0.0,2.0,1.0,0.0,2.0,1.0,0.0,1.0,1.0,0.0,1.0,0.0,0.0,0.0,1.0,1.0,1.0,1.0,1.0,2.0,2.0,31.7,71.0,0.446,6.3,19.2,0.326,25.4,51.9,0.49,14.7,18.7,0.786,10.5,24.3,34.8,20.4,7.1,4.0,14.8,18.5,84.2,33.5,70.5,0.475,8.6,23.4,0.365,24.9,47.1,0.53,16.6,20.6,0.806,8.8,24.3,33.0,23.1,8.0,4.6,12.8,17.5,92.1,39.2,87.9,0.446,7.7,23.7,0.326,31.4,64.2,0.49,18.1,23.1,0.786,13.0,30.0,43.0,25.3,8.8,4.9,18.3,22.9,104.2,41.4,87.2,0.475,10.6,29.0,0.365,30.8,58.2,0.53,20.6,25.5,0.806,10.9,30.0,40.9,28.6,9.9,5.6,15.8,21.6,114.0,0.446,12.3,0.73,0.242,0.25,0.13,0.108,0.27,0.49,0.668,0.443,0.337,0.383,0.326,0.614,0.772,0.149,0.333,0.475,13.0,0.668,0.232,0.236,0.106,0.093,0.332,0.53,0.705,0.468,0.4,0.397,0.365,0.62,0.898,0.197,0.357,26.8,-7.93,0.75,-7.18,104.2,114.0,-9.8,80.1,0.263,0.27,0.531,0.49,15.8,30.2,0.206,0.536,13.8,73.4,0.236
DAL,2024,1.0,NYL,91,105,10.0,9.0,0.0,0.0,0.0,1.0,0.0,0.0,0.0,2.0,1.0,0.0,2.0,1.0,0.0,1.0,1.0,0.0,1.0,0.0,0.0,0.0,1.0,1.0,1.0,1.0,1.0,2.0,2.0,31.7,71.0,0.446,6.3,19.2,0.326,25.4,51.9,0.49,14.7,18.7,0.786,10.5,24.3,34.8,20.4,7.1,4.0,14.8,18.5,84.2,33.5,70.5,0.475,8.6,23.4,0.365,24.9,47.1,0.53,16.6,20.6,0.806,8.8,24.3,33.0,23.1,8.0,4.6,12.8,17.5,92.1,39.2,87.9,0.446,7.7,23.7,0.326,31.4,64.2,0.49,18.1,23.1,0.786,13.0,30.0,43.0,25.3,8.8,4.9,18.3,22.9,104.2,41.4,87.2,0.475,10.6,29.0,0.365,30.8,58.2,0.53,20.6,25.5,0.806,10.9,30.0,40.9,28.6,9.9,5.6,15.8,21.6,114.0,0.446,12.3,0.73,0.242,0.25,0.13,0.108,0.27,0.49,0.668,0.443,0.337,0.383,0.326,0.614,0.772,0.149,0.333,0.475,13.0,0.668,0.232,0.236,0.106,0.093,0.332,0.53,0.705,0.468,0.4,0.397,0.365,0.62,0.898,0.197,0.357,26.8,-7.93,0.75,-7.18,104.2,114.0,-9.8,80.1,0.263,0.27,0.531,0.49,15.8,30.2,0.206,0.536,13.8,73.4,0.236
DAL,2024,1.0,NYL,67,99,12.0,9.0,0.0,0.0,0.0,1.0,0.0,0.0,0.0,2.0,1.0,0.0,2.0,1.0,0.0,1.0,1.0,0.0,1.0,0.0,0.0,0.0,1.0,1.0,1.0,1.0,1.0,2.0,2.0,31.7,71.0,0.446,6.3,19.2,0.326,25.4,51.9,0.49,14.7,18.7,0.786,10.5,24.3,34.8,20.4,7.1,4.0,14.8,18.5,84.2,33.5,70.5,0.475,8.6,23.4,0.365,24.9,47.1,0.53,16.6,20.6,0.806,8.8,24.3,33.0,23.1,8.0,4.6,12.8,17.5,92.1,39.2,87.9,0.446,7.7,23.7,0.326,31.4,64.2,0.49,18.1,23.1,0.786,13.0,30.0,43.0,25.3,8.8,4.9,18.3,22.9,104.2,41.4,87.2,0.475,10.6,29.0,0.365,30.8,58.2,0.53,20.6,25.5,0.806,10.9,30.0,40.9,28.6,9.9,5.6,15.8,21.6,114.0,0.446,12.3,0.73,0.242,0.25,0.13,0.108,0.27,0.49,0.668,0.443,0.337,0.383,0.326,0.614,0.772,0.149,0.333,0.475,13.0,0.668,0.232,0.236,0.106,0.093,0.332,0.53,0.705,0.468,0.4,0.397,0.365,0.62,0.898,0.197,0.357,26.8,-7.93,0.75,-7.18,104.2,114.0,-9.8,80.1,0.263,0.27,0.531,0.49,15.8,30.2,0.206,0.536,13.8,73.4,0.236
DAL,2024,1.0,SEA,81,83,13.0,9.0,0.0,0.0,0.0,1.0,0.0,0.0,0.0,2.0,1.0,0.0,1.0,1.0,0.0,1.0,1.0,0.0,1.0,0.0,0.0,0.0,0.0,1.0,1.0,1.0,1.0,1.0,1.0,31.7,71.0,0.446,6.3,19.2,0.326,25.4,51.9,0.49,14.7,18.7,0.786,10.5,24.3,34.8,20.4,7.1,4.0,14.8,18.5,84.2,33.5,70.5,0.475,8.6,23.4,0.365,24.9,47.1,0.53,16.6,20.6,0.806,8.8,24.3,33.0,23.1,8.0,4.6,12.8,17.5,92.1,39.2,87.9,0.446,7.7,23.7,0.326,31.4,64.2,0.49,18.1,23.1,0.786,13.0,30.0,43.0,25.3,8.8,4.9,18.3,22.9,104.2,41.4,87.2,0.475,10.6,29.0,0.365,30.8,58.2,0.53,20.6,25.5,0.806,10.9,30.0,40.9,28.6,9.9,5.6,15.8,21.6,114.0,0.446,12.3,0.73,0.242,0.25,0.13,0.108,0.27,0.49,0.668,0.443,0.337,0.383,0.326,0.614,0.772,0.149,0.333,0.475,13.0,0.668,0.232,0.236,0.106,0.093,0.332,0.53,0.705,0.468,0.4,0.397,0.365,0.62,0.898,0.197,0.357,26.8,-7.93,0.75,-7.18,104.2,114.0,-9.8,80.1,0.263,0.27,0.531,0.49,15.8,30.2,0.206,0.536,13.8,73.4,0.236
DAL,2024,0.0,IND,109,110,15.0,9.0,0.0,0.0,0.0,1.0,0.0,0.0,0.0,2.0,1.0,0.0,2.0,1.0,0.0,1.0,1.0,0.0,1.0,0.0,0.0,0.0,1.0,1.0,1.0,1.0,1.0,2.0,2.0,31.7,71.0,0.446,6.3,19.2,0.326,25.4,51.9,0.49,14.7,18.7,0.786,10.5,24.3,34.8,20.4,7.1,4.0,14.8,18.5,84.2,33.5,70.5,0.475,8.6,23.4,0.365,24.9,47.1,0.53,16.6,20.6,0.806,8.8,24.3,33.0,23.1,8.0,4.6,12.8,17.5,92.1,39.2,87.9,0.446,7.7,23.7,0.326,31.4,64.2,0.49,18.1,23.1,0.786,13.0,30.0,43.0,25.3,8.8,4.9,18.3,22.9,104.2,41.4,87.2,0.475,10.6,29.0,0.365,30.8,58.2,0.53,20.6,25.5,0.806,10.9,30.0,40.9,28.6,9.9,5.6,15.8,21.6,114.0,0.446,12.3,0.73,0.242,0.25,0.13,0.108,0.27,0.49,0.668,0.443,0.337,0.383,0.326,0.614,0.772,0.149,0.333,0.475,13.0,0.668,0.232,0.236,0.106,0.093,0.332,0.53,0.705,0.468,0.4,0.397,0.365,0.62,0.898,0.197,0.357,26.8,-7.93,0.75,-7.18,104.2,114.0,-9.8,80.1,0.263,0.27,0.531,0.49,15.8,30.2,0.206,0.536,13.8,73.4,0.236
DAL,2024,0.0,LVA,84,98,19.0,9.0,0.0,0.0,0.0,1.0,0.0,0.0,0.0,1.0,0.0,0.0,1.0,0.0,0.0,0.0,1.0,0.0,0.0,0.0,0.0,0.0,1.0,1.0,0.0,0.0,0.0,1.0,1.0,31.7,71.0,0.446,6.3,19.2,0.326,25.4,51.9,0.49,14.7,18.7,0.786,10.5,24.3,34.8,20.4,7.1,4.0,14.8,18.5,84.2,33.5,70.5,0.475,8.6,23.4,0.365,24.9,47.1,0.53,16.6,20.6,0.806,8.8,24.3,33.0,23.1,8.0,4.6,12.8,17.5,92.1,39.2,87.9,0.446,7.7,23.7,0.326,31.4,64.2,0.49,18.1,23.1,0.786,13.0,30.0,43.0,25.3,8.8,4.9,18.3,22.9,104.2,41.4,87.2,0.475,10.6,29.0,0.365,30.8,58.2,0.53,20.6,25.5,0.806,10.9,30.0,40.9,28.6,9.9,5.6,15.8,21.6,114.0,0.446,12.3,0.73,0.242,0.25,0.13,0.108,0.27,0.49,0.668,0.443,0.337,0.383,0.326,0.614,0.772,0.149,0.333,0.475,13.0,0.668,0.232,0.236,0.106,0.093,0.332,0.53,0.705,0.468,0.4,0.397,0.365,0.62,0.898,0.197,0.357,26.8,-7.93,0.75,-7.18,104.2,114.0,-9.8,80.1,0.263,0.27,0.531,0.49,15.8,30.2,0.206,0.536,13.8,73.4,0.236
IND,2024,0.0,CON,71,92,14.0,5.0,0.0,1.0,0.0,0.0,0.0,0.0,0.0,2.0,1.0,1.0,0.0,1.0,1.0,1.0,1.0,1.0,0.0,1.0,0.0,0.0,1.0,1.0,0.0,2.0,2.0,1.0,1.0,31.3,68.5,0.456,9.2,25.9,0.356,22.1,42.7,0.517,13.3,17.1,0.775,8.3,26.8,35.1,20.4,5.9,4.3,14.2,18.2,85.0,31.2,70.6,0.441,9.2,25.5,0.361,21.9,45.1,0.487,16.1,20.1,0.803,8.2,25.4,33.6,21.4,7.7,3.8,11.6,17.2,87.7,39.0,85.6,0.456,11.5,32.3,0.356,27.5,53.3,0.517,16.6,21.4,0.775,10.3,33.4,43.8,25.5,7.3,5.4,17.7,22.7,106.1,38.9,88.1,0.441,11.5,31.9,0.361,27.4,56.3,0.487,20.1,25.1,0.803,10.2,31.7,41.9,26.8,9.6,4.7,14.5,21.4,109.5,0.456,13.6,0.623,0.28,0.189,0.073,0.081,0.377,0.517,0.622,0.478,0.375,0.372,0.356,0.602,0.774,0.182,0.372,0.441,14.0,0.638,0.228,0.209,0.112,0.09,0.362,0.487,0.608,0.448,0.375,0.408,0.361,0.603,0.889,0.193,0.396,25.5,-2.68,0.49,-2.19,106.1,109.5,-3.4,79.8,0.25,0.377,0.559,0.523,15.7,24.6,0.194,0.507,12.8,76.7,0.228
IND,2024,1.0,NYL,66,102,16.0,5.0,0.0,1.0,0.0,0.0,0.0,0.0,0.0,2.0,1.0,1.0,0.0,1.0,1.0,1.0,1.0,1.0,0.0,1.0,0.0,0.0,1.0,2.0,0.0,2.0,2.0,1.0,1.0,31.3,68.5,0.456,9.2,25.9,0.356,22.1,42.7,0.517,13.3,17.1,0.775,8.3,26.8,35.1,20.4,5.9,4.3,14.2,18.2,85.0,31.2,70.6,0.441,9.2,25.5,0.361,21.9,45.1,0.487,16.1,20.1,0.803,8.2,25.4,33.6,21.4,7.7,3.8,11.6,17.2,87.7,39.0,85.6,0.456,11.5,32.3,0.356,27.5,53.3,0.517,16.6,21.4,0.775,10.3,33.4,43.8,25.5,7.3,5.4,17.7,22.7,106.1,38.9,88.1,0.441,11.5,31.9,0.361,27.4,56.3,0.487,20.1,25.1,0.803,10.2,31.7,41.9,26.8,9.6,4.7,14.5,21.4,109.5,0.456,13.6,0.623,0.28,0.189,0.073,0.081,0.377,0.517,0.622,0.478,0.375,0.372,0.356,0.602,0.774,0.182,0.372,0.441,14.0,0.638,0.228,0.209,0.112,0.09,0.362,0.487,0.608,0.448,0.375,0.408,0.361,0.603,0.889,0.193,0.396,25.5,-2.68,0.49,-2.19,106.1,109.5,-3.4,79.8,0.25,0.377,0.559,0.523,15.7,24.6,0.194,0.507,12.8,76.7,0.228
IND,2024,0.0,NYL,80,91,18.0,5.0,0.0,1.0,0.0,0.0,0.0,0.0,0.0,2.0,1.0,1.0,0.0,1.0,1.0,1.0,1.0,1.0,0.0,1.0,0.0,0.0,1.0,0.0,0.0,2.0,2.0,1.0,1.0,31.3,68.5,0.456,9.2,25.9,0.356,22.1,42.7,0.517,13.3,17.1,0.775,8.3,26.8,35.1,20.4,5.9,4.3,14.2,18.2,85.0,31.2,70.6,0.441,9.2,25.5,0.361,21.9,45.1,0.487,16.1,20.1,0.803,8.2,25.4,33.6,21.4,7.7,3.8,11.6,17.2,87.7,39.0,85.6,0.456,11.5,32.3,0.356,27.5,53.3,0.517,16.6,21.4,0.775,10.3,33.4,43.8,25.5,7.3,5.4,17.7,22.7,106.1,38.9,88.1,0.441,11.5,31.9,0.361,27.4,56.3,0.487,20.1,25.1,0.803,10.2,31.7,41.9,26.8,9.6,4.7,14.5,21.4,109.5,0.456,13.6,0.623,0.28,0.189,0.073,0.081,0.377,0.517,0.622,0.478,0.375,0.372,0.356,0.602,0.774,0.182,0.372,0.441,14.0,0.638,0.228,0.209,0.112,0.09,0.362,0.487,0.608,0.448,0.375,0.408,0.361,0.603,0.889,0.193,0.396,25.5,-2.68,0.49,-2.19,106.1,109.5,-3.4,79.8,0.25,0.377,0.559,0.523,15.7,24.6,0.194,0.507,12.8,76.7,0.228
IND,2024,1.0,CON,84,88,20.0,5.0,0.0,1.0,0.0,0.0,0.0,0.0,0.0,2.0,1.0,1.0,0.0,1.0,1.0,1.0,1.0,1.0,0.0,1.0,0.0,0.0,1.0,0.0,0.0,2.0,2.0,1.0,1.0,31.3,68.5,0.456,9.2,25.9,0.356,22.1,42.7,0.517,13.3,17.1,0.775,8.3,26.8,35.1,20.4,5.9,4.3,14.2,18.2,85.0,31.2,70.6,0.441,9.2,25.5,0.361,21.9,45.1,0.487,16.1,20.1,0.803,8.2,25.4,33.6,21.4,7.7,3.8,11.6,17.2,87.7,39.0,85.6,0.456,11.5,32.3,0.356,27.5,53.3,0.517,16.6,21.4,0.775,10.3,33.4,43.8,25.5,7.3,5.4,17.7,22.7,106.1,38.9,88.1,0.441,11.5,31.9,0.361,27.4,56.3,0.487,20.1,25.1,0.803,10.2,31.7,41.9,26.8,9.6,4.7,14.5,21.4,109.5,0.456,13.6,0.623,0.28,0.189,0.073,0.081,0.377,0.517,0.622,0.478,0.375,0.372,0.356,0.602,0.774,0.182,0.372,0.441,14.0,0.638,0.228,0.209,0.112,0.09,0.362,0.487,0.608,0.448,0.375,0.408,0.361,0.603,0.889,0.193,0.396,25.5,-2.68,0.49,-2.19,106.1,109.5,-3.4,79.8,0.25,0.377,0.559,0.523,15.7,24.6,0.194,0.507,12.8,76.7,0.228
IND,2024,0.0,SEA,83,85,22.0,5.0,0.0,1.0,0.0,0.0,0.0,0.0,0.0,2.0,1.0,1.0,0.0,1.0,1.0,1.0,1.0,1.0,0.0,1.0,0.0,0.0,1.0,0.0,0.0,2.0,2.0,1.0,1.0,31.3,68.5,0.456,9.2,25.9,0.356,22.1,42.7,0.517,13.3,17.1,0.775,8.3,26.8,35.1,20.4,5.9,4.3,14.2,18.2,85.0,31.2,70.6,0.441,9.2,25.5,0.361,21.9,45.1,0.487,16.1,20.1,0.803,8.2,25.4,33.6,21.4,7.7,3.8,11.6,17.2,87.7,39.0,85.6,0.456,11.5,32.3,0.356,27.5,53.3,0.517,16.6,21.4,0.775,10.3,33.4,43.8,25.5,7.3,5.4,17.7,22.7,106.1,38.9,88.1,0.441,11.5,31.9,0.361,27.4,56.3,0.487,20.1,25.1,0.803,10.2,31.7,41.9,26.8,9.6,4.7,14.5,21.4,109.5,0.456,13.6,0.623,0.28,0.189,0.073,0.081,0.377,0.517,0.622,0.478,0.375,0.372,0.356,0.602,0.774,0.182,0.372,0.441,14.0,0.638,0.228,0.209,0.112,0.09,0.362,0.487,0.608,0.448,0.375,0.408,0.361,0.603,0.889,0.193,0.396,25.5,-2.68,0.49,-2.19,106.1,109.5,-3.4,79.8,0.25,0.377,0.559,0.523,15.7,24.6,0.194,0.507,12.8,76.7,0.228
IND,2024,0.0,LAS,78,73,24.0,5.0,0.0,1.0,0.0,0.0,0.0,0.0,0.0,2.0,1.0,1.0,0.0,1.0,1.0,1.0,1.0,1.0,0.0,1.0,0.0,0.0,1.0,0.0,0.0,2.0,2.0,1.0,1.0,31.3,68.5,0.456,9.2,25.9,0.356,22.1,42.7,0.517,13.3,17.1,0.775,8.3,26.8,35.1,20.4,5.9,4.3,14.2,18.2,85.0,31.2,70.6,0.441,9.2,25.5,0.361,21.9,45.1,0.487,16.1,20.1,0.803,8.2,25.4,33.6,21.4,7.7,3.8,11.6,17.2,87.7,39.0,85.6,0.456,11.5,32.3,0.356,27.5,53.3,0.517,16.6,21.4,0.775,10.3,33.4,43.8,25.5,7.3,5.4,17.7,22.7,106.1,38.9,88.1,0.441,11.5,31.9,0.361,27.4,56.3,0.487,20.1,25.1,0.803,10.2,31.7,41.9,26.8,9.6,4.7,14.5,21.4,109.5,0.456,13.6,0.623,0.28,0.189,0.073,0.081,0.377,0.517,0.622,0.478,0.375,0.372,0.356,0.602,0.774,0.182,0.372,0.441,14.0,0.638,0.228,0.209,0.112,0.09,0.362,0.487,0.608,0.448,0.375,0.408,0.361,0.603,0.889,0.193,0.396,25.5,-2.68,0.49,-2.19,106.1,109.5,-3.4,79.8,0.25,0.377,0.559,0.523,15.7,24.6,0.194,0.507,12.8,76.7,0.228
IND,2024,0.0,LVA,80,99,25.0,5.0,0.0,1.0,0.0,0.0,0.0,0.0,1.0,2.0,1.0,1.0,0.0,1.0,1.0,1.0,1.0,1.0,0.0,1.0,0.0,0.0,1.0,2.0,0.0,2.0,2.0,1.0,1.0,31.3,68.5,0.456,9.2,25.9,0.356,22.1,42.7,0.517,13.3,17.1,0.775,8.3,26.8,35.1,20.4,5.9,4.3,14.2,18.2,85.0,31.2,70.6,0.441,9.2,25.5,0.361,21.9,45.1,0.487,16.1,20.1,0.803,8.2,25.4,33.6,21.4,7.7,3.8,11.6,17.2,87.7,39.0,85.6,0.456,11.5,32.3,0.356,27.5,53.3,0.517,16.6,21.4,0.775,10.3,33.4,43.8,25.5,7.3,5.4,17.7,22.7,106.1,38.9,88.1,0.441,11.5,31.9,0.361,27.4,56.3,0.487,20.1,25.1,0.803,10.2,31.7,41.9,26.8,9.6,4.7,14.5,21.4,109.5,0.456,13.6,0.623,0.28,0.189,0.073,0.081,0.377,0.517,0.622,0.478,0.375,0.372,0.356,0.602,0.774,0.182,0.372,0.441,14.0,0.638,0.228,0.209,0.112,0.09,0.362,0.487,0.608,0.448,0.375,0.408,0.361,0.603,0.889,0.193,0.396,25.5,-2.68,0.49,-2.19,106.1,109.5,-3.4,79.8,0.25,0.377,0.559,0.523,15.7,24.6,0.194,0.507,12.8,76.7,0.228
IND,2024,1.0,LAS,82,88,28.0,5.0,0.0,1.0,0.0,0.0,0.0,0.0,0.0,2.0,1.0,1.0,0.0,1.0,1.0,1.0,1.0,1.0,0.0,1.0,0.0,0.0,1.0,0.0,0.0,2.0,2.0,1.0,1.0,31.3,68.5,0.456,9.2,25.9,0.356,22.1,42.7,0.517,13.3,17.1,0.775,8.3,26.8,35.1,20.4,5.9,4.3,14.2,18.2,85.0,31.2,70.6,0.441,9.2,25.5,0.361,21.9,45.1,0.487,16.1,20.1,0.803,8.2,25.4,33.6,21.4,7.7,3.8,11.6,17.2,87.7,39.0,85.6,0.456,11.5,32.3,0.356,27.5,53.3,0.517,16.6,21.4,0.775,10.3,33.4,43.8,25.5,7.3,5.4,17.7,22.7,106.1,38.9,88.1,0.441,11.5,31.9,0.361,27.4,56.3,0.487,20.1,25.1,0.803,10.2,31.7,41.9,26.8,9.6,4.7,14.5,21.4,109.5,0.456,13.6,0.623,0.28,0.189,0.073,0.081,0.377,0.517,0.622,0.478,0.375,0.372,0.356,0.602,0.774,0.182,0.372,0.441,14.0,0.638,0.228,0.209,0.112,0.09,0.362,0.487,0.608,0.448,0.375,0.408,0.361,0.603,0.889,0.193,0.396,25.5,-2.68,0.49,-2.19,106.1,109.5,-3.4,79.8,0.25,0.377,0.559,0.523,15.7,24.6,0.194,0.507,12.8,76.7,0.228
IND,2024,1.0,SEA,88,103,30.0,5.0,0.0,1.0,0.0,0.0,0.0,0.0,1.0,2.0,1.0,1.0,0.0,1.0,1.0,1.0,2.0,1.0,0.0,1.0,0.0,0.0,1.0,2.0,0.0,2.0,2.0,1.0,1.0,31.3,68.5,0.456,9.2,25.9,0.356,22.1,42.7,0.517,13.3,17.1,0.775,8.3,26.8,35.1,20.4,5.9,4.3,14.2,18.2,85.0,31.2,70.6,0.441,9.2,25.5,0.361,21.9,45.1,0.487,16.1,20.1,0.803,8.2,25.4,33.6,21.4,7.7,3.8,11.6,17.2,87.7,39.0,85.6,0.456,11.5,32.3,0.356,27.5,53.3,0.517,16.6,21.4,0.775,10.3,33.4,43.8,25.5,7.3,5.4,17.7,22.7,106.1,38.9,88.1,0.441,11.5,31.9,0.361,27.4,56.3,0.487,20.1,25.1,0.803,10.2,31.7,41.9,26.8,9.6,4.7,14.5,21.4,109.5,0.456,13.6,0.623,0.28,0.189,0.073,0.081,0.377,0.517,0.622,0.478,0.375,0.372,0.356,0.602,0.774,0.182,0.372,0.441,14.0,0.638,0.228,0.209,0.112,0.09,0.362,0.487,0.608,0.448,0.375,0.408,0.361,0.603,0.889,0.193,0.396,25.5,-2.68,0.49,-2.19,106.1,109.5,-3.4,79.8,0.25,0.377,0.559,0.523,15.7,24.6,0.194,0.507,12.8,76.7,0.228
IND,2024,1.0,CHI,71,70,1.0,6.0,0.0,1.0,0.0,0.0,0.0,0.0,0.0,2.0,1.0,1.0,0.0,1.0,1.0,1.0,1.0,1.0,0.0,1.0,0.0,0.0,1.0,1.0,0.0,2.0,2.0,1.0,1.0,31.3,68.5,0.456,9.2,25.9,0.356,22.1,42.7,0.517,13.3,17.1,0.775,8.3,26.8,35.1,20.4,5.9,4.3,14.2,18.2,85.0,31.2,70.6,0.441,9.2,25.5,0.361,21.9,45.1,0.487,16.1,20.1,0.803,8.2,25.4,33.6,21.4,7.7,3.8,11.6,17.2,87.7,39.0,85.6,0.456,11.5,32.3,0.356,27.5,53.3,0.517,16.6,21.4,0.775,10.3,33.4,43.8,25.5,7.3,5.4,17.7,22.7,106.1,38.9,88.1,0.441,11.5,31.9,0.361,27.4,56.3,0.487,20.1,25.1,0.803,10.2,31.7,41.9,26.8,9.6,4.7,14.5,21.4,109.5,0.456,13.6,0.623,0.28,0.189,0.073,0.081,0.377,0.517,0.622,0.478,0.375,0.372,0.356,0.602,0.774,0.182,0.372,0.441,14.0,0.638,0.228,0.209,0.112,0.09,0.362,0.487,0.608,0.448,0.375,0.408,0.361,0.603,0.889,0.193,0.396,25.5,-2.68,0.49,-2.19,106.1,109.5,-3.4,79.8,0.25,0.377,0.559,0.523,15.7,24.6,0.194,0.507,12.8,76.7,0.228
IND,2024,0.0,NYL,68,104,2.0,6.0,0.0,1.0,0.0,0.0,0.0,0.0,1.0,2.0,1.0,1.0,0.0,1.0,1.0,1.0,2.0,1.0,0.0,1.0,0.0,0.0,1.0,2.0,0.0,2.0,2.0,1.0,1.0,31.3,68.5,0.456,9.2,25.9,0.356,22.1,42.7,0.517,13.3,17.1,0.775,8.3,26.8,35.1,20.4,5.9,4.3,14.2,18.2,85.0,31.2,70.6,0.441,9.2,25.5,0.361,21.9,45.1,0.487,16.1,20.1,0.803,8.2,25.4,33.6,21.4,7.7,3.8,11.6,17.2,87.7,39.0,85.6,0.456,11.5,32.3,0.356,27.5,53.3,0.517,16.6,21.4,0.775,10.3,33.4,43.8,25.5,7.3,5.4,17.7,22.7,106.1,38.9,88.1,0.441,11.5,31.9,0.361,27.4,56.3,0.487,20.1,25.1,0.803,10.2,31.7,41.9,26.8,9.6,4.7,14.5,21.4,109.5,0.456,13.6,0.623,0.28,0.189,0.073,0.081,0.377,0.517,0.622,0.478,0.375,0.372,0.356,0.602,0.774,0.182,0.372,0.441,14.0,0.638,0.228,0.209,0.112,0.09,0.362,0.487,0.608,0.448,0.375,0.408,0.361,0.603,0.889,0.193,0.396,25.5,-2.68,0.49,-2.19,106.1,109.5,-3.4,79.8,0.25,0.377,0.559,0.523,15.7,24.6,0.194,0.507,12.8,76.7,0.228
IND,2024,0.0,WAS,85,83,7.0,6.0,0.0,1.0,0.0,0.0,0.0,0.0,0.0,2.0,1.0,1.0,0.0,1.0,1.0,1.0,1.0,1.0,0.0,1.0,0.0,0.0,1.0,0.0,0.0,2.0,2.0,1.0,1.0,31.3,68.5,0.456,9.2,25.9,0.356,22.1,42.7,0.517,13.3,17.1,0.775,8.3,26.8,35.1,20.4,5.9,4.3,14.2,18.2,85.0,31.2,70.6,0.441,9.2,25.5,0.361,21.9,45.1,0.487,16.1,20.1,0.803,8.2,25.4,33.6,21.4,7.7,3.8,11.6,17.2,87.7,39.0,85.6,0.456,11.5,32.3,0.356,27.5,53.3,0.517,16.6,21.4,0.775,10.3,33.4,43.8,25.5,7.3,5.4,17.7,22.7,106.1,38.9,88.1,0.441,11.5,31.9,0.361,27.4,56.3,0.487,20.1,25.1,0.803,10.2,31.7,41.9,26.8,9.6,4.7,14.5,21.4,109.5,0.456,13.6,0.623,0.28,0.189,0.073,0.081,0.377,0.517,0.622,0.478,0.375,0.372,0.356,0.602,0.774,0.182,0.372,0.441,14.0,0.638,0.228,0.209,0.112,0.09,0.362,0.487,0.608,0.448,0.375,0.408,0.361,0.603,0.889,0.193,0.396,25.5,-2.68,0.49,-2.19,106.1,109.5,-3.4,79.8,0.25,0.377,0.559,0.523,15.7,24.6,0.194,0.507,12.8,76.7,0.228
IND,2024,0.0,CON,72,89,10.0,6.0,0.0,1.0,0.0,0.0,0.0,0.0,1.0,2.0,1.0,1.0,0.0,1.0,1.0,1.0,2.0,1.0,0.0,1.0,0.0,0.0,1.0,2.0,0.0,2.0,2.0,1.0,1.0,31.3,68.5,0.456,9.2,25.9,0.356,22.1,42.7,0.517,13.3,17.1,0.775,8.3,26.8,35.1,20.4,5.9,4.3,14.2,18.2,85.0,31.2,70.6,0.441,9.2,25.5,0.361,21.9,45.1,0.487,16.1,20.1,0.803,8.2,25.4,33.6,21.4,7.7,3.8,11.6,17.2,87.7,39.0,85.6,0.456,11.5,32.3,0.356,27.5,53.3,0.517,16.6,21.4,0.775,10.3,33.4,43.8,25.5,7.3,5.4,17.7,22.7,106.1,38.9,88.1,0.441,11.5,31.9,0.361,27.4,56.3,0.487,20.1,25.1,0.803,10.2,31.7,41.9,26.8,9.6,4.7,14.5,21.4,109.5,0.456,13.6,0.623,0.28,0.189,0.073,0.081,0.377,0.517,0.622,0.478,0.375,0.372,0.356,0.602,0.774,0.182,0.372,0.441,14.0,0.638,0.228,0.209,0.112,0.09,0.362,0.487,0.608,0.448,0.375,0.408,0.361,0.603,0.889,0.193,0.396,25.5,-2.68,0.49,-2.19,106.1,109.5,-3.4,79.8,0.25,0.377,0.559,0.523,15.7,24.6,0.194,0.507,12.8,76.7,0.228
IND,2024,1.0,ATL,91,84,13.0,6.0,0.0,1.0,0.0,0.0,0.0,0.0,0.0,2.0,1.0,1.0,0.0,1.0,1.0,1.0,1.0,1.0,0.0,1.0,0.0,0.0,1.0,0.0,0.0,2.0,2.0,1.0,1.0,31.3,68.5,0.456,9.2,25.9,0.356,22.1,42.7,0.517,13.3,17.1,0.775,8.3,26.8,35.1,20.4,5.9,4.3,14.2,18.2,85.0,31.2,70.6,0.441,9.2,25.5,0.361,21.9,45.1,0.487,16.1,20.1,0.803,8.2,25.4,33.6,21.4,7.7,3.8,11.6,17.2,87.7,39.0,85.6,0.456,11.5,32.3,0.356,27.5,53.3,0.517,16.6,21.4,0.775,10.3,33.4,43.8,25.5,7.3,5.4,17.7,22.7,106.1,38.9,88.1,0.441,11.5,31.9,0.361,27.4,56.3,0.487,20.1,25.1,0.803,10.2,31.7,41.9,26.8,9.6,4.7,14.5,21.4,109.5,0.456,13.6,0.623,0.28,0.189,0.073,0.081,0.377,0.517,0.622,0.478,0.375,0.372,0.356,0.602,0.774,0.182,0.372,0.441,14.0,0.638,0.228,0.209,0.112,0.09,0.362,0.487,0.608,0.448,0.375,0.408,0.361,0.603,0.889,0.193,0.396,25.5,-2.68,0.49,-2.19,106.1,109.5,-3.4,79.8,0.25,0.377,0.559,0.523,15.7,24.6,0.194,0.507,12.8,76.7,0.228
IND,2024,1.0,CHI,91,83,16.0,6.0,0.0,1.0,0.0,0.0,0.0,0.0,0.0,2.0,1.0,1.0,0.0,1.0,1.0,1.0,1.0,1.0,0.0,1.0,0.0,0.0,1.0,0.0,0.0,2.0,2.0,1.0,1.0,31.3,68.5,0.456,9.2,25.9,0.356,22.1,42.7,0.517,13.3,17.1,0.775,8.3,26.8,35.1,20.4,5.9,4.3,14.2,18.2,85.0,31.2,70.6,0.441,9.2,25.5,0.361,21.9,45.1,0.487,16.1,20.1,0.803,8.2,25.4,33.6,21.4,7.7,3.8,11.6,17.2,87.7,39.0,85.6,0.456,11.5,32.3,0.356,27.5,53.3,0.517,16.6,21.4,0.775,10.3,33.4,43.8,25.5,7.3,5.4,17.7,22.7,106.1,38.9,88.1,0.441,11.5,31.9,0.361,27.4,56.3,0.487,20.1,25.1,0.803,10.2,31.7,41.9,26.8,9.6,4.7,14.5,21.4,109.5,0.456,13.6,0.623,0.28,0.189,0.073,0.081,0.377,0.517,0.622,0.478,0.375,0.372,0.356,0.602,0.774,0.182,0.372,0.441,14.0,0.638,0.228,0.209,0.112,0.09,0.362,0.487,0.608,0.448,0.375,0.408,0.361,0.603,0.889,0.193,0.396,25.5,-2.68,0.49,-2.19,106.1,109.5,-3.4,79.8,0.25,0.377,0.559,0.523,15.7,24.6,0.194,0.507,12.8,76.7,0.228
IND,2024,1.0,WAS,88,81,19.0,6.0,0.0,1.0,0.0,0.0,0.0,0.0,0.0,2.0,1.0,1.0,0.0,1.0,1.0,1.0,1.0,1.0,0.0,1.0,0.0,0.0,1.0,0.0,0.0,2.0,2.0,1.0,1.0,31.3,68.5,0.456,9.2,25.9,0.356,22.1,42.7,0.517,13.3,17.1,0.775,8.3,26.8,35.1,20.4,5.9,4.3,14.2,18.2,85.0,31.2,70.6,0.441,9.2,25.5,0.361,21.9,45.1,0.487,16.1,20.1,0.803,8.2,25.4,33.6,21.4,7.7,3.8,11.6,17.2,87.7,39.0,85.6,0.456,11.5,32.3,0.356,27.5,53.3,0.517,16.6,21.4,0.775,10.3,33.4,43.8,25.5,7.3,5.4,17.7,22.7,106.1,38.9,88.1,0.441,11.5,31.9,0.361,27.4,56.3,0.487,20.1,25.1,0.803,10.2,31.7,41.9,26.8,9.6,4.7,14.5,21.4,109.5,0.456,13.6,0.623,0.28,0.189,0.073,0.081,0.377,0.517,0.622,0.478,0.375,0.372,0.356,0.602,0.774,0.182,0.372,0.441,14.0,0.638,0.228,0.209,0.112,0.09,0.362,0.487,0.608,0.448,0.375,0.408,0.361,0.603,0.889,0.193,0.396,25.5,-2.68,0.49,-2.19,106.1,109.5,-3.4,79.8,0.25,0.377,0.559,0.523,15.7,24.6,0.194,0.507,12.8,76.7,0.228
IND,2024,0.0,ATL,91,79,21.0,6.0,0.0,1.0,0.0,0.0,0.0,0.0,1.0,2.0,1.0,1.0,0.0,1.0,1.0,1.0,2.0,1.0,0.0,1.0,0.0,0.0,1.0,2.0,0.0,2.0,2.0,1.0,1.0,31.3,68.5,0.456,9.2,25.9,0.356,22.1,42.7,0.517,13.3,17.1,0.775,8.3,26.8,35.1,20.4,5.9,4.3,14.2,18.2,85.0,31.2,70.6,0.441,9.2,25.5,0.361,21.9,45.1,0.487,16.1,20.1,0.803,8.2,25.4,33.6,21.4,7.7,3.8,11.6,17.2,87.7,39.0,85.6,0.456,11.5,32.3,0.356,27.5,53.3,0.517,16.6,21.4,0.775,10.3,33.4,43.8,25.5,7.3,5.4,17.7,22.7,106.1,38.9,88.1,0.441,11.5,31.9,0.361,27.4,56.3,0.487,20.1,25.1,0.803,10.2,31.7,41.9,26.8,9.6,4.7,14.5,21.4,109.5,0.456,13.6,0.623,0.28,0.189,0.073,0.081,0.377,0.517,0.622,0.478,0.375,0.372,0.356,0.602,0.774,0.182,0.372,0.441,14.0,0.638,0.228,0.209,0.112,0.09,0.362,0.487,0.608,0.448,0.375,0.408,0.361,0.603,0.889,0.193,0.396,25.5,-2.68,0.49,-2.19,106.1,109.5,-3.4,79.8,0.25,0.377,0.559,0.523,15.7,24.6,0.194,0.507,12.8,76.7,0.228
IND,2024,0.0,CHI,87,88,23.0,6.0,0.0,1.0,0.0,0.0,0.0,0.0,0.0,2.0,1.0,1.0,0.0,1.0,1.0,1.0,1.0,1.0,0.0,1.0,0.0,0.0,1.0,0.0,0.0,2.0,2.0,1.0,1.0,31.3,68.5,0.456,9.2,25.9,0.356,22.1,42.7,0.517,13.3,17.1,0.775,8.3,26.8,35.1,20.4,5.9,4.3,14.2,18.2,85.0,31.2,70.6,0.441,9.2,25.5,0.361,21.9,45.1,0.487,16.1,20.1,0.803,8.2,25.4,33.6,21.4,7.7,3.8,11.6,17.2,87.7,39.0,85.6,0.456,11.5,32.3,0.356,27.5,53.3,0.517,16.6,21.4,0.775,10.3,33.4,43.8,25.5,7.3,5.4,17.7,22.7,106.1,38.9,88.1,0.441,11.5,31.9,0.361,27.4,56.3,0.487,20.1,25.1,0.803,10.2,31.7,41.9,26.8,9.6,4.7,14.5,21.4,109.5,0.456,13.6,0.623,0.28,0.189,0.073,0.081,0.377,0.517,0.622,0.478,0.375,0.372,0.356,0.602,0.774,0.182,0.372,0.441,14.0,0.638,0.228,0.209,0.112,0.09,0.362,0.487,0.608,0.448,0.375,0.408,0.361,0.603,0.889,0.193,0.396,25.5,-2.68,0.49,-2.19,106.1,109.5,-3.4,79.8,0.25,0.377,0.559,0.523,15.7,24.6,0.194,0.507,12.8,76.7,0.228
IND,2024,0.0,SEA,77,89,27.0,6.0,0.0,1.0,0.0,0.0,0.0,0.0,0.0,2.0,1.0,1.0,0.0,1.0,1.0,1.0,1.0,1.0,0.0,1.0,0.0,0.0,1.0,0.0,0.0,2.0,2.0,1.0,1.0,31.3,68.5,0.456,9.2,25.9,0.356,22.1,42.7,0.517,13.3,17.1,0.775,8.3,26.8,35.1,20.4,5.9,4.3,14.2,18.2,85.0,31.2,70.6,0.441,9.2,25.5,0.361,21.9,45.1,0.487,16.1,20.1,0.803,8.2,25.4,33.6,21.4,7.7,3.8,11.6,17.2,87.7,39.0,85.6,0.456,11.5,32.3,0.356,27.5,53.3,0.517,16.6,21.4,0.775,10.3,33.4,43.8,25.5,7.3,5.4,17.7,22.7,106.1,38.9,88.1,0.441,11.5,31.9,0.361,27.4,56.3,0.487,20.1,25.1,0.803,10.2,31.7,41.9,26.8,9.6,4.7,14.5,21.4,109.5,0.456,13.6,0.623,0.28,0.189,0.073,0.081,0.377,0.517,0.622,0.478,0.375,0.372,0.356,0.602,0.774,0.182,0.372,0.441,14.0,0.638,0.228,0.209,0.112,0.09,0.362,0.487,0.608,0.448,0.375,0.408,0.361,0.603,0.889,0.193,0.396,25.5,-2.68,0.49,-2.19,106.1,109.5,-3.4,79.8,0.25,0.377,0.559,0.523,15.7,24.6,0.194,0.507,12.8,76.7,0.228
IND,2024,0.0,PHO,88,82,30.0,6.0,0.0,1.0,0.0,0.0,0.0,0.0,0.0,2.0,1.0,1.0,0.0,1.0,1.0,1.0,1.0,1.0,0.0,1.0,0.0,0.0,1.0,0.0,0.0,2.0,2.0,1.0,1.0,31.3,68.5,0.456,9.2,25.9,0.356,22.1,42.7,0.517,13.3,17.1,0.775,8.3,26.8,35.1,20.4,5.9,4.3,14.2,18.2,85.0,31.2,70.6,0.441,9.2,25.5,0.361,21.9,45.1,0.487,16.1,20.1,0.803,8.2,25.4,33.6,21.4,7.7,3.8,11.6,17.2,87.7,39.0,85.6,0.456,11.5,32.3,0.356,27.5,53.3,0.517,16.6,21.4,0.775,10.3,33.4,43.8,25.5,7.3,5.4,17.7,22.7,106.1,38.9,88.1,0.441,11.5,31.9,0.361,27.4,56.3,0.487,20.1,25.1,0.803,10.2,31.7,41.9,26.8,9.6,4.7,14.5,21.4,109.5,0.456,13.6,0.623,0.28,0.189,0.073,0.081,0.377,0.517,0.622,0.478,0.375,0.372,0.356,0.602,0.774,0.182,0.372,0.441,14.0,0.638,0.228,0.209,0.112,0.09,0.362,0.487,0.608,0.448,0.375,0.408,0.361,0.603,0.889,0.193,0.396,25.5,-2.68,0.49,-2.19,106.1,109.5,-3.4,79.8,0.25,0.377,0.559,0.523,15.7,24.6,0.194,0.507,12.8,76.7,0.228
IND,2024,0.0,LVA,69,88,2.0,7.0,0.0,1.0,0.0,0.0,0.0,0.0,0.0,2.0,1.0,1.0,0.0,1.0,1.0,1.0,1.0,1.0,0.0,1.0,0.0,0.0,1.0,0.0,0.0,2.0,2.0,1.0,1.0,31.3,68.5,0.456,9.2,25.9,0.356,22.1,42.7,0.517,13.3,17.1,0.775,8.3,26.8,35.1,20.4,5.9,4.3,14.2,18.2,85.0,31.2,70.6,0.441,9.2,25.5,0.361,21.9,45.1,0.487,16.1,20.1,0.803,8.2,25.4,33.6,21.4,7.7,3.8,11.6,17.2,87.7,39.0,85.6,0.456,11.5,32.3,0.356,27.5,53.3,0.517,16.6,21.4,0.775,10.3,33.4,43.8,25.5,7.3,5.4,17.7,22.7,106.1,38.9,88.1,0.441,11.5,31.9,0.361,27.4,56.3,0.487,20.1,25.1,0.803,10.2,31.7,41.9,26.8,9.6,4.7,14.5,21.4,109.5,0.456,13.6,0.623,0.28,0.189,0.073,0.081,0.377,0.517,0.622,0.478,0.375,0.372,0.356,0.602,0.774,0.182,0.372,0.441,14.0,0.638,0.228,0.209,0.112,0.09,0.362,0.487,0.608,0.448,0.375,0.408,0.361,0.603,0.889,0.193,0.396,25.5,-2.68,0.49,-2.19,106.1,109.5,-3.4,79.8,0.25,0.377,0.559,0.523,15.7,24.6,0.194,0.507,12.8,76.7,0.228
IND,2024,1.0,NYL,83,78,6.0,7.0,0.0,1.0,0.0,0.0,0.0,0.0,0.0,2.0,1.0,1.0,0.0,1.0,1.0,1.0,1.0,1.0,0.0,1.0,0.0,0.0,1.0,0.0,0.0,2.0,2.0,1.0,1.0,31.3,68.5,0.456,9.2,25.9,0.356,22.1,42.7,0.517,13.3,17.1,0.775,8.3,26.8,35.1,20.4,5.9,4.3,14.2,18.2,85.0,31.2,70.6,0.441,9.2,25.5,0.361,21.9,45.1,0.487,16.1,20.1,0.803,8.2,25.4,33.6,21.4,7.7,3.8,11.6,17.2,87.7,39.0,85.6,0.456,11.5,32.3,0.356,27.5,53.3,0.517,16.6,21.4,0.775,10.3,33.4,43.8,25.5,7.3,5.4,17.7,22.7,106.1,38.9,88.1,0.441,11.5,31.9,0.361,27.4,56.3,0.487,20.1,25.1,0.803,10.2,31.7,41.9,26.8,9.6,4.7,14.5,21.4,109.5,0.456,13.6,0.623,0.28,0.189,0.073,0.081,0.377,0.517,0.622,0.478,0.375,0.372,0.356,0.602,0.774,0.182,0.372,0.441,14.0,0.638,0.228,0.209,0.112,0.09,0.362,0.487,0.608,0.448,0.375,0.408,0.361,0.603,0.889,0.193,0.396,25.5,-2.68,0.49,-2.19,106.1,109.5,-3.4,79.8,0.25,0.377,0.559,0.523,15.7,24.6,0.194,0.507,12.8,76.7,0.228
IND,2024,1.0,WAS,84,89,10.0,7.0,0.0,1.0,0.0,0.0,0.0,0.0,0.0,2.0,1.0,1.0,0.0,1.0,1.0,1.0,1.0,1.0,0.0,1.0,0.0,0.0,1.0,0.0,0.0,2.0,2.0,1.0,1.0,31.3,68.5,0.456,9.2,25.9,0.356,22.1,42.7,0.517,13.3,17.1,0.775,8.3,26.8,35.1,20.4,5.9,4.3,14.2,18.2,85.0,31.2,70.6,0.441,9.2,25.5,0.361,21.9,45.1,0.487,16.1,20.1,0.803,8.2,25.4,33.6,21.4,7.7,3.8,11.6,17.2,87.7,39.0,85.6,0.456,11.5,32.3,0.356,27.5,53.3,0.517,16.6,21.4,0.775,10.3,33.4,43.8,25.5,7.3,5.4,17.7,22.7,106.1,38.9,88.1,0.441,11.5,31.9,0.361,27.4,56.3,0.487,20.1,25.1,0.803,10.2,31.7,41.9,26.8,9.6,4.7,14.5,21.4,109.5,0.456,13.6,0.623,0.28,0.189,0.073,0.081,0.377,0.517,0.622,0.478,0.375,0.372,0.356,0.602,0.774,0.182,0.372,0.441,14.0,0.638,0.228,0.209,0.112,0.09,0.362,0.487,0.608,0.448,0.375,0.408,0.361,0.603,0.889,0.193,0.396,25.5,-2.68,0.49,-2.19,106.1,109.5,-3.4,79.8,0.25,0.377,0.559,0.523,15.7,24.6,0.194,0.507,12.8,76.7,0.228
IND,2024,1.0,PHO,95,86,12.0,7.0,0.0,1.0,0.0,0.0,0.0,0.0,0.0,2.0,1.0,1.0,0.0,1.0,1.0,1.0,0.0,1.0,0.0,1.0,0.0,0.0,1.0,0.0,0.0,2.0,2.0,1.0,1.0,31.3,68.5,0.456,9.2,25.9,0.356,22.1,42.7,0.517,13.3,17.1,0.775,8.3,26.8,35.1,20.4,5.9,4.3,14.2,18.2,85.0,31.2,70.6,0.441,9.2,25.5,0.361,21.9,45.1,0.487,16.1,20.1,0.803,8.2,25.4,33.6,21.4,7.7,3.8,11.6,17.2,87.7,39.0,85.6,0.456,11.5,32.3,0.356,27.5,53.3,0.517,16.6,21.4,0.775,10.3,33.4,43.8,25.5,7.3,5.4,17.7,22.7,106.1,38.9,88.1,0.441,11.5,31.9,0.361,27.4,56.3,0.487,20.1,25.1,0.803,10.2,31.7,41.9,26.8,9.6,4.7,14.5,21.4,109.5,0.456,13.6,0.623,0.28,0.189,0.073,0.081,0.377,0.517,0.622,0.478,0.375,0.372,0.356,0.602,0.774,0.182,0.372,0.441,14.0,0.638,0.228,0.209,0.112,0.09,0.362,0.487,0.608,0.448,0.375,0.408,0.361,0.603,0.889,0.193,0.396,25.5,-2.68,0.49,-2.19,106.1,109.5,-3.4,79.8,0.25,0.377,0.559,0.523,15.7,24.6,0.194,0.507,12.8,76.7,0.228
IND,2024,0.0,MIN,81,74,14.0,7.0,0.0,1.0,0.0,0.0,0.0,0.0,0.0,2.0,1.0,1.0,0.0,1.0,1.0,1.0,0.0,1.0,0.0,1.0,0.0,0.0,1.0,0.0,0.0,2.0,2.0,1.0,1.0,31.3,68.5,0.456,9.2,25.9,0.356,22.1,42.7,0.517,13.3,17.1,0.775,8.3,26.8,35.1,20.4,5.9,4.3,14.2,18.2,85.0,31.2,70.6,0.441,9.2,25.5,0.361,21.9,45.1,0.487,16.1,20.1,0.803,8.2,25.4,33.6,21.4,7.7,3.8,11.6,17.2,87.7,39.0,85.6,0.456,11.5,32.3,0.356,27.5,53.3,0.517,16.6,21.4,0.775,10.3,33.4,43.8,25.5,7.3,5.4,17.7,22.7,106.1,38.9,88.1,0.441,11.5,31.9,0.361,27.4,56.3,0.487,20.1,25.1,0.803,10.2,31.7,41.9,26.8,9.6,4.7,14.5,21.4,109.5,0.456,13.6,0.623,0.28,0.189,0.073,0.081,0.377,0.517,0.622,0.478,0.375,0.372,0.356,0.602,0.774,0.182,0.372,0.441,14.0,0.638,0.228,0.209,0.112,0.09,0.362,0.487,0.608,0.448,0.375,0.408,0.361,0.603,0.889,0.193,0.396,25.5,-2.68,0.49,-2.19,106.1,109.5,-3.4,79.8,0.25,0.377,0.559,0.523,15.7,24.6,0.194,0.507,12.8,76.7,0.228
IND,2024,0.0,DAL,93,101,17.0,7.0,0.0,1.0,0.0,0.0,0.0,0.0,0.0,2.0,1.0,1.0,0.0,1.0,1.0,1.0,0.0,1.0,0.0,1.0,0.0,0.0,1.0,0.0,0.0,2.0,2.0,1.0,1.0,31.3,68.5,0.456,9.2,25.9,0.356,22.1,42.7,0.517,13.3,17.1,0.775,8.3,26.8,35.1,20.4,5.9,4.3,14.2,18.2,85.0,31.2,70.6,0.441,9.2,25.5,0.361,21.9,45.1,0.487,16.1,20.1,0.803,8.2,25.4,33.6,21.4,7.7,3.8,11.6,17.2,87.7,39.0,85.6,0.456,11.5,32.3,0.356,27.5,53.3,0.517,16.6,21.4,0.775,10.3,33.4,43.8,25.5,7.3,5.4,17.7,22.7,106.1,38.9,88.1,0.441,11.5,31.9,0.361,27.4,56.3,0.487,20.1,25.1,0.803,10.2,31.7,41.9,26.8,9.6,4.7,14.5,21.4,109.5,0.456,13.6,0.623,0.28,0.189,0.073,0.081,0.377,0.517,0.622,0.478,0.375,0.372,0.356,0.602,0.774,0.182,0.372,0.441,14.0,0.638,0.228,0.209,0.112,0.09,0.362,0.487,0.608,0.448,0.375,0.408,0.361,0.603,0.889,0.193,0.396,25.5,-2.68,0.49,-2.19,106.1,109.5,-3.4,79.8,0.25,0.377,0.559,0.523,15.7,24.6,0.194,0.507,12.8,76.7,0.228
IND,2024,1.0,PHO,98,89,16.0,8.0,0.0,1.0,0.0,0.0,0.0,0.0,0.0,2.0,1.0,1.0,0.0,1.0,1.0,1.0,0.0,1.0,0.0,1.0,0.0,0.0,1.0,0.0,0.0,2.0,2.0,1.0,1.0,31.3,68.5,0.456,9.2,25.9,0.356,22.1,42.7,0.517,13.3,17.1,0.775,8.3,26.8,35.1,20.4,5.9,4.3,14.2,18.2,85.0,31.2,70.6,0.441,9.2,25.5,0.361,21.9,45.1,0.487,16.1,20.1,0.803,8.2,25.4,33.6,21.4,7.7,3.8,11.6,17.2,87.7,39.0,85.6,0.456,11.5,32.3,0.356,27.5,53.3,0.517,16.6,21.4,0.775,10.3,33.4,43.8,25.5,7.3,5.4,17.7,22.7,106.1,38.9,88.1,0.441,11.5,31.9,0.361,27.4,56.3,0.487,20.1,25.1,0.803,10.2,31.7,41.9,26.8,9.6,4.7,14.5,21.4,109.5,0.456,13.6,0.623,0.28,0.189,0.073,0.081,0.377,0.517,0.622,0.478,0.375,0.372,0.356,0.602,0.774,0.182,0.372,0.441,14.0,0.638,0.228,0.209,0.112,0.09,0.362,0.487,0.608,0.448,0.375,0.408,0.361,0.603,0.889,0.193,0.396,25.5,-2.68,0.49,-2.19,106.1,109.5,-3.4,79.8,0.25,0.377,0.559,0.523,15.7,24.6,0.194,0.507,12.8,76.7,0.228
IND,2024,1.0,SEA,92,75,18.0,8.0,0.0,1.0,0.0,0.0,0.0,0.0,0.0,2.0,1.0,1.0,0.0,1.0,1.0,1.0,1.0,1.0,0.0,1.0,0.0,0.0,1.0,2.0,0.0,2.0,2.0,1.0,1.0,31.3,68.5,0.456,9.2,25.9,0.356,22.1,42.7,0.517,13.3,17.1,0.775,8.3,26.8,35.1,20.4,5.9,4.3,14.2,18.2,85.0,31.2,70.6,0.441,9.2,25.5,0.361,21.9,45.1,0.487,16.1,20.1,0.803,8.2,25.4,33.6,21.4,7.7,3.8,11.6,17.2,87.7,39.0,85.6,0.456,11.5,32.3,0.356,27.5,53.3,0.517,16.6,21.4,0.775,10.3,33.4,43.8,25.5,7.3,5.4,17.7,22.7,106.1,38.9,88.1,0.441,11.5,31.9,0.361,27.4,56.3,0.487,20.1,25.1,0.803,10.2,31.7,41.9,26.8,9.6,4.7,14.5,21.4,109.5,0.456,13.6,0.623,0.28,0.189,0.073,0.081,0.377,0.517,0.622,0.478,0.375,0.372,0.356,0.602,0.774,0.182,0.372,0.441,14.0,0.638,0.228,0.209,0.112,0.09,0.362,0.487,0.608,0.448,0.375,0.408,0.361,0.603,0.889,0.193,0.396,25.5,-2.68,0.49,-2.19,106.1,109.5,-3.4,79.8,0.25,0.377,0.559,0.523,15.7,24.6,0.194,0.507,12.8,76.7,0.228
IND,2024,0.0,MIN,80,90,24.0,8.0,0.0,1.0,0.0,0.0,0.0,0.0,0.0,2.0,1.0,1.0,0.0,1.0,1.0,1.0,0.0,1.0,0.0,1.0,0.0,0.0,1.0,0.0,0.0,2.0,2.0,1.0,1.0,31.3,68.5,0.456,9.2,25.9,0.356,22.1,42.7,0.517,13.3,17.1,0.775,8.3,26.8,35.1,20.4,5.9,4.3,14.2,18.2,85.0,31.2,70.6,0.441,9.2,25.5,0.361,21.9,45.1,0.487,16.1,20.1,0.803,8.2,25.4,33.6,21.4,7.7,3.8,11.6,17.2,87.7,39.0,85.6,0.456,11.5,32.3,0.356,27.5,53.3,0.517,16.6,21.4,0.775,10.3,33.4,43.8,25.5,7.3,5.4,17.7,22.7,106.1,38.9,88.1,0.441,11.5,31.9,0.361,27.4,56.3,0.487,20.1,25.1,0.803,10.2,31.7,41.9,26.8,9.6,4.7,14.5,21.4,109.5,0.456,13.6,0.623,0.28,0.189,0.073,0.081,0.377,0.517,0.622,0.478,0.375,0.372,0.356,0.602,0.774,0.182,0.372,0.441,14.0,0.638,0.228,0.209,0.112,0.09,0.362,0.487,0.608,0.448,0.375,0.408,0.361,0.603,0.889,0.193,0.396,25.5,-2.68,0.49,-2.19,106.1,109.5,-3.4,79.8,0.25,0.377,0.559,0.523,15.7,24.6,0.194,0.507,12.8,76.7,0.228
IND,2024,0.0,ATL,84,79,26.0,8.0,0.0,1.0,0.0,0.0,0.0,0.0,0.0,2.0,1.0,1.0,0.0,1.0,1.0,1.0,0.0,1.0,0.0,1.0,0.0,0.0,1.0,0.0,0.0,2.0,2.0,1.0,1.0,31.3,68.5,0.456,9.2,25.9,0.356,22.1,42.7,0.517,13.3,17.1,0.775,8.3,26.8,35.1,20.4,5.9,4.3,14.2,18.2,85.0,31.2,70.6,0.441,9.2,25.5,0.361,21.9,45.1,0.487,16.1,20.1,0.803,8.2,25.4,33.6,21.4,7.7,3.8,11.6,17.2,87.7,39.0,85.6,0.456,11.5,32.3,0.356,27.5,53.3,0.517,16.6,21.4,0.775,10.3,33.4,43.8,25.5,7.3,5.4,17.7,22.7,106.1,38.9,88.1,0.441,11.5,31.9,0.361,27.4,56.3,0.487,20.1,25.1,0.803,10.2,31.7,41.9,26.8,9.6,4.7,14.5,21.4,109.5,0.456,13.6,0.623,0.28,0.189,0.073,0.081,0.377,0.517,0.622,0.478,0.375,0.372,0.356,0.602,0.774,0.182,0.372,0.441,14.0,0.638,0.228,0.209,0.112,0.09,0.362,0.487,0.608,0.448,0.375,0.408,0.361,0.603,0.889,0.193,0.396,25.5,-2.68,0.49,-2.19,106.1,109.5,-3.4,79.8,0.25,0.377,0.559,0.523,15.7,24.6,0.194,0.507,12.8,76.7,0.228
IND,2024,1.0,CON,84,80,28.0,8.0,0.0,1.0,0.0,0.0,0.0,0.0,0.0,2.0,1.0,1.0,0.0,1.0,1.0,1.0,0.0,1.0,0.0,1.0,0.0,0.0,1.0,0.0,0.0,2.0,2.0,1.0,1.0,31.3,68.5,0.456,9.2,25.9,0.356,22.1,42.7,0.517,13.3,17.1,0.775,8.3,26.8,35.1,20.4,5.9,4.3,14.2,18.2,85.0,31.2,70.6,0.441,9.2,25.5,0.361,21.9,45.1,0.487,16.1,20.1,0.803,8.2,25.4,33.6,21.4,7.7,3.8,11.6,17.2,87.7,39.0,85.6,0.456,11.5,32.3,0.356,27.5,53.3,0.517,16.6,21.4,0.775,10.3,33.4,43.8,25.5,7.3,5.4,17.7,22.7,106.1,38.9,88.1,0.441,11.5,31.9,0.361,27.4,56.3,0.487,20.1,25.1,0.803,10.2,31.7,41.9,26.8,9.6,4.7,14.5,21.4,109.5,0.456,13.6,0.623,0.28,0.189,0.073,0.081,0.377,0.517,0.622,0.478,0.375,0.372,0.356,0.602,0.774,0.182,0.372,0.441,14.0,0.638,0.228,0.209,0.112,0.09,0.362,0.487,0.608,0.448,0.375,0.408,0.361,0.603,0.889,0.193,0.396,25.5,-2.68,0.49,-2.19,106.1,109.5,-3.4,79.8,0.25,0.377,0.559,0.523,15.7,24.6,0.194,0.507,12.8,76.7,0.228
IND,2024,0.0,CHI,100,81,30.0,8.0,0.0,1.0,0.0,0.0,0.0,0.0,0.0,2.0,1.0,1.0,0.0,1.0,1.0,1.0,1.0,1.0,0.0,1.0,0.0,0.0,1.0,2.0,0.0,2.0,2.0,1.0,1.0,31.3,68.5,0.456,9.2,25.9,0.356,22.1,42.7,0.517,13.3,17.1,0.775,8.3,26.8,35.1,20.4,5.9,4.3,14.2,18.2,85.0,31.2,70.6,0.441,9.2,25.5,0.361,21.9,45.1,0.487,16.1,20.1,0.803,8.2,25.4,33.6,21.4,7.7,3.8,11.6,17.2,87.7,39.0,85.6,0.456,11.5,32.3,0.356,27.5,53.3,0.517,16.6,21.4,0.775,10.3,33.4,43.8,25.5,7.3,5.4,17.7,22.7,106.1,38.9,88.1,0.441,11.5,31.9,0.361,27.4,56.3,0.487,20.1,25.1,0.803,10.2,31.7,41.9,26.8,9.6,4.7,14.5,21.4,109.5,0.456,13.6,0.623,0.28,0.189,0.073,0.081,0.377,0.517,0.622,0.478,0.375,0.372,0.356,0.602,0.774,0.182,0.372,0.441,14.0,0.638,0.228,0.209,0.112,0.09,0.362,0.487,0.608,0.448,0.375,0.408,0.361,0.603,0.889,0.193,0.396,25.5,-2.68,0.49,-2.19,106.1,109.5,-3.4,79.8,0.25,0.377,0.559,0.523,15.7,24.6,0.194,0.507,12.8,76.7,0.228
IND,2024,0.0,DAL,100,93,1.0,9.0,0.0,1.0,0.0,0.0,0.0,0.0,0.0,2.0,1.0,1.0,0.0,1.0,1.0,1.0,0.0,1.0,0.0,1.0,0.0,0.0,1.0,0.0,0.0,2.0,2.0,1.0,1.0,31.3,68.5,0.456,9.2,25.9,0.356,22.1,42.7,0.517,13.3,17.1,0.775,8.3,26.8,35.1,20.4,5.9,4.3,14.2,18.2,85.0,31.2,70.6,0.441,9.2,25.5,0.361,21.9,45.1,0.487,16.1,20.1,0.803,8.2,25.4,33.6,21.4,7.7,3.8,11.6,17.2,87.7,39.0,85.6,0.456,11.5,32.3,0.356,27.5,53.3,0.517,16.6,21.4,0.775,10.3,33.4,43.8,25.5,7.3,5.4,17.7,22.7,106.1,38.9,88.1,0.441,11.5,31.9,0.361,27.4,56.3,0.487,20.1,25.1,0.803,10.2,31.7,41.9,26.8,9.6,4.7,14.5,21.4,109.5,0.456,13.6,0.623,0.28,0.189,0.073,0.081,0.377,0.517,0.622,0.478,0.375,0.372,0.356,0.602,0.774,0.182,0.372,0.441,14.0,0.638,0.228,0.209,0.112,0.09,0.362,0.487,0.608,0.448,0.375,0.408,0.361,0.603,0.889,0.193,0.396,25.5,-2.68,0.49,-2.19,106.1,109.5,-3.4,79.8,0.25,0.377,0.559,0.523,15.7,24.6,0.194,0.507,12.8,76.7,0.228
IND,2024,1.0,LAS,93,86,4.0,9.0,0.0,1.0,0.0,0.0,0.0,0.0,0.0,2.0,1.0,1.0,0.0,1.0,1.0,1.0,0.0,1.0,0.0,1.0,0.0,0.0,1.0,0.0,0.0,2.0,2.0,1.0,1.0,31.3,68.5,0.456,9.2,25.9,0.356,22.1,42.7,0.517,13.3,17.1,0.775,8.3,26.8,35.1,20.4,5.9,4.3,14.2,18.2,85.0,31.2,70.6,0.441,9.2,25.5,0.361,21.9,45.1,0.487,16.1,20.1,0.803,8.2,25.4,33.6,21.4,7.7,3.8,11.6,17.2,87.7,39.0,85.6,0.456,11.5,32.3,0.356,27.5,53.3,0.517,16.6,21.4,0.775,10.3,33.4,43.8,25.5,7.3,5.4,17.7,22.7,106.1,38.9,88.1,0.441,11.5,31.9,0.361,27.4,56.3,0.487,20.1,25.1,0.803,10.2,31.7,41.9,26.8,9.6,4.7,14.5,21.4,109.5,0.456,13.6,0.623,0.28,0.189,0.073,0.081,0.377,0.517,0.622,0.478,0.375,0.372,0.356,0.602,0.774,0.182,0.372,0.441,14.0,0.638,0.228,0.209,0.112,0.09,0.362,0.487,0.608,0.448,0.375,0.408,0.361,0.603,0.889,0.193,0.396,25.5,-2.68,0.49,-2.19,106.1,109.5,-3.4,79.8,0.25,0.377,0.559,0.523,15.7,24.6,0.194,0.507,12.8,76.7,0.228
IND,2024,1.0,MIN,88,99,6.0,9.0,0.0,1.0,0.0,0.0,0.0,0.0,0.0,2.0,1.0,1.0,0.0,1.0,1.0,1.0,0.0,1.0,0.0,1.0,0.0,0.0,1.0,0.0,0.0,2.0,2.0,1.0,1.0,31.3,68.5,0.456,9.2,25.9,0.356,22.1,42.7,0.517,13.3,17.1,0.775,8.3,26.8,35.1,20.4,5.9,4.3,14.2,18.2,85.0,31.2,70.6,0.441,9.2,25.5,0.361,21.9,45.1,0.487,16.1,20.1,0.803,8.2,25.4,33.6,21.4,7.7,3.8,11.6,17.2,87.7,39.0,85.6,0.456,11.5,32.3,0.356,27.5,53.3,0.517,16.6,21.4,0.775,10.3,33.4,43.8,25.5,7.3,5.4,17.7,22.7,106.1,38.9,88.1,0.441,11.5,31.9,0.361,27.4,56.3,0.487,20.1,25.1,0.803,10.2,31.7,41.9,26.8,9.6,4.7,14.5,21.4,109.5,0.456,13.6,0.623,0.28,0.189,0.073,0.081,0.377,0.517,0.622,0.478,0.375,0.372,0.356,0.602,0.774,0.182,0.372,0.441,14.0,0.638,0.228,0.209,0.112,0.09,0.362,0.487,0.608,0.448,0.375,0.408,0.361,0.603,0.889,0.193,0.396,25.5,-2.68,0.49,-2.19,106.1,109.5,-3.4,79.8,0.25,0.377,0.559,0.523,15.7,24.6,0.194,0.507,12.8,76.7,0.228
IND,2024,1.0,ATL,104,100,8.0,9.0,0.0,1.0,0.0,0.0,0.0,0.0,0.0,2.0,1.0,1.0,0.0,1.0,1.0,1.0,0.0,1.0,0.0,1.0,0.0,0.0,1.0,0.0,0.0,2.0,2.0,1.0,1.0,31.3,68.5,0.456,9.2,25.9,0.356,22.1,42.7,0.517,13.3,17.1,0.775,8.3,26.8,35.1,20.4,5.9,4.3,14.2,18.2,85.0,31.2,70.6,0.441,9.2,25.5,0.361,21.9,45.1,0.487,16.1,20.1,0.803,8.2,25.4,33.6,21.4,7.7,3.8,11.6,17.2,87.7,39.0,85.6,0.456,11.5,32.3,0.356,27.5,53.3,0.517,16.6,21.4,0.775,10.3,33.4,43.8,25.5,7.3,5.4,17.7,22.7,106.1,38.9,88.1,0.441,11.5,31.9,0.361,27.4,56.3,0.487,20.1,25.1,0.803,10.2,31.7,41.9,26.8,9.6,4.7,14.5,21.4,109.5,0.456,13.6,0.623,0.28,0.189,0.073,0.081,0.377,0.517,0.622,0.478,0.375,0.372,0.356,0.602,0.774,0.182,0.372,0.441,14.0,0.638,0.228,0.209,0.112,0.09,0.362,0.487,0.608,0.448,0.375,0.408,0.361,0.603,0.889,0.193,0.396,25.5,-2.68,0.49,-2.19,106.1,109.5,-3.4,79.8,0.25,0.377,0.559,0.523,15.7,24.6,0.194,0.507,12.8,76.7,0.228
IND,2024,1.0,LVA,75,86,11.0,9.0,0.0,1.0,0.0,0.0,0.0,0.0,0.0,2.0,1.0,1.0,0.0,1.0,1.0,1.0,1.0,1.0,0.0,1.0,0.0,0.0,1.0,0.0,0.0,2.0,2.0,1.0,1.0,31.3,68.5,0.456,9.2,25.9,0.356,22.1,42.7,0.517,13.3,17.1,0.775,8.3,26.8,35.1,20.4,5.9,4.3,14.2,18.2,85.0,31.2,70.6,0.441,9.2,25.5,0.361,21.9,45.1,0.487,16.1,20.1,0.803,8.2,25.4,33.6,21.4,7.7,3.8,11.6,17.2,87.7,39.0,85.6,0.456,11.5,32.3,0.356,27.5,53.3,0.517,16.6,21.4,0.775,10.3,33.4,43.8,25.5,7.3,5.4,17.7,22.7,106.1,38.9,88.1,0.441,11.5,31.9,0.361,27.4,56.3,0.487,20.1,25.1,0.803,10.2,31.7,41.9,26.8,9.6,4.7,14.5,21.4,109.5,0.456,13.6,0.623,0.28,0.189,0.073,0.081,0.377,0.517,0.622,0.478,0.375,0.372,0.356,0.602,0.774,0.182,0.372,0.441,14.0,0.638,0.228,0.209,0.112,0.09,0.362,0.487,0.608,0.448,0.375,0.408,0.361,0.603,0.889,0.193,0.396,25.5,-2.68,0.49,-2.19,106.1,109.5,-3.4,79.8,0.25,0.377,0.559,0.523,15.7,24.6,0.194,0.507,12.8,76.7,0.228
IND,2024,1.0,LVA,74,78,13.0,9.0,0.0,1.0,0.0,0.0,0.0,0.0,0.0,2.0,1.0,1.0,0.0,1.0,1.0,1.0,0.0,1.0,0.0,1.0,0.0,0.0,1.0,0.0,0.0,2.0,2.0,1.0,1.0,31.3,68.5,0.456,9.2,25.9,0.356,22.1,42.7,0.517,13.3,17.1,0.775,8.3,26.8,35.1,20.4,5.9,4.3,14.2,18.2,85.0,31.2,70.6,0.441,9.2,25.5,0.361,21.9,45.1,0.487,16.1,20.1,0.803,8.2,25.4,33.6,21.4,7.7,3.8,11.6,17.2,87.7,39.0,85.6,0.456,11.5,32.3,0.356,27.5,53.3,0.517,16.6,21.4,0.775,10.3,33.4,43.8,25.5,7.3,5.4,17.7,22.7,106.1,38.9,88.1,0.441,11.5,31.9,0.361,27.4,56.3,0.487,20.1,25.1,0.803,10.2,31.7,41.9,26.8,9.6,4.7,14.5,21.4,109.5,0.456,13.6,0.623,0.28,0.189,0.073,0.081,0.377,0.517,0.622,0.478,0.375,0.372,0.356,0.602,0.774,0.182,0.372,0.441,14.0,0.638,0.228,0.209,0.112,0.09,0.362,0.487,0.608,0.448,0.375,0.408,0.361,0.603,0.889,0.193,0.396,25.5,-2.68,0.49,-2.19,106.1,109.5,-3.4,79.8,0.25,0.377,0.559,0.523,15.7,24.6,0.194,0.507,12.8,76.7,0.228
IND,2024,1.0,DAL,110,109,15.0,9.0,0.0,1.0,0.0,0.0,0.0,0.0,0.0,2.0,1.0,1.0,0.0,1.0,1.0,1.0,0.0,1.0,0.0,1.0,0.0,0.0,1.0,0.0,0.0,2.0,2.0,1.0,1.0,31.3,68.5,0.456,9.2,25.9,0.356,22.1,42.7,0.517,13.3,17.1,0.775,8.3,26.8,35.1,20.4,5.9,4.3,14.2,18.2,85.0,31.2,70.6,0.441,9.2,25.5,0.361,21.9,45.1,0.487,16.1,20.1,0.803,8.2,25.4,33.6,21.4,7.7,3.8,11.6,17.2,87.7,39.0,85.6,0.456,11.5,32.3,0.356,27.5,53.3,0.517,16.6,21.4,0.775,10.3,33.4,43.8,25.5,7.3,5.4,17.7,22.7,106.1,38.9,88.1,0.441,11.5,31.9,0.361,27.4,56.3,0.487,20.1,25.1,0.803,10.2,31.7,41.9,26.8,9.6,4.7,14.5,21.4,109.5,0.456,13.6,0.623,0.28,0.189,0.073,0.081,0.377,0.517,0.622,0.478,0.375,0.372,0.356,0.602,0.774,0.182,0.372,0.441,14.0,0.638,0.228,0.209,0.112,0.09,0.362,0.487,0.608,0.448,0.375,0.408,0.361,0.603,0.889,0.193,0.396,25.5,-2.68,0.49,-2.19,106.1,109.5,-3.4,79.8,0.25,0.377,0.559,0.523,15.7,24.6,0.194,0.507,12.8,76.7,0.228
IND,2024,0.0,WAS,91,92,19.0,9.0,0.0,1.0,0.0,0.0,0.0,0.0,0.0,2.0,1.0,1.0,0.0,1.0,1.0,1.0,1.0,1.0,0.0,1.0,0.0,0.0,1.0,2.0,0.0,2.0,2.0,1.0,1.0,31.3,68.5,0.456,9.2,25.9,0.356,22.1,42.7,0.517,13.3,17.1,0.775,8.3,26.8,35.1,20.4,5.9,4.3,14.2,18.2,85.0,31.2,70.6,0.441,9.2,25.5,0.361,21.9,45.1,0.487,16.1,20.1,0.803,8.2,25.4,33.6,21.4,7.7,3.8,11.6,17.2,87.7,39.0,85.6,0.456,11.5,32.3,0.356,27.5,53.3,0.517,16.6,21.4,0.775,10.3,33.4,43.8,25.5,7.3,5.4,17.7,22.7,106.1,38.9,88.1,0.441,11.5,31.9,0.361,27.4,56.3,0.487,20.1,25.1,0.803,10.2,31.7,41.9,26.8,9.6,4.7,14.5,21.4,109.5,0.456,13.6,0.623,0.28,0.189,0.073,0.081,0.377,0.517,0.622,0.478,0.375,0.372,0.356,0.602,0.774,0.182,0.372,0.441,14.0,0.638,0.228,0.209,0.112,0.09,0.362,0.487,0.608,0.448,0.375,0.408,0.361,0.603,0.889,0.193,0.396,25.5,-2.68,0.49,-2.19,106.1,109.5,-3.4,79.8,0.25,0.377,0.559,0.523,15.7,24.6,0.194,0.507,12.8,76.7,0.228
LAS,2024,1.0,ATL,81,92,15.0,5.0,0.0,1.0,0.0,1.0,0.0,1.0,0.0,0.0,0.0,0.0,1.0,1.0,1.0,0.0,0.0,0.0,1.0,0.0,0.0,1.0,0.0,0.0,1.0,0.0,0.0,1.0,0.0,28.1,66.4,0.423,7.2,22.6,0.32,20.9,43.8,0.476,15.0,19.6,0.765,7.4,25.3,32.7,19.7,7.3,3.2,15.0,17.9,78.4,31.7,68.3,0.464,7.9,21.9,0.36,23.8,46.4,0.513,14.4,18.3,0.786,8.0,26.1,34.0,21.3,8.8,5.1,12.6,18.0,85.6,35.4,83.5,0.423,9.1,28.4,0.32,26.3,55.1,0.476,18.8,24.6,0.765,9.2,31.9,41.1,24.8,9.2,4.1,18.8,22.5,98.6,39.8,85.9,0.464,9.9,27.5,0.36,29.9,58.4,0.513,18.1,23.1,0.786,10.0,32.8,42.8,26.8,11.0,6.4,15.9,22.7,107.7,0.423,12.8,0.66,0.234,0.271,0.088,0.067,0.34,0.476,0.641,0.437,0.312,0.279,0.32,0.622,0.927,0.173,0.321,0.464,13.0,0.68,0.235,0.248,0.101,0.096,0.32,0.513,0.686,0.444,0.408,0.378,0.36,0.605,0.879,0.172,0.42,27.0,-7.23,0.92,-6.3,98.6,107.7,-9.1,79.2,0.295,0.34,0.523,0.478,16.6,22.0,0.226,0.522,14.2,76.1,0.211
LAS,2024,0.0,LVA,82,89,18.0,5.0,0.0,1.0,0.0,1.0,0.0,1.0,0.0,0.0,0.0,0.0,1.0,1.0,1.0,0.0,0.0,0.0,1.0,0.0,0.0,1.0,0.0,0.0,1.0,0.0,0.0,1.0,0.0,28.1,66.4,0.423,7.2,22.6,0.32,20.9,43.8,0.476,15.0,19.6,0.765,7.4,25.3,32.7,19.7,7.3,3.2,15.0,17.9,78.4,31.7,68.3,0.464,7.9,21.9,0.36,23.8,46.4,0.513,14.4,18.3,0.786,8.0,26.1,34.0,21.3,8.8,5.1,12.6,18.0,85.6,35.4,83.5,0.423,9.1,28.4,0.32,26.3,55.1,0.476,18.8,24.6,0.765,9.2,31.9,41.1,24.8,9.2,4.1,18.8,22.5,98.6,39.8,85.9,0.464,9.9,27.5,0.36,29.9,58.4,0.513,18.1,23.1,0.786,10.0,32.8,42.8,26.8,11.0,6.4,15.9,22.7,107.7,0.423,12.8,0.66,0.234,0.271,0.088,0.067,0.34,0.476,0.641,0.437,0.312,0.279,0.32,0.622,0.927,0.173,0.321,0.464,13.0,0.68,0.235,0.248,0.101,0.096,0.32,0.513,0.686,0.444,0.408,0.378,0.36,0.605,0.879,0.172,0.42,27.0,-7.23,0.92,-6.3,98.6,107.7,-9.1,79.2,0.295,0.34,0.523,0.478,16.6,22.0,0.226,0.522,14.2,76.1,0.211
LAS,2024,1.0,WAS,70,68,21.0,5.0,0.0,1.0,0.0,1.0,0.0,1.0,0.0,0.0,0.0,0.0,1.0,1.0,1.0,0.0,0.0,0.0,1.0,0.0,0.0,1.0,0.0,0.0,1.0,0.0,0.0,1.0,0.0,28.1,66.4,0.423,7.2,22.6,0.32,20.9,43.8,0.476,15.0,19.6,0.765,7.4,25.3,32.7,19.7,7.3,3.2,15.0,17.9,78.4,31.7,68.3,0.464,7.9,21.9,0.36,23.8,46.4,0.513,14.4,18.3,0.786,8.0,26.1,34.0,21.3,8.8,5.1,12.6,18.0,85.6,35.4,83.5,0.423,9.1,28.4,0.32,26.3,55.1,0.476,18.8,24.6,0.765,9.2,31.9,41.1,24.8,9.2,4.1,18.8,22.5,98.6,39.8,85.9,0.464,9.9,27.5,0.36,29.9,58.4,0.513,18.1,23.1,0.786,10.0,32.8,42.8,26.8,11.0,6.4,15.9,22.7,107.7,0.423,12.8,0.66,0.234,0.271,0.088,0.067,0.34,0.476,0.641,0.437,0.312,0.279,0.32,0.622,0.927,0.173,0.321,0.464,13.0,0.68,0.235,0.248,0.101,0.096,0.32,0.513,0.686,0.444,0.408,0.378,0.36,0.605,0.879,0.172,0.42,27.0,-7.23,0.92,-6.3,98.6,107.7,-9.1,79.2,0.295,0.34,0.523,0.478,16.6,22.0,0.226,0.522,14.2,76.1,0.211
LAS,2024,1.0,IND,73,78,24.0,5.0,0.0,1.0,0.0,1.0,0.0,1.0,0.0,0.0,0.0,0.0,1.0,1.0,1.0,0.0,0.0,0.0,1.0,0.0,0.0,1.0,0.0,0.0,1.0,0.0,0.0,1.0,0.0,28.1,66.4,0.423,7.2,22.6,0.32,20.9,43.8,0.476,15.0,19.6,0.765,7.4,25.3,32.7,19.7,7.3,3.2,15.0,17.9,78.4,31.7,68.3,0.464,7.9,21.9,0.36,23.8,46.4,0.513,14.4,18.3,0.786,8.0,26.1,34.0,21.3,8.8,5.1,12.6,18.0,85.6,35.4,83.5,0.423,9.1,28.4,0.32,26.3,55.1,0.476,18.8,24.6,0.765,9.2,31.9,41.1,24.8,9.2,4.1,18.8,22.5,98.6,39.8,85.9,0.464,9.9,27.5,0.36,29.9,58.4,0.513,18.1,23.1,0.786,10.0,32.8,42.8,26.8,11.0,6.4,15.9,22.7,107.7,0.423,12.8,0.66,0.234,0.271,0.088,0.067,0.34,0.476,0.641,0.437,0.312,0.279,0.32,0.622,0.927,0.173,0.321,0.464,13.0,0.68,0.235,0.248,0.101,0.096,0.32,0.513,0.686,0.444,0.408,0.378,0.36,0.605,0.879,0.172,0.42,27.0,-7.23,0.92,-6.3,98.6,107.7,-9.1,79.2,0.295,0.34,0.523,0.478,16.6,22.0,0.226,0.522,14.2,76.1,0.211
LAS,2024,1.0,DAL,83,84,26.0,5.0,0.0,1.0,0.0,1.0,0.0,1.0,0.0,0.0,0.0,0.0,1.0,1.0,1.0,0.0,0.0,0.0,1.0,0.0,0.0,1.0,0.0,0.0,1.0,0.0,0.0,1.0,0.0,28.1,66.4,0.423,7.2,22.6,0.32,20.9,43.8,0.476,15.0,19.6,0.765,7.4,25.3,32.7,19.7,7.3,3.2,15.0,17.9,78.4,31.7,68.3,0.464,7.9,21.9,0.36,23.8,46.4,0.513,14.4,18.3,0.786,8.0,26.1,34.0,21.3,8.8,5.1,12.6,18.0,85.6,35.4,83.5,0.423,9.1,28.4,0.32,26.3,55.1,0.476,18.8,24.6,0.765,9.2,31.9,41.1,24.8,9.2,4.1,18.8,22.5,98.6,39.8,85.9,0.464,9.9,27.5,0.36,29.9,58.4,0.513,18.1,23.1,0.786,10.0,32.8,42.8,26.8,11.0,6.4,15.9,22.7,107.7,0.423,12.8,0.66,0.234,0.271,0.088,0.067,0.34,0.476,0.641,0.437,0.312,0.279,0.32,0.622,0.927,0.173,0.321,0.464,13.0,0.68,0.235,0.248,0.101,0.096,0.32,0.513,0.686,0.444,0.408,0.378,0.36,0.605,0.879,0.172,0.42,27.0,-7.23,0.92,-6.3,98.6,107.7,-9.1,79.2,0.295,0.34,0.523,0.478,16.6,22.0,0.226,0.522,14.2,76.1,0.211
LAS,2024,0.0,IND,88,82,28.0,5.0,0.0,1.0,0.0,1.0,0.0,1.0,0.0,0.0,0.0,0.0,1.0,1.0,1.0,0.0,0.0,0.0,1.0,0.0,0.0,1.0,0.0,0.0,1.0,0.0,0.0,1.0,0.0,28.1,66.4,0.423,7.2,22.6,0.32,20.9,43.8,0.476,15.0,19.6,0.765,7.4,25.3,32.7,19.7,7.3,3.2,15.0,17.9,78.4,31.7,68.3,0.464,7.9,21.9,0.36,23.8,46.4,0.513,14.4,18.3,0.786,8.0,26.1,34.0,21.3,8.8,5.1,12.6,18.0,85.6,35.4,83.5,0.423,9.1,28.4,0.32,26.3,55.1,0.476,18.8,24.6,0.765,9.2,31.9,41.1,24.8,9.2,4.1,18.8,22.5,98.6,39.8,85.9,0.464,9.9,27.5,0.36,29.9,58.4,0.513,18.1,23.1,0.786,10.0,32.8,42.8,26.8,11.0,6.4,15.9,22.7,107.7,0.423,12.8,0.66,0.234,0.271,0.088,0.067,0.34,0.476,0.641,0.437,0.312,0.279,0.32,0.622,0.927,0.173,0.321,0.464,13.0,0.68,0.235,0.248,0.101,0.096,0.32,0.513,0.686,0.444,0.408,0.378,0.36,0.605,0.879,0.172,0.42,27.0,-7.23,0.92,-6.3,98.6,107.7,-9.1,79.2,0.295,0.34,0.523,0.478,16.6,22.0,0.226,0.522,14.2,76.1,0.211
LAS,2024,0.0,CHI,73,83,30.0,5.0,0.0,1.0,0.0,1.0,0.0,1.0,0.0,0.0,0.0,0.0,1.0,1.0,1.0,0.0,0.0,0.0,1.0,0.0,0.0,1.0,0.0,0.0,1.0,0.0,0.0,1.0,0.0,28.1,66.4,0.423,7.2,22.6,0.32,20.9,43.8,0.476,15.0,19.6,0.765,7.4,25.3,32.7,19.7,7.3,3.2,15.0,17.9,78.4,31.7,68.3,0.464,7.9,21.9,0.36,23.8,46.4,0.513,14.4,18.3,0.786,8.0,26.1,34.0,21.3,8.8,5.1,12.6,18.0,85.6,35.4,83.5,0.423,9.1,28.4,0.32,26.3,55.1,0.476,18.8,24.6,0.765,9.2,31.9,41.1,24.8,9.2,4.1,18.8,22.5,98.6,39.8,85.9,0.464,9.9,27.5,0.36,29.9,58.4,0.513,18.1,23.1,0.786,10.0,32.8,42.8,26.8,11.0,6.4,15.9,22.7,107.7,0.423,12.8,0.66,0.234,0.271,0.088,0.067,0.34,0.476,0.641,0.437,0.312,0.279,0.32,0.622,0.927,0.173,0.321,0.464,13.0,0.68,0.235,0.248,0.101,0.096,0.32,0.513,0.686,0.444,0.408,0.378,0.36,0.605,0.879,0.172,0.42,27.0,-7.23,0.92,-6.3,98.6,107.7,-9.1,79.2,0.295,0.34,0.523,0.478,16.6,22.0,0.226,0.522,14.2,76.1,0.211
LAS,2024,0.0,PHO,68,87,2.0,6.0,0.0,1.0,0.0,1.0,0.0,1.0,0.0,0.0,0.0,0.0,1.0,1.0,1.0,0.0,0.0,0.0,1.0,0.0,0.0,1.0,0.0,0.0,1.0,0.0,0.0,1.0,0.0,28.1,66.4,0.423,7.2,22.6,0.32,20.9,43.8,0.476,15.0,19.6,0.765,7.4,25.3,32.7,19.7,7.3,3.2,15.0,17.9,78.4,31.7,68.3,0.464,7.9,21.9,0.36,23.8,46.4,0.513,14.4,18.3,0.786,8.0,26.1,34.0,21.3,8.8,5.1,12.6,18.0,85.6,35.4,83.5,0.423,9.1,28.4,0.32,26.3,55.1,0.476,18.8,24.6,0.765,9.2,31.9,41.1,24.8,9.2,4.1,18.8,22.5,98.6,39.8,85.9,0.464,9.9,27.5,0.36,29.9,58.4,0.513,18.1,23.1,0.786,10.0,32.8,42.8,26.8,11.0,6.4,15.9,22.7,107.7,0.423,12.8,0.66,0.234,0.271,0.088,0.067,0.34,0.476,0.641,0.437,0.312,0.279,0.32,0.622,0.927,0.173,0.321,0.464,13.0,0.68,0.235,0.248,0.101,0.096,0.32,0.513,0.686,0.444,0.408,0.378,0.36,0.605,0.879,0.172,0.42,27.0,-7.23,0.92,-6.3,98.6,107.7,-9.1,79.2,0.295,0.34,0.523,0.478,16.6,22.0,0.226,0.522,14.2,76.1,0.211
LAS,2024,1.0,MIN,62,86,5.0,6.0,0.0,1.0,0.0,1.0,0.0,1.0,0.0,0.0,0.0,0.0,1.0,1.0,1.0,0.0,0.0,0.0,1.0,0.0,0.0,1.0,0.0,0.0,1.0,0.0,0.0,1.0,0.0,28.1,66.4,0.423,7.2,22.6,0.32,20.9,43.8,0.476,15.0,19.6,0.765,7.4,25.3,32.7,19.7,7.3,3.2,15.0,17.9,78.4,31.7,68.3,0.464,7.9,21.9,0.36,23.8,46.4,0.513,14.4,18.3,0.786,8.0,26.1,34.0,21.3,8.8,5.1,12.6,18.0,85.6,35.4,83.5,0.423,9.1,28.4,0.32,26.3,55.1,0.476,18.8,24.6,0.765,9.2,31.9,41.1,24.8,9.2,4.1,18.8,22.5,98.6,39.8,85.9,0.464,9.9,27.5,0.36,29.9,58.4,0.513,18.1,23.1,0.786,10.0,32.8,42.8,26.8,11.0,6.4,15.9,22.7,107.7,0.423,12.8,0.66,0.234,0.271,0.088,0.067,0.34,0.476,0.641,0.437,0.312,0.279,0.32,0.622,0.927,0.173,0.321,0.464,13.0,0.68,0.235,0.248,0.101,0.096,0.32,0.513,0.686,0.444,0.408,0.378,0.36,0.605,0.879,0.172,0.42,27.0,-7.23,0.92,-6.3,98.6,107.7,-9.1,79.2,0.295,0.34,0.523,0.478,16.6,22.0,0.226,0.522,14.2,76.1,0.211
LAS,2024,1.0,DAL,81,72,7.0,6.0,0.0,1.0,0.0,1.0,0.0,1.0,0.0,0.0,0.0,0.0,1.0,1.0,1.0,0.0,0.0,0.0,1.0,0.0,0.0,1.0,0.0,0.0,1.0,0.0,0.0,1.0,0.0,28.1,66.4,0.423,7.2,22.6,0.32,20.9,43.8,0.476,15.0,19.6,0.765,7.4,25.3,32.7,19.7,7.3,3.2,15.0,17.9,78.4,31.7,68.3,0.464,7.9,21.9,0.36,23.8,46.4,0.513,14.4,18.3,0.786,8.0,26.1,34.0,21.3,8.8,5.1,12.6,18.0,85.6,35.4,83.5,0.423,9.1,28.4,0.32,26.3,55.1,0.476,18.8,24.6,0.765,9.2,31.9,41.1,24.8,9.2,4.1,18.8,22.5,98.6,39.8,85.9,0.464,9.9,27.5,0.36,29.9,58.4,0.513,18.1,23.1,0.786,10.0,32.8,42.8,26.8,11.0,6.4,15.9,22.7,107.7,0.423,12.8,0.66,0.234,0.271,0.088,0.067,0.34,0.476,0.641,0.437,0.312,0.279,0.32,0.622,0.927,0.173,0.321,0.464,13.0,0.68,0.235,0.248,0.101,0.096,0.32,0.513,0.686,0.444,0.408,0.378,0.36,0.605,0.879,0.172,0.42,27.0,-7.23,0.92,-6.3,98.6,107.7,-9.1,79.2,0.295,0.34,0.523,0.478,16.6,22.0,0.226,0.522,14.2,76.1,0.211
LAS,2024,1.0,LVA,96,92,9.0,6.0,0.0,1.0,0.0,1.0,0.0,1.0,0.0,0.0,0.0,0.0,1.0,1.0,1.0,0.0,0.0,0.0,1.0,0.0,0.0,1.0,0.0,0.0,1.0,0.0,0.0,1.0,0.0,28.1,66.4,0.423,7.2,22.6,0.32,20.9,43.8,0.476,15.0,19.6,0.765,7.4,25.3,32.7,19.7,7.3,3.2,15.0,17.9,78.4,31.7,68.3,0.464,7.9,21.9,0.36,23.8,46.4,0.513,14.4,18.3,0.786,8.0,26.1,34.0,21.3,8.8,5.1,12.6,18.0,85.6,35.4,83.5,0.423,9.1,28.4,0.32,26.3,55.1,0.476,18.8,24.6,0.765,9.2,31.9,41.1,24.8,9.2,4.1,18.8,22.5,98.6,39.8,85.9,0.464,9.9,27.5,0.36,29.9,58.4,0.513,18.1,23.1,0.786,10.0,32.8,42.8,26.8,11.0,6.4,15.9,22.7,107.7,0.423,12.8,0.66,0.234,0.271,0.088,0.067,0.34,0.476,0.641,0.437,0.312,0.279,0.32,0.622,0.927,0.173,0.321,0.464,13.0,0.68,0.235,0.248,0.101,0.096,0.32,0.513,0.686,0.444,0.408,0.378,0.36,0.605,0.879,0.172,0.42,27.0,-7.23,0.92,-6.3,98.6,107.7,-9.1,79.2,0.295,0.34,0.523,0.478,16.6,22.0,0.226,0.522,14.2,76.1,0.211
LAS,2024,0.0,SEA,79,95,11.0,6.0,0.0,1.0,0.0,1.0,0.0,1.0,0.0,0.0,0.0,0.0,1.0,1.0,1.0,0.0,0.0,0.0,1.0,0.0,0.0,1.0,0.0,0.0,1.0,0.0,0.0,1.0,0.0,28.1,66.4,0.423,7.2,22.6,0.32,20.9,43.8,0.476,15.0,19.6,0.765,7.4,25.3,32.7,19.7,7.3,3.2,15.0,17.9,78.4,31.7,68.3,0.464,7.9,21.9,0.36,23.8,46.4,0.513,14.4,18.3,0.786,8.0,26.1,34.0,21.3,8.8,5.1,12.6,18.0,85.6,35.4,83.5,0.423,9.1,28.4,0.32,26.3,55.1,0.476,18.8,24.6,0.765,9.2,31.9,41.1,24.8,9.2,4.1,18.8,22.5,98.6,39.8,85.9,0.464,9.9,27.5,0.36,29.9,58.4,0.513,18.1,23.1,0.786,10.0,32.8,42.8,26.8,11.0,6.4,15.9,22.7,107.7,0.423,12.8,0.66,0.234,0.271,0.088,0.067,0.34,0.476,0.641,0.437,0.312,0.279,0.32,0.622,0.927,0.173,0.321,0.464,13.0,0.68,0.235,0.248,0.101,0.096,0.32,0.513,0.686,0.444,0.408,0.378,0.36,0.605,0.879,0.172,0.42,27.0,-7.23,0.92,-6.3,98.6,107.7,-9.1,79.2,0.295,0.34,0.523,0.478,16.6,22.0,0.226,0.522,14.2,76.1,0.211
LAS,2024,0.0,MIN,76,81,14.0,6.0,0.0,1.0,0.0,1.0,0.0,1.0,0.0,0.0,0.0,0.0,1.0,1.0,1.0,0.0,0.0,0.0,1.0,0.0,0.0,1.0,0.0,0.0,1.0,0.0,0.0,1.0,0.0,28.1,66.4,0.423,7.2,22.6,0.32,20.9,43.8,0.476,15.0,19.6,0.765,7.4,25.3,32.7,19.7,7.3,3.2,15.0,17.9,78.4,31.7,68.3,0.464,7.9,21.9,0.36,23.8,46.4,0.513,14.4,18.3,0.786,8.0,26.1,34.0,21.3,8.8,5.1,12.6,18.0,85.6,35.4,83.5,0.423,9.1,28.4,0.32,26.3,55.1,0.476,18.8,24.6,0.765,9.2,31.9,41.1,24.8,9.2,4.1,18.8,22.5,98.6,39.8,85.9,0.464,9.9,27.5,0.36,29.9,58.4,0.513,18.1,23.1,0.786,10.0,32.8,42.8,26.8,11.0,6.4,15.9,22.7,107.7,0.423,12.8,0.66,0.234,0.271,0.088,0.067,0.34,0.476,0.641,0.437,0.312,0.279,0.32,0.622,0.927,0.173,0.321,0.464,13.0,0.68,0.235,0.248,0.101,0.096,0.32,0.513,0.686,0.444,0.408,0.378,0.36,0.605,0.879,0.172,0.42,27.0,-7.23,0.92,-6.3,98.6,107.7,-9.1,79.2,0.295,0.34,0.523,0.478,16.6,22.0,0.226,0.522,14.2,76.1,0.211
LAS,2024,0.0,ATL,74,87,16.0,6.0,0.0,1.0,0.0,1.0,0.0,1.0,0.0,0.0,0.0,0.0,1.0,1.0,1.0,0.0,0.0,0.0,1.0,0.0,0.0,1.0,0.0,0.0,1.0,0.0,0.0,1.0,0.0,28.1,66.4,0.423,7.2,22.6,0.32,20.9,43.8,0.476,15.0,19.6,0.765,7.4,25.3,32.7,19.7,7.3,3.2,15.0,17.9,78.4,31.7,68.3,0.464,7.9,21.9,0.36,23.8,46.4,0.513,14.4,18.3,0.786,8.0,26.1,34.0,21.3,8.8,5.1,12.6,18.0,85.6,35.4,83.5,0.423,9.1,28.4,0.32,26.3,55.1,0.476,18.8,24.6,0.765,9.2,31.9,41.1,24.8,9.2,4.1,18.8,22.5,98.6,39.8,85.9,0.464,9.9,27.5,0.36,29.9,58.4,0.513,18.1,23.1,0.786,10.0,32.8,42.8,26.8,11.0,6.4,15.9,22.7,107.7,0.423,12.8,0.66,0.234,0.271,0.088,0.067,0.34,0.476,0.641,0.437,0.312,0.279,0.32,0.622,0.927,0.173,0.321,0.464,13.0,0.68,0.235,0.248,0.101,0.096,0.32,0.513,0.686,0.444,0.408,0.378,0.36,0.605,0.879,0.172,0.42,27.0,-7.23,0.92,-6.3,98.6,107.7,-9.1,79.2,0.295,0.34,0.523,0.478,16.6,22.0,0.226,0.522,14.2,76.1,0.211
LAS,2024,0.0,CON,70,79,18.0,6.0,0.0,1.0,0.0,1.0,0.0,1.0,0.0,0.0,0.0,0.0,1.0,1.0,1.0,0.0,0.0,0.0,1.0,0.0,0.0,1.0,0.0,0.0,1.0,0.0,0.0,1.0,0.0,28.1,66.4,0.423,7.2,22.6,0.32,20.9,43.8,0.476,15.0,19.6,0.765,7.4,25.3,32.7,19.7,7.3,3.2,15.0,17.9,78.4,31.7,68.3,0.464,7.9,21.9,0.36,23.8,46.4,0.513,14.4,18.3,0.786,8.0,26.1,34.0,21.3,8.8,5.1,12.6,18.0,85.6,35.4,83.5,0.423,9.1,28.4,0.32,26.3,55.1,0.476,18.8,24.6,0.765,9.2,31.9,41.1,24.8,9.2,4.1,18.8,22.5,98.6,39.8,85.9,0.464,9.9,27.5,0.36,29.9,58.4,0.513,18.1,23.1,0.786,10.0,32.8,42.8,26.8,11.0,6.4,15.9,22.7,107.7,0.423,12.8,0.66,0.234,0.271,0.088,0.067,0.34,0.476,0.641,0.437,0.312,0.279,0.32,0.622,0.927,0.173,0.321,0.464,13.0,0.68,0.235,0.248,0.101,0.096,0.32,0.513,0.686,0.444,0.408,0.378,0.36,0.605,0.879,0.172,0.42,27.0,-7.23,0.92,-6.3,98.6,107.7,-9.1,79.2,0.295,0.34,0.523,0.478,16.6,22.0,0.226,0.522,14.2,76.1,0.211
LAS,2024,0.0,NYL,80,93,20.0,6.0,0.0,1.0,0.0,1.0,0.0,1.0,0.0,0.0,0.0,0.0,1.0,1.0,1.0,0.0,0.0,0.0,1.0,0.0,0.0,0.0,0.0,0.0,1.0,0.0,0.0,1.0,0.0,28.1,66.4,0.423,7.2,22.6,0.32,20.9,43.8,0.476,15.0,19.6,0.765,7.4,25.3,32.7,19.7,7.3,3.2,15.0,17.9,78.4,31.7,68.3,0.464,7.9,21.9,0.36,23.8,46.4,0.513,14.4,18.3,0.786,8.0,26.1,34.0,21.3,8.8,5.1,12.6,18.0,85.6,35.4,83.5,0.423,9.1,28.4,0.32,26.3,55.1,0.476,18.8,24.6,0.765,9.2,31.9,41.1,24.8,9.2,4.1,18.8,22.5,98.6,39.8,85.9,0.464,9.9,27.5,0.36,29.9,58.4,0.513,18.1,23.1,0.786,10.0,32.8,42.8,26.8,11.0,6.4,15.9,22.7,107.7,0.423,12.8,0.66,0.234,0.271,0.088,0.067,0.34,0.476,0.641,0.437,0.312,0.279,0.32,0.622,0.927,0.173,0.321,0.464,13.0,0.68,0.235,0.248,0.101,0.096,0.32,0.513,0.686,0.444,0.408,0.378,0.36,0.605,0.879,0.172,0.42,27.0,-7.23,0.92,-6.3,98.6,107.7,-9.1,79.2,0.295,0.34,0.523,0.478,16.6,22.0,0.226,0.522,14.2,76.1,0.211
LAS,2024,0.0,NYL,88,98,22.0,6.0,0.0,1.0,0.0,1.0,0.0,2.0,1.0,0.0,0.0,0.0,1.0,1.0,1.0,0.0,0.0,0.0,2.0,0.0,0.0,0.0,1.0,0.0,1.0,0.0,0.0,1.0,0.0,28.1,66.4,0.423,7.2,22.6,0.32,20.9,43.8,0.476,15.0,19.6,0.765,7.4,25.3,32.7,19.7,7.3,3.2,15.0,17.9,78.4,31.7,68.3,0.464,7.9,21.9,0.36,23.8,46.4,0.513,14.4,18.3,0.786,8.0,26.1,34.0,21.3,8.8,5.1,12.6,18.0,85.6,35.4,83.5,0.423,9.1,28.4,0.32,26.3,55.1,0.476,18.8,24.6,0.765,9.2,31.9,41.1,24.8,9.2,4.1,18.8,22.5,98.6,39.8,85.9,0.464,9.9,27.5,0.36,29.9,58.4,0.513,18.1,23.1,0.786,10.0,32.8,42.8,26.8,11.0,6.4,15.9,22.7,107.7,0.423,12.8,0.66,0.234,0.271,0.088,0.067,0.34,0.476,0.641,0.437,0.312,0.279,0.32,0.622,0.927,0.173,0.321,0.464,13.0,0.68,0.235,0.248,0.101,0.096,0.32,0.513,0.686,0.444,0.408,0.378,0.36,0.605,0.879,0.172,0.42,27.0,-7.23,0.92,-6.3,98.6,107.7,-9.1,79.2,0.295,0.34,0.523,0.478,16.6,22.0,0.226,0.522,14.2,76.1,0.211
LAS,2024,0.0,PHO,78,92,28.0,6.0,0.0,1.0,0.0,1.0,0.0,2.0,1.0,0.0,0.0,0.0,1.0,1.0,1.0,0.0,0.0,0.0,2.0,0.0,0.0,0.0,1.0,0.0,1.0,0.0,0.0,1.0,0.0,28.1,66.4,0.423,7.2,22.6,0.32,20.9,43.8,0.476,15.0,19.6,0.765,7.4,25.3,32.7,19.7,7.3,3.2,15.0,17.9,78.4,31.7,68.3,0.464,7.9,21.9,0.36,23.8,46.4,0.513,14.4,18.3,0.786,8.0,26.1,34.0,21.3,8.8,5.1,12.6,18.0,85.6,35.4,83.5,0.423,9.1,28.4,0.32,26.3,55.1,0.476,18.8,24.6,0.765,9.2,31.9,41.1,24.8,9.2,4.1,18.8,22.5,98.6,39.8,85.9,0.464,9.9,27.5,0.36,29.9,58.4,0.513,18.1,23.1,0.786,10.0,32.8,42.8,26.8,11.0,6.4,15.9,22.7,107.7,0.423,12.8,0.66,0.234,0.271,0.088,0.067,0.34,0.476,0.641,0.437,0.312,0.279,0.32,0.622,0.927,0.173,0.321,0.464,13.0,0.68,0.235,0.248,0.101,0.096,0.32,0.513,0.686,0.444,0.408,0.378,0.36,0.605,0.879,0.172,0.42,27.0,-7.23,0.92,-6.3,98.6,107.7,-9.1,79.2,0.295,0.34,0.523,0.478,16.6,22.0,0.226,0.522,14.2,76.1,0.211
LAS,2024,1.0,WAS,80,82,2.0,7.0,0.0,1.0,0.0,1.0,0.0,1.0,0.0,0.0,0.0,0.0,1.0,1.0,1.0,0.0,0.0,0.0,1.0,0.0,0.0,0.0,0.0,0.0,1.0,0.0,0.0,1.0,0.0,28.1,66.4,0.423,7.2,22.6,0.32,20.9,43.8,0.476,15.0,19.6,0.765,7.4,25.3,32.7,19.7,7.3,3.2,15.0,17.9,78.4,31.7,68.3,0.464,7.9,21.9,0.36,23.8,46.4,0.513,14.4,18.3,0.786,8.0,26.1,34.0,21.3,8.8,5.1,12.6,18.0,85.6,35.4,83.5,0.423,9.1,28.4,0.32,26.3,55.1,0.476,18.8,24.6,0.765,9.2,31.9,41.1,24.8,9.2,4.1,18.8,22.5,98.6,39.8,85.9,0.464,9.9,27.5,0.36,29.9,58.4,0.513,18.1,23.1,0.786,10.0,32.8,42.8,26.8,11.0,6.4,15.9,22.7,107.7,0.423,12.8,0.66,0.234,0.271,0.088,0.067,0.34,0.476,0.641,0.437,0.312,0.279,0.32,0.622,0.927,0.173,0.321,0.464,13.0,0.68,0.235,0.248,0.101,0.096,0.32,0.513,0.686,0.444,0.408,0.378,0.36,0.605,0.879,0.172,0.42,27.0,-7.23,0.92,-6.3,98.6,107.7,-9.1,79.2,0.295,0.34,0.523,0.478,16.6,22.0,0.226,0.522,14.2,76.1,0.211
LAS,2024,1.0,LVA,98,93,5.0,7.0,0.0,1.0,0.0,1.0,0.0,1.0,0.0,0.0,0.0,0.0,1.0,1.0,1.0,0.0,0.0,0.0,1.0,0.0,0.0,0.0,0.0,0.0,1.0,0.0,0.0,1.0,0.0,28.1,66.4,0.423,7.2,22.6,0.32,20.9,43.8,0.476,15.0,19.6,0.765,7.4,25.3,32.7,19.7,7.3,3.2,15.0,17.9,78.4,31.7,68.3,0.464,7.9,21.9,0.36,23.8,46.4,0.513,14.4,18.3,0.786,8.0,26.1,34.0,21.3,8.8,5.1,12.6,18.0,85.6,35.4,83.5,0.423,9.1,28.4,0.32,26.3,55.1,0.476,18.8,24.6,0.765,9.2,31.9,41.1,24.8,9.2,4.1,18.8,22.5,98.6,39.8,85.9,0.464,9.9,27.5,0.36,29.9,58.4,0.513,18.1,23.1,0.786,10.0,32.8,42.8,26.8,11.0,6.4,15.9,22.7,107.7,0.423,12.8,0.66,0.234,0.271,0.088,0.067,0.34,0.476,0.641,0.437,0.312,0.279,0.32,0.622,0.927,0.173,0.321,0.464,13.0,0.68,0.235,0.248,0.101,0.096,0.32,0.513,0.686,0.444,0.408,0.378,0.36,0.605,0.879,0.172,0.42,27.0,-7.23,0.92,-6.3,98.6,107.7,-9.1,79.2,0.295,0.34,0.523,0.478,16.6,22.0,0.226,0.522,14.2,76.1,0.211
LAS,2024,1.0,PHO,78,84,7.0,7.0,0.0,1.0,1.0,1.0,0.0,2.0,0.0,0.0,0.0,0.0,1.0,1.0,1.0,0.0,0.0,0.0,1.0,0.0,0.0,0.0,0.0,0.0,1.0,0.0,0.0,1.0,0.0,28.1,66.4,0.423,7.2,22.6,0.32,20.9,43.8,0.476,15.0,19.6,0.765,7.4,25.3,32.7,19.7,7.3,3.2,15.0,17.9,78.4,31.7,68.3,0.464,7.9,21.9,0.36,23.8,46.4,0.513,14.4,18.3,0.786,8.0,26.1,34.0,21.3,8.8,5.1,12.6,18.0,85.6,35.4,83.5,0.423,9.1,28.4,0.32,26.3,55.1,0.476,18.8,24.6,0.765,9.2,31.9,41.1,24.8,9.2,4.1,18.8,22.5,98.6,39.8,85.9,0.464,9.9,27.5,0.36,29.9,58.4,0.513,18.1,23.1,0.786,10.0,32.8,42.8,26.8,11.0,6.4,15.9,22.7,107.7,0.423,12.8,0.66,0.234,0.271,0.088,0.067,0.34,0.476,0.641,0.437,0.312,0.279,0.32,0.622,0.927,0.173,0.321,0.464,13.0,0.68,0.235,0.248,0.101,0.096,0.32,0.513,0.686,0.444,0.408,0.378,0.36,0.605,0.879,0.172,0.42,27.0,-7.23,0.92,-6.3,98.6,107.7,-9.1,79.2,0.295,0.34,0.523,0.478,16.6,22.0,0.226,0.522,14.2,76.1,0.211
LAS,2024,1.0,MIN,67,82,9.0,7.0,0.0,1.0,1.0,1.0,0.0,2.0,0.0,0.0,0.0,0.0,1.0,1.0,1.0,0.0,0.0,0.0,1.0,0.0,0.0,0.0,0.0,0.0,1.0,0.0,0.0,1.0,0.0,28.1,66.4,0.423,7.2,22.6,0.32,20.9,43.8,0.476,15.0,19.6,0.765,7.4,25.3,32.7,19.7,7.3,3.2,15.0,17.9,78.4,31.7,68.3,0.464,7.9,21.9,0.36,23.8,46.4,0.513,14.4,18.3,0.786,8.0,26.1,34.0,21.3,8.8,5.1,12.6,18.0,85.6,35.4,83.5,0.423,9.1,28.4,0.32,26.3,55.1,0.476,18.8,24.6,0.765,9.2,31.9,41.1,24.8,9.2,4.1,18.8,22.5,98.6,39.8,85.9,0.464,9.9,27.5,0.36,29.9,58.4,0.513,18.1,23.1,0.786,10.0,32.8,42.8,26.8,11.0,6.4,15.9,22.7,107.7,0.423,12.8,0.66,0.234,0.271,0.088,0.067,0.34,0.476,0.641,0.437,0.312,0.279,0.32,0.622,0.927,0.173,0.321,0.464,13.0,0.68,0.235,0.248,0.101,0.096,0.32,0.513,0.686,0.444,0.408,0.378,0.36,0.605,0.879,0.172,0.42,27.0,-7.23,0.92,-6.3,98.6,107.7,-9.1,79.2,0.295,0.34,0.523,0.478,16.6,22.0,0.226,0.522,14.2,76.1,0.211
LAS,2024,0.0,DAL,87,81,13.0,7.0,0.0,1.0,1.0,1.0,0.0,2.0,0.0,0.0,0.0,0.0,1.0,1.0,1.0,0.0,0.0,0.0,0.0,0.0,0.0,0.0,0.0,0.0,1.0,0.0,0.0,1.0,0.0,28.1,66.4,0.423,7.2,22.6,0.32,20.9,43.8,0.476,15.0,19.6,0.765,7.4,25.3,32.7,19.7,7.3,3.2,15.0,17.9,78.4,31.7,68.3,0.464,7.9,21.9,0.36,23.8,46.4,0.513,14.4,18.3,0.786,8.0,26.1,34.0,21.3,8.8,5.1,12.6,18.0,85.6,35.4,83.5,0.423,9.1,28.4,0.32,26.3,55.1,0.476,18.8,24.6,0.765,9.2,31.9,41.1,24.8,9.2,4.1,18.8,22.5,98.6,39.8,85.9,0.464,9.9,27.5,0.36,29.9,58.4,0.513,18.1,23.1,0.786,10.0,32.8,42.8,26.8,11.0,6.4,15.9,22.7,107.7,0.423,12.8,0.66,0.234,0.271,0.088,0.067,0.34,0.476,0.641,0.437,0.312,0.279,0.32,0.622,0.927,0.173,0.321,0.464,13.0,0.68,0.235,0.248,0.101,0.096,0.32,0.513,0.686,0.444,0.408,0.378,0.36,0.605,0.879,0.172,0.42,27.0,-7.23,0.92,-6.3,98.6,107.7,-9.1,79.2,0.295,0.34,0.523,0.478,16.6,22.0,0.226,0.522,14.2,76.1,0.211
LAS,2024,1.0,SEA,83,89,16.0,7.0,0.0,1.0,1.0,1.0,0.0,2.0,0.0,0.0,0.0,0.0,1.0,1.0,1.0,0.0,0.0,0.0,0.0,0.0,0.0,0.0,0.0,0.0,1.0,0.0,0.0,1.0,0.0,28.1,66.4,0.423,7.2,22.6,0.32,20.9,43.8,0.476,15.0,19.6,0.765,7.4,25.3,32.7,19.7,7.3,3.2,15.0,17.9,78.4,31.7,68.3,0.464,7.9,21.9,0.36,23.8,46.4,0.513,14.4,18.3,0.786,8.0,26.1,34.0,21.3,8.8,5.1,12.6,18.0,85.6,35.4,83.5,0.423,9.1,28.4,0.32,26.3,55.1,0.476,18.8,24.6,0.765,9.2,31.9,41.1,24.8,9.2,4.1,18.8,22.5,98.6,39.8,85.9,0.464,9.9,27.5,0.36,29.9,58.4,0.513,18.1,23.1,0.786,10.0,32.8,42.8,26.8,11.0,6.4,15.9,22.7,107.7,0.423,12.8,0.66,0.234,0.271,0.088,0.067,0.34,0.476,0.641,0.437,0.312,0.279,0.32,0.622,0.927,0.173,0.321,0.464,13.0,0.68,0.235,0.248,0.101,0.096,0.32,0.513,0.686,0.444,0.408,0.378,0.36,0.605,0.879,0.172,0.42,27.0,-7.23,0.92,-6.3,98.6,107.7,-9.1,79.2,0.295,0.34,0.523,0.478,16.6,22.0,0.226,0.522,14.2,76.1,0.211
LAS,2024,1.0,NYL,68,103,15.0,8.0,0.0,1.0,1.0,0.0,0.0,2.0,0.0,0.0,0.0,0.0,1.0,1.0,0.0,0.0,0.0,0.0,1.0,0.0,0.0,0.0,0.0,0.0,1.0,0.0,0.0,1.0,0.0,28.1,66.4,0.423,7.2,22.6,0.32,20.9,43.8,0.476,15.0,19.6,0.765,7.4,25.3,32.7,19.7,7.3,3.2,15.0,17.9,78.4,31.7,68.3,0.464,7.9,21.9,0.36,23.8,46.4,0.513,14.4,18.3,0.786,8.0,26.1,34.0,21.3,8.8,5.1,12.6,18.0,85.6,35.4,83.5,0.423,9.1,28.4,0.32,26.3,55.1,0.476,18.8,24.6,0.765,9.2,31.9,41.1,24.8,9.2,4.1,18.8,22.5,98.6,39.8,85.9,0.464,9.9,27.5,0.36,29.9,58.4,0.513,18.1,23.1,0.786,10.0,32.8,42.8,26.8,11.0,6.4,15.9,22.7,107.7,0.423,12.8,0.66,0.234,0.271,0.088,0.067,0.34,0.476,0.641,0.437,0.312,0.279,0.32,0.622,0.927,0.173,0.321,0.464,13.0,0.68,0.235,0.248,0.101,0.096,0.32,0.513,0.686,0.444,0.408,0.378,0.36,0.605,0.879,0.172,0.42,27.0,-7.23,0.92,-6.3,98.6,107.7,-9.1,79.2,0.295,0.34,0.523,0.478,16.6,22.0,0.226,0.522,14.2,76.1,0.211
LAS,2024,1.0,CHI,86,90,17.0,8.0,0.0,1.0,1.0,0.0,0.0,2.0,0.0,0.0,0.0,1.0,1.0,1.0,0.0,0.0,0.0,1.0,1.0,1.0,0.0,0.0,0.0,0.0,1.0,0.0,0.0,1.0,0.0,28.1,66.4,0.423,7.2,22.6,0.32,20.9,43.8,0.476,15.0,19.6,0.765,7.4,25.3,32.7,19.7,7.3,3.2,15.0,17.9,78.4,31.7,68.3,0.464,7.9,21.9,0.36,23.8,46.4,0.513,14.4,18.3,0.786,8.0,26.1,34.0,21.3,8.8,5.1,12.6,18.0,85.6,35.4,83.5,0.423,9.1,28.4,0.32,26.3,55.1,0.476,18.8,24.6,0.765,9.2,31.9,41.1,24.8,9.2,4.1,18.8,22.5,98.6,39.8,85.9,0.464,9.9,27.5,0.36,29.9,58.4,0.513,18.1,23.1,0.786,10.0,32.8,42.8,26.8,11.0,6.4,15.9,22.7,107.7,0.423,12.8,0.66,0.234,0.271,0.088,0.067,0.34,0.476,0.641,0.437,0.312,0.279,0.32,0.622,0.927,0.173,0.321,0.464,13.0,0.68,0.235,0.248,0.101,0.096,0.32,0.513,0.686,0.444,0.408,0.378,0.36,0.605,0.879,0.172,0.42,27.0,-7.23,0.92,-6.3,98.6,107.7,-9.1,79.2,0.295,0.34,0.523,0.478,16.6,22.0,0.226,0.522,14.2,76.1,0.211
LAS,2024,0.0,LVA,71,87,18.0,8.0,0.0,1.0,1.0,0.0,0.0,2.0,0.0,0.0,0.0,1.0,1.0,1.0,0.0,0.0,0.0,1.0,1.0,1.0,0.0,0.0,0.0,0.0,1.0,0.0,0.0,1.0,0.0,28.1,66.4,0.423,7.2,22.6,0.32,20.9,43.8,0.476,15.0,19.6,0.765,7.4,25.3,32.7,19.7,7.3,3.2,15.0,17.9,78.4,31.7,68.3,0.464,7.9,21.9,0.36,23.8,46.4,0.513,14.4,18.3,0.786,8.0,26.1,34.0,21.3,8.8,5.1,12.6,18.0,85.6,35.4,83.5,0.423,9.1,28.4,0.32,26.3,55.1,0.476,18.8,24.6,0.765,9.2,31.9,41.1,24.8,9.2,4.1,18.8,22.5,98.6,39.8,85.9,0.464,9.9,27.5,0.36,29.9,58.4,0.513,18.1,23.1,0.786,10.0,32.8,42.8,26.8,11.0,6.4,15.9,22.7,107.7,0.423,12.8,0.66,0.234,0.271,0.088,0.067,0.34,0.476,0.641,0.437,0.312,0.279,0.32,0.622,0.927,0.173,0.321,0.464,13.0,0.68,0.235,0.248,0.101,0.096,0.32,0.513,0.686,0.444,0.408,0.378,0.36,0.605,0.879,0.172,0.42,27.0,-7.23,0.92,-6.3,98.6,107.7,-9.1,79.2,0.295,0.34,0.523,0.478,16.6,22.0,0.226,0.522,14.2,76.1,0.211
LAS,2024,0.0,CON,61,69,20.0,8.0,0.0,1.0,1.0,0.0,0.0,2.0,0.0,0.0,0.0,1.0,1.0,1.0,0.0,0.0,0.0,1.0,1.0,1.0,0.0,0.0,0.0,0.0,1.0,0.0,0.0,1.0,0.0,28.1,66.4,0.423,7.2,22.6,0.32,20.9,43.8,0.476,15.0,19.6,0.765,7.4,25.3,32.7,19.7,7.3,3.2,15.0,17.9,78.4,31.7,68.3,0.464,7.9,21.9,0.36,23.8,46.4,0.513,14.4,18.3,0.786,8.0,26.1,34.0,21.3,8.8,5.1,12.6,18.0,85.6,35.4,83.5,0.423,9.1,28.4,0.32,26.3,55.1,0.476,18.8,24.6,0.765,9.2,31.9,41.1,24.8,9.2,4.1,18.8,22.5,98.6,39.8,85.9,0.464,9.9,27.5,0.36,29.9,58.4,0.513,18.1,23.1,0.786,10.0,32.8,42.8,26.8,11.0,6.4,15.9,22.7,107.7,0.423,12.8,0.66,0.234,0.271,0.088,0.067,0.34,0.476,0.641,0.437,0.312,0.279,0.32,0.622,0.927,0.173,0.321,0.464,13.0,0.68,0.235,0.248,0.101,0.096,0.32,0.513,0.686,0.444,0.408,0.378,0.36,0.605,0.879,0.172,0.42,27.0,-7.23,0.92,-6.3,98.6,107.7,-9.1,79.2,0.295,0.34,0.523,0.478,16.6,22.0,0.226,0.522,14.2,76.1,0.211
LAS,2024,0.0,WAS,74,80,23.0,8.0,0.0,1.0,1.0,0.0,0.0,2.0,0.0,0.0,0.0,1.0,1.0,1.0,0.0,0.0,0.0,1.0,1.0,1.0,0.0,0.0,0.0,0.0,1.0,0.0,0.0,1.0,0.0,28.1,66.4,0.423,7.2,22.6,0.32,20.9,43.8,0.476,15.0,19.6,0.765,7.4,25.3,32.7,19.7,7.3,3.2,15.0,17.9,78.4,31.7,68.3,0.464,7.9,21.9,0.36,23.8,46.4,0.513,14.4,18.3,0.786,8.0,26.1,34.0,21.3,8.8,5.1,12.6,18.0,85.6,35.4,83.5,0.423,9.1,28.4,0.32,26.3,55.1,0.476,18.8,24.6,0.765,9.2,31.9,41.1,24.8,9.2,4.1,18.8,22.5,98.6,39.8,85.9,0.464,9.9,27.5,0.36,29.9,58.4,0.513,18.1,23.1,0.786,10.0,32.8,42.8,26.8,11.0,6.4,15.9,22.7,107.7,0.423,12.8,0.66,0.234,0.271,0.088,0.067,0.34,0.476,0.641,0.437,0.312,0.279,0.32,0.622,0.927,0.173,0.321,0.464,13.0,0.68,0.235,0.248,0.101,0.096,0.32,0.513,0.686,0.444,0.408,0.378,0.36,0.605,0.879,0.172,0.42,27.0,-7.23,0.92,-6.3,98.6,107.7,-9.1,79.2,0.295,0.34,0.523,0.478,16.6,22.0,0.226,0.522,14.2,76.1,0.211
LAS,2024,0.0,DAL,110,113,25.0,8.0,0.0,1.0,1.0,0.0,0.0,2.0,0.0,0.0,0.0,1.0,1.0,1.0,0.0,0.0,0.0,1.0,1.0,1.0,0.0,0.0,0.0,0.0,1.0,0.0,0.0,1.0,0.0,28.1,66.4,0.423,7.2,22.6,0.32,20.9,43.8,0.476,15.0,19.6,0.765,7.4,25.3,32.7,19.7,7.3,3.2,15.0,17.9,78.4,31.7,68.3,0.464,7.9,21.9,0.36,23.8,46.4,0.513,14.4,18.3,0.786,8.0,26.1,34.0,21.3,8.8,5.1,12.6,18.0,85.6,35.4,83.5,0.423,9.1,28.4,0.32,26.3,55.1,0.476,18.8,24.6,0.765,9.2,31.9,41.1,24.8,9.2,4.1,18.8,22.5,98.6,39.8,85.9,0.464,9.9,27.5,0.36,29.9,58.4,0.513,18.1,23.1,0.786,10.0,32.8,42.8,26.8,11.0,6.4,15.9,22.7,107.7,0.423,12.8,0.66,0.234,0.271,0.088,0.067,0.34,0.476,0.641,0.437,0.312,0.279,0.32,0.622,0.927,0.173,0.321,0.464,13.0,0.68,0.235,0.248,0.101,0.096,0.32,0.513,0.686,0.444,0.408,0.378,0.36,0.605,0.879,0.172,0.42,27.0,-7.23,0.92,-6.3,98.6,107.7,-9.1,79.2,0.295,0.34,0.523,0.478,16.6,22.0,0.226,0.522,14.2,76.1,0.211
LAS,2024,1.0,NYL,94,88,28.0,8.0,0.0,1.0,1.0,0.0,0.0,2.0,0.0,0.0,0.0,1.0,1.0,1.0,0.0,0.0,0.0,1.0,1.0,1.0,0.0,0.0,0.0,0.0,1.0,0.0,0.0,1.0,0.0,28.1,66.4,0.423,7.2,22.6,0.32,20.9,43.8,0.476,15.0,19.6,0.765,7.4,25.3,32.7,19.7,7.3,3.2,15.0,17.9,78.4,31.7,68.3,0.464,7.9,21.9,0.36,23.8,46.4,0.513,14.4,18.3,0.786,8.0,26.1,34.0,21.3,8.8,5.1,12.6,18.0,85.6,35.4,83.5,0.423,9.1,28.4,0.32,26.3,55.1,0.476,18.8,24.6,0.765,9.2,31.9,41.1,24.8,9.2,4.1,18.8,22.5,98.6,39.8,85.9,0.464,9.9,27.5,0.36,29.9,58.4,0.513,18.1,23.1,0.786,10.0,32.8,42.8,26.8,11.0,6.4,15.9,22.7,107.7,0.423,12.8,0.66,0.234,0.271,0.088,0.067,0.34,0.476,0.641,0.437,0.312,0.279,0.32,0.622,0.927,0.173,0.321,0.464,13.0,0.68,0.235,0.248,0.101,0.096,0.32,0.513,0.686,0.444,0.408,0.378,0.36,0.605,0.879,0.172,0.42,27.0,-7.23,0.92,-6.3,98.6,107.7,-9.1,79.2,0.295,0.34,0.523,0.478,16.6,22.0,0.226,0.522,14.2,76.1,0.211
LAS,2024,1.0,ATL,62,80,1.0,9.0,0.0,1.0,1.0,1.0,0.0,2.0,0.0,0.0,0.0,1.0,1.0,1.0,1.0,0.0,0.0,1.0,1.0,1.0,0.0,0.0,0.0,0.0,1.0,0.0,0.0,1.0,0.0,28.1,66.4,0.423,7.2,22.6,0.32,20.9,43.8,0.476,15.0,19.6,0.765,7.4,25.3,32.7,19.7,7.3,3.2,15.0,17.9,78.4,31.7,68.3,0.464,7.9,21.9,0.36,23.8,46.4,0.513,14.4,18.3,0.786,8.0,26.1,34.0,21.3,8.8,5.1,12.6,18.0,85.6,35.4,83.5,0.423,9.1,28.4,0.32,26.3,55.1,0.476,18.8,24.6,0.765,9.2,31.9,41.1,24.8,9.2,4.1,18.8,22.5,98.6,39.8,85.9,0.464,9.9,27.5,0.36,29.9,58.4,0.513,18.1,23.1,0.786,10.0,32.8,42.8,26.8,11.0,6.4,15.9,22.7,107.7,0.423,12.8,0.66,0.234,0.271,0.088,0.067,0.34,0.476,0.641,0.437,0.312,0.279,0.32,0.622,0.927,0.173,0.321,0.464,13.0,0.68,0.235,0.248,0.101,0.096,0.32,0.513,0.686,0.444,0.408,0.378,0.36,0.605,0.879,0.172,0.42,27.0,-7.23,0.92,-6.3,98.6,107.7,-9.1,79.2,0.295,0.34,0.523,0.478,16.6,22.0,0.226,0.522,14.2,76.1,0.211
LAS,2024,0.0,IND,86,93,4.0,9.0,0.0,1.0,1.0,1.0,0.0,2.0,0.0,0.0,0.0,1.0,1.0,1.0,1.0,0.0,0.0,1.0,1.0,1.0,0.0,0.0,0.0,0.0,1.0,0.0,0.0,1.0,0.0,28.1,66.4,0.423,7.2,22.6,0.32,20.9,43.8,0.476,15.0,19.6,0.765,7.4,25.3,32.7,19.7,7.3,3.2,15.0,17.9,78.4,31.7,68.3,0.464,7.9,21.9,0.36,23.8,46.4,0.513,14.4,18.3,0.786,8.0,26.1,34.0,21.3,8.8,5.1,12.6,18.0,85.6,35.4,83.5,0.423,9.1,28.4,0.32,26.3,55.1,0.476,18.8,24.6,0.765,9.2,31.9,41.1,24.8,9.2,4.1,18.8,22.5,98.6,39.8,85.9,0.464,9.9,27.5,0.36,29.9,58.4,0.513,18.1,23.1,0.786,10.0,32.8,42.8,26.8,11.0,6.4,15.9,22.7,107.7,0.423,12.8,0.66,0.234,0.271,0.088,0.067,0.34,0.476,0.641,0.437,0.312,0.279,0.32,0.622,0.927,0.173,0.321,0.464,13.0,0.68,0.235,0.248,0.101,0.096,0.32,0.513,0.686,0.444,0.408,0.378,0.36,0.605,0.879,0.172,0.42,27.0,-7.23,0.92,-6.3,98.6,107.7,-9.1,79.2,0.295,0.34,0.523,0.478,16.6,22.0,0.226,0.522,14.2,76.1,0.211
LAS,2024,0.0,CHI,78,92,6.0,9.0,0.0,1.0,1.0,0.0,0.0,2.0,0.0,0.0,0.0,1.0,1.0,1.0,0.0,0.0,0.0,1.0,1.0,1.0,0.0,0.0,0.0,0.0,1.0,0.0,0.0,1.0,0.0,28.1,66.4,0.423,7.2,22.6,0.32,20.9,43.8,0.476,15.0,19.6,0.765,7.4,25.3,32.7,19.7,7.3,3.2,15.0,17.9,78.4,31.7,68.3,0.464,7.9,21.9,0.36,23.8,46.4,0.513,14.4,18.3,0.786,8.0,26.1,34.0,21.3,8.8,5.1,12.6,18.0,85.6,35.4,83.5,0.423,9.1,28.4,0.32,26.3,55.1,0.476,18.8,24.6,0.765,9.2,31.9,41.1,24.8,9.2,4.1,18.8,22.5,98.6,39.8,85.9,0.464,9.9,27.5,0.36,29.9,58.4,0.513,18.1,23.1,0.786,10.0,32.8,42.8,26.8,11.0,6.4,15.9,22.7,107.7,0.423,12.8,0.66,0.234,0.271,0.088,0.067,0.34,0.476,0.641,0.437,0.312,0.279,0.32,0.622,0.927,0.173,0.321,0.464,13.0,0.68,0.235,0.248,0.101,0.096,0.32,0.513,0.686,0.444,0.408,0.378,0.36,0.605,0.879,0.172,0.42,27.0,-7.23,0.92,-6.3,98.6,107.7,-9.1,79.2,0.295,0.34,0.523,0.478,16.6,22.0,0.226,0.522,14.2,76.1,0.211
LAS,2024,1.0,CON,67,79,8.0,9.0,0.0,1.0,1.0,0.0,0.0,2.0,0.0,0.0,0.0,1.0,1.0,1.0,0.0,0.0,0.0,1.0,1.0,1.0,0.0,0.0,0.0,0.0,1.0,0.0,0.0,1.0,0.0,28.1,66.4,0.423,7.2,22.6,0.32,20.9,43.8,0.476,15.0,19.6,0.765,7.4,25.3,32.7,19.7,7.3,3.2,15.0,17.9,78.4,31.7,68.3,0.464,7.9,21.9,0.36,23.8,46.4,0.513,14.4,18.3,0.786,8.0,26.1,34.0,21.3,8.8,5.1,12.6,18.0,85.6,35.4,83.5,0.423,9.1,28.4,0.32,26.3,55.1,0.476,18.8,24.6,0.765,9.2,31.9,41.1,24.8,9.2,4.1,18.8,22.5,98.6,39.8,85.9,0.464,9.9,27.5,0.36,29.9,58.4,0.513,18.1,23.1,0.786,10.0,32.8,42.8,26.8,11.0,6.4,15.9,22.7,107.7,0.423,12.8,0.66,0.234,0.271,0.088,0.067,0.34,0.476,0.641,0.437,0.312,0.279,0.32,0.622,0.927,0.173,0.321,0.464,13.0,0.68,0.235,0.248,0.101,0.096,0.32,0.513,0.686,0.444,0.408,0.378,0.36,0.605,0.879,0.172,0.42,27.0,-7.23,0.92,-6.3,98.6,107.7,-9.1,79.2,0.295,0.34,0.523,0.478,16.6,22.0,0.226,0.522,14.2,76.1,0.211
LAS,2024,1.0,CON,66,86,10.0,9.0,0.0,1.0,1.0,0.0,0.0,2.0,0.0,0.0,0.0,1.0,1.0,1.0,0.0,0.0,0.0,1.0,1.0,1.0,0.0,0.0,0.0,0.0,1.0,0.0,0.0,1.0,0.0,28.1,66.4,0.423,7.2,22.6,0.32,20.9,43.8,0.476,15.0,19.6,0.765,7.4,25.3,32.7,19.7,7.3,3.2,15.0,17.9,78.4,31.7,68.3,0.464,7.9,21.9,0.36,23.8,46.4,0.513,14.4,18.3,0.786,8.0,26.1,34.0,21.3,8.8,5.1,12.6,18.0,85.6,35.4,83.5,0.423,9.1,28.4,0.32,26.3,55.1,0.476,18.8,24.6,0.765,9.2,31.9,41.1,24.8,9.2,4.1,18.8,22.5,98.6,39.8,85.9,0.464,9.9,27.5,0.36,29.9,58.4,0.513,18.1,23.1,0.786,10.0,32.8,42.8,26.8,11.0,6.4,15.9,22.7,107.7,0.423,12.8,0.66,0.234,0.271,0.088,0.067,0.34,0.476,0.641,0.437,0.312,0.279,0.32,0.622,0.927,0.173,0.321,0.464,13.0,0.68,0.235,0.248,0.101,0.096,0.32,0.513,0.686,0.444,0.408,0.378,0.36,0.605,0.879,0.172,0.42,27.0,-7.23,0.92,-6.3,98.6,107.7,-9.1,79.2,0.295,0.34,0.523,0.478,16.6,22.0,0.226,0.522,14.2,76.1,0.211
LAS,2024,1.0,SEA,82,90,11.0,9.0,0.0,1.0,1.0,0.0,0.0,2.0,0.0,0.0,0.0,1.0,1.0,1.0,0.0,0.0,0.0,1.0,1.0,1.0,0.0,0.0,0.0,0.0,1.0,0.0,0.0,1.0,0.0,28.1,66.4,0.423,7.2,22.6,0.32,20.9,43.8,0.476,15.0,19.6,0.765,7.4,25.3,32.7,19.7,7.3,3.2,15.0,17.9,78.4,31.7,68.3,0.464,7.9,21.9,0.36,23.8,46.4,0.513,14.4,18.3,0.786,8.0,26.1,34.0,21.3,8.8,5.1,12.6,18.0,85.6,35.4,83.5,0.423,9.1,28.4,0.32,26.3,55.1,0.476,18.8,24.6,0.765,9.2,31.9,41.1,24.8,9.2,4.1,18.8,22.5,98.6,39.8,85.9,0.464,9.9,27.5,0.36,29.9,58.4,0.513,18.1,23.1,0.786,10.0,32.8,42.8,26.8,11.0,6.4,15.9,22.7,107.7,0.423,12.8,0.66,0.234,0.271,0.088,0.067,0.34,0.476,0.641,0.437,0.312,0.279,0.32,0.622,0.927,0.173,0.321,0.464,13.0,0.68,0.235,0.248,0.101,0.096,0.32,0.513,0.686,0.444,0.408,0.378,0.36,0.605,0.879,0.172,0.42,27.0,-7.23,0.92,-6.3,98.6,107.7,-9.1,79.2,0.295,0.34,0.523,0.478,16.6,22.0,0.226,0.522,14.2,76.1,0.211
LAS,2024,0.0,SEA,87,90,15.0,9.0,0.0,1.0,1.0,0.0,0.0,2.0,0.0,0.0,0.0,1.0,1.0,1.0,0.0,0.0,0.0,1.0,1.0,1.0,0.0,0.0,0.0,0.0,1.0,0.0,0.0,1.0,0.0,28.1,66.4,0.423,7.2,22.6,0.32,20.9,43.8,0.476,15.0,19.6,0.765,7.4,25.3,32.7,19.7,7.3,3.2,15.0,17.9,78.4,31.7,68.3,0.464,7.9,21.9,0.36,23.8,46.4,0.513,14.4,18.3,0.786,8.0,26.1,34.0,21.3,8.8,5.1,12.6,18.0,85.6,35.4,83.5,0.423,9.1,28.4,0.32,26.3,55.1,0.476,18.8,24.6,0.765,9.2,31.9,41.1,24.8,9.2,4.1,18.8,22.5,98.6,39.8,85.9,0.464,9.9,27.5,0.36,29.9,58.4,0.513,18.1,23.1,0.786,10.0,32.8,42.8,26.8,11.0,6.4,15.9,22.7,107.7,0.423,12.8,0.66,0.234,0.271,0.088,0.067,0.34,0.476,0.641,0.437,0.312,0.279,0.32,0.622,0.927,0.173,0.321,0.464,13.0,0.68,0.235,0.248,0.101,0.096,0.32,0.513,0.686,0.444,0.408,0.378,0.36,0.605,0.879,0.172,0.42,27.0,-7.23,0.92,-6.3,98.6,107.7,-9.1,79.2,0.295,0.34,0.523,0.478,16.6,22.0,0.226,0.522,14.2,76.1,0.211
LAS,2024,1.0,PHO,81,85,17.0,9.0,0.0,1.0,1.0,0.0,0.0,2.0,0.0,0.0,0.0,1.0,1.0,1.0,0.0,0.0,0.0,1.0,1.0,1.0,0.0,0.0,0.0,0.0,1.0,0.0,0.0,1.0,0.0,28.1,66.4,0.423,7.2,22.6,0.32,20.9,43.8,0.476,15.0,19.6,0.765,7.4,25.3,32.7,19.7,7.3,3.2,15.0,17.9,78.4,31.7,68.3,0.464,7.9,21.9,0.36,23.8,46.4,0.513,14.4,18.3,0.786,8.0,26.1,34.0,21.3,8.8,5.1,12.6,18.0,85.6,35.4,83.5,0.423,9.1,28.4,0.32,26.3,55.1,0.476,18.8,24.6,0.765,9.2,31.9,41.1,24.8,9.2,4.1,18.8,22.5,98.6,39.8,85.9,0.464,9.9,27.5,0.36,29.9,58.4,0.513,18.1,23.1,0.786,10.0,32.8,42.8,26.8,11.0,6.4,15.9,22.7,107.7,0.423,12.8,0.66,0.234,0.271,0.088,0.067,0.34,0.476,0.641,0.437,0.312,0.279,0.32,0.622,0.927,0.173,0.321,0.464,13.0,0.68,0.235,0.248,0.101,0.096,0.32,0.513,0.686,0.444,0.408,0.378,0.36,0.605,0.879,0.172,0.42,27.0,-7.23,0.92,-6.3,98.6,107.7,-9.1,79.2,0.295,0.34,0.523,0.478,16.6,22.0,0.226,0.522,14.2,76.1,0.211
LAS,2024,0.0,MIN,68,51,19.0,9.0,0.0,1.0,1.0,0.0,0.0,2.0,0.0,0.0,0.0,1.0,1.0,1.0,0.0,0.0,0.0,1.0,1.0,1.0,0.0,0.0,0.0,0.0,1.0,0.0,0.0,1.0,0.0,28.1,66.4,0.423,7.2,22.6,0.32,20.9,43.8,0.476,15.0,19.6,0.765,7.4,25.3,32.7,19.7,7.3,3.2,15.0,17.9,78.4,31.7,68.3,0.464,7.9,21.9,0.36,23.8,46.4,0.513,14.4,18.3,0.786,8.0,26.1,34.0,21.3,8.8,5.1,12.6,18.0,85.6,35.4,83.5,0.423,9.1,28.4,0.32,26.3,55.1,0.476,18.8,24.6,0.765,9.2,31.9,41.1,24.8,9.2,4.1,18.8,22.5,98.6,39.8,85.9,0.464,9.9,27.5,0.36,29.9,58.4,0.513,18.1,23.1,0.786,10.0,32.8,42.8,26.8,11.0,6.4,15.9,22.7,107.7,0.423,12.8,0.66,0.234,0.271,0.088,0.067,0.34,0.476,0.641,0.437,0.312,0.279,0.32,0.622,0.927,0.173,0.321,0.464,13.0,0.68,0.235,0.248,0.101,0.096,0.32,0.513,0.686,0.444,0.408,0.378,0.36,0.605,0.879,0.172,0.42,27.0,-7.23,0.92,-6.3,98.6,107.7,-9.1,79.2,0.295,0.34,0.523,0.478,16.6,22.0,0.226,0.522,14.2,76.1,0.211
LVA,2024,1.0,PHO,89,80,14.0,5.0,1.0,1.0,2.0,0.0,1.0,1.0,1.0,1.0,2.0,0.0,1.0,1.0,2.0,1.0,0.0,0.0,0.0,1.0,0.0,1.0,1.0,0.0,1.0,1.0,1.0,0.0,1.0,30.9,68.1,0.454,9.4,26.5,0.355,21.5,41.7,0.516,15.2,18.3,0.828,5.6,28.5,34.1,20.5,7.1,5.0,10.8,16.5,86.4,30.1,69.5,0.433,7.7,22.0,0.35,22.4,47.5,0.471,13.1,17.2,0.761,7.4,28.1,35.5,19.9,6.5,3.6,12.6,17.2,80.9,38.6,85.2,0.454,11.8,33.1,0.355,26.9,52.1,0.516,19.0,22.9,0.828,7.0,35.7,42.6,25.6,8.8,6.2,13.5,20.7,108.0,37.6,86.9,0.433,9.6,27.5,0.35,27.9,59.4,0.471,16.4,21.5,0.761,9.2,35.1,44.3,24.9,8.1,4.5,15.8,21.5,101.2,0.454,14.5,0.612,0.114,0.297,0.117,0.084,0.388,0.516,0.694,0.509,0.406,0.454,0.355,0.585,0.843,0.242,0.359,0.433,14.0,0.684,0.134,0.312,0.128,0.11,0.316,0.47,0.642,0.46,0.389,0.384,0.351,0.6,0.841,0.161,0.411,29.6,5.48,-0.7,4.77,108.0,101.2,6.8,79.7,0.269,0.388,0.567,0.523,12.4,16.6,0.223,0.488,14.1,79.5,0.189
LVA,2024,1.0,LAS,89,82,18.0,5.0,1.0,1.0,2.0,0.0,1.0,1.0,1.0,1.0,2.0,0.0,1.0,1.0,2.0,1.0,0.0,0.0,0.0,1.0,0.0,1.0,1.0,0.0,1.0,1.0,1.0,0.0,1.0,30.9,68.1,0.454,9.4,26.5,0.355,21.5,41.7,0.516,15.2,18.3,0.828,5.6,28.5,34.1,20.5,7.1,5.0,10.8,16.5,86.4,30.1,69.5,0.433,7.7,22.0,0.35,22.4,47.5,0.471,13.1,17.2,0.761,7.4,28.1,35.5,19.9,6.5,3.6,12.6,17.2,80.9,38.6,85.2,0.454,11.8,33.1,0.355,26.9,52.1,0.516,19.0,22.9,0.828,7.0,35.7,42.6,25.6,8.8,6.2,13.5,20.7,108.0,37.6,86.9,0.433,9.6,27.5,0.35,27.9,59.4,0.471,16.4,21.5,0.761,9.2,35.1,44.3,24.9,8.1,4.5,15.8,21.5,101.2,0.454,14.5,0.612,0.114,0.297,0.117,0.084,0.388,0.516,0.694,0.509,0.406,0.454,0.355,0.585,0.843,0.242,0.359,0.433,14.0,0.684,0.134,0.312,0.128,0.11,0.316,0.47,0.642,0.46,0.389,0.384,0.351,0.6,0.841,0.161,0.411,29.6,5.48,-0.7,4.77,108.0,101.2,6.8,79.7,0.269,0.388,0.567,0.523,12.4,16.6,0.223,0.488,14.1,79.5,0.189
LVA,2024,1.0,PHO,88,98,21.0,5.0,1.0,1.0,2.0,0.0,1.0,1.0,1.0,1.0,2.0,0.0,1.0,1.0,2.0,1.0,0.0,0.0,0.0,1.0,0.0,1.0,1.0,0.0,1.0,1.0,1.0,0.0,1.0,30.9,68.1,0.454,9.4,26.5,0.355,21.5,41.7,0.516,15.2,18.3,0.828,5.6,28.5,34.1,20.5,7.1,5.0,10.8,16.5,86.4,30.1,69.5,0.433,7.7,22.0,0.35,22.4,47.5,0.471,13.1,17.2,0.761,7.4,28.1,35.5,19.9,6.5,3.6,12.6,17.2,80.9,38.6,85.2,0.454,11.8,33.1,0.355,26.9,52.1,0.516,19.0,22.9,0.828,7.0,35.7,42.6,25.6,8.8,6.2,13.5,20.7,108.0,37.6,86.9,0.433,9.6,27.5,0.35,27.9,59.4,0.471,16.4,21.5,0.761,9.2,35.1,44.3,24.9,8.1,4.5,15.8,21.5,101.2,0.454,14.5,0.612,0.114,0.297,0.117,0.084,0.388,0.516,0.694,0.509,0.406,0.454,0.355,0.585,0.843,0.242,0.359,0.433,14.0,0.684,0.134,0.312,0.128,0.11,0.316,0.47,0.642,0.46,0.389,0.384,0.351,0.6,0.841,0.161,0.411,29.6,5.48,-0.7,4.77,108.0,101.2,6.8,79.7,0.269,0.388,0.567,0.523,12.4,16.6,0.223,0.488,14.1,79.5,0.189
LVA,2024,1.0,IND,99,80,25.0,5.0,1.0,1.0,2.0,0.0,1.0,1.0,2.0,1.0,2.0,1.0,1.0,1.0,2.0,1.0,0.0,1.0,0.0,1.0,0.0,1.0,1.0,0.0,1.0,1.0,1.0,0.0,1.0,30.9,68.1,0.454,9.4,26.5,0.355,21.5,41.7,0.516,15.2,18.3,0.828,5.6,28.5,34.1,20.5,7.1,5.0,10.8,16.5,86.4,30.1,69.5,0.433,7.7,22.0,0.35,22.4,47.5,0.471,13.1,17.2,0.761,7.4,28.1,35.5,19.9,6.5,3.6,12.6,17.2,80.9,38.6,85.2,0.454,11.8,33.1,0.355,26.9,52.1,0.516,19.0,22.9,0.828,7.0,35.7,42.6,25.6,8.8,6.2,13.5,20.7,108.0,37.6,86.9,0.433,9.6,27.5,0.35,27.9,59.4,0.471,16.4,21.5,0.761,9.2,35.1,44.3,24.9,8.1,4.5,15.8,21.5,101.2,0.454,14.5,0.612,0.114,0.297,0.117,0.084,0.388,0.516,0.694,0.509,0.406,0.454,0.355,0.585,0.843,0.242,0.359,0.433,14.0,0.684,0.134,0.312,0.128,0.11,0.316,0.47,0.642,0.46,0.389,0.384,0.351,0.6,0.841,0.161,0.411,29.6,5.48,-0.7,4.77,108.0,101.2,6.8,79.7,0.269,0.388,0.567,0.523,12.4,16.6,0.223,0.488,14.1,79.5,0.189
LVA,2024,0.0,MIN,80,66,29.0,5.0,1.0,1.0,2.0,0.0,1.0,1.0,2.0,1.0,2.0,0.0,1.0,1.0,2.0,1.0,0.0,0.0,0.0,1.0,0.0,1.0,1.0,0.0,1.0,1.0,1.0,0.0,1.0,30.9,68.1,0.454,9.4,26.5,0.355,21.5,41.7,0.516,15.2,18.3,0.828,5.6,28.5,34.1,20.5,7.1,5.0,10.8,16.5,86.4,30.1,69.5,0.433,7.7,22.0,0.35,22.4,47.5,0.471,13.1,17.2,0.761,7.4,28.1,35.5,19.9,6.5,3.6,12.6,17.2,80.9,38.6,85.2,0.454,11.8,33.1,0.355,26.9,52.1,0.516,19.0,22.9,0.828,7.0,35.7,42.6,25.6,8.8,6.2,13.5,20.7,108.0,37.6,86.9,0.433,9.6,27.5,0.35,27.9,59.4,0.471,16.4,21.5,0.761,9.2,35.1,44.3,24.9,8.1,4.5,15.8,21.5,101.2,0.454,14.5,0.612,0.114,0.297,0.117,0.084,0.388,0.516,0.694,0.509,0.406,0.454,0.355,0.585,0.843,0.242,0.359,0.433,14.0,0.684,0.134,0.312,0.128,0.11,0.316,0.47,0.642,0.46,0.389,0.384,0.351,0.6,0.841,0.161,0.411,29.6,5.48,-0.7,4.77,108.0,101.2,6.8,79.7,0.269,0.388,0.567,0.523,12.4,16.6,0.223,0.488,14.1,79.5,0.189
LVA,2024,0.0,ATL,74,78,31.0,5.0,1.0,1.0,2.0,0.0,1.0,1.0,1.0,1.0,2.0,0.0,1.0,1.0,2.0,1.0,0.0,0.0,0.0,1.0,0.0,1.0,1.0,0.0,1.0,1.0,1.0,0.0,1.0,30.9,68.1,0.454,9.4,26.5,0.355,21.5,41.7,0.516,15.2,18.3,0.828,5.6,28.5,34.1,20.5,7.1,5.0,10.8,16.5,86.4,30.1,69.5,0.433,7.7,22.0,0.35,22.4,47.5,0.471,13.1,17.2,0.761,7.4,28.1,35.5,19.9,6.5,3.6,12.6,17.2,80.9,38.6,85.2,0.454,11.8,33.1,0.355,26.9,52.1,0.516,19.0,22.9,0.828,7.0,35.7,42.6,25.6,8.8,6.2,13.5,20.7,108.0,37.6,86.9,0.433,9.6,27.5,0.35,27.9,59.4,0.471,16.4,21.5,0.761,9.2,35.1,44.3,24.9,8.1,4.5,15.8,21.5,101.2,0.454,14.5,0.612,0.114,0.297,0.117,0.084,0.388,0.516,0.694,0.509,0.406,0.454,0.355,0.585,0.843,0.242,0.359,0.433,14.0,0.684,0.134,0.312,0.128,0.11,0.316,0.47,0.642,0.46,0.389,0.384,0.351,0.6,0.841,0.161,0.411,29.6,5.48,-0.7,4.77,108.0,101.2,6.8,79.7,0.269,0.388,0.567,0.523,12.4,16.6,0.223,0.488,14.1,79.5,0.189
LVA,2024,0.0,DAL,95,81,5.0,6.0,1.0,1.0,2.0,0.0,1.0,1.0,2.0,1.0,2.0,0.0,1.0,1.0,2.0,1.0,0.0,0.0,0.0,1.0,0.0,1.0,1.0,0.0,1.0,1.0,1.0,0.0,1.0,30.9,68.1,0.454,9.4,26.5,0.355,21.5,41.7,0.516,15.2,18.3,0.828,5.6,28.5,34.1,20.5,7.1,5.0,10.8,16.5,86.4,30.1,69.5,0.433,7.7,22.0,0.35,22.4,47.5,0.471,13.1,17.2,0.761,7.4,28.1,35.5,19.9,6.5,3.6,12.6,17.2,80.9,38.6,85.2,0.454,11.8,33.1,0.355,26.9,52.1,0.516,19.0,22.9,0.828,7.0,35.7,42.6,25.6,8.8,6.2,13.5,20.7,108.0,37.6,86.9,0.433,9.6,27.5,0.35,27.9,59.4,0.471,16.4,21.5,0.761,9.2,35.1,44.3,24.9,8.1,4.5,15.8,21.5,101.2,0.454,14.5,0.612,0.114,0.297,0.117,0.084,0.388,0.516,0.694,0.509,0.406,0.454,0.355,0.585,0.843,0.242,0.359,0.433,14.0,0.684,0.134,0.312,0.128,0.11,0.316,0.47,0.642,0.46,0.389,0.384,0.351,0.6,0.841,0.161,0.411,29.6,5.48,-0.7,4.77,108.0,101.2,6.8,79.7,0.269,0.388,0.567,0.523,12.4,16.6,0.223,0.488,14.1,79.5,0.189
LVA,2024,1.0,SEA,65,78,7.0,6.0,1.0,1.0,2.0,0.0,1.0,1.0,1.0,1.0,2.0,0.0,1.0,1.0,2.0,1.0,0.0,0.0,0.0,1.0,0.0,1.0,1.0,0.0,1.0,1.0,1.0,0.0,1.0,30.9,68.1,0.454,9.4,26.5,0.355,21.5,41.7,0.516,15.2,18.3,0.828,5.6,28.5,34.1,20.5,7.1,5.0,10.8,16.5,86.4,30.1,69.5,0.433,7.7,22.0,0.35,22.4,47.5,0.471,13.1,17.2,0.761,7.4,28.1,35.5,19.9,6.5,3.6,12.6,17.2,80.9,38.6,85.2,0.454,11.8,33.1,0.355,26.9,52.1,0.516,19.0,22.9,0.828,7.0,35.7,42.6,25.6,8.8,6.2,13.5,20.7,108.0,37.6,86.9,0.433,9.6,27.5,0.35,27.9,59.4,0.471,16.4,21.5,0.761,9.2,35.1,44.3,24.9,8.1,4.5,15.8,21.5,101.2,0.454,14.5,0.612,0.114,0.297,0.117,0.084,0.388,0.516,0.694,0.509,0.406,0.454,0.355,0.585,0.843,0.242,0.359,0.433,14.0,0.684,0.134,0.312,0.128,0.11,0.316,0.47,0.642,0.46,0.389,0.384,0.351,0.6,0.841,0.161,0.411,29.6,5.48,-0.7,4.77,108.0,101.2,6.8,79.7,0.269,0.388,0.567,0.523,12.4,16.6,0.223,0.488,14.1,79.5,0.189
LVA,2024,0.0,LAS,92,96,9.0,6.0,1.0,1.0,2.0,0.0,1.0,1.0,1.0,1.0,1.0,0.0,1.0,1.0,2.0,1.0,0.0,0.0,0.0,0.0,0.0,1.0,1.0,0.0,1.0,1.0,1.0,0.0,1.0,30.9,68.1,0.454,9.4,26.5,0.355,21.5,41.7,0.516,15.2,18.3,0.828,5.6,28.5,34.1,20.5,7.1,5.0,10.8,16.5,86.4,30.1,69.5,0.433,7.7,22.0,0.35,22.4,47.5,0.471,13.1,17.2,0.761,7.4,28.1,35.5,19.9,6.5,3.6,12.6,17.2,80.9,38.6,85.2,0.454,11.8,33.1,0.355,26.9,52.1,0.516,19.0,22.9,0.828,7.0,35.7,42.6,25.6,8.8,6.2,13.5,20.7,108.0,37.6,86.9,0.433,9.6,27.5,0.35,27.9,59.4,0.471,16.4,21.5,0.761,9.2,35.1,44.3,24.9,8.1,4.5,15.8,21.5,101.2,0.454,14.5,0.612,0.114,0.297,0.117,0.084,0.388,0.516,0.694,0.509,0.406,0.454,0.355,0.585,0.843,0.242,0.359,0.433,14.0,0.684,0.134,0.312,0.128,0.11,0.316,0.47,0.642,0.46,0.389,0.384,0.351,0.6,0.841,0.161,0.411,29.6,5.48,-0.7,4.77,108.0,101.2,6.8,79.7,0.269,0.388,0.567,0.523,12.4,16.6,0.223,0.488,14.1,79.5,0.189
LVA,2024,1.0,MIN,86,100,11.0,6.0,1.0,1.0,2.0,0.0,1.0,1.0,2.0,1.0,2.0,0.0,1.0,1.0,2.0,1.0,0.0,0.0,0.0,1.0,0.0,1.0,1.0,0.0,1.0,1.0,1.0,0.0,1.0,30.9,68.1,0.454,9.4,26.5,0.355,21.5,41.7,0.516,15.2,18.3,0.828,5.6,28.5,34.1,20.5,7.1,5.0,10.8,16.5,86.4,30.1,69.5,0.433,7.7,22.0,0.35,22.4,47.5,0.471,13.1,17.2,0.761,7.4,28.1,35.5,19.9,6.5,3.6,12.6,17.2,80.9,38.6,85.2,0.454,11.8,33.1,0.355,26.9,52.1,0.516,19.0,22.9,0.828,7.0,35.7,42.6,25.6,8.8,6.2,13.5,20.7,108.0,37.6,86.9,0.433,9.6,27.5,0.35,27.9,59.4,0.471,16.4,21.5,0.761,9.2,35.1,44.3,24.9,8.1,4.5,15.8,21.5,101.2,0.454,14.5,0.612,0.114,0.297,0.117,0.084,0.388,0.516,0.694,0.509,0.406,0.454,0.355,0.585,0.843,0.242,0.359,0.433,14.0,0.684,0.134,0.312,0.128,0.11,0.316,0.47,0.642,0.46,0.389,0.384,0.351,0.6,0.841,0.161,0.411,29.6,5.48,-0.7,4.77,108.0,101.2,6.8,79.7,0.269,0.388,0.567,0.523,12.4,16.6,0.223,0.488,14.1,79.5,0.189
LVA,2024,0.0,PHO,103,99,13.0,6.0,1.0,1.0,2.0,0.0,1.0,1.0,1.0,1.0,2.0,0.0,1.0,1.0,2.0,1.0,0.0,0.0,0.0,1.0,0.0,1.0,1.0,0.0,1.0,1.0,1.0,0.0,1.0,30.9,68.1,0.454,9.4,26.5,0.355,21.5,41.7,0.516,15.2,18.3,0.828,5.6,28.5,34.1,20.5,7.1,5.0,10.8,16.5,86.4,30.1,69.5,0.433,7.7,22.0,0.35,22.4,47.5,0.471,13.1,17.2,0.761,7.4,28.1,35.5,19.9,6.5,3.6,12.6,17.2,80.9,38.6,85.2,0.454,11.8,33.1,0.355,26.9,52.1,0.516,19.0,22.9,0.828,7.0,35.7,42.6,25.6,8.8,6.2,13.5,20.7,108.0,37.6,86.9,0.433,9.6,27.5,0.35,27.9,59.4,0.471,16.4,21.5,0.761,9.2,35.1,44.3,24.9,8.1,4.5,15.8,21.5,101.2,0.454,14.5,0.612,0.114,0.297,0.117,0.084,0.388,0.516,0.694,0.509,0.406,0.454,0.355,0.585,0.843,0.242,0.359,0.433,14.0,0.684,0.134,0.312,0.128,0.11,0.316,0.47,0.642,0.46,0.389,0.384,0.351,0.6,0.841,0.161,0.411,29.6,5.48,-0.7,4.77,108.0,101.2,6.8,79.7,0.269,0.388,0.567,0.523,12.4,16.6,0.223,0.488,14.1,79.5,0.189
LVA,2024,1.0,NYL,82,90,15.0,6.0,1.0,1.0,2.0,0.0,1.0,1.0,2.0,1.0,2.0,0.0,1.0,1.0,2.0,1.0,0.0,0.0,0.0,1.0,0.0,1.0,1.0,0.0,1.0,1.0,1.0,0.0,1.0,30.9,68.1,0.454,9.4,26.5,0.355,21.5,41.7,0.516,15.2,18.3,0.828,5.6,28.5,34.1,20.5,7.1,5.0,10.8,16.5,86.4,30.1,69.5,0.433,7.7,22.0,0.35,22.4,47.5,0.471,13.1,17.2,0.761,7.4,28.1,35.5,19.9,6.5,3.6,12.6,17.2,80.9,38.6,85.2,0.454,11.8,33.1,0.355,26.9,52.1,0.516,19.0,22.9,0.828,7.0,35.7,42.6,25.6,8.8,6.2,13.5,20.7,108.0,37.6,86.9,0.433,9.6,27.5,0.35,27.9,59.4,0.471,16.4,21.5,0.761,9.2,35.1,44.3,24.9,8.1,4.5,15.8,21.5,101.2,0.454,14.5,0.612,0.114,0.297,0.117,0.084,0.388,0.516,0.694,0.509,0.406,0.454,0.355,0.585,0.843,0.242,0.359,0.433,14.0,0.684,0.134,0.312,0.128,0.11,0.316,0.47,0.642,0.46,0.389,0.384,0.351,0.6,0.841,0.161,0.411,29.6,5.48,-0.7,4.77,108.0,101.2,6.8,79.7,0.269,0.388,0.567,0.523,12.4,16.6,0.223,0.488,14.1,79.5,0.189
LVA,2024,1.0,SEA,94,83,19.0,6.0,1.0,1.0,2.0,0.0,1.0,1.0,1.0,1.0,2.0,0.0,1.0,1.0,2.0,1.0,0.0,0.0,0.0,1.0,0.0,1.0,1.0,0.0,1.0,1.0,1.0,0.0,1.0,30.9,68.1,0.454,9.4,26.5,0.355,21.5,41.7,0.516,15.2,18.3,0.828,5.6,28.5,34.1,20.5,7.1,5.0,10.8,16.5,86.4,30.1,69.5,0.433,7.7,22.0,0.35,22.4,47.5,0.471,13.1,17.2,0.761,7.4,28.1,35.5,19.9,6.5,3.6,12.6,17.2,80.9,38.6,85.2,0.454,11.8,33.1,0.355,26.9,52.1,0.516,19.0,22.9,0.828,7.0,35.7,42.6,25.6,8.8,6.2,13.5,20.7,108.0,37.6,86.9,0.433,9.6,27.5,0.35,27.9,59.4,0.471,16.4,21.5,0.761,9.2,35.1,44.3,24.9,8.1,4.5,15.8,21.5,101.2,0.454,14.5,0.612,0.114,0.297,0.117,0.084,0.388,0.516,0.694,0.509,0.406,0.454,0.355,0.585,0.843,0.242,0.359,0.433,14.0,0.684,0.134,0.312,0.128,0.11,0.316,0.47,0.642,0.46,0.389,0.384,0.351,0.6,0.841,0.161,0.411,29.6,5.48,-0.7,4.77,108.0,101.2,6.8,79.7,0.269,0.388,0.567,0.523,12.4,16.6,0.223,0.488,14.1,79.5,0.189
LVA,2024,1.0,CON,85,74,21.0,6.0,1.0,1.0,2.0,0.0,1.0,1.0,1.0,1.0,2.0,0.0,1.0,1.0,2.0,1.0,0.0,0.0,0.0,1.0,0.0,1.0,1.0,0.0,1.0,1.0,1.0,0.0,1.0,30.9,68.1,0.454,9.4,26.5,0.355,21.5,41.7,0.516,15.2,18.3,0.828,5.6,28.5,34.1,20.5,7.1,5.0,10.8,16.5,86.4,30.1,69.5,0.433,7.7,22.0,0.35,22.4,47.5,0.471,13.1,17.2,0.761,7.4,28.1,35.5,19.9,6.5,3.6,12.6,17.2,80.9,38.6,85.2,0.454,11.8,33.1,0.355,26.9,52.1,0.516,19.0,22.9,0.828,7.0,35.7,42.6,25.6,8.8,6.2,13.5,20.7,108.0,37.6,86.9,0.433,9.6,27.5,0.35,27.9,59.4,0.471,16.4,21.5,0.761,9.2,35.1,44.3,24.9,8.1,4.5,15.8,21.5,101.2,0.454,14.5,0.612,0.114,0.297,0.117,0.084,0.388,0.516,0.694,0.509,0.406,0.454,0.355,0.585,0.843,0.242,0.359,0.433,14.0,0.684,0.134,0.312,0.128,0.11,0.316,0.47,0.642,0.46,0.389,0.384,0.351,0.6,0.841,0.161,0.411,29.6,5.48,-0.7,4.77,108.0,101.2,6.8,79.7,0.269,0.388,0.567,0.523,12.4,16.6,0.223,0.488,14.1,79.5,0.189
LVA,2024,0.0,CHI,95,83,27.0,6.0,1.0,1.0,2.0,0.0,1.0,1.0,1.0,1.0,2.0,0.0,1.0,1.0,2.0,1.0,0.0,0.0,0.0,1.0,0.0,1.0,1.0,0.0,1.0,1.0,1.0,0.0,1.0,30.9,68.1,0.454,9.4,26.5,0.355,21.5,41.7,0.516,15.2,18.3,0.828,5.6,28.5,34.1,20.5,7.1,5.0,10.8,16.5,86.4,30.1,69.5,0.433,7.7,22.0,0.35,22.4,47.5,0.471,13.1,17.2,0.761,7.4,28.1,35.5,19.9,6.5,3.6,12.6,17.2,80.9,38.6,85.2,0.454,11.8,33.1,0.355,26.9,52.1,0.516,19.0,22.9,0.828,7.0,35.7,42.6,25.6,8.8,6.2,13.5,20.7,108.0,37.6,86.9,0.433,9.6,27.5,0.35,27.9,59.4,0.471,16.4,21.5,0.761,9.2,35.1,44.3,24.9,8.1,4.5,15.8,21.5,101.2,0.454,14.5,0.612,0.114,0.297,0.117,0.084,0.388,0.516,0.694,0.509,0.406,0.454,0.355,0.585,0.843,0.242,0.359,0.433,14.0,0.684,0.134,0.312,0.128,0.11,0.316,0.47,0.642,0.46,0.389,0.384,0.351,0.6,0.841,0.161,0.411,29.6,5.48,-0.7,4.77,108.0,101.2,6.8,79.7,0.269,0.388,0.567,0.523,12.4,16.6,0.223,0.488,14.1,79.5,0.189
LVA,2024,0.0,WAS,88,77,29.0,6.0,1.0,1.0,2.0,0.0,1.0,1.0,1.0,1.0,2.0,0.0,1.0,1.0,2.0,1.0,0.0,0.0,0.0,1.0,0.0,1.0,1.0,0.0,1.0,1.0,1.0,0.0,1.0,30.9,68.1,0.454,9.4,26.5,0.355,21.5,41.7,0.516,15.2,18.3,0.828,5.6,28.5,34.1,20.5,7.1,5.0,10.8,16.5,86.4,30.1,69.5,0.433,7.7,22.0,0.35,22.4,47.5,0.471,13.1,17.2,0.761,7.4,28.1,35.5,19.9,6.5,3.6,12.6,17.2,80.9,38.6,85.2,0.454,11.8,33.1,0.355,26.9,52.1,0.516,19.0,22.9,0.828,7.0,35.7,42.6,25.6,8.8,6.2,13.5,20.7,108.0,37.6,86.9,0.433,9.6,27.5,0.35,27.9,59.4,0.471,16.4,21.5,0.761,9.2,35.1,44.3,24.9,8.1,4.5,15.8,21.5,101.2,0.454,14.5,0.612,0.114,0.297,0.117,0.084,0.388,0.516,0.694,0.509,0.406,0.454,0.355,0.585,0.843,0.242,0.359,0.433,14.0,0.684,0.134,0.312,0.128,0.11,0.316,0.47,0.642,0.46,0.389,0.384,0.351,0.6,0.841,0.161,0.411,29.6,5.48,-0.7,4.77,108.0,101.2,6.8,79.7,0.269,0.388,0.567,0.523,12.4,16.6,0.223,0.488,14.1,79.5,0.189
LVA,2024,1.0,IND,88,69,2.0,7.0,1.0,1.0,2.0,0.0,1.0,1.0,1.0,1.0,2.0,0.0,1.0,1.0,2.0,1.0,0.0,0.0,0.0,1.0,0.0,1.0,1.0,0.0,1.0,1.0,1.0,0.0,1.0,30.9,68.1,0.454,9.4,26.5,0.355,21.5,41.7,0.516,15.2,18.3,0.828,5.6,28.5,34.1,20.5,7.1,5.0,10.8,16.5,86.4,30.1,69.5,0.433,7.7,22.0,0.35,22.4,47.5,0.471,13.1,17.2,0.761,7.4,28.1,35.5,19.9,6.5,3.6,12.6,17.2,80.9,38.6,85.2,0.454,11.8,33.1,0.355,26.9,52.1,0.516,19.0,22.9,0.828,7.0,35.7,42.6,25.6,8.8,6.2,13.5,20.7,108.0,37.6,86.9,0.433,9.6,27.5,0.35,27.9,59.4,0.471,16.4,21.5,0.761,9.2,35.1,44.3,24.9,8.1,4.5,15.8,21.5,101.2,0.454,14.5,0.612,0.114,0.297,0.117,0.084,0.388,0.516,0.694,0.509,0.406,0.454,0.355,0.585,0.843,0.242,0.359,0.433,14.0,0.684,0.134,0.312,0.128,0.11,0.316,0.47,0.642,0.46,0.389,0.384,0.351,0.6,0.841,0.161,0.411,29.6,5.48,-0.7,4.77,108.0,101.2,6.8,79.7,0.269,0.388,0.567,0.523,12.4,16.6,0.223,0.488,14.1,79.5,0.189
LVA,2024,1.0,WAS,98,77,4.0,7.0,1.0,1.0,2.0,0.0,1.0,1.0,1.0,1.0,2.0,0.0,1.0,1.0,2.0,1.0,0.0,0.0,0.0,1.0,0.0,1.0,1.0,0.0,1.0,1.0,1.0,0.0,1.0,30.9,68.1,0.454,9.4,26.5,0.355,21.5,41.7,0.516,15.2,18.3,0.828,5.6,28.5,34.1,20.5,7.1,5.0,10.8,16.5,86.4,30.1,69.5,0.433,7.7,22.0,0.35,22.4,47.5,0.471,13.1,17.2,0.761,7.4,28.1,35.5,19.9,6.5,3.6,12.6,17.2,80.9,38.6,85.2,0.454,11.8,33.1,0.355,26.9,52.1,0.516,19.0,22.9,0.828,7.0,35.7,42.6,25.6,8.8,6.2,13.5,20.7,108.0,37.6,86.9,0.433,9.6,27.5,0.35,27.9,59.4,0.471,16.4,21.5,0.761,9.2,35.1,44.3,24.9,8.1,4.5,15.8,21.5,101.2,0.454,14.5,0.612,0.114,0.297,0.117,0.084,0.388,0.516,0.694,0.509,0.406,0.454,0.355,0.585,0.843,0.242,0.359,0.433,14.0,0.684,0.134,0.312,0.128,0.11,0.316,0.47,0.642,0.46,0.389,0.384,0.351,0.6,0.841,0.161,0.411,29.6,5.48,-0.7,4.77,108.0,101.2,6.8,79.7,0.269,0.388,0.567,0.523,12.4,16.6,0.223,0.488,14.1,79.5,0.189
LVA,2024,0.0,LAS,93,98,5.0,7.0,1.0,1.0,2.0,0.0,1.0,1.0,1.0,1.0,2.0,0.0,1.0,1.0,2.0,1.0,0.0,0.0,0.0,1.0,0.0,1.0,1.0,0.0,1.0,1.0,1.0,0.0,1.0,30.9,68.1,0.454,9.4,26.5,0.355,21.5,41.7,0.516,15.2,18.3,0.828,5.6,28.5,34.1,20.5,7.1,5.0,10.8,16.5,86.4,30.1,69.5,0.433,7.7,22.0,0.35,22.4,47.5,0.471,13.1,17.2,0.761,7.4,28.1,35.5,19.9,6.5,3.6,12.6,17.2,80.9,38.6,85.2,0.454,11.8,33.1,0.355,26.9,52.1,0.516,19.0,22.9,0.828,7.0,35.7,42.6,25.6,8.8,6.2,13.5,20.7,108.0,37.6,86.9,0.433,9.6,27.5,0.35,27.9,59.4,0.471,16.4,21.5,0.761,9.2,35.1,44.3,24.9,8.1,4.5,15.8,21.5,101.2,0.454,14.5,0.612,0.114,0.297,0.117,0.084,0.388,0.516,0.694,0.509,0.406,0.454,0.355,0.585,0.843,0.242,0.359,0.433,14.0,0.684,0.134,0.312,0.128,0.11,0.316,0.47,0.642,0.46,0.389,0.384,0.351,0.6,0.841,0.161,0.411,29.6,5.48,-0.7,4.77,108.0,101.2,6.8,79.7,0.269,0.388,0.567,0.523,12.4,16.6,0.223,0.488,14.1,79.5,0.189
LVA,2024,1.0,DAL,104,85,7.0,7.0,1.0,1.0,2.0,0.0,1.0,1.0,1.0,1.0,2.0,0.0,1.0,1.0,2.0,1.0,0.0,0.0,0.0,1.0,0.0,1.0,1.0,0.0,1.0,1.0,1.0,0.0,1.0,30.9,68.1,0.454,9.4,26.5,0.355,21.5,41.7,0.516,15.2,18.3,0.828,5.6,28.5,34.1,20.5,7.1,5.0,10.8,16.5,86.4,30.1,69.5,0.433,7.7,22.0,0.35,22.4,47.5,0.471,13.1,17.2,0.761,7.4,28.1,35.5,19.9,6.5,3.6,12.6,17.2,80.9,38.6,85.2,0.454,11.8,33.1,0.355,26.9,52.1,0.516,19.0,22.9,0.828,7.0,35.7,42.6,25.6,8.8,6.2,13.5,20.7,108.0,37.6,86.9,0.433,9.6,27.5,0.35,27.9,59.4,0.471,16.4,21.5,0.761,9.2,35.1,44.3,24.9,8.1,4.5,15.8,21.5,101.2,0.454,14.5,0.612,0.114,0.297,0.117,0.084,0.388,0.516,0.694,0.509,0.406,0.454,0.355,0.585,0.843,0.242,0.359,0.433,14.0,0.684,0.134,0.312,0.128,0.11,0.316,0.47,0.642,0.46,0.389,0.384,0.351,0.6,0.841,0.161,0.411,29.6,5.48,-0.7,4.77,108.0,101.2,6.8,79.7,0.269,0.388,0.567,0.523,12.4,16.6,0.223,0.488,14.1,79.5,0.189
LVA,2024,0.0,SEA,84,79,10.0,7.0,1.0,1.0,2.0,0.0,1.0,1.0,0.0,1.0,2.0,0.0,1.0,1.0,2.0,1.0,0.0,0.0,0.0,1.0,0.0,1.0,1.0,0.0,1.0,1.0,1.0,0.0,1.0,30.9,68.1,0.454,9.4,26.5,0.355,21.5,41.7,0.516,15.2,18.3,0.828,5.6,28.5,34.1,20.5,7.1,5.0,10.8,16.5,86.4,30.1,69.5,0.433,7.7,22.0,0.35,22.4,47.5,0.471,13.1,17.2,0.761,7.4,28.1,35.5,19.9,6.5,3.6,12.6,17.2,80.9,38.6,85.2,0.454,11.8,33.1,0.355,26.9,52.1,0.516,19.0,22.9,0.828,7.0,35.7,42.6,25.6,8.8,6.2,13.5,20.7,108.0,37.6,86.9,0.433,9.6,27.5,0.35,27.9,59.4,0.471,16.4,21.5,0.761,9.2,35.1,44.3,24.9,8.1,4.5,15.8,21.5,101.2,0.454,14.5,0.612,0.114,0.297,0.117,0.084,0.388,0.516,0.694,0.509,0.406,0.454,0.355,0.585,0.843,0.242,0.359,0.433,14.0,0.684,0.134,0.312,0.128,0.11,0.316,0.47,0.642,0.46,0.389,0.384,0.351,0.6,0.841,0.161,0.411,29.6,5.48,-0.7,4.77,108.0,101.2,6.8,79.7,0.269,0.388,0.567,0.523,12.4,16.6,0.223,0.488,14.1,79.5,0.189
LVA,2024,0.0,ATL,84,70,12.0,7.0,1.0,1.0,2.0,0.0,1.0,1.0,0.0,1.0,2.0,0.0,1.0,1.0,2.0,1.0,0.0,0.0,0.0,1.0,0.0,1.0,1.0,0.0,1.0,1.0,1.0,0.0,1.0,30.9,68.1,0.454,9.4,26.5,0.355,21.5,41.7,0.516,15.2,18.3,0.828,5.6,28.5,34.1,20.5,7.1,5.0,10.8,16.5,86.4,30.1,69.5,0.433,7.7,22.0,0.35,22.4,47.5,0.471,13.1,17.2,0.761,7.4,28.1,35.5,19.9,6.5,3.6,12.6,17.2,80.9,38.6,85.2,0.454,11.8,33.1,0.355,26.9,52.1,0.516,19.0,22.9,0.828,7.0,35.7,42.6,25.6,8.8,6.2,13.5,20.7,108.0,37.6,86.9,0.433,9.6,27.5,0.35,27.9,59.4,0.471,16.4,21.5,0.761,9.2,35.1,44.3,24.9,8.1,4.5,15.8,21.5,101.2,0.454,14.5,0.612,0.114,0.297,0.117,0.084,0.388,0.516,0.694,0.509,0.406,0.454,0.355,0.585,0.843,0.242,0.359,0.433,14.0,0.684,0.134,0.312,0.128,0.11,0.316,0.47,0.642,0.46,0.389,0.384,0.351,0.6,0.841,0.161,0.411,29.6,5.48,-0.7,4.77,108.0,101.2,6.8,79.7,0.269,0.388,0.567,0.523,12.4,16.6,0.223,0.488,14.1,79.5,0.189
LVA,2024,0.0,WAS,89,77,14.0,7.0,1.0,1.0,2.0,0.0,1.0,1.0,1.0,1.0,2.0,0.0,1.0,1.0,2.0,1.0,0.0,0.0,0.0,1.0,0.0,1.0,1.0,0.0,1.0,1.0,1.0,0.0,1.0,30.9,68.1,0.454,9.4,26.5,0.355,21.5,41.7,0.516,15.2,18.3,0.828,5.6,28.5,34.1,20.5,7.1,5.0,10.8,16.5,86.4,30.1,69.5,0.433,7.7,22.0,0.35,22.4,47.5,0.471,13.1,17.2,0.761,7.4,28.1,35.5,19.9,6.5,3.6,12.6,17.2,80.9,38.6,85.2,0.454,11.8,33.1,0.355,26.9,52.1,0.516,19.0,22.9,0.828,7.0,35.7,42.6,25.6,8.8,6.2,13.5,20.7,108.0,37.6,86.9,0.433,9.6,27.5,0.35,27.9,59.4,0.471,16.4,21.5,0.761,9.2,35.1,44.3,24.9,8.1,4.5,15.8,21.5,101.2,0.454,14.5,0.612,0.114,0.297,0.117,0.084,0.388,0.516,0.694,0.509,0.406,0.454,0.355,0.585,0.843,0.242,0.359,0.433,14.0,0.684,0.134,0.312,0.128,0.11,0.316,0.47,0.642,0.46,0.389,0.384,0.351,0.6,0.841,0.161,0.411,29.6,5.48,-0.7,4.77,108.0,101.2,6.8,79.7,0.269,0.388,0.567,0.523,12.4,16.6,0.223,0.488,14.1,79.5,0.189
LVA,2024,1.0,CHI,85,93,16.0,7.0,1.0,1.0,2.0,0.0,1.0,1.0,1.0,1.0,2.0,0.0,1.0,1.0,2.0,1.0,0.0,0.0,0.0,1.0,0.0,1.0,1.0,0.0,1.0,1.0,1.0,0.0,1.0,30.9,68.1,0.454,9.4,26.5,0.355,21.5,41.7,0.516,15.2,18.3,0.828,5.6,28.5,34.1,20.5,7.1,5.0,10.8,16.5,86.4,30.1,69.5,0.433,7.7,22.0,0.35,22.4,47.5,0.471,13.1,17.2,0.761,7.4,28.1,35.5,19.9,6.5,3.6,12.6,17.2,80.9,38.6,85.2,0.454,11.8,33.1,0.355,26.9,52.1,0.516,19.0,22.9,0.828,7.0,35.7,42.6,25.6,8.8,6.2,13.5,20.7,108.0,37.6,86.9,0.433,9.6,27.5,0.35,27.9,59.4,0.471,16.4,21.5,0.761,9.2,35.1,44.3,24.9,8.1,4.5,15.8,21.5,101.2,0.454,14.5,0.612,0.114,0.297,0.117,0.084,0.388,0.516,0.694,0.509,0.406,0.454,0.355,0.585,0.843,0.242,0.359,0.433,14.0,0.684,0.134,0.312,0.128,0.11,0.316,0.47,0.642,0.46,0.389,0.384,0.351,0.6,0.841,0.161,0.411,29.6,5.48,-0.7,4.77,108.0,101.2,6.8,79.7,0.269,0.388,0.567,0.523,12.4,16.6,0.223,0.488,14.1,79.5,0.189
LVA,2024,1.0,NYL,67,79,17.0,8.0,1.0,1.0,2.0,0.0,1.0,1.0,1.0,1.0,2.0,0.0,1.0,1.0,2.0,1.0,0.0,0.0,0.0,1.0,0.0,1.0,1.0,0.0,1.0,1.0,1.0,0.0,1.0,30.9,68.1,0.454,9.4,26.5,0.355,21.5,41.7,0.516,15.2,18.3,0.828,5.6,28.5,34.1,20.5,7.1,5.0,10.8,16.5,86.4,30.1,69.5,0.433,7.7,22.0,0.35,22.4,47.5,0.471,13.1,17.2,0.761,7.4,28.1,35.5,19.9,6.5,3.6,12.6,17.2,80.9,38.6,85.2,0.454,11.8,33.1,0.355,26.9,52.1,0.516,19.0,22.9,0.828,7.0,35.7,42.6,25.6,8.8,6.2,13.5,20.7,108.0,37.6,86.9,0.433,9.6,27.5,0.35,27.9,59.4,0.471,16.4,21.5,0.761,9.2,35.1,44.3,24.9,8.1,4.5,15.8,21.5,101.2,0.454,14.5,0.612,0.114,0.297,0.117,0.084,0.388,0.516,0.694,0.509,0.406,0.454,0.355,0.585,0.843,0.242,0.359,0.433,14.0,0.684,0.134,0.312,0.128,0.11,0.316,0.47,0.642,0.46,0.389,0.384,0.351,0.6,0.841,0.161,0.411,29.6,5.48,-0.7,4.77,108.0,101.2,6.8,79.7,0.269,0.388,0.567,0.523,12.4,16.6,0.223,0.488,14.1,79.5,0.189
LVA,2024,1.0,LAS,87,71,18.0,8.0,1.0,1.0,2.0,0.0,1.0,1.0,1.0,1.0,2.0,0.0,1.0,1.0,2.0,1.0,0.0,0.0,0.0,1.0,0.0,1.0,1.0,0.0,1.0,1.0,1.0,0.0,1.0,30.9,68.1,0.454,9.4,26.5,0.355,21.5,41.7,0.516,15.2,18.3,0.828,5.6,28.5,34.1,20.5,7.1,5.0,10.8,16.5,86.4,30.1,69.5,0.433,7.7,22.0,0.35,22.4,47.5,0.471,13.1,17.2,0.761,7.4,28.1,35.5,19.9,6.5,3.6,12.6,17.2,80.9,38.6,85.2,0.454,11.8,33.1,0.355,26.9,52.1,0.516,19.0,22.9,0.828,7.0,35.7,42.6,25.6,8.8,6.2,13.5,20.7,108.0,37.6,86.9,0.433,9.6,27.5,0.35,27.9,59.4,0.471,16.4,21.5,0.761,9.2,35.1,44.3,24.9,8.1,4.5,15.8,21.5,101.2,0.454,14.5,0.612,0.114,0.297,0.117,0.084,0.388,0.516,0.694,0.509,0.406,0.454,0.355,0.585,0.843,0.242,0.359,0.433,14.0,0.684,0.134,0.312,0.128,0.11,0.316,0.47,0.642,0.46,0.389,0.384,0.351,0.6,0.841,0.161,0.411,29.6,5.48,-0.7,4.77,108.0,101.2,6.8,79.7,0.269,0.388,0.567,0.523,12.4,16.6,0.223,0.488,14.1,79.5,0.189
LVA,2024,1.0,MIN,87,98,21.0,8.0,1.0,1.0,2.0,0.0,1.0,1.0,1.0,1.0,2.0,0.0,1.0,1.0,2.0,1.0,0.0,0.0,0.0,1.0,0.0,1.0,1.0,0.0,1.0,1.0,1.0,0.0,1.0,30.9,68.1,0.454,9.4,26.5,0.355,21.5,41.7,0.516,15.2,18.3,0.828,5.6,28.5,34.1,20.5,7.1,5.0,10.8,16.5,86.4,30.1,69.5,0.433,7.7,22.0,0.35,22.4,47.5,0.471,13.1,17.2,0.761,7.4,28.1,35.5,19.9,6.5,3.6,12.6,17.2,80.9,38.6,85.2,0.454,11.8,33.1,0.355,26.9,52.1,0.516,19.0,22.9,0.828,7.0,35.7,42.6,25.6,8.8,6.2,13.5,20.7,108.0,37.6,86.9,0.433,9.6,27.5,0.35,27.9,59.4,0.471,16.4,21.5,0.761,9.2,35.1,44.3,24.9,8.1,4.5,15.8,21.5,101.2,0.454,14.5,0.612,0.114,0.297,0.117,0.084,0.388,0.516,0.694,0.509,0.406,0.454,0.355,0.585,0.843,0.242,0.359,0.433,14.0,0.684,0.134,0.312,0.128,0.11,0.316,0.47,0.642,0.46,0.389,0.384,0.351,0.6,0.841,0.161,0.411,29.6,5.48,-0.7,4.77,108.0,101.2,6.8,79.7,0.269,0.388,0.567,0.523,12.4,16.6,0.223,0.488,14.1,79.5,0.189
LVA,2024,0.0,MIN,74,87,23.0,8.0,1.0,1.0,2.0,0.0,1.0,1.0,1.0,1.0,2.0,0.0,1.0,1.0,2.0,1.0,0.0,0.0,0.0,1.0,0.0,1.0,1.0,0.0,1.0,1.0,1.0,0.0,1.0,30.9,68.1,0.454,9.4,26.5,0.355,21.5,41.7,0.516,15.2,18.3,0.828,5.6,28.5,34.1,20.5,7.1,5.0,10.8,16.5,86.4,30.1,69.5,0.433,7.7,22.0,0.35,22.4,47.5,0.471,13.1,17.2,0.761,7.4,28.1,35.5,19.9,6.5,3.6,12.6,17.2,80.9,38.6,85.2,0.454,11.8,33.1,0.355,26.9,52.1,0.516,19.0,22.9,0.828,7.0,35.7,42.6,25.6,8.8,6.2,13.5,20.7,108.0,37.6,86.9,0.433,9.6,27.5,0.35,27.9,59.4,0.471,16.4,21.5,0.761,9.2,35.1,44.3,24.9,8.1,4.5,15.8,21.5,101.2,0.454,14.5,0.612,0.114,0.297,0.117,0.084,0.388,0.516,0.694,0.509,0.406,0.454,0.355,0.585,0.843,0.242,0.359,0.433,14.0,0.684,0.134,0.312,0.128,0.11,0.316,0.47,0.642,0.46,0.389,0.384,0.351,0.6,0.841,0.161,0.411,29.6,5.48,-0.7,4.77,108.0,101.2,6.8,79.7,0.269,0.388,0.567,0.523,12.4,16.6,0.223,0.488,14.1,79.5,0.189
LVA,2024,0.0,CHI,77,75,25.0,8.0,1.0,1.0,2.0,0.0,1.0,1.0,1.0,1.0,2.0,0.0,1.0,1.0,2.0,1.0,0.0,0.0,0.0,1.0,0.0,1.0,1.0,0.0,1.0,1.0,1.0,0.0,1.0,30.9,68.1,0.454,9.4,26.5,0.355,21.5,41.7,0.516,15.2,18.3,0.828,5.6,28.5,34.1,20.5,7.1,5.0,10.8,16.5,86.4,30.1,69.5,0.433,7.7,22.0,0.35,22.4,47.5,0.471,13.1,17.2,0.761,7.4,28.1,35.5,19.9,6.5,3.6,12.6,17.2,80.9,38.6,85.2,0.454,11.8,33.1,0.355,26.9,52.1,0.516,19.0,22.9,0.828,7.0,35.7,42.6,25.6,8.8,6.2,13.5,20.7,108.0,37.6,86.9,0.433,9.6,27.5,0.35,27.9,59.4,0.471,16.4,21.5,0.761,9.2,35.1,44.3,24.9,8.1,4.5,15.8,21.5,101.2,0.454,14.5,0.612,0.114,0.297,0.117,0.084,0.388,0.516,0.694,0.509,0.406,0.454,0.355,0.585,0.843,0.242,0.359,0.433,14.0,0.684,0.134,0.312,0.128,0.11,0.316,0.47,0.642,0.46,0.389,0.384,0.351,0.6,0.841,0.161,0.411,29.6,5.48,-0.7,4.77,108.0,101.2,6.8,79.7,0.269,0.388,0.567,0.523,12.4,16.6,0.223,0.488,14.1,79.5,0.189
LVA,2024,0.0,DAL,90,93,27.0,8.0,1.0,1.0,2.0,0.0,1.0,1.0,1.0,1.0,2.0,0.0,1.0,1.0,2.0,1.0,0.0,0.0,0.0,1.0,0.0,1.0,1.0,0.0,1.0,1.0,1.0,0.0,1.0,30.9,68.1,0.454,9.4,26.5,0.355,21.5,41.7,0.516,15.2,18.3,0.828,5.6,28.5,34.1,20.5,7.1,5.0,10.8,16.5,86.4,30.1,69.5,0.433,7.7,22.0,0.35,22.4,47.5,0.471,13.1,17.2,0.761,7.4,28.1,35.5,19.9,6.5,3.6,12.6,17.2,80.9,38.6,85.2,0.454,11.8,33.1,0.355,26.9,52.1,0.516,19.0,22.9,0.828,7.0,35.7,42.6,25.6,8.8,6.2,13.5,20.7,108.0,37.6,86.9,0.433,9.6,27.5,0.35,27.9,59.4,0.471,16.4,21.5,0.761,9.2,35.1,44.3,24.9,8.1,4.5,15.8,21.5,101.2,0.454,14.5,0.612,0.114,0.297,0.117,0.084,0.388,0.516,0.694,0.509,0.406,0.454,0.355,0.585,0.843,0.242,0.359,0.433,14.0,0.684,0.134,0.312,0.128,0.11,0.316,0.47,0.642,0.46,0.389,0.384,0.351,0.6,0.841,0.161,0.411,29.6,5.48,-0.7,4.77,108.0,101.2,6.8,79.7,0.269,0.388,0.567,0.523,12.4,16.6,0.223,0.488,14.1,79.5,0.189
LVA,2024,1.0,ATL,83,72,30.0,8.0,1.0,1.0,2.0,0.0,1.0,1.0,1.0,1.0,1.0,0.0,1.0,1.0,2.0,1.0,0.0,0.0,0.0,0.0,0.0,1.0,1.0,0.0,1.0,1.0,1.0,0.0,1.0,30.9,68.1,0.454,9.4,26.5,0.355,21.5,41.7,0.516,15.2,18.3,0.828,5.6,28.5,34.1,20.5,7.1,5.0,10.8,16.5,86.4,30.1,69.5,0.433,7.7,22.0,0.35,22.4,47.5,0.471,13.1,17.2,0.761,7.4,28.1,35.5,19.9,6.5,3.6,12.6,17.2,80.9,38.6,85.2,0.454,11.8,33.1,0.355,26.9,52.1,0.516,19.0,22.9,0.828,7.0,35.7,42.6,25.6,8.8,6.2,13.5,20.7,108.0,37.6,86.9,0.433,9.6,27.5,0.35,27.9,59.4,0.471,16.4,21.5,0.761,9.2,35.1,44.3,24.9,8.1,4.5,15.8,21.5,101.2,0.454,14.5,0.612,0.114,0.297,0.117,0.084,0.388,0.516,0.694,0.509,0.406,0.454,0.355,0.585,0.843,0.242,0.359,0.433,14.0,0.684,0.134,0.312,0.128,0.11,0.316,0.47,0.642,0.46,0.389,0.384,0.351,0.6,0.841,0.161,0.411,29.6,5.48,-0.7,4.77,108.0,101.2,6.8,79.7,0.269,0.388,0.567,0.523,12.4,16.6,0.223,0.488,14.1,79.5,0.189
LVA,2024,0.0,PHO,97,79,1.0,9.0,1.0,1.0,2.0,0.0,1.0,1.0,1.0,1.0,2.0,0.0,1.0,1.0,2.0,1.0,0.0,0.0,0.0,1.0,0.0,1.0,1.0,0.0,1.0,1.0,1.0,0.0,1.0,30.9,68.1,0.454,9.4,26.5,0.355,21.5,41.7,0.516,15.2,18.3,0.828,5.6,28.5,34.1,20.5,7.1,5.0,10.8,16.5,86.4,30.1,69.5,0.433,7.7,22.0,0.35,22.4,47.5,0.471,13.1,17.2,0.761,7.4,28.1,35.5,19.9,6.5,3.6,12.6,17.2,80.9,38.6,85.2,0.454,11.8,33.1,0.355,26.9,52.1,0.516,19.0,22.9,0.828,7.0,35.7,42.6,25.6,8.8,6.2,13.5,20.7,108.0,37.6,86.9,0.433,9.6,27.5,0.35,27.9,59.4,0.471,16.4,21.5,0.761,9.2,35.1,44.3,24.9,8.1,4.5,15.8,21.5,101.2,0.454,14.5,0.612,0.114,0.297,0.117,0.084,0.388,0.516,0.694,0.509,0.406,0.454,0.355,0.585,0.843,0.242,0.359,0.433,14.0,0.684,0.134,0.312,0.128,0.11,0.316,0.47,0.642,0.46,0.389,0.384,0.351,0.6,0.841,0.161,0.411,29.6,5.48,-0.7,4.77,108.0,101.2,6.8,79.7,0.269,0.388,0.567,0.523,12.4,16.6,0.223,0.488,14.1,79.5,0.189
LVA,2024,1.0,CHI,90,71,3.0,9.0,1.0,1.0,2.0,0.0,1.0,1.0,1.0,1.0,1.0,0.0,1.0,1.0,2.0,1.0,0.0,0.0,0.0,1.0,0.0,1.0,1.0,0.0,1.0,0.0,0.0,0.0,1.0,30.9,68.1,0.454,9.4,26.5,0.355,21.5,41.7,0.516,15.2,18.3,0.828,5.6,28.5,34.1,20.5,7.1,5.0,10.8,16.5,86.4,30.1,69.5,0.433,7.7,22.0,0.35,22.4,47.5,0.471,13.1,17.2,0.761,7.4,28.1,35.5,19.9,6.5,3.6,12.6,17.2,80.9,38.6,85.2,0.454,11.8,33.1,0.355,26.9,52.1,0.516,19.0,22.9,0.828,7.0,35.7,42.6,25.6,8.8,6.2,13.5,20.7,108.0,37.6,86.9,0.433,9.6,27.5,0.35,27.9,59.4,0.471,16.4,21.5,0.761,9.2,35.1,44.3,24.9,8.1,4.5,15.8,21.5,101.2,0.454,14.5,0.612,0.114,0.297,0.117,0.084,0.388,0.516,0.694,0.509,0.406,0.454,0.355,0.585,0.843,0.242,0.359,0.433,14.0,0.684,0.134,0.312,0.128,0.11,0.316,0.47,0.642,0.46,0.389,0.384,0.351,0.6,0.841,0.161,0.411,29.6,5.48,-0.7,4.77,108.0,101.2,6.8,79.7,0.269,0.388,0.567,0.523,12.4,16.6,0.223,0.488,14.1,79.5,0.189
LVA,2024,0.0,CON,72,67,6.0,9.0,1.0,1.0,2.0,0.0,1.0,1.0,1.0,1.0,2.0,0.0,1.0,1.0,2.0,1.0,0.0,0.0,0.0,1.0,0.0,1.0,1.0,0.0,1.0,1.0,1.0,0.0,1.0,30.9,68.1,0.454,9.4,26.5,0.355,21.5,41.7,0.516,15.2,18.3,0.828,5.6,28.5,34.1,20.5,7.1,5.0,10.8,16.5,86.4,30.1,69.5,0.433,7.7,22.0,0.35,22.4,47.5,0.471,13.1,17.2,0.761,7.4,28.1,35.5,19.9,6.5,3.6,12.6,17.2,80.9,38.6,85.2,0.454,11.8,33.1,0.355,26.9,52.1,0.516,19.0,22.9,0.828,7.0,35.7,42.6,25.6,8.8,6.2,13.5,20.7,108.0,37.6,86.9,0.433,9.6,27.5,0.35,27.9,59.4,0.471,16.4,21.5,0.761,9.2,35.1,44.3,24.9,8.1,4.5,15.8,21.5,101.2,0.454,14.5,0.612,0.114,0.297,0.117,0.084,0.388,0.516,0.694,0.509,0.406,0.454,0.355,0.585,0.843,0.242,0.359,0.433,14.0,0.684,0.134,0.312,0.128,0.11,0.316,0.47,0.642,0.46,0.389,0.384,0.351,0.6,0.841,0.161,0.411,29.6,5.48,-0.7,4.77,108.0,101.2,6.8,79.7,0.269,0.388,0.567,0.523,12.4,16.6,0.223,0.488,14.1,79.5,0.189
LVA,2024,0.0,NYL,71,75,8.0,9.0,0.0,0.0,1.0,0.0,0.0,1.0,2.0,0.0,2.0,0.0,0.0,0.0,1.0,0.0,0.0,0.0,1.0,1.0,0.0,0.0,1.0,0.0,0.0,1.0,1.0,0.0,0.0,30.9,68.1,0.454,9.4,26.5,0.355,21.5,41.7,0.516,15.2,18.3,0.828,5.6,28.5,34.1,20.5,7.1,5.0,10.8,16.5,86.4,30.1,69.5,0.433,7.7,22.0,0.35,22.4,47.5,0.471,13.1,17.2,0.761,7.4,28.1,35.5,19.9,6.5,3.6,12.6,17.2,80.9,38.6,85.2,0.454,11.8,33.1,0.355,26.9,52.1,0.516,19.0,22.9,0.828,7.0,35.7,42.6,25.6,8.8,6.2,13.5,20.7,108.0,37.6,86.9,0.433,9.6,27.5,0.35,27.9,59.4,0.471,16.4,21.5,0.761,9.2,35.1,44.3,24.9,8.1,4.5,15.8,21.5,101.2,0.454,14.5,0.612,0.114,0.297,0.117,0.084,0.388,0.516,0.694,0.509,0.406,0.454,0.355,0.585,0.843,0.242,0.359,0.433,14.0,0.684,0.134,0.312,0.128,0.11,0.316,0.47,0.642,0.46,0.389,0.384,0.351,0.6,0.841,0.161,0.411,29.6,5.48,-0.7,4.77,108.0,101.2,6.8,79.7,0.269,0.388,0.567,0.523,12.4,16.6,0.223,0.488,14.1,79.5,0.189
LVA,2024,0.0,IND,86,75,11.0,9.0,1.0,1.0,2.0,0.0,1.0,1.0,1.0,1.0,2.0,0.0,1.0,1.0,2.0,1.0,0.0,0.0,0.0,1.0,0.0,1.0,1.0,0.0,1.0,1.0,1.0,0.0,1.0,30.9,68.1,0.454,9.4,26.5,0.355,21.5,41.7,0.516,15.2,18.3,0.828,5.6,28.5,34.1,20.5,7.1,5.0,10.8,16.5,86.4,30.1,69.5,0.433,7.7,22.0,0.35,22.4,47.5,0.471,13.1,17.2,0.761,7.4,28.1,35.5,19.9,6.5,3.6,12.6,17.2,80.9,38.6,85.2,0.454,11.8,33.1,0.355,26.9,52.1,0.516,19.0,22.9,0.828,7.0,35.7,42.6,25.6,8.8,6.2,13.5,20.7,108.0,37.6,86.9,0.433,9.6,27.5,0.35,27.9,59.4,0.471,16.4,21.5,0.761,9.2,35.1,44.3,24.9,8.1,4.5,15.8,21.5,101.2,0.454,14.5,0.612,0.114,0.297,0.117,0.084,0.388,0.516,0.694,0.509,0.406,0.454,0.355,0.585,0.843,0.242,0.359,0.433,14.0,0.684,0.134,0.312,0.128,0.11,0.316,0.47,0.642,0.46,0.389,0.384,0.351,0.6,0.841,0.161,0.411,29.6,5.48,-0.7,4.77,108.0,101.2,6.8,79.7,0.269,0.388,0.567,0.523,12.4,16.6,0.223,0.488,14.1,79.5,0.189
LVA,2024,0.0,IND,78,74,13.0,9.0,1.0,1.0,2.0,0.0,1.0,1.0,1.0,1.0,2.0,0.0,1.0,1.0,2.0,1.0,0.0,0.0,0.0,1.0,0.0,1.0,1.0,0.0,1.0,1.0,1.0,0.0,1.0,30.9,68.1,0.454,9.4,26.5,0.355,21.5,41.7,0.516,15.2,18.3,0.828,5.6,28.5,34.1,20.5,7.1,5.0,10.8,16.5,86.4,30.1,69.5,0.433,7.7,22.0,0.35,22.4,47.5,0.471,13.1,17.2,0.761,7.4,28.1,35.5,19.9,6.5,3.6,12.6,17.2,80.9,38.6,85.2,0.454,11.8,33.1,0.355,26.9,52.1,0.516,19.0,22.9,0.828,7.0,35.7,42.6,25.6,8.8,6.2,13.5,20.7,108.0,37.6,86.9,0.433,9.6,27.5,0.35,27.9,59.4,0.471,16.4,21.5,0.761,9.2,35.1,44.3,24.9,8.1,4.5,15.8,21.5,101.2,0.454,14.5,0.612,0.114,0.297,0.117,0.084,0.388,0.516,0.694,0.509,0.406,0.454,0.355,0.585,0.843,0.242,0.359,0.433,14.0,0.684,0.134,0.312,0.128,0.11,0.316,0.47,0.642,0.46,0.389,0.384,0.351,0.6,0.841,0.161,0.411,29.6,5.48,-0.7,4.77,108.0,101.2,6.8,79.7,0.269,0.388,0.567,0.523,12.4,16.6,0.223,0.488,14.1,79.5,0.189
LVA,2024,1.0,CON,84,71,15.0,9.0,1.0,1.0,2.0,0.0,1.0,2.0,2.0,1.0,2.0,0.0,1.0,1.0,2.0,1.0,0.0,0.0,1.0,1.0,0.0,1.0,2.0,0.0,1.0,1.0,1.0,0.0,1.0,30.9,68.1,0.454,9.4,26.5,0.355,21.5,41.7,0.516,15.2,18.3,0.828,5.6,28.5,34.1,20.5,7.1,5.0,10.8,16.5,86.4,30.1,69.5,0.433,7.7,22.0,0.35,22.4,47.5,0.471,13.1,17.2,0.761,7.4,28.1,35.5,19.9,6.5,3.6,12.6,17.2,80.9,38.6,85.2,0.454,11.8,33.1,0.355,26.9,52.1,0.516,19.0,22.9,0.828,7.0,35.7,42.6,25.6,8.8,6.2,13.5,20.7,108.0,37.6,86.9,0.433,9.6,27.5,0.35,27.9,59.4,0.471,16.4,21.5,0.761,9.2,35.1,44.3,24.9,8.1,4.5,15.8,21.5,101.2,0.454,14.5,0.612,0.114,0.297,0.117,0.084,0.388,0.516,0.694,0.509,0.406,0.454,0.355,0.585,0.843,0.242,0.359,0.433,14.0,0.684,0.134,0.312,0.128,0.11,0.316,0.47,0.642,0.46,0.389,0.384,0.351,0.6,0.841,0.161,0.411,29.6,5.48,-0.7,4.77,108.0,101.2,6.8,79.7,0.269,0.388,0.567,0.523,12.4,16.6,0.223,0.488,14.1,79.5,0.189
LVA,2024,0.0,SEA,85,72,17.0,9.0,1.0,1.0,2.0,0.0,1.0,1.0,1.0,1.0,2.0,0.0,1.0,1.0,2.0,1.0,0.0,0.0,0.0,1.0,0.0,1.0,1.0,0.0,1.0,1.0,1.0,0.0,1.0,30.9,68.1,0.454,9.4,26.5,0.355,21.5,41.7,0.516,15.2,18.3,0.828,5.6,28.5,34.1,20.5,7.1,5.0,10.8,16.5,86.4,30.1,69.5,0.433,7.7,22.0,0.35,22.4,47.5,0.471,13.1,17.2,0.761,7.4,28.1,35.5,19.9,6.5,3.6,12.6,17.2,80.9,38.6,85.2,0.454,11.8,33.1,0.355,26.9,52.1,0.516,19.0,22.9,0.828,7.0,35.7,42.6,25.6,8.8,6.2,13.5,20.7,108.0,37.6,86.9,0.433,9.6,27.5,0.35,27.9,59.4,0.471,16.4,21.5,0.761,9.2,35.1,44.3,24.9,8.1,4.5,15.8,21.5,101.2,0.454,14.5,0.612,0.114,0.297,0.117,0.084,0.388,0.516,0.694,0.509,0.406,0.454,0.355,0.585,0.843,0.242,0.359,0.433,14.0,0.684,0.134,0.312,0.128,0.11,0.316,0.47,0.642,0.46,0.389,0.384,0.351,0.6,0.841,0.161,0.411,29.6,5.48,-0.7,4.77,108.0,101.2,6.8,79.7,0.269,0.388,0.567,0.523,12.4,16.6,0.223,0.488,14.1,79.5,0.189
LVA,2024,1.0,DAL,98,84,19.0,9.0,0.0,0.0,1.0,0.0,0.0,1.0,2.0,0.0,0.0,0.0,0.0,0.0,1.0,0.0,0.0,0.0,1.0,0.0,0.0,0.0,1.0,0.0,0.0,0.0,0.0,0.0,0.0,30.9,68.1,0.454,9.4,26.5,0.355,21.5,41.7,0.516,15.2,18.3,0.828,5.6,28.5,34.1,20.5,7.1,5.0,10.8,16.5,86.4,30.1,69.5,0.433,7.7,22.0,0.35,22.4,47.5,0.471,13.1,17.2,0.761,7.4,28.1,35.5,19.9,6.5,3.6,12.6,17.2,80.9,38.6,85.2,0.454,11.8,33.1,0.355,26.9,52.1,0.516,19.0,22.9,0.828,7.0,35.7,42.6,25.6,8.8,6.2,13.5,20.7,108.0,37.6,86.9,0.433,9.6,27.5,0.35,27.9,59.4,0.471,16.4,21.5,0.761,9.2,35.1,44.3,24.9,8.1,4.5,15.8,21.5,101.2,0.454,14.5,0.612,0.114,0.297,0.117,0.084,0.388,0.516,0.694,0.509,0.406,0.454,0.355,0.585,0.843,0.242,0.359,0.433,14.0,0.684,0.134,0.312,0.128,0.11,0.316,0.47,0.642,0.46,0.389,0.384,0.351,0.6,0.841,0.161,0.411,29.6,5.48,-0.7,4.77,108.0,101.2,6.8,79.7,0.269,0.388,0.567,0.523,12.4,16.6,0.223,0.488,14.1,79.5,0.189
MIN,2024,0.0,SEA,83,70,14.0,5.0,2.0,1.0,1.0,0.0,2.0,1.0,0.0,1.0,1.0,1.0,1.0,1.0,2.0,1.0,0.0,1.0,0.0,1.0,2.0,2.0,0.0,0.0,1.0,1.0,1.0,0.0,1.0,30.1,67.3,0.448,9.5,25.0,0.38,20.6,42.3,0.488,12.2,15.5,0.79,7.4,26.8,34.3,23.0,8.6,4.2,13.4,16.4,82.0,28.2,68.7,0.41,6.8,22.7,0.301,21.4,46.1,0.464,12.4,15.8,0.788,9.4,25.9,35.3,18.6,7.5,3.7,14.9,15.7,75.6,38.4,85.9,0.448,12.1,31.9,0.38,26.3,54.0,0.488,15.6,19.7,0.79,9.5,34.2,43.7,29.4,10.9,5.4,17.1,20.9,104.6,36.0,87.7,0.41,8.7,28.9,0.301,27.2,58.8,0.464,15.9,20.1,0.788,11.9,33.1,45.0,23.7,9.5,4.7,19.0,20.0,96.5,0.448,14.7,0.629,0.175,0.205,0.107,0.142,0.371,0.488,0.662,0.399,0.429,0.444,0.38,0.668,0.974,0.198,0.429,0.41,13.0,0.67,0.22,0.238,0.113,0.098,0.33,0.464,0.624,0.428,0.304,0.374,0.301,0.589,0.875,0.184,0.305,27.9,6.38,-0.74,5.64,104.6,96.5,8.1,77.7,0.23,0.371,0.553,0.518,15.3,22.3,0.182,0.46,16.5,74.2,0.181
MIN,2024,1.0,SEA,102,93,17.0,5.0,2.0,1.0,1.0,1.0,2.0,1.0,0.0,1.0,1.0,2.0,1.0,1.0,2.0,1.0,0.0,2.0,1.0,1.0,3.0,2.0,0.0,0.0,1.0,1.0,1.0,0.0,1.0,30.1,67.3,0.448,9.5,25.0,0.38,20.6,42.3,0.488,12.2,15.5,0.79,7.4,26.8,34.3,23.0,8.6,4.2,13.4,16.4,82.0,28.2,68.7,0.41,6.8,22.7,0.301,21.4,46.1,0.464,12.4,15.8,0.788,9.4,25.9,35.3,18.6,7.5,3.7,14.9,15.7,75.6,38.4,85.9,0.448,12.1,31.9,0.38,26.3,54.0,0.488,15.6,19.7,0.79,9.5,34.2,43.7,29.4,10.9,5.4,17.1,20.9,104.6,36.0,87.7,0.41,8.7,28.9,0.301,27.2,58.8,0.464,15.9,20.1,0.788,11.9,33.1,45.0,23.7,9.5,4.7,19.0,20.0,96.5,0.448,14.7,0.629,0.175,0.205,0.107,0.142,0.371,0.488,0.662,0.399,0.429,0.444,0.38,0.668,0.974,0.198,0.429,0.41,13.0,0.67,0.22,0.238,0.113,0.098,0.33,0.464,0.624,0.428,0.304,0.374,0.301,0.589,0.875,0.184,0.305,27.9,6.38,-0.74,5.64,104.6,96.5,8.1,77.7,0.23,0.371,0.553,0.518,15.3,22.3,0.182,0.46,16.5,74.2,0.181
MIN,2024,0.0,CON,82,83,23.0,5.0,2.0,1.0,1.0,1.0,2.0,2.0,0.0,1.0,1.0,2.0,1.0,1.0,2.0,1.0,0.0,2.0,1.0,1.0,3.0,2.0,0.0,0.0,1.0,1.0,1.0,0.0,1.0,30.1,67.3,0.448,9.5,25.0,0.38,20.6,42.3,0.488,12.2,15.5,0.79,7.4,26.8,34.3,23.0,8.6,4.2,13.4,16.4,82.0,28.2,68.7,0.41,6.8,22.7,0.301,21.4,46.1,0.464,12.4,15.8,0.788,9.4,25.9,35.3,18.6,7.5,3.7,14.9,15.7,75.6,38.4,85.9,0.448,12.1,31.9,0.38,26.3,54.0,0.488,15.6,19.7,0.79,9.5,34.2,43.7,29.4,10.9,5.4,17.1,20.9,104.6,36.0,87.7,0.41,8.7,28.9,0.301,27.2,58.8,0.464,15.9,20.1,0.788,11.9,33.1,45.0,23.7,9.5,4.7,19.0,20.0,96.5,0.448,14.7,0.629,0.175,0.205,0.107,0.142,0.371,0.488,0.662,0.399,0.429,0.444,0.38,0.668,0.974,0.198,0.429,0.41,13.0,0.67,0.22,0.238,0.113,0.098,0.33,0.464,0.624,0.428,0.304,0.374,0.301,0.589,0.875,0.184,0.305,27.9,6.38,-0.74,5.64,104.6,96.5,8.1,77.7,0.23,0.371,0.553,0.518,15.3,22.3,0.182,0.46,16.5,74.2,0.181
MIN,2024,1.0,NYL,84,67,25.0,5.0,2.0,1.0,1.0,1.0,2.0,1.0,0.0,1.0,1.0,2.0,1.0,1.0,2.0,1.0,0.0,2.0,1.0,1.0,3.0,2.0,0.0,0.0,1.0,1.0,1.0,0.0,1.0,30.1,67.3,0.448,9.5,25.0,0.38,20.6,42.3,0.488,12.2,15.5,0.79,7.4,26.8,34.3,23.0,8.6,4.2,13.4,16.4,82.0,28.2,68.7,0.41,6.8,22.7,0.301,21.4,46.1,0.464,12.4,15.8,0.788,9.4,25.9,35.3,18.6,7.5,3.7,14.9,15.7,75.6,38.4,85.9,0.448,12.1,31.9,0.38,26.3,54.0,0.488,15.6,19.7,0.79,9.5,34.2,43.7,29.4,10.9,5.4,17.1,20.9,104.6,36.0,87.7,0.41,8.7,28.9,0.301,27.2,58.8,0.464,15.9,20.1,0.788,11.9,33.1,45.0,23.7,9.5,4.7,19.0,20.0,96.5,0.448,14.7,0.629,0.175,0.205,0.107,0.142,0.371,0.488,0.662,0.399,0.429,0.444,0.38,0.668,0.974,0.198,0.429,0.41,13.0,0.67,0.22,0.238,0.113,0.098,0.33,0.464,0.624,0.428,0.304,0.374,0.301,0.589,0.875,0.184,0.305,27.9,6.38,-0.74,5.64,104.6,96.5,8.1,77.7,0.23,0.371,0.553,0.518,15.3,22.3,0.182,0.46,16.5,74.2,0.181
MIN,2024,0.0,ATL,92,79,26.0,5.0,2.0,1.0,0.0,0.0,2.0,0.0,0.0,1.0,1.0,1.0,1.0,1.0,1.0,1.0,0.0,1.0,0.0,1.0,2.0,2.0,0.0,0.0,1.0,1.0,1.0,0.0,1.0,30.1,67.3,0.448,9.5,25.0,0.38,20.6,42.3,0.488,12.2,15.5,0.79,7.4,26.8,34.3,23.0,8.6,4.2,13.4,16.4,82.0,28.2,68.7,0.41,6.8,22.7,0.301,21.4,46.1,0.464,12.4,15.8,0.788,9.4,25.9,35.3,18.6,7.5,3.7,14.9,15.7,75.6,38.4,85.9,0.448,12.1,31.9,0.38,26.3,54.0,0.488,15.6,19.7,0.79,9.5,34.2,43.7,29.4,10.9,5.4,17.1,20.9,104.6,36.0,87.7,0.41,8.7,28.9,0.301,27.2,58.8,0.464,15.9,20.1,0.788,11.9,33.1,45.0,23.7,9.5,4.7,19.0,20.0,96.5,0.448,14.7,0.629,0.175,0.205,0.107,0.142,0.371,0.488,0.662,0.399,0.429,0.444,0.38,0.668,0.974,0.198,0.429,0.41,13.0,0.67,0.22,0.238,0.113,0.098,0.33,0.464,0.624,0.428,0.304,0.374,0.301,0.589,0.875,0.184,0.305,27.9,6.38,-0.74,5.64,104.6,96.5,8.1,77.7,0.23,0.371,0.553,0.518,15.3,22.3,0.182,0.46,16.5,74.2,0.181
MIN,2024,1.0,LVA,66,80,29.0,5.0,2.0,1.0,0.0,0.0,2.0,0.0,0.0,1.0,1.0,1.0,1.0,1.0,1.0,1.0,0.0,1.0,0.0,1.0,2.0,2.0,0.0,0.0,1.0,1.0,1.0,0.0,1.0,30.1,67.3,0.448,9.5,25.0,0.38,20.6,42.3,0.488,12.2,15.5,0.79,7.4,26.8,34.3,23.0,8.6,4.2,13.4,16.4,82.0,28.2,68.7,0.41,6.8,22.7,0.301,21.4,46.1,0.464,12.4,15.8,0.788,9.4,25.9,35.3,18.6,7.5,3.7,14.9,15.7,75.6,38.4,85.9,0.448,12.1,31.9,0.38,26.3,54.0,0.488,15.6,19.7,0.79,9.5,34.2,43.7,29.4,10.9,5.4,17.1,20.9,104.6,36.0,87.7,0.41,8.7,28.9,0.301,27.2,58.8,0.464,15.9,20.1,0.788,11.9,33.1,45.0,23.7,9.5,4.7,19.0,20.0,96.5,0.448,14.7,0.629,0.175,0.205,0.107,0.142,0.371,0.488,0.662,0.399,0.429,0.444,0.38,0.668,0.974,0.198,0.429,0.41,13.0,0.67,0.22,0.238,0.113,0.098,0.33,0.464,0.624,0.428,0.304,0.374,0.301,0.589,0.875,0.184,0.305,27.9,6.38,-0.74,5.64,104.6,96.5,8.1,77.7,0.23,0.371,0.553,0.518,15.3,22.3,0.182,0.46,16.5,74.2,0.181
MIN,2024,1.0,PHO,95,71,31.0,5.0,2.0,1.0,1.0,1.0,2.0,1.0,0.0,1.0,1.0,2.0,1.0,1.0,2.0,1.0,0.0,2.0,1.0,1.0,3.0,2.0,0.0,0.0,1.0,1.0,1.0,0.0,1.0,30.1,67.3,0.448,9.5,25.0,0.38,20.6,42.3,0.488,12.2,15.5,0.79,7.4,26.8,34.3,23.0,8.6,4.2,13.4,16.4,82.0,28.2,68.7,0.41,6.8,22.7,0.301,21.4,46.1,0.464,12.4,15.8,0.788,9.4,25.9,35.3,18.6,7.5,3.7,14.9,15.7,75.6,38.4,85.9,0.448,12.1,31.9,0.38,26.3,54.0,0.488,15.6,19.7,0.79,9.5,34.2,43.7,29.4,10.9,5.4,17.1,20.9,104.6,36.0,87.7,0.41,8.7,28.9,0.301,27.2,58.8,0.464,15.9,20.1,0.788,11.9,33.1,45.0,23.7,9.5,4.7,19.0,20.0,96.5,0.448,14.7,0.629,0.175,0.205,0.107,0.142,0.371,0.488,0.662,0.399,0.429,0.444,0.38,0.668,0.974,0.198,0.429,0.41,13.0,0.67,0.22,0.238,0.113,0.098,0.33,0.464,0.624,0.428,0.304,0.374,0.301,0.589,0.875,0.184,0.305,27.9,6.38,-0.74,5.64,104.6,96.5,8.1,77.7,0.23,0.371,0.553,0.518,15.3,22.3,0.182,0.46,16.5,74.2,0.181
MIN,2024,1.0,DAL,87,76,2.0,6.0,2.0,1.0,1.0,1.0,2.0,1.0,0.0,1.0,1.0,2.0,1.0,1.0,2.0,1.0,0.0,2.0,1.0,1.0,3.0,2.0,0.0,0.0,1.0,1.0,1.0,0.0,1.0,30.1,67.3,0.448,9.5,25.0,0.38,20.6,42.3,0.488,12.2,15.5,0.79,7.4,26.8,34.3,23.0,8.6,4.2,13.4,16.4,82.0,28.2,68.7,0.41,6.8,22.7,0.301,21.4,46.1,0.464,12.4,15.8,0.788,9.4,25.9,35.3,18.6,7.5,3.7,14.9,15.7,75.6,38.4,85.9,0.448,12.1,31.9,0.38,26.3,54.0,0.488,15.6,19.7,0.79,9.5,34.2,43.7,29.4,10.9,5.4,17.1,20.9,104.6,36.0,87.7,0.41,8.7,28.9,0.301,27.2,58.8,0.464,15.9,20.1,0.788,11.9,33.1,45.0,23.7,9.5,4.7,19.0,20.0,96.5,0.448,14.7,0.629,0.175,0.205,0.107,0.142,0.371,0.488,0.662,0.399,0.429,0.444,0.38,0.668,0.974,0.198,0.429,0.41,13.0,0.67,0.22,0.238,0.113,0.098,0.33,0.464,0.624,0.428,0.304,0.374,0.301,0.589,0.875,0.184,0.305,27.9,6.38,-0.74,5.64,104.6,96.5,8.1,77.7,0.23,0.371,0.553,0.518,15.3,22.3,0.182,0.46,16.5,74.2,0.181
MIN,2024,0.0,LAS,86,62,5.0,6.0,2.0,1.0,1.0,1.0,2.0,1.0,0.0,1.0,1.0,2.0,1.0,1.0,2.0,1.0,0.0,2.0,1.0,1.0,3.0,2.0,0.0,0.0,1.0,1.0,1.0,0.0,1.0,30.1,67.3,0.448,9.5,25.0,0.38,20.6,42.3,0.488,12.2,15.5,0.79,7.4,26.8,34.3,23.0,8.6,4.2,13.4,16.4,82.0,28.2,68.7,0.41,6.8,22.7,0.301,21.4,46.1,0.464,12.4,15.8,0.788,9.4,25.9,35.3,18.6,7.5,3.7,14.9,15.7,75.6,38.4,85.9,0.448,12.1,31.9,0.38,26.3,54.0,0.488,15.6,19.7,0.79,9.5,34.2,43.7,29.4,10.9,5.4,17.1,20.9,104.6,36.0,87.7,0.41,8.7,28.9,0.301,27.2,58.8,0.464,15.9,20.1,0.788,11.9,33.1,45.0,23.7,9.5,4.7,19.0,20.0,96.5,0.448,14.7,0.629,0.175,0.205,0.107,0.142,0.371,0.488,0.662,0.399,0.429,0.444,0.38,0.668,0.974,0.198,0.429,0.41,13.0,0.67,0.22,0.238,0.113,0.098,0.33,0.464,0.624,0.428,0.304,0.374,0.301,0.589,0.875,0.184,0.305,27.9,6.38,-0.74,5.64,104.6,96.5,8.1,77.7,0.23,0.371,0.553,0.518,15.3,22.3,0.182,0.46,16.5,74.2,0.181
MIN,2024,0.0,PHO,80,81,7.0,6.0,2.0,1.0,1.0,0.0,2.0,0.0,0.0,1.0,1.0,2.0,1.0,1.0,2.0,1.0,0.0,2.0,0.0,1.0,2.0,2.0,0.0,0.0,1.0,1.0,1.0,0.0,1.0,30.1,67.3,0.448,9.5,25.0,0.38,20.6,42.3,0.488,12.2,15.5,0.79,7.4,26.8,34.3,23.0,8.6,4.2,13.4,16.4,82.0,28.2,68.7,0.41,6.8,22.7,0.301,21.4,46.1,0.464,12.4,15.8,0.788,9.4,25.9,35.3,18.6,7.5,3.7,14.9,15.7,75.6,38.4,85.9,0.448,12.1,31.9,0.38,26.3,54.0,0.488,15.6,19.7,0.79,9.5,34.2,43.7,29.4,10.9,5.4,17.1,20.9,104.6,36.0,87.7,0.41,8.7,28.9,0.301,27.2,58.8,0.464,15.9,20.1,0.788,11.9,33.1,45.0,23.7,9.5,4.7,19.0,20.0,96.5,0.448,14.7,0.629,0.175,0.205,0.107,0.142,0.371,0.488,0.662,0.399,0.429,0.444,0.38,0.668,0.974,0.198,0.429,0.41,13.0,0.67,0.22,0.238,0.113,0.098,0.33,0.464,0.624,0.428,0.304,0.374,0.301,0.589,0.875,0.184,0.305,27.9,6.38,-0.74,5.64,104.6,96.5,8.1,77.7,0.23,0.371,0.553,0.518,15.3,22.3,0.182,0.46,16.5,74.2,0.181
MIN,2024,1.0,SEA,83,64,9.0,6.0,2.0,1.0,1.0,1.0,2.0,1.0,0.0,1.0,1.0,2.0,1.0,1.0,2.0,1.0,0.0,2.0,1.0,1.0,3.0,2.0,0.0,0.0,1.0,1.0,1.0,0.0,1.0,30.1,67.3,0.448,9.5,25.0,0.38,20.6,42.3,0.488,12.2,15.5,0.79,7.4,26.8,34.3,23.0,8.6,4.2,13.4,16.4,82.0,28.2,68.7,0.41,6.8,22.7,0.301,21.4,46.1,0.464,12.4,15.8,0.788,9.4,25.9,35.3,18.6,7.5,3.7,14.9,15.7,75.6,38.4,85.9,0.448,12.1,31.9,0.38,26.3,54.0,0.488,15.6,19.7,0.79,9.5,34.2,43.7,29.4,10.9,5.4,17.1,20.9,104.6,36.0,87.7,0.41,8.7,28.9,0.301,27.2,58.8,0.464,15.9,20.1,0.788,11.9,33.1,45.0,23.7,9.5,4.7,19.0,20.0,96.5,0.448,14.7,0.629,0.175,0.205,0.107,0.142,0.371,0.488,0.662,0.399,0.429,0.444,0.38,0.668,0.974,0.198,0.429,0.41,13.0,0.67,0.22,0.238,0.113,0.098,0.33,0.464,0.624,0.428,0.304,0.374,0.301,0.589,0.875,0.184,0.305,27.9,6.38,-0.74,5.64,104.6,96.5,8.1,77.7,0.23,0.371,0.553,0.518,15.3,22.3,0.182,0.46,16.5,74.2,0.181
MIN,2024,0.0,LVA,100,86,11.0,6.0,2.0,1.0,1.0,1.0,2.0,1.0,0.0,1.0,1.0,2.0,1.0,1.0,2.0,1.0,0.0,2.0,1.0,1.0,3.0,2.0,0.0,0.0,1.0,1.0,1.0,0.0,1.0,30.1,67.3,0.448,9.5,25.0,0.38,20.6,42.3,0.488,12.2,15.5,0.79,7.4,26.8,34.3,23.0,8.6,4.2,13.4,16.4,82.0,28.2,68.7,0.41,6.8,22.7,0.301,21.4,46.1,0.464,12.4,15.8,0.788,9.4,25.9,35.3,18.6,7.5,3.7,14.9,15.7,75.6,38.4,85.9,0.448,12.1,31.9,0.38,26.3,54.0,0.488,15.6,19.7,0.79,9.5,34.2,43.7,29.4,10.9,5.4,17.1,20.9,104.6,36.0,87.7,0.41,8.7,28.9,0.301,27.2,58.8,0.464,15.9,20.1,0.788,11.9,33.1,45.0,23.7,9.5,4.7,19.0,20.0,96.5,0.448,14.7,0.629,0.175,0.205,0.107,0.142,0.371,0.488,0.662,0.399,0.429,0.444,0.38,0.668,0.974,0.198,0.429,0.41,13.0,0.67,0.22,0.238,0.113,0.098,0.33,0.464,0.624,0.428,0.304,0.374,0.301,0.589,0.875,0.184,0.305,27.9,6.38,-0.74,5.64,104.6,96.5,8.1,77.7,0.23,0.371,0.553,0.518,15.3,22.3,0.182,0.46,16.5,74.2,0.181
MIN,2024,1.0,LAS,81,76,14.0,6.0,2.0,1.0,0.0,0.0,2.0,0.0,0.0,1.0,1.0,2.0,1.0,1.0,1.0,1.0,0.0,2.0,0.0,1.0,2.0,2.0,0.0,0.0,1.0,1.0,1.0,0.0,1.0,30.1,67.3,0.448,9.5,25.0,0.38,20.6,42.3,0.488,12.2,15.5,0.79,7.4,26.8,34.3,23.0,8.6,4.2,13.4,16.4,82.0,28.2,68.7,0.41,6.8,22.7,0.301,21.4,46.1,0.464,12.4,15.8,0.788,9.4,25.9,35.3,18.6,7.5,3.7,14.9,15.7,75.6,38.4,85.9,0.448,12.1,31.9,0.38,26.3,54.0,0.488,15.6,19.7,0.79,9.5,34.2,43.7,29.4,10.9,5.4,17.1,20.9,104.6,36.0,87.7,0.41,8.7,28.9,0.301,27.2,58.8,0.464,15.9,20.1,0.788,11.9,33.1,45.0,23.7,9.5,4.7,19.0,20.0,96.5,0.448,14.7,0.629,0.175,0.205,0.107,0.142,0.371,0.488,0.662,0.399,0.429,0.444,0.38,0.668,0.974,0.198,0.429,0.41,13.0,0.67,0.22,0.238,0.113,0.098,0.33,0.464,0.624,0.428,0.304,0.374,0.301,0.589,0.875,0.184,0.305,27.9,6.38,-0.74,5.64,104.6,96.5,8.1,77.7,0.23,0.371,0.553,0.518,15.3,22.3,0.182,0.46,16.5,74.2,0.181
MIN,2024,1.0,DAL,90,78,17.0,6.0,2.0,1.0,0.0,1.0,2.0,1.0,0.0,1.0,1.0,1.0,1.0,1.0,1.0,1.0,0.0,1.0,1.0,1.0,3.0,2.0,0.0,0.0,1.0,1.0,1.0,0.0,1.0,30.1,67.3,0.448,9.5,25.0,0.38,20.6,42.3,0.488,12.2,15.5,0.79,7.4,26.8,34.3,23.0,8.6,4.2,13.4,16.4,82.0,28.2,68.7,0.41,6.8,22.7,0.301,21.4,46.1,0.464,12.4,15.8,0.788,9.4,25.9,35.3,18.6,7.5,3.7,14.9,15.7,75.6,38.4,85.9,0.448,12.1,31.9,0.38,26.3,54.0,0.488,15.6,19.7,0.79,9.5,34.2,43.7,29.4,10.9,5.4,17.1,20.9,104.6,36.0,87.7,0.41,8.7,28.9,0.301,27.2,58.8,0.464,15.9,20.1,0.788,11.9,33.1,45.0,23.7,9.5,4.7,19.0,20.0,96.5,0.448,14.7,0.629,0.175,0.205,0.107,0.142,0.371,0.488,0.662,0.399,0.429,0.444,0.38,0.668,0.974,0.198,0.429,0.41,13.0,0.67,0.22,0.238,0.113,0.098,0.33,0.464,0.624,0.428,0.304,0.374,0.301,0.589,0.875,0.184,0.305,27.9,6.38,-0.74,5.64,104.6,96.5,8.1,77.7,0.23,0.371,0.553,0.518,15.3,22.3,0.182,0.46,16.5,74.2,0.181
MIN,2024,1.0,ATL,68,55,19.0,6.0,2.0,1.0,1.0,0.0,2.0,0.0,0.0,1.0,1.0,2.0,1.0,1.0,2.0,1.0,0.0,2.0,0.0,1.0,2.0,2.0,0.0,0.0,1.0,1.0,1.0,0.0,1.0,30.1,67.3,0.448,9.5,25.0,0.38,20.6,42.3,0.488,12.2,15.5,0.79,7.4,26.8,34.3,23.0,8.6,4.2,13.4,16.4,82.0,28.2,68.7,0.41,6.8,22.7,0.301,21.4,46.1,0.464,12.4,15.8,0.788,9.4,25.9,35.3,18.6,7.5,3.7,14.9,15.7,75.6,38.4,85.9,0.448,12.1,31.9,0.38,26.3,54.0,0.488,15.6,19.7,0.79,9.5,34.2,43.7,29.4,10.9,5.4,17.1,20.9,104.6,36.0,87.7,0.41,8.7,28.9,0.301,27.2,58.8,0.464,15.9,20.1,0.788,11.9,33.1,45.0,23.7,9.5,4.7,19.0,20.0,96.5,0.448,14.7,0.629,0.175,0.205,0.107,0.142,0.371,0.488,0.662,0.399,0.429,0.444,0.38,0.668,0.974,0.198,0.429,0.41,13.0,0.67,0.22,0.238,0.113,0.098,0.33,0.464,0.624,0.428,0.304,0.374,0.301,0.589,0.875,0.184,0.305,27.9,6.38,-0.74,5.64,104.6,96.5,8.1,77.7,0.23,0.371,0.553,0.518,15.3,22.3,0.182,0.46,16.5,74.2,0.181
MIN,2024,1.0,PHO,73,60,22.0,6.0,2.0,1.0,1.0,1.0,2.0,1.0,0.0,1.0,1.0,2.0,1.0,1.0,2.0,1.0,0.0,2.0,1.0,1.0,3.0,2.0,0.0,0.0,1.0,1.0,1.0,0.0,1.0,30.1,67.3,0.448,9.5,25.0,0.38,20.6,42.3,0.488,12.2,15.5,0.79,7.4,26.8,34.3,23.0,8.6,4.2,13.4,16.4,82.0,28.2,68.7,0.41,6.8,22.7,0.301,21.4,46.1,0.464,12.4,15.8,0.788,9.4,25.9,35.3,18.6,7.5,3.7,14.9,15.7,75.6,38.4,85.9,0.448,12.1,31.9,0.38,26.3,54.0,0.488,15.6,19.7,0.79,9.5,34.2,43.7,29.4,10.9,5.4,17.1,20.9,104.6,36.0,87.7,0.41,8.7,28.9,0.301,27.2,58.8,0.464,15.9,20.1,0.788,11.9,33.1,45.0,23.7,9.5,4.7,19.0,20.0,96.5,0.448,14.7,0.629,0.175,0.205,0.107,0.142,0.371,0.488,0.662,0.399,0.429,0.444,0.38,0.668,0.974,0.198,0.429,0.41,13.0,0.67,0.22,0.238,0.113,0.098,0.33,0.464,0.624,0.428,0.304,0.374,0.301,0.589,0.875,0.184,0.305,27.9,6.38,-0.74,5.64,104.6,96.5,8.1,77.7,0.23,0.371,0.553,0.518,15.3,22.3,0.182,0.46,16.5,74.2,0.181
MIN,2024,0.0,DAL,88,94,27.0,6.0,2.0,1.0,0.0,0.0,2.0,0.0,0.0,1.0,1.0,2.0,1.0,1.0,1.0,1.0,0.0,2.0,0.0,1.0,2.0,2.0,0.0,0.0,1.0,1.0,1.0,0.0,1.0,30.1,67.3,0.448,9.5,25.0,0.38,20.6,42.3,0.488,12.2,15.5,0.79,7.4,26.8,34.3,23.0,8.6,4.2,13.4,16.4,82.0,28.2,68.7,0.41,6.8,22.7,0.301,21.4,46.1,0.464,12.4,15.8,0.788,9.4,25.9,35.3,18.6,7.5,3.7,14.9,15.7,75.6,38.4,85.9,0.448,12.1,31.9,0.38,26.3,54.0,0.488,15.6,19.7,0.79,9.5,34.2,43.7,29.4,10.9,5.4,17.1,20.9,104.6,36.0,87.7,0.41,8.7,28.9,0.301,27.2,58.8,0.464,15.9,20.1,0.788,11.9,33.1,45.0,23.7,9.5,4.7,19.0,20.0,96.5,0.448,14.7,0.629,0.175,0.205,0.107,0.142,0.371,0.488,0.662,0.399,0.429,0.444,0.38,0.668,0.974,0.198,0.429,0.41,13.0,0.67,0.22,0.238,0.113,0.098,0.33,0.464,0.624,0.428,0.304,0.374,0.301,0.589,0.875,0.184,0.305,27.9,6.38,-0.74,5.64,104.6,96.5,8.1,77.7,0.23,0.371,0.553,0.518,15.3,22.3,0.182,0.46,16.5,74.2,0.181
MIN,2024,0.0,CHI,70,62,30.0,6.0,2.0,1.0,0.0,0.0,2.0,0.0,0.0,1.0,1.0,1.0,1.0,1.0,1.0,1.0,0.0,1.0,0.0,1.0,2.0,2.0,0.0,0.0,1.0,1.0,1.0,0.0,1.0,30.1,67.3,0.448,9.5,25.0,0.38,20.6,42.3,0.488,12.2,15.5,0.79,7.4,26.8,34.3,23.0,8.6,4.2,13.4,16.4,82.0,28.2,68.7,0.41,6.8,22.7,0.301,21.4,46.1,0.464,12.4,15.8,0.788,9.4,25.9,35.3,18.6,7.5,3.7,14.9,15.7,75.6,38.4,85.9,0.448,12.1,31.9,0.38,26.3,54.0,0.488,15.6,19.7,0.79,9.5,34.2,43.7,29.4,10.9,5.4,17.1,20.9,104.6,36.0,87.7,0.41,8.7,28.9,0.301,27.2,58.8,0.464,15.9,20.1,0.788,11.9,33.1,45.0,23.7,9.5,4.7,19.0,20.0,96.5,0.448,14.7,0.629,0.175,0.205,0.107,0.142,0.371,0.488,0.662,0.399,0.429,0.444,0.38,0.668,0.974,0.198,0.429,0.41,13.0,0.67,0.22,0.238,0.113,0.098,0.33,0.464,0.624,0.428,0.304,0.374,0.301,0.589,0.875,0.184,0.305,27.9,6.38,-0.74,5.64,104.6,96.5,8.1,77.7,0.23,0.371,0.553,0.518,15.3,22.3,0.182,0.46,16.5,74.2,0.181
MIN,2024,0.0,NYL,67,76,2.0,7.0,2.0,1.0,1.0,1.0,2.0,1.0,0.0,1.0,1.0,2.0,1.0,1.0,2.0,1.0,0.0,2.0,1.0,1.0,3.0,2.0,0.0,0.0,1.0,1.0,1.0,0.0,1.0,30.1,67.3,0.448,9.5,25.0,0.38,20.6,42.3,0.488,12.2,15.5,0.79,7.4,26.8,34.3,23.0,8.6,4.2,13.4,16.4,82.0,28.2,68.7,0.41,6.8,22.7,0.301,21.4,46.1,0.464,12.4,15.8,0.788,9.4,25.9,35.3,18.6,7.5,3.7,14.9,15.7,75.6,38.4,85.9,0.448,12.1,31.9,0.38,26.3,54.0,0.488,15.6,19.7,0.79,9.5,34.2,43.7,29.4,10.9,5.4,17.1,20.9,104.6,36.0,87.7,0.41,8.7,28.9,0.301,27.2,58.8,0.464,15.9,20.1,0.788,11.9,33.1,45.0,23.7,9.5,4.7,19.0,20.0,96.5,0.448,14.7,0.629,0.175,0.205,0.107,0.142,0.371,0.488,0.662,0.399,0.429,0.444,0.38,0.668,0.974,0.198,0.429,0.41,13.0,0.67,0.22,0.238,0.113,0.098,0.33,0.464,0.624,0.428,0.304,0.374,0.301,0.589,0.875,0.184,0.305,27.9,6.38,-0.74,5.64,104.6,96.5,8.1,77.7,0.23,0.371,0.553,0.518,15.3,22.3,0.182,0.46,16.5,74.2,0.181
MIN,2024,1.0,CON,73,78,4.0,7.0,2.0,1.0,0.0,0.0,2.0,0.0,0.0,1.0,1.0,2.0,1.0,1.0,1.0,1.0,0.0,2.0,0.0,1.0,2.0,2.0,0.0,0.0,1.0,1.0,1.0,0.0,1.0,30.1,67.3,0.448,9.5,25.0,0.38,20.6,42.3,0.488,12.2,15.5,0.79,7.4,26.8,34.3,23.0,8.6,4.2,13.4,16.4,82.0,28.2,68.7,0.41,6.8,22.7,0.301,21.4,46.1,0.464,12.4,15.8,0.788,9.4,25.9,35.3,18.6,7.5,3.7,14.9,15.7,75.6,38.4,85.9,0.448,12.1,31.9,0.38,26.3,54.0,0.488,15.6,19.7,0.79,9.5,34.2,43.7,29.4,10.9,5.4,17.1,20.9,104.6,36.0,87.7,0.41,8.7,28.9,0.301,27.2,58.8,0.464,15.9,20.1,0.788,11.9,33.1,45.0,23.7,9.5,4.7,19.0,20.0,96.5,0.448,14.7,0.629,0.175,0.205,0.107,0.142,0.371,0.488,0.662,0.399,0.429,0.444,0.38,0.668,0.974,0.198,0.429,0.41,13.0,0.67,0.22,0.238,0.113,0.098,0.33,0.464,0.624,0.428,0.304,0.374,0.301,0.589,0.875,0.184,0.305,27.9,6.38,-0.74,5.64,104.6,96.5,8.1,77.7,0.23,0.371,0.553,0.518,15.3,22.3,0.182,0.46,16.5,74.2,0.181
MIN,2024,1.0,WAS,74,67,6.0,7.0,1.0,0.0,1.0,1.0,1.0,1.0,0.0,0.0,1.0,1.0,0.0,0.0,2.0,0.0,0.0,1.0,1.0,1.0,2.0,1.0,0.0,0.0,0.0,1.0,1.0,0.0,0.0,30.1,67.3,0.448,9.5,25.0,0.38,20.6,42.3,0.488,12.2,15.5,0.79,7.4,26.8,34.3,23.0,8.6,4.2,13.4,16.4,82.0,28.2,68.7,0.41,6.8,22.7,0.301,21.4,46.1,0.464,12.4,15.8,0.788,9.4,25.9,35.3,18.6,7.5,3.7,14.9,15.7,75.6,38.4,85.9,0.448,12.1,31.9,0.38,26.3,54.0,0.488,15.6,19.7,0.79,9.5,34.2,43.7,29.4,10.9,5.4,17.1,20.9,104.6,36.0,87.7,0.41,8.7,28.9,0.301,27.2,58.8,0.464,15.9,20.1,0.788,11.9,33.1,45.0,23.7,9.5,4.7,19.0,20.0,96.5,0.448,14.7,0.629,0.175,0.205,0.107,0.142,0.371,0.488,0.662,0.399,0.429,0.444,0.38,0.668,0.974,0.198,0.429,0.41,13.0,0.67,0.22,0.238,0.113,0.098,0.33,0.464,0.624,0.428,0.304,0.374,0.301,0.589,0.875,0.184,0.305,27.9,6.38,-0.74,5.64,104.6,96.5,8.1,77.7,0.23,0.371,0.553,0.518,15.3,22.3,0.182,0.46,16.5,74.2,0.181
MIN,2024,0.0,LAS,82,67,9.0,7.0,1.0,0.0,1.0,1.0,1.0,1.0,0.0,0.0,1.0,1.0,0.0,0.0,2.0,0.0,0.0,1.0,1.0,1.0,2.0,1.0,0.0,0.0,0.0,1.0,1.0,0.0,0.0,30.1,67.3,0.448,9.5,25.0,0.38,20.6,42.3,0.488,12.2,15.5,0.79,7.4,26.8,34.3,23.0,8.6,4.2,13.4,16.4,82.0,28.2,68.7,0.41,6.8,22.7,0.301,21.4,46.1,0.464,12.4,15.8,0.788,9.4,25.9,35.3,18.6,7.5,3.7,14.9,15.7,75.6,38.4,85.9,0.448,12.1,31.9,0.38,26.3,54.0,0.488,15.6,19.7,0.79,9.5,34.2,43.7,29.4,10.9,5.4,17.1,20.9,104.6,36.0,87.7,0.41,8.7,28.9,0.301,27.2,58.8,0.464,15.9,20.1,0.788,11.9,33.1,45.0,23.7,9.5,4.7,19.0,20.0,96.5,0.448,14.7,0.629,0.175,0.205,0.107,0.142,0.371,0.488,0.662,0.399,0.429,0.444,0.38,0.668,0.974,0.198,0.429,0.41,13.0,0.67,0.22,0.238,0.113,0.098,0.33,0.464,0.624,0.428,0.304,0.374,0.301,0.589,0.875,0.184,0.305,27.9,6.38,-0.74,5.64,104.6,96.5,8.1,77.7,0.23,0.371,0.553,0.518,15.3,22.3,0.182,0.46,16.5,74.2,0.181
MIN,2024,0.0,SEA,63,91,12.0,7.0,1.0,0.0,1.0,1.0,1.0,1.0,0.0,0.0,1.0,1.0,0.0,0.0,2.0,0.0,0.0,1.0,1.0,1.0,2.0,1.0,0.0,0.0,0.0,1.0,1.0,0.0,0.0,30.1,67.3,0.448,9.5,25.0,0.38,20.6,42.3,0.488,12.2,15.5,0.79,7.4,26.8,34.3,23.0,8.6,4.2,13.4,16.4,82.0,28.2,68.7,0.41,6.8,22.7,0.301,21.4,46.1,0.464,12.4,15.8,0.788,9.4,25.9,35.3,18.6,7.5,3.7,14.9,15.7,75.6,38.4,85.9,0.448,12.1,31.9,0.38,26.3,54.0,0.488,15.6,19.7,0.79,9.5,34.2,43.7,29.4,10.9,5.4,17.1,20.9,104.6,36.0,87.7,0.41,8.7,28.9,0.301,27.2,58.8,0.464,15.9,20.1,0.788,11.9,33.1,45.0,23.7,9.5,4.7,19.0,20.0,96.5,0.448,14.7,0.629,0.175,0.205,0.107,0.142,0.371,0.488,0.662,0.399,0.429,0.444,0.38,0.668,0.974,0.198,0.429,0.41,13.0,0.67,0.22,0.238,0.113,0.098,0.33,0.464,0.624,0.428,0.304,0.374,0.301,0.589,0.875,0.184,0.305,27.9,6.38,-0.74,5.64,104.6,96.5,8.1,77.7,0.23,0.371,0.553,0.518,15.3,22.3,0.182,0.46,16.5,74.2,0.181
MIN,2024,1.0,IND,74,81,14.0,7.0,1.0,0.0,0.0,1.0,1.0,1.0,0.0,0.0,1.0,1.0,0.0,0.0,1.0,0.0,0.0,1.0,1.0,1.0,2.0,1.0,0.0,0.0,0.0,1.0,1.0,0.0,0.0,30.1,67.3,0.448,9.5,25.0,0.38,20.6,42.3,0.488,12.2,15.5,0.79,7.4,26.8,34.3,23.0,8.6,4.2,13.4,16.4,82.0,28.2,68.7,0.41,6.8,22.7,0.301,21.4,46.1,0.464,12.4,15.8,0.788,9.4,25.9,35.3,18.6,7.5,3.7,14.9,15.7,75.6,38.4,85.9,0.448,12.1,31.9,0.38,26.3,54.0,0.488,15.6,19.7,0.79,9.5,34.2,43.7,29.4,10.9,5.4,17.1,20.9,104.6,36.0,87.7,0.41,8.7,28.9,0.301,27.2,58.8,0.464,15.9,20.1,0.788,11.9,33.1,45.0,23.7,9.5,4.7,19.0,20.0,96.5,0.448,14.7,0.629,0.175,0.205,0.107,0.142,0.371,0.488,0.662,0.399,0.429,0.444,0.38,0.668,0.974,0.198,0.429,0.41,13.0,0.67,0.22,0.238,0.113,0.098,0.33,0.464,0.624,0.428,0.304,0.374,0.301,0.589,0.875,0.184,0.305,27.9,6.38,-0.74,5.64,104.6,96.5,8.1,77.7,0.23,0.371,0.553,0.518,15.3,22.3,0.182,0.46,16.5,74.2,0.181
MIN,2024,1.0,ATL,86,79,17.0,7.0,1.0,0.0,0.0,1.0,1.0,1.0,0.0,0.0,1.0,1.0,0.0,0.0,1.0,0.0,0.0,1.0,1.0,1.0,2.0,1.0,0.0,0.0,0.0,1.0,1.0,0.0,0.0,30.1,67.3,0.448,9.5,25.0,0.38,20.6,42.3,0.488,12.2,15.5,0.79,7.4,26.8,34.3,23.0,8.6,4.2,13.4,16.4,82.0,28.2,68.7,0.41,6.8,22.7,0.301,21.4,46.1,0.464,12.4,15.8,0.788,9.4,25.9,35.3,18.6,7.5,3.7,14.9,15.7,75.6,38.4,85.9,0.448,12.1,31.9,0.38,26.3,54.0,0.488,15.6,19.7,0.79,9.5,34.2,43.7,29.4,10.9,5.4,17.1,20.9,104.6,36.0,87.7,0.41,8.7,28.9,0.301,27.2,58.8,0.464,15.9,20.1,0.788,11.9,33.1,45.0,23.7,9.5,4.7,19.0,20.0,96.5,0.448,14.7,0.629,0.175,0.205,0.107,0.142,0.371,0.488,0.662,0.399,0.429,0.444,0.38,0.668,0.974,0.198,0.429,0.41,13.0,0.67,0.22,0.238,0.113,0.098,0.33,0.464,0.624,0.428,0.304,0.374,0.301,0.589,0.875,0.184,0.305,27.9,6.38,-0.74,5.64,104.6,96.5,8.1,77.7,0.23,0.371,0.553,0.518,15.3,22.3,0.182,0.46,16.5,74.2,0.181
MIN,2024,1.0,WAS,79,68,15.0,8.0,2.0,1.0,0.0,0.0,2.0,0.0,0.0,1.0,1.0,1.0,1.0,1.0,1.0,1.0,0.0,1.0,0.0,1.0,2.0,2.0,0.0,0.0,1.0,1.0,1.0,0.0,1.0,30.1,67.3,0.448,9.5,25.0,0.38,20.6,42.3,0.488,12.2,15.5,0.79,7.4,26.8,34.3,23.0,8.6,4.2,13.4,16.4,82.0,28.2,68.7,0.41,6.8,22.7,0.301,21.4,46.1,0.464,12.4,15.8,0.788,9.4,25.9,35.3,18.6,7.5,3.7,14.9,15.7,75.6,38.4,85.9,0.448,12.1,31.9,0.38,26.3,54.0,0.488,15.6,19.7,0.79,9.5,34.2,43.7,29.4,10.9,5.4,17.1,20.9,104.6,36.0,87.7,0.41,8.7,28.9,0.301,27.2,58.8,0.464,15.9,20.1,0.788,11.9,33.1,45.0,23.7,9.5,4.7,19.0,20.0,96.5,0.448,14.7,0.629,0.175,0.205,0.107,0.142,0.371,0.488,0.662,0.399,0.429,0.444,0.38,0.668,0.974,0.198,0.429,0.41,13.0,0.67,0.22,0.238,0.113,0.098,0.33,0.464,0.624,0.428,0.304,0.374,0.301,0.589,0.875,0.184,0.305,27.9,6.38,-0.74,5.64,104.6,96.5,8.1,77.7,0.23,0.371,0.553,0.518,15.3,22.3,0.182,0.46,16.5,74.2,0.181
MIN,2024,0.0,WAS,99,83,17.0,8.0,2.0,1.0,1.0,1.0,2.0,1.0,0.0,1.0,1.0,2.0,1.0,1.0,2.0,1.0,0.0,2.0,1.0,1.0,3.0,2.0,0.0,0.0,1.0,1.0,1.0,0.0,1.0,30.1,67.3,0.448,9.5,25.0,0.38,20.6,42.3,0.488,12.2,15.5,0.79,7.4,26.8,34.3,23.0,8.6,4.2,13.4,16.4,82.0,28.2,68.7,0.41,6.8,22.7,0.301,21.4,46.1,0.464,12.4,15.8,0.788,9.4,25.9,35.3,18.6,7.5,3.7,14.9,15.7,75.6,38.4,85.9,0.448,12.1,31.9,0.38,26.3,54.0,0.488,15.6,19.7,0.79,9.5,34.2,43.7,29.4,10.9,5.4,17.1,20.9,104.6,36.0,87.7,0.41,8.7,28.9,0.301,27.2,58.8,0.464,15.9,20.1,0.788,11.9,33.1,45.0,23.7,9.5,4.7,19.0,20.0,96.5,0.448,14.7,0.629,0.175,0.205,0.107,0.142,0.371,0.488,0.662,0.399,0.429,0.444,0.38,0.668,0.974,0.198,0.429,0.41,13.0,0.67,0.22,0.238,0.113,0.098,0.33,0.464,0.624,0.428,0.304,0.374,0.301,0.589,0.875,0.184,0.305,27.9,6.38,-0.74,5.64,104.6,96.5,8.1,77.7,0.23,0.371,0.553,0.518,15.3,22.3,0.182,0.46,16.5,74.2,0.181
MIN,2024,0.0,LVA,98,87,21.0,8.0,2.0,1.0,0.0,0.0,2.0,0.0,0.0,1.0,1.0,1.0,1.0,1.0,1.0,1.0,0.0,1.0,0.0,1.0,2.0,2.0,0.0,0.0,1.0,1.0,1.0,0.0,1.0,30.1,67.3,0.448,9.5,25.0,0.38,20.6,42.3,0.488,12.2,15.5,0.79,7.4,26.8,34.3,23.0,8.6,4.2,13.4,16.4,82.0,28.2,68.7,0.41,6.8,22.7,0.301,21.4,46.1,0.464,12.4,15.8,0.788,9.4,25.9,35.3,18.6,7.5,3.7,14.9,15.7,75.6,38.4,85.9,0.448,12.1,31.9,0.38,26.3,54.0,0.488,15.6,19.7,0.79,9.5,34.2,43.7,29.4,10.9,5.4,17.1,20.9,104.6,36.0,87.7,0.41,8.7,28.9,0.301,27.2,58.8,0.464,15.9,20.1,0.788,11.9,33.1,45.0,23.7,9.5,4.7,19.0,20.0,96.5,0.448,14.7,0.629,0.175,0.205,0.107,0.142,0.371,0.488,0.662,0.399,0.429,0.444,0.38,0.668,0.974,0.198,0.429,0.41,13.0,0.67,0.22,0.238,0.113,0.098,0.33,0.464,0.624,0.428,0.304,0.374,0.301,0.589,0.875,0.184,0.305,27.9,6.38,-0.74,5.64,104.6,96.5,8.1,77.7,0.23,0.371,0.553,0.518,15.3,22.3,0.182,0.46,16.5,74.2,0.181
MIN,2024,1.0,LVA,87,74,23.0,8.0,2.0,1.0,0.0,0.0,2.0,0.0,0.0,1.0,1.0,1.0,1.0,1.0,1.0,1.0,0.0,1.0,0.0,1.0,2.0,2.0,0.0,0.0,1.0,1.0,1.0,0.0,1.0,30.1,67.3,0.448,9.5,25.0,0.38,20.6,42.3,0.488,12.2,15.5,0.79,7.4,26.8,34.3,23.0,8.6,4.2,13.4,16.4,82.0,28.2,68.7,0.41,6.8,22.7,0.301,21.4,46.1,0.464,12.4,15.8,0.788,9.4,25.9,35.3,18.6,7.5,3.7,14.9,15.7,75.6,38.4,85.9,0.448,12.1,31.9,0.38,26.3,54.0,0.488,15.6,19.7,0.79,9.5,34.2,43.7,29.4,10.9,5.4,17.1,20.9,104.6,36.0,87.7,0.41,8.7,28.9,0.301,27.2,58.8,0.464,15.9,20.1,0.788,11.9,33.1,45.0,23.7,9.5,4.7,19.0,20.0,96.5,0.448,14.7,0.629,0.175,0.205,0.107,0.142,0.371,0.488,0.662,0.399,0.429,0.444,0.38,0.668,0.974,0.198,0.429,0.41,13.0,0.67,0.22,0.238,0.113,0.098,0.33,0.464,0.624,0.428,0.304,0.374,0.301,0.589,0.875,0.184,0.305,27.9,6.38,-0.74,5.64,104.6,96.5,8.1,77.7,0.23,0.371,0.553,0.518,15.3,22.3,0.182,0.46,16.5,74.2,0.181
MIN,2024,1.0,IND,90,80,24.0,8.0,2.0,1.0,0.0,0.0,2.0,0.0,0.0,1.0,1.0,1.0,1.0,1.0,1.0,1.0,0.0,1.0,0.0,1.0,2.0,2.0,0.0,0.0,1.0,1.0,1.0,0.0,1.0,30.1,67.3,0.448,9.5,25.0,0.38,20.6,42.3,0.488,12.2,15.5,0.79,7.4,26.8,34.3,23.0,8.6,4.2,13.4,16.4,82.0,28.2,68.7,0.41,6.8,22.7,0.301,21.4,46.1,0.464,12.4,15.8,0.788,9.4,25.9,35.3,18.6,7.5,3.7,14.9,15.7,75.6,38.4,85.9,0.448,12.1,31.9,0.38,26.3,54.0,0.488,15.6,19.7,0.79,9.5,34.2,43.7,29.4,10.9,5.4,17.1,20.9,104.6,36.0,87.7,0.41,8.7,28.9,0.301,27.2,58.8,0.464,15.9,20.1,0.788,11.9,33.1,45.0,23.7,9.5,4.7,19.0,20.0,96.5,0.448,14.7,0.629,0.175,0.205,0.107,0.142,0.371,0.488,0.662,0.399,0.429,0.444,0.38,0.668,0.974,0.198,0.429,0.41,13.0,0.67,0.22,0.238,0.113,0.098,0.33,0.464,0.624,0.428,0.304,0.374,0.301,0.589,0.875,0.184,0.305,27.9,6.38,-0.74,5.64,104.6,96.5,8.1,77.7,0.23,0.371,0.553,0.518,15.3,22.3,0.182,0.46,16.5,74.2,0.181
MIN,2024,0.0,PHO,89,76,28.0,8.0,2.0,1.0,1.0,0.0,2.0,0.0,0.0,1.0,1.0,1.0,1.0,1.0,2.0,1.0,0.0,1.0,0.0,1.0,2.0,2.0,0.0,0.0,1.0,1.0,1.0,0.0,1.0,30.1,67.3,0.448,9.5,25.0,0.38,20.6,42.3,0.488,12.2,15.5,0.79,7.4,26.8,34.3,23.0,8.6,4.2,13.4,16.4,82.0,28.2,68.7,0.41,6.8,22.7,0.301,21.4,46.1,0.464,12.4,15.8,0.788,9.4,25.9,35.3,18.6,7.5,3.7,14.9,15.7,75.6,38.4,85.9,0.448,12.1,31.9,0.38,26.3,54.0,0.488,15.6,19.7,0.79,9.5,34.2,43.7,29.4,10.9,5.4,17.1,20.9,104.6,36.0,87.7,0.41,8.7,28.9,0.301,27.2,58.8,0.464,15.9,20.1,0.788,11.9,33.1,45.0,23.7,9.5,4.7,19.0,20.0,96.5,0.448,14.7,0.629,0.175,0.205,0.107,0.142,0.371,0.488,0.662,0.399,0.429,0.444,0.38,0.668,0.974,0.198,0.429,0.41,13.0,0.67,0.22,0.238,0.113,0.098,0.33,0.464,0.624,0.428,0.304,0.374,0.301,0.589,0.875,0.184,0.305,27.9,6.38,-0.74,5.64,104.6,96.5,8.1,77.7,0.23,0.371,0.553,0.518,15.3,22.3,0.182,0.46,16.5,74.2,0.181
MIN,2024,0.0,DAL,76,94,30.0,8.0,2.0,1.0,1.0,0.0,2.0,0.0,0.0,1.0,1.0,1.0,1.0,1.0,2.0,1.0,0.0,1.0,0.0,1.0,2.0,2.0,0.0,0.0,1.0,1.0,1.0,0.0,1.0,30.1,67.3,0.448,9.5,25.0,0.38,20.6,42.3,0.488,12.2,15.5,0.79,7.4,26.8,34.3,23.0,8.6,4.2,13.4,16.4,82.0,28.2,68.7,0.41,6.8,22.7,0.301,21.4,46.1,0.464,12.4,15.8,0.788,9.4,25.9,35.3,18.6,7.5,3.7,14.9,15.7,75.6,38.4,85.9,0.448,12.1,31.9,0.38,26.3,54.0,0.488,15.6,19.7,0.79,9.5,34.2,43.7,29.4,10.9,5.4,17.1,20.9,104.6,36.0,87.7,0.41,8.7,28.9,0.301,27.2,58.8,0.464,15.9,20.1,0.788,11.9,33.1,45.0,23.7,9.5,4.7,19.0,20.0,96.5,0.448,14.7,0.629,0.175,0.205,0.107,0.142,0.371,0.488,0.662,0.399,0.429,0.444,0.38,0.668,0.974,0.198,0.429,0.41,13.0,0.67,0.22,0.238,0.113,0.098,0.33,0.464,0.624,0.428,0.304,0.374,0.301,0.589,0.875,0.184,0.305,27.9,6.38,-0.74,5.64,104.6,96.5,8.1,77.7,0.23,0.371,0.553,0.518,15.3,22.3,0.182,0.46,16.5,74.2,0.181
MIN,2024,1.0,CHI,79,74,1.0,9.0,2.0,1.0,0.0,0.0,1.0,0.0,0.0,1.0,1.0,1.0,1.0,1.0,0.0,1.0,0.0,1.0,0.0,1.0,2.0,1.0,0.0,0.0,1.0,1.0,1.0,0.0,1.0,30.1,67.3,0.448,9.5,25.0,0.38,20.6,42.3,0.488,12.2,15.5,0.79,7.4,26.8,34.3,23.0,8.6,4.2,13.4,16.4,82.0,28.2,68.7,0.41,6.8,22.7,0.301,21.4,46.1,0.464,12.4,15.8,0.788,9.4,25.9,35.3,18.6,7.5,3.7,14.9,15.7,75.6,38.4,85.9,0.448,12.1,31.9,0.38,26.3,54.0,0.488,15.6,19.7,0.79,9.5,34.2,43.7,29.4,10.9,5.4,17.1,20.9,104.6,36.0,87.7,0.41,8.7,28.9,0.301,27.2,58.8,0.464,15.9,20.1,0.788,11.9,33.1,45.0,23.7,9.5,4.7,19.0,20.0,96.5,0.448,14.7,0.629,0.175,0.205,0.107,0.142,0.371,0.488,0.662,0.399,0.429,0.444,0.38,0.668,0.974,0.198,0.429,0.41,13.0,0.67,0.22,0.238,0.113,0.098,0.33,0.464,0.624,0.428,0.304,0.374,0.301,0.589,0.875,0.184,0.305,27.9,6.38,-0.74,5.64,104.6,96.5,8.1,77.7,0.23,0.371,0.553,0.518,15.3,22.3,0.182,0.46,16.5,74.2,0.181
MIN,2024,0.0,IND,99,88,6.0,9.0,2.0,1.0,0.0,0.0,2.0,0.0,0.0,1.0,1.0,1.0,1.0,1.0,1.0,1.0,0.0,1.0,0.0,1.0,2.0,2.0,0.0,0.0,1.0,1.0,1.0,0.0,1.0,30.1,67.3,0.448,9.5,25.0,0.38,20.6,42.3,0.488,12.2,15.5,0.79,7.4,26.8,34.3,23.0,8.6,4.2,13.4,16.4,82.0,28.2,68.7,0.41,6.8,22.7,0.301,21.4,46.1,0.464,12.4,15.8,0.788,9.4,25.9,35.3,18.6,7.5,3.7,14.9,15.7,75.6,38.4,85.9,0.448,12.1,31.9,0.38,26.3,54.0,0.488,15.6,19.7,0.79,9.5,34.2,43.7,29.4,10.9,5.4,17.1,20.9,104.6,36.0,87.7,0.41,8.7,28.9,0.301,27.2,58.8,0.464,15.9,20.1,0.788,11.9,33.1,45.0,23.7,9.5,4.7,19.0,20.0,96.5,0.448,14.7,0.629,0.175,0.205,0.107,0.142,0.371,0.488,0.662,0.399,0.429,0.444,0.38,0.668,0.974,0.198,0.429,0.41,13.0,0.67,0.22,0.238,0.113,0.098,0.33,0.464,0.624,0.428,0.304,0.374,0.301,0.589,0.875,0.184,0.305,27.9,6.38,-0.74,5.64,104.6,96.5,8.1,77.7,0.23,0.371,0.553,0.518,15.3,22.3,0.182,0.46,16.5,74.2,0.181
MIN,2024,0.0,WAS,78,71,8.0,9.0,2.0,1.0,0.0,0.0,2.0,0.0,0.0,1.0,1.0,1.0,1.0,1.0,1.0,1.0,0.0,1.0,0.0,1.0,2.0,2.0,0.0,0.0,1.0,1.0,1.0,0.0,1.0,30.1,67.3,0.448,9.5,25.0,0.38,20.6,42.3,0.488,12.2,15.5,0.79,7.4,26.8,34.3,23.0,8.6,4.2,13.4,16.4,82.0,28.2,68.7,0.41,6.8,22.7,0.301,21.4,46.1,0.464,12.4,15.8,0.788,9.4,25.9,35.3,18.6,7.5,3.7,14.9,15.7,75.6,38.4,85.9,0.448,12.1,31.9,0.38,26.3,54.0,0.488,15.6,19.7,0.79,9.5,34.2,43.7,29.4,10.9,5.4,17.1,20.9,104.6,36.0,87.7,0.41,8.7,28.9,0.301,27.2,58.8,0.464,15.9,20.1,0.788,11.9,33.1,45.0,23.7,9.5,4.7,19.0,20.0,96.5,0.448,14.7,0.629,0.175,0.205,0.107,0.142,0.371,0.488,0.662,0.399,0.429,0.444,0.38,0.668,0.974,0.198,0.429,0.41,13.0,0.67,0.22,0.238,0.113,0.098,0.33,0.464,0.624,0.428,0.304,0.374,0.301,0.589,0.875,0.184,0.305,27.9,6.38,-0.74,5.64,104.6,96.5,8.1,77.7,0.23,0.371,0.553,0.518,15.3,22.3,0.182,0.46,16.5,74.2,0.181
MIN,2024,0.0,ATL,76,64,10.0,9.0,2.0,1.0,1.0,0.0,2.0,0.0,0.0,1.0,1.0,1.0,1.0,1.0,2.0,1.0,0.0,1.0,0.0,1.0,2.0,2.0,0.0,0.0,1.0,1.0,1.0,0.0,1.0,30.1,67.3,0.448,9.5,25.0,0.38,20.6,42.3,0.488,12.2,15.5,0.79,7.4,26.8,34.3,23.0,8.6,4.2,13.4,16.4,82.0,28.2,68.7,0.41,6.8,22.7,0.301,21.4,46.1,0.464,12.4,15.8,0.788,9.4,25.9,35.3,18.6,7.5,3.7,14.9,15.7,75.6,38.4,85.9,0.448,12.1,31.9,0.38,26.3,54.0,0.488,15.6,19.7,0.79,9.5,34.2,43.7,29.4,10.9,5.4,17.1,20.9,104.6,36.0,87.7,0.41,8.7,28.9,0.301,27.2,58.8,0.464,15.9,20.1,0.788,11.9,33.1,45.0,23.7,9.5,4.7,19.0,20.0,96.5,0.448,14.7,0.629,0.175,0.205,0.107,0.142,0.371,0.488,0.662,0.399,0.429,0.444,0.38,0.668,0.974,0.198,0.429,0.41,13.0,0.67,0.22,0.238,0.113,0.098,0.33,0.464,0.624,0.428,0.304,0.374,0.301,0.589,0.875,0.184,0.305,27.9,6.38,-0.74,5.64,104.6,96.5,8.1,77.7,0.23,0.371,0.553,0.518,15.3,22.3,0.182,0.46,16.5,74.2,0.181
MIN,2024,1.0,CHI,83,66,13.0,9.0,2.0,1.0,0.0,0.0,2.0,0.0,0.0,1.0,1.0,1.0,1.0,1.0,1.0,1.0,0.0,1.0,0.0,1.0,2.0,2.0,0.0,0.0,1.0,1.0,1.0,0.0,1.0,30.1,67.3,0.448,9.5,25.0,0.38,20.6,42.3,0.488,12.2,15.5,0.79,7.4,26.8,34.3,23.0,8.6,4.2,13.4,16.4,82.0,28.2,68.7,0.41,6.8,22.7,0.301,21.4,46.1,0.464,12.4,15.8,0.788,9.4,25.9,35.3,18.6,7.5,3.7,14.9,15.7,75.6,38.4,85.9,0.448,12.1,31.9,0.38,26.3,54.0,0.488,15.6,19.7,0.79,9.5,34.2,43.7,29.4,10.9,5.4,17.1,20.9,104.6,36.0,87.7,0.41,8.7,28.9,0.301,27.2,58.8,0.464,15.9,20.1,0.788,11.9,33.1,45.0,23.7,9.5,4.7,19.0,20.0,96.5,0.448,14.7,0.629,0.175,0.205,0.107,0.142,0.371,0.488,0.662,0.399,0.429,0.444,0.38,0.668,0.974,0.198,0.429,0.41,13.0,0.67,0.22,0.238,0.113,0.098,0.33,0.464,0.624,0.428,0.304,0.374,0.301,0.589,0.875,0.184,0.305,27.9,6.38,-0.74,5.64,104.6,96.5,8.1,77.7,0.23,0.371,0.553,0.518,15.3,22.3,0.182,0.46,16.5,74.2,0.181
MIN,2024,0.0,NYL,88,79,15.0,9.0,2.0,1.0,1.0,0.0,2.0,0.0,0.0,1.0,1.0,1.0,1.0,1.0,2.0,1.0,0.0,1.0,0.0,1.0,2.0,2.0,0.0,0.0,1.0,1.0,1.0,0.0,1.0,30.1,67.3,0.448,9.5,25.0,0.38,20.6,42.3,0.488,12.2,15.5,0.79,7.4,26.8,34.3,23.0,8.6,4.2,13.4,16.4,82.0,28.2,68.7,0.41,6.8,22.7,0.301,21.4,46.1,0.464,12.4,15.8,0.788,9.4,25.9,35.3,18.6,7.5,3.7,14.9,15.7,75.6,38.4,85.9,0.448,12.1,31.9,0.38,26.3,54.0,0.488,15.6,19.7,0.79,9.5,34.2,43.7,29.4,10.9,5.4,17.1,20.9,104.6,36.0,87.7,0.41,8.7,28.9,0.301,27.2,58.8,0.464,15.9,20.1,0.788,11.9,33.1,45.0,23.7,9.5,4.7,19.0,20.0,96.5,0.448,14.7,0.629,0.175,0.205,0.107,0.142,0.371,0.488,0.662,0.399,0.429,0.444,0.38,0.668,0.974,0.198,0.429,0.41,13.0,0.67,0.22,0.238,0.113,0.098,0.33,0.464,0.624,0.428,0.304,0.374,0.301,0.589,0.875,0.184,0.305,27.9,6.38,-0.74,5.64,104.6,96.5,8.1,77.7,0.23,0.371,0.553,0.518,15.3,22.3,0.182,0.46,16.5,74.2,0.181
MIN,2024,0.0,CON,78,76,17.0,9.0,2.0,1.0,0.0,0.0,2.0,0.0,0.0,1.0,1.0,1.0,1.0,1.0,1.0,1.0,0.0,1.0,0.0,1.0,2.0,2.0,0.0,0.0,1.0,1.0,1.0,0.0,1.0,30.1,67.3,0.448,9.5,25.0,0.38,20.6,42.3,0.488,12.2,15.5,0.79,7.4,26.8,34.3,23.0,8.6,4.2,13.4,16.4,82.0,28.2,68.7,0.41,6.8,22.7,0.301,21.4,46.1,0.464,12.4,15.8,0.788,9.4,25.9,35.3,18.6,7.5,3.7,14.9,15.7,75.6,38.4,85.9,0.448,12.1,31.9,0.38,26.3,54.0,0.488,15.6,19.7,0.79,9.5,34.2,43.7,29.4,10.9,5.4,17.1,20.9,104.6,36.0,87.7,0.41,8.7,28.9,0.301,27.2,58.8,0.464,15.9,20.1,0.788,11.9,33.1,45.0,23.7,9.5,4.7,19.0,20.0,96.5,0.448,14.7,0.629,0.175,0.205,0.107,0.142,0.371,0.488,0.662,0.399,0.429,0.444,0.38,0.668,0.974,0.198,0.429,0.41,13.0,0.67,0.22,0.238,0.113,0.098,0.33,0.464,0.624,0.428,0.304,0.374,0.301,0.589,0.875,0.184,0.305,27.9,6.38,-0.74,5.64,104.6,96.5,8.1,77.7,0.23,0.371,0.553,0.518,15.3,22.3,0.182,0.46,16.5,74.2,0.181
MIN,2024,1.0,LAS,51,68,19.0,9.0,0.0,0.0,1.0,0.0,1.0,0.0,0.0,0.0,1.0,2.0,0.0,0.0,2.0,0.0,0.0,2.0,0.0,1.0,0.0,1.0,0.0,0.0,0.0,0.0,0.0,0.0,0.0,30.1,67.3,0.448,9.5,25.0,0.38,20.6,42.3,0.488,12.2,15.5,0.79,7.4,26.8,34.3,23.0,8.6,4.2,13.4,16.4,82.0,28.2,68.7,0.41,6.8,22.7,0.301,21.4,46.1,0.464,12.4,15.8,0.788,9.4,25.9,35.3,18.6,7.5,3.7,14.9,15.7,75.6,38.4,85.9,0.448,12.1,31.9,0.38,26.3,54.0,0.488,15.6,19.7,0.79,9.5,34.2,43.7,29.4,10.9,5.4,17.1,20.9,104.6,36.0,87.7,0.41,8.7,28.9,0.301,27.2,58.8,0.464,15.9,20.1,0.788,11.9,33.1,45.0,23.7,9.5,4.7,19.0,20.0,96.5,0.448,14.7,0.629,0.175,0.205,0.107,0.142,0.371,0.488,0.662,0.399,0.429,0.444,0.38,0.668,0.974,0.198,0.429,0.41,13.0,0.67,0.22,0.238,0.113,0.098,0.33,0.464,0.624,0.428,0.304,0.374,0.301,0.589,0.875,0.184,0.305,27.9,6.38,-0.74,5.64,104.6,96.5,8.1,77.7,0.23,0.371,0.553,0.518,15.3,22.3,0.182,0.46,16.5,74.2,0.181
NYL,2024,0.0,WAS,85,80,14.0,5.0,3.0,1.0,1.0,2.0,2.0,0.0,2.0,2.0,1.0,2.0,1.0,2.0,0.0,1.0,0.0,2.0,0.0,1.0,0.0,2.0,1.0,0.0,1.0,1.0,1.0,1.0,2.0,30.8,68.7,0.448,10.1,29.0,0.349,20.6,39.7,0.52,14.0,17.2,0.814,8.5,28.1,36.6,22.8,7.9,4.5,12.7,15.4,85.6,29.1,68.3,0.425,7.0,21.5,0.324,22.1,46.8,0.472,11.4,14.8,0.769,7.4,25.3,32.7,19.4,6.2,3.2,12.7,16.9,76.5,39.4,88.0,0.448,13.0,37.1,0.349,26.4,50.8,0.52,17.9,22.0,0.814,10.8,36.0,46.8,29.2,10.1,5.7,16.2,19.7,109.6,37.2,87.5,0.425,8.9,27.5,0.324,28.3,59.9,0.472,14.6,19.0,0.769,9.5,32.3,41.8,24.9,8.0,4.1,16.2,21.6,97.9,0.448,14.5,0.578,0.159,0.258,0.108,0.053,0.422,0.52,0.712,0.486,0.404,0.345,0.349,0.657,0.911,0.201,0.403,0.425,13.0,0.685,0.205,0.283,0.106,0.091,0.315,0.472,0.609,0.42,0.428,0.373,0.324,0.618,0.828,0.155,0.331,28.5,9.15,-1.09,8.06,109.6,97.9,11.7,78.1,0.25,0.422,0.561,0.521,14.2,25.1,0.203,0.476,14.5,79.2,0.167
NYL,2024,0.0,IND,102,66,16.0,5.0,3.0,1.0,1.0,3.0,2.0,0.0,2.0,2.0,1.0,2.0,1.0,2.0,0.0,1.0,0.0,2.0,0.0,1.0,0.0,2.0,1.0,0.0,1.0,1.0,1.0,1.0,2.0,30.8,68.7,0.448,10.1,29.0,0.349,20.6,39.7,0.52,14.0,17.2,0.814,8.5,28.1,36.6,22.8,7.9,4.5,12.7,15.4,85.6,29.1,68.3,0.425,7.0,21.5,0.324,22.1,46.8,0.472,11.4,14.8,0.769,7.4,25.3,32.7,19.4,6.2,3.2,12.7,16.9,76.5,39.4,88.0,0.448,13.0,37.1,0.349,26.4,50.8,0.52,17.9,22.0,0.814,10.8,36.0,46.8,29.2,10.1,5.7,16.2,19.7,109.6,37.2,87.5,0.425,8.9,27.5,0.324,28.3,59.9,0.472,14.6,19.0,0.769,9.5,32.3,41.8,24.9,8.0,4.1,16.2,21.6,97.9,0.448,14.5,0.578,0.159,0.258,0.108,0.053,0.422,0.52,0.712,0.486,0.404,0.345,0.349,0.657,0.911,0.201,0.403,0.425,13.0,0.685,0.205,0.283,0.106,0.091,0.315,0.472,0.609,0.42,0.428,0.373,0.324,0.618,0.828,0.155,0.331,28.5,9.15,-1.09,8.06,109.6,97.9,11.7,78.1,0.25,0.422,0.561,0.521,14.2,25.1,0.203,0.476,14.5,79.2,0.167
NYL,2024,1.0,IND,91,80,18.0,5.0,3.0,1.0,1.0,3.0,2.0,0.0,2.0,2.0,1.0,2.0,1.0,2.0,0.0,1.0,0.0,2.0,0.0,1.0,0.0,2.0,1.0,0.0,1.0,1.0,1.0,1.0,2.0,30.8,68.7,0.448,10.1,29.0,0.349,20.6,39.7,0.52,14.0,17.2,0.814,8.5,28.1,36.6,22.8,7.9,4.5,12.7,15.4,85.6,29.1,68.3,0.425,7.0,21.5,0.324,22.1,46.8,0.472,11.4,14.8,0.769,7.4,25.3,32.7,19.4,6.2,3.2,12.7,16.9,76.5,39.4,88.0,0.448,13.0,37.1,0.349,26.4,50.8,0.52,17.9,22.0,0.814,10.8,36.0,46.8,29.2,10.1,5.7,16.2,19.7,109.6,37.2,87.5,0.425,8.9,27.5,0.324,28.3,59.9,0.472,14.6,19.0,0.769,9.5,32.3,41.8,24.9,8.0,4.1,16.2,21.6,97.9,0.448,14.5,0.578,0.159,0.258,0.108,0.053,0.422,0.52,0.712,0.486,0.404,0.345,0.349,0.657,0.911,0.201,0.403,0.425,13.0,0.685,0.205,0.283,0.106,0.091,0.315,0.472,0.609,0.42,0.428,0.373,0.324,0.618,0.828,0.155,0.331,28.5,9.15,-1.09,8.06,109.6,97.9,11.7,78.1,0.25,0.422,0.561,0.521,14.2,25.1,0.203,0.476,14.5,79.2,0.167
NYL,2024,1.0,SEA,74,63,20.0,5.0,3.0,1.0,1.0,2.0,2.0,0.0,2.0,2.0,1.0,2.0,1.0,2.0,0.0,1.0,0.0,2.0,0.0,1.0,0.0,2.0,1.0,0.0,1.0,1.0,1.0,1.0,2.0,30.8,68.7,0.448,10.1,29.0,0.349,20.6,39.7,0.52,14.0,17.2,0.814,8.5,28.1,36.6,22.8,7.9,4.5,12.7,15.4,85.6,29.1,68.3,0.425,7.0,21.5,0.324,22.1,46.8,0.472,11.4,14.8,0.769,7.4,25.3,32.7,19.4,6.2,3.2,12.7,16.9,76.5,39.4,88.0,0.448,13.0,37.1,0.349,26.4,50.8,0.52,17.9,22.0,0.814,10.8,36.0,46.8,29.2,10.1,5.7,16.2,19.7,109.6,37.2,87.5,0.425,8.9,27.5,0.324,28.3,59.9,0.472,14.6,19.0,0.769,9.5,32.3,41.8,24.9,8.0,4.1,16.2,21.6,97.9,0.448,14.5,0.578,0.159,0.258,0.108,0.053,0.422,0.52,0.712,0.486,0.404,0.345,0.349,0.657,0.911,0.201,0.403,0.425,13.0,0.685,0.205,0.283,0.106,0.091,0.315,0.472,0.609,0.42,0.428,0.373,0.324,0.618,0.828,0.155,0.331,28.5,9.15,-1.09,8.06,109.6,97.9,11.7,78.1,0.25,0.422,0.561,0.521,14.2,25.1,0.203,0.476,14.5,79.2,0.167
NYL,2024,1.0,CHI,81,90,23.0,5.0,3.0,1.0,1.0,2.0,2.0,0.0,2.0,2.0,1.0,2.0,1.0,2.0,0.0,1.0,0.0,2.0,0.0,1.0,0.0,2.0,1.0,0.0,1.0,1.0,1.0,1.0,2.0,30.8,68.7,0.448,10.1,29.0,0.349,20.6,39.7,0.52,14.0,17.2,0.814,8.5,28.1,36.6,22.8,7.9,4.5,12.7,15.4,85.6,29.1,68.3,0.425,7.0,21.5,0.324,22.1,46.8,0.472,11.4,14.8,0.769,7.4,25.3,32.7,19.4,6.2,3.2,12.7,16.9,76.5,39.4,88.0,0.448,13.0,37.1,0.349,26.4,50.8,0.52,17.9,22.0,0.814,10.8,36.0,46.8,29.2,10.1,5.7,16.2,19.7,109.6,37.2,87.5,0.425,8.9,27.5,0.324,28.3,59.9,0.472,14.6,19.0,0.769,9.5,32.3,41.8,24.9,8.0,4.1,16.2,21.6,97.9,0.448,14.5,0.578,0.159,0.258,0.108,0.053,0.422,0.52,0.712,0.486,0.404,0.345,0.349,0.657,0.911,0.201,0.403,0.425,13.0,0.685,0.205,0.283,0.106,0.091,0.315,0.472,0.609,0.42,0.428,0.373,0.324,0.618,0.828,0.155,0.331,28.5,9.15,-1.09,8.06,109.6,97.9,11.7,78.1,0.25,0.422,0.561,0.521,14.2,25.1,0.203,0.476,14.5,79.2,0.167
NYL,2024,0.0,MIN,67,84,25.0,5.0,3.0,1.0,1.0,3.0,2.0,0.0,2.0,2.0,1.0,2.0,1.0,2.0,0.0,1.0,0.0,2.0,0.0,1.0,0.0,2.0,1.0,0.0,1.0,1.0,1.0,1.0,2.0,30.8,68.7,0.448,10.1,29.0,0.349,20.6,39.7,0.52,14.0,17.2,0.814,8.5,28.1,36.6,22.8,7.9,4.5,12.7,15.4,85.6,29.1,68.3,0.425,7.0,21.5,0.324,22.1,46.8,0.472,11.4,14.8,0.769,7.4,25.3,32.7,19.4,6.2,3.2,12.7,16.9,76.5,39.4,88.0,0.448,13.0,37.1,0.349,26.4,50.8,0.52,17.9,22.0,0.814,10.8,36.0,46.8,29.2,10.1,5.7,16.2,19.7,109.6,37.2,87.5,0.425,8.9,27.5,0.324,28.3,59.9,0.472,14.6,19.0,0.769,9.5,32.3,41.8,24.9,8.0,4.1,16.2,21.6,97.9,0.448,14.5,0.578,0.159,0.258,0.108,0.053,0.422,0.52,0.712,0.486,0.404,0.345,0.349,0.657,0.911,0.201,0.403,0.425,13.0,0.685,0.205,0.283,0.106,0.091,0.315,0.472,0.609,0.42,0.428,0.373,0.324,0.618,0.828,0.155,0.331,28.5,9.15,-1.09,8.06,109.6,97.9,11.7,78.1,0.25,0.422,0.561,0.521,14.2,25.1,0.203,0.476,14.5,79.2,0.167
NYL,2024,1.0,PHO,81,78,29.0,5.0,3.0,1.0,1.0,1.0,2.0,0.0,2.0,2.0,1.0,2.0,1.0,2.0,0.0,1.0,0.0,2.0,0.0,1.0,0.0,2.0,1.0,0.0,1.0,1.0,1.0,1.0,2.0,30.8,68.7,0.448,10.1,29.0,0.349,20.6,39.7,0.52,14.0,17.2,0.814,8.5,28.1,36.6,22.8,7.9,4.5,12.7,15.4,85.6,29.1,68.3,0.425,7.0,21.5,0.324,22.1,46.8,0.472,11.4,14.8,0.769,7.4,25.3,32.7,19.4,6.2,3.2,12.7,16.9,76.5,39.4,88.0,0.448,13.0,37.1,0.349,26.4,50.8,0.52,17.9,22.0,0.814,10.8,36.0,46.8,29.2,10.1,5.7,16.2,19.7,109.6,37.2,87.5,0.425,8.9,27.5,0.324,28.3,59.9,0.472,14.6,19.0,0.769,9.5,32.3,41.8,24.9,8.0,4.1,16.2,21.6,97.9,0.448,14.5,0.578,0.159,0.258,0.108,0.053,0.422,0.52,0.712,0.486,0.404,0.345,0.349,0.657,0.911,0.201,0.403,0.425,13.0,0.685,0.205,0.283,0.106,0.091,0.315,0.472,0.609,0.42,0.428,0.373,0.324,0.618,0.828,0.155,0.331,28.5,9.15,-1.09,8.06,109.6,97.9,11.7,78.1,0.25,0.422,0.561,0.521,14.2,25.1,0.203,0.476,14.5,79.2,0.167
NYL,2024,1.0,WAS,90,79,31.0,5.0,3.0,1.0,1.0,3.0,2.0,0.0,2.0,2.0,1.0,1.0,1.0,2.0,0.0,1.0,0.0,1.0,0.0,1.0,0.0,2.0,1.0,0.0,1.0,1.0,1.0,1.0,2.0,30.8,68.7,0.448,10.1,29.0,0.349,20.6,39.7,0.52,14.0,17.2,0.814,8.5,28.1,36.6,22.8,7.9,4.5,12.7,15.4,85.6,29.1,68.3,0.425,7.0,21.5,0.324,22.1,46.8,0.472,11.4,14.8,0.769,7.4,25.3,32.7,19.4,6.2,3.2,12.7,16.9,76.5,39.4,88.0,0.448,13.0,37.1,0.349,26.4,50.8,0.52,17.9,22.0,0.814,10.8,36.0,46.8,29.2,10.1,5.7,16.2,19.7,109.6,37.2,87.5,0.425,8.9,27.5,0.324,28.3,59.9,0.472,14.6,19.0,0.769,9.5,32.3,41.8,24.9,8.0,4.1,16.2,21.6,97.9,0.448,14.5,0.578,0.159,0.258,0.108,0.053,0.422,0.52,0.712,0.486,0.404,0.345,0.349,0.657,0.911,0.201,0.403,0.425,13.0,0.685,0.205,0.283,0.106,0.091,0.315,0.472,0.609,0.42,0.428,0.373,0.324,0.618,0.828,0.155,0.331,28.5,9.15,-1.09,8.06,109.6,97.9,11.7,78.1,0.25,0.422,0.561,0.521,14.2,25.1,0.203,0.476,14.5,79.2,0.167
NYL,2024,1.0,IND,104,68,2.0,6.0,3.0,1.0,1.0,3.0,2.0,0.0,2.0,2.0,1.0,2.0,1.0,2.0,0.0,1.0,0.0,2.0,0.0,1.0,0.0,2.0,1.0,0.0,1.0,1.0,1.0,1.0,2.0,30.8,68.7,0.448,10.1,29.0,0.349,20.6,39.7,0.52,14.0,17.2,0.814,8.5,28.1,36.6,22.8,7.9,4.5,12.7,15.4,85.6,29.1,68.3,0.425,7.0,21.5,0.324,22.1,46.8,0.472,11.4,14.8,0.769,7.4,25.3,32.7,19.4,6.2,3.2,12.7,16.9,76.5,39.4,88.0,0.448,13.0,37.1,0.349,26.4,50.8,0.52,17.9,22.0,0.814,10.8,36.0,46.8,29.2,10.1,5.7,16.2,19.7,109.6,37.2,87.5,0.425,8.9,27.5,0.324,28.3,59.9,0.472,14.6,19.0,0.769,9.5,32.3,41.8,24.9,8.0,4.1,16.2,21.6,97.9,0.448,14.5,0.578,0.159,0.258,0.108,0.053,0.422,0.52,0.712,0.486,0.404,0.345,0.349,0.657,0.911,0.201,0.403,0.425,13.0,0.685,0.205,0.283,0.106,0.091,0.315,0.472,0.609,0.42,0.428,0.373,0.324,0.618,0.828,0.155,0.331,28.5,9.15,-1.09,8.06,109.6,97.9,11.7,78.1,0.25,0.422,0.561,0.521,14.2,25.1,0.203,0.476,14.5,79.2,0.167
NYL,2024,0.0,CHI,88,75,4.0,6.0,3.0,1.0,1.0,1.0,2.0,0.0,2.0,2.0,1.0,2.0,1.0,2.0,0.0,1.0,0.0,2.0,0.0,1.0,0.0,2.0,1.0,0.0,1.0,1.0,1.0,1.0,2.0,30.8,68.7,0.448,10.1,29.0,0.349,20.6,39.7,0.52,14.0,17.2,0.814,8.5,28.1,36.6,22.8,7.9,4.5,12.7,15.4,85.6,29.1,68.3,0.425,7.0,21.5,0.324,22.1,46.8,0.472,11.4,14.8,0.769,7.4,25.3,32.7,19.4,6.2,3.2,12.7,16.9,76.5,39.4,88.0,0.448,13.0,37.1,0.349,26.4,50.8,0.52,17.9,22.0,0.814,10.8,36.0,46.8,29.2,10.1,5.7,16.2,19.7,109.6,37.2,87.5,0.425,8.9,27.5,0.324,28.3,59.9,0.472,14.6,19.0,0.769,9.5,32.3,41.8,24.9,8.0,4.1,16.2,21.6,97.9,0.448,14.5,0.578,0.159,0.258,0.108,0.053,0.422,0.52,0.712,0.486,0.404,0.345,0.349,0.657,0.911,0.201,0.403,0.425,13.0,0.685,0.205,0.283,0.106,0.091,0.315,0.472,0.609,0.42,0.428,0.373,0.324,0.618,0.828,0.155,0.331,28.5,9.15,-1.09,8.06,109.6,97.9,11.7,78.1,0.25,0.422,0.561,0.521,14.2,25.1,0.203,0.476,14.5,79.2,0.167
NYL,2024,0.0,ATL,78,61,6.0,6.0,3.0,1.0,1.0,3.0,2.0,0.0,2.0,2.0,1.0,1.0,1.0,2.0,0.0,1.0,0.0,1.0,0.0,1.0,0.0,2.0,1.0,0.0,1.0,1.0,1.0,1.0,2.0,30.8,68.7,0.448,10.1,29.0,0.349,20.6,39.7,0.52,14.0,17.2,0.814,8.5,28.1,36.6,22.8,7.9,4.5,12.7,15.4,85.6,29.1,68.3,0.425,7.0,21.5,0.324,22.1,46.8,0.472,11.4,14.8,0.769,7.4,25.3,32.7,19.4,6.2,3.2,12.7,16.9,76.5,39.4,88.0,0.448,13.0,37.1,0.349,26.4,50.8,0.52,17.9,22.0,0.814,10.8,36.0,46.8,29.2,10.1,5.7,16.2,19.7,109.6,37.2,87.5,0.425,8.9,27.5,0.324,28.3,59.9,0.472,14.6,19.0,0.769,9.5,32.3,41.8,24.9,8.0,4.1,16.2,21.6,97.9,0.448,14.5,0.578,0.159,0.258,0.108,0.053,0.422,0.52,0.712,0.486,0.404,0.345,0.349,0.657,0.911,0.201,0.403,0.425,13.0,0.685,0.205,0.283,0.106,0.091,0.315,0.472,0.609,0.42,0.428,0.373,0.324,0.618,0.828,0.155,0.331,28.5,9.15,-1.09,8.06,109.6,97.9,11.7,78.1,0.25,0.422,0.561,0.521,14.2,25.1,0.203,0.476,14.5,79.2,0.167
NYL,2024,0.0,CON,82,75,8.0,6.0,3.0,1.0,1.0,2.0,2.0,0.0,2.0,2.0,1.0,1.0,1.0,2.0,0.0,1.0,0.0,1.0,0.0,1.0,0.0,2.0,1.0,0.0,1.0,1.0,1.0,1.0,2.0,30.8,68.7,0.448,10.1,29.0,0.349,20.6,39.7,0.52,14.0,17.2,0.814,8.5,28.1,36.6,22.8,7.9,4.5,12.7,15.4,85.6,29.1,68.3,0.425,7.0,21.5,0.324,22.1,46.8,0.472,11.4,14.8,0.769,7.4,25.3,32.7,19.4,6.2,3.2,12.7,16.9,76.5,39.4,88.0,0.448,13.0,37.1,0.349,26.4,50.8,0.52,17.9,22.0,0.814,10.8,36.0,46.8,29.2,10.1,5.7,16.2,19.7,109.6,37.2,87.5,0.425,8.9,27.5,0.324,28.3,59.9,0.472,14.6,19.0,0.769,9.5,32.3,41.8,24.9,8.0,4.1,16.2,21.6,97.9,0.448,14.5,0.578,0.159,0.258,0.108,0.053,0.422,0.52,0.712,0.486,0.404,0.345,0.349,0.657,0.911,0.201,0.403,0.425,13.0,0.685,0.205,0.283,0.106,0.091,0.315,0.472,0.609,0.42,0.428,0.373,0.324,0.618,0.828,0.155,0.331,28.5,9.15,-1.09,8.06,109.6,97.9,11.7,78.1,0.25,0.422,0.561,0.521,14.2,25.1,0.203,0.476,14.5,79.2,0.167
NYL,2024,1.0,WAS,93,88,9.0,6.0,3.0,1.0,1.0,3.0,2.0,0.0,2.0,2.0,1.0,1.0,1.0,2.0,0.0,1.0,0.0,1.0,0.0,1.0,0.0,2.0,1.0,0.0,1.0,1.0,1.0,1.0,2.0,30.8,68.7,0.448,10.1,29.0,0.349,20.6,39.7,0.52,14.0,17.2,0.814,8.5,28.1,36.6,22.8,7.9,4.5,12.7,15.4,85.6,29.1,68.3,0.425,7.0,21.5,0.324,22.1,46.8,0.472,11.4,14.8,0.769,7.4,25.3,32.7,19.4,6.2,3.2,12.7,16.9,76.5,39.4,88.0,0.448,13.0,37.1,0.349,26.4,50.8,0.52,17.9,22.0,0.814,10.8,36.0,46.8,29.2,10.1,5.7,16.2,19.7,109.6,37.2,87.5,0.425,8.9,27.5,0.324,28.3,59.9,0.472,14.6,19.0,0.769,9.5,32.3,41.8,24.9,8.0,4.1,16.2,21.6,97.9,0.448,14.5,0.578,0.159,0.258,0.108,0.053,0.422,0.52,0.712,0.486,0.404,0.345,0.349,0.657,0.911,0.201,0.403,0.425,13.0,0.685,0.205,0.283,0.106,0.091,0.315,0.472,0.609,0.42,0.428,0.373,0.324,0.618,0.828,0.155,0.331,28.5,9.15,-1.09,8.06,109.6,97.9,11.7,78.1,0.25,0.422,0.561,0.521,14.2,25.1,0.203,0.476,14.5,79.2,0.167
NYL,2024,0.0,LVA,90,82,15.0,6.0,3.0,1.0,1.0,3.0,2.0,0.0,2.0,2.0,1.0,1.0,1.0,2.0,0.0,1.0,0.0,1.0,0.0,1.0,0.0,2.0,1.0,0.0,1.0,1.0,1.0,1.0,2.0,30.8,68.7,0.448,10.1,29.0,0.349,20.6,39.7,0.52,14.0,17.2,0.814,8.5,28.1,36.6,22.8,7.9,4.5,12.7,15.4,85.6,29.1,68.3,0.425,7.0,21.5,0.324,22.1,46.8,0.472,11.4,14.8,0.769,7.4,25.3,32.7,19.4,6.2,3.2,12.7,16.9,76.5,39.4,88.0,0.448,13.0,37.1,0.349,26.4,50.8,0.52,17.9,22.0,0.814,10.8,36.0,46.8,29.2,10.1,5.7,16.2,19.7,109.6,37.2,87.5,0.425,8.9,27.5,0.324,28.3,59.9,0.472,14.6,19.0,0.769,9.5,32.3,41.8,24.9,8.0,4.1,16.2,21.6,97.9,0.448,14.5,0.578,0.159,0.258,0.108,0.053,0.422,0.52,0.712,0.486,0.404,0.345,0.349,0.657,0.911,0.201,0.403,0.425,13.0,0.685,0.205,0.283,0.106,0.091,0.315,0.472,0.609,0.42,0.428,0.373,0.324,0.618,0.828,0.155,0.331,28.5,9.15,-1.09,8.06,109.6,97.9,11.7,78.1,0.25,0.422,0.561,0.521,14.2,25.1,0.203,0.476,14.5,79.2,0.167
NYL,2024,0.0,PHO,93,99,18.0,6.0,3.0,1.0,1.0,2.0,2.0,0.0,2.0,2.0,1.0,1.0,1.0,2.0,0.0,1.0,0.0,1.0,0.0,1.0,0.0,2.0,1.0,0.0,1.0,1.0,1.0,1.0,2.0,30.8,68.7,0.448,10.1,29.0,0.349,20.6,39.7,0.52,14.0,17.2,0.814,8.5,28.1,36.6,22.8,7.9,4.5,12.7,15.4,85.6,29.1,68.3,0.425,7.0,21.5,0.324,22.1,46.8,0.472,11.4,14.8,0.769,7.4,25.3,32.7,19.4,6.2,3.2,12.7,16.9,76.5,39.4,88.0,0.448,13.0,37.1,0.349,26.4,50.8,0.52,17.9,22.0,0.814,10.8,36.0,46.8,29.2,10.1,5.7,16.2,19.7,109.6,37.2,87.5,0.425,8.9,27.5,0.324,28.3,59.9,0.472,14.6,19.0,0.769,9.5,32.3,41.8,24.9,8.0,4.1,16.2,21.6,97.9,0.448,14.5,0.578,0.159,0.258,0.108,0.053,0.422,0.52,0.712,0.486,0.404,0.345,0.349,0.657,0.911,0.201,0.403,0.425,13.0,0.685,0.205,0.283,0.106,0.091,0.315,0.472,0.609,0.42,0.428,0.373,0.324,0.618,0.828,0.155,0.331,28.5,9.15,-1.09,8.06,109.6,97.9,11.7,78.1,0.25,0.422,0.561,0.521,14.2,25.1,0.203,0.476,14.5,79.2,0.167
NYL,2024,1.0,LAS,93,80,20.0,6.0,3.0,1.0,0.0,3.0,2.0,0.0,2.0,2.0,1.0,1.0,1.0,2.0,0.0,1.0,0.0,1.0,0.0,1.0,0.0,2.0,1.0,0.0,1.0,1.0,1.0,1.0,2.0,30.8,68.7,0.448,10.1,29.0,0.349,20.6,39.7,0.52,14.0,17.2,0.814,8.5,28.1,36.6,22.8,7.9,4.5,12.7,15.4,85.6,29.1,68.3,0.425,7.0,21.5,0.324,22.1,46.8,0.472,11.4,14.8,0.769,7.4,25.3,32.7,19.4,6.2,3.2,12.7,16.9,76.5,39.4,88.0,0.448,13.0,37.1,0.349,26.4,50.8,0.52,17.9,22.0,0.814,10.8,36.0,46.8,29.2,10.1,5.7,16.2,19.7,109.6,37.2,87.5,0.425,8.9,27.5,0.324,28.3,59.9,0.472,14.6,19.0,0.769,9.5,32.3,41.8,24.9,8.0,4.1,16.2,21.6,97.9,0.448,14.5,0.578,0.159,0.258,0.108,0.053,0.422,0.52,0.712,0.486,0.404,0.345,0.349,0.657,0.911,0.201,0.403,0.425,13.0,0.685,0.205,0.283,0.106,0.091,0.315,0.472,0.609,0.42,0.428,0.373,0.324,0.618,0.828,0.155,0.331,28.5,9.15,-1.09,8.06,109.6,97.9,11.7,78.1,0.25,0.422,0.561,0.521,14.2,25.1,0.203,0.476,14.5,79.2,0.167
NYL,2024,1.0,LAS,98,88,22.0,6.0,3.0,1.0,0.0,3.0,2.0,0.0,2.0,2.0,1.0,1.0,1.0,2.0,0.0,1.0,0.0,1.0,0.0,1.0,0.0,2.0,1.0,0.0,1.0,1.0,1.0,1.0,2.0,30.8,68.7,0.448,10.1,29.0,0.349,20.6,39.7,0.52,14.0,17.2,0.814,8.5,28.1,36.6,22.8,7.9,4.5,12.7,15.4,85.6,29.1,68.3,0.425,7.0,21.5,0.324,22.1,46.8,0.472,11.4,14.8,0.769,7.4,25.3,32.7,19.4,6.2,3.2,12.7,16.9,76.5,39.4,88.0,0.448,13.0,37.1,0.349,26.4,50.8,0.52,17.9,22.0,0.814,10.8,36.0,46.8,29.2,10.1,5.7,16.2,19.7,109.6,37.2,87.5,0.425,8.9,27.5,0.324,28.3,59.9,0.472,14.6,19.0,0.769,9.5,32.3,41.8,24.9,8.0,4.1,16.2,21.6,97.9,0.448,14.5,0.578,0.159,0.258,0.108,0.053,0.422,0.52,0.712,0.486,0.404,0.345,0.349,0.657,0.911,0.201,0.403,0.425,13.0,0.685,0.205,0.283,0.106,0.091,0.315,0.472,0.609,0.42,0.428,0.373,0.324,0.618,0.828,0.155,0.331,28.5,9.15,-1.09,8.06,109.6,97.9,11.7,78.1,0.25,0.422,0.561,0.521,14.2,25.1,0.203,0.476,14.5,79.2,0.167
NYL,2024,0.0,ATL,96,75,23.0,6.0,3.0,1.0,0.0,3.0,2.0,0.0,2.0,2.0,1.0,1.0,1.0,2.0,0.0,1.0,0.0,1.0,0.0,1.0,0.0,2.0,1.0,0.0,1.0,1.0,1.0,1.0,2.0,30.8,68.7,0.448,10.1,29.0,0.349,20.6,39.7,0.52,14.0,17.2,0.814,8.5,28.1,36.6,22.8,7.9,4.5,12.7,15.4,85.6,29.1,68.3,0.425,7.0,21.5,0.324,22.1,46.8,0.472,11.4,14.8,0.769,7.4,25.3,32.7,19.4,6.2,3.2,12.7,16.9,76.5,39.4,88.0,0.448,13.0,37.1,0.349,26.4,50.8,0.52,17.9,22.0,0.814,10.8,36.0,46.8,29.2,10.1,5.7,16.2,19.7,109.6,37.2,87.5,0.425,8.9,27.5,0.324,28.3,59.9,0.472,14.6,19.0,0.769,9.5,32.3,41.8,24.9,8.0,4.1,16.2,21.6,97.9,0.448,14.5,0.578,0.159,0.258,0.108,0.053,0.422,0.52,0.712,0.486,0.404,0.345,0.349,0.657,0.911,0.201,0.403,0.425,13.0,0.685,0.205,0.283,0.106,0.091,0.315,0.472,0.609,0.42,0.428,0.373,0.324,0.618,0.828,0.155,0.331,28.5,9.15,-1.09,8.06,109.6,97.9,11.7,78.1,0.25,0.422,0.561,0.521,14.2,25.1,0.203,0.476,14.5,79.2,0.167
NYL,2024,1.0,ATL,81,75,30.0,6.0,3.0,1.0,1.0,1.0,2.0,0.0,2.0,2.0,1.0,2.0,1.0,2.0,0.0,1.0,0.0,2.0,0.0,1.0,0.0,2.0,1.0,0.0,1.0,1.0,1.0,1.0,2.0,30.8,68.7,0.448,10.1,29.0,0.349,20.6,39.7,0.52,14.0,17.2,0.814,8.5,28.1,36.6,22.8,7.9,4.5,12.7,15.4,85.6,29.1,68.3,0.425,7.0,21.5,0.324,22.1,46.8,0.472,11.4,14.8,0.769,7.4,25.3,32.7,19.4,6.2,3.2,12.7,16.9,76.5,39.4,88.0,0.448,13.0,37.1,0.349,26.4,50.8,0.52,17.9,22.0,0.814,10.8,36.0,46.8,29.2,10.1,5.7,16.2,19.7,109.6,37.2,87.5,0.425,8.9,27.5,0.324,28.3,59.9,0.472,14.6,19.0,0.769,9.5,32.3,41.8,24.9,8.0,4.1,16.2,21.6,97.9,0.448,14.5,0.578,0.159,0.258,0.108,0.053,0.422,0.52,0.712,0.486,0.404,0.345,0.349,0.657,0.911,0.201,0.403,0.425,13.0,0.685,0.205,0.283,0.106,0.091,0.315,0.472,0.609,0.42,0.428,0.373,0.324,0.618,0.828,0.155,0.331,28.5,9.15,-1.09,8.06,109.6,97.9,11.7,78.1,0.25,0.422,0.561,0.521,14.2,25.1,0.203,0.476,14.5,79.2,0.167
NYL,2024,1.0,MIN,76,67,2.0,7.0,3.0,1.0,1.0,1.0,2.0,0.0,2.0,2.0,1.0,2.0,1.0,2.0,0.0,1.0,0.0,2.0,0.0,1.0,0.0,2.0,1.0,0.0,1.0,1.0,1.0,1.0,2.0,30.8,68.7,0.448,10.1,29.0,0.349,20.6,39.7,0.52,14.0,17.2,0.814,8.5,28.1,36.6,22.8,7.9,4.5,12.7,15.4,85.6,29.1,68.3,0.425,7.0,21.5,0.324,22.1,46.8,0.472,11.4,14.8,0.769,7.4,25.3,32.7,19.4,6.2,3.2,12.7,16.9,76.5,39.4,88.0,0.448,13.0,37.1,0.349,26.4,50.8,0.52,17.9,22.0,0.814,10.8,36.0,46.8,29.2,10.1,5.7,16.2,19.7,109.6,37.2,87.5,0.425,8.9,27.5,0.324,28.3,59.9,0.472,14.6,19.0,0.769,9.5,32.3,41.8,24.9,8.0,4.1,16.2,21.6,97.9,0.448,14.5,0.578,0.159,0.258,0.108,0.053,0.422,0.52,0.712,0.486,0.404,0.345,0.349,0.657,0.911,0.201,0.403,0.425,13.0,0.685,0.205,0.283,0.106,0.091,0.315,0.472,0.609,0.42,0.428,0.373,0.324,0.618,0.828,0.155,0.331,28.5,9.15,-1.09,8.06,109.6,97.9,11.7,78.1,0.25,0.422,0.561,0.521,14.2,25.1,0.203,0.476,14.5,79.2,0.167
NYL,2024,0.0,IND,78,83,6.0,7.0,3.0,1.0,1.0,1.0,2.0,0.0,2.0,2.0,1.0,2.0,1.0,2.0,0.0,1.0,0.0,2.0,0.0,1.0,0.0,2.0,1.0,0.0,1.0,1.0,1.0,1.0,2.0,30.8,68.7,0.448,10.1,29.0,0.349,20.6,39.7,0.52,14.0,17.2,0.814,8.5,28.1,36.6,22.8,7.9,4.5,12.7,15.4,85.6,29.1,68.3,0.425,7.0,21.5,0.324,22.1,46.8,0.472,11.4,14.8,0.769,7.4,25.3,32.7,19.4,6.2,3.2,12.7,16.9,76.5,39.4,88.0,0.448,13.0,37.1,0.349,26.4,50.8,0.52,17.9,22.0,0.814,10.8,36.0,46.8,29.2,10.1,5.7,16.2,19.7,109.6,37.2,87.5,0.425,8.9,27.5,0.324,28.3,59.9,0.472,14.6,19.0,0.769,9.5,32.3,41.8,24.9,8.0,4.1,16.2,21.6,97.9,0.448,14.5,0.578,0.159,0.258,0.108,0.053,0.422,0.52,0.712,0.486,0.404,0.345,0.349,0.657,0.911,0.201,0.403,0.425,13.0,0.685,0.205,0.283,0.106,0.091,0.315,0.472,0.609,0.42,0.428,0.373,0.324,0.618,0.828,0.155,0.331,28.5,9.15,-1.09,8.06,109.6,97.9,11.7,78.1,0.25,0.422,0.561,0.521,14.2,25.1,0.203,0.476,14.5,79.2,0.167
NYL,2024,0.0,CON,71,68,10.0,7.0,3.0,1.0,0.0,1.0,2.0,0.0,2.0,2.0,1.0,2.0,1.0,2.0,0.0,1.0,0.0,2.0,0.0,1.0,0.0,2.0,1.0,0.0,1.0,1.0,1.0,1.0,2.0,30.8,68.7,0.448,10.1,29.0,0.349,20.6,39.7,0.52,14.0,17.2,0.814,8.5,28.1,36.6,22.8,7.9,4.5,12.7,15.4,85.6,29.1,68.3,0.425,7.0,21.5,0.324,22.1,46.8,0.472,11.4,14.8,0.769,7.4,25.3,32.7,19.4,6.2,3.2,12.7,16.9,76.5,39.4,88.0,0.448,13.0,37.1,0.349,26.4,50.8,0.52,17.9,22.0,0.814,10.8,36.0,46.8,29.2,10.1,5.7,16.2,19.7,109.6,37.2,87.5,0.425,8.9,27.5,0.324,28.3,59.9,0.472,14.6,19.0,0.769,9.5,32.3,41.8,24.9,8.0,4.1,16.2,21.6,97.9,0.448,14.5,0.578,0.159,0.258,0.108,0.053,0.422,0.52,0.712,0.486,0.404,0.345,0.349,0.657,0.911,0.201,0.403,0.425,13.0,0.685,0.205,0.283,0.106,0.091,0.315,0.472,0.609,0.42,0.428,0.373,0.324,0.618,0.828,0.155,0.331,28.5,9.15,-1.09,8.06,109.6,97.9,11.7,78.1,0.25,0.422,0.561,0.521,14.2,25.1,0.203,0.476,14.5,79.2,0.167
NYL,2024,1.0,CHI,91,76,11.0,7.0,3.0,1.0,0.0,3.0,2.0,0.0,2.0,2.0,1.0,2.0,1.0,2.0,0.0,1.0,0.0,2.0,0.0,1.0,0.0,2.0,1.0,1.0,1.0,1.0,1.0,1.0,2.0,30.8,68.7,0.448,10.1,29.0,0.349,20.6,39.7,0.52,14.0,17.2,0.814,8.5,28.1,36.6,22.8,7.9,4.5,12.7,15.4,85.6,29.1,68.3,0.425,7.0,21.5,0.324,22.1,46.8,0.472,11.4,14.8,0.769,7.4,25.3,32.7,19.4,6.2,3.2,12.7,16.9,76.5,39.4,88.0,0.448,13.0,37.1,0.349,26.4,50.8,0.52,17.9,22.0,0.814,10.8,36.0,46.8,29.2,10.1,5.7,16.2,19.7,109.6,37.2,87.5,0.425,8.9,27.5,0.324,28.3,59.9,0.472,14.6,19.0,0.769,9.5,32.3,41.8,24.9,8.0,4.1,16.2,21.6,97.9,0.448,14.5,0.578,0.159,0.258,0.108,0.053,0.422,0.52,0.712,0.486,0.404,0.345,0.349,0.657,0.911,0.201,0.403,0.425,13.0,0.685,0.205,0.283,0.106,0.091,0.315,0.472,0.609,0.42,0.428,0.373,0.324,0.618,0.828,0.155,0.331,28.5,9.15,-1.09,8.06,109.6,97.9,11.7,78.1,0.25,0.422,0.561,0.521,14.2,25.1,0.203,0.476,14.5,79.2,0.167
NYL,2024,0.0,CHI,81,67,13.0,7.0,2.0,0.0,0.0,2.0,1.0,0.0,2.0,1.0,1.0,2.0,0.0,1.0,0.0,0.0,0.0,2.0,0.0,1.0,0.0,1.0,1.0,0.0,0.0,1.0,1.0,1.0,1.0,30.8,68.7,0.448,10.1,29.0,0.349,20.6,39.7,0.52,14.0,17.2,0.814,8.5,28.1,36.6,22.8,7.9,4.5,12.7,15.4,85.6,29.1,68.3,0.425,7.0,21.5,0.324,22.1,46.8,0.472,11.4,14.8,0.769,7.4,25.3,32.7,19.4,6.2,3.2,12.7,16.9,76.5,39.4,88.0,0.448,13.0,37.1,0.349,26.4,50.8,0.52,17.9,22.0,0.814,10.8,36.0,46.8,29.2,10.1,5.7,16.2,19.7,109.6,37.2,87.5,0.425,8.9,27.5,0.324,28.3,59.9,0.472,14.6,19.0,0.769,9.5,32.3,41.8,24.9,8.0,4.1,16.2,21.6,97.9,0.448,14.5,0.578,0.159,0.258,0.108,0.053,0.422,0.52,0.712,0.486,0.404,0.345,0.349,0.657,0.911,0.201,0.403,0.425,13.0,0.685,0.205,0.283,0.106,0.091,0.315,0.472,0.609,0.42,0.428,0.373,0.324,0.618,0.828,0.155,0.331,28.5,9.15,-1.09,8.06,109.6,97.9,11.7,78.1,0.25,0.422,0.561,0.521,14.2,25.1,0.203,0.476,14.5,79.2,0.167
NYL,2024,1.0,CON,82,74,16.0,7.0,2.0,0.0,0.0,2.0,1.0,0.0,2.0,1.0,1.0,2.0,0.0,1.0,0.0,0.0,0.0,2.0,0.0,1.0,0.0,1.0,1.0,0.0,0.0,1.0,1.0,1.0,1.0,30.8,68.7,0.448,10.1,29.0,0.349,20.6,39.7,0.52,14.0,17.2,0.814,8.5,28.1,36.6,22.8,7.9,4.5,12.7,15.4,85.6,29.1,68.3,0.425,7.0,21.5,0.324,22.1,46.8,0.472,11.4,14.8,0.769,7.4,25.3,32.7,19.4,6.2,3.2,12.7,16.9,76.5,39.4,88.0,0.448,13.0,37.1,0.349,26.4,50.8,0.52,17.9,22.0,0.814,10.8,36.0,46.8,29.2,10.1,5.7,16.2,19.7,109.6,37.2,87.5,0.425,8.9,27.5,0.324,28.3,59.9,0.472,14.6,19.0,0.769,9.5,32.3,41.8,24.9,8.0,4.1,16.2,21.6,97.9,0.448,14.5,0.578,0.159,0.258,0.108,0.053,0.422,0.52,0.712,0.486,0.404,0.345,0.349,0.657,0.911,0.201,0.403,0.425,13.0,0.685,0.205,0.283,0.106,0.091,0.315,0.472,0.609,0.42,0.428,0.373,0.324,0.618,0.828,0.155,0.331,28.5,9.15,-1.09,8.06,109.6,97.9,11.7,78.1,0.25,0.422,0.561,0.521,14.2,25.1,0.203,0.476,14.5,79.2,0.167
NYL,2024,0.0,LAS,103,68,15.0,8.0,3.0,1.0,0.0,3.0,2.0,0.0,2.0,2.0,1.0,2.0,1.0,2.0,0.0,1.0,0.0,2.0,0.0,1.0,0.0,2.0,1.0,1.0,1.0,1.0,1.0,1.0,2.0,30.8,68.7,0.448,10.1,29.0,0.349,20.6,39.7,0.52,14.0,17.2,0.814,8.5,28.1,36.6,22.8,7.9,4.5,12.7,15.4,85.6,29.1,68.3,0.425,7.0,21.5,0.324,22.1,46.8,0.472,11.4,14.8,0.769,7.4,25.3,32.7,19.4,6.2,3.2,12.7,16.9,76.5,39.4,88.0,0.448,13.0,37.1,0.349,26.4,50.8,0.52,17.9,22.0,0.814,10.8,36.0,46.8,29.2,10.1,5.7,16.2,19.7,109.6,37.2,87.5,0.425,8.9,27.5,0.324,28.3,59.9,0.472,14.6,19.0,0.769,9.5,32.3,41.8,24.9,8.0,4.1,16.2,21.6,97.9,0.448,14.5,0.578,0.159,0.258,0.108,0.053,0.422,0.52,0.712,0.486,0.404,0.345,0.349,0.657,0.911,0.201,0.403,0.425,13.0,0.685,0.205,0.283,0.106,0.091,0.315,0.472,0.609,0.42,0.428,0.373,0.324,0.618,0.828,0.155,0.331,28.5,9.15,-1.09,8.06,109.6,97.9,11.7,78.1,0.25,0.422,0.561,0.521,14.2,25.1,0.203,0.476,14.5,79.2,0.167
NYL,2024,0.0,LVA,79,67,17.0,8.0,3.0,1.0,0.0,2.0,2.0,0.0,2.0,2.0,1.0,2.0,1.0,2.0,0.0,1.0,0.0,2.0,0.0,1.0,0.0,2.0,1.0,0.0,1.0,1.0,1.0,1.0,2.0,30.8,68.7,0.448,10.1,29.0,0.349,20.6,39.7,0.52,14.0,17.2,0.814,8.5,28.1,36.6,22.8,7.9,4.5,12.7,15.4,85.6,29.1,68.3,0.425,7.0,21.5,0.324,22.1,46.8,0.472,11.4,14.8,0.769,7.4,25.3,32.7,19.4,6.2,3.2,12.7,16.9,76.5,39.4,88.0,0.448,13.0,37.1,0.349,26.4,50.8,0.52,17.9,22.0,0.814,10.8,36.0,46.8,29.2,10.1,5.7,16.2,19.7,109.6,37.2,87.5,0.425,8.9,27.5,0.324,28.3,59.9,0.472,14.6,19.0,0.769,9.5,32.3,41.8,24.9,8.0,4.1,16.2,21.6,97.9,0.448,14.5,0.578,0.159,0.258,0.108,0.053,0.422,0.52,0.712,0.486,0.404,0.345,0.349,0.657,0.911,0.201,0.403,0.425,13.0,0.685,0.205,0.283,0.106,0.091,0.315,0.472,0.609,0.42,0.428,0.373,0.324,0.618,0.828,0.155,0.331,28.5,9.15,-1.09,8.06,109.6,97.9,11.7,78.1,0.25,0.422,0.561,0.521,14.2,25.1,0.203,0.476,14.5,79.2,0.167
NYL,2024,1.0,DAL,94,74,20.0,8.0,2.0,1.0,0.0,3.0,2.0,0.0,2.0,1.0,0.0,1.0,1.0,2.0,0.0,1.0,0.0,1.0,0.0,0.0,0.0,2.0,0.0,1.0,1.0,0.0,0.0,0.0,1.0,30.8,68.7,0.448,10.1,29.0,0.349,20.6,39.7,0.52,14.0,17.2,0.814,8.5,28.1,36.6,22.8,7.9,4.5,12.7,15.4,85.6,29.1,68.3,0.425,7.0,21.5,0.324,22.1,46.8,0.472,11.4,14.8,0.769,7.4,25.3,32.7,19.4,6.2,3.2,12.7,16.9,76.5,39.4,88.0,0.448,13.0,37.1,0.349,26.4,50.8,0.52,17.9,22.0,0.814,10.8,36.0,46.8,29.2,10.1,5.7,16.2,19.7,109.6,37.2,87.5,0.425,8.9,27.5,0.324,28.3,59.9,0.472,14.6,19.0,0.769,9.5,32.3,41.8,24.9,8.0,4.1,16.2,21.6,97.9,0.448,14.5,0.578,0.159,0.258,0.108,0.053,0.422,0.52,0.712,0.486,0.404,0.345,0.349,0.657,0.911,0.201,0.403,0.425,13.0,0.685,0.205,0.283,0.106,0.091,0.315,0.472,0.609,0.42,0.428,0.373,0.324,0.618,0.828,0.155,0.331,28.5,9.15,-1.09,8.06,109.6,97.9,11.7,78.1,0.25,0.422,0.561,0.521,14.2,25.1,0.203,0.476,14.5,79.2,0.167
NYL,2024,1.0,DAL,79,71,22.0,8.0,2.0,1.0,0.0,2.0,2.0,0.0,2.0,1.0,0.0,1.0,1.0,2.0,0.0,1.0,0.0,1.0,0.0,0.0,0.0,2.0,0.0,1.0,1.0,0.0,0.0,0.0,1.0,30.8,68.7,0.448,10.1,29.0,0.349,20.6,39.7,0.52,14.0,17.2,0.814,8.5,28.1,36.6,22.8,7.9,4.5,12.7,15.4,85.6,29.1,68.3,0.425,7.0,21.5,0.324,22.1,46.8,0.472,11.4,14.8,0.769,7.4,25.3,32.7,19.4,6.2,3.2,12.7,16.9,76.5,39.4,88.0,0.448,13.0,37.1,0.349,26.4,50.8,0.52,17.9,22.0,0.814,10.8,36.0,46.8,29.2,10.1,5.7,16.2,19.7,109.6,37.2,87.5,0.425,8.9,27.5,0.324,28.3,59.9,0.472,14.6,19.0,0.769,9.5,32.3,41.8,24.9,8.0,4.1,16.2,21.6,97.9,0.448,14.5,0.578,0.159,0.258,0.108,0.053,0.422,0.52,0.712,0.486,0.404,0.345,0.349,0.657,0.911,0.201,0.403,0.425,13.0,0.685,0.205,0.283,0.106,0.091,0.315,0.472,0.609,0.42,0.428,0.373,0.324,0.618,0.828,0.155,0.331,28.5,9.15,-1.09,8.06,109.6,97.9,11.7,78.1,0.25,0.422,0.561,0.521,14.2,25.1,0.203,0.476,14.5,79.2,0.167
NYL,2024,1.0,CON,64,72,24.0,8.0,3.0,1.0,0.0,3.0,2.0,0.0,2.0,2.0,1.0,2.0,1.0,2.0,0.0,1.0,0.0,2.0,0.0,1.0,0.0,2.0,1.0,1.0,1.0,1.0,1.0,1.0,2.0,30.8,68.7,0.448,10.1,29.0,0.349,20.6,39.7,0.52,14.0,17.2,0.814,8.5,28.1,36.6,22.8,7.9,4.5,12.7,15.4,85.6,29.1,68.3,0.425,7.0,21.5,0.324,22.1,46.8,0.472,11.4,14.8,0.769,7.4,25.3,32.7,19.4,6.2,3.2,12.7,16.9,76.5,39.4,88.0,0.448,13.0,37.1,0.349,26.4,50.8,0.52,17.9,22.0,0.814,10.8,36.0,46.8,29.2,10.1,5.7,16.2,19.7,109.6,37.2,87.5,0.425,8.9,27.5,0.324,28.3,59.9,0.472,14.6,19.0,0.769,9.5,32.3,41.8,24.9,8.0,4.1,16.2,21.6,97.9,0.448,14.5,0.578,0.159,0.258,0.108,0.053,0.422,0.52,0.712,0.486,0.404,0.345,0.349,0.657,0.911,0.201,0.403,0.425,13.0,0.685,0.205,0.283,0.106,0.091,0.315,0.472,0.609,0.42,0.428,0.373,0.324,0.618,0.828,0.155,0.331,28.5,9.15,-1.09,8.06,109.6,97.9,11.7,78.1,0.25,0.422,0.561,0.521,14.2,25.1,0.203,0.476,14.5,79.2,0.167
NYL,2024,0.0,PHO,84,70,26.0,8.0,3.0,1.0,1.0,1.0,2.0,0.0,2.0,2.0,1.0,2.0,1.0,2.0,0.0,1.0,0.0,2.0,0.0,1.0,0.0,2.0,1.0,0.0,1.0,1.0,1.0,1.0,2.0,30.8,68.7,0.448,10.1,29.0,0.349,20.6,39.7,0.52,14.0,17.2,0.814,8.5,28.1,36.6,22.8,7.9,4.5,12.7,15.4,85.6,29.1,68.3,0.425,7.0,21.5,0.324,22.1,46.8,0.472,11.4,14.8,0.769,7.4,25.3,32.7,19.4,6.2,3.2,12.7,16.9,76.5,39.4,88.0,0.448,13.0,37.1,0.349,26.4,50.8,0.52,17.9,22.0,0.814,10.8,36.0,46.8,29.2,10.1,5.7,16.2,19.7,109.6,37.2,87.5,0.425,8.9,27.5,0.324,28.3,59.9,0.472,14.6,19.0,0.769,9.5,32.3,41.8,24.9,8.0,4.1,16.2,21.6,97.9,0.448,14.5,0.578,0.159,0.258,0.108,0.053,0.422,0.52,0.712,0.486,0.404,0.345,0.349,0.657,0.911,0.201,0.403,0.425,13.0,0.685,0.205,0.283,0.106,0.091,0.315,0.472,0.609,0.42,0.428,0.373,0.324,0.618,0.828,0.155,0.331,28.5,9.15,-1.09,8.06,109.6,97.9,11.7,78.1,0.25,0.422,0.561,0.521,14.2,25.1,0.203,0.476,14.5,79.2,0.167
NYL,2024,0.0,LAS,88,94,28.0,8.0,2.0,1.0,1.0,0.0,1.0,0.0,1.0,2.0,1.0,2.0,1.0,1.0,0.0,1.0,0.0,2.0,0.0,1.0,0.0,1.0,1.0,0.0,1.0,1.0,1.0,1.0,2.0,30.8,68.7,0.448,10.1,29.0,0.349,20.6,39.7,0.52,14.0,17.2,0.814,8.5,28.1,36.6,22.8,7.9,4.5,12.7,15.4,85.6,29.1,68.3,0.425,7.0,21.5,0.324,22.1,46.8,0.472,11.4,14.8,0.769,7.4,25.3,32.7,19.4,6.2,3.2,12.7,16.9,76.5,39.4,88.0,0.448,13.0,37.1,0.349,26.4,50.8,0.52,17.9,22.0,0.814,10.8,36.0,46.8,29.2,10.1,5.7,16.2,19.7,109.6,37.2,87.5,0.425,8.9,27.5,0.324,28.3,59.9,0.472,14.6,19.0,0.769,9.5,32.3,41.8,24.9,8.0,4.1,16.2,21.6,97.9,0.448,14.5,0.578,0.159,0.258,0.108,0.053,0.422,0.52,0.712,0.486,0.404,0.345,0.349,0.657,0.911,0.201,0.403,0.425,13.0,0.685,0.205,0.283,0.106,0.091,0.315,0.472,0.609,0.42,0.428,0.373,0.324,0.618,0.828,0.155,0.331,28.5,9.15,-1.09,8.06,109.6,97.9,11.7,78.1,0.25,0.422,0.561,0.521,14.2,25.1,0.203,0.476,14.5,79.2,0.167
NYL,2024,0.0,SEA,98,85,30.0,8.0,3.0,1.0,1.0,1.0,2.0,0.0,2.0,2.0,1.0,2.0,1.0,2.0,0.0,1.0,0.0,2.0,0.0,1.0,0.0,2.0,1.0,0.0,1.0,1.0,1.0,1.0,2.0,30.8,68.7,0.448,10.1,29.0,0.349,20.6,39.7,0.52,14.0,17.2,0.814,8.5,28.1,36.6,22.8,7.9,4.5,12.7,15.4,85.6,29.1,68.3,0.425,7.0,21.5,0.324,22.1,46.8,0.472,11.4,14.8,0.769,7.4,25.3,32.7,19.4,6.2,3.2,12.7,16.9,76.5,39.4,88.0,0.448,13.0,37.1,0.349,26.4,50.8,0.52,17.9,22.0,0.814,10.8,36.0,46.8,29.2,10.1,5.7,16.2,19.7,109.6,37.2,87.5,0.425,8.9,27.5,0.324,28.3,59.9,0.472,14.6,19.0,0.769,9.5,32.3,41.8,24.9,8.0,4.1,16.2,21.6,97.9,0.448,14.5,0.578,0.159,0.258,0.108,0.053,0.422,0.52,0.712,0.486,0.404,0.345,0.349,0.657,0.911,0.201,0.403,0.425,13.0,0.685,0.205,0.283,0.106,0.091,0.315,0.472,0.609,0.42,0.428,0.373,0.324,0.618,0.828,0.155,0.331,28.5,9.15,-1.09,8.06,109.6,97.9,11.7,78.1,0.25,0.422,0.561,0.521,14.2,25.1,0.203,0.476,14.5,79.2,0.167
NYL,2024,1.0,SEA,77,70,5.0,9.0,3.0,1.0,1.0,1.0,2.0,0.0,2.0,2.0,1.0,2.0,1.0,2.0,0.0,1.0,0.0,2.0,0.0,1.0,0.0,2.0,1.0,0.0,1.0,1.0,1.0,1.0,2.0,30.8,68.7,0.448,10.1,29.0,0.349,20.6,39.7,0.52,14.0,17.2,0.814,8.5,28.1,36.6,22.8,7.9,4.5,12.7,15.4,85.6,29.1,68.3,0.425,7.0,21.5,0.324,22.1,46.8,0.472,11.4,14.8,0.769,7.4,25.3,32.7,19.4,6.2,3.2,12.7,16.9,76.5,39.4,88.0,0.448,13.0,37.1,0.349,26.4,50.8,0.52,17.9,22.0,0.814,10.8,36.0,46.8,29.2,10.1,5.7,16.2,19.7,109.6,37.2,87.5,0.425,8.9,27.5,0.324,28.3,59.9,0.472,14.6,19.0,0.769,9.5,32.3,41.8,24.9,8.0,4.1,16.2,21.6,97.9,0.448,14.5,0.578,0.159,0.258,0.108,0.053,0.422,0.52,0.712,0.486,0.404,0.345,0.349,0.657,0.911,0.201,0.403,0.425,13.0,0.685,0.205,0.283,0.106,0.091,0.315,0.472,0.609,0.42,0.428,0.373,0.324,0.618,0.828,0.155,0.331,28.5,9.15,-1.09,8.06,109.6,97.9,11.7,78.1,0.25,0.422,0.561,0.521,14.2,25.1,0.203,0.476,14.5,79.2,0.167
NYL,2024,1.0,LVA,75,71,8.0,9.0,3.0,1.0,1.0,1.0,2.0,0.0,2.0,2.0,1.0,2.0,1.0,2.0,0.0,1.0,0.0,2.0,0.0,1.0,0.0,2.0,1.0,0.0,1.0,1.0,1.0,1.0,2.0,30.8,68.7,0.448,10.1,29.0,0.349,20.6,39.7,0.52,14.0,17.2,0.814,8.5,28.1,36.6,22.8,7.9,4.5,12.7,15.4,85.6,29.1,68.3,0.425,7.0,21.5,0.324,22.1,46.8,0.472,11.4,14.8,0.769,7.4,25.3,32.7,19.4,6.2,3.2,12.7,16.9,76.5,39.4,88.0,0.448,13.0,37.1,0.349,26.4,50.8,0.52,17.9,22.0,0.814,10.8,36.0,46.8,29.2,10.1,5.7,16.2,19.7,109.6,37.2,87.5,0.425,8.9,27.5,0.324,28.3,59.9,0.472,14.6,19.0,0.769,9.5,32.3,41.8,24.9,8.0,4.1,16.2,21.6,97.9,0.448,14.5,0.578,0.159,0.258,0.108,0.053,0.422,0.52,0.712,0.486,0.404,0.345,0.349,0.657,0.911,0.201,0.403,0.425,13.0,0.685,0.205,0.283,0.106,0.091,0.315,0.472,0.609,0.42,0.428,0.373,0.324,0.618,0.828,0.155,0.331,28.5,9.15,-1.09,8.06,109.6,97.9,11.7,78.1,0.25,0.422,0.561,0.521,14.2,25.1,0.203,0.476,14.5,79.2,0.167
NYL,2024,0.0,DAL,105,91,10.0,9.0,3.0,1.0,1.0,3.0,2.0,0.0,2.0,2.0,1.0,2.0,1.0,2.0,0.0,1.0,0.0,2.0,0.0,1.0,0.0,2.0,1.0,1.0,1.0,1.0,1.0,1.0,2.0,30.8,68.7,0.448,10.1,29.0,0.349,20.6,39.7,0.52,14.0,17.2,0.814,8.5,28.1,36.6,22.8,7.9,4.5,12.7,15.4,85.6,29.1,68.3,0.425,7.0,21.5,0.324,22.1,46.8,0.472,11.4,14.8,0.769,7.4,25.3,32.7,19.4,6.2,3.2,12.7,16.9,76.5,39.4,88.0,0.448,13.0,37.1,0.349,26.4,50.8,0.52,17.9,22.0,0.814,10.8,36.0,46.8,29.2,10.1,5.7,16.2,19.7,109.6,37.2,87.5,0.425,8.9,27.5,0.324,28.3,59.9,0.472,14.6,19.0,0.769,9.5,32.3,41.8,24.9,8.0,4.1,16.2,21.6,97.9,0.448,14.5,0.578,0.159,0.258,0.108,0.053,0.422,0.52,0.712,0.486,0.404,0.345,0.349,0.657,0.911,0.201,0.403,0.425,13.0,0.685,0.205,0.283,0.106,0.091,0.315,0.472,0.609,0.42,0.428,0.373,0.324,0.618,0.828,0.155,0.331,28.5,9.15,-1.09,8.06,109.6,97.9,11.7,78.1,0.25,0.422,0.561,0.521,14.2,25.1,0.203,0.476,14.5,79.2,0.167
NYL,2024,0.0,DAL,99,67,12.0,9.0,3.0,1.0,1.0,3.0,2.0,0.0,2.0,2.0,1.0,2.0,1.0,2.0,0.0,1.0,0.0,2.0,0.0,1.0,0.0,2.0,1.0,1.0,1.0,1.0,1.0,1.0,2.0,30.8,68.7,0.448,10.1,29.0,0.349,20.6,39.7,0.52,14.0,17.2,0.814,8.5,28.1,36.6,22.8,7.9,4.5,12.7,15.4,85.6,29.1,68.3,0.425,7.0,21.5,0.324,22.1,46.8,0.472,11.4,14.8,0.769,7.4,25.3,32.7,19.4,6.2,3.2,12.7,16.9,76.5,39.4,88.0,0.448,13.0,37.1,0.349,26.4,50.8,0.52,17.9,22.0,0.814,10.8,36.0,46.8,29.2,10.1,5.7,16.2,19.7,109.6,37.2,87.5,0.425,8.9,27.5,0.324,28.3,59.9,0.472,14.6,19.0,0.769,9.5,32.3,41.8,24.9,8.0,4.1,16.2,21.6,97.9,0.448,14.5,0.578,0.159,0.258,0.108,0.053,0.422,0.52,0.712,0.486,0.404,0.345,0.349,0.657,0.911,0.201,0.403,0.425,13.0,0.685,0.205,0.283,0.106,0.091,0.315,0.472,0.609,0.42,0.428,0.373,0.324,0.618,0.828,0.155,0.331,28.5,9.15,-1.09,8.06,109.6,97.9,11.7,78.1,0.25,0.422,0.561,0.521,14.2,25.1,0.203,0.476,14.5,79.2,0.167
NYL,2024,1.0,MIN,79,88,15.0,9.0,3.0,1.0,1.0,1.0,2.0,0.0,2.0,2.0,1.0,2.0,1.0,2.0,0.0,1.0,0.0,2.0,0.0,1.0,0.0,2.0,1.0,1.0,1.0,1.0,1.0,1.0,2.0,30.8,68.7,0.448,10.1,29.0,0.349,20.6,39.7,0.52,14.0,17.2,0.814,8.5,28.1,36.6,22.8,7.9,4.5,12.7,15.4,85.6,29.1,68.3,0.425,7.0,21.5,0.324,22.1,46.8,0.472,11.4,14.8,0.769,7.4,25.3,32.7,19.4,6.2,3.2,12.7,16.9,76.5,39.4,88.0,0.448,13.0,37.1,0.349,26.4,50.8,0.52,17.9,22.0,0.814,10.8,36.0,46.8,29.2,10.1,5.7,16.2,19.7,109.6,37.2,87.5,0.425,8.9,27.5,0.324,28.3,59.9,0.472,14.6,19.0,0.769,9.5,32.3,41.8,24.9,8.0,4.1,16.2,21.6,97.9,0.448,14.5,0.578,0.159,0.258,0.108,0.053,0.422,0.52,0.712,0.486,0.404,0.345,0.349,0.657,0.911,0.201,0.403,0.425,13.0,0.685,0.205,0.283,0.106,0.091,0.315,0.472,0.609,0.42,0.428,0.373,0.324,0.618,0.828,0.155,0.331,28.5,9.15,-1.09,8.06,109.6,97.9,11.7,78.1,0.25,0.422,0.561,0.521,14.2,25.1,0.203,0.476,14.5,79.2,0.167
NYL,2024,0.0,WAS,87,71,17.0,9.0,3.0,1.0,1.0,3.0,2.0,0.0,2.0,2.0,1.0,2.0,1.0,2.0,0.0,1.0,0.0,2.0,0.0,1.0,0.0,2.0,1.0,1.0,1.0,1.0,1.0,1.0,2.0,30.8,68.7,0.448,10.1,29.0,0.349,20.6,39.7,0.52,14.0,17.2,0.814,8.5,28.1,36.6,22.8,7.9,4.5,12.7,15.4,85.6,29.1,68.3,0.425,7.0,21.5,0.324,22.1,46.8,0.472,11.4,14.8,0.769,7.4,25.3,32.7,19.4,6.2,3.2,12.7,16.9,76.5,39.4,88.0,0.448,13.0,37.1,0.349,26.4,50.8,0.52,17.9,22.0,0.814,10.8,36.0,46.8,29.2,10.1,5.7,16.2,19.7,109.6,37.2,87.5,0.425,8.9,27.5,0.324,28.3,59.9,0.472,14.6,19.0,0.769,9.5,32.3,41.8,24.9,8.0,4.1,16.2,21.6,97.9,0.448,14.5,0.578,0.159,0.258,0.108,0.053,0.422,0.52,0.712,0.486,0.404,0.345,0.349,0.657,0.911,0.201,0.403,0.425,13.0,0.685,0.205,0.283,0.106,0.091,0.315,0.472,0.609,0.42,0.428,0.373,0.324,0.618,0.828,0.155,0.331,28.5,9.15,-1.09,8.06,109.6,97.9,11.7,78.1,0.25,0.422,0.561,0.521,14.2,25.1,0.203,0.476,14.5,79.2,0.167
NYL,2024,1.0,ATL,67,78,19.0,9.0,3.0,1.0,1.0,2.0,2.0,0.0,2.0,2.0,1.0,2.0,1.0,2.0,0.0,1.0,0.0,2.0,0.0,1.0,0.0,2.0,1.0,1.0,1.0,1.0,1.0,1.0,2.0,30.8,68.7,0.448,10.1,29.0,0.349,20.6,39.7,0.52,14.0,17.2,0.814,8.5,28.1,36.6,22.8,7.9,4.5,12.7,15.4,85.6,29.1,68.3,0.425,7.0,21.5,0.324,22.1,46.8,0.472,11.4,14.8,0.769,7.4,25.3,32.7,19.4,6.2,3.2,12.7,16.9,76.5,39.4,88.0,0.448,13.0,37.1,0.349,26.4,50.8,0.52,17.9,22.0,0.814,10.8,36.0,46.8,29.2,10.1,5.7,16.2,19.7,109.6,37.2,87.5,0.425,8.9,27.5,0.324,28.3,59.9,0.472,14.6,19.0,0.769,9.5,32.3,41.8,24.9,8.0,4.1,16.2,21.6,97.9,0.448,14.5,0.578,0.159,0.258,0.108,0.053,0.422,0.52,0.712,0.486,0.404,0.345,0.349,0.657,0.911,0.201,0.403,0.425,13.0,0.685,0.205,0.283,0.106,0.091,0.315,0.472,0.609,0.42,0.428,0.373,0.324,0.618,0.828,0.155,0.331,28.5,9.15,-1.09,8.06,109.6,97.9,11.7,78.1,0.25,0.422,0.561,0.521,14.2,25.1,0.203,0.476,14.5,79.2,0.167
PHO,2024,0.0,LVA,80,89,14.0,5.0,0.0,0.0,0.0,1.0,0.0,0.0,0.0,1.0,1.0,1.0,1.0,0.0,0.0,1.0,2.0,1.0,0.0,1.0,0.0,0.0,1.0,0.0,0.0,1.0,1.0,2.0,1.0,29.1,66.3,0.439,8.5,26.2,0.326,20.6,40.2,0.512,14.7,18.4,0.799,6.7,25.6,32.3,19.9,6.6,4.7,13.3,16.9,81.5,30.9,71.7,0.431,9.4,27.4,0.342,21.6,44.4,0.486,13.6,17.5,0.777,10.2,26.8,37.0,22.0,7.0,3.3,12.0,17.0,84.8,37.0,84.4,0.439,10.8,33.3,0.326,26.2,51.1,0.512,18.7,23.4,0.799,8.6,32.6,41.1,25.3,8.4,6.0,16.9,21.5,103.6,39.3,91.2,0.431,11.9,34.8,0.342,27.4,56.4,0.486,17.2,22.2,0.777,12.9,34.1,47.0,28.0,8.9,4.2,15.2,21.6,107.8,0.439,14.5,0.606,0.173,0.248,0.096,0.089,0.394,0.512,0.734,0.439,0.406,0.398,0.326,0.606,0.865,0.179,0.316,0.431,14.0,0.619,0.176,0.241,0.102,0.1,0.381,0.486,0.707,0.423,0.39,0.347,0.342,0.641,0.872,0.185,0.356,30.4,-3.3,0.33,-2.97,103.6,107.8,-4.2,78.2,0.278,0.394,0.547,0.503,15.1,20.0,0.222,0.496,13.1,71.6,0.189
PHO,2024,1.0,ATL,88,85,18.0,5.0,0.0,0.0,0.0,1.0,0.0,0.0,0.0,1.0,1.0,1.0,1.0,0.0,0.0,1.0,2.0,1.0,0.0,1.0,0.0,0.0,1.0,1.0,0.0,1.0,1.0,2.0,1.0,29.1,66.3,0.439,8.5,26.2,0.326,20.6,40.2,0.512,14.7,18.4,0.799,6.7,25.6,32.3,19.9,6.6,4.7,13.3,16.9,81.5,30.9,71.7,0.431,9.4,27.4,0.342,21.6,44.4,0.486,13.6,17.5,0.777,10.2,26.8,37.0,22.0,7.0,3.3,12.0,17.0,84.8,37.0,84.4,0.439,10.8,33.3,0.326,26.2,51.1,0.512,18.7,23.4,0.799,8.6,32.6,41.1,25.3,8.4,6.0,16.9,21.5,103.6,39.3,91.2,0.431,11.9,34.8,0.342,27.4,56.4,0.486,17.2,22.2,0.777,12.9,34.1,47.0,28.0,8.9,4.2,15.2,21.6,107.8,0.439,14.5,0.606,0.173,0.248,0.096,0.089,0.394,0.512,0.734,0.439,0.406,0.398,0.326,0.606,0.865,0.179,0.316,0.431,14.0,0.619,0.176,0.241,0.102,0.1,0.381,0.486,0.707,0.423,0.39,0.347,0.342,0.641,0.872,0.185,0.356,30.4,-3.3,0.33,-2.97,103.6,107.8,-4.2,78.2,0.278,0.394,0.547,0.503,15.1,20.0,0.222,0.496,13.1,71.6,0.189
PHO,2024,0.0,LVA,98,88,21.0,5.0,0.0,0.0,0.0,1.0,0.0,0.0,0.0,1.0,1.0,1.0,1.0,0.0,0.0,1.0,2.0,1.0,0.0,1.0,0.0,0.0,1.0,1.0,0.0,1.0,1.0,2.0,1.0,29.1,66.3,0.439,8.5,26.2,0.326,20.6,40.2,0.512,14.7,18.4,0.799,6.7,25.6,32.3,19.9,6.6,4.7,13.3,16.9,81.5,30.9,71.7,0.431,9.4,27.4,0.342,21.6,44.4,0.486,13.6,17.5,0.777,10.2,26.8,37.0,22.0,7.0,3.3,12.0,17.0,84.8,37.0,84.4,0.439,10.8,33.3,0.326,26.2,51.1,0.512,18.7,23.4,0.799,8.6,32.6,41.1,25.3,8.4,6.0,16.9,21.5,103.6,39.3,91.2,0.431,11.9,34.8,0.342,27.4,56.4,0.486,17.2,22.2,0.777,12.9,34.1,47.0,28.0,8.9,4.2,15.2,21.6,107.8,0.439,14.5,0.606,0.173,0.248,0.096,0.089,0.394,0.512,0.734,0.439,0.406,0.398,0.326,0.606,0.865,0.179,0.316,0.431,14.0,0.619,0.176,0.241,0.102,0.1,0.381,0.486,0.707,0.423,0.39,0.347,0.342,0.641,0.872,0.185,0.356,30.4,-3.3,0.33,-2.97,103.6,107.8,-4.2,78.2,0.278,0.394,0.547,0.503,15.1,20.0,0.222,0.496,13.1,71.6,0.189
PHO,2024,1.0,WAS,83,80,23.0,5.0,0.0,0.0,0.0,1.0,0.0,0.0,0.0,1.0,1.0,1.0,1.0,0.0,0.0,1.0,2.0,1.0,0.0,1.0,0.0,0.0,1.0,1.0,0.0,1.0,1.0,2.0,1.0,29.1,66.3,0.439,8.5,26.2,0.326,20.6,40.2,0.512,14.7,18.4,0.799,6.7,25.6,32.3,19.9,6.6,4.7,13.3,16.9,81.5,30.9,71.7,0.431,9.4,27.4,0.342,21.6,44.4,0.486,13.6,17.5,0.777,10.2,26.8,37.0,22.0,7.0,3.3,12.0,17.0,84.8,37.0,84.4,0.439,10.8,33.3,0.326,26.2,51.1,0.512,18.7,23.4,0.799,8.6,32.6,41.1,25.3,8.4,6.0,16.9,21.5,103.6,39.3,91.2,0.431,11.9,34.8,0.342,27.4,56.4,0.486,17.2,22.2,0.777,12.9,34.1,47.0,28.0,8.9,4.2,15.2,21.6,107.8,0.439,14.5,0.606,0.173,0.248,0.096,0.089,0.394,0.512,0.734,0.439,0.406,0.398,0.326,0.606,0.865,0.179,0.316,0.431,14.0,0.619,0.176,0.241,0.102,0.1,0.381,0.486,0.707,0.423,0.39,0.347,0.342,0.641,0.872,0.185,0.356,30.4,-3.3,0.33,-2.97,103.6,107.8,-4.2,78.2,0.278,0.394,0.547,0.503,15.1,20.0,0.222,0.496,13.1,71.6,0.189
PHO,2024,1.0,DAL,92,107,25.0,5.0,0.0,0.0,0.0,1.0,0.0,0.0,0.0,1.0,1.0,1.0,1.0,0.0,0.0,1.0,2.0,1.0,0.0,1.0,0.0,0.0,1.0,1.0,0.0,1.0,1.0,2.0,1.0,29.1,66.3,0.439,8.5,26.2,0.326,20.6,40.2,0.512,14.7,18.4,0.799,6.7,25.6,32.3,19.9,6.6,4.7,13.3,16.9,81.5,30.9,71.7,0.431,9.4,27.4,0.342,21.6,44.4,0.486,13.6,17.5,0.777,10.2,26.8,37.0,22.0,7.0,3.3,12.0,17.0,84.8,37.0,84.4,0.439,10.8,33.3,0.326,26.2,51.1,0.512,18.7,23.4,0.799,8.6,32.6,41.1,25.3,8.4,6.0,16.9,21.5,103.6,39.3,91.2,0.431,11.9,34.8,0.342,27.4,56.4,0.486,17.2,22.2,0.777,12.9,34.1,47.0,28.0,8.9,4.2,15.2,21.6,107.8,0.439,14.5,0.606,0.173,0.248,0.096,0.089,0.394,0.512,0.734,0.439,0.406,0.398,0.326,0.606,0.865,0.179,0.316,0.431,14.0,0.619,0.176,0.241,0.102,0.1,0.381,0.486,0.707,0.423,0.39,0.347,0.342,0.641,0.872,0.185,0.356,30.4,-3.3,0.33,-2.97,103.6,107.8,-4.2,78.2,0.278,0.394,0.547,0.503,15.1,20.0,0.222,0.496,13.1,71.6,0.189
PHO,2024,0.0,CON,47,70,28.0,5.0,0.0,0.0,0.0,1.0,0.0,0.0,0.0,1.0,1.0,1.0,1.0,0.0,0.0,1.0,0.0,1.0,0.0,1.0,0.0,0.0,1.0,1.0,0.0,1.0,1.0,2.0,1.0,29.1,66.3,0.439,8.5,26.2,0.326,20.6,40.2,0.512,14.7,18.4,0.799,6.7,25.6,32.3,19.9,6.6,4.7,13.3,16.9,81.5,30.9,71.7,0.431,9.4,27.4,0.342,21.6,44.4,0.486,13.6,17.5,0.777,10.2,26.8,37.0,22.0,7.0,3.3,12.0,17.0,84.8,37.0,84.4,0.439,10.8,33.3,0.326,26.2,51.1,0.512,18.7,23.4,0.799,8.6,32.6,41.1,25.3,8.4,6.0,16.9,21.5,103.6,39.3,91.2,0.431,11.9,34.8,0.342,27.4,56.4,0.486,17.2,22.2,0.777,12.9,34.1,47.0,28.0,8.9,4.2,15.2,21.6,107.8,0.439,14.5,0.606,0.173,0.248,0.096,0.089,0.394,0.512,0.734,0.439,0.406,0.398,0.326,0.606,0.865,0.179,0.316,0.431,14.0,0.619,0.176,0.241,0.102,0.1,0.381,0.486,0.707,0.423,0.39,0.347,0.342,0.641,0.872,0.185,0.356,30.4,-3.3,0.33,-2.97,103.6,107.8,-4.2,78.2,0.278,0.394,0.547,0.503,15.1,20.0,0.222,0.496,13.1,71.6,0.189
PHO,2024,0.0,NYL,78,81,29.0,5.0,0.0,0.0,0.0,1.0,0.0,0.0,0.0,1.0,1.0,1.0,1.0,0.0,0.0,1.0,1.0,1.0,0.0,1.0,0.0,0.0,1.0,1.0,0.0,1.0,1.0,2.0,1.0,29.1,66.3,0.439,8.5,26.2,0.326,20.6,40.2,0.512,14.7,18.4,0.799,6.7,25.6,32.3,19.9,6.6,4.7,13.3,16.9,81.5,30.9,71.7,0.431,9.4,27.4,0.342,21.6,44.4,0.486,13.6,17.5,0.777,10.2,26.8,37.0,22.0,7.0,3.3,12.0,17.0,84.8,37.0,84.4,0.439,10.8,33.3,0.326,26.2,51.1,0.512,18.7,23.4,0.799,8.6,32.6,41.1,25.3,8.4,6.0,16.9,21.5,103.6,39.3,91.2,0.431,11.9,34.8,0.342,27.4,56.4,0.486,17.2,22.2,0.777,12.9,34.1,47.0,28.0,8.9,4.2,15.2,21.6,107.8,0.439,14.5,0.606,0.173,0.248,0.096,0.089,0.394,0.512,0.734,0.439,0.406,0.398,0.326,0.606,0.865,0.179,0.316,0.431,14.0,0.619,0.176,0.241,0.102,0.1,0.381,0.486,0.707,0.423,0.39,0.347,0.342,0.641,0.872,0.185,0.356,30.4,-3.3,0.33,-2.97,103.6,107.8,-4.2,78.2,0.278,0.394,0.547,0.503,15.1,20.0,0.222,0.496,13.1,71.6,0.189
PHO,2024,0.0,MIN,71,95,31.0,5.0,0.0,0.0,0.0,1.0,0.0,0.0,0.0,1.0,1.0,1.0,1.0,0.0,0.0,1.0,1.0,1.0,0.0,1.0,0.0,0.0,1.0,1.0,0.0,1.0,1.0,2.0,1.0,29.1,66.3,0.439,8.5,26.2,0.326,20.6,40.2,0.512,14.7,18.4,0.799,6.7,25.6,32.3,19.9,6.6,4.7,13.3,16.9,81.5,30.9,71.7,0.431,9.4,27.4,0.342,21.6,44.4,0.486,13.6,17.5,0.777,10.2,26.8,37.0,22.0,7.0,3.3,12.0,17.0,84.8,37.0,84.4,0.439,10.8,33.3,0.326,26.2,51.1,0.512,18.7,23.4,0.799,8.6,32.6,41.1,25.3,8.4,6.0,16.9,21.5,103.6,39.3,91.2,0.431,11.9,34.8,0.342,27.4,56.4,0.486,17.2,22.2,0.777,12.9,34.1,47.0,28.0,8.9,4.2,15.2,21.6,107.8,0.439,14.5,0.606,0.173,0.248,0.096,0.089,0.394,0.512,0.734,0.439,0.406,0.398,0.326,0.606,0.865,0.179,0.316,0.431,14.0,0.619,0.176,0.241,0.102,0.1,0.381,0.486,0.707,0.423,0.39,0.347,0.342,0.641,0.872,0.185,0.356,30.4,-3.3,0.33,-2.97,103.6,107.8,-4.2,78.2,0.278,0.394,0.547,0.503,15.1,20.0,0.222,0.496,13.1,71.6,0.189
PHO,2024,1.0,LAS,87,68,2.0,6.0,0.0,0.0,0.0,1.0,0.0,0.0,0.0,1.0,1.0,1.0,1.0,0.0,0.0,1.0,1.0,1.0,0.0,1.0,0.0,0.0,1.0,0.0,0.0,1.0,1.0,2.0,1.0,29.1,66.3,0.439,8.5,26.2,0.326,20.6,40.2,0.512,14.7,18.4,0.799,6.7,25.6,32.3,19.9,6.6,4.7,13.3,16.9,81.5,30.9,71.7,0.431,9.4,27.4,0.342,21.6,44.4,0.486,13.6,17.5,0.777,10.2,26.8,37.0,22.0,7.0,3.3,12.0,17.0,84.8,37.0,84.4,0.439,10.8,33.3,0.326,26.2,51.1,0.512,18.7,23.4,0.799,8.6,32.6,41.1,25.3,8.4,6.0,16.9,21.5,103.6,39.3,91.2,0.431,11.9,34.8,0.342,27.4,56.4,0.486,17.2,22.2,0.777,12.9,34.1,47.0,28.0,8.9,4.2,15.2,21.6,107.8,0.439,14.5,0.606,0.173,0.248,0.096,0.089,0.394,0.512,0.734,0.439,0.406,0.398,0.326,0.606,0.865,0.179,0.316,0.431,14.0,0.619,0.176,0.241,0.102,0.1,0.381,0.486,0.707,0.423,0.39,0.347,0.342,0.641,0.872,0.185,0.356,30.4,-3.3,0.33,-2.97,103.6,107.8,-4.2,78.2,0.278,0.394,0.547,0.503,15.1,20.0,0.222,0.496,13.1,71.6,0.189
PHO,2024,0.0,SEA,62,80,4.0,6.0,0.0,0.0,0.0,1.0,0.0,0.0,0.0,1.0,1.0,1.0,1.0,0.0,0.0,1.0,1.0,1.0,0.0,1.0,0.0,0.0,1.0,1.0,0.0,1.0,1.0,2.0,1.0,29.1,66.3,0.439,8.5,26.2,0.326,20.6,40.2,0.512,14.7,18.4,0.799,6.7,25.6,32.3,19.9,6.6,4.7,13.3,16.9,81.5,30.9,71.7,0.431,9.4,27.4,0.342,21.6,44.4,0.486,13.6,17.5,0.777,10.2,26.8,37.0,22.0,7.0,3.3,12.0,17.0,84.8,37.0,84.4,0.439,10.8,33.3,0.326,26.2,51.1,0.512,18.7,23.4,0.799,8.6,32.6,41.1,25.3,8.4,6.0,16.9,21.5,103.6,39.3,91.2,0.431,11.9,34.8,0.342,27.4,56.4,0.486,17.2,22.2,0.777,12.9,34.1,47.0,28.0,8.9,4.2,15.2,21.6,107.8,0.439,14.5,0.606,0.173,0.248,0.096,0.089,0.394,0.512,0.734,0.439,0.406,0.398,0.326,0.606,0.865,0.179,0.316,0.431,14.0,0.619,0.176,0.241,0.102,0.1,0.381,0.486,0.707,0.423,0.39,0.347,0.342,0.641,0.872,0.185,0.356,30.4,-3.3,0.33,-2.97,103.6,107.8,-4.2,78.2,0.278,0.394,0.547,0.503,15.1,20.0,0.222,0.496,13.1,71.6,0.189
PHO,2024,1.0,MIN,81,80,7.0,6.0,0.0,1.0,0.0,1.0,0.0,0.0,1.0,1.0,1.0,1.0,1.0,0.0,0.0,2.0,2.0,1.0,0.0,1.0,0.0,1.0,1.0,0.0,0.0,1.0,1.0,2.0,1.0,29.1,66.3,0.439,8.5,26.2,0.326,20.6,40.2,0.512,14.7,18.4,0.799,6.7,25.6,32.3,19.9,6.6,4.7,13.3,16.9,81.5,30.9,71.7,0.431,9.4,27.4,0.342,21.6,44.4,0.486,13.6,17.5,0.777,10.2,26.8,37.0,22.0,7.0,3.3,12.0,17.0,84.8,37.0,84.4,0.439,10.8,33.3,0.326,26.2,51.1,0.512,18.7,23.4,0.799,8.6,32.6,41.1,25.3,8.4,6.0,16.9,21.5,103.6,39.3,91.2,0.431,11.9,34.8,0.342,27.4,56.4,0.486,17.2,22.2,0.777,12.9,34.1,47.0,28.0,8.9,4.2,15.2,21.6,107.8,0.439,14.5,0.606,0.173,0.248,0.096,0.089,0.394,0.512,0.734,0.439,0.406,0.398,0.326,0.606,0.865,0.179,0.316,0.431,14.0,0.619,0.176,0.241,0.102,0.1,0.381,0.486,0.707,0.423,0.39,0.347,0.342,0.641,0.872,0.185,0.356,30.4,-3.3,0.33,-2.97,103.6,107.8,-4.2,78.2,0.278,0.394,0.547,0.503,15.1,20.0,0.222,0.496,13.1,71.6,0.189
PHO,2024,0.0,DAL,97,90,9.0,6.0,0.0,1.0,0.0,1.0,0.0,0.0,1.0,1.0,1.0,1.0,1.0,0.0,0.0,2.0,2.0,1.0,0.0,1.0,0.0,1.0,1.0,0.0,0.0,1.0,1.0,2.0,1.0,29.1,66.3,0.439,8.5,26.2,0.326,20.6,40.2,0.512,14.7,18.4,0.799,6.7,25.6,32.3,19.9,6.6,4.7,13.3,16.9,81.5,30.9,71.7,0.431,9.4,27.4,0.342,21.6,44.4,0.486,13.6,17.5,0.777,10.2,26.8,37.0,22.0,7.0,3.3,12.0,17.0,84.8,37.0,84.4,0.439,10.8,33.3,0.326,26.2,51.1,0.512,18.7,23.4,0.799,8.6,32.6,41.1,25.3,8.4,6.0,16.9,21.5,103.6,39.3,91.2,0.431,11.9,34.8,0.342,27.4,56.4,0.486,17.2,22.2,0.777,12.9,34.1,47.0,28.0,8.9,4.2,15.2,21.6,107.8,0.439,14.5,0.606,0.173,0.248,0.096,0.089,0.394,0.512,0.734,0.439,0.406,0.398,0.326,0.606,0.865,0.179,0.316,0.431,14.0,0.619,0.176,0.241,0.102,0.1,0.381,0.486,0.707,0.423,0.39,0.347,0.342,0.641,0.872,0.185,0.356,30.4,-3.3,0.33,-2.97,103.6,107.8,-4.2,78.2,0.278,0.394,0.547,0.503,15.1,20.0,0.222,0.496,13.1,71.6,0.189
PHO,2024,1.0,LVA,99,103,13.0,6.0,0.0,1.0,0.0,1.0,0.0,0.0,1.0,1.0,1.0,1.0,1.0,0.0,0.0,2.0,2.0,1.0,0.0,1.0,0.0,1.0,1.0,0.0,0.0,1.0,1.0,2.0,1.0,29.1,66.3,0.439,8.5,26.2,0.326,20.6,40.2,0.512,14.7,18.4,0.799,6.7,25.6,32.3,19.9,6.6,4.7,13.3,16.9,81.5,30.9,71.7,0.431,9.4,27.4,0.342,21.6,44.4,0.486,13.6,17.5,0.777,10.2,26.8,37.0,22.0,7.0,3.3,12.0,17.0,84.8,37.0,84.4,0.439,10.8,33.3,0.326,26.2,51.1,0.512,18.7,23.4,0.799,8.6,32.6,41.1,25.3,8.4,6.0,16.9,21.5,103.6,39.3,91.2,0.431,11.9,34.8,0.342,27.4,56.4,0.486,17.2,22.2,0.777,12.9,34.1,47.0,28.0,8.9,4.2,15.2,21.6,107.8,0.439,14.5,0.606,0.173,0.248,0.096,0.089,0.394,0.512,0.734,0.439,0.406,0.398,0.326,0.606,0.865,0.179,0.316,0.431,14.0,0.619,0.176,0.241,0.102,0.1,0.381,0.486,0.707,0.423,0.39,0.347,0.342,0.641,0.872,0.185,0.356,30.4,-3.3,0.33,-2.97,103.6,107.8,-4.2,78.2,0.278,0.394,0.547,0.503,15.1,20.0,0.222,0.496,13.1,71.6,0.189
PHO,2024,1.0,SEA,87,78,16.0,6.0,0.0,1.0,0.0,1.0,0.0,0.0,1.0,1.0,1.0,1.0,1.0,0.0,0.0,2.0,2.0,1.0,0.0,1.0,0.0,1.0,1.0,0.0,0.0,1.0,1.0,2.0,1.0,29.1,66.3,0.439,8.5,26.2,0.326,20.6,40.2,0.512,14.7,18.4,0.799,6.7,25.6,32.3,19.9,6.6,4.7,13.3,16.9,81.5,30.9,71.7,0.431,9.4,27.4,0.342,21.6,44.4,0.486,13.6,17.5,0.777,10.2,26.8,37.0,22.0,7.0,3.3,12.0,17.0,84.8,37.0,84.4,0.439,10.8,33.3,0.326,26.2,51.1,0.512,18.7,23.4,0.799,8.6,32.6,41.1,25.3,8.4,6.0,16.9,21.5,103.6,39.3,91.2,0.431,11.9,34.8,0.342,27.4,56.4,0.486,17.2,22.2,0.777,12.9,34.1,47.0,28.0,8.9,4.2,15.2,21.6,107.8,0.439,14.5,0.606,0.173,0.248,0.096,0.089,0.394,0.512,0.734,0.439,0.406,0.398,0.326,0.606,0.865,0.179,0.316,0.431,14.0,0.619,0.176,0.241,0.102,0.1,0.381,0.486,0.707,0.423,0.39,0.347,0.342,0.641,0.872,0.185,0.356,30.4,-3.3,0.33,-2.97,103.6,107.8,-4.2,78.2,0.278,0.394,0.547,0.503,15.1,20.0,0.222,0.496,13.1,71.6,0.189
PHO,2024,1.0,NYL,99,93,18.0,6.0,0.0,1.0,0.0,1.0,0.0,0.0,1.0,1.0,1.0,1.0,1.0,0.0,0.0,2.0,2.0,1.0,0.0,1.0,0.0,1.0,1.0,0.0,0.0,1.0,1.0,2.0,1.0,29.1,66.3,0.439,8.5,26.2,0.326,20.6,40.2,0.512,14.7,18.4,0.799,6.7,25.6,32.3,19.9,6.6,4.7,13.3,16.9,81.5,30.9,71.7,0.431,9.4,27.4,0.342,21.6,44.4,0.486,13.6,17.5,0.777,10.2,26.8,37.0,22.0,7.0,3.3,12.0,17.0,84.8,37.0,84.4,0.439,10.8,33.3,0.326,26.2,51.1,0.512,18.7,23.4,0.799,8.6,32.6,41.1,25.3,8.4,6.0,16.9,21.5,103.6,39.3,91.2,0.431,11.9,34.8,0.342,27.4,56.4,0.486,17.2,22.2,0.777,12.9,34.1,47.0,28.0,8.9,4.2,15.2,21.6,107.8,0.439,14.5,0.606,0.173,0.248,0.096,0.089,0.394,0.512,0.734,0.439,0.406,0.398,0.326,0.606,0.865,0.179,0.316,0.431,14.0,0.619,0.176,0.241,0.102,0.1,0.381,0.486,0.707,0.423,0.39,0.347,0.342,0.641,0.872,0.185,0.356,30.4,-3.3,0.33,-2.97,103.6,107.8,-4.2,78.2,0.278,0.394,0.547,0.503,15.1,20.0,0.222,0.496,13.1,71.6,0.189
PHO,2024,0.0,MIN,60,73,22.0,6.0,0.0,1.0,0.0,1.0,0.0,0.0,1.0,1.0,1.0,1.0,1.0,0.0,0.0,2.0,1.0,1.0,0.0,1.0,1.0,1.0,1.0,1.0,0.0,1.0,1.0,2.0,1.0,29.1,66.3,0.439,8.5,26.2,0.326,20.6,40.2,0.512,14.7,18.4,0.799,6.7,25.6,32.3,19.9,6.6,4.7,13.3,16.9,81.5,30.9,71.7,0.431,9.4,27.4,0.342,21.6,44.4,0.486,13.6,17.5,0.777,10.2,26.8,37.0,22.0,7.0,3.3,12.0,17.0,84.8,37.0,84.4,0.439,10.8,33.3,0.326,26.2,51.1,0.512,18.7,23.4,0.799,8.6,32.6,41.1,25.3,8.4,6.0,16.9,21.5,103.6,39.3,91.2,0.431,11.9,34.8,0.342,27.4,56.4,0.486,17.2,22.2,0.777,12.9,34.1,47.0,28.0,8.9,4.2,15.2,21.6,107.8,0.439,14.5,0.606,0.173,0.248,0.096,0.089,0.394,0.512,0.734,0.439,0.406,0.398,0.326,0.606,0.865,0.179,0.316,0.431,14.0,0.619,0.176,0.241,0.102,0.1,0.381,0.486,0.707,0.423,0.39,0.347,0.342,0.641,0.872,0.185,0.356,30.4,-3.3,0.33,-2.97,103.6,107.8,-4.2,78.2,0.278,0.394,0.547,0.503,15.1,20.0,0.222,0.496,13.1,71.6,0.189
PHO,2024,1.0,LAS,92,78,28.0,6.0,0.0,1.0,0.0,1.0,0.0,0.0,1.0,1.0,1.0,1.0,1.0,0.0,0.0,2.0,2.0,1.0,0.0,1.0,1.0,1.0,1.0,1.0,0.0,1.0,1.0,2.0,1.0,29.1,66.3,0.439,8.5,26.2,0.326,20.6,40.2,0.512,14.7,18.4,0.799,6.7,25.6,32.3,19.9,6.6,4.7,13.3,16.9,81.5,30.9,71.7,0.431,9.4,27.4,0.342,21.6,44.4,0.486,13.6,17.5,0.777,10.2,26.8,37.0,22.0,7.0,3.3,12.0,17.0,84.8,37.0,84.4,0.439,10.8,33.3,0.326,26.2,51.1,0.512,18.7,23.4,0.799,8.6,32.6,41.1,25.3,8.4,6.0,16.9,21.5,103.6,39.3,91.2,0.431,11.9,34.8,0.342,27.4,56.4,0.486,17.2,22.2,0.777,12.9,34.1,47.0,28.0,8.9,4.2,15.2,21.6,107.8,0.439,14.5,0.606,0.173,0.248,0.096,0.089,0.394,0.512,0.734,0.439,0.406,0.398,0.326,0.606,0.865,0.179,0.316,0.431,14.0,0.619,0.176,0.241,0.102,0.1,0.381,0.486,0.707,0.423,0.39,0.347,0.342,0.641,0.872,0.185,0.356,30.4,-3.3,0.33,-2.97,103.6,107.8,-4.2,78.2,0.278,0.394,0.547,0.503,15.1,20.0,0.222,0.496,13.1,71.6,0.189
PHO,2024,1.0,IND,82,88,30.0,6.0,0.0,1.0,0.0,1.0,0.0,0.0,1.0,1.0,1.0,1.0,1.0,0.0,0.0,2.0,2.0,1.0,0.0,1.0,0.0,1.0,1.0,0.0,0.0,1.0,1.0,2.0,1.0,29.1,66.3,0.439,8.5,26.2,0.326,20.6,40.2,0.512,14.7,18.4,0.799,6.7,25.6,32.3,19.9,6.6,4.7,13.3,16.9,81.5,30.9,71.7,0.431,9.4,27.4,0.342,21.6,44.4,0.486,13.6,17.5,0.777,10.2,26.8,37.0,22.0,7.0,3.3,12.0,17.0,84.8,37.0,84.4,0.439,10.8,33.3,0.326,26.2,51.1,0.512,18.7,23.4,0.799,8.6,32.6,41.1,25.3,8.4,6.0,16.9,21.5,103.6,39.3,91.2,0.431,11.9,34.8,0.342,27.4,56.4,0.486,17.2,22.2,0.777,12.9,34.1,47.0,28.0,8.9,4.2,15.2,21.6,107.8,0.439,14.5,0.606,0.173,0.248,0.096,0.089,0.394,0.512,0.734,0.439,0.406,0.398,0.326,0.606,0.865,0.179,0.316,0.431,14.0,0.619,0.176,0.241,0.102,0.1,0.381,0.486,0.707,0.423,0.39,0.347,0.342,0.641,0.872,0.185,0.356,30.4,-3.3,0.33,-2.97,103.6,107.8,-4.2,78.2,0.278,0.394,0.547,0.503,15.1,20.0,0.222,0.496,13.1,71.6,0.189
PHO,2024,1.0,CON,72,83,1.0,7.0,0.0,1.0,0.0,1.0,0.0,0.0,1.0,1.0,1.0,1.0,1.0,0.0,0.0,2.0,1.0,1.0,0.0,1.0,0.0,1.0,1.0,0.0,0.0,0.0,0.0,2.0,1.0,29.1,66.3,0.439,8.5,26.2,0.326,20.6,40.2,0.512,14.7,18.4,0.799,6.7,25.6,32.3,19.9,6.6,4.7,13.3,16.9,81.5,30.9,71.7,0.431,9.4,27.4,0.342,21.6,44.4,0.486,13.6,17.5,0.777,10.2,26.8,37.0,22.0,7.0,3.3,12.0,17.0,84.8,37.0,84.4,0.439,10.8,33.3,0.326,26.2,51.1,0.512,18.7,23.4,0.799,8.6,32.6,41.1,25.3,8.4,6.0,16.9,21.5,103.6,39.3,91.2,0.431,11.9,34.8,0.342,27.4,56.4,0.486,17.2,22.2,0.777,12.9,34.1,47.0,28.0,8.9,4.2,15.2,21.6,107.8,0.439,14.5,0.606,0.173,0.248,0.096,0.089,0.394,0.512,0.734,0.439,0.406,0.398,0.326,0.606,0.865,0.179,0.316,0.431,14.0,0.619,0.176,0.241,0.102,0.1,0.381,0.486,0.707,0.423,0.39,0.347,0.342,0.641,0.872,0.185,0.356,30.4,-3.3,0.33,-2.97,103.6,107.8,-4.2,78.2,0.278,0.394,0.547,0.503,15.1,20.0,0.222,0.496,13.1,71.6,0.189
PHO,2024,0.0,DAL,104,96,3.0,7.0,0.0,1.0,0.0,1.0,0.0,0.0,1.0,1.0,1.0,1.0,1.0,0.0,0.0,2.0,2.0,1.0,0.0,1.0,0.0,1.0,1.0,0.0,0.0,1.0,1.0,2.0,1.0,29.1,66.3,0.439,8.5,26.2,0.326,20.6,40.2,0.512,14.7,18.4,0.799,6.7,25.6,32.3,19.9,6.6,4.7,13.3,16.9,81.5,30.9,71.7,0.431,9.4,27.4,0.342,21.6,44.4,0.486,13.6,17.5,0.777,10.2,26.8,37.0,22.0,7.0,3.3,12.0,17.0,84.8,37.0,84.4,0.439,10.8,33.3,0.326,26.2,51.1,0.512,18.7,23.4,0.799,8.6,32.6,41.1,25.3,8.4,6.0,16.9,21.5,103.6,39.3,91.2,0.431,11.9,34.8,0.342,27.4,56.4,0.486,17.2,22.2,0.777,12.9,34.1,47.0,28.0,8.9,4.2,15.2,21.6,107.8,0.439,14.5,0.606,0.173,0.248,0.096,0.089,0.394,0.512,0.734,0.439,0.406,0.398,0.326,0.606,0.865,0.179,0.316,0.431,14.0,0.619,0.176,0.241,0.102,0.1,0.381,0.486,0.707,0.423,0.39,0.347,0.342,0.641,0.872,0.185,0.356,30.4,-3.3,0.33,-2.97,103.6,107.8,-4.2,78.2,0.278,0.394,0.547,0.503,15.1,20.0,0.222,0.496,13.1,71.6,0.189
PHO,2024,0.0,LAS,84,78,7.0,7.0,0.0,1.0,0.0,1.0,0.0,0.0,1.0,1.0,1.0,1.0,1.0,0.0,0.0,2.0,1.0,1.0,0.0,1.0,0.0,1.0,1.0,0.0,0.0,0.0,0.0,2.0,1.0,29.1,66.3,0.439,8.5,26.2,0.326,20.6,40.2,0.512,14.7,18.4,0.799,6.7,25.6,32.3,19.9,6.6,4.7,13.3,16.9,81.5,30.9,71.7,0.431,9.4,27.4,0.342,21.6,44.4,0.486,13.6,17.5,0.777,10.2,26.8,37.0,22.0,7.0,3.3,12.0,17.0,84.8,37.0,84.4,0.439,10.8,33.3,0.326,26.2,51.1,0.512,18.7,23.4,0.799,8.6,32.6,41.1,25.3,8.4,6.0,16.9,21.5,103.6,39.3,91.2,0.431,11.9,34.8,0.342,27.4,56.4,0.486,17.2,22.2,0.777,12.9,34.1,47.0,28.0,8.9,4.2,15.2,21.6,107.8,0.439,14.5,0.606,0.173,0.248,0.096,0.089,0.394,0.512,0.734,0.439,0.406,0.398,0.326,0.606,0.865,0.179,0.316,0.431,14.0,0.619,0.176,0.241,0.102,0.1,0.381,0.486,0.707,0.423,0.39,0.347,0.342,0.641,0.872,0.185,0.356,30.4,-3.3,0.33,-2.97,103.6,107.8,-4.2,78.2,0.278,0.394,0.547,0.503,15.1,20.0,0.222,0.496,13.1,71.6,0.189
PHO,2024,1.0,DAL,100,84,10.0,7.0,0.0,1.0,0.0,1.0,0.0,0.0,1.0,1.0,1.0,1.0,1.0,0.0,0.0,2.0,2.0,1.0,0.0,1.0,0.0,1.0,1.0,0.0,0.0,0.0,0.0,2.0,1.0,29.1,66.3,0.439,8.5,26.2,0.326,20.6,40.2,0.512,14.7,18.4,0.799,6.7,25.6,32.3,19.9,6.6,4.7,13.3,16.9,81.5,30.9,71.7,0.431,9.4,27.4,0.342,21.6,44.4,0.486,13.6,17.5,0.777,10.2,26.8,37.0,22.0,7.0,3.3,12.0,17.0,84.8,37.0,84.4,0.439,10.8,33.3,0.326,26.2,51.1,0.512,18.7,23.4,0.799,8.6,32.6,41.1,25.3,8.4,6.0,16.9,21.5,103.6,39.3,91.2,0.431,11.9,34.8,0.342,27.4,56.4,0.486,17.2,22.2,0.777,12.9,34.1,47.0,28.0,8.9,4.2,15.2,21.6,107.8,0.439,14.5,0.606,0.173,0.248,0.096,0.089,0.394,0.512,0.734,0.439,0.406,0.398,0.326,0.606,0.865,0.179,0.316,0.431,14.0,0.619,0.176,0.241,0.102,0.1,0.381,0.486,0.707,0.423,0.39,0.347,0.342,0.641,0.872,0.185,0.356,30.4,-3.3,0.33,-2.97,103.6,107.8,-4.2,78.2,0.278,0.394,0.547,0.503,15.1,20.0,0.222,0.496,13.1,71.6,0.189
PHO,2024,0.0,IND,86,95,12.0,7.0,0.0,1.0,0.0,0.0,0.0,0.0,2.0,1.0,0.0,0.0,1.0,0.0,0.0,2.0,2.0,0.0,0.0,0.0,0.0,1.0,1.0,0.0,0.0,0.0,0.0,1.0,1.0,29.1,66.3,0.439,8.5,26.2,0.326,20.6,40.2,0.512,14.7,18.4,0.799,6.7,25.6,32.3,19.9,6.6,4.7,13.3,16.9,81.5,30.9,71.7,0.431,9.4,27.4,0.342,21.6,44.4,0.486,13.6,17.5,0.777,10.2,26.8,37.0,22.0,7.0,3.3,12.0,17.0,84.8,37.0,84.4,0.439,10.8,33.3,0.326,26.2,51.1,0.512,18.7,23.4,0.799,8.6,32.6,41.1,25.3,8.4,6.0,16.9,21.5,103.6,39.3,91.2,0.431,11.9,34.8,0.342,27.4,56.4,0.486,17.2,22.2,0.777,12.9,34.1,47.0,28.0,8.9,4.2,15.2,21.6,107.8,0.439,14.5,0.606,0.173,0.248,0.096,0.089,0.394,0.512,0.734,0.439,0.406,0.398,0.326,0.606,0.865,0.179,0.316,0.431,14.0,0.619,0.176,0.241,0.102,0.1,0.381,0.486,0.707,0.423,0.39,0.347,0.342,0.641,0.872,0.185,0.356,30.4,-3.3,0.33,-2.97,103.6,107.8,-4.2,78.2,0.278,0.394,0.547,0.503,15.1,20.0,0.222,0.496,13.1,71.6,0.189
PHO,2024,0.0,CON,69,96,14.0,7.0,0.0,1.0,0.0,1.0,0.0,0.0,2.0,1.0,1.0,1.0,1.0,0.0,0.0,2.0,2.0,1.0,0.0,1.0,0.0,1.0,1.0,0.0,0.0,1.0,1.0,2.0,1.0,29.1,66.3,0.439,8.5,26.2,0.326,20.6,40.2,0.512,14.7,18.4,0.799,6.7,25.6,32.3,19.9,6.6,4.7,13.3,16.9,81.5,30.9,71.7,0.431,9.4,27.4,0.342,21.6,44.4,0.486,13.6,17.5,0.777,10.2,26.8,37.0,22.0,7.0,3.3,12.0,17.0,84.8,37.0,84.4,0.439,10.8,33.3,0.326,26.2,51.1,0.512,18.7,23.4,0.799,8.6,32.6,41.1,25.3,8.4,6.0,16.9,21.5,103.6,39.3,91.2,0.431,11.9,34.8,0.342,27.4,56.4,0.486,17.2,22.2,0.777,12.9,34.1,47.0,28.0,8.9,4.2,15.2,21.6,107.8,0.439,14.5,0.606,0.173,0.248,0.096,0.089,0.394,0.512,0.734,0.439,0.406,0.398,0.326,0.606,0.865,0.179,0.316,0.431,14.0,0.619,0.176,0.241,0.102,0.1,0.381,0.486,0.707,0.423,0.39,0.347,0.342,0.641,0.872,0.185,0.356,30.4,-3.3,0.33,-2.97,103.6,107.8,-4.2,78.2,0.278,0.394,0.547,0.503,15.1,20.0,0.222,0.496,13.1,71.6,0.189
PHO,2024,0.0,WAS,96,87,16.0,7.0,0.0,1.0,0.0,1.0,0.0,0.0,2.0,1.0,1.0,1.0,1.0,0.0,0.0,2.0,2.0,1.0,0.0,1.0,0.0,1.0,1.0,0.0,0.0,1.0,1.0,2.0,1.0,29.1,66.3,0.439,8.5,26.2,0.326,20.6,40.2,0.512,14.7,18.4,0.799,6.7,25.6,32.3,19.9,6.6,4.7,13.3,16.9,81.5,30.9,71.7,0.431,9.4,27.4,0.342,21.6,44.4,0.486,13.6,17.5,0.777,10.2,26.8,37.0,22.0,7.0,3.3,12.0,17.0,84.8,37.0,84.4,0.439,10.8,33.3,0.326,26.2,51.1,0.512,18.7,23.4,0.799,8.6,32.6,41.1,25.3,8.4,6.0,16.9,21.5,103.6,39.3,91.2,0.431,11.9,34.8,0.342,27.4,56.4,0.486,17.2,22.2,0.777,12.9,34.1,47.0,28.0,8.9,4.2,15.2,21.6,107.8,0.439,14.5,0.606,0.173,0.248,0.096,0.089,0.394,0.512,0.734,0.439,0.406,0.398,0.326,0.606,0.865,0.179,0.316,0.431,14.0,0.619,0.176,0.241,0.102,0.1,0.381,0.486,0.707,0.423,0.39,0.347,0.342,0.641,0.872,0.185,0.356,30.4,-3.3,0.33,-2.97,103.6,107.8,-4.2,78.2,0.278,0.394,0.547,0.503,15.1,20.0,0.222,0.496,13.1,71.6,0.189
PHO,2024,0.0,CHI,85,65,15.0,8.0,0.0,1.0,0.0,1.0,0.0,0.0,2.0,1.0,1.0,1.0,1.0,0.0,0.0,2.0,1.0,1.0,0.0,1.0,0.0,1.0,1.0,0.0,0.0,1.0,1.0,2.0,1.0,29.1,66.3,0.439,8.5,26.2,0.326,20.6,40.2,0.512,14.7,18.4,0.799,6.7,25.6,32.3,19.9,6.6,4.7,13.3,16.9,81.5,30.9,71.7,0.431,9.4,27.4,0.342,21.6,44.4,0.486,13.6,17.5,0.777,10.2,26.8,37.0,22.0,7.0,3.3,12.0,17.0,84.8,37.0,84.4,0.439,10.8,33.3,0.326,26.2,51.1,0.512,18.7,23.4,0.799,8.6,32.6,41.1,25.3,8.4,6.0,16.9,21.5,103.6,39.3,91.2,0.431,11.9,34.8,0.342,27.4,56.4,0.486,17.2,22.2,0.777,12.9,34.1,47.0,28.0,8.9,4.2,15.2,21.6,107.8,0.439,14.5,0.606,0.173,0.248,0.096,0.089,0.394,0.512,0.734,0.439,0.406,0.398,0.326,0.606,0.865,0.179,0.316,0.431,14.0,0.619,0.176,0.241,0.102,0.1,0.381,0.486,0.707,0.423,0.39,0.347,0.342,0.641,0.872,0.185,0.356,30.4,-3.3,0.33,-2.97,103.6,107.8,-4.2,78.2,0.278,0.394,0.547,0.503,15.1,20.0,0.222,0.496,13.1,71.6,0.189
PHO,2024,0.0,IND,89,98,16.0,8.0,0.0,1.0,0.0,1.0,0.0,0.0,1.0,1.0,1.0,1.0,1.0,0.0,0.0,2.0,1.0,1.0,0.0,1.0,0.0,1.0,1.0,0.0,0.0,1.0,1.0,2.0,1.0,29.1,66.3,0.439,8.5,26.2,0.326,20.6,40.2,0.512,14.7,18.4,0.799,6.7,25.6,32.3,19.9,6.6,4.7,13.3,16.9,81.5,30.9,71.7,0.431,9.4,27.4,0.342,21.6,44.4,0.486,13.6,17.5,0.777,10.2,26.8,37.0,22.0,7.0,3.3,12.0,17.0,84.8,37.0,84.4,0.439,10.8,33.3,0.326,26.2,51.1,0.512,18.7,23.4,0.799,8.6,32.6,41.1,25.3,8.4,6.0,16.9,21.5,103.6,39.3,91.2,0.431,11.9,34.8,0.342,27.4,56.4,0.486,17.2,22.2,0.777,12.9,34.1,47.0,28.0,8.9,4.2,15.2,21.6,107.8,0.439,14.5,0.606,0.173,0.248,0.096,0.089,0.394,0.512,0.734,0.439,0.406,0.398,0.326,0.606,0.865,0.179,0.316,0.431,14.0,0.619,0.176,0.241,0.102,0.1,0.381,0.486,0.707,0.423,0.39,0.347,0.342,0.641,0.872,0.185,0.356,30.4,-3.3,0.33,-2.97,103.6,107.8,-4.2,78.2,0.278,0.394,0.547,0.503,15.1,20.0,0.222,0.496,13.1,71.6,0.189
PHO,2024,1.0,CHI,86,68,18.0,8.0,0.0,1.0,0.0,1.0,0.0,0.0,1.0,1.0,1.0,1.0,1.0,0.0,0.0,2.0,1.0,1.0,0.0,1.0,0.0,1.0,1.0,0.0,0.0,1.0,1.0,2.0,1.0,29.1,66.3,0.439,8.5,26.2,0.326,20.6,40.2,0.512,14.7,18.4,0.799,6.7,25.6,32.3,19.9,6.6,4.7,13.3,16.9,81.5,30.9,71.7,0.431,9.4,27.4,0.342,21.6,44.4,0.486,13.6,17.5,0.777,10.2,26.8,37.0,22.0,7.0,3.3,12.0,17.0,84.8,37.0,84.4,0.439,10.8,33.3,0.326,26.2,51.1,0.512,18.7,23.4,0.799,8.6,32.6,41.1,25.3,8.4,6.0,16.9,21.5,103.6,39.3,91.2,0.431,11.9,34.8,0.342,27.4,56.4,0.486,17.2,22.2,0.777,12.9,34.1,47.0,28.0,8.9,4.2,15.2,21.6,107.8,0.439,14.5,0.606,0.173,0.248,0.096,0.089,0.394,0.512,0.734,0.439,0.406,0.398,0.326,0.606,0.865,0.179,0.316,0.431,14.0,0.619,0.176,0.241,0.102,0.1,0.381,0.486,0.707,0.423,0.39,0.347,0.342,0.641,0.872,0.185,0.356,30.4,-3.3,0.33,-2.97,103.6,107.8,-4.2,78.2,0.278,0.394,0.547,0.503,15.1,20.0,0.222,0.496,13.1,71.6,0.189
PHO,2024,0.0,ATL,63,72,21.0,8.0,0.0,1.0,0.0,1.0,0.0,0.0,1.0,1.0,1.0,1.0,1.0,0.0,0.0,2.0,0.0,1.0,0.0,1.0,0.0,1.0,1.0,0.0,0.0,1.0,1.0,2.0,1.0,29.1,66.3,0.439,8.5,26.2,0.326,20.6,40.2,0.512,14.7,18.4,0.799,6.7,25.6,32.3,19.9,6.6,4.7,13.3,16.9,81.5,30.9,71.7,0.431,9.4,27.4,0.342,21.6,44.4,0.486,13.6,17.5,0.777,10.2,26.8,37.0,22.0,7.0,3.3,12.0,17.0,84.8,37.0,84.4,0.439,10.8,33.3,0.326,26.2,51.1,0.512,18.7,23.4,0.799,8.6,32.6,41.1,25.3,8.4,6.0,16.9,21.5,103.6,39.3,91.2,0.431,11.9,34.8,0.342,27.4,56.4,0.486,17.2,22.2,0.777,12.9,34.1,47.0,28.0,8.9,4.2,15.2,21.6,107.8,0.439,14.5,0.606,0.173,0.248,0.096,0.089,0.394,0.512,0.734,0.439,0.406,0.398,0.326,0.606,0.865,0.179,0.316,0.431,14.0,0.619,0.176,0.241,0.102,0.1,0.381,0.486,0.707,0.423,0.39,0.347,0.342,0.641,0.872,0.185,0.356,30.4,-3.3,0.33,-2.97,103.6,107.8,-4.2,78.2,0.278,0.394,0.547,0.503,15.1,20.0,0.222,0.496,13.1,71.6,0.189
PHO,2024,0.0,ATL,82,80,23.0,8.0,0.0,1.0,0.0,1.0,0.0,0.0,2.0,1.0,1.0,1.0,1.0,0.0,0.0,2.0,1.0,1.0,0.0,1.0,0.0,1.0,1.0,0.0,0.0,1.0,1.0,2.0,1.0,29.1,66.3,0.439,8.5,26.2,0.326,20.6,40.2,0.512,14.7,18.4,0.799,6.7,25.6,32.3,19.9,6.6,4.7,13.3,16.9,81.5,30.9,71.7,0.431,9.4,27.4,0.342,21.6,44.4,0.486,13.6,17.5,0.777,10.2,26.8,37.0,22.0,7.0,3.3,12.0,17.0,84.8,37.0,84.4,0.439,10.8,33.3,0.326,26.2,51.1,0.512,18.7,23.4,0.799,8.6,32.6,41.1,25.3,8.4,6.0,16.9,21.5,103.6,39.3,91.2,0.431,11.9,34.8,0.342,27.4,56.4,0.486,17.2,22.2,0.777,12.9,34.1,47.0,28.0,8.9,4.2,15.2,21.6,107.8,0.439,14.5,0.606,0.173,0.248,0.096,0.089,0.394,0.512,0.734,0.439,0.406,0.398,0.326,0.606,0.865,0.179,0.316,0.431,14.0,0.619,0.176,0.241,0.102,0.1,0.381,0.486,0.707,0.423,0.39,0.347,0.342,0.641,0.872,0.185,0.356,30.4,-3.3,0.33,-2.97,103.6,107.8,-4.2,78.2,0.278,0.394,0.547,0.503,15.1,20.0,0.222,0.496,13.1,71.6,0.189
PHO,2024,1.0,NYL,70,84,26.0,8.0,0.0,1.0,0.0,1.0,0.0,0.0,2.0,1.0,1.0,1.0,1.0,0.0,0.0,2.0,1.0,1.0,0.0,1.0,0.0,1.0,1.0,0.0,0.0,1.0,1.0,2.0,1.0,29.1,66.3,0.439,8.5,26.2,0.326,20.6,40.2,0.512,14.7,18.4,0.799,6.7,25.6,32.3,19.9,6.6,4.7,13.3,16.9,81.5,30.9,71.7,0.431,9.4,27.4,0.342,21.6,44.4,0.486,13.6,17.5,0.777,10.2,26.8,37.0,22.0,7.0,3.3,12.0,17.0,84.8,37.0,84.4,0.439,10.8,33.3,0.326,26.2,51.1,0.512,18.7,23.4,0.799,8.6,32.6,41.1,25.3,8.4,6.0,16.9,21.5,103.6,39.3,91.2,0.431,11.9,34.8,0.342,27.4,56.4,0.486,17.2,22.2,0.777,12.9,34.1,47.0,28.0,8.9,4.2,15.2,21.6,107.8,0.439,14.5,0.606,0.173,0.248,0.096,0.089,0.394,0.512,0.734,0.439,0.406,0.398,0.326,0.606,0.865,0.179,0.316,0.431,14.0,0.619,0.176,0.241,0.102,0.1,0.381,0.486,0.707,0.423,0.39,0.347,0.342,0.641,0.872,0.185,0.356,30.4,-3.3,0.33,-2.97,103.6,107.8,-4.2,78.2,0.278,0.394,0.547,0.503,15.1,20.0,0.222,0.496,13.1,71.6,0.189
PHO,2024,1.0,MIN,76,89,28.0,8.0,0.0,1.0,0.0,1.0,0.0,0.0,2.0,1.0,1.0,1.0,1.0,0.0,0.0,2.0,1.0,1.0,0.0,1.0,0.0,1.0,1.0,0.0,0.0,1.0,1.0,2.0,1.0,29.1,66.3,0.439,8.5,26.2,0.326,20.6,40.2,0.512,14.7,18.4,0.799,6.7,25.6,32.3,19.9,6.6,4.7,13.3,16.9,81.5,30.9,71.7,0.431,9.4,27.4,0.342,21.6,44.4,0.486,13.6,17.5,0.777,10.2,26.8,37.0,22.0,7.0,3.3,12.0,17.0,84.8,37.0,84.4,0.439,10.8,33.3,0.326,26.2,51.1,0.512,18.7,23.4,0.799,8.6,32.6,41.1,25.3,8.4,6.0,16.9,21.5,103.6,39.3,91.2,0.431,11.9,34.8,0.342,27.4,56.4,0.486,17.2,22.2,0.777,12.9,34.1,47.0,28.0,8.9,4.2,15.2,21.6,107.8,0.439,14.5,0.606,0.173,0.248,0.096,0.089,0.394,0.512,0.734,0.439,0.406,0.398,0.326,0.606,0.865,0.179,0.316,0.431,14.0,0.619,0.176,0.241,0.102,0.1,0.381,0.486,0.707,0.423,0.39,0.347,0.342,0.641,0.872,0.185,0.356,30.4,-3.3,0.33,-2.97,103.6,107.8,-4.2,78.2,0.278,0.394,0.547,0.503,15.1,20.0,0.222,0.496,13.1,71.6,0.189
PHO,2024,1.0,LVA,79,97,1.0,9.0,0.0,1.0,0.0,1.0,0.0,0.0,2.0,1.0,1.0,1.0,1.0,0.0,0.0,2.0,1.0,1.0,0.0,1.0,0.0,1.0,1.0,0.0,0.0,1.0,1.0,2.0,1.0,29.1,66.3,0.439,8.5,26.2,0.326,20.6,40.2,0.512,14.7,18.4,0.799,6.7,25.6,32.3,19.9,6.6,4.7,13.3,16.9,81.5,30.9,71.7,0.431,9.4,27.4,0.342,21.6,44.4,0.486,13.6,17.5,0.777,10.2,26.8,37.0,22.0,7.0,3.3,12.0,17.0,84.8,37.0,84.4,0.439,10.8,33.3,0.326,26.2,51.1,0.512,18.7,23.4,0.799,8.6,32.6,41.1,25.3,8.4,6.0,16.9,21.5,103.6,39.3,91.2,0.431,11.9,34.8,0.342,27.4,56.4,0.486,17.2,22.2,0.777,12.9,34.1,47.0,28.0,8.9,4.2,15.2,21.6,107.8,0.439,14.5,0.606,0.173,0.248,0.096,0.089,0.394,0.512,0.734,0.439,0.406,0.398,0.326,0.606,0.865,0.179,0.316,0.431,14.0,0.619,0.176,0.241,0.102,0.1,0.381,0.486,0.707,0.423,0.39,0.347,0.342,0.641,0.872,0.185,0.356,30.4,-3.3,0.33,-2.97,103.6,107.8,-4.2,78.2,0.278,0.394,0.547,0.503,15.1,20.0,0.222,0.496,13.1,71.6,0.189
PHO,2024,1.0,ATL,74,66,3.0,9.0,0.0,1.0,0.0,0.0,0.0,0.0,2.0,1.0,0.0,0.0,1.0,0.0,0.0,2.0,1.0,0.0,0.0,0.0,0.0,1.0,1.0,0.0,0.0,1.0,1.0,1.0,1.0,29.1,66.3,0.439,8.5,26.2,0.326,20.6,40.2,0.512,14.7,18.4,0.799,6.7,25.6,32.3,19.9,6.6,4.7,13.3,16.9,81.5,30.9,71.7,0.431,9.4,27.4,0.342,21.6,44.4,0.486,13.6,17.5,0.777,10.2,26.8,37.0,22.0,7.0,3.3,12.0,17.0,84.8,37.0,84.4,0.439,10.8,33.3,0.326,26.2,51.1,0.512,18.7,23.4,0.799,8.6,32.6,41.1,25.3,8.4,6.0,16.9,21.5,103.6,39.3,91.2,0.431,11.9,34.8,0.342,27.4,56.4,0.486,17.2,22.2,0.777,12.9,34.1,47.0,28.0,8.9,4.2,15.2,21.6,107.8,0.439,14.5,0.606,0.173,0.248,0.096,0.089,0.394,0.512,0.734,0.439,0.406,0.398,0.326,0.606,0.865,0.179,0.316,0.431,14.0,0.619,0.176,0.241,0.102,0.1,0.381,0.486,0.707,0.423,0.39,0.347,0.342,0.641,0.872,0.185,0.356,30.4,-3.3,0.33,-2.97,103.6,107.8,-4.2,78.2,0.278,0.394,0.547,0.503,15.1,20.0,0.222,0.496,13.1,71.6,0.189
PHO,2024,1.0,WAS,77,90,5.0,9.0,0.0,1.0,1.0,1.0,0.0,0.0,2.0,1.0,1.0,1.0,1.0,0.0,0.0,2.0,1.0,1.0,0.0,1.0,0.0,1.0,1.0,0.0,0.0,1.0,1.0,2.0,1.0,29.1,66.3,0.439,8.5,26.2,0.326,20.6,40.2,0.512,14.7,18.4,0.799,6.7,25.6,32.3,19.9,6.6,4.7,13.3,16.9,81.5,30.9,71.7,0.431,9.4,27.4,0.342,21.6,44.4,0.486,13.6,17.5,0.777,10.2,26.8,37.0,22.0,7.0,3.3,12.0,17.0,84.8,37.0,84.4,0.439,10.8,33.3,0.326,26.2,51.1,0.512,18.7,23.4,0.799,8.6,32.6,41.1,25.3,8.4,6.0,16.9,21.5,103.6,39.3,91.2,0.431,11.9,34.8,0.342,27.4,56.4,0.486,17.2,22.2,0.777,12.9,34.1,47.0,28.0,8.9,4.2,15.2,21.6,107.8,0.439,14.5,0.606,0.173,0.248,0.096,0.089,0.394,0.512,0.734,0.439,0.406,0.398,0.326,0.606,0.865,0.179,0.316,0.431,14.0,0.619,0.176,0.241,0.102,0.1,0.381,0.486,0.707,0.423,0.39,0.347,0.342,0.641,0.872,0.185,0.356,30.4,-3.3,0.33,-2.97,103.6,107.8,-4.2,78.2,0.278,0.394,0.547,0.503,15.1,20.0,0.222,0.496,13.1,71.6,0.189
PHO,2024,0.0,SEA,66,90,7.0,9.0,0.0,1.0,1.0,1.0,0.0,0.0,2.0,1.0,1.0,1.0,1.0,0.0,0.0,2.0,1.0,1.0,0.0,1.0,0.0,1.0,1.0,0.0,0.0,1.0,1.0,2.0,1.0,29.1,66.3,0.439,8.5,26.2,0.326,20.6,40.2,0.512,14.7,18.4,0.799,6.7,25.6,32.3,19.9,6.6,4.7,13.3,16.9,81.5,30.9,71.7,0.431,9.4,27.4,0.342,21.6,44.4,0.486,13.6,17.5,0.777,10.2,26.8,37.0,22.0,7.0,3.3,12.0,17.0,84.8,37.0,84.4,0.439,10.8,33.3,0.326,26.2,51.1,0.512,18.7,23.4,0.799,8.6,32.6,41.1,25.3,8.4,6.0,16.9,21.5,103.6,39.3,91.2,0.431,11.9,34.8,0.342,27.4,56.4,0.486,17.2,22.2,0.777,12.9,34.1,47.0,28.0,8.9,4.2,15.2,21.6,107.8,0.439,14.5,0.606,0.173,0.248,0.096,0.089,0.394,0.512,0.734,0.439,0.406,0.398,0.326,0.606,0.865,0.179,0.316,0.431,14.0,0.619,0.176,0.241,0.102,0.1,0.381,0.486,0.707,0.423,0.39,0.347,0.342,0.641,0.872,0.185,0.356,30.4,-3.3,0.33,-2.97,103.6,107.8,-4.2,78.2,0.278,0.394,0.547,0.503,15.1,20.0,0.222,0.496,13.1,71.6,0.189
PHO,2024,1.0,CON,69,88,13.0,9.0,0.0,1.0,1.0,1.0,0.0,0.0,2.0,0.0,1.0,1.0,0.0,0.0,0.0,1.0,1.0,1.0,0.0,1.0,0.0,1.0,0.0,0.0,0.0,1.0,1.0,1.0,0.0,29.1,66.3,0.439,8.5,26.2,0.326,20.6,40.2,0.512,14.7,18.4,0.799,6.7,25.6,32.3,19.9,6.6,4.7,13.3,16.9,81.5,30.9,71.7,0.431,9.4,27.4,0.342,21.6,44.4,0.486,13.6,17.5,0.777,10.2,26.8,37.0,22.0,7.0,3.3,12.0,17.0,84.8,37.0,84.4,0.439,10.8,33.3,0.326,26.2,51.1,0.512,18.7,23.4,0.799,8.6,32.6,41.1,25.3,8.4,6.0,16.9,21.5,103.6,39.3,91.2,0.431,11.9,34.8,0.342,27.4,56.4,0.486,17.2,22.2,0.777,12.9,34.1,47.0,28.0,8.9,4.2,15.2,21.6,107.8,0.439,14.5,0.606,0.173,0.248,0.096,0.089,0.394,0.512,0.734,0.439,0.406,0.398,0.326,0.606,0.865,0.179,0.316,0.431,14.0,0.619,0.176,0.241,0.102,0.1,0.381,0.486,0.707,0.423,0.39,0.347,0.342,0.641,0.872,0.185,0.356,30.4,-3.3,0.33,-2.97,103.6,107.8,-4.2,78.2,0.278,0.394,0.547,0.503,15.1,20.0,0.222,0.496,13.1,71.6,0.189
PHO,2024,0.0,CHI,93,88,15.0,9.0,0.0,1.0,1.0,1.0,0.0,0.0,2.0,0.0,1.0,1.0,0.0,0.0,0.0,1.0,1.0,1.0,0.0,1.0,0.0,1.0,0.0,0.0,0.0,1.0,1.0,1.0,0.0,29.1,66.3,0.439,8.5,26.2,0.326,20.6,40.2,0.512,14.7,18.4,0.799,6.7,25.6,32.3,19.9,6.6,4.7,13.3,16.9,81.5,30.9,71.7,0.431,9.4,27.4,0.342,21.6,44.4,0.486,13.6,17.5,0.777,10.2,26.8,37.0,22.0,7.0,3.3,12.0,17.0,84.8,37.0,84.4,0.439,10.8,33.3,0.326,26.2,51.1,0.512,18.7,23.4,0.799,8.6,32.6,41.1,25.3,8.4,6.0,16.9,21.5,103.6,39.3,91.2,0.431,11.9,34.8,0.342,27.4,56.4,0.486,17.2,22.2,0.777,12.9,34.1,47.0,28.0,8.9,4.2,15.2,21.6,107.8,0.439,14.5,0.606,0.173,0.248,0.096,0.089,0.394,0.512,0.734,0.439,0.406,0.398,0.326,0.606,0.865,0.179,0.316,0.431,14.0,0.619,0.176,0.241,0.102,0.1,0.381,0.486,0.707,0.423,0.39,0.347,0.342,0.641,0.872,0.185,0.356,30.4,-3.3,0.33,-2.97,103.6,107.8,-4.2,78.2,0.278,0.394,0.547,0.503,15.1,20.0,0.222,0.496,13.1,71.6,0.189
PHO,2024,0.0,LAS,85,81,17.0,9.0,0.0,1.0,1.0,1.0,0.0,0.0,2.0,0.0,1.0,1.0,0.0,0.0,0.0,1.0,1.0,1.0,0.0,1.0,0.0,1.0,0.0,0.0,0.0,1.0,1.0,1.0,0.0,29.1,66.3,0.439,8.5,26.2,0.326,20.6,40.2,0.512,14.7,18.4,0.799,6.7,25.6,32.3,19.9,6.6,4.7,13.3,16.9,81.5,30.9,71.7,0.431,9.4,27.4,0.342,21.6,44.4,0.486,13.6,17.5,0.777,10.2,26.8,37.0,22.0,7.0,3.3,12.0,17.0,84.8,37.0,84.4,0.439,10.8,33.3,0.326,26.2,51.1,0.512,18.7,23.4,0.799,8.6,32.6,41.1,25.3,8.4,6.0,16.9,21.5,103.6,39.3,91.2,0.431,11.9,34.8,0.342,27.4,56.4,0.486,17.2,22.2,0.777,12.9,34.1,47.0,28.0,8.9,4.2,15.2,21.6,107.8,0.439,14.5,0.606,0.173,0.248,0.096,0.089,0.394,0.512,0.734,0.439,0.406,0.398,0.326,0.606,0.865,0.179,0.316,0.431,14.0,0.619,0.176,0.241,0.102,0.1,0.381,0.486,0.707,0.423,0.39,0.347,0.342,0.641,0.872,0.185,0.356,30.4,-3.3,0.33,-2.97,103.6,107.8,-4.2,78.2,0.278,0.394,0.547,0.503,15.1,20.0,0.222,0.496,13.1,71.6,0.189
PHO,2024,1.0,SEA,70,89,19.0,9.0,0.0,1.0,1.0,1.0,0.0,0.0,2.0,1.0,1.0,1.0,1.0,0.0,0.0,2.0,1.0,1.0,0.0,1.0,0.0,1.0,1.0,0.0,0.0,1.0,1.0,2.0,1.0,29.1,66.3,0.439,8.5,26.2,0.326,20.6,40.2,0.512,14.7,18.4,0.799,6.7,25.6,32.3,19.9,6.6,4.7,13.3,16.9,81.5,30.9,71.7,0.431,9.4,27.4,0.342,21.6,44.4,0.486,13.6,17.5,0.777,10.2,26.8,37.0,22.0,7.0,3.3,12.0,17.0,84.8,37.0,84.4,0.439,10.8,33.3,0.326,26.2,51.1,0.512,18.7,23.4,0.799,8.6,32.6,41.1,25.3,8.4,6.0,16.9,21.5,103.6,39.3,91.2,0.431,11.9,34.8,0.342,27.4,56.4,0.486,17.2,22.2,0.777,12.9,34.1,47.0,28.0,8.9,4.2,15.2,21.6,107.8,0.439,14.5,0.606,0.173,0.248,0.096,0.089,0.394,0.512,0.734,0.439,0.406,0.398,0.326,0.606,0.865,0.179,0.316,0.431,14.0,0.619,0.176,0.241,0.102,0.1,0.381,0.486,0.707,0.423,0.39,0.347,0.342,0.641,0.872,0.185,0.356,30.4,-3.3,0.33,-2.97,103.6,107.8,-4.2,78.2,0.278,0.394,0.547,0.503,15.1,20.0,0.222,0.496,13.1,71.6,0.189
SEA,2024,1.0,MIN,70,83,14.0,5.0,2.0,0.0,0.0,0.0,2.0,0.0,0.0,1.0,1.0,1.0,1.0,0.0,0.0,1.0,1.0,1.0,1.0,1.0,0.0,1.0,1.0,0.0,2.0,0.0,0.0,1.0,1.0,31.1,71.3,0.435,6.1,21.0,0.288,25.0,50.3,0.497,15.1,18.0,0.84,8.7,26.0,34.7,20.7,9.3,5.2,12.4,16.5,83.2,28.8,67.7,0.426,6.9,21.0,0.329,21.9,46.7,0.469,14.2,18.2,0.784,8.9,27.2,36.0,19.5,7.6,4.6,15.0,16.4,78.8,38.9,89.2,0.435,7.6,26.3,0.288,31.3,63.0,0.497,18.9,22.5,0.84,10.8,32.5,43.4,25.8,11.6,6.4,15.5,20.7,104.2,36.0,84.7,0.426,8.7,26.3,0.329,27.4,58.4,0.469,17.8,22.7,0.784,11.1,34.0,45.1,24.4,9.5,5.7,18.7,20.5,98.6,0.435,12.8,0.705,0.202,0.278,0.131,0.094,0.295,0.497,0.693,0.435,0.405,0.387,0.288,0.616,0.868,0.17,0.301,0.426,13.0,0.689,0.225,0.279,0.104,0.082,0.311,0.469,0.651,0.412,0.355,0.308,0.329,0.608,0.895,0.187,0.382,29.1,4.48,-0.56,3.92,104.2,98.6,5.6,79.4,0.252,0.295,0.525,0.478,13.5,24.2,0.211,0.477,16.5,74.6,0.21
SEA,2024,0.0,MIN,93,102,17.0,5.0,2.0,0.0,0.0,0.0,2.0,0.0,0.0,1.0,1.0,1.0,1.0,0.0,0.0,1.0,1.0,1.0,1.0,1.0,0.0,1.0,1.0,0.0,2.0,0.0,0.0,1.0,1.0,31.1,71.3,0.435,6.1,21.0,0.288,25.0,50.3,0.497,15.1,18.0,0.84,8.7,26.0,34.7,20.7,9.3,5.2,12.4,16.5,83.2,28.8,67.7,0.426,6.9,21.0,0.329,21.9,46.7,0.469,14.2,18.2,0.784,8.9,27.2,36.0,19.5,7.6,4.6,15.0,16.4,78.8,38.9,89.2,0.435,7.6,26.3,0.288,31.3,63.0,0.497,18.9,22.5,0.84,10.8,32.5,43.4,25.8,11.6,6.4,15.5,20.7,104.2,36.0,84.7,0.426,8.7,26.3,0.329,27.4,58.4,0.469,17.8,22.7,0.784,11.1,34.0,45.1,24.4,9.5,5.7,18.7,20.5,98.6,0.435,12.8,0.705,0.202,0.278,0.131,0.094,0.295,0.497,0.693,0.435,0.405,0.387,0.288,0.616,0.868,0.17,0.301,0.426,13.0,0.689,0.225,0.279,0.104,0.082,0.311,0.469,0.651,0.412,0.355,0.308,0.329,0.608,0.895,0.187,0.382,29.1,4.48,-0.56,3.92,104.2,98.6,5.6,79.4,0.252,0.295,0.525,0.478,13.5,24.2,0.211,0.477,16.5,74.6,0.21
SEA,2024,0.0,WAS,84,75,19.0,5.0,1.0,0.0,0.0,0.0,1.0,0.0,0.0,1.0,1.0,1.0,1.0,0.0,0.0,1.0,1.0,1.0,1.0,1.0,0.0,1.0,1.0,0.0,1.0,0.0,0.0,1.0,1.0,31.1,71.3,0.435,6.1,21.0,0.288,25.0,50.3,0.497,15.1,18.0,0.84,8.7,26.0,34.7,20.7,9.3,5.2,12.4,16.5,83.2,28.8,67.7,0.426,6.9,21.0,0.329,21.9,46.7,0.469,14.2,18.2,0.784,8.9,27.2,36.0,19.5,7.6,4.6,15.0,16.4,78.8,38.9,89.2,0.435,7.6,26.3,0.288,31.3,63.0,0.497,18.9,22.5,0.84,10.8,32.5,43.4,25.8,11.6,6.4,15.5,20.7,104.2,36.0,84.7,0.426,8.7,26.3,0.329,27.4,58.4,0.469,17.8,22.7,0.784,11.1,34.0,45.1,24.4,9.5,5.7,18.7,20.5,98.6,0.435,12.8,0.705,0.202,0.278,0.131,0.094,0.295,0.497,0.693,0.435,0.405,0.387,0.288,0.616,0.868,0.17,0.301,0.426,13.0,0.689,0.225,0.279,0.104,0.082,0.311,0.469,0.651,0.412,0.355,0.308,0.329,0.608,0.895,0.187,0.382,29.1,4.48,-0.56,3.92,104.2,98.6,5.6,79.4,0.252,0.295,0.525,0.478,13.5,24.2,0.211,0.477,16.5,74.6,0.21
SEA,2024,0.0,NYL,63,74,20.0,5.0,1.0,0.0,0.0,0.0,1.0,0.0,0.0,1.0,1.0,1.0,1.0,0.0,0.0,1.0,1.0,1.0,1.0,1.0,0.0,1.0,1.0,0.0,1.0,0.0,0.0,1.0,1.0,31.1,71.3,0.435,6.1,21.0,0.288,25.0,50.3,0.497,15.1,18.0,0.84,8.7,26.0,34.7,20.7,9.3,5.2,12.4,16.5,83.2,28.8,67.7,0.426,6.9,21.0,0.329,21.9,46.7,0.469,14.2,18.2,0.784,8.9,27.2,36.0,19.5,7.6,4.6,15.0,16.4,78.8,38.9,89.2,0.435,7.6,26.3,0.288,31.3,63.0,0.497,18.9,22.5,0.84,10.8,32.5,43.4,25.8,11.6,6.4,15.5,20.7,104.2,36.0,84.7,0.426,8.7,26.3,0.329,27.4,58.4,0.469,17.8,22.7,0.784,11.1,34.0,45.1,24.4,9.5,5.7,18.7,20.5,98.6,0.435,12.8,0.705,0.202,0.278,0.131,0.094,0.295,0.497,0.693,0.435,0.405,0.387,0.288,0.616,0.868,0.17,0.301,0.426,13.0,0.689,0.225,0.279,0.104,0.082,0.311,0.469,0.651,0.412,0.355,0.308,0.329,0.608,0.895,0.187,0.382,29.1,4.48,-0.56,3.92,104.2,98.6,5.6,79.4,0.252,0.295,0.525,0.478,13.5,24.2,0.211,0.477,16.5,74.6,0.21
SEA,2024,1.0,IND,85,83,22.0,5.0,2.0,0.0,0.0,0.0,2.0,0.0,0.0,1.0,1.0,1.0,1.0,0.0,0.0,1.0,1.0,1.0,0.0,1.0,0.0,1.0,1.0,0.0,2.0,0.0,0.0,1.0,1.0,31.1,71.3,0.435,6.1,21.0,0.288,25.0,50.3,0.497,15.1,18.0,0.84,8.7,26.0,34.7,20.7,9.3,5.2,12.4,16.5,83.2,28.8,67.7,0.426,6.9,21.0,0.329,21.9,46.7,0.469,14.2,18.2,0.784,8.9,27.2,36.0,19.5,7.6,4.6,15.0,16.4,78.8,38.9,89.2,0.435,7.6,26.3,0.288,31.3,63.0,0.497,18.9,22.5,0.84,10.8,32.5,43.4,25.8,11.6,6.4,15.5,20.7,104.2,36.0,84.7,0.426,8.7,26.3,0.329,27.4,58.4,0.469,17.8,22.7,0.784,11.1,34.0,45.1,24.4,9.5,5.7,18.7,20.5,98.6,0.435,12.8,0.705,0.202,0.278,0.131,0.094,0.295,0.497,0.693,0.435,0.405,0.387,0.288,0.616,0.868,0.17,0.301,0.426,13.0,0.689,0.225,0.279,0.104,0.082,0.311,0.469,0.651,0.412,0.355,0.308,0.329,0.608,0.895,0.187,0.382,29.1,4.48,-0.56,3.92,104.2,98.6,5.6,79.4,0.252,0.295,0.525,0.478,13.5,24.2,0.211,0.477,16.5,74.6,0.21
SEA,2024,1.0,WAS,101,69,25.0,5.0,2.0,0.0,0.0,0.0,2.0,0.0,0.0,1.0,1.0,1.0,1.0,0.0,0.0,1.0,1.0,1.0,1.0,1.0,0.0,1.0,1.0,0.0,2.0,0.0,0.0,1.0,1.0,31.1,71.3,0.435,6.1,21.0,0.288,25.0,50.3,0.497,15.1,18.0,0.84,8.7,26.0,34.7,20.7,9.3,5.2,12.4,16.5,83.2,28.8,67.7,0.426,6.9,21.0,0.329,21.9,46.7,0.469,14.2,18.2,0.784,8.9,27.2,36.0,19.5,7.6,4.6,15.0,16.4,78.8,38.9,89.2,0.435,7.6,26.3,0.288,31.3,63.0,0.497,18.9,22.5,0.84,10.8,32.5,43.4,25.8,11.6,6.4,15.5,20.7,104.2,36.0,84.7,0.426,8.7,26.3,0.329,27.4,58.4,0.469,17.8,22.7,0.784,11.1,34.0,45.1,24.4,9.5,5.7,18.7,20.5,98.6,0.435,12.8,0.705,0.202,0.278,0.131,0.094,0.295,0.497,0.693,0.435,0.405,0.387,0.288,0.616,0.868,0.17,0.301,0.426,13.0,0.689,0.225,0.279,0.104,0.082,0.311,0.469,0.651,0.412,0.355,0.308,0.329,0.608,0.895,0.187,0.382,29.1,4.48,-0.56,3.92,104.2,98.6,5.6,79.4,0.252,0.295,0.525,0.478,13.5,24.2,0.211,0.477,16.5,74.6,0.21
SEA,2024,0.0,CHI,77,68,28.0,5.0,2.0,0.0,0.0,0.0,2.0,0.0,0.0,1.0,1.0,1.0,1.0,0.0,0.0,1.0,1.0,1.0,1.0,1.0,0.0,1.0,1.0,0.0,2.0,0.0,0.0,1.0,1.0,31.1,71.3,0.435,6.1,21.0,0.288,25.0,50.3,0.497,15.1,18.0,0.84,8.7,26.0,34.7,20.7,9.3,5.2,12.4,16.5,83.2,28.8,67.7,0.426,6.9,21.0,0.329,21.9,46.7,0.469,14.2,18.2,0.784,8.9,27.2,36.0,19.5,7.6,4.6,15.0,16.4,78.8,38.9,89.2,0.435,7.6,26.3,0.288,31.3,63.0,0.497,18.9,22.5,0.84,10.8,32.5,43.4,25.8,11.6,6.4,15.5,20.7,104.2,36.0,84.7,0.426,8.7,26.3,0.329,27.4,58.4,0.469,17.8,22.7,0.784,11.1,34.0,45.1,24.4,9.5,5.7,18.7,20.5,98.6,0.435,12.8,0.705,0.202,0.278,0.131,0.094,0.295,0.497,0.693,0.435,0.405,0.387,0.288,0.616,0.868,0.17,0.301,0.426,13.0,0.689,0.225,0.279,0.104,0.082,0.311,0.469,0.651,0.412,0.355,0.308,0.329,0.608,0.895,0.187,0.382,29.1,4.48,-0.56,3.92,104.2,98.6,5.6,79.4,0.252,0.295,0.525,0.478,13.5,24.2,0.211,0.477,16.5,74.6,0.21
SEA,2024,0.0,IND,103,88,30.0,5.0,2.0,0.0,0.0,0.0,2.0,0.0,0.0,1.0,1.0,1.0,1.0,0.0,0.0,1.0,1.0,1.0,1.0,1.0,0.0,1.0,1.0,0.0,2.0,0.0,0.0,1.0,1.0,31.1,71.3,0.435,6.1,21.0,0.288,25.0,50.3,0.497,15.1,18.0,0.84,8.7,26.0,34.7,20.7,9.3,5.2,12.4,16.5,83.2,28.8,67.7,0.426,6.9,21.0,0.329,21.9,46.7,0.469,14.2,18.2,0.784,8.9,27.2,36.0,19.5,7.6,4.6,15.0,16.4,78.8,38.9,89.2,0.435,7.6,26.3,0.288,31.3,63.0,0.497,18.9,22.5,0.84,10.8,32.5,43.4,25.8,11.6,6.4,15.5,20.7,104.2,36.0,84.7,0.426,8.7,26.3,0.329,27.4,58.4,0.469,17.8,22.7,0.784,11.1,34.0,45.1,24.4,9.5,5.7,18.7,20.5,98.6,0.435,12.8,0.705,0.202,0.278,0.131,0.094,0.295,0.497,0.693,0.435,0.405,0.387,0.288,0.616,0.868,0.17,0.301,0.426,13.0,0.689,0.225,0.279,0.104,0.082,0.311,0.469,0.651,0.412,0.355,0.308,0.329,0.608,0.895,0.187,0.382,29.1,4.48,-0.56,3.92,104.2,98.6,5.6,79.4,0.252,0.295,0.525,0.478,13.5,24.2,0.211,0.477,16.5,74.6,0.21
SEA,2024,1.0,PHO,80,62,4.0,6.0,1.0,0.0,0.0,0.0,1.0,0.0,0.0,1.0,1.0,1.0,1.0,0.0,0.0,1.0,1.0,1.0,0.0,1.0,0.0,1.0,1.0,0.0,1.0,0.0,0.0,1.0,1.0,31.1,71.3,0.435,6.1,21.0,0.288,25.0,50.3,0.497,15.1,18.0,0.84,8.7,26.0,34.7,20.7,9.3,5.2,12.4,16.5,83.2,28.8,67.7,0.426,6.9,21.0,0.329,21.9,46.7,0.469,14.2,18.2,0.784,8.9,27.2,36.0,19.5,7.6,4.6,15.0,16.4,78.8,38.9,89.2,0.435,7.6,26.3,0.288,31.3,63.0,0.497,18.9,22.5,0.84,10.8,32.5,43.4,25.8,11.6,6.4,15.5,20.7,104.2,36.0,84.7,0.426,8.7,26.3,0.329,27.4,58.4,0.469,17.8,22.7,0.784,11.1,34.0,45.1,24.4,9.5,5.7,18.7,20.5,98.6,0.435,12.8,0.705,0.202,0.278,0.131,0.094,0.295,0.497,0.693,0.435,0.405,0.387,0.288,0.616,0.868,0.17,0.301,0.426,13.0,0.689,0.225,0.279,0.104,0.082,0.311,0.469,0.651,0.412,0.355,0.308,0.329,0.608,0.895,0.187,0.382,29.1,4.48,-0.56,3.92,104.2,98.6,5.6,79.4,0.252,0.295,0.525,0.478,13.5,24.2,0.211,0.477,16.5,74.6,0.21
SEA,2024,0.0,LVA,78,65,7.0,6.0,2.0,0.0,0.0,0.0,2.0,0.0,0.0,1.0,1.0,1.0,1.0,0.0,0.0,1.0,1.0,1.0,0.0,1.0,0.0,1.0,1.0,0.0,2.0,0.0,0.0,1.0,1.0,31.1,71.3,0.435,6.1,21.0,0.288,25.0,50.3,0.497,15.1,18.0,0.84,8.7,26.0,34.7,20.7,9.3,5.2,12.4,16.5,83.2,28.8,67.7,0.426,6.9,21.0,0.329,21.9,46.7,0.469,14.2,18.2,0.784,8.9,27.2,36.0,19.5,7.6,4.6,15.0,16.4,78.8,38.9,89.2,0.435,7.6,26.3,0.288,31.3,63.0,0.497,18.9,22.5,0.84,10.8,32.5,43.4,25.8,11.6,6.4,15.5,20.7,104.2,36.0,84.7,0.426,8.7,26.3,0.329,27.4,58.4,0.469,17.8,22.7,0.784,11.1,34.0,45.1,24.4,9.5,5.7,18.7,20.5,98.6,0.435,12.8,0.705,0.202,0.278,0.131,0.094,0.295,0.497,0.693,0.435,0.405,0.387,0.288,0.616,0.868,0.17,0.301,0.426,13.0,0.689,0.225,0.279,0.104,0.082,0.311,0.469,0.651,0.412,0.355,0.308,0.329,0.608,0.895,0.187,0.382,29.1,4.48,-0.56,3.92,104.2,98.6,5.6,79.4,0.252,0.295,0.525,0.478,13.5,24.2,0.211,0.477,16.5,74.6,0.21
SEA,2024,0.0,MIN,64,83,9.0,6.0,2.0,0.0,0.0,0.0,2.0,0.0,0.0,1.0,1.0,1.0,1.0,0.0,0.0,1.0,1.0,1.0,0.0,1.0,0.0,1.0,1.0,0.0,2.0,0.0,0.0,1.0,1.0,31.1,71.3,0.435,6.1,21.0,0.288,25.0,50.3,0.497,15.1,18.0,0.84,8.7,26.0,34.7,20.7,9.3,5.2,12.4,16.5,83.2,28.8,67.7,0.426,6.9,21.0,0.329,21.9,46.7,0.469,14.2,18.2,0.784,8.9,27.2,36.0,19.5,7.6,4.6,15.0,16.4,78.8,38.9,89.2,0.435,7.6,26.3,0.288,31.3,63.0,0.497,18.9,22.5,0.84,10.8,32.5,43.4,25.8,11.6,6.4,15.5,20.7,104.2,36.0,84.7,0.426,8.7,26.3,0.329,27.4,58.4,0.469,17.8,22.7,0.784,11.1,34.0,45.1,24.4,9.5,5.7,18.7,20.5,98.6,0.435,12.8,0.705,0.202,0.278,0.131,0.094,0.295,0.497,0.693,0.435,0.405,0.387,0.288,0.616,0.868,0.17,0.301,0.426,13.0,0.689,0.225,0.279,0.104,0.082,0.311,0.469,0.651,0.412,0.355,0.308,0.329,0.608,0.895,0.187,0.382,29.1,4.48,-0.56,3.92,104.2,98.6,5.6,79.4,0.252,0.295,0.525,0.478,13.5,24.2,0.211,0.477,16.5,74.6,0.21
SEA,2024,1.0,LAS,95,79,11.0,6.0,2.0,0.0,0.0,0.0,2.0,0.0,0.0,1.0,1.0,1.0,1.0,0.0,0.0,1.0,1.0,1.0,0.0,1.0,0.0,1.0,1.0,0.0,2.0,0.0,0.0,1.0,1.0,31.1,71.3,0.435,6.1,21.0,0.288,25.0,50.3,0.497,15.1,18.0,0.84,8.7,26.0,34.7,20.7,9.3,5.2,12.4,16.5,83.2,28.8,67.7,0.426,6.9,21.0,0.329,21.9,46.7,0.469,14.2,18.2,0.784,8.9,27.2,36.0,19.5,7.6,4.6,15.0,16.4,78.8,38.9,89.2,0.435,7.6,26.3,0.288,31.3,63.0,0.497,18.9,22.5,0.84,10.8,32.5,43.4,25.8,11.6,6.4,15.5,20.7,104.2,36.0,84.7,0.426,8.7,26.3,0.329,27.4,58.4,0.469,17.8,22.7,0.784,11.1,34.0,45.1,24.4,9.5,5.7,18.7,20.5,98.6,0.435,12.8,0.705,0.202,0.278,0.131,0.094,0.295,0.497,0.693,0.435,0.405,0.387,0.288,0.616,0.868,0.17,0.301,0.426,13.0,0.689,0.225,0.279,0.104,0.082,0.311,0.469,0.651,0.412,0.355,0.308,0.329,0.608,0.895,0.187,0.382,29.1,4.48,-0.56,3.92,104.2,98.6,5.6,79.4,0.252,0.295,0.525,0.478,13.5,24.2,0.211,0.477,16.5,74.6,0.21
SEA,2024,0.0,DAL,92,84,13.0,6.0,2.0,0.0,0.0,0.0,2.0,0.0,0.0,1.0,1.0,1.0,1.0,0.0,0.0,1.0,1.0,1.0,0.0,1.0,0.0,1.0,1.0,0.0,2.0,0.0,0.0,1.0,1.0,31.1,71.3,0.435,6.1,21.0,0.288,25.0,50.3,0.497,15.1,18.0,0.84,8.7,26.0,34.7,20.7,9.3,5.2,12.4,16.5,83.2,28.8,67.7,0.426,6.9,21.0,0.329,21.9,46.7,0.469,14.2,18.2,0.784,8.9,27.2,36.0,19.5,7.6,4.6,15.0,16.4,78.8,38.9,89.2,0.435,7.6,26.3,0.288,31.3,63.0,0.497,18.9,22.5,0.84,10.8,32.5,43.4,25.8,11.6,6.4,15.5,20.7,104.2,36.0,84.7,0.426,8.7,26.3,0.329,27.4,58.4,0.469,17.8,22.7,0.784,11.1,34.0,45.1,24.4,9.5,5.7,18.7,20.5,98.6,0.435,12.8,0.705,0.202,0.278,0.131,0.094,0.295,0.497,0.693,0.435,0.405,0.387,0.288,0.616,0.868,0.17,0.301,0.426,13.0,0.689,0.225,0.279,0.104,0.082,0.311,0.469,0.651,0.412,0.355,0.308,0.329,0.608,0.895,0.187,0.382,29.1,4.48,-0.56,3.92,104.2,98.6,5.6,79.4,0.252,0.295,0.525,0.478,13.5,24.2,0.211,0.477,16.5,74.6,0.21
SEA,2024,0.0,PHO,78,87,16.0,6.0,2.0,0.0,0.0,0.0,2.0,0.0,0.0,1.0,1.0,1.0,1.0,0.0,0.0,1.0,1.0,1.0,0.0,1.0,0.0,1.0,1.0,0.0,2.0,0.0,0.0,1.0,1.0,31.1,71.3,0.435,6.1,21.0,0.288,25.0,50.3,0.497,15.1,18.0,0.84,8.7,26.0,34.7,20.7,9.3,5.2,12.4,16.5,83.2,28.8,67.7,0.426,6.9,21.0,0.329,21.9,46.7,0.469,14.2,18.2,0.784,8.9,27.2,36.0,19.5,7.6,4.6,15.0,16.4,78.8,38.9,89.2,0.435,7.6,26.3,0.288,31.3,63.0,0.497,18.9,22.5,0.84,10.8,32.5,43.4,25.8,11.6,6.4,15.5,20.7,104.2,36.0,84.7,0.426,8.7,26.3,0.329,27.4,58.4,0.469,17.8,22.7,0.784,11.1,34.0,45.1,24.4,9.5,5.7,18.7,20.5,98.6,0.435,12.8,0.705,0.202,0.278,0.131,0.094,0.295,0.497,0.693,0.435,0.405,0.387,0.288,0.616,0.868,0.17,0.301,0.426,13.0,0.689,0.225,0.279,0.104,0.082,0.311,0.469,0.651,0.412,0.355,0.308,0.329,0.608,0.895,0.187,0.382,29.1,4.48,-0.56,3.92,104.2,98.6,5.6,79.4,0.252,0.295,0.525,0.478,13.5,24.2,0.211,0.477,16.5,74.6,0.21
SEA,2024,0.0,LVA,83,94,19.0,6.0,2.0,0.0,0.0,0.0,2.0,0.0,0.0,1.0,1.0,1.0,1.0,0.0,0.0,1.0,1.0,1.0,0.0,1.0,0.0,1.0,1.0,0.0,2.0,0.0,0.0,1.0,1.0,31.1,71.3,0.435,6.1,21.0,0.288,25.0,50.3,0.497,15.1,18.0,0.84,8.7,26.0,34.7,20.7,9.3,5.2,12.4,16.5,83.2,28.8,67.7,0.426,6.9,21.0,0.329,21.9,46.7,0.469,14.2,18.2,0.784,8.9,27.2,36.0,19.5,7.6,4.6,15.0,16.4,78.8,38.9,89.2,0.435,7.6,26.3,0.288,31.3,63.0,0.497,18.9,22.5,0.84,10.8,32.5,43.4,25.8,11.6,6.4,15.5,20.7,104.2,36.0,84.7,0.426,8.7,26.3,0.329,27.4,58.4,0.469,17.8,22.7,0.784,11.1,34.0,45.1,24.4,9.5,5.7,18.7,20.5,98.6,0.435,12.8,0.705,0.202,0.278,0.131,0.094,0.295,0.497,0.693,0.435,0.405,0.387,0.288,0.616,0.868,0.17,0.301,0.426,13.0,0.689,0.225,0.279,0.104,0.082,0.311,0.469,0.651,0.412,0.355,0.308,0.329,0.608,0.895,0.187,0.382,29.1,4.48,-0.56,3.92,104.2,98.6,5.6,79.4,0.252,0.295,0.525,0.478,13.5,24.2,0.211,0.477,16.5,74.6,0.21
SEA,2024,1.0,CON,72,61,23.0,6.0,2.0,0.0,0.0,0.0,2.0,0.0,0.0,1.0,1.0,1.0,1.0,0.0,0.0,1.0,1.0,1.0,0.0,1.0,0.0,1.0,1.0,0.0,2.0,0.0,0.0,1.0,1.0,31.1,71.3,0.435,6.1,21.0,0.288,25.0,50.3,0.497,15.1,18.0,0.84,8.7,26.0,34.7,20.7,9.3,5.2,12.4,16.5,83.2,28.8,67.7,0.426,6.9,21.0,0.329,21.9,46.7,0.469,14.2,18.2,0.784,8.9,27.2,36.0,19.5,7.6,4.6,15.0,16.4,78.8,38.9,89.2,0.435,7.6,26.3,0.288,31.3,63.0,0.497,18.9,22.5,0.84,10.8,32.5,43.4,25.8,11.6,6.4,15.5,20.7,104.2,36.0,84.7,0.426,8.7,26.3,0.329,27.4,58.4,0.469,17.8,22.7,0.784,11.1,34.0,45.1,24.4,9.5,5.7,18.7,20.5,98.6,0.435,12.8,0.705,0.202,0.278,0.131,0.094,0.295,0.497,0.693,0.435,0.405,0.387,0.288,0.616,0.868,0.17,0.301,0.426,13.0,0.689,0.225,0.279,0.104,0.082,0.311,0.469,0.651,0.412,0.355,0.308,0.329,0.608,0.895,0.187,0.382,29.1,4.48,-0.56,3.92,104.2,98.6,5.6,79.4,0.252,0.295,0.525,0.478,13.5,24.2,0.211,0.477,16.5,74.6,0.21
SEA,2024,1.0,IND,89,77,27.0,6.0,2.0,0.0,0.0,0.0,2.0,0.0,0.0,1.0,1.0,1.0,1.0,0.0,0.0,1.0,1.0,1.0,0.0,1.0,0.0,1.0,1.0,0.0,2.0,0.0,0.0,1.0,1.0,31.1,71.3,0.435,6.1,21.0,0.288,25.0,50.3,0.497,15.1,18.0,0.84,8.7,26.0,34.7,20.7,9.3,5.2,12.4,16.5,83.2,28.8,67.7,0.426,6.9,21.0,0.329,21.9,46.7,0.469,14.2,18.2,0.784,8.9,27.2,36.0,19.5,7.6,4.6,15.0,16.4,78.8,38.9,89.2,0.435,7.6,26.3,0.288,31.3,63.0,0.497,18.9,22.5,0.84,10.8,32.5,43.4,25.8,11.6,6.4,15.5,20.7,104.2,36.0,84.7,0.426,8.7,26.3,0.329,27.4,58.4,0.469,17.8,22.7,0.784,11.1,34.0,45.1,24.4,9.5,5.7,18.7,20.5,98.6,0.435,12.8,0.705,0.202,0.278,0.131,0.094,0.295,0.497,0.693,0.435,0.405,0.387,0.288,0.616,0.868,0.17,0.301,0.426,13.0,0.689,0.225,0.279,0.104,0.082,0.311,0.469,0.651,0.412,0.355,0.308,0.329,0.608,0.895,0.187,0.382,29.1,4.48,-0.56,3.92,104.2,98.6,5.6,79.4,0.252,0.295,0.525,0.478,13.5,24.2,0.211,0.477,16.5,74.6,0.21
SEA,2024,1.0,DAL,97,76,29.0,6.0,2.0,0.0,0.0,0.0,2.0,0.0,0.0,1.0,1.0,1.0,1.0,0.0,0.0,1.0,1.0,1.0,0.0,1.0,0.0,1.0,1.0,0.0,2.0,0.0,0.0,1.0,1.0,31.1,71.3,0.435,6.1,21.0,0.288,25.0,50.3,0.497,15.1,18.0,0.84,8.7,26.0,34.7,20.7,9.3,5.2,12.4,16.5,83.2,28.8,67.7,0.426,6.9,21.0,0.329,21.9,46.7,0.469,14.2,18.2,0.784,8.9,27.2,36.0,19.5,7.6,4.6,15.0,16.4,78.8,38.9,89.2,0.435,7.6,26.3,0.288,31.3,63.0,0.497,18.9,22.5,0.84,10.8,32.5,43.4,25.8,11.6,6.4,15.5,20.7,104.2,36.0,84.7,0.426,8.7,26.3,0.329,27.4,58.4,0.469,17.8,22.7,0.784,11.1,34.0,45.1,24.4,9.5,5.7,18.7,20.5,98.6,0.435,12.8,0.705,0.202,0.278,0.131,0.094,0.295,0.497,0.693,0.435,0.405,0.387,0.288,0.616,0.868,0.17,0.301,0.426,13.0,0.689,0.225,0.279,0.104,0.082,0.311,0.469,0.651,0.412,0.355,0.308,0.329,0.608,0.895,0.187,0.382,29.1,4.48,-0.56,3.92,104.2,98.6,5.6,79.4,0.252,0.295,0.525,0.478,13.5,24.2,0.211,0.477,16.5,74.6,0.21
SEA,2024,1.0,DAL,95,71,1.0,7.0,2.0,0.0,0.0,0.0,2.0,0.0,0.0,1.0,1.0,1.0,1.0,0.0,0.0,1.0,1.0,1.0,0.0,1.0,0.0,1.0,1.0,0.0,2.0,0.0,0.0,1.0,1.0,31.1,71.3,0.435,6.1,21.0,0.288,25.0,50.3,0.497,15.1,18.0,0.84,8.7,26.0,34.7,20.7,9.3,5.2,12.4,16.5,83.2,28.8,67.7,0.426,6.9,21.0,0.329,21.9,46.7,0.469,14.2,18.2,0.784,8.9,27.2,36.0,19.5,7.6,4.6,15.0,16.4,78.8,38.9,89.2,0.435,7.6,26.3,0.288,31.3,63.0,0.497,18.9,22.5,0.84,10.8,32.5,43.4,25.8,11.6,6.4,15.5,20.7,104.2,36.0,84.7,0.426,8.7,26.3,0.329,27.4,58.4,0.469,17.8,22.7,0.784,11.1,34.0,45.1,24.4,9.5,5.7,18.7,20.5,98.6,0.435,12.8,0.705,0.202,0.278,0.131,0.094,0.295,0.497,0.693,0.435,0.405,0.387,0.288,0.616,0.868,0.17,0.301,0.426,13.0,0.689,0.225,0.279,0.104,0.082,0.311,0.469,0.651,0.412,0.355,0.308,0.329,0.608,0.895,0.187,0.382,29.1,4.48,-0.56,3.92,104.2,98.6,5.6,79.4,0.252,0.295,0.525,0.478,13.5,24.2,0.211,0.477,16.5,74.6,0.21
SEA,2024,1.0,CHI,84,88,5.0,7.0,2.0,0.0,0.0,0.0,2.0,0.0,0.0,1.0,1.0,1.0,1.0,0.0,0.0,1.0,1.0,1.0,0.0,1.0,0.0,1.0,1.0,0.0,2.0,0.0,0.0,1.0,1.0,31.1,71.3,0.435,6.1,21.0,0.288,25.0,50.3,0.497,15.1,18.0,0.84,8.7,26.0,34.7,20.7,9.3,5.2,12.4,16.5,83.2,28.8,67.7,0.426,6.9,21.0,0.329,21.9,46.7,0.469,14.2,18.2,0.784,8.9,27.2,36.0,19.5,7.6,4.6,15.0,16.4,78.8,38.9,89.2,0.435,7.6,26.3,0.288,31.3,63.0,0.497,18.9,22.5,0.84,10.8,32.5,43.4,25.8,11.6,6.4,15.5,20.7,104.2,36.0,84.7,0.426,8.7,26.3,0.329,27.4,58.4,0.469,17.8,22.7,0.784,11.1,34.0,45.1,24.4,9.5,5.7,18.7,20.5,98.6,0.435,12.8,0.705,0.202,0.278,0.131,0.094,0.295,0.497,0.693,0.435,0.405,0.387,0.288,0.616,0.868,0.17,0.301,0.426,13.0,0.689,0.225,0.279,0.104,0.082,0.311,0.469,0.651,0.412,0.355,0.308,0.329,0.608,0.895,0.187,0.382,29.1,4.48,-0.56,3.92,104.2,98.6,5.6,79.4,0.252,0.295,0.525,0.478,13.5,24.2,0.211,0.477,16.5,74.6,0.21
SEA,2024,1.0,CHI,84,71,7.0,7.0,2.0,0.0,0.0,0.0,2.0,0.0,0.0,1.0,1.0,1.0,1.0,0.0,0.0,1.0,1.0,1.0,0.0,1.0,0.0,1.0,1.0,0.0,2.0,0.0,0.0,1.0,1.0,31.1,71.3,0.435,6.1,21.0,0.288,25.0,50.3,0.497,15.1,18.0,0.84,8.7,26.0,34.7,20.7,9.3,5.2,12.4,16.5,83.2,28.8,67.7,0.426,6.9,21.0,0.329,21.9,46.7,0.469,14.2,18.2,0.784,8.9,27.2,36.0,19.5,7.6,4.6,15.0,16.4,78.8,38.9,89.2,0.435,7.6,26.3,0.288,31.3,63.0,0.497,18.9,22.5,0.84,10.8,32.5,43.4,25.8,11.6,6.4,15.5,20.7,104.2,36.0,84.7,0.426,8.7,26.3,0.329,27.4,58.4,0.469,17.8,22.7,0.784,11.1,34.0,45.1,24.4,9.5,5.7,18.7,20.5,98.6,0.435,12.8,0.705,0.202,0.278,0.131,0.094,0.295,0.497,0.693,0.435,0.405,0.387,0.288,0.616,0.868,0.17,0.301,0.426,13.0,0.689,0.225,0.279,0.104,0.082,0.311,0.469,0.651,0.412,0.355,0.308,0.329,0.608,0.895,0.187,0.382,29.1,4.48,-0.56,3.92,104.2,98.6,5.6,79.4,0.252,0.295,0.525,0.478,13.5,24.2,0.211,0.477,16.5,74.6,0.21
SEA,2024,1.0,LVA,79,84,10.0,7.0,2.0,0.0,0.0,0.0,2.0,0.0,0.0,1.0,1.0,1.0,1.0,0.0,0.0,1.0,1.0,1.0,0.0,1.0,0.0,1.0,1.0,0.0,2.0,0.0,0.0,1.0,1.0,31.1,71.3,0.435,6.1,21.0,0.288,25.0,50.3,0.497,15.1,18.0,0.84,8.7,26.0,34.7,20.7,9.3,5.2,12.4,16.5,83.2,28.8,67.7,0.426,6.9,21.0,0.329,21.9,46.7,0.469,14.2,18.2,0.784,8.9,27.2,36.0,19.5,7.6,4.6,15.0,16.4,78.8,38.9,89.2,0.435,7.6,26.3,0.288,31.3,63.0,0.497,18.9,22.5,0.84,10.8,32.5,43.4,25.8,11.6,6.4,15.5,20.7,104.2,36.0,84.7,0.426,8.7,26.3,0.329,27.4,58.4,0.469,17.8,22.7,0.784,11.1,34.0,45.1,24.4,9.5,5.7,18.7,20.5,98.6,0.435,12.8,0.705,0.202,0.278,0.131,0.094,0.295,0.497,0.693,0.435,0.405,0.387,0.288,0.616,0.868,0.17,0.301,0.426,13.0,0.689,0.225,0.279,0.104,0.082,0.311,0.469,0.651,0.412,0.355,0.308,0.329,0.608,0.895,0.187,0.382,29.1,4.48,-0.56,3.92,104.2,98.6,5.6,79.4,0.252,0.295,0.525,0.478,13.5,24.2,0.211,0.477,16.5,74.6,0.21
SEA,2024,1.0,MIN,91,63,12.0,7.0,2.0,0.0,0.0,0.0,2.0,0.0,0.0,1.0,1.0,1.0,1.0,0.0,0.0,1.0,1.0,1.0,0.0,1.0,0.0,1.0,1.0,0.0,2.0,0.0,0.0,1.0,1.0,31.1,71.3,0.435,6.1,21.0,0.288,25.0,50.3,0.497,15.1,18.0,0.84,8.7,26.0,34.7,20.7,9.3,5.2,12.4,16.5,83.2,28.8,67.7,0.426,6.9,21.0,0.329,21.9,46.7,0.469,14.2,18.2,0.784,8.9,27.2,36.0,19.5,7.6,4.6,15.0,16.4,78.8,38.9,89.2,0.435,7.6,26.3,0.288,31.3,63.0,0.497,18.9,22.5,0.84,10.8,32.5,43.4,25.8,11.6,6.4,15.5,20.7,104.2,36.0,84.7,0.426,8.7,26.3,0.329,27.4,58.4,0.469,17.8,22.7,0.784,11.1,34.0,45.1,24.4,9.5,5.7,18.7,20.5,98.6,0.435,12.8,0.705,0.202,0.278,0.131,0.094,0.295,0.497,0.693,0.435,0.405,0.387,0.288,0.616,0.868,0.17,0.301,0.426,13.0,0.689,0.225,0.279,0.104,0.082,0.311,0.469,0.651,0.412,0.355,0.308,0.329,0.608,0.895,0.187,0.382,29.1,4.48,-0.56,3.92,104.2,98.6,5.6,79.4,0.252,0.295,0.525,0.478,13.5,24.2,0.211,0.477,16.5,74.6,0.21
SEA,2024,1.0,ATL,81,70,14.0,7.0,2.0,0.0,0.0,0.0,2.0,0.0,0.0,1.0,1.0,1.0,1.0,0.0,0.0,1.0,1.0,1.0,0.0,1.0,0.0,1.0,1.0,0.0,2.0,0.0,0.0,1.0,1.0,31.1,71.3,0.435,6.1,21.0,0.288,25.0,50.3,0.497,15.1,18.0,0.84,8.7,26.0,34.7,20.7,9.3,5.2,12.4,16.5,83.2,28.8,67.7,0.426,6.9,21.0,0.329,21.9,46.7,0.469,14.2,18.2,0.784,8.9,27.2,36.0,19.5,7.6,4.6,15.0,16.4,78.8,38.9,89.2,0.435,7.6,26.3,0.288,31.3,63.0,0.497,18.9,22.5,0.84,10.8,32.5,43.4,25.8,11.6,6.4,15.5,20.7,104.2,36.0,84.7,0.426,8.7,26.3,0.329,27.4,58.4,0.469,17.8,22.7,0.784,11.1,34.0,45.1,24.4,9.5,5.7,18.7,20.5,98.6,0.435,12.8,0.705,0.202,0.278,0.131,0.094,0.295,0.497,0.693,0.435,0.405,0.387,0.288,0.616,0.868,0.17,0.301,0.426,13.0,0.689,0.225,0.279,0.104,0.082,0.311,0.469,0.651,0.412,0.355,0.308,0.329,0.608,0.895,0.187,0.382,29.1,4.48,-0.56,3.92,104.2,98.6,5.6,79.4,0.252,0.295,0.525,0.478,13.5,24.2,0.211,0.477,16.5,74.6,0.21
SEA,2024,0.0,LAS,89,83,16.0,7.0,2.0,0.0,0.0,0.0,2.0,0.0,0.0,1.0,1.0,1.0,1.0,0.0,0.0,1.0,1.0,1.0,0.0,1.0,0.0,1.0,1.0,0.0,2.0,0.0,0.0,1.0,1.0,31.1,71.3,0.435,6.1,21.0,0.288,25.0,50.3,0.497,15.1,18.0,0.84,8.7,26.0,34.7,20.7,9.3,5.2,12.4,16.5,83.2,28.8,67.7,0.426,6.9,21.0,0.329,21.9,46.7,0.469,14.2,18.2,0.784,8.9,27.2,36.0,19.5,7.6,4.6,15.0,16.4,78.8,38.9,89.2,0.435,7.6,26.3,0.288,31.3,63.0,0.497,18.9,22.5,0.84,10.8,32.5,43.4,25.8,11.6,6.4,15.5,20.7,104.2,36.0,84.7,0.426,8.7,26.3,0.329,27.4,58.4,0.469,17.8,22.7,0.784,11.1,34.0,45.1,24.4,9.5,5.7,18.7,20.5,98.6,0.435,12.8,0.705,0.202,0.278,0.131,0.094,0.295,0.497,0.693,0.435,0.405,0.387,0.288,0.616,0.868,0.17,0.301,0.426,13.0,0.689,0.225,0.279,0.104,0.082,0.311,0.469,0.651,0.412,0.355,0.308,0.329,0.608,0.895,0.187,0.382,29.1,4.48,-0.56,3.92,104.2,98.6,5.6,79.4,0.252,0.295,0.525,0.478,13.5,24.2,0.211,0.477,16.5,74.6,0.21
SEA,2024,0.0,ATL,81,83,16.0,8.0,2.0,0.0,0.0,0.0,2.0,0.0,0.0,1.0,1.0,1.0,1.0,0.0,0.0,1.0,1.0,1.0,0.0,1.0,0.0,1.0,1.0,0.0,2.0,0.0,0.0,1.0,1.0,31.1,71.3,0.435,6.1,21.0,0.288,25.0,50.3,0.497,15.1,18.0,0.84,8.7,26.0,34.7,20.7,9.3,5.2,12.4,16.5,83.2,28.8,67.7,0.426,6.9,21.0,0.329,21.9,46.7,0.469,14.2,18.2,0.784,8.9,27.2,36.0,19.5,7.6,4.6,15.0,16.4,78.8,38.9,89.2,0.435,7.6,26.3,0.288,31.3,63.0,0.497,18.9,22.5,0.84,10.8,32.5,43.4,25.8,11.6,6.4,15.5,20.7,104.2,36.0,84.7,0.426,8.7,26.3,0.329,27.4,58.4,0.469,17.8,22.7,0.784,11.1,34.0,45.1,24.4,9.5,5.7,18.7,20.5,98.6,0.435,12.8,0.705,0.202,0.278,0.131,0.094,0.295,0.497,0.693,0.435,0.405,0.387,0.288,0.616,0.868,0.17,0.301,0.426,13.0,0.689,0.225,0.279,0.104,0.082,0.311,0.469,0.651,0.412,0.355,0.308,0.329,0.608,0.895,0.187,0.382,29.1,4.48,-0.56,3.92,104.2,98.6,5.6,79.4,0.252,0.295,0.525,0.478,13.5,24.2,0.211,0.477,16.5,74.6,0.21
SEA,2024,0.0,IND,75,92,18.0,8.0,2.0,0.0,0.0,0.0,2.0,0.0,0.0,1.0,1.0,1.0,1.0,0.0,0.0,1.0,1.0,1.0,0.0,1.0,0.0,1.0,1.0,0.0,2.0,0.0,0.0,1.0,1.0,31.1,71.3,0.435,6.1,21.0,0.288,25.0,50.3,0.497,15.1,18.0,0.84,8.7,26.0,34.7,20.7,9.3,5.2,12.4,16.5,83.2,28.8,67.7,0.426,6.9,21.0,0.329,21.9,46.7,0.469,14.2,18.2,0.784,8.9,27.2,36.0,19.5,7.6,4.6,15.0,16.4,78.8,38.9,89.2,0.435,7.6,26.3,0.288,31.3,63.0,0.497,18.9,22.5,0.84,10.8,32.5,43.4,25.8,11.6,6.4,15.5,20.7,104.2,36.0,84.7,0.426,8.7,26.3,0.329,27.4,58.4,0.469,17.8,22.7,0.784,11.1,34.0,45.1,24.4,9.5,5.7,18.7,20.5,98.6,0.435,12.8,0.705,0.202,0.278,0.131,0.094,0.295,0.497,0.693,0.435,0.405,0.387,0.288,0.616,0.868,0.17,0.301,0.426,13.0,0.689,0.225,0.279,0.104,0.082,0.311,0.469,0.651,0.412,0.355,0.308,0.329,0.608,0.895,0.187,0.382,29.1,4.48,-0.56,3.92,104.2,98.6,5.6,79.4,0.252,0.295,0.525,0.478,13.5,24.2,0.211,0.477,16.5,74.6,0.21
SEA,2024,0.0,WAS,83,77,20.0,8.0,2.0,0.0,0.0,0.0,2.0,0.0,0.0,1.0,1.0,1.0,1.0,0.0,0.0,1.0,1.0,1.0,0.0,1.0,0.0,1.0,1.0,0.0,2.0,0.0,0.0,1.0,1.0,31.1,71.3,0.435,6.1,21.0,0.288,25.0,50.3,0.497,15.1,18.0,0.84,8.7,26.0,34.7,20.7,9.3,5.2,12.4,16.5,83.2,28.8,67.7,0.426,6.9,21.0,0.329,21.9,46.7,0.469,14.2,18.2,0.784,8.9,27.2,36.0,19.5,7.6,4.6,15.0,16.4,78.8,38.9,89.2,0.435,7.6,26.3,0.288,31.3,63.0,0.497,18.9,22.5,0.84,10.8,32.5,43.4,25.8,11.6,6.4,15.5,20.7,104.2,36.0,84.7,0.426,8.7,26.3,0.329,27.4,58.4,0.469,17.8,22.7,0.784,11.1,34.0,45.1,24.4,9.5,5.7,18.7,20.5,98.6,0.435,12.8,0.705,0.202,0.278,0.131,0.094,0.295,0.497,0.693,0.435,0.405,0.387,0.288,0.616,0.868,0.17,0.301,0.426,13.0,0.689,0.225,0.279,0.104,0.082,0.311,0.469,0.651,0.412,0.355,0.308,0.329,0.608,0.895,0.187,0.382,29.1,4.48,-0.56,3.92,104.2,98.6,5.6,79.4,0.252,0.295,0.525,0.478,13.5,24.2,0.211,0.477,16.5,74.6,0.21
SEA,2024,1.0,WAS,72,74,26.0,8.0,2.0,0.0,0.0,1.0,2.0,0.0,0.0,1.0,1.0,1.0,1.0,0.0,0.0,1.0,1.0,1.0,0.0,1.0,0.0,1.0,1.0,0.0,3.0,0.0,0.0,1.0,1.0,31.1,71.3,0.435,6.1,21.0,0.288,25.0,50.3,0.497,15.1,18.0,0.84,8.7,26.0,34.7,20.7,9.3,5.2,12.4,16.5,83.2,28.8,67.7,0.426,6.9,21.0,0.329,21.9,46.7,0.469,14.2,18.2,0.784,8.9,27.2,36.0,19.5,7.6,4.6,15.0,16.4,78.8,38.9,89.2,0.435,7.6,26.3,0.288,31.3,63.0,0.497,18.9,22.5,0.84,10.8,32.5,43.4,25.8,11.6,6.4,15.5,20.7,104.2,36.0,84.7,0.426,8.7,26.3,0.329,27.4,58.4,0.469,17.8,22.7,0.784,11.1,34.0,45.1,24.4,9.5,5.7,18.7,20.5,98.6,0.435,12.8,0.705,0.202,0.278,0.131,0.094,0.295,0.497,0.693,0.435,0.405,0.387,0.288,0.616,0.868,0.17,0.301,0.426,13.0,0.689,0.225,0.279,0.104,0.082,0.311,0.469,0.651,0.412,0.355,0.308,0.329,0.608,0.895,0.187,0.382,29.1,4.48,-0.56,3.92,104.2,98.6,5.6,79.4,0.252,0.295,0.525,0.478,13.5,24.2,0.211,0.477,16.5,74.6,0.21
SEA,2024,1.0,ATL,85,81,28.0,8.0,2.0,0.0,0.0,1.0,2.0,0.0,0.0,1.0,1.0,1.0,1.0,0.0,0.0,1.0,1.0,1.0,0.0,1.0,0.0,1.0,1.0,0.0,3.0,0.0,0.0,1.0,1.0,31.1,71.3,0.435,6.1,21.0,0.288,25.0,50.3,0.497,15.1,18.0,0.84,8.7,26.0,34.7,20.7,9.3,5.2,12.4,16.5,83.2,28.8,67.7,0.426,6.9,21.0,0.329,21.9,46.7,0.469,14.2,18.2,0.784,8.9,27.2,36.0,19.5,7.6,4.6,15.0,16.4,78.8,38.9,89.2,0.435,7.6,26.3,0.288,31.3,63.0,0.497,18.9,22.5,0.84,10.8,32.5,43.4,25.8,11.6,6.4,15.5,20.7,104.2,36.0,84.7,0.426,8.7,26.3,0.329,27.4,58.4,0.469,17.8,22.7,0.784,11.1,34.0,45.1,24.4,9.5,5.7,18.7,20.5,98.6,0.435,12.8,0.705,0.202,0.278,0.131,0.094,0.295,0.497,0.693,0.435,0.405,0.387,0.288,0.616,0.868,0.17,0.301,0.426,13.0,0.689,0.225,0.279,0.104,0.082,0.311,0.469,0.651,0.412,0.355,0.308,0.329,0.608,0.895,0.187,0.382,29.1,4.48,-0.56,3.92,104.2,98.6,5.6,79.4,0.252,0.295,0.525,0.478,13.5,24.2,0.211,0.477,16.5,74.6,0.21
SEA,2024,1.0,NYL,85,98,30.0,8.0,2.0,0.0,0.0,1.0,2.0,0.0,0.0,1.0,1.0,1.0,1.0,0.0,0.0,1.0,1.0,1.0,0.0,1.0,0.0,1.0,1.0,0.0,3.0,0.0,0.0,1.0,1.0,31.1,71.3,0.435,6.1,21.0,0.288,25.0,50.3,0.497,15.1,18.0,0.84,8.7,26.0,34.7,20.7,9.3,5.2,12.4,16.5,83.2,28.8,67.7,0.426,6.9,21.0,0.329,21.9,46.7,0.469,14.2,18.2,0.784,8.9,27.2,36.0,19.5,7.6,4.6,15.0,16.4,78.8,38.9,89.2,0.435,7.6,26.3,0.288,31.3,63.0,0.497,18.9,22.5,0.84,10.8,32.5,43.4,25.8,11.6,6.4,15.5,20.7,104.2,36.0,84.7,0.426,8.7,26.3,0.329,27.4,58.4,0.469,17.8,22.7,0.784,11.1,34.0,45.1,24.4,9.5,5.7,18.7,20.5,98.6,0.435,12.8,0.705,0.202,0.278,0.131,0.094,0.295,0.497,0.693,0.435,0.405,0.387,0.288,0.616,0.868,0.17,0.301,0.426,13.0,0.689,0.225,0.279,0.104,0.082,0.311,0.469,0.651,0.412,0.355,0.308,0.329,0.608,0.895,0.187,0.382,29.1,4.48,-0.56,3.92,104.2,98.6,5.6,79.4,0.252,0.295,0.525,0.478,13.5,24.2,0.211,0.477,16.5,74.6,0.21
SEA,2024,0.0,CON,86,93,1.0,9.0,2.0,0.0,0.0,1.0,2.0,0.0,0.0,1.0,1.0,1.0,1.0,0.0,0.0,1.0,1.0,1.0,0.0,1.0,0.0,1.0,1.0,0.0,3.0,0.0,0.0,1.0,1.0,31.1,71.3,0.435,6.1,21.0,0.288,25.0,50.3,0.497,15.1,18.0,0.84,8.7,26.0,34.7,20.7,9.3,5.2,12.4,16.5,83.2,28.8,67.7,0.426,6.9,21.0,0.329,21.9,46.7,0.469,14.2,18.2,0.784,8.9,27.2,36.0,19.5,7.6,4.6,15.0,16.4,78.8,38.9,89.2,0.435,7.6,26.3,0.288,31.3,63.0,0.497,18.9,22.5,0.84,10.8,32.5,43.4,25.8,11.6,6.4,15.5,20.7,104.2,36.0,84.7,0.426,8.7,26.3,0.329,27.4,58.4,0.469,17.8,22.7,0.784,11.1,34.0,45.1,24.4,9.5,5.7,18.7,20.5,98.6,0.435,12.8,0.705,0.202,0.278,0.131,0.094,0.295,0.497,0.693,0.435,0.405,0.387,0.288,0.616,0.868,0.17,0.301,0.426,13.0,0.689,0.225,0.279,0.104,0.082,0.311,0.469,0.651,0.412,0.355,0.308,0.329,0.608,0.895,0.187,0.382,29.1,4.48,-0.56,3.92,104.2,98.6,5.6,79.4,0.252,0.295,0.525,0.478,13.5,24.2,0.211,0.477,16.5,74.6,0.21
SEA,2024,0.0,CON,71,64,3.0,9.0,2.0,0.0,0.0,1.0,2.0,0.0,0.0,1.0,1.0,1.0,1.0,0.0,0.0,1.0,1.0,1.0,0.0,1.0,0.0,1.0,1.0,0.0,3.0,0.0,0.0,1.0,1.0,31.1,71.3,0.435,6.1,21.0,0.288,25.0,50.3,0.497,15.1,18.0,0.84,8.7,26.0,34.7,20.7,9.3,5.2,12.4,16.5,83.2,28.8,67.7,0.426,6.9,21.0,0.329,21.9,46.7,0.469,14.2,18.2,0.784,8.9,27.2,36.0,19.5,7.6,4.6,15.0,16.4,78.8,38.9,89.2,0.435,7.6,26.3,0.288,31.3,63.0,0.497,18.9,22.5,0.84,10.8,32.5,43.4,25.8,11.6,6.4,15.5,20.7,104.2,36.0,84.7,0.426,8.7,26.3,0.329,27.4,58.4,0.469,17.8,22.7,0.784,11.1,34.0,45.1,24.4,9.5,5.7,18.7,20.5,98.6,0.435,12.8,0.705,0.202,0.278,0.131,0.094,0.295,0.497,0.693,0.435,0.405,0.387,0.288,0.616,0.868,0.17,0.301,0.426,13.0,0.689,0.225,0.279,0.104,0.082,0.311,0.469,0.651,0.412,0.355,0.308,0.329,0.608,0.895,0.187,0.382,29.1,4.48,-0.56,3.92,104.2,98.6,5.6,79.4,0.252,0.295,0.525,0.478,13.5,24.2,0.211,0.477,16.5,74.6,0.21
SEA,2024,0.0,NYL,70,77,5.0,9.0,2.0,0.0,0.0,1.0,2.0,0.0,0.0,1.0,1.0,1.0,1.0,0.0,0.0,1.0,1.0,1.0,0.0,1.0,0.0,1.0,1.0,0.0,3.0,0.0,0.0,1.0,1.0,31.1,71.3,0.435,6.1,21.0,0.288,25.0,50.3,0.497,15.1,18.0,0.84,8.7,26.0,34.7,20.7,9.3,5.2,12.4,16.5,83.2,28.8,67.7,0.426,6.9,21.0,0.329,21.9,46.7,0.469,14.2,18.2,0.784,8.9,27.2,36.0,19.5,7.6,4.6,15.0,16.4,78.8,38.9,89.2,0.435,7.6,26.3,0.288,31.3,63.0,0.497,18.9,22.5,0.84,10.8,32.5,43.4,25.8,11.6,6.4,15.5,20.7,104.2,36.0,84.7,0.426,8.7,26.3,0.329,27.4,58.4,0.469,17.8,22.7,0.784,11.1,34.0,45.1,24.4,9.5,5.7,18.7,20.5,98.6,0.435,12.8,0.705,0.202,0.278,0.131,0.094,0.295,0.497,0.693,0.435,0.405,0.387,0.288,0.616,0.868,0.17,0.301,0.426,13.0,0.689,0.225,0.279,0.104,0.082,0.311,0.469,0.651,0.412,0.355,0.308,0.329,0.608,0.895,0.187,0.382,29.1,4.48,-0.56,3.92,104.2,98.6,5.6,79.4,0.252,0.295,0.525,0.478,13.5,24.2,0.211,0.477,16.5,74.6,0.21
SEA,2024,1.0,PHO,90,66,7.0,9.0,2.0,0.0,0.0,1.0,2.0,0.0,0.0,1.0,1.0,1.0,1.0,0.0,0.0,1.0,1.0,1.0,0.0,1.0,0.0,1.0,1.0,0.0,3.0,0.0,0.0,1.0,1.0,31.1,71.3,0.435,6.1,21.0,0.288,25.0,50.3,0.497,15.1,18.0,0.84,8.7,26.0,34.7,20.7,9.3,5.2,12.4,16.5,83.2,28.8,67.7,0.426,6.9,21.0,0.329,21.9,46.7,0.469,14.2,18.2,0.784,8.9,27.2,36.0,19.5,7.6,4.6,15.0,16.4,78.8,38.9,89.2,0.435,7.6,26.3,0.288,31.3,63.0,0.497,18.9,22.5,0.84,10.8,32.5,43.4,25.8,11.6,6.4,15.5,20.7,104.2,36.0,84.7,0.426,8.7,26.3,0.329,27.4,58.4,0.469,17.8,22.7,0.784,11.1,34.0,45.1,24.4,9.5,5.7,18.7,20.5,98.6,0.435,12.8,0.705,0.202,0.278,0.131,0.094,0.295,0.497,0.693,0.435,0.405,0.387,0.288,0.616,0.868,0.17,0.301,0.426,13.0,0.689,0.225,0.279,0.104,0.082,0.311,0.469,0.651,0.412,0.355,0.308,0.329,0.608,0.895,0.187,0.382,29.1,4.48,-0.56,3.92,104.2,98.6,5.6,79.4,0.252,0.295,0.525,0.478,13.5,24.2,0.211,0.477,16.5,74.6,0.21
SEA,2024,0.0,LAS,90,82,11.0,9.0,2.0,0.0,0.0,1.0,2.0,0.0,0.0,1.0,1.0,1.0,1.0,0.0,0.0,1.0,1.0,1.0,0.0,1.0,0.0,1.0,1.0,0.0,3.0,0.0,0.0,1.0,1.0,31.1,71.3,0.435,6.1,21.0,0.288,25.0,50.3,0.497,15.1,18.0,0.84,8.7,26.0,34.7,20.7,9.3,5.2,12.4,16.5,83.2,28.8,67.7,0.426,6.9,21.0,0.329,21.9,46.7,0.469,14.2,18.2,0.784,8.9,27.2,36.0,19.5,7.6,4.6,15.0,16.4,78.8,38.9,89.2,0.435,7.6,26.3,0.288,31.3,63.0,0.497,18.9,22.5,0.84,10.8,32.5,43.4,25.8,11.6,6.4,15.5,20.7,104.2,36.0,84.7,0.426,8.7,26.3,0.329,27.4,58.4,0.469,17.8,22.7,0.784,11.1,34.0,45.1,24.4,9.5,5.7,18.7,20.5,98.6,0.435,12.8,0.705,0.202,0.278,0.131,0.094,0.295,0.497,0.693,0.435,0.405,0.387,0.288,0.616,0.868,0.17,0.301,0.426,13.0,0.689,0.225,0.279,0.104,0.082,0.311,0.469,0.651,0.412,0.355,0.308,0.329,0.608,0.895,0.187,0.382,29.1,4.48,-0.56,3.92,104.2,98.6,5.6,79.4,0.252,0.295,0.525,0.478,13.5,24.2,0.211,0.477,16.5,74.6,0.21
SEA,2024,0.0,DAL,83,81,13.0,9.0,2.0,0.0,0.0,1.0,2.0,0.0,0.0,1.0,1.0,1.0,1.0,0.0,0.0,1.0,1.0,1.0,0.0,1.0,0.0,1.0,1.0,0.0,3.0,0.0,0.0,1.0,1.0,31.1,71.3,0.435,6.1,21.0,0.288,25.0,50.3,0.497,15.1,18.0,0.84,8.7,26.0,34.7,20.7,9.3,5.2,12.4,16.5,83.2,28.8,67.7,0.426,6.9,21.0,0.329,21.9,46.7,0.469,14.2,18.2,0.784,8.9,27.2,36.0,19.5,7.6,4.6,15.0,16.4,78.8,38.9,89.2,0.435,7.6,26.3,0.288,31.3,63.0,0.497,18.9,22.5,0.84,10.8,32.5,43.4,25.8,11.6,6.4,15.5,20.7,104.2,36.0,84.7,0.426,8.7,26.3,0.329,27.4,58.4,0.469,17.8,22.7,0.784,11.1,34.0,45.1,24.4,9.5,5.7,18.7,20.5,98.6,0.435,12.8,0.705,0.202,0.278,0.131,0.094,0.295,0.497,0.693,0.435,0.405,0.387,0.288,0.616,0.868,0.17,0.301,0.426,13.0,0.689,0.225,0.279,0.104,0.082,0.311,0.469,0.651,0.412,0.355,0.308,0.329,0.608,0.895,0.187,0.382,29.1,4.48,-0.56,3.92,104.2,98.6,5.6,79.4,0.252,0.295,0.525,0.478,13.5,24.2,0.211,0.477,16.5,74.6,0.21
SEA,2024,1.0,LAS,90,87,15.0,9.0,1.0,0.0,0.0,1.0,1.0,0.0,0.0,0.0,1.0,1.0,0.0,0.0,0.0,0.0,0.0,1.0,0.0,1.0,0.0,0.0,0.0,0.0,3.0,0.0,0.0,1.0,0.0,31.1,71.3,0.435,6.1,21.0,0.288,25.0,50.3,0.497,15.1,18.0,0.84,8.7,26.0,34.7,20.7,9.3,5.2,12.4,16.5,83.2,28.8,67.7,0.426,6.9,21.0,0.329,21.9,46.7,0.469,14.2,18.2,0.784,8.9,27.2,36.0,19.5,7.6,4.6,15.0,16.4,78.8,38.9,89.2,0.435,7.6,26.3,0.288,31.3,63.0,0.497,18.9,22.5,0.84,10.8,32.5,43.4,25.8,11.6,6.4,15.5,20.7,104.2,36.0,84.7,0.426,8.7,26.3,0.329,27.4,58.4,0.469,17.8,22.7,0.784,11.1,34.0,45.1,24.4,9.5,5.7,18.7,20.5,98.6,0.435,12.8,0.705,0.202,0.278,0.131,0.094,0.295,0.497,0.693,0.435,0.405,0.387,0.288,0.616,0.868,0.17,0.301,0.426,13.0,0.689,0.225,0.279,0.104,0.082,0.311,0.469,0.651,0.412,0.355,0.308,0.329,0.608,0.895,0.187,0.382,29.1,4.48,-0.56,3.92,104.2,98.6,5.6,79.4,0.252,0.295,0.525,0.478,13.5,24.2,0.211,0.477,16.5,74.6,0.21
SEA,2024,1.0,LVA,72,85,17.0,9.0,1.0,0.0,0.0,1.0,1.0,0.0,0.0,0.0,1.0,1.0,0.0,0.0,0.0,0.0,0.0,1.0,0.0,1.0,0.0,0.0,0.0,0.0,3.0,0.0,0.0,1.0,0.0,31.1,71.3,0.435,6.1,21.0,0.288,25.0,50.3,0.497,15.1,18.0,0.84,8.7,26.0,34.7,20.7,9.3,5.2,12.4,16.5,83.2,28.8,67.7,0.426,6.9,21.0,0.329,21.9,46.7,0.469,14.2,18.2,0.784,8.9,27.2,36.0,19.5,7.6,4.6,15.0,16.4,78.8,38.9,89.2,0.435,7.6,26.3,0.288,31.3,63.0,0.497,18.9,22.5,0.84,10.8,32.5,43.4,25.8,11.6,6.4,15.5,20.7,104.2,36.0,84.7,0.426,8.7,26.3,0.329,27.4,58.4,0.469,17.8,22.7,0.784,11.1,34.0,45.1,24.4,9.5,5.7,18.7,20.5,98.6,0.435,12.8,0.705,0.202,0.278,0.131,0.094,0.295,0.497,0.693,0.435,0.405,0.387,0.288,0.616,0.868,0.17,0.301,0.426,13.0,0.689,0.225,0.279,0.104,0.082,0.311,0.469,0.651,0.412,0.355,0.308,0.329,0.608,0.895,0.187,0.382,29.1,4.48,-0.56,3.92,104.2,98.6,5.6,79.4,0.252,0.295,0.525,0.478,13.5,24.2,0.211,0.477,16.5,74.6,0.21
SEA,2024,0.0,PHO,89,70,19.0,9.0,1.0,0.0,0.0,1.0,1.0,0.0,0.0,0.0,1.0,1.0,0.0,0.0,0.0,0.0,0.0,1.0,0.0,1.0,0.0,0.0,0.0,0.0,3.0,0.0,0.0,1.0,0.0,31.1,71.3,0.435,6.1,21.0,0.288,25.0,50.3,0.497,15.1,18.0,0.84,8.7,26.0,34.7,20.7,9.3,5.2,12.4,16.5,83.2,28.8,67.7,0.426,6.9,21.0,0.329,21.9,46.7,0.469,14.2,18.2,0.784,8.9,27.2,36.0,19.5,7.6,4.6,15.0,16.4,78.8,38.9,89.2,0.435,7.6,26.3,0.288,31.3,63.0,0.497,18.9,22.5,0.84,10.8,32.5,43.4,25.8,11.6,6.4,15.5,20.7,104.2,36.0,84.7,0.426,8.7,26.3,0.329,27.4,58.4,0.469,17.8,22.7,0.784,11.1,34.0,45.1,24.4,9.5,5.7,18.7,20.5,98.6,0.435,12.8,0.705,0.202,0.278,0.131,0.094,0.295,0.497,0.693,0.435,0.405,0.387,0.288,0.616,0.868,0.17,0.301,0.426,13.0,0.689,0.225,0.279,0.104,0.082,0.311,0.469,0.651,0.412,0.355,0.308,0.329,0.608,0.895,0.187,0.382,29.1,4.48,-0.56,3.92,104.2,98.6,5.6,79.4,0.252,0.295,0.525,0.478,13.5,24.2,0.211,0.477,16.5,74.6,0.21
WAS,2024,1.0,NYL,80,85,14.0,5.0,0.0,0.0,1.0,1.0,0.0,1.0,1.0,0.0,1.0,0.0,0.0,0.0,1.0,1.0,1.0,0.0,0.0,0.0,0.0,0.0,2.0,0.0,0.0,0.0,0.0,0.0,0.0,29.0,67.0,0.433,9.7,26.6,0.366,19.3,40.4,0.477,11.5,15.0,0.767,7.1,24.8,31.9,21.6,7.3,3.4,15.1,18.4,79.3,29.3,66.1,0.443,7.8,23.3,0.333,21.5,42.8,0.504,15.9,20.0,0.795,8.2,27.2,35.4,20.1,8.3,3.4,15.0,18.2,82.3,36.5,84.3,0.433,12.2,33.4,0.366,24.3,50.8,0.477,14.5,18.9,0.767,8.9,31.1,40.0,27.1,9.1,4.3,19.0,23.2,99.7,36.8,83.1,0.443,9.8,29.3,0.333,27.1,53.7,0.504,20.0,25.1,0.795,10.2,34.2,44.4,25.2,10.4,4.2,18.9,22.9,103.4,0.433,14.4,0.603,0.181,0.245,0.086,0.091,0.397,0.477,0.685,0.378,0.478,0.332,0.366,0.637,0.954,0.183,0.451,0.443,14.0,0.647,0.177,0.269,0.111,0.089,0.353,0.504,0.699,0.443,0.439,0.377,0.333,0.612,0.887,0.228,0.347,27.3,-2.98,0.54,-2.44,99.7,103.4,-3.7,79.1,0.224,0.397,0.538,0.506,17.0,20.6,0.172,0.502,16.7,75.2,0.241
WAS,2024,0.0,CON,77,84,17.0,5.0,0.0,0.0,1.0,1.0,0.0,1.0,1.0,0.0,1.0,0.0,0.0,0.0,1.0,1.0,1.0,0.0,0.0,0.0,0.0,0.0,2.0,0.0,0.0,0.0,0.0,0.0,0.0,29.0,67.0,0.433,9.7,26.6,0.366,19.3,40.4,0.477,11.5,15.0,0.767,7.1,24.8,31.9,21.6,7.3,3.4,15.1,18.4,79.3,29.3,66.1,0.443,7.8,23.3,0.333,21.5,42.8,0.504,15.9,20.0,0.795,8.2,27.2,35.4,20.1,8.3,3.4,15.0,18.2,82.3,36.5,84.3,0.433,12.2,33.4,0.366,24.3,50.8,0.477,14.5,18.9,0.767,8.9,31.1,40.0,27.1,9.1,4.3,19.0,23.2,99.7,36.8,83.1,0.443,9.8,29.3,0.333,27.1,53.7,0.504,20.0,25.1,0.795,10.2,34.2,44.4,25.2,10.4,4.2,18.9,22.9,103.4,0.433,14.4,0.603,0.181,0.245,0.086,0.091,0.397,0.477,0.685,0.378,0.478,0.332,0.366,0.637,0.954,0.183,0.451,0.443,14.0,0.647,0.177,0.269,0.111,0.089,0.353,0.504,0.699,0.443,0.439,0.377,0.333,0.612,0.887,0.228,0.347,27.3,-2.98,0.54,-2.44,99.7,103.4,-3.7,79.1,0.224,0.397,0.538,0.506,17.0,20.6,0.172,0.502,16.7,75.2,0.241
WAS,2024,1.0,SEA,75,84,19.0,5.0,0.0,0.0,0.0,1.0,0.0,0.0,1.0,0.0,1.0,0.0,0.0,0.0,1.0,0.0,2.0,0.0,0.0,0.0,0.0,0.0,0.0,0.0,0.0,0.0,0.0,0.0,0.0,29.0,67.0,0.433,9.7,26.6,0.366,19.3,40.4,0.477,11.5,15.0,0.767,7.1,24.8,31.9,21.6,7.3,3.4,15.1,18.4,79.3,29.3,66.1,0.443,7.8,23.3,0.333,21.5,42.8,0.504,15.9,20.0,0.795,8.2,27.2,35.4,20.1,8.3,3.4,15.0,18.2,82.3,36.5,84.3,0.433,12.2,33.4,0.366,24.3,50.8,0.477,14.5,18.9,0.767,8.9,31.1,40.0,27.1,9.1,4.3,19.0,23.2,99.7,36.8,83.1,0.443,9.8,29.3,0.333,27.1,53.7,0.504,20.0,25.1,0.795,10.2,34.2,44.4,25.2,10.4,4.2,18.9,22.9,103.4,0.433,14.4,0.603,0.181,0.245,0.086,0.091,0.397,0.477,0.685,0.378,0.478,0.332,0.366,0.637,0.954,0.183,0.451,0.443,14.0,0.647,0.177,0.269,0.111,0.089,0.353,0.504,0.699,0.443,0.439,0.377,0.333,0.612,0.887,0.228,0.347,27.3,-2.98,0.54,-2.44,99.7,103.4,-3.7,79.1,0.224,0.397,0.538,0.506,17.0,20.6,0.172,0.502,16.7,75.2,0.241
WAS,2024,0.0,LAS,68,70,21.0,5.0,0.0,0.0,0.0,1.0,0.0,1.0,1.0,0.0,1.0,0.0,0.0,0.0,1.0,1.0,1.0,0.0,0.0,0.0,0.0,0.0,1.0,0.0,0.0,0.0,0.0,0.0,0.0,29.0,67.0,0.433,9.7,26.6,0.366,19.3,40.4,0.477,11.5,15.0,0.767,7.1,24.8,31.9,21.6,7.3,3.4,15.1,18.4,79.3,29.3,66.1,0.443,7.8,23.3,0.333,21.5,42.8,0.504,15.9,20.0,0.795,8.2,27.2,35.4,20.1,8.3,3.4,15.0,18.2,82.3,36.5,84.3,0.433,12.2,33.4,0.366,24.3,50.8,0.477,14.5,18.9,0.767,8.9,31.1,40.0,27.1,9.1,4.3,19.0,23.2,99.7,36.8,83.1,0.443,9.8,29.3,0.333,27.1,53.7,0.504,20.0,25.1,0.795,10.2,34.2,44.4,25.2,10.4,4.2,18.9,22.9,103.4,0.433,14.4,0.603,0.181,0.245,0.086,0.091,0.397,0.477,0.685,0.378,0.478,0.332,0.366,0.637,0.954,0.183,0.451,0.443,14.0,0.647,0.177,0.269,0.111,0.089,0.353,0.504,0.699,0.443,0.439,0.377,0.333,0.612,0.887,0.228,0.347,27.3,-2.98,0.54,-2.44,99.7,103.4,-3.7,79.1,0.224,0.397,0.538,0.506,17.0,20.6,0.172,0.502,16.7,75.2,0.241
WAS,2024,0.0,PHO,80,83,23.0,5.0,0.0,0.0,0.0,1.0,0.0,1.0,1.0,0.0,1.0,0.0,0.0,0.0,1.0,1.0,2.0,0.0,0.0,0.0,0.0,0.0,1.0,0.0,0.0,0.0,0.0,0.0,0.0,29.0,67.0,0.433,9.7,26.6,0.366,19.3,40.4,0.477,11.5,15.0,0.767,7.1,24.8,31.9,21.6,7.3,3.4,15.1,18.4,79.3,29.3,66.1,0.443,7.8,23.3,0.333,21.5,42.8,0.504,15.9,20.0,0.795,8.2,27.2,35.4,20.1,8.3,3.4,15.0,18.2,82.3,36.5,84.3,0.433,12.2,33.4,0.366,24.3,50.8,0.477,14.5,18.9,0.767,8.9,31.1,40.0,27.1,9.1,4.3,19.0,23.2,99.7,36.8,83.1,0.443,9.8,29.3,0.333,27.1,53.7,0.504,20.0,25.1,0.795,10.2,34.2,44.4,25.2,10.4,4.2,18.9,22.9,103.4,0.433,14.4,0.603,0.181,0.245,0.086,0.091,0.397,0.477,0.685,0.378,0.478,0.332,0.366,0.637,0.954,0.183,0.451,0.443,14.0,0.647,0.177,0.269,0.111,0.089,0.353,0.504,0.699,0.443,0.439,0.377,0.333,0.612,0.887,0.228,0.347,27.3,-2.98,0.54,-2.44,99.7,103.4,-3.7,79.1,0.224,0.397,0.538,0.506,17.0,20.6,0.172,0.502,16.7,75.2,0.241
WAS,2024,0.0,SEA,69,101,25.0,5.0,0.0,0.0,0.0,1.0,0.0,0.0,1.0,0.0,1.0,0.0,0.0,0.0,1.0,0.0,2.0,0.0,0.0,0.0,0.0,0.0,0.0,0.0,0.0,0.0,0.0,0.0,0.0,29.0,67.0,0.433,9.7,26.6,0.366,19.3,40.4,0.477,11.5,15.0,0.767,7.1,24.8,31.9,21.6,7.3,3.4,15.1,18.4,79.3,29.3,66.1,0.443,7.8,23.3,0.333,21.5,42.8,0.504,15.9,20.0,0.795,8.2,27.2,35.4,20.1,8.3,3.4,15.0,18.2,82.3,36.5,84.3,0.433,12.2,33.4,0.366,24.3,50.8,0.477,14.5,18.9,0.767,8.9,31.1,40.0,27.1,9.1,4.3,19.0,23.2,99.7,36.8,83.1,0.443,9.8,29.3,0.333,27.1,53.7,0.504,20.0,25.1,0.795,10.2,34.2,44.4,25.2,10.4,4.2,18.9,22.9,103.4,0.433,14.4,0.603,0.181,0.245,0.086,0.091,0.397,0.477,0.685,0.378,0.478,0.332,0.366,0.637,0.954,0.183,0.451,0.443,14.0,0.647,0.177,0.269,0.111,0.089,0.353,0.504,0.699,0.443,0.439,0.377,0.333,0.612,0.887,0.228,0.347,27.3,-2.98,0.54,-2.44,99.7,103.4,-3.7,79.1,0.224,0.397,0.538,0.506,17.0,20.6,0.172,0.502,16.7,75.2,0.241
WAS,2024,1.0,ATL,67,73,29.0,5.0,0.0,0.0,0.0,1.0,0.0,1.0,1.0,0.0,1.0,0.0,0.0,0.0,1.0,1.0,1.0,0.0,0.0,0.0,0.0,0.0,1.0,0.0,0.0,0.0,0.0,0.0,0.0,29.0,67.0,0.433,9.7,26.6,0.366,19.3,40.4,0.477,11.5,15.0,0.767,7.1,24.8,31.9,21.6,7.3,3.4,15.1,18.4,79.3,29.3,66.1,0.443,7.8,23.3,0.333,21.5,42.8,0.504,15.9,20.0,0.795,8.2,27.2,35.4,20.1,8.3,3.4,15.0,18.2,82.3,36.5,84.3,0.433,12.2,33.4,0.366,24.3,50.8,0.477,14.5,18.9,0.767,8.9,31.1,40.0,27.1,9.1,4.3,19.0,23.2,99.7,36.8,83.1,0.443,9.8,29.3,0.333,27.1,53.7,0.504,20.0,25.1,0.795,10.2,34.2,44.4,25.2,10.4,4.2,18.9,22.9,103.4,0.433,14.4,0.603,0.181,0.245,0.086,0.091,0.397,0.477,0.685,0.378,0.478,0.332,0.366,0.637,0.954,0.183,0.451,0.443,14.0,0.647,0.177,0.269,0.111,0.089,0.353,0.504,0.699,0.443,0.439,0.377,0.333,0.612,0.887,0.228,0.347,27.3,-2.98,0.54,-2.44,99.7,103.4,-3.7,79.1,0.224,0.397,0.538,0.506,17.0,20.6,0.172,0.502,16.7,75.2,0.241
WAS,2024,0.0,NYL,79,90,31.0,5.0,0.0,0.0,0.0,1.0,0.0,1.0,1.0,0.0,1.0,0.0,0.0,0.0,1.0,1.0,2.0,0.0,0.0,0.0,0.0,0.0,1.0,0.0,0.0,0.0,0.0,0.0,0.0,29.0,67.0,0.433,9.7,26.6,0.366,19.3,40.4,0.477,11.5,15.0,0.767,7.1,24.8,31.9,21.6,7.3,3.4,15.1,18.4,79.3,29.3,66.1,0.443,7.8,23.3,0.333,21.5,42.8,0.504,15.9,20.0,0.795,8.2,27.2,35.4,20.1,8.3,3.4,15.0,18.2,82.3,36.5,84.3,0.433,12.2,33.4,0.366,24.3,50.8,0.477,14.5,18.9,0.767,8.9,31.1,40.0,27.1,9.1,4.3,19.0,23.2,99.7,36.8,83.1,0.443,9.8,29.3,0.333,27.1,53.7,0.504,20.0,25.1,0.795,10.2,34.2,44.4,25.2,10.4,4.2,18.9,22.9,103.4,0.433,14.4,0.603,0.181,0.245,0.086,0.091,0.397,0.477,0.685,0.378,0.478,0.332,0.366,0.637,0.954,0.183,0.451,0.443,14.0,0.647,0.177,0.269,0.111,0.089,0.353,0.504,0.699,0.443,0.439,0.377,0.333,0.612,0.887,0.228,0.347,27.3,-2.98,0.54,-2.44,99.7,103.4,-3.7,79.1,0.224,0.397,0.538,0.506,17.0,20.6,0.172,0.502,16.7,75.2,0.241
WAS,2024,0.0,CON,59,76,4.0,6.0,0.0,0.0,0.0,1.0,0.0,0.0,1.0,0.0,1.0,0.0,0.0,0.0,1.0,0.0,2.0,0.0,0.0,0.0,0.0,0.0,0.0,0.0,0.0,0.0,0.0,0.0,0.0,29.0,67.0,0.433,9.7,26.6,0.366,19.3,40.4,0.477,11.5,15.0,0.767,7.1,24.8,31.9,21.6,7.3,3.4,15.1,18.4,79.3,29.3,66.1,0.443,7.8,23.3,0.333,21.5,42.8,0.504,15.9,20.0,0.795,8.2,27.2,35.4,20.1,8.3,3.4,15.0,18.2,82.3,36.5,84.3,0.433,12.2,33.4,0.366,24.3,50.8,0.477,14.5,18.9,0.767,8.9,31.1,40.0,27.1,9.1,4.3,19.0,23.2,99.7,36.8,83.1,0.443,9.8,29.3,0.333,27.1,53.7,0.504,20.0,25.1,0.795,10.2,34.2,44.4,25.2,10.4,4.2,18.9,22.9,103.4,0.433,14.4,0.603,0.181,0.245,0.086,0.091,0.397,0.477,0.685,0.378,0.478,0.332,0.366,0.637,0.954,0.183,0.451,0.443,14.0,0.647,0.177,0.269,0.111,0.089,0.353,0.504,0.699,0.443,0.439,0.377,0.333,0.612,0.887,0.228,0.347,27.3,-2.98,0.54,-2.44,99.7,103.4,-3.7,79.1,0.224,0.397,0.538,0.506,17.0,20.6,0.172,0.502,16.7,75.2,0.241
WAS,2024,1.0,CHI,71,79,6.0,6.0,0.0,0.0,0.0,1.0,0.0,0.0,1.0,0.0,1.0,0.0,0.0,0.0,1.0,0.0,1.0,0.0,0.0,0.0,0.0,0.0,0.0,0.0,0.0,0.0,0.0,0.0,0.0,29.0,67.0,0.433,9.7,26.6,0.366,19.3,40.4,0.477,11.5,15.0,0.767,7.1,24.8,31.9,21.6,7.3,3.4,15.1,18.4,79.3,29.3,66.1,0.443,7.8,23.3,0.333,21.5,42.8,0.504,15.9,20.0,0.795,8.2,27.2,35.4,20.1,8.3,3.4,15.0,18.2,82.3,36.5,84.3,0.433,12.2,33.4,0.366,24.3,50.8,0.477,14.5,18.9,0.767,8.9,31.1,40.0,27.1,9.1,4.3,19.0,23.2,99.7,36.8,83.1,0.443,9.8,29.3,0.333,27.1,53.7,0.504,20.0,25.1,0.795,10.2,34.2,44.4,25.2,10.4,4.2,18.9,22.9,103.4,0.433,14.4,0.603,0.181,0.245,0.086,0.091,0.397,0.477,0.685,0.378,0.478,0.332,0.366,0.637,0.954,0.183,0.451,0.443,14.0,0.647,0.177,0.269,0.111,0.089,0.353,0.504,0.699,0.443,0.439,0.377,0.333,0.612,0.887,0.228,0.347,27.3,-2.98,0.54,-2.44,99.7,103.4,-3.7,79.1,0.224,0.397,0.538,0.506,17.0,20.6,0.172,0.502,16.7,75.2,0.241
WAS,2024,1.0,IND,83,85,7.0,6.0,0.0,0.0,0.0,1.0,0.0,0.0,1.0,0.0,1.0,0.0,0.0,0.0,1.0,0.0,2.0,0.0,0.0,0.0,0.0,0.0,0.0,0.0,0.0,0.0,0.0,0.0,0.0,29.0,67.0,0.433,9.7,26.6,0.366,19.3,40.4,0.477,11.5,15.0,0.767,7.1,24.8,31.9,21.6,7.3,3.4,15.1,18.4,79.3,29.3,66.1,0.443,7.8,23.3,0.333,21.5,42.8,0.504,15.9,20.0,0.795,8.2,27.2,35.4,20.1,8.3,3.4,15.0,18.2,82.3,36.5,84.3,0.433,12.2,33.4,0.366,24.3,50.8,0.477,14.5,18.9,0.767,8.9,31.1,40.0,27.1,9.1,4.3,19.0,23.2,99.7,36.8,83.1,0.443,9.8,29.3,0.333,27.1,53.7,0.504,20.0,25.1,0.795,10.2,34.2,44.4,25.2,10.4,4.2,18.9,22.9,103.4,0.433,14.4,0.603,0.181,0.245,0.086,0.091,0.397,0.477,0.685,0.378,0.478,0.332,0.366,0.637,0.954,0.183,0.451,0.443,14.0,0.647,0.177,0.269,0.111,0.089,0.353,0.504,0.699,0.443,0.439,0.377,0.333,0.612,0.887,0.228,0.347,27.3,-2.98,0.54,-2.44,99.7,103.4,-3.7,79.1,0.224,0.397,0.538,0.506,17.0,20.6,0.172,0.502,16.7,75.2,0.241
WAS,2024,0.0,NYL,88,93,9.0,6.0,0.0,0.0,0.0,1.0,0.0,0.0,1.0,0.0,1.0,0.0,0.0,0.0,1.0,0.0,1.0,0.0,0.0,0.0,0.0,0.0,0.0,0.0,0.0,0.0,0.0,0.0,0.0,29.0,67.0,0.433,9.7,26.6,0.366,19.3,40.4,0.477,11.5,15.0,0.767,7.1,24.8,31.9,21.6,7.3,3.4,15.1,18.4,79.3,29.3,66.1,0.443,7.8,23.3,0.333,21.5,42.8,0.504,15.9,20.0,0.795,8.2,27.2,35.4,20.1,8.3,3.4,15.0,18.2,82.3,36.5,84.3,0.433,12.2,33.4,0.366,24.3,50.8,0.477,14.5,18.9,0.767,8.9,31.1,40.0,27.1,9.1,4.3,19.0,23.2,99.7,36.8,83.1,0.443,9.8,29.3,0.333,27.1,53.7,0.504,20.0,25.1,0.795,10.2,34.2,44.4,25.2,10.4,4.2,18.9,22.9,103.4,0.433,14.4,0.603,0.181,0.245,0.086,0.091,0.397,0.477,0.685,0.378,0.478,0.332,0.366,0.637,0.954,0.183,0.451,0.443,14.0,0.647,0.177,0.269,0.111,0.089,0.353,0.504,0.699,0.443,0.439,0.377,0.333,0.612,0.887,0.228,0.347,27.3,-2.98,0.54,-2.44,99.7,103.4,-3.7,79.1,0.224,0.397,0.538,0.506,17.0,20.6,0.172,0.502,16.7,75.2,0.241
WAS,2024,0.0,ATL,87,68,11.0,6.0,0.0,0.0,1.0,1.0,0.0,0.0,1.0,0.0,1.0,0.0,0.0,0.0,1.0,0.0,2.0,0.0,0.0,0.0,0.0,0.0,1.0,0.0,0.0,0.0,0.0,0.0,0.0,29.0,67.0,0.433,9.7,26.6,0.366,19.3,40.4,0.477,11.5,15.0,0.767,7.1,24.8,31.9,21.6,7.3,3.4,15.1,18.4,79.3,29.3,66.1,0.443,7.8,23.3,0.333,21.5,42.8,0.504,15.9,20.0,0.795,8.2,27.2,35.4,20.1,8.3,3.4,15.0,18.2,82.3,36.5,84.3,0.433,12.2,33.4,0.366,24.3,50.8,0.477,14.5,18.9,0.767,8.9,31.1,40.0,27.1,9.1,4.3,19.0,23.2,99.7,36.8,83.1,0.443,9.8,29.3,0.333,27.1,53.7,0.504,20.0,25.1,0.795,10.2,34.2,44.4,25.2,10.4,4.2,18.9,22.9,103.4,0.433,14.4,0.603,0.181,0.245,0.086,0.091,0.397,0.477,0.685,0.378,0.478,0.332,0.366,0.637,0.954,0.183,0.451,0.443,14.0,0.647,0.177,0.269,0.111,0.089,0.353,0.504,0.699,0.443,0.439,0.377,0.333,0.612,0.887,0.228,0.347,27.3,-2.98,0.54,-2.44,99.7,103.4,-3.7,79.1,0.224,0.397,0.538,0.506,17.0,20.6,0.172,0.502,16.7,75.2,0.241
WAS,2024,1.0,CHI,83,81,14.0,6.0,0.0,0.0,0.0,1.0,0.0,0.0,1.0,0.0,1.0,0.0,0.0,0.0,1.0,0.0,1.0,0.0,0.0,0.0,0.0,0.0,0.0,0.0,0.0,0.0,0.0,0.0,0.0,29.0,67.0,0.433,9.7,26.6,0.366,19.3,40.4,0.477,11.5,15.0,0.767,7.1,24.8,31.9,21.6,7.3,3.4,15.1,18.4,79.3,29.3,66.1,0.443,7.8,23.3,0.333,21.5,42.8,0.504,15.9,20.0,0.795,8.2,27.2,35.4,20.1,8.3,3.4,15.0,18.2,82.3,36.5,84.3,0.433,12.2,33.4,0.366,24.3,50.8,0.477,14.5,18.9,0.767,8.9,31.1,40.0,27.1,9.1,4.3,19.0,23.2,99.7,36.8,83.1,0.443,9.8,29.3,0.333,27.1,53.7,0.504,20.0,25.1,0.795,10.2,34.2,44.4,25.2,10.4,4.2,18.9,22.9,103.4,0.433,14.4,0.603,0.181,0.245,0.086,0.091,0.397,0.477,0.685,0.378,0.478,0.332,0.366,0.637,0.954,0.183,0.451,0.443,14.0,0.647,0.177,0.269,0.111,0.089,0.353,0.504,0.699,0.443,0.439,0.377,0.333,0.612,0.887,0.228,0.347,27.3,-2.98,0.54,-2.44,99.7,103.4,-3.7,79.1,0.224,0.397,0.538,0.506,17.0,20.6,0.172,0.502,16.7,75.2,0.241
WAS,2024,0.0,IND,81,88,19.0,6.0,0.0,0.0,0.0,1.0,0.0,0.0,1.0,0.0,1.0,0.0,0.0,0.0,1.0,0.0,1.0,0.0,0.0,0.0,0.0,0.0,0.0,0.0,0.0,0.0,0.0,0.0,0.0,29.0,67.0,0.433,9.7,26.6,0.366,19.3,40.4,0.477,11.5,15.0,0.767,7.1,24.8,31.9,21.6,7.3,3.4,15.1,18.4,79.3,29.3,66.1,0.443,7.8,23.3,0.333,21.5,42.8,0.504,15.9,20.0,0.795,8.2,27.2,35.4,20.1,8.3,3.4,15.0,18.2,82.3,36.5,84.3,0.433,12.2,33.4,0.366,24.3,50.8,0.477,14.5,18.9,0.767,8.9,31.1,40.0,27.1,9.1,4.3,19.0,23.2,99.7,36.8,83.1,0.443,9.8,29.3,0.333,27.1,53.7,0.504,20.0,25.1,0.795,10.2,34.2,44.4,25.2,10.4,4.2,18.9,22.9,103.4,0.433,14.4,0.603,0.181,0.245,0.086,0.091,0.397,0.477,0.685,0.378,0.478,0.332,0.366,0.637,0.954,0.183,0.451,0.443,14.0,0.647,0.177,0.269,0.111,0.089,0.353,0.504,0.699,0.443,0.439,0.377,0.333,0.612,0.887,0.228,0.347,27.3,-2.98,0.54,-2.44,99.7,103.4,-3.7,79.1,0.224,0.397,0.538,0.506,17.0,20.6,0.172,0.502,16.7,75.2,0.241
WAS,2024,1.0,DAL,97,69,22.0,6.0,0.0,0.0,0.0,1.0,0.0,0.0,1.0,0.0,1.0,0.0,0.0,0.0,0.0,0.0,2.0,0.0,0.0,0.0,0.0,0.0,0.0,0.0,0.0,0.0,0.0,0.0,0.0,29.0,67.0,0.433,9.7,26.6,0.366,19.3,40.4,0.477,11.5,15.0,0.767,7.1,24.8,31.9,21.6,7.3,3.4,15.1,18.4,79.3,29.3,66.1,0.443,7.8,23.3,0.333,21.5,42.8,0.504,15.9,20.0,0.795,8.2,27.2,35.4,20.1,8.3,3.4,15.0,18.2,82.3,36.5,84.3,0.433,12.2,33.4,0.366,24.3,50.8,0.477,14.5,18.9,0.767,8.9,31.1,40.0,27.1,9.1,4.3,19.0,23.2,99.7,36.8,83.1,0.443,9.8,29.3,0.333,27.1,53.7,0.504,20.0,25.1,0.795,10.2,34.2,44.4,25.2,10.4,4.2,18.9,22.9,103.4,0.433,14.4,0.603,0.181,0.245,0.086,0.091,0.397,0.477,0.685,0.378,0.478,0.332,0.366,0.637,0.954,0.183,0.451,0.443,14.0,0.647,0.177,0.269,0.111,0.089,0.353,0.504,0.699,0.443,0.439,0.377,0.333,0.612,0.887,0.228,0.347,27.3,-2.98,0.54,-2.44,99.7,103.4,-3.7,79.1,0.224,0.397,0.538,0.506,17.0,20.6,0.172,0.502,16.7,75.2,0.241
WAS,2024,1.0,DAL,92,84,23.0,6.0,0.0,0.0,0.0,1.0,0.0,0.0,1.0,0.0,1.0,0.0,0.0,0.0,0.0,0.0,2.0,0.0,0.0,0.0,0.0,0.0,0.0,0.0,0.0,0.0,0.0,0.0,0.0,29.0,67.0,0.433,9.7,26.6,0.366,19.3,40.4,0.477,11.5,15.0,0.767,7.1,24.8,31.9,21.6,7.3,3.4,15.1,18.4,79.3,29.3,66.1,0.443,7.8,23.3,0.333,21.5,42.8,0.504,15.9,20.0,0.795,8.2,27.2,35.4,20.1,8.3,3.4,15.0,18.2,82.3,36.5,84.3,0.433,12.2,33.4,0.366,24.3,50.8,0.477,14.5,18.9,0.767,8.9,31.1,40.0,27.1,9.1,4.3,19.0,23.2,99.7,36.8,83.1,0.443,9.8,29.3,0.333,27.1,53.7,0.504,20.0,25.1,0.795,10.2,34.2,44.4,25.2,10.4,4.2,18.9,22.9,103.4,0.433,14.4,0.603,0.181,0.245,0.086,0.091,0.397,0.477,0.685,0.378,0.478,0.332,0.366,0.637,0.954,0.183,0.451,0.443,14.0,0.647,0.177,0.269,0.111,0.089,0.353,0.504,0.699,0.443,0.439,0.377,0.333,0.612,0.887,0.228,0.347,27.3,-2.98,0.54,-2.44,99.7,103.4,-3.7,79.1,0.224,0.397,0.538,0.506,17.0,20.6,0.172,0.502,16.7,75.2,0.241
WAS,2024,1.0,CON,91,94,27.0,6.0,0.0,0.0,0.0,1.0,0.0,0.0,1.0,0.0,1.0,0.0,0.0,0.0,0.0,0.0,2.0,0.0,0.0,0.0,0.0,0.0,0.0,0.0,0.0,0.0,0.0,0.0,0.0,29.0,67.0,0.433,9.7,26.6,0.366,19.3,40.4,0.477,11.5,15.0,0.767,7.1,24.8,31.9,21.6,7.3,3.4,15.1,18.4,79.3,29.3,66.1,0.443,7.8,23.3,0.333,21.5,42.8,0.504,15.9,20.0,0.795,8.2,27.2,35.4,20.1,8.3,3.4,15.0,18.2,82.3,36.5,84.3,0.433,12.2,33.4,0.366,24.3,50.8,0.477,14.5,18.9,0.767,8.9,31.1,40.0,27.1,9.1,4.3,19.0,23.2,99.7,36.8,83.1,0.443,9.8,29.3,0.333,27.1,53.7,0.504,20.0,25.1,0.795,10.2,34.2,44.4,25.2,10.4,4.2,18.9,22.9,103.4,0.433,14.4,0.603,0.181,0.245,0.086,0.091,0.397,0.477,0.685,0.378,0.478,0.332,0.366,0.637,0.954,0.183,0.451,0.443,14.0,0.647,0.177,0.269,0.111,0.089,0.353,0.504,0.699,0.443,0.439,0.377,0.333,0.612,0.887,0.228,0.347,27.3,-2.98,0.54,-2.44,99.7,103.4,-3.7,79.1,0.224,0.397,0.538,0.506,17.0,20.6,0.172,0.502,16.7,75.2,0.241
WAS,2024,1.0,LVA,77,88,29.0,6.0,0.0,0.0,0.0,1.0,0.0,0.0,1.0,0.0,1.0,0.0,0.0,0.0,1.0,0.0,2.0,0.0,0.0,0.0,0.0,0.0,0.0,0.0,0.0,0.0,0.0,0.0,0.0,29.0,67.0,0.433,9.7,26.6,0.366,19.3,40.4,0.477,11.5,15.0,0.767,7.1,24.8,31.9,21.6,7.3,3.4,15.1,18.4,79.3,29.3,66.1,0.443,7.8,23.3,0.333,21.5,42.8,0.504,15.9,20.0,0.795,8.2,27.2,35.4,20.1,8.3,3.4,15.0,18.2,82.3,36.5,84.3,0.433,12.2,33.4,0.366,24.3,50.8,0.477,14.5,18.9,0.767,8.9,31.1,40.0,27.1,9.1,4.3,19.0,23.2,99.7,36.8,83.1,0.443,9.8,29.3,0.333,27.1,53.7,0.504,20.0,25.1,0.795,10.2,34.2,44.4,25.2,10.4,4.2,18.9,22.9,103.4,0.433,14.4,0.603,0.181,0.245,0.086,0.091,0.397,0.477,0.685,0.378,0.478,0.332,0.366,0.637,0.954,0.183,0.451,0.443,14.0,0.647,0.177,0.269,0.111,0.089,0.353,0.504,0.699,0.443,0.439,0.377,0.333,0.612,0.887,0.228,0.347,27.3,-2.98,0.54,-2.44,99.7,103.4,-3.7,79.1,0.224,0.397,0.538,0.506,17.0,20.6,0.172,0.502,16.7,75.2,0.241
WAS,2024,0.0,LAS,82,80,2.0,7.0,0.0,0.0,0.0,1.0,0.0,0.0,1.0,0.0,1.0,0.0,0.0,0.0,1.0,0.0,2.0,0.0,0.0,0.0,0.0,0.0,0.0,0.0,0.0,0.0,0.0,0.0,0.0,29.0,67.0,0.433,9.7,26.6,0.366,19.3,40.4,0.477,11.5,15.0,0.767,7.1,24.8,31.9,21.6,7.3,3.4,15.1,18.4,79.3,29.3,66.1,0.443,7.8,23.3,0.333,21.5,42.8,0.504,15.9,20.0,0.795,8.2,27.2,35.4,20.1,8.3,3.4,15.0,18.2,82.3,36.5,84.3,0.433,12.2,33.4,0.366,24.3,50.8,0.477,14.5,18.9,0.767,8.9,31.1,40.0,27.1,9.1,4.3,19.0,23.2,99.7,36.8,83.1,0.443,9.8,29.3,0.333,27.1,53.7,0.504,20.0,25.1,0.795,10.2,34.2,44.4,25.2,10.4,4.2,18.9,22.9,103.4,0.433,14.4,0.603,0.181,0.245,0.086,0.091,0.397,0.477,0.685,0.378,0.478,0.332,0.366,0.637,0.954,0.183,0.451,0.443,14.0,0.647,0.177,0.269,0.111,0.089,0.353,0.504,0.699,0.443,0.439,0.377,0.333,0.612,0.887,0.228,0.347,27.3,-2.98,0.54,-2.44,99.7,103.4,-3.7,79.1,0.224,0.397,0.538,0.506,17.0,20.6,0.172,0.502,16.7,75.2,0.241
WAS,2024,0.0,LVA,77,98,4.0,7.0,0.0,0.0,0.0,0.0,0.0,0.0,0.0,0.0,1.0,0.0,0.0,0.0,1.0,0.0,2.0,0.0,0.0,0.0,0.0,0.0,0.0,0.0,0.0,0.0,0.0,0.0,0.0,29.0,67.0,0.433,9.7,26.6,0.366,19.3,40.4,0.477,11.5,15.0,0.767,7.1,24.8,31.9,21.6,7.3,3.4,15.1,18.4,79.3,29.3,66.1,0.443,7.8,23.3,0.333,21.5,42.8,0.504,15.9,20.0,0.795,8.2,27.2,35.4,20.1,8.3,3.4,15.0,18.2,82.3,36.5,84.3,0.433,12.2,33.4,0.366,24.3,50.8,0.477,14.5,18.9,0.767,8.9,31.1,40.0,27.1,9.1,4.3,19.0,23.2,99.7,36.8,83.1,0.443,9.8,29.3,0.333,27.1,53.7,0.504,20.0,25.1,0.795,10.2,34.2,44.4,25.2,10.4,4.2,18.9,22.9,103.4,0.433,14.4,0.603,0.181,0.245,0.086,0.091,0.397,0.477,0.685,0.378,0.478,0.332,0.366,0.637,0.954,0.183,0.451,0.443,14.0,0.647,0.177,0.269,0.111,0.089,0.353,0.504,0.699,0.443,0.439,0.377,0.333,0.612,0.887,0.228,0.347,27.3,-2.98,0.54,-2.44,99.7,103.4,-3.7,79.1,0.224,0.397,0.538,0.506,17.0,20.6,0.172,0.502,16.7,75.2,0.241
WAS,2024,0.0,MIN,67,74,6.0,7.0,0.0,0.0,0.0,1.0,0.0,0.0,1.0,0.0,1.0,0.0,0.0,0.0,1.0,0.0,2.0,0.0,0.0,0.0,0.0,0.0,0.0,0.0,0.0,0.0,0.0,0.0,0.0,29.0,67.0,0.433,9.7,26.6,0.366,19.3,40.4,0.477,11.5,15.0,0.767,7.1,24.8,31.9,21.6,7.3,3.4,15.1,18.4,79.3,29.3,66.1,0.443,7.8,23.3,0.333,21.5,42.8,0.504,15.9,20.0,0.795,8.2,27.2,35.4,20.1,8.3,3.4,15.0,18.2,82.3,36.5,84.3,0.433,12.2,33.4,0.366,24.3,50.8,0.477,14.5,18.9,0.767,8.9,31.1,40.0,27.1,9.1,4.3,19.0,23.2,99.7,36.8,83.1,0.443,9.8,29.3,0.333,27.1,53.7,0.504,20.0,25.1,0.795,10.2,34.2,44.4,25.2,10.4,4.2,18.9,22.9,103.4,0.433,14.4,0.603,0.181,0.245,0.086,0.091,0.397,0.477,0.685,0.378,0.478,0.332,0.366,0.637,0.954,0.183,0.451,0.443,14.0,0.647,0.177,0.269,0.111,0.089,0.353,0.504,0.699,0.443,0.439,0.377,0.333,0.612,0.887,0.228,0.347,27.3,-2.98,0.54,-2.44,99.7,103.4,-3.7,79.1,0.224,0.397,0.538,0.506,17.0,20.6,0.172,0.502,16.7,75.2,0.241
WAS,2024,0.0,IND,89,84,10.0,7.0,0.0,0.0,0.0,1.0,0.0,0.0,1.0,0.0,1.0,0.0,0.0,0.0,1.0,0.0,2.0,0.0,0.0,0.0,0.0,0.0,0.0,0.0,0.0,0.0,0.0,0.0,0.0,29.0,67.0,0.433,9.7,26.6,0.366,19.3,40.4,0.477,11.5,15.0,0.767,7.1,24.8,31.9,21.6,7.3,3.4,15.1,18.4,79.3,29.3,66.1,0.443,7.8,23.3,0.333,21.5,42.8,0.504,15.9,20.0,0.795,8.2,27.2,35.4,20.1,8.3,3.4,15.0,18.2,82.3,36.5,84.3,0.433,12.2,33.4,0.366,24.3,50.8,0.477,14.5,18.9,0.767,8.9,31.1,40.0,27.1,9.1,4.3,19.0,23.2,99.7,36.8,83.1,0.443,9.8,29.3,0.333,27.1,53.7,0.504,20.0,25.1,0.795,10.2,34.2,44.4,25.2,10.4,4.2,18.9,22.9,103.4,0.433,14.4,0.603,0.181,0.245,0.086,0.091,0.397,0.477,0.685,0.378,0.478,0.332,0.366,0.637,0.954,0.183,0.451,0.443,14.0,0.647,0.177,0.269,0.111,0.089,0.353,0.504,0.699,0.443,0.439,0.377,0.333,0.612,0.887,0.228,0.347,27.3,-2.98,0.54,-2.44,99.7,103.4,-3.7,79.1,0.224,0.397,0.538,0.506,17.0,20.6,0.172,0.502,16.7,75.2,0.241
WAS,2024,1.0,LVA,77,89,14.0,7.0,0.0,0.0,0.0,1.0,0.0,0.0,1.0,0.0,1.0,0.0,0.0,0.0,1.0,0.0,2.0,0.0,0.0,0.0,0.0,0.0,0.0,0.0,0.0,0.0,0.0,0.0,0.0,29.0,67.0,0.433,9.7,26.6,0.366,19.3,40.4,0.477,11.5,15.0,0.767,7.1,24.8,31.9,21.6,7.3,3.4,15.1,18.4,79.3,29.3,66.1,0.443,7.8,23.3,0.333,21.5,42.8,0.504,15.9,20.0,0.795,8.2,27.2,35.4,20.1,8.3,3.4,15.0,18.2,82.3,36.5,84.3,0.433,12.2,33.4,0.366,24.3,50.8,0.477,14.5,18.9,0.767,8.9,31.1,40.0,27.1,9.1,4.3,19.0,23.2,99.7,36.8,83.1,0.443,9.8,29.3,0.333,27.1,53.7,0.504,20.0,25.1,0.795,10.2,34.2,44.4,25.2,10.4,4.2,18.9,22.9,103.4,0.433,14.4,0.603,0.181,0.245,0.086,0.091,0.397,0.477,0.685,0.378,0.478,0.332,0.366,0.637,0.954,0.183,0.451,0.443,14.0,0.647,0.177,0.269,0.111,0.089,0.353,0.504,0.699,0.443,0.439,0.377,0.333,0.612,0.887,0.228,0.347,27.3,-2.98,0.54,-2.44,99.7,103.4,-3.7,79.1,0.224,0.397,0.538,0.506,17.0,20.6,0.172,0.502,16.7,75.2,0.241
WAS,2024,1.0,PHO,87,96,16.0,7.0,0.0,0.0,0.0,1.0,0.0,0.0,1.0,0.0,1.0,0.0,0.0,0.0,1.0,0.0,1.0,0.0,0.0,0.0,0.0,0.0,0.0,0.0,0.0,0.0,0.0,0.0,0.0,29.0,67.0,0.433,9.7,26.6,0.366,19.3,40.4,0.477,11.5,15.0,0.767,7.1,24.8,31.9,21.6,7.3,3.4,15.1,18.4,79.3,29.3,66.1,0.443,7.8,23.3,0.333,21.5,42.8,0.504,15.9,20.0,0.795,8.2,27.2,35.4,20.1,8.3,3.4,15.0,18.2,82.3,36.5,84.3,0.433,12.2,33.4,0.366,24.3,50.8,0.477,14.5,18.9,0.767,8.9,31.1,40.0,27.1,9.1,4.3,19.0,23.2,99.7,36.8,83.1,0.443,9.8,29.3,0.333,27.1,53.7,0.504,20.0,25.1,0.795,10.2,34.2,44.4,25.2,10.4,4.2,18.9,22.9,103.4,0.433,14.4,0.603,0.181,0.245,0.086,0.091,0.397,0.477,0.685,0.378,0.478,0.332,0.366,0.637,0.954,0.183,0.451,0.443,14.0,0.647,0.177,0.269,0.111,0.089,0.353,0.504,0.699,0.443,0.439,0.377,0.333,0.612,0.887,0.228,0.347,27.3,-2.98,0.54,-2.44,99.7,103.4,-3.7,79.1,0.224,0.397,0.538,0.506,17.0,20.6,0.172,0.502,16.7,75.2,0.241
WAS,2024,0.0,MIN,68,79,15.0,8.0,0.0,0.0,1.0,1.0,0.0,1.0,1.0,0.0,1.0,0.0,0.0,0.0,1.0,1.0,1.0,0.0,0.0,0.0,0.0,0.0,2.0,0.0,0.0,0.0,0.0,0.0,0.0,29.0,67.0,0.433,9.7,26.6,0.366,19.3,40.4,0.477,11.5,15.0,0.767,7.1,24.8,31.9,21.6,7.3,3.4,15.1,18.4,79.3,29.3,66.1,0.443,7.8,23.3,0.333,21.5,42.8,0.504,15.9,20.0,0.795,8.2,27.2,35.4,20.1,8.3,3.4,15.0,18.2,82.3,36.5,84.3,0.433,12.2,33.4,0.366,24.3,50.8,0.477,14.5,18.9,0.767,8.9,31.1,40.0,27.1,9.1,4.3,19.0,23.2,99.7,36.8,83.1,0.443,9.8,29.3,0.333,27.1,53.7,0.504,20.0,25.1,0.795,10.2,34.2,44.4,25.2,10.4,4.2,18.9,22.9,103.4,0.433,14.4,0.603,0.181,0.245,0.086,0.091,0.397,0.477,0.685,0.378,0.478,0.332,0.366,0.637,0.954,0.183,0.451,0.443,14.0,0.647,0.177,0.269,0.111,0.089,0.353,0.504,0.699,0.443,0.439,0.377,0.333,0.612,0.887,0.228,0.347,27.3,-2.98,0.54,-2.44,99.7,103.4,-3.7,79.1,0.224,0.397,0.538,0.506,17.0,20.6,0.172,0.502,16.7,75.2,0.241
WAS,2024,1.0,MIN,83,99,17.0,8.0,0.0,0.0,1.0,1.0,0.0,1.0,1.0,0.0,1.0,0.0,0.0,0.0,1.0,1.0,1.0,0.0,0.0,0.0,0.0,0.0,2.0,0.0,0.0,0.0,0.0,0.0,0.0,29.0,67.0,0.433,9.7,26.6,0.366,19.3,40.4,0.477,11.5,15.0,0.767,7.1,24.8,31.9,21.6,7.3,3.4,15.1,18.4,79.3,29.3,66.1,0.443,7.8,23.3,0.333,21.5,42.8,0.504,15.9,20.0,0.795,8.2,27.2,35.4,20.1,8.3,3.4,15.0,18.2,82.3,36.5,84.3,0.433,12.2,33.4,0.366,24.3,50.8,0.477,14.5,18.9,0.767,8.9,31.1,40.0,27.1,9.1,4.3,19.0,23.2,99.7,36.8,83.1,0.443,9.8,29.3,0.333,27.1,53.7,0.504,20.0,25.1,0.795,10.2,34.2,44.4,25.2,10.4,4.2,18.9,22.9,103.4,0.433,14.4,0.603,0.181,0.245,0.086,0.091,0.397,0.477,0.685,0.378,0.478,0.332,0.366,0.637,0.954,0.183,0.451,0.443,14.0,0.647,0.177,0.269,0.111,0.089,0.353,0.504,0.699,0.443,0.439,0.377,0.333,0.612,0.887,0.228,0.347,27.3,-2.98,0.54,-2.44,99.7,103.4,-3.7,79.1,0.224,0.397,0.538,0.506,17.0,20.6,0.172,0.502,16.7,75.2,0.241
WAS,2024,1.0,SEA,77,83,20.0,8.0,0.0,0.0,1.0,1.0,0.0,1.0,1.0,0.0,1.0,0.0,0.0,0.0,1.0,1.0,1.0,0.0,0.0,0.0,0.0,0.0,2.0,0.0,0.0,0.0,0.0,0.0,0.0,29.0,67.0,0.433,9.7,26.6,0.366,19.3,40.4,0.477,11.5,15.0,0.767,7.1,24.8,31.9,21.6,7.3,3.4,15.1,18.4,79.3,29.3,66.1,0.443,7.8,23.3,0.333,21.5,42.8,0.504,15.9,20.0,0.795,8.2,27.2,35.4,20.1,8.3,3.4,15.0,18.2,82.3,36.5,84.3,0.433,12.2,33.4,0.366,24.3,50.8,0.477,14.5,18.9,0.767,8.9,31.1,40.0,27.1,9.1,4.3,19.0,23.2,99.7,36.8,83.1,0.443,9.8,29.3,0.333,27.1,53.7,0.504,20.0,25.1,0.795,10.2,34.2,44.4,25.2,10.4,4.2,18.9,22.9,103.4,0.433,14.4,0.603,0.181,0.245,0.086,0.091,0.397,0.477,0.685,0.378,0.478,0.332,0.366,0.637,0.954,0.183,0.451,0.443,14.0,0.647,0.177,0.269,0.111,0.089,0.353,0.504,0.699,0.443,0.439,0.377,0.333,0.612,0.887,0.228,0.347,27.3,-2.98,0.54,-2.44,99.7,103.4,-3.7,79.1,0.224,0.397,0.538,0.506,17.0,20.6,0.172,0.502,16.7,75.2,0.241
WAS,2024,1.0,LAS,80,74,23.0,8.0,0.0,0.0,1.0,1.0,0.0,1.0,1.0,0.0,1.0,0.0,0.0,0.0,1.0,1.0,2.0,0.0,0.0,0.0,0.0,0.0,2.0,0.0,0.0,0.0,0.0,0.0,0.0,29.0,67.0,0.433,9.7,26.6,0.366,19.3,40.4,0.477,11.5,15.0,0.767,7.1,24.8,31.9,21.6,7.3,3.4,15.1,18.4,79.3,29.3,66.1,0.443,7.8,23.3,0.333,21.5,42.8,0.504,15.9,20.0,0.795,8.2,27.2,35.4,20.1,8.3,3.4,15.0,18.2,82.3,36.5,84.3,0.433,12.2,33.4,0.366,24.3,50.8,0.477,14.5,18.9,0.767,8.9,31.1,40.0,27.1,9.1,4.3,19.0,23.2,99.7,36.8,83.1,0.443,9.8,29.3,0.333,27.1,53.7,0.504,20.0,25.1,0.795,10.2,34.2,44.4,25.2,10.4,4.2,18.9,22.9,103.4,0.433,14.4,0.603,0.181,0.245,0.086,0.091,0.397,0.477,0.685,0.378,0.478,0.332,0.366,0.637,0.954,0.183,0.451,0.443,14.0,0.647,0.177,0.269,0.111,0.089,0.353,0.504,0.699,0.443,0.439,0.377,0.333,0.612,0.887,0.228,0.347,27.3,-2.98,0.54,-2.44,99.7,103.4,-3.7,79.1,0.224,0.397,0.538,0.506,17.0,20.6,0.172,0.502,16.7,75.2,0.241
WAS,2024,0.0,SEA,74,72,26.0,8.0,0.0,0.0,1.0,1.0,0.0,1.0,1.0,0.0,1.0,0.0,0.0,0.0,1.0,1.0,1.0,0.0,0.0,0.0,0.0,0.0,2.0,0.0,0.0,0.0,0.0,0.0,0.0,29.0,67.0,0.433,9.7,26.6,0.366,19.3,40.4,0.477,11.5,15.0,0.767,7.1,24.8,31.9,21.6,7.3,3.4,15.1,18.4,79.3,29.3,66.1,0.443,7.8,23.3,0.333,21.5,42.8,0.504,15.9,20.0,0.795,8.2,27.2,35.4,20.1,8.3,3.4,15.0,18.2,82.3,36.5,84.3,0.433,12.2,33.4,0.366,24.3,50.8,0.477,14.5,18.9,0.767,8.9,31.1,40.0,27.1,9.1,4.3,19.0,23.2,99.7,36.8,83.1,0.443,9.8,29.3,0.333,27.1,53.7,0.504,20.0,25.1,0.795,10.2,34.2,44.4,25.2,10.4,4.2,18.9,22.9,103.4,0.433,14.4,0.603,0.181,0.245,0.086,0.091,0.397,0.477,0.685,0.378,0.478,0.332,0.366,0.637,0.954,0.183,0.451,0.443,14.0,0.647,0.177,0.269,0.111,0.089,0.353,0.504,0.699,0.443,0.439,0.377,0.333,0.612,0.887,0.228,0.347,27.3,-2.98,0.54,-2.44,99.7,103.4,-3.7,79.1,0.224,0.397,0.538,0.506,17.0,20.6,0.172,0.502,16.7,75.2,0.241
WAS,2024,0.0,CHI,74,70,28.0,8.0,0.0,0.0,1.0,2.0,0.0,1.0,1.0,0.0,1.0,0.0,0.0,0.0,1.0,0.0,2.0,0.0,1.0,0.0,1.0,0.0,1.0,0.0,0.0,0.0,0.0,0.0,0.0,29.0,67.0,0.433,9.7,26.6,0.366,19.3,40.4,0.477,11.5,15.0,0.767,7.1,24.8,31.9,21.6,7.3,3.4,15.1,18.4,79.3,29.3,66.1,0.443,7.8,23.3,0.333,21.5,42.8,0.504,15.9,20.0,0.795,8.2,27.2,35.4,20.1,8.3,3.4,15.0,18.2,82.3,36.5,84.3,0.433,12.2,33.4,0.366,24.3,50.8,0.477,14.5,18.9,0.767,8.9,31.1,40.0,27.1,9.1,4.3,19.0,23.2,99.7,36.8,83.1,0.443,9.8,29.3,0.333,27.1,53.7,0.504,20.0,25.1,0.795,10.2,34.2,44.4,25.2,10.4,4.2,18.9,22.9,103.4,0.433,14.4,0.603,0.181,0.245,0.086,0.091,0.397,0.477,0.685,0.378,0.478,0.332,0.366,0.637,0.954,0.183,0.451,0.443,14.0,0.647,0.177,0.269,0.111,0.089,0.353,0.504,0.699,0.443,0.439,0.377,0.333,0.612,0.887,0.228,0.347,27.3,-2.98,0.54,-2.44,99.7,103.4,-3.7,79.1,0.224,0.397,0.538,0.506,17.0,20.6,0.172,0.502,16.7,75.2,0.241
WAS,2024,1.0,CON,85,96,31.0,8.0,0.0,0.0,1.0,2.0,0.0,1.0,1.0,0.0,1.0,0.0,0.0,0.0,1.0,0.0,2.0,0.0,1.0,0.0,1.0,0.0,1.0,0.0,0.0,0.0,0.0,0.0,0.0,29.0,67.0,0.433,9.7,26.6,0.366,19.3,40.4,0.477,11.5,15.0,0.767,7.1,24.8,31.9,21.6,7.3,3.4,15.1,18.4,79.3,29.3,66.1,0.443,7.8,23.3,0.333,21.5,42.8,0.504,15.9,20.0,0.795,8.2,27.2,35.4,20.1,8.3,3.4,15.0,18.2,82.3,36.5,84.3,0.433,12.2,33.4,0.366,24.3,50.8,0.477,14.5,18.9,0.767,8.9,31.1,40.0,27.1,9.1,4.3,19.0,23.2,99.7,36.8,83.1,0.443,9.8,29.3,0.333,27.1,53.7,0.504,20.0,25.1,0.795,10.2,34.2,44.4,25.2,10.4,4.2,18.9,22.9,103.4,0.433,14.4,0.603,0.181,0.245,0.086,0.091,0.397,0.477,0.685,0.378,0.478,0.332,0.366,0.637,0.954,0.183,0.451,0.443,14.0,0.647,0.177,0.269,0.111,0.089,0.353,0.504,0.699,0.443,0.439,0.377,0.333,0.612,0.887,0.228,0.347,27.3,-2.98,0.54,-2.44,99.7,103.4,-3.7,79.1,0.224,0.397,0.538,0.506,17.0,20.6,0.172,0.502,16.7,75.2,0.241
WAS,2024,0.0,DAL,90,86,3.0,9.0,0.0,0.0,1.0,2.0,0.0,1.0,1.0,0.0,1.0,0.0,0.0,0.0,1.0,0.0,1.0,0.0,1.0,0.0,1.0,0.0,1.0,0.0,0.0,0.0,0.0,0.0,0.0,29.0,67.0,0.433,9.7,26.6,0.366,19.3,40.4,0.477,11.5,15.0,0.767,7.1,24.8,31.9,21.6,7.3,3.4,15.1,18.4,79.3,29.3,66.1,0.443,7.8,23.3,0.333,21.5,42.8,0.504,15.9,20.0,0.795,8.2,27.2,35.4,20.1,8.3,3.4,15.0,18.2,82.3,36.5,84.3,0.433,12.2,33.4,0.366,24.3,50.8,0.477,14.5,18.9,0.767,8.9,31.1,40.0,27.1,9.1,4.3,19.0,23.2,99.7,36.8,83.1,0.443,9.8,29.3,0.333,27.1,53.7,0.504,20.0,25.1,0.795,10.2,34.2,44.4,25.2,10.4,4.2,18.9,22.9,103.4,0.433,14.4,0.603,0.181,0.245,0.086,0.091,0.397,0.477,0.685,0.378,0.478,0.332,0.366,0.637,0.954,0.183,0.451,0.443,14.0,0.647,0.177,0.269,0.111,0.089,0.353,0.504,0.699,0.443,0.439,0.377,0.333,0.612,0.887,0.228,0.347,27.3,-2.98,0.54,-2.44,99.7,103.4,-3.7,79.1,0.224,0.397,0.538,0.506,17.0,20.6,0.172,0.502,16.7,75.2,0.241
WAS,2024,0.0,PHO,90,77,5.0,9.0,0.0,0.0,1.0,2.0,0.0,1.0,1.0,0.0,1.0,0.0,0.0,0.0,1.0,0.0,2.0,0.0,1.0,0.0,1.0,0.0,1.0,0.0,0.0,0.0,0.0,0.0,0.0,29.0,67.0,0.433,9.7,26.6,0.366,19.3,40.4,0.477,11.5,15.0,0.767,7.1,24.8,31.9,21.6,7.3,3.4,15.1,18.4,79.3,29.3,66.1,0.443,7.8,23.3,0.333,21.5,42.8,0.504,15.9,20.0,0.795,8.2,27.2,35.4,20.1,8.3,3.4,15.0,18.2,82.3,36.5,84.3,0.433,12.2,33.4,0.366,24.3,50.8,0.477,14.5,18.9,0.767,8.9,31.1,40.0,27.1,9.1,4.3,19.0,23.2,99.7,36.8,83.1,0.443,9.8,29.3,0.333,27.1,53.7,0.504,20.0,25.1,0.795,10.2,34.2,44.4,25.2,10.4,4.2,18.9,22.9,103.4,0.433,14.4,0.603,0.181,0.245,0.086,0.091,0.397,0.477,0.685,0.378,0.478,0.332,0.366,0.637,0.954,0.183,0.451,0.443,14.0,0.647,0.177,0.269,0.111,0.089,0.353,0.504,0.699,0.443,0.439,0.377,0.333,0.612,0.887,0.228,0.347,27.3,-2.98,0.54,-2.44,99.7,103.4,-3.7,79.1,0.224,0.397,0.538,0.506,17.0,20.6,0.172,0.502,16.7,75.2,0.241
WAS,2024,1.0,MIN,71,78,8.0,9.0,0.0,0.0,1.0,2.0,0.0,2.0,1.0,0.0,1.0,0.0,0.0,0.0,1.0,1.0,1.0,0.0,1.0,0.0,1.0,0.0,2.0,0.0,0.0,0.0,0.0,0.0,0.0,29.0,67.0,0.433,9.7,26.6,0.366,19.3,40.4,0.477,11.5,15.0,0.767,7.1,24.8,31.9,21.6,7.3,3.4,15.1,18.4,79.3,29.3,66.1,0.443,7.8,23.3,0.333,21.5,42.8,0.504,15.9,20.0,0.795,8.2,27.2,35.4,20.1,8.3,3.4,15.0,18.2,82.3,36.5,84.3,0.433,12.2,33.4,0.366,24.3,50.8,0.477,14.5,18.9,0.767,8.9,31.1,40.0,27.1,9.1,4.3,19.0,23.2,99.7,36.8,83.1,0.443,9.8,29.3,0.333,27.1,53.7,0.504,20.0,25.1,0.795,10.2,34.2,44.4,25.2,10.4,4.2,18.9,22.9,103.4,0.433,14.4,0.603,0.181,0.245,0.086,0.091,0.397,0.477,0.685,0.378,0.478,0.332,0.366,0.637,0.954,0.183,0.451,0.443,14.0,0.647,0.177,0.269,0.111,0.089,0.353,0.504,0.699,0.443,0.439,0.377,0.333,0.612,0.887,0.228,0.347,27.3,-2.98,0.54,-2.44,99.7,103.4,-3.7,79.1,0.224,0.397,0.538,0.506,17.0,20.6,0.172,0.502,16.7,75.2,0.241
WAS,2024,0.0,CHI,89,58,11.0,9.0,0.0,0.0,1.0,2.0,0.0,1.0,1.0,0.0,1.0,0.0,0.0,0.0,1.0,0.0,2.0,0.0,1.0,0.0,1.0,0.0,1.0,0.0,0.0,0.0,0.0,0.0,0.0,29.0,67.0,0.433,9.7,26.6,0.366,19.3,40.4,0.477,11.5,15.0,0.767,7.1,24.8,31.9,21.6,7.3,3.4,15.1,18.4,79.3,29.3,66.1,0.443,7.8,23.3,0.333,21.5,42.8,0.504,15.9,20.0,0.795,8.2,27.2,35.4,20.1,8.3,3.4,15.0,18.2,82.3,36.5,84.3,0.433,12.2,33.4,0.366,24.3,50.8,0.477,14.5,18.9,0.767,8.9,31.1,40.0,27.1,9.1,4.3,19.0,23.2,99.7,36.8,83.1,0.443,9.8,29.3,0.333,27.1,53.7,0.504,20.0,25.1,0.795,10.2,34.2,44.4,25.2,10.4,4.2,18.9,22.9,103.4,0.433,14.4,0.603,0.181,0.245,0.086,0.091,0.397,0.477,0.685,0.378,0.478,0.332,0.366,0.637,0.954,0.183,0.451,0.443,14.0,0.647,0.177,0.269,0.111,0.089,0.353,0.504,0.699,0.443,0.439,0.377,0.333,0.612,0.887,0.228,0.347,27.3,-2.98,0.54,-2.44,99.7,103.4,-3.7,79.1,0.224,0.397,0.538,0.506,17.0,20.6,0.172,0.502,16.7,75.2,0.241
WAS,2024,0.0,ATL,72,69,13.0,9.0,0.0,0.0,1.0,2.0,0.0,1.0,1.0,0.0,1.0,0.0,0.0,0.0,1.0,0.0,1.0,0.0,1.0,0.0,1.0,0.0,1.0,0.0,0.0,0.0,0.0,0.0,0.0,29.0,67.0,0.433,9.7,26.6,0.366,19.3,40.4,0.477,11.5,15.0,0.767,7.1,24.8,31.9,21.6,7.3,3.4,15.1,18.4,79.3,29.3,66.1,0.443,7.8,23.3,0.333,21.5,42.8,0.504,15.9,20.0,0.795,8.2,27.2,35.4,20.1,8.3,3.4,15.0,18.2,82.3,36.5,84.3,0.433,12.2,33.4,0.366,24.3,50.8,0.477,14.5,18.9,0.767,8.9,31.1,40.0,27.1,9.1,4.3,19.0,23.2,99.7,36.8,83.1,0.443,9.8,29.3,0.333,27.1,53.7,0.504,20.0,25.1,0.795,10.2,34.2,44.4,25.2,10.4,4.2,18.9,22.9,103.4,0.433,14.4,0.603,0.181,0.245,0.086,0.091,0.397,0.477,0.685,0.378,0.478,0.332,0.366,0.637,0.954,0.183,0.451,0.443,14.0,0.647,0.177,0.269,0.111,0.089,0.353,0.504,0.699,0.443,0.439,0.377,0.333,0.612,0.887,0.228,0.347,27.3,-2.98,0.54,-2.44,99.7,103.4,-3.7,79.1,0.224,0.397,0.538,0.506,17.0,20.6,0.172,0.502,16.7,75.2,0.241
WAS,2024,1.0,ATL,73,76,15.0,9.0,0.0,0.0,1.0,2.0,0.0,1.0,1.0,0.0,1.0,0.0,0.0,0.0,0.0,0.0,1.0,0.0,1.0,0.0,1.0,0.0,1.0,0.0,0.0,0.0,0.0,0.0,0.0,29.0,67.0,0.433,9.7,26.6,0.366,19.3,40.4,0.477,11.5,15.0,0.767,7.1,24.8,31.9,21.6,7.3,3.4,15.1,18.4,79.3,29.3,66.1,0.443,7.8,23.3,0.333,21.5,42.8,0.504,15.9,20.0,0.795,8.2,27.2,35.4,20.1,8.3,3.4,15.0,18.2,82.3,36.5,84.3,0.433,12.2,33.4,0.366,24.3,50.8,0.477,14.5,18.9,0.767,8.9,31.1,40.0,27.1,9.1,4.3,19.0,23.2,99.7,36.8,83.1,0.443,9.8,29.3,0.333,27.1,53.7,0.504,20.0,25.1,0.795,10.2,34.2,44.4,25.2,10.4,4.2,18.9,22.9,103.4,0.433,14.4,0.603,0.181,0.245,0.086,0.091,0.397,0.477,0.685,0.378,0.478,0.332,0.366,0.637,0.954,0.183,0.451,0.443,14.0,0.647,0.177,0.269,0.111,0.089,0.353,0.504,0.699,0.443,0.439,0.377,0.333,0.612,0.887,0.228,0.347,27.3,-2.98,0.54,-2.44,99.7,103.4,-3.7,79.1,0.224,0.397,0.538,0.506,17.0,20.6,0.172,0.502,16.7,75.2,0.241
WAS,2024,1.0,NYL,71,87,17.0,9.0,0.0,0.0,1.0,2.0,0.0,1.0,1.0,0.0,1.0,0.0,0.0,0.0,0.0,0.0,2.0,0.0,1.0,0.0,1.0,0.0,1.0,0.0,0.0,0.0,0.0,0.0,0.0,29.0,67.0,0.433,9.7,26.6,0.366,19.3,40.4,0.477,11.5,15.0,0.767,7.1,24.8,31.9,21.6,7.3,3.4,15.1,18.4,79.3,29.3,66.1,0.443,7.8,23.3,0.333,21.5,42.8,0.504,15.9,20.0,0.795,8.2,27.2,35.4,20.1,8.3,3.4,15.0,18.2,82.3,36.5,84.3,0.433,12.2,33.4,0.366,24.3,50.8,0.477,14.5,18.9,0.767,8.9,31.1,40.0,27.1,9.1,4.3,19.0,23.2,99.7,36.8,83.1,0.443,9.8,29.3,0.333,27.1,53.7,0.504,20.0,25.1,0.795,10.2,34.2,44.4,25.2,10.4,4.2,18.9,22.9,103.4,0.433,14.4,0.603,0.181,0.245,0.086,0.091,0.397,0.477,0.685,0.378,0.478,0.332,0.366,0.637,0.954,0.183,0.451,0.443,14.0,0.647,0.177,0.269,0.111,0.089,0.353,0.504,0.699,0.443,0.439,0.377,0.333,0.612,0.887,0.228,0.347,27.3,-2.98,0.54,-2.44,99.7,103.4,-3.7,79.1,0.224,0.397,0.538,0.506,17.0,20.6,0.172,0.502,16.7,75.2,0.241
WAS,2024,1.0,IND,92,91,19.0,9.0,0.0,0.0,1.0,2.0,0.0,1.0,1.0,0.0,1.0,0.0,0.0,0.0,0.0,0.0,2.0,0.0,1.0,0.0,1.0,0.0,1.0,0.0,0.0,0.0,0.0,0.0,0.0,29.0,67.0,0.433,9.7,26.6,0.366,19.3,40.4,0.477,11.5,15.0,0.767,7.1,24.8,31.9,21.6,7.3,3.4,15.1,18.4,79.3,29.3,66.1,0.443,7.8,23.3,0.333,21.5,42.8,0.504,15.9,20.0,0.795,8.2,27.2,35.4,20.1,8.3,3.4,15.0,18.2,82.3,36.5,84.3,0.433,12.2,33.4,0.366,24.3,50.8,0.477,14.5,18.9,0.767,8.9,31.1,40.0,27.1,9.1,4.3,19.0,23.2,99.7,36.8,83.1,0.443,9.8,29.3,0.333,27.1,53.7,0.504,20.0,25.1,0.795,10.2,34.2,44.4,25.2,10.4,4.2,18.9,22.9,103.4,0.433,14.4,0.603,0.181,0.245,0.086,0.091,0.397,0.477,0.685,0.378,0.478,0.332,0.366,0.637,0.954,0.183,0.451,0.443,14.0,0.647,0.177,0.269,0.111,0.089,0.353,0.504,0.699,0.443,0.439,0.377,0.333,0.612,0.887,0.228,0.347,27.3,-2.98,0.54,-2.44,99.7,103.4,-3.7,79.1,0.224,0.397,0.538,0.506,17.0,20.6,0.172,0.502,16.7,75.2,0.241
