team,year,opp,team_score,opp_score,day,month,corner_3_specialist,midrange_sniper,self_creator,team_per_poss_fg,team_per_poss_3p_pct,team_per_poss_2pa,team_per_poss_ft,team_per_poss_orb,team_per_poss_ast,team_per_poss_tov,team_per_poss_pf,team_per_poss_pts,opp_per_poss_stl,opp_per_poss_tov,team_dist,team_pct_of_fg_ast'd_3p,team_sos,team_srs,team_pace,team_ts_pct,team_orb_pct
ATL,2020,DAL,105,95,26.0,7.0,0.0,0.0,1.0,38.8,0.35,67.0,15.1,11.2,20.9,17.8,22.9,100.1,10.2,15.9,13.1,0.815,0.56,-6.13,80.0,0.518,25.3
ATL,2020,LVA,70,100,29.0,7.0,0.0,0.0,1.0,38.8,0.35,67.0,15.1,11.2,20.9,17.8,22.9,100.1,10.2,15.9,13.1,0.815,0.56,-6.13,80.0,0.518,25.3
ATL,2020,NYL,84,78,31.0,7.0,0.0,0.0,1.0,38.8,0.35,67.0,15.1,11.2,20.9,17.8,22.9,100.1,10.2,15.9,13.1,0.815,0.56,-6.13,80.0,0.518,25.3
ATL,2020,IND,77,93,2.0,8.0,0.0,0.0,1.0,38.8,0.35,67.0,15.1,11.2,20.9,17.8,22.9,100.1,10.2,15.9,13.1,0.815,0.56,-6.13,80.0,0.518,25.3
ATL,2020,PHO,74,81,4.0,8.0,0.0,0.0,1.0,38.8,0.35,67.0,15.1,11.2,20.9,17.8,22.9,100.1,10.2,15.9,13.1,0.815,0.56,-6.13,80.0,0.518,25.3
ATL,2020,SEA,92,93,6.0,8.0,0.0,0.0,1.0,38.8,0.35,67.0,15.1,11.2,20.9,17.8,22.9,100.1,10.2,15.9,13.1,0.815,0.56,-6.13,80.0,0.518,25.3
ATL,2020,DAL,75,85,8.0,8.0,0.0,0.0,1.0,38.8,0.35,67.0,15.1,11.2,20.9,17.8,22.9,100.1,10.2,15.9,13.1,0.815,0.56,-6.13,80.0,0.518,25.3
ATL,2020,CON,82,93,10.0,8.0,0.0,0.0,1.0,38.8,0.35,67.0,15.1,11.2,20.9,17.8,22.9,100.1,10.2,15.9,13.1,0.815,0.56,-6.13,80.0,0.518,25.3
ATL,2020,SEA,63,100,12.0,8.0,0.0,0.0,0.0,38.8,0.35,67.0,15.1,11.2,20.9,17.8,22.9,100.1,10.2,15.9,13.1,0.815,0.56,-6.13,80.0,0.518,25.3
ATL,2020,PHO,80,96,14.0,8.0,0.0,0.0,0.0,38.8,0.35,67.0,15.1,11.2,20.9,17.8,22.9,100.1,10.2,15.9,13.1,0.815,0.56,-6.13,80.0,0.518,25.3
ATL,2020,CHI,67,92,16.0,8.0,0.0,0.0,0.0,38.8,0.35,67.0,15.1,11.2,20.9,17.8,22.9,100.1,10.2,15.9,13.1,0.815,0.56,-6.13,80.0,0.518,25.3
ATL,2020,WAS,91,98,19.0,8.0,0.0,0.0,0.0,38.8,0.35,67.0,15.1,11.2,20.9,17.8,22.9,100.1,10.2,15.9,13.1,0.815,0.56,-6.13,80.0,0.518,25.3
ATL,2020,LAS,85,93,21.0,8.0,0.0,0.0,0.0,38.8,0.35,67.0,15.1,11.2,20.9,17.8,22.9,100.1,10.2,15.9,13.1,0.815,0.56,-6.13,80.0,0.518,25.3
ATL,2020,MIN,78,75,23.0,8.0,0.0,0.0,0.0,38.8,0.35,67.0,15.1,11.2,20.9,17.8,22.9,100.1,10.2,15.9,13.1,0.815,0.56,-6.13,80.0,0.518,25.3
ATL,2020,MIN,79,88,28.0,8.0,0.0,0.0,1.0,38.8,0.35,67.0,15.1,11.2,20.9,17.8,22.9,100.1,10.2,15.9,13.1,0.815,0.56,-6.13,80.0,0.518,25.3
ATL,2020,LAS,79,84,30.0,8.0,0.0,0.0,1.0,38.8,0.35,67.0,15.1,11.2,20.9,17.8,22.9,100.1,10.2,15.9,13.1,0.815,0.56,-6.13,80.0,0.518,25.3
ATL,2020,IND,102,90,1.0,9.0,0.0,0.0,1.0,38.8,0.35,67.0,15.1,11.2,20.9,17.8,22.9,100.1,10.2,15.9,13.1,0.815,0.56,-6.13,80.0,0.518,25.3
ATL,2020,NYL,62,56,3.0,9.0,0.0,0.0,1.0,38.8,0.35,67.0,15.1,11.2,20.9,17.8,22.9,100.1,10.2,15.9,13.1,0.815,0.56,-6.13,80.0,0.518,25.3
ATL,2020,LVA,79,89,5.0,9.0,0.0,0.0,1.0,38.8,0.35,67.0,15.1,11.2,20.9,17.8,22.9,100.1,10.2,15.9,13.1,0.815,0.56,-6.13,80.0,0.518,25.3
ATL,2020,CHI,97,89,9.0,9.0,0.0,0.0,1.0,38.8,0.35,67.0,15.1,11.2,20.9,17.8,22.9,100.1,10.2,15.9,13.1,0.815,0.56,-6.13,80.0,0.518,25.3
ATL,2020,CON,82,75,11.0,9.0,0.0,0.0,1.0,38.8,0.35,67.0,15.1,11.2,20.9,17.8,22.9,100.1,10.2,15.9,13.1,0.815,0.56,-6.13,80.0,0.518,25.3
ATL,2020,WAS,78,85,13.0,9.0,0.0,0.0,1.0,38.8,0.35,67.0,15.1,11.2,20.9,17.8,22.9,100.1,10.2,15.9,13.1,0.815,0.56,-6.13,80.0,0.518,25.3
CHI,2020,LVA,88,86,26.0,7.0,0.0,0.0,0.0,41.6,0.351,57.7,15.1,9.1,27.1,18.5,22.3,107.6,11.3,17.0,13.6,0.898,-0.22,2.42,80.7,0.58,23.3
CHI,2020,LAS,96,78,28.0,7.0,0.0,0.0,0.0,41.6,0.351,57.7,15.1,9.1,27.1,18.5,22.3,107.6,11.3,17.0,13.6,0.898,-0.22,2.42,80.7,0.58,23.3
CHI,2020,MIN,81,83,30.0,7.0,0.0,0.0,0.0,41.6,0.351,57.7,15.1,9.1,27.1,18.5,22.3,107.6,11.3,17.0,13.6,0.898,-0.22,2.42,80.7,0.58,23.3
CHI,2020,WAS,88,86,1.0,8.0,0.0,0.0,0.0,41.6,0.351,57.7,15.1,9.1,27.1,18.5,22.3,107.6,11.3,17.0,13.6,0.898,-0.22,2.42,80.7,0.58,23.3
CHI,2020,DAL,82,79,4.0,8.0,0.0,0.0,0.0,41.6,0.351,57.7,15.1,9.1,27.1,18.5,22.3,107.6,11.3,17.0,13.6,0.898,-0.22,2.42,80.7,0.58,23.3
CHI,2020,PHO,86,96,6.0,8.0,0.0,0.0,0.0,41.6,0.351,57.7,15.1,9.1,27.1,18.5,22.3,107.6,11.3,17.0,13.6,0.898,-0.22,2.42,80.7,0.58,23.3
CHI,2020,CON,100,93,8.0,8.0,0.0,0.0,0.0,41.6,0.351,57.7,15.1,9.1,27.1,18.5,22.3,107.6,11.3,17.0,13.6,0.898,-0.22,2.42,80.7,0.58,23.3
CHI,2020,SEA,71,89,10.0,8.0,0.0,0.0,0.0,41.6,0.351,57.7,15.1,9.1,27.1,18.5,22.3,107.6,11.3,17.0,13.6,0.898,-0.22,2.42,80.7,0.58,23.3
CHI,2020,PHO,89,71,12.0,8.0,0.0,0.0,0.0,41.6,0.351,57.7,15.1,9.1,27.1,18.5,22.3,107.6,11.3,17.0,13.6,0.898,-0.22,2.42,80.7,0.58,23.3
CHI,2020,CON,74,77,14.0,8.0,0.0,0.0,0.0,41.6,0.351,57.7,15.1,9.1,27.1,18.5,22.3,107.6,11.3,17.0,13.6,0.898,-0.22,2.42,80.7,0.58,23.3
CHI,2020,ATL,92,67,16.0,8.0,0.0,0.0,0.0,41.6,0.351,57.7,15.1,9.1,27.1,18.5,22.3,107.6,11.3,17.0,13.6,0.898,-0.22,2.42,80.7,0.58,23.3
CHI,2020,LVA,84,82,18.0,8.0,0.0,0.0,0.0,41.6,0.351,57.7,15.1,9.1,27.1,18.5,22.3,107.6,11.3,17.0,13.6,0.898,-0.22,2.42,80.7,0.58,23.3
CHI,2020,NYL,101,85,20.0,8.0,0.0,0.0,0.0,41.6,0.351,57.7,15.1,9.1,27.1,18.5,22.3,107.6,11.3,17.0,13.6,0.898,-0.22,2.42,80.7,0.58,23.3
CHI,2020,IND,87,76,22.0,8.0,0.0,0.0,0.0,41.6,0.351,57.7,15.1,9.1,27.1,18.5,22.3,107.6,11.3,17.0,13.6,0.898,-0.22,2.42,80.7,0.58,23.3
CHI,2020,NYL,99,101,25.0,8.0,0.0,0.0,0.0,41.6,0.351,57.7,15.1,9.1,27.1,18.5,22.3,107.6,11.3,17.0,13.6,0.898,-0.22,2.42,80.7,0.58,23.3
CHI,2020,SEA,74,88,29.0,8.0,0.0,0.0,0.0,41.6,0.351,57.7,15.1,9.1,27.1,18.5,22.3,107.6,11.3,17.0,13.6,0.898,-0.22,2.42,80.7,0.58,23.3
CHI,2020,IND,100,77,31.0,8.0,0.0,0.0,0.0,41.6,0.351,57.7,15.1,9.1,27.1,18.5,22.3,107.6,11.3,17.0,13.6,0.898,-0.22,2.42,80.7,0.58,23.3
CHI,2020,MIN,83,86,2.0,9.0,0.0,0.0,0.0,41.6,0.351,57.7,15.1,9.1,27.1,18.5,22.3,107.6,11.3,17.0,13.6,0.898,-0.22,2.42,80.7,0.58,23.3
CHI,2020,WAS,69,79,4.0,9.0,0.0,0.0,0.0,41.6,0.351,57.7,15.1,9.1,27.1,18.5,22.3,107.6,11.3,17.0,13.6,0.898,-0.22,2.42,80.7,0.58,23.3
CHI,2020,LAS,80,86,6.0,9.0,0.0,0.0,0.0,41.6,0.351,57.7,15.1,9.1,27.1,18.5,22.3,107.6,11.3,17.0,13.6,0.898,-0.22,2.42,80.7,0.58,23.3
CHI,2020,ATL,89,97,9.0,9.0,0.0,0.0,0.0,41.6,0.351,57.7,15.1,9.1,27.1,18.5,22.3,107.6,11.3,17.0,13.6,0.898,-0.22,2.42,80.7,0.58,23.3
CHI,2020,DAL,95,88,11.0,9.0,0.0,0.0,0.0,41.6,0.351,57.7,15.1,9.1,27.1,18.5,22.3,107.6,11.3,17.0,13.6,0.898,-0.22,2.42,80.7,0.58,23.3
CON,2020,MIN,69,77,26.0,7.0,0.0,0.0,0.0,37.5,0.311,63.9,19.1,12.7,23.2,16.8,23.7,101.7,9.5,18.9,12.7,0.838,-0.04,0.42,78.6,0.513,27.8
CON,2020,WAS,89,94,28.0,7.0,0.0,0.0,0.0,37.5,0.311,63.9,19.1,12.7,23.2,16.8,23.7,101.7,9.5,18.9,12.7,0.838,-0.04,0.42,78.6,0.513,27.8
CON,2020,LAS,76,81,30.0,7.0,0.0,0.0,0.0,37.5,0.311,63.9,19.1,12.7,23.2,16.8,23.7,101.7,9.5,18.9,12.7,0.838,-0.04,0.42,78.6,0.513,27.8
CON,2020,MIN,69,78,1.0,8.0,0.0,0.0,0.0,37.5,0.311,63.9,19.1,12.7,23.2,16.8,23.7,101.7,9.5,18.9,12.7,0.838,-0.04,0.42,78.6,0.513,27.8
CON,2020,SEA,74,87,4.0,8.0,0.0,0.0,0.0,37.5,0.311,63.9,19.1,12.7,23.2,16.8,23.7,101.7,9.5,18.9,12.7,0.838,-0.04,0.42,78.6,0.513,27.8
CON,2020,DAL,91,68,6.0,8.0,0.0,0.0,0.0,37.5,0.311,63.9,19.1,12.7,23.2,16.8,23.7,101.7,9.5,18.9,12.7,0.838,-0.04,0.42,78.6,0.513,27.8
CON,2020,CHI,93,100,8.0,8.0,0.0,0.0,0.0,37.5,0.311,63.9,19.1,12.7,23.2,16.8,23.7,101.7,9.5,18.9,12.7,0.838,-0.04,0.42,78.6,0.513,27.8
CON,2020,ATL,93,82,10.0,8.0,0.0,0.0,0.0,37.5,0.311,63.9,19.1,12.7,23.2,16.8,23.7,101.7,9.5,18.9,12.7,0.838,-0.04,0.42,78.6,0.513,27.8
CON,2020,DAL,70,66,12.0,8.0,0.0,0.0,0.0,37.5,0.311,63.9,19.1,12.7,23.2,16.8,23.7,101.7,9.5,18.9,12.7,0.838,-0.04,0.42,78.6,0.513,27.8
CON,2020,CHI,77,74,14.0,8.0,0.0,0.0,0.0,37.5,0.311,63.9,19.1,12.7,23.2,16.8,23.7,101.7,9.5,18.9,12.7,0.838,-0.04,0.42,78.6,0.513,27.8
CON,2020,SEA,72,95,16.0,8.0,0.0,0.0,0.0,37.5,0.311,63.9,19.1,12.7,23.2,16.8,23.7,101.7,9.5,18.9,12.7,0.838,-0.04,0.42,78.6,0.513,27.8
CON,2020,IND,84,62,18.0,8.0,0.0,0.0,0.0,37.5,0.311,63.9,19.1,12.7,23.2,16.8,23.7,101.7,9.5,18.9,12.7,0.838,-0.04,0.42,78.6,0.513,27.8
CON,2020,LVA,78,99,20.0,8.0,0.0,0.0,0.0,37.5,0.311,63.9,19.1,12.7,23.2,16.8,23.7,101.7,9.5,18.9,12.7,0.838,-0.04,0.42,78.6,0.513,27.8
CON,2020,NYL,82,65,22.0,8.0,0.0,0.0,0.0,37.5,0.311,63.9,19.1,12.7,23.2,16.8,23.7,101.7,9.5,18.9,12.7,0.838,-0.04,0.42,78.6,0.513,27.8
CON,2020,LAS,76,80,28.0,8.0,0.0,0.0,0.0,37.5,0.311,63.9,19.1,12.7,23.2,16.8,23.7,101.7,9.5,18.9,12.7,0.838,-0.04,0.42,78.6,0.513,27.8
CON,2020,WAS,76,63,30.0,8.0,0.0,0.0,0.0,37.5,0.311,63.9,19.1,12.7,23.2,16.8,23.7,101.7,9.5,18.9,12.7,0.838,-0.04,0.42,78.6,0.513,27.8
CON,2020,NYL,70,65,1.0,9.0,0.0,0.0,0.0,37.5,0.311,63.9,19.1,12.7,23.2,16.8,23.7,101.7,9.5,18.9,12.7,0.838,-0.04,0.42,78.6,0.513,27.8
CON,2020,LVA,78,93,3.0,9.0,0.0,0.0,0.0,37.5,0.311,63.9,19.1,12.7,23.2,16.8,23.7,101.7,9.5,18.9,12.7,0.838,-0.04,0.42,78.6,0.513,27.8
CON,2020,IND,96,77,5.0,9.0,0.0,0.0,0.0,37.5,0.311,63.9,19.1,12.7,23.2,16.8,23.7,101.7,9.5,18.9,12.7,0.838,-0.04,0.42,78.6,0.513,27.8
CON,2020,PHO,85,70,7.0,9.0,0.0,0.0,0.0,37.5,0.311,63.9,19.1,12.7,23.2,16.8,23.7,101.7,9.5,18.9,12.7,0.838,-0.04,0.42,78.6,0.513,27.8
CON,2020,PHO,95,100,9.0,9.0,0.0,0.0,0.0,37.5,0.311,63.9,19.1,12.7,23.2,16.8,23.7,101.7,9.5,18.9,12.7,0.838,-0.04,0.42,78.6,0.513,27.8
CON,2020,ATL,75,82,11.0,9.0,0.0,0.0,0.0,37.5,0.311,63.9,19.1,12.7,23.2,16.8,23.7,101.7,9.5,18.9,12.7,0.838,-0.04,0.42,78.6,0.513,27.8
DAL,2020,ATL,95,105,26.0,7.0,0.0,1.0,0.0,37.4,0.323,55.1,19.8,11.4,19.8,13.9,25.0,105.9,7.4,17.1,15.0,0.811,0.3,-3.25,77.8,0.525,24.4
DAL,2020,NYL,93,80,29.0,7.0,0.0,1.0,0.0,37.4,0.323,55.1,19.8,11.4,19.8,13.9,25.0,105.9,7.4,17.1,15.0,0.811,0.3,-3.25,77.8,0.525,24.4
DAL,2020,IND,76,73,31.0,7.0,0.0,1.0,0.0,37.4,0.323,55.1,19.8,11.4,19.8,13.9,25.0,105.9,7.4,17.1,15.0,0.811,0.3,-3.25,77.8,0.525,24.4
DAL,2020,LVA,70,79,2.0,8.0,0.0,1.0,0.0,37.4,0.323,55.1,19.8,11.4,19.8,13.9,25.0,105.9,7.4,17.1,15.0,0.811,0.3,-3.25,77.8,0.525,24.4
DAL,2020,CHI,79,82,4.0,8.0,0.0,1.0,0.0,37.4,0.323,55.1,19.8,11.4,19.8,13.9,25.0,105.9,7.4,17.1,15.0,0.811,0.3,-3.25,77.8,0.525,24.4
DAL,2020,CON,68,91,6.0,8.0,0.0,1.0,0.0,37.4,0.323,55.1,19.8,11.4,19.8,13.9,25.0,105.9,7.4,17.1,15.0,0.811,0.3,-3.25,77.8,0.525,24.4
DAL,2020,ATL,85,75,8.0,8.0,0.0,0.0,0.0,37.4,0.323,55.1,19.8,11.4,19.8,13.9,25.0,105.9,7.4,17.1,15.0,0.811,0.3,-3.25,77.8,0.525,24.4
DAL,2020,PHO,79,91,10.0,8.0,0.0,1.0,0.0,37.4,0.323,55.1,19.8,11.4,19.8,13.9,25.0,105.9,7.4,17.1,15.0,0.811,0.3,-3.25,77.8,0.525,24.4
DAL,2020,CON,66,70,12.0,8.0,0.0,1.0,0.0,37.4,0.323,55.1,19.8,11.4,19.8,13.9,25.0,105.9,7.4,17.1,15.0,0.811,0.3,-3.25,77.8,0.525,24.4
DAL,2020,SEA,65,83,14.0,8.0,0.0,1.0,0.0,37.4,0.323,55.1,19.8,11.4,19.8,13.9,25.0,105.9,7.4,17.1,15.0,0.811,0.3,-3.25,77.8,0.525,24.4
DAL,2020,PHO,95,89,16.0,8.0,0.0,1.0,0.0,37.4,0.323,55.1,19.8,11.4,19.8,13.9,25.0,105.9,7.4,17.1,15.0,0.811,0.3,-3.25,77.8,0.525,24.4
DAL,2020,MIN,84,91,19.0,8.0,0.0,1.0,0.0,37.4,0.323,55.1,19.8,11.4,19.8,13.9,25.0,105.9,7.4,17.1,15.0,0.811,0.3,-3.25,77.8,0.525,24.4
DAL,2020,WAS,101,92,21.0,8.0,0.0,1.0,0.0,37.4,0.323,55.1,19.8,11.4,19.8,13.9,25.0,105.9,7.4,17.1,15.0,0.811,0.3,-3.25,77.8,0.525,24.4
DAL,2020,LAS,81,84,23.0,8.0,0.0,1.0,0.0,37.4,0.323,55.1,19.8,11.4,19.8,13.9,25.0,105.9,7.4,17.1,15.0,0.811,0.3,-3.25,77.8,0.525,24.4
DAL,2020,LVA,92,96,25.0,8.0,0.0,1.0,0.0,37.4,0.323,55.1,19.8,11.4,19.8,13.9,25.0,105.9,7.4,17.1,15.0,0.811,0.3,-3.25,77.8,0.525,24.4
DAL,2020,IND,82,78,29.0,8.0,0.0,1.0,0.0,37.4,0.323,55.1,19.8,11.4,19.8,13.9,25.0,105.9,7.4,17.1,15.0,0.811,0.3,-3.25,77.8,0.525,24.4
DAL,2020,LAS,83,91,2.0,9.0,0.0,1.0,0.0,37.4,0.323,55.1,19.8,11.4,19.8,13.9,25.0,105.9,7.4,17.1,15.0,0.811,0.3,-3.25,77.8,0.525,24.4
DAL,2020,MIN,75,88,4.0,9.0,0.0,1.0,0.0,37.4,0.323,55.1,19.8,11.4,19.8,13.9,25.0,105.9,7.4,17.1,15.0,0.811,0.3,-3.25,77.8,0.525,24.4
DAL,2020,WAS,101,94,6.0,9.0,0.0,1.0,0.0,37.4,0.323,55.1,19.8,11.4,19.8,13.9,25.0,105.9,7.4,17.1,15.0,0.811,0.3,-3.25,77.8,0.525,24.4
DAL,2020,SEA,95,107,9.0,9.0,0.0,1.0,0.0,37.4,0.323,55.1,19.8,11.4,19.8,13.9,25.0,105.9,7.4,17.1,15.0,0.811,0.3,-3.25,77.8,0.525,24.4
DAL,2020,CHI,88,95,11.0,9.0,0.0,1.0,0.0,37.4,0.323,55.1,19.8,11.4,19.8,13.9,25.0,105.9,7.4,17.1,15.0,0.811,0.3,-3.25,77.8,0.525,24.4
DAL,2020,NYL,82,79,13.0,9.0,0.0,1.0,0.0,37.4,0.323,55.1,19.8,11.4,19.8,13.9,25.0,105.9,7.4,17.1,15.0,0.811,0.3,-3.25,77.8,0.525,24.4
IND,2020,WAS,76,101,25.0,7.0,0.0,0.0,0.0,37.5,0.345,59.5,20.2,11.4,24.4,19.1,22.6,104.0,11.0,13.4,13.8,0.842,0.66,-7.21,78.5,0.543,26.9
IND,2020,PHO,106,100,29.0,7.0,0.0,0.0,0.0,37.5,0.345,59.5,20.2,11.4,24.4,19.1,22.6,104.0,11.0,13.4,13.8,0.842,0.66,-7.21,78.5,0.543,26.9
IND,2020,DAL,73,76,31.0,7.0,0.0,0.0,0.0,37.5,0.345,59.5,20.2,11.4,24.4,19.1,22.6,104.0,11.0,13.4,13.8,0.842,0.66,-7.21,78.5,0.543,26.9
IND,2020,ATL,93,77,2.0,8.0,0.0,0.0,0.0,37.5,0.345,59.5,20.2,11.4,24.4,19.1,22.6,104.0,11.0,13.4,13.8,0.842,0.66,-7.21,78.5,0.543,26.9
IND,2020,LAS,75,86,5.0,8.0,0.0,0.0,0.0,37.5,0.345,59.5,20.2,11.4,24.4,19.1,22.6,104.0,11.0,13.4,13.8,0.842,0.66,-7.21,78.5,0.543,26.9
IND,2020,MIN,80,87,7.0,8.0,0.0,0.0,0.0,37.5,0.345,59.5,20.2,11.4,24.4,19.1,22.6,104.0,11.0,13.4,13.8,0.842,0.66,-7.21,78.5,0.543,26.9
IND,2020,WAS,91,84,9.0,8.0,0.0,0.0,0.0,37.5,0.345,59.5,20.2,11.4,24.4,19.1,22.6,104.0,11.0,13.4,13.8,0.842,0.66,-7.21,78.5,0.543,26.9
IND,2020,LVA,79,98,11.0,8.0,0.0,0.0,0.0,37.5,0.345,59.5,20.2,11.4,24.4,19.1,22.6,104.0,11.0,13.4,13.8,0.842,0.66,-7.21,78.5,0.543,26.9
IND,2020,NYL,86,79,13.0,8.0,0.0,0.0,0.0,37.5,0.345,59.5,20.2,11.4,24.4,19.1,22.6,104.0,11.0,13.4,13.8,0.842,0.66,-7.21,78.5,0.543,26.9
IND,2020,LAS,76,90,15.0,8.0,0.0,0.0,0.0,37.5,0.345,59.5,20.2,11.4,24.4,19.1,22.6,104.0,11.0,13.4,13.8,0.842,0.66,-7.21,78.5,0.543,26.9
IND,2020,CON,62,84,18.0,8.0,0.0,0.0,0.0,37.5,0.345,59.5,20.2,11.4,24.4,19.1,22.6,104.0,11.0,13.4,13.8,0.842,0.66,-7.21,78.5,0.543,26.9
IND,2020,SEA,90,84,20.0,8.0,0.0,0.0,0.0,37.5,0.345,59.5,20.2,11.4,24.4,19.1,22.6,104.0,11.0,13.4,13.8,0.842,0.66,-7.21,78.5,0.543,26.9
IND,2020,CHI,76,87,22.0,8.0,0.0,0.0,0.0,37.5,0.345,59.5,20.2,11.4,24.4,19.1,22.6,104.0,11.0,13.4,13.8,0.842,0.66,-7.21,78.5,0.543,26.9
IND,2020,SEA,74,87,25.0,8.0,0.0,0.0,0.0,37.5,0.345,59.5,20.2,11.4,24.4,19.1,22.6,104.0,11.0,13.4,13.8,0.842,0.66,-7.21,78.5,0.543,26.9
IND,2020,DAL,78,82,29.0,8.0,0.0,0.0,0.0,37.5,0.345,59.5,20.2,11.4,24.4,19.1,22.6,104.0,11.0,13.4,13.8,0.842,0.66,-7.21,78.5,0.543,26.9
IND,2020,CHI,77,100,31.0,8.0,0.0,0.0,0.0,37.5,0.345,59.5,20.2,11.4,24.4,19.1,22.6,104.0,11.0,13.4,13.8,0.842,0.66,-7.21,78.5,0.543,26.9
IND,2020,ATL,90,102,1.0,9.0,0.0,0.0,0.0,37.5,0.345,59.5,20.2,11.4,24.4,19.1,22.6,104.0,11.0,13.4,13.8,0.842,0.66,-7.21,78.5,0.543,26.9
IND,2020,PHO,81,105,3.0,9.0,0.0,0.0,0.0,37.5,0.345,59.5,20.2,11.4,24.4,19.1,22.6,104.0,11.0,13.4,13.8,0.842,0.66,-7.21,78.5,0.543,26.9
IND,2020,CON,77,96,5.0,9.0,0.0,0.0,0.0,37.5,0.345,59.5,20.2,11.4,24.4,19.1,22.6,104.0,11.0,13.4,13.8,0.842,0.66,-7.21,78.5,0.543,26.9
IND,2020,LVA,86,92,8.0,9.0,0.0,0.0,0.0,37.5,0.345,59.5,20.2,11.4,24.4,19.1,22.6,104.0,11.0,13.4,13.8,0.842,0.66,-7.21,78.5,0.543,26.9
IND,2020,NYL,85,75,10.0,9.0,0.0,0.0,0.0,37.5,0.345,59.5,20.2,11.4,24.4,19.1,22.6,104.0,11.0,13.4,13.8,0.842,0.66,-7.21,78.5,0.543,26.9
IND,2020,MIN,86,98,12.0,9.0,0.0,0.0,0.0,37.5,0.345,59.5,20.2,11.4,24.4,19.1,22.6,104.0,11.0,13.4,13.8,0.842,0.66,-7.21,78.5,0.543,26.9
LAS,2020,PHO,99,76,25.0,7.0,0.0,0.0,0.0,40.1,0.398,60.9,16.6,7.9,25.0,17.4,22.9,105.9,10.3,21.2,13.3,0.887,-0.38,4.21,79.2,0.571,19.5
LAS,2020,CHI,78,96,28.0,7.0,0.0,0.0,0.0,40.1,0.398,60.9,16.6,7.9,25.0,17.4,22.9,105.9,10.3,21.2,13.3,0.887,-0.38,4.21,79.2,0.571,19.5
LAS,2020,CON,81,76,30.0,7.0,0.0,0.0,0.0,40.1,0.398,60.9,16.6,7.9,25.0,17.4,22.9,105.9,10.3,21.2,13.3,0.887,-0.38,4.21,79.2,0.571,19.5
LAS,2020,SEA,75,81,1.0,8.0,0.0,0.0,0.0,40.1,0.398,60.9,16.6,7.9,25.0,17.4,22.9,105.9,10.3,21.2,13.3,0.887,-0.38,4.21,79.2,0.571,19.5
LAS,2020,IND,86,75,5.0,8.0,0.0,0.0,0.0,40.1,0.398,60.9,16.6,7.9,25.0,17.4,22.9,105.9,10.3,21.2,13.3,0.887,-0.38,4.21,79.2,0.571,19.5
LAS,2020,LVA,82,86,7.0,8.0,0.0,0.0,0.0,40.1,0.398,60.9,16.6,7.9,25.0,17.4,22.9,105.9,10.3,21.2,13.3,0.887,-0.38,4.21,79.2,0.571,19.5
LAS,2020,MIN,97,81,9.0,8.0,0.0,0.0,0.0,40.1,0.398,60.9,16.6,7.9,25.0,17.4,22.9,105.9,10.3,21.2,13.3,0.887,-0.38,4.21,79.2,0.571,19.5
LAS,2020,NYL,93,78,11.0,8.0,0.0,0.0,0.0,40.1,0.398,60.9,16.6,7.9,25.0,17.4,22.9,105.9,10.3,21.2,13.3,0.887,-0.38,4.21,79.2,0.571,19.5
LAS,2020,WAS,81,64,13.0,8.0,0.0,0.0,0.0,40.1,0.398,60.9,16.6,7.9,25.0,17.4,22.9,105.9,10.3,21.2,13.3,0.887,-0.38,4.21,79.2,0.571,19.5
LAS,2020,IND,90,76,15.0,8.0,0.0,0.0,0.0,40.1,0.398,60.9,16.6,7.9,25.0,17.4,22.9,105.9,10.3,21.2,13.3,0.887,-0.38,4.21,79.2,0.571,19.5
LAS,2020,PHO,83,74,19.0,8.0,0.0,0.0,0.0,40.1,0.398,60.9,16.6,7.9,25.0,17.4,22.9,105.9,10.3,21.2,13.3,0.887,-0.38,4.21,79.2,0.571,19.5
LAS,2020,ATL,93,85,21.0,8.0,0.0,0.0,0.0,40.1,0.398,60.9,16.6,7.9,25.0,17.4,22.9,105.9,10.3,21.2,13.3,0.887,-0.38,4.21,79.2,0.571,19.5
LAS,2020,DAL,84,81,23.0,8.0,0.0,0.0,0.0,40.1,0.398,60.9,16.6,7.9,25.0,17.4,22.9,105.9,10.3,21.2,13.3,0.887,-0.38,4.21,79.2,0.571,19.5
LAS,2020,CON,80,76,28.0,8.0,0.0,0.0,0.0,40.1,0.398,60.9,16.6,7.9,25.0,17.4,22.9,105.9,10.3,21.2,13.3,0.887,-0.38,4.21,79.2,0.571,19.5
LAS,2020,ATL,84,79,30.0,8.0,0.0,0.0,0.0,40.1,0.398,60.9,16.6,7.9,25.0,17.4,22.9,105.9,10.3,21.2,13.3,0.887,-0.38,4.21,79.2,0.571,19.5
LAS,2020,MIN,78,96,31.0,8.0,0.0,0.0,0.0,40.1,0.398,60.9,16.6,7.9,25.0,17.4,22.9,105.9,10.3,21.2,13.3,0.887,-0.38,4.21,79.2,0.571,19.5
LAS,2020,DAL,91,83,2.0,9.0,0.0,0.0,0.0,40.1,0.398,60.9,16.6,7.9,25.0,17.4,22.9,105.9,10.3,21.2,13.3,0.887,-0.38,4.21,79.2,0.571,19.5
LAS,2020,SEA,89,90,4.0,9.0,0.0,0.0,0.0,40.1,0.398,60.9,16.6,7.9,25.0,17.4,22.9,105.9,10.3,21.2,13.3,0.887,-0.38,4.21,79.2,0.571,19.5
LAS,2020,CHI,86,80,6.0,9.0,0.0,0.0,0.0,40.1,0.398,60.9,16.6,7.9,25.0,17.4,22.9,105.9,10.3,21.2,13.3,0.887,-0.38,4.21,79.2,0.571,19.5
LAS,2020,NYL,96,70,8.0,9.0,0.0,0.0,0.0,40.1,0.398,60.9,16.6,7.9,25.0,17.4,22.9,105.9,10.3,21.2,13.3,0.887,-0.38,4.21,79.2,0.571,19.5
LAS,2020,WAS,72,80,10.0,9.0,0.0,0.0,0.0,40.1,0.398,60.9,16.6,7.9,25.0,17.4,22.9,105.9,10.3,21.2,13.3,0.887,-0.38,4.21,79.2,0.571,19.5
LAS,2020,LVA,70,84,12.0,9.0,0.0,0.0,0.0,40.1,0.398,60.9,16.6,7.9,25.0,17.4,22.9,105.9,10.3,21.2,13.3,0.887,-0.38,4.21,79.2,0.571,19.5
MIN,2020,CON,77,69,26.0,7.0,0.0,1.0,0.0,39.7,0.385,59.1,19.4,12.9,25.7,18.4,21.9,109.6,10.5,18.5,13.7,0.929,-0.32,3.5,77.0,0.562,30.4
MIN,2020,SEA,66,90,28.0,7.0,0.0,1.0,0.0,39.7,0.385,59.1,19.4,12.9,25.7,18.4,21.9,109.6,10.5,18.5,13.7,0.929,-0.32,3.5,77.0,0.562,30.4
MIN,2020,CHI,83,81,30.0,7.0,0.0,1.0,0.0,39.7,0.385,59.1,19.4,12.9,25.7,18.4,21.9,109.6,10.5,18.5,13.7,0.929,-0.32,3.5,77.0,0.562,30.4
MIN,2020,CON,78,69,1.0,8.0,0.0,1.0,0.0,39.7,0.385,59.1,19.4,12.9,25.7,18.4,21.9,109.6,10.5,18.5,13.7,0.929,-0.32,3.5,77.0,0.562,30.4
MIN,2020,NYL,92,66,5.0,8.0,0.0,1.0,0.0,39.7,0.385,59.1,19.4,12.9,25.7,18.4,21.9,109.6,10.5,18.5,13.7,0.929,-0.32,3.5,77.0,0.562,30.4
MIN,2020,IND,87,80,7.0,8.0,0.0,1.0,0.0,39.7,0.385,59.1,19.4,12.9,25.7,18.4,21.9,109.6,10.5,18.5,13.7,0.929,-0.32,3.5,77.0,0.562,30.4
MIN,2020,LAS,81,97,9.0,8.0,0.0,1.0,0.0,39.7,0.385,59.1,19.4,12.9,25.7,18.4,21.9,109.6,10.5,18.5,13.7,0.929,-0.32,3.5,77.0,0.562,30.4
MIN,2020,WAS,68,48,11.0,8.0,0.0,1.0,0.0,39.7,0.385,59.1,19.4,12.9,25.7,18.4,21.9,109.6,10.5,18.5,13.7,0.929,-0.32,3.5,77.0,0.562,30.4
MIN,2020,LVA,77,87,13.0,8.0,0.0,1.0,0.0,39.7,0.385,59.1,19.4,12.9,25.7,18.4,21.9,109.6,10.5,18.5,13.7,0.929,-0.32,3.5,77.0,0.562,30.4
MIN,2020,NYL,94,64,15.0,8.0,0.0,1.0,0.0,39.7,0.385,59.1,19.4,12.9,25.7,18.4,21.9,109.6,10.5,18.5,13.7,0.929,-0.32,3.5,77.0,0.562,30.4
MIN,2020,DAL,91,84,19.0,8.0,0.0,1.0,0.0,39.7,0.385,59.1,19.4,12.9,25.7,18.4,21.9,109.6,10.5,18.5,13.7,0.929,-0.32,3.5,77.0,0.562,30.4
MIN,2020,PHO,90,80,21.0,8.0,0.0,1.0,0.0,39.7,0.385,59.1,19.4,12.9,25.7,18.4,21.9,109.6,10.5,18.5,13.7,0.929,-0.32,3.5,77.0,0.562,30.4
MIN,2020,ATL,75,78,23.0,8.0,0.0,1.0,0.0,39.7,0.385,59.1,19.4,12.9,25.7,18.4,21.9,109.6,10.5,18.5,13.7,0.929,-0.32,3.5,77.0,0.562,30.4
MIN,2020,ATL,88,79,28.0,8.0,0.0,1.0,0.0,39.7,0.385,59.1,19.4,12.9,25.7,18.4,21.9,109.6,10.5,18.5,13.7,0.929,-0.32,3.5,77.0,0.562,30.4
MIN,2020,PHO,79,83,30.0,8.0,0.0,1.0,0.0,39.7,0.385,59.1,19.4,12.9,25.7,18.4,21.9,109.6,10.5,18.5,13.7,0.929,-0.32,3.5,77.0,0.562,30.4
MIN,2020,LAS,96,78,31.0,8.0,0.0,1.0,0.0,39.7,0.385,59.1,19.4,12.9,25.7,18.4,21.9,109.6,10.5,18.5,13.7,0.929,-0.32,3.5,77.0,0.562,30.4
MIN,2020,CHI,86,83,2.0,9.0,0.0,1.0,0.0,39.7,0.385,59.1,19.4,12.9,25.7,18.4,21.9,109.6,10.5,18.5,13.7,0.929,-0.32,3.5,77.0,0.562,30.4
MIN,2020,DAL,88,75,4.0,9.0,0.0,1.0,0.0,39.7,0.385,59.1,19.4,12.9,25.7,18.4,21.9,109.6,10.5,18.5,13.7,0.929,-0.32,3.5,77.0,0.562,30.4
MIN,2020,SEA,88,103,6.0,9.0,0.0,1.0,0.0,39.7,0.385,59.1,19.4,12.9,25.7,18.4,21.9,109.6,10.5,18.5,13.7,0.929,-0.32,3.5,77.0,0.562,30.4
MIN,2020,WAS,86,89,8.0,9.0,0.0,1.0,0.0,39.7,0.385,59.1,19.4,12.9,25.7,18.4,21.9,109.6,10.5,18.5,13.7,0.929,-0.32,3.5,77.0,0.562,30.4
MIN,2020,LVA,89,104,10.0,9.0,0.0,1.0,0.0,39.7,0.385,59.1,19.4,12.9,25.7,18.4,21.9,109.6,10.5,18.5,13.7,0.929,-0.32,3.5,77.0,0.562,30.4
MIN,2020,IND,98,86,12.0,9.0,0.0,0.0,0.0,39.7,0.385,59.1,19.4,12.9,25.7,18.4,21.9,109.6,10.5,18.5,13.7,0.929,-0.32,3.5,77.0,0.562,30.4
NYL,2020,SEA,71,87,25.0,7.0,0.0,0.0,1.0,30.3,0.277,47.6,18.7,9.8,18.3,20.7,23.5,88.6,11.8,14.7,14.8,0.844,1.17,-12.83,81.1,0.485,21.6
NYL,2020,DAL,80,93,29.0,7.0,0.0,0.0,1.0,30.3,0.277,47.6,18.7,9.8,18.3,20.7,23.5,88.6,11.8,14.7,14.8,0.844,1.17,-12.83,81.1,0.485,21.6
NYL,2020,ATL,78,84,31.0,7.0,0.0,0.0,1.0,30.3,0.277,47.6,18.7,9.8,18.3,20.7,23.5,88.6,11.8,14.7,14.8,0.844,1.17,-12.83,81.1,0.485,21.6
NYL,2020,PHO,67,96,2.0,8.0,0.0,0.0,0.0,30.3,0.277,47.6,18.7,9.8,18.3,20.7,23.5,88.6,11.8,14.7,14.8,0.844,1.17,-12.83,81.1,0.485,21.6
NYL,2020,MIN,66,92,5.0,8.0,0.0,0.0,0.0,30.3,0.277,47.6,18.7,9.8,18.3,20.7,23.5,88.6,11.8,14.7,14.8,0.844,1.17,-12.83,81.1,0.485,21.6
NYL,2020,WAS,74,66,7.0,8.0,0.0,0.0,0.0,30.3,0.277,47.6,18.7,9.8,18.3,20.7,23.5,88.6,11.8,14.7,14.8,0.844,1.17,-12.83,81.1,0.485,21.6
NYL,2020,LVA,76,78,9.0,8.0,0.0,0.0,0.0,30.3,0.277,47.6,18.7,9.8,18.3,20.7,23.5,88.6,11.8,14.7,14.8,0.844,1.17,-12.83,81.1,0.485,21.6
NYL,2020,LAS,78,93,11.0,8.0,0.0,0.0,0.0,30.3,0.277,47.6,18.7,9.8,18.3,20.7,23.5,88.6,11.8,14.7,14.8,0.844,1.17,-12.83,81.1,0.485,21.6
NYL,2020,IND,79,86,13.0,8.0,0.0,0.0,0.0,30.3,0.277,47.6,18.7,9.8,18.3,20.7,23.5,88.6,11.8,14.7,14.8,0.844,1.17,-12.83,81.1,0.485,21.6
NYL,2020,MIN,64,94,15.0,8.0,0.0,0.0,0.0,30.3,0.277,47.6,18.7,9.8,18.3,20.7,23.5,88.6,11.8,14.7,14.8,0.844,1.17,-12.83,81.1,0.485,21.6
NYL,2020,SEA,64,105,18.0,8.0,0.0,0.0,0.0,30.3,0.277,47.6,18.7,9.8,18.3,20.7,23.5,88.6,11.8,14.7,14.8,0.844,1.17,-12.83,81.1,0.485,21.6
NYL,2020,CHI,85,101,20.0,8.0,0.0,0.0,0.0,30.3,0.277,47.6,18.7,9.8,18.3,20.7,23.5,88.6,11.8,14.7,14.8,0.844,1.17,-12.83,81.1,0.485,21.6
NYL,2020,CON,65,82,22.0,8.0,0.0,0.0,0.0,30.3,0.277,47.6,18.7,9.8,18.3,20.7,23.5,88.6,11.8,14.7,14.8,0.844,1.17,-12.83,81.1,0.485,21.6
NYL,2020,CHI,101,99,25.0,8.0,0.0,0.0,0.0,30.3,0.277,47.6,18.7,9.8,18.3,20.7,23.5,88.6,11.8,14.7,14.8,0.844,1.17,-12.83,81.1,0.485,21.6
NYL,2020,LVA,63,80,29.0,8.0,0.0,0.0,0.0,30.3,0.277,47.6,18.7,9.8,18.3,20.7,23.5,88.6,11.8,14.7,14.8,0.844,1.17,-12.83,81.1,0.485,21.6
NYL,2020,CON,65,70,1.0,9.0,0.0,0.0,0.0,30.3,0.277,47.6,18.7,9.8,18.3,20.7,23.5,88.6,11.8,14.7,14.8,0.844,1.17,-12.83,81.1,0.485,21.6
NYL,2020,ATL,56,62,3.0,9.0,0.0,0.0,0.0,30.3,0.277,47.6,18.7,9.8,18.3,20.7,23.5,88.6,11.8,14.7,14.8,0.844,1.17,-12.83,81.1,0.485,21.6
NYL,2020,PHO,67,83,5.0,9.0,0.0,0.0,0.0,30.3,0.277,47.6,18.7,9.8,18.3,20.7,23.5,88.6,11.8,14.7,14.8,0.844,1.17,-12.83,81.1,0.485,21.6
NYL,2020,LAS,70,96,8.0,9.0,0.0,0.0,0.0,30.3,0.277,47.6,18.7,9.8,18.3,20.7,23.5,88.6,11.8,14.7,14.8,0.844,1.17,-12.83,81.1,0.485,21.6
NYL,2020,IND,75,85,10.0,9.0,0.0,0.0,0.0,30.3,0.277,47.6,18.7,9.8,18.3,20.7,23.5,88.6,11.8,14.7,14.8,0.844,1.17,-12.83,81.1,0.485,21.6
NYL,2020,WAS,58,75,12.0,9.0,0.0,0.0,0.0,30.3,0.277,47.6,18.7,9.8,18.3,20.7,23.5,88.6,11.8,14.7,14.8,0.844,1.17,-12.83,81.1,0.485,21.6
NYL,2020,DAL,79,82,13.0,9.0,0.0,0.0,0.0,30.3,0.277,47.6,18.7,9.8,18.3,20.7,23.5,88.6,11.8,14.7,14.8,0.844,1.17,-12.83,81.1,0.485,21.6
PHO,2020,LAS,76,99,25.0,7.0,0.0,0.0,0.0,37.4,0.343,52.7,21.5,9.3,25.3,17.3,24.5,106.8,9.7,16.5,14.5,0.746,-0.17,1.83,80.2,0.564,22.2
PHO,2020,IND,100,106,29.0,7.0,0.0,0.0,0.0,37.4,0.343,52.7,21.5,9.3,25.3,17.3,24.5,106.8,9.7,16.5,14.5,0.746,-0.17,1.83,80.2,0.564,22.2
PHO,2020,LVA,102,95,31.0,7.0,0.0,0.0,0.0,37.4,0.343,52.7,21.5,9.3,25.3,17.3,24.5,106.8,9.7,16.5,14.5,0.746,-0.17,1.83,80.2,0.564,22.2
PHO,2020,NYL,96,67,2.0,8.0,0.0,0.0,0.0,37.4,0.343,52.7,21.5,9.3,25.3,17.3,24.5,106.8,9.7,16.5,14.5,0.746,-0.17,1.83,80.2,0.564,22.2
PHO,2020,ATL,81,74,4.0,8.0,0.0,0.0,0.0,37.4,0.343,52.7,21.5,9.3,25.3,17.3,24.5,106.8,9.7,16.5,14.5,0.746,-0.17,1.83,80.2,0.564,22.2
PHO,2020,CHI,96,86,6.0,8.0,0.0,0.0,0.0,37.4,0.343,52.7,21.5,9.3,25.3,17.3,24.5,106.8,9.7,16.5,14.5,0.746,-0.17,1.83,80.2,0.564,22.2
PHO,2020,SEA,68,74,8.0,8.0,0.0,0.0,0.0,37.4,0.343,52.7,21.5,9.3,25.3,17.3,24.5,106.8,9.7,16.5,14.5,0.746,-0.17,1.83,80.2,0.564,22.2
PHO,2020,DAL,91,79,10.0,8.0,0.0,0.0,0.0,37.4,0.343,52.7,21.5,9.3,25.3,17.3,24.5,106.8,9.7,16.5,14.5,0.746,-0.17,1.83,80.2,0.564,22.2
PHO,2020,CHI,71,89,12.0,8.0,0.0,0.0,0.0,37.4,0.343,52.7,21.5,9.3,25.3,17.3,24.5,106.8,9.7,16.5,14.5,0.746,-0.17,1.83,80.2,0.564,22.2
PHO,2020,ATL,96,80,14.0,8.0,0.0,0.0,0.0,37.4,0.343,52.7,21.5,9.3,25.3,17.3,24.5,106.8,9.7,16.5,14.5,0.746,-0.17,1.83,80.2,0.564,22.2
PHO,2020,DAL,89,95,16.0,8.0,0.0,0.0,0.0,37.4,0.343,52.7,21.5,9.3,25.3,17.3,24.5,106.8,9.7,16.5,14.5,0.746,-0.17,1.83,80.2,0.564,22.2
PHO,2020,LAS,74,83,19.0,8.0,0.0,0.0,0.0,37.4,0.343,52.7,21.5,9.3,25.3,17.3,24.5,106.8,9.7,16.5,14.5,0.746,-0.17,1.83,80.2,0.564,22.2
PHO,2020,MIN,80,90,21.0,8.0,0.0,0.0,0.0,37.4,0.343,52.7,21.5,9.3,25.3,17.3,24.5,106.8,9.7,16.5,14.5,0.746,-0.17,1.83,80.2,0.564,22.2
PHO,2020,WAS,88,87,23.0,8.0,0.0,0.0,0.0,37.4,0.343,52.7,21.5,9.3,25.3,17.3,24.5,106.8,9.7,16.5,14.5,0.746,-0.17,1.83,80.2,0.564,22.2
PHO,2020,WAS,94,72,28.0,8.0,0.0,0.0,0.0,37.4,0.343,52.7,21.5,9.3,25.3,17.3,24.5,106.8,9.7,16.5,14.5,0.746,-0.17,1.83,80.2,0.564,22.2
PHO,2020,MIN,83,79,30.0,8.0,0.0,0.0,0.0,37.4,0.343,52.7,21.5,9.3,25.3,17.3,24.5,106.8,9.7,16.5,14.5,0.746,-0.17,1.83,80.2,0.564,22.2
PHO,2020,LVA,92,85,1.0,9.0,0.0,0.0,0.0,37.4,0.343,52.7,21.5,9.3,25.3,17.3,24.5,106.8,9.7,16.5,14.5,0.746,-0.17,1.83,80.2,0.564,22.2
PHO,2020,IND,105,81,3.0,9.0,0.0,0.0,0.0,37.4,0.343,52.7,21.5,9.3,25.3,17.3,24.5,106.8,9.7,16.5,14.5,0.746,-0.17,1.83,80.2,0.564,22.2
PHO,2020,NYL,83,67,5.0,9.0,0.0,0.0,0.0,37.4,0.343,52.7,21.5,9.3,25.3,17.3,24.5,106.8,9.7,16.5,14.5,0.746,-0.17,1.83,80.2,0.564,22.2
PHO,2020,CON,70,85,7.0,9.0,0.0,0.0,0.0,37.4,0.343,52.7,21.5,9.3,25.3,17.3,24.5,106.8,9.7,16.5,14.5,0.746,-0.17,1.83,80.2,0.564,22.2
PHO,2020,CON,100,95,9.0,9.0,0.0,0.0,0.0,37.4,0.343,52.7,21.5,9.3,25.3,17.3,24.5,106.8,9.7,16.5,14.5,0.746,-0.17,1.83,80.2,0.564,22.2
PHO,2020,SEA,60,83,11.0,9.0,0.0,0.0,0.0,37.4,0.343,52.7,21.5,9.3,25.3,17.3,24.5,106.8,9.7,16.5,14.5,0.746,-0.17,1.83,80.2,0.564,22.2
SEA,2020,NYL,87,71,25.0,7.0,0.0,0.0,0.0,40.2,0.394,58.5,19.4,9.6,27.6,16.7,20.9,110.4,9.3,19.2,13.2,0.903,-0.96,10.58,79.2,0.575,23.4
SEA,2020,MIN,90,66,28.0,7.0,0.0,0.0,0.0,40.2,0.394,58.5,19.4,9.6,27.6,16.7,20.9,110.4,9.3,19.2,13.2,0.903,-0.96,10.58,79.2,0.575,23.4
SEA,2020,WAS,71,89,30.0,7.0,0.0,0.0,0.0,40.2,0.394,58.5,19.4,9.6,27.6,16.7,20.9,110.4,9.3,19.2,13.2,0.903,-0.96,10.58,79.2,0.575,23.4
SEA,2020,LAS,81,75,1.0,8.0,0.0,0.0,0.0,40.2,0.394,58.5,19.4,9.6,27.6,16.7,20.9,110.4,9.3,19.2,13.2,0.903,-0.96,10.58,79.2,0.575,23.4
SEA,2020,CON,87,74,4.0,8.0,0.0,0.0,0.0,40.2,0.394,58.5,19.4,9.6,27.6,16.7,20.9,110.4,9.3,19.2,13.2,0.903,-0.96,10.58,79.2,0.575,23.4
SEA,2020,ATL,93,92,6.0,8.0,0.0,0.0,0.0,40.2,0.394,58.5,19.4,9.6,27.6,16.7,20.9,110.4,9.3,19.2,13.2,0.903,-0.96,10.58,79.2,0.575,23.4
SEA,2020,PHO,74,68,8.0,8.0,0.0,0.0,0.0,40.2,0.394,58.5,19.4,9.6,27.6,16.7,20.9,110.4,9.3,19.2,13.2,0.903,-0.96,10.58,79.2,0.575,23.4
SEA,2020,CHI,89,71,10.0,8.0,0.0,0.0,0.0,40.2,0.394,58.5,19.4,9.6,27.6,16.7,20.9,110.4,9.3,19.2,13.2,0.903,-0.96,10.58,79.2,0.575,23.4
SEA,2020,ATL,100,63,12.0,8.0,0.0,0.0,0.0,40.2,0.394,58.5,19.4,9.6,27.6,16.7,20.9,110.4,9.3,19.2,13.2,0.903,-0.96,10.58,79.2,0.575,23.4
SEA,2020,DAL,83,65,14.0,8.0,0.0,0.0,0.0,40.2,0.394,58.5,19.4,9.6,27.6,16.7,20.9,110.4,9.3,19.2,13.2,0.903,-0.96,10.58,79.2,0.575,23.4
SEA,2020,CON,95,72,16.0,8.0,0.0,0.0,0.0,40.2,0.394,58.5,19.4,9.6,27.6,16.7,20.9,110.4,9.3,19.2,13.2,0.903,-0.96,10.58,79.2,0.575,23.4
SEA,2020,NYL,105,64,18.0,8.0,0.0,0.0,0.0,40.2,0.394,58.5,19.4,9.6,27.6,16.7,20.9,110.4,9.3,19.2,13.2,0.903,-0.96,10.58,79.2,0.575,23.4
SEA,2020,IND,84,90,20.0,8.0,0.0,0.0,0.0,40.2,0.394,58.5,19.4,9.6,27.6,16.7,20.9,110.4,9.3,19.2,13.2,0.903,-0.96,10.58,79.2,0.575,23.4
SEA,2020,LVA,74,82,22.0,8.0,0.0,0.0,0.0,40.2,0.394,58.5,19.4,9.6,27.6,16.7,20.9,110.4,9.3,19.2,13.2,0.903,-0.96,10.58,79.2,0.575,23.4
SEA,2020,IND,87,74,25.0,8.0,0.0,0.0,0.0,40.2,0.394,58.5,19.4,9.6,27.6,16.7,20.9,110.4,9.3,19.2,13.2,0.903,-0.96,10.58,79.2,0.575,23.4
SEA,2020,CHI,88,74,29.0,8.0,0.0,0.0,0.0,40.2,0.394,58.5,19.4,9.6,27.6,16.7,20.9,110.4,9.3,19.2,13.2,0.903,-0.96,10.58,79.2,0.575,23.4
SEA,2020,WAS,71,64,2.0,9.0,0.0,0.0,0.0,40.2,0.394,58.5,19.4,9.6,27.6,16.7,20.9,110.4,9.3,19.2,13.2,0.903,-0.96,10.58,79.2,0.575,23.4
SEA,2020,LAS,90,89,4.0,9.0,0.0,0.0,0.0,40.2,0.394,58.5,19.4,9.6,27.6,16.7,20.9,110.4,9.3,19.2,13.2,0.903,-0.96,10.58,79.2,0.575,23.4
SEA,2020,MIN,103,88,6.0,9.0,0.0,0.0,0.0,40.2,0.394,58.5,19.4,9.6,27.6,16.7,20.9,110.4,9.3,19.2,13.2,0.903,-0.96,10.58,79.2,0.575,23.4
SEA,2020,DAL,107,95,9.0,9.0,0.0,0.0,0.0,40.2,0.394,58.5,19.4,9.6,27.6,16.7,20.9,110.4,9.3,19.2,13.2,0.903,-0.96,10.58,79.2,0.575,23.4
SEA,2020,PHO,83,60,11.0,9.0,0.0,0.0,0.0,40.2,0.394,58.5,19.4,9.6,27.6,16.7,20.9,110.4,9.3,19.2,13.2,0.903,-0.96,10.58,79.2,0.575,23.4
SEA,2020,LVA,84,86,13.0,9.0,0.0,0.0,0.0,40.2,0.394,58.5,19.4,9.6,27.6,16.7,20.9,110.4,9.3,19.2,13.2,0.903,-0.96,10.58,79.2,0.575,23.4
WAS,2020,IND,101,76,25.0,7.0,0.0,0.0,0.0,38.3,0.341,57.1,16.1,9.5,25.5,15.6,21.9,103.5,8.1,18.3,14.7,0.885,0.13,-1.42,76.4,0.532,21.2
WAS,2020,CON,94,89,28.0,7.0,0.0,0.0,0.0,38.3,0.341,57.1,16.1,9.5,25.5,15.6,21.9,103.5,8.1,18.3,14.7,0.885,0.13,-1.42,76.4,0.532,21.2
WAS,2020,SEA,89,71,30.0,7.0,0.0,0.0,0.0,38.3,0.341,57.1,16.1,9.5,25.5,15.6,21.9,103.5,8.1,18.3,14.7,0.885,0.13,-1.42,76.4,0.532,21.2
WAS,2020,CHI,86,88,1.0,8.0,0.0,0.0,0.0,38.3,0.341,57.1,16.1,9.5,25.5,15.6,21.9,103.5,8.1,18.3,14.7,0.885,0.13,-1.42,76.4,0.532,21.2
WAS,2020,LVA,77,83,5.0,8.0,0.0,0.0,0.0,38.3,0.341,57.1,16.1,9.5,25.5,15.6,21.9,103.5,8.1,18.3,14.7,0.885,0.13,-1.42,76.4,0.532,21.2
WAS,2020,NYL,66,74,7.0,8.0,0.0,0.0,0.0,38.3,0.341,57.1,16.1,9.5,25.5,15.6,21.9,103.5,8.1,18.3,14.7,0.885,0.13,-1.42,76.4,0.532,21.2
WAS,2020,IND,84,91,9.0,8.0,0.0,0.0,0.0,38.3,0.341,57.1,16.1,9.5,25.5,15.6,21.9,103.5,8.1,18.3,14.7,0.885,0.13,-1.42,76.4,0.532,21.2
WAS,2020,MIN,48,68,11.0,8.0,0.0,0.0,0.0,38.3,0.341,57.1,16.1,9.5,25.5,15.6,21.9,103.5,8.1,18.3,14.7,0.885,0.13,-1.42,76.4,0.532,21.2
WAS,2020,LAS,64,81,13.0,8.0,0.0,0.0,0.0,38.3,0.341,57.1,16.1,9.5,25.5,15.6,21.9,103.5,8.1,18.3,14.7,0.885,0.13,-1.42,76.4,0.532,21.2
WAS,2020,LVA,73,88,15.0,8.0,0.0,0.0,0.0,38.3,0.341,57.1,16.1,9.5,25.5,15.6,21.9,103.5,8.1,18.3,14.7,0.885,0.13,-1.42,76.4,0.532,21.2
WAS,2020,ATL,98,91,19.0,8.0,0.0,0.0,0.0,38.3,0.341,57.1,16.1,9.5,25.5,15.6,21.9,103.5,8.1,18.3,14.7,0.885,0.13,-1.42,76.4,0.532,21.2
WAS,2020,DAL,92,101,21.0,8.0,0.0,0.0,0.0,38.3,0.341,57.1,16.1,9.5,25.5,15.6,21.9,103.5,8.1,18.3,14.7,0.885,0.13,-1.42,76.4,0.532,21.2
WAS,2020,PHO,87,88,23.0,8.0,0.0,0.0,0.0,38.3,0.341,57.1,16.1,9.5,25.5,15.6,21.9,103.5,8.1,18.3,14.7,0.885,0.13,-1.42,76.4,0.532,21.2
WAS,2020,PHO,72,94,28.0,8.0,0.0,0.0,0.0,38.3,0.341,57.1,16.1,9.5,25.5,15.6,21.9,103.5,8.1,18.3,14.7,0.885,0.13,-1.42,76.4,0.532,21.2
WAS,2020,CON,63,76,30.0,8.0,0.0,0.0,0.0,38.3,0.341,57.1,16.1,9.5,25.5,15.6,21.9,103.5,8.1,18.3,14.7,0.885,0.13,-1.42,76.4,0.532,21.2
WAS,2020,SEA,64,71,2.0,9.0,0.0,0.0,0.0,38.3,0.341,57.1,16.1,9.5,25.5,15.6,21.9,103.5,8.1,18.3,14.7,0.885,0.13,-1.42,76.4,0.532,21.2
WAS,2020,CHI,79,69,4.0,9.0,0.0,0.0,0.0,38.3,0.341,57.1,16.1,9.5,25.5,15.6,21.9,103.5,8.1,18.3,14.7,0.885,0.13,-1.42,76.4,0.532,21.2
WAS,2020,DAL,94,101,6.0,9.0,0.0,0.0,0.0,38.3,0.341,57.1,16.1,9.5,25.5,15.6,21.9,103.5,8.1,18.3,14.7,0.885,0.13,-1.42,76.4,0.532,21.2
WAS,2020,MIN,89,86,8.0,9.0,0.0,0.0,0.0,38.3,0.341,57.1,16.1,9.5,25.5,15.6,21.9,103.5,8.1,18.3,14.7,0.885,0.13,-1.42,76.4,0.532,21.2
WAS,2020,LAS,80,72,10.0,9.0,0.0,0.0,0.0,38.3,0.341,57.1,16.1,9.5,25.5,15.6,21.9,103.5,8.1,18.3,14.7,0.885,0.13,-1.42,76.4,0.532,21.2
WAS,2020,NYL,75,58,12.0,9.0,0.0,0.0,0.0,38.3,0.341,57.1,16.1,9.5,25.5,15.6,21.9,103.5,8.1,18.3,14.7,0.885,0.13,-1.42,76.4,0.532,21.2
WAS,2020,ATL,85,78,13.0,9.0,0.0,0.0,0.0,38.3,0.341,57.1,16.1,9.5,25.5,15.6,21.9,103.5,8.1,18.3,14.7,0.885,0.13,-1.42,76.4,0.532,21.2
LVA,2020,CHI,86,88,26.0,7.0,0.0,0.0,0.0,40.4,0.368,70.6,23.5,10.0,25.6,15.0,18.6,109.6,7.9,16.7,11.7,0.903,-0.72,7.88,81.0,0.562,24.6
LVA,2020,ATL,100,70,29.0,7.0,0.0,0.0,0.0,40.4,0.368,70.6,23.5,10.0,25.6,15.0,18.6,109.6,7.9,16.7,11.7,0.903,-0.72,7.88,81.0,0.562,24.6
LVA,2020,PHO,95,102,31.0,7.0,0.0,0.0,0.0,40.4,0.368,70.6,23.5,10.0,25.6,15.0,18.6,109.6,7.9,16.7,11.7,0.903,-0.72,7.88,81.0,0.562,24.6
LVA,2020,DAL,79,70,2.0,8.0,0.0,0.0,0.0,40.4,0.368,70.6,23.5,10.0,25.6,15.0,18.6,109.6,7.9,16.7,11.7,0.903,-0.72,7.88,81.0,0.562,24.6
LVA,2020,WAS,83,77,5.0,8.0,0.0,0.0,0.0,40.4,0.368,70.6,23.5,10.0,25.6,15.0,18.6,109.6,7.9,16.7,11.7,0.903,-0.72,7.88,81.0,0.562,24.6
LVA,2020,LAS,86,82,7.0,8.0,0.0,0.0,0.0,40.4,0.368,70.6,23.5,10.0,25.6,15.0,18.6,109.6,7.9,16.7,11.7,0.903,-0.72,7.88,81.0,0.562,24.6
LVA,2020,NYL,78,76,9.0,8.0,0.0,0.0,0.0,40.4,0.368,70.6,23.5,10.0,25.6,15.0,18.6,109.6,7.9,16.7,11.7,0.903,-0.72,7.88,81.0,0.562,24.6
LVA,2020,IND,98,79,11.0,8.0,0.0,0.0,0.0,40.4,0.368,70.6,23.5,10.0,25.6,15.0,18.6,109.6,7.9,16.7,11.7,0.903,-0.72,7.88,81.0,0.562,24.6
LVA,2020,MIN,87,77,13.0,8.0,0.0,0.0,0.0,40.4,0.368,70.6,23.5,10.0,25.6,15.0,18.6,109.6,7.9,16.7,11.7,0.903,-0.72,7.88,81.0,0.562,24.6
LVA,2020,WAS,88,73,15.0,8.0,0.0,0.0,0.0,40.4,0.368,70.6,23.5,10.0,25.6,15.0,18.6,109.6,7.9,16.7,11.7,0.903,-0.72,7.88,81.0,0.562,24.6
LVA,2020,CHI,82,84,18.0,8.0,0.0,0.0,0.0,40.4,0.368,70.6,23.5,10.0,25.6,15.0,18.6,109.6,7.9,16.7,11.7,0.903,-0.72,7.88,81.0,0.562,24.6
LVA,2020,CON,99,78,20.0,8.0,0.0,0.0,0.0,40.4,0.368,70.6,23.5,10.0,25.6,15.0,18.6,109.6,7.9,16.7,11.7,0.903,-0.72,7.88,81.0,0.562,24.6
LVA,2020,SEA,82,74,22.0,8.0,0.0,0.0,0.0,40.4,0.368,70.6,23.5,10.0,25.6,15.0,18.6,109.6,7.9,16.7,11.7,0.903,-0.72,7.88,81.0,0.562,24.6
LVA,2020,DAL,96,92,25.0,8.0,0.0,0.0,0.0,40.4,0.368,70.6,23.5,10.0,25.6,15.0,18.6,109.6,7.9,16.7,11.7,0.903,-0.72,7.88,81.0,0.562,24.6
LVA,2020,NYL,80,63,29.0,8.0,0.0,0.0,0.0,40.4,0.368,70.6,23.5,10.0,25.6,15.0,18.6,109.6,7.9,16.7,11.7,0.903,-0.72,7.88,81.0,0.562,24.6
LVA,2020,PHO,85,92,1.0,9.0,0.0,0.0,0.0,40.4,0.368,70.6,23.5,10.0,25.6,15.0,18.6,109.6,7.9,16.7,11.7,0.903,-0.72,7.88,81.0,0.562,24.6
LVA,2020,CON,93,78,3.0,9.0,0.0,0.0,0.0,40.4,0.368,70.6,23.5,10.0,25.6,15.0,18.6,109.6,7.9,16.7,11.7,0.903,-0.72,7.88,81.0,0.562,24.6
LVA,2020,ATL,89,79,5.0,9.0,0.0,0.0,0.0,40.4,0.368,70.6,23.5,10.0,25.6,15.0,18.6,109.6,7.9,16.7,11.7,0.903,-0.72,7.88,81.0,0.562,24.6
LVA,2020,IND,92,86,8.0,9.0,0.0,0.0,0.0,40.4,0.368,70.6,23.5,10.0,25.6,15.0,18.6,109.6,7.9,16.7,11.7,0.903,-0.72,7.88,81.0,0.562,24.6
LVA,2020,MIN,104,89,10.0,9.0,0.0,0.0,0.0,40.4,0.368,70.6,23.5,10.0,25.6,15.0,18.6,109.6,7.9,16.7,11.7,0.903,-0.72,7.88,81.0,0.562,24.6
LVA,2020,LAS,84,70,12.0,9.0,0.0,0.0,0.0,40.4,0.368,70.6,23.5,10.0,25.6,15.0,18.6,109.6,7.9,16.7,11.7,0.903,-0.72,7.88,81.0,0.562,24.6
LVA,2020,SEA,86,84,13.0,9.0,0.0,0.0,0.0,40.4,0.368,70.6,23.5,10.0,25.6,15.0,18.6,109.6,7.9,16.7,11.7,0.903,-0.72,7.88,81.0,0.562,24.6
ATL,2021,CON,67,78,14.0,5.0,0.0,0.0,1.0,38.7,0.31,67.8,14.3,12.2,22.0,13.9,23.2,99.3,7.7,19.0,13.1,0.862,0.24,-5.38,78.6,0.489,24.6
ATL,2021,CHI,77,85,19.0,5.0,0.0,0.0,1.0,38.7,0.31,67.8,14.3,12.2,22.0,13.9,23.2,99.3,7.7,19.0,13.1,0.862,0.24,-5.38,78.6,0.489,24.6
ATL,2021,IND,83,79,21.0,5.0,0.0,0.0,1.0,38.7,0.31,67.8,14.3,12.2,22.0,13.9,23.2,99.3,7.7,19.0,13.1,0.862,0.24,-5.38,78.6,0.489,24.6
ATL,2021,CHI,90,83,25.0,5.0,0.0,0.0,1.0,38.7,0.31,67.8,14.3,12.2,22.0,13.9,23.2,99.3,7.7,19.0,13.1,0.862,0.24,-5.38,78.6,0.489,24.6
ATL,2021,DAL,101,95,27.0,5.0,0.0,0.0,1.0,38.7,0.31,67.8,14.3,12.2,22.0,13.9,23.2,99.3,7.7,19.0,13.1,0.862,0.24,-5.38,78.6,0.489,24.6
ATL,2021,NYL,90,87,29.0,5.0,0.0,0.0,1.0,38.7,0.31,67.8,14.3,12.2,22.0,13.9,23.2,99.3,7.7,19.0,13.1,0.862,0.24,-5.38,78.6,0.489,24.6
ATL,2021,MIN,84,86,4.0,6.0,0.0,0.0,0.0,38.7,0.31,67.8,14.3,12.2,22.0,13.9,23.2,99.3,7.7,19.0,13.1,0.862,0.24,-5.38,78.6,0.489,24.6
ATL,2021,MIN,80,100,6.0,6.0,0.0,0.0,0.0,38.7,0.31,67.8,14.3,12.2,22.0,13.9,23.2,99.3,7.7,19.0,13.1,0.862,0.24,-5.38,78.6,0.489,24.6
ATL,2021,SEA,71,95,9.0,6.0,0.0,0.0,0.0,38.7,0.31,67.8,14.3,12.2,22.0,13.9,23.2,99.3,7.7,19.0,13.1,0.862,0.24,-5.38,78.6,0.489,24.6
ATL,2021,SEA,75,86,11.0,6.0,0.0,0.0,0.0,38.7,0.31,67.8,14.3,12.2,22.0,13.9,23.2,99.3,7.7,19.0,13.1,0.862,0.24,-5.38,78.6,0.489,24.6
ATL,2021,WAS,101,78,13.0,6.0,0.0,0.0,0.0,38.7,0.31,67.8,14.3,12.2,22.0,13.9,23.2,99.3,7.7,19.0,13.1,0.862,0.24,-5.38,78.6,0.489,24.6
ATL,2021,WAS,93,96,17.0,6.0,0.0,0.0,0.0,38.7,0.31,67.8,14.3,12.2,22.0,13.9,23.2,99.3,7.7,19.0,13.1,0.862,0.24,-5.38,78.6,0.489,24.6
ATL,2021,MIN,85,87,23.0,6.0,0.0,0.0,1.0,38.7,0.31,67.8,14.3,12.2,22.0,13.9,23.2,99.3,7.7,19.0,13.1,0.862,0.24,-5.38,78.6,0.489,24.6
ATL,2021,NYL,78,101,26.0,6.0,0.0,0.0,1.0,38.7,0.31,67.8,14.3,12.2,22.0,13.9,23.2,99.3,7.7,19.0,13.1,0.862,0.24,-5.38,78.6,0.489,24.6
ATL,2021,NYL,73,69,29.0,6.0,0.0,0.0,1.0,38.7,0.31,67.8,14.3,12.2,22.0,13.9,23.2,99.3,7.7,19.0,13.1,0.862,0.24,-5.38,78.6,0.489,24.6
ATL,2021,SEA,88,91,2.0,7.0,0.0,0.0,1.0,38.7,0.31,67.8,14.3,12.2,22.0,13.9,23.2,99.3,7.7,19.0,13.1,0.862,0.24,-5.38,78.6,0.489,24.6
ATL,2021,LVA,95,118,4.0,7.0,0.0,0.0,1.0,38.7,0.31,67.8,14.3,12.2,22.0,13.9,23.2,99.3,7.7,19.0,13.1,0.862,0.24,-5.38,78.6,0.489,24.6
ATL,2021,CON,72,84,9.0,7.0,0.0,0.0,0.0,38.7,0.31,67.8,14.3,12.2,22.0,13.9,23.2,99.3,7.7,19.0,13.1,0.862,0.24,-5.38,78.6,0.489,24.6
ATL,2021,IND,68,79,11.0,7.0,0.0,0.0,0.0,38.7,0.31,67.8,14.3,12.2,22.0,13.9,23.2,99.3,7.7,19.0,13.1,0.862,0.24,-5.38,78.6,0.489,24.6
ATL,2021,PHO,81,92,15.0,8.0,0.0,0.0,0.0,38.7,0.31,67.8,14.3,12.2,22.0,13.9,23.2,99.3,7.7,19.0,13.1,0.862,0.24,-5.38,78.6,0.489,24.6
ATL,2021,LAS,80,85,17.0,8.0,0.0,0.0,0.0,38.7,0.31,67.8,14.3,12.2,22.0,13.9,23.2,99.3,7.7,19.0,13.1,0.862,0.24,-5.38,78.6,0.489,24.6
ATL,2021,LAS,64,66,19.0,8.0,0.0,0.0,0.0,38.7,0.31,67.8,14.3,12.2,22.0,13.9,23.2,99.3,7.7,19.0,13.1,0.862,0.24,-5.38,78.6,0.489,24.6
ATL,2021,PHO,69,84,21.0,8.0,0.0,0.0,0.0,38.7,0.31,67.8,14.3,12.2,22.0,13.9,23.2,99.3,7.7,19.0,13.1,0.862,0.24,-5.38,78.6,0.489,24.6
ATL,2021,CHI,79,86,24.0,8.0,0.0,0.0,0.0,38.7,0.31,67.8,14.3,12.2,22.0,13.9,23.2,99.3,7.7,19.0,13.1,0.862,0.24,-5.38,78.6,0.489,24.6
ATL,2021,LVA,71,78,26.0,8.0,0.0,0.0,0.0,38.7,0.31,67.8,14.3,12.2,22.0,13.9,23.2,99.3,7.7,19.0,13.1,0.862,0.24,-5.38,78.6,0.489,24.6
ATL,2021,DAL,68,72,2.0,9.0,0.0,0.0,0.0,38.7,0.31,67.8,14.3,12.2,22.0,13.9,23.2,99.3,7.7,19.0,13.1,0.862,0.24,-5.38,78.6,0.489,24.6
ATL,2021,DAL,69,64,5.0,9.0,0.0,0.0,0.0,38.7,0.31,67.8,14.3,12.2,22.0,13.9,23.2,99.3,7.7,19.0,13.1,0.862,0.24,-5.38,78.6,0.489,24.6
ATL,2021,PHO,75,76,8.0,9.0,0.0,0.0,0.0,38.7,0.31,67.8,14.3,12.2,22.0,13.9,23.2,99.3,7.7,19.0,13.1,0.862,0.24,-5.38,78.6,0.489,24.6
ATL,2021,WAS,74,82,10.0,9.0,0.0,0.0,0.0,38.7,0.31,67.8,14.3,12.2,22.0,13.9,23.2,99.3,7.7,19.0,13.1,0.862,0.24,-5.38,78.6,0.489,24.6
ATL,2021,IND,85,78,14.0,9.0,0.0,0.0,0.0,38.7,0.31,67.8,14.3,12.2,22.0,13.9,23.2,99.3,7.7,19.0,13.1,0.862,0.24,-5.38,78.6,0.489,24.6
ATL,2021,LAS,68,74,16.0,9.0,0.0,0.0,0.0,38.7,0.31,67.8,14.3,12.2,22.0,13.9,23.2,99.3,7.7,19.0,13.1,0.862,0.24,-5.38,78.6,0.489,24.6
ATL,2021,CON,64,84,19.0,9.0,0.0,0.0,0.0,38.7,0.31,67.8,14.3,12.2,22.0,13.9,23.2,99.3,7.7,19.0,13.1,0.862,0.24,-5.38,78.6,0.489,24.6
CHI,2021,WAS,70,56,15.0,5.0,0.0,0.0,0.0,38.1,0.343,60.2,17.7,10.2,26.9,17.0,23.5,102.9,9.0,18.3,12.5,0.888,-0.22,1.1,79.6,0.538,23.8
CHI,2021,ATL,85,77,19.0,5.0,0.0,0.0,0.0,38.1,0.343,60.2,17.7,10.2,26.9,17.0,23.5,102.9,9.0,18.3,12.5,0.888,-0.22,1.1,79.6,0.538,23.8
CHI,2021,NYL,85,93,23.0,5.0,0.0,0.0,0.0,38.1,0.343,60.2,17.7,10.2,26.9,17.0,23.5,102.9,9.0,18.3,12.5,0.888,-0.22,1.1,79.6,0.538,23.8
CHI,2021,ATL,83,90,25.0,5.0,0.0,0.0,0.0,38.1,0.343,60.2,17.7,10.2,26.9,17.0,23.5,102.9,9.0,18.3,12.5,0.888,-0.22,1.1,79.6,0.538,23.8
CHI,2021,LAS,61,76,28.0,5.0,0.0,0.0,0.0,38.1,0.343,60.2,17.7,10.2,26.9,17.0,23.5,102.9,9.0,18.3,12.5,0.888,-0.22,1.1,79.6,0.538,23.8
CHI,2021,LAS,79,82,30.0,5.0,0.0,0.0,0.0,38.1,0.343,60.2,17.7,10.2,26.9,17.0,23.5,102.9,9.0,18.3,12.5,0.888,-0.22,1.1,79.6,0.538,23.8
CHI,2021,PHO,83,84,1.0,6.0,0.0,0.0,0.0,38.1,0.343,60.2,17.7,10.2,26.9,17.0,23.5,102.9,9.0,18.3,12.5,0.888,-0.22,1.1,79.6,0.538,23.8
CHI,2021,PHO,74,77,3.0,6.0,0.0,0.0,0.0,38.1,0.343,60.2,17.7,10.2,26.9,17.0,23.5,102.9,9.0,18.3,12.5,0.888,-0.22,1.1,79.6,0.538,23.8
CHI,2021,LAS,63,68,5.0,6.0,0.0,0.0,0.0,38.1,0.343,60.2,17.7,10.2,26.9,17.0,23.5,102.9,9.0,18.3,12.5,0.888,-0.22,1.1,79.6,0.538,23.8
CHI,2021,IND,92,76,9.0,6.0,0.0,0.0,0.0,38.1,0.343,60.2,17.7,10.2,26.9,17.0,23.5,102.9,9.0,18.3,12.5,0.888,-0.22,1.1,79.6,0.538,23.8
CHI,2021,IND,83,79,12.0,6.0,0.0,0.0,0.0,38.1,0.343,60.2,17.7,10.2,26.9,17.0,23.5,102.9,9.0,18.3,12.5,0.888,-0.22,1.1,79.6,0.538,23.8
CHI,2021,MIN,105,89,15.0,6.0,0.0,0.0,0.0,38.1,0.343,60.2,17.7,10.2,26.9,17.0,23.5,102.9,9.0,18.3,12.5,0.888,-0.22,1.1,79.6,0.538,23.8
CHI,2021,CON,81,75,17.0,6.0,0.0,0.0,0.0,38.1,0.343,60.2,17.7,10.2,26.9,17.0,23.5,102.9,9.0,18.3,12.5,0.888,-0.22,1.1,79.6,0.538,23.8
CHI,2021,CON,91,81,19.0,6.0,0.0,0.0,0.0,38.1,0.343,60.2,17.7,10.2,26.9,17.0,23.5,102.9,9.0,18.3,12.5,0.888,-0.22,1.1,79.6,0.538,23.8
CHI,2021,NYL,92,72,22.0,6.0,0.0,0.0,0.0,38.1,0.343,60.2,17.7,10.2,26.9,17.0,23.5,102.9,9.0,18.3,12.5,0.888,-0.22,1.1,79.6,0.538,23.8
CHI,2021,NYL,91,68,24.0,6.0,0.0,0.0,0.0,38.1,0.343,60.2,17.7,10.2,26.9,17.0,23.5,102.9,9.0,18.3,12.5,0.888,-0.22,1.1,79.6,0.538,23.8
CHI,2021,CON,58,74,27.0,6.0,0.0,0.0,0.0,38.1,0.343,60.2,17.7,10.2,26.9,17.0,23.5,102.9,9.0,18.3,12.5,0.888,-0.22,1.1,79.6,0.538,23.8
CHI,2021,DAL,91,81,30.0,6.0,0.0,0.0,0.0,38.1,0.343,60.2,17.7,10.2,26.9,17.0,23.5,102.9,9.0,18.3,12.5,0.888,-0.22,1.1,79.6,0.538,23.8
CHI,2021,DAL,91,100,2.0,7.0,0.0,0.0,0.0,38.1,0.343,60.2,17.7,10.2,26.9,17.0,23.5,102.9,9.0,18.3,12.5,0.888,-0.22,1.1,79.6,0.538,23.8
CHI,2021,WAS,85,89,10.0,7.0,0.0,0.0,0.0,38.1,0.343,60.2,17.7,10.2,26.9,17.0,23.5,102.9,9.0,18.3,12.5,0.888,-0.22,1.1,79.6,0.538,23.8
CHI,2021,SEA,87,85,15.0,8.0,0.0,0.0,0.0,38.1,0.343,60.2,17.7,10.2,26.9,17.0,23.5,102.9,9.0,18.3,12.5,0.888,-0.22,1.1,79.6,0.538,23.8
CHI,2021,DAL,76,80,17.0,8.0,0.0,0.0,0.0,38.1,0.343,60.2,17.7,10.2,26.9,17.0,23.5,102.9,9.0,18.3,12.5,0.888,-0.22,1.1,79.6,0.538,23.8
CHI,2021,MIN,95,101,21.0,8.0,0.0,0.0,0.0,38.1,0.343,60.2,17.7,10.2,26.9,17.0,23.5,102.9,9.0,18.3,12.5,0.888,-0.22,1.1,79.6,0.538,23.8
CHI,2021,ATL,86,79,24.0,8.0,0.0,0.0,0.0,38.1,0.343,60.2,17.7,10.2,26.9,17.0,23.5,102.9,9.0,18.3,12.5,0.888,-0.22,1.1,79.6,0.538,23.8
CHI,2021,SEA,73,69,27.0,8.0,0.0,0.0,0.0,38.1,0.343,60.2,17.7,10.2,26.9,17.0,23.5,102.9,9.0,18.3,12.5,0.888,-0.22,1.1,79.6,0.538,23.8
CHI,2021,SEA,107,75,29.0,8.0,0.0,0.0,0.0,38.1,0.343,60.2,17.7,10.2,26.9,17.0,23.5,102.9,9.0,18.3,12.5,0.888,-0.22,1.1,79.6,0.538,23.8
CHI,2021,PHO,83,103,31.0,8.0,0.0,0.0,0.0,38.1,0.343,60.2,17.7,10.2,26.9,17.0,23.5,102.9,9.0,18.3,12.5,0.888,-0.22,1.1,79.6,0.538,23.8
CHI,2021,LVA,83,90,2.0,9.0,0.0,0.0,0.0,38.1,0.343,60.2,17.7,10.2,26.9,17.0,23.5,102.9,9.0,18.3,12.5,0.888,-0.22,1.1,79.6,0.538,23.8
CHI,2021,LVA,92,84,5.0,9.0,0.0,0.0,0.0,38.1,0.343,60.2,17.7,10.2,26.9,17.0,23.5,102.9,9.0,18.3,12.5,0.888,-0.22,1.1,79.6,0.538,23.8
CHI,2021,WAS,71,79,12.0,9.0,0.0,0.0,0.0,38.1,0.343,60.2,17.7,10.2,26.9,17.0,23.5,102.9,9.0,18.3,12.5,0.888,-0.22,1.1,79.6,0.538,23.8
CHI,2021,LVA,70,103,17.0,9.0,0.0,0.0,0.0,38.1,0.343,60.2,17.7,10.2,26.9,17.0,23.5,102.9,9.0,18.3,12.5,0.888,-0.22,1.1,79.6,0.538,23.8
CHI,2021,IND,98,87,19.0,9.0,0.0,0.0,0.0,38.1,0.343,60.2,17.7,10.2,26.9,17.0,23.5,102.9,9.0,18.3,12.5,0.888,-0.22,1.1,79.6,0.538,23.8
CON,2021,ATL,78,67,14.0,5.0,0.0,0.0,0.0,39.1,0.356,61.8,19.4,13.0,24.2,18.6,23.9,106.9,9.5,17.8,12.5,0.848,-0.95,8.86,74.0,0.543,31.2
CON,2021,PHO,86,78,16.0,5.0,0.0,0.0,0.0,39.1,0.356,61.8,19.4,13.0,24.2,18.6,23.9,106.9,9.5,17.8,12.5,0.848,-0.95,8.86,74.0,0.543,31.2
CON,2021,IND,88,67,19.0,5.0,0.0,0.0,0.0,39.1,0.356,61.8,19.4,13.0,24.2,18.6,23.9,106.9,9.5,17.8,12.5,0.848,-0.95,8.86,74.0,0.543,31.2
CON,2021,PHO,84,67,21.0,5.0,0.0,0.0,0.0,39.1,0.356,61.8,19.4,13.0,24.2,18.6,23.9,106.9,9.5,17.8,12.5,0.848,-0.95,8.86,74.0,0.543,31.2
CON,2021,LVA,72,65,23.0,5.0,0.0,0.0,0.0,39.1,0.356,61.8,19.4,13.0,24.2,18.6,23.9,106.9,9.5,17.8,12.5,0.848,-0.95,8.86,74.0,0.543,31.2
CON,2021,SEA,87,90,25.0,5.0,0.0,0.0,0.0,39.1,0.356,61.8,19.4,13.0,24.2,18.6,23.9,106.9,9.5,17.8,12.5,0.848,-0.95,8.86,74.0,0.543,31.2
CON,2021,WAS,86,81,28.0,5.0,0.0,0.0,0.0,39.1,0.356,61.8,19.4,13.0,24.2,18.6,23.9,106.9,9.5,17.8,12.5,0.848,-0.95,8.86,74.0,0.543,31.2
CON,2021,MIN,74,79,30.0,5.0,0.0,0.0,0.0,39.1,0.356,61.8,19.4,13.0,24.2,18.6,23.9,106.9,9.5,17.8,12.5,0.848,-0.95,8.86,74.0,0.543,31.2
CON,2021,LVA,74,67,1.0,6.0,0.0,0.0,0.0,39.1,0.356,61.8,19.4,13.0,24.2,18.6,23.9,106.9,9.5,17.8,12.5,0.848,-0.95,8.86,74.0,0.543,31.2
CON,2021,NYL,85,64,5.0,6.0,0.0,0.0,0.0,39.1,0.356,61.8,19.4,13.0,24.2,18.6,23.9,106.9,9.5,17.8,12.5,0.848,-0.95,8.86,74.0,0.543,31.2
CON,2021,SEA,66,89,13.0,6.0,0.0,0.0,0.0,39.1,0.356,61.8,19.4,13.0,24.2,18.6,23.9,106.9,9.5,17.8,12.5,0.848,-0.95,8.86,74.0,0.543,31.2
CON,2021,CHI,75,81,17.0,6.0,0.0,0.0,0.0,39.1,0.356,61.8,19.4,13.0,24.2,18.6,23.9,106.9,9.5,17.8,12.5,0.848,-0.95,8.86,74.0,0.543,31.2
CON,2021,CHI,81,91,19.0,6.0,0.0,0.0,0.0,39.1,0.356,61.8,19.4,13.0,24.2,18.6,23.9,106.9,9.5,17.8,12.5,0.848,-0.95,8.86,74.0,0.543,31.2
CON,2021,DAL,80,70,22.0,6.0,0.0,0.0,0.0,39.1,0.356,61.8,19.4,13.0,24.2,18.6,23.9,106.9,9.5,17.8,12.5,0.848,-0.95,8.86,74.0,0.543,31.2
CON,2021,CHI,74,58,27.0,6.0,0.0,0.0,0.0,39.1,0.356,61.8,19.4,13.0,24.2,18.6,23.9,106.9,9.5,17.8,12.5,0.848,-0.95,8.86,74.0,0.543,31.2
CON,2021,WAS,90,71,29.0,6.0,0.0,0.0,0.0,39.1,0.356,61.8,19.4,13.0,24.2,18.6,23.9,106.9,9.5,17.8,12.5,0.848,-0.95,8.86,74.0,0.543,31.2
CON,2021,IND,86,80,1.0,7.0,0.0,0.0,0.0,39.1,0.356,61.8,19.4,13.0,24.2,18.6,23.9,106.9,9.5,17.8,12.5,0.848,-0.95,8.86,74.0,0.543,31.2
CON,2021,IND,67,73,3.0,7.0,0.0,0.0,0.0,39.1,0.356,61.8,19.4,13.0,24.2,18.6,23.9,106.9,9.5,17.8,12.5,0.848,-0.95,8.86,74.0,0.543,31.2
CON,2021,ATL,84,72,9.0,7.0,0.0,0.0,0.0,39.1,0.356,61.8,19.4,13.0,24.2,18.6,23.9,106.9,9.5,17.8,12.5,0.848,-0.95,8.86,74.0,0.543,31.2
CON,2021,NYL,71,54,11.0,7.0,0.0,0.0,0.0,39.1,0.356,61.8,19.4,13.0,24.2,18.6,23.9,106.9,9.5,17.8,12.5,0.848,-0.95,8.86,74.0,0.543,31.2
CON,2021,DAL,80,59,15.0,8.0,0.0,0.0,0.0,39.1,0.356,61.8,19.4,13.0,24.2,18.6,23.9,106.9,9.5,17.8,12.5,0.848,-0.95,8.86,74.0,0.543,31.2
CON,2021,MIN,72,60,17.0,8.0,0.0,0.0,0.0,39.1,0.356,61.8,19.4,13.0,24.2,18.6,23.9,106.9,9.5,17.8,12.5,0.848,-0.95,8.86,74.0,0.543,31.2
CON,2021,MIN,82,71,19.0,8.0,0.0,0.0,0.0,39.1,0.356,61.8,19.4,13.0,24.2,18.6,23.9,106.9,9.5,17.8,12.5,0.848,-0.95,8.86,74.0,0.543,31.2
CON,2021,LVA,76,62,24.0,8.0,0.0,0.0,0.0,39.1,0.356,61.8,19.4,13.0,24.2,18.6,23.9,106.9,9.5,17.8,12.5,0.848,-0.95,8.86,74.0,0.543,31.2
CON,2021,LAS,76,72,26.0,8.0,0.0,0.0,0.0,39.1,0.356,61.8,19.4,13.0,24.2,18.6,23.9,106.9,9.5,17.8,12.5,0.848,-0.95,8.86,74.0,0.543,31.2
CON,2021,LAS,76,61,28.0,8.0,0.0,0.0,0.0,39.1,0.356,61.8,19.4,13.0,24.2,18.6,23.9,106.9,9.5,17.8,12.5,0.848,-0.95,8.86,74.0,0.543,31.2
CON,2021,WAS,85,75,31.0,8.0,0.0,0.0,0.0,39.1,0.356,61.8,19.4,13.0,24.2,18.6,23.9,106.9,9.5,17.8,12.5,0.848,-0.95,8.86,74.0,0.543,31.2
CON,2021,DAL,83,56,7.0,9.0,0.0,0.0,0.0,39.1,0.356,61.8,19.4,13.0,24.2,18.6,23.9,106.9,9.5,17.8,12.5,0.848,-0.95,8.86,74.0,0.543,31.2
CON,2021,LAS,75,57,9.0,9.0,0.0,0.0,0.0,39.1,0.356,61.8,19.4,13.0,24.2,18.6,23.9,106.9,9.5,17.8,12.5,0.848,-0.95,8.86,74.0,0.543,31.2
CON,2021,PHO,76,67,11.0,9.0,0.0,0.0,0.0,39.1,0.356,61.8,19.4,13.0,24.2,18.6,23.9,106.9,9.5,17.8,12.5,0.848,-0.95,8.86,74.0,0.543,31.2
CON,2021,NYL,98,69,15.0,9.0,0.0,0.0,0.0,39.1,0.356,61.8,19.4,13.0,24.2,18.6,23.9,106.9,9.5,17.8,12.5,0.848,-0.95,8.86,74.0,0.543,31.2
CON,2021,ATL,84,64,19.0,9.0,0.0,0.0,0.0,39.1,0.356,61.8,19.4,13.0,24.2,18.6,23.9,106.9,9.5,17.8,12.5,0.848,-0.95,8.86,74.0,0.543,31.2
DAL,2021,LAS,94,71,14.0,5.0,1.0,0.0,0.0,38.1,0.354,61.2,17.5,12.9,22.3,16.4,23.7,104.3,8.2,15.8,13.6,0.775,0.3,-0.23,77.2,0.521,27.8
DAL,2021,SEA,97,100,22.0,5.0,1.0,0.0,0.0,38.1,0.354,61.2,17.5,12.9,22.3,16.4,23.7,104.3,8.2,15.8,13.6,0.775,0.3,-0.23,77.2,0.521,27.8
DAL,2021,NYL,81,88,24.0,5.0,1.0,0.0,0.0,38.1,0.354,61.2,17.5,12.9,22.3,16.4,23.7,104.3,8.2,15.8,13.6,0.775,0.3,-0.23,77.2,0.521,27.8
DAL,2021,ATL,95,101,27.0,5.0,1.0,0.0,0.0,38.1,0.354,61.2,17.5,12.9,22.3,16.4,23.7,104.3,8.2,15.8,13.6,0.775,0.3,-0.23,77.2,0.521,27.8
DAL,2021,PHO,85,89,29.0,5.0,1.0,0.0,0.0,38.1,0.354,61.2,17.5,12.9,22.3,16.4,23.7,104.3,8.2,15.8,13.6,0.775,0.3,-0.23,77.2,0.521,27.8
DAL,2021,LAS,79,69,1.0,6.0,1.0,0.0,0.0,38.1,0.354,61.2,17.5,12.9,22.3,16.4,23.7,104.3,8.2,15.8,13.6,0.775,0.3,-0.23,77.2,0.521,27.8
DAL,2021,SEA,102,105,4.0,6.0,0.0,0.0,0.0,38.1,0.354,61.2,17.5,12.9,22.3,16.4,23.7,104.3,8.2,15.8,13.6,0.775,0.3,-0.23,77.2,0.521,27.8
DAL,2021,SEA,68,67,6.0,6.0,0.0,0.0,0.0,38.1,0.354,61.2,17.5,12.9,22.3,16.4,23.7,104.3,8.2,15.8,13.6,0.775,0.3,-0.23,77.2,0.521,27.8
DAL,2021,PHO,85,81,8.0,6.0,0.0,0.0,0.0,38.1,0.354,61.2,17.5,12.9,22.3,16.4,23.7,104.3,8.2,15.8,13.6,0.775,0.3,-0.23,77.2,0.521,27.8
DAL,2021,PHO,77,59,11.0,6.0,0.0,0.0,0.0,38.1,0.354,61.2,17.5,12.9,22.3,16.4,23.7,104.3,8.2,15.8,13.6,0.775,0.3,-0.23,77.2,0.521,27.8
DAL,2021,LVA,78,85,13.0,6.0,0.0,0.0,0.0,38.1,0.354,61.2,17.5,12.9,22.3,16.4,23.7,104.3,8.2,15.8,13.6,0.775,0.3,-0.23,77.2,0.521,27.8
DAL,2021,MIN,73,85,17.0,6.0,0.0,0.0,0.0,38.1,0.354,61.2,17.5,12.9,22.3,16.4,23.7,104.3,8.2,15.8,13.6,0.775,0.3,-0.23,77.2,0.521,27.8
DAL,2021,MIN,95,77,19.0,6.0,0.0,0.0,0.0,38.1,0.354,61.2,17.5,12.9,22.3,16.4,23.7,104.3,8.2,15.8,13.6,0.775,0.3,-0.23,77.2,0.521,27.8
DAL,2021,CON,70,80,22.0,6.0,0.0,0.0,0.0,38.1,0.354,61.2,17.5,12.9,22.3,16.4,23.7,104.3,8.2,15.8,13.6,0.775,0.3,-0.23,77.2,0.521,27.8
DAL,2021,IND,89,64,24.0,6.0,0.0,0.0,0.0,38.1,0.354,61.2,17.5,12.9,22.3,16.4,23.7,104.3,8.2,15.8,13.6,0.775,0.3,-0.23,77.2,0.521,27.8
DAL,2021,WAS,85,74,26.0,6.0,0.0,0.0,0.0,38.1,0.354,61.2,17.5,12.9,22.3,16.4,23.7,104.3,8.2,15.8,13.6,0.775,0.3,-0.23,77.2,0.521,27.8
DAL,2021,CHI,81,91,30.0,6.0,0.0,0.0,0.0,38.1,0.354,61.2,17.5,12.9,22.3,16.4,23.7,104.3,8.2,15.8,13.6,0.775,0.3,-0.23,77.2,0.521,27.8
DAL,2021,CHI,100,91,2.0,7.0,0.0,0.0,0.0,38.1,0.354,61.2,17.5,12.9,22.3,16.4,23.7,104.3,8.2,15.8,13.6,0.775,0.3,-0.23,77.2,0.521,27.8
DAL,2021,NYL,96,99,5.0,7.0,0.0,0.0,0.0,38.1,0.354,61.2,17.5,12.9,22.3,16.4,23.7,104.3,8.2,15.8,13.6,0.775,0.3,-0.23,77.2,0.521,27.8
DAL,2021,MIN,79,85,7.0,7.0,0.0,0.0,0.0,38.1,0.354,61.2,17.5,12.9,22.3,16.4,23.7,104.3,8.2,15.8,13.6,0.775,0.3,-0.23,77.2,0.521,27.8
DAL,2021,LVA,79,95,11.0,7.0,0.0,0.0,0.0,38.1,0.354,61.2,17.5,12.9,22.3,16.4,23.7,104.3,8.2,15.8,13.6,0.775,0.3,-0.23,77.2,0.521,27.8
DAL,2021,CON,59,80,15.0,8.0,0.0,0.0,0.0,38.1,0.354,61.2,17.5,12.9,22.3,16.4,23.7,104.3,8.2,15.8,13.6,0.775,0.3,-0.23,77.2,0.521,27.8
DAL,2021,CHI,80,76,17.0,8.0,0.0,0.0,0.0,38.1,0.354,61.2,17.5,12.9,22.3,16.4,23.7,104.3,8.2,15.8,13.6,0.775,0.3,-0.23,77.2,0.521,27.8
DAL,2021,IND,81,83,20.0,8.0,0.0,0.0,0.0,38.1,0.354,61.2,17.5,12.9,22.3,16.4,23.7,104.3,8.2,15.8,13.6,0.775,0.3,-0.23,77.2,0.521,27.8
DAL,2021,WAS,82,77,26.0,8.0,0.0,0.0,0.0,38.1,0.354,61.2,17.5,12.9,22.3,16.4,23.7,104.3,8.2,15.8,13.6,0.775,0.3,-0.23,77.2,0.521,27.8
DAL,2021,WAS,75,76,28.0,8.0,0.0,0.0,0.0,38.1,0.354,61.2,17.5,12.9,22.3,16.4,23.7,104.3,8.2,15.8,13.6,0.775,0.3,-0.23,77.2,0.521,27.8
DAL,2021,ATL,72,68,2.0,9.0,0.0,0.0,0.0,38.1,0.354,61.2,17.5,12.9,22.3,16.4,23.7,104.3,8.2,15.8,13.6,0.775,0.3,-0.23,77.2,0.521,27.8
DAL,2021,ATL,64,69,5.0,9.0,0.0,0.0,0.0,38.1,0.354,61.2,17.5,12.9,22.3,16.4,23.7,104.3,8.2,15.8,13.6,0.775,0.3,-0.23,77.2,0.521,27.8
DAL,2021,CON,56,83,7.0,9.0,0.0,0.0,0.0,38.1,0.354,61.2,17.5,12.9,22.3,16.4,23.7,104.3,8.2,15.8,13.6,0.775,0.3,-0.23,77.2,0.521,27.8
DAL,2021,NYL,77,76,11.0,9.0,0.0,0.0,0.0,38.1,0.354,61.2,17.5,12.9,22.3,16.4,23.7,104.3,8.2,15.8,13.6,0.775,0.3,-0.23,77.2,0.521,27.8
DAL,2021,LVA,75,85,13.0,9.0,0.0,0.0,0.0,38.1,0.354,61.2,17.5,12.9,22.3,16.4,23.7,104.3,8.2,15.8,13.6,0.775,0.3,-0.23,77.2,0.521,27.8
DAL,2021,LAS,87,84,19.0,9.0,0.0,0.0,0.0,38.1,0.354,61.2,17.5,12.9,22.3,16.4,23.7,104.3,8.2,15.8,13.6,0.775,0.3,-0.23,77.2,0.521,27.8
IND,2021,NYL,87,90,14.0,5.0,0.0,0.0,0.0,36.7,0.284,65.9,17.6,12.4,21.6,17.8,23.0,97.4,8.9,15.5,12.8,0.809,0.85,-8.97,77.3,0.498,27.4
IND,2021,NYL,65,73,16.0,5.0,0.0,0.0,0.0,36.7,0.284,65.9,17.6,12.4,21.6,17.8,23.0,97.4,8.9,15.5,12.8,0.809,0.85,-8.97,77.3,0.498,27.4
IND,2021,CON,67,88,19.0,5.0,0.0,0.0,0.0,36.7,0.284,65.9,17.6,12.4,21.6,17.8,23.0,97.4,8.9,15.5,12.8,0.809,0.85,-8.97,77.3,0.498,27.4
IND,2021,ATL,79,83,21.0,5.0,0.0,0.0,0.0,36.7,0.284,65.9,17.6,12.4,21.6,17.8,23.0,97.4,8.9,15.5,12.8,0.809,0.85,-8.97,77.3,0.498,27.4
IND,2021,WAS,89,77,23.0,5.0,0.0,0.0,0.0,36.7,0.284,65.9,17.6,12.4,21.6,17.8,23.0,97.4,8.9,15.5,12.8,0.809,0.85,-8.97,77.3,0.498,27.4
IND,2021,WAS,69,85,25.0,5.0,0.0,0.0,0.0,36.7,0.284,65.9,17.6,12.4,21.6,17.8,23.0,97.4,8.9,15.5,12.8,0.809,0.85,-8.97,77.3,0.498,27.4
IND,2021,LVA,77,113,28.0,5.0,0.0,0.0,0.0,36.7,0.284,65.9,17.6,12.4,21.6,17.8,23.0,97.4,8.9,15.5,12.8,0.809,0.85,-8.97,77.3,0.498,27.4
IND,2021,LVA,78,101,30.0,5.0,0.0,0.0,0.0,36.7,0.284,65.9,17.6,12.4,21.6,17.8,23.0,97.4,8.9,15.5,12.8,0.809,0.85,-8.97,77.3,0.498,27.4
IND,2021,SEA,73,88,1.0,6.0,0.0,0.0,0.0,36.7,0.284,65.9,17.6,12.4,21.6,17.8,23.0,97.4,8.9,15.5,12.8,0.809,0.85,-8.97,77.3,0.498,27.4
IND,2021,LAS,63,98,3.0,6.0,0.0,0.0,0.0,36.7,0.284,65.9,17.6,12.4,21.6,17.8,23.0,97.4,8.9,15.5,12.8,0.809,0.85,-8.97,77.3,0.498,27.4
IND,2021,CHI,76,92,9.0,6.0,0.0,0.0,0.0,36.7,0.284,65.9,17.6,12.4,21.6,17.8,23.0,97.4,8.9,15.5,12.8,0.809,0.85,-8.97,77.3,0.498,27.4
IND,2021,CHI,79,83,12.0,6.0,0.0,0.0,0.0,36.7,0.284,65.9,17.6,12.4,21.6,17.8,23.0,97.4,8.9,15.5,12.8,0.809,0.85,-8.97,77.3,0.498,27.4
IND,2021,SEA,70,87,15.0,6.0,0.0,0.0,0.0,36.7,0.284,65.9,17.6,12.4,21.6,17.8,23.0,97.4,8.9,15.5,12.8,0.809,0.85,-8.97,77.3,0.498,27.4
IND,2021,SEA,69,79,17.0,6.0,0.0,0.0,0.0,36.7,0.284,65.9,17.6,12.4,21.6,17.8,23.0,97.4,8.9,15.5,12.8,0.809,0.85,-8.97,77.3,0.498,27.4
IND,2021,WAS,77,82,19.0,6.0,0.0,0.0,0.0,36.7,0.284,65.9,17.6,12.4,21.6,17.8,23.0,97.4,8.9,15.5,12.8,0.809,0.85,-8.97,77.3,0.498,27.4
IND,2021,DAL,64,89,24.0,6.0,0.0,0.0,0.0,36.7,0.284,65.9,17.6,12.4,21.6,17.8,23.0,97.4,8.9,15.5,12.8,0.809,0.85,-8.97,77.3,0.498,27.4
IND,2021,CON,80,86,1.0,7.0,0.0,0.0,0.0,36.7,0.284,65.9,17.6,12.4,21.6,17.8,23.0,97.4,8.9,15.5,12.8,0.809,0.85,-8.97,77.3,0.498,27.4
IND,2021,CON,73,67,3.0,7.0,0.0,0.0,0.0,36.7,0.284,65.9,17.6,12.4,21.6,17.8,23.0,97.4,8.9,15.5,12.8,0.809,0.85,-8.97,77.3,0.498,27.4
IND,2021,NYL,82,69,9.0,7.0,0.0,0.0,0.0,36.7,0.284,65.9,17.6,12.4,21.6,17.8,23.0,97.4,8.9,15.5,12.8,0.809,0.85,-8.97,77.3,0.498,27.4
IND,2021,ATL,79,68,11.0,7.0,0.0,0.0,0.0,36.7,0.284,65.9,17.6,12.4,21.6,17.8,23.0,97.4,8.9,15.5,12.8,0.809,0.85,-8.97,77.3,0.498,27.4
IND,2021,LAS,70,75,15.0,8.0,0.0,0.0,0.0,36.7,0.284,65.9,17.6,12.4,21.6,17.8,23.0,97.4,8.9,15.5,12.8,0.809,0.85,-8.97,77.3,0.498,27.4
IND,2021,PHO,80,84,17.0,8.0,0.0,0.0,0.0,36.7,0.284,65.9,17.6,12.4,21.6,17.8,23.0,97.4,8.9,15.5,12.8,0.809,0.85,-8.97,77.3,0.498,27.4
IND,2021,DAL,83,81,20.0,8.0,0.0,0.0,0.0,36.7,0.284,65.9,17.6,12.4,21.6,17.8,23.0,97.4,8.9,15.5,12.8,0.809,0.85,-8.97,77.3,0.498,27.4
IND,2021,LVA,71,87,28.0,8.0,0.0,0.0,0.0,36.7,0.284,65.9,17.6,12.4,21.6,17.8,23.0,97.4,8.9,15.5,12.8,0.809,0.85,-8.97,77.3,0.498,27.4
IND,2021,LAS,74,72,31.0,8.0,0.0,0.0,0.0,36.7,0.284,65.9,17.6,12.4,21.6,17.8,23.0,97.4,8.9,15.5,12.8,0.809,0.85,-8.97,77.3,0.498,27.4
IND,2021,PHO,65,87,4.0,9.0,0.0,0.0,0.0,36.7,0.284,65.9,17.6,12.4,21.6,17.8,23.0,97.4,8.9,15.5,12.8,0.809,0.85,-8.97,77.3,0.498,27.4
IND,2021,PHO,81,86,6.0,9.0,0.0,0.0,0.0,36.7,0.284,65.9,17.6,12.4,21.6,17.8,23.0,97.4,8.9,15.5,12.8,0.809,0.85,-8.97,77.3,0.498,27.4
IND,2021,MIN,72,89,10.0,9.0,0.0,0.0,0.0,36.7,0.284,65.9,17.6,12.4,21.6,17.8,23.0,97.4,8.9,15.5,12.8,0.809,0.85,-8.97,77.3,0.498,27.4
IND,2021,MIN,80,90,12.0,9.0,0.0,0.0,0.0,36.7,0.284,65.9,17.6,12.4,21.6,17.8,23.0,97.4,8.9,15.5,12.8,0.809,0.85,-8.97,77.3,0.498,27.4
IND,2021,ATL,78,85,14.0,9.0,0.0,0.0,0.0,36.7,0.284,65.9,17.6,12.4,21.6,17.8,23.0,97.4,8.9,15.5,12.8,0.809,0.85,-8.97,77.3,0.498,27.4
IND,2021,MIN,73,92,17.0,9.0,0.0,0.0,0.0,36.7,0.284,65.9,17.6,12.4,21.6,17.8,23.0,97.4,8.9,15.5,12.8,0.809,0.85,-8.97,77.3,0.498,27.4
IND,2021,CHI,87,98,19.0,9.0,0.0,0.0,0.0,36.7,0.284,65.9,17.6,12.4,21.6,17.8,23.0,97.4,8.9,15.5,12.8,0.809,0.85,-8.97,77.3,0.498,27.4
LAS,2021,DAL,71,94,14.0,5.0,0.0,0.0,0.0,34.8,0.335,58.8,15.4,7.8,19.9,17.0,24.9,93.7,9.1,22.1,14.2,0.856,0.55,-3.79,77.1,0.501,17.4
LAS,2021,LVA,69,97,21.0,5.0,0.0,0.0,0.0,34.8,0.335,58.8,15.4,7.8,19.9,17.0,24.9,93.7,9.1,22.1,14.2,0.856,0.55,-3.79,77.1,0.501,17.4
LAS,2021,CHI,76,61,28.0,5.0,0.0,0.0,0.0,34.8,0.335,58.8,15.4,7.8,19.9,17.0,24.9,93.7,9.1,22.1,14.2,0.856,0.55,-3.79,77.1,0.501,17.4
LAS,2021,CHI,82,79,30.0,5.0,0.0,0.0,0.0,34.8,0.335,58.8,15.4,7.8,19.9,17.0,24.9,93.7,9.1,22.1,14.2,0.856,0.55,-3.79,77.1,0.501,17.4
LAS,2021,DAL,69,79,1.0,6.0,0.0,0.0,0.0,34.8,0.335,58.8,15.4,7.8,19.9,17.0,24.9,93.7,9.1,22.1,14.2,0.856,0.55,-3.79,77.1,0.501,17.4
LAS,2021,IND,98,63,3.0,6.0,0.0,0.0,0.0,34.8,0.335,58.8,15.4,7.8,19.9,17.0,24.9,93.7,9.1,22.1,14.2,0.856,0.55,-3.79,77.1,0.501,17.4
LAS,2021,CHI,68,63,5.0,6.0,0.0,0.0,0.0,34.8,0.335,58.8,15.4,7.8,19.9,17.0,24.9,93.7,9.1,22.1,14.2,0.856,0.55,-3.79,77.1,0.501,17.4
LAS,2021,WAS,71,89,10.0,6.0,0.0,0.0,0.0,34.8,0.335,58.8,15.4,7.8,19.9,17.0,24.9,93.7,9.1,22.1,14.2,0.856,0.55,-3.79,77.1,0.501,17.4
LAS,2021,MIN,64,80,12.0,6.0,0.0,0.0,0.0,34.8,0.335,58.8,15.4,7.8,19.9,17.0,24.9,93.7,9.1,22.1,14.2,0.856,0.55,-3.79,77.1,0.501,17.4
LAS,2021,PHO,85,80,16.0,6.0,0.0,0.0,0.0,34.8,0.335,58.8,15.4,7.8,19.9,17.0,24.9,93.7,9.1,22.1,14.2,0.856,0.55,-3.79,77.1,0.501,17.4
LAS,2021,PHO,66,80,18.0,6.0,0.0,0.0,0.0,34.8,0.335,58.8,15.4,7.8,19.9,17.0,24.9,93.7,9.1,22.1,14.2,0.856,0.55,-3.79,77.1,0.501,17.4
LAS,2021,NYL,73,76,20.0,6.0,0.0,0.0,0.0,34.8,0.335,58.8,15.4,7.8,19.9,17.0,24.9,93.7,9.1,22.1,14.2,0.856,0.55,-3.79,77.1,0.501,17.4
LAS,2021,WAS,89,82,24.0,6.0,0.0,0.0,0.0,34.8,0.335,58.8,15.4,7.8,19.9,17.0,24.9,93.7,9.1,22.1,14.2,0.856,0.55,-3.79,77.1,0.501,17.4
LAS,2021,PHO,79,88,27.0,6.0,0.0,0.0,0.0,34.8,0.335,58.8,15.4,7.8,19.9,17.0,24.9,93.7,9.1,22.1,14.2,0.856,0.55,-3.79,77.1,0.501,17.4
LAS,2021,LVA,75,99,30.0,6.0,0.0,0.0,0.0,34.8,0.335,58.8,15.4,7.8,19.9,17.0,24.9,93.7,9.1,22.1,14.2,0.856,0.55,-3.79,77.1,0.501,17.4
LAS,2021,LVA,58,66,2.0,7.0,0.0,0.0,0.0,34.8,0.335,58.8,15.4,7.8,19.9,17.0,24.9,93.7,9.1,22.1,14.2,0.856,0.55,-3.79,77.1,0.501,17.4
LAS,2021,SEA,74,84,4.0,7.0,0.0,0.0,0.0,34.8,0.335,58.8,15.4,7.8,19.9,17.0,24.9,93.7,9.1,22.1,14.2,0.856,0.55,-3.79,77.1,0.501,17.4
LAS,2021,SEA,62,71,7.0,7.0,0.0,0.0,0.0,34.8,0.335,58.8,15.4,7.8,19.9,17.0,24.9,93.7,9.1,22.1,14.2,0.856,0.55,-3.79,77.1,0.501,17.4
LAS,2021,MIN,61,86,11.0,7.0,0.0,0.0,0.0,34.8,0.335,58.8,15.4,7.8,19.9,17.0,24.9,93.7,9.1,22.1,14.2,0.856,0.55,-3.79,77.1,0.501,17.4
LAS,2021,IND,75,70,15.0,8.0,0.0,0.0,0.0,34.8,0.335,58.8,15.4,7.8,19.9,17.0,24.9,93.7,9.1,22.1,14.2,0.856,0.55,-3.79,77.1,0.501,17.4
LAS,2021,ATL,85,80,17.0,8.0,0.0,0.0,0.0,34.8,0.335,58.8,15.4,7.8,19.9,17.0,24.9,93.7,9.1,22.1,14.2,0.856,0.55,-3.79,77.1,0.501,17.4
LAS,2021,ATL,66,64,19.0,8.0,0.0,0.0,0.0,34.8,0.335,58.8,15.4,7.8,19.9,17.0,24.9,93.7,9.1,22.1,14.2,0.856,0.55,-3.79,77.1,0.501,17.4
LAS,2021,NYL,86,83,22.0,8.0,0.0,0.0,0.0,34.8,0.335,58.8,15.4,7.8,19.9,17.0,24.9,93.7,9.1,22.1,14.2,0.856,0.55,-3.79,77.1,0.501,17.4
LAS,2021,WAS,68,78,24.0,8.0,0.0,0.0,0.0,34.8,0.335,58.8,15.4,7.8,19.9,17.0,24.9,93.7,9.1,22.1,14.2,0.856,0.55,-3.79,77.1,0.501,17.4
LAS,2021,CON,72,76,26.0,8.0,0.0,0.0,0.0,34.8,0.335,58.8,15.4,7.8,19.9,17.0,24.9,93.7,9.1,22.1,14.2,0.856,0.55,-3.79,77.1,0.501,17.4
LAS,2021,CON,61,76,28.0,8.0,0.0,0.0,0.0,34.8,0.335,58.8,15.4,7.8,19.9,17.0,24.9,93.7,9.1,22.1,14.2,0.856,0.55,-3.79,77.1,0.501,17.4
LAS,2021,IND,72,74,31.0,8.0,0.0,0.0,0.0,34.8,0.335,58.8,15.4,7.8,19.9,17.0,24.9,93.7,9.1,22.1,14.2,0.856,0.55,-3.79,77.1,0.501,17.4
LAS,2021,MIN,57,66,2.0,9.0,0.0,0.0,0.0,34.8,0.335,58.8,15.4,7.8,19.9,17.0,24.9,93.7,9.1,22.1,14.2,0.856,0.55,-3.79,77.1,0.501,17.4
LAS,2021,CON,57,75,9.0,9.0,0.0,0.0,0.0,34.8,0.335,58.8,15.4,7.8,19.9,17.0,24.9,93.7,9.1,22.1,14.2,0.856,0.55,-3.79,77.1,0.501,17.4
LAS,2021,SEA,81,53,12.0,9.0,0.0,0.0,0.0,34.8,0.335,58.8,15.4,7.8,19.9,17.0,24.9,93.7,9.1,22.1,14.2,0.856,0.55,-3.79,77.1,0.501,17.4
LAS,2021,ATL,74,68,16.0,9.0,0.0,0.0,0.0,34.8,0.335,58.8,15.4,7.8,19.9,17.0,24.9,93.7,9.1,22.1,14.2,0.856,0.55,-3.79,77.1,0.501,17.4
LAS,2021,DAL,84,87,19.0,9.0,0.0,0.0,0.0,34.8,0.335,58.8,15.4,7.8,19.9,17.0,24.9,93.7,9.1,22.1,14.2,0.856,0.55,-3.79,77.1,0.501,17.4
MIN,2021,PHO,75,77,14.0,5.0,0.0,0.0,0.0,38.7,0.34,59.5,18.4,9.2,25.7,17.7,22.1,104.2,10.0,16.3,12.8,0.907,-0.37,3.63,78.7,0.553,22.3
MIN,2021,NYL,75,86,18.0,5.0,0.0,0.0,0.0,38.7,0.34,59.5,18.4,9.2,25.7,17.7,22.1,104.2,10.0,16.3,12.8,0.907,-0.37,3.63,78.7,0.553,22.3
MIN,2021,SEA,78,90,20.0,5.0,0.0,0.0,0.0,38.7,0.34,59.5,18.4,9.2,25.7,17.7,22.1,104.2,10.0,16.3,12.8,0.907,-0.37,3.63,78.7,0.553,22.3
MIN,2021,SEA,72,82,28.0,5.0,0.0,0.0,0.0,38.7,0.34,59.5,18.4,9.2,25.7,17.7,22.1,104.2,10.0,16.3,12.8,0.907,-0.37,3.63,78.7,0.553,22.3
MIN,2021,CON,79,74,30.0,5.0,0.0,0.0,0.0,38.7,0.34,59.5,18.4,9.2,25.7,17.7,22.1,104.2,10.0,16.3,12.8,0.907,-0.37,3.63,78.7,0.553,22.3
MIN,2021,ATL,86,84,4.0,6.0,0.0,0.0,0.0,38.7,0.34,59.5,18.4,9.2,25.7,17.7,22.1,104.2,10.0,16.3,12.8,0.907,-0.37,3.63,78.7,0.553,22.3
MIN,2021,ATL,100,80,6.0,6.0,0.0,0.0,0.0,38.7,0.34,59.5,18.4,9.2,25.7,17.7,22.1,104.2,10.0,16.3,12.8,0.907,-0.37,3.63,78.7,0.553,22.3
MIN,2021,WAS,81,85,8.0,6.0,0.0,0.0,0.0,38.7,0.34,59.5,18.4,9.2,25.7,17.7,22.1,104.2,10.0,16.3,12.8,0.907,-0.37,3.63,78.7,0.553,22.3
MIN,2021,LAS,80,64,12.0,6.0,0.0,0.0,0.0,38.7,0.34,59.5,18.4,9.2,25.7,17.7,22.1,104.2,10.0,16.3,12.8,0.907,-0.37,3.63,78.7,0.553,22.3
MIN,2021,CHI,89,105,15.0,6.0,0.0,0.0,0.0,38.7,0.34,59.5,18.4,9.2,25.7,17.7,22.1,104.2,10.0,16.3,12.8,0.907,-0.37,3.63,78.7,0.553,22.3
MIN,2021,DAL,85,73,17.0,6.0,0.0,0.0,0.0,38.7,0.34,59.5,18.4,9.2,25.7,17.7,22.1,104.2,10.0,16.3,12.8,0.907,-0.37,3.63,78.7,0.553,22.3
MIN,2021,DAL,77,95,19.0,6.0,0.0,0.0,0.0,38.7,0.34,59.5,18.4,9.2,25.7,17.7,22.1,104.2,10.0,16.3,12.8,0.907,-0.37,3.63,78.7,0.553,22.3
MIN,2021,ATL,87,85,23.0,6.0,0.0,0.0,0.0,38.7,0.34,59.5,18.4,9.2,25.7,17.7,22.1,104.2,10.0,16.3,12.8,0.907,-0.37,3.63,78.7,0.553,22.3
MIN,2021,LVA,90,89,25.0,6.0,0.0,0.0,0.0,38.7,0.34,59.5,18.4,9.2,25.7,17.7,22.1,104.2,10.0,16.3,12.8,0.907,-0.37,3.63,78.7,0.553,22.3
MIN,2021,PHO,82,76,30.0,6.0,0.0,0.0,0.0,38.7,0.34,59.5,18.4,9.2,25.7,17.7,22.1,104.2,10.0,16.3,12.8,0.907,-0.37,3.63,78.7,0.553,22.3
MIN,2021,PHO,99,68,3.0,7.0,0.0,0.0,0.0,38.7,0.34,59.5,18.4,9.2,25.7,17.7,22.1,104.2,10.0,16.3,12.8,0.907,-0.37,3.63,78.7,0.553,22.3
MIN,2021,DAL,85,79,7.0,7.0,0.0,0.0,0.0,38.7,0.34,59.5,18.4,9.2,25.7,17.7,22.1,104.2,10.0,16.3,12.8,0.907,-0.37,3.63,78.7,0.553,22.3
MIN,2021,LVA,77,67,9.0,7.0,0.0,0.0,0.0,38.7,0.34,59.5,18.4,9.2,25.7,17.7,22.1,104.2,10.0,16.3,12.8,0.907,-0.37,3.63,78.7,0.553,22.3
MIN,2021,LAS,86,61,11.0,7.0,0.0,0.0,0.0,38.7,0.34,59.5,18.4,9.2,25.7,17.7,22.1,104.2,10.0,16.3,12.8,0.907,-0.37,3.63,78.7,0.553,22.3
MIN,2021,NYL,88,78,15.0,8.0,0.0,0.0,0.0,38.7,0.34,59.5,18.4,9.2,25.7,17.7,22.1,104.2,10.0,16.3,12.8,0.907,-0.37,3.63,78.7,0.553,22.3
MIN,2021,CON,60,72,17.0,8.0,0.0,0.0,0.0,38.7,0.34,59.5,18.4,9.2,25.7,17.7,22.1,104.2,10.0,16.3,12.8,0.907,-0.37,3.63,78.7,0.553,22.3
MIN,2021,CON,71,82,19.0,8.0,0.0,0.0,0.0,38.7,0.34,59.5,18.4,9.2,25.7,17.7,22.1,104.2,10.0,16.3,12.8,0.907,-0.37,3.63,78.7,0.553,22.3
MIN,2021,CHI,101,95,21.0,8.0,0.0,0.0,0.0,38.7,0.34,59.5,18.4,9.2,25.7,17.7,22.1,104.2,10.0,16.3,12.8,0.907,-0.37,3.63,78.7,0.553,22.3
MIN,2021,SEA,76,70,24.0,8.0,0.0,0.0,0.0,38.7,0.34,59.5,18.4,9.2,25.7,17.7,22.1,104.2,10.0,16.3,12.8,0.907,-0.37,3.63,78.7,0.553,22.3
MIN,2021,NYL,74,66,31.0,8.0,0.0,0.0,0.0,38.7,0.34,59.5,18.4,9.2,25.7,17.7,22.1,104.2,10.0,16.3,12.8,0.907,-0.37,3.63,78.7,0.553,22.3
MIN,2021,LAS,66,57,2.0,9.0,0.0,0.0,0.0,38.7,0.34,59.5,18.4,9.2,25.7,17.7,22.1,104.2,10.0,16.3,12.8,0.907,-0.37,3.63,78.7,0.553,22.3
MIN,2021,WAS,93,75,4.0,9.0,0.0,0.0,0.0,38.7,0.34,59.5,18.4,9.2,25.7,17.7,22.1,104.2,10.0,16.3,12.8,0.907,-0.37,3.63,78.7,0.553,22.3
MIN,2021,LVA,81,102,8.0,9.0,0.0,0.0,0.0,38.7,0.34,59.5,18.4,9.2,25.7,17.7,22.1,104.2,10.0,16.3,12.8,0.907,-0.37,3.63,78.7,0.553,22.3
MIN,2021,IND,89,72,10.0,9.0,0.0,0.0,0.0,38.7,0.34,59.5,18.4,9.2,25.7,17.7,22.1,104.2,10.0,16.3,12.8,0.907,-0.37,3.63,78.7,0.553,22.3
MIN,2021,IND,90,80,12.0,9.0,0.0,0.0,0.0,38.7,0.34,59.5,18.4,9.2,25.7,17.7,22.1,104.2,10.0,16.3,12.8,0.907,-0.37,3.63,78.7,0.553,22.3
MIN,2021,IND,92,73,17.0,9.0,0.0,0.0,0.0,38.7,0.34,59.5,18.4,9.2,25.7,17.7,22.1,104.2,10.0,16.3,12.8,0.907,-0.37,3.63,78.7,0.553,22.3
MIN,2021,WAS,83,77,19.0,9.0,0.0,0.0,0.0,38.7,0.34,59.5,18.4,9.2,25.7,17.7,22.1,104.2,10.0,16.3,12.8,0.907,-0.37,3.63,78.7,0.553,22.3
NYL,2021,IND,90,87,14.0,5.0,0.0,0.0,0.0,34.9,0.362,47.4,14.8,7.7,23.8,20.0,22.1,97.0,9.9,15.1,14.7,0.879,0.71,-6.32,80.6,0.541,18.4
NYL,2021,IND,73,65,16.0,5.0,0.0,0.0,0.0,34.9,0.362,47.4,14.8,7.7,23.8,20.0,22.1,97.0,9.9,15.1,14.7,0.879,0.71,-6.32,80.6,0.541,18.4
NYL,2021,MIN,86,75,18.0,5.0,0.0,0.0,0.0,34.9,0.362,47.4,14.8,7.7,23.8,20.0,22.1,97.0,9.9,15.1,14.7,0.879,0.71,-6.32,80.6,0.541,18.4
NYL,2021,WAS,72,101,21.0,5.0,0.0,0.0,0.0,34.9,0.362,47.4,14.8,7.7,23.8,20.0,22.1,97.0,9.9,15.1,14.7,0.879,0.71,-6.32,80.6,0.541,18.4
NYL,2021,CHI,93,85,23.0,5.0,0.0,0.0,0.0,34.9,0.362,47.4,14.8,7.7,23.8,20.0,22.1,97.0,9.9,15.1,14.7,0.879,0.71,-6.32,80.6,0.541,18.4
NYL,2021,DAL,88,81,24.0,5.0,0.0,0.0,0.0,34.9,0.362,47.4,14.8,7.7,23.8,20.0,22.1,97.0,9.9,15.1,14.7,0.879,0.71,-6.32,80.6,0.541,18.4
NYL,2021,ATL,87,90,29.0,5.0,0.0,0.0,0.0,34.9,0.362,47.4,14.8,7.7,23.8,20.0,22.1,97.0,9.9,15.1,14.7,0.879,0.71,-6.32,80.6,0.541,18.4
NYL,2021,LVA,82,94,3.0,6.0,0.0,0.0,0.0,34.9,0.362,47.4,14.8,7.7,23.8,20.0,22.1,97.0,9.9,15.1,14.7,0.879,0.71,-6.32,80.6,0.541,18.4
NYL,2021,CON,64,85,5.0,6.0,0.0,0.0,0.0,34.9,0.362,47.4,14.8,7.7,23.8,20.0,22.1,97.0,9.9,15.1,14.7,0.879,0.71,-6.32,80.6,0.541,18.4
NYL,2021,PHO,85,83,13.0,6.0,0.0,0.0,0.0,34.9,0.362,47.4,14.8,7.7,23.8,20.0,22.1,97.0,9.9,15.1,14.7,0.879,0.71,-6.32,80.6,0.541,18.4
NYL,2021,LVA,78,100,15.0,6.0,0.0,0.0,0.0,34.9,0.362,47.4,14.8,7.7,23.8,20.0,22.1,97.0,9.9,15.1,14.7,0.879,0.71,-6.32,80.6,0.541,18.4
NYL,2021,LVA,76,103,17.0,6.0,0.0,0.0,0.0,34.9,0.362,47.4,14.8,7.7,23.8,20.0,22.1,97.0,9.9,15.1,14.7,0.879,0.71,-6.32,80.6,0.541,18.4
NYL,2021,LAS,76,73,20.0,6.0,0.0,0.0,0.0,34.9,0.362,47.4,14.8,7.7,23.8,20.0,22.1,97.0,9.9,15.1,14.7,0.879,0.71,-6.32,80.6,0.541,18.4
NYL,2021,CHI,72,92,22.0,6.0,0.0,0.0,0.0,34.9,0.362,47.4,14.8,7.7,23.8,20.0,22.1,97.0,9.9,15.1,14.7,0.879,0.71,-6.32,80.6,0.541,18.4
NYL,2021,CHI,68,91,24.0,6.0,0.0,0.0,0.0,34.9,0.362,47.4,14.8,7.7,23.8,20.0,22.1,97.0,9.9,15.1,14.7,0.879,0.71,-6.32,80.6,0.541,18.4
NYL,2021,ATL,101,78,26.0,6.0,0.0,0.0,0.0,34.9,0.362,47.4,14.8,7.7,23.8,20.0,22.1,97.0,9.9,15.1,14.7,0.879,0.71,-6.32,80.6,0.541,18.4
NYL,2021,ATL,69,73,29.0,6.0,0.0,0.0,0.0,34.9,0.362,47.4,14.8,7.7,23.8,20.0,22.1,97.0,9.9,15.1,14.7,0.879,0.71,-6.32,80.6,0.541,18.4
NYL,2021,WAS,82,79,3.0,7.0,0.0,0.0,0.0,34.9,0.362,47.4,14.8,7.7,23.8,20.0,22.1,97.0,9.9,15.1,14.7,0.879,0.71,-6.32,80.6,0.541,18.4
NYL,2021,DAL,99,96,5.0,7.0,0.0,0.0,0.0,34.9,0.362,47.4,14.8,7.7,23.8,20.0,22.1,97.0,9.9,15.1,14.7,0.879,0.71,-6.32,80.6,0.541,18.4
NYL,2021,IND,69,82,9.0,7.0,0.0,0.0,0.0,34.9,0.362,47.4,14.8,7.7,23.8,20.0,22.1,97.0,9.9,15.1,14.7,0.879,0.71,-6.32,80.6,0.541,18.4
NYL,2021,CON,54,71,11.0,7.0,0.0,0.0,0.0,34.9,0.362,47.4,14.8,7.7,23.8,20.0,22.1,97.0,9.9,15.1,14.7,0.879,0.71,-6.32,80.6,0.541,18.4
NYL,2021,MIN,78,88,15.0,8.0,0.0,0.0,0.0,34.9,0.362,47.4,14.8,7.7,23.8,20.0,22.1,97.0,9.9,15.1,14.7,0.879,0.71,-6.32,80.6,0.541,18.4
NYL,2021,SEA,83,79,18.0,8.0,0.0,0.0,0.0,34.9,0.362,47.4,14.8,7.7,23.8,20.0,22.1,97.0,9.9,15.1,14.7,0.879,0.71,-6.32,80.6,0.541,18.4
NYL,2021,SEA,83,99,20.0,8.0,0.0,0.0,0.0,34.9,0.362,47.4,14.8,7.7,23.8,20.0,22.1,97.0,9.9,15.1,14.7,0.879,0.71,-6.32,80.6,0.541,18.4
NYL,2021,LAS,83,86,22.0,8.0,0.0,0.0,0.0,34.9,0.362,47.4,14.8,7.7,23.8,20.0,22.1,97.0,9.9,15.1,14.7,0.879,0.71,-6.32,80.6,0.541,18.4
NYL,2021,PHO,79,106,25.0,8.0,0.0,0.0,0.0,34.9,0.362,47.4,14.8,7.7,23.8,20.0,22.1,97.0,9.9,15.1,14.7,0.879,0.71,-6.32,80.6,0.541,18.4
NYL,2021,PHO,64,80,27.0,8.0,0.0,0.0,0.0,34.9,0.362,47.4,14.8,7.7,23.8,20.0,22.1,97.0,9.9,15.1,14.7,0.879,0.71,-6.32,80.6,0.541,18.4
NYL,2021,MIN,66,74,31.0,8.0,0.0,0.0,0.0,34.9,0.362,47.4,14.8,7.7,23.8,20.0,22.1,97.0,9.9,15.1,14.7,0.879,0.71,-6.32,80.6,0.541,18.4
NYL,2021,SEA,75,85,2.0,9.0,0.0,0.0,0.0,34.9,0.362,47.4,14.8,7.7,23.8,20.0,22.1,97.0,9.9,15.1,14.7,0.879,0.71,-6.32,80.6,0.541,18.4
NYL,2021,DAL,76,77,11.0,9.0,0.0,0.0,0.0,34.9,0.362,47.4,14.8,7.7,23.8,20.0,22.1,97.0,9.9,15.1,14.7,0.879,0.71,-6.32,80.6,0.541,18.4
NYL,2021,CON,69,98,15.0,9.0,0.0,0.0,0.0,34.9,0.362,47.4,14.8,7.7,23.8,20.0,22.1,97.0,9.9,15.1,14.7,0.879,0.71,-6.32,80.6,0.541,18.4
NYL,2021,WAS,91,80,17.0,9.0,0.0,0.0,0.0,34.9,0.362,47.4,14.8,7.7,23.8,20.0,22.1,97.0,9.9,15.1,14.7,0.879,0.71,-6.32,80.6,0.541,18.4
PHO,2021,MIN,77,75,14.0,5.0,0.0,0.0,0.0,38.3,0.346,57.0,20.1,10.3,25.5,16.6,21.1,106.5,8.9,13.1,13.1,0.797,-0.12,2.45,76.4,0.553,23.8
PHO,2021,CON,78,86,16.0,5.0,0.0,0.0,0.0,38.3,0.346,57.0,20.1,10.3,25.5,16.6,21.1,106.5,8.9,13.1,13.1,0.797,-0.12,2.45,76.4,0.553,23.8
PHO,2021,WAS,91,70,18.0,5.0,0.0,0.0,0.0,38.3,0.346,57.0,20.1,10.3,25.5,16.6,21.1,106.5,8.9,13.1,13.1,0.797,-0.12,2.45,76.4,0.553,23.8
PHO,2021,CON,67,84,21.0,5.0,0.0,0.0,0.0,38.3,0.346,57.0,20.1,10.3,25.5,16.6,21.1,106.5,8.9,13.1,13.1,0.797,-0.12,2.45,76.4,0.553,23.8
PHO,2021,LVA,79,85,26.0,5.0,0.0,0.0,0.0,38.3,0.346,57.0,20.1,10.3,25.5,16.6,21.1,106.5,8.9,13.1,13.1,0.797,-0.12,2.45,76.4,0.553,23.8
PHO,2021,DAL,89,85,29.0,5.0,0.0,0.0,0.0,38.3,0.346,57.0,20.1,10.3,25.5,16.6,21.1,106.5,8.9,13.1,13.1,0.797,-0.12,2.45,76.4,0.553,23.8
PHO,2021,CHI,84,83,1.0,6.0,0.0,0.0,0.0,38.3,0.346,57.0,20.1,10.3,25.5,16.6,21.1,106.5,8.9,13.1,13.1,0.797,-0.12,2.45,76.4,0.553,23.8
PHO,2021,CHI,77,74,3.0,6.0,0.0,0.0,0.0,38.3,0.346,57.0,20.1,10.3,25.5,16.6,21.1,106.5,8.9,13.1,13.1,0.797,-0.12,2.45,76.4,0.553,23.8
PHO,2021,DAL,81,85,8.0,6.0,0.0,0.0,0.0,38.3,0.346,57.0,20.1,10.3,25.5,16.6,21.1,106.5,8.9,13.1,13.1,0.797,-0.12,2.45,76.4,0.553,23.8
PHO,2021,DAL,59,77,11.0,6.0,0.0,0.0,0.0,38.3,0.346,57.0,20.1,10.3,25.5,16.6,21.1,106.5,8.9,13.1,13.1,0.797,-0.12,2.45,76.4,0.553,23.8
PHO,2021,NYL,83,85,13.0,6.0,0.0,0.0,0.0,38.3,0.346,57.0,20.1,10.3,25.5,16.6,21.1,106.5,8.9,13.1,13.1,0.797,-0.12,2.45,76.4,0.553,23.8
PHO,2021,LAS,80,85,16.0,6.0,0.0,0.0,0.0,38.3,0.346,57.0,20.1,10.3,25.5,16.6,21.1,106.5,8.9,13.1,13.1,0.797,-0.12,2.45,76.4,0.553,23.8
PHO,2021,LAS,80,66,18.0,6.0,0.0,0.0,0.0,38.3,0.346,57.0,20.1,10.3,25.5,16.6,21.1,106.5,8.9,13.1,13.1,0.797,-0.12,2.45,76.4,0.553,23.8
PHO,2021,LAS,88,79,27.0,6.0,0.0,0.0,0.0,38.3,0.346,57.0,20.1,10.3,25.5,16.6,21.1,106.5,8.9,13.1,13.1,0.797,-0.12,2.45,76.4,0.553,23.8
PHO,2021,MIN,76,82,30.0,6.0,0.0,0.0,0.0,38.3,0.346,57.0,20.1,10.3,25.5,16.6,21.1,106.5,8.9,13.1,13.1,0.797,-0.12,2.45,76.4,0.553,23.8
PHO,2021,MIN,68,99,3.0,7.0,0.0,0.0,0.0,38.3,0.346,57.0,20.1,10.3,25.5,16.6,21.1,106.5,8.9,13.1,13.1,0.797,-0.12,2.45,76.4,0.553,23.8
PHO,2021,LVA,99,90,7.0,7.0,0.0,0.0,0.0,38.3,0.346,57.0,20.1,10.3,25.5,16.6,21.1,106.5,8.9,13.1,13.1,0.797,-0.12,2.45,76.4,0.553,23.8
PHO,2021,SEA,85,77,9.0,7.0,0.0,0.0,0.0,38.3,0.346,57.0,20.1,10.3,25.5,16.6,21.1,106.5,8.9,13.1,13.1,0.797,-0.12,2.45,76.4,0.553,23.8
PHO,2021,SEA,75,82,11.0,7.0,0.0,0.0,0.0,38.3,0.346,57.0,20.1,10.3,25.5,16.6,21.1,106.5,8.9,13.1,13.1,0.797,-0.12,2.45,76.4,0.553,23.8
PHO,2021,ATL,92,81,15.0,8.0,0.0,0.0,0.0,38.3,0.346,57.0,20.1,10.3,25.5,16.6,21.1,106.5,8.9,13.1,13.1,0.797,-0.12,2.45,76.4,0.553,23.8
PHO,2021,IND,84,80,17.0,8.0,0.0,0.0,0.0,38.3,0.346,57.0,20.1,10.3,25.5,16.6,21.1,106.5,8.9,13.1,13.1,0.797,-0.12,2.45,76.4,0.553,23.8
PHO,2021,WAS,77,64,19.0,8.0,0.0,0.0,0.0,38.3,0.346,57.0,20.1,10.3,25.5,16.6,21.1,106.5,8.9,13.1,13.1,0.797,-0.12,2.45,76.4,0.553,23.8
PHO,2021,ATL,84,69,21.0,8.0,0.0,0.0,0.0,38.3,0.346,57.0,20.1,10.3,25.5,16.6,21.1,106.5,8.9,13.1,13.1,0.797,-0.12,2.45,76.4,0.553,23.8
PHO,2021,NYL,106,79,25.0,8.0,0.0,0.0,0.0,38.3,0.346,57.0,20.1,10.3,25.5,16.6,21.1,106.5,8.9,13.1,13.1,0.797,-0.12,2.45,76.4,0.553,23.8
PHO,2021,NYL,80,64,27.0,8.0,0.0,0.0,0.0,38.3,0.346,57.0,20.1,10.3,25.5,16.6,21.1,106.5,8.9,13.1,13.1,0.797,-0.12,2.45,76.4,0.553,23.8
PHO,2021,CHI,103,83,31.0,8.0,0.0,0.0,0.0,38.3,0.346,57.0,20.1,10.3,25.5,16.6,21.1,106.5,8.9,13.1,13.1,0.797,-0.12,2.45,76.4,0.553,23.8
PHO,2021,IND,87,65,4.0,9.0,0.0,0.0,0.0,38.3,0.346,57.0,20.1,10.3,25.5,16.6,21.1,106.5,8.9,13.1,13.1,0.797,-0.12,2.45,76.4,0.553,23.8
PHO,2021,IND,86,81,6.0,9.0,0.0,0.0,0.0,38.3,0.346,57.0,20.1,10.3,25.5,16.6,21.1,106.5,8.9,13.1,13.1,0.797,-0.12,2.45,76.4,0.553,23.8
PHO,2021,ATL,76,75,8.0,9.0,0.0,0.0,0.0,38.3,0.346,57.0,20.1,10.3,25.5,16.6,21.1,106.5,8.9,13.1,13.1,0.797,-0.12,2.45,76.4,0.553,23.8
PHO,2021,CON,67,76,11.0,9.0,0.0,0.0,0.0,38.3,0.346,57.0,20.1,10.3,25.5,16.6,21.1,106.5,8.9,13.1,13.1,0.797,-0.12,2.45,76.4,0.553,23.8
PHO,2021,SEA,85,94,17.0,9.0,0.0,0.0,0.0,38.3,0.346,57.0,20.1,10.3,25.5,16.6,21.1,106.5,8.9,13.1,13.1,0.797,-0.12,2.45,76.4,0.553,23.8
PHO,2021,LVA,83,84,19.0,9.0,0.0,0.0,0.0,38.3,0.346,57.0,20.1,10.3,25.5,16.6,21.1,106.5,8.9,13.1,13.1,0.797,-0.12,2.45,76.4,0.553,23.8
SEA,2021,LVA,97,83,15.0,5.0,0.0,0.0,0.0,38.8,0.38,57.9,17.8,9.0,26.7,15.4,19.5,106.3,8.1,16.2,14.5,0.891,-0.63,3.8,78.2,0.556,20.9
SEA,2021,LVA,80,96,18.0,5.0,0.0,0.0,0.0,38.8,0.38,57.9,17.8,9.0,26.7,15.4,19.5,106.3,8.1,16.2,14.5,0.891,-0.63,3.8,78.2,0.556,20.9
SEA,2021,MIN,90,78,20.0,5.0,0.0,0.0,0.0,38.8,0.38,57.9,17.8,9.0,26.7,15.4,19.5,106.3,8.1,16.2,14.5,0.891,-0.63,3.8,78.2,0.556,20.9
SEA,2021,DAL,100,97,22.0,5.0,0.0,0.0,0.0,38.8,0.38,57.9,17.8,9.0,26.7,15.4,19.5,106.3,8.1,16.2,14.5,0.891,-0.63,3.8,78.2,0.556,20.9
SEA,2021,CON,90,87,25.0,5.0,0.0,0.0,0.0,38.8,0.38,57.9,17.8,9.0,26.7,15.4,19.5,106.3,8.1,16.2,14.5,0.891,-0.63,3.8,78.2,0.556,20.9
SEA,2021,MIN,82,72,28.0,5.0,0.0,0.0,0.0,38.8,0.38,57.9,17.8,9.0,26.7,15.4,19.5,106.3,8.1,16.2,14.5,0.891,-0.63,3.8,78.2,0.556,20.9
SEA,2021,IND,88,73,1.0,6.0,0.0,0.0,0.0,38.8,0.38,57.9,17.8,9.0,26.7,15.4,19.5,106.3,8.1,16.2,14.5,0.891,-0.63,3.8,78.2,0.556,20.9
SEA,2021,DAL,105,102,4.0,6.0,0.0,0.0,0.0,38.8,0.38,57.9,17.8,9.0,26.7,15.4,19.5,106.3,8.1,16.2,14.5,0.891,-0.63,3.8,78.2,0.556,20.9
SEA,2021,DAL,67,68,6.0,6.0,0.0,0.0,0.0,38.8,0.38,57.9,17.8,9.0,26.7,15.4,19.5,106.3,8.1,16.2,14.5,0.891,-0.63,3.8,78.2,0.556,20.9
SEA,2021,ATL,95,71,9.0,6.0,0.0,0.0,0.0,38.8,0.38,57.9,17.8,9.0,26.7,15.4,19.5,106.3,8.1,16.2,14.5,0.891,-0.63,3.8,78.2,0.556,20.9
SEA,2021,ATL,86,75,11.0,6.0,0.0,0.0,0.0,38.8,0.38,57.9,17.8,9.0,26.7,15.4,19.5,106.3,8.1,16.2,14.5,0.891,-0.63,3.8,78.2,0.556,20.9
SEA,2021,CON,89,66,13.0,6.0,0.0,0.0,0.0,38.8,0.38,57.9,17.8,9.0,26.7,15.4,19.5,106.3,8.1,16.2,14.5,0.891,-0.63,3.8,78.2,0.556,20.9
SEA,2021,IND,87,70,15.0,6.0,0.0,0.0,0.0,38.8,0.38,57.9,17.8,9.0,26.7,15.4,19.5,106.3,8.1,16.2,14.5,0.891,-0.63,3.8,78.2,0.556,20.9
SEA,2021,IND,79,69,17.0,6.0,0.0,0.0,0.0,38.8,0.38,57.9,17.8,9.0,26.7,15.4,19.5,106.3,8.1,16.2,14.5,0.891,-0.63,3.8,78.2,0.556,20.9
SEA,2021,WAS,83,87,22.0,6.0,0.0,0.0,0.0,38.8,0.38,57.9,17.8,9.0,26.7,15.4,19.5,106.3,8.1,16.2,14.5,0.891,-0.63,3.8,78.2,0.556,20.9
SEA,2021,LVA,92,95,27.0,6.0,0.0,0.0,0.0,38.8,0.38,57.9,17.8,9.0,26.7,15.4,19.5,106.3,8.1,16.2,14.5,0.891,-0.63,3.8,78.2,0.556,20.9
SEA,2021,ATL,91,88,2.0,7.0,0.0,0.0,0.0,38.8,0.38,57.9,17.8,9.0,26.7,15.4,19.5,106.3,8.1,16.2,14.5,0.891,-0.63,3.8,78.2,0.556,20.9
SEA,2021,LAS,84,74,4.0,7.0,0.0,0.0,0.0,38.8,0.38,57.9,17.8,9.0,26.7,15.4,19.5,106.3,8.1,16.2,14.5,0.891,-0.63,3.8,78.2,0.556,20.9
SEA,2021,LAS,71,62,7.0,7.0,0.0,0.0,0.0,38.8,0.38,57.9,17.8,9.0,26.7,15.4,19.5,106.3,8.1,16.2,14.5,0.891,-0.63,3.8,78.2,0.556,20.9
SEA,2021,PHO,77,85,9.0,7.0,0.0,0.0,0.0,38.8,0.38,57.9,17.8,9.0,26.7,15.4,19.5,106.3,8.1,16.2,14.5,0.891,-0.63,3.8,78.2,0.556,20.9
SEA,2021,PHO,82,75,11.0,7.0,0.0,0.0,0.0,38.8,0.38,57.9,17.8,9.0,26.7,15.4,19.5,106.3,8.1,16.2,14.5,0.891,-0.63,3.8,78.2,0.556,20.9
SEA,2021,CHI,85,87,15.0,8.0,0.0,0.0,0.0,38.8,0.38,57.9,17.8,9.0,26.7,15.4,19.5,106.3,8.1,16.2,14.5,0.891,-0.63,3.8,78.2,0.556,20.9
SEA,2021,NYL,79,83,18.0,8.0,0.0,0.0,0.0,38.8,0.38,57.9,17.8,9.0,26.7,15.4,19.5,106.3,8.1,16.2,14.5,0.891,-0.63,3.8,78.2,0.556,20.9
SEA,2021,NYL,99,83,20.0,8.0,0.0,0.0,0.0,38.8,0.38,57.9,17.8,9.0,26.7,15.4,19.5,106.3,8.1,16.2,14.5,0.891,-0.63,3.8,78.2,0.556,20.9
SEA,2021,WAS,85,78,22.0,8.0,0.0,0.0,0.0,38.8,0.38,57.9,17.8,9.0,26.7,15.4,19.5,106.3,8.1,16.2,14.5,0.891,-0.63,3.8,78.2,0.556,20.9
SEA,2021,MIN,70,76,24.0,8.0,0.0,0.0,0.0,38.8,0.38,57.9,17.8,9.0,26.7,15.4,19.5,106.3,8.1,16.2,14.5,0.891,-0.63,3.8,78.2,0.556,20.9
SEA,2021,CHI,69,73,27.0,8.0,0.0,0.0,0.0,38.8,0.38,57.9,17.8,9.0,26.7,15.4,19.5,106.3,8.1,16.2,14.5,0.891,-0.63,3.8,78.2,0.556,20.9
SEA,2021,CHI,75,107,29.0,8.0,0.0,0.0,0.0,38.8,0.38,57.9,17.8,9.0,26.7,15.4,19.5,106.3,8.1,16.2,14.5,0.891,-0.63,3.8,78.2,0.556,20.9
SEA,2021,NYL,85,75,2.0,9.0,0.0,0.0,0.0,38.8,0.38,57.9,17.8,9.0,26.7,15.4,19.5,106.3,8.1,16.2,14.5,0.891,-0.63,3.8,78.2,0.556,20.9
SEA,2021,WAS,105,71,7.0,9.0,0.0,0.0,0.0,38.8,0.38,57.9,17.8,9.0,26.7,15.4,19.5,106.3,8.1,16.2,14.5,0.891,-0.63,3.8,78.2,0.556,20.9
SEA,2021,LAS,53,81,12.0,9.0,0.0,0.0,0.0,38.8,0.38,57.9,17.8,9.0,26.7,15.4,19.5,106.3,8.1,16.2,14.5,0.891,-0.63,3.8,78.2,0.556,20.9
SEA,2021,PHO,94,85,17.0,9.0,0.0,0.0,0.0,38.8,0.38,57.9,17.8,9.0,26.7,15.4,19.5,106.3,8.1,16.2,14.5,0.891,-0.63,3.8,78.2,0.556,20.9
WAS,2021,CHI,56,70,15.0,5.0,0.0,0.0,0.0,36.1,0.328,53.1,17.8,10.3,23.7,15.6,21.9,101.5,8.9,17.1,15.0,0.882,0.26,-3.58,78.3,0.519,21.9
WAS,2021,PHO,70,91,18.0,5.0,0.0,0.0,0.0,36.1,0.328,53.1,17.8,10.3,23.7,15.6,21.9,101.5,8.9,17.1,15.0,0.882,0.26,-3.58,78.3,0.519,21.9
WAS,2021,NYL,101,72,21.0,5.0,0.0,0.0,0.0,36.1,0.328,53.1,17.8,10.3,23.7,15.6,21.9,101.5,8.9,17.1,15.0,0.882,0.26,-3.58,78.3,0.519,21.9
WAS,2021,IND,77,89,23.0,5.0,0.0,0.0,0.0,36.1,0.328,53.1,17.8,10.3,23.7,15.6,21.9,101.5,8.9,17.1,15.0,0.882,0.26,-3.58,78.3,0.519,21.9
WAS,2021,IND,85,69,25.0,5.0,0.0,0.0,0.0,36.1,0.328,53.1,17.8,10.3,23.7,15.6,21.9,101.5,8.9,17.1,15.0,0.882,0.26,-3.58,78.3,0.519,21.9
WAS,2021,CON,81,86,28.0,5.0,0.0,0.0,0.0,36.1,0.328,53.1,17.8,10.3,23.7,15.6,21.9,101.5,8.9,17.1,15.0,0.882,0.26,-3.58,78.3,0.519,21.9
WAS,2021,LVA,93,96,5.0,6.0,0.0,0.0,0.0,36.1,0.328,53.1,17.8,10.3,23.7,15.6,21.9,101.5,8.9,17.1,15.0,0.882,0.26,-3.58,78.3,0.519,21.9
WAS,2021,MIN,85,81,8.0,6.0,0.0,0.0,0.0,36.1,0.328,53.1,17.8,10.3,23.7,15.6,21.9,101.5,8.9,17.1,15.0,0.882,0.26,-3.58,78.3,0.519,21.9
WAS,2021,LAS,89,71,10.0,6.0,0.0,0.0,0.0,36.1,0.328,53.1,17.8,10.3,23.7,15.6,21.9,101.5,8.9,17.1,15.0,0.882,0.26,-3.58,78.3,0.519,21.9
WAS,2021,ATL,78,101,13.0,6.0,0.0,0.0,0.0,36.1,0.328,53.1,17.8,10.3,23.7,15.6,21.9,101.5,8.9,17.1,15.0,0.882,0.26,-3.58,78.3,0.519,21.9
WAS,2021,ATL,96,93,17.0,6.0,0.0,0.0,0.0,36.1,0.328,53.1,17.8,10.3,23.7,15.6,21.9,101.5,8.9,17.1,15.0,0.882,0.26,-3.58,78.3,0.519,21.9
WAS,2021,IND,82,77,19.0,6.0,0.0,0.0,0.0,36.1,0.328,53.1,17.8,10.3,23.7,15.6,21.9,101.5,8.9,17.1,15.0,0.882,0.26,-3.58,78.3,0.519,21.9
WAS,2021,SEA,87,83,22.0,6.0,0.0,0.0,0.0,36.1,0.328,53.1,17.8,10.3,23.7,15.6,21.9,101.5,8.9,17.1,15.0,0.882,0.26,-3.58,78.3,0.519,21.9
WAS,2021,LAS,82,89,24.0,6.0,0.0,0.0,0.0,36.1,0.328,53.1,17.8,10.3,23.7,15.6,21.9,101.5,8.9,17.1,15.0,0.882,0.26,-3.58,78.3,0.519,21.9
WAS,2021,DAL,74,85,26.0,6.0,0.0,0.0,0.0,36.1,0.328,53.1,17.8,10.3,23.7,15.6,21.9,101.5,8.9,17.1,15.0,0.882,0.26,-3.58,78.3,0.519,21.9
WAS,2021,CON,71,90,29.0,6.0,0.0,0.0,0.0,36.1,0.328,53.1,17.8,10.3,23.7,15.6,21.9,101.5,8.9,17.1,15.0,0.882,0.26,-3.58,78.3,0.519,21.9
WAS,2021,NYL,79,82,3.0,7.0,0.0,0.0,0.0,36.1,0.328,53.1,17.8,10.3,23.7,15.6,21.9,101.5,8.9,17.1,15.0,0.882,0.26,-3.58,78.3,0.519,21.9
WAS,2021,CHI,89,85,10.0,7.0,0.0,0.0,0.0,36.1,0.328,53.1,17.8,10.3,23.7,15.6,21.9,101.5,8.9,17.1,15.0,0.882,0.26,-3.58,78.3,0.519,21.9
WAS,2021,LVA,83,84,15.0,8.0,0.0,0.0,0.0,36.1,0.328,53.1,17.8,10.3,23.7,15.6,21.9,101.5,8.9,17.1,15.0,0.882,0.26,-3.58,78.3,0.519,21.9
WAS,2021,LVA,83,93,17.0,8.0,0.0,0.0,0.0,36.1,0.328,53.1,17.8,10.3,23.7,15.6,21.9,101.5,8.9,17.1,15.0,0.882,0.26,-3.58,78.3,0.519,21.9
WAS,2021,PHO,64,77,19.0,8.0,0.0,0.0,0.0,36.1,0.328,53.1,17.8,10.3,23.7,15.6,21.9,101.5,8.9,17.1,15.0,0.882,0.26,-3.58,78.3,0.519,21.9
WAS,2021,SEA,78,85,22.0,8.0,0.0,0.0,0.0,36.1,0.328,53.1,17.8,10.3,23.7,15.6,21.9,101.5,8.9,17.1,15.0,0.882,0.26,-3.58,78.3,0.519,21.9
WAS,2021,LAS,78,68,24.0,8.0,0.0,0.0,0.0,36.1,0.328,53.1,17.8,10.3,23.7,15.6,21.9,101.5,8.9,17.1,15.0,0.882,0.26,-3.58,78.3,0.519,21.9
WAS,2021,DAL,77,82,26.0,8.0,0.0,0.0,0.0,36.1,0.328,53.1,17.8,10.3,23.7,15.6,21.9,101.5,8.9,17.1,15.0,0.882,0.26,-3.58,78.3,0.519,21.9
WAS,2021,DAL,76,75,28.0,8.0,0.0,0.0,0.0,36.1,0.328,53.1,17.8,10.3,23.7,15.6,21.9,101.5,8.9,17.1,15.0,0.882,0.26,-3.58,78.3,0.519,21.9
WAS,2021,CON,75,85,31.0,8.0,0.0,0.0,0.0,36.1,0.328,53.1,17.8,10.3,23.7,15.6,21.9,101.5,8.9,17.1,15.0,0.882,0.26,-3.58,78.3,0.519,21.9
WAS,2021,MIN,75,93,4.0,9.0,0.0,0.0,0.0,36.1,0.328,53.1,17.8,10.3,23.7,15.6,21.9,101.5,8.9,17.1,15.0,0.882,0.26,-3.58,78.3,0.519,21.9
WAS,2021,SEA,71,105,7.0,9.0,0.0,0.0,0.0,36.1,0.328,53.1,17.8,10.3,23.7,15.6,21.9,101.5,8.9,17.1,15.0,0.882,0.26,-3.58,78.3,0.519,21.9
WAS,2021,ATL,82,74,10.0,9.0,0.0,0.0,0.0,36.1,0.328,53.1,17.8,10.3,23.7,15.6,21.9,101.5,8.9,17.1,15.0,0.882,0.26,-3.58,78.3,0.519,21.9
WAS,2021,CHI,79,71,12.0,9.0,0.0,0.0,0.0,36.1,0.328,53.1,17.8,10.3,23.7,15.6,21.9,101.5,8.9,17.1,15.0,0.882,0.26,-3.58,78.3,0.519,21.9
WAS,2021,NYL,80,91,17.0,9.0,0.0,0.0,0.0,36.1,0.328,53.1,17.8,10.3,23.7,15.6,21.9,101.5,8.9,17.1,15.0,0.882,0.26,-3.58,78.3,0.519,21.9
WAS,2021,MIN,77,83,19.0,9.0,0.0,0.0,0.0,36.1,0.328,53.1,17.8,10.3,23.7,15.6,21.9,101.5,8.9,17.1,15.0,0.882,0.26,-3.58,78.3,0.519,21.9
LVA,2021,SEA,83,97,15.0,5.0,0.0,0.0,0.0,40.5,0.375,69.3,21.9,9.0,25.5,14.1,17.4,109.1,8.4,13.9,12.1,0.864,-0.62,8.44,80.8,0.559,21.3
LVA,2021,SEA,96,80,18.0,5.0,0.0,0.0,0.0,40.5,0.375,69.3,21.9,9.0,25.5,14.1,17.4,109.1,8.4,13.9,12.1,0.864,-0.62,8.44,80.8,0.559,21.3
LVA,2021,LAS,97,69,21.0,5.0,0.0,0.0,0.0,40.5,0.375,69.3,21.9,9.0,25.5,14.1,17.4,109.1,8.4,13.9,12.1,0.864,-0.62,8.44,80.8,0.559,21.3
LVA,2021,CON,65,72,23.0,5.0,0.0,0.0,0.0,40.5,0.375,69.3,21.9,9.0,25.5,14.1,17.4,109.1,8.4,13.9,12.1,0.864,-0.62,8.44,80.8,0.559,21.3
LVA,2021,PHO,85,79,26.0,5.0,0.0,0.0,0.0,40.5,0.375,69.3,21.9,9.0,25.5,14.1,17.4,109.1,8.4,13.9,12.1,0.864,-0.62,8.44,80.8,0.559,21.3
LVA,2021,IND,113,77,28.0,5.0,0.0,0.0,0.0,40.5,0.375,69.3,21.9,9.0,25.5,14.1,17.4,109.1,8.4,13.9,12.1,0.864,-0.62,8.44,80.8,0.559,21.3
LVA,2021,IND,101,78,30.0,5.0,0.0,0.0,0.0,40.5,0.375,69.3,21.9,9.0,25.5,14.1,17.4,109.1,8.4,13.9,12.1,0.864,-0.62,8.44,80.8,0.559,21.3
LVA,2021,CON,67,74,1.0,6.0,0.0,0.0,0.0,40.5,0.375,69.3,21.9,9.0,25.5,14.1,17.4,109.1,8.4,13.9,12.1,0.864,-0.62,8.44,80.8,0.559,21.3
LVA,2021,NYL,94,82,3.0,6.0,0.0,0.0,0.0,40.5,0.375,69.3,21.9,9.0,25.5,14.1,17.4,109.1,8.4,13.9,12.1,0.864,-0.62,8.44,80.8,0.559,21.3
LVA,2021,WAS,96,93,5.0,6.0,0.0,0.0,0.0,40.5,0.375,69.3,21.9,9.0,25.5,14.1,17.4,109.1,8.4,13.9,12.1,0.864,-0.62,8.44,80.8,0.559,21.3
LVA,2021,DAL,85,78,13.0,6.0,0.0,0.0,0.0,40.5,0.375,69.3,21.9,9.0,25.5,14.1,17.4,109.1,8.4,13.9,12.1,0.864,-0.62,8.44,80.8,0.559,21.3
LVA,2021,NYL,100,78,15.0,6.0,0.0,0.0,0.0,40.5,0.375,69.3,21.9,9.0,25.5,14.1,17.4,109.1,8.4,13.9,12.1,0.864,-0.62,8.44,80.8,0.559,21.3
LVA,2021,NYL,103,76,17.0,6.0,0.0,0.0,0.0,40.5,0.375,69.3,21.9,9.0,25.5,14.1,17.4,109.1,8.4,13.9,12.1,0.864,-0.62,8.44,80.8,0.559,21.3
LVA,2021,MIN,89,90,25.0,6.0,0.0,0.0,0.0,40.5,0.375,69.3,21.9,9.0,25.5,14.1,17.4,109.1,8.4,13.9,12.1,0.864,-0.62,8.44,80.8,0.559,21.3
LVA,2021,SEA,95,92,27.0,6.0,0.0,0.0,0.0,40.5,0.375,69.3,21.9,9.0,25.5,14.1,17.4,109.1,8.4,13.9,12.1,0.864,-0.62,8.44,80.8,0.559,21.3
LVA,2021,LAS,99,75,30.0,6.0,0.0,0.0,0.0,40.5,0.375,69.3,21.9,9.0,25.5,14.1,17.4,109.1,8.4,13.9,12.1,0.864,-0.62,8.44,80.8,0.559,21.3
LVA,2021,LAS,66,58,2.0,7.0,0.0,0.0,0.0,40.5,0.375,69.3,21.9,9.0,25.5,14.1,17.4,109.1,8.4,13.9,12.1,0.864,-0.62,8.44,80.8,0.559,21.3
LVA,2021,ATL,118,95,4.0,7.0,0.0,0.0,0.0,40.5,0.375,69.3,21.9,9.0,25.5,14.1,17.4,109.1,8.4,13.9,12.1,0.864,-0.62,8.44,80.8,0.559,21.3
LVA,2021,PHO,90,99,7.0,7.0,0.0,0.0,0.0,40.5,0.375,69.3,21.9,9.0,25.5,14.1,17.4,109.1,8.4,13.9,12.1,0.864,-0.62,8.44,80.8,0.559,21.3
LVA,2021,MIN,67,77,9.0,7.0,0.0,0.0,0.0,40.5,0.375,69.3,21.9,9.0,25.5,14.1,17.4,109.1,8.4,13.9,12.1,0.864,-0.62,8.44,80.8,0.559,21.3
LVA,2021,DAL,95,79,11.0,7.0,0.0,0.0,0.0,40.5,0.375,69.3,21.9,9.0,25.5,14.1,17.4,109.1,8.4,13.9,12.1,0.864,-0.62,8.44,80.8,0.559,21.3
LVA,2021,WAS,84,83,15.0,8.0,0.0,0.0,0.0,40.5,0.375,69.3,21.9,9.0,25.5,14.1,17.4,109.1,8.4,13.9,12.1,0.864,-0.62,8.44,80.8,0.559,21.3
LVA,2021,WAS,93,83,17.0,8.0,0.0,0.0,0.0,40.5,0.375,69.3,21.9,9.0,25.5,14.1,17.4,109.1,8.4,13.9,12.1,0.864,-0.62,8.44,80.8,0.559,21.3
LVA,2021,CON,62,76,24.0,8.0,0.0,0.0,0.0,40.5,0.375,69.3,21.9,9.0,25.5,14.1,17.4,109.1,8.4,13.9,12.1,0.864,-0.62,8.44,80.8,0.559,21.3
LVA,2021,ATL,78,71,26.0,8.0,0.0,0.0,0.0,40.5,0.375,69.3,21.9,9.0,25.5,14.1,17.4,109.1,8.4,13.9,12.1,0.864,-0.62,8.44,80.8,0.559,21.3
LVA,2021,IND,87,71,28.0,8.0,0.0,0.0,0.0,40.5,0.375,69.3,21.9,9.0,25.5,14.1,17.4,109.1,8.4,13.9,12.1,0.864,-0.62,8.44,80.8,0.559,21.3
LVA,2021,CHI,90,83,2.0,9.0,0.0,0.0,0.0,40.5,0.375,69.3,21.9,9.0,25.5,14.1,17.4,109.1,8.4,13.9,12.1,0.864,-0.62,8.44,80.8,0.559,21.3
LVA,2021,CHI,84,92,5.0,9.0,0.0,0.0,0.0,40.5,0.375,69.3,21.9,9.0,25.5,14.1,17.4,109.1,8.4,13.9,12.1,0.864,-0.62,8.44,80.8,0.559,21.3
LVA,2021,MIN,102,81,8.0,9.0,0.0,0.0,0.0,40.5,0.375,69.3,21.9,9.0,25.5,14.1,17.4,109.1,8.4,13.9,12.1,0.864,-0.62,8.44,80.8,0.559,21.3
LVA,2021,DAL,85,75,13.0,9.0,0.0,0.0,0.0,40.5,0.375,69.3,21.9,9.0,25.5,14.1,17.4,109.1,8.4,13.9,12.1,0.864,-0.62,8.44,80.8,0.559,21.3
LVA,2021,CHI,103,70,17.0,9.0,0.0,0.0,0.0,40.5,0.375,69.3,21.9,9.0,25.5,14.1,17.4,109.1,8.4,13.9,12.1,0.864,-0.62,8.44,80.8,0.559,21.3
LVA,2021,PHO,84,83,19.0,9.0,0.0,0.0,0.0,40.5,0.375,69.3,21.9,9.0,25.5,14.1,17.4,109.1,8.4,13.9,12.1,0.864,-0.62,8.44,80.8,0.559,21.3
ATL,2022,DAL,66,59,7.0,5.0,0.0,0.0,0.0,35.9,0.351,58.7,16.8,10.8,21.9,19.0,24.4,98.1,10.0,17.6,13.5,0.849,0.02,-2.98,79.5,0.516,24.5
ATL,2022,LAS,77,75,11.0,5.0,0.0,0.0,0.0,35.9,0.351,58.7,16.8,10.8,21.9,19.0,24.4,98.1,10.0,17.6,13.5,0.849,0.02,-2.98,79.5,0.516,24.5
ATL,2022,LVA,73,96,13.0,5.0,0.0,0.0,0.0,35.9,0.351,58.7,16.8,10.8,21.9,19.0,24.4,98.1,10.0,17.6,13.5,0.849,0.02,-2.98,79.5,0.516,24.5
ATL,2022,IND,85,79,15.0,5.0,0.0,0.0,0.0,35.9,0.351,58.7,16.8,10.8,21.9,19.0,24.4,98.1,10.0,17.6,13.5,0.849,0.02,-2.98,79.5,0.516,24.5
ATL,2022,IND,101,79,17.0,5.0,0.0,0.0,0.0,35.9,0.351,58.7,16.8,10.8,21.9,19.0,24.4,98.1,10.0,17.6,13.5,0.849,0.02,-2.98,79.5,0.516,24.5
ATL,2022,WAS,73,78,20.0,5.0,0.0,0.0,0.0,35.9,0.351,58.7,16.8,10.8,21.9,19.0,24.4,98.1,10.0,17.6,13.5,0.849,0.02,-2.98,79.5,0.516,24.5
ATL,2022,WAS,50,70,24.0,5.0,0.0,0.0,0.0,35.9,0.351,58.7,16.8,10.8,21.9,19.0,24.4,98.1,10.0,17.6,13.5,0.849,0.02,-2.98,79.5,0.516,24.5
ATL,2022,PHO,81,54,29.0,5.0,0.0,0.0,0.0,35.9,0.351,58.7,16.8,10.8,21.9,19.0,24.4,98.1,10.0,17.6,13.5,0.849,0.02,-2.98,79.5,0.516,24.5
ATL,2022,MIN,84,76,1.0,6.0,0.0,0.0,0.0,35.9,0.351,58.7,16.8,10.8,21.9,19.0,24.4,98.1,10.0,17.6,13.5,0.849,0.02,-2.98,79.5,0.516,24.5
ATL,2022,CHI,65,73,3.0,6.0,0.0,0.0,0.0,35.9,0.351,58.7,16.8,10.8,21.9,19.0,24.4,98.1,10.0,17.6,13.5,0.849,0.02,-2.98,79.5,0.516,24.5
ATL,2022,IND,75,66,5.0,6.0,0.0,0.0,0.0,35.9,0.351,58.7,16.8,10.8,21.9,19.0,24.4,98.1,10.0,17.6,13.5,0.849,0.02,-2.98,79.5,0.516,24.5
ATL,2022,SEA,60,72,7.0,6.0,0.0,0.0,0.0,35.9,0.351,58.7,16.8,10.8,21.9,19.0,24.4,98.1,10.0,17.6,13.5,0.849,0.02,-2.98,79.5,0.516,24.5
ATL,2022,PHO,88,90,10.0,6.0,0.0,0.0,0.0,35.9,0.351,58.7,16.8,10.8,21.9,19.0,24.4,98.1,10.0,17.6,13.5,0.849,0.02,-2.98,79.5,0.516,24.5
ATL,2022,CON,92,105,15.0,6.0,0.0,0.0,0.0,35.9,0.351,58.7,16.8,10.8,21.9,19.0,24.4,98.1,10.0,17.6,13.5,0.849,0.02,-2.98,79.5,0.516,24.5
ATL,2022,CHI,100,106,17.0,6.0,0.0,0.0,0.0,35.9,0.351,58.7,16.8,10.8,21.9,19.0,24.4,98.1,10.0,17.6,13.5,0.849,0.02,-2.98,79.5,0.516,24.5
ATL,2022,DAL,80,75,21.0,6.0,1.0,0.0,0.0,35.9,0.351,58.7,16.8,10.8,21.9,19.0,24.4,98.1,10.0,17.6,13.5,0.849,0.02,-2.98,79.5,0.516,24.5
ATL,2022,NYL,77,89,24.0,6.0,1.0,0.0,0.0,35.9,0.351,58.7,16.8,10.8,21.9,19.0,24.4,98.1,10.0,17.6,13.5,0.849,0.02,-2.98,79.5,0.516,24.5
ATL,2022,CON,61,72,26.0,6.0,1.0,0.0,0.0,35.9,0.351,58.7,16.8,10.8,21.9,19.0,24.4,98.1,10.0,17.6,13.5,0.849,0.02,-2.98,79.5,0.516,24.5
ATL,2022,WAS,74,92,28.0,6.0,0.0,0.0,0.0,35.9,0.351,58.7,16.8,10.8,21.9,19.0,24.4,98.1,10.0,17.6,13.5,0.849,0.02,-2.98,79.5,0.516,24.5
ATL,2022,NYL,92,81,30.0,6.0,0.0,0.0,0.0,35.9,0.351,58.7,16.8,10.8,21.9,19.0,24.4,98.1,10.0,17.6,13.5,0.849,0.02,-2.98,79.5,0.516,24.5
ATL,2022,SEA,90,76,3.0,7.0,0.0,0.0,0.0,35.9,0.351,58.7,16.8,10.8,21.9,19.0,24.4,98.1,10.0,17.6,13.5,0.849,0.02,-2.98,79.5,0.516,24.5
ATL,2022,WAS,66,85,6.0,7.0,0.0,0.0,0.0,35.9,0.351,58.7,16.8,10.8,21.9,19.0,24.4,98.1,10.0,17.6,13.5,0.849,0.02,-2.98,79.5,0.516,24.5
ATL,2022,CHI,75,90,12.0,7.0,0.0,0.0,0.0,35.9,0.351,58.7,16.8,10.8,21.9,19.0,24.4,98.1,10.0,17.6,13.5,0.849,0.02,-2.98,79.5,0.516,24.5
ATL,2022,CON,68,93,15.0,7.0,0.0,0.0,0.0,35.9,0.351,58.7,16.8,10.8,21.9,19.0,24.4,98.1,10.0,17.6,13.5,0.849,0.02,-2.98,79.5,0.516,24.5
ATL,2022,PHO,85,75,17.0,7.0,0.0,0.0,0.0,35.9,0.351,58.7,16.8,10.8,21.9,19.0,24.4,98.1,10.0,17.6,13.5,0.849,0.02,-2.98,79.5,0.516,24.5
ATL,2022,LVA,92,76,19.0,7.0,0.0,0.0,0.0,35.9,0.351,58.7,16.8,10.8,21.9,19.0,24.4,98.1,10.0,17.6,13.5,0.849,0.02,-2.98,79.5,0.516,24.5
ATL,2022,LAS,78,85,21.0,7.0,0.0,0.0,0.0,35.9,0.351,58.7,16.8,10.8,21.9,19.0,24.4,98.1,10.0,17.6,13.5,0.849,0.02,-2.98,79.5,0.516,24.5
ATL,2022,SEA,72,82,24.0,7.0,0.0,0.0,0.0,35.9,0.351,58.7,16.8,10.8,21.9,19.0,24.4,98.1,10.0,17.6,13.5,0.849,0.02,-2.98,79.5,0.516,24.5
ATL,2022,MIN,85,92,28.0,7.0,0.0,0.0,0.0,35.9,0.351,58.7,16.8,10.8,21.9,19.0,24.4,98.1,10.0,17.6,13.5,0.849,0.02,-2.98,79.5,0.516,24.5
ATL,2022,DAL,68,81,30.0,7.0,0.0,0.0,0.0,35.9,0.351,58.7,16.8,10.8,21.9,19.0,24.4,98.1,10.0,17.6,13.5,0.849,0.02,-2.98,79.5,0.516,24.5
ATL,2022,IND,91,81,3.0,8.0,1.0,0.0,0.0,35.9,0.351,58.7,16.8,10.8,21.9,19.0,24.4,98.1,10.0,17.6,13.5,0.849,0.02,-2.98,79.5,0.516,24.5
ATL,2022,LAS,88,86,5.0,8.0,1.0,0.0,0.0,35.9,0.351,58.7,16.8,10.8,21.9,19.0,24.4,98.1,10.0,17.6,13.5,0.849,0.02,-2.98,79.5,0.516,24.5
ATL,2022,MIN,71,81,7.0,8.0,1.0,0.0,0.0,35.9,0.351,58.7,16.8,10.8,21.9,19.0,24.4,98.1,10.0,17.6,13.5,0.849,0.02,-2.98,79.5,0.516,24.5
ATL,2022,LVA,90,97,9.0,8.0,1.0,0.0,0.0,35.9,0.351,58.7,16.8,10.8,21.9,19.0,24.4,98.1,10.0,17.6,13.5,0.849,0.02,-2.98,79.5,0.516,24.5
ATL,2022,NYL,70,80,12.0,8.0,1.0,0.0,0.0,35.9,0.351,58.7,16.8,10.8,21.9,19.0,24.4,98.1,10.0,17.6,13.5,0.849,0.02,-2.98,79.5,0.516,24.5
ATL,2022,NYL,83,87,14.0,8.0,1.0,0.0,0.0,35.9,0.351,58.7,16.8,10.8,21.9,19.0,24.4,98.1,10.0,17.6,13.5,0.849,0.02,-2.98,79.5,0.516,24.5
CHI,2022,LAS,91,98,6.0,5.0,1.0,0.0,0.0,40.8,0.345,58.6,17.1,9.0,30.3,17.2,20.3,107.7,9.7,16.4,12.3,0.915,-0.15,4.85,79.2,0.574,22.7
CHI,2022,NYL,83,50,11.0,5.0,1.0,0.0,0.0,40.8,0.345,58.6,17.1,9.0,30.3,17.2,20.3,107.7,9.7,16.4,12.3,0.915,-0.15,4.85,79.2,0.574,22.7
CHI,2022,MIN,82,78,14.0,5.0,1.0,0.0,0.0,40.8,0.345,58.6,17.1,9.0,30.3,17.2,20.3,107.7,9.7,16.4,12.3,0.915,-0.15,4.85,79.2,0.574,22.7
CHI,2022,SEA,71,74,18.0,5.0,1.0,0.0,0.0,40.8,0.345,58.6,17.1,9.0,30.3,17.2,20.3,107.7,9.7,16.4,12.3,0.915,-0.15,4.85,79.2,0.574,22.7
CHI,2022,WAS,82,73,22.0,5.0,1.0,0.0,0.0,40.8,0.345,58.6,17.1,9.0,30.3,17.2,20.3,107.7,9.7,16.4,12.3,0.915,-0.15,4.85,79.2,0.574,22.7
CHI,2022,IND,95,90,24.0,5.0,1.0,0.0,0.0,40.8,0.345,58.6,17.1,9.0,30.3,17.2,20.3,107.7,9.7,16.4,12.3,0.915,-0.15,4.85,79.2,0.574,22.7
CHI,2022,LVA,76,83,28.0,5.0,1.0,0.0,0.0,40.8,0.345,58.6,17.1,9.0,30.3,17.2,20.3,107.7,9.7,16.4,12.3,0.915,-0.15,4.85,79.2,0.574,22.7
CHI,2022,PHO,73,70,31.0,5.0,1.0,0.0,0.0,40.8,0.345,58.6,17.1,9.0,30.3,17.2,20.3,107.7,9.7,16.4,12.3,0.915,-0.15,4.85,79.2,0.574,22.7
CHI,2022,ATL,73,65,3.0,6.0,1.0,0.0,0.0,40.8,0.345,58.6,17.1,9.0,30.3,17.2,20.3,107.7,9.7,16.4,12.3,0.915,-0.15,4.85,79.2,0.574,22.7
CHI,2022,WAS,91,82,5.0,6.0,1.0,0.0,0.0,40.8,0.345,58.6,17.1,9.0,30.3,17.2,20.3,107.7,9.7,16.4,12.3,0.915,-0.15,4.85,79.2,0.574,22.7
CHI,2022,WAS,82,84,8.0,6.0,1.0,0.0,0.0,40.8,0.345,58.6,17.1,9.0,30.3,17.2,20.3,107.7,9.7,16.4,12.3,0.915,-0.15,4.85,79.2,0.574,22.7
CHI,2022,CON,83,79,10.0,6.0,1.0,0.0,0.0,40.8,0.345,58.6,17.1,9.0,30.3,17.2,20.3,107.7,9.7,16.4,12.3,0.915,-0.15,4.85,79.2,0.574,22.7
CHI,2022,NYL,88,86,12.0,6.0,1.0,0.0,0.0,40.8,0.345,58.6,17.1,9.0,30.3,17.2,20.3,107.7,9.7,16.4,12.3,0.915,-0.15,4.85,79.2,0.574,22.7
CHI,2022,ATL,106,100,17.0,6.0,1.0,0.0,0.0,40.8,0.345,58.6,17.1,9.0,30.3,17.2,20.3,107.7,9.7,16.4,12.3,0.915,-0.15,4.85,79.2,0.574,22.7
CHI,2022,IND,87,89,19.0,6.0,1.0,0.0,0.0,40.8,0.345,58.6,17.1,9.0,30.3,17.2,20.3,107.7,9.7,16.4,12.3,0.915,-0.15,4.85,79.2,0.574,22.7
CHI,2022,LVA,104,95,21.0,6.0,0.0,0.0,0.0,40.8,0.345,58.6,17.1,9.0,30.3,17.2,20.3,107.7,9.7,16.4,12.3,0.915,-0.15,4.85,79.2,0.574,22.7
CHI,2022,LAS,82,59,23.0,6.0,1.0,0.0,0.0,40.8,0.345,58.6,17.1,9.0,30.3,17.2,20.3,107.7,9.7,16.4,12.3,0.915,-0.15,4.85,79.2,0.574,22.7
CHI,2022,MIN,88,85,26.0,6.0,1.0,0.0,0.0,40.8,0.345,58.6,17.1,9.0,30.3,17.2,20.3,107.7,9.7,16.4,12.3,0.915,-0.15,4.85,79.2,0.574,22.7
CHI,2022,CON,91,83,29.0,6.0,1.0,0.0,0.0,40.8,0.345,58.6,17.1,9.0,30.3,17.2,20.3,107.7,9.7,16.4,12.3,0.915,-0.15,4.85,79.2,0.574,22.7
CHI,2022,PHO,91,75,2.0,7.0,1.0,0.0,0.0,40.8,0.345,58.6,17.1,9.0,30.3,17.2,20.3,107.7,9.7,16.4,12.3,0.915,-0.15,4.85,79.2,0.574,22.7
CHI,2022,MIN,78,81,6.0,7.0,1.0,0.0,0.0,40.8,0.345,58.6,17.1,9.0,30.3,17.2,20.3,107.7,9.7,16.4,12.3,0.915,-0.15,4.85,79.2,0.574,22.7
CHI,2022,IND,93,84,7.0,7.0,1.0,0.0,0.0,40.8,0.345,58.6,17.1,9.0,30.3,17.2,20.3,107.7,9.7,16.4,12.3,0.915,-0.15,4.85,79.2,0.574,22.7
CHI,2022,ATL,90,75,12.0,7.0,1.0,0.0,0.0,40.8,0.345,58.6,17.1,9.0,30.3,17.2,20.3,107.7,9.7,16.4,12.3,0.915,-0.15,4.85,79.2,0.574,22.7
CHI,2022,LAS,80,68,14.0,7.0,1.0,0.0,0.0,40.8,0.345,58.6,17.1,9.0,30.3,17.2,20.3,107.7,9.7,16.4,12.3,0.915,-0.15,4.85,79.2,0.574,22.7
CHI,2022,DAL,89,81,16.0,7.0,1.0,0.0,0.0,40.8,0.345,58.6,17.1,9.0,30.3,17.2,20.3,107.7,9.7,16.4,12.3,0.915,-0.15,4.85,79.2,0.574,22.7
CHI,2022,SEA,78,74,20.0,7.0,1.0,0.0,0.0,40.8,0.345,58.6,17.1,9.0,30.3,17.2,20.3,107.7,9.7,16.4,12.3,0.915,-0.15,4.85,79.2,0.574,22.7
CHI,2022,DAL,89,83,22.0,7.0,1.0,0.0,0.0,40.8,0.345,58.6,17.1,9.0,30.3,17.2,20.3,107.7,9.7,16.4,12.3,0.915,-0.15,4.85,79.2,0.574,22.7
CHI,2022,NYL,80,83,23.0,7.0,1.0,0.0,0.0,40.8,0.345,58.6,17.1,9.0,30.3,17.2,20.3,107.7,9.7,16.4,12.3,0.915,-0.15,4.85,79.2,0.574,22.7
CHI,2022,NYL,89,81,29.0,7.0,1.0,0.0,0.0,40.8,0.345,58.6,17.1,9.0,30.3,17.2,20.3,107.7,9.7,16.4,12.3,0.915,-0.15,4.85,79.2,0.574,22.7
CHI,2022,CON,95,92,31.0,7.0,1.0,0.0,0.0,40.8,0.345,58.6,17.1,9.0,30.3,17.2,20.3,107.7,9.7,16.4,12.3,0.915,-0.15,4.85,79.2,0.574,22.7
CHI,2022,DAL,78,84,2.0,8.0,1.0,0.0,0.0,40.8,0.345,58.6,17.1,9.0,30.3,17.2,20.3,107.7,9.7,16.4,12.3,0.915,-0.15,4.85,79.2,0.574,22.7
CHI,2022,WAS,93,83,5.0,8.0,1.0,0.0,0.0,40.8,0.345,58.6,17.1,9.0,30.3,17.2,20.3,107.7,9.7,16.4,12.3,0.915,-0.15,4.85,79.2,0.574,22.7
CHI,2022,CON,94,91,7.0,8.0,0.0,0.0,0.0,40.8,0.345,58.6,17.1,9.0,30.3,17.2,20.3,107.7,9.7,16.4,12.3,0.915,-0.15,4.85,79.2,0.574,22.7
CHI,2022,SEA,100,111,9.0,8.0,0.0,0.0,0.0,40.8,0.345,58.6,17.1,9.0,30.3,17.2,20.3,107.7,9.7,16.4,12.3,0.915,-0.15,4.85,79.2,0.574,22.7
CHI,2022,LVA,78,89,11.0,8.0,1.0,0.0,0.0,40.8,0.345,58.6,17.1,9.0,30.3,17.2,20.3,107.7,9.7,16.4,12.3,0.915,-0.15,4.85,79.2,0.574,22.7
CHI,2022,PHO,82,67,14.0,8.0,1.0,0.0,0.0,40.8,0.345,58.6,17.1,9.0,30.3,17.2,20.3,107.7,9.7,16.4,12.3,0.915,-0.15,4.85,79.2,0.574,22.7
CON,2022,NYL,79,81,7.0,5.0,0.0,0.0,0.0,40.3,0.354,64.4,19.8,12.9,26.7,18.2,21.6,108.5,9.7,19.6,11.8,0.883,-0.8,7.23,78.5,0.552,31.6
CON,2022,LAS,77,60,14.0,5.0,0.0,0.0,0.0,40.3,0.354,64.4,19.8,12.9,26.7,18.2,21.6,108.5,9.7,19.6,11.8,0.883,-0.8,7.23,78.5,0.552,31.6
CON,2022,NYL,92,65,17.0,5.0,0.0,0.0,0.0,40.3,0.354,64.4,19.8,12.9,26.7,18.2,21.6,108.5,9.7,19.6,11.8,0.883,-0.8,7.23,78.5,0.552,31.6
CON,2022,IND,94,85,20.0,5.0,0.0,0.0,0.0,40.3,0.354,64.4,19.8,12.9,26.7,18.2,21.6,108.5,9.7,19.6,11.8,0.883,-0.8,7.23,78.5,0.552,31.6
CON,2022,IND,92,70,22.0,5.0,0.0,0.0,0.0,40.3,0.354,64.4,19.8,12.9,26.7,18.2,21.6,108.5,9.7,19.6,11.8,0.883,-0.8,7.23,78.5,0.552,31.6
CON,2022,DAL,77,85,24.0,5.0,0.0,0.0,0.0,40.3,0.354,64.4,19.8,12.9,26.7,18.2,21.6,108.5,9.7,19.6,11.8,0.883,-0.8,7.23,78.5,0.552,31.6
CON,2022,DAL,99,68,26.0,5.0,0.0,0.0,0.0,40.3,0.354,64.4,19.8,12.9,26.7,18.2,21.6,108.5,9.7,19.6,11.8,0.883,-0.8,7.23,78.5,0.552,31.6
CON,2022,WAS,79,71,28.0,5.0,0.0,0.0,0.0,40.3,0.354,64.4,19.8,12.9,26.7,18.2,21.6,108.5,9.7,19.6,11.8,0.883,-0.8,7.23,78.5,0.552,31.6
CON,2022,LVA,81,89,31.0,5.0,0.0,0.0,0.0,40.3,0.354,64.4,19.8,12.9,26.7,18.2,21.6,108.5,9.7,19.6,11.8,0.883,-0.8,7.23,78.5,0.552,31.6
CON,2022,LVA,97,90,2.0,6.0,0.0,0.0,0.0,40.3,0.354,64.4,19.8,12.9,26.7,18.2,21.6,108.5,9.7,19.6,11.8,0.883,-0.8,7.23,78.5,0.552,31.6
CON,2022,PHO,92,88,3.0,6.0,0.0,0.0,0.0,40.3,0.354,64.4,19.8,12.9,26.7,18.2,21.6,108.5,9.7,19.6,11.8,0.883,-0.8,7.23,78.5,0.552,31.6
CON,2022,SEA,93,86,5.0,6.0,0.0,0.0,0.0,40.3,0.354,64.4,19.8,12.9,26.7,18.2,21.6,108.5,9.7,19.6,11.8,0.883,-0.8,7.23,78.5,0.552,31.6
CON,2022,IND,88,69,8.0,6.0,0.0,0.0,0.0,40.3,0.354,64.4,19.8,12.9,26.7,18.2,21.6,108.5,9.7,19.6,11.8,0.883,-0.8,7.23,78.5,0.552,31.6
CON,2022,CHI,79,83,10.0,6.0,0.0,0.0,0.0,40.3,0.354,64.4,19.8,12.9,26.7,18.2,21.6,108.5,9.7,19.6,11.8,0.883,-0.8,7.23,78.5,0.552,31.6
CON,2022,ATL,105,92,15.0,6.0,0.0,0.0,0.0,40.3,0.354,64.4,19.8,12.9,26.7,18.2,21.6,108.5,9.7,19.6,11.8,0.883,-0.8,7.23,78.5,0.552,31.6
CON,2022,SEA,82,71,17.0,6.0,0.0,0.0,0.0,40.3,0.354,64.4,19.8,12.9,26.7,18.2,21.6,108.5,9.7,19.6,11.8,0.883,-0.8,7.23,78.5,0.552,31.6
CON,2022,WAS,63,71,19.0,6.0,0.0,0.0,0.0,40.3,0.354,64.4,19.8,12.9,26.7,18.2,21.6,108.5,9.7,19.6,11.8,0.883,-0.8,7.23,78.5,0.552,31.6
CON,2022,NYL,77,81,22.0,6.0,0.0,0.0,0.0,40.3,0.354,64.4,19.8,12.9,26.7,18.2,21.6,108.5,9.7,19.6,11.8,0.883,-0.8,7.23,78.5,0.552,31.6
CON,2022,ATL,72,61,26.0,6.0,0.0,0.0,0.0,40.3,0.354,64.4,19.8,12.9,26.7,18.2,21.6,108.5,9.7,19.6,11.8,0.883,-0.8,7.23,78.5,0.552,31.6
CON,2022,CHI,83,91,29.0,6.0,0.0,0.0,0.0,40.3,0.354,64.4,19.8,12.9,26.7,18.2,21.6,108.5,9.7,19.6,11.8,0.883,-0.8,7.23,78.5,0.552,31.6
CON,2022,WAS,74,72,3.0,7.0,0.0,0.0,0.0,40.3,0.354,64.4,19.8,12.9,26.7,18.2,21.6,108.5,9.7,19.6,11.8,0.883,-0.8,7.23,78.5,0.552,31.6
CON,2022,DAL,71,82,5.0,7.0,0.0,0.0,0.0,40.3,0.354,64.4,19.8,12.9,26.7,18.2,21.6,108.5,9.7,19.6,11.8,0.883,-0.8,7.23,78.5,0.552,31.6
CON,2022,IND,89,81,13.0,7.0,0.0,0.0,0.0,40.3,0.354,64.4,19.8,12.9,26.7,18.2,21.6,108.5,9.7,19.6,11.8,0.883,-0.8,7.23,78.5,0.552,31.6
CON,2022,ATL,93,68,15.0,7.0,0.0,0.0,0.0,40.3,0.354,64.4,19.8,12.9,26.7,18.2,21.6,108.5,9.7,19.6,11.8,0.883,-0.8,7.23,78.5,0.552,31.6
CON,2022,LVA,83,91,17.0,7.0,0.0,0.0,0.0,40.3,0.354,64.4,19.8,12.9,26.7,18.2,21.6,108.5,9.7,19.6,11.8,0.883,-0.8,7.23,78.5,0.552,31.6
CON,2022,NYL,82,63,19.0,7.0,0.0,0.0,0.0,40.3,0.354,64.4,19.8,12.9,26.7,18.2,21.6,108.5,9.7,19.6,11.8,0.883,-0.8,7.23,78.5,0.552,31.6
CON,2022,MIN,94,84,22.0,7.0,0.0,0.0,0.0,40.3,0.354,64.4,19.8,12.9,26.7,18.2,21.6,108.5,9.7,19.6,11.8,0.883,-0.8,7.23,78.5,0.552,31.6
CON,2022,MIN,86,79,24.0,7.0,0.0,0.0,0.0,40.3,0.354,64.4,19.8,12.9,26.7,18.2,21.6,108.5,9.7,19.6,11.8,0.883,-0.8,7.23,78.5,0.552,31.6
CON,2022,SEA,88,83,28.0,7.0,0.0,0.0,0.0,40.3,0.354,64.4,19.8,12.9,26.7,18.2,21.6,108.5,9.7,19.6,11.8,0.883,-0.8,7.23,78.5,0.552,31.6
CON,2022,CHI,92,95,31.0,7.0,0.0,0.0,0.0,40.3,0.354,64.4,19.8,12.9,26.7,18.2,21.6,108.5,9.7,19.6,11.8,0.883,-0.8,7.23,78.5,0.552,31.6
CON,2022,PHO,87,63,2.0,8.0,0.0,0.0,0.0,40.3,0.354,64.4,19.8,12.9,26.7,18.2,21.6,108.5,9.7,19.6,11.8,0.883,-0.8,7.23,78.5,0.552,31.6
CON,2022,PHO,77,64,4.0,8.0,0.0,0.0,0.0,40.3,0.354,64.4,19.8,12.9,26.7,18.2,21.6,108.5,9.7,19.6,11.8,0.883,-0.8,7.23,78.5,0.552,31.6
CON,2022,CHI,91,94,7.0,8.0,0.0,0.0,0.0,40.3,0.354,64.4,19.8,12.9,26.7,18.2,21.6,108.5,9.7,19.6,11.8,0.883,-0.8,7.23,78.5,0.552,31.6
CON,2022,LAS,97,71,9.0,8.0,0.0,0.0,0.0,40.3,0.354,64.4,19.8,12.9,26.7,18.2,21.6,108.5,9.7,19.6,11.8,0.883,-0.8,7.23,78.5,0.552,31.6
CON,2022,LAS,93,69,11.0,8.0,0.0,0.0,0.0,40.3,0.354,64.4,19.8,12.9,26.7,18.2,21.6,108.5,9.7,19.6,11.8,0.883,-0.8,7.23,78.5,0.552,31.6
CON,2022,MIN,90,83,14.0,8.0,0.0,0.0,0.0,40.3,0.354,64.4,19.8,12.9,26.7,18.2,21.6,108.5,9.7,19.6,11.8,0.883,-0.8,7.23,78.5,0.552,31.6
DAL,2022,ATL,59,66,7.0,5.0,1.0,0.0,0.0,38.1,0.343,58.7,20.4,12.3,24.1,16.3,24.1,106.6,8.7,17.2,13.3,0.839,-0.16,0.04,77.6,0.536,27.6
DAL,2022,WAS,94,86,13.0,5.0,1.0,0.0,0.0,38.1,0.343,58.7,20.4,12.3,24.1,16.3,24.1,106.6,8.7,17.2,13.3,0.839,-0.16,0.04,77.6,0.536,27.6
DAL,2022,NYL,81,71,15.0,5.0,1.0,0.0,0.0,38.1,0.343,58.7,20.4,12.3,24.1,16.3,24.1,106.6,8.7,17.2,13.3,0.839,-0.16,0.04,77.6,0.536,27.6
DAL,2022,WAS,68,84,17.0,5.0,1.0,0.0,0.0,38.1,0.343,58.7,20.4,12.3,24.1,16.3,24.1,106.6,8.7,17.2,13.3,0.839,-0.16,0.04,77.6,0.536,27.6
DAL,2022,PHO,94,84,19.0,5.0,1.0,0.0,0.0,38.1,0.343,58.7,20.4,12.3,24.1,16.3,24.1,106.6,8.7,17.2,13.3,0.839,-0.16,0.04,77.6,0.536,27.6
DAL,2022,MIN,94,78,21.0,5.0,1.0,0.0,1.0,38.1,0.343,58.7,20.4,12.3,24.1,16.3,24.1,106.6,8.7,17.2,13.3,0.839,-0.16,0.04,77.6,0.536,27.6
DAL,2022,CON,85,77,24.0,5.0,1.0,0.0,1.0,38.1,0.343,58.7,20.4,12.3,24.1,16.3,24.1,106.6,8.7,17.2,13.3,0.839,-0.16,0.04,77.6,0.536,27.6
DAL,2022,CON,68,99,26.0,5.0,1.0,0.0,1.0,38.1,0.343,58.7,20.4,12.3,24.1,16.3,24.1,106.6,8.7,17.2,13.3,0.839,-0.16,0.04,77.6,0.536,27.6
DAL,2022,LAS,91,93,31.0,5.0,1.0,0.0,1.0,38.1,0.343,58.7,20.4,12.3,24.1,16.3,24.1,106.6,8.7,17.2,13.3,0.839,-0.16,0.04,77.6,0.536,27.6
DAL,2022,SEA,68,51,3.0,6.0,1.0,0.0,1.0,38.1,0.343,58.7,20.4,12.3,24.1,16.3,24.1,106.6,8.7,17.2,13.3,0.839,-0.16,0.04,77.6,0.536,27.6
DAL,2022,LVA,78,84,5.0,6.0,1.0,0.0,1.0,38.1,0.343,58.7,20.4,12.3,24.1,16.3,24.1,106.6,8.7,17.2,13.3,0.839,-0.16,0.04,77.6,0.536,27.6
DAL,2022,SEA,88,89,10.0,6.0,1.0,0.0,1.0,38.1,0.343,58.7,20.4,12.3,24.1,16.3,24.1,106.6,8.7,17.2,13.3,0.839,-0.16,0.04,77.6,0.536,27.6
DAL,2022,SEA,79,84,12.0,6.0,1.0,0.0,1.0,38.1,0.343,58.7,20.4,12.3,24.1,16.3,24.1,106.6,8.7,17.2,13.3,0.839,-0.16,0.04,77.6,0.536,27.6
DAL,2022,LVA,84,92,15.0,6.0,1.0,0.0,0.0,38.1,0.343,58.7,20.4,12.3,24.1,16.3,24.1,106.6,8.7,17.2,13.3,0.839,-0.16,0.04,77.6,0.536,27.6
DAL,2022,PHO,93,88,17.0,6.0,1.0,0.0,0.0,38.1,0.343,58.7,20.4,12.3,24.1,16.3,24.1,106.6,8.7,17.2,13.3,0.839,-0.16,0.04,77.6,0.536,27.6
DAL,2022,LAS,92,82,19.0,6.0,1.0,0.0,0.0,38.1,0.343,58.7,20.4,12.3,24.1,16.3,24.1,106.6,8.7,17.2,13.3,0.839,-0.16,0.04,77.6,0.536,27.6
DAL,2022,ATL,75,80,21.0,6.0,1.0,0.0,0.0,38.1,0.343,58.7,20.4,12.3,24.1,16.3,24.1,106.6,8.7,17.2,13.3,0.839,-0.16,0.04,77.6,0.536,27.6
DAL,2022,IND,94,68,23.0,6.0,1.0,0.0,0.0,38.1,0.343,58.7,20.4,12.3,24.1,16.3,24.1,106.6,8.7,17.2,13.3,0.839,-0.16,0.04,77.6,0.536,27.6
DAL,2022,PHO,72,83,25.0,6.0,1.0,0.0,0.0,38.1,0.343,58.7,20.4,12.3,24.1,16.3,24.1,106.6,8.7,17.2,13.3,0.839,-0.16,0.04,77.6,0.536,27.6
DAL,2022,MIN,64,92,28.0,6.0,1.0,0.0,0.0,38.1,0.343,58.7,20.4,12.3,24.1,16.3,24.1,106.6,8.7,17.2,13.3,0.839,-0.16,0.04,77.6,0.536,27.6
DAL,2022,LAS,89,97,1.0,7.0,1.0,0.0,1.0,38.1,0.343,58.7,20.4,12.3,24.1,16.3,24.1,106.6,8.7,17.2,13.3,0.839,-0.16,0.04,77.6,0.536,27.6
DAL,2022,CON,82,71,5.0,7.0,1.0,0.0,1.0,38.1,0.343,58.7,20.4,12.3,24.1,16.3,24.1,106.6,8.7,17.2,13.3,0.839,-0.16,0.04,77.6,0.536,27.6
DAL,2022,SEA,74,83,12.0,7.0,1.0,0.0,1.0,38.1,0.343,58.7,20.4,12.3,24.1,16.3,24.1,106.6,8.7,17.2,13.3,0.839,-0.16,0.04,77.6,0.536,27.6
DAL,2022,MIN,92,87,14.0,7.0,1.0,0.0,0.0,38.1,0.343,58.7,20.4,12.3,24.1,16.3,24.1,106.6,8.7,17.2,13.3,0.839,-0.16,0.04,77.6,0.536,27.6
DAL,2022,CHI,81,89,16.0,7.0,1.0,0.0,0.0,38.1,0.343,58.7,20.4,12.3,24.1,16.3,24.1,106.6,8.7,17.2,13.3,0.839,-0.16,0.04,77.6,0.536,27.6
DAL,2022,CHI,83,89,22.0,7.0,1.0,0.0,0.0,38.1,0.343,58.7,20.4,12.3,24.1,16.3,24.1,106.6,8.7,17.2,13.3,0.839,-0.16,0.04,77.6,0.536,27.6
DAL,2022,IND,96,86,24.0,7.0,1.0,0.0,0.0,38.1,0.343,58.7,20.4,12.3,24.1,16.3,24.1,106.6,8.7,17.2,13.3,0.839,-0.16,0.04,77.6,0.536,27.6
DAL,2022,WAS,77,87,28.0,7.0,1.0,0.0,0.0,38.1,0.343,58.7,20.4,12.3,24.1,16.3,24.1,106.6,8.7,17.2,13.3,0.839,-0.16,0.04,77.6,0.536,27.6
DAL,2022,ATL,81,68,30.0,7.0,1.0,0.0,0.0,38.1,0.343,58.7,20.4,12.3,24.1,16.3,24.1,106.6,8.7,17.2,13.3,0.839,-0.16,0.04,77.6,0.536,27.6
DAL,2022,CHI,84,78,2.0,8.0,1.0,0.0,0.0,38.1,0.343,58.7,20.4,12.3,24.1,16.3,24.1,106.6,8.7,17.2,13.3,0.839,-0.16,0.04,77.6,0.536,27.6
DAL,2022,LVA,82,80,4.0,8.0,1.0,0.0,0.0,38.1,0.343,58.7,20.4,12.3,24.1,16.3,24.1,106.6,8.7,17.2,13.3,0.839,-0.16,0.04,77.6,0.536,27.6
DAL,2022,IND,95,91,6.0,8.0,1.0,0.0,0.0,38.1,0.343,58.7,20.4,12.3,24.1,16.3,24.1,106.6,8.7,17.2,13.3,0.839,-0.16,0.04,77.6,0.536,27.6
DAL,2022,NYL,86,77,8.0,8.0,1.0,0.0,0.0,38.1,0.343,58.7,20.4,12.3,24.1,16.3,24.1,106.6,8.7,17.2,13.3,0.839,-0.16,0.04,77.6,0.536,27.6
DAL,2022,NYL,73,91,10.0,8.0,1.0,0.0,0.0,38.1,0.343,58.7,20.4,12.3,24.1,16.3,24.1,106.6,8.7,17.2,13.3,0.839,-0.16,0.04,77.6,0.536,27.6
DAL,2022,PHO,74,86,12.0,8.0,1.0,0.0,0.0,38.1,0.343,58.7,20.4,12.3,24.1,16.3,24.1,106.6,8.7,17.2,13.3,0.839,-0.16,0.04,77.6,0.536,27.6
DAL,2022,LAS,116,88,14.0,8.0,1.0,0.0,0.0,38.1,0.343,58.7,20.4,12.3,24.1,16.3,24.1,106.6,8.7,17.2,13.3,0.839,-0.16,0.04,77.6,0.536,27.6
IND,2022,WAS,70,84,6.0,5.0,0.0,1.0,0.0,35.1,0.338,61.1,17.9,12.1,22.3,18.8,24.7,96.6,10.7,17.8,12.9,0.898,1.06,-10.02,80.2,0.5,26.6
IND,2022,LAS,77,87,8.0,5.0,0.0,1.0,0.0,35.1,0.338,61.1,17.9,12.1,22.3,18.8,24.7,96.6,10.7,17.8,12.9,0.898,1.06,-10.02,80.2,0.5,26.6
IND,2022,MIN,82,76,10.0,5.0,0.0,1.0,0.0,35.1,0.338,61.1,17.9,12.1,22.3,18.8,24.7,96.6,10.7,17.8,12.9,0.898,1.06,-10.02,80.2,0.5,26.6
IND,2022,NYL,92,86,13.0,5.0,0.0,0.0,0.0,35.1,0.338,61.1,17.9,12.1,22.3,18.8,24.7,96.6,10.7,17.8,12.9,0.898,1.06,-10.02,80.2,0.5,26.6
IND,2022,ATL,79,85,15.0,5.0,0.0,0.0,0.0,35.1,0.338,61.1,17.9,12.1,22.3,18.8,24.7,96.6,10.7,17.8,12.9,0.898,1.06,-10.02,80.2,0.5,26.6
IND,2022,ATL,79,101,17.0,5.0,0.0,0.0,0.0,35.1,0.338,61.1,17.9,12.1,22.3,18.8,24.7,96.6,10.7,17.8,12.9,0.898,1.06,-10.02,80.2,0.5,26.6
IND,2022,CON,85,94,20.0,5.0,0.0,0.0,0.0,35.1,0.338,61.1,17.9,12.1,22.3,18.8,24.7,96.6,10.7,17.8,12.9,0.898,1.06,-10.02,80.2,0.5,26.6
IND,2022,CON,70,92,22.0,5.0,0.0,0.0,0.0,35.1,0.338,61.1,17.9,12.1,22.3,18.8,24.7,96.6,10.7,17.8,12.9,0.898,1.06,-10.02,80.2,0.5,26.6
IND,2022,CHI,90,95,24.0,5.0,0.0,0.0,0.0,35.1,0.338,61.1,17.9,12.1,22.3,18.8,24.7,96.6,10.7,17.8,12.9,0.898,1.06,-10.02,80.2,0.5,26.6
IND,2022,LAS,101,96,27.0,5.0,0.0,0.0,0.0,35.1,0.338,61.1,17.9,12.1,22.3,18.8,24.7,96.6,10.7,17.8,12.9,0.898,1.06,-10.02,80.2,0.5,26.6
IND,2022,WAS,75,87,31.0,5.0,0.0,0.0,0.0,35.1,0.338,61.1,17.9,12.1,22.3,18.8,24.7,96.6,10.7,17.8,12.9,0.898,1.06,-10.02,80.2,0.5,26.6
IND,2022,NYL,74,87,1.0,6.0,0.0,0.0,0.0,35.1,0.338,61.1,17.9,12.1,22.3,18.8,24.7,96.6,10.7,17.8,12.9,0.898,1.06,-10.02,80.2,0.5,26.6
IND,2022,ATL,66,75,5.0,6.0,0.0,0.0,0.0,35.1,0.338,61.1,17.9,12.1,22.3,18.8,24.7,96.6,10.7,17.8,12.9,0.898,1.06,-10.02,80.2,0.5,26.6
IND,2022,CON,69,88,8.0,6.0,0.0,0.0,0.0,35.1,0.338,61.1,17.9,12.1,22.3,18.8,24.7,96.6,10.7,17.8,12.9,0.898,1.06,-10.02,80.2,0.5,26.6
IND,2022,NYL,83,97,10.0,6.0,0.0,0.0,0.0,35.1,0.338,61.1,17.9,12.1,22.3,18.8,24.7,96.6,10.7,17.8,12.9,0.898,1.06,-10.02,80.2,0.5,26.6
IND,2022,MIN,84,80,12.0,6.0,0.0,0.0,0.0,35.1,0.338,61.1,17.9,12.1,22.3,18.8,24.7,96.6,10.7,17.8,12.9,0.898,1.06,-10.02,80.2,0.5,26.6
IND,2022,PHO,80,93,15.0,6.0,0.0,0.0,0.0,35.1,0.338,61.1,17.9,12.1,22.3,18.8,24.7,96.6,10.7,17.8,12.9,0.898,1.06,-10.02,80.2,0.5,26.6
IND,2022,CHI,89,87,19.0,6.0,0.0,0.0,0.0,35.1,0.338,61.1,17.9,12.1,22.3,18.8,24.7,96.6,10.7,17.8,12.9,0.898,1.06,-10.02,80.2,0.5,26.6
IND,2022,DAL,68,94,23.0,6.0,0.0,0.0,0.0,35.1,0.338,61.1,17.9,12.1,22.3,18.8,24.7,96.6,10.7,17.8,12.9,0.898,1.06,-10.02,80.2,0.5,26.6
IND,2022,PHO,71,83,27.0,6.0,0.0,0.0,0.0,35.1,0.338,61.1,17.9,12.1,22.3,18.8,24.7,96.6,10.7,17.8,12.9,0.898,1.06,-10.02,80.2,0.5,26.6
IND,2022,PHO,78,99,29.0,6.0,0.0,0.0,0.0,35.1,0.338,61.1,17.9,12.1,22.3,18.8,24.7,96.6,10.7,17.8,12.9,0.898,1.06,-10.02,80.2,0.5,26.6
IND,2022,SEA,57,73,1.0,7.0,0.0,0.0,0.0,35.1,0.338,61.1,17.9,12.1,22.3,18.8,24.7,96.6,10.7,17.8,12.9,0.898,1.06,-10.02,80.2,0.5,26.6
IND,2022,SEA,73,95,5.0,7.0,0.0,0.0,0.0,35.1,0.338,61.1,17.9,12.1,22.3,18.8,24.7,96.6,10.7,17.8,12.9,0.898,1.06,-10.02,80.2,0.5,26.6
IND,2022,CHI,84,93,7.0,7.0,0.0,0.0,0.0,35.1,0.338,61.1,17.9,12.1,22.3,18.8,24.7,96.6,10.7,17.8,12.9,0.898,1.06,-10.02,80.2,0.5,26.6
IND,2022,CON,81,89,13.0,7.0,0.0,0.0,0.0,35.1,0.338,61.1,17.9,12.1,22.3,18.8,24.7,96.6,10.7,17.8,12.9,0.898,1.06,-10.02,80.2,0.5,26.6
IND,2022,MIN,77,87,15.0,7.0,0.0,0.0,0.0,35.1,0.338,61.1,17.9,12.1,22.3,18.8,24.7,96.6,10.7,17.8,12.9,0.898,1.06,-10.02,80.2,0.5,26.6
IND,2022,SEA,65,81,17.0,7.0,0.0,0.0,0.0,35.1,0.338,61.1,17.9,12.1,22.3,18.8,24.7,96.6,10.7,17.8,12.9,0.898,1.06,-10.02,80.2,0.5,26.6
IND,2022,LAS,79,86,19.0,7.0,0.0,0.0,0.0,35.1,0.338,61.1,17.9,12.1,22.3,18.8,24.7,96.6,10.7,17.8,12.9,0.898,1.06,-10.02,80.2,0.5,26.6
IND,2022,LVA,77,90,21.0,7.0,0.0,0.0,0.0,35.1,0.338,61.1,17.9,12.1,22.3,18.8,24.7,96.6,10.7,17.8,12.9,0.898,1.06,-10.02,80.2,0.5,26.6
IND,2022,DAL,86,96,24.0,7.0,0.0,0.0,0.0,35.1,0.338,61.1,17.9,12.1,22.3,18.8,24.7,96.6,10.7,17.8,12.9,0.898,1.06,-10.02,80.2,0.5,26.6
IND,2022,LVA,72,93,29.0,7.0,0.0,0.0,0.0,35.1,0.338,61.1,17.9,12.1,22.3,18.8,24.7,96.6,10.7,17.8,12.9,0.898,1.06,-10.02,80.2,0.5,26.6
IND,2022,LVA,69,94,31.0,7.0,0.0,0.0,0.0,35.1,0.338,61.1,17.9,12.1,22.3,18.8,24.7,96.6,10.7,17.8,12.9,0.898,1.06,-10.02,80.2,0.5,26.6
IND,2022,ATL,81,91,3.0,8.0,0.0,0.0,0.0,35.1,0.338,61.1,17.9,12.1,22.3,18.8,24.7,96.6,10.7,17.8,12.9,0.898,1.06,-10.02,80.2,0.5,26.6
IND,2022,DAL,91,95,6.0,8.0,0.0,0.0,0.0,35.1,0.338,61.1,17.9,12.1,22.3,18.8,24.7,96.6,10.7,17.8,12.9,0.898,1.06,-10.02,80.2,0.5,26.6
IND,2022,WAS,70,82,12.0,8.0,0.0,0.0,0.0,35.1,0.338,61.1,17.9,12.1,22.3,18.8,24.7,96.6,10.7,17.8,12.9,0.898,1.06,-10.02,80.2,0.5,26.6
IND,2022,WAS,83,95,14.0,8.0,0.0,0.0,0.0,35.1,0.338,61.1,17.9,12.1,22.3,18.8,24.7,96.6,10.7,17.8,12.9,0.898,1.06,-10.02,80.2,0.5,26.6
LAS,2022,CHI,98,91,6.0,5.0,0.0,0.0,1.0,37.4,0.32,62.7,18.0,8.7,23.7,17.3,22.9,99.6,10.4,19.4,13.0,0.964,0.62,-6.49,79.5,0.53,20.6
LAS,2022,IND,87,77,8.0,5.0,0.0,0.0,1.0,37.4,0.32,62.7,18.0,8.7,23.7,17.3,22.9,99.6,10.4,19.4,13.0,0.964,0.62,-6.49,79.5,0.53,20.6
LAS,2022,ATL,75,77,11.0,5.0,0.0,0.0,1.0,37.4,0.32,62.7,18.0,8.7,23.7,17.3,22.9,99.6,10.4,19.4,13.0,0.964,0.62,-6.49,79.5,0.53,20.6
LAS,2022,CON,60,77,14.0,5.0,0.0,0.0,1.0,37.4,0.32,62.7,18.0,8.7,23.7,17.3,22.9,99.6,10.4,19.4,13.0,0.964,0.62,-6.49,79.5,0.53,20.6
LAS,2022,MIN,84,87,17.0,5.0,0.0,0.0,1.0,37.4,0.32,62.7,18.0,8.7,23.7,17.3,22.9,99.6,10.4,19.4,13.0,0.964,0.62,-6.49,79.5,0.53,20.6
LAS,2022,SEA,80,83,20.0,5.0,0.0,0.0,1.0,37.4,0.32,62.7,18.0,8.7,23.7,17.3,22.9,99.6,10.4,19.4,13.0,0.964,0.62,-6.49,79.5,0.53,20.6
LAS,2022,LVA,76,104,23.0,5.0,0.0,0.0,1.0,37.4,0.32,62.7,18.0,8.7,23.7,17.3,22.9,99.6,10.4,19.4,13.0,0.964,0.62,-6.49,79.5,0.53,20.6
LAS,2022,PHO,99,94,25.0,5.0,0.0,0.0,1.0,37.4,0.32,62.7,18.0,8.7,23.7,17.3,22.9,99.6,10.4,19.4,13.0,0.964,0.62,-6.49,79.5,0.53,20.6
LAS,2022,IND,96,101,27.0,5.0,0.0,0.0,1.0,37.4,0.32,62.7,18.0,8.7,23.7,17.3,22.9,99.6,10.4,19.4,13.0,0.964,0.62,-6.49,79.5,0.53,20.6
LAS,2022,MIN,85,83,29.0,5.0,0.0,0.0,1.0,37.4,0.32,62.7,18.0,8.7,23.7,17.3,22.9,99.6,10.4,19.4,13.0,0.964,0.62,-6.49,79.5,0.53,20.6
LAS,2022,DAL,93,91,31.0,5.0,0.0,0.0,1.0,37.4,0.32,62.7,18.0,8.7,23.7,17.3,22.9,99.6,10.4,19.4,13.0,0.964,0.62,-6.49,79.5,0.53,20.6
LAS,2022,PHO,74,81,5.0,6.0,0.0,0.0,1.0,37.4,0.32,62.7,18.0,8.7,23.7,17.3,22.9,99.6,10.4,19.4,13.0,0.964,0.62,-6.49,79.5,0.53,20.6
LAS,2022,LVA,72,89,11.0,6.0,0.0,0.0,1.0,37.4,0.32,62.7,18.0,8.7,23.7,17.3,22.9,99.6,10.4,19.4,13.0,0.964,0.62,-6.49,79.5,0.53,20.6
LAS,2022,DAL,82,92,19.0,6.0,0.0,0.0,1.0,37.4,0.32,62.7,18.0,8.7,23.7,17.3,22.9,99.6,10.4,19.4,13.0,0.964,0.62,-6.49,79.5,0.53,20.6
LAS,2022,WAS,84,82,21.0,6.0,0.0,0.0,1.0,37.4,0.32,62.7,18.0,8.7,23.7,17.3,22.9,99.6,10.4,19.4,13.0,0.964,0.62,-6.49,79.5,0.53,20.6
LAS,2022,CHI,59,82,23.0,6.0,0.0,0.0,0.0,37.4,0.32,62.7,18.0,8.7,23.7,17.3,22.9,99.6,10.4,19.4,13.0,0.964,0.62,-6.49,79.5,0.53,20.6
LAS,2022,SEA,85,77,25.0,6.0,0.0,0.0,0.0,37.4,0.32,62.7,18.0,8.7,23.7,17.3,22.9,99.6,10.4,19.4,13.0,0.964,0.62,-6.49,79.5,0.53,20.6
LAS,2022,LVA,73,79,27.0,6.0,0.0,0.0,1.0,37.4,0.32,62.7,18.0,8.7,23.7,17.3,22.9,99.6,10.4,19.4,13.0,0.964,0.62,-6.49,79.5,0.53,20.6
LAS,2022,DAL,97,89,1.0,7.0,0.0,0.0,1.0,37.4,0.32,62.7,18.0,8.7,23.7,17.3,22.9,99.6,10.4,19.4,13.0,0.964,0.62,-6.49,79.5,0.53,20.6
LAS,2022,NYL,84,74,3.0,7.0,0.0,0.0,0.0,37.4,0.32,62.7,18.0,8.7,23.7,17.3,22.9,99.6,10.4,19.4,13.0,0.964,0.62,-6.49,79.5,0.53,20.6
LAS,2022,PHO,78,75,4.0,7.0,0.0,0.0,0.0,37.4,0.32,62.7,18.0,8.7,23.7,17.3,22.9,99.6,10.4,19.4,13.0,0.964,0.62,-6.49,79.5,0.53,20.6
LAS,2022,SEA,69,106,7.0,7.0,0.0,0.0,0.0,37.4,0.32,62.7,18.0,8.7,23.7,17.3,22.9,99.6,10.4,19.4,13.0,0.964,0.62,-6.49,79.5,0.53,20.6
LAS,2022,WAS,81,94,12.0,7.0,0.0,0.0,0.0,37.4,0.32,62.7,18.0,8.7,23.7,17.3,22.9,99.6,10.4,19.4,13.0,0.964,0.62,-6.49,79.5,0.53,20.6
LAS,2022,CHI,68,80,14.0,7.0,0.0,0.0,0.0,37.4,0.32,62.7,18.0,8.7,23.7,17.3,22.9,99.6,10.4,19.4,13.0,0.964,0.62,-6.49,79.5,0.53,20.6
LAS,2022,IND,86,79,19.0,7.0,0.0,0.0,0.0,37.4,0.32,62.7,18.0,8.7,23.7,17.3,22.9,99.6,10.4,19.4,13.0,0.964,0.62,-6.49,79.5,0.53,20.6
LAS,2022,ATL,85,78,21.0,7.0,0.0,0.0,1.0,37.4,0.32,62.7,18.0,8.7,23.7,17.3,22.9,99.6,10.4,19.4,13.0,0.964,0.62,-6.49,79.5,0.53,20.6
LAS,2022,LVA,66,84,23.0,7.0,0.0,0.0,1.0,37.4,0.32,62.7,18.0,8.7,23.7,17.3,22.9,99.6,10.4,19.4,13.0,0.964,0.62,-6.49,79.5,0.53,20.6
LAS,2022,PHO,80,90,28.0,7.0,0.0,0.0,1.0,37.4,0.32,62.7,18.0,8.7,23.7,17.3,22.9,99.6,10.4,19.4,13.0,0.964,0.62,-6.49,79.5,0.53,20.6
LAS,2022,MIN,77,84,31.0,7.0,0.0,0.0,1.0,37.4,0.32,62.7,18.0,8.7,23.7,17.3,22.9,99.6,10.4,19.4,13.0,0.964,0.62,-6.49,79.5,0.53,20.6
LAS,2022,NYL,73,102,2.0,8.0,0.0,0.0,1.0,37.4,0.32,62.7,18.0,8.7,23.7,17.3,22.9,99.6,10.4,19.4,13.0,0.964,0.62,-6.49,79.5,0.53,20.6
LAS,2022,NYL,61,64,3.0,8.0,0.0,0.0,0.0,37.4,0.32,62.7,18.0,8.7,23.7,17.3,22.9,99.6,10.4,19.4,13.0,0.964,0.62,-6.49,79.5,0.53,20.6
LAS,2022,ATL,86,88,5.0,8.0,0.0,0.0,0.0,37.4,0.32,62.7,18.0,8.7,23.7,17.3,22.9,99.6,10.4,19.4,13.0,0.964,0.62,-6.49,79.5,0.53,20.6
LAS,2022,WAS,79,76,7.0,8.0,0.0,0.0,0.0,37.4,0.32,62.7,18.0,8.7,23.7,17.3,22.9,99.6,10.4,19.4,13.0,0.964,0.62,-6.49,79.5,0.53,20.6
LAS,2022,CON,71,97,9.0,8.0,0.0,0.0,0.0,37.4,0.32,62.7,18.0,8.7,23.7,17.3,22.9,99.6,10.4,19.4,13.0,0.964,0.62,-6.49,79.5,0.53,20.6
LAS,2022,CON,69,93,11.0,8.0,0.0,0.0,1.0,37.4,0.32,62.7,18.0,8.7,23.7,17.3,22.9,99.6,10.4,19.4,13.0,0.964,0.62,-6.49,79.5,0.53,20.6
LAS,2022,DAL,88,116,14.0,8.0,0.0,0.0,1.0,37.4,0.32,62.7,18.0,8.7,23.7,17.3,22.9,99.6,10.4,19.4,13.0,0.964,0.62,-6.49,79.5,0.53,20.6
MIN,2022,SEA,74,97,6.0,5.0,0.0,0.0,0.0,38.3,0.348,60.1,19.3,11.3,26.1,18.4,21.5,104.4,10.4,14.6,12.9,0.87,0.29,-1.19,78.4,0.545,26.7
MIN,2022,WAS,66,78,8.0,5.0,0.0,0.0,0.0,38.3,0.348,60.1,19.3,11.3,26.1,18.4,21.5,104.4,10.4,14.6,12.9,0.87,0.29,-1.19,78.4,0.545,26.7
MIN,2022,IND,76,82,10.0,5.0,0.0,0.0,0.0,38.3,0.348,60.1,19.3,11.3,26.1,18.4,21.5,104.4,10.4,14.6,12.9,0.87,0.29,-1.19,78.4,0.545,26.7
MIN,2022,CHI,78,82,14.0,5.0,0.0,0.0,0.0,38.3,0.348,60.1,19.3,11.3,26.1,18.4,21.5,104.4,10.4,14.6,12.9,0.87,0.29,-1.19,78.4,0.545,26.7
MIN,2022,LAS,87,84,17.0,5.0,0.0,0.0,0.0,38.3,0.348,60.1,19.3,11.3,26.1,18.4,21.5,104.4,10.4,14.6,12.9,0.87,0.29,-1.19,78.4,0.545,26.7
MIN,2022,LVA,87,93,19.0,5.0,0.0,0.0,0.0,38.3,0.348,60.1,19.3,11.3,26.1,18.4,21.5,104.4,10.4,14.6,12.9,0.87,0.29,-1.19,78.4,0.545,26.7
MIN,2022,DAL,78,94,21.0,5.0,0.0,0.0,0.0,38.3,0.348,60.1,19.3,11.3,26.1,18.4,21.5,104.4,10.4,14.6,12.9,0.87,0.29,-1.19,78.4,0.545,26.7
MIN,2022,NYL,84,78,24.0,5.0,0.0,0.0,0.0,38.3,0.348,60.1,19.3,11.3,26.1,18.4,21.5,104.4,10.4,14.6,12.9,0.87,0.29,-1.19,78.4,0.545,26.7
MIN,2022,LAS,83,85,29.0,5.0,0.0,0.0,0.0,38.3,0.348,60.1,19.3,11.3,26.1,18.4,21.5,104.4,10.4,14.6,12.9,0.87,0.29,-1.19,78.4,0.545,26.7
MIN,2022,ATL,76,84,1.0,6.0,0.0,0.0,0.0,38.3,0.348,60.1,19.3,11.3,26.1,18.4,21.5,104.4,10.4,14.6,12.9,0.87,0.29,-1.19,78.4,0.545,26.7
MIN,2022,NYL,84,77,5.0,6.0,0.0,0.0,0.0,38.3,0.348,60.1,19.3,11.3,26.1,18.4,21.5,104.4,10.4,14.6,12.9,0.87,0.29,-1.19,78.4,0.545,26.7
MIN,2022,NYL,69,88,7.0,6.0,0.0,0.0,0.0,38.3,0.348,60.1,19.3,11.3,26.1,18.4,21.5,104.4,10.4,14.6,12.9,0.87,0.29,-1.19,78.4,0.545,26.7
MIN,2022,WAS,59,76,10.0,6.0,0.0,0.0,0.0,38.3,0.348,60.1,19.3,11.3,26.1,18.4,21.5,104.4,10.4,14.6,12.9,0.87,0.29,-1.19,78.4,0.545,26.7
MIN,2022,IND,80,84,12.0,6.0,0.0,0.0,0.0,38.3,0.348,60.1,19.3,11.3,26.1,18.4,21.5,104.4,10.4,14.6,12.9,0.87,0.29,-1.19,78.4,0.545,26.7
MIN,2022,SEA,79,81,14.0,6.0,0.0,0.0,0.0,38.3,0.348,60.1,19.3,11.3,26.1,18.4,21.5,104.4,10.4,14.6,12.9,0.87,0.29,-1.19,78.4,0.545,26.7
MIN,2022,LVA,95,96,19.0,6.0,0.0,0.0,0.0,38.3,0.348,60.1,19.3,11.3,26.1,18.4,21.5,104.4,10.4,14.6,12.9,0.87,0.29,-1.19,78.4,0.545,26.7
MIN,2022,PHO,84,71,21.0,6.0,0.0,0.0,0.0,38.3,0.348,60.1,19.3,11.3,26.1,18.4,21.5,104.4,10.4,14.6,12.9,0.87,0.29,-1.19,78.4,0.545,26.7
MIN,2022,PHO,100,88,23.0,6.0,0.0,0.0,0.0,38.3,0.348,60.1,19.3,11.3,26.1,18.4,21.5,104.4,10.4,14.6,12.9,0.87,0.29,-1.19,78.4,0.545,26.7
MIN,2022,CHI,85,88,26.0,6.0,0.0,0.0,0.0,38.3,0.348,60.1,19.3,11.3,26.1,18.4,21.5,104.4,10.4,14.6,12.9,0.87,0.29,-1.19,78.4,0.545,26.7
MIN,2022,DAL,92,64,28.0,6.0,0.0,0.0,0.0,38.3,0.348,60.1,19.3,11.3,26.1,18.4,21.5,104.4,10.4,14.6,12.9,0.87,0.29,-1.19,78.4,0.545,26.7
MIN,2022,LVA,85,91,1.0,7.0,0.0,0.0,0.0,38.3,0.348,60.1,19.3,11.3,26.1,18.4,21.5,104.4,10.4,14.6,12.9,0.87,0.29,-1.19,78.4,0.545,26.7
MIN,2022,LVA,102,71,3.0,7.0,0.0,0.0,0.0,38.3,0.348,60.1,19.3,11.3,26.1,18.4,21.5,104.4,10.4,14.6,12.9,0.87,0.29,-1.19,78.4,0.545,26.7
MIN,2022,CHI,81,78,6.0,7.0,0.0,0.0,0.0,38.3,0.348,60.1,19.3,11.3,26.1,18.4,21.5,104.4,10.4,14.6,12.9,0.87,0.29,-1.19,78.4,0.545,26.7
MIN,2022,PHO,118,107,12.0,7.0,0.0,0.0,0.0,38.3,0.348,60.1,19.3,11.3,26.1,18.4,21.5,104.4,10.4,14.6,12.9,0.87,0.29,-1.19,78.4,0.545,26.7
MIN,2022,DAL,87,92,14.0,7.0,0.0,0.0,0.0,38.3,0.348,60.1,19.3,11.3,26.1,18.4,21.5,104.4,10.4,14.6,12.9,0.87,0.29,-1.19,78.4,0.545,26.7
MIN,2022,IND,87,77,15.0,7.0,0.0,0.0,0.0,38.3,0.348,60.1,19.3,11.3,26.1,18.4,21.5,104.4,10.4,14.6,12.9,0.87,0.29,-1.19,78.4,0.545,26.7
MIN,2022,WAS,57,70,17.0,7.0,0.0,0.0,0.0,38.3,0.348,60.1,19.3,11.3,26.1,18.4,21.5,104.4,10.4,14.6,12.9,0.87,0.29,-1.19,78.4,0.545,26.7
MIN,2022,CON,84,94,22.0,7.0,0.0,0.0,0.0,38.3,0.348,60.1,19.3,11.3,26.1,18.4,21.5,104.4,10.4,14.6,12.9,0.87,0.29,-1.19,78.4,0.545,26.7
MIN,2022,CON,79,86,24.0,7.0,0.0,0.0,0.0,38.3,0.348,60.1,19.3,11.3,26.1,18.4,21.5,104.4,10.4,14.6,12.9,0.87,0.29,-1.19,78.4,0.545,26.7
MIN,2022,ATL,92,85,28.0,7.0,0.0,0.0,0.0,38.3,0.348,60.1,19.3,11.3,26.1,18.4,21.5,104.4,10.4,14.6,12.9,0.87,0.29,-1.19,78.4,0.545,26.7
MIN,2022,LAS,84,77,31.0,7.0,0.0,0.0,0.0,38.3,0.348,60.1,19.3,11.3,26.1,18.4,21.5,104.4,10.4,14.6,12.9,0.87,0.29,-1.19,78.4,0.545,26.7
MIN,2022,SEA,77,89,3.0,8.0,0.0,0.0,0.0,38.3,0.348,60.1,19.3,11.3,26.1,18.4,21.5,104.4,10.4,14.6,12.9,0.87,0.29,-1.19,78.4,0.545,26.7
MIN,2022,ATL,81,71,7.0,8.0,0.0,0.0,0.0,38.3,0.348,60.1,19.3,11.3,26.1,18.4,21.5,104.4,10.4,14.6,12.9,0.87,0.29,-1.19,78.4,0.545,26.7
MIN,2022,PHO,86,77,10.0,8.0,0.0,0.0,0.0,38.3,0.348,60.1,19.3,11.3,26.1,18.4,21.5,104.4,10.4,14.6,12.9,0.87,0.29,-1.19,78.4,0.545,26.7
MIN,2022,SEA,69,96,12.0,8.0,0.0,0.0,0.0,38.3,0.348,60.1,19.3,11.3,26.1,18.4,21.5,104.4,10.4,14.6,12.9,0.87,0.29,-1.19,78.4,0.545,26.7
MIN,2022,CON,83,90,14.0,8.0,0.0,0.0,0.0,38.3,0.348,60.1,19.3,11.3,26.1,18.4,21.5,104.4,10.4,14.6,12.9,0.87,0.29,-1.19,78.4,0.545,26.7
NYL,2022,CON,81,79,7.0,5.0,0.0,0.0,1.0,36.5,0.351,49.7,15.7,8.9,26.3,18.6,23.1,101.1,9.9,14.8,14.6,0.868,0.42,-1.97,77.9,0.543,20.7
NYL,2022,CHI,50,83,11.0,5.0,0.0,0.0,1.0,36.5,0.351,49.7,15.7,8.9,26.3,18.6,23.1,101.1,9.9,14.8,14.6,0.868,0.42,-1.97,77.9,0.543,20.7
NYL,2022,IND,86,92,13.0,5.0,0.0,1.0,1.0,36.5,0.351,49.7,15.7,8.9,26.3,18.6,23.1,101.1,9.9,14.8,14.6,0.868,0.42,-1.97,77.9,0.543,20.7
NYL,2022,DAL,71,81,15.0,5.0,0.0,0.0,1.0,36.5,0.351,49.7,15.7,8.9,26.3,18.6,23.1,101.1,9.9,14.8,14.6,0.868,0.42,-1.97,77.9,0.543,20.7
NYL,2022,CON,65,92,17.0,5.0,0.0,0.0,1.0,36.5,0.351,49.7,15.7,8.9,26.3,18.6,23.1,101.1,9.9,14.8,14.6,0.868,0.42,-1.97,77.9,0.543,20.7
NYL,2022,MIN,78,84,24.0,5.0,0.0,0.0,1.0,36.5,0.351,49.7,15.7,8.9,26.3,18.6,23.1,101.1,9.9,14.8,14.6,0.868,0.42,-1.97,77.9,0.543,20.7
NYL,2022,SEA,71,79,27.0,5.0,0.0,0.0,1.0,36.5,0.351,49.7,15.7,8.9,26.3,18.6,23.1,101.1,9.9,14.8,14.6,0.868,0.42,-1.97,77.9,0.543,20.7
NYL,2022,SEA,61,92,29.0,5.0,0.0,0.0,1.0,36.5,0.351,49.7,15.7,8.9,26.3,18.6,23.1,101.1,9.9,14.8,14.6,0.868,0.42,-1.97,77.9,0.543,20.7
NYL,2022,IND,87,74,1.0,6.0,0.0,0.0,1.0,36.5,0.351,49.7,15.7,8.9,26.3,18.6,23.1,101.1,9.9,14.8,14.6,0.868,0.42,-1.97,77.9,0.543,20.7
NYL,2022,WAS,74,70,3.0,6.0,0.0,0.0,1.0,36.5,0.351,49.7,15.7,8.9,26.3,18.6,23.1,101.1,9.9,14.8,14.6,0.868,0.42,-1.97,77.9,0.543,20.7
NYL,2022,MIN,77,84,5.0,6.0,0.0,0.0,1.0,36.5,0.351,49.7,15.7,8.9,26.3,18.6,23.1,101.1,9.9,14.8,14.6,0.868,0.42,-1.97,77.9,0.543,20.7
NYL,2022,MIN,88,69,7.0,6.0,0.0,0.0,1.0,36.5,0.351,49.7,15.7,8.9,26.3,18.6,23.1,101.1,9.9,14.8,14.6,0.868,0.42,-1.97,77.9,0.543,20.7
NYL,2022,IND,97,83,10.0,6.0,0.0,0.0,1.0,36.5,0.351,49.7,15.7,8.9,26.3,18.6,23.1,101.1,9.9,14.8,14.6,0.868,0.42,-1.97,77.9,0.543,20.7
NYL,2022,CHI,86,88,12.0,6.0,0.0,0.0,1.0,36.5,0.351,49.7,15.7,8.9,26.3,18.6,23.1,101.1,9.9,14.8,14.6,0.868,0.42,-1.97,77.9,0.543,20.7
NYL,2022,WAS,77,65,16.0,6.0,0.0,0.0,1.0,36.5,0.351,49.7,15.7,8.9,26.3,18.6,23.1,101.1,9.9,14.8,14.6,0.868,0.42,-1.97,77.9,0.543,20.7
NYL,2022,SEA,72,81,19.0,6.0,0.0,1.0,1.0,36.5,0.351,49.7,15.7,8.9,26.3,18.6,23.1,101.1,9.9,14.8,14.6,0.868,0.42,-1.97,77.9,0.543,20.7
NYL,2022,CON,81,77,22.0,6.0,0.0,1.0,1.0,36.5,0.351,49.7,15.7,8.9,26.3,18.6,23.1,101.1,9.9,14.8,14.6,0.868,0.42,-1.97,77.9,0.543,20.7
NYL,2022,ATL,89,77,24.0,6.0,0.0,1.0,1.0,36.5,0.351,49.7,15.7,8.9,26.3,18.6,23.1,101.1,9.9,14.8,14.6,0.868,0.42,-1.97,77.9,0.543,20.7
NYL,2022,ATL,81,92,30.0,6.0,0.0,1.0,1.0,36.5,0.351,49.7,15.7,8.9,26.3,18.6,23.1,101.1,9.9,14.8,14.6,0.868,0.42,-1.97,77.9,0.543,20.7
NYL,2022,LAS,74,84,3.0,7.0,0.0,1.0,1.0,36.5,0.351,49.7,15.7,8.9,26.3,18.6,23.1,101.1,9.9,14.8,14.6,0.868,0.42,-1.97,77.9,0.543,20.7
NYL,2022,LVA,116,107,6.0,7.0,0.0,1.0,1.0,36.5,0.351,49.7,15.7,8.9,26.3,18.6,23.1,101.1,9.9,14.8,14.6,0.868,0.42,-1.97,77.9,0.543,20.7
NYL,2022,PHO,81,84,7.0,7.0,0.0,1.0,1.0,36.5,0.351,49.7,15.7,8.9,26.3,18.6,23.1,101.1,9.9,14.8,14.6,0.868,0.42,-1.97,77.9,0.543,20.7
NYL,2022,LVA,101,107,12.0,7.0,0.0,1.0,1.0,36.5,0.351,49.7,15.7,8.9,26.3,18.6,23.1,101.1,9.9,14.8,14.6,0.868,0.42,-1.97,77.9,0.543,20.7
NYL,2022,LVA,74,108,14.0,7.0,0.0,1.0,1.0,36.5,0.351,49.7,15.7,8.9,26.3,18.6,23.1,101.1,9.9,14.8,14.6,0.868,0.42,-1.97,77.9,0.543,20.7
NYL,2022,CON,63,82,19.0,7.0,0.0,1.0,1.0,36.5,0.351,49.7,15.7,8.9,26.3,18.6,23.1,101.1,9.9,14.8,14.6,0.868,0.42,-1.97,77.9,0.543,20.7
NYL,2022,WAS,69,78,21.0,7.0,0.0,1.0,1.0,36.5,0.351,49.7,15.7,8.9,26.3,18.6,23.1,101.1,9.9,14.8,14.6,0.868,0.42,-1.97,77.9,0.543,20.7
NYL,2022,CHI,83,80,23.0,7.0,0.0,0.0,1.0,36.5,0.351,49.7,15.7,8.9,26.3,18.6,23.1,101.1,9.9,14.8,14.6,0.868,0.42,-1.97,77.9,0.543,20.7
NYL,2022,CHI,81,89,29.0,7.0,0.0,0.0,1.0,36.5,0.351,49.7,15.7,8.9,26.3,18.6,23.1,101.1,9.9,14.8,14.6,0.868,0.42,-1.97,77.9,0.543,20.7
NYL,2022,PHO,89,69,31.0,7.0,0.0,0.0,1.0,36.5,0.351,49.7,15.7,8.9,26.3,18.6,23.1,101.1,9.9,14.8,14.6,0.868,0.42,-1.97,77.9,0.543,20.7
NYL,2022,LAS,102,73,2.0,8.0,0.0,1.0,1.0,36.5,0.351,49.7,15.7,8.9,26.3,18.6,23.1,101.1,9.9,14.8,14.6,0.868,0.42,-1.97,77.9,0.543,20.7
NYL,2022,LAS,64,61,3.0,8.0,0.0,0.0,1.0,36.5,0.351,49.7,15.7,8.9,26.3,18.6,23.1,101.1,9.9,14.8,14.6,0.868,0.42,-1.97,77.9,0.543,20.7
NYL,2022,PHO,62,76,6.0,8.0,0.0,0.0,1.0,36.5,0.351,49.7,15.7,8.9,26.3,18.6,23.1,101.1,9.9,14.8,14.6,0.868,0.42,-1.97,77.9,0.543,20.7
NYL,2022,DAL,77,86,8.0,8.0,0.0,0.0,1.0,36.5,0.351,49.7,15.7,8.9,26.3,18.6,23.1,101.1,9.9,14.8,14.6,0.868,0.42,-1.97,77.9,0.543,20.7
NYL,2022,DAL,91,73,10.0,8.0,0.0,1.0,1.0,36.5,0.351,49.7,15.7,8.9,26.3,18.6,23.1,101.1,9.9,14.8,14.6,0.868,0.42,-1.97,77.9,0.543,20.7
NYL,2022,ATL,80,70,12.0,8.0,0.0,0.0,1.0,36.5,0.351,49.7,15.7,8.9,26.3,18.6,23.1,101.1,9.9,14.8,14.6,0.868,0.42,-1.97,77.9,0.543,20.7
NYL,2022,ATL,87,83,14.0,8.0,0.0,0.0,1.0,36.5,0.351,49.7,15.7,8.9,26.3,18.6,23.1,101.1,9.9,14.8,14.6,0.868,0.42,-1.97,77.9,0.543,20.7
PHO,2022,LVA,88,106,6.0,5.0,0.0,0.0,0.0,36.1,0.329,50.4,19.3,8.6,24.3,16.9,25.1,102.6,8.2,18.0,14.1,0.87,0.04,-2.97,78.2,0.543,19.9
PHO,2022,SEA,97,77,11.0,5.0,0.0,0.0,0.0,36.1,0.329,50.4,19.3,8.6,24.3,16.9,25.1,102.6,8.2,18.0,14.1,0.87,0.04,-2.97,78.2,0.543,19.9
PHO,2022,SEA,69,64,14.0,5.0,0.0,0.0,0.0,36.1,0.329,50.4,19.3,8.6,24.3,16.9,25.1,102.6,8.2,18.0,14.1,0.87,0.04,-2.97,78.2,0.543,19.9
PHO,2022,LVA,74,86,17.0,5.0,0.0,0.0,0.0,36.1,0.329,50.4,19.3,8.6,24.3,16.9,25.1,102.6,8.2,18.0,14.1,0.87,0.04,-2.97,78.2,0.543,19.9
PHO,2022,DAL,84,94,19.0,5.0,0.0,0.0,0.0,36.1,0.329,50.4,19.3,8.6,24.3,16.9,25.1,102.6,8.2,18.0,14.1,0.87,0.04,-2.97,78.2,0.543,19.9
PHO,2022,LVA,80,100,21.0,5.0,0.0,0.0,0.0,36.1,0.329,50.4,19.3,8.6,24.3,16.9,25.1,102.6,8.2,18.0,14.1,0.87,0.04,-2.97,78.2,0.543,19.9
PHO,2022,LAS,94,99,25.0,5.0,0.0,0.0,0.0,36.1,0.329,50.4,19.3,8.6,24.3,16.9,25.1,102.6,8.2,18.0,14.1,0.87,0.04,-2.97,78.2,0.543,19.9
PHO,2022,ATL,54,81,29.0,5.0,0.0,0.0,0.0,36.1,0.329,50.4,19.3,8.6,24.3,16.9,25.1,102.6,8.2,18.0,14.1,0.87,0.04,-2.97,78.2,0.543,19.9
PHO,2022,CHI,70,73,31.0,5.0,0.0,0.0,0.0,36.1,0.329,50.4,19.3,8.6,24.3,16.9,25.1,102.6,8.2,18.0,14.1,0.87,0.04,-2.97,78.2,0.543,19.9
PHO,2022,CON,88,92,3.0,6.0,0.0,0.0,0.0,36.1,0.329,50.4,19.3,8.6,24.3,16.9,25.1,102.6,8.2,18.0,14.1,0.87,0.04,-2.97,78.2,0.543,19.9
PHO,2022,LAS,81,74,5.0,6.0,0.0,0.0,0.0,36.1,0.329,50.4,19.3,8.6,24.3,16.9,25.1,102.6,8.2,18.0,14.1,0.87,0.04,-2.97,78.2,0.543,19.9
PHO,2022,ATL,90,88,10.0,6.0,0.0,0.0,0.0,36.1,0.329,50.4,19.3,8.6,24.3,16.9,25.1,102.6,8.2,18.0,14.1,0.87,0.04,-2.97,78.2,0.543,19.9
PHO,2022,WAS,99,90,12.0,6.0,0.0,0.0,0.0,36.1,0.329,50.4,19.3,8.6,24.3,16.9,25.1,102.6,8.2,18.0,14.1,0.87,0.04,-2.97,78.2,0.543,19.9
PHO,2022,WAS,65,83,14.0,6.0,0.0,0.0,0.0,36.1,0.329,50.4,19.3,8.6,24.3,16.9,25.1,102.6,8.2,18.0,14.1,0.87,0.04,-2.97,78.2,0.543,19.9
PHO,2022,IND,93,80,15.0,6.0,0.0,0.0,0.0,36.1,0.329,50.4,19.3,8.6,24.3,16.9,25.1,102.6,8.2,18.0,14.1,0.87,0.04,-2.97,78.2,0.543,19.9
PHO,2022,DAL,88,93,17.0,6.0,0.0,0.0,0.0,36.1,0.329,50.4,19.3,8.6,24.3,16.9,25.1,102.6,8.2,18.0,14.1,0.87,0.04,-2.97,78.2,0.543,19.9
PHO,2022,MIN,71,84,21.0,6.0,0.0,0.0,0.0,36.1,0.329,50.4,19.3,8.6,24.3,16.9,25.1,102.6,8.2,18.0,14.1,0.87,0.04,-2.97,78.2,0.543,19.9
PHO,2022,MIN,88,100,23.0,6.0,0.0,0.0,0.0,36.1,0.329,50.4,19.3,8.6,24.3,16.9,25.1,102.6,8.2,18.0,14.1,0.87,0.04,-2.97,78.2,0.543,19.9
PHO,2022,DAL,83,72,25.0,6.0,0.0,0.0,0.0,36.1,0.329,50.4,19.3,8.6,24.3,16.9,25.1,102.6,8.2,18.0,14.1,0.87,0.04,-2.97,78.2,0.543,19.9
PHO,2022,IND,83,71,27.0,6.0,0.0,0.0,0.0,36.1,0.329,50.4,19.3,8.6,24.3,16.9,25.1,102.6,8.2,18.0,14.1,0.87,0.04,-2.97,78.2,0.543,19.9
PHO,2022,IND,99,78,29.0,6.0,0.0,0.0,0.0,36.1,0.329,50.4,19.3,8.6,24.3,16.9,25.1,102.6,8.2,18.0,14.1,0.87,0.04,-2.97,78.2,0.543,19.9
PHO,2022,CHI,75,91,2.0,7.0,0.0,0.0,0.0,36.1,0.329,50.4,19.3,8.6,24.3,16.9,25.1,102.6,8.2,18.0,14.1,0.87,0.04,-2.97,78.2,0.543,19.9
PHO,2022,LAS,75,78,4.0,7.0,0.0,0.0,0.0,36.1,0.329,50.4,19.3,8.6,24.3,16.9,25.1,102.6,8.2,18.0,14.1,0.87,0.04,-2.97,78.2,0.543,19.9
PHO,2022,NYL,84,81,7.0,7.0,0.0,0.0,0.0,36.1,0.329,50.4,19.3,8.6,24.3,16.9,25.1,102.6,8.2,18.0,14.1,0.87,0.04,-2.97,78.2,0.543,19.9
PHO,2022,MIN,107,118,12.0,7.0,0.0,0.0,0.0,36.1,0.329,50.4,19.3,8.6,24.3,16.9,25.1,102.6,8.2,18.0,14.1,0.87,0.04,-2.97,78.2,0.543,19.9
PHO,2022,WAS,80,75,14.0,7.0,0.0,0.0,0.0,36.1,0.329,50.4,19.3,8.6,24.3,16.9,25.1,102.6,8.2,18.0,14.1,0.87,0.04,-2.97,78.2,0.543,19.9
PHO,2022,ATL,75,85,17.0,7.0,0.0,0.0,0.0,36.1,0.329,50.4,19.3,8.6,24.3,16.9,25.1,102.6,8.2,18.0,14.1,0.87,0.04,-2.97,78.2,0.543,19.9
PHO,2022,SEA,94,78,22.0,7.0,0.0,0.0,0.0,36.1,0.329,50.4,19.3,8.6,24.3,16.9,25.1,102.6,8.2,18.0,14.1,0.87,0.04,-2.97,78.2,0.543,19.9
PHO,2022,LAS,90,80,28.0,7.0,0.0,0.0,0.0,36.1,0.329,50.4,19.3,8.6,24.3,16.9,25.1,102.6,8.2,18.0,14.1,0.87,0.04,-2.97,78.2,0.543,19.9
PHO,2022,NYL,69,89,31.0,7.0,0.0,0.0,0.0,36.1,0.329,50.4,19.3,8.6,24.3,16.9,25.1,102.6,8.2,18.0,14.1,0.87,0.04,-2.97,78.2,0.543,19.9
PHO,2022,CON,63,87,2.0,8.0,0.0,0.0,0.0,36.1,0.329,50.4,19.3,8.6,24.3,16.9,25.1,102.6,8.2,18.0,14.1,0.87,0.04,-2.97,78.2,0.543,19.9
PHO,2022,CON,64,77,4.0,8.0,0.0,0.0,0.0,36.1,0.329,50.4,19.3,8.6,24.3,16.9,25.1,102.6,8.2,18.0,14.1,0.87,0.04,-2.97,78.2,0.543,19.9
PHO,2022,NYL,76,62,6.0,8.0,0.0,0.0,0.0,36.1,0.329,50.4,19.3,8.6,24.3,16.9,25.1,102.6,8.2,18.0,14.1,0.87,0.04,-2.97,78.2,0.543,19.9
PHO,2022,MIN,77,86,10.0,8.0,0.0,0.0,0.0,36.1,0.329,50.4,19.3,8.6,24.3,16.9,25.1,102.6,8.2,18.0,14.1,0.87,0.04,-2.97,78.2,0.543,19.9
PHO,2022,DAL,86,74,12.0,8.0,0.0,0.0,0.0,36.1,0.329,50.4,19.3,8.6,24.3,16.9,25.1,102.6,8.2,18.0,14.1,0.87,0.04,-2.97,78.2,0.543,19.9
PHO,2022,CHI,67,82,14.0,8.0,0.0,0.0,0.0,36.1,0.329,50.4,19.3,8.6,24.3,16.9,25.1,102.6,8.2,18.0,14.1,0.87,0.04,-2.97,78.2,0.543,19.9
SEA,2022,MIN,97,74,6.0,5.0,0.0,0.0,0.0,38.7,0.361,55.0,15.8,9.9,28.7,16.2,19.8,104.9,9.1,18.3,14.6,0.886,-0.2,3.91,78.3,0.547,21.8
SEA,2022,LVA,74,85,8.0,5.0,0.0,0.0,0.0,38.7,0.361,55.0,15.8,9.9,28.7,16.2,19.8,104.9,9.1,18.3,14.6,0.886,-0.2,3.91,78.3,0.547,21.8
SEA,2022,PHO,77,97,11.0,5.0,0.0,0.0,0.0,38.7,0.361,55.0,15.8,9.9,28.7,16.2,19.8,104.9,9.1,18.3,14.6,0.886,-0.2,3.91,78.3,0.547,21.8
SEA,2022,PHO,64,69,14.0,5.0,0.0,0.0,0.0,38.7,0.361,55.0,15.8,9.9,28.7,16.2,19.8,104.9,9.1,18.3,14.6,0.886,-0.2,3.91,78.3,0.547,21.8
SEA,2022,CHI,74,71,18.0,5.0,0.0,0.0,0.0,38.7,0.361,55.0,15.8,9.9,28.7,16.2,19.8,104.9,9.1,18.3,14.6,0.886,-0.2,3.91,78.3,0.547,21.8
SEA,2022,LAS,83,80,20.0,5.0,0.0,0.0,0.0,38.7,0.361,55.0,15.8,9.9,28.7,16.2,19.8,104.9,9.1,18.3,14.6,0.886,-0.2,3.91,78.3,0.547,21.8
SEA,2022,NYL,79,71,27.0,5.0,0.0,1.0,0.0,38.7,0.361,55.0,15.8,9.9,28.7,16.2,19.8,104.9,9.1,18.3,14.6,0.886,-0.2,3.91,78.3,0.547,21.8
SEA,2022,NYL,92,61,29.0,5.0,0.0,1.0,0.0,38.7,0.361,55.0,15.8,9.9,28.7,16.2,19.8,104.9,9.1,18.3,14.6,0.886,-0.2,3.91,78.3,0.547,21.8
SEA,2022,DAL,51,68,3.0,6.0,0.0,1.0,0.0,38.7,0.361,55.0,15.8,9.9,28.7,16.2,19.8,104.9,9.1,18.3,14.6,0.886,-0.2,3.91,78.3,0.547,21.8
SEA,2022,CON,86,93,5.0,6.0,0.0,0.0,0.0,38.7,0.361,55.0,15.8,9.9,28.7,16.2,19.8,104.9,9.1,18.3,14.6,0.886,-0.2,3.91,78.3,0.547,21.8
SEA,2022,ATL,72,60,7.0,6.0,0.0,0.0,0.0,38.7,0.361,55.0,15.8,9.9,28.7,16.2,19.8,104.9,9.1,18.3,14.6,0.886,-0.2,3.91,78.3,0.547,21.8
SEA,2022,DAL,89,88,10.0,6.0,0.0,0.0,0.0,38.7,0.361,55.0,15.8,9.9,28.7,16.2,19.8,104.9,9.1,18.3,14.6,0.886,-0.2,3.91,78.3,0.547,21.8
SEA,2022,DAL,84,79,12.0,6.0,0.0,0.0,0.0,38.7,0.361,55.0,15.8,9.9,28.7,16.2,19.8,104.9,9.1,18.3,14.6,0.886,-0.2,3.91,78.3,0.547,21.8
SEA,2022,MIN,81,79,14.0,6.0,0.0,0.0,0.0,38.7,0.361,55.0,15.8,9.9,28.7,16.2,19.8,104.9,9.1,18.3,14.6,0.886,-0.2,3.91,78.3,0.547,21.8
SEA,2022,CON,71,82,17.0,6.0,0.0,0.0,0.0,38.7,0.361,55.0,15.8,9.9,28.7,16.2,19.8,104.9,9.1,18.3,14.6,0.886,-0.2,3.91,78.3,0.547,21.8
SEA,2022,NYL,81,72,19.0,6.0,0.0,0.0,0.0,38.7,0.361,55.0,15.8,9.9,28.7,16.2,19.8,104.9,9.1,18.3,14.6,0.886,-0.2,3.91,78.3,0.547,21.8
SEA,2022,WAS,85,71,23.0,6.0,0.0,0.0,0.0,38.7,0.361,55.0,15.8,9.9,28.7,16.2,19.8,104.9,9.1,18.3,14.6,0.886,-0.2,3.91,78.3,0.547,21.8
SEA,2022,LAS,77,85,25.0,6.0,0.0,0.0,0.0,38.7,0.361,55.0,15.8,9.9,28.7,16.2,19.8,104.9,9.1,18.3,14.6,0.886,-0.2,3.91,78.3,0.547,21.8
SEA,2022,LVA,88,78,29.0,6.0,0.0,0.0,0.0,38.7,0.361,55.0,15.8,9.9,28.7,16.2,19.8,104.9,9.1,18.3,14.6,0.886,-0.2,3.91,78.3,0.547,21.8
SEA,2022,IND,73,57,1.0,7.0,0.0,0.0,0.0,38.7,0.361,55.0,15.8,9.9,28.7,16.2,19.8,104.9,9.1,18.3,14.6,0.886,-0.2,3.91,78.3,0.547,21.8
SEA,2022,ATL,76,90,3.0,7.0,0.0,0.0,0.0,38.7,0.361,55.0,15.8,9.9,28.7,16.2,19.8,104.9,9.1,18.3,14.6,0.886,-0.2,3.91,78.3,0.547,21.8
SEA,2022,IND,95,73,5.0,7.0,0.0,0.0,0.0,38.7,0.361,55.0,15.8,9.9,28.7,16.2,19.8,104.9,9.1,18.3,14.6,0.886,-0.2,3.91,78.3,0.547,21.8
SEA,2022,LAS,106,69,7.0,7.0,0.0,0.0,0.0,38.7,0.361,55.0,15.8,9.9,28.7,16.2,19.8,104.9,9.1,18.3,14.6,0.886,-0.2,3.91,78.3,0.547,21.8
SEA,2022,DAL,83,74,12.0,7.0,0.0,0.0,0.0,38.7,0.361,55.0,15.8,9.9,28.7,16.2,19.8,104.9,9.1,18.3,14.6,0.886,-0.2,3.91,78.3,0.547,21.8
SEA,2022,IND,81,65,17.0,7.0,0.0,0.0,0.0,38.7,0.361,55.0,15.8,9.9,28.7,16.2,19.8,104.9,9.1,18.3,14.6,0.886,-0.2,3.91,78.3,0.547,21.8
SEA,2022,CHI,74,78,20.0,7.0,0.0,0.0,0.0,38.7,0.361,55.0,15.8,9.9,28.7,16.2,19.8,104.9,9.1,18.3,14.6,0.886,-0.2,3.91,78.3,0.547,21.8
SEA,2022,PHO,78,94,22.0,7.0,0.0,0.0,0.0,38.7,0.361,55.0,15.8,9.9,28.7,16.2,19.8,104.9,9.1,18.3,14.6,0.886,-0.2,3.91,78.3,0.547,21.8
SEA,2022,ATL,82,72,24.0,7.0,0.0,0.0,0.0,38.7,0.361,55.0,15.8,9.9,28.7,16.2,19.8,104.9,9.1,18.3,14.6,0.886,-0.2,3.91,78.3,0.547,21.8
SEA,2022,CON,83,88,28.0,7.0,0.0,0.0,0.0,38.7,0.361,55.0,15.8,9.9,28.7,16.2,19.8,104.9,9.1,18.3,14.6,0.886,-0.2,3.91,78.3,0.547,21.8
SEA,2022,WAS,82,77,30.0,7.0,0.0,0.0,0.0,38.7,0.361,55.0,15.8,9.9,28.7,16.2,19.8,104.9,9.1,18.3,14.6,0.886,-0.2,3.91,78.3,0.547,21.8
SEA,2022,WAS,75,78,31.0,7.0,0.0,0.0,0.0,38.7,0.361,55.0,15.8,9.9,28.7,16.2,19.8,104.9,9.1,18.3,14.6,0.886,-0.2,3.91,78.3,0.547,21.8
SEA,2022,MIN,89,77,3.0,8.0,0.0,0.0,0.0,38.7,0.361,55.0,15.8,9.9,28.7,16.2,19.8,104.9,9.1,18.3,14.6,0.886,-0.2,3.91,78.3,0.547,21.8
SEA,2022,LVA,81,89,7.0,8.0,0.0,0.0,0.0,38.7,0.361,55.0,15.8,9.9,28.7,16.2,19.8,104.9,9.1,18.3,14.6,0.886,-0.2,3.91,78.3,0.547,21.8
SEA,2022,CHI,111,100,9.0,8.0,0.0,0.0,0.0,38.7,0.361,55.0,15.8,9.9,28.7,16.2,19.8,104.9,9.1,18.3,14.6,0.886,-0.2,3.91,78.3,0.547,21.8
SEA,2022,MIN,96,69,12.0,8.0,0.0,0.0,0.0,38.7,0.361,55.0,15.8,9.9,28.7,16.2,19.8,104.9,9.1,18.3,14.6,0.886,-0.2,3.91,78.3,0.547,21.8
SEA,2022,LVA,100,109,14.0,8.0,0.0,0.0,0.0,38.7,0.361,55.0,15.8,9.9,28.7,16.2,19.8,104.9,9.1,18.3,14.6,0.886,-0.2,3.91,78.3,0.547,21.8
WAS,2022,IND,84,70,6.0,5.0,0.0,0.0,0.0,37.8,0.338,57.0,18.1,10.4,26.1,16.5,20.5,103.5,9.6,18.0,13.6,0.901,-0.55,3.82,76.7,0.538,23.3
WAS,2022,MIN,78,66,8.0,5.0,0.0,0.0,0.0,37.8,0.338,57.0,18.1,10.4,26.1,16.5,20.5,103.5,9.6,18.0,13.6,0.901,-0.55,3.82,76.7,0.538,23.3
WAS,2022,LVA,89,76,10.0,5.0,0.0,0.0,0.0,37.8,0.338,57.0,18.1,10.4,26.1,16.5,20.5,103.5,9.6,18.0,13.6,0.901,-0.55,3.82,76.7,0.538,23.3
WAS,2022,DAL,86,94,13.0,5.0,0.0,0.0,0.0,37.8,0.338,57.0,18.1,10.4,26.1,16.5,20.5,103.5,9.6,18.0,13.6,0.901,-0.55,3.82,76.7,0.538,23.3
WAS,2022,DAL,84,68,17.0,5.0,0.0,0.0,0.0,37.8,0.338,57.0,18.1,10.4,26.1,16.5,20.5,103.5,9.6,18.0,13.6,0.901,-0.55,3.82,76.7,0.538,23.3
WAS,2022,ATL,78,73,20.0,5.0,0.0,0.0,0.0,37.8,0.338,57.0,18.1,10.4,26.1,16.5,20.5,103.5,9.6,18.0,13.6,0.901,-0.55,3.82,76.7,0.538,23.3
WAS,2022,CHI,73,82,22.0,5.0,0.0,0.0,0.0,37.8,0.338,57.0,18.1,10.4,26.1,16.5,20.5,103.5,9.6,18.0,13.6,0.901,-0.55,3.82,76.7,0.538,23.3
WAS,2022,ATL,70,50,24.0,5.0,0.0,0.0,0.0,37.8,0.338,57.0,18.1,10.4,26.1,16.5,20.5,103.5,9.6,18.0,13.6,0.901,-0.55,3.82,76.7,0.538,23.3
WAS,2022,CON,71,79,28.0,5.0,0.0,0.0,0.0,37.8,0.338,57.0,18.1,10.4,26.1,16.5,20.5,103.5,9.6,18.0,13.6,0.901,-0.55,3.82,76.7,0.538,23.3
WAS,2022,IND,87,75,31.0,5.0,0.0,0.0,0.0,37.8,0.338,57.0,18.1,10.4,26.1,16.5,20.5,103.5,9.6,18.0,13.6,0.901,-0.55,3.82,76.7,0.538,23.3
WAS,2022,NYL,70,74,3.0,6.0,0.0,0.0,0.0,37.8,0.338,57.0,18.1,10.4,26.1,16.5,20.5,103.5,9.6,18.0,13.6,0.901,-0.55,3.82,76.7,0.538,23.3
WAS,2022,CHI,82,91,5.0,6.0,0.0,0.0,0.0,37.8,0.338,57.0,18.1,10.4,26.1,16.5,20.5,103.5,9.6,18.0,13.6,0.901,-0.55,3.82,76.7,0.538,23.3
WAS,2022,CHI,84,82,8.0,6.0,0.0,0.0,0.0,37.8,0.338,57.0,18.1,10.4,26.1,16.5,20.5,103.5,9.6,18.0,13.6,0.901,-0.55,3.82,76.7,0.538,23.3
WAS,2022,MIN,76,59,10.0,6.0,0.0,0.0,0.0,37.8,0.338,57.0,18.1,10.4,26.1,16.5,20.5,103.5,9.6,18.0,13.6,0.901,-0.55,3.82,76.7,0.538,23.3
WAS,2022,PHO,90,99,12.0,6.0,0.0,0.0,0.0,37.8,0.338,57.0,18.1,10.4,26.1,16.5,20.5,103.5,9.6,18.0,13.6,0.901,-0.55,3.82,76.7,0.538,23.3
WAS,2022,PHO,83,65,14.0,6.0,0.0,0.0,0.0,37.8,0.338,57.0,18.1,10.4,26.1,16.5,20.5,103.5,9.6,18.0,13.6,0.901,-0.55,3.82,76.7,0.538,23.3
WAS,2022,NYL,65,77,16.0,6.0,0.0,0.0,0.0,37.8,0.338,57.0,18.1,10.4,26.1,16.5,20.5,103.5,9.6,18.0,13.6,0.901,-0.55,3.82,76.7,0.538,23.3
WAS,2022,CON,71,63,19.0,6.0,0.0,0.0,0.0,37.8,0.338,57.0,18.1,10.4,26.1,16.5,20.5,103.5,9.6,18.0,13.6,0.901,-0.55,3.82,76.7,0.538,23.3
WAS,2022,LAS,82,84,21.0,6.0,0.0,0.0,0.0,37.8,0.338,57.0,18.1,10.4,26.1,16.5,20.5,103.5,9.6,18.0,13.6,0.901,-0.55,3.82,76.7,0.538,23.3
WAS,2022,SEA,71,85,23.0,6.0,0.0,0.0,0.0,37.8,0.338,57.0,18.1,10.4,26.1,16.5,20.5,103.5,9.6,18.0,13.6,0.901,-0.55,3.82,76.7,0.538,23.3
WAS,2022,LVA,87,86,25.0,6.0,0.0,0.0,0.0,37.8,0.338,57.0,18.1,10.4,26.1,16.5,20.5,103.5,9.6,18.0,13.6,0.901,-0.55,3.82,76.7,0.538,23.3
WAS,2022,ATL,92,74,28.0,6.0,0.0,0.0,0.0,37.8,0.338,57.0,18.1,10.4,26.1,16.5,20.5,103.5,9.6,18.0,13.6,0.901,-0.55,3.82,76.7,0.538,23.3
WAS,2022,CON,72,74,3.0,7.0,0.0,0.0,0.0,37.8,0.338,57.0,18.1,10.4,26.1,16.5,20.5,103.5,9.6,18.0,13.6,0.901,-0.55,3.82,76.7,0.538,23.3
WAS,2022,ATL,85,66,6.0,7.0,0.0,0.0,0.0,37.8,0.338,57.0,18.1,10.4,26.1,16.5,20.5,103.5,9.6,18.0,13.6,0.901,-0.55,3.82,76.7,0.538,23.3
WAS,2022,LAS,94,81,12.0,7.0,0.0,0.0,0.0,37.8,0.338,57.0,18.1,10.4,26.1,16.5,20.5,103.5,9.6,18.0,13.6,0.901,-0.55,3.82,76.7,0.538,23.3
WAS,2022,PHO,75,80,14.0,7.0,0.0,0.0,0.0,37.8,0.338,57.0,18.1,10.4,26.1,16.5,20.5,103.5,9.6,18.0,13.6,0.901,-0.55,3.82,76.7,0.538,23.3
WAS,2022,MIN,70,57,17.0,7.0,0.0,0.0,0.0,37.8,0.338,57.0,18.1,10.4,26.1,16.5,20.5,103.5,9.6,18.0,13.6,0.901,-0.55,3.82,76.7,0.538,23.3
WAS,2022,NYL,78,69,21.0,7.0,0.0,0.0,0.0,37.8,0.338,57.0,18.1,10.4,26.1,16.5,20.5,103.5,9.6,18.0,13.6,0.901,-0.55,3.82,76.7,0.538,23.3
WAS,2022,DAL,87,77,28.0,7.0,0.0,0.0,0.0,37.8,0.338,57.0,18.1,10.4,26.1,16.5,20.5,103.5,9.6,18.0,13.6,0.901,-0.55,3.82,76.7,0.538,23.3
WAS,2022,SEA,77,82,30.0,7.0,0.0,0.0,0.0,37.8,0.338,57.0,18.1,10.4,26.1,16.5,20.5,103.5,9.6,18.0,13.6,0.901,-0.55,3.82,76.7,0.538,23.3
WAS,2022,SEA,78,75,31.0,7.0,0.0,0.0,0.0,37.8,0.338,57.0,18.1,10.4,26.1,16.5,20.5,103.5,9.6,18.0,13.6,0.901,-0.55,3.82,76.7,0.538,23.3
WAS,2022,LVA,83,73,2.0,8.0,0.0,0.0,0.0,37.8,0.338,57.0,18.1,10.4,26.1,16.5,20.5,103.5,9.6,18.0,13.6,0.901,-0.55,3.82,76.7,0.538,23.3
WAS,2022,CHI,83,93,5.0,8.0,0.0,0.0,0.0,37.8,0.338,57.0,18.1,10.4,26.1,16.5,20.5,103.5,9.6,18.0,13.6,0.901,-0.55,3.82,76.7,0.538,23.3
WAS,2022,LAS,76,79,7.0,8.0,0.0,0.0,0.0,37.8,0.338,57.0,18.1,10.4,26.1,16.5,20.5,103.5,9.6,18.0,13.6,0.901,-0.55,3.82,76.7,0.538,23.3
WAS,2022,IND,82,70,12.0,8.0,0.0,0.0,0.0,37.8,0.338,57.0,18.1,10.4,26.1,16.5,20.5,103.5,9.6,18.0,13.6,0.901,-0.55,3.82,76.7,0.538,23.3
WAS,2022,IND,95,83,14.0,8.0,0.0,0.0,0.0,37.8,0.338,57.0,18.1,10.4,26.1,16.5,20.5,103.5,9.6,18.0,13.6,0.901,-0.55,3.82,76.7,0.538,23.3
LVA,2022,PHO,106,88,6.0,5.0,1.0,0.0,0.0,40.0,0.361,54.2,20.2,8.6,25.7,13.7,19.6,111.9,6.9,15.6,15.0,0.834,-0.59,5.78,80.6,0.573,19.9
LVA,2022,SEA,85,74,8.0,5.0,1.0,0.0,0.0,40.0,0.361,54.2,20.2,8.6,25.7,13.7,19.6,111.9,6.9,15.6,15.0,0.834,-0.59,5.78,80.6,0.573,19.9
LVA,2022,WAS,76,89,10.0,5.0,1.0,0.0,0.0,40.0,0.361,54.2,20.2,8.6,25.7,13.7,19.6,111.9,6.9,15.6,15.0,0.834,-0.59,5.78,80.6,0.573,19.9
LVA,2022,ATL,96,73,13.0,5.0,1.0,0.0,0.0,40.0,0.361,54.2,20.2,8.6,25.7,13.7,19.6,111.9,6.9,15.6,15.0,0.834,-0.59,5.78,80.6,0.573,19.9
LVA,2022,PHO,86,74,17.0,5.0,0.0,0.0,0.0,40.0,0.361,54.2,20.2,8.6,25.7,13.7,19.6,111.9,6.9,15.6,15.0,0.834,-0.59,5.78,80.6,0.573,19.9
LVA,2022,MIN,93,87,19.0,5.0,0.0,0.0,0.0,40.0,0.361,54.2,20.2,8.6,25.7,13.7,19.6,111.9,6.9,15.6,15.0,0.834,-0.59,5.78,80.6,0.573,19.9
LVA,2022,PHO,100,80,21.0,5.0,1.0,0.0,0.0,40.0,0.361,54.2,20.2,8.6,25.7,13.7,19.6,111.9,6.9,15.6,15.0,0.834,-0.59,5.78,80.6,0.573,19.9
LVA,2022,LAS,104,76,23.0,5.0,1.0,0.0,0.0,40.0,0.361,54.2,20.2,8.6,25.7,13.7,19.6,111.9,6.9,15.6,15.0,0.834,-0.59,5.78,80.6,0.573,19.9
LVA,2022,CHI,83,76,28.0,5.0,0.0,0.0,0.0,40.0,0.361,54.2,20.2,8.6,25.7,13.7,19.6,111.9,6.9,15.6,15.0,0.834,-0.59,5.78,80.6,0.573,19.9
LVA,2022,CON,89,81,31.0,5.0,1.0,0.0,0.0,40.0,0.361,54.2,20.2,8.6,25.7,13.7,19.6,111.9,6.9,15.6,15.0,0.834,-0.59,5.78,80.6,0.573,19.9
LVA,2022,CON,90,97,2.0,6.0,0.0,0.0,0.0,40.0,0.361,54.2,20.2,8.6,25.7,13.7,19.6,111.9,6.9,15.6,15.0,0.834,-0.59,5.78,80.6,0.573,19.9
LVA,2022,DAL,84,78,5.0,6.0,1.0,0.0,0.0,40.0,0.361,54.2,20.2,8.6,25.7,13.7,19.6,111.9,6.9,15.6,15.0,0.834,-0.59,5.78,80.6,0.573,19.9
LVA,2022,LAS,89,72,11.0,6.0,1.0,0.0,0.0,40.0,0.361,54.2,20.2,8.6,25.7,13.7,19.6,111.9,6.9,15.6,15.0,0.834,-0.59,5.78,80.6,0.573,19.9
LVA,2022,DAL,92,84,15.0,6.0,0.0,0.0,0.0,40.0,0.361,54.2,20.2,8.6,25.7,13.7,19.6,111.9,6.9,15.6,15.0,0.834,-0.59,5.78,80.6,0.573,19.9
LVA,2022,MIN,96,95,19.0,6.0,0.0,0.0,0.0,40.0,0.361,54.2,20.2,8.6,25.7,13.7,19.6,111.9,6.9,15.6,15.0,0.834,-0.59,5.78,80.6,0.573,19.9
LVA,2022,CHI,95,104,21.0,6.0,0.0,0.0,0.0,40.0,0.361,54.2,20.2,8.6,25.7,13.7,19.6,111.9,6.9,15.6,15.0,0.834,-0.59,5.78,80.6,0.573,19.9
LVA,2022,WAS,86,87,25.0,6.0,0.0,0.0,0.0,40.0,0.361,54.2,20.2,8.6,25.7,13.7,19.6,111.9,6.9,15.6,15.0,0.834,-0.59,5.78,80.6,0.573,19.9
LVA,2022,LAS,79,73,27.0,6.0,1.0,0.0,0.0,40.0,0.361,54.2,20.2,8.6,25.7,13.7,19.6,111.9,6.9,15.6,15.0,0.834,-0.59,5.78,80.6,0.573,19.9
LVA,2022,SEA,78,88,29.0,6.0,0.0,0.0,0.0,40.0,0.361,54.2,20.2,8.6,25.7,13.7,19.6,111.9,6.9,15.6,15.0,0.834,-0.59,5.78,80.6,0.573,19.9
LVA,2022,MIN,91,85,1.0,7.0,0.0,0.0,0.0,40.0,0.361,54.2,20.2,8.6,25.7,13.7,19.6,111.9,6.9,15.6,15.0,0.834,-0.59,5.78,80.6,0.573,19.9
LVA,2022,MIN,71,102,3.0,7.0,1.0,0.0,0.0,40.0,0.361,54.2,20.2,8.6,25.7,13.7,19.6,111.9,6.9,15.6,15.0,0.834,-0.59,5.78,80.6,0.573,19.9
LVA,2022,NYL,107,116,6.0,7.0,0.0,0.0,0.0,40.0,0.361,54.2,20.2,8.6,25.7,13.7,19.6,111.9,6.9,15.6,15.0,0.834,-0.59,5.78,80.6,0.573,19.9
LVA,2022,NYL,107,101,12.0,7.0,0.0,0.0,0.0,40.0,0.361,54.2,20.2,8.6,25.7,13.7,19.6,111.9,6.9,15.6,15.0,0.834,-0.59,5.78,80.6,0.573,19.9
LVA,2022,NYL,108,74,14.0,7.0,1.0,0.0,0.0,40.0,0.361,54.2,20.2,8.6,25.7,13.7,19.6,111.9,6.9,15.6,15.0,0.834,-0.59,5.78,80.6,0.573,19.9
LVA,2022,CON,91,83,17.0,7.0,0.0,0.0,0.0,40.0,0.361,54.2,20.2,8.6,25.7,13.7,19.6,111.9,6.9,15.6,15.0,0.834,-0.59,5.78,80.6,0.573,19.9
LVA,2022,ATL,76,92,19.0,7.0,1.0,0.0,0.0,40.0,0.361,54.2,20.2,8.6,25.7,13.7,19.6,111.9,6.9,15.6,15.0,0.834,-0.59,5.78,80.6,0.573,19.9
LVA,2022,IND,90,77,21.0,7.0,1.0,0.0,0.0,40.0,0.361,54.2,20.2,8.6,25.7,13.7,19.6,111.9,6.9,15.6,15.0,0.834,-0.59,5.78,80.6,0.573,19.9
LVA,2022,LAS,84,66,23.0,7.0,1.0,0.0,0.0,40.0,0.361,54.2,20.2,8.6,25.7,13.7,19.6,111.9,6.9,15.6,15.0,0.834,-0.59,5.78,80.6,0.573,19.9
LVA,2022,IND,93,72,29.0,7.0,1.0,0.0,0.0,40.0,0.361,54.2,20.2,8.6,25.7,13.7,19.6,111.9,6.9,15.6,15.0,0.834,-0.59,5.78,80.6,0.573,19.9
LVA,2022,IND,94,69,31.0,7.0,1.0,0.0,0.0,40.0,0.361,54.2,20.2,8.6,25.7,13.7,19.6,111.9,6.9,15.6,15.0,0.834,-0.59,5.78,80.6,0.573,19.9
LVA,2022,WAS,73,83,2.0,8.0,0.0,0.0,0.0,40.0,0.361,54.2,20.2,8.6,25.7,13.7,19.6,111.9,6.9,15.6,15.0,0.834,-0.59,5.78,80.6,0.573,19.9
LVA,2022,DAL,80,82,4.0,8.0,0.0,0.0,0.0,40.0,0.361,54.2,20.2,8.6,25.7,13.7,19.6,111.9,6.9,15.6,15.0,0.834,-0.59,5.78,80.6,0.573,19.9
LVA,2022,SEA,89,81,7.0,8.0,1.0,0.0,0.0,40.0,0.361,54.2,20.2,8.6,25.7,13.7,19.6,111.9,6.9,15.6,15.0,0.834,-0.59,5.78,80.6,0.573,19.9
LVA,2022,ATL,97,90,9.0,8.0,1.0,0.0,0.0,40.0,0.361,54.2,20.2,8.6,25.7,13.7,19.6,111.9,6.9,15.6,15.0,0.834,-0.59,5.78,80.6,0.573,19.9
LVA,2022,CHI,89,78,11.0,8.0,1.0,0.0,0.0,40.0,0.361,54.2,20.2,8.6,25.7,13.7,19.6,111.9,6.9,15.6,15.0,0.834,-0.59,5.78,80.6,0.573,19.9
LVA,2022,SEA,109,100,14.0,8.0,1.0,0.0,0.0,40.0,0.361,54.2,20.2,8.6,25.7,13.7,19.6,111.9,6.9,15.6,15.0,0.834,-0.59,5.78,80.6,0.573,19.9
ATL,2023,DAL,78,85,20.0,5.0,0.0,0.0,0.0,36.0,0.336,60.7,21.2,9.8,22.8,16.7,23.6,101.1,9.4,15.9,12.5,0.887,0.47,-1.01,81.1,0.527,22.4
ATL,2023,MIN,83,77,23.0,5.0,0.0,0.0,0.0,36.0,0.336,60.7,21.2,9.8,22.8,16.7,23.6,101.1,9.4,15.9,12.5,0.887,0.47,-1.01,81.1,0.527,22.4
ATL,2023,IND,87,90,28.0,5.0,0.0,0.0,0.0,36.0,0.336,60.7,21.2,9.8,22.8,16.7,23.6,101.1,9.4,15.9,12.5,0.887,0.47,-1.01,81.1,0.527,22.4
ATL,2023,CHI,83,65,30.0,5.0,0.0,0.0,0.0,36.0,0.336,60.7,21.2,9.8,22.8,16.7,23.6,101.1,9.4,15.9,12.5,0.887,0.47,-1.01,81.1,0.527,22.4
ATL,2023,LVA,87,92,2.0,6.0,0.0,0.0,0.0,36.0,0.336,60.7,21.2,9.8,22.8,16.7,23.6,101.1,9.4,15.9,12.5,0.887,0.47,-1.01,81.1,0.527,22.4
ATL,2023,NYL,83,106,9.0,6.0,0.0,0.0,0.0,36.0,0.336,60.7,21.2,9.8,22.8,16.7,23.6,101.1,9.4,15.9,12.5,0.887,0.47,-1.01,81.1,0.527,22.4
ATL,2023,CON,77,89,11.0,6.0,0.0,0.0,0.0,36.0,0.336,60.7,21.2,9.8,22.8,16.7,23.6,101.1,9.4,15.9,12.5,0.887,0.47,-1.01,81.1,0.527,22.4
ATL,2023,NYL,86,79,13.0,6.0,0.0,0.0,0.0,36.0,0.336,60.7,21.2,9.8,22.8,16.7,23.6,101.1,9.4,15.9,12.5,0.887,0.47,-1.01,81.1,0.527,22.4
ATL,2023,CON,92,88,15.0,6.0,0.0,0.0,0.0,36.0,0.336,60.7,21.2,9.8,22.8,16.7,23.6,101.1,9.4,15.9,12.5,0.887,0.47,-1.01,81.1,0.527,22.4
ATL,2023,IND,100,94,18.0,6.0,0.0,0.0,0.0,36.0,0.336,60.7,21.2,9.8,22.8,16.7,23.6,101.1,9.4,15.9,12.5,0.887,0.47,-1.01,81.1,0.527,22.4
ATL,2023,DAL,73,85,20.0,6.0,0.0,0.0,0.0,36.0,0.336,60.7,21.2,9.8,22.8,16.7,23.6,101.1,9.4,15.9,12.5,0.887,0.47,-1.01,81.1,0.527,22.4
ATL,2023,NYL,80,110,23.0,6.0,0.0,0.0,0.0,36.0,0.336,60.7,21.2,9.8,22.8,16.7,23.6,101.1,9.4,15.9,12.5,0.887,0.47,-1.01,81.1,0.527,22.4
ATL,2023,WAS,86,109,28.0,6.0,0.0,0.0,0.0,36.0,0.336,60.7,21.2,9.8,22.8,16.7,23.6,101.1,9.4,15.9,12.5,0.887,0.47,-1.01,81.1,0.527,22.4
ATL,2023,WAS,94,89,30.0,6.0,0.0,0.0,0.0,36.0,0.336,60.7,21.2,9.8,22.8,16.7,23.6,101.1,9.4,15.9,12.5,0.887,0.47,-1.01,81.1,0.527,22.4
ATL,2023,LAS,112,84,2.0,7.0,0.0,0.0,0.0,36.0,0.336,60.7,21.2,9.8,22.8,16.7,23.6,101.1,9.4,15.9,12.5,0.887,0.47,-1.01,81.1,0.527,22.4
ATL,2023,LAS,90,79,5.0,7.0,0.0,0.0,0.0,36.0,0.336,60.7,21.2,9.8,22.8,16.7,23.6,101.1,9.4,15.9,12.5,0.887,0.47,-1.01,81.1,0.527,22.4
ATL,2023,CHI,82,68,7.0,7.0,0.0,0.0,0.0,36.0,0.336,60.7,21.2,9.8,22.8,16.7,23.6,101.1,9.4,15.9,12.5,0.887,0.47,-1.01,81.1,0.527,22.4
ATL,2023,CHI,88,77,9.0,7.0,0.0,0.0,0.0,36.0,0.336,60.7,21.2,9.8,22.8,16.7,23.6,101.1,9.4,15.9,12.5,0.887,0.47,-1.01,81.1,0.527,22.4
ATL,2023,SEA,85,75,12.0,7.0,0.0,0.0,0.0,36.0,0.336,60.7,21.2,9.8,22.8,16.7,23.6,101.1,9.4,15.9,12.5,0.887,0.47,-1.01,81.1,0.527,22.4
ATL,2023,MIN,82,73,18.0,7.0,0.0,0.0,0.0,36.0,0.336,60.7,21.2,9.8,22.8,16.7,23.6,101.1,9.4,15.9,12.5,0.887,0.47,-1.01,81.1,0.527,22.4
ATL,2023,CON,71,82,20.0,7.0,0.0,0.0,0.0,36.0,0.336,60.7,21.2,9.8,22.8,16.7,23.6,101.1,9.4,15.9,12.5,0.887,0.47,-1.01,81.1,0.527,22.4
ATL,2023,CON,78,86,22.0,7.0,0.0,0.0,0.0,36.0,0.336,60.7,21.2,9.8,22.8,16.7,23.6,101.1,9.4,15.9,12.5,0.887,0.47,-1.01,81.1,0.527,22.4
ATL,2023,PHO,78,65,25.0,7.0,0.0,0.0,0.0,36.0,0.336,60.7,21.2,9.8,22.8,16.7,23.6,101.1,9.4,15.9,12.5,0.887,0.47,-1.01,81.1,0.527,22.4
ATL,2023,NYL,84,95,27.0,7.0,0.0,0.0,0.0,36.0,0.336,60.7,21.2,9.8,22.8,16.7,23.6,101.1,9.4,15.9,12.5,0.887,0.47,-1.01,81.1,0.527,22.4
ATL,2023,WAS,80,73,30.0,7.0,0.0,0.0,0.0,36.0,0.336,60.7,21.2,9.8,22.8,16.7,23.6,101.1,9.4,15.9,12.5,0.887,0.47,-1.01,81.1,0.527,22.4
ATL,2023,LVA,72,93,1.0,8.0,0.0,0.0,0.0,36.0,0.336,60.7,21.2,9.8,22.8,16.7,23.6,101.1,9.4,15.9,12.5,0.887,0.47,-1.01,81.1,0.527,22.4
ATL,2023,PHO,71,91,3.0,8.0,0.0,0.0,0.0,36.0,0.336,60.7,21.2,9.8,22.8,16.7,23.6,101.1,9.4,15.9,12.5,0.887,0.47,-1.01,81.1,0.527,22.4
ATL,2023,IND,82,73,6.0,8.0,0.0,0.0,0.0,36.0,0.336,60.7,21.2,9.8,22.8,16.7,23.6,101.1,9.4,15.9,12.5,0.887,0.47,-1.01,81.1,0.527,22.4
ATL,2023,SEA,67,68,10.0,8.0,0.0,0.0,0.0,36.0,0.336,60.7,21.2,9.8,22.8,16.7,23.6,101.1,9.4,15.9,12.5,0.887,0.47,-1.01,81.1,0.527,22.4
ATL,2023,LAS,74,85,12.0,8.0,0.0,0.0,0.0,36.0,0.336,60.7,21.2,9.8,22.8,16.7,23.6,101.1,9.4,15.9,12.5,0.887,0.47,-1.01,81.1,0.527,22.4
ATL,2023,LVA,65,86,13.0,8.0,0.0,0.0,0.0,36.0,0.336,60.7,21.2,9.8,22.8,16.7,23.6,101.1,9.4,15.9,12.5,0.887,0.47,-1.01,81.1,0.527,22.4
ATL,2023,CHI,78,67,18.0,8.0,0.0,0.0,0.0,36.0,0.336,60.7,21.2,9.8,22.8,16.7,23.6,101.1,9.4,15.9,12.5,0.887,0.47,-1.01,81.1,0.527,22.4
ATL,2023,LVA,100,112,22.0,8.0,0.0,0.0,0.0,36.0,0.336,60.7,21.2,9.8,22.8,16.7,23.6,101.1,9.4,15.9,12.5,0.887,0.47,-1.01,81.1,0.527,22.4
ATL,2023,LAS,78,83,25.0,8.0,0.0,0.0,0.0,36.0,0.336,60.7,21.2,9.8,22.8,16.7,23.6,101.1,9.4,15.9,12.5,0.887,0.47,-1.01,81.1,0.527,22.4
ATL,2023,IND,80,83,27.0,8.0,0.0,0.0,0.0,36.0,0.336,60.7,21.2,9.8,22.8,16.7,23.6,101.1,9.4,15.9,12.5,0.887,0.47,-1.01,81.1,0.527,22.4
ATL,2023,PHO,94,76,29.0,8.0,0.0,0.0,0.0,36.0,0.336,60.7,21.2,9.8,22.8,16.7,23.6,101.1,9.4,15.9,12.5,0.887,0.47,-1.01,81.1,0.527,22.4
ATL,2023,MIN,85,91,1.0,9.0,0.0,0.0,0.0,36.0,0.336,60.7,21.2,9.8,22.8,16.7,23.6,101.1,9.4,15.9,12.5,0.887,0.47,-1.01,81.1,0.527,22.4
ATL,2023,SEA,79,68,6.0,9.0,0.0,0.0,0.0,36.0,0.336,60.7,21.2,9.8,22.8,16.7,23.6,101.1,9.4,15.9,12.5,0.887,0.47,-1.01,81.1,0.527,22.4
ATL,2023,WAS,80,75,8.0,9.0,0.0,0.0,0.0,36.0,0.336,60.7,21.2,9.8,22.8,16.7,23.6,101.1,9.4,15.9,12.5,0.887,0.47,-1.01,81.1,0.527,22.4
ATL,2023,DAL,77,94,10.0,9.0,0.0,0.0,0.0,36.0,0.336,60.7,21.2,9.8,22.8,16.7,23.6,101.1,9.4,15.9,12.5,0.887,0.47,-1.01,81.1,0.527,22.4
CHI,2023,MIN,77,66,19.0,5.0,1.0,0.0,0.0,38.8,0.372,59.9,15.2,10.8,25.8,17.0,21.8,103.3,9.8,16.7,13.6,0.897,0.11,-1.52,78.7,0.533,24.4
CHI,2023,PHO,75,69,21.0,5.0,1.0,0.0,0.0,38.8,0.372,59.9,15.2,10.8,25.8,17.0,21.8,103.3,9.8,16.7,13.6,0.897,0.11,-1.52,78.7,0.533,24.4
CHI,2023,WAS,69,71,26.0,5.0,1.0,0.0,0.0,38.8,0.372,59.9,15.2,10.8,25.8,17.0,21.8,103.3,9.8,16.7,13.6,0.897,0.11,-1.52,78.7,0.533,24.4
CHI,2023,DAL,94,88,28.0,5.0,0.0,1.0,0.0,38.8,0.372,59.9,15.2,10.8,25.8,17.0,21.8,103.3,9.8,16.7,13.6,0.897,0.11,-1.52,78.7,0.533,24.4
CHI,2023,ATL,65,83,30.0,5.0,0.0,1.0,0.0,38.8,0.372,59.9,15.2,10.8,25.8,17.0,21.8,103.3,9.8,16.7,13.6,0.897,0.11,-1.52,78.7,0.533,24.4
CHI,2023,NYL,76,77,2.0,6.0,0.0,1.0,0.0,38.8,0.372,59.9,15.2,10.8,25.8,17.0,21.8,103.3,9.8,16.7,13.6,0.897,0.11,-1.52,78.7,0.533,24.4
CHI,2023,NYL,86,82,4.0,6.0,0.0,1.0,0.0,38.8,0.372,59.9,15.2,10.8,25.8,17.0,21.8,103.3,9.8,16.7,13.6,0.897,0.11,-1.52,78.7,0.533,24.4
CHI,2023,IND,108,103,6.0,6.0,0.0,1.0,0.0,38.8,0.372,59.9,15.2,10.8,25.8,17.0,21.8,103.3,9.8,16.7,13.6,0.897,0.11,-1.52,78.7,0.533,24.4
CHI,2023,LAS,62,77,9.0,6.0,0.0,1.0,0.0,38.8,0.372,59.9,15.2,10.8,25.8,17.0,21.8,103.3,9.8,16.7,13.6,0.897,0.11,-1.52,78.7,0.533,24.4
CHI,2023,LVA,80,93,11.0,6.0,0.0,1.0,0.0,38.8,0.372,59.9,15.2,10.8,25.8,17.0,21.8,103.3,9.8,16.7,13.6,0.897,0.11,-1.52,78.7,0.533,24.4
CHI,2023,IND,90,92,15.0,6.0,0.0,1.0,0.0,38.8,0.372,59.9,15.2,10.8,25.8,17.0,21.8,103.3,9.8,16.7,13.6,0.897,0.11,-1.52,78.7,0.533,24.4
CHI,2023,WAS,69,77,18.0,6.0,1.0,1.0,0.0,38.8,0.372,59.9,15.2,10.8,25.8,17.0,21.8,103.3,9.8,16.7,13.6,0.897,0.11,-1.52,78.7,0.533,24.4
CHI,2023,WAS,59,80,22.0,6.0,1.0,1.0,0.0,38.8,0.372,59.9,15.2,10.8,25.8,17.0,21.8,103.3,9.8,16.7,13.6,0.897,0.11,-1.52,78.7,0.533,24.4
CHI,2023,CON,72,96,25.0,6.0,1.0,0.0,0.0,38.8,0.372,59.9,15.2,10.8,25.8,17.0,21.8,103.3,9.8,16.7,13.6,0.897,0.11,-1.52,78.7,0.533,24.4
CHI,2023,LAS,80,63,28.0,6.0,1.0,1.0,0.0,38.8,0.372,59.9,15.2,10.8,25.8,17.0,21.8,103.3,9.8,16.7,13.6,0.897,0.11,-1.52,78.7,0.533,24.4
CHI,2023,LAS,86,78,30.0,6.0,1.0,0.0,0.0,38.8,0.372,59.9,15.2,10.8,25.8,17.0,21.8,103.3,9.8,16.7,13.6,0.897,0.11,-1.52,78.7,0.533,24.4
CHI,2023,IND,89,87,2.0,7.0,1.0,0.0,0.0,38.8,0.372,59.9,15.2,10.8,25.8,17.0,21.8,103.3,9.8,16.7,13.6,0.897,0.11,-1.52,78.7,0.533,24.4
CHI,2023,ATL,68,82,7.0,7.0,1.0,1.0,0.0,38.8,0.372,59.9,15.2,10.8,25.8,17.0,21.8,103.3,9.8,16.7,13.6,0.897,0.11,-1.52,78.7,0.533,24.4
CHI,2023,ATL,77,88,9.0,7.0,1.0,0.0,0.0,38.8,0.372,59.9,15.2,10.8,25.8,17.0,21.8,103.3,9.8,16.7,13.6,0.897,0.11,-1.52,78.7,0.533,24.4
CHI,2023,CON,72,84,12.0,7.0,1.0,0.0,0.0,38.8,0.372,59.9,15.2,10.8,25.8,17.0,21.8,103.3,9.8,16.7,13.6,0.897,0.11,-1.52,78.7,0.533,24.4
CHI,2023,PHO,62,80,20.0,7.0,1.0,0.0,0.0,38.8,0.372,59.9,15.2,10.8,25.8,17.0,21.8,103.3,9.8,16.7,13.6,0.897,0.11,-1.52,78.7,0.533,24.4
CHI,2023,SEA,90,75,22.0,7.0,1.0,1.0,0.0,38.8,0.372,59.9,15.2,10.8,25.8,17.0,21.8,103.3,9.8,16.7,13.6,0.897,0.11,-1.52,78.7,0.533,24.4
CHI,2023,LVA,95,107,25.0,7.0,1.0,0.0,0.0,38.8,0.372,59.9,15.2,10.8,25.8,17.0,21.8,103.3,9.8,16.7,13.6,0.897,0.11,-1.52,78.7,0.533,24.4
CHI,2023,SEA,74,83,28.0,7.0,0.0,0.0,0.0,38.8,0.372,59.9,15.2,10.8,25.8,17.0,21.8,103.3,9.8,16.7,13.6,0.897,0.11,-1.52,78.7,0.533,24.4
CHI,2023,PHO,104,85,30.0,7.0,1.0,0.0,0.0,38.8,0.372,59.9,15.2,10.8,25.8,17.0,21.8,103.3,9.8,16.7,13.6,0.897,0.11,-1.52,78.7,0.533,24.4
CHI,2023,DAL,104,89,4.0,8.0,1.0,0.0,0.0,38.8,0.372,59.9,15.2,10.8,25.8,17.0,21.8,103.3,9.8,16.7,13.6,0.897,0.11,-1.52,78.7,0.533,24.4
CHI,2023,DAL,104,96,6.0,8.0,1.0,0.0,0.0,38.8,0.372,59.9,15.2,10.8,25.8,17.0,21.8,103.3,9.8,16.7,13.6,0.897,0.11,-1.52,78.7,0.533,24.4
CHI,2023,MIN,79,88,8.0,8.0,1.0,0.0,0.0,38.8,0.372,59.9,15.2,10.8,25.8,17.0,21.8,103.3,9.8,16.7,13.6,0.897,0.11,-1.52,78.7,0.533,24.4
CHI,2023,NYL,73,89,11.0,8.0,1.0,0.0,0.0,38.8,0.372,59.9,15.2,10.8,25.8,17.0,21.8,103.3,9.8,16.7,13.6,0.897,0.11,-1.52,78.7,0.533,24.4
CHI,2023,WAS,76,83,13.0,8.0,1.0,0.0,0.0,38.8,0.372,59.9,15.2,10.8,25.8,17.0,21.8,103.3,9.8,16.7,13.6,0.897,0.11,-1.52,78.7,0.533,24.4
CHI,2023,ATL,67,78,18.0,8.0,1.0,1.0,0.0,38.8,0.372,59.9,15.2,10.8,25.8,17.0,21.8,103.3,9.8,16.7,13.6,0.897,0.11,-1.52,78.7,0.533,24.4
CHI,2023,CON,73,79,20.0,8.0,0.0,0.0,0.0,38.8,0.372,59.9,15.2,10.8,25.8,17.0,21.8,103.3,9.8,16.7,13.6,0.897,0.11,-1.52,78.7,0.533,24.4
CHI,2023,SEA,102,79,22.0,8.0,1.0,1.0,0.0,38.8,0.372,59.9,15.2,10.8,25.8,17.0,21.8,103.3,9.8,16.7,13.6,0.897,0.11,-1.52,78.7,0.533,24.4
CHI,2023,LVA,87,94,24.0,8.0,0.0,0.0,0.0,38.8,0.372,59.9,15.2,10.8,25.8,17.0,21.8,103.3,9.8,16.7,13.6,0.897,0.11,-1.52,78.7,0.533,24.4
CHI,2023,SEA,90,85,27.0,8.0,1.0,0.0,0.0,38.8,0.372,59.9,15.2,10.8,25.8,17.0,21.8,103.3,9.8,16.7,13.6,0.897,0.11,-1.52,78.7,0.533,24.4
CHI,2023,LAS,76,75,29.0,8.0,1.0,1.0,0.0,38.8,0.372,59.9,15.2,10.8,25.8,17.0,21.8,103.3,9.8,16.7,13.6,0.897,0.11,-1.52,78.7,0.533,24.4
CHI,2023,NYL,69,86,3.0,9.0,1.0,1.0,0.0,38.8,0.372,59.9,15.2,10.8,25.8,17.0,21.8,103.3,9.8,16.7,13.6,0.897,0.11,-1.52,78.7,0.533,24.4
CHI,2023,IND,96,69,5.0,9.0,1.0,1.0,0.0,38.8,0.372,59.9,15.2,10.8,25.8,17.0,21.8,103.3,9.8,16.7,13.6,0.897,0.11,-1.52,78.7,0.533,24.4
CHI,2023,MIN,92,87,8.0,9.0,0.0,1.0,0.0,38.8,0.372,59.9,15.2,10.8,25.8,17.0,21.8,103.3,9.8,16.7,13.6,0.897,0.11,-1.52,78.7,0.533,24.4
CHI,2023,CON,102,91,10.0,9.0,1.0,1.0,0.0,38.8,0.372,59.9,15.2,10.8,25.8,17.0,21.8,103.3,9.8,16.7,13.6,0.897,0.11,-1.52,78.7,0.533,24.4
CON,2023,IND,70,61,19.0,5.0,0.0,0.0,0.0,38.4,0.36,60.9,19.4,10.3,26.3,15.8,23.5,105.4,8.4,18.9,12.2,0.895,-0.27,3.43,77.7,0.54,23.9
CON,2023,WAS,80,74,21.0,5.0,0.0,0.0,0.0,38.4,0.36,60.9,19.4,10.3,26.3,15.8,23.5,105.4,8.4,18.9,12.2,0.895,-0.27,3.43,77.7,0.54,23.9
CON,2023,WAS,88,81,23.0,5.0,0.0,0.0,0.0,38.4,0.36,60.9,19.4,10.3,26.3,15.8,23.5,105.4,8.4,18.9,12.2,0.895,-0.27,3.43,77.7,0.54,23.9
CON,2023,NYL,65,81,27.0,5.0,0.0,0.0,0.0,38.4,0.36,60.9,19.4,10.3,26.3,15.8,23.5,105.4,8.4,18.9,12.2,0.895,-0.27,3.43,77.7,0.54,23.9
CON,2023,IND,81,78,30.0,5.0,0.0,0.0,0.0,38.4,0.36,60.9,19.4,10.3,26.3,15.8,23.5,105.4,8.4,18.9,12.2,0.895,-0.27,3.43,77.7,0.54,23.9
CON,2023,MIN,89,84,1.0,6.0,0.0,0.0,0.0,38.4,0.36,60.9,19.4,10.3,26.3,15.8,23.5,105.4,8.4,18.9,12.2,0.895,-0.27,3.43,77.7,0.54,23.9
CON,2023,DAL,80,74,4.0,6.0,0.0,0.0,0.0,38.4,0.36,60.9,19.4,10.3,26.3,15.8,23.5,105.4,8.4,18.9,12.2,0.895,-0.27,3.43,77.7,0.54,23.9
CON,2023,LVA,84,90,6.0,6.0,0.0,0.0,0.0,38.4,0.36,60.9,19.4,10.3,26.3,15.8,23.5,105.4,8.4,18.9,12.2,0.895,-0.27,3.43,77.7,0.54,23.9
CON,2023,LVA,94,77,8.0,6.0,0.0,0.0,0.0,38.4,0.36,60.9,19.4,10.3,26.3,15.8,23.5,105.4,8.4,18.9,12.2,0.895,-0.27,3.43,77.7,0.54,23.9
CON,2023,ATL,89,77,11.0,6.0,0.0,0.0,0.0,38.4,0.36,60.9,19.4,10.3,26.3,15.8,23.5,105.4,8.4,18.9,12.2,0.895,-0.27,3.43,77.7,0.54,23.9
CON,2023,ATL,88,92,15.0,6.0,0.0,0.0,0.0,38.4,0.36,60.9,19.4,10.3,26.3,15.8,23.5,105.4,8.4,18.9,12.2,0.895,-0.27,3.43,77.7,0.54,23.9
CON,2023,LAS,83,74,18.0,6.0,0.0,0.0,0.0,38.4,0.36,60.9,19.4,10.3,26.3,15.8,23.5,105.4,8.4,18.9,12.2,0.895,-0.27,3.43,77.7,0.54,23.9
CON,2023,SEA,85,79,20.0,6.0,0.0,0.0,0.0,38.4,0.36,60.9,19.4,10.3,26.3,15.8,23.5,105.4,8.4,18.9,12.2,0.895,-0.27,3.43,77.7,0.54,23.9
CON,2023,MIN,89,68,22.0,6.0,0.0,0.0,0.0,38.4,0.36,60.9,19.4,10.3,26.3,15.8,23.5,105.4,8.4,18.9,12.2,0.895,-0.27,3.43,77.7,0.54,23.9
CON,2023,CHI,96,72,25.0,6.0,0.0,0.0,0.0,38.4,0.36,60.9,19.4,10.3,26.3,15.8,23.5,105.4,8.4,18.9,12.2,0.895,-0.27,3.43,77.7,0.54,23.9
CON,2023,NYL,81,89,27.0,6.0,0.0,0.0,0.0,38.4,0.36,60.9,19.4,10.3,26.3,15.8,23.5,105.4,8.4,18.9,12.2,0.895,-0.27,3.43,77.7,0.54,23.9
CON,2023,LVA,84,102,1.0,7.0,0.0,0.0,0.0,38.4,0.36,60.9,19.4,10.3,26.3,15.8,23.5,105.4,8.4,18.9,12.2,0.895,-0.27,3.43,77.7,0.54,23.9
CON,2023,SEA,93,73,6.0,7.0,0.0,0.0,0.0,38.4,0.36,60.9,19.4,10.3,26.3,15.8,23.5,105.4,8.4,18.9,12.2,0.895,-0.27,3.43,77.7,0.54,23.9
CON,2023,WAS,92,84,9.0,7.0,0.0,0.0,0.0,38.4,0.36,60.9,19.4,10.3,26.3,15.8,23.5,105.4,8.4,18.9,12.2,0.895,-0.27,3.43,77.7,0.54,23.9
CON,2023,CHI,84,72,12.0,7.0,0.0,0.0,0.0,38.4,0.36,60.9,19.4,10.3,26.3,15.8,23.5,105.4,8.4,18.9,12.2,0.895,-0.27,3.43,77.7,0.54,23.9
CON,2023,PHO,66,72,18.0,7.0,0.0,0.0,0.0,38.4,0.36,60.9,19.4,10.3,26.3,15.8,23.5,105.4,8.4,18.9,12.2,0.895,-0.27,3.43,77.7,0.54,23.9
CON,2023,ATL,82,71,20.0,7.0,0.0,0.0,0.0,38.4,0.36,60.9,19.4,10.3,26.3,15.8,23.5,105.4,8.4,18.9,12.2,0.895,-0.27,3.43,77.7,0.54,23.9
CON,2023,ATL,86,78,22.0,7.0,0.0,0.0,0.0,38.4,0.36,60.9,19.4,10.3,26.3,15.8,23.5,105.4,8.4,18.9,12.2,0.895,-0.27,3.43,77.7,0.54,23.9
CON,2023,DAL,88,83,25.0,7.0,0.0,0.0,0.0,38.4,0.36,60.9,19.4,10.3,26.3,15.8,23.5,105.4,8.4,18.9,12.2,0.895,-0.27,3.43,77.7,0.54,23.9
CON,2023,MIN,83,87,30.0,7.0,0.0,0.0,0.0,38.4,0.36,60.9,19.4,10.3,26.3,15.8,23.5,105.4,8.4,18.9,12.2,0.895,-0.27,3.43,77.7,0.54,23.9
CON,2023,MIN,79,69,1.0,8.0,0.0,0.0,0.0,38.4,0.36,60.9,19.4,10.3,26.3,15.8,23.5,105.4,8.4,18.9,12.2,0.895,-0.27,3.43,77.7,0.54,23.9
CON,2023,IND,88,72,4.0,8.0,0.0,0.0,0.0,38.4,0.36,60.9,19.4,10.3,26.3,15.8,23.5,105.4,8.4,18.9,12.2,0.895,-0.27,3.43,77.7,0.54,23.9
CON,2023,SEA,81,69,8.0,8.0,0.0,0.0,0.0,38.4,0.36,60.9,19.4,10.3,26.3,15.8,23.5,105.4,8.4,18.9,12.2,0.895,-0.27,3.43,77.7,0.54,23.9
CON,2023,PHO,84,90,10.0,8.0,0.0,0.0,0.0,38.4,0.36,60.9,19.4,10.3,26.3,15.8,23.5,105.4,8.4,18.9,12.2,0.895,-0.27,3.43,77.7,0.54,23.9
CON,2023,DAL,81,91,12.0,8.0,0.0,0.0,0.0,38.4,0.36,60.9,19.4,10.3,26.3,15.8,23.5,105.4,8.4,18.9,12.2,0.895,-0.27,3.43,77.7,0.54,23.9
CON,2023,DAL,75,95,18.0,8.0,0.0,0.0,0.0,38.4,0.36,60.9,19.4,10.3,26.3,15.8,23.5,105.4,8.4,18.9,12.2,0.895,-0.27,3.43,77.7,0.54,23.9
CON,2023,CHI,79,73,20.0,8.0,0.0,0.0,0.0,38.4,0.36,60.9,19.4,10.3,26.3,15.8,23.5,105.4,8.4,18.9,12.2,0.895,-0.27,3.43,77.7,0.54,23.9
CON,2023,WAS,68,64,22.0,8.0,0.0,0.0,0.0,38.4,0.36,60.9,19.4,10.3,26.3,15.8,23.5,105.4,8.4,18.9,12.2,0.895,-0.27,3.43,77.7,0.54,23.9
CON,2023,NYL,90,95,24.0,8.0,0.0,0.0,0.0,38.4,0.36,60.9,19.4,10.3,26.3,15.8,23.5,105.4,8.4,18.9,12.2,0.895,-0.27,3.43,77.7,0.54,23.9
CON,2023,LAS,83,68,27.0,8.0,0.0,0.0,0.0,38.4,0.36,60.9,19.4,10.3,26.3,15.8,23.5,105.4,8.4,18.9,12.2,0.895,-0.27,3.43,77.7,0.54,23.9
CON,2023,PHO,84,74,31.0,8.0,0.0,0.0,0.0,38.4,0.36,60.9,19.4,10.3,26.3,15.8,23.5,105.4,8.4,18.9,12.2,0.895,-0.27,3.43,77.7,0.54,23.9
CON,2023,NYL,58,89,1.0,9.0,0.0,0.0,0.0,38.4,0.36,60.9,19.4,10.3,26.3,15.8,23.5,105.4,8.4,18.9,12.2,0.895,-0.27,3.43,77.7,0.54,23.9
CON,2023,LAS,90,76,5.0,9.0,0.0,0.0,0.0,38.4,0.36,60.9,19.4,10.3,26.3,15.8,23.5,105.4,8.4,18.9,12.2,0.895,-0.27,3.43,77.7,0.54,23.9
CON,2023,IND,76,59,8.0,9.0,0.0,0.0,0.0,38.4,0.36,60.9,19.4,10.3,26.3,15.8,23.5,105.4,8.4,18.9,12.2,0.895,-0.27,3.43,77.7,0.54,23.9
CON,2023,CHI,91,102,10.0,9.0,0.0,0.0,0.0,38.4,0.36,60.9,19.4,10.3,26.3,15.8,23.5,105.4,8.4,18.9,12.2,0.895,-0.27,3.43,77.7,0.54,23.9
DAL,2023,ATL,85,78,20.0,5.0,0.0,0.0,0.0,40.3,0.317,64.6,20.4,14.7,25.3,16.3,23.5,109.5,7.4,16.9,12.4,0.789,-0.31,2.64,80.0,0.535,32.8
DAL,2023,SEA,95,91,26.0,5.0,0.0,0.0,0.0,40.3,0.317,64.6,20.4,14.7,25.3,16.3,23.5,109.5,7.4,16.9,12.4,0.789,-0.31,2.64,80.0,0.535,32.8
DAL,2023,CHI,88,94,28.0,5.0,0.0,0.0,0.0,40.3,0.317,64.6,20.4,14.7,25.3,16.3,23.5,109.5,7.4,16.9,12.4,0.789,-0.31,2.64,80.0,0.535,32.8
DAL,2023,MIN,94,89,30.0,5.0,0.0,0.0,0.0,40.3,0.317,64.6,20.4,14.7,25.3,16.3,23.5,109.5,7.4,16.9,12.4,0.789,-0.31,2.64,80.0,0.535,32.8
DAL,2023,WAS,74,75,2.0,6.0,0.0,0.0,0.0,40.3,0.317,64.6,20.4,14.7,25.3,16.3,23.5,109.5,7.4,16.9,12.4,0.789,-0.31,2.64,80.0,0.535,32.8
DAL,2023,CON,74,80,4.0,6.0,0.0,0.0,0.0,40.3,0.317,64.6,20.4,14.7,25.3,16.3,23.5,109.5,7.4,16.9,12.4,0.789,-0.31,2.64,80.0,0.535,32.8
DAL,2023,PHO,84,79,7.0,6.0,0.0,0.0,0.0,40.3,0.317,64.6,20.4,14.7,25.3,16.3,23.5,109.5,7.4,16.9,12.4,0.789,-0.31,2.64,80.0,0.535,32.8
DAL,2023,PHO,90,77,9.0,6.0,0.0,0.0,0.0,40.3,0.317,64.6,20.4,14.7,25.3,16.3,23.5,109.5,7.4,16.9,12.4,0.789,-0.31,2.64,80.0,0.535,32.8
DAL,2023,NYL,93,102,11.0,6.0,0.0,0.0,0.0,40.3,0.317,64.6,20.4,14.7,25.3,16.3,23.5,109.5,7.4,16.9,12.4,0.789,-0.31,2.64,80.0,0.535,32.8
DAL,2023,LAS,61,79,14.0,6.0,0.0,0.0,0.0,40.3,0.317,64.6,20.4,14.7,25.3,16.3,23.5,109.5,7.4,16.9,12.4,0.789,-0.31,2.64,80.0,0.535,32.8
DAL,2023,SEA,103,109,17.0,6.0,0.0,0.0,0.0,40.3,0.317,64.6,20.4,14.7,25.3,16.3,23.5,109.5,7.4,16.9,12.4,0.789,-0.31,2.64,80.0,0.535,32.8
DAL,2023,ATL,85,73,20.0,6.0,0.0,0.0,0.0,40.3,0.317,64.6,20.4,14.7,25.3,16.3,23.5,109.5,7.4,16.9,12.4,0.789,-0.31,2.64,80.0,0.535,32.8
DAL,2023,LAS,74,76,23.0,6.0,0.0,0.0,0.0,40.3,0.317,64.6,20.4,14.7,25.3,16.3,23.5,109.5,7.4,16.9,12.4,0.789,-0.31,2.64,80.0,0.535,32.8
DAL,2023,LAS,83,93,25.0,6.0,0.0,0.0,0.0,40.3,0.317,64.6,20.4,14.7,25.3,16.3,23.5,109.5,7.4,16.9,12.4,0.789,-0.31,2.64,80.0,0.535,32.8
DAL,2023,PHO,77,62,27.0,6.0,0.0,0.0,0.0,40.3,0.317,64.6,20.4,14.7,25.3,16.3,23.5,109.5,7.4,16.9,12.4,0.789,-0.31,2.64,80.0,0.535,32.8
DAL,2023,WAS,89,72,2.0,7.0,0.0,0.0,0.0,40.3,0.317,64.6,20.4,14.7,25.3,16.3,23.5,109.5,7.4,16.9,12.4,0.789,-0.31,2.64,80.0,0.535,32.8
DAL,2023,LVA,82,89,5.0,7.0,0.0,0.0,0.0,40.3,0.317,64.6,20.4,14.7,25.3,16.3,23.5,109.5,7.4,16.9,12.4,0.789,-0.31,2.64,80.0,0.535,32.8
DAL,2023,LVA,80,78,7.0,7.0,0.0,0.0,0.0,40.3,0.317,64.6,20.4,14.7,25.3,16.3,23.5,109.5,7.4,16.9,12.4,0.789,-0.31,2.64,80.0,0.535,32.8
DAL,2023,IND,77,76,9.0,7.0,0.0,0.0,0.0,40.3,0.317,64.6,20.4,14.7,25.3,16.3,23.5,109.5,7.4,16.9,12.4,0.789,-0.31,2.64,80.0,0.535,32.8
DAL,2023,MIN,107,67,12.0,7.0,0.0,0.0,0.0,40.3,0.317,64.6,20.4,14.7,25.3,16.3,23.5,109.5,7.4,16.9,12.4,0.789,-0.31,2.64,80.0,0.535,32.8
DAL,2023,NYL,98,88,19.0,7.0,0.0,0.0,0.0,40.3,0.317,64.6,20.4,14.7,25.3,16.3,23.5,109.5,7.4,16.9,12.4,0.789,-0.31,2.64,80.0,0.535,32.8
DAL,2023,LAS,98,84,22.0,7.0,0.0,0.0,0.0,40.3,0.317,64.6,20.4,14.7,25.3,16.3,23.5,109.5,7.4,16.9,12.4,0.789,-0.31,2.64,80.0,0.535,32.8
DAL,2023,CON,83,88,25.0,7.0,0.0,0.0,0.0,40.3,0.317,64.6,20.4,14.7,25.3,16.3,23.5,109.5,7.4,16.9,12.4,0.789,-0.31,2.64,80.0,0.535,32.8
DAL,2023,WAS,90,62,28.0,7.0,0.0,0.0,0.0,40.3,0.317,64.6,20.4,14.7,25.3,16.3,23.5,109.5,7.4,16.9,12.4,0.789,-0.31,2.64,80.0,0.535,32.8
DAL,2023,LVA,91,104,30.0,7.0,0.0,0.0,0.0,40.3,0.317,64.6,20.4,14.7,25.3,16.3,23.5,109.5,7.4,16.9,12.4,0.789,-0.31,2.64,80.0,0.535,32.8
DAL,2023,SEA,76,65,2.0,8.0,0.0,0.0,0.0,40.3,0.317,64.6,20.4,14.7,25.3,16.3,23.5,109.5,7.4,16.9,12.4,0.789,-0.31,2.64,80.0,0.535,32.8
DAL,2023,CHI,89,104,4.0,8.0,0.0,0.0,0.0,40.3,0.317,64.6,20.4,14.7,25.3,16.3,23.5,109.5,7.4,16.9,12.4,0.789,-0.31,2.64,80.0,0.535,32.8
DAL,2023,CHI,96,104,6.0,8.0,0.0,0.0,0.0,40.3,0.317,64.6,20.4,14.7,25.3,16.3,23.5,109.5,7.4,16.9,12.4,0.789,-0.31,2.64,80.0,0.535,32.8
DAL,2023,LVA,84,104,8.0,8.0,0.0,0.0,0.0,40.3,0.317,64.6,20.4,14.7,25.3,16.3,23.5,109.5,7.4,16.9,12.4,0.789,-0.31,2.64,80.0,0.535,32.8
DAL,2023,CON,91,81,12.0,8.0,0.0,0.0,0.0,40.3,0.317,64.6,20.4,14.7,25.3,16.3,23.5,109.5,7.4,16.9,12.4,0.789,-0.31,2.64,80.0,0.535,32.8
DAL,2023,CON,95,75,18.0,8.0,0.0,0.0,0.0,40.3,0.317,64.6,20.4,14.7,25.3,16.3,23.5,109.5,7.4,16.9,12.4,0.789,-0.31,2.64,80.0,0.535,32.8
DAL,2023,WAS,97,84,20.0,8.0,0.0,0.0,0.0,40.3,0.317,64.6,20.4,14.7,25.3,16.3,23.5,109.5,7.4,16.9,12.4,0.789,-0.31,2.64,80.0,0.535,32.8
DAL,2023,MIN,86,91,22.0,8.0,0.0,0.0,0.0,40.3,0.317,64.6,20.4,14.7,25.3,16.3,23.5,109.5,7.4,16.9,12.4,0.789,-0.31,2.64,80.0,0.535,32.8
DAL,2023,MIN,81,90,24.0,8.0,0.0,0.0,0.0,40.3,0.317,64.6,20.4,14.7,25.3,16.3,23.5,109.5,7.4,16.9,12.4,0.789,-0.31,2.64,80.0,0.535,32.8
DAL,2023,PHO,77,74,27.0,8.0,0.0,0.0,0.0,40.3,0.317,64.6,20.4,14.7,25.3,16.3,23.5,109.5,7.4,16.9,12.4,0.789,-0.31,2.64,80.0,0.535,32.8
DAL,2023,IND,110,100,1.0,9.0,0.0,0.0,0.0,40.3,0.317,64.6,20.4,14.7,25.3,16.3,23.5,109.5,7.4,16.9,12.4,0.789,-0.31,2.64,80.0,0.535,32.8
DAL,2023,IND,84,97,3.0,9.0,0.0,0.0,0.0,40.3,0.317,64.6,20.4,14.7,25.3,16.3,23.5,109.5,7.4,16.9,12.4,0.789,-0.31,2.64,80.0,0.535,32.8
DAL,2023,NYL,93,94,5.0,9.0,0.0,0.0,0.0,40.3,0.317,64.6,20.4,14.7,25.3,16.3,23.5,109.5,7.4,16.9,12.4,0.789,-0.31,2.64,80.0,0.535,32.8
DAL,2023,SEA,106,91,8.0,9.0,0.0,0.0,0.0,40.3,0.317,64.6,20.4,14.7,25.3,16.3,23.5,109.5,7.4,16.9,12.4,0.789,-0.31,2.64,80.0,0.535,32.8
DAL,2023,ATL,94,77,10.0,9.0,0.0,0.0,0.0,40.3,0.317,64.6,20.4,14.7,25.3,16.3,23.5,109.5,7.4,16.9,12.4,0.789,-0.31,2.64,80.0,0.535,32.8
IND,2023,CON,61,70,19.0,5.0,1.0,1.0,1.0,38.4,0.34,61.6,17.7,11.3,22.9,17.9,25.0,103.0,8.5,15.7,12.8,0.848,0.2,-3.85,77.9,0.532,26.4
IND,2023,NYL,73,90,21.0,5.0,1.0,1.0,1.0,38.4,0.34,61.6,17.7,11.3,22.9,17.9,25.0,103.0,8.5,15.7,12.8,0.848,0.2,-3.85,77.9,0.532,26.4
IND,2023,ATL,90,87,28.0,5.0,0.0,1.0,1.0,38.4,0.34,61.6,17.7,11.3,22.9,17.9,25.0,103.0,8.5,15.7,12.8,0.848,0.2,-3.85,77.9,0.532,26.4
IND,2023,CON,78,81,30.0,5.0,0.0,1.0,1.0,38.4,0.34,61.6,17.7,11.3,22.9,17.9,25.0,103.0,8.5,15.7,12.8,0.848,0.2,-3.85,77.9,0.532,26.4
IND,2023,LVA,80,84,4.0,6.0,0.0,1.0,1.0,38.4,0.34,61.6,17.7,11.3,22.9,17.9,25.0,103.0,8.5,15.7,12.8,0.848,0.2,-3.85,77.9,0.532,26.4
IND,2023,CHI,103,108,6.0,6.0,0.0,1.0,1.0,38.4,0.34,61.6,17.7,11.3,22.9,17.9,25.0,103.0,8.5,15.7,12.8,0.848,0.2,-3.85,77.9,0.532,26.4
IND,2023,MIN,71,69,9.0,6.0,0.0,1.0,1.0,38.4,0.34,61.6,17.7,11.3,22.9,17.9,25.0,103.0,8.5,15.7,12.8,0.848,0.2,-3.85,77.9,0.532,26.4
IND,2023,PHO,82,85,11.0,6.0,0.0,1.0,1.0,38.4,0.34,61.6,17.7,11.3,22.9,17.9,25.0,103.0,8.5,15.7,12.8,0.848,0.2,-3.85,77.9,0.532,26.4
IND,2023,WAS,87,66,13.0,6.0,0.0,1.0,1.0,38.4,0.34,61.6,17.7,11.3,22.9,17.9,25.0,103.0,8.5,15.7,12.8,0.848,0.2,-3.85,77.9,0.532,26.4
IND,2023,CHI,92,90,15.0,6.0,0.0,1.0,1.0,38.4,0.34,61.6,17.7,11.3,22.9,17.9,25.0,103.0,8.5,15.7,12.8,0.848,0.2,-3.85,77.9,0.532,26.4
IND,2023,ATL,94,100,18.0,6.0,0.0,1.0,1.0,38.4,0.34,61.6,17.7,11.3,22.9,17.9,25.0,103.0,8.5,15.7,12.8,0.848,0.2,-3.85,77.9,0.532,26.4
IND,2023,SEA,80,68,22.0,6.0,1.0,1.0,1.0,38.4,0.34,61.6,17.7,11.3,22.9,17.9,25.0,103.0,8.5,15.7,12.8,0.848,0.2,-3.85,77.9,0.532,26.4
IND,2023,LVA,88,101,24.0,6.0,1.0,1.0,1.0,38.4,0.34,61.6,17.7,11.3,22.9,17.9,25.0,103.0,8.5,15.7,12.8,0.848,0.2,-3.85,77.9,0.532,26.4
IND,2023,LVA,80,88,26.0,6.0,0.0,1.0,1.0,38.4,0.34,61.6,17.7,11.3,22.9,17.9,25.0,103.0,8.5,15.7,12.8,0.848,0.2,-3.85,77.9,0.532,26.4
IND,2023,PHO,63,85,29.0,6.0,1.0,1.0,1.0,38.4,0.34,61.6,17.7,11.3,22.9,17.9,25.0,103.0,8.5,15.7,12.8,0.848,0.2,-3.85,77.9,0.532,26.4
IND,2023,CHI,87,89,2.0,7.0,0.0,1.0,1.0,38.4,0.34,61.6,17.7,11.3,22.9,17.9,25.0,103.0,8.5,15.7,12.8,0.848,0.2,-3.85,77.9,0.532,26.4
IND,2023,MIN,83,90,5.0,7.0,0.0,1.0,1.0,38.4,0.34,61.6,17.7,11.3,22.9,17.9,25.0,103.0,8.5,15.7,12.8,0.848,0.2,-3.85,77.9,0.532,26.4
IND,2023,WAS,88,96,7.0,7.0,0.0,1.0,1.0,38.4,0.34,61.6,17.7,11.3,22.9,17.9,25.0,103.0,8.5,15.7,12.8,0.848,0.2,-3.85,77.9,0.532,26.4
IND,2023,DAL,76,77,9.0,7.0,0.0,1.0,1.0,38.4,0.34,61.6,17.7,11.3,22.9,17.9,25.0,103.0,8.5,15.7,12.8,0.848,0.2,-3.85,77.9,0.532,26.4
IND,2023,NYL,87,95,12.0,7.0,1.0,0.0,0.0,38.4,0.34,61.6,17.7,11.3,22.9,17.9,25.0,103.0,8.5,15.7,12.8,0.848,0.2,-3.85,77.9,0.532,26.4
IND,2023,WAS,82,76,19.0,7.0,0.0,0.0,0.0,38.4,0.34,61.6,17.7,11.3,22.9,17.9,25.0,103.0,8.5,15.7,12.8,0.848,0.2,-3.85,77.9,0.532,26.4
IND,2023,NYL,83,101,23.0,7.0,1.0,1.0,0.0,38.4,0.34,61.6,17.7,11.3,22.9,17.9,25.0,103.0,8.5,15.7,12.8,0.848,0.2,-3.85,77.9,0.532,26.4
IND,2023,LAS,78,79,25.0,7.0,0.0,1.0,0.0,38.4,0.34,61.6,17.7,11.3,22.9,17.9,25.0,103.0,8.5,15.7,12.8,0.848,0.2,-3.85,77.9,0.532,26.4
IND,2023,LAS,68,81,27.0,7.0,0.0,1.0,0.0,38.4,0.34,61.6,17.7,11.3,22.9,17.9,25.0,103.0,8.5,15.7,12.8,0.848,0.2,-3.85,77.9,0.532,26.4
IND,2023,SEA,62,85,30.0,7.0,1.0,1.0,0.0,38.4,0.34,61.6,17.7,11.3,22.9,17.9,25.0,103.0,8.5,15.7,12.8,0.848,0.2,-3.85,77.9,0.532,26.4
IND,2023,PHO,72,71,1.0,8.0,1.0,1.0,0.0,38.4,0.34,61.6,17.7,11.3,22.9,17.9,25.0,103.0,8.5,15.7,12.8,0.848,0.2,-3.85,77.9,0.532,26.4
IND,2023,CON,72,88,4.0,8.0,1.0,1.0,0.0,38.4,0.34,61.6,17.7,11.3,22.9,17.9,25.0,103.0,8.5,15.7,12.8,0.848,0.2,-3.85,77.9,0.532,26.4
IND,2023,ATL,73,82,6.0,8.0,1.0,1.0,0.0,38.4,0.34,61.6,17.7,11.3,22.9,17.9,25.0,103.0,8.5,15.7,12.8,0.848,0.2,-3.85,77.9,0.532,26.4
IND,2023,LAS,80,87,8.0,8.0,0.0,1.0,1.0,38.4,0.34,61.6,17.7,11.3,22.9,17.9,25.0,103.0,8.5,15.7,12.8,0.848,0.2,-3.85,77.9,0.532,26.4
IND,2023,MIN,91,73,10.0,8.0,0.0,1.0,1.0,38.4,0.34,61.6,17.7,11.3,22.9,17.9,25.0,103.0,8.5,15.7,12.8,0.848,0.2,-3.85,77.9,0.532,26.4
IND,2023,NYL,89,100,13.0,8.0,0.0,1.0,1.0,38.4,0.34,61.6,17.7,11.3,22.9,17.9,25.0,103.0,8.5,15.7,12.8,0.848,0.2,-3.85,77.9,0.532,26.4
IND,2023,WAS,79,83,18.0,8.0,0.0,1.0,1.0,38.4,0.34,61.6,17.7,11.3,22.9,17.9,25.0,103.0,8.5,15.7,12.8,0.848,0.2,-3.85,77.9,0.532,26.4
IND,2023,PHO,83,73,20.0,8.0,1.0,0.0,1.0,38.4,0.34,61.6,17.7,11.3,22.9,17.9,25.0,103.0,8.5,15.7,12.8,0.848,0.2,-3.85,77.9,0.532,26.4
IND,2023,SEA,90,86,24.0,8.0,0.0,0.0,1.0,38.4,0.34,61.6,17.7,11.3,22.9,17.9,25.0,103.0,8.5,15.7,12.8,0.848,0.2,-3.85,77.9,0.532,26.4
IND,2023,ATL,83,80,27.0,8.0,1.0,0.0,1.0,38.4,0.34,61.6,17.7,11.3,22.9,17.9,25.0,103.0,8.5,15.7,12.8,0.848,0.2,-3.85,77.9,0.532,26.4
IND,2023,DAL,100,110,1.0,9.0,0.0,0.0,1.0,38.4,0.34,61.6,17.7,11.3,22.9,17.9,25.0,103.0,8.5,15.7,12.8,0.848,0.2,-3.85,77.9,0.532,26.4
IND,2023,DAL,97,84,3.0,9.0,0.0,0.0,1.0,38.4,0.34,61.6,17.7,11.3,22.9,17.9,25.0,103.0,8.5,15.7,12.8,0.848,0.2,-3.85,77.9,0.532,26.4
IND,2023,CHI,69,96,5.0,9.0,1.0,0.0,1.0,38.4,0.34,61.6,17.7,11.3,22.9,17.9,25.0,103.0,8.5,15.7,12.8,0.848,0.2,-3.85,77.9,0.532,26.4
IND,2023,CON,59,76,8.0,9.0,1.0,0.0,1.0,38.4,0.34,61.6,17.7,11.3,22.9,17.9,25.0,103.0,8.5,15.7,12.8,0.848,0.2,-3.85,77.9,0.532,26.4
IND,2023,MIN,87,72,10.0,9.0,0.0,0.0,1.0,38.4,0.34,61.6,17.7,11.3,22.9,17.9,25.0,103.0,8.5,15.7,12.8,0.848,0.2,-3.85,77.9,0.532,26.4
LAS,2023,PHO,94,71,19.0,5.0,0.0,0.0,0.0,36.0,0.333,60.0,19.8,8.4,24.1,15.9,21.4,100.1,9.8,18.7,12.3,0.892,-0.02,-1.65,78.6,0.525,19.3
LAS,2023,LVA,85,94,25.0,5.0,0.0,0.0,0.0,36.0,0.333,60.0,19.8,8.4,24.1,15.9,21.4,100.1,9.8,18.7,12.3,0.892,-0.02,-1.65,78.6,0.525,19.3
LAS,2023,LVA,65,93,27.0,5.0,0.0,0.0,0.0,36.0,0.333,60.0,19.8,8.4,24.1,15.9,21.4,100.1,9.8,18.7,12.3,0.892,-0.02,-1.65,78.6,0.525,19.3
LAS,2023,PHO,99,93,2.0,6.0,0.0,0.0,0.0,36.0,0.333,60.0,19.8,8.4,24.1,15.9,21.4,100.1,9.8,18.7,12.3,0.892,-0.02,-1.65,78.6,0.525,19.3
LAS,2023,SEA,92,85,3.0,6.0,0.0,0.0,0.0,36.0,0.333,60.0,19.8,8.4,24.1,15.9,21.4,100.1,9.8,18.7,12.3,0.892,-0.02,-1.65,78.6,0.525,19.3
LAS,2023,SEA,63,66,6.0,6.0,0.0,0.0,0.0,36.0,0.333,60.0,19.8,8.4,24.1,15.9,21.4,100.1,9.8,18.7,12.3,0.892,-0.02,-1.65,78.6,0.525,19.3
LAS,2023,CHI,77,62,9.0,6.0,0.0,0.0,0.0,36.0,0.333,60.0,19.8,8.4,24.1,15.9,21.4,100.1,9.8,18.7,12.3,0.892,-0.02,-1.65,78.6,0.525,19.3
LAS,2023,MIN,86,91,11.0,6.0,0.0,0.0,0.0,36.0,0.333,60.0,19.8,8.4,24.1,15.9,21.4,100.1,9.8,18.7,12.3,0.892,-0.02,-1.65,78.6,0.525,19.3
LAS,2023,DAL,79,61,14.0,6.0,0.0,0.0,0.0,36.0,0.333,60.0,19.8,8.4,24.1,15.9,21.4,100.1,9.8,18.7,12.3,0.892,-0.02,-1.65,78.6,0.525,19.3
LAS,2023,MIN,72,77,16.0,6.0,0.0,0.0,0.0,36.0,0.333,60.0,19.8,8.4,24.1,15.9,21.4,100.1,9.8,18.7,12.3,0.892,-0.02,-1.65,78.6,0.525,19.3
LAS,2023,CON,74,83,18.0,6.0,0.0,0.0,0.0,36.0,0.333,60.0,19.8,8.4,24.1,15.9,21.4,100.1,9.8,18.7,12.3,0.892,-0.02,-1.65,78.6,0.525,19.3
LAS,2023,MIN,61,67,20.0,6.0,0.0,0.0,0.0,36.0,0.333,60.0,19.8,8.4,24.1,15.9,21.4,100.1,9.8,18.7,12.3,0.892,-0.02,-1.65,78.6,0.525,19.3
LAS,2023,DAL,76,74,23.0,6.0,0.0,0.0,0.0,36.0,0.333,60.0,19.8,8.4,24.1,15.9,21.4,100.1,9.8,18.7,12.3,0.892,-0.02,-1.65,78.6,0.525,19.3
LAS,2023,DAL,93,83,25.0,6.0,0.0,0.0,0.0,36.0,0.333,60.0,19.8,8.4,24.1,15.9,21.4,100.1,9.8,18.7,12.3,0.892,-0.02,-1.65,78.6,0.525,19.3
LAS,2023,CHI,63,80,28.0,6.0,0.0,0.0,0.0,36.0,0.333,60.0,19.8,8.4,24.1,15.9,21.4,100.1,9.8,18.7,12.3,0.892,-0.02,-1.65,78.6,0.525,19.3
LAS,2023,CHI,78,86,30.0,6.0,0.0,0.0,0.0,36.0,0.333,60.0,19.8,8.4,24.1,15.9,21.4,100.1,9.8,18.7,12.3,0.892,-0.02,-1.65,78.6,0.525,19.3
LAS,2023,ATL,84,112,2.0,7.0,0.0,0.0,0.0,36.0,0.333,60.0,19.8,8.4,24.1,15.9,21.4,100.1,9.8,18.7,12.3,0.892,-0.02,-1.65,78.6,0.525,19.3
LAS,2023,ATL,79,90,5.0,7.0,0.0,0.0,0.0,36.0,0.333,60.0,19.8,8.4,24.1,15.9,21.4,100.1,9.8,18.7,12.3,0.892,-0.02,-1.65,78.6,0.525,19.3
LAS,2023,PHO,72,78,9.0,7.0,0.0,0.0,0.0,36.0,0.333,60.0,19.8,8.4,24.1,15.9,21.4,100.1,9.8,18.7,12.3,0.892,-0.02,-1.65,78.6,0.525,19.3
LAS,2023,LVA,78,97,12.0,7.0,0.0,0.0,0.0,36.0,0.333,60.0,19.8,8.4,24.1,15.9,21.4,100.1,9.8,18.7,12.3,0.892,-0.02,-1.65,78.6,0.525,19.3
LAS,2023,MIN,70,73,20.0,7.0,0.0,0.0,0.0,36.0,0.333,60.0,19.8,8.4,24.1,15.9,21.4,100.1,9.8,18.7,12.3,0.892,-0.02,-1.65,78.6,0.525,19.3
LAS,2023,DAL,84,98,22.0,7.0,0.0,0.0,0.0,36.0,0.333,60.0,19.8,8.4,24.1,15.9,21.4,100.1,9.8,18.7,12.3,0.892,-0.02,-1.65,78.6,0.525,19.3
LAS,2023,IND,79,78,25.0,7.0,0.0,0.0,0.0,36.0,0.333,60.0,19.8,8.4,24.1,15.9,21.4,100.1,9.8,18.7,12.3,0.892,-0.02,-1.65,78.6,0.525,19.3
LAS,2023,IND,81,68,27.0,7.0,0.0,0.0,0.0,36.0,0.333,60.0,19.8,8.4,24.1,15.9,21.4,100.1,9.8,18.7,12.3,0.892,-0.02,-1.65,78.6,0.525,19.3
LAS,2023,NYL,79,87,30.0,7.0,0.0,0.0,0.0,36.0,0.333,60.0,19.8,8.4,24.1,15.9,21.4,100.1,9.8,18.7,12.3,0.892,-0.02,-1.65,78.6,0.525,19.3
LAS,2023,NYL,69,76,1.0,8.0,0.0,0.0,0.0,36.0,0.333,60.0,19.8,8.4,24.1,15.9,21.4,100.1,9.8,18.7,12.3,0.892,-0.02,-1.65,78.6,0.525,19.3
LAS,2023,WAS,77,79,4.0,8.0,0.0,0.0,0.0,36.0,0.333,60.0,19.8,8.4,24.1,15.9,21.4,100.1,9.8,18.7,12.3,0.892,-0.02,-1.65,78.6,0.525,19.3
LAS,2023,WAS,91,83,6.0,8.0,0.0,0.0,0.0,36.0,0.333,60.0,19.8,8.4,24.1,15.9,21.4,100.1,9.8,18.7,12.3,0.892,-0.02,-1.65,78.6,0.525,19.3
LAS,2023,IND,87,80,8.0,8.0,0.0,0.0,0.0,36.0,0.333,60.0,19.8,8.4,24.1,15.9,21.4,100.1,9.8,18.7,12.3,0.892,-0.02,-1.65,78.6,0.525,19.3
LAS,2023,ATL,85,74,12.0,8.0,0.0,0.0,0.0,36.0,0.333,60.0,19.8,8.4,24.1,15.9,21.4,100.1,9.8,18.7,12.3,0.892,-0.02,-1.65,78.6,0.525,19.3
LAS,2023,LVA,78,72,19.0,8.0,0.0,0.0,0.0,36.0,0.333,60.0,19.8,8.4,24.1,15.9,21.4,100.1,9.8,18.7,12.3,0.892,-0.02,-1.65,78.6,0.525,19.3
LAS,2023,PHO,91,62,23.0,8.0,0.0,0.0,0.0,36.0,0.333,60.0,19.8,8.4,24.1,15.9,21.4,100.1,9.8,18.7,12.3,0.892,-0.02,-1.65,78.6,0.525,19.3
LAS,2023,ATL,83,78,25.0,8.0,0.0,0.0,0.0,36.0,0.333,60.0,19.8,8.4,24.1,15.9,21.4,100.1,9.8,18.7,12.3,0.892,-0.02,-1.65,78.6,0.525,19.3
LAS,2023,CON,68,83,27.0,8.0,0.0,0.0,0.0,36.0,0.333,60.0,19.8,8.4,24.1,15.9,21.4,100.1,9.8,18.7,12.3,0.892,-0.02,-1.65,78.6,0.525,19.3
LAS,2023,CHI,75,76,29.0,8.0,0.0,0.0,0.0,36.0,0.333,60.0,19.8,8.4,24.1,15.9,21.4,100.1,9.8,18.7,12.3,0.892,-0.02,-1.65,78.6,0.525,19.3
LAS,2023,SEA,61,72,31.0,8.0,0.0,0.0,0.0,36.0,0.333,60.0,19.8,8.4,24.1,15.9,21.4,100.1,9.8,18.7,12.3,0.892,-0.02,-1.65,78.6,0.525,19.3
LAS,2023,WAS,72,64,3.0,9.0,0.0,0.0,0.0,36.0,0.333,60.0,19.8,8.4,24.1,15.9,21.4,100.1,9.8,18.7,12.3,0.892,-0.02,-1.65,78.6,0.525,19.3
LAS,2023,CON,76,90,5.0,9.0,0.0,0.0,0.0,36.0,0.333,60.0,19.8,8.4,24.1,15.9,21.4,100.1,9.8,18.7,12.3,0.892,-0.02,-1.65,78.6,0.525,19.3
LAS,2023,NYL,89,96,7.0,9.0,0.0,0.0,0.0,36.0,0.333,60.0,19.8,8.4,24.1,15.9,21.4,100.1,9.8,18.7,12.3,0.892,-0.02,-1.65,78.6,0.525,19.3
LAS,2023,SEA,91,89,10.0,9.0,0.0,0.0,0.0,36.0,0.333,60.0,19.8,8.4,24.1,15.9,21.4,100.1,9.8,18.7,12.3,0.892,-0.02,-1.65,78.6,0.525,19.3
MIN,2023,CHI,66,77,19.0,5.0,0.0,0.0,0.0,37.1,0.325,59.1,18.6,10.1,24.5,16.9,21.3,101.4,9.0,16.0,13.1,0.885,0.32,-4.51,78.6,0.53,23.1
MIN,2023,ATL,77,83,23.0,5.0,0.0,0.0,0.0,37.1,0.325,59.1,18.6,10.1,24.5,16.9,21.3,101.4,9.0,16.0,13.1,0.885,0.32,-4.51,78.6,0.53,23.1
MIN,2023,PHO,81,90,25.0,5.0,0.0,0.0,0.0,37.1,0.325,59.1,18.6,10.1,24.5,16.9,21.3,101.4,9.0,16.0,13.1,0.885,0.32,-4.51,78.6,0.53,23.1
MIN,2023,LVA,73,94,28.0,5.0,0.0,0.0,0.0,37.1,0.325,59.1,18.6,10.1,24.5,16.9,21.3,101.4,9.0,16.0,13.1,0.885,0.32,-4.51,78.6,0.53,23.1
MIN,2023,DAL,89,94,30.0,5.0,0.0,0.0,0.0,37.1,0.325,59.1,18.6,10.1,24.5,16.9,21.3,101.4,9.0,16.0,13.1,0.885,0.32,-4.51,78.6,0.53,23.1
MIN,2023,CON,84,89,1.0,6.0,0.0,0.0,0.0,37.1,0.325,59.1,18.6,10.1,24.5,16.9,21.3,101.4,9.0,16.0,13.1,0.885,0.32,-4.51,78.6,0.53,23.1
MIN,2023,WAS,80,78,3.0,6.0,0.0,0.0,0.0,37.1,0.325,59.1,18.6,10.1,24.5,16.9,21.3,101.4,9.0,16.0,13.1,0.885,0.32,-4.51,78.6,0.53,23.1
MIN,2023,IND,69,71,9.0,6.0,0.0,0.0,0.0,37.1,0.325,59.1,18.6,10.1,24.5,16.9,21.3,101.4,9.0,16.0,13.1,0.885,0.32,-4.51,78.6,0.53,23.1
MIN,2023,LAS,91,86,11.0,6.0,0.0,0.0,0.0,37.1,0.325,59.1,18.6,10.1,24.5,16.9,21.3,101.4,9.0,16.0,13.1,0.885,0.32,-4.51,78.6,0.53,23.1
MIN,2023,LAS,77,72,16.0,6.0,0.0,0.0,0.0,37.1,0.325,59.1,18.6,10.1,24.5,16.9,21.3,101.4,9.0,16.0,13.1,0.885,0.32,-4.51,78.6,0.53,23.1
MIN,2023,LVA,62,93,18.0,6.0,0.0,0.0,0.0,37.1,0.325,59.1,18.6,10.1,24.5,16.9,21.3,101.4,9.0,16.0,13.1,0.885,0.32,-4.51,78.6,0.53,23.1
MIN,2023,LAS,67,61,20.0,6.0,0.0,0.0,0.0,37.1,0.325,59.1,18.6,10.1,24.5,16.9,21.3,101.4,9.0,16.0,13.1,0.885,0.32,-4.51,78.6,0.53,23.1
MIN,2023,CON,68,89,22.0,6.0,0.0,0.0,0.0,37.1,0.325,59.1,18.6,10.1,24.5,16.9,21.3,101.4,9.0,16.0,13.1,0.885,0.32,-4.51,78.6,0.53,23.1
MIN,2023,SEA,104,93,27.0,6.0,0.0,0.0,0.0,37.1,0.325,59.1,18.6,10.1,24.5,16.9,21.3,101.4,9.0,16.0,13.1,0.885,0.32,-4.51,78.6,0.53,23.1
MIN,2023,SEA,99,97,29.0,6.0,0.0,0.0,0.0,37.1,0.325,59.1,18.6,10.1,24.5,16.9,21.3,101.4,9.0,16.0,13.1,0.885,0.32,-4.51,78.6,0.53,23.1
MIN,2023,PHO,86,76,1.0,7.0,0.0,0.0,0.0,37.1,0.325,59.1,18.6,10.1,24.5,16.9,21.3,101.4,9.0,16.0,13.1,0.885,0.32,-4.51,78.6,0.53,23.1
MIN,2023,IND,90,83,5.0,7.0,0.0,0.0,0.0,37.1,0.325,59.1,18.6,10.1,24.5,16.9,21.3,101.4,9.0,16.0,13.1,0.885,0.32,-4.51,78.6,0.53,23.1
MIN,2023,PHO,75,64,7.0,7.0,0.0,0.0,0.0,37.1,0.325,59.1,18.6,10.1,24.5,16.9,21.3,101.4,9.0,16.0,13.1,0.885,0.32,-4.51,78.6,0.53,23.1
MIN,2023,LVA,89,113,9.0,7.0,0.0,0.0,0.0,37.1,0.325,59.1,18.6,10.1,24.5,16.9,21.3,101.4,9.0,16.0,13.1,0.885,0.32,-4.51,78.6,0.53,23.1
MIN,2023,DAL,67,107,12.0,7.0,0.0,0.0,0.0,37.1,0.325,59.1,18.6,10.1,24.5,16.9,21.3,101.4,9.0,16.0,13.1,0.885,0.32,-4.51,78.6,0.53,23.1
MIN,2023,ATL,73,82,18.0,7.0,0.0,0.0,0.0,37.1,0.325,59.1,18.6,10.1,24.5,16.9,21.3,101.4,9.0,16.0,13.1,0.885,0.32,-4.51,78.6,0.53,23.1
MIN,2023,LAS,73,70,20.0,7.0,0.0,0.0,0.0,37.1,0.325,59.1,18.6,10.1,24.5,16.9,21.3,101.4,9.0,16.0,13.1,0.885,0.32,-4.51,78.6,0.53,23.1
MIN,2023,LVA,81,98,22.0,7.0,0.0,0.0,0.0,37.1,0.325,59.1,18.6,10.1,24.5,16.9,21.3,101.4,9.0,16.0,13.1,0.885,0.32,-4.51,78.6,0.53,23.1
MIN,2023,WAS,97,92,26.0,7.0,0.0,0.0,0.0,37.1,0.325,59.1,18.6,10.1,24.5,16.9,21.3,101.4,9.0,16.0,13.1,0.885,0.32,-4.51,78.6,0.53,23.1
MIN,2023,NYL,88,83,28.0,7.0,0.0,0.0,0.0,37.1,0.325,59.1,18.6,10.1,24.5,16.9,21.3,101.4,9.0,16.0,13.1,0.885,0.32,-4.51,78.6,0.53,23.1
MIN,2023,CON,87,83,30.0,7.0,0.0,0.0,0.0,37.1,0.325,59.1,18.6,10.1,24.5,16.9,21.3,101.4,9.0,16.0,13.1,0.885,0.32,-4.51,78.6,0.53,23.1
MIN,2023,CON,69,79,1.0,8.0,0.0,0.0,0.0,37.1,0.325,59.1,18.6,10.1,24.5,16.9,21.3,101.4,9.0,16.0,13.1,0.885,0.32,-4.51,78.6,0.53,23.1
MIN,2023,NYL,66,76,4.0,8.0,0.0,0.0,0.0,37.1,0.325,59.1,18.6,10.1,24.5,16.9,21.3,101.4,9.0,16.0,13.1,0.885,0.32,-4.51,78.6,0.53,23.1
MIN,2023,CHI,88,79,8.0,8.0,0.0,0.0,0.0,37.1,0.325,59.1,18.6,10.1,24.5,16.9,21.3,101.4,9.0,16.0,13.1,0.885,0.32,-4.51,78.6,0.53,23.1
MIN,2023,IND,73,91,10.0,8.0,0.0,0.0,0.0,37.1,0.325,59.1,18.6,10.1,24.5,16.9,21.3,101.4,9.0,16.0,13.1,0.885,0.32,-4.51,78.6,0.53,23.1
MIN,2023,SEA,78,70,18.0,8.0,0.0,0.0,0.0,37.1,0.325,59.1,18.6,10.1,24.5,16.9,21.3,101.4,9.0,16.0,13.1,0.885,0.32,-4.51,78.6,0.53,23.1
MIN,2023,SEA,74,88,20.0,8.0,0.0,0.0,0.0,37.1,0.325,59.1,18.6,10.1,24.5,16.9,21.3,101.4,9.0,16.0,13.1,0.885,0.32,-4.51,78.6,0.53,23.1
MIN,2023,DAL,91,86,22.0,8.0,0.0,0.0,0.0,37.1,0.325,59.1,18.6,10.1,24.5,16.9,21.3,101.4,9.0,16.0,13.1,0.885,0.32,-4.51,78.6,0.53,23.1
MIN,2023,DAL,90,81,24.0,8.0,0.0,0.0,0.0,37.1,0.325,59.1,18.6,10.1,24.5,16.9,21.3,101.4,9.0,16.0,13.1,0.885,0.32,-4.51,78.6,0.53,23.1
MIN,2023,NYL,76,111,26.0,8.0,0.0,0.0,0.0,37.1,0.325,59.1,18.6,10.1,24.5,16.9,21.3,101.4,9.0,16.0,13.1,0.885,0.32,-4.51,78.6,0.53,23.1
MIN,2023,WAS,72,83,29.0,8.0,0.0,0.0,0.0,37.1,0.325,59.1,18.6,10.1,24.5,16.9,21.3,101.4,9.0,16.0,13.1,0.885,0.32,-4.51,78.6,0.53,23.1
MIN,2023,ATL,91,85,1.0,9.0,0.0,0.0,0.0,37.1,0.325,59.1,18.6,10.1,24.5,16.9,21.3,101.4,9.0,16.0,13.1,0.885,0.32,-4.51,78.6,0.53,23.1
MIN,2023,PHO,86,73,3.0,9.0,0.0,0.0,0.0,37.1,0.325,59.1,18.6,10.1,24.5,16.9,21.3,101.4,9.0,16.0,13.1,0.885,0.32,-4.51,78.6,0.53,23.1
MIN,2023,CHI,87,92,8.0,9.0,0.0,0.0,0.0,37.1,0.325,59.1,18.6,10.1,24.5,16.9,21.3,101.4,9.0,16.0,13.1,0.885,0.32,-4.51,78.6,0.53,23.1
MIN,2023,IND,72,87,10.0,9.0,0.0,0.0,0.0,37.1,0.325,59.1,18.6,10.1,24.5,16.9,21.3,101.4,9.0,16.0,13.1,0.885,0.32,-4.51,78.6,0.53,23.1
NYL,2023,WAS,64,80,19.0,5.0,0.0,0.0,0.0,40.3,0.374,50.5,17.3,10.9,30.2,16.9,20.1,111.8,8.1,14.8,14.5,0.908,-0.53,8.14,79.0,0.577,25.8
NYL,2023,IND,90,73,21.0,5.0,0.0,0.0,0.0,40.3,0.374,50.5,17.3,10.9,30.2,16.9,20.1,111.8,8.1,14.8,14.5,0.908,-0.53,8.14,79.0,0.577,25.8
NYL,2023,CON,81,65,27.0,5.0,0.0,0.0,0.0,40.3,0.374,50.5,17.3,10.9,30.2,16.9,20.1,111.8,8.1,14.8,14.5,0.908,-0.53,8.14,79.0,0.577,25.8
NYL,2023,SEA,86,78,30.0,5.0,0.0,0.0,0.0,40.3,0.374,50.5,17.3,10.9,30.2,16.9,20.1,111.8,8.1,14.8,14.5,0.908,-0.53,8.14,79.0,0.577,25.8
NYL,2023,CHI,77,76,2.0,6.0,0.0,0.0,0.0,40.3,0.374,50.5,17.3,10.9,30.2,16.9,20.1,111.8,8.1,14.8,14.5,0.908,-0.53,8.14,79.0,0.577,25.8
NYL,2023,CHI,82,86,4.0,6.0,0.0,0.0,0.0,40.3,0.374,50.5,17.3,10.9,30.2,16.9,20.1,111.8,8.1,14.8,14.5,0.908,-0.53,8.14,79.0,0.577,25.8
NYL,2023,ATL,106,83,9.0,6.0,0.0,0.0,0.0,40.3,0.374,50.5,17.3,10.9,30.2,16.9,20.1,111.8,8.1,14.8,14.5,0.908,-0.53,8.14,79.0,0.577,25.8
NYL,2023,DAL,102,93,11.0,6.0,0.0,0.0,0.0,40.3,0.374,50.5,17.3,10.9,30.2,16.9,20.1,111.8,8.1,14.8,14.5,0.908,-0.53,8.14,79.0,0.577,25.8
NYL,2023,ATL,79,86,13.0,6.0,0.0,0.0,0.0,40.3,0.374,50.5,17.3,10.9,30.2,16.9,20.1,111.8,8.1,14.8,14.5,0.908,-0.53,8.14,79.0,0.577,25.8
NYL,2023,PHO,89,71,18.0,6.0,0.0,0.0,0.0,40.3,0.374,50.5,17.3,10.9,30.2,16.9,20.1,111.8,8.1,14.8,14.5,0.908,-0.53,8.14,79.0,0.577,25.8
NYL,2023,ATL,110,80,23.0,6.0,0.0,0.0,0.0,40.3,0.374,50.5,17.3,10.9,30.2,16.9,20.1,111.8,8.1,14.8,14.5,0.908,-0.53,8.14,79.0,0.577,25.8
NYL,2023,WAS,89,88,25.0,6.0,0.0,0.0,0.0,40.3,0.374,50.5,17.3,10.9,30.2,16.9,20.1,111.8,8.1,14.8,14.5,0.908,-0.53,8.14,79.0,0.577,25.8
NYL,2023,CON,89,81,27.0,6.0,0.0,0.0,0.0,40.3,0.374,50.5,17.3,10.9,30.2,16.9,20.1,111.8,8.1,14.8,14.5,0.908,-0.53,8.14,79.0,0.577,25.8
NYL,2023,LVA,81,98,29.0,6.0,0.0,0.0,0.0,40.3,0.374,50.5,17.3,10.9,30.2,16.9,20.1,111.8,8.1,14.8,14.5,0.908,-0.53,8.14,79.0,0.577,25.8
NYL,2023,SEA,81,66,2.0,7.0,0.0,0.0,0.0,40.3,0.374,50.5,17.3,10.9,30.2,16.9,20.1,111.8,8.1,14.8,14.5,0.908,-0.53,8.14,79.0,0.577,25.8
NYL,2023,PHO,99,95,5.0,7.0,0.0,0.0,0.0,40.3,0.374,50.5,17.3,10.9,30.2,16.9,20.1,111.8,8.1,14.8,14.5,0.908,-0.53,8.14,79.0,0.577,25.8
NYL,2023,SEA,80,76,8.0,7.0,0.0,0.0,0.0,40.3,0.374,50.5,17.3,10.9,30.2,16.9,20.1,111.8,8.1,14.8,14.5,0.908,-0.53,8.14,79.0,0.577,25.8
NYL,2023,IND,95,87,12.0,7.0,0.0,0.0,0.0,40.3,0.374,50.5,17.3,10.9,30.2,16.9,20.1,111.8,8.1,14.8,14.5,0.908,-0.53,8.14,79.0,0.577,25.8
NYL,2023,DAL,88,98,19.0,7.0,0.0,0.0,0.0,40.3,0.374,50.5,17.3,10.9,30.2,16.9,20.1,111.8,8.1,14.8,14.5,0.908,-0.53,8.14,79.0,0.577,25.8
NYL,2023,WAS,96,87,21.0,7.0,0.0,0.0,0.0,40.3,0.374,50.5,17.3,10.9,30.2,16.9,20.1,111.8,8.1,14.8,14.5,0.908,-0.53,8.14,79.0,0.577,25.8
NYL,2023,IND,101,83,23.0,7.0,0.0,0.0,0.0,40.3,0.374,50.5,17.3,10.9,30.2,16.9,20.1,111.8,8.1,14.8,14.5,0.908,-0.53,8.14,79.0,0.577,25.8
NYL,2023,SEA,86,82,25.0,7.0,0.0,0.0,0.0,40.3,0.374,50.5,17.3,10.9,30.2,16.9,20.1,111.8,8.1,14.8,14.5,0.908,-0.53,8.14,79.0,0.577,25.8
NYL,2023,ATL,95,84,27.0,7.0,0.0,0.0,0.0,40.3,0.374,50.5,17.3,10.9,30.2,16.9,20.1,111.8,8.1,14.8,14.5,0.908,-0.53,8.14,79.0,0.577,25.8
NYL,2023,MIN,83,88,28.0,7.0,0.0,0.0,0.0,40.3,0.374,50.5,17.3,10.9,30.2,16.9,20.1,111.8,8.1,14.8,14.5,0.908,-0.53,8.14,79.0,0.577,25.8
NYL,2023,LAS,87,79,30.0,7.0,0.0,0.0,0.0,40.3,0.374,50.5,17.3,10.9,30.2,16.9,20.1,111.8,8.1,14.8,14.5,0.908,-0.53,8.14,79.0,0.577,25.8
NYL,2023,LAS,76,69,1.0,8.0,0.0,0.0,0.0,40.3,0.374,50.5,17.3,10.9,30.2,16.9,20.1,111.8,8.1,14.8,14.5,0.908,-0.53,8.14,79.0,0.577,25.8
NYL,2023,MIN,76,66,4.0,8.0,0.0,0.0,0.0,40.3,0.374,50.5,17.3,10.9,30.2,16.9,20.1,111.8,8.1,14.8,14.5,0.908,-0.53,8.14,79.0,0.577,25.8
NYL,2023,LVA,99,61,6.0,8.0,0.0,0.0,0.0,40.3,0.374,50.5,17.3,10.9,30.2,16.9,20.1,111.8,8.1,14.8,14.5,0.908,-0.53,8.14,79.0,0.577,25.8
NYL,2023,CHI,89,73,11.0,8.0,0.0,0.0,0.0,40.3,0.374,50.5,17.3,10.9,30.2,16.9,20.1,111.8,8.1,14.8,14.5,0.908,-0.53,8.14,79.0,0.577,25.8
NYL,2023,IND,100,89,13.0,8.0,0.0,0.0,0.0,40.3,0.374,50.5,17.3,10.9,30.2,16.9,20.1,111.8,8.1,14.8,14.5,0.908,-0.53,8.14,79.0,0.577,25.8
NYL,2023,LVA,75,88,17.0,8.0,0.0,0.0,0.0,40.3,0.374,50.5,17.3,10.9,30.2,16.9,20.1,111.8,8.1,14.8,14.5,0.908,-0.53,8.14,79.0,0.577,25.8
NYL,2023,PHO,85,63,18.0,8.0,0.0,0.0,0.0,40.3,0.374,50.5,17.3,10.9,30.2,16.9,20.1,111.8,8.1,14.8,14.5,0.908,-0.53,8.14,79.0,0.577,25.8
NYL,2023,CON,95,90,24.0,8.0,0.0,0.0,0.0,40.3,0.374,50.5,17.3,10.9,30.2,16.9,20.1,111.8,8.1,14.8,14.5,0.908,-0.53,8.14,79.0,0.577,25.8
NYL,2023,MIN,111,76,26.0,8.0,0.0,0.0,0.0,40.3,0.374,50.5,17.3,10.9,30.2,16.9,20.1,111.8,8.1,14.8,14.5,0.908,-0.53,8.14,79.0,0.577,25.8
NYL,2023,LVA,94,85,28.0,8.0,0.0,0.0,0.0,40.3,0.374,50.5,17.3,10.9,30.2,16.9,20.1,111.8,8.1,14.8,14.5,0.908,-0.53,8.14,79.0,0.577,25.8
NYL,2023,CON,89,58,1.0,9.0,0.0,0.0,0.0,40.3,0.374,50.5,17.3,10.9,30.2,16.9,20.1,111.8,8.1,14.8,14.5,0.908,-0.53,8.14,79.0,0.577,25.8
NYL,2023,CHI,86,69,3.0,9.0,0.0,0.0,0.0,40.3,0.374,50.5,17.3,10.9,30.2,16.9,20.1,111.8,8.1,14.8,14.5,0.908,-0.53,8.14,79.0,0.577,25.8
NYL,2023,DAL,94,93,5.0,9.0,0.0,0.0,0.0,40.3,0.374,50.5,17.3,10.9,30.2,16.9,20.1,111.8,8.1,14.8,14.5,0.908,-0.53,8.14,79.0,0.577,25.8
NYL,2023,LAS,96,89,7.0,9.0,0.0,0.0,0.0,40.3,0.374,50.5,17.3,10.9,30.2,16.9,20.1,111.8,8.1,14.8,14.5,0.908,-0.53,8.14,79.0,0.577,25.8
NYL,2023,WAS,88,90,10.0,9.0,0.0,0.0,0.0,40.3,0.374,50.5,17.3,10.9,30.2,16.9,20.1,111.8,8.1,14.8,14.5,0.908,-0.53,8.14,79.0,0.577,25.8
PHO,2023,LAS,71,94,19.0,5.0,0.0,0.0,0.0,36.8,0.328,56.0,16.9,8.5,24.7,19.1,24.4,99.1,9.9,15.5,13.5,0.893,0.55,-7.75,77.0,0.539,20.9
PHO,2023,CHI,69,75,21.0,5.0,0.0,0.0,0.0,36.8,0.328,56.0,16.9,8.5,24.7,19.1,24.4,99.1,9.9,15.5,13.5,0.893,0.55,-7.75,77.0,0.539,20.9
PHO,2023,MIN,90,81,25.0,5.0,0.0,0.0,0.0,36.8,0.328,56.0,16.9,8.5,24.7,19.1,24.4,99.1,9.9,15.5,13.5,0.893,0.55,-7.75,77.0,0.539,20.9
PHO,2023,LAS,93,99,2.0,6.0,0.0,0.0,0.0,36.8,0.328,56.0,16.9,8.5,24.7,19.1,24.4,99.1,9.9,15.5,13.5,0.893,0.55,-7.75,77.0,0.539,20.9
PHO,2023,DAL,79,84,7.0,6.0,0.0,0.0,0.0,36.8,0.328,56.0,16.9,8.5,24.7,19.1,24.4,99.1,9.9,15.5,13.5,0.893,0.55,-7.75,77.0,0.539,20.9
PHO,2023,DAL,77,90,9.0,6.0,0.0,0.0,0.0,36.8,0.328,56.0,16.9,8.5,24.7,19.1,24.4,99.1,9.9,15.5,13.5,0.893,0.55,-7.75,77.0,0.539,20.9
PHO,2023,IND,85,82,11.0,6.0,0.0,0.0,0.0,36.8,0.328,56.0,16.9,8.5,24.7,19.1,24.4,99.1,9.9,15.5,13.5,0.893,0.55,-7.75,77.0,0.539,20.9
PHO,2023,SEA,69,83,13.0,6.0,0.0,0.0,0.0,36.8,0.328,56.0,16.9,8.5,24.7,19.1,24.4,99.1,9.9,15.5,13.5,0.893,0.55,-7.75,77.0,0.539,20.9
PHO,2023,WAS,69,88,16.0,6.0,0.0,0.0,0.0,36.8,0.328,56.0,16.9,8.5,24.7,19.1,24.4,99.1,9.9,15.5,13.5,0.893,0.55,-7.75,77.0,0.539,20.9
PHO,2023,NYL,71,89,18.0,6.0,0.0,0.0,0.0,36.8,0.328,56.0,16.9,8.5,24.7,19.1,24.4,99.1,9.9,15.5,13.5,0.893,0.55,-7.75,77.0,0.539,20.9
PHO,2023,LVA,79,99,21.0,6.0,0.0,0.0,0.0,36.8,0.328,56.0,16.9,8.5,24.7,19.1,24.4,99.1,9.9,15.5,13.5,0.893,0.55,-7.75,77.0,0.539,20.9
PHO,2023,SEA,74,97,24.0,6.0,0.0,0.0,0.0,36.8,0.328,56.0,16.9,8.5,24.7,19.1,24.4,99.1,9.9,15.5,13.5,0.893,0.55,-7.75,77.0,0.539,20.9
PHO,2023,DAL,62,77,27.0,6.0,0.0,0.0,0.0,36.8,0.328,56.0,16.9,8.5,24.7,19.1,24.4,99.1,9.9,15.5,13.5,0.893,0.55,-7.75,77.0,0.539,20.9
PHO,2023,IND,85,63,29.0,6.0,0.0,0.0,0.0,36.8,0.328,56.0,16.9,8.5,24.7,19.1,24.4,99.1,9.9,15.5,13.5,0.893,0.55,-7.75,77.0,0.539,20.9
PHO,2023,MIN,76,86,1.0,7.0,0.0,0.0,0.0,36.8,0.328,56.0,16.9,8.5,24.7,19.1,24.4,99.1,9.9,15.5,13.5,0.893,0.55,-7.75,77.0,0.539,20.9
PHO,2023,NYL,95,99,5.0,7.0,0.0,0.0,0.0,36.8,0.328,56.0,16.9,8.5,24.7,19.1,24.4,99.1,9.9,15.5,13.5,0.893,0.55,-7.75,77.0,0.539,20.9
PHO,2023,MIN,64,75,7.0,7.0,0.0,0.0,0.0,36.8,0.328,56.0,16.9,8.5,24.7,19.1,24.4,99.1,9.9,15.5,13.5,0.893,0.55,-7.75,77.0,0.539,20.9
PHO,2023,LAS,78,72,9.0,7.0,0.0,0.0,0.0,36.8,0.328,56.0,16.9,8.5,24.7,19.1,24.4,99.1,9.9,15.5,13.5,0.893,0.55,-7.75,77.0,0.539,20.9
PHO,2023,LVA,72,98,11.0,7.0,0.0,0.0,0.0,36.8,0.328,56.0,16.9,8.5,24.7,19.1,24.4,99.1,9.9,15.5,13.5,0.893,0.55,-7.75,77.0,0.539,20.9
PHO,2023,CON,72,66,18.0,7.0,0.0,0.0,0.0,36.8,0.328,56.0,16.9,8.5,24.7,19.1,24.4,99.1,9.9,15.5,13.5,0.893,0.55,-7.75,77.0,0.539,20.9
PHO,2023,CHI,80,62,20.0,7.0,0.0,0.0,0.0,36.8,0.328,56.0,16.9,8.5,24.7,19.1,24.4,99.1,9.9,15.5,13.5,0.893,0.55,-7.75,77.0,0.539,20.9
PHO,2023,WAS,69,84,23.0,7.0,0.0,0.0,0.0,36.8,0.328,56.0,16.9,8.5,24.7,19.1,24.4,99.1,9.9,15.5,13.5,0.893,0.55,-7.75,77.0,0.539,20.9
PHO,2023,ATL,65,78,25.0,7.0,0.0,0.0,0.0,36.8,0.328,56.0,16.9,8.5,24.7,19.1,24.4,99.1,9.9,15.5,13.5,0.893,0.55,-7.75,77.0,0.539,20.9
PHO,2023,CHI,85,104,30.0,7.0,0.0,0.0,0.0,36.8,0.328,56.0,16.9,8.5,24.7,19.1,24.4,99.1,9.9,15.5,13.5,0.893,0.55,-7.75,77.0,0.539,20.9
PHO,2023,IND,71,72,1.0,8.0,0.0,0.0,0.0,36.8,0.328,56.0,16.9,8.5,24.7,19.1,24.4,99.1,9.9,15.5,13.5,0.893,0.55,-7.75,77.0,0.539,20.9
PHO,2023,ATL,91,71,3.0,8.0,0.0,0.0,0.0,36.8,0.328,56.0,16.9,8.5,24.7,19.1,24.4,99.1,9.9,15.5,13.5,0.893,0.55,-7.75,77.0,0.539,20.9
PHO,2023,SEA,91,97,5.0,8.0,0.0,0.0,0.0,36.8,0.328,56.0,16.9,8.5,24.7,19.1,24.4,99.1,9.9,15.5,13.5,0.893,0.55,-7.75,77.0,0.539,20.9
PHO,2023,WAS,91,72,8.0,8.0,0.0,0.0,0.0,36.8,0.328,56.0,16.9,8.5,24.7,19.1,24.4,99.1,9.9,15.5,13.5,0.893,0.55,-7.75,77.0,0.539,20.9
PHO,2023,CON,90,84,10.0,8.0,0.0,0.0,0.0,36.8,0.328,56.0,16.9,8.5,24.7,19.1,24.4,99.1,9.9,15.5,13.5,0.893,0.55,-7.75,77.0,0.539,20.9
PHO,2023,SEA,71,81,13.0,8.0,0.0,0.0,0.0,36.8,0.328,56.0,16.9,8.5,24.7,19.1,24.4,99.1,9.9,15.5,13.5,0.893,0.55,-7.75,77.0,0.539,20.9
PHO,2023,NYL,63,85,18.0,8.0,0.0,0.0,0.0,36.8,0.328,56.0,16.9,8.5,24.7,19.1,24.4,99.1,9.9,15.5,13.5,0.893,0.55,-7.75,77.0,0.539,20.9
PHO,2023,IND,73,83,20.0,8.0,0.0,0.0,0.0,36.8,0.328,56.0,16.9,8.5,24.7,19.1,24.4,99.1,9.9,15.5,13.5,0.893,0.55,-7.75,77.0,0.539,20.9
PHO,2023,LAS,62,91,23.0,8.0,0.0,0.0,0.0,36.8,0.328,56.0,16.9,8.5,24.7,19.1,24.4,99.1,9.9,15.5,13.5,0.893,0.55,-7.75,77.0,0.539,20.9
PHO,2023,DAL,74,77,27.0,8.0,0.0,0.0,0.0,36.8,0.328,56.0,16.9,8.5,24.7,19.1,24.4,99.1,9.9,15.5,13.5,0.893,0.55,-7.75,77.0,0.539,20.9
PHO,2023,ATL,76,94,29.0,8.0,0.0,0.0,0.0,36.8,0.328,56.0,16.9,8.5,24.7,19.1,24.4,99.1,9.9,15.5,13.5,0.893,0.55,-7.75,77.0,0.539,20.9
PHO,2023,CON,74,84,31.0,8.0,0.0,0.0,0.0,36.8,0.328,56.0,16.9,8.5,24.7,19.1,24.4,99.1,9.9,15.5,13.5,0.893,0.55,-7.75,77.0,0.539,20.9
PHO,2023,MIN,73,86,3.0,9.0,0.0,0.0,0.0,36.8,0.328,56.0,16.9,8.5,24.7,19.1,24.4,99.1,9.9,15.5,13.5,0.893,0.55,-7.75,77.0,0.539,20.9
PHO,2023,WAS,77,100,5.0,9.0,0.0,0.0,0.0,36.8,0.328,56.0,16.9,8.5,24.7,19.1,24.4,99.1,9.9,15.5,13.5,0.893,0.55,-7.75,77.0,0.539,20.9
PHO,2023,LVA,73,94,8.0,9.0,0.0,0.0,0.0,36.8,0.328,56.0,16.9,8.5,24.7,19.1,24.4,99.1,9.9,15.5,13.5,0.893,0.55,-7.75,77.0,0.539,20.9
PHO,2023,LVA,85,100,10.0,9.0,0.0,0.0,0.0,36.8,0.328,56.0,16.9,8.5,24.7,19.1,24.4,99.1,9.9,15.5,13.5,0.893,0.55,-7.75,77.0,0.539,20.9
SEA,2023,LVA,64,105,20.0,5.0,3.0,1.0,0.0,34.9,0.352,54.8,18.3,10.3,22.1,18.1,22.4,98.7,10.6,16.1,13.9,0.803,0.55,-5.07,79.6,0.518,22.8
SEA,2023,DAL,91,95,26.0,5.0,2.0,0.0,0.0,34.9,0.352,54.8,18.3,10.3,22.1,18.1,22.4,98.7,10.6,16.1,13.9,0.803,0.55,-5.07,79.6,0.518,22.8
SEA,2023,NYL,78,86,30.0,5.0,2.0,1.0,0.0,34.9,0.352,54.8,18.3,10.3,22.1,18.1,22.4,98.7,10.6,16.1,13.9,0.803,0.55,-5.07,79.6,0.518,22.8
SEA,2023,LAS,85,92,3.0,6.0,2.0,1.0,0.0,34.9,0.352,54.8,18.3,10.3,22.1,18.1,22.4,98.7,10.6,16.1,13.9,0.803,0.55,-5.07,79.6,0.518,22.8
SEA,2023,LAS,66,63,6.0,6.0,3.0,1.0,0.0,34.9,0.352,54.8,18.3,10.3,22.1,18.1,22.4,98.7,10.6,16.1,13.9,0.803,0.55,-5.07,79.6,0.518,22.8
SEA,2023,WAS,66,73,9.0,6.0,3.0,1.0,0.0,34.9,0.352,54.8,18.3,10.3,22.1,18.1,22.4,98.7,10.6,16.1,13.9,0.803,0.55,-5.07,79.6,0.518,22.8
SEA,2023,WAS,65,71,11.0,6.0,3.0,1.0,0.0,34.9,0.352,54.8,18.3,10.3,22.1,18.1,22.4,98.7,10.6,16.1,13.9,0.803,0.55,-5.07,79.6,0.518,22.8
SEA,2023,PHO,83,69,13.0,6.0,3.0,1.0,0.0,34.9,0.352,54.8,18.3,10.3,22.1,18.1,22.4,98.7,10.6,16.1,13.9,0.803,0.55,-5.07,79.6,0.518,22.8
SEA,2023,LVA,63,96,15.0,6.0,3.0,1.0,0.0,34.9,0.352,54.8,18.3,10.3,22.1,18.1,22.4,98.7,10.6,16.1,13.9,0.803,0.55,-5.07,79.6,0.518,22.8
SEA,2023,DAL,109,103,17.0,6.0,3.0,1.0,0.0,34.9,0.352,54.8,18.3,10.3,22.1,18.1,22.4,98.7,10.6,16.1,13.9,0.803,0.55,-5.07,79.6,0.518,22.8
SEA,2023,CON,79,85,20.0,6.0,3.0,1.0,0.0,34.9,0.352,54.8,18.3,10.3,22.1,18.1,22.4,98.7,10.6,16.1,13.9,0.803,0.55,-5.07,79.6,0.518,22.8
SEA,2023,IND,68,80,22.0,6.0,2.0,0.0,0.0,34.9,0.352,54.8,18.3,10.3,22.1,18.1,22.4,98.7,10.6,16.1,13.9,0.803,0.55,-5.07,79.6,0.518,22.8
SEA,2023,PHO,97,74,24.0,6.0,3.0,1.0,0.0,34.9,0.352,54.8,18.3,10.3,22.1,18.1,22.4,98.7,10.6,16.1,13.9,0.803,0.55,-5.07,79.6,0.518,22.8
SEA,2023,MIN,93,104,27.0,6.0,2.0,0.0,0.0,34.9,0.352,54.8,18.3,10.3,22.1,18.1,22.4,98.7,10.6,16.1,13.9,0.803,0.55,-5.07,79.6,0.518,22.8
SEA,2023,MIN,97,99,29.0,6.0,3.0,1.0,0.0,34.9,0.352,54.8,18.3,10.3,22.1,18.1,22.4,98.7,10.6,16.1,13.9,0.803,0.55,-5.07,79.6,0.518,22.8
SEA,2023,NYL,66,81,2.0,7.0,3.0,1.0,0.0,34.9,0.352,54.8,18.3,10.3,22.1,18.1,22.4,98.7,10.6,16.1,13.9,0.803,0.55,-5.07,79.6,0.518,22.8
SEA,2023,CON,73,93,6.0,7.0,3.0,1.0,0.0,34.9,0.352,54.8,18.3,10.3,22.1,18.1,22.4,98.7,10.6,16.1,13.9,0.803,0.55,-5.07,79.6,0.518,22.8
SEA,2023,NYL,76,80,8.0,7.0,2.0,0.0,0.0,34.9,0.352,54.8,18.3,10.3,22.1,18.1,22.4,98.7,10.6,16.1,13.9,0.803,0.55,-5.07,79.6,0.518,22.8
SEA,2023,WAS,86,93,11.0,7.0,3.0,1.0,0.0,34.9,0.352,54.8,18.3,10.3,22.1,18.1,22.4,98.7,10.6,16.1,13.9,0.803,0.55,-5.07,79.6,0.518,22.8
SEA,2023,ATL,75,85,12.0,7.0,3.0,1.0,0.0,34.9,0.352,54.8,18.3,10.3,22.1,18.1,22.4,98.7,10.6,16.1,13.9,0.803,0.55,-5.07,79.6,0.518,22.8
SEA,2023,LVA,63,79,20.0,7.0,2.0,0.0,0.0,34.9,0.352,54.8,18.3,10.3,22.1,18.1,22.4,98.7,10.6,16.1,13.9,0.803,0.55,-5.07,79.6,0.518,22.8
SEA,2023,CHI,75,90,22.0,7.0,3.0,1.0,0.0,34.9,0.352,54.8,18.3,10.3,22.1,18.1,22.4,98.7,10.6,16.1,13.9,0.803,0.55,-5.07,79.6,0.518,22.8
SEA,2023,NYL,82,86,25.0,7.0,1.0,0.0,0.0,34.9,0.352,54.8,18.3,10.3,22.1,18.1,22.4,98.7,10.6,16.1,13.9,0.803,0.55,-5.07,79.6,0.518,22.8
SEA,2023,CHI,83,74,28.0,7.0,2.0,0.0,0.0,34.9,0.352,54.8,18.3,10.3,22.1,18.1,22.4,98.7,10.6,16.1,13.9,0.803,0.55,-5.07,79.6,0.518,22.8
SEA,2023,IND,85,62,30.0,7.0,3.0,1.0,0.0,34.9,0.352,54.8,18.3,10.3,22.1,18.1,22.4,98.7,10.6,16.1,13.9,0.803,0.55,-5.07,79.6,0.518,22.8
SEA,2023,DAL,65,76,2.0,8.0,2.0,0.0,0.0,34.9,0.352,54.8,18.3,10.3,22.1,18.1,22.4,98.7,10.6,16.1,13.9,0.803,0.55,-5.07,79.6,0.518,22.8
SEA,2023,PHO,97,91,5.0,8.0,1.0,0.0,0.0,34.9,0.352,54.8,18.3,10.3,22.1,18.1,22.4,98.7,10.6,16.1,13.9,0.803,0.55,-5.07,79.6,0.518,22.8
SEA,2023,CON,69,81,8.0,8.0,2.0,1.0,0.0,34.9,0.352,54.8,18.3,10.3,22.1,18.1,22.4,98.7,10.6,16.1,13.9,0.803,0.55,-5.07,79.6,0.518,22.8
SEA,2023,ATL,68,67,10.0,8.0,2.0,1.0,0.0,34.9,0.352,54.8,18.3,10.3,22.1,18.1,22.4,98.7,10.6,16.1,13.9,0.803,0.55,-5.07,79.6,0.518,22.8
SEA,2023,PHO,81,71,13.0,8.0,2.0,1.0,0.0,34.9,0.352,54.8,18.3,10.3,22.1,18.1,22.4,98.7,10.6,16.1,13.9,0.803,0.55,-5.07,79.6,0.518,22.8
SEA,2023,MIN,70,78,18.0,8.0,2.0,1.0,0.0,34.9,0.352,54.8,18.3,10.3,22.1,18.1,22.4,98.7,10.6,16.1,13.9,0.803,0.55,-5.07,79.6,0.518,22.8
SEA,2023,MIN,88,74,20.0,8.0,2.0,1.0,0.0,34.9,0.352,54.8,18.3,10.3,22.1,18.1,22.4,98.7,10.6,16.1,13.9,0.803,0.55,-5.07,79.6,0.518,22.8
SEA,2023,CHI,79,102,22.0,8.0,2.0,1.0,0.0,34.9,0.352,54.8,18.3,10.3,22.1,18.1,22.4,98.7,10.6,16.1,13.9,0.803,0.55,-5.07,79.6,0.518,22.8
SEA,2023,IND,86,90,24.0,8.0,2.0,1.0,0.0,34.9,0.352,54.8,18.3,10.3,22.1,18.1,22.4,98.7,10.6,16.1,13.9,0.803,0.55,-5.07,79.6,0.518,22.8
SEA,2023,CHI,85,90,27.0,8.0,1.0,0.0,0.0,34.9,0.352,54.8,18.3,10.3,22.1,18.1,22.4,98.7,10.6,16.1,13.9,0.803,0.55,-5.07,79.6,0.518,22.8
SEA,2023,LAS,72,61,31.0,8.0,2.0,1.0,0.0,34.9,0.352,54.8,18.3,10.3,22.1,18.1,22.4,98.7,10.6,16.1,13.9,0.803,0.55,-5.07,79.6,0.518,22.8
SEA,2023,LVA,77,103,2.0,9.0,2.0,1.0,0.0,34.9,0.352,54.8,18.3,10.3,22.1,18.1,22.4,98.7,10.6,16.1,13.9,0.803,0.55,-5.07,79.6,0.518,22.8
SEA,2023,ATL,68,79,6.0,9.0,2.0,1.0,0.0,34.9,0.352,54.8,18.3,10.3,22.1,18.1,22.4,98.7,10.6,16.1,13.9,0.803,0.55,-5.07,79.6,0.518,22.8
SEA,2023,DAL,91,106,8.0,9.0,2.0,1.0,0.0,34.9,0.352,54.8,18.3,10.3,22.1,18.1,22.4,98.7,10.6,16.1,13.9,0.803,0.55,-5.07,79.6,0.518,22.8
SEA,2023,LAS,89,91,10.0,9.0,1.0,0.0,0.0,34.9,0.352,54.8,18.3,10.3,22.1,18.1,22.4,98.7,10.6,16.1,13.9,0.803,0.55,-5.07,79.6,0.518,22.8
WAS,2023,NYL,80,64,19.0,5.0,0.0,0.0,0.0,36.4,0.336,56.0,18.9,8.3,24.2,15.4,23.4,101.5,8.5,18.3,14.0,0.945,0.03,-0.32,79.1,0.533,18.7
WAS,2023,CON,74,80,21.0,5.0,0.0,0.0,0.0,36.4,0.336,56.0,18.9,8.3,24.2,15.4,23.4,101.5,8.5,18.3,14.0,0.945,0.03,-0.32,79.1,0.533,18.7
WAS,2023,CON,81,88,23.0,5.0,0.0,0.0,0.0,36.4,0.336,56.0,18.9,8.3,24.2,15.4,23.4,101.5,8.5,18.3,14.0,0.945,0.03,-0.32,79.1,0.533,18.7
WAS,2023,CHI,71,69,26.0,5.0,0.0,0.0,0.0,36.4,0.336,56.0,18.9,8.3,24.2,15.4,23.4,101.5,8.5,18.3,14.0,0.945,0.03,-0.32,79.1,0.533,18.7
WAS,2023,DAL,75,74,2.0,6.0,0.0,0.0,0.0,36.4,0.336,56.0,18.9,8.3,24.2,15.4,23.4,101.5,8.5,18.3,14.0,0.945,0.03,-0.32,79.1,0.533,18.7
WAS,2023,MIN,78,80,3.0,6.0,0.0,0.0,0.0,36.4,0.336,56.0,18.9,8.3,24.2,15.4,23.4,101.5,8.5,18.3,14.0,0.945,0.03,-0.32,79.1,0.533,18.7
WAS,2023,SEA,73,66,9.0,6.0,0.0,0.0,0.0,36.4,0.336,56.0,18.9,8.3,24.2,15.4,23.4,101.5,8.5,18.3,14.0,0.945,0.03,-0.32,79.1,0.533,18.7
WAS,2023,SEA,71,65,11.0,6.0,0.0,0.0,0.0,36.4,0.336,56.0,18.9,8.3,24.2,15.4,23.4,101.5,8.5,18.3,14.0,0.945,0.03,-0.32,79.1,0.533,18.7
WAS,2023,IND,66,87,13.0,6.0,0.0,0.0,0.0,36.4,0.336,56.0,18.9,8.3,24.2,15.4,23.4,101.5,8.5,18.3,14.0,0.945,0.03,-0.32,79.1,0.533,18.7
WAS,2023,PHO,88,69,16.0,6.0,0.0,0.0,0.0,36.4,0.336,56.0,18.9,8.3,24.2,15.4,23.4,101.5,8.5,18.3,14.0,0.945,0.03,-0.32,79.1,0.533,18.7
WAS,2023,CHI,77,69,18.0,6.0,0.0,0.0,0.0,36.4,0.336,56.0,18.9,8.3,24.2,15.4,23.4,101.5,8.5,18.3,14.0,0.945,0.03,-0.32,79.1,0.533,18.7
WAS,2023,CHI,80,59,22.0,6.0,0.0,0.0,0.0,36.4,0.336,56.0,18.9,8.3,24.2,15.4,23.4,101.5,8.5,18.3,14.0,0.945,0.03,-0.32,79.1,0.533,18.7
WAS,2023,NYL,88,89,25.0,6.0,0.0,0.0,0.0,36.4,0.336,56.0,18.9,8.3,24.2,15.4,23.4,101.5,8.5,18.3,14.0,0.945,0.03,-0.32,79.1,0.533,18.7
WAS,2023,ATL,109,86,28.0,6.0,0.0,0.0,0.0,36.4,0.336,56.0,18.9,8.3,24.2,15.4,23.4,101.5,8.5,18.3,14.0,0.945,0.03,-0.32,79.1,0.533,18.7
WAS,2023,ATL,89,94,30.0,6.0,0.0,0.0,0.0,36.4,0.336,56.0,18.9,8.3,24.2,15.4,23.4,101.5,8.5,18.3,14.0,0.945,0.03,-0.32,79.1,0.533,18.7
WAS,2023,DAL,72,89,2.0,7.0,0.0,0.0,0.0,36.4,0.336,56.0,18.9,8.3,24.2,15.4,23.4,101.5,8.5,18.3,14.0,0.945,0.03,-0.32,79.1,0.533,18.7
WAS,2023,IND,96,88,7.0,7.0,0.0,0.0,0.0,36.4,0.336,56.0,18.9,8.3,24.2,15.4,23.4,101.5,8.5,18.3,14.0,0.945,0.03,-0.32,79.1,0.533,18.7
WAS,2023,CON,84,92,9.0,7.0,0.0,0.0,0.0,36.4,0.336,56.0,18.9,8.3,24.2,15.4,23.4,101.5,8.5,18.3,14.0,0.945,0.03,-0.32,79.1,0.533,18.7
WAS,2023,SEA,93,86,11.0,7.0,0.0,0.0,0.0,36.4,0.336,56.0,18.9,8.3,24.2,15.4,23.4,101.5,8.5,18.3,14.0,0.945,0.03,-0.32,79.1,0.533,18.7
WAS,2023,IND,76,82,19.0,7.0,0.0,0.0,0.0,36.4,0.336,56.0,18.9,8.3,24.2,15.4,23.4,101.5,8.5,18.3,14.0,0.945,0.03,-0.32,79.1,0.533,18.7
WAS,2023,NYL,87,96,21.0,7.0,0.0,0.0,0.0,36.4,0.336,56.0,18.9,8.3,24.2,15.4,23.4,101.5,8.5,18.3,14.0,0.945,0.03,-0.32,79.1,0.533,18.7
WAS,2023,PHO,84,69,23.0,7.0,0.0,0.0,0.0,36.4,0.336,56.0,18.9,8.3,24.2,15.4,23.4,101.5,8.5,18.3,14.0,0.945,0.03,-0.32,79.1,0.533,18.7
WAS,2023,MIN,92,97,26.0,7.0,0.0,0.0,0.0,36.4,0.336,56.0,18.9,8.3,24.2,15.4,23.4,101.5,8.5,18.3,14.0,0.945,0.03,-0.32,79.1,0.533,18.7
WAS,2023,DAL,62,90,28.0,7.0,0.0,0.0,0.0,36.4,0.336,56.0,18.9,8.3,24.2,15.4,23.4,101.5,8.5,18.3,14.0,0.945,0.03,-0.32,79.1,0.533,18.7
WAS,2023,ATL,73,80,30.0,7.0,0.0,0.0,0.0,36.4,0.336,56.0,18.9,8.3,24.2,15.4,23.4,101.5,8.5,18.3,14.0,0.945,0.03,-0.32,79.1,0.533,18.7
WAS,2023,LAS,79,77,4.0,8.0,0.0,0.0,0.0,36.4,0.336,56.0,18.9,8.3,24.2,15.4,23.4,101.5,8.5,18.3,14.0,0.945,0.03,-0.32,79.1,0.533,18.7
WAS,2023,LAS,83,91,6.0,8.0,0.0,0.0,0.0,36.4,0.336,56.0,18.9,8.3,24.2,15.4,23.4,101.5,8.5,18.3,14.0,0.945,0.03,-0.32,79.1,0.533,18.7
WAS,2023,PHO,72,91,8.0,8.0,0.0,0.0,0.0,36.4,0.336,56.0,18.9,8.3,24.2,15.4,23.4,101.5,8.5,18.3,14.0,0.945,0.03,-0.32,79.1,0.533,18.7
WAS,2023,LVA,89,113,11.0,8.0,0.0,0.0,0.0,36.4,0.336,56.0,18.9,8.3,24.2,15.4,23.4,101.5,8.5,18.3,14.0,0.945,0.03,-0.32,79.1,0.533,18.7
WAS,2023,CHI,83,76,13.0,8.0,0.0,0.0,0.0,36.4,0.336,56.0,18.9,8.3,24.2,15.4,23.4,101.5,8.5,18.3,14.0,0.945,0.03,-0.32,79.1,0.533,18.7
WAS,2023,IND,83,79,18.0,8.0,0.0,0.0,0.0,36.4,0.336,56.0,18.9,8.3,24.2,15.4,23.4,101.5,8.5,18.3,14.0,0.945,0.03,-0.32,79.1,0.533,18.7
WAS,2023,DAL,84,97,20.0,8.0,0.0,0.0,0.0,36.4,0.336,56.0,18.9,8.3,24.2,15.4,23.4,101.5,8.5,18.3,14.0,0.945,0.03,-0.32,79.1,0.533,18.7
WAS,2023,CON,64,68,22.0,8.0,0.0,0.0,0.0,36.4,0.336,56.0,18.9,8.3,24.2,15.4,23.4,101.5,8.5,18.3,14.0,0.945,0.03,-0.32,79.1,0.533,18.7
WAS,2023,LVA,78,62,26.0,8.0,0.0,0.0,0.0,36.4,0.336,56.0,18.9,8.3,24.2,15.4,23.4,101.5,8.5,18.3,14.0,0.945,0.03,-0.32,79.1,0.533,18.7
WAS,2023,MIN,83,72,29.0,8.0,0.0,0.0,0.0,36.4,0.336,56.0,18.9,8.3,24.2,15.4,23.4,101.5,8.5,18.3,14.0,0.945,0.03,-0.32,79.1,0.533,18.7
WAS,2023,LVA,75,84,31.0,8.0,0.0,0.0,0.0,36.4,0.336,56.0,18.9,8.3,24.2,15.4,23.4,101.5,8.5,18.3,14.0,0.945,0.03,-0.32,79.1,0.533,18.7
WAS,2023,LAS,64,72,3.0,9.0,0.0,0.0,0.0,36.4,0.336,56.0,18.9,8.3,24.2,15.4,23.4,101.5,8.5,18.3,14.0,0.945,0.03,-0.32,79.1,0.533,18.7
WAS,2023,PHO,100,77,5.0,9.0,0.0,0.0,0.0,36.4,0.336,56.0,18.9,8.3,24.2,15.4,23.4,101.5,8.5,18.3,14.0,0.945,0.03,-0.32,79.1,0.533,18.7
WAS,2023,ATL,75,80,8.0,9.0,0.0,0.0,0.0,36.4,0.336,56.0,18.9,8.3,24.2,15.4,23.4,101.5,8.5,18.3,14.0,0.945,0.03,-0.32,79.1,0.533,18.7
WAS,2023,NYL,90,88,10.0,9.0,0.0,0.0,0.0,36.4,0.336,56.0,18.9,8.3,24.2,15.4,23.4,101.5,8.5,18.3,14.0,0.945,0.03,-0.32,79.1,0.533,18.7
LVA,2023,SEA,105,64,20.0,5.0,0.0,0.0,0.0,41.5,0.372,54.7,20.2,7.6,26.8,13.8,19.7,114.8,7.8,16.2,13.9,0.825,-1.09,11.46,80.9,0.597,18.9
LVA,2023,LAS,94,85,25.0,5.0,0.0,0.0,0.0,41.5,0.372,54.7,20.2,7.6,26.8,13.8,19.7,114.8,7.8,16.2,13.9,0.825,-1.09,11.46,80.9,0.597,18.9
LVA,2023,LAS,93,65,27.0,5.0,0.0,0.0,0.0,41.5,0.372,54.7,20.2,7.6,26.8,13.8,19.7,114.8,7.8,16.2,13.9,0.825,-1.09,11.46,80.9,0.597,18.9
LVA,2023,MIN,94,73,28.0,5.0,0.0,0.0,0.0,41.5,0.372,54.7,20.2,7.6,26.8,13.8,19.7,114.8,7.8,16.2,13.9,0.825,-1.09,11.46,80.9,0.597,18.9
LVA,2023,ATL,92,87,2.0,6.0,0.0,0.0,0.0,41.5,0.372,54.7,20.2,7.6,26.8,13.8,19.7,114.8,7.8,16.2,13.9,0.825,-1.09,11.46,80.9,0.597,18.9
LVA,2023,IND,84,80,4.0,6.0,0.0,0.0,0.0,41.5,0.372,54.7,20.2,7.6,26.8,13.8,19.7,114.8,7.8,16.2,13.9,0.825,-1.09,11.46,80.9,0.597,18.9
LVA,2023,CON,90,84,6.0,6.0,0.0,0.0,0.0,41.5,0.372,54.7,20.2,7.6,26.8,13.8,19.7,114.8,7.8,16.2,13.9,0.825,-1.09,11.46,80.9,0.597,18.9
LVA,2023,CON,77,94,8.0,6.0,0.0,0.0,0.0,41.5,0.372,54.7,20.2,7.6,26.8,13.8,19.7,114.8,7.8,16.2,13.9,0.825,-1.09,11.46,80.9,0.597,18.9
LVA,2023,CHI,93,80,11.0,6.0,0.0,0.0,0.0,41.5,0.372,54.7,20.2,7.6,26.8,13.8,19.7,114.8,7.8,16.2,13.9,0.825,-1.09,11.46,80.9,0.597,18.9
LVA,2023,SEA,96,63,15.0,6.0,0.0,0.0,0.0,41.5,0.372,54.7,20.2,7.6,26.8,13.8,19.7,114.8,7.8,16.2,13.9,0.825,-1.09,11.46,80.9,0.597,18.9
LVA,2023,MIN,93,62,18.0,6.0,0.0,0.0,0.0,41.5,0.372,54.7,20.2,7.6,26.8,13.8,19.7,114.8,7.8,16.2,13.9,0.825,-1.09,11.46,80.9,0.597,18.9
LVA,2023,PHO,99,79,21.0,6.0,0.0,0.0,0.0,41.5,0.372,54.7,20.2,7.6,26.8,13.8,19.7,114.8,7.8,16.2,13.9,0.825,-1.09,11.46,80.9,0.597,18.9
LVA,2023,IND,101,88,24.0,6.0,0.0,0.0,0.0,41.5,0.372,54.7,20.2,7.6,26.8,13.8,19.7,114.8,7.8,16.2,13.9,0.825,-1.09,11.46,80.9,0.597,18.9
LVA,2023,IND,88,80,26.0,6.0,0.0,0.0,0.0,41.5,0.372,54.7,20.2,7.6,26.8,13.8,19.7,114.8,7.8,16.2,13.9,0.825,-1.09,11.46,80.9,0.597,18.9
LVA,2023,NYL,98,81,29.0,6.0,0.0,0.0,0.0,41.5,0.372,54.7,20.2,7.6,26.8,13.8,19.7,114.8,7.8,16.2,13.9,0.825,-1.09,11.46,80.9,0.597,18.9
LVA,2023,CON,102,84,1.0,7.0,0.0,0.0,0.0,41.5,0.372,54.7,20.2,7.6,26.8,13.8,19.7,114.8,7.8,16.2,13.9,0.825,-1.09,11.46,80.9,0.597,18.9
LVA,2023,DAL,89,82,5.0,7.0,0.0,0.0,0.0,41.5,0.372,54.7,20.2,7.6,26.8,13.8,19.7,114.8,7.8,16.2,13.9,0.825,-1.09,11.46,80.9,0.597,18.9
LVA,2023,DAL,78,80,7.0,7.0,0.0,0.0,0.0,41.5,0.372,54.7,20.2,7.6,26.8,13.8,19.7,114.8,7.8,16.2,13.9,0.825,-1.09,11.46,80.9,0.597,18.9
LVA,2023,MIN,113,89,9.0,7.0,0.0,0.0,0.0,41.5,0.372,54.7,20.2,7.6,26.8,13.8,19.7,114.8,7.8,16.2,13.9,0.825,-1.09,11.46,80.9,0.597,18.9
LVA,2023,PHO,98,72,11.0,7.0,0.0,0.0,0.0,41.5,0.372,54.7,20.2,7.6,26.8,13.8,19.7,114.8,7.8,16.2,13.9,0.825,-1.09,11.46,80.9,0.597,18.9
LVA,2023,LAS,97,78,12.0,7.0,0.0,0.0,0.0,41.5,0.372,54.7,20.2,7.6,26.8,13.8,19.7,114.8,7.8,16.2,13.9,0.825,-1.09,11.46,80.9,0.597,18.9
LVA,2023,SEA,79,63,20.0,7.0,0.0,0.0,0.0,41.5,0.372,54.7,20.2,7.6,26.8,13.8,19.7,114.8,7.8,16.2,13.9,0.825,-1.09,11.46,80.9,0.597,18.9
LVA,2023,MIN,98,81,22.0,7.0,0.0,0.0,0.0,41.5,0.372,54.7,20.2,7.6,26.8,13.8,19.7,114.8,7.8,16.2,13.9,0.825,-1.09,11.46,80.9,0.597,18.9
LVA,2023,CHI,107,95,25.0,7.0,0.0,0.0,0.0,41.5,0.372,54.7,20.2,7.6,26.8,13.8,19.7,114.8,7.8,16.2,13.9,0.825,-1.09,11.46,80.9,0.597,18.9
LVA,2023,DAL,104,91,30.0,7.0,0.0,0.0,0.0,41.5,0.372,54.7,20.2,7.6,26.8,13.8,19.7,114.8,7.8,16.2,13.9,0.825,-1.09,11.46,80.9,0.597,18.9
LVA,2023,ATL,93,72,1.0,8.0,0.0,0.0,0.0,41.5,0.372,54.7,20.2,7.6,26.8,13.8,19.7,114.8,7.8,16.2,13.9,0.825,-1.09,11.46,80.9,0.597,18.9
LVA,2023,NYL,61,99,6.0,8.0,0.0,0.0,0.0,41.5,0.372,54.7,20.2,7.6,26.8,13.8,19.7,114.8,7.8,16.2,13.9,0.825,-1.09,11.46,80.9,0.597,18.9
LVA,2023,DAL,104,84,8.0,8.0,0.0,0.0,0.0,41.5,0.372,54.7,20.2,7.6,26.8,13.8,19.7,114.8,7.8,16.2,13.9,0.825,-1.09,11.46,80.9,0.597,18.9
LVA,2023,WAS,113,89,11.0,8.0,0.0,0.0,0.0,41.5,0.372,54.7,20.2,7.6,26.8,13.8,19.7,114.8,7.8,16.2,13.9,0.825,-1.09,11.46,80.9,0.597,18.9
LVA,2023,ATL,86,65,13.0,8.0,0.0,0.0,0.0,41.5,0.372,54.7,20.2,7.6,26.8,13.8,19.7,114.8,7.8,16.2,13.9,0.825,-1.09,11.46,80.9,0.597,18.9
LVA,2023,NYL,88,75,17.0,8.0,0.0,0.0,0.0,41.5,0.372,54.7,20.2,7.6,26.8,13.8,19.7,114.8,7.8,16.2,13.9,0.825,-1.09,11.46,80.9,0.597,18.9
LVA,2023,LAS,72,78,19.0,8.0,0.0,0.0,0.0,41.5,0.372,54.7,20.2,7.6,26.8,13.8,19.7,114.8,7.8,16.2,13.9,0.825,-1.09,11.46,80.9,0.597,18.9
LVA,2023,ATL,112,100,22.0,8.0,0.0,0.0,0.0,41.5,0.372,54.7,20.2,7.6,26.8,13.8,19.7,114.8,7.8,16.2,13.9,0.825,-1.09,11.46,80.9,0.597,18.9
LVA,2023,CHI,94,87,24.0,8.0,0.0,0.0,0.0,41.5,0.372,54.7,20.2,7.6,26.8,13.8,19.7,114.8,7.8,16.2,13.9,0.825,-1.09,11.46,80.9,0.597,18.9
LVA,2023,WAS,62,78,26.0,8.0,0.0,0.0,0.0,41.5,0.372,54.7,20.2,7.6,26.8,13.8,19.7,114.8,7.8,16.2,13.9,0.825,-1.09,11.46,80.9,0.597,18.9
LVA,2023,NYL,85,94,28.0,8.0,0.0,0.0,0.0,41.5,0.372,54.7,20.2,7.6,26.8,13.8,19.7,114.8,7.8,16.2,13.9,0.825,-1.09,11.46,80.9,0.597,18.9
LVA,2023,WAS,84,75,31.0,8.0,0.0,0.0,0.0,41.5,0.372,54.7,20.2,7.6,26.8,13.8,19.7,114.8,7.8,16.2,13.9,0.825,-1.09,11.46,80.9,0.597,18.9
LVA,2023,SEA,103,77,2.0,9.0,0.0,0.0,0.0,41.5,0.372,54.7,20.2,7.6,26.8,13.8,19.7,114.8,7.8,16.2,13.9,0.825,-1.09,11.46,80.9,0.597,18.9
LVA,2023,PHO,94,73,8.0,9.0,0.0,0.0,0.0,41.5,0.372,54.7,20.2,7.6,26.8,13.8,19.7,114.8,7.8,16.2,13.9,0.825,-1.09,11.46,80.9,0.597,18.9
LVA,2023,PHO,100,85,10.0,9.0,0.0,0.0,0.0,41.5,0.372,54.7,20.2,7.6,26.8,13.8,19.7,114.8,7.8,16.2,13.9,0.825,-1.09,11.46,80.9,0.597,18.9
ATL,2024,LAS,92,81,15.0,5.0,0.0,0.0,0.0,35.7,0.308,62.6,19.8,11.9,23.6,16.0,21.7,99.0,8.8,16.1,12.8,0.891,0.36,-2.39,77.1,0.501,25.4
ATL,2024,PHO,85,88,18.0,5.0,0.0,0.0,0.0,35.7,0.308,62.6,19.8,11.9,23.6,16.0,21.7,99.0,8.8,16.1,12.8,0.891,0.36,-2.39,77.1,0.501,25.4
ATL,2024,DAL,83,78,21.0,5.0,0.0,0.0,0.0,35.7,0.308,62.6,19.8,11.9,23.6,16.0,21.7,99.0,8.8,16.1,12.8,0.891,0.36,-2.39,77.1,0.501,25.4
ATL,2024,MIN,79,92,26.0,5.0,0.0,0.0,0.0,35.7,0.308,62.6,19.8,11.9,23.6,16.0,21.7,99.0,8.8,16.1,12.8,0.891,0.36,-2.39,77.1,0.501,25.4
ATL,2024,WAS,73,67,29.0,5.0,0.0,0.0,0.0,35.7,0.308,62.6,19.8,11.9,23.6,16.0,21.7,99.0,8.8,16.1,12.8,0.891,0.36,-2.39,77.1,0.501,25.4
ATL,2024,LVA,78,74,31.0,5.0,0.0,0.0,0.0,35.7,0.308,62.6,19.8,11.9,23.6,16.0,21.7,99.0,8.8,16.1,12.8,0.891,0.36,-2.39,77.1,0.501,25.4
ATL,2024,CON,50,69,2.0,6.0,0.0,0.0,0.0,35.7,0.308,62.6,19.8,11.9,23.6,16.0,21.7,99.0,8.8,16.1,12.8,0.891,0.36,-2.39,77.1,0.501,25.4
ATL,2024,NYL,61,78,6.0,6.0,0.0,0.0,0.0,35.7,0.308,62.6,19.8,11.9,23.6,16.0,21.7,99.0,8.8,16.1,12.8,0.891,0.36,-2.39,77.1,0.501,25.4
ATL,2024,CHI,89,80,8.0,6.0,0.0,0.0,0.0,35.7,0.308,62.6,19.8,11.9,23.6,16.0,21.7,99.0,8.8,16.1,12.8,0.891,0.36,-2.39,77.1,0.501,25.4
ATL,2024,WAS,68,87,11.0,6.0,0.0,0.0,0.0,35.7,0.308,62.6,19.8,11.9,23.6,16.0,21.7,99.0,8.8,16.1,12.8,0.891,0.36,-2.39,77.1,0.501,25.4
ATL,2024,IND,84,91,13.0,6.0,0.0,0.0,0.0,35.7,0.308,62.6,19.8,11.9,23.6,16.0,21.7,99.0,8.8,16.1,12.8,0.891,0.36,-2.39,77.1,0.501,25.4
ATL,2024,LAS,87,74,16.0,6.0,0.0,0.0,0.0,35.7,0.308,62.6,19.8,11.9,23.6,16.0,21.7,99.0,8.8,16.1,12.8,0.891,0.36,-2.39,77.1,0.501,25.4
ATL,2024,MIN,55,68,19.0,6.0,0.0,0.0,0.0,35.7,0.308,62.6,19.8,11.9,23.6,16.0,21.7,99.0,8.8,16.1,12.8,0.891,0.36,-2.39,77.1,0.501,25.4
ATL,2024,IND,79,91,21.0,6.0,0.0,0.0,0.0,35.7,0.308,62.6,19.8,11.9,23.6,16.0,21.7,99.0,8.8,16.1,12.8,0.891,0.36,-2.39,77.1,0.501,25.4
ATL,2024,NYL,75,96,23.0,6.0,0.0,0.0,0.0,35.7,0.308,62.6,19.8,11.9,23.6,16.0,21.7,99.0,8.8,16.1,12.8,0.891,0.36,-2.39,77.1,0.501,25.4
ATL,2024,CON,78,74,28.0,6.0,0.0,0.0,0.0,35.7,0.308,62.6,19.8,11.9,23.6,16.0,21.7,99.0,8.8,16.1,12.8,0.891,0.36,-2.39,77.1,0.501,25.4
ATL,2024,NYL,75,81,30.0,6.0,0.0,0.0,0.0,35.7,0.308,62.6,19.8,11.9,23.6,16.0,21.7,99.0,8.8,16.1,12.8,0.891,0.36,-2.39,77.1,0.501,25.4
ATL,2024,CHI,77,85,2.0,7.0,0.0,0.0,0.0,35.7,0.308,62.6,19.8,11.9,23.6,16.0,21.7,99.0,8.8,16.1,12.8,0.891,0.36,-2.39,77.1,0.501,25.4
ATL,2024,DAL,82,85,5.0,7.0,0.0,0.0,0.0,35.7,0.308,62.6,19.8,11.9,23.6,16.0,21.7,99.0,8.8,16.1,12.8,0.891,0.36,-2.39,77.1,0.501,25.4
ATL,2024,CON,67,80,7.0,7.0,0.0,0.0,0.0,35.7,0.308,62.6,19.8,11.9,23.6,16.0,21.7,99.0,8.8,16.1,12.8,0.891,0.36,-2.39,77.1,0.501,25.4
ATL,2024,CHI,69,78,10.0,7.0,0.0,0.0,0.0,35.7,0.308,62.6,19.8,11.9,23.6,16.0,21.7,99.0,8.8,16.1,12.8,0.891,0.36,-2.39,77.1,0.501,25.4
ATL,2024,LVA,70,84,12.0,7.0,0.0,0.0,0.0,35.7,0.308,62.6,19.8,11.9,23.6,16.0,21.7,99.0,8.8,16.1,12.8,0.891,0.36,-2.39,77.1,0.501,25.4
ATL,2024,SEA,70,81,14.0,7.0,0.0,0.0,0.0,35.7,0.308,62.6,19.8,11.9,23.6,16.0,21.7,99.0,8.8,16.1,12.8,0.891,0.36,-2.39,77.1,0.501,25.4
ATL,2024,MIN,79,86,17.0,7.0,0.0,0.0,0.0,35.7,0.308,62.6,19.8,11.9,23.6,16.0,21.7,99.0,8.8,16.1,12.8,0.891,0.36,-2.39,77.1,0.501,25.4
ATL,2024,SEA,83,81,16.0,8.0,0.0,0.0,0.0,35.7,0.308,62.6,19.8,11.9,23.6,16.0,21.7,99.0,8.8,16.1,12.8,0.891,0.36,-2.39,77.1,0.501,25.4
ATL,2024,CON,82,70,18.0,8.0,0.0,0.0,0.0,35.7,0.308,62.6,19.8,11.9,23.6,16.0,21.7,99.0,8.8,16.1,12.8,0.891,0.36,-2.39,77.1,0.501,25.4
ATL,2024,PHO,72,63,21.0,8.0,0.0,0.0,0.0,35.7,0.308,62.6,19.8,11.9,23.6,16.0,21.7,99.0,8.8,16.1,12.8,0.891,0.36,-2.39,77.1,0.501,25.4
ATL,2024,PHO,80,82,23.0,8.0,0.0,0.0,0.0,35.7,0.308,62.6,19.8,11.9,23.6,16.0,21.7,99.0,8.8,16.1,12.8,0.891,0.36,-2.39,77.1,0.501,25.4
ATL,2024,IND,79,84,26.0,8.0,0.0,0.0,0.0,35.7,0.308,62.6,19.8,11.9,23.6,16.0,21.7,99.0,8.8,16.1,12.8,0.891,0.36,-2.39,77.1,0.501,25.4
ATL,2024,SEA,81,85,28.0,8.0,0.0,0.0,0.0,35.7,0.308,62.6,19.8,11.9,23.6,16.0,21.7,99.0,8.8,16.1,12.8,0.891,0.36,-2.39,77.1,0.501,25.4
ATL,2024,LVA,72,83,30.0,8.0,0.0,0.0,0.0,35.7,0.308,62.6,19.8,11.9,23.6,16.0,21.7,99.0,8.8,16.1,12.8,0.891,0.36,-2.39,77.1,0.501,25.4
ATL,2024,LAS,80,62,1.0,9.0,0.0,0.0,0.0,35.7,0.308,62.6,19.8,11.9,23.6,16.0,21.7,99.0,8.8,16.1,12.8,0.891,0.36,-2.39,77.1,0.501,25.4
ATL,2024,PHO,66,74,3.0,9.0,0.0,0.0,0.0,35.7,0.308,62.6,19.8,11.9,23.6,16.0,21.7,99.0,8.8,16.1,12.8,0.891,0.36,-2.39,77.1,0.501,25.4
ATL,2024,DAL,107,96,6.0,9.0,0.0,0.0,0.0,35.7,0.308,62.6,19.8,11.9,23.6,16.0,21.7,99.0,8.8,16.1,12.8,0.891,0.36,-2.39,77.1,0.501,25.4
ATL,2024,IND,100,104,8.0,9.0,0.0,0.0,0.0,35.7,0.308,62.6,19.8,11.9,23.6,16.0,21.7,99.0,8.8,16.1,12.8,0.891,0.36,-2.39,77.1,0.501,25.4
ATL,2024,MIN,64,76,10.0,9.0,0.0,0.0,0.0,35.7,0.308,62.6,19.8,11.9,23.6,16.0,21.7,99.0,8.8,16.1,12.8,0.891,0.36,-2.39,77.1,0.501,25.4
ATL,2024,WAS,69,72,13.0,9.0,0.0,0.0,0.0,35.7,0.308,62.6,19.8,11.9,23.6,16.0,21.7,99.0,8.8,16.1,12.8,0.891,0.36,-2.39,77.1,0.501,25.4
ATL,2024,WAS,76,73,15.0,9.0,0.0,0.0,0.0,35.7,0.308,62.6,19.8,11.9,23.6,16.0,21.7,99.0,8.8,16.1,12.8,0.891,0.36,-2.39,77.1,0.501,25.4
ATL,2024,CHI,86,70,17.0,9.0,0.0,0.0,0.0,35.7,0.308,62.6,19.8,11.9,23.6,16.0,21.7,99.0,8.8,16.1,12.8,0.891,0.36,-2.39,77.1,0.501,25.4
ATL,2024,NYL,78,67,19.0,9.0,0.0,1.0,0.0,35.7,0.308,62.6,19.8,11.9,23.6,16.0,21.7,99.0,8.8,16.1,12.8,0.891,0.36,-2.39,77.1,0.501,25.4
CHI,2024,DAL,79,87,15.0,5.0,0.0,0.0,1.0,38.0,0.323,70.9,16.9,13.9,24.3,16.7,24.3,99.1,10.0,16.1,10.8,0.808,0.46,-4.67,78.2,0.495,29.5
CHI,2024,DAL,83,74,18.0,5.0,0.0,0.0,1.0,38.0,0.323,70.9,16.9,13.9,24.3,16.7,24.3,99.1,10.0,16.1,10.8,0.808,0.46,-4.67,78.2,0.495,29.5
CHI,2024,NYL,90,81,23.0,5.0,0.0,0.0,1.0,38.0,0.323,70.9,16.9,13.9,24.3,16.7,24.3,99.1,10.0,16.1,10.8,0.808,0.46,-4.67,78.2,0.495,29.5
CHI,2024,CON,82,86,25.0,5.0,0.0,0.0,1.0,38.0,0.323,70.9,16.9,13.9,24.3,16.7,24.3,99.1,10.0,16.1,10.8,0.808,0.46,-4.67,78.2,0.495,29.5
CHI,2024,SEA,68,77,28.0,5.0,0.0,0.0,1.0,38.0,0.323,70.9,16.9,13.9,24.3,16.7,24.3,99.1,10.0,16.1,10.8,0.808,0.46,-4.67,78.2,0.495,29.5
CHI,2024,LAS,83,73,30.0,5.0,0.0,0.0,1.0,38.0,0.323,70.9,16.9,13.9,24.3,16.7,24.3,99.1,10.0,16.1,10.8,0.808,0.46,-4.67,78.2,0.495,29.5
CHI,2024,IND,70,71,1.0,6.0,0.0,0.0,1.0,38.0,0.323,70.9,16.9,13.9,24.3,16.7,24.3,99.1,10.0,16.1,10.8,0.808,0.46,-4.67,78.2,0.495,29.5
CHI,2024,NYL,75,88,4.0,6.0,0.0,0.0,1.0,38.0,0.323,70.9,16.9,13.9,24.3,16.7,24.3,99.1,10.0,16.1,10.8,0.808,0.46,-4.67,78.2,0.495,29.5
CHI,2024,WAS,79,71,6.0,6.0,0.0,0.0,1.0,38.0,0.323,70.9,16.9,13.9,24.3,16.7,24.3,99.1,10.0,16.1,10.8,0.808,0.46,-4.67,78.2,0.495,29.5
CHI,2024,ATL,80,89,8.0,6.0,0.0,0.0,1.0,38.0,0.323,70.9,16.9,13.9,24.3,16.7,24.3,99.1,10.0,16.1,10.8,0.808,0.46,-4.67,78.2,0.495,29.5
CHI,2024,CON,75,83,12.0,6.0,0.0,0.0,1.0,38.0,0.323,70.9,16.9,13.9,24.3,16.7,24.3,99.1,10.0,16.1,10.8,0.808,0.46,-4.67,78.2,0.495,29.5
CHI,2024,WAS,81,83,14.0,6.0,0.0,0.0,1.0,38.0,0.323,70.9,16.9,13.9,24.3,16.7,24.3,99.1,10.0,16.1,10.8,0.808,0.46,-4.67,78.2,0.495,29.5
CHI,2024,IND,83,91,16.0,6.0,0.0,0.0,1.0,38.0,0.323,70.9,16.9,13.9,24.3,16.7,24.3,99.1,10.0,16.1,10.8,0.808,0.46,-4.67,78.2,0.495,29.5
CHI,2024,DAL,83,72,20.0,6.0,0.0,0.0,1.0,38.0,0.323,70.9,16.9,13.9,24.3,16.7,24.3,99.1,10.0,16.1,10.8,0.808,0.46,-4.67,78.2,0.495,29.5
CHI,2024,IND,88,87,23.0,6.0,0.0,0.0,1.0,38.0,0.323,70.9,16.9,13.9,24.3,16.7,24.3,99.1,10.0,16.1,10.8,0.808,0.46,-4.67,78.2,0.495,29.5
CHI,2024,LVA,83,95,27.0,6.0,0.0,0.0,1.0,38.0,0.323,70.9,16.9,13.9,24.3,16.7,24.3,99.1,10.0,16.1,10.8,0.808,0.46,-4.67,78.2,0.495,29.5
CHI,2024,MIN,62,70,30.0,6.0,0.0,0.0,1.0,38.0,0.323,70.9,16.9,13.9,24.3,16.7,24.3,99.1,10.0,16.1,10.8,0.808,0.46,-4.67,78.2,0.495,29.5
CHI,2024,ATL,85,77,2.0,7.0,0.0,0.0,1.0,38.0,0.323,70.9,16.9,13.9,24.3,16.7,24.3,99.1,10.0,16.1,10.8,0.808,0.46,-4.67,78.2,0.495,29.5
CHI,2024,SEA,88,84,5.0,7.0,0.0,0.0,1.0,38.0,0.323,70.9,16.9,13.9,24.3,16.7,24.3,99.1,10.0,16.1,10.8,0.808,0.46,-4.67,78.2,0.495,29.5
CHI,2024,SEA,71,84,7.0,7.0,0.0,0.0,1.0,38.0,0.323,70.9,16.9,13.9,24.3,16.7,24.3,99.1,10.0,16.1,10.8,0.808,0.46,-4.67,78.2,0.495,29.5
CHI,2024,ATL,78,69,10.0,7.0,0.0,0.0,1.0,38.0,0.323,70.9,16.9,13.9,24.3,16.7,24.3,99.1,10.0,16.1,10.8,0.808,0.46,-4.67,78.2,0.495,29.5
CHI,2024,NYL,76,91,11.0,7.0,0.0,0.0,1.0,38.0,0.323,70.9,16.9,13.9,24.3,16.7,24.3,99.1,10.0,16.1,10.8,0.808,0.46,-4.67,78.2,0.495,29.5
CHI,2024,NYL,67,81,13.0,7.0,0.0,0.0,1.0,38.0,0.323,70.9,16.9,13.9,24.3,16.7,24.3,99.1,10.0,16.1,10.8,0.808,0.46,-4.67,78.2,0.495,29.5
CHI,2024,LVA,93,85,16.0,7.0,0.0,0.0,1.0,38.0,0.323,70.9,16.9,13.9,24.3,16.7,24.3,99.1,10.0,16.1,10.8,0.808,0.46,-4.67,78.2,0.495,29.5
CHI,2024,PHO,65,85,15.0,8.0,0.0,0.0,0.0,38.0,0.323,70.9,16.9,13.9,24.3,16.7,24.3,99.1,10.0,16.1,10.8,0.808,0.46,-4.67,78.2,0.495,29.5
CHI,2024,LAS,90,86,17.0,8.0,0.0,0.0,1.0,38.0,0.323,70.9,16.9,13.9,24.3,16.7,24.3,99.1,10.0,16.1,10.8,0.808,0.46,-4.67,78.2,0.495,29.5
CHI,2024,PHO,68,86,18.0,8.0,0.0,0.0,1.0,38.0,0.323,70.9,16.9,13.9,24.3,16.7,24.3,99.1,10.0,16.1,10.8,0.808,0.46,-4.67,78.2,0.495,29.5
CHI,2024,CON,80,82,23.0,8.0,0.0,0.0,1.0,38.0,0.323,70.9,16.9,13.9,24.3,16.7,24.3,99.1,10.0,16.1,10.8,0.808,0.46,-4.67,78.2,0.495,29.5
CHI,2024,LVA,75,77,25.0,8.0,0.0,0.0,1.0,38.0,0.323,70.9,16.9,13.9,24.3,16.7,24.3,99.1,10.0,16.1,10.8,0.808,0.46,-4.67,78.2,0.495,29.5
CHI,2024,WAS,70,74,28.0,8.0,0.0,0.0,0.0,38.0,0.323,70.9,16.9,13.9,24.3,16.7,24.3,99.1,10.0,16.1,10.8,0.808,0.46,-4.67,78.2,0.495,29.5
CHI,2024,IND,81,100,30.0,8.0,0.0,0.0,0.0,38.0,0.323,70.9,16.9,13.9,24.3,16.7,24.3,99.1,10.0,16.1,10.8,0.808,0.46,-4.67,78.2,0.495,29.5
CHI,2024,MIN,74,79,1.0,9.0,0.0,0.0,0.0,38.0,0.323,70.9,16.9,13.9,24.3,16.7,24.3,99.1,10.0,16.1,10.8,0.808,0.46,-4.67,78.2,0.495,29.5
CHI,2024,LVA,71,90,3.0,9.0,0.0,0.0,0.0,38.0,0.323,70.9,16.9,13.9,24.3,16.7,24.3,99.1,10.0,16.1,10.8,0.808,0.46,-4.67,78.2,0.495,29.5
CHI,2024,LAS,92,78,6.0,9.0,0.0,0.0,1.0,38.0,0.323,70.9,16.9,13.9,24.3,16.7,24.3,99.1,10.0,16.1,10.8,0.808,0.46,-4.67,78.2,0.495,29.5
CHI,2024,DAL,92,77,8.0,9.0,0.0,0.0,1.0,38.0,0.323,70.9,16.9,13.9,24.3,16.7,24.3,99.1,10.0,16.1,10.8,0.808,0.46,-4.67,78.2,0.495,29.5
CHI,2024,WAS,58,89,11.0,9.0,0.0,0.0,1.0,38.0,0.323,70.9,16.9,13.9,24.3,16.7,24.3,99.1,10.0,16.1,10.8,0.808,0.46,-4.67,78.2,0.495,29.5
CHI,2024,MIN,66,83,13.0,9.0,0.0,0.0,1.0,38.0,0.323,70.9,16.9,13.9,24.3,16.7,24.3,99.1,10.0,16.1,10.8,0.808,0.46,-4.67,78.2,0.495,29.5
CHI,2024,PHO,88,93,15.0,9.0,0.0,0.0,1.0,38.0,0.323,70.9,16.9,13.9,24.3,16.7,24.3,99.1,10.0,16.1,10.8,0.808,0.46,-4.67,78.2,0.495,29.5
CHI,2024,ATL,70,86,17.0,9.0,0.0,0.0,0.0,38.0,0.323,70.9,16.9,13.9,24.3,16.7,24.3,99.1,10.0,16.1,10.8,0.808,0.46,-4.67,78.2,0.495,29.5
CHI,2024,CON,54,87,19.0,9.0,0.0,0.0,0.0,38.0,0.323,70.9,16.9,13.9,24.3,16.7,24.3,99.1,10.0,16.1,10.8,0.808,0.46,-4.67,78.2,0.495,29.5
CON,2024,IND,92,71,14.0,5.0,0.0,1.0,0.0,38.3,0.327,62.8,20.6,10.9,26.1,15.8,21.1,105.0,9.2,19.6,11.9,0.86,-0.75,5.75,75.8,0.533,25.2
CON,2024,WAS,84,77,17.0,5.0,0.0,1.0,0.0,38.3,0.327,62.8,20.6,10.9,26.1,15.8,21.1,105.0,9.2,19.6,11.9,0.86,-0.75,5.75,75.8,0.533,25.2
CON,2024,IND,88,84,20.0,5.0,0.0,1.0,0.0,38.3,0.327,62.8,20.6,10.9,26.1,15.8,21.1,105.0,9.2,19.6,11.9,0.86,-0.75,5.75,75.8,0.533,25.2
CON,2024,MIN,83,82,23.0,5.0,0.0,0.0,0.0,38.3,0.327,62.8,20.6,10.9,26.1,15.8,21.1,105.0,9.2,19.6,11.9,0.86,-0.75,5.75,75.8,0.533,25.2
CON,2024,CHI,86,82,25.0,5.0,0.0,1.0,0.0,38.3,0.327,62.8,20.6,10.9,26.1,15.8,21.1,105.0,9.2,19.6,11.9,0.86,-0.75,5.75,75.8,0.533,25.2
CON,2024,PHO,70,47,28.0,5.0,0.0,1.0,1.0,38.3,0.327,62.8,20.6,10.9,26.1,15.8,21.1,105.0,9.2,19.6,11.9,0.86,-0.75,5.75,75.8,0.533,25.2
CON,2024,DAL,74,72,31.0,5.0,0.0,1.0,0.0,38.3,0.327,62.8,20.6,10.9,26.1,15.8,21.1,105.0,9.2,19.6,11.9,0.86,-0.75,5.75,75.8,0.533,25.2
CON,2024,ATL,69,50,2.0,6.0,0.0,1.0,1.0,38.3,0.327,62.8,20.6,10.9,26.1,15.8,21.1,105.0,9.2,19.6,11.9,0.86,-0.75,5.75,75.8,0.533,25.2
CON,2024,WAS,76,59,4.0,6.0,0.0,1.0,1.0,38.3,0.327,62.8,20.6,10.9,26.1,15.8,21.1,105.0,9.2,19.6,11.9,0.86,-0.75,5.75,75.8,0.533,25.2
CON,2024,NYL,75,82,8.0,6.0,0.0,1.0,0.0,38.3,0.327,62.8,20.6,10.9,26.1,15.8,21.1,105.0,9.2,19.6,11.9,0.86,-0.75,5.75,75.8,0.533,25.2
CON,2024,IND,89,72,10.0,6.0,0.0,1.0,0.0,38.3,0.327,62.8,20.6,10.9,26.1,15.8,21.1,105.0,9.2,19.6,11.9,0.86,-0.75,5.75,75.8,0.533,25.2
CON,2024,CHI,83,75,12.0,6.0,0.0,1.0,0.0,38.3,0.327,62.8,20.6,10.9,26.1,15.8,21.1,105.0,9.2,19.6,11.9,0.86,-0.75,5.75,75.8,0.533,25.2
CON,2024,DAL,85,67,15.0,6.0,0.0,1.0,0.0,38.3,0.327,62.8,20.6,10.9,26.1,15.8,21.1,105.0,9.2,19.6,11.9,0.86,-0.75,5.75,75.8,0.533,25.2
CON,2024,LAS,79,70,18.0,6.0,0.0,1.0,0.0,38.3,0.327,62.8,20.6,10.9,26.1,15.8,21.1,105.0,9.2,19.6,11.9,0.86,-0.75,5.75,75.8,0.533,25.2
CON,2024,LVA,74,85,21.0,6.0,0.0,1.0,0.0,38.3,0.327,62.8,20.6,10.9,26.1,15.8,21.1,105.0,9.2,19.6,11.9,0.86,-0.75,5.75,75.8,0.533,25.2
CON,2024,SEA,61,72,23.0,6.0,0.0,1.0,0.0,38.3,0.327,62.8,20.6,10.9,26.1,15.8,21.1,105.0,9.2,19.6,11.9,0.86,-0.75,5.75,75.8,0.533,25.2
CON,2024,WAS,94,91,27.0,6.0,0.0,0.0,0.0,38.3,0.327,62.8,20.6,10.9,26.1,15.8,21.1,105.0,9.2,19.6,11.9,0.86,-0.75,5.75,75.8,0.533,25.2
CON,2024,ATL,74,78,28.0,6.0,0.0,1.0,0.0,38.3,0.327,62.8,20.6,10.9,26.1,15.8,21.1,105.0,9.2,19.6,11.9,0.86,-0.75,5.75,75.8,0.533,25.2
CON,2024,PHO,83,72,1.0,7.0,0.0,1.0,0.0,38.3,0.327,62.8,20.6,10.9,26.1,15.8,21.1,105.0,9.2,19.6,11.9,0.86,-0.75,5.75,75.8,0.533,25.2
CON,2024,MIN,78,73,4.0,7.0,0.0,1.0,0.0,38.3,0.327,62.8,20.6,10.9,26.1,15.8,21.1,105.0,9.2,19.6,11.9,0.86,-0.75,5.75,75.8,0.533,25.2
CON,2024,ATL,80,67,7.0,7.0,0.0,1.0,0.0,38.3,0.327,62.8,20.6,10.9,26.1,15.8,21.1,105.0,9.2,19.6,11.9,0.86,-0.75,5.75,75.8,0.533,25.2
CON,2024,NYL,68,71,10.0,7.0,0.0,0.0,0.0,38.3,0.327,62.8,20.6,10.9,26.1,15.8,21.1,105.0,9.2,19.6,11.9,0.86,-0.75,5.75,75.8,0.533,25.2
CON,2024,PHO,96,69,14.0,7.0,0.0,1.0,0.0,38.3,0.327,62.8,20.6,10.9,26.1,15.8,21.1,105.0,9.2,19.6,11.9,0.86,-0.75,5.75,75.8,0.533,25.2
CON,2024,NYL,74,82,16.0,7.0,0.0,1.0,0.0,38.3,0.327,62.8,20.6,10.9,26.1,15.8,21.1,105.0,9.2,19.6,11.9,0.86,-0.75,5.75,75.8,0.533,25.2
CON,2024,DAL,109,91,16.0,8.0,0.0,2.0,0.0,38.3,0.327,62.8,20.6,10.9,26.1,15.8,21.1,105.0,9.2,19.6,11.9,0.86,-0.75,5.75,75.8,0.533,25.2
CON,2024,ATL,70,82,18.0,8.0,0.0,1.0,0.0,38.3,0.327,62.8,20.6,10.9,26.1,15.8,21.1,105.0,9.2,19.6,11.9,0.86,-0.75,5.75,75.8,0.533,25.2
CON,2024,LAS,69,61,20.0,8.0,0.0,2.0,0.0,38.3,0.327,62.8,20.6,10.9,26.1,15.8,21.1,105.0,9.2,19.6,11.9,0.86,-0.75,5.75,75.8,0.533,25.2
CON,2024,CHI,82,80,23.0,8.0,0.0,1.0,0.0,38.3,0.327,62.8,20.6,10.9,26.1,15.8,21.1,105.0,9.2,19.6,11.9,0.86,-0.75,5.75,75.8,0.533,25.2
CON,2024,NYL,72,64,24.0,8.0,0.0,1.0,0.0,38.3,0.327,62.8,20.6,10.9,26.1,15.8,21.1,105.0,9.2,19.6,11.9,0.86,-0.75,5.75,75.8,0.533,25.2
CON,2024,IND,80,84,28.0,8.0,0.0,1.0,0.0,38.3,0.327,62.8,20.6,10.9,26.1,15.8,21.1,105.0,9.2,19.6,11.9,0.86,-0.75,5.75,75.8,0.533,25.2
CON,2024,WAS,96,85,31.0,8.0,0.0,1.0,0.0,38.3,0.327,62.8,20.6,10.9,26.1,15.8,21.1,105.0,9.2,19.6,11.9,0.86,-0.75,5.75,75.8,0.533,25.2
CON,2024,SEA,93,86,1.0,9.0,0.0,1.0,0.0,38.3,0.327,62.8,20.6,10.9,26.1,15.8,21.1,105.0,9.2,19.6,11.9,0.86,-0.75,5.75,75.8,0.533,25.2
CON,2024,SEA,64,71,3.0,9.0,0.0,1.0,0.0,38.3,0.327,62.8,20.6,10.9,26.1,15.8,21.1,105.0,9.2,19.6,11.9,0.86,-0.75,5.75,75.8,0.533,25.2
CON,2024,LVA,67,72,6.0,9.0,0.0,1.0,0.0,38.3,0.327,62.8,20.6,10.9,26.1,15.8,21.1,105.0,9.2,19.6,11.9,0.86,-0.75,5.75,75.8,0.533,25.2
CON,2024,LAS,79,67,8.0,9.0,0.0,1.0,0.0,38.3,0.327,62.8,20.6,10.9,26.1,15.8,21.1,105.0,9.2,19.6,11.9,0.86,-0.75,5.75,75.8,0.533,25.2
CON,2024,LAS,86,66,10.0,9.0,0.0,1.0,0.0,38.3,0.327,62.8,20.6,10.9,26.1,15.8,21.1,105.0,9.2,19.6,11.9,0.86,-0.75,5.75,75.8,0.533,25.2
CON,2024,PHO,88,69,13.0,9.0,0.0,1.0,0.0,38.3,0.327,62.8,20.6,10.9,26.1,15.8,21.1,105.0,9.2,19.6,11.9,0.86,-0.75,5.75,75.8,0.533,25.2
CON,2024,LVA,71,84,15.0,9.0,0.0,1.0,0.0,38.3,0.327,62.8,20.6,10.9,26.1,15.8,21.1,105.0,9.2,19.6,11.9,0.86,-0.75,5.75,75.8,0.533,25.2
CON,2024,MIN,76,78,17.0,9.0,0.0,1.0,0.0,38.3,0.327,62.8,20.6,10.9,26.1,15.8,21.1,105.0,9.2,19.6,11.9,0.86,-0.75,5.75,75.8,0.533,25.2
CON,2024,CHI,87,54,19.0,9.0,0.0,1.0,0.0,38.3,0.327,62.8,20.6,10.9,26.1,15.8,21.1,105.0,9.2,19.6,11.9,0.86,-0.75,5.75,75.8,0.533,25.2
DAL,2024,CHI,87,79,15.0,5.0,1.0,1.0,1.0,39.2,0.326,64.2,18.1,13.0,25.3,18.3,22.9,104.2,9.9,15.8,12.3,0.772,0.75,-7.18,80.1,0.531,30.2
DAL,2024,CHI,74,83,18.0,5.0,1.0,1.0,0.0,39.2,0.326,64.2,18.1,13.0,25.3,18.3,22.9,104.2,9.9,15.8,12.3,0.772,0.75,-7.18,80.1,0.531,30.2
DAL,2024,ATL,78,83,21.0,5.0,1.0,1.0,0.0,39.2,0.326,64.2,18.1,13.0,25.3,18.3,22.9,104.2,9.9,15.8,12.3,0.772,0.75,-7.18,80.1,0.531,30.2
DAL,2024,PHO,107,92,25.0,5.0,1.0,1.0,0.0,39.2,0.326,64.2,18.1,13.0,25.3,18.3,22.9,104.2,9.9,15.8,12.3,0.772,0.75,-7.18,80.1,0.531,30.2
DAL,2024,LAS,84,83,26.0,5.0,1.0,1.0,0.0,39.2,0.326,64.2,18.1,13.0,25.3,18.3,22.9,104.2,9.9,15.8,12.3,0.772,0.75,-7.18,80.1,0.531,30.2
DAL,2024,CON,72,74,31.0,5.0,1.0,1.0,0.0,39.2,0.326,64.2,18.1,13.0,25.3,18.3,22.9,104.2,9.9,15.8,12.3,0.772,0.75,-7.18,80.1,0.531,30.2
DAL,2024,MIN,76,87,2.0,6.0,1.0,1.0,0.0,39.2,0.326,64.2,18.1,13.0,25.3,18.3,22.9,104.2,9.9,15.8,12.3,0.772,0.75,-7.18,80.1,0.531,30.2
DAL,2024,LVA,81,95,5.0,6.0,1.0,1.0,0.0,39.2,0.326,64.2,18.1,13.0,25.3,18.3,22.9,104.2,9.9,15.8,12.3,0.772,0.75,-7.18,80.1,0.531,30.2
DAL,2024,LAS,72,81,7.0,6.0,1.0,1.0,0.0,39.2,0.326,64.2,18.1,13.0,25.3,18.3,22.9,104.2,9.9,15.8,12.3,0.772,0.75,-7.18,80.1,0.531,30.2
DAL,2024,PHO,90,97,9.0,6.0,1.0,1.0,0.0,39.2,0.326,64.2,18.1,13.0,25.3,18.3,22.9,104.2,9.9,15.8,12.3,0.772,0.75,-7.18,80.1,0.531,30.2
DAL,2024,SEA,84,92,13.0,6.0,1.0,1.0,0.0,39.2,0.326,64.2,18.1,13.0,25.3,18.3,22.9,104.2,9.9,15.8,12.3,0.772,0.75,-7.18,80.1,0.531,30.2
DAL,2024,CON,67,85,15.0,6.0,1.0,1.0,0.0,39.2,0.326,64.2,18.1,13.0,25.3,18.3,22.9,104.2,9.9,15.8,12.3,0.772,0.75,-7.18,80.1,0.531,30.2
DAL,2024,MIN,78,90,17.0,6.0,1.0,1.0,0.0,39.2,0.326,64.2,18.1,13.0,25.3,18.3,22.9,104.2,9.9,15.8,12.3,0.772,0.75,-7.18,80.1,0.531,30.2
DAL,2024,CHI,72,83,20.0,6.0,0.0,0.0,1.0,39.2,0.326,64.2,18.1,13.0,25.3,18.3,22.9,104.2,9.9,15.8,12.3,0.772,0.75,-7.18,80.1,0.531,30.2
DAL,2024,WAS,69,97,22.0,6.0,0.0,1.0,1.0,39.2,0.326,64.2,18.1,13.0,25.3,18.3,22.9,104.2,9.9,15.8,12.3,0.772,0.75,-7.18,80.1,0.531,30.2
DAL,2024,WAS,84,92,23.0,6.0,0.0,1.0,1.0,39.2,0.326,64.2,18.1,13.0,25.3,18.3,22.9,104.2,9.9,15.8,12.3,0.772,0.75,-7.18,80.1,0.531,30.2
DAL,2024,MIN,94,88,27.0,6.0,0.0,1.0,1.0,39.2,0.326,64.2,18.1,13.0,25.3,18.3,22.9,104.2,9.9,15.8,12.3,0.772,0.75,-7.18,80.1,0.531,30.2
DAL,2024,SEA,76,97,29.0,6.0,0.0,1.0,1.0,39.2,0.326,64.2,18.1,13.0,25.3,18.3,22.9,104.2,9.9,15.8,12.3,0.772,0.75,-7.18,80.1,0.531,30.2
DAL,2024,SEA,71,95,1.0,7.0,0.0,1.0,1.0,39.2,0.326,64.2,18.1,13.0,25.3,18.3,22.9,104.2,9.9,15.8,12.3,0.772,0.75,-7.18,80.1,0.531,30.2
DAL,2024,PHO,96,104,3.0,7.0,0.0,1.0,1.0,39.2,0.326,64.2,18.1,13.0,25.3,18.3,22.9,104.2,9.9,15.8,12.3,0.772,0.75,-7.18,80.1,0.531,30.2
DAL,2024,ATL,85,82,5.0,7.0,0.0,1.0,1.0,39.2,0.326,64.2,18.1,13.0,25.3,18.3,22.9,104.2,9.9,15.8,12.3,0.772,0.75,-7.18,80.1,0.531,30.2
DAL,2024,LVA,85,104,7.0,7.0,0.0,1.0,1.0,39.2,0.326,64.2,18.1,13.0,25.3,18.3,22.9,104.2,9.9,15.8,12.3,0.772,0.75,-7.18,80.1,0.531,30.2
DAL,2024,PHO,84,100,10.0,7.0,0.0,1.0,1.0,39.2,0.326,64.2,18.1,13.0,25.3,18.3,22.9,104.2,9.9,15.8,12.3,0.772,0.75,-7.18,80.1,0.531,30.2
DAL,2024,LAS,81,87,13.0,7.0,0.0,1.0,1.0,39.2,0.326,64.2,18.1,13.0,25.3,18.3,22.9,104.2,9.9,15.8,12.3,0.772,0.75,-7.18,80.1,0.531,30.2
DAL,2024,IND,101,93,17.0,7.0,0.0,1.0,1.0,39.2,0.326,64.2,18.1,13.0,25.3,18.3,22.9,104.2,9.9,15.8,12.3,0.772,0.75,-7.18,80.1,0.531,30.2
DAL,2024,CON,91,109,16.0,8.0,0.0,1.0,1.0,39.2,0.326,64.2,18.1,13.0,25.3,18.3,22.9,104.2,9.9,15.8,12.3,0.772,0.75,-7.18,80.1,0.531,30.2
DAL,2024,NYL,74,94,20.0,8.0,1.0,1.0,1.0,39.2,0.326,64.2,18.1,13.0,25.3,18.3,22.9,104.2,9.9,15.8,12.3,0.772,0.75,-7.18,80.1,0.531,30.2
DAL,2024,NYL,71,79,22.0,8.0,1.0,1.0,1.0,39.2,0.326,64.2,18.1,13.0,25.3,18.3,22.9,104.2,9.9,15.8,12.3,0.772,0.75,-7.18,80.1,0.531,30.2
DAL,2024,LAS,113,110,25.0,8.0,1.0,1.0,1.0,39.2,0.326,64.2,18.1,13.0,25.3,18.3,22.9,104.2,9.9,15.8,12.3,0.772,0.75,-7.18,80.1,0.531,30.2
DAL,2024,LVA,93,90,27.0,8.0,1.0,1.0,1.0,39.2,0.326,64.2,18.1,13.0,25.3,18.3,22.9,104.2,9.9,15.8,12.3,0.772,0.75,-7.18,80.1,0.531,30.2
DAL,2024,MIN,94,76,30.0,8.0,1.0,1.0,1.0,39.2,0.326,64.2,18.1,13.0,25.3,18.3,22.9,104.2,9.9,15.8,12.3,0.772,0.75,-7.18,80.1,0.531,30.2
DAL,2024,IND,93,100,1.0,9.0,1.0,1.0,1.0,39.2,0.326,64.2,18.1,13.0,25.3,18.3,22.9,104.2,9.9,15.8,12.3,0.772,0.75,-7.18,80.1,0.531,30.2
DAL,2024,WAS,86,90,3.0,9.0,1.0,1.0,1.0,39.2,0.326,64.2,18.1,13.0,25.3,18.3,22.9,104.2,9.9,15.8,12.3,0.772,0.75,-7.18,80.1,0.531,30.2
DAL,2024,ATL,96,107,6.0,9.0,1.0,1.0,1.0,39.2,0.326,64.2,18.1,13.0,25.3,18.3,22.9,104.2,9.9,15.8,12.3,0.772,0.75,-7.18,80.1,0.531,30.2
DAL,2024,CHI,77,92,8.0,9.0,1.0,1.0,1.0,39.2,0.326,64.2,18.1,13.0,25.3,18.3,22.9,104.2,9.9,15.8,12.3,0.772,0.75,-7.18,80.1,0.531,30.2
DAL,2024,NYL,91,105,10.0,9.0,1.0,1.0,1.0,39.2,0.326,64.2,18.1,13.0,25.3,18.3,22.9,104.2,9.9,15.8,12.3,0.772,0.75,-7.18,80.1,0.531,30.2
DAL,2024,NYL,67,99,12.0,9.0,1.0,1.0,1.0,39.2,0.326,64.2,18.1,13.0,25.3,18.3,22.9,104.2,9.9,15.8,12.3,0.772,0.75,-7.18,80.1,0.531,30.2
DAL,2024,SEA,81,83,13.0,9.0,1.0,1.0,0.0,39.2,0.326,64.2,18.1,13.0,25.3,18.3,22.9,104.2,9.9,15.8,12.3,0.772,0.75,-7.18,80.1,0.531,30.2
DAL,2024,IND,109,110,15.0,9.0,1.0,1.0,1.0,39.2,0.326,64.2,18.1,13.0,25.3,18.3,22.9,104.2,9.9,15.8,12.3,0.772,0.75,-7.18,80.1,0.531,30.2
DAL,2024,LVA,84,98,19.0,9.0,1.0,1.0,1.0,39.2,0.326,64.2,18.1,13.0,25.3,18.3,22.9,104.2,9.9,15.8,12.3,0.772,0.75,-7.18,80.1,0.531,30.2
IND,2024,CON,71,92,14.0,5.0,0.0,1.0,1.0,39.0,0.356,53.3,16.6,10.3,25.5,17.7,22.7,106.1,9.6,14.5,13.6,0.774,0.49,-2.19,79.8,0.559,24.6
IND,2024,NYL,66,102,16.0,5.0,0.0,1.0,1.0,39.0,0.356,53.3,16.6,10.3,25.5,17.7,22.7,106.1,9.6,14.5,13.6,0.774,0.49,-2.19,79.8,0.559,24.6
IND,2024,NYL,80,91,18.0,5.0,0.0,1.0,1.0,39.0,0.356,53.3,16.6,10.3,25.5,17.7,22.7,106.1,9.6,14.5,13.6,0.774,0.49,-2.19,79.8,0.559,24.6
IND,2024,CON,84,88,20.0,5.0,0.0,1.0,1.0,39.0,0.356,53.3,16.6,10.3,25.5,17.7,22.7,106.1,9.6,14.5,13.6,0.774,0.49,-2.19,79.8,0.559,24.6
IND,2024,SEA,83,85,22.0,5.0,0.0,1.0,1.0,39.0,0.356,53.3,16.6,10.3,25.5,17.7,22.7,106.1,9.6,14.5,13.6,0.774,0.49,-2.19,79.8,0.559,24.6
IND,2024,LAS,78,73,24.0,5.0,0.0,1.0,1.0,39.0,0.356,53.3,16.6,10.3,25.5,17.7,22.7,106.1,9.6,14.5,13.6,0.774,0.49,-2.19,79.8,0.559,24.6
IND,2024,LVA,80,99,25.0,5.0,0.0,1.0,1.0,39.0,0.356,53.3,16.6,10.3,25.5,17.7,22.7,106.1,9.6,14.5,13.6,0.774,0.49,-2.19,79.8,0.559,24.6
IND,2024,LAS,82,88,28.0,5.0,0.0,1.0,1.0,39.0,0.356,53.3,16.6,10.3,25.5,17.7,22.7,106.1,9.6,14.5,13.6,0.774,0.49,-2.19,79.8,0.559,24.6
IND,2024,SEA,88,103,30.0,5.0,0.0,2.0,1.0,39.0,0.356,53.3,16.6,10.3,25.5,17.7,22.7,106.1,9.6,14.5,13.6,0.774,0.49,-2.19,79.8,0.559,24.6
IND,2024,CHI,71,70,1.0,6.0,0.0,1.0,1.0,39.0,0.356,53.3,16.6,10.3,25.5,17.7,22.7,106.1,9.6,14.5,13.6,0.774,0.49,-2.19,79.8,0.559,24.6
IND,2024,NYL,68,104,2.0,6.0,0.0,2.0,1.0,39.0,0.356,53.3,16.6,10.3,25.5,17.7,22.7,106.1,9.6,14.5,13.6,0.774,0.49,-2.19,79.8,0.559,24.6
IND,2024,WAS,85,83,7.0,6.0,0.0,1.0,1.0,39.0,0.356,53.3,16.6,10.3,25.5,17.7,22.7,106.1,9.6,14.5,13.6,0.774,0.49,-2.19,79.8,0.559,24.6
IND,2024,CON,72,89,10.0,6.0,0.0,2.0,1.0,39.0,0.356,53.3,16.6,10.3,25.5,17.7,22.7,106.1,9.6,14.5,13.6,0.774,0.49,-2.19,79.8,0.559,24.6
IND,2024,ATL,91,84,13.0,6.0,0.0,1.0,1.0,39.0,0.356,53.3,16.6,10.3,25.5,17.7,22.7,106.1,9.6,14.5,13.6,0.774,0.49,-2.19,79.8,0.559,24.6
IND,2024,CHI,91,83,16.0,6.0,0.0,1.0,1.0,39.0,0.356,53.3,16.6,10.3,25.5,17.7,22.7,106.1,9.6,14.5,13.6,0.774,0.49,-2.19,79.8,0.559,24.6
IND,2024,WAS,88,81,19.0,6.0,0.0,1.0,1.0,39.0,0.356,53.3,16.6,10.3,25.5,17.7,22.7,106.1,9.6,14.5,13.6,0.774,0.49,-2.19,79.8,0.559,24.6
IND,2024,ATL,91,79,21.0,6.0,0.0,2.0,1.0,39.0,0.356,53.3,16.6,10.3,25.5,17.7,22.7,106.1,9.6,14.5,13.6,0.774,0.49,-2.19,79.8,0.559,24.6
IND,2024,CHI,87,88,23.0,6.0,0.0,1.0,1.0,39.0,0.356,53.3,16.6,10.3,25.5,17.7,22.7,106.1,9.6,14.5,13.6,0.774,0.49,-2.19,79.8,0.559,24.6
IND,2024,SEA,77,89,27.0,6.0,0.0,1.0,1.0,39.0,0.356,53.3,16.6,10.3,25.5,17.7,22.7,106.1,9.6,14.5,13.6,0.774,0.49,-2.19,79.8,0.559,24.6
IND,2024,PHO,88,82,30.0,6.0,0.0,1.0,1.0,39.0,0.356,53.3,16.6,10.3,25.5,17.7,22.7,106.1,9.6,14.5,13.6,0.774,0.49,-2.19,79.8,0.559,24.6
IND,2024,LVA,69,88,2.0,7.0,0.0,1.0,1.0,39.0,0.356,53.3,16.6,10.3,25.5,17.7,22.7,106.1,9.6,14.5,13.6,0.774,0.49,-2.19,79.8,0.559,24.6
IND,2024,NYL,83,78,6.0,7.0,0.0,1.0,1.0,39.0,0.356,53.3,16.6,10.3,25.5,17.7,22.7,106.1,9.6,14.5,13.6,0.774,0.49,-2.19,79.8,0.559,24.6
IND,2024,WAS,84,89,10.0,7.0,0.0,1.0,1.0,39.0,0.356,53.3,16.6,10.3,25.5,17.7,22.7,106.1,9.6,14.5,13.6,0.774,0.49,-2.19,79.8,0.559,24.6
IND,2024,PHO,95,86,12.0,7.0,0.0,0.0,1.0,39.0,0.356,53.3,16.6,10.3,25.5,17.7,22.7,106.1,9.6,14.5,13.6,0.774,0.49,-2.19,79.8,0.559,24.6
IND,2024,MIN,81,74,14.0,7.0,0.0,0.0,1.0,39.0,0.356,53.3,16.6,10.3,25.5,17.7,22.7,106.1,9.6,14.5,13.6,0.774,0.49,-2.19,79.8,0.559,24.6
IND,2024,DAL,93,101,17.0,7.0,0.0,0.0,1.0,39.0,0.356,53.3,16.6,10.3,25.5,17.7,22.7,106.1,9.6,14.5,13.6,0.774,0.49,-2.19,79.8,0.559,24.6
IND,2024,PHO,98,89,16.0,8.0,0.0,0.0,1.0,39.0,0.356,53.3,16.6,10.3,25.5,17.7,22.7,106.1,9.6,14.5,13.6,0.774,0.49,-2.19,79.8,0.559,24.6
IND,2024,SEA,92,75,18.0,8.0,0.0,1.0,1.0,39.0,0.356,53.3,16.6,10.3,25.5,17.7,22.7,106.1,9.6,14.5,13.6,0.774,0.49,-2.19,79.8,0.559,24.6
IND,2024,MIN,80,90,24.0,8.0,0.0,0.0,1.0,39.0,0.356,53.3,16.6,10.3,25.5,17.7,22.7,106.1,9.6,14.5,13.6,0.774,0.49,-2.19,79.8,0.559,24.6
IND,2024,ATL,84,79,26.0,8.0,0.0,0.0,1.0,39.0,0.356,53.3,16.6,10.3,25.5,17.7,22.7,106.1,9.6,14.5,13.6,0.774,0.49,-2.19,79.8,0.559,24.6
IND,2024,CON,84,80,28.0,8.0,0.0,0.0,1.0,39.0,0.356,53.3,16.6,10.3,25.5,17.7,22.7,106.1,9.6,14.5,13.6,0.774,0.49,-2.19,79.8,0.559,24.6
IND,2024,CHI,100,81,30.0,8.0,0.0,1.0,1.0,39.0,0.356,53.3,16.6,10.3,25.5,17.7,22.7,106.1,9.6,14.5,13.6,0.774,0.49,-2.19,79.8,0.559,24.6
IND,2024,DAL,100,93,1.0,9.0,0.0,0.0,1.0,39.0,0.356,53.3,16.6,10.3,25.5,17.7,22.7,106.1,9.6,14.5,13.6,0.774,0.49,-2.19,79.8,0.559,24.6
IND,2024,LAS,93,86,4.0,9.0,0.0,0.0,1.0,39.0,0.356,53.3,16.6,10.3,25.5,17.7,22.7,106.1,9.6,14.5,13.6,0.774,0.49,-2.19,79.8,0.559,24.6
IND,2024,MIN,88,99,6.0,9.0,0.0,0.0,1.0,39.0,0.356,53.3,16.6,10.3,25.5,17.7,22.7,106.1,9.6,14.5,13.6,0.774,0.49,-2.19,79.8,0.559,24.6
IND,2024,ATL,104,100,8.0,9.0,0.0,0.0,1.0,39.0,0.356,53.3,16.6,10.3,25.5,17.7,22.7,106.1,9.6,14.5,13.6,0.774,0.49,-2.19,79.8,0.559,24.6
IND,2024,LVA,75,86,11.0,9.0,0.0,1.0,1.0,39.0,0.356,53.3,16.6,10.3,25.5,17.7,22.7,106.1,9.6,14.5,13.6,0.774,0.49,-2.19,79.8,0.559,24.6
IND,2024,LVA,74,78,13.0,9.0,0.0,0.0,1.0,39.0,0.356,53.3,16.6,10.3,25.5,17.7,22.7,106.1,9.6,14.5,13.6,0.774,0.49,-2.19,79.8,0.559,24.6
IND,2024,DAL,110,109,15.0,9.0,0.0,0.0,1.0,39.0,0.356,53.3,16.6,10.3,25.5,17.7,22.7,106.1,9.6,14.5,13.6,0.774,0.49,-2.19,79.8,0.559,24.6
IND,2024,WAS,91,92,19.0,9.0,0.0,1.0,1.0,39.0,0.356,53.3,16.6,10.3,25.5,17.7,22.7,106.1,9.6,14.5,13.6,0.774,0.49,-2.19,79.8,0.559,24.6
LAS,2024,ATL,81,92,15.0,5.0,1.0,0.0,0.0,35.4,0.32,55.1,18.8,9.2,24.8,18.8,22.5,98.6,11.0,15.9,12.8,0.927,0.92,-6.3,79.2,0.523,22.0
LAS,2024,LVA,82,89,18.0,5.0,1.0,0.0,0.0,35.4,0.32,55.1,18.8,9.2,24.8,18.8,22.5,98.6,11.0,15.9,12.8,0.927,0.92,-6.3,79.2,0.523,22.0
LAS,2024,WAS,70,68,21.0,5.0,1.0,0.0,0.0,35.4,0.32,55.1,18.8,9.2,24.8,18.8,22.5,98.6,11.0,15.9,12.8,0.927,0.92,-6.3,79.2,0.523,22.0
LAS,2024,IND,73,78,24.0,5.0,1.0,0.0,0.0,35.4,0.32,55.1,18.8,9.2,24.8,18.8,22.5,98.6,11.0,15.9,12.8,0.927,0.92,-6.3,79.2,0.523,22.0
LAS,2024,DAL,83,84,26.0,5.0,1.0,0.0,0.0,35.4,0.32,55.1,18.8,9.2,24.8,18.8,22.5,98.6,11.0,15.9,12.8,0.927,0.92,-6.3,79.2,0.523,22.0
LAS,2024,IND,88,82,28.0,5.0,1.0,0.0,0.0,35.4,0.32,55.1,18.8,9.2,24.8,18.8,22.5,98.6,11.0,15.9,12.8,0.927,0.92,-6.3,79.2,0.523,22.0
LAS,2024,CHI,73,83,30.0,5.0,1.0,0.0,0.0,35.4,0.32,55.1,18.8,9.2,24.8,18.8,22.5,98.6,11.0,15.9,12.8,0.927,0.92,-6.3,79.2,0.523,22.0
LAS,2024,PHO,68,87,2.0,6.0,1.0,0.0,0.0,35.4,0.32,55.1,18.8,9.2,24.8,18.8,22.5,98.6,11.0,15.9,12.8,0.927,0.92,-6.3,79.2,0.523,22.0
LAS,2024,MIN,62,86,5.0,6.0,1.0,0.0,0.0,35.4,0.32,55.1,18.8,9.2,24.8,18.8,22.5,98.6,11.0,15.9,12.8,0.927,0.92,-6.3,79.2,0.523,22.0
LAS,2024,DAL,81,72,7.0,6.0,1.0,0.0,0.0,35.4,0.32,55.1,18.8,9.2,24.8,18.8,22.5,98.6,11.0,15.9,12.8,0.927,0.92,-6.3,79.2,0.523,22.0
LAS,2024,LVA,96,92,9.0,6.0,1.0,0.0,0.0,35.4,0.32,55.1,18.8,9.2,24.8,18.8,22.5,98.6,11.0,15.9,12.8,0.927,0.92,-6.3,79.2,0.523,22.0
LAS,2024,SEA,79,95,11.0,6.0,1.0,0.0,0.0,35.4,0.32,55.1,18.8,9.2,24.8,18.8,22.5,98.6,11.0,15.9,12.8,0.927,0.92,-6.3,79.2,0.523,22.0
LAS,2024,MIN,76,81,14.0,6.0,1.0,0.0,0.0,35.4,0.32,55.1,18.8,9.2,24.8,18.8,22.5,98.6,11.0,15.9,12.8,0.927,0.92,-6.3,79.2,0.523,22.0
LAS,2024,ATL,74,87,16.0,6.0,1.0,0.0,0.0,35.4,0.32,55.1,18.8,9.2,24.8,18.8,22.5,98.6,11.0,15.9,12.8,0.927,0.92,-6.3,79.2,0.523,22.0
LAS,2024,CON,70,79,18.0,6.0,1.0,0.0,0.0,35.4,0.32,55.1,18.8,9.2,24.8,18.8,22.5,98.6,11.0,15.9,12.8,0.927,0.92,-6.3,79.2,0.523,22.0
LAS,2024,NYL,80,93,20.0,6.0,1.0,0.0,0.0,35.4,0.32,55.1,18.8,9.2,24.8,18.8,22.5,98.6,11.0,15.9,12.8,0.927,0.92,-6.3,79.2,0.523,22.0
LAS,2024,NYL,88,98,22.0,6.0,1.0,0.0,1.0,35.4,0.32,55.1,18.8,9.2,24.8,18.8,22.5,98.6,11.0,15.9,12.8,0.927,0.92,-6.3,79.2,0.523,22.0
LAS,2024,PHO,78,92,28.0,6.0,1.0,0.0,1.0,35.4,0.32,55.1,18.8,9.2,24.8,18.8,22.5,98.6,11.0,15.9,12.8,0.927,0.92,-6.3,79.2,0.523,22.0
LAS,2024,WAS,80,82,2.0,7.0,1.0,0.0,0.0,35.4,0.32,55.1,18.8,9.2,24.8,18.8,22.5,98.6,11.0,15.9,12.8,0.927,0.92,-6.3,79.2,0.523,22.0
LAS,2024,LVA,98,93,5.0,7.0,1.0,0.0,0.0,35.4,0.32,55.1,18.8,9.2,24.8,18.8,22.5,98.6,11.0,15.9,12.8,0.927,0.92,-6.3,79.2,0.523,22.0
LAS,2024,PHO,78,84,7.0,7.0,1.0,0.0,0.0,35.4,0.32,55.1,18.8,9.2,24.8,18.8,22.5,98.6,11.0,15.9,12.8,0.927,0.92,-6.3,79.2,0.523,22.0
LAS,2024,MIN,67,82,9.0,7.0,1.0,0.0,0.0,35.4,0.32,55.1,18.8,9.2,24.8,18.8,22.5,98.6,11.0,15.9,12.8,0.927,0.92,-6.3,79.2,0.523,22.0
LAS,2024,DAL,87,81,13.0,7.0,1.0,0.0,0.0,35.4,0.32,55.1,18.8,9.2,24.8,18.8,22.5,98.6,11.0,15.9,12.8,0.927,0.92,-6.3,79.2,0.523,22.0
LAS,2024,SEA,83,89,16.0,7.0,1.0,0.0,0.0,35.4,0.32,55.1,18.8,9.2,24.8,18.8,22.5,98.6,11.0,15.9,12.8,0.927,0.92,-6.3,79.2,0.523,22.0
LAS,2024,NYL,68,103,15.0,8.0,0.0,0.0,0.0,35.4,0.32,55.1,18.8,9.2,24.8,18.8,22.5,98.6,11.0,15.9,12.8,0.927,0.92,-6.3,79.2,0.523,22.0
LAS,2024,CHI,86,90,17.0,8.0,0.0,0.0,0.0,35.4,0.32,55.1,18.8,9.2,24.8,18.8,22.5,98.6,11.0,15.9,12.8,0.927,0.92,-6.3,79.2,0.523,22.0
LAS,2024,LVA,71,87,18.0,8.0,0.0,0.0,0.0,35.4,0.32,55.1,18.8,9.2,24.8,18.8,22.5,98.6,11.0,15.9,12.8,0.927,0.92,-6.3,79.2,0.523,22.0
LAS,2024,CON,61,69,20.0,8.0,0.0,0.0,0.0,35.4,0.32,55.1,18.8,9.2,24.8,18.8,22.5,98.6,11.0,15.9,12.8,0.927,0.92,-6.3,79.2,0.523,22.0
LAS,2024,WAS,74,80,23.0,8.0,0.0,0.0,0.0,35.4,0.32,55.1,18.8,9.2,24.8,18.8,22.5,98.6,11.0,15.9,12.8,0.927,0.92,-6.3,79.2,0.523,22.0
LAS,2024,DAL,110,113,25.0,8.0,0.0,0.0,0.0,35.4,0.32,55.1,18.8,9.2,24.8,18.8,22.5,98.6,11.0,15.9,12.8,0.927,0.92,-6.3,79.2,0.523,22.0
LAS,2024,NYL,94,88,28.0,8.0,0.0,0.0,0.0,35.4,0.32,55.1,18.8,9.2,24.8,18.8,22.5,98.6,11.0,15.9,12.8,0.927,0.92,-6.3,79.2,0.523,22.0
LAS,2024,ATL,62,80,1.0,9.0,1.0,0.0,0.0,35.4,0.32,55.1,18.8,9.2,24.8,18.8,22.5,98.6,11.0,15.9,12.8,0.927,0.92,-6.3,79.2,0.523,22.0
LAS,2024,IND,86,93,4.0,9.0,1.0,0.0,0.0,35.4,0.32,55.1,18.8,9.2,24.8,18.8,22.5,98.6,11.0,15.9,12.8,0.927,0.92,-6.3,79.2,0.523,22.0
LAS,2024,CHI,78,92,6.0,9.0,0.0,0.0,0.0,35.4,0.32,55.1,18.8,9.2,24.8,18.8,22.5,98.6,11.0,15.9,12.8,0.927,0.92,-6.3,79.2,0.523,22.0
LAS,2024,CON,67,79,8.0,9.0,0.0,0.0,0.0,35.4,0.32,55.1,18.8,9.2,24.8,18.8,22.5,98.6,11.0,15.9,12.8,0.927,0.92,-6.3,79.2,0.523,22.0
LAS,2024,CON,66,86,10.0,9.0,0.0,0.0,0.0,35.4,0.32,55.1,18.8,9.2,24.8,18.8,22.5,98.6,11.0,15.9,12.8,0.927,0.92,-6.3,79.2,0.523,22.0
LAS,2024,SEA,82,90,11.0,9.0,0.0,0.0,0.0,35.4,0.32,55.1,18.8,9.2,24.8,18.8,22.5,98.6,11.0,15.9,12.8,0.927,0.92,-6.3,79.2,0.523,22.0
LAS,2024,SEA,87,90,15.0,9.0,0.0,0.0,0.0,35.4,0.32,55.1,18.8,9.2,24.8,18.8,22.5,98.6,11.0,15.9,12.8,0.927,0.92,-6.3,79.2,0.523,22.0
LAS,2024,PHO,81,85,17.0,9.0,0.0,0.0,0.0,35.4,0.32,55.1,18.8,9.2,24.8,18.8,22.5,98.6,11.0,15.9,12.8,0.927,0.92,-6.3,79.2,0.523,22.0
LAS,2024,MIN,68,51,19.0,9.0,0.0,0.0,0.0,35.4,0.32,55.1,18.8,9.2,24.8,18.8,22.5,98.6,11.0,15.9,12.8,0.927,0.92,-6.3,79.2,0.523,22.0
LVA,2024,PHO,89,80,14.0,5.0,0.0,0.0,1.0,38.6,0.355,52.1,19.0,7.0,25.6,13.5,20.7,108.0,8.1,15.8,14.5,0.843,-0.7,4.77,79.7,0.567,16.6
LVA,2024,LAS,89,82,18.0,5.0,0.0,0.0,1.0,38.6,0.355,52.1,19.0,7.0,25.6,13.5,20.7,108.0,8.1,15.8,14.5,0.843,-0.7,4.77,79.7,0.567,16.6
LVA,2024,PHO,88,98,21.0,5.0,0.0,0.0,1.0,38.6,0.355,52.1,19.0,7.0,25.6,13.5,20.7,108.0,8.1,15.8,14.5,0.843,-0.7,4.77,79.7,0.567,16.6
LVA,2024,IND,99,80,25.0,5.0,0.0,0.0,1.0,38.6,0.355,52.1,19.0,7.0,25.6,13.5,20.7,108.0,8.1,15.8,14.5,0.843,-0.7,4.77,79.7,0.567,16.6
LVA,2024,MIN,80,66,29.0,5.0,0.0,0.0,1.0,38.6,0.355,52.1,19.0,7.0,25.6,13.5,20.7,108.0,8.1,15.8,14.5,0.843,-0.7,4.77,79.7,0.567,16.6
LVA,2024,ATL,74,78,31.0,5.0,0.0,0.0,1.0,38.6,0.355,52.1,19.0,7.0,25.6,13.5,20.7,108.0,8.1,15.8,14.5,0.843,-0.7,4.77,79.7,0.567,16.6
LVA,2024,DAL,95,81,5.0,6.0,0.0,0.0,1.0,38.6,0.355,52.1,19.0,7.0,25.6,13.5,20.7,108.0,8.1,15.8,14.5,0.843,-0.7,4.77,79.7,0.567,16.6
LVA,2024,SEA,65,78,7.0,6.0,0.0,0.0,1.0,38.6,0.355,52.1,19.0,7.0,25.6,13.5,20.7,108.0,8.1,15.8,14.5,0.843,-0.7,4.77,79.7,0.567,16.6
LVA,2024,LAS,92,96,9.0,6.0,0.0,0.0,1.0,38.6,0.355,52.1,19.0,7.0,25.6,13.5,20.7,108.0,8.1,15.8,14.5,0.843,-0.7,4.77,79.7,0.567,16.6
LVA,2024,MIN,86,100,11.0,6.0,0.0,0.0,1.0,38.6,0.355,52.1,19.0,7.0,25.6,13.5,20.7,108.0,8.1,15.8,14.5,0.843,-0.7,4.77,79.7,0.567,16.6
LVA,2024,PHO,103,99,13.0,6.0,0.0,0.0,1.0,38.6,0.355,52.1,19.0,7.0,25.6,13.5,20.7,108.0,8.1,15.8,14.5,0.843,-0.7,4.77,79.7,0.567,16.6
LVA,2024,NYL,82,90,15.0,6.0,0.0,0.0,1.0,38.6,0.355,52.1,19.0,7.0,25.6,13.5,20.7,108.0,8.1,15.8,14.5,0.843,-0.7,4.77,79.7,0.567,16.6
LVA,2024,SEA,94,83,19.0,6.0,0.0,0.0,1.0,38.6,0.355,52.1,19.0,7.0,25.6,13.5,20.7,108.0,8.1,15.8,14.5,0.843,-0.7,4.77,79.7,0.567,16.6
LVA,2024,CON,85,74,21.0,6.0,0.0,0.0,1.0,38.6,0.355,52.1,19.0,7.0,25.6,13.5,20.7,108.0,8.1,15.8,14.5,0.843,-0.7,4.77,79.7,0.567,16.6
LVA,2024,CHI,95,83,27.0,6.0,0.0,0.0,1.0,38.6,0.355,52.1,19.0,7.0,25.6,13.5,20.7,108.0,8.1,15.8,14.5,0.843,-0.7,4.77,79.7,0.567,16.6
LVA,2024,WAS,88,77,29.0,6.0,0.0,0.0,1.0,38.6,0.355,52.1,19.0,7.0,25.6,13.5,20.7,108.0,8.1,15.8,14.5,0.843,-0.7,4.77,79.7,0.567,16.6
LVA,2024,IND,88,69,2.0,7.0,0.0,0.0,1.0,38.6,0.355,52.1,19.0,7.0,25.6,13.5,20.7,108.0,8.1,15.8,14.5,0.843,-0.7,4.77,79.7,0.567,16.6
LVA,2024,WAS,98,77,4.0,7.0,0.0,0.0,1.0,38.6,0.355,52.1,19.0,7.0,25.6,13.5,20.7,108.0,8.1,15.8,14.5,0.843,-0.7,4.77,79.7,0.567,16.6
LVA,2024,LAS,93,98,5.0,7.0,0.0,0.0,1.0,38.6,0.355,52.1,19.0,7.0,25.6,13.5,20.7,108.0,8.1,15.8,14.5,0.843,-0.7,4.77,79.7,0.567,16.6
LVA,2024,DAL,104,85,7.0,7.0,0.0,0.0,1.0,38.6,0.355,52.1,19.0,7.0,25.6,13.5,20.7,108.0,8.1,15.8,14.5,0.843,-0.7,4.77,79.7,0.567,16.6
LVA,2024,SEA,84,79,10.0,7.0,0.0,0.0,1.0,38.6,0.355,52.1,19.0,7.0,25.6,13.5,20.7,108.0,8.1,15.8,14.5,0.843,-0.7,4.77,79.7,0.567,16.6
LVA,2024,ATL,84,70,12.0,7.0,0.0,0.0,1.0,38.6,0.355,52.1,19.0,7.0,25.6,13.5,20.7,108.0,8.1,15.8,14.5,0.843,-0.7,4.77,79.7,0.567,16.6
LVA,2024,WAS,89,77,14.0,7.0,0.0,0.0,1.0,38.6,0.355,52.1,19.0,7.0,25.6,13.5,20.7,108.0,8.1,15.8,14.5,0.843,-0.7,4.77,79.7,0.567,16.6
LVA,2024,CHI,85,93,16.0,7.0,0.0,0.0,1.0,38.6,0.355,52.1,19.0,7.0,25.6,13.5,20.7,108.0,8.1,15.8,14.5,0.843,-0.7,4.77,79.7,0.567,16.6
LVA,2024,NYL,67,79,17.0,8.0,0.0,0.0,1.0,38.6,0.355,52.1,19.0,7.0,25.6,13.5,20.7,108.0,8.1,15.8,14.5,0.843,-0.7,4.77,79.7,0.567,16.6
LVA,2024,LAS,87,71,18.0,8.0,0.0,0.0,1.0,38.6,0.355,52.1,19.0,7.0,25.6,13.5,20.7,108.0,8.1,15.8,14.5,0.843,-0.7,4.77,79.7,0.567,16.6
LVA,2024,MIN,87,98,21.0,8.0,0.0,0.0,1.0,38.6,0.355,52.1,19.0,7.0,25.6,13.5,20.7,108.0,8.1,15.8,14.5,0.843,-0.7,4.77,79.7,0.567,16.6
LVA,2024,MIN,74,87,23.0,8.0,0.0,0.0,1.0,38.6,0.355,52.1,19.0,7.0,25.6,13.5,20.7,108.0,8.1,15.8,14.5,0.843,-0.7,4.77,79.7,0.567,16.6
LVA,2024,CHI,77,75,25.0,8.0,0.0,0.0,1.0,38.6,0.355,52.1,19.0,7.0,25.6,13.5,20.7,108.0,8.1,15.8,14.5,0.843,-0.7,4.77,79.7,0.567,16.6
LVA,2024,DAL,90,93,27.0,8.0,0.0,0.0,1.0,38.6,0.355,52.1,19.0,7.0,25.6,13.5,20.7,108.0,8.1,15.8,14.5,0.843,-0.7,4.77,79.7,0.567,16.6
LVA,2024,ATL,83,72,30.0,8.0,0.0,0.0,1.0,38.6,0.355,52.1,19.0,7.0,25.6,13.5,20.7,108.0,8.1,15.8,14.5,0.843,-0.7,4.77,79.7,0.567,16.6
LVA,2024,PHO,97,79,1.0,9.0,0.0,0.0,1.0,38.6,0.355,52.1,19.0,7.0,25.6,13.5,20.7,108.0,8.1,15.8,14.5,0.843,-0.7,4.77,79.7,0.567,16.6
LVA,2024,CHI,90,71,3.0,9.0,0.0,0.0,1.0,38.6,0.355,52.1,19.0,7.0,25.6,13.5,20.7,108.0,8.1,15.8,14.5,0.843,-0.7,4.77,79.7,0.567,16.6
LVA,2024,CON,72,67,6.0,9.0,0.0,0.0,1.0,38.6,0.355,52.1,19.0,7.0,25.6,13.5,20.7,108.0,8.1,15.8,14.5,0.843,-0.7,4.77,79.7,0.567,16.6
LVA,2024,NYL,71,75,8.0,9.0,0.0,0.0,1.0,38.6,0.355,52.1,19.0,7.0,25.6,13.5,20.7,108.0,8.1,15.8,14.5,0.843,-0.7,4.77,79.7,0.567,16.6
LVA,2024,IND,86,75,11.0,9.0,0.0,0.0,1.0,38.6,0.355,52.1,19.0,7.0,25.6,13.5,20.7,108.0,8.1,15.8,14.5,0.843,-0.7,4.77,79.7,0.567,16.6
LVA,2024,IND,78,74,13.0,9.0,0.0,0.0,1.0,38.6,0.355,52.1,19.0,7.0,25.6,13.5,20.7,108.0,8.1,15.8,14.5,0.843,-0.7,4.77,79.7,0.567,16.6
LVA,2024,CON,84,71,15.0,9.0,0.0,0.0,2.0,38.6,0.355,52.1,19.0,7.0,25.6,13.5,20.7,108.0,8.1,15.8,14.5,0.843,-0.7,4.77,79.7,0.567,16.6
LVA,2024,SEA,85,72,17.0,9.0,0.0,0.0,1.0,38.6,0.355,52.1,19.0,7.0,25.6,13.5,20.7,108.0,8.1,15.8,14.5,0.843,-0.7,4.77,79.7,0.567,16.6
LVA,2024,DAL,98,84,19.0,9.0,0.0,0.0,1.0,38.6,0.355,52.1,19.0,7.0,25.6,13.5,20.7,108.0,8.1,15.8,14.5,0.843,-0.7,4.77,79.7,0.567,16.6
MIN,2024,SEA,83,70,14.0,5.0,0.0,0.0,0.0,38.4,0.38,54.0,15.6,9.5,29.4,17.1,20.9,104.6,9.5,19.0,14.7,0.974,-0.74,5.64,77.7,0.553,22.3
MIN,2024,SEA,102,93,17.0,5.0,1.0,0.0,0.0,38.4,0.38,54.0,15.6,9.5,29.4,17.1,20.9,104.6,9.5,19.0,14.7,0.974,-0.74,5.64,77.7,0.553,22.3
MIN,2024,CON,82,83,23.0,5.0,1.0,0.0,0.0,38.4,0.38,54.0,15.6,9.5,29.4,17.1,20.9,104.6,9.5,19.0,14.7,0.974,-0.74,5.64,77.7,0.553,22.3
MIN,2024,NYL,84,67,25.0,5.0,1.0,0.0,0.0,38.4,0.38,54.0,15.6,9.5,29.4,17.1,20.9,104.6,9.5,19.0,14.7,0.974,-0.74,5.64,77.7,0.553,22.3
MIN,2024,ATL,92,79,26.0,5.0,0.0,0.0,0.0,38.4,0.38,54.0,15.6,9.5,29.4,17.1,20.9,104.6,9.5,19.0,14.7,0.974,-0.74,5.64,77.7,0.553,22.3
MIN,2024,LVA,66,80,29.0,5.0,0.0,0.0,0.0,38.4,0.38,54.0,15.6,9.5,29.4,17.1,20.9,104.6,9.5,19.0,14.7,0.974,-0.74,5.64,77.7,0.553,22.3
MIN,2024,PHO,95,71,31.0,5.0,1.0,0.0,0.0,38.4,0.38,54.0,15.6,9.5,29.4,17.1,20.9,104.6,9.5,19.0,14.7,0.974,-0.74,5.64,77.7,0.553,22.3
MIN,2024,DAL,87,76,2.0,6.0,1.0,0.0,0.0,38.4,0.38,54.0,15.6,9.5,29.4,17.1,20.9,104.6,9.5,19.0,14.7,0.974,-0.74,5.64,77.7,0.553,22.3
MIN,2024,LAS,86,62,5.0,6.0,1.0,0.0,0.0,38.4,0.38,54.0,15.6,9.5,29.4,17.1,20.9,104.6,9.5,19.0,14.7,0.974,-0.74,5.64,77.7,0.553,22.3
MIN,2024,PHO,80,81,7.0,6.0,0.0,0.0,0.0,38.4,0.38,54.0,15.6,9.5,29.4,17.1,20.9,104.6,9.5,19.0,14.7,0.974,-0.74,5.64,77.7,0.553,22.3
MIN,2024,SEA,83,64,9.0,6.0,1.0,0.0,0.0,38.4,0.38,54.0,15.6,9.5,29.4,17.1,20.9,104.6,9.5,19.0,14.7,0.974,-0.74,5.64,77.7,0.553,22.3
MIN,2024,LVA,100,86,11.0,6.0,1.0,0.0,0.0,38.4,0.38,54.0,15.6,9.5,29.4,17.1,20.9,104.6,9.5,19.0,14.7,0.974,-0.74,5.64,77.7,0.553,22.3
MIN,2024,LAS,81,76,14.0,6.0,0.0,0.0,0.0,38.4,0.38,54.0,15.6,9.5,29.4,17.1,20.9,104.6,9.5,19.0,14.7,0.974,-0.74,5.64,77.7,0.553,22.3
MIN,2024,DAL,90,78,17.0,6.0,1.0,0.0,0.0,38.4,0.38,54.0,15.6,9.5,29.4,17.1,20.9,104.6,9.5,19.0,14.7,0.974,-0.74,5.64,77.7,0.553,22.3
MIN,2024,ATL,68,55,19.0,6.0,0.0,0.0,0.0,38.4,0.38,54.0,15.6,9.5,29.4,17.1,20.9,104.6,9.5,19.0,14.7,0.974,-0.74,5.64,77.7,0.553,22.3
MIN,2024,PHO,73,60,22.0,6.0,1.0,0.0,0.0,38.4,0.38,54.0,15.6,9.5,29.4,17.1,20.9,104.6,9.5,19.0,14.7,0.974,-0.74,5.64,77.7,0.553,22.3
MIN,2024,DAL,88,94,27.0,6.0,0.0,0.0,0.0,38.4,0.38,54.0,15.6,9.5,29.4,17.1,20.9,104.6,9.5,19.0,14.7,0.974,-0.74,5.64,77.7,0.553,22.3
MIN,2024,CHI,70,62,30.0,6.0,0.0,0.0,0.0,38.4,0.38,54.0,15.6,9.5,29.4,17.1,20.9,104.6,9.5,19.0,14.7,0.974,-0.74,5.64,77.7,0.553,22.3
MIN,2024,NYL,67,76,2.0,7.0,1.0,0.0,0.0,38.4,0.38,54.0,15.6,9.5,29.4,17.1,20.9,104.6,9.5,19.0,14.7,0.974,-0.74,5.64,77.7,0.553,22.3
MIN,2024,CON,73,78,4.0,7.0,0.0,0.0,0.0,38.4,0.38,54.0,15.6,9.5,29.4,17.1,20.9,104.6,9.5,19.0,14.7,0.974,-0.74,5.64,77.7,0.553,22.3
MIN,2024,WAS,74,67,6.0,7.0,1.0,0.0,0.0,38.4,0.38,54.0,15.6,9.5,29.4,17.1,20.9,104.6,9.5,19.0,14.7,0.974,-0.74,5.64,77.7,0.553,22.3
MIN,2024,LAS,82,67,9.0,7.0,1.0,0.0,0.0,38.4,0.38,54.0,15.6,9.5,29.4,17.1,20.9,104.6,9.5,19.0,14.7,0.974,-0.74,5.64,77.7,0.553,22.3
MIN,2024,SEA,63,91,12.0,7.0,1.0,0.0,0.0,38.4,0.38,54.0,15.6,9.5,29.4,17.1,20.9,104.6,9.5,19.0,14.7,0.974,-0.74,5.64,77.7,0.553,22.3
MIN,2024,IND,74,81,14.0,7.0,1.0,0.0,0.0,38.4,0.38,54.0,15.6,9.5,29.4,17.1,20.9,104.6,9.5,19.0,14.7,0.974,-0.74,5.64,77.7,0.553,22.3
MIN,2024,ATL,86,79,17.0,7.0,1.0,0.0,0.0,38.4,0.38,54.0,15.6,9.5,29.4,17.1,20.9,104.6,9.5,19.0,14.7,0.974,-0.74,5.64,77.7,0.553,22.3
MIN,2024,WAS,79,68,15.0,8.0,0.0,0.0,0.0,38.4,0.38,54.0,15.6,9.5,29.4,17.1,20.9,104.6,9.5,19.0,14.7,0.974,-0.74,5.64,77.7,0.553,22.3
MIN,2024,WAS,99,83,17.0,8.0,1.0,0.0,0.0,38.4,0.38,54.0,15.6,9.5,29.4,17.1,20.9,104.6,9.5,19.0,14.7,0.974,-0.74,5.64,77.7,0.553,22.3
MIN,2024,LVA,98,87,21.0,8.0,0.0,0.0,0.0,38.4,0.38,54.0,15.6,9.5,29.4,17.1,20.9,104.6,9.5,19.0,14.7,0.974,-0.74,5.64,77.7,0.553,22.3
MIN,2024,LVA,87,74,23.0,8.0,0.0,0.0,0.0,38.4,0.38,54.0,15.6,9.5,29.4,17.1,20.9,104.6,9.5,19.0,14.7,0.974,-0.74,5.64,77.7,0.553,22.3
MIN,2024,IND,90,80,24.0,8.0,0.0,0.0,0.0,38.4,0.38,54.0,15.6,9.5,29.4,17.1,20.9,104.6,9.5,19.0,14.7,0.974,-0.74,5.64,77.7,0.553,22.3
MIN,2024,PHO,89,76,28.0,8.0,0.0,0.0,0.0,38.4,0.38,54.0,15.6,9.5,29.4,17.1,20.9,104.6,9.5,19.0,14.7,0.974,-0.74,5.64,77.7,0.553,22.3
MIN,2024,DAL,76,94,30.0,8.0,0.0,0.0,0.0,38.4,0.38,54.0,15.6,9.5,29.4,17.1,20.9,104.6,9.5,19.0,14.7,0.974,-0.74,5.64,77.7,0.553,22.3
MIN,2024,CHI,79,74,1.0,9.0,0.0,0.0,0.0,38.4,0.38,54.0,15.6,9.5,29.4,17.1,20.9,104.6,9.5,19.0,14.7,0.974,-0.74,5.64,77.7,0.553,22.3
MIN,2024,IND,99,88,6.0,9.0,0.0,0.0,0.0,38.4,0.38,54.0,15.6,9.5,29.4,17.1,20.9,104.6,9.5,19.0,14.7,0.974,-0.74,5.64,77.7,0.553,22.3
MIN,2024,WAS,78,71,8.0,9.0,0.0,0.0,0.0,38.4,0.38,54.0,15.6,9.5,29.4,17.1,20.9,104.6,9.5,19.0,14.7,0.974,-0.74,5.64,77.7,0.553,22.3
MIN,2024,ATL,76,64,10.0,9.0,0.0,0.0,0.0,38.4,0.38,54.0,15.6,9.5,29.4,17.1,20.9,104.6,9.5,19.0,14.7,0.974,-0.74,5.64,77.7,0.553,22.3
MIN,2024,CHI,83,66,13.0,9.0,0.0,0.0,0.0,38.4,0.38,54.0,15.6,9.5,29.4,17.1,20.9,104.6,9.5,19.0,14.7,0.974,-0.74,5.64,77.7,0.553,22.3
MIN,2024,NYL,88,79,15.0,9.0,0.0,0.0,0.0,38.4,0.38,54.0,15.6,9.5,29.4,17.1,20.9,104.6,9.5,19.0,14.7,0.974,-0.74,5.64,77.7,0.553,22.3
MIN,2024,CON,78,76,17.0,9.0,0.0,0.0,0.0,38.4,0.38,54.0,15.6,9.5,29.4,17.1,20.9,104.6,9.5,19.0,14.7,0.974,-0.74,5.64,77.7,0.553,22.3
MIN,2024,LAS,51,68,19.0,9.0,0.0,0.0,0.0,38.4,0.38,54.0,15.6,9.5,29.4,17.1,20.9,104.6,9.5,19.0,14.7,0.974,-0.74,5.64,77.7,0.553,22.3
NYL,2024,WAS,85,80,14.0,5.0,2.0,0.0,1.0,39.4,0.349,50.8,17.9,10.8,29.2,16.2,19.7,109.6,8.0,16.2,14.5,0.911,-1.09,8.06,78.1,0.561,25.1
NYL,2024,IND,102,66,16.0,5.0,3.0,0.0,1.0,39.4,0.349,50.8,17.9,10.8,29.2,16.2,19.7,109.6,8.0,16.2,14.5,0.911,-1.09,8.06,78.1,0.561,25.1
NYL,2024,IND,91,80,18.0,5.0,3.0,0.0,1.0,39.4,0.349,50.8,17.9,10.8,29.2,16.2,19.7,109.6,8.0,16.2,14.5,0.911,-1.09,8.06,78.1,0.561,25.1
NYL,2024,SEA,74,63,20.0,5.0,2.0,0.0,1.0,39.4,0.349,50.8,17.9,10.8,29.2,16.2,19.7,109.6,8.0,16.2,14.5,0.911,-1.09,8.06,78.1,0.561,25.1
NYL,2024,CHI,81,90,23.0,5.0,2.0,0.0,1.0,39.4,0.349,50.8,17.9,10.8,29.2,16.2,19.7,109.6,8.0,16.2,14.5,0.911,-1.09,8.06,78.1,0.561,25.1
NYL,2024,MIN,67,84,25.0,5.0,3.0,0.0,1.0,39.4,0.349,50.8,17.9,10.8,29.2,16.2,19.7,109.6,8.0,16.2,14.5,0.911,-1.09,8.06,78.1,0.561,25.1
NYL,2024,PHO,81,78,29.0,5.0,1.0,0.0,1.0,39.4,0.349,50.8,17.9,10.8,29.2,16.2,19.7,109.6,8.0,16.2,14.5,0.911,-1.09,8.06,78.1,0.561,25.1
NYL,2024,WAS,90,79,31.0,5.0,3.0,0.0,1.0,39.4,0.349,50.8,17.9,10.8,29.2,16.2,19.7,109.6,8.0,16.2,14.5,0.911,-1.09,8.06,78.1,0.561,25.1
NYL,2024,IND,104,68,2.0,6.0,3.0,0.0,1.0,39.4,0.349,50.8,17.9,10.8,29.2,16.2,19.7,109.6,8.0,16.2,14.5,0.911,-1.09,8.06,78.1,0.561,25.1
NYL,2024,CHI,88,75,4.0,6.0,1.0,0.0,1.0,39.4,0.349,50.8,17.9,10.8,29.2,16.2,19.7,109.6,8.0,16.2,14.5,0.911,-1.09,8.06,78.1,0.561,25.1
NYL,2024,ATL,78,61,6.0,6.0,3.0,0.0,1.0,39.4,0.349,50.8,17.9,10.8,29.2,16.2,19.7,109.6,8.0,16.2,14.5,0.911,-1.09,8.06,78.1,0.561,25.1
NYL,2024,CON,82,75,8.0,6.0,2.0,0.0,1.0,39.4,0.349,50.8,17.9,10.8,29.2,16.2,19.7,109.6,8.0,16.2,14.5,0.911,-1.09,8.06,78.1,0.561,25.1
NYL,2024,WAS,93,88,9.0,6.0,3.0,0.0,1.0,39.4,0.349,50.8,17.9,10.8,29.2,16.2,19.7,109.6,8.0,16.2,14.5,0.911,-1.09,8.06,78.1,0.561,25.1
NYL,2024,LVA,90,82,15.0,6.0,3.0,0.0,1.0,39.4,0.349,50.8,17.9,10.8,29.2,16.2,19.7,109.6,8.0,16.2,14.5,0.911,-1.09,8.06,78.1,0.561,25.1
NYL,2024,PHO,93,99,18.0,6.0,2.0,0.0,1.0,39.4,0.349,50.8,17.9,10.8,29.2,16.2,19.7,109.6,8.0,16.2,14.5,0.911,-1.09,8.06,78.1,0.561,25.1
NYL,2024,LAS,93,80,20.0,6.0,3.0,0.0,1.0,39.4,0.349,50.8,17.9,10.8,29.2,16.2,19.7,109.6,8.0,16.2,14.5,0.911,-1.09,8.06,78.1,0.561,25.1
NYL,2024,LAS,98,88,22.0,6.0,3.0,0.0,1.0,39.4,0.349,50.8,17.9,10.8,29.2,16.2,19.7,109.6,8.0,16.2,14.5,0.911,-1.09,8.06,78.1,0.561,25.1
NYL,2024,ATL,96,75,23.0,6.0,3.0,0.0,1.0,39.4,0.349,50.8,17.9,10.8,29.2,16.2,19.7,109.6,8.0,16.2,14.5,0.911,-1.09,8.06,78.1,0.561,25.1
NYL,2024,ATL,81,75,30.0,6.0,1.0,0.0,1.0,39.4,0.349,50.8,17.9,10.8,29.2,16.2,19.7,109.6,8.0,16.2,14.5,0.911,-1.09,8.06,78.1,0.561,25.1
NYL,2024,MIN,76,67,2.0,7.0,1.0,0.0,1.0,39.4,0.349,50.8,17.9,10.8,29.2,16.2,19.7,109.6,8.0,16.2,14.5,0.911,-1.09,8.06,78.1,0.561,25.1
NYL,2024,IND,78,83,6.0,7.0,1.0,0.0,1.0,39.4,0.349,50.8,17.9,10.8,29.2,16.2,19.7,109.6,8.0,16.2,14.5,0.911,-1.09,8.06,78.1,0.561,25.1
NYL,2024,CON,71,68,10.0,7.0,1.0,0.0,1.0,39.4,0.349,50.8,17.9,10.8,29.2,16.2,19.7,109.6,8.0,16.2,14.5,0.911,-1.09,8.06,78.1,0.561,25.1
NYL,2024,CHI,91,76,11.0,7.0,3.0,0.0,1.0,39.4,0.349,50.8,17.9,10.8,29.2,16.2,19.7,109.6,8.0,16.2,14.5,0.911,-1.09,8.06,78.1,0.561,25.1
NYL,2024,CHI,81,67,13.0,7.0,2.0,0.0,1.0,39.4,0.349,50.8,17.9,10.8,29.2,16.2,19.7,109.6,8.0,16.2,14.5,0.911,-1.09,8.06,78.1,0.561,25.1
NYL,2024,CON,82,74,16.0,7.0,2.0,0.0,1.0,39.4,0.349,50.8,17.9,10.8,29.2,16.2,19.7,109.6,8.0,16.2,14.5,0.911,-1.09,8.06,78.1,0.561,25.1
NYL,2024,LAS,103,68,15.0,8.0,3.0,0.0,1.0,39.4,0.349,50.8,17.9,10.8,29.2,16.2,19.7,109.6,8.0,16.2,14.5,0.911,-1.09,8.06,78.1,0.561,25.1
NYL,2024,LVA,79,67,17.0,8.0,2.0,0.0,1.0,39.4,0.349,50.8,17.9,10.8,29.2,16.2,19.7,109.6,8.0,16.2,14.5,0.911,-1.09,8.06,78.1,0.561,25.1
NYL,2024,DAL,94,74,20.0,8.0,3.0,0.0,0.0,39.4,0.349,50.8,17.9,10.8,29.2,16.2,19.7,109.6,8.0,16.2,14.5,0.911,-1.09,8.06,78.1,0.561,25.1
NYL,2024,DAL,79,71,22.0,8.0,2.0,0.0,0.0,39.4,0.349,50.8,17.9,10.8,29.2,16.2,19.7,109.6,8.0,16.2,14.5,0.911,-1.09,8.06,78.1,0.561,25.1
NYL,2024,CON,64,72,24.0,8.0,3.0,0.0,1.0,39.4,0.349,50.8,17.9,10.8,29.2,16.2,19.7,109.6,8.0,16.2,14.5,0.911,-1.09,8.06,78.1,0.561,25.1
NYL,2024,PHO,84,70,26.0,8.0,1.0,0.0,1.0,39.4,0.349,50.8,17.9,10.8,29.2,16.2,19.7,109.6,8.0,16.2,14.5,0.911,-1.09,8.06,78.1,0.561,25.1
NYL,2024,LAS,88,94,28.0,8.0,0.0,0.0,1.0,39.4,0.349,50.8,17.9,10.8,29.2,16.2,19.7,109.6,8.0,16.2,14.5,0.911,-1.09,8.06,78.1,0.561,25.1
NYL,2024,SEA,98,85,30.0,8.0,1.0,0.0,1.0,39.4,0.349,50.8,17.9,10.8,29.2,16.2,19.7,109.6,8.0,16.2,14.5,0.911,-1.09,8.06,78.1,0.561,25.1
NYL,2024,SEA,77,70,5.0,9.0,1.0,0.0,1.0,39.4,0.349,50.8,17.9,10.8,29.2,16.2,19.7,109.6,8.0,16.2,14.5,0.911,-1.09,8.06,78.1,0.561,25.1
NYL,2024,LVA,75,71,8.0,9.0,1.0,0.0,1.0,39.4,0.349,50.8,17.9,10.8,29.2,16.2,19.7,109.6,8.0,16.2,14.5,0.911,-1.09,8.06,78.1,0.561,25.1
NYL,2024,DAL,105,91,10.0,9.0,3.0,0.0,1.0,39.4,0.349,50.8,17.9,10.8,29.2,16.2,19.7,109.6,8.0,16.2,14.5,0.911,-1.09,8.06,78.1,0.561,25.1
NYL,2024,DAL,99,67,12.0,9.0,3.0,0.0,1.0,39.4,0.349,50.8,17.9,10.8,29.2,16.2,19.7,109.6,8.0,16.2,14.5,0.911,-1.09,8.06,78.1,0.561,25.1
NYL,2024,MIN,79,88,15.0,9.0,1.0,0.0,1.0,39.4,0.349,50.8,17.9,10.8,29.2,16.2,19.7,109.6,8.0,16.2,14.5,0.911,-1.09,8.06,78.1,0.561,25.1
NYL,2024,WAS,87,71,17.0,9.0,3.0,0.0,1.0,39.4,0.349,50.8,17.9,10.8,29.2,16.2,19.7,109.6,8.0,16.2,14.5,0.911,-1.09,8.06,78.1,0.561,25.1
NYL,2024,ATL,67,78,19.0,9.0,2.0,0.0,1.0,39.4,0.349,50.8,17.9,10.8,29.2,16.2,19.7,109.6,8.0,16.2,14.5,0.911,-1.09,8.06,78.1,0.561,25.1
PHO,2024,LVA,80,89,14.0,5.0,1.0,2.0,1.0,37.0,0.326,51.1,18.7,8.6,25.3,16.9,21.5,103.6,8.9,15.2,14.5,0.865,0.33,-2.97,78.2,0.547,20.0
PHO,2024,ATL,88,85,18.0,5.0,1.0,2.0,1.0,37.0,0.326,51.1,18.7,8.6,25.3,16.9,21.5,103.6,8.9,15.2,14.5,0.865,0.33,-2.97,78.2,0.547,20.0
PHO,2024,LVA,98,88,21.0,5.0,1.0,2.0,1.0,37.0,0.326,51.1,18.7,8.6,25.3,16.9,21.5,103.6,8.9,15.2,14.5,0.865,0.33,-2.97,78.2,0.547,20.0
PHO,2024,WAS,83,80,23.0,5.0,1.0,2.0,1.0,37.0,0.326,51.1,18.7,8.6,25.3,16.9,21.5,103.6,8.9,15.2,14.5,0.865,0.33,-2.97,78.2,0.547,20.0
PHO,2024,DAL,92,107,25.0,5.0,1.0,2.0,1.0,37.0,0.326,51.1,18.7,8.6,25.3,16.9,21.5,103.6,8.9,15.2,14.5,0.865,0.33,-2.97,78.2,0.547,20.0
PHO,2024,CON,47,70,28.0,5.0,1.0,0.0,1.0,37.0,0.326,51.1,18.7,8.6,25.3,16.9,21.5,103.6,8.9,15.2,14.5,0.865,0.33,-2.97,78.2,0.547,20.0
PHO,2024,NYL,78,81,29.0,5.0,1.0,1.0,1.0,37.0,0.326,51.1,18.7,8.6,25.3,16.9,21.5,103.6,8.9,15.2,14.5,0.865,0.33,-2.97,78.2,0.547,20.0
PHO,2024,MIN,71,95,31.0,5.0,1.0,1.0,1.0,37.0,0.326,51.1,18.7,8.6,25.3,16.9,21.5,103.6,8.9,15.2,14.5,0.865,0.33,-2.97,78.2,0.547,20.0
PHO,2024,LAS,87,68,2.0,6.0,1.0,1.0,1.0,37.0,0.326,51.1,18.7,8.6,25.3,16.9,21.5,103.6,8.9,15.2,14.5,0.865,0.33,-2.97,78.2,0.547,20.0
PHO,2024,SEA,62,80,4.0,6.0,1.0,1.0,1.0,37.0,0.326,51.1,18.7,8.6,25.3,16.9,21.5,103.6,8.9,15.2,14.5,0.865,0.33,-2.97,78.2,0.547,20.0
PHO,2024,MIN,81,80,7.0,6.0,1.0,2.0,1.0,37.0,0.326,51.1,18.7,8.6,25.3,16.9,21.5,103.6,8.9,15.2,14.5,0.865,0.33,-2.97,78.2,0.547,20.0
PHO,2024,DAL,97,90,9.0,6.0,1.0,2.0,1.0,37.0,0.326,51.1,18.7,8.6,25.3,16.9,21.5,103.6,8.9,15.2,14.5,0.865,0.33,-2.97,78.2,0.547,20.0
PHO,2024,LVA,99,103,13.0,6.0,1.0,2.0,1.0,37.0,0.326,51.1,18.7,8.6,25.3,16.9,21.5,103.6,8.9,15.2,14.5,0.865,0.33,-2.97,78.2,0.547,20.0
PHO,2024,SEA,87,78,16.0,6.0,1.0,2.0,1.0,37.0,0.326,51.1,18.7,8.6,25.3,16.9,21.5,103.6,8.9,15.2,14.5,0.865,0.33,-2.97,78.2,0.547,20.0
PHO,2024,NYL,99,93,18.0,6.0,1.0,2.0,1.0,37.0,0.326,51.1,18.7,8.6,25.3,16.9,21.5,103.6,8.9,15.2,14.5,0.865,0.33,-2.97,78.2,0.547,20.0
PHO,2024,MIN,60,73,22.0,6.0,1.0,1.0,1.0,37.0,0.326,51.1,18.7,8.6,25.3,16.9,21.5,103.6,8.9,15.2,14.5,0.865,0.33,-2.97,78.2,0.547,20.0
PHO,2024,LAS,92,78,28.0,6.0,1.0,2.0,1.0,37.0,0.326,51.1,18.7,8.6,25.3,16.9,21.5,103.6,8.9,15.2,14.5,0.865,0.33,-2.97,78.2,0.547,20.0
PHO,2024,IND,82,88,30.0,6.0,1.0,2.0,1.0,37.0,0.326,51.1,18.7,8.6,25.3,16.9,21.5,103.6,8.9,15.2,14.5,0.865,0.33,-2.97,78.2,0.547,20.0
PHO,2024,CON,72,83,1.0,7.0,1.0,1.0,1.0,37.0,0.326,51.1,18.7,8.6,25.3,16.9,21.5,103.6,8.9,15.2,14.5,0.865,0.33,-2.97,78.2,0.547,20.0
PHO,2024,DAL,104,96,3.0,7.0,1.0,2.0,1.0,37.0,0.326,51.1,18.7,8.6,25.3,16.9,21.5,103.6,8.9,15.2,14.5,0.865,0.33,-2.97,78.2,0.547,20.0
PHO,2024,LAS,84,78,7.0,7.0,1.0,1.0,1.0,37.0,0.326,51.1,18.7,8.6,25.3,16.9,21.5,103.6,8.9,15.2,14.5,0.865,0.33,-2.97,78.2,0.547,20.0
PHO,2024,DAL,100,84,10.0,7.0,1.0,2.0,1.0,37.0,0.326,51.1,18.7,8.6,25.3,16.9,21.5,103.6,8.9,15.2,14.5,0.865,0.33,-2.97,78.2,0.547,20.0
PHO,2024,IND,86,95,12.0,7.0,0.0,2.0,1.0,37.0,0.326,51.1,18.7,8.6,25.3,16.9,21.5,103.6,8.9,15.2,14.5,0.865,0.33,-2.97,78.2,0.547,20.0
PHO,2024,CON,69,96,14.0,7.0,1.0,2.0,1.0,37.0,0.326,51.1,18.7,8.6,25.3,16.9,21.5,103.6,8.9,15.2,14.5,0.865,0.33,-2.97,78.2,0.547,20.0
PHO,2024,WAS,96,87,16.0,7.0,1.0,2.0,1.0,37.0,0.326,51.1,18.7,8.6,25.3,16.9,21.5,103.6,8.9,15.2,14.5,0.865,0.33,-2.97,78.2,0.547,20.0
PHO,2024,CHI,85,65,15.0,8.0,1.0,1.0,1.0,37.0,0.326,51.1,18.7,8.6,25.3,16.9,21.5,103.6,8.9,15.2,14.5,0.865,0.33,-2.97,78.2,0.547,20.0
PHO,2024,IND,89,98,16.0,8.0,1.0,1.0,1.0,37.0,0.326,51.1,18.7,8.6,25.3,16.9,21.5,103.6,8.9,15.2,14.5,0.865,0.33,-2.97,78.2,0.547,20.0
PHO,2024,CHI,86,68,18.0,8.0,1.0,1.0,1.0,37.0,0.326,51.1,18.7,8.6,25.3,16.9,21.5,103.6,8.9,15.2,14.5,0.865,0.33,-2.97,78.2,0.547,20.0
PHO,2024,ATL,63,72,21.0,8.0,1.0,0.0,1.0,37.0,0.326,51.1,18.7,8.6,25.3,16.9,21.5,103.6,8.9,15.2,14.5,0.865,0.33,-2.97,78.2,0.547,20.0
PHO,2024,ATL,82,80,23.0,8.0,1.0,1.0,1.0,37.0,0.326,51.1,18.7,8.6,25.3,16.9,21.5,103.6,8.9,15.2,14.5,0.865,0.33,-2.97,78.2,0.547,20.0
PHO,2024,NYL,70,84,26.0,8.0,1.0,1.0,1.0,37.0,0.326,51.1,18.7,8.6,25.3,16.9,21.5,103.6,8.9,15.2,14.5,0.865,0.33,-2.97,78.2,0.547,20.0
PHO,2024,MIN,76,89,28.0,8.0,1.0,1.0,1.0,37.0,0.326,51.1,18.7,8.6,25.3,16.9,21.5,103.6,8.9,15.2,14.5,0.865,0.33,-2.97,78.2,0.547,20.0
PHO,2024,LVA,79,97,1.0,9.0,1.0,1.0,1.0,37.0,0.326,51.1,18.7,8.6,25.3,16.9,21.5,103.6,8.9,15.2,14.5,0.865,0.33,-2.97,78.2,0.547,20.0
PHO,2024,ATL,74,66,3.0,9.0,0.0,1.0,1.0,37.0,0.326,51.1,18.7,8.6,25.3,16.9,21.5,103.6,8.9,15.2,14.5,0.865,0.33,-2.97,78.2,0.547,20.0
PHO,2024,WAS,77,90,5.0,9.0,1.0,1.0,1.0,37.0,0.326,51.1,18.7,8.6,25.3,16.9,21.5,103.6,8.9,15.2,14.5,0.865,0.33,-2.97,78.2,0.547,20.0
PHO,2024,SEA,66,90,7.0,9.0,1.0,1.0,1.0,37.0,0.326,51.1,18.7,8.6,25.3,16.9,21.5,103.6,8.9,15.2,14.5,0.865,0.33,-2.97,78.2,0.547,20.0
PHO,2024,CON,69,88,13.0,9.0,1.0,1.0,0.0,37.0,0.326,51.1,18.7,8.6,25.3,16.9,21.5,103.6,8.9,15.2,14.5,0.865,0.33,-2.97,78.2,0.547,20.0
PHO,2024,CHI,93,88,15.0,9.0,1.0,1.0,0.0,37.0,0.326,51.1,18.7,8.6,25.3,16.9,21.5,103.6,8.9,15.2,14.5,0.865,0.33,-2.97,78.2,0.547,20.0
PHO,2024,LAS,85,81,17.0,9.0,1.0,1.0,0.0,37.0,0.326,51.1,18.7,8.6,25.3,16.9,21.5,103.6,8.9,15.2,14.5,0.865,0.33,-2.97,78.2,0.547,20.0
PHO,2024,SEA,70,89,19.0,9.0,1.0,1.0,1.0,37.0,0.326,51.1,18.7,8.6,25.3,16.9,21.5,103.6,8.9,15.2,14.5,0.865,0.33,-2.97,78.2,0.547,20.0
SEA,2024,MIN,70,83,14.0,5.0,0.0,1.0,1.0,38.9,0.288,63.0,18.9,10.8,25.8,15.5,20.7,104.2,9.5,18.7,12.8,0.868,-0.56,3.92,79.4,0.525,24.2
SEA,2024,MIN,93,102,17.0,5.0,0.0,1.0,1.0,38.9,0.288,63.0,18.9,10.8,25.8,15.5,20.7,104.2,9.5,18.7,12.8,0.868,-0.56,3.92,79.4,0.525,24.2
SEA,2024,WAS,84,75,19.0,5.0,0.0,1.0,1.0,38.9,0.288,63.0,18.9,10.8,25.8,15.5,20.7,104.2,9.5,18.7,12.8,0.868,-0.56,3.92,79.4,0.525,24.2
SEA,2024,NYL,63,74,20.0,5.0,0.0,1.0,1.0,38.9,0.288,63.0,18.9,10.8,25.8,15.5,20.7,104.2,9.5,18.7,12.8,0.868,-0.56,3.92,79.4,0.525,24.2
SEA,2024,IND,85,83,22.0,5.0,0.0,1.0,1.0,38.9,0.288,63.0,18.9,10.8,25.8,15.5,20.7,104.2,9.5,18.7,12.8,0.868,-0.56,3.92,79.4,0.525,24.2
SEA,2024,WAS,101,69,25.0,5.0,0.0,1.0,1.0,38.9,0.288,63.0,18.9,10.8,25.8,15.5,20.7,104.2,9.5,18.7,12.8,0.868,-0.56,3.92,79.4,0.525,24.2
SEA,2024,CHI,77,68,28.0,5.0,0.0,1.0,1.0,38.9,0.288,63.0,18.9,10.8,25.8,15.5,20.7,104.2,9.5,18.7,12.8,0.868,-0.56,3.92,79.4,0.525,24.2
SEA,2024,IND,103,88,30.0,5.0,0.0,1.0,1.0,38.9,0.288,63.0,18.9,10.8,25.8,15.5,20.7,104.2,9.5,18.7,12.8,0.868,-0.56,3.92,79.4,0.525,24.2
SEA,2024,PHO,80,62,4.0,6.0,0.0,1.0,1.0,38.9,0.288,63.0,18.9,10.8,25.8,15.5,20.7,104.2,9.5,18.7,12.8,0.868,-0.56,3.92,79.4,0.525,24.2
SEA,2024,LVA,78,65,7.0,6.0,0.0,1.0,1.0,38.9,0.288,63.0,18.9,10.8,25.8,15.5,20.7,104.2,9.5,18.7,12.8,0.868,-0.56,3.92,79.4,0.525,24.2
SEA,2024,MIN,64,83,9.0,6.0,0.0,1.0,1.0,38.9,0.288,63.0,18.9,10.8,25.8,15.5,20.7,104.2,9.5,18.7,12.8,0.868,-0.56,3.92,79.4,0.525,24.2
SEA,2024,LAS,95,79,11.0,6.0,0.0,1.0,1.0,38.9,0.288,63.0,18.9,10.8,25.8,15.5,20.7,104.2,9.5,18.7,12.8,0.868,-0.56,3.92,79.4,0.525,24.2
SEA,2024,DAL,92,84,13.0,6.0,0.0,1.0,1.0,38.9,0.288,63.0,18.9,10.8,25.8,15.5,20.7,104.2,9.5,18.7,12.8,0.868,-0.56,3.92,79.4,0.525,24.2
SEA,2024,PHO,78,87,16.0,6.0,0.0,1.0,1.0,38.9,0.288,63.0,18.9,10.8,25.8,15.5,20.7,104.2,9.5,18.7,12.8,0.868,-0.56,3.92,79.4,0.525,24.2
SEA,2024,LVA,83,94,19.0,6.0,0.0,1.0,1.0,38.9,0.288,63.0,18.9,10.8,25.8,15.5,20.7,104.2,9.5,18.7,12.8,0.868,-0.56,3.92,79.4,0.525,24.2
SEA,2024,CON,72,61,23.0,6.0,0.0,1.0,1.0,38.9,0.288,63.0,18.9,10.8,25.8,15.5,20.7,104.2,9.5,18.7,12.8,0.868,-0.56,3.92,79.4,0.525,24.2
SEA,2024,IND,89,77,27.0,6.0,0.0,1.0,1.0,38.9,0.288,63.0,18.9,10.8,25.8,15.5,20.7,104.2,9.5,18.7,12.8,0.868,-0.56,3.92,79.4,0.525,24.2
SEA,2024,DAL,97,76,29.0,6.0,0.0,1.0,1.0,38.9,0.288,63.0,18.9,10.8,25.8,15.5,20.7,104.2,9.5,18.7,12.8,0.868,-0.56,3.92,79.4,0.525,24.2
SEA,2024,DAL,95,71,1.0,7.0,0.0,1.0,1.0,38.9,0.288,63.0,18.9,10.8,25.8,15.5,20.7,104.2,9.5,18.7,12.8,0.868,-0.56,3.92,79.4,0.525,24.2
SEA,2024,CHI,84,88,5.0,7.0,0.0,1.0,1.0,38.9,0.288,63.0,18.9,10.8,25.8,15.5,20.7,104.2,9.5,18.7,12.8,0.868,-0.56,3.92,79.4,0.525,24.2
SEA,2024,CHI,84,71,7.0,7.0,0.0,1.0,1.0,38.9,0.288,63.0,18.9,10.8,25.8,15.5,20.7,104.2,9.5,18.7,12.8,0.868,-0.56,3.92,79.4,0.525,24.2
SEA,2024,LVA,79,84,10.0,7.0,0.0,1.0,1.0,38.9,0.288,63.0,18.9,10.8,25.8,15.5,20.7,104.2,9.5,18.7,12.8,0.868,-0.56,3.92,79.4,0.525,24.2
SEA,2024,MIN,91,63,12.0,7.0,0.0,1.0,1.0,38.9,0.288,63.0,18.9,10.8,25.8,15.5,20.7,104.2,9.5,18.7,12.8,0.868,-0.56,3.92,79.4,0.525,24.2
SEA,2024,ATL,81,70,14.0,7.0,0.0,1.0,1.0,38.9,0.288,63.0,18.9,10.8,25.8,15.5,20.7,104.2,9.5,18.7,12.8,0.868,-0.56,3.92,79.4,0.525,24.2
SEA,2024,LAS,89,83,16.0,7.0,0.0,1.0,1.0,38.9,0.288,63.0,18.9,10.8,25.8,15.5,20.7,104.2,9.5,18.7,12.8,0.868,-0.56,3.92,79.4,0.525,24.2
SEA,2024,ATL,81,83,16.0,8.0,0.0,1.0,1.0,38.9,0.288,63.0,18.9,10.8,25.8,15.5,20.7,104.2,9.5,18.7,12.8,0.868,-0.56,3.92,79.4,0.525,24.2
SEA,2024,IND,75,92,18.0,8.0,0.0,1.0,1.0,38.9,0.288,63.0,18.9,10.8,25.8,15.5,20.7,104.2,9.5,18.7,12.8,0.868,-0.56,3.92,79.4,0.525,24.2
SEA,2024,WAS,83,77,20.0,8.0,0.0,1.0,1.0,38.9,0.288,63.0,18.9,10.8,25.8,15.5,20.7,104.2,9.5,18.7,12.8,0.868,-0.56,3.92,79.4,0.525,24.2
SEA,2024,WAS,72,74,26.0,8.0,1.0,1.0,1.0,38.9,0.288,63.0,18.9,10.8,25.8,15.5,20.7,104.2,9.5,18.7,12.8,0.868,-0.56,3.92,79.4,0.525,24.2
SEA,2024,ATL,85,81,28.0,8.0,1.0,1.0,1.0,38.9,0.288,63.0,18.9,10.8,25.8,15.5,20.7,104.2,9.5,18.7,12.8,0.868,-0.56,3.92,79.4,0.525,24.2
SEA,2024,NYL,85,98,30.0,8.0,1.0,1.0,1.0,38.9,0.288,63.0,18.9,10.8,25.8,15.5,20.7,104.2,9.5,18.7,12.8,0.868,-0.56,3.92,79.4,0.525,24.2
SEA,2024,CON,86,93,1.0,9.0,1.0,1.0,1.0,38.9,0.288,63.0,18.9,10.8,25.8,15.5,20.7,104.2,9.5,18.7,12.8,0.868,-0.56,3.92,79.4,0.525,24.2
SEA,2024,CON,71,64,3.0,9.0,1.0,1.0,1.0,38.9,0.288,63.0,18.9,10.8,25.8,15.5,20.7,104.2,9.5,18.7,12.8,0.868,-0.56,3.92,79.4,0.525,24.2
SEA,2024,NYL,70,77,5.0,9.0,1.0,1.0,1.0,38.9,0.288,63.0,18.9,10.8,25.8,15.5,20.7,104.2,9.5,18.7,12.8,0.868,-0.56,3.92,79.4,0.525,24.2
SEA,2024,PHO,90,66,7.0,9.0,1.0,1.0,1.0,38.9,0.288,63.0,18.9,10.8,25.8,15.5,20.7,104.2,9.5,18.7,12.8,0.868,-0.56,3.92,79.4,0.525,24.2
SEA,2024,LAS,90,82,11.0,9.0,1.0,1.0,1.0,38.9,0.288,63.0,18.9,10.8,25.8,15.5,20.7,104.2,9.5,18.7,12.8,0.868,-0.56,3.92,79.4,0.525,24.2
SEA,2024,DAL,83,81,13.0,9.0,1.0,1.0,1.0,38.9,0.288,63.0,18.9,10.8,25.8,15.5,20.7,104.2,9.5,18.7,12.8,0.868,-0.56,3.92,79.4,0.525,24.2
SEA,2024,LAS,90,87,15.0,9.0,1.0,0.0,0.0,38.9,0.288,63.0,18.9,10.8,25.8,15.5,20.7,104.2,9.5,18.7,12.8,0.868,-0.56,3.92,79.4,0.525,24.2
SEA,2024,LVA,72,85,17.0,9.0,1.0,0.0,0.0,38.9,0.288,63.0,18.9,10.8,25.8,15.5,20.7,104.2,9.5,18.7,12.8,0.868,-0.56,3.92,79.4,0.525,24.2
SEA,2024,PHO,89,70,19.0,9.0,1.0,0.0,0.0,38.9,0.288,63.0,18.9,10.8,25.8,15.5,20.7,104.2,9.5,18.7,12.8,0.868,-0.56,3.92,79.4,0.525,24.2
WAS,2024,NYL,80,85,14.0,5.0,1.0,1.0,2.0,36.5,0.366,50.8,14.5,8.9,27.1,19.0,23.2,99.7,10.4,18.9,14.4,0.954,0.54,-2.44,79.1,0.538,20.6
WAS,2024,CON,77,84,17.0,5.0,1.0,1.0,2.0,36.5,0.366,50.8,14.5,8.9,27.1,19.0,23.2,99.7,10.4,18.9,14.4,0.954,0.54,-2.44,79.1,0.538,20.6
WAS,2024,SEA,75,84,19.0,5.0,1.0,2.0,0.0,36.5,0.366,50.8,14.5,8.9,27.1,19.0,23.2,99.7,10.4,18.9,14.4,0.954,0.54,-2.44,79.1,0.538,20.6
WAS,2024,LAS,68,70,21.0,5.0,1.0,1.0,1.0,36.5,0.366,50.8,14.5,8.9,27.1,19.0,23.2,99.7,10.4,18.9,14.4,0.954,0.54,-2.44,79.1,0.538,20.6
WAS,2024,PHO,80,83,23.0,5.0,1.0,2.0,1.0,36.5,0.366,50.8,14.5,8.9,27.1,19.0,23.2,99.7,10.4,18.9,14.4,0.954,0.54,-2.44,79.1,0.538,20.6
WAS,2024,SEA,69,101,25.0,5.0,1.0,2.0,0.0,36.5,0.366,50.8,14.5,8.9,27.1,19.0,23.2,99.7,10.4,18.9,14.4,0.954,0.54,-2.44,79.1,0.538,20.6
WAS,2024,ATL,67,73,29.0,5.0,1.0,1.0,1.0,36.5,0.366,50.8,14.5,8.9,27.1,19.0,23.2,99.7,10.4,18.9,14.4,0.954,0.54,-2.44,79.1,0.538,20.6
WAS,2024,NYL,79,90,31.0,5.0,1.0,2.0,1.0,36.5,0.366,50.8,14.5,8.9,27.1,19.0,23.2,99.7,10.4,18.9,14.4,0.954,0.54,-2.44,79.1,0.538,20.6
WAS,2024,CON,59,76,4.0,6.0,1.0,2.0,0.0,36.5,0.366,50.8,14.5,8.9,27.1,19.0,23.2,99.7,10.4,18.9,14.4,0.954,0.54,-2.44,79.1,0.538,20.6
WAS,2024,CHI,71,79,6.0,6.0,1.0,1.0,0.0,36.5,0.366,50.8,14.5,8.9,27.1,19.0,23.2,99.7,10.4,18.9,14.4,0.954,0.54,-2.44,79.1,0.538,20.6
WAS,2024,IND,83,85,7.0,6.0,1.0,2.0,0.0,36.5,0.366,50.8,14.5,8.9,27.1,19.0,23.2,99.7,10.4,18.9,14.4,0.954,0.54,-2.44,79.1,0.538,20.6
WAS,2024,NYL,88,93,9.0,6.0,1.0,1.0,0.0,36.5,0.366,50.8,14.5,8.9,27.1,19.0,23.2,99.7,10.4,18.9,14.4,0.954,0.54,-2.44,79.1,0.538,20.6
WAS,2024,ATL,87,68,11.0,6.0,1.0,2.0,1.0,36.5,0.366,50.8,14.5,8.9,27.1,19.0,23.2,99.7,10.4,18.9,14.4,0.954,0.54,-2.44,79.1,0.538,20.6
WAS,2024,CHI,83,81,14.0,6.0,1.0,1.0,0.0,36.5,0.366,50.8,14.5,8.9,27.1,19.0,23.2,99.7,10.4,18.9,14.4,0.954,0.54,-2.44,79.1,0.538,20.6
WAS,2024,IND,81,88,19.0,6.0,1.0,1.0,0.0,36.5,0.366,50.8,14.5,8.9,27.1,19.0,23.2,99.7,10.4,18.9,14.4,0.954,0.54,-2.44,79.1,0.538,20.6
WAS,2024,DAL,97,69,22.0,6.0,1.0,2.0,0.0,36.5,0.366,50.8,14.5,8.9,27.1,19.0,23.2,99.7,10.4,18.9,14.4,0.954,0.54,-2.44,79.1,0.538,20.6
WAS,2024,DAL,92,84,23.0,6.0,1.0,2.0,0.0,36.5,0.366,50.8,14.5,8.9,27.1,19.0,23.2,99.7,10.4,18.9,14.4,0.954,0.54,-2.44,79.1,0.538,20.6
WAS,2024,CON,91,94,27.0,6.0,1.0,2.0,0.0,36.5,0.366,50.8,14.5,8.9,27.1,19.0,23.2,99.7,10.4,18.9,14.4,0.954,0.54,-2.44,79.1,0.538,20.6
WAS,2024,LVA,77,88,29.0,6.0,1.0,2.0,0.0,36.5,0.366,50.8,14.5,8.9,27.1,19.0,23.2,99.7,10.4,18.9,14.4,0.954,0.54,-2.44,79.1,0.538,20.6
WAS,2024,LAS,82,80,2.0,7.0,1.0,2.0,0.0,36.5,0.366,50.8,14.5,8.9,27.1,19.0,23.2,99.7,10.4,18.9,14.4,0.954,0.54,-2.44,79.1,0.538,20.6
WAS,2024,LVA,77,98,4.0,7.0,0.0,2.0,0.0,36.5,0.366,50.8,14.5,8.9,27.1,19.0,23.2,99.7,10.4,18.9,14.4,0.954,0.54,-2.44,79.1,0.538,20.6
WAS,2024,MIN,67,74,6.0,7.0,1.0,2.0,0.0,36.5,0.366,50.8,14.5,8.9,27.1,19.0,23.2,99.7,10.4,18.9,14.4,0.954,0.54,-2.44,79.1,0.538,20.6
WAS,2024,IND,89,84,10.0,7.0,1.0,2.0,0.0,36.5,0.366,50.8,14.5,8.9,27.1,19.0,23.2,99.7,10.4,18.9,14.4,0.954,0.54,-2.44,79.1,0.538,20.6
WAS,2024,LVA,77,89,14.0,7.0,1.0,2.0,0.0,36.5,0.366,50.8,14.5,8.9,27.1,19.0,23.2,99.7,10.4,18.9,14.4,0.954,0.54,-2.44,79.1,0.538,20.6
WAS,2024,PHO,87,96,16.0,7.0,1.0,1.0,0.0,36.5,0.366,50.8,14.5,8.9,27.1,19.0,23.2,99.7,10.4,18.9,14.4,0.954,0.54,-2.44,79.1,0.538,20.6
WAS,2024,MIN,68,79,15.0,8.0,1.0,1.0,2.0,36.5,0.366,50.8,14.5,8.9,27.1,19.0,23.2,99.7,10.4,18.9,14.4,0.954,0.54,-2.44,79.1,0.538,20.6
WAS,2024,MIN,83,99,17.0,8.0,1.0,1.0,2.0,36.5,0.366,50.8,14.5,8.9,27.1,19.0,23.2,99.7,10.4,18.9,14.4,0.954,0.54,-2.44,79.1,0.538,20.6
WAS,2024,SEA,77,83,20.0,8.0,1.0,1.0,2.0,36.5,0.366,50.8,14.5,8.9,27.1,19.0,23.2,99.7,10.4,18.9,14.4,0.954,0.54,-2.44,79.1,0.538,20.6
WAS,2024,LAS,80,74,23.0,8.0,1.0,2.0,2.0,36.5,0.366,50.8,14.5,8.9,27.1,19.0,23.2,99.7,10.4,18.9,14.4,0.954,0.54,-2.44,79.1,0.538,20.6
WAS,2024,SEA,74,72,26.0,8.0,1.0,1.0,2.0,36.5,0.366,50.8,14.5,8.9,27.1,19.0,23.2,99.7,10.4,18.9,14.4,0.954,0.54,-2.44,79.1,0.538,20.6
WAS,2024,CHI,74,70,28.0,8.0,2.0,2.0,1.0,36.5,0.366,50.8,14.5,8.9,27.1,19.0,23.2,99.7,10.4,18.9,14.4,0.954,0.54,-2.44,79.1,0.538,20.6
WAS,2024,CON,85,96,31.0,8.0,2.0,2.0,1.0,36.5,0.366,50.8,14.5,8.9,27.1,19.0,23.2,99.7,10.4,18.9,14.4,0.954,0.54,-2.44,79.1,0.538,20.6
WAS,2024,DAL,90,86,3.0,9.0,2.0,1.0,1.0,36.5,0.366,50.8,14.5,8.9,27.1,19.0,23.2,99.7,10.4,18.9,14.4,0.954,0.54,-2.44,79.1,0.538,20.6
WAS,2024,PHO,90,77,5.0,9.0,2.0,2.0,1.0,36.5,0.366,50.8,14.5,8.9,27.1,19.0,23.2,99.7,10.4,18.9,14.4,0.954,0.54,-2.44,79.1,0.538,20.6
WAS,2024,MIN,71,78,8.0,9.0,2.0,1.0,2.0,36.5,0.366,50.8,14.5,8.9,27.1,19.0,23.2,99.7,10.4,18.9,14.4,0.954,0.54,-2.44,79.1,0.538,20.6
WAS,2024,CHI,89,58,11.0,9.0,2.0,2.0,1.0,36.5,0.366,50.8,14.5,8.9,27.1,19.0,23.2,99.7,10.4,18.9,14.4,0.954,0.54,-2.44,79.1,0.538,20.6
WAS,2024,ATL,72,69,13.0,9.0,2.0,1.0,1.0,36.5,0.366,50.8,14.5,8.9,27.1,19.0,23.2,99.7,10.4,18.9,14.4,0.954,0.54,-2.44,79.1,0.538,20.6
WAS,2024,ATL,73,76,15.0,9.0,2.0,1.0,1.0,36.5,0.366,50.8,14.5,8.9,27.1,19.0,23.2,99.7,10.4,18.9,14.4,0.954,0.54,-2.44,79.1,0.538,20.6
WAS,2024,NYL,71,87,17.0,9.0,2.0,2.0,1.0,36.5,0.366,50.8,14.5,8.9,27.1,19.0,23.2,99.7,10.4,18.9,14.4,0.954,0.54,-2.44,79.1,0.538,20.6
WAS,2024,IND,92,91,19.0,9.0,2.0,2.0,1.0,36.5,0.366,50.8,14.5,8.9,27.1,19.0,23.2,99.7,10.4,18.9,14.4,0.954,0.54,-2.44,79.1,0.538,20.6
